time,latitude,longitude,depth,mag,magType,nst,gap,dmin,rms,net,id,updated,place,type,horizontalError,depthError,magError,magNst,status,locationSource,magSource,Date,Day_Number,country,cluster
1910-03-31 18:23:02.010000+00:00,-58.317,-65.477,10.0,7.11,mw,,,,,iscgemsup,iscgemsup16958078,2022-05-09T15:14:08.001Z,Drake Passage,earthquake,,25.0,0.52,,reviewed,iscgemsup,iscgemsup,1910-03-31,0,Argentina,-1
1912-12-07 22:46:50.350000+00:00,-28.667,-63.554,620.0,8.24,mw,,,,,iscgemsup,iscgemsup16958221,2025-12-14T22:39:33.327Z,"31 km SE of Villa Atamisqui, Argentina",earthquake,,25.0,,,reviewed,iscgemsup,official,1912-12-07,982,Argentina,3
1916-06-21 21:32:42.110000+00:00,-27.509,-63.541,600.0,7.08,mw,,,,,iscgem,iscgem913818,2022-04-26T00:02:35.171Z,"48 km NNW of Suncho Corral, Argentina",earthquake,,16.5,0.3,,reviewed,iscgem,iscgem,1916-06-21,2274,Argentina,3
1918-12-04 17:42:00.890000+00:00,-26.697,-67.881,35.0,6.4,mw,,,,,iscgemsup,iscgemsup913363,2022-05-09T18:05:38.222Z,"85 km SW of Antofagasta de la Sierra, Argentina",earthquake,,25.0,0.2,,reviewed,iscgemsup,iscgemsup,1918-12-04,3170,Argentina,-1
1919-03-02 11:45:15.190000+00:00,-43.038,-71.306,15.0,7.18,mw,,,,,iscgem,iscgem912735,2022-04-25T23:51:14.383Z,"13 km ENE of Trevelin, Argentina",earthquake,,25.0,0.42,,reviewed,iscgem,iscgem,1919-03-02,3258,Argentina,-1
1920-08-03 19:57:22.090000+00:00,-27.475,-67.867,15.0,7.03,mw,,,,,iscgem,iscgem912573,2022-04-25T23:47:31.464Z,"32 km NW of Fiambalá, Argentina",earthquake,,25.0,0.21,,reviewed,iscgem,iscgem,1920-08-03,3778,Argentina,1
1920-12-17 19:00:04.570000+00:00,-31.905,-68.412,15.0,6.74,mw,,,,,iscgem,iscgem912690,2022-04-25T23:50:16.141Z,"26 km S of Nueve de Julio, Argentina",earthquake,,12.8,0.2,,reviewed,iscgem,iscgem,1920-12-17,3914,Argentina,1
1926-10-27 14:13:50.330000+00:00,-23.91,-66.362,15.0,5.65,mw,,,,,iscgemsup,iscgemsup910199,2022-05-09T17:47:36.587Z,"34 km N of San Antonio de los Cobres, Argentina",earthquake,,13.6,0.2,,reviewed,iscgemsup,iscgemsup,1926-10-27,6054,Argentina,2
1928-04-02 04:37:52.070000+00:00,-25.149,-67.846,15.0,5.55,mw,,,,,iscgem,iscgem908582,2022-04-25T22:50:45.160Z,"110 km NNW of Antofagasta de la Sierra, Argentina",earthquake,,25.0,0.2,,reviewed,iscgem,iscgem,1928-04-02,6577,Argentina,2
1929-05-30 09:43:26.560000+00:00,-34.858,-67.692,10.0,6.68,mw,,,,,iscgem,iscgem908107,2022-04-25T22:40:06.717Z,"64 km ESE of San Rafael, Argentina",earthquake,,25.0,0.3,,reviewed,iscgem,iscgem,1929-05-30,7000,Argentina,-1
1930-07-13 01:12:09.400000+00:00,-56.21,-70.637,10.0,6.28,mw,,,,,iscgem,iscgem907493,2022-04-25T22:30:21.290Z,"213 km SW of Ushuaia, Argentina",earthquake,,25.0,0.2,,reviewed,iscgem,iscgem,1930-07-13,7409,Argentina,-1
1930-09-23 23:34:01.140000+00:00,-25.894,-65.602,15.0,5.99,mw,,,,,iscgem,iscgem907608,2022-04-25T22:32:27.809Z,"42 km ENE of Cafayate, Argentina",earthquake,,25.0,0.47,,reviewed,iscgem,iscgem,1930-09-23,7481,Argentina,-1
1930-12-24 06:02:46.520000+00:00,-25.102,-65.419,15.0,6.12,mw,,,,,iscgem,iscgem907833,2022-04-25T22:35:41.540Z,"7 km ESE of El Carril, Argentina",earthquake,,25.0,0.2,,reviewed,iscgem,iscgem,1930-12-24,7573,Argentina,-1
1931-04-03 05:18:53.170000+00:00,-26.621,-64.503,15.0,6.02,mw,,,,,iscgem,iscgem906702,2022-04-25T21:09:52.384Z,"27 km ESE of Burruyacú, Argentina",earthquake,,25.0,0.35,,reviewed,iscgem,iscgem,1931-04-03,7673,Argentina,-1
1936-05-22 00:15:59.370000+00:00,-32.212,-65.684,15.0,6.21,mw,,,,,iscgem,iscgem903641,2022-04-25T21:22:42.553Z,"21 km SE of Candelaria, Argentina",earthquake,,25.0,0.2,,reviewed,iscgem,iscgem,1936-05-22,9549,Argentina,-1
1941-07-03 07:11:46.930000+00:00,-31.798,-68.043,15.0,6.51,mw,,,,,iscgem,iscgem900883,2022-04-26T19:28:12.879Z,"27 km SE of Caucete, Argentina",earthquake,,25.0,0.2,,reviewed,iscgem,iscgem,1941-07-03,11417,Argentina,1
1943-11-29 19:37:04.320000+00:00,-28.038,-67.668,15.0,6.41,mw,,,,,iscgem,iscgem900113,2022-04-26T19:15:08.145Z,"10 km WNW of Tinogasta, Argentina",earthquake,,8.9,0.2,,reviewed,iscgem,iscgem,1943-11-29,12343,Argentina,1
1944-01-15 23:49:31.440000+00:00,-31.496,-68.491,15.0,6.92,mw,,,,,iscgem,iscgem899270,2022-04-26T19:05:08.678Z,"4 km ESE of Chimbas, Argentina",earthquake,,3.3,0.3,,reviewed,iscgem,iscgem,1944-01-15,12296,Argentina,1
1944-11-21 10:02:21.270000+00:00,-57.368,-65.487,10.0,6.26,mw,,,,,iscgem,iscgem899625,2022-04-26T19:09:02.932Z,Drake Passage,earthquake,,25.0,0.2,,reviewed,iscgem,iscgem,1944-11-21,12654,Argentina,-1
1948-08-25 06:09:28.200000+00:00,-24.556,-64.522,30.0,6.9,mw,,,,,iscgem,iscgem897515,2025-12-19T17:26:28.112Z,"30 km SSE of Santa Clara, Argentina",earthquake,,3.8,0.3,,reviewed,iscgem,iscgem,1948-08-25,14027,Argentina,-1
1949-12-17 06:53:32.240000+00:00,-53.972,-69.562,10.0,7.69,mw,,,,,iscgem,iscgem897093,2022-04-26T18:38:26.205Z,"123 km W of Río Grande, Argentina",earthquake,,25.0,0.25,,reviewed,iscgem,iscgem,1949-12-17,14506,Argentina,-1
1950-08-14 22:51:26.220000+00:00,-27.507,-62.838,610.0,7.1,mw,,,,,iscgem,iscgem895680,2022-04-26T18:27:00.245Z,"44 km WNW of Quimilí, Argentina",earthquake,,6.7,0.2,,reviewed,iscgem,iscgem,1950-08-14,14746,Argentina,3
1952-06-11 00:31:43.700000+00:00,-31.672,-68.483,25.0,6.83,mw,,,,,iscgem,iscgem893012,2022-04-26T18:03:53.362Z,"8 km W of Nueve de Julio, Argentina",earthquake,,7.8,0.3,,reviewed,iscgem,iscgem,1952-06-11,15413,Argentina,1
1954-08-28 23:04:27.060000+00:00,-57.852,-66.066,15.0,5.96,mw,,,,,iscgemsup,iscgemsup891008,2022-05-09T20:07:10.584Z,Drake Passage,earthquake,,25.0,0.9,,reviewed,iscgemsup,iscgemsup,1954-08-28,16221,Argentina,-1
1955-07-28 01:59:34.430000+00:00,-40.8,-72.026,15.0,6.13,mw,,,,,iscgem,iscgem889793,2022-04-26T17:35:32.425Z,"32 km W of Villa La Angostura, Argentina",earthquake,,25.0,0.27,,reviewed,iscgem,iscgem,1955-07-28,16555,Argentina,-1
1958-11-24 06:49:01.760000+00:00,-57.732,-65.934,15.0,5.83,mw,,,,,iscgem,iscgem885580,2022-04-26T17:05:45.292Z,Drake Passage,earthquake,,25.0,0.25,,reviewed,iscgem,iscgem,1958-11-24,17770,Argentina,-1
1959-04-08 11:44:29.750000+00:00,-50.612,-72.666,15.0,6.14,mw,,,,,iscgem,iscgem881747,2022-04-26T16:42:34.729Z,"40 km SW of El Calafate, Argentina",earthquake,,25.0,0.2,,reviewed,iscgem,iscgem,1959-04-08,17939,Argentina,-1
1959-05-12 09:46:59.100000+00:00,-23.07,-64.907,25.0,6.6,mw,,,,,iscgem,iscgem881991,2022-04-26T16:44:09.977Z,"47 km ENE of Humahuaca, Argentina",earthquake,,25.0,0.4,,reviewed,iscgem,iscgem,1959-05-12,17905,Argentina,-1
1960-02-08 12:45:39.040000+00:00,-58.134,-65.672,15.0,6.4,mw,,,,,iscgem,iscgem878224,2022-04-26T16:27:03.873Z,Drake Passage,earthquake,,25.0,0.2,,reviewed,iscgem,iscgem,1960-02-08,18211,Argentina,-1
1960-05-24 20:32:46.400000+00:00,-50.88,-73.157,15.0,5.98,mw,,,,,iscgem,iscgem879222,2022-04-26T16:30:38.612Z,"86 km SW of El Calafate, Argentina",earthquake,,25.0,0.2,,reviewed,iscgem,iscgem,1960-05-24,18317,Argentina,-1
1962-09-29 15:17:48.070000+00:00,-27.089,-63.311,573.0,6.42,mw,,,,,iscgem,iscgem875416,2022-04-26T16:12:28.413Z,"10 km SW of El Hoyo, Argentina",earthquake,,6.8,0.1,,reviewed,iscgem,iscgem,1962-09-29,19245,Argentina,3
1962-12-08 21:27:21.370000+00:00,-25.802,-63.21,588.7,7.15,mw,,,,,iscgem,iscgem875774,2022-04-26T16:14:55.903Z,"21 km SSE of Taco Pozo, Argentina",earthquake,,6.8,0.1,,reviewed,iscgem,iscgem,1962-12-08,19175,Argentina,3
1963-05-18 05:33:26.330000+00:00,-29.637,-68.819,15.0,5.97,mw,,,,,iscgemsup,iscgemsup872331,2022-05-09T19:23:18.274Z,"67 km N of San José de Jáchal, Argentina",earthquake,,34.2,0.73,,reviewed,iscgemsup,iscgemsup,1963-05-18,19406,Argentina,1
1964-06-07 20:10:18.910000+00:00,-30.568,-68.257,30.0,5.71,mw,,,,,iscgem,iscgem866634,2025-12-19T18:11:57.077Z,"59 km SE of San José de Jáchal, Argentina",earthquake,,3.7,0.2,,reviewed,iscgem,iscgem,1964-06-07,19792,Argentina,1
1964-10-27 22:36:16.850000+00:00,-58.565,-65.958,10.0,5.57,mw,,,,,iscgem,iscgem863920,2022-04-26T23:57:17.750Z,Drake Passage,earthquake,,3.6,0.2,,reviewed,iscgem,iscgem,1964-10-27,19977,Argentina,-1
1964-11-18 05:01:45.260000+00:00,-31.266,-67.705,22.5,5.72,mw,,,,,iscgem,iscgem862815,2022-04-26T23:53:47.109Z,"69 km NE of Caucete, Argentina",earthquake,,29.7,0.3,,reviewed,iscgem,iscgem,1964-11-18,19956,Argentina,1
1964-12-09 13:35:43.010000+00:00,-27.403,-63.228,582.7,6.34,mw,,,,,iscgem,iscgem861715,2022-04-26T23:50:51.818Z,"41 km S of El Hoyo, Argentina",earthquake,,6.5,0.1,,reviewed,iscgem,iscgem,1964-12-09,19934,Argentina,3
1965-02-15 12:53:58.720000+00:00,-42.112,-72.339,15.0,5.19,mw,,,,,iscgem,iscgem860210,2022-04-26T23:47:18.464Z,"61 km W of Lago Puelo, Argentina",earthquake,,5.2,0.2,,reviewed,iscgem,iscgem,1965-02-15,20063,Argentina,-1
1965-03-05 14:32:18.590000+00:00,-27.027,-63.214,560.8,5.79,mw,,,,,iscgem,iscgem858356,2022-04-26T23:42:29.052Z,"1 km E of El Hoyo, Argentina",earthquake,,6.8,0.56,,reviewed,iscgem,iscgem,1965-03-05,20045,Argentina,3
1965-07-12 13:57:15.670000+00:00,-28.428,-68.25,112.4,5.69,mw,,,,,iscgem,iscgem855319,2022-04-26T23:36:48.322Z,"36 km N of Vinchina, Argentina",earthquake,,5.2,0.25,,reviewed,iscgem,iscgem,1965-07-12,20316,Argentina,1
1965-11-13 17:59:40.400000+00:00,-29.371,-68.203,25.0,5.7,mw,,,,,iscgem,iscgem852416,2025-12-19T18:17:10.125Z,"67 km S of Vinchina, Argentina",earthquake,,3.8,0.3,,reviewed,iscgem,iscgem,1965-11-13,20192,Argentina,1
1965-12-11 13:40:13.890000+00:00,-29.757,-67.485,20.0,5.13,mw,,,,,iscgem,iscgem851655,2022-04-26T23:29:39.167Z,"65 km S of Chilecito, Argentina",earthquake,,7.0,0.2,,reviewed,iscgem,iscgem,1965-12-11,20395,Argentina,1
1966-01-24 21:07:40.710000+00:00,-23.534,-64.168,10.0,5.17,mw,,,,,iscgem,iscgem851194,2022-04-26T23:28:20.733Z,"33 km ENE of Yuto, Argentina",earthquake,,25.0,0.2,,reviewed,iscgem,iscgem,1966-01-24,20388,Argentina,-1
1966-01-31 14:01:24.100000+00:00,-24.837,-64.413,25.0,5.78,mw,,,,,iscgem,iscgem851422,2022-05-09T22:49:30.000Z,"25 km WSW of Las Lajitas, Argentina",earthquake,,25.0,0.2,,reviewed,iscgem,iscgem,1966-01-31,20344,Argentina,-1
1966-09-17 17:18:59.180000+00:00,-28.439,-67.304,21.4,5.23,mw,,,,,iscgem,iscgem843607,2022-04-26T23:10:07.350Z,"48 km SSE of Tinogasta, Argentina",earthquake,,3.8,0.21,,reviewed,iscgem,iscgem,1966-09-17,20647,Argentina,1
1966-10-10 20:25:35.340000+00:00,-29.764,-67.187,22.5,5.12,mw,,,,,iscgem,iscgem842370,2022-04-26T23:08:13.984Z,"50 km SW of La Rioja, Argentina",earthquake,,4.0,0.2,,reviewed,iscgem,iscgem,1966-10-10,20678,Argentina,1
1966-10-21 12:39:34.870000+00:00,-27.687,-66.989,15.0,5.19,mw,,,,,iscgem,iscgem842700,2022-04-26T23:08:57.062Z,"14 km ENE of Londres, Argentina",earthquake,,8.2,0.2,,reviewed,iscgem,iscgem,1966-10-21,20658,Argentina,1
1966-10-30 05:43:52.830000+00:00,-22.366,-63.817,15.0,5.14,mw,,,,,iscgem,iscgem842936,2022-04-26T23:09:30.380Z,"16 km N of Tartagal, Argentina",earthquake,,25.0,0.2,,reviewed,iscgem,iscgem,1966-10-30,20667,Argentina,-1
1966-11-10 03:02:34.070000+00:00,-31.973,-68.301,113.0,6.1,mw,,,,,iscgem,iscgem841463,2022-04-26T23:06:39.875Z,"34 km SSE of Nueve de Julio, Argentina",earthquake,,5.0,0.4,,reviewed,iscgem,iscgem,1966-11-10,20624,Argentina,1
1966-12-20 12:26:55.260000+00:00,-26.123,-63.152,578.0,6.3,mw,,,,,iscgem,iscgem840814,2022-04-26T23:05:11.392Z,"57 km SSE of Taco Pozo, Argentina",earthquake,,6.3,0.1,,reviewed,iscgem,iscgem,1966-12-20,20718,Argentina,3
1967-01-17 01:07:55.500000+00:00,-27.335,-63.204,590.9,6.24,mw,,,,,iscgem,iscgem839838,2022-04-26T23:02:30.475Z,"34 km S of El Hoyo, Argentina",earthquake,,6.5,0.1,,reviewed,iscgem,iscgem,1967-01-17,20746,Argentina,3
1967-04-25 10:36:14.330000+00:00,-32.812,-69.159,25.7,5.42,mw,,,,,iscgem,iscgem837096,2022-04-26T22:56:12.298Z,"Mendoza, Argentina",earthquake,,4.9,0.2,,reviewed,iscgem,iscgem,1967-04-25,20869,Argentina,1
1967-05-20 13:02:07.280000+00:00,-59.076,-65.47,10.0,5.67,mw,,,,,iscgem,iscgem835811,2022-04-26T22:54:42.944Z,Drake Passage,earthquake,,25.0,0.66,,reviewed,iscgem,iscgem,1967-05-20,20844,Argentina,-1
1967-09-09 10:06:45.190000+00:00,-27.623,-63.23,580.4,6.71,mw,,,,,iscgem,iscgem831067,2022-04-26T22:47:16.305Z,"39 km NNE of Suncho Corral, Argentina",earthquake,,6.6,0.1,,reviewed,iscgem,iscgem,1967-09-09,20981,Argentina,3
1967-10-27 00:34:45.730000+00:00,-32.253,-69.442,20.0,5.25,mw,,,,,iscgem,iscgem830689,2022-04-26T22:46:58.148Z,"91 km NW of Mendoza, Argentina",earthquake,,13.5,0.21,,reviewed,iscgem,iscgem,1967-10-27,21029,Argentina,1
1968-01-13 16:07:04.390000+00:00,-24.28,-67.006,179.2,5.7,mw,,,,,iscgem,iscgem827223,2022-04-26T22:39:50.350Z,"70 km W of San Antonio de los Cobres, Argentina",earthquake,,5.1,0.52,,reviewed,iscgem,iscgem,1968-01-13,21107,Argentina,2
1968-04-30 23:51:14.910000+00:00,-38.334,-71.242,10.0,5.38,mw,,,,,iscgem,iscgem824491,2022-04-26T22:35:39.228Z,"62 km WSW of Loncopué, Argentina",earthquake,,25.0,0.3,,reviewed,iscgem,iscgem,1968-04-30,21215,Argentina,-1
1968-09-22 21:52:59.830000+00:00,-24.261,-66.952,190.0,5.67,mw,,,,,iscgem,iscgem817289,2022-04-26T22:22:20.857Z,"64 km W of San Antonio de los Cobres, Argentina",earthquake,,5.1,0.44,,reviewed,iscgem,iscgem,1968-09-22,21360,Argentina,2
1968-10-08 14:53:38.510000+00:00,-23.34,-66.582,209.3,5.62,mw,,,,,iscgem,iscgem815732,2022-04-26T22:18:52.591Z,"93 km W of El Aguilar, Argentina",earthquake,,5.4,0.46,,reviewed,iscgem,iscgem,1968-10-08,21376,Argentina,2
1968-10-24 17:34:33.720000+00:00,-30.41,-68.449,45.0,5.37,mw,,,,,iscgem,iscgem816261,2022-04-26T22:19:15.815Z,"34 km ESE of San José de Jáchal, Argentina",earthquake,,4.9,0.38,,reviewed,iscgem,iscgem,1968-10-24,21392,Argentina,1
1969-07-25 06:06:44.050000+00:00,-25.555,-63.302,592.2,5.55,mw,,,,,iscgem,iscgem807413,2022-04-26T22:04:40.634Z,"7 km NNW of Taco Pozo, Argentina",earthquake,,6.7,0.59,,reviewed,iscgem,iscgem,1969-07-25,21691,Argentina,3
1969-08-19 15:40:41.620000+00:00,-41.891,-71.313,15.0,5.21,mw,,,,,iscgem,iscgem806072,2022-04-26T22:02:14.424Z,"19 km ENE of El Bolsón, Argentina",earthquake,,25.0,0.2,,reviewed,iscgem,iscgem,1969-08-19,21705,Argentina,-1
1969-09-02 03:47:10.160000+00:00,-27.786,-66.573,168.7,5.67,mw,,,,,iscgem,iscgem804015,2022-04-26T21:55:35.867Z,"33 km SW of Andalgalá, Argentina",earthquake,,5.0,0.44,,reviewed,iscgem,iscgem,1969-09-02,21666,Argentina,1
1970-03-15 12:39:18.770000+00:00,-29.701,-69.397,116.7,6.01,mw,,,,,iscgem,iscgem798065,2022-04-26T21:46:00.085Z,"86 km NW of San José de Jáchal, Argentina",earthquake,,5.4,0.38,,reviewed,iscgem,iscgem,1970-03-15,21899,Argentina,1
1970-05-17 09:12:41.820000+00:00,-33.695,-68.353,20.0,5.45,mw,,,,,iscgem,iscgem795725,2022-04-26T21:40:30.897Z,"68 km S of San Martín, Argentina",earthquake,,9.4,0.23,,reviewed,iscgem,iscgem,1970-05-17,21991,Argentina,1
1970-06-15 11:14:51.080000+00:00,-54.421,-64.239,10.0,6.79,mw,,,,,iscgem,iscgem794605,2025-12-19T19:04:40.280Z,"191 km E of Tolhuin, Argentina",earthquake,,3.7,0.3,,reviewed,iscgem,iscgem,1970-06-15,21962,Argentina,-1
1971-02-21 10:35:22.990000+00:00,-23.78,-67.177,189.0,6.87,mw,,,,,iscgem,iscgem787582,2025-12-19T19:01:54.529Z,"99 km WNW of San Antonio de los Cobres, Argentina",earthquake,,6.8,0.1,,reviewed,iscgem,iscgem,1971-02-21,22242,Argentina,2
1971-04-07 15:10:39.010000+00:00,-32.437,-69.016,116.6,5.61,mw,,,,,iscgem,iscgem785430,2022-04-26T21:18:18.226Z,"53 km NNW of Mendoza, Argentina",earthquake,,6.3,0.44,,reviewed,iscgem,iscgem,1971-04-07,22289,Argentina,1
1971-04-09 04:45:47.390000+00:00,-31.553,-67.487,20.0,5.33,mw,,,,,iscgem,iscgem785467,2022-04-26T21:18:24.795Z,"76 km E of Caucete, Argentina",earthquake,,29.7,0.2,,reviewed,iscgem,iscgem,1971-04-09,22289,Argentina,1
1971-04-09 12:32:16.100000+00:00,-33.332,-68.716,20.0,5.22,mw,,,,,iscgem,iscgem785477,2022-04-26T21:18:31.162Z,"36 km SW of San Martín, Argentina",earthquake,,9.4,0.24,,reviewed,iscgem,iscgem,1971-04-09,22318,Argentina,1
1971-05-08 00:49:46.770000+00:00,-42.257,-71.794,156.9,6.0,mw,,,,,iscgem,iscgem784207,2025-12-19T19:55:48.343Z,"26 km SW of Lago Puelo, Argentina",earthquake,,5.9,0.3,,reviewed,iscgem,iscgem,1971-05-08,22287,Argentina,-1
1971-05-18 06:12:36.700000+00:00,-28.393,-68.778,85.0,5.98,mw,,,,,iscgem,iscgem784679,2022-04-26T21:15:48.297Z,"69 km NW of Vinchina, Argentina",earthquake,,5.0,0.44,,reviewed,iscgem,iscgem,1971-05-18,22328,Argentina,1
1971-11-10 02:19:15.090000+00:00,-23.689,-66.603,210.7,5.5,mw,,,,,iscgem,iscgem778432,2022-04-26T21:01:06.129Z,"65 km NNW of San Antonio de los Cobres, Argentina",earthquake,,5.5,0.57,,reviewed,iscgem,iscgem,1971-11-10,22522,Argentina,2
1971-11-28 11:12:02.490000+00:00,-29.98,-69.428,110.0,5.9,mw,,,,,iscgem,iscgem778892,2022-04-26T21:01:52.974Z,"71 km WNW of San José de Jáchal, Argentina",earthquake,,5.0,0.56,,reviewed,iscgem,iscgem,1971-11-28,22504,Argentina,1
1972-05-15 10:09:37.280000+00:00,-29.736,-69.658,10.0,5.55,mw,,,,,iscgem,iscgem773505,2025-12-19T19:47:37.619Z,"104 km WNW of San José de Jáchal, Argentina",earthquake,,3.7,0.52,,reviewed,iscgem,iscgem,1972-05-15,22825,Argentina,1
1972-06-08 17:57:39.580000+00:00,-22.538,-66.13,256.2,5.68,mw,,,,,iscgem,iscgem772339,2022-04-26T20:48:13.689Z,"48 km WNW of Abra Pampa, Argentina",earthquake,,5.2,0.37,,reviewed,iscgem,iscgem,1972-06-08,22715,Argentina,2
1972-09-26 21:05:46.680000+00:00,-30.918,-68.227,21.2,6.0,mw,,,,,iscgem,iscgem769955,2025-12-19T19:44:42.488Z,"62 km NNE of San Martín, Argentina",earthquake,,3.8,0.3,,reviewed,iscgem,iscgem,1972-09-26,22691,Argentina,1
1972-11-07 05:35:22.940000+00:00,-28.89,-67.222,137.4,5.62,mw,,,,,iscgem,iscgem767086,2022-04-26T20:34:31.305Z,"40 km NE of Chilecito, Argentina",earthquake,,5.3,0.46,,reviewed,iscgem,iscgem,1972-11-07,22938,Argentina,1
1973-01-01 09:28:57.200000+00:00,-22.161,-65.792,205.0,5.11,mw,,,,,us,usp0000003,2014-11-06T23:21:07.194Z,"21 km WSW of La Quiaca, Argentina",earthquake,,,,,reviewed,us,us,1973-01-01,22939,Argentina,2
1973-01-03 02:58:16.700000+00:00,-27.716,-63.261,563.0,5.76,mw,,,,,us,usp000000m,2022-04-27T19:02:31.564Z,"29 km NE of Suncho Corral, Argentina",earthquake,,,,,reviewed,us,us,1973-01-03,22924,Argentina,3
1973-01-17 19:25:49.500000+00:00,-30.309,-69.401,57.0,4.85,mw,,,,,us,usp000006b,2014-11-06T23:21:07.795Z,"63 km W of San José de Jáchal, Argentina",earthquake,,,,,reviewed,us,us,1973-01-17,22967,Argentina,1
1973-01-18 05:17:00.700000+00:00,-24.427,-66.628,45.0,4.68,mw,,,,,us,usp000006f,2014-11-06T23:21:07.805Z,"38 km SW of San Antonio de los Cobres, Argentina",earthquake,,,,,reviewed,us,us,1973-01-18,23003,Argentina,2
1973-02-01 05:14:20.600000+00:00,-22.655,-66.195,229.0,6.49,mw,,,,,us,usp00000bw,2026-01-07T19:05:26.395Z,"51 km W of Abra Pampa, Argentina",earthquake,,,,,reviewed,us,us,1973-02-01,22867,Argentina,2
1973-02-08 04:19:25.900000+00:00,-27.917,-66.441,160.0,4.85,mw,,,,,us,usp00000ew,2014-11-06T23:21:08.798Z,"39 km SSW of Andalgalá, Argentina",earthquake,,,,,reviewed,us,us,1973-02-08,22975,Argentina,1
1973-02-15 11:08:00.200000+00:00,-31.299,-69.174,117.0,4.68,mw,,,,,us,usp00000hz,2014-11-06T23:21:09.020Z,"23 km E of Calingasta, Argentina",earthquake,,,,,reviewed,us,us,1973-02-15,22993,Argentina,1
1973-02-23 05:05:40.700000+00:00,-28.34,-67.341,129.0,4.6,mw,,,,,us,usp00000nt,2014-11-06T23:21:09.270Z,"37 km SE of Tinogasta, Argentina",earthquake,,,,,reviewed,us,us,1973-02-23,23006,Argentina,1
1973-03-05 22:48:59.900000+00:00,-31.701,-68.229,111.0,4.85,mw,,,,,us,usp00000ud,2014-11-06T23:21:09.739Z,"7 km SE of Caucete, Argentina",earthquake,,,,,reviewed,us,us,1973-03-05,22985,Argentina,1
1973-03-11 09:29:58+00:00,-23.877,-66.605,184.0,4.94,mw,,,,,us,usp00000x0,2014-11-06T23:21:09.884Z,"47 km NW of San Antonio de los Cobres, Argentina",earthquake,,,,,reviewed,us,us,1973-03-11,22960,Argentina,2
1973-03-13 17:46:46+00:00,-25.309,-68.209,103.0,5.11,mw,,,,,us,usp00000y4,2014-11-06T23:21:10.036Z,"115 km NW of Antofagasta de la Sierra, Argentina",earthquake,,,,,reviewed,us,us,1973-03-13,22953,Argentina,2
1973-03-23 00:37:01.600000+00:00,-32.251,-68.583,122.0,4.68,mw,,,,,us,usp0000119,2014-11-06T23:21:10.303Z,"62 km S of Pocito, Argentina",earthquake,,,,,reviewed,us,us,1973-03-23,22991,Argentina,1
1973-03-26 11:04:19+00:00,-28.049,-68.942,117.0,5.9,mw,,,,,us,usp0000139,2022-04-27T18:58:32.785Z,"106 km NW of Vinchina, Argentina",earthquake,,,,,reviewed,us,us,1973-03-26,22922,Argentina,1
1973-04-29 21:53:45.500000+00:00,-29.616,-68.65,107.0,4.77,mw,,,,,us,usp00001n1,2014-11-06T23:21:12.187Z,"69 km N of San José de Jáchal, Argentina",earthquake,,,,,reviewed,us,us,1973-04-29,23159,Argentina,1
1973-05-08 20:28:30.900000+00:00,-31.442,-68.737,111.0,4.94,mw,,,,,us,usp00001rv,2014-11-06T23:21:12.611Z,"11 km N of Villa Basilio Nievas, Argentina",earthquake,,,,,reviewed,us,us,1973-05-08,23117,Argentina,1
1973-05-15 07:34:46.400000+00:00,-31.599,-69.43,125.0,4.6,mw,,,,,us,usp00001u6,2014-11-06T23:21:12.696Z,"29 km S of Calingasta, Argentina",earthquake,,,,,reviewed,us,us,1973-05-15,23182,Argentina,1
1973-05-28 01:53:52.300000+00:00,-33.156,-68.751,5.0,4.94,mw,,,,,us,usp00001ye,2014-11-06T23:21:12.901Z,"27 km WSW of San Martín, Argentina",earthquake,,,,,reviewed,us,us,1973-05-28,23093,Argentina,1
1973-05-31 07:14:37.700000+00:00,-22.338,-65.917,263.0,4.94,mw,,,,,us,usp00001zq,2014-11-06T23:21:12.964Z,"42 km SW of La Quiaca, Argentina",earthquake,,,,,reviewed,us,us,1973-05-31,23088,Argentina,2
1973-05-31 09:05:38.300000+00:00,-24.192,-66.999,180.0,4.85,mw,,,,,us,usp00001zs,2014-11-06T23:21:12.968Z,"69 km W of San Antonio de los Cobres, Argentina",earthquake,,,,,reviewed,us,us,1973-05-31,23128,Argentina,2
1973-06-16 16:27:23.900000+00:00,-26.494,-64.878,25.0,5.11,mw,,,,,us,usp000026p,2014-11-06T23:21:13.324Z,"13 km W of Burruyacú, Argentina",earthquake,,,,,reviewed,us,us,1973-06-16,23056,Argentina,-1
1973-06-21 13:39:29.600000+00:00,-25.467,-67.244,33.0,5.03,mw,,,,,us,usp00002af,2014-11-06T23:21:13.505Z,"67 km NNE of Antofagasta de la Sierra, Argentina",earthquake,,,,,reviewed,us,us,1973-06-21,23072,Argentina,-1
1973-07-09 04:08:52.700000+00:00,-27.661,-63.243,583.0,4.94,mw,,,,,us,usp00002mw,2014-11-06T23:21:14.308Z,"35 km NNE of Suncho Corral, Argentina",earthquake,,,,,reviewed,us,us,1973-07-09,23111,Argentina,3
1973-07-15 17:26:52.700000+00:00,-24.227,-65.063,33.0,5.03,mw,,,,,us,usp00002qs,2014-11-06T23:21:14.833Z,"13 km NW of La Mendieta, Argentina",earthquake,,,,,reviewed,us,us,1973-07-15,23072,Argentina,-1
1973-07-26 09:19:58.500000+00:00,-32.522,-67.994,141.0,4.77,mw,,,,,us,usp00002v5,2014-11-06T23:21:16.319Z,"76 km NE of San Martín, Argentina",earthquake,,,,,reviewed,us,us,1973-07-26,23149,Argentina,1
1973-08-04 11:22:28.300000+00:00,-27.93,-68.86,95.0,5.62,mw,,,,,us,usp00002zr,2014-11-06T23:21:17.517Z,"112 km NW of Vinchina, Argentina",earthquake,,,,,reviewed,us,us,1973-08-04,23040,Argentina,1
1973-08-16 03:14:46.800000+00:00,-23.834,-66.717,206.0,4.51,mw,,,,,us,usp0000337,2014-11-06T23:21:17.648Z,"58 km NW of San Antonio de los Cobres, Argentina",earthquake,,,,,reviewed,us,us,1973-08-16,23185,Argentina,2
1973-08-26 16:52:28.400000+00:00,-22.939,-66.611,215.0,5.03,mw,,,,,us,usp000037m,2014-11-06T23:21:19.543Z,"96 km WSW of Abra Pampa, Argentina",earthquake,,,,,reviewed,us,us,1973-08-26,23069,Argentina,2
1973-09-08 00:15:13+00:00,-23.578,-64.797,48.0,4.68,mw,,,,,us,usp00003c4,2014-11-06T23:21:20.042Z,"21 km N of Calilegua, Argentina",earthquake,,,,,reviewed,us,us,1973-09-08,23172,Argentina,-1
1973-09-18 10:39:13.500000+00:00,-23.358,-66.33,215.0,4.85,mw,,,,,us,usp00003fj,2014-11-06T23:21:20.284Z,"68 km WSW of El Aguilar, Argentina",earthquake,,,,,reviewed,us,us,1973-09-18,23137,Argentina,2
1973-09-21 21:11:59.800000+00:00,-25.946,-67.635,32.0,5.45,mw,,,,,us,usp00003gk,2022-04-27T18:40:09.623Z,"26 km WNW of Antofagasta de la Sierra, Argentina",earthquake,,,,,reviewed,us,us,1973-09-21,23049,Argentina,-1
1973-11-01 19:52:34.700000+00:00,-58.76,-61.892,33.0,5.37,mw,,,,,us,usp000040p,2014-11-06T23:21:21.107Z,Drake Passage,earthquake,,,,,reviewed,us,us,1973-11-01,23297,Argentina,-1
1973-11-04 14:38:51.800000+00:00,-25.937,-67.731,33.0,6.32,mw,,,,,us,usp000041p,2022-04-27T18:34:39.687Z,"35 km WNW of Antofagasta de la Sierra, Argentina",earthquake,,,,,reviewed,us,us,1973-11-04,23229,Argentina,-1
1973-11-04 21:55:04.300000+00:00,-23.264,-66.551,178.0,5.28,mw,,,,,us,usp000041u,2014-11-06T23:21:21.149Z,"89 km W of El Aguilar, Argentina",earthquake,,,,,reviewed,us,us,1973-11-04,23320,Argentina,2
1973-11-19 11:19:35.100000+00:00,-24.675,-64.599,40.0,6.65,mw,,,,,us,usp000046x,2025-12-19T19:33:31.951Z,"41 km S of Santa Clara, Argentina",earthquake,,,,,reviewed,us,us,1973-11-19,23226,Argentina,-1
1973-11-21 13:24:31.800000+00:00,-27.95,-66.318,137.0,4.68,mw,,,,,us,usp000047s,2014-11-06T23:21:21.492Z,"40 km S of Andalgalá, Argentina",earthquake,,,,,reviewed,us,us,1973-11-21,23378,Argentina,1
1973-11-29 15:48:40.700000+00:00,-27.086,-63.356,568.0,4.6,mw,,,,,us,usp00004bs,2014-11-06T23:21:21.625Z,"Santiago del Estero, Argentina",earthquake,,,,,reviewed,us,us,1973-11-29,23383,Argentina,3
1973-12-22 16:13:39.300000+00:00,-25.209,-68.656,114.0,5.62,mw,,,,,us,usp00004mc,2014-11-06T23:21:21.943Z,"156 km NW of Antofagasta de la Sierra, Argentina",earthquake,,,,,reviewed,us,us,1973-12-22,23254,Argentina,2
1974-01-07 16:35:57.800000+00:00,-26.889,-65.704,33.0,6.05,mw,,,,,us,usp00004uz,2025-12-19T19:32:27.654Z,"4 km S of Tafí del Valle, Argentina",earthquake,,,,,reviewed,us,us,1974-01-07,23229,Argentina,-1
1974-01-11 05:18:02.400000+00:00,-31.758,-68.376,122.0,5.62,mw,,,,,us,usp00004wk,2014-11-06T23:21:22.372Z,"9 km S of Nueve de Julio, Argentina",earthquake,,,,,reviewed,us,us,1974-01-11,23277,Argentina,1
1974-01-23 21:43:51.300000+00:00,-32.165,-69.771,115.0,5.45,mw,,,,,us,usp000050m,2020-08-25T23:40:40.238Z,"97 km SSW of Calingasta, Argentina",earthquake,,,,,reviewed,us,us,1974-01-23,23293,Argentina,1
1974-02-03 08:32:09.900000+00:00,-28.038,-66.696,151.0,4.85,mw,,,,,us,usp000055e,2014-11-06T23:21:22.685Z,"56 km SE of Londres, Argentina",earthquake,,,,,reviewed,us,us,1974-02-03,23337,Argentina,1
1974-02-05 17:53:37.100000+00:00,-27.337,-67.635,70.0,4.43,mw,,,,,us,usp000056m,2014-11-06T23:21:22.722Z,"37 km N of Fiambalá, Argentina",earthquake,,,,,reviewed,us,us,1974-02-05,23387,Argentina,1
1974-02-08 06:49:46.500000+00:00,-28.811,-68.854,99.0,4.77,mw,,,,,us,usp000057u,2014-11-06T23:21:22.763Z,"63 km W of Vinchina, Argentina",earthquake,,,,,reviewed,us,us,1974-02-08,23369,Argentina,1
1974-02-14 06:19:55.800000+00:00,-26.186,-66.477,33.0,5.28,mw,,,,,us,usp000059x,2022-04-27T18:28:49.473Z,"51 km WSW of Cafayate, Argentina",earthquake,,,,,reviewed,us,us,1974-02-14,23309,Argentina,-1
1974-02-20 03:02:53.500000+00:00,-30.043,-68.59,115.0,5.71,mw,,,,,us,usp00005br,2022-04-27T18:29:21.979Z,"26 km NE of San José de Jáchal, Argentina",earthquake,,,,,reviewed,us,us,1974-02-20,23246,Argentina,1
1974-03-24 16:42:56.800000+00:00,-23.972,-66.809,156.0,4.94,mw,,,,,us,usp00005r2,2014-11-06T23:21:23.449Z,"56 km WNW of San Antonio de los Cobres, Argentina",earthquake,,,,,reviewed,us,us,1974-03-24,23331,Argentina,2
1974-04-02 19:36:42+00:00,-30.79,-65.192,166.0,5.71,mw,,,,,us,usp00005uq,2022-04-27T18:24:50.483Z,"19 km WNW of Villa de Soto, Argentina",earthquake,,,,,reviewed,us,us,1974-04-02,23244,Argentina,-1
1974-04-07 19:24:08+00:00,-31.549,-69.318,111.0,5.03,mw,,,,,us,usp00005ws,2014-11-06T23:21:23.643Z,"25 km SSE of Calingasta, Argentina",earthquake,,,,,reviewed,us,us,1974-04-07,23322,Argentina,1
1974-04-11 15:05:02.800000+00:00,-24.367,-66.993,158.0,5.03,mw,,,,,us,usp00005xw,2014-11-06T23:21:23.681Z,"70 km WSW of San Antonio de los Cobres, Argentina",earthquake,,,,,reviewed,us,us,1974-04-11,23325,Argentina,2
1974-04-30 20:37:40.600000+00:00,-31.712,-69.629,124.0,4.68,mw,,,,,us,usp000065j,2014-11-06T23:21:24.010Z,"46 km SSW of Calingasta, Argentina",earthquake,,,,,reviewed,us,us,1974-04-30,23556,Argentina,1
1974-06-11 00:15:04.300000+00:00,-28.256,-67.374,132.0,5.37,mw,,,,,us,usp00006qe,2014-11-06T23:21:24.632Z,"28 km SE of Tinogasta, Argentina",earthquake,,,,,reviewed,us,us,1974-06-11,23502,Argentina,1
1974-06-23 00:33:18+00:00,-32.3,-69.347,126.0,5.2,mw,,,,,us,usp00006ut,2014-11-06T23:21:24.864Z,"81 km NW of Mendoza, Argentina",earthquake,,,,,reviewed,us,us,1974-06-23,23512,Argentina,1
1974-06-27 12:40:26.700000+00:00,-24.008,-66.834,131.0,4.94,mw,,,,,us,usp00006xc,2014-11-06T23:21:24.953Z,"57 km WNW of San Antonio de los Cobres, Argentina",earthquake,,,,,reviewed,us,us,1974-06-27,23532,Argentina,2
1974-06-30 06:49:23.300000+00:00,-38.143,-70.384,185.0,5.03,mw,,,,,us,usp00006yj,2014-11-06T23:21:24.994Z,"21 km ESE of Loncopué, Argentina",earthquake,,,,,reviewed,us,us,1974-06-30,23531,Argentina,-1
1974-07-09 00:13:15.500000+00:00,-23.028,-66.293,231.0,4.6,mw,,,,,us,usp000071k,2014-11-06T23:21:25.100Z,"66 km WNW of El Aguilar, Argentina",earthquake,,,,,reviewed,us,us,1974-07-09,23563,Argentina,2
1974-08-04 01:25:24.900000+00:00,-31.173,-69.021,117.0,4.85,mw,,,,,us,usp00007fw,2014-11-06T23:21:25.655Z,"42 km ENE of Calingasta, Argentina",earthquake,,,,,reviewed,us,us,1974-08-04,23545,Argentina,1
1974-08-14 11:16:25.700000+00:00,-27.639,-67.49,123.0,4.51,mw,,,,,us,usp00007m8,2014-11-06T23:21:25.792Z,"13 km ENE of Fiambalá, Argentina",earthquake,,,,,reviewed,us,us,1974-08-14,23565,Argentina,1
1974-08-14 17:56:47+00:00,-32.743,-69.015,132.0,5.76,mw,,,,,us,usp00007me,2022-04-27T18:12:17.092Z,"24 km NW of Mendoza, Argentina",earthquake,,,,,reviewed,us,us,1974-08-14,23406,Argentina,1
1974-08-16 07:47:49.300000+00:00,-33.35,-68.243,20.0,5.11,mw,,,,,us,usp00007n9,2022-04-27T18:12:28.971Z,"36 km SE of San Martín, Argentina",earthquake,,,,,reviewed,us,us,1974-08-16,23522,Argentina,1
1974-08-20 21:37:35.900000+00:00,-28.439,-68.992,93.0,5.62,mw,,,,,us,usp00007q6,2014-11-06T23:21:25.893Z,"84 km WNW of Vinchina, Argentina",earthquake,,,,,reviewed,us,us,1974-08-20,23476,Argentina,1
1974-08-24 18:58:22.700000+00:00,-31.381,-67.378,32.0,5.62,mw,,,,,us,usp00007s2,2022-04-27T18:13:11.605Z,"83 km S of San Agustín de Valle Fértil, Argentina",earthquake,,,,,reviewed,us,us,1974-08-24,23467,Argentina,1
1974-08-27 15:20:49.800000+00:00,-27.933,-66.667,147.0,5.71,mw,,,,,us,usp00007tj,2022-04-27T18:13:50.443Z,"51 km ESE of Londres, Argentina",earthquake,,,,,reviewed,us,us,1974-08-27,23460,Argentina,1
1974-08-28 20:39:22.100000+00:00,-31.636,-68.976,96.0,5.11,mw,,,,,us,usp00007u6,2014-11-06T23:21:26.036Z,"24 km WSW of Villa Basilio Nievas, Argentina",earthquake,,,,,reviewed,us,us,1974-08-28,23525,Argentina,1
1974-09-02 08:45:16.300000+00:00,-24.357,-67.145,163.0,5.62,mw,,,,,us,usp00007wh,2022-04-27T18:06:51.588Z,"85 km W of San Antonio de los Cobres, Argentina",earthquake,,,,,reviewed,us,us,1974-09-02,23464,Argentina,2
1974-09-03 20:22:18.900000+00:00,-25.905,-67.641,32.0,5.2,mw,,,,,us,usp00007x6,2014-11-06T23:21:26.146Z,"29 km NW of Antofagasta de la Sierra, Argentina",earthquake,,,,,reviewed,us,us,1974-09-03,23518,Argentina,-1
1974-09-16 00:38:15.300000+00:00,-23.935,-65.547,280.0,5.76,mw,,,,,us,usp000081t,2022-04-27T18:08:12.604Z,"37 km SSW of Maimará, Argentina",earthquake,,,,,reviewed,us,us,1974-09-16,23448,Argentina,-1
1974-09-27 00:05:28+00:00,-23.48,-66.799,218.0,5.2,mw,,,,,us,usp000085x,2014-11-06T23:21:26.553Z,"95 km NNW of San Antonio de los Cobres, Argentina",earthquake,,,,,reviewed,us,us,1974-09-27,23514,Argentina,2
1974-10-04 03:58:31+00:00,-22.753,-63.732,533.0,5.28,mw,,,,,us,usp000088s,2014-11-06T23:21:26.664Z,"19 km SSE of General Mosconi, Argentina",earthquake,,,,,reviewed,us,us,1974-10-04,23512,Argentina,-1
1974-10-06 14:40:52.500000+00:00,-30.797,-64.984,15.0,5.11,mw,,,,,us,usp000089v,2022-04-27T18:03:42.993Z,"6 km NNE of Villa de Soto, Argentina",earthquake,,,,,reviewed,us,us,1974-10-06,23526,Argentina,-1
1974-11-26 03:34:30.900000+00:00,-31.538,-67.0,127.0,5.37,mw,,,,,us,usp00008wv,2014-11-06T23:21:27.556Z,"109 km SSE of San Agustín de Valle Fértil, Argentina",earthquake,,,,,reviewed,us,us,1974-11-26,23622,Argentina,1
1974-12-02 11:04:02.100000+00:00,-23.685,-66.692,192.0,5.03,mw,,,,,us,usp00008z9,2014-11-06T23:21:27.640Z,"70 km NNW of San Antonio de los Cobres, Argentina",earthquake,,,,,reviewed,us,us,1974-12-02,23634,Argentina,2
1974-12-02 13:48:20.900000+00:00,-28.727,-69.342,92.0,5.28,mw,,,,,us,usp00008zc,2014-11-06T23:21:27.643Z,"110 km W of Vinchina, Argentina",earthquake,,,,,reviewed,us,us,1974-12-02,23626,Argentina,1
1974-12-06 07:37:29.200000+00:00,-30.048,-67.765,46.0,4.51,mw,,,,,us,usp000090h,2014-11-06T23:21:27.686Z,"70 km NNW of San Agustín de Valle Fértil, Argentina",earthquake,,,,,reviewed,us,us,1974-12-06,23679,Argentina,1
1974-12-11 16:34:26.500000+00:00,-22.305,-66.184,253.0,4.51,mw,,,,,us,usp000093d,2014-11-06T23:21:27.792Z,"64 km WSW of La Quiaca, Argentina",earthquake,,,,,reviewed,us,us,1974-12-11,23700,Argentina,2
1974-12-14 15:39:33.300000+00:00,-30.284,-69.288,122.0,4.51,mw,,,,,us,usp000094c,2014-11-06T23:21:27.834Z,"52 km W of San José de Jáchal, Argentina",earthquake,,,,,reviewed,us,us,1974-12-14,23711,Argentina,1
1975-01-19 03:16:27+00:00,-23.116,-66.381,209.0,5.11,mw,,,,,us,usp00009jb,2014-11-06T23:21:28.455Z,"72 km W of El Aguilar, Argentina",earthquake,,,,,reviewed,us,us,1975-01-19,23631,Argentina,2
1975-01-22 10:46:14.300000+00:00,-28.342,-67.543,136.0,5.71,mw,,,,,us,usp00009km,2014-11-06T23:21:28.502Z,"30 km S of Tinogasta, Argentina",earthquake,,,,,reviewed,us,us,1975-01-22,23622,Argentina,1
1975-01-28 06:32:23.900000+00:00,-33.111,-64.422,33.0,4.51,mw,,,,,us,usp00009q9,2014-11-06T23:21:28.642Z,"7 km WNW of Río Cuarto, Argentina",earthquake,,,,,reviewed,us,us,1975-01-28,23735,Argentina,-1
1975-02-18 00:35:19.200000+00:00,-30.348,-67.945,81.0,4.68,mw,,,,,us,usp00009yg,2014-11-06T23:21:28.911Z,"55 km NW of San Agustín de Valle Fértil, Argentina",earthquake,,,,,reviewed,us,us,1975-02-18,23673,Argentina,1
1975-03-01 17:41:37+00:00,-31.932,-66.623,136.0,5.03,mw,,,,,us,usp0000a31,2014-11-06T23:21:29.189Z,"76 km W of Candelaria, Argentina",earthquake,,,,,reviewed,us,us,1975-03-01,23670,Argentina,1
1975-03-25 06:41:33+00:00,-27.959,-66.659,178.0,6.19,mw,,,,,us,usp0000ac3,2025-12-19T20:32:43.894Z,"53 km SW of Andalgalá, Argentina",earthquake,,,,,reviewed,us,us,1975-03-25,23616,Argentina,1
1975-04-19 15:44:32.600000+00:00,-22.777,-63.666,566.0,4.94,mw,,,,,us,usp0000ap6,2014-11-06T23:21:29.832Z,"25 km SE of General Mosconi, Argentina",earthquake,,,,,reviewed,us,us,1975-04-19,23896,Argentina,-1
1975-05-01 06:07:35.100000+00:00,-28.006,-66.647,168.0,5.45,mw,,,,,us,usp0000av6,2014-11-06T23:21:30.113Z,"57 km SW of Andalgalá, Argentina",earthquake,,,,,reviewed,us,us,1975-05-01,23777,Argentina,1
1975-05-06 18:10:02.900000+00:00,-32.912,-69.004,26.0,5.37,mw,,,,,us,usp0000axv,2022-04-27T17:44:04.518Z,"16 km W of Mendoza, Argentina",earthquake,,,,,reviewed,us,us,1975-05-06,23803,Argentina,1
1975-06-01 05:00:04+00:00,-28.468,-63.192,572.0,4.51,mw,,,,,us,usp0000b92,2014-11-06T23:21:30.499Z,"27 km WNW of Colonia Dora, Argentina",earthquake,,,,,reviewed,us,us,1975-06-01,23934,Argentina,3
1975-06-30 07:11:15.600000+00:00,-23.75,-66.469,212.0,4.77,mw,,,,,us,usp0000bu4,2014-11-06T23:21:31.061Z,"54 km NNW of San Antonio de los Cobres, Argentina",earthquake,,,,,reviewed,us,us,1975-06-30,23914,Argentina,2
1975-08-10 10:25:43.300000+00:00,-22.648,-66.589,166.0,6.63,mw,,,,,us,usp0000ce0,2025-12-19T20:27:40.248Z,"92 km W of Abra Pampa, Argentina",earthquake,,,,,reviewed,us,us,1975-08-10,23760,Argentina,2
1975-08-18 15:33:40.200000+00:00,-31.458,-68.672,109.0,4.85,mw,,,,,us,usp0000ch3,2014-11-06T23:21:31.702Z,"11 km NNE of Villa Basilio Nievas, Argentina",earthquake,,,,,reviewed,us,us,1975-08-18,23899,Argentina,1
1975-09-02 08:44:58.600000+00:00,-41.645,-71.904,33.0,5.37,mw,,,,,us,usp0000cp7,2014-11-06T23:21:31.808Z,"46 km NW of El Bolsón, Argentina",earthquake,,,,,reviewed,us,us,1975-09-02,23873,Argentina,-1
1975-09-05 19:10:08.900000+00:00,-24.134,-66.653,193.0,5.37,mw,,,,,us,usp0000cq9,2014-11-06T23:21:31.829Z,"35 km WNW of San Antonio de los Cobres, Argentina",earthquake,,,,,reviewed,us,us,1975-09-05,23832,Argentina,2
1975-09-17 09:18:50.200000+00:00,-31.487,-69.314,119.0,4.85,mw,,,,,us,usp0000cue,2014-11-06T23:21:32.047Z,"19 km SSE of Calingasta, Argentina",earthquake,,,,,reviewed,us,us,1975-09-17,23911,Argentina,1
1975-09-20 21:07:02.500000+00:00,-32.411,-68.788,37.0,5.11,mw,,,,,us,usp0000cw0,2022-04-27T17:33:20.728Z,"53 km N of Mendoza, Argentina",earthquake,,,,,reviewed,us,us,1975-09-20,23881,Argentina,1
1975-10-10 13:13:09.400000+00:00,-25.092,-68.073,96.0,5.71,mw,,,,,us,usp0000d3v,2022-04-27T17:30:10.912Z,"126 km NNW of Antofagasta de la Sierra, Argentina",earthquake,,,,,reviewed,us,us,1975-10-10,23772,Argentina,2
1975-10-18 06:48:33.200000+00:00,-28.666,-69.277,114.0,5.11,mw,,,,,us,usp0000d67,2014-11-06T23:21:32.284Z,"105 km W of Vinchina, Argentina",earthquake,,,,,reviewed,us,us,1975-10-18,24023,Argentina,1
1975-10-22 08:01:14.600000+00:00,-30.483,-68.503,132.0,4.94,mw,,,,,us,usp0000d84,2014-11-06T23:21:32.322Z,"35 km SE of San José de Jáchal, Argentina",earthquake,,,,,reviewed,us,us,1975-10-22,24061,Argentina,1
1975-11-13 16:06:33.800000+00:00,-24.23,-66.945,160.0,5.45,mw,,,,,us,usp0000djv,2014-11-06T23:21:32.694Z,"63 km W of San Antonio de los Cobres, Argentina",earthquake,,,,,reviewed,us,us,1975-11-13,23983,Argentina,2
1975-11-15 10:53:48.800000+00:00,-22.414,-66.056,233.0,4.85,mw,,,,,us,usp0000dks,2014-11-06T23:21:32.713Z,"50 km NW of Abra Pampa, Argentina",earthquake,,,,,reviewed,us,us,1975-11-15,24085,Argentina,2
1975-11-17 06:45:47.200000+00:00,-31.548,-69.179,122.0,5.54,mw,,,,,us,usp0000dmf,2014-11-06T23:21:32.726Z,"33 km SE of Calingasta, Argentina",earthquake,,,,,reviewed,us,us,1975-11-17,23970,Argentina,1
1975-11-28 07:04:17.300000+00:00,-29.392,-68.914,149.0,4.6,mw,,,,,us,usp0000drt,2014-11-06T23:21:32.827Z,"95 km N of San José de Jáchal, Argentina",earthquake,,,,,reviewed,us,us,1975-11-28,24096,Argentina,1
1975-12-06 05:35:37.400000+00:00,-30.853,-68.938,120.0,5.28,mw,,,,,us,usp0000duf,2014-11-06T23:21:32.882Z,"70 km SSW of San José de Jáchal, Argentina",earthquake,,,,,reviewed,us,us,1975-12-06,24006,Argentina,1
1975-12-21 22:19:49.500000+00:00,-23.256,-66.408,175.0,5.2,mw,,,,,us,usp0000e0c,2014-11-06T23:21:33.001Z,"74 km W of El Aguilar, Argentina",earthquake,,,,,reviewed,us,us,1975-12-21,24020,Argentina,2
1975-12-29 03:39:43+00:00,-56.772,-68.478,14.0,6.51,mw,,,,,us,usp0000e4x,2025-12-19T20:07:43.674Z,"218 km S of Ushuaia, Argentina",earthquake,,,,,reviewed,us,us,1975-12-29,23942,Argentina,-1
1976-01-04 04:42:02.900000+00:00,-27.75,-66.231,127.0,5.45,mw,,,,,us,usp0000e9r,2014-11-06T23:21:33.389Z,"20 km SSE of Andalgalá, Argentina",earthquake,,,,,reviewed,us,us,1976-01-04,23972,Argentina,1
1976-01-07 12:26:42+00:00,-38.34,-70.309,159.0,5.03,mw,,,,,us,usp0000ebc,2014-11-06T23:21:33.423Z,"20 km NNE of Las Lajas, Argentina",earthquake,,,,,reviewed,us,us,1976-01-07,24061,Argentina,-1
1976-02-08 02:40:00.100000+00:00,-23.459,-66.814,214.0,4.43,mw,,,,,us,usp0000ez7,2014-11-06T23:21:34.007Z,"98 km NNW of San Antonio de los Cobres, Argentina",earthquake,,,,,reviewed,us,us,1976-02-08,24103,Argentina,2
1976-02-14 03:10:37.300000+00:00,-57.414,-64.415,40.0,6.34,mw,,,,,us,usp0000f1q,2025-12-19T20:22:32.895Z,Drake Passage,earthquake,,,,,reviewed,us,us,1976-02-14,23946,Argentina,-1
1976-02-14 09:01:51.800000+00:00,-33.65,-69.003,19.0,5.11,mw,,,,,us,usp0000f1v,2014-11-06T23:21:34.067Z,Chile-Argentina border region,earthquake,,,,,reviewed,us,us,1976-02-14,24055,Chile-Argentina border region,1
1976-02-15 16:22:45+00:00,-23.904,-66.555,196.0,5.2,mw,,,,,us,usp0000f2v,2014-11-06T23:21:34.091Z,"42 km NW of San Antonio de los Cobres, Argentina",earthquake,,,,,reviewed,us,us,1976-02-15,24014,Argentina,2
1976-03-09 11:10:00.600000+00:00,-32.131,-68.331,125.0,4.94,mw,,,,,us,usp0000fcf,2014-11-06T23:21:34.312Z,"51 km S of Nueve de Julio, Argentina",earthquake,,,,,reviewed,us,us,1976-03-09,24062,Argentina,1
1976-03-20 02:55:47.900000+00:00,-27.52,-67.286,121.0,5.28,mw,,,,,us,usp0000fhb,2014-11-06T23:21:34.468Z,"26 km NW of Londres, Argentina",earthquake,,,,,reviewed,us,us,1976-03-20,23991,Argentina,1
1976-03-27 21:05:06.900000+00:00,-31.763,-67.6,119.0,5.54,mw,,,,,us,usp0000fnk,2014-11-06T23:21:34.654Z,"65 km E of Caucete, Argentina",earthquake,,,,,reviewed,us,us,1976-03-27,23968,Argentina,1
1976-04-18 19:40:20.500000+00:00,-25.837,-68.774,113.0,5.76,mw,,,,,us,usp0000fy4,2022-04-27T17:11:55.222Z,"139 km W of Antofagasta de la Sierra, Argentina",earthquake,,,,,reviewed,us,us,1976-04-18,24125,Argentina,2
1976-05-04 02:07:10.500000+00:00,-27.362,-65.746,49.0,5.03,mw,,,,,us,usp0000g4t,2014-11-06T23:21:34.998Z,"15 km WNW of Aguilares, Argentina",earthquake,,,,,reviewed,us,us,1976-05-04,24280,Argentina,-1
1976-06-04 01:29:07.200000+00:00,-22.316,-63.829,540.0,4.77,mw,,,,,us,usp0000gqj,2014-11-06T23:21:35.542Z,"22 km N of Tartagal, Argentina",earthquake,,,,,reviewed,us,us,1976-06-04,24286,Argentina,-1
1976-06-08 01:28:54.700000+00:00,-27.041,-63.332,566.0,5.2,mw,,,,,us,usp0000gse,2014-11-06T23:21:35.583Z,"10 km W of El Hoyo, Argentina",earthquake,,,,,reviewed,us,us,1976-06-08,24263,Argentina,3
1976-07-30 23:14:30.300000+00:00,-59.01,-61.756,33.0,5.37,mw,,,,,us,usp0000hn2,2014-11-06T23:21:36.449Z,Drake Passage,earthquake,,,,,reviewed,us,us,1976-07-30,24176,Argentina,-1
1976-07-31 07:27:08.300000+00:00,-24.772,-68.283,70.0,5.45,mw,,,,,us,usp0000hnj,2014-11-06T23:21:36.460Z,"167 km NNW of Antofagasta de la Sierra, Argentina",earthquake,,,,,reviewed,us,us,1976-07-31,24172,Argentina,2
1976-08-03 23:43:54.600000+00:00,-31.56,-68.506,124.0,5.28,mw,,,,,us,usp0000hqa,2014-11-06T23:21:36.500Z,"2 km SSW of Santa Lucía, Argentina",earthquake,,,,,reviewed,us,us,1976-08-03,24232,Argentina,1
1976-08-09 07:26:30.500000+00:00,-30.645,-69.095,54.0,5.11,mw,,,,,us,usp0000hsd,2014-11-06T23:21:36.581Z,"55 km SW of San José de Jáchal, Argentina",earthquake,,,,,reviewed,us,us,1976-08-09,24279,Argentina,1
1976-09-03 17:52:34.700000+00:00,-28.886,-67.1,115.0,5.37,mw,,,,,us,usp0000j6j,2014-11-06T23:21:37.019Z,"45 km N of Villa Bustos, Argentina",earthquake,,,,,reviewed,us,us,1976-09-03,24228,Argentina,1
1976-09-05 22:59:25.600000+00:00,-27.891,-66.895,165.0,5.11,mw,,,,,us,usp0000j8a,2014-11-06T23:21:37.062Z,"30 km SE of Londres, Argentina",earthquake,,,,,reviewed,us,us,1976-09-05,24275,Argentina,1
1976-09-12 03:51:23.900000+00:00,-24.12,-66.766,173.0,5.76,mw,,,,,us,usp0000jbt,2014-11-06T23:21:37.154Z,"46 km WNW of San Antonio de los Cobres, Argentina",earthquake,,,,,reviewed,us,us,1976-09-12,24141,Argentina,2
1976-09-15 23:51:55.900000+00:00,-23.332,-66.679,248.0,5.2,mw,,,,,us,usp0000jep,2014-11-06T23:21:37.229Z,"103 km W of El Aguilar, Argentina",earthquake,,,,,reviewed,us,us,1976-09-15,24265,Argentina,2
1976-09-19 22:17:39.200000+00:00,-24.325,-67.295,177.0,5.2,mw,,,,,us,usp0000jh0,2014-11-06T23:21:37.323Z,"99 km W of San Antonio de los Cobres, Argentina",earthquake,,,,,reviewed,us,us,1976-09-19,24272,Argentina,2
1976-09-20 10:13:13.700000+00:00,-23.051,-66.143,245.0,4.77,mw,,,,,us,usp0000jhb,2014-11-06T23:21:37.386Z,"50 km WNW of El Aguilar, Argentina",earthquake,,,,,reviewed,us,us,1976-09-20,24298,Argentina,2
1976-09-26 07:13:37.800000+00:00,-27.972,-64.691,24.0,5.28,mw,,,,,us,usp0000jmf,2022-04-27T16:54:22.251Z,"46 km WSW of Santiago del Estero, Argentina",earthquake,,,,,reviewed,us,us,1976-09-26,24238,Argentina,-1
1976-10-08 13:47:33.500000+00:00,-22.386,-65.977,220.0,5.37,mw,,,,,us,usp0000jtd,2014-11-06T23:21:37.660Z,"46 km NW of Abra Pampa, Argentina",earthquake,,,,,reviewed,us,us,1976-10-08,24229,Argentina,2
1976-11-26 14:49:58.300000+00:00,-29.626,-68.663,130.0,5.45,mw,,,,,us,usp0000kg8,2014-11-06T23:21:38.377Z,"68 km N of San José de Jáchal, Argentina",earthquake,,,,,reviewed,us,us,1976-11-26,24399,Argentina,1
1976-11-26 23:02:48.700000+00:00,-31.451,-69.152,117.0,5.2,mw,,,,,us,usp0000kgh,2014-11-06T23:21:38.384Z,"28 km ESE of Calingasta, Argentina",earthquake,,,,,reviewed,us,us,1976-11-26,24402,Argentina,1
1976-12-21 03:03:10.200000+00:00,-22.674,-66.215,266.0,4.94,mw,,,,,us,usp0000kvk,2014-11-06T23:21:38.733Z,"53 km W of Abra Pampa, Argentina",earthquake,,,,,reviewed,us,us,1976-12-21,24417,Argentina,2
1977-01-17 21:27:12.600000+00:00,-24.848,-68.674,33.0,6.78,mw,,,,,us,usp0000m7m,2025-12-19T20:14:43.973Z,"185 km NW of Antofagasta de la Sierra, Argentina",earthquake,,,,,reviewed,us,us,1977-01-17,24347,Argentina,2
1977-01-20 01:18:20.900000+00:00,-31.928,-68.333,120.0,5.2,mw,,,,,us,usp0000m91,2014-11-06T23:21:39.410Z,"29 km S of Nueve de Julio, Argentina",earthquake,,,,,reviewed,us,us,1977-01-20,24407,Argentina,1
1977-01-25 00:50:47.900000+00:00,-33.588,-68.355,17.0,6.25,mw,,,,,us,usp0000mb9,2025-12-19T20:14:52.901Z,"57 km S of San Martín, Argentina",earthquake,,,,,reviewed,us,us,1977-01-25,24372,Argentina,1
1977-02-04 07:46:33.800000+00:00,-24.689,-63.362,549.0,6.34,mw,,,,,us,usp0000mfa,2025-12-19T20:14:07.073Z,"70 km ESE of Apolinario Saravia, Argentina",earthquake,,,,,reviewed,us,us,1977-02-04,24347,Argentina,-1
1977-02-28 09:37:01+00:00,-32.968,-66.824,188.0,4.85,mw,,,,,us,usp0000mrt,2014-11-06T23:21:40.016Z,"48 km SW of Villa General Roca, Argentina",earthquake,,,,,reviewed,us,us,1977-02-28,24441,Argentina,1
1977-03-30 20:37:45.800000+00:00,-24.003,-66.701,182.0,4.51,mw,,,,,us,usp0000n6k,2014-11-06T23:21:40.584Z,"45 km WNW of San Antonio de los Cobres, Argentina",earthquake,,,,,reviewed,us,us,1977-03-30,24471,Argentina,2
1977-04-09 17:16:05.500000+00:00,-28.01,-67.153,186.0,5.37,mw,,,,,us,usp0000naq,2014-11-06T23:21:40.752Z,"32 km S of Londres, Argentina",earthquake,,,,,reviewed,us,us,1977-04-09,24525,Argentina,1
1977-04-17 02:41:17.600000+00:00,-33.26,-68.881,47.0,5.37,mw,,,,,us,usp0000nek,2022-04-27T16:29:26.681Z,"41 km S of Mendoza, Argentina",earthquake,,,,,reviewed,us,us,1977-04-17,24540,Argentina,1
1977-05-20 21:08:07.400000+00:00,-24.21,-66.931,178.0,5.28,mw,,,,,us,usp0000nz2,2014-11-06T23:21:42.034Z,"62 km W of San Antonio de los Cobres, Argentina",earthquake,,,,,reviewed,us,us,1977-05-20,24589,Argentina,2
1977-05-23 08:59:42.200000+00:00,-31.401,-68.969,119.0,5.11,mw,,,,,us,usp0000nzz,2014-11-06T23:21:42.061Z,"27 km NW of Villa Basilio Nievas, Argentina",earthquake,,,,,reviewed,us,us,1977-05-23,24607,Argentina,1
1977-06-07 13:31:24.300000+00:00,-29.827,-67.745,111.0,5.45,mw,,,,,us,usp0000p6u,2014-11-06T23:21:42.277Z,"77 km SSW of Chilecito, Argentina",earthquake,,,,,reviewed,us,us,1977-06-07,24489,Argentina,1
1977-06-21 23:28:01.600000+00:00,-24.331,-68.642,101.0,5.03,mw,,,,,us,usp0000pdq,2014-11-06T23:21:42.647Z,Chile-Argentina border region,earthquake,,,,,reviewed,us,us,1977-06-21,24646,Chile-Argentina border region,-1
1977-06-27 06:50:06.200000+00:00,-56.874,-68.062,33.0,5.45,mw,,,,,us,usp0000pgf,2014-11-06T23:21:42.738Z,"230 km S of Ushuaia, Argentina",earthquake,,,,,reviewed,us,us,1977-06-27,24522,Argentina,-1
1977-07-06 10:02:50.500000+00:00,-27.976,-66.641,182.0,5.11,mw,,,,,us,usp0000pmj,2014-11-06T23:21:42.869Z,"Catamarca, Argentina",earthquake,,,,,reviewed,us,us,1977-07-06,24614,Argentina,1
1977-07-26 07:43:03.700000+00:00,-31.286,-70.107,118.0,5.03,mw,,,,,us,usp0000pw0,2014-11-06T23:21:43.145Z,"65 km W of Calingasta, Argentina",earthquake,,,,,reviewed,us,us,1977-07-26,24638,Argentina,1
1977-07-27 22:53:55.500000+00:00,-30.21,-67.088,51.0,5.11,mw,,,,,us,usp0000pwn,2014-11-06T23:21:43.166Z,"59 km NE of San Agustín de Valle Fértil, Argentina",earthquake,,,,,reviewed,us,us,1977-07-27,24619,Argentina,1
1977-08-04 10:53:19.300000+00:00,-24.612,-67.383,183.0,5.2,mw,,,,,us,usp0000pzc,2014-11-06T23:21:43.348Z,"116 km WSW of San Antonio de los Cobres, Argentina",earthquake,,,,,reviewed,us,us,1977-08-04,24598,Argentina,2
1977-08-13 07:57:37.300000+00:00,-28.363,-67.692,154.0,5.03,mw,,,,,us,usp0000q2p,2014-11-06T23:21:43.479Z,"35 km SSW of Tinogasta, Argentina",earthquake,,,,,reviewed,us,us,1977-08-13,24630,Argentina,1
1977-08-20 18:24:23.700000+00:00,-28.824,-67.388,134.0,5.37,mw,,,,,us,usp0000q7n,2014-11-06T23:21:43.652Z,"38 km NNE of Chilecito, Argentina",earthquake,,,,,reviewed,us,us,1977-08-20,24554,Argentina,1
1977-08-25 16:54:35.300000+00:00,-23.829,-66.74,216.0,5.11,mw,,,,,us,usp0000qaq,2014-11-06T23:21:43.744Z,"60 km NW of San Antonio de los Cobres, Argentina",earthquake,,,,,reviewed,us,us,1977-08-25,24623,Argentina,2
1977-08-29 16:36:02.800000+00:00,-31.892,-69.173,123.0,5.62,mw,,,,,us,usp0000qcx,2014-11-06T23:21:43.814Z,"56 km SW of Villa Basilio Nievas, Argentina",earthquake,,,,,reviewed,us,us,1977-08-29,24481,Argentina,1
1977-09-05 18:00:51.300000+00:00,-22.878,-63.703,535.0,4.77,mw,,,,,us,usp0000qh8,2014-11-06T23:21:43.973Z,"33 km SSE of General Mosconi, Argentina",earthquake,,,,,reviewed,us,us,1977-09-05,24657,Argentina,-1
1977-09-13 05:36:03.700000+00:00,-23.075,-66.573,207.0,5.2,mw,,,,,us,usp0000qmh,2014-11-06T23:21:44.127Z,"92 km W of El Aguilar, Argentina",earthquake,,,,,reviewed,us,us,1977-09-13,24590,Argentina,2
1977-09-21 02:59:07.900000+00:00,-26.572,-67.596,55.0,5.37,mw,,,,,us,usp0000qrd,2022-04-27T16:12:42.648Z,"59 km SSW of Antofagasta de la Sierra, Argentina",earthquake,,,,,reviewed,us,us,1977-09-21,24560,Argentina,-1
1977-09-23 16:00:05.600000+00:00,-32.022,-67.158,132.0,5.37,mw,,,,,us,usp0000qsg,2014-11-06T23:21:44.323Z,"97 km NW of Villa General Roca, Argentina",earthquake,,,,,reviewed,us,us,1977-09-23,24569,Argentina,1
1977-10-02 14:54:54.500000+00:00,-32.236,-69.567,111.0,5.03,mw,,,,,us,usp0000qvt,2014-11-06T23:21:44.431Z,"100 km NW of Mendoza, Argentina",earthquake,,,,,reviewed,us,us,1977-10-02,24648,Argentina,1
1977-10-21 04:55:17+00:00,-24.006,-66.545,173.0,5.28,mw,,,,,us,usp0000r5j,2014-11-06T23:21:44.839Z,"32 km NW of San Antonio de los Cobres, Argentina",earthquake,,,,,reviewed,us,us,1977-10-21,24760,Argentina,2
1977-10-22 17:57:17.400000+00:00,-27.952,-62.972,614.0,6.49,mw,,,,,us,usp0000r6a,2025-12-19T20:06:45.745Z,"45 km E of Suncho Corral, Argentina",earthquake,,,,,reviewed,us,us,1977-10-22,24677,Argentina,3
1977-11-09 11:08:04.300000+00:00,-31.445,-69.959,122.0,5.2,mw,,,,,us,usp0000reb,2014-11-06T23:21:45.139Z,"52 km WSW of Calingasta, Argentina",earthquake,,,,,reviewed,us,us,1977-11-09,24795,Argentina,1
1977-11-23 01:54:21.500000+00:00,-24.243,-67.17,181.0,5.28,mw,,,,,us,usp0000rnv,2014-11-06T23:21:45.379Z,"86 km W of San Antonio de los Cobres, Argentina",earthquake,,,,,reviewed,us,us,1977-11-23,24771,Argentina,2
1977-11-23 09:26:24.700000+00:00,-31.028,-67.767,13.0,7.41,mw,,,,,us,usp0000rp1,2025-12-19T20:05:58.162Z,"San Juan, Argentina",earthquake,,,,,reviewed,us,us,1977-11-23,24676,Argentina,1
1977-11-28 12:48:11.500000+00:00,-31.937,-67.848,33.0,5.37,mw,,,,,us,usp0000ruv,2014-11-06T23:21:45.626Z,"51 km SE of Caucete, Argentina",earthquake,,,,,reviewed,us,us,1977-11-28,24723,Argentina,1
1977-12-04 14:06:24.400000+00:00,-31.725,-67.415,40.0,5.28,mw,,,,,us,usp0000rxk,2022-04-27T16:00:05.327Z,"82 km E of Caucete, Argentina",earthquake,,,,,reviewed,us,us,1977-12-04,24749,Argentina,1
1977-12-07 00:32:36+00:00,-28.573,-67.386,124.0,5.62,mw,,,,,us,usp0000ryr,2022-04-27T16:00:26.088Z,"58 km W of Arauco, Argentina",earthquake,,,,,reviewed,us,us,1977-12-07,24709,Argentina,1
1977-12-24 05:19:24.200000+00:00,-22.818,-66.441,194.0,5.2,mw,,,,,us,usp0000s7e,2014-11-06T23:21:46.098Z,"77 km W of Abra Pampa, Argentina",earthquake,,,,,reviewed,us,us,1977-12-24,24774,Argentina,2
1978-01-02 08:27:40.500000+00:00,-38.137,-71.096,126.0,5.71,mw,,,,,us,usp0000sb5,2022-04-27T15:57:22.215Z,"42 km W of Loncopué, Argentina",earthquake,,,,,reviewed,us,us,1978-01-02,24709,Argentina,-1
1978-01-13 01:21:00.500000+00:00,-27.54,-65.716,33.0,5.45,mw,,,,,us,usp0000sfn,2022-04-27T15:57:55.017Z,"15 km SW of Aguilares, Argentina",earthquake,,,,,reviewed,us,us,1978-01-13,24720,Argentina,-1
1978-01-24 13:18:15.700000+00:00,-31.695,-68.876,19.0,5.9,mw,,,,,us,usp0000sp5,2022-04-27T15:58:50.140Z,"21 km SW of Villa Basilio Nievas, Argentina",earthquake,,,,,reviewed,us,us,1978-01-24,24695,Argentina,1
1978-01-24 17:45:52.500000+00:00,-27.815,-66.704,150.0,5.54,mw,,,,,us,usp0000spc,2014-11-06T23:21:46.708Z,"42 km SE of La Puerta de San José, Argentina",earthquake,,,,,reviewed,us,us,1978-01-24,24714,Argentina,1
1978-01-27 18:01:18+00:00,-23.505,-66.852,207.0,4.85,mw,,,,,us,usp0000sqh,2014-11-06T23:21:46.745Z,"95 km NW of San Antonio de los Cobres, Argentina",earthquake,,,,,reviewed,us,us,1978-01-27,24827,Argentina,2
1978-02-17 17:52:27.200000+00:00,-28.684,-69.084,139.0,5.28,mw,,,,,us,usp0000t0s,2014-11-06T23:21:47.108Z,"86 km W of Vinchina, Argentina",earthquake,,,,,reviewed,us,us,1978-02-17,24771,Argentina,1
1978-02-20 20:48:12.700000+00:00,-24.197,-67.739,129.0,5.37,mw,,,,,us,usp0000t2m,2014-11-06T23:21:47.237Z,"144 km W of San Antonio de los Cobres, Argentina",earthquake,,,,,reviewed,us,us,1978-02-20,24740,Argentina,2
1978-03-21 09:14:34+00:00,-27.855,-67.796,140.0,5.03,mw,,,,,us,usp0000tgj,2014-11-06T23:21:47.738Z,"26 km SW of Fiambalá, Argentina",earthquake,,,,,reviewed,us,us,1978-03-21,24798,Argentina,1
1978-05-02 03:50:12.100000+00:00,-27.04,-63.258,556.0,5.11,mw,,,,,us,usp0000uc4,2014-11-06T23:21:48.844Z,"2 km WSW of El Hoyo, Argentina",earthquake,,,,,reviewed,us,us,1978-05-02,24907,Argentina,3
1978-05-10 23:06:00.800000+00:00,-29.917,-68.858,33.0,5.28,mw,,,,,us,usp0000ug1,2014-11-06T23:21:49.064Z,"37 km NNW of San José de Jáchal, Argentina",earthquake,,,,,reviewed,us,us,1978-05-10,24884,Argentina,1
1978-05-17 16:46:02.400000+00:00,-36.436,-69.686,150.0,4.85,mw,,,,,us,usp0000uka,2014-11-06T23:21:49.173Z,"47 km NNE of Barrancas, Argentina",earthquake,,,,,reviewed,us,us,1978-05-17,24958,Argentina,-1
1978-05-31 14:01:56.900000+00:00,-23.924,-67.065,209.0,5.03,mw,,,,,us,usp0000uuz,2014-11-06T23:21:49.463Z,"82 km WNW of San Antonio de los Cobres, Argentina",earthquake,,,,,reviewed,us,us,1978-05-31,24950,Argentina,2
1978-06-04 16:30:43.300000+00:00,-23.132,-66.599,218.0,5.03,mw,,,,,us,usp0000uww,2014-11-06T23:21:49.526Z,"95 km W of El Aguilar, Argentina",earthquake,,,,,reviewed,us,us,1978-06-04,24938,Argentina,2
1978-06-07 15:16:44.600000+00:00,-31.987,-67.444,33.0,5.03,mw,,,,,us,usp0000uy2,2022-04-27T15:35:28.728Z,"87 km ESE of Caucete, Argentina",earthquake,,,,,reviewed,us,us,1978-06-07,24924,Argentina,1
1978-06-09 18:04:24.300000+00:00,-29.451,-69.464,106.0,5.45,mw,,,,,us,usp0000uyz,2014-11-06T23:21:49.595Z,"111 km NW of San José de Jáchal, Argentina",earthquake,,,,,reviewed,us,us,1978-06-09,24877,Argentina,1
1978-06-26 07:21:21.300000+00:00,-23.801,-64.785,36.0,5.28,mw,,,,,us,usp0000vah,2014-11-06T23:21:50.071Z,"0 km NNE of Libertador General San Martín, Argentina",earthquake,,,,,reviewed,us,us,1978-06-26,24902,Argentina,-1
1978-07-10 11:13:33+00:00,-22.532,-66.258,253.0,4.68,mw,,,,,us,usp0000vgu,2014-11-06T23:21:50.279Z,"61 km WNW of Abra Pampa, Argentina",earthquake,,,,,reviewed,us,us,1978-07-10,24980,Argentina,2
1978-07-22 07:50:54.200000+00:00,-24.266,-66.823,181.0,5.2,mw,,,,,us,usp0000vph,2014-11-06T23:21:50.465Z,"51 km W of San Antonio de los Cobres, Argentina",earthquake,,,,,reviewed,us,us,1978-07-22,24905,Argentina,2
1978-07-30 14:20:43+00:00,-28.701,-67.461,138.0,5.28,mw,,,,,us,usp0000vv3,2014-11-06T23:21:51.020Z,"51 km N of Chilecito, Argentina",earthquake,,,,,reviewed,us,us,1978-07-30,24898,Argentina,1
1978-08-21 00:28:22.700000+00:00,-31.271,-67.773,10.0,5.76,mw,,,,,us,usp0000w4z,2022-04-27T15:30:20.916Z,"64 km NE of Caucete, Argentina",earthquake,,,,,reviewed,us,us,1978-08-21,24869,Argentina,1
1978-10-11 10:22:20.200000+00:00,-23.49,-64.339,10.0,4.6,mw,,,,,us,usp0000wyq,2014-11-06T23:21:52.815Z,"21 km NE of Yuto, Argentina",earthquake,,,,,reviewed,us,us,1978-10-11,25186,Argentina,-1
1978-10-15 09:32:51.800000+00:00,-28.522,-66.548,52.0,5.03,mw,,,,,us,usp0000x0m,2014-11-06T23:21:52.877Z,"24 km ENE of Arauco, Argentina",earthquake,,,,,reviewed,us,us,1978-10-15,25163,Argentina,1
1978-10-25 01:36:41.900000+00:00,-31.525,-67.712,47.0,5.54,mw,,,,,us,usp0000x4e,2022-04-27T15:24:28.837Z,"55 km ENE of Caucete, Argentina",earthquake,,,,,reviewed,us,us,1978-10-25,25045,Argentina,1
1978-11-09 21:58:35.900000+00:00,-24.021,-67.114,195.0,4.68,mw,,,,,us,usp0000xc9,2014-11-06T23:21:53.633Z,"83 km WNW of San Antonio de los Cobres, Argentina",earthquake,,,,,reviewed,us,us,1978-11-09,25164,Argentina,2
1978-11-16 03:57:16.100000+00:00,-28.836,-68.956,118.0,5.11,mw,,,,,us,usp0000xfm,2014-11-06T23:21:53.822Z,"73 km W of Vinchina, Argentina",earthquake,,,,,reviewed,us,us,1978-11-16,25080,Argentina,1
1978-11-18 01:27:13.100000+00:00,-27.773,-66.827,165.0,5.2,mw,,,,,us,usp0000xgn,2014-11-06T23:21:53.858Z,"30 km ESE of Londres, Argentina",earthquake,,,,,reviewed,us,us,1978-11-18,25069,Argentina,1
1978-11-23 01:56:41+00:00,-23.695,-66.536,203.0,5.03,mw,,,,,us,usp0000xka,2014-11-06T23:21:53.987Z,"62 km NNW of San Antonio de los Cobres, Argentina",earthquake,,,,,reviewed,us,us,1978-11-23,25162,Argentina,2
1978-11-29 01:37:09.800000+00:00,-29.682,-69.592,117.0,5.62,mw,,,,,us,usp0000xns,2022-04-27T15:22:55.102Z,"102 km NW of San José de Jáchal, Argentina",earthquake,,,,,reviewed,us,us,1978-11-29,25031,Argentina,1
1978-12-02 13:25:45.300000+00:00,-24.401,-67.346,172.0,5.03,mw,,,,,us,usp0000xr0,2014-11-06T23:21:54.280Z,"106 km W of San Antonio de los Cobres, Argentina",earthquake,,,,,reviewed,us,us,1978-12-02,25083,Argentina,2
1978-12-10 02:04:06.300000+00:00,-32.151,-69.18,120.0,5.03,mw,,,,,us,usp0000xv4,2014-11-06T23:21:54.837Z,"76 km SW of Pocito, Argentina",earthquake,,,,,reviewed,us,us,1978-12-10,25141,Argentina,1
1978-12-26 01:40:33.300000+00:00,-23.941,-65.37,43.0,5.03,mw,,,,,us,usp0000y49,2014-11-06T23:21:55.393Z,"Jujuy, Argentina",earthquake,,,,,reviewed,us,us,1978-12-26,25125,Argentina,-1
1979-01-13 08:39:10.400000+00:00,-24.307,-67.803,103.0,5.54,mw,,,,,us,usp0000ydq,2025-12-19T22:08:40.618Z,"151 km W of San Antonio de los Cobres, Argentina",earthquake,,,,,reviewed,us,us,1979-01-13,25035,Argentina,2
1979-01-29 03:22:44.600000+00:00,-31.228,-68.645,10.0,5.37,mw,,,,,us,usp0000ymz,2014-11-06T23:21:56.351Z,"25 km NNW of Albardón, Argentina",earthquake,,,,,reviewed,us,us,1979-01-29,25060,Argentina,1
1979-02-19 05:43:38.200000+00:00,-28.775,-67.343,143.0,5.28,mw,,,,,us,usp0000yx8,2014-11-06T23:21:57.176Z,"45 km NNE of Chilecito, Argentina",earthquake,,,,,reviewed,us,us,1979-02-19,25067,Argentina,1
1979-02-20 11:47:20+00:00,-28.048,-67.289,155.0,4.51,mw,,,,,us,usp0000yxr,2014-11-06T23:21:57.193Z,"27 km E of Tinogasta, Argentina",earthquake,,,,,reviewed,us,us,1979-02-20,25193,Argentina,1
1979-02-21 17:53:16.200000+00:00,-38.915,-70.914,156.0,5.03,mw,,,,,us,usp0000yyb,2014-11-06T23:21:57.212Z,"Neuquen, Argentina",earthquake,,,,,reviewed,us,us,1979-02-21,25091,Argentina,-1
1979-03-15 13:13:39.800000+00:00,-31.959,-67.803,10.0,5.11,mw,,,,,us,usp0000zcq,2014-11-06T23:21:58.472Z,"56 km SE of Caucete, Argentina",earthquake,,,,,reviewed,us,us,1979-03-15,25074,Argentina,1
1979-03-22 06:51:10.600000+00:00,-31.796,-69.867,117.0,5.03,mw,,,,,us,usp0000zk2,2014-11-06T23:21:58.812Z,"66 km SW of Calingasta, Argentina",earthquake,,,,,reviewed,us,us,1979-03-22,25107,Argentina,1
1979-04-06 17:35:24.500000+00:00,-31.76,-68.284,118.0,5.03,mw,,,,,us,usp0000zv8,2014-11-06T23:21:59.587Z,"12 km S of Caucete, Argentina",earthquake,,,,,reviewed,us,us,1979-04-06,25330,Argentina,1
1979-04-11 01:44:01.700000+00:00,-29.148,-69.448,128.0,4.85,mw,,,,,us,usp0000zxy,2014-11-06T23:21:59.872Z,"128 km WSW of Vinchina, Argentina",earthquake,,,,,reviewed,us,us,1979-04-11,25360,Argentina,1
1979-04-18 17:59:04.900000+00:00,-24.337,-67.005,147.0,5.62,mw,,,,,us,usp000104f,2022-04-27T15:09:02.855Z,"70 km W of San Antonio de los Cobres, Argentina",earthquake,,,,,reviewed,us,us,1979-04-18,25220,Argentina,2
1979-04-22 12:27:55.400000+00:00,-23.79,-66.775,220.0,4.94,mw,,,,,us,usp000107q,2014-11-06T23:22:00.413Z,"66 km NW of San Antonio de los Cobres, Argentina",earthquake,,,,,reviewed,us,us,1979-04-22,25354,Argentina,2
1979-04-23 01:31:40.600000+00:00,-40.113,-71.863,62.0,5.11,mw,,,,,us,usp0001084,2014-11-06T23:22:00.427Z,"43 km W of San Martín de los Andes, Argentina",earthquake,,,,,reviewed,us,us,1979-04-23,25290,Argentina,-1
1979-06-01 09:21:31.700000+00:00,-31.803,-67.595,48.0,4.51,mw,,,,,us,usp000111f,2014-11-06T23:22:01.823Z,"67 km ESE of Caucete, Argentina",earthquake,,,,,reviewed,us,us,1979-06-01,25374,Argentina,1
1979-06-27 21:46:25.400000+00:00,-29.482,-68.275,115.0,5.76,mw,,,,,us,usp00011k6,2022-04-27T15:03:39.550Z,"80 km S of Vinchina, Argentina",earthquake,,,,,reviewed,us,us,1979-06-27,25208,Argentina,1
1979-07-10 11:08:04.400000+00:00,-27.826,-66.917,168.0,5.45,mw,,,,,us,usp00011sy,2014-11-06T23:22:03.755Z,"24 km ESE of Londres, Argentina",earthquake,,,,,reviewed,us,us,1979-07-10,25225,Argentina,1
1979-07-11 23:08:01.200000+00:00,-31.136,-68.159,33.0,5.11,mw,,,,,us,usp00011tx,2014-11-06T23:22:03.801Z,"46 km NE of San Martín, Argentina",earthquake,,,,,reviewed,us,us,1979-07-11,25304,Argentina,1
1979-08-06 17:40:35.400000+00:00,-31.252,-68.72,112.0,5.11,mw,,,,,us,usp000128k,2014-11-06T23:22:04.567Z,"27 km NW of Albardón, Argentina",earthquake,,,,,reviewed,us,us,1979-08-06,25303,Argentina,1
1979-08-28 17:12:49.200000+00:00,-34.922,-69.222,33.0,5.37,mw,,,,,us,usp00012pe,2022-04-27T14:59:09.439Z,"88 km WSW of San Rafael, Argentina",earthquake,,,,,reviewed,us,us,1979-08-28,25264,Argentina,-1
1979-08-30 18:59:45.300000+00:00,-31.381,-67.627,32.0,5.54,mw,,,,,us,usp00012qm,2022-04-27T14:59:17.879Z,"69 km ENE of Caucete, Argentina",earthquake,,,,,reviewed,us,us,1979-08-30,25224,Argentina,1
1979-09-05 13:56:18.100000+00:00,-27.551,-63.274,556.0,5.71,mw,,,,,us,usp00012ta,2022-04-27T14:54:28.731Z,"45 km NNE of Suncho Corral, Argentina",earthquake,,,,,reviewed,us,us,1979-09-05,25213,Argentina,3
1979-09-06 12:35:08.200000+00:00,-34.409,-69.189,174.0,4.77,mw,,,,,us,usp00012tn,2014-11-06T23:22:05.252Z,"82 km WNW of San Rafael, Argentina",earthquake,,,,,reviewed,us,us,1979-09-06,25361,Argentina,1
1979-09-19 07:37:26.700000+00:00,-23.113,-66.604,196.0,5.03,mw,,,,,us,usp000130r,2014-11-06T23:22:05.640Z,"95 km W of El Aguilar, Argentina",earthquake,,,,,reviewed,us,us,1979-09-19,25352,Argentina,2
1979-09-29 05:08:52.800000+00:00,-59.937,-64.322,33.0,5.2,mw,,,,,us,usp000135u,2014-11-06T23:22:05.846Z,Drake Passage,earthquake,,,,,reviewed,us,us,1979-09-29,25482,Argentina,-1
1979-10-07 22:55:04.900000+00:00,-32.106,-68.985,50.0,5.11,mw,,,,,us,usp000139u,2014-11-06T23:22:06.009Z,"60 km SW of Pocito, Argentina",earthquake,,,,,reviewed,us,us,1979-10-07,25491,Argentina,1
1979-11-22 02:41:16.700000+00:00,-24.344,-67.385,169.0,6.05,mw,,,,,us,usp000144e,2022-04-27T14:48:59.574Z,"109 km W of San Antonio de los Cobres, Argentina",earthquake,,,,,reviewed,us,us,1979-11-22,25384,Argentina,2
1979-11-27 17:37:25+00:00,-31.376,-67.881,10.0,6.05,mw,,,,,us,usp000147v,2020-08-26T20:44:36.223Z,"48 km NE of Caucete, Argentina",earthquake,,,,,reviewed,us,us,1979-11-27,25392,Argentina,1
1979-12-24 00:13:41.200000+00:00,-29.646,-66.958,49.0,5.62,mw,,,,,us,usp00014p1,2022-04-27T14:46:08.769Z,"28 km SSW of La Rioja, Argentina",earthquake,,,,,reviewed,us,us,1979-12-24,25443,Argentina,1
1980-01-05 14:12:10.200000+00:00,-23.975,-66.463,172.0,4.85,mw,,,,,us,usp00014vw,2014-11-06T23:24:14.917Z,"30 km NNW of San Antonio de los Cobres, Argentina",earthquake,,,,,reviewed,us,us,1980-01-05,25518,Argentina,2
1980-01-14 21:51:01.800000+00:00,-33.194,-69.459,14.0,5.76,mw,,,,,us,usp000150d,2022-04-28T01:48:03.336Z,"67 km WSW of Mendoza, Argentina",earthquake,,,,,reviewed,us,us,1980-01-14,25438,Argentina,1
1980-01-24 18:34:01.900000+00:00,-31.548,-68.676,10.0,5.11,mw,,,,,us,usp000155f,2014-11-06T23:24:17.041Z,"5 km E of Villa Basilio Nievas, Argentina",earthquake,,,,,reviewed,us,us,1980-01-24,25501,Argentina,1
1980-02-05 13:52:49.400000+00:00,-57.441,-66.635,10.0,5.45,mw,,,,,us,usp00015az,2025-12-19T22:00:18.152Z,Drake Passage,earthquake,,,,,reviewed,us,us,1980-02-05,25470,Argentina,-1
1980-02-10 19:28:43.600000+00:00,-22.54,-66.101,238.0,4.85,mw,,,,,us,usp00015d0,2014-11-06T23:24:17.654Z,"46 km WNW of Abra Pampa, Argentina",earthquake,,,,,reviewed,us,us,1980-02-10,25545,Argentina,2
1980-03-08 06:59:24.100000+00:00,-28.636,-69.282,121.0,5.03,mw,,,,,us,usp00015vz,2014-11-06T23:24:18.802Z,"105 km W of Vinchina, Argentina",earthquake,,,,,reviewed,us,us,1980-03-08,25513,Argentina,1
1980-03-25 08:54:12.600000+00:00,-25.078,-68.564,93.0,5.2,mw,,,,,us,usp000167b,2014-11-06T23:24:19.539Z,"159 km NW of Antofagasta de la Sierra, Argentina",earthquake,,,,,reviewed,us,us,1980-03-25,25600,Argentina,2
1980-04-09 08:17:55.100000+00:00,-31.654,-67.476,10.0,5.71,mw,,,,,us,usp00016hf,2022-04-28T01:39:36.198Z,"76 km E of Caucete, Argentina",earthquake,,,,,reviewed,us,us,1980-04-09,25562,Argentina,1
1980-04-12 17:37:32+00:00,-28.304,-63.177,560.0,5.2,mw,,,,,us,usp00016k9,2014-11-06T23:24:20.333Z,"37 km WNW of Añatuya, Argentina",earthquake,,,,,reviewed,us,us,1980-04-12,25600,Argentina,3
1980-04-12 23:18:40.600000+00:00,-27.896,-66.651,187.0,5.37,mw,,,,,us,usp00016kj,2014-11-06T23:24:20.344Z,"47 km SW of Andalgalá, Argentina",earthquake,,,,,reviewed,us,us,1980-04-12,25580,Argentina,1
1980-04-18 08:48:56.700000+00:00,-31.471,-68.748,10.0,4.94,mw,,,,,us,usp00016qe,2014-11-06T23:24:20.535Z,"8 km N of Villa Basilio Nievas, Argentina",earthquake,,,,,reviewed,us,us,1980-04-18,25637,Argentina,1
1980-05-02 07:25:41.800000+00:00,-27.033,-63.381,567.0,5.11,mw,,,,,us,usp000170e,2014-11-06T23:24:21.326Z,"14 km W of El Hoyo, Argentina",earthquake,,,,,reviewed,us,us,1980-05-02,25611,Argentina,3
1980-05-02 19:09:07.800000+00:00,-24.132,-66.943,163.0,5.62,mw,,,,,us,usp000170t,2025-12-19T21:43:56.558Z,"64 km W of San Antonio de los Cobres, Argentina",earthquake,,,,,reviewed,us,us,1980-05-02,25577,Argentina,2
1980-05-13 06:34:51.300000+00:00,-29.429,-66.775,50.0,4.85,mw,,,,,us,usp000176d,2014-11-06T23:24:21.752Z,"7 km ESE of La Rioja, Argentina",earthquake,,,,,reviewed,us,us,1980-05-13,25694,Argentina,1
1980-05-19 11:37:34+00:00,-24.639,-67.603,135.0,4.94,mw,,,,,us,usp00017aq,2014-11-06T23:24:21.927Z,"138 km WSW of San Antonio de los Cobres, Argentina",earthquake,,,,,reviewed,us,us,1980-05-19,25623,Argentina,2
1980-05-25 21:46:10.100000+00:00,-31.359,-68.005,33.0,5.28,mw,,,,,us,usp00017fu,2014-11-06T23:24:22.178Z,"41 km NE of Caucete, Argentina",earthquake,,,,,reviewed,us,us,1980-05-25,25586,Argentina,1
1980-06-08 21:19:13.600000+00:00,-23.04,-66.524,259.0,5.37,mw,,,,,us,usp000181m,2014-11-06T23:24:23.032Z,"88 km WNW of El Aguilar, Argentina",earthquake,,,,,reviewed,us,us,1980-06-08,25580,Argentina,2
1980-08-04 20:29:59.300000+00:00,-23.854,-66.335,179.0,4.94,mw,,,,,us,usp0001997,2014-11-06T23:24:25.063Z,"40 km N of San Antonio de los Cobres, Argentina",earthquake,,,,,reviewed,us,us,1980-08-04,25617,Argentina,2
1980-08-12 08:36:20.500000+00:00,-28.28,-67.425,138.0,4.77,mw,,,,,us,usp00019c4,2014-11-06T23:24:25.171Z,"27 km SSE of Tinogasta, Argentina",earthquake,,,,,reviewed,us,us,1980-08-12,25730,Argentina,1
1980-09-09 02:34:58.900000+00:00,-29.173,-68.245,116.0,4.85,mw,,,,,us,usp00019rb,2014-11-06T23:24:25.902Z,"45 km S of Vinchina, Argentina",earthquake,,,,,reviewed,us,us,1980-09-09,25702,Argentina,1
1980-09-25 05:44:39.200000+00:00,-24.093,-67.064,206.0,4.85,mw,,,,,us,usp00019yx,2014-11-06T23:24:26.152Z,"76 km W of San Antonio de los Cobres, Argentina",earthquake,,,,,reviewed,us,us,1980-09-25,25832,Argentina,2
1980-09-29 06:17:53.400000+00:00,-32.337,-69.075,123.0,4.6,mw,,,,,us,usp0001a15,2014-11-06T23:24:26.226Z,"65 km NNW of Mendoza, Argentina",earthquake,,,,,reviewed,us,us,1980-09-29,25904,Argentina,1
1980-10-06 14:08:55.400000+00:00,-32.991,-67.803,34.0,4.77,mw,,,,,us,usp0001a3u,2014-11-06T23:24:26.327Z,"62 km E of San Martín, Argentina",earthquake,,,,,reviewed,us,us,1980-10-06,25852,Argentina,1
1980-10-06 14:48:57.700000+00:00,-22.855,-66.841,211.0,5.03,mw,,,,,us,usp0001a3v,2014-11-06T23:24:26.328Z,"118 km W of Abra Pampa, Argentina",earthquake,,,,,reviewed,us,us,1980-10-06,25807,Argentina,2
1980-10-07 09:45:26.600000+00:00,-33.354,-68.207,45.0,4.68,mw,,,,,us,usp0001a4c,2014-11-06T23:24:26.344Z,"38 km SE of San Martín, Argentina",earthquake,,,,,reviewed,us,us,1980-10-07,25891,Argentina,1
1980-11-08 21:35:43.100000+00:00,-24.341,-67.654,103.0,5.62,mw,,,,,us,usp0001aqh,2025-12-19T21:54:45.708Z,"136 km W of San Antonio de los Cobres, Argentina",earthquake,,,,,reviewed,us,us,1980-11-08,25750,Argentina,2
1980-11-10 16:24:40.500000+00:00,-31.576,-67.468,21.0,5.9,mw,,,,,us,usp0001arm,2022-04-28T01:20:20.897Z,"77 km E of Caucete, Argentina",earthquake,,,,,reviewed,us,us,1980-11-10,25746,Argentina,1
1980-11-25 06:04:02.900000+00:00,-34.857,-70.743,96.0,5.37,mw,,,,,us,usp0001b01,2014-11-06T23:24:27.653Z,Chile-Argentina border region,earthquake,,,,,reviewed,us,us,1980-11-25,25758,Chile-Argentina border region,-1
1980-12-07 14:51:37.900000+00:00,-29.501,-69.344,122.0,4.43,mw,,,,,us,usp0001b6b,2014-11-06T23:24:27.916Z,"100 km NW of San José de Jáchal, Argentina",earthquake,,,,,reviewed,us,us,1980-12-07,25911,Argentina,1
1980-12-11 22:21:33.100000+00:00,-24.282,-64.596,33.0,5.28,mw,,,,,us,usp0001b84,2014-11-06T23:24:27.974Z,"7 km ENE of Santa Clara, Argentina",earthquake,,,,,reviewed,us,us,1980-12-11,25792,Argentina,-1
1980-12-20 20:26:47.200000+00:00,-24.373,-63.417,571.0,5.45,mw,,,,,us,usp0001bcj,2025-12-19T21:54:26.946Z,"59 km E of Apolinario Saravia, Argentina",earthquake,,,,,reviewed,us,us,1980-12-20,25757,Argentina,-1
1981-01-09 13:46:59.400000+00:00,-31.476,-68.728,118.0,4.77,mw,,,,,us,usp0001bns,2014-11-06T23:24:28.604Z,"8 km N of Villa Basilio Nievas, Argentina",earthquake,,,,,reviewed,us,us,1981-01-09,25882,Argentina,1
1981-02-08 06:15:59.420000+00:00,-23.929,-66.716,210.8,4.94,mw,,,,0.9,us,usp0001c2q,2014-11-07T00:28:52.815Z,"51 km NW of San Antonio de los Cobres, Argentina",earthquake,,3.0,,6.0,reviewed,us,us,1981-02-08,25819,Argentina,2
1981-02-17 19:38:56.130000+00:00,-27.39,-67.704,138.1,4.85,mw,,,,1.0,us,usp0001c8a,2014-11-07T00:28:56.009Z,"32 km NNW of Fiambalá, Argentina",earthquake,,5.4,,1.0,reviewed,us,us,1981-02-17,25823,Argentina,1
1981-03-02 21:19:56.010000+00:00,-22.635,-65.99,245.9,5.37,mw,,,,0.9,us,usp0001cg4,2022-04-28T01:08:07.142Z,"31 km WNW of Abra Pampa, Argentina",earthquake,,3.3,,48.0,reviewed,us,us,1981-03-02,25790,Argentina,2
1981-03-09 07:46:29.610000+00:00,-23.567,-66.347,184.8,5.54,mw,,,,0.7,us,usp0001cm4,2025-12-19T21:52:32.157Z,"72 km N of San Antonio de los Cobres, Argentina",earthquake,,3.6,,28.0,reviewed,us,us,1981-03-09,25757,Argentina,2
1981-03-30 04:51:57.320000+00:00,-24.153,-67.248,192.4,4.68,mw,,,,1.3,us,usp0001cy3,2014-11-07T00:29:06.567Z,"94 km W of San Antonio de los Cobres, Argentina",earthquake,,5.8,,2.0,reviewed,us,us,1981-03-30,26083,Argentina,2
1981-04-01 18:03:36.550000+00:00,-27.31,-63.32,554.0,6.19,mw,,,,0.9,us,usp0001czm,2022-04-28T01:06:33.521Z,"32 km SSW of El Hoyo, Argentina",earthquake,,1.1,,74.0,reviewed,us,us,1981-04-01,25932,Argentina,3
1981-04-01 23:58:08.300000+00:00,-24.208,-66.81,200.5,5.11,mw,,,,1.1,us,usp0001czp,2014-11-07T00:29:09.064Z,"49 km W of San Antonio de los Cobres, Argentina",earthquake,,8.5,,1.0,reviewed,us,us,1981-04-01,25972,Argentina,2
1981-04-07 01:27:11.310000+00:00,-27.988,-67.017,164.1,5.11,mw,,,,1.1,us,usp0001d1m,2014-11-07T00:29:10.958Z,"32 km SSE of Londres, Argentina",earthquake,,3.2,,9.0,reviewed,us,us,1981-04-07,25997,Argentina,1
1981-05-09 09:50:40.770000+00:00,-26.581,-64.911,49.7,5.71,mw,,,,1.1,us,usp0001dkm,2022-04-28T01:04:27.182Z,"19 km WSW of Burruyacú, Argentina",earthquake,,5.0,,12.0,reviewed,us,us,1981-05-09,25934,Argentina,-1
1981-06-03 16:16:44.360000+00:00,-22.134,-66.152,259.7,5.11,mw,,,,1.0,us,usp0001e02,2014-11-07T00:29:35.021Z,"57 km W of La Quiaca, Argentina",earthquake,,3.8,,19.0,reviewed,us,us,1981-06-03,25940,Argentina,2
1981-06-04 11:28:50.420000+00:00,-22.856,-66.785,207.9,4.68,mw,,,,1.2,us,usp0001e09,2014-11-07T00:29:35.240Z,"112 km W of Abra Pampa, Argentina",earthquake,,5.0,,3.0,reviewed,us,us,1981-06-04,26094,Argentina,2
1981-07-02 11:03:35.600000+00:00,-32.81,-69.193,60.2,4.77,mw,,,,1.4,us,usp0001efu,2014-11-07T00:29:43.364Z,"35 km WNW of Mendoza, Argentina",earthquake,,6.8,,3.0,reviewed,us,us,1981-07-02,26082,Argentina,1
1981-07-18 11:15:18.170000+00:00,-22.677,-66.238,246.0,5.28,mw,,,,1.1,us,usp0001est,2025-12-19T21:50:12.206Z,"55 km W of Abra Pampa, Argentina",earthquake,,,,49.0,reviewed,us,us,1981-07-18,25934,Argentina,2
1981-07-30 17:59:31.940000+00:00,-27.956,-69.137,105.9,5.11,mw,,,,1.4,us,usp0001f17,2014-11-07T00:29:49.993Z,"127 km NW of Vinchina, Argentina",earthquake,,8.9,,2.0,reviewed,us,us,1981-07-30,25998,Argentina,1
1981-07-31 12:27:41.450000+00:00,-37.094,-70.842,143.8,4.94,mw,,,,0.3,us,usp0001f1p,2014-11-07T00:29:50.065Z,"14 km SW of Las Ovejas, Argentina",earthquake,,3.5,,1.0,reviewed,us,us,1981-07-31,26055,Argentina,-1
1981-08-05 04:12:36.760000+00:00,-30.952,-67.247,73.1,4.77,mw,,,,0.6,us,usp0001f45,2014-11-07T00:29:53.624Z,"41 km SSE of San Agustín de Valle Fértil, Argentina",earthquake,,3.2,,2.0,reviewed,us,us,1981-08-05,26062,Argentina,1
1981-08-07 23:24:07.820000+00:00,-28.516,-68.523,86.8,4.77,mw,,,,0.9,us,usp0001f5p,2014-11-07T00:29:54.553Z,"41 km NW of Vinchina, Argentina",earthquake,,8.8,,2.0,reviewed,us,us,1981-08-07,26082,Argentina,1
1981-08-27 07:08:36.740000+00:00,-28.415,-67.632,144.9,4.94,mw,,,,1.4,us,usp0001fh2,2014-11-07T00:29:58.622Z,"39 km S of Tinogasta, Argentina",earthquake,,6.2,,1.0,reviewed,us,us,1981-08-27,26026,Argentina,1
1981-08-27 08:16:30.760000+00:00,-23.147,-66.55,232.9,4.77,mw,,,,1.1,us,usp0001fh4,2014-11-07T00:29:58.715Z,"89 km W of El Aguilar, Argentina",earthquake,,7.9,,2.0,reviewed,us,us,1981-08-27,26060,Argentina,2
1981-08-28 01:28:34.190000+00:00,-24.52,-67.344,175.0,4.94,mw,,,,1.2,us,usp0001fhk,2014-11-07T00:29:58.778Z,"109 km WSW of San Antonio de los Cobres, Argentina",earthquake,,,,10.0,reviewed,us,us,1981-08-28,26054,Argentina,2
1981-09-08 02:16:57.470000+00:00,-31.285,-68.615,117.8,4.94,mw,,,,1.2,us,usp0001fr8,2014-11-07T00:30:04.223Z,"18 km NNW of Albardón, Argentina",earthquake,,5.9,,1.0,reviewed,us,us,1981-09-08,26042,Argentina,1
1981-09-11 11:28:05+00:00,-28.004,-66.581,183.2,4.68,mw,,,,1.2,us,usp0001ft7,2014-11-07T00:30:05.145Z,"53 km SSW of Andalgalá, Argentina",earthquake,,4.5,,2.0,reviewed,us,us,1981-09-11,26097,Argentina,1
1981-10-10 07:41:37.170000+00:00,-31.206,-68.435,111.8,4.85,mw,,,,1.0,us,usp0001gcp,2014-11-07T00:30:13.013Z,"25 km NNE of San Martín, Argentina",earthquake,,3.8,,3.0,reviewed,us,us,1981-10-10,26258,Argentina,1
1981-10-28 20:42:29.900000+00:00,-29.504,-68.842,54.9,5.03,mw,,,,1.2,us,usp0001gq1,2014-11-07T00:30:16.093Z,"82 km N of San José de Jáchal, Argentina",earthquake,,11.3,,1.0,reviewed,us,us,1981-10-28,26203,Argentina,1
1981-11-01 12:03:45.790000+00:00,-28.505,-68.546,51.1,5.2,mw,,,,0.9,us,usp0001gru,2014-11-07T00:30:18.668Z,"43 km NW of Vinchina, Argentina",earthquake,,4.6,,6.0,reviewed,us,us,1981-11-01,26171,Argentina,1
1981-11-09 22:56:46.800000+00:00,-61.486,-66.371,10.0,5.37,mw,,,,1.1,us,usp0001gw6,2025-12-19T21:47:34.072Z,Drake Passage,earthquake,,,,3.0,reviewed,us,us,1981-11-09,26144,Argentina,-1
1981-11-13 12:55:18.990000+00:00,-24.036,-65.312,287.4,5.37,mw,,,,1.0,us,usp0001gyb,2014-11-07T00:30:23.329Z,"17 km N of San Salvador de Jujuy, Argentina",earthquake,,3.8,,7.0,reviewed,us,us,1981-11-13,26148,Argentina,-1
1981-11-24 04:08:08+00:00,-22.2,-65.728,268.5,5.03,mw,,,,1.1,us,usp0001h41,2014-11-07T00:30:25.126Z,"17 km SW of La Quiaca, Argentina",earthquake,,4.7,,5.0,reviewed,us,us,1981-11-24,26175,Argentina,2
1981-11-28 01:32:04.020000+00:00,-36.495,-70.506,163.9,4.85,mw,,,,1.0,us,usp0001h5x,2014-11-07T00:30:25.604Z,"58 km NNE of Las Ovejas, Argentina",earthquake,,10.9,,5.0,reviewed,us,us,1981-11-28,26279,Argentina,-1
1981-12-26 11:16:03.590000+00:00,-24.017,-66.463,188.3,5.28,mw,,,,1.1,us,usp0001hp2,2014-11-07T00:30:33.517Z,"26 km NNW of San Antonio de los Cobres, Argentina",earthquake,,4.2,,25.0,reviewed,us,us,1981-12-26,26156,Argentina,2
1982-02-10 20:38:01.020000+00:00,-22.648,-66.466,196.2,6.19,mw,,,,1.1,us,usp0001jju,2022-04-28T00:43:20.398Z,"79 km W of Abra Pampa, Argentina",earthquake,,2.6,,63.0,reviewed,us,us,1982-02-10,26126,Argentina,2
1982-02-19 17:16:37.890000+00:00,-28.223,-66.89,156.4,4.85,mw,,,,1.1,us,usp0001jq6,2014-11-07T00:30:52.001Z,"40 km NNW of Arauco, Argentina",earthquake,,4.7,,1.0,reviewed,us,us,1982-02-19,26262,Argentina,1
1982-02-23 10:26:20.840000+00:00,-24.154,-66.998,176.8,4.94,mw,,,,1.2,us,usp0001jsx,2014-11-07T00:30:52.680Z,"69 km W of San Antonio de los Cobres, Argentina",earthquake,,7.5,,2.0,reviewed,us,us,1982-02-23,26249,Argentina,2
1982-03-12 22:45:56.530000+00:00,-31.808,-67.296,135.0,5.28,mw,,,,1.0,us,usp0001k3f,2014-11-07T00:30:59.923Z,"94 km E of Caucete, Argentina",earthquake,,,,13.0,reviewed,us,us,1982-03-12,26160,Argentina,1
1982-03-21 08:44:26.070000+00:00,-22.389,-63.68,33.0,4.68,mw,,,,1.1,us,usp0001k8f,2014-11-07T00:31:01.019Z,"18 km NE of Tartagal, Argentina",earthquake,,,,1.0,reviewed,us,us,1982-03-21,26391,Argentina,-1
1982-03-22 09:17:37+00:00,-34.606,-69.004,184.9,4.85,mw,,,,1.2,us,usp0001k9e,2014-11-07T00:31:01.308Z,"61 km W of San Rafael, Argentina",earthquake,,3.9,,3.0,reviewed,us,us,1982-03-22,26366,Argentina,-1
1982-03-31 10:37:47.160000+00:00,-22.712,-66.688,203.4,4.85,mw,,,,1.3,us,usp0001kfk,2014-11-07T00:31:02.819Z,"Jujuy, Argentina",earthquake,,19.7,,5.0,reviewed,us,us,1982-03-31,26370,Argentina,2
1982-04-08 05:58:51.980000+00:00,-24.795,-58.096,33.0,5.37,mw,,,,1.2,us,usp0001kke,2022-04-28T00:38:36.119Z,"50 km N of Laguna Naick-Neck, Argentina",earthquake,,,,15.0,reviewed,us,us,1982-04-08,26306,Argentina,-1
1982-04-19 09:01:09.180000+00:00,-31.269,-67.73,10.0,4.6,mw,,,,1.0,us,usp0001ku4,2014-11-07T00:31:09.642Z,"67 km NE of Caucete, Argentina",earthquake,,,,1.0,reviewed,us,us,1982-04-19,26401,Argentina,1
1982-04-19 11:54:27.510000+00:00,-22.604,-66.02,250.0,5.54,mw,,,,1.0,us,usp0001ku9,2025-12-19T21:42:21.530Z,"35 km WNW of Abra Pampa, Argentina",earthquake,,,,56.0,reviewed,us,us,1982-04-19,26298,Argentina,2
1982-05-14 20:27:58.450000+00:00,-27.957,-66.758,183.0,5.03,mw,,,,1.4,us,usp0001may,2014-11-07T00:31:18.366Z,"45 km SE of Londres, Argentina",earthquake,,,,6.0,reviewed,us,us,1982-05-14,26359,Argentina,1
1982-05-22 00:40:36.350000+00:00,-32.092,-68.35,132.2,4.85,mw,,,,0.8,us,usp0001mex,2014-11-07T00:31:19.517Z,"47 km S of Nueve de Julio, Argentina",earthquake,,2.6,,2.0,reviewed,us,us,1982-05-22,26360,Argentina,1
1982-05-31 09:15:33.230000+00:00,-23.151,-66.554,224.3,5.2,mw,,,,1.2,us,usp0001mkv,2014-11-07T00:31:20.815Z,"89 km W of El Aguilar, Argentina",earthquake,,5.3,,10.0,reviewed,us,us,1982-05-31,26342,Argentina,2
1982-06-01 09:37:25.070000+00:00,-42.874,-70.341,33.0,5.62,mw,,,,1.1,us,usp0001mmm,2020-04-16T20:10:02.426Z,"80 km E of Esquel, Argentina",earthquake,,,,4.0,reviewed,us,us,1982-06-01,26289,Argentina,-1
1982-06-07 14:50:28.230000+00:00,-31.936,-67.792,10.0,4.77,mw,,,,1.3,us,usp0001mrs,2014-11-07T00:31:26.053Z,"56 km SE of Caucete, Argentina",earthquake,,,,1.0,reviewed,us,us,1982-06-07,26370,Argentina,1
1982-06-11 14:03:11.820000+00:00,-27.934,-67.714,33.0,5.2,mw,,,,1.5,us,usp0001muq,2014-11-07T00:31:27.056Z,"20 km NW of Tinogasta, Argentina",earthquake,,,,3.0,reviewed,us,us,1982-06-11,26317,Argentina,1
1982-06-11 15:48:35.220000+00:00,-31.259,-69.272,123.0,4.51,mw,,,,0.8,us,usp0001mur,2014-11-07T00:31:27.063Z,"16 km ENE of Calingasta, Argentina",earthquake,,2.8,,1.0,reviewed,us,us,1982-06-11,26454,Argentina,1
1982-06-28 01:19:47.740000+00:00,-28.462,-66.443,32.1,5.28,mw,,,,1.2,us,usp0001n5m,2014-11-07T00:31:29.879Z,"23 km WSW of Pomán, Argentina",earthquake,,4.2,,5.0,reviewed,us,us,1982-06-28,26317,Argentina,1
1982-07-02 05:53:40.790000+00:00,-32.159,-69.295,119.3,4.6,mw,,,,1.3,us,usp0001n7v,2014-11-07T00:31:32.544Z,"85 km SW of Pocito, Argentina",earthquake,,4.3,,2.0,reviewed,us,us,1982-07-02,26424,Argentina,1
1982-07-12 12:02:45.760000+00:00,-31.527,-68.972,114.9,4.77,mw,,,,1.0,us,usp0001ncn,2014-11-07T00:31:36.750Z,"22 km W of Villa Basilio Nievas, Argentina",earthquake,,5.1,,3.0,reviewed,us,us,1982-07-12,26387,Argentina,1
1982-08-04 05:12:20.390000+00:00,-30.545,-68.126,58.4,5.11,mw,,,,1.2,us,usp0001nuc,2022-04-28T00:28:21.226Z,"63 km W of San Agustín de Valle Fértil, Argentina",earthquake,,3.9,,6.0,reviewed,us,us,1982-08-04,26350,Argentina,1
1982-09-03 20:14:30.300000+00:00,-23.859,-66.605,182.5,5.71,mw,,,,0.9,us,usp0001pd4,2025-12-19T21:37:59.615Z,"49 km NW of San Antonio de los Cobres, Argentina",earthquake,,3.0,,59.0,reviewed,us,us,1982-09-03,26288,Argentina,2
1982-09-11 23:55:06.200000+00:00,-58.601,-62.261,10.0,5.45,mw,,,,1.3,us,usp0001phu,2025-12-19T21:38:21.073Z,Drake Passage,earthquake,,,,6.0,reviewed,us,us,1982-09-11,26512,Argentina,-1
1982-09-12 06:34:57.360000+00:00,-29.081,-67.183,62.9,4.77,mw,,,,1.2,us,usp0001pj2,2014-11-07T00:31:53.168Z,"27 km NW of Villa Bustos, Argentina",earthquake,,6.4,,2.0,reviewed,us,us,1982-09-12,26612,Argentina,1
1982-10-20 23:37:08.060000+00:00,-27.081,-66.502,203.8,4.68,mw,,,,1.3,us,usp0001qda,2014-11-07T00:32:03.399Z,"36 km ENE of Hualfín, Argentina",earthquake,,5.7,,1.0,reviewed,us,us,1982-10-20,26619,Argentina,1
1982-10-31 02:13:14.720000+00:00,-30.845,-68.672,122.8,4.6,mw,,,,1.0,us,usp0001qmn,2014-11-07T00:32:05.905Z,"66 km NNW of San Martín, Argentina",earthquake,,3.7,,3.0,reviewed,us,us,1982-10-31,26623,Argentina,1
1982-11-01 00:39:45.850000+00:00,-31.382,-68.511,110.0,5.03,mw,,,,0.9,us,usp0001qnd,2014-11-07T00:32:07.544Z,"5 km N of San Martín, Argentina",earthquake,,2.4,,5.0,reviewed,us,us,1982-11-01,26560,Argentina,1
1982-11-09 23:35:59.910000+00:00,-27.836,-67.037,165.7,5.03,mw,,,,1.4,us,usp0001qt8,2014-11-07T00:32:10.158Z,"16 km SE of Londres, Argentina",earthquake,,5.8,,1.0,reviewed,us,us,1982-11-09,26552,Argentina,1
1982-11-18 20:39:51.450000+00:00,-31.207,-65.835,161.0,5.76,mw,,,,1.1,us,usp0001qzv,2022-04-28T00:21:25.505Z,"69 km W of San Carlos, Argentina",earthquake,,,,37.0,reviewed,us,us,1982-11-18,26501,Argentina,-1
1982-11-26 21:57:24.450000+00:00,-36.505,-70.88,155.9,5.11,mw,,,,1.0,us,usp0001r4m,2014-11-07T00:32:14.162Z,"54 km NNW of Las Ovejas, Argentina",earthquake,,7.8,,1.0,reviewed,us,us,1982-11-26,26538,Argentina,-1
1982-12-01 13:04:13.020000+00:00,-32.887,-68.965,59.2,4.85,mw,,,,1.4,us,usp0001r7p,2014-11-07T00:32:17.293Z,"12 km W of Mendoza, Argentina",earthquake,,11.1,,1.0,reviewed,us,us,1982-12-01,26600,Argentina,1
1982-12-04 03:26:44.120000+00:00,-31.283,-67.796,48.9,5.28,mw,,,,1.0,us,usp0001r8t,2022-04-28T00:17:33.390Z,"61 km NE of Caucete, Argentina",earthquake,,3.8,,5.0,reviewed,us,us,1982-12-04,26530,Argentina,1
1982-12-09 11:31:09.100000+00:00,-23.374,-66.718,209.6,4.77,mw,,,,1.3,us,usp0001rbd,2014-11-07T00:32:19.285Z,"101 km NNW of San Antonio de los Cobres, Argentina",earthquake,,6.1,,3.0,reviewed,us,us,1982-12-09,26610,Argentina,2
1982-12-10 21:08:15.140000+00:00,-30.937,-65.392,182.7,5.03,mw,,,,1.0,us,usp0001rc2,2014-11-07T00:32:19.496Z,"33 km S of Serrezuela, Argentina",earthquake,,3.2,,4.0,reviewed,us,us,1982-12-10,26551,Argentina,-1
1982-12-18 17:49:21.100000+00:00,-27.63,-67.528,146.3,5.03,mw,,,,1.2,us,usp0001rhe,2014-11-07T00:32:21.190Z,"10 km ENE of Fiambalá, Argentina",earthquake,,4.3,,5.0,reviewed,us,us,1982-12-18,26546,Argentina,1
1982-12-19 13:25:57.860000+00:00,-31.631,-68.93,121.8,4.85,mw,,,,0.7,us,usp0001rj1,2014-11-07T00:32:21.266Z,"20 km WSW of Villa Basilio Nievas, Argentina",earthquake,,2.4,,3.0,reviewed,us,us,1982-12-19,26587,Argentina,1
1983-01-10 12:32:21.610000+00:00,-27.237,-63.301,558.1,5.9,mw,,,,0.9,us,usp0001s4e,2022-04-28T00:15:37.618Z,"24 km SSW of El Hoyo, Argentina",earthquake,,1.1,,63.0,reviewed,us,us,1983-01-10,26462,Argentina,3
1983-01-14 20:16:02.250000+00:00,-31.359,-69.887,123.6,4.94,mw,,,,1.1,us,usp0001s7p,2014-11-07T00:32:29.340Z,"44 km W of Calingasta, Argentina",earthquake,,6.5,,2.0,reviewed,us,us,1983-01-14,26561,Argentina,1
1983-01-27 19:01:35.300000+00:00,-24.105,-66.96,188.0,5.76,mw,,,,1.1,us,usp0001snh,2022-04-28T00:17:21.112Z,"Salta, Argentina",earthquake,,,,27.0,reviewed,us,us,1983-01-27,26463,Argentina,2
1983-02-06 00:36:51.780000+00:00,-24.922,-68.715,109.2,5.11,mw,,,,1.4,us,usp0001sv9,2014-11-07T00:32:38.408Z,"182 km NW of Antofagasta de la Sierra, Argentina",earthquake,,5.7,,4.0,reviewed,us,us,1983-02-06,26543,Argentina,2
1983-02-08 18:38:15.260000+00:00,-26.278,-60.175,33.0,5.28,mw,,,,1.2,us,usp0001sx5,2020-08-26T22:26:38.749Z,"26 km ENE of Tres Isletas, Argentina",earthquake,,,,2.0,reviewed,us,us,1983-02-08,26521,Argentina,-1
1983-02-15 23:21:06.900000+00:00,-22.966,-66.501,201.6,5.28,mw,,,,1.1,us,usp0001t2p,2022-04-28T00:13:07.365Z,"86 km WSW of Abra Pampa, Argentina",earthquake,,4.0,,26.0,reviewed,us,us,1983-02-15,26513,Argentina,2
1983-02-19 04:27:01.220000+00:00,-22.848,-63.718,531.0,4.94,mw,,,,0.7,us,usp0001t5f,2014-11-07T00:32:42.809Z,"29 km SSE of General Mosconi, Argentina",earthquake,,7.3,,1.0,reviewed,us,us,1983-02-19,26583,Argentina,-1
1983-03-16 06:55:40.680000+00:00,-33.396,-67.723,189.2,5.11,mw,,,,0.8,us,usp0001tpn,2014-11-07T00:32:49.522Z,"77 km ESE of San Martín, Argentina",earthquake,,1.8,,7.0,reviewed,us,us,1983-03-16,26751,Argentina,1
1983-04-02 05:58:35+00:00,-28.529,-66.6,39.0,5.71,mw,,,,1.1,us,usp0001u45,2022-04-28T00:04:14.410Z,"19 km ENE of Arauco, Argentina",earthquake,,,,24.0,reviewed,us,us,1983-04-02,26648,Argentina,1
1983-04-22 09:47:40.270000+00:00,-23.229,-66.732,210.6,5.28,mw,,,,1.3,us,usp0001unx,2014-11-07T00:33:01.202Z,"107 km W of El Aguilar, Argentina",earthquake,,3.3,,15.0,reviewed,us,us,1983-04-22,26705,Argentina,2
1983-05-11 11:18:30.440000+00:00,-28.284,-68.282,26.7,4.85,mw,,,,1.5,us,usp0001v86,2014-11-07T00:33:09.622Z,"53 km N of Vinchina, Argentina",earthquake,,8.4,,2.0,reviewed,us,us,1983-05-11,26785,Argentina,1
1983-05-12 02:55:01.120000+00:00,-58.631,-62.892,33.0,5.54,mw,,,,1.2,us,usp0001v8w,2025-12-19T21:30:39.264Z,Drake Passage,earthquake,,,,5.0,reviewed,us,us,1983-05-12,26685,Argentina,-1
1983-06-06 16:22:31.290000+00:00,-24.379,-66.929,157.1,5.54,mw,,,,1.1,us,usp0001vy4,2025-12-19T21:29:49.929Z,"64 km WSW of San Antonio de los Cobres, Argentina",earthquake,,2.7,,18.0,reviewed,us,us,1983-06-06,26665,Argentina,2
1983-06-21 06:58:21.750000+00:00,-22.631,-66.249,227.5,5.2,mw,,,,1.1,us,usp0001w83,2014-11-07T00:33:20.077Z,"57 km W of Abra Pampa, Argentina",earthquake,,4.5,,19.0,reviewed,us,us,1983-06-21,26730,Argentina,2
1983-06-27 06:16:35.060000+00:00,-30.837,-65.49,186.8,4.77,mw,,,,0.5,us,usp0001we1,2014-11-07T00:33:20.970Z,"24 km SSW of Serrezuela, Argentina",earthquake,,3.6,,1.0,reviewed,us,us,1983-06-27,26795,Argentina,-1
1983-07-27 10:57:13.470000+00:00,-31.253,-68.858,117.1,5.11,mw,,,,0.8,us,usp0001x5j,2014-11-07T00:33:30.804Z,"35 km NNW of Villa Basilio Nievas, Argentina",earthquake,,2.7,,5.0,reviewed,us,us,1983-07-27,26745,Argentina,1
1983-07-31 15:24:46.150000+00:00,-33.025,-66.596,75.5,4.68,mw,,,,0.7,us,usp0001x8b,2014-11-07T00:33:31.705Z,"31 km WNW of La Punta, Argentina",earthquake,,16.8,,1.0,reviewed,us,us,1983-07-31,26800,Argentina,1
1983-08-10 12:02:37.830000+00:00,-31.17,-70.274,118.2,4.94,mw,,,,1.2,us,usp0001xk0,2014-11-07T00:33:37.564Z,"83 km WNW of Calingasta, Argentina",earthquake,,5.7,,2.0,reviewed,us,us,1983-08-10,26781,Argentina,1
1983-08-15 17:23:02.740000+00:00,-23.933,-66.656,215.1,5.37,mw,,,,0.9,us,usp0001xpx,2014-11-07T00:33:38.623Z,"46 km NW of San Antonio de los Cobres, Argentina",earthquake,,3.6,,1.0,reviewed,us,us,1983-08-15,26704,Argentina,2
1983-09-10 19:45:26.470000+00:00,-57.302,-65.208,10.0,5.37,mw,,,,0.6,us,usp0001y8s,2014-11-07T00:33:47.026Z,Drake Passage,earthquake,,,,3.0,reviewed,us,us,1983-09-10,26870,Argentina,-1
1983-09-17 00:21:50.150000+00:00,-23.525,-66.704,217.5,4.43,mw,,,,1.0,us,usp0001ye4,2014-11-07T00:33:49.101Z,"86 km NNW of San Antonio de los Cobres, Argentina",earthquake,,6.1,,1.0,reviewed,us,us,1983-09-17,26961,Argentina,2
1983-09-22 22:32:30.030000+00:00,-24.204,-67.19,185.0,5.11,mw,,,,1.2,us,usp0001yk4,2014-11-07T00:33:50.387Z,"88 km W of San Antonio de los Cobres, Argentina",earthquake,,4.5,,3.0,reviewed,us,us,1983-09-22,26911,Argentina,2
1983-09-25 03:37:46.410000+00:00,-29.38,-69.615,108.2,4.6,mw,,,,1.2,us,usp0001yna,2014-11-07T00:33:51.338Z,Chile-Argentina border region,earthquake,,5.6,,1.0,reviewed,us,us,1983-09-25,26952,Chile-Argentina border region,1
1983-10-10 07:43:52.710000+00:00,-28.167,-67.279,122.5,5.11,mw,,,,1.1,us,usp0001yw5,2014-11-07T00:33:57.610Z,"30 km ESE of Tinogasta, Argentina",earthquake,,3.7,,8.0,reviewed,us,us,1983-10-10,26903,Argentina,1
1983-10-21 08:14:18.100000+00:00,-30.773,-69.194,116.7,5.71,mw,,,,1.0,us,usp0001z4a,2025-12-19T21:27:35.168Z,"65 km NNE of Calingasta, Argentina",earthquake,,,,42.0,reviewed,us,us,1983-10-21,26838,Argentina,1
1983-10-24 15:09:54.920000+00:00,-32.012,-65.29,33.0,5.03,mw,,,,1.1,us,usp0001z81,2014-11-07T00:34:00.804Z,"11 km SW of Villa Dolores, Argentina",earthquake,,,,1.0,reviewed,us,us,1983-10-24,26928,Argentina,-1
1983-10-29 16:00:24.830000+00:00,-26.648,-68.053,100.0,5.11,mw,,,,1.1,us,usp0001zd1,2014-11-07T00:34:01.303Z,"91 km SW of Antofagasta de la Sierra, Argentina",earthquake,,9.5,,1.0,reviewed,us,us,1983-10-29,26911,Argentina,-1
1983-11-26 17:00:01.560000+00:00,-31.381,-68.9,100.7,5.37,mw,,,,1.1,us,usp0002036,2014-11-07T00:34:09.609Z,"24 km NW of Villa Basilio Nievas, Argentina",earthquake,,2.7,,12.0,reviewed,us,us,1983-11-26,26867,Argentina,1
1983-12-04 02:00:35.590000+00:00,-31.776,-69.426,114.6,5.54,mw,,,,0.9,us,usp000208u,2014-11-07T00:34:13.545Z,"49 km S of Calingasta, Argentina",earthquake,,,,21.0,reviewed,us,us,1983-12-04,26841,Argentina,1
1983-12-04 02:09:22.030000+00:00,-24.039,-66.76,203.3,5.45,mw,,,,1.2,us,usp000208v,2014-11-07T00:34:13.563Z,"49 km WNW of San Antonio de los Cobres, Argentina",earthquake,,,,29.0,reviewed,us,us,1983-12-04,26856,Argentina,2
1983-12-19 13:58:41.110000+00:00,-22.342,-63.688,520.8,5.37,mw,,,,0.8,us,usp00020mq,2014-11-07T00:34:15.840Z,"22 km NNE of Tartagal, Argentina",earthquake,,2.4,,39.0,reviewed,us,us,1983-12-19,26875,Argentina,-1
1983-12-21 00:53:06.290000+00:00,-29.137,-68.391,111.9,4.6,mw,,,,1.2,us,usp00020p0,2014-11-07T00:34:16.023Z,"45 km SSW of Vinchina, Argentina",earthquake,,7.7,,1.0,reviewed,us,us,1983-12-21,26946,Argentina,1
1983-12-21 12:05:06.380000+00:00,-28.19,-63.172,601.9,6.9,mw,,,,1.0,us,usp00020ph,2022-04-27T23:42:03.307Z,"38 km SE of Suncho Corral, Argentina",earthquake,,,,,reviewed,us,nc,1983-12-21,26826,Argentina,3
1984-01-01 22:08:14.150000+00:00,-22.81,-66.16,272.1,6.0,mw,,,,1.4,us,usp00020zf,2022-04-27T23:37:09.933Z,"48 km WSW of Abra Pampa, Argentina",earthquake,,,,,reviewed,us,hrv,1984-01-01,26833,Argentina,2
1984-01-08 16:29:16.770000+00:00,-27.122,-66.904,173.3,4.85,mw,,,,1.3,us,usp000213w,2014-11-07T00:34:22.207Z,"12 km NNE of Puerta de Corral Quemado, Argentina",earthquake,,5.4,,2.0,reviewed,us,us,1984-01-08,26939,Argentina,1
1984-01-14 19:46:15.880000+00:00,-26.598,-67.593,54.3,5.03,mw,,,,1.4,us,usp000218j,2014-11-07T00:34:22.965Z,"62 km SSW of Antofagasta de la Sierra, Argentina",earthquake,,5.4,,3.0,reviewed,us,us,1984-01-14,26926,Argentina,-1
1984-01-23 10:18:40.890000+00:00,-27.997,-66.716,189.2,5.03,mw,,,,0.9,us,usp00021gc,2014-11-07T00:34:24.009Z,"51 km SE of Londres, Argentina",earthquake,,3.1,,2.0,reviewed,us,us,1984-01-23,26928,Argentina,1
1984-03-28 11:34:03.310000+00:00,-26.56,-67.603,50.2,5.28,mw,,,,1.4,us,usp0002327,2022-04-27T23:32:29.067Z,"58 km SSW of Antofagasta de la Sierra, Argentina",earthquake,,4.6,,16.0,reviewed,us,us,1984-03-28,27072,Argentina,-1
1984-04-05 06:28:12.860000+00:00,-23.261,-66.705,217.2,5.03,mw,,,,1.0,us,usp000239g,2014-11-07T00:34:44.202Z,"105 km W of El Aguilar, Argentina",earthquake,,3.3,,4.0,reviewed,us,us,1984-04-05,27110,Argentina,2
1984-04-05 23:12:58.580000+00:00,-30.28,-65.616,90.9,4.77,mw,,,,1.3,us,usp000239z,2014-11-07T00:34:44.305Z,"34 km NNE of Castro Barros, Argentina",earthquake,,13.4,,1.0,reviewed,us,us,1984-04-05,27143,Argentina,-1
1984-04-26 02:27:01.740000+00:00,-28.629,-63.023,622.5,5.54,mw,,,,1.1,us,usp00023wr,2014-11-07T00:34:48.005Z,"7 km WSW of Colonia Dora, Argentina",earthquake,,2.6,,17.0,reviewed,us,us,1984-04-26,27034,Argentina,3
1984-05-04 17:36:57.190000+00:00,-57.827,-65.332,10.0,5.4,mw,,,,1.1,us,usp000244y,2025-12-19T21:24:55.349Z,Drake Passage,earthquake,,,,,reviewed,us,hrv,1984-05-04,27065,Argentina,-1
1984-05-06 13:57:31.400000+00:00,-30.549,-68.898,75.9,5.11,mw,,,,0.9,us,usp0002465,2014-11-07T00:34:52.695Z,"37 km SSW of San José de Jáchal, Argentina",earthquake,,3.1,,4.0,reviewed,us,us,1984-05-06,27089,Argentina,1
1984-05-13 06:55:24.710000+00:00,-22.949,-66.27,261.9,5.11,mw,,,,1.3,us,usp00024bk,2014-11-07T00:34:54.186Z,"64 km WSW of Abra Pampa, Argentina",earthquake,,,,10.0,reviewed,us,us,1984-05-13,27084,Argentina,2
1984-05-16 03:44:57.870000+00:00,-27.393,-67.2,157.7,5.5,mw,,,,1.1,us,usp00024dw,2022-04-27T23:23:54.823Z,"25 km NW of La Puerta de San José, Argentina",earthquake,,,,,reviewed,us,hrv,1984-05-16,27055,Argentina,1
1984-05-22 13:58:17.820000+00:00,-33.395,-69.494,143.2,4.94,mw,,,,0.8,us,usp00024jk,2014-11-07T00:34:55.913Z,"83 km SW of Mendoza, Argentina",earthquake,,2.2,,2.0,reviewed,us,us,1984-05-22,27118,Argentina,1
1984-05-25 07:03:36.440000+00:00,-22.706,-63.737,534.9,5.11,mw,,,,0.7,us,usp00024m6,2014-11-07T00:34:56.137Z,"14 km SSE of General Mosconi, Argentina",earthquake,,2.7,,1.0,reviewed,us,us,1984-05-25,27084,Argentina,-1
1984-05-25 18:05:26.390000+00:00,-30.162,-69.378,121.4,5.03,mw,,,,1.1,us,usp00024mj,2014-11-07T00:34:56.176Z,"61 km W of San José de Jáchal, Argentina",earthquake,,3.5,,2.0,reviewed,us,us,1984-05-25,27091,Argentina,1
1984-05-29 18:00:24.150000+00:00,-28.147,-69.231,123.9,5.2,mw,,,,1.1,us,usp00024q5,2014-11-07T00:34:56.620Z,"121 km NW of Vinchina, Argentina",earthquake,,6.2,,1.0,reviewed,us,us,1984-05-29,27075,Argentina,1
1984-05-30 15:28:02.330000+00:00,-28.377,-67.775,134.9,4.77,mw,,,,1.0,us,usp00024r6,2014-11-07T00:34:56.825Z,"40 km SSW of Tinogasta, Argentina",earthquake,,6.7,,2.0,reviewed,us,us,1984-05-30,27144,Argentina,1
1984-06-01 06:14:09.760000+00:00,-31.585,-67.134,131.9,4.77,mw,,,,1.0,us,usp00024sk,2014-11-07T00:34:58.718Z,"109 km E of Caucete, Argentina",earthquake,,6.1,,1.0,reviewed,us,us,1984-06-01,27130,Argentina,1
1984-06-20 19:56:46.600000+00:00,-24.101,-66.965,195.9,5.7,mw,,,,1.1,us,usp0002551,2022-04-27T23:20:48.461Z,"66 km WNW of San Antonio de los Cobres, Argentina",earthquake,,,,,reviewed,us,hrv,1984-06-20,27026,Argentina,2
1984-06-21 11:24:19.670000+00:00,-27.66,-68.338,123.2,4.43,mw,,,,1.5,us,usp000255g,2014-11-07T00:35:04.282Z,"70 km W of Fiambalá, Argentina",earthquake,,8.8,,1.0,reviewed,us,us,1984-06-21,27154,Argentina,-1
1984-06-28 07:45:58.650000+00:00,-27.554,-63.396,572.1,5.11,mw,,,,0.9,us,usp00025c4,2014-11-07T00:35:05.099Z,"42 km N of Suncho Corral, Argentina",earthquake,,2.3,,20.0,reviewed,us,us,1984-06-28,27088,Argentina,3
1984-07-10 05:19:41.980000+00:00,-31.393,-68.969,122.2,4.68,mw,,,,1.0,us,usp00025mq,2014-11-07T00:35:10.933Z,"28 km NW of Villa Basilio Nievas, Argentina",earthquake,,3.4,,2.0,reviewed,us,us,1984-07-10,27146,Argentina,1
1984-07-23 09:30:31.880000+00:00,-23.715,-66.491,232.5,4.43,mw,,,,1.1,us,usp00025xv,2014-11-07T00:35:12.610Z,"58 km NNW of San Antonio de los Cobres, Argentina",earthquake,,5.6,,1.0,reviewed,us,us,1984-07-23,27169,Argentina,2
1984-07-24 22:23:44.870000+00:00,-23.032,-64.342,33.0,5.54,mw,,,,1.3,us,usp00025z0,2014-11-07T00:35:12.773Z,"11 km N of San Ramón de la Nueva Orán, Argentina",earthquake,,,,2.0,reviewed,us,us,1984-07-24,27034,Argentina,-1
1984-07-26 21:36:09.540000+00:00,-33.918,-69.092,170.8,5.03,mw,,,,1.0,us,usp000260f,2014-11-07T00:35:12.979Z,"104 km NW of San Rafael, Argentina",earthquake,,3.5,,1.0,reviewed,us,us,1984-07-26,27111,Argentina,1
1984-08-03 00:38:19.590000+00:00,-24.252,-67.429,172.5,5.2,mw,,,,1.0,us,usp0002663,2014-11-07T00:35:15.893Z,"112 km W of San Antonio de los Cobres, Argentina",earthquake,,2.9,,11.0,reviewed,us,us,1984-08-03,27081,Argentina,2
1984-08-18 04:10:43.180000+00:00,-27.876,-66.717,172.8,5.5,mw,,,,1.1,us,usp00026gn,2022-04-27T23:14:37.824Z,"44 km ESE of Londres, Argentina",earthquake,,,,,reviewed,us,hrv,1984-08-18,27063,Argentina,1
1984-08-30 03:04:57.340000+00:00,-23.079,-66.364,236.8,5.11,mw,,,,1.1,us,usp00026v4,2014-11-07T00:35:20.660Z,"71 km WNW of El Aguilar, Argentina",earthquake,,3.5,,4.0,reviewed,us,us,1984-08-30,27217,Argentina,2
1984-09-12 03:06:20.880000+00:00,-35.8,-69.967,170.4,4.68,mw,,,,0.9,us,usp00027ah,2014-11-07T00:35:26.334Z,"113 km N of Barrancas, Argentina",earthquake,,2.9,,4.0,reviewed,us,us,1984-09-12,27332,Argentina,-1
1984-09-18 00:38:59.240000+00:00,-30.687,-69.222,113.2,4.94,mw,,,,1.2,us,usp00027fu,2014-11-07T00:35:27.215Z,"67 km SW of San José de Jáchal, Argentina",earthquake,,2.9,,7.0,reviewed,us,us,1984-09-18,27247,Argentina,1
1984-09-22 05:28:59.300000+00:00,-25.105,-68.253,114.3,4.85,mw,,,,1.5,us,usp00027kj,2014-11-07T00:35:28.269Z,"135 km NW of Antofagasta de la Sierra, Argentina",earthquake,,5.5,,2.0,reviewed,us,us,1984-09-22,27265,Argentina,2
1984-09-25 05:31:36.940000+00:00,-28.025,-66.674,168.4,4.85,mw,,,,1.4,us,usp00027pk,2014-11-07T00:35:28.845Z,"56 km SE of Londres, Argentina",earthquake,,4.2,,5.0,reviewed,us,us,1984-09-25,27273,Argentina,1
1984-09-26 16:07:31.980000+00:00,-22.669,-66.091,265.8,4.77,mw,,,,1.0,us,usp00027qq,2014-11-07T00:35:28.980Z,"40 km W of Abra Pampa, Argentina",earthquake,,3.3,,3.0,reviewed,us,us,1984-09-26,27330,Argentina,2
1984-09-28 07:11:58.690000+00:00,-30.858,-65.408,185.8,5.45,mw,,,,1.0,us,usp00027s0,2014-11-07T00:35:29.166Z,"24 km S of Serrezuela, Argentina",earthquake,,2.2,,29.0,reviewed,us,us,1984-09-28,27204,Argentina,-1
1984-10-05 15:08:48.980000+00:00,-31.145,-68.85,125.9,4.51,mw,,,,1.4,us,usp00027y1,2014-11-07T00:35:32.967Z,"44 km NW of Albardón, Argentina",earthquake,,8.3,,1.0,reviewed,us,us,1984-10-05,27359,Argentina,1
1984-10-06 20:58:04.980000+00:00,-32.603,-66.806,23.3,4.94,mw,,,,1.2,us,usp00027z1,2014-11-07T00:35:33.322Z,"34 km WNW of Villa General Roca, Argentina",earthquake,,2.8,,2.0,reviewed,us,us,1984-10-06,27243,Argentina,1
1984-10-10 19:43:38.470000+00:00,-31.594,-69.632,123.4,4.94,mw,,,,0.9,us,usp000281x,2014-11-07T00:35:33.942Z,"35 km SW of Calingasta, Argentina",earthquake,,3.5,,1.0,reviewed,us,us,1984-10-10,27240,Argentina,1
1984-10-20 09:48:10.890000+00:00,-40.358,-71.95,26.3,4.68,mw,,,,0.9,us,usp00028b0,2014-11-07T00:35:35.760Z,"51 km NNW of Villa La Angostura, Argentina",earthquake,,7.0,,1.0,reviewed,us,us,1984-10-20,27335,Argentina,-1
1984-10-20 17:59:17.030000+00:00,-24.072,-66.832,192.0,6.2,mw,,,,1.0,us,usp00028b7,2022-04-27T23:11:14.154Z,"54 km WNW of San Antonio de los Cobres, Argentina",earthquake,,1.7,,,reviewed,us,hrv,1984-10-20,27194,Argentina,2
1984-10-28 15:48:28.570000+00:00,-29.424,-69.532,116.8,5.37,mw,,,,1.0,us,usp00028kh,2014-11-07T00:35:36.892Z,"118 km NW of San José de Jáchal, Argentina",earthquake,,3.4,,5.0,reviewed,us,us,1984-10-28,27207,Argentina,1
1984-10-31 05:29:08.230000+00:00,-24.448,-67.261,205.9,5.03,mw,,,,0.7,us,usp00028nw,2014-11-07T00:35:37.225Z,"98 km WSW of San Antonio de los Cobres, Argentina",earthquake,,5.1,,1.0,reviewed,us,us,1984-10-31,27222,Argentina,2
1984-11-04 21:45:46.710000+00:00,-32.785,-70.012,112.8,4.94,mw,,,,1.1,us,usp00028t3,2014-11-07T00:35:40.699Z,Chile-Argentina border region,earthquake,,3.2,,5.0,reviewed,us,us,1984-11-04,27232,Chile-Argentina border region,1
1984-11-08 02:21:07.210000+00:00,-57.068,-64.653,33.0,5.11,mw,,,,1.5,us,usp00028vt,2014-11-07T00:35:41.504Z,Drake Passage,earthquake,,,,4.0,reviewed,us,us,1984-11-08,27210,Argentina,-1
1984-11-22 21:16:39.620000+00:00,-26.395,-64.918,33.0,5.03,mw,,,,1.3,us,usp00029an,2014-11-07T00:35:44.264Z,"21 km WNW of Burruyacú, Argentina",earthquake,,,,1.0,reviewed,us,us,1984-11-22,27218,Argentina,-1
1984-11-30 06:00:54.050000+00:00,-40.439,-71.411,33.0,4.94,mw,,,,1.3,us,usp00029mv,2014-11-07T00:35:45.580Z,"31 km S of San Martín de los Andes, Argentina",earthquake,,,,1.0,reviewed,us,us,1984-11-30,27251,Argentina,-1
1984-12-05 23:56:51.160000+00:00,-22.169,-66.486,352.1,4.77,mw,,,,0.9,us,usp00029tw,2014-11-07T00:35:49.770Z,"92 km W of La Quiaca, Argentina",earthquake,,7.5,,2.0,reviewed,us,us,1984-12-05,27302,Argentina,2
1984-12-29 12:37:24.360000+00:00,-23.512,-66.693,218.9,4.85,mw,,,,1.3,us,usp0002aha,2014-11-07T00:35:54.972Z,"86 km NNW of San Antonio de los Cobres, Argentina",earthquake,,4.5,,9.0,reviewed,us,us,1984-12-29,27278,Argentina,2
1985-01-10 07:25:08.980000+00:00,-25.346,-68.785,108.5,4.77,mw,,,,1.4,us,usp0002ax7,2014-11-07T00:36:01.274Z,"159 km WNW of Antofagasta de la Sierra, Argentina",earthquake,,8.5,,3.0,reviewed,us,us,1985-01-10,27314,Argentina,2
1985-01-26 03:06:57.890000+00:00,-33.053,-68.467,5.0,6.2,mw,,,,1.0,us,usp0002bct,2022-04-27T22:57:59.716Z,"3 km N of San Martín, Argentina",earthquake,,,,,reviewed,us,nc,1985-01-26,27181,Argentina,1
1985-01-28 02:50:44.390000+00:00,-28.406,-67.458,140.7,5.03,mw,,,,1.1,us,usp0002beu,2014-11-07T00:36:04.420Z,"39 km SSE of Tinogasta, Argentina",earthquake,,4.6,,9.0,reviewed,us,us,1985-01-28,27232,Argentina,1
1985-01-31 10:29:34.230000+00:00,-31.516,-69.105,118.3,5.45,mw,,,,0.9,us,usp0002bh9,2014-11-07T00:36:04.798Z,"35 km W of Villa Basilio Nievas, Argentina",earthquake,,3.3,,19.0,reviewed,us,us,1985-01-31,27200,Argentina,1
1985-02-24 03:12:43.790000+00:00,-33.124,-69.689,33.0,5.28,mw,,,,1.3,us,usp0002c6d,2014-11-07T00:36:11.815Z,"84 km WSW of Mendoza, Argentina",earthquake,,,,1.0,reviewed,us,us,1985-02-24,27208,Argentina,1
1985-02-25 05:33:19.510000+00:00,-29.13,-68.673,109.4,4.85,mw,,,,1.0,us,usp0002c7b,2014-11-07T00:36:11.898Z,"61 km SW of Vinchina, Argentina",earthquake,,5.3,,6.0,reviewed,us,us,1985-02-25,27487,Argentina,1
1985-03-11 11:30:50.220000+00:00,-33.25,-68.162,33.0,4.94,mw,,,,1.3,us,usp0002cr6,2014-11-07T00:36:18.357Z,"34 km ESE of San Martín, Argentina",earthquake,,,,6.0,reviewed,us,us,1985-03-11,27451,Argentina,1
1985-03-29 02:42:46.210000+00:00,-23.171,-66.498,228.3,5.03,mw,,,,0.6,us,usp0002d9c,2014-11-07T00:36:20.896Z,"83 km W of El Aguilar, Argentina",earthquake,,4.7,,2.0,reviewed,us,us,1985-03-29,27446,Argentina,2
1985-03-29 05:45:32.980000+00:00,-31.311,-68.917,110.8,5.62,mw,,,,1.0,us,usp0002d9k,2022-04-27T22:54:00.796Z,"31 km NNW of Villa Basilio Nievas, Argentina",earthquake,,3.0,,22.0,reviewed,us,us,1985-03-29,27392,Argentina,1
1985-04-02 02:35:28.850000+00:00,-28.806,-69.165,106.9,5.1,mw,,,,1.2,us,usp0002dcs,2025-12-19T21:21:28.060Z,"93 km W of Vinchina, Argentina",earthquake,,5.8,,,reviewed,us,hrv,1985-04-02,27406,Argentina,1
1985-04-09 09:42:35.960000+00:00,-36.996,-70.995,10.0,4.68,mw,,,,1.3,us,usp0002dmm,2014-11-07T00:36:26.011Z,Chile-Argentina border region,earthquake,,,,1.0,reviewed,us,us,1985-04-09,27525,Chile-Argentina border region,-1
1985-04-12 14:34:55.790000+00:00,-23.944,-60.553,24.8,5.1,mw,,,,1.0,us,usp0002dr8,2022-04-27T22:48:58.963Z,"78 km ENE of Laguna Yema, Argentina",earthquake,,,,,reviewed,us,hrv,1985-04-12,27411,Argentina,-1
1985-04-12 20:58:41.120000+00:00,-22.466,-66.849,199.4,5.28,mw,,,,1.3,us,usp0002drd,2014-11-07T00:36:26.530Z,"121 km WNW of Abra Pampa, Argentina",earthquake,,6.2,,7.0,reviewed,us,us,1985-04-12,27396,Argentina,2
1985-04-17 08:31:55.130000+00:00,-57.655,-65.777,33.0,5.2,mw,,,,1.5,us,usp0002dw9,2014-11-07T00:36:27.099Z,Drake Passage,earthquake,,,,4.0,reviewed,us,us,1985-04-17,27403,Argentina,-1
1985-04-23 19:11:40.620000+00:00,-23.598,-66.688,239.3,4.85,mw,,,,0.4,us,usp0002e36,2014-11-07T00:36:28.048Z,"78 km NNW of San Antonio de los Cobres, Argentina",earthquake,,14.5,,1.0,reviewed,us,us,1985-04-23,27515,Argentina,2
1985-05-22 05:01:05.190000+00:00,-26.547,-64.706,41.3,5.03,mw,,,,1.3,us,usp0002f2m,2014-11-07T00:36:36.500Z,"6 km SE of Burruyacú, Argentina",earthquake,,9.2,,13.0,reviewed,us,us,1985-05-22,27447,Argentina,-1
1985-05-23 19:24:16.740000+00:00,-28.639,-67.23,141.3,5.03,mw,,,,1.5,us,usp0002f4e,2014-11-07T00:36:36.697Z,"43 km W of Arauco, Argentina",earthquake,,7.0,,4.0,reviewed,us,us,1985-05-23,27417,Argentina,1
1985-05-27 17:15:43.980000+00:00,-22.679,-66.006,253.3,4.94,mw,,,,1.2,us,usp0002f8d,2014-11-07T00:36:37.132Z,"32 km W of Abra Pampa, Argentina",earthquake,,5.6,,11.0,reviewed,us,us,1985-05-27,27465,Argentina,2
1985-06-10 15:37:00.990000+00:00,-27.958,-66.995,151.4,6.4,mw,,,,1.1,us,usp0002fqu,2022-04-27T22:46:00.770Z,"30 km SSE of Londres, Argentina",earthquake,,2.5,,,reviewed,us,hrv,1985-06-10,27360,Argentina,1
1985-07-02 07:30:46.320000+00:00,-29.124,-69.458,110.4,5.11,mw,,,,1.1,us,usp0002gb7,2014-11-07T00:36:48.591Z,"128 km WSW of Vinchina, Argentina",earthquake,,8.2,,5.0,reviewed,us,us,1985-07-02,27406,Argentina,1
1985-07-30 12:56:20.610000+00:00,-31.104,-67.816,10.0,4.6,mw,,,,0.4,us,usp0002h7k,2014-11-07T00:36:54.198Z,"61 km SSW of San Agustín de Valle Fértil, Argentina",earthquake,,,,1.0,reviewed,us,us,1985-07-30,27539,Argentina,1
1985-08-09 00:57:49.730000+00:00,-31.555,-67.092,134.0,5.28,mw,,,,1.2,us,usp0002hh7,2014-11-07T00:36:59.042Z,"108 km SSE of San Agustín de Valle Fértil, Argentina",earthquake,,4.5,,12.0,reviewed,us,us,1985-08-09,27392,Argentina,1
1985-08-23 16:35:10.220000+00:00,-24.08,-66.83,194.8,5.71,mw,,,,0.9,us,usp0002j2k,2022-04-27T22:41:31.487Z,"54 km WNW of San Antonio de los Cobres, Argentina",earthquake,,,,70.0,reviewed,us,us,1985-08-23,27374,Argentina,2
1985-09-18 06:56:12.320000+00:00,-39.354,-71.411,33.0,5.2,mw,,,,1.1,us,usp0002jvg,2014-11-07T00:37:10.879Z,"44 km WSW of Aluminé, Argentina",earthquake,,,,10.0,reviewed,us,us,1985-09-18,27652,Argentina,-1
1985-09-30 00:37:08.260000+00:00,-24.952,-67.919,126.7,5.28,mw,,,,1.1,us,usp0002k9x,2014-11-07T00:37:13.290Z,"133 km NNW of Antofagasta de la Sierra, Argentina",earthquake,,4.6,,20.0,reviewed,us,us,1985-09-30,27622,Argentina,2
1985-10-02 08:03:29.140000+00:00,-39.992,-70.781,33.0,4.94,mw,,,,1.2,us,usp0002kcm,2014-11-07T00:37:16.314Z,"25 km E of Junín de los Andes, Argentina",earthquake,,,,2.0,reviewed,us,us,1985-10-02,27686,Argentina,-1
1985-10-08 09:47:24.830000+00:00,-22.825,-66.311,242.1,5.8,mw,,,,0.9,us,usp0002kkm,2022-04-27T22:33:08.071Z,"64 km W of Abra Pampa, Argentina",earthquake,,,,,reviewed,us,hrv,1985-10-08,27577,Argentina,2
1985-10-24 01:48:55.950000+00:00,-31.386,-68.605,109.7,5.6,mw,,,,1.1,us,usp0002m2u,2022-04-27T22:34:12.523Z,"9 km NW of Albardón, Argentina",earthquake,,,,,reviewed,us,hrv,1985-10-24,27601,Argentina,1
1985-10-25 01:22:27.940000+00:00,-27.501,-67.185,112.1,5.37,mw,,,,1.2,us,usp0002m3u,2014-11-07T00:37:21.108Z,"17 km WNW of La Puerta de San José, Argentina",earthquake,,5.9,,19.0,reviewed,us,us,1985-10-25,27608,Argentina,1
1985-10-30 03:52:30.960000+00:00,-33.138,-67.78,184.3,4.77,mw,,,,1.0,us,usp0002m9w,2014-11-07T00:37:22.055Z,"64 km E of San Martín, Argentina",earthquake,,10.1,,4.0,reviewed,us,us,1985-10-30,27705,Argentina,1
1985-10-31 21:49:20.220000+00:00,-28.692,-63.171,596.0,6.5,mw,,,,0.9,us,usp0002mbn,2022-04-27T22:35:55.136Z,"23 km WSW of Colonia Dora, Argentina",earthquake,,,,,reviewed,us,nc,1985-10-31,27565,Argentina,3
1985-11-09 22:13:27.060000+00:00,-27.851,-66.75,175.4,5.3,mw,,,,1.4,us,usp0002mm1,2025-12-19T20:57:59.548Z,"40 km ESE of Londres, Argentina",earthquake,,,,,reviewed,us,hrv,1985-11-09,27617,Argentina,1
1985-11-14 22:32:53.150000+00:00,-32.377,-69.57,120.1,5.45,mw,,,,1.0,us,usp0002msk,2014-11-07T00:37:28.301Z,"90 km NW of Mendoza, Argentina",earthquake,,6.4,,4.0,reviewed,us,us,1985-11-14,27607,Argentina,1
1985-11-29 04:02:12.260000+00:00,-22.766,-63.663,532.4,5.5,mw,,,,0.8,us,usp0002nby,2025-12-19T21:19:49.821Z,"24 km SE of General Mosconi, Argentina",earthquake,,,,,reviewed,us,hrv,1985-11-29,27602,Argentina,-1
1985-12-14 02:51:45.770000+00:00,-25.007,-64.756,12.5,5.76,mw,,,,1.3,us,usp0002nud,2022-04-27T22:28:48.258Z,"42 km NNW of El Galpón, Argentina",earthquake,,5.3,,30.0,reviewed,us,us,1985-12-14,27579,Argentina,-1
1985-12-25 15:43:56.230000+00:00,-23.982,-66.711,187.1,5.71,mw,,,,1.2,us,usp0002pdm,2022-04-27T22:29:58.170Z,"47 km WNW of San Antonio de los Cobres, Argentina",earthquake,,5.1,,15.0,reviewed,us,us,1985-12-25,27585,Argentina,2
1986-01-14 23:14:37.840000+00:00,-23.418,-66.704,218.7,5.11,mw,,,,1.5,us,usp0002q2d,2014-11-07T00:37:47.365Z,"96 km NNW of San Antonio de los Cobres, Argentina",earthquake,,5.8,,7.0,reviewed,us,us,1986-01-14,27686,Argentina,2
1986-01-17 13:40:10.820000+00:00,-31.36,-69.252,120.6,5.11,mw,,,,0.9,us,usp0002q5h,2014-11-07T00:37:47.857Z,"16 km E of Calingasta, Argentina",earthquake,,5.5,,1.0,reviewed,us,us,1986-01-17,27663,Argentina,1
1986-01-17 22:09:59.540000+00:00,-57.522,-61.61,10.0,4.77,mw,,,,0.8,us,usp0002q63,2014-11-07T00:37:47.905Z,Drake Passage,earthquake,,,,1.0,reviewed,us,us,1986-01-17,27717,Argentina,-1
1986-02-05 01:12:22.040000+00:00,-30.22,-64.336,10.0,5.11,mw,,,,1.1,us,usp0002qqq,2014-11-07T00:37:53.122Z,"15 km E of Quilino, Argentina",earthquake,,,,3.0,reviewed,us,us,1986-02-05,27683,Argentina,-1
1986-02-17 17:39:48.170000+00:00,-28.746,-67.574,137.6,5.2,mw,,,,1.4,us,usp0002r2u,2014-11-07T00:37:55.483Z,"46 km N of Chilecito, Argentina",earthquake,,6.0,,4.0,reviewed,us,us,1986-02-17,27637,Argentina,1
1986-02-23 16:18:59.250000+00:00,-31.319,-68.768,112.9,5.11,mw,,,,0.9,us,usp0002r88,2014-11-07T00:37:56.518Z,"25 km N of Villa Basilio Nievas, Argentina",earthquake,,3.1,,12.0,reviewed,us,us,1986-02-23,27804,Argentina,1
1986-02-26 05:55:27.100000+00:00,-31.621,-69.291,121.7,4.85,mw,,,,0.7,us,usp0002rat,2014-11-07T00:37:56.821Z,"34 km SSE of Calingasta, Argentina",earthquake,,6.3,,1.0,reviewed,us,us,1986-02-26,27826,Argentina,1
1986-03-05 02:15:09.530000+00:00,-22.504,-66.15,256.9,4.94,mw,,,,1.3,us,usp0002rj2,2014-11-07T00:38:00.820Z,"52 km WNW of Abra Pampa, Argentina",earthquake,,7.2,,4.0,reviewed,us,us,1986-03-05,27808,Argentina,2
1986-03-06 20:32:21.180000+00:00,-28.282,-63.232,568.9,4.51,mw,,,,0.8,us,usp0002rks,2014-11-07T00:38:01.590Z,"43 km SSE of Suncho Corral, Argentina",earthquake,,8.4,,1.0,reviewed,us,us,1986-03-06,27892,Argentina,3
1986-03-12 22:04:19.810000+00:00,-24.112,-66.803,206.2,5.4,mw,,,,1.2,us,usp0002rt9,2025-12-19T21:18:56.427Z,"Salta, Argentina",earthquake,,,,,reviewed,us,hrv,1986-03-12,27726,Argentina,2
1986-04-09 18:10:54.490000+00:00,-23.015,-66.749,216.0,5.3,mw,,,,1.3,us,usp0002ssv,2025-12-19T21:18:39.731Z,"111 km WNW of El Aguilar, Argentina",earthquake,,,,,reviewed,us,hrv,1986-04-09,27734,Argentina,2
1986-05-15 06:39:19.880000+00:00,-33.571,-68.001,186.7,4.68,mw,,,,1.1,us,usp0002u0y,2014-11-07T00:38:23.816Z,"69 km SE of San Martín, Argentina",earthquake,,7.4,,3.0,reviewed,us,us,1986-05-15,27871,Argentina,1
1986-05-19 12:36:30.300000+00:00,-28.416,-69.089,112.6,5.37,mw,,,,1.2,us,usp0002u6g,2014-11-07T00:38:24.784Z,"94 km WNW of Vinchina, Argentina",earthquake,,,,13.0,reviewed,us,us,1986-05-19,27733,Argentina,1
1986-05-28 08:30:51.220000+00:00,-32.399,-69.416,125.0,4.77,mw,,,,0.9,us,usp0002uh3,2014-11-07T00:38:26.413Z,"77 km NW of Mendoza, Argentina",earthquake,,9.9,,2.0,reviewed,us,us,1986-05-28,27869,Argentina,1
1986-06-06 04:50:57.620000+00:00,-23.48,-66.786,228.0,4.6,mw,,,,1.4,us,usp0002uuc,2014-11-07T00:38:31.600Z,"94 km NNW of San Antonio de los Cobres, Argentina",earthquake,,7.9,,3.0,reviewed,us,us,1986-06-06,27877,Argentina,2
1986-07-09 19:24:07.240000+00:00,-27.66,-67.728,147.1,4.77,mw,,,,1.2,us,usp0002vvv,2014-11-07T00:38:40.665Z,"10 km W of Fiambalá, Argentina",earthquake,,6.3,,4.0,reviewed,us,us,1986-07-09,27859,Argentina,1
1986-07-15 14:28:13.060000+00:00,-28.036,-66.714,172.7,5.28,mw,,,,1.3,us,usp0002w1v,2014-11-07T00:38:41.985Z,"54 km SE of Londres, Argentina",earthquake,,6.8,,1.0,reviewed,us,us,1986-07-15,27768,Argentina,1
1986-07-19 14:35:22.840000+00:00,-30.747,-68.991,46.1,5.28,mw,,,,1.5,us,usp0002w6b,2014-11-07T00:38:42.746Z,"60 km SSW of San José de Jáchal, Argentina",earthquake,,13.1,,1.0,reviewed,us,us,1986-07-19,27740,Argentina,1
1986-07-21 20:27:16.130000+00:00,-36.88,-70.658,171.7,4.51,mw,,,,0.9,us,usp0002wau,2014-11-07T00:38:43.274Z,"14 km NE of Las Ovejas, Argentina",earthquake,,12.3,,1.0,reviewed,us,us,1986-07-21,27887,Argentina,-1
1986-07-27 04:16:15.590000+00:00,-31.829,-67.901,10.0,4.94,mw,,,,0.9,us,usp0002wk0,2014-11-07T00:38:44.203Z,"41 km ESE of Caucete, Argentina",earthquake,,,,1.0,reviewed,us,us,1986-07-27,27817,Argentina,1
1986-08-06 19:32:47.100000+00:00,-28.375,-68.599,128.2,4.77,mw,,,,1.2,us,usp0002wxn,2014-11-07T00:38:49.555Z,"57 km NW of Vinchina, Argentina",earthquake,,20.0,,1.0,reviewed,us,us,1986-08-06,27865,Argentina,1
1986-08-11 22:06:43.280000+00:00,-30.923,-67.685,5.0,5.4,mw,,,,1.2,us,usp0002x2b,2022-04-27T22:06:47.117Z,"38 km SSW of San Agustín de Valle Fértil, Argentina",earthquake,,,,,reviewed,us,hrv,1986-08-11,27723,Argentina,1
1986-08-25 14:17:53.620000+00:00,-31.798,-68.12,121.0,4.85,mw,,,,1.0,us,usp0002xhj,2014-11-07T00:38:53.617Z,"22 km SE of Caucete, Argentina",earthquake,,8.5,,5.0,reviewed,us,us,1986-08-25,28031,Argentina,1
1986-09-09 03:19:48.950000+00:00,-23.125,-66.507,208.7,5.28,mw,,,,1.1,us,usp0002xxu,2014-11-07T00:38:59.480Z,"85 km W of El Aguilar, Argentina",earthquake,,5.2,,18.0,reviewed,us,us,1986-09-09,27935,Argentina,2
1986-09-10 17:03:34.240000+00:00,-50.24,-71.29,33.0,5.28,mw,,,,1.4,us,usp0002xz1,2020-08-28T20:39:06.266Z,"71 km E of El Calafate, Argentina",earthquake,,,,6.0,reviewed,us,us,1986-09-10,27963,Argentina,-1
1986-09-23 04:35:48.130000+00:00,-31.479,-69.046,114.6,4.85,mw,,,,1.1,us,usp0002y9x,2014-11-07T00:39:02.288Z,"30 km WNW of Villa Basilio Nievas, Argentina",earthquake,,6.7,,4.0,reviewed,us,us,1986-09-23,28014,Argentina,1
1986-10-21 13:17:01.620000+00:00,-24.489,-67.82,170.8,4.85,mw,,,,1.3,us,usp0002z6n,2014-11-07T00:39:10.893Z,"155 km W of San Antonio de los Cobres, Argentina",earthquake,,17.7,,1.0,reviewed,us,us,1986-10-21,28032,Argentina,2
1986-10-30 17:40:31.510000+00:00,-31.621,-69.6,126.4,5.03,mw,,,,1.4,us,usp0002zh8,2014-11-07T00:39:13.106Z,"36 km SSW of Calingasta, Argentina",earthquake,,5.5,,4.0,reviewed,us,us,1986-10-30,27991,Argentina,1
1986-11-03 15:11:22.370000+00:00,-24.215,-67.053,193.2,4.85,mw,,,,1.1,us,usp0002zn4,2014-11-07T00:39:18.562Z,"74 km W of San Antonio de los Cobres, Argentina",earthquake,,6.8,,1.0,reviewed,us,us,1986-11-03,28040,Argentina,2
1986-11-08 23:00:30.200000+00:00,-27.875,-66.754,173.6,5.2,mw,,,,1.3,us,usp0002ztm,2014-11-07T00:39:20.082Z,"41 km ESE of Londres, Argentina",earthquake,,5.3,,9.0,reviewed,us,us,1986-11-08,27976,Argentina,1
1986-11-18 00:31:28.720000+00:00,-36.303,-70.205,195.5,4.68,mw,,,,0.7,us,usp0003047,2014-11-07T00:39:21.558Z,"63 km NNW of Barrancas, Argentina",earthquake,,9.6,,2.0,reviewed,us,us,1986-11-18,28073,Argentina,-1
1986-11-29 11:21:56.740000+00:00,-24.806,-63.514,567.4,4.77,mw,,,,0.7,us,usp00030fs,2014-11-07T00:39:23.434Z,"63 km SE of Apolinario Saravia, Argentina",earthquake,,3.9,,7.0,reviewed,us,us,1986-11-29,28043,Argentina,-1
1986-12-05 14:24:25.770000+00:00,-31.359,-67.821,45.3,5.11,mw,,,,1.1,us,usp00030n7,2014-11-07T00:39:27.725Z,"54 km NE of Caucete, Argentina",earthquake,,8.1,,8.0,reviewed,us,us,1986-12-05,27981,Argentina,1
1986-12-11 15:23:40.480000+00:00,-58.909,-61.493,10.0,5.28,mw,,,,1.3,us,usp00030t8,2014-11-07T00:39:29.148Z,Drake Passage,earthquake,,,,3.0,reviewed,us,us,1986-12-11,27972,Argentina,-1
1986-12-28 20:35:44.420000+00:00,-23.971,-66.676,208.8,5.37,mw,,,,1.0,us,usp000317y,2014-11-07T00:39:32.191Z,"45 km NW of San Antonio de los Cobres, Argentina",earthquake,,,,42.0,reviewed,us,us,1986-12-28,27922,Argentina,2
1986-12-29 12:53:01.390000+00:00,-28.192,-63.057,596.9,5.4,mw,,,,0.8,us,usp000318h,2025-12-19T21:16:56.559Z,"36 km NW of Añatuya, Argentina",earthquake,,2.5,,,reviewed,us,hrv,1986-12-29,27921,Argentina,3
1987-01-06 17:38:43.560000+00:00,-22.529,-66.931,197.3,4.68,mw,,,,1.2,us,usp00031eu,2014-11-07T00:39:37.536Z,"128 km W of Abra Pampa, Argentina",earthquake,,7.2,,3.0,reviewed,us,us,1987-01-06,28070,Argentina,2
1987-01-09 03:57:49.780000+00:00,-22.91,-63.813,549.1,4.77,mw,,,,0.4,us,usp00031hh,2014-11-07T00:39:38.433Z,"34 km S of General Mosconi, Argentina",earthquake,,10.8,,1.0,reviewed,us,us,1987-01-09,28050,Argentina,-1
1987-01-14 12:44:50.890000+00:00,-32.624,-67.252,158.3,5.71,mw,,,,1.0,us,usp00031nx,2022-04-27T21:55:40.214Z,"75 km W of Villa General Roca, Argentina",earthquake,,,,32.0,reviewed,us,us,1987-01-14,27906,Argentina,1
1987-01-16 16:29:59.330000+00:00,-30.0,-68.626,114.0,4.77,mw,,,,0.9,us,usp00031qr,2014-11-07T00:39:39.594Z,"29 km NNE of San José de Jáchal, Argentina",earthquake,,4.1,,5.0,reviewed,us,us,1987-01-16,28048,Argentina,1
1987-02-05 07:04:29.610000+00:00,-31.017,-65.505,180.2,4.6,mw,,,,1.0,us,usp000326e,2014-11-07T00:39:47.112Z,"42 km WNW of San Carlos, Argentina",earthquake,,5.1,,5.0,reviewed,us,us,1987-02-05,28078,Argentina,-1
1987-02-08 22:22:38.320000+00:00,-28.773,-68.6,106.3,4.94,mw,,,,1.1,us,usp000329w,2014-11-07T00:39:49.054Z,"38 km W of Vinchina, Argentina",earthquake,,6.7,,8.0,reviewed,us,us,1987-02-08,28002,Argentina,1
1987-02-13 21:53:55.680000+00:00,-27.378,-63.291,573.5,4.94,mw,,,,0.8,us,usp00032f6,2014-11-07T00:39:51.679Z,"39 km S of El Hoyo, Argentina",earthquake,,4.1,,11.0,reviewed,us,us,1987-02-13,28008,Argentina,3
1987-02-25 10:42:45.060000+00:00,-27.927,-66.835,171.6,5.3,mw,,,,1.3,us,usp00032rp,2026-02-04T20:09:39.885Z,"37 km SE of Londres, Argentina",earthquake,,,,,reviewed,us,hrv,1987-02-25,28122,Argentina,1
1987-03-01 02:32:49.400000+00:00,-31.612,-69.153,122.1,5.03,mw,,,,0.9,us,usp00032w6,2014-11-07T00:39:56.865Z,"39 km SE of Calingasta, Argentina",earthquake,,3.9,,14.0,reviewed,us,us,1987-03-01,28205,Argentina,1
1987-03-02 07:42:03.090000+00:00,-30.886,-67.982,33.0,5.03,mw,,,,1.2,us,usp00032xc,2014-11-07T00:39:58.785Z,"56 km WSW of San Agustín de Valle Fértil, Argentina",earthquake,,,,1.0,reviewed,us,us,1987-03-02,28206,Argentina,1
1987-03-06 17:17:42.850000+00:00,-31.88,-67.881,117.2,5.28,mw,,,,1.0,us,usp000331t,2014-11-07T00:40:01.822Z,"45 km ESE of Caucete, Argentina",earthquake,,3.4,,11.0,reviewed,us,us,1987-03-06,28125,Argentina,1
1987-03-15 12:39:22.410000+00:00,-24.023,-67.09,205.5,5.11,mw,,,,0.7,us,usp00033b9,2014-11-07T00:40:04.302Z,"81 km WNW of San Antonio de los Cobres, Argentina",earthquake,,14.5,,2.0,reviewed,us,us,1987-03-15,28191,Argentina,2
1987-03-25 02:43:20.800000+00:00,-32.912,-64.186,29.8,4.85,mw,,,,1.2,us,usp00033m7,2014-11-07T00:40:06.911Z,"15 km W of Carnerillo, Argentina",earthquake,,9.9,,2.0,reviewed,us,us,1987-03-25,28226,Argentina,-1
1987-03-29 05:17:45.120000+00:00,-22.522,-66.922,209.8,5.2,mw,,,,1.2,us,usp00033r8,2014-11-07T00:40:07.639Z,"127 km W of Abra Pampa, Argentina",earthquake,,10.2,,1.0,reviewed,us,us,1987-03-29,28187,Argentina,2
1987-04-01 01:48:08.520000+00:00,-22.767,-66.205,248.7,7.0,mw,,,,1.1,us,usp00033th,2022-04-27T21:47:04.764Z,"52 km W of Abra Pampa, Argentina",earthquake,,,,,reviewed,us,hrv,1987-04-01,28090,Argentina,2
1987-04-03 11:10:21.030000+00:00,-27.359,-63.353,580.8,5.03,mw,,,,0.9,us,usp00033w3,2014-11-07T00:40:11.983Z,"38 km SSW of El Hoyo, Argentina",earthquake,,4.5,,23.0,reviewed,us,us,1987-04-03,28214,Argentina,3
1987-04-12 07:03:54.160000+00:00,-28.295,-67.371,108.6,4.68,mw,,,,1.0,us,usp000343r,2014-11-07T00:40:14.066Z,"31 km SE of Tinogasta, Argentina",earthquake,,9.7,,3.0,reviewed,us,us,1987-04-12,28244,Argentina,1
1987-05-10 15:16:22.360000+00:00,-30.911,-65.503,178.2,5.5,mw,,,,1.1,us,usp00034w5,2025-12-19T21:15:08.045Z,"32 km SSW of Serrezuela, Argentina",earthquake,,,,,reviewed,us,hrv,1987-05-10,28094,Argentina,-1
1987-05-29 19:37:51.840000+00:00,-23.917,-66.628,205.2,5.28,mw,,,,0.9,us,usp00035c9,2014-11-07T00:40:27.134Z,"45 km NW of San Antonio de los Cobres, Argentina",earthquake,,5.4,,16.0,reviewed,us,us,1987-05-29,28183,Argentina,2
1987-06-02 18:26:39.460000+00:00,-32.368,-69.601,138.0,4.68,mw,,,,1.1,us,usp00035fv,2014-11-07T00:40:29.939Z,"92 km NW of Mendoza, Argentina",earthquake,,12.9,,2.0,reviewed,us,us,1987-06-02,28255,Argentina,1
1987-06-06 08:18:22.770000+00:00,-29.291,-68.578,110.6,5.03,mw,,,,1.3,us,usp00035jq,2014-11-07T00:40:30.970Z,"69 km SSW of Vinchina, Argentina",earthquake,,26.8,,2.0,reviewed,us,us,1987-06-06,28191,Argentina,1
1987-06-06 20:13:32.820000+00:00,-29.49,-69.633,109.5,5.28,mw,,,,0.9,us,usp00035kb,2014-11-07T00:40:31.356Z,"119 km NW of San José de Jáchal, Argentina",earthquake,,6.0,,11.0,reviewed,us,us,1987-06-06,28164,Argentina,1
1987-06-14 18:22:12.070000+00:00,-58.269,-65.623,10.0,5.5,mw,,,,1.1,us,usp00035sy,2022-04-27T21:43:06.401Z,Drake Passage,earthquake,,,,,reviewed,us,hrv,1987-06-14,28095,Argentina,-1
1987-06-20 00:46:25.130000+00:00,-28.22,-63.159,609.6,5.28,mw,,,,0.8,us,usp00035xb,2014-11-07T00:40:33.243Z,"41 km SE of Suncho Corral, Argentina",earthquake,,2.7,,40.0,reviewed,us,us,1987-06-20,28136,Argentina,3
1987-06-21 10:08:58.550000+00:00,-57.295,-66.815,33.0,5.5,mw,,,,1.1,us,usp00035z0,2025-12-19T21:14:54.862Z,"291 km SSE of Ushuaia, Argentina",earthquake,,,,,reviewed,us,hrv,1987-06-21,28099,Argentina,-1
1987-06-29 01:51:43.410000+00:00,-51.736,-71.973,10.0,5.28,mw,,,,1.0,us,usp0003664,2014-11-07T00:40:34.476Z,"23 km SE of 28 de Noviembre, Argentina",earthquake,,,,6.0,reviewed,us,us,1987-06-29,28127,Argentina,-1
1987-07-05 12:47:05.710000+00:00,-56.886,-67.051,10.0,5.45,mw,,,,1.1,us,usp00036c1,2014-11-07T00:40:38.431Z,"244 km SSE of Ushuaia, Argentina",earthquake,,,,11.0,reviewed,us,us,1987-07-05,28108,Argentina,-1
1987-07-11 17:55:09.370000+00:00,-31.345,-68.2,115.4,4.94,mw,,,,0.9,us,usp00036jw,2014-11-07T00:40:40.575Z,"30 km ENE of San Martín, Argentina",earthquake,,6.0,,1.0,reviewed,us,us,1987-07-11,28220,Argentina,1
1987-07-29 15:22:33.100000+00:00,-28.869,-67.15,141.6,5.4,mw,,,,1.1,us,usp000371f,2025-12-19T21:14:41.201Z,"46 km NE of Chilecito, Argentina",earthquake,,,,,reviewed,us,hrv,1987-07-29,28118,Argentina,1
1987-08-09 04:21:13.720000+00:00,-29.089,-69.509,104.2,5.03,mw,,,,1.2,us,usp00037cn,2014-11-07T00:40:47.681Z,"132 km WSW of Vinchina, Argentina",earthquake,,6.4,,8.0,reviewed,us,us,1987-08-09,28199,Argentina,1
1987-08-18 00:41:28.830000+00:00,-30.575,-69.238,63.5,4.85,mw,,,,1.2,us,usp00037m1,2014-11-07T00:40:49.048Z,"60 km SW of San José de Jáchal, Argentina",earthquake,,11.3,,2.0,reviewed,us,us,1987-08-18,28384,Argentina,1
1987-08-19 04:55:02.930000+00:00,-36.952,-70.546,153.5,4.6,mw,,,,1.2,us,usp00037ms,2014-11-07T00:40:49.164Z,"18 km ENE of Las Ovejas, Argentina",earthquake,,23.3,,1.0,reviewed,us,us,1987-08-19,28424,Argentina,-1
1987-08-19 07:52:44.240000+00:00,-24.088,-66.932,152.5,5.3,mw,,,,0.9,us,usp00037mv,2025-12-19T21:14:04.745Z,"63 km WNW of San Antonio de los Cobres, Argentina",earthquake,,5.7,,,reviewed,us,hrv,1987-08-19,28277,Argentina,2
1987-08-31 08:09:38.830000+00:00,-23.92,-66.499,225.7,4.77,mw,,,,1.2,us,usp00037yq,2014-11-07T00:40:50.280Z,"37 km NNW of San Antonio de los Cobres, Argentina",earthquake,,6.1,,5.0,reviewed,us,us,1987-08-31,28415,Argentina,2
1987-09-01 04:26:07.460000+00:00,-23.052,-66.529,199.0,6.7,mw,,,,1.0,us,usp00037zn,2022-04-27T21:34:09.162Z,"88 km WNW of El Aguilar, Argentina",earthquake,,4.3,,,reviewed,us,nc,1987-09-01,28264,Argentina,2
1987-09-02 04:20:38.650000+00:00,-31.317,-68.226,112.3,4.85,mw,,,,1.0,us,usp000380e,2014-11-07T00:40:53.098Z,"28 km ENE of San Martín, Argentina",earthquake,,5.1,,7.0,reviewed,us,us,1987-09-02,28344,Argentina,1
1987-09-22 04:27:33+00:00,-27.396,-68.148,132.2,5.2,mw,,,,1.2,us,usp00038kt,2014-11-07T00:40:57.593Z,"60 km WNW of Fiambalá, Argentina",earthquake,,6.8,,6.0,reviewed,us,us,1987-09-22,28278,Argentina,1
1987-10-01 22:38:16.290000+00:00,-33.039,-68.025,33.0,4.85,mw,,,,1.3,us,usp00038wr,2014-11-07T00:41:01.533Z,"41 km E of San Martín, Argentina",earthquake,,,,1.0,reviewed,us,us,1987-10-01,28344,Argentina,1
1987-10-27 21:58:17+00:00,-28.676,-62.929,604.5,6.4,mw,,,,1.0,us,usp00039p3,2022-04-27T21:33:33.085Z,"8 km SSE of Colonia Dora, Argentina",earthquake,,,,,reviewed,us,hrv,1987-10-27,28265,Argentina,3
1987-10-29 10:40:49.750000+00:00,-31.739,-67.736,10.0,4.85,mw,,,,1.4,us,usp00039qm,2014-11-07T00:41:07.660Z,"52 km E of Caucete, Argentina",earthquake,,,,2.0,reviewed,us,us,1987-10-29,28339,Argentina,1
1987-11-01 23:54:38.680000+00:00,-31.558,-69.291,135.1,4.43,mw,,,,1.2,us,usp00039ty,2014-11-07T00:41:10.300Z,"27 km SSE of Calingasta, Argentina",earthquake,,13.5,,1.0,reviewed,us,us,1987-11-01,28427,Argentina,1
1987-11-06 16:48:14.370000+00:00,-22.136,-65.767,278.5,5.11,mw,,,,1.0,us,usp00039xh,2014-11-07T00:41:11.662Z,"Jujuy, Argentina",earthquake,,7.4,,10.0,reviewed,us,us,1987-11-06,28279,Argentina,2
1987-11-06 18:47:35.080000+00:00,-22.801,-63.583,538.1,6.0,mw,,,,0.9,us,usp00039xn,2022-04-27T21:28:52.876Z,"32 km SE of General Mosconi, Argentina",earthquake,,,,,reviewed,us,nc,1987-11-06,28265,Argentina,-1
1987-12-16 03:17:54.330000+00:00,-23.736,-67.35,157.7,4.94,mw,,,,1.2,us,usp0003bar,2014-11-07T00:41:23.979Z,"117 km WNW of San Antonio de los Cobres, Argentina",earthquake,,6.8,,3.0,reviewed,us,us,1987-12-16,28334,Argentina,2
1987-12-30 22:34:28.580000+00:00,-27.498,-67.432,139.4,5.11,mw,,,,1.1,us,usp0003bp6,2014-11-07T00:41:25.520Z,"26 km NE of Fiambalá, Argentina",earthquake,,5.8,,7.0,reviewed,us,us,1987-12-30,28299,Argentina,1
1988-01-07 13:48:35.150000+00:00,-27.92,-67.183,147.2,4.77,mw,,,,0.9,us,usp0003bvy,2014-11-07T00:41:29.539Z,"23 km SSW of Londres, Argentina",earthquake,,8.0,,8.0,reviewed,us,us,1988-01-07,28398,Argentina,1
1988-01-16 05:16:12.050000+00:00,-25.088,-68.616,91.8,5.03,mw,,,,1.2,us,usp0003c3j,2014-11-07T00:41:31.154Z,Chile-Argentina border region,earthquake,,11.2,,4.0,reviewed,us,us,1988-01-16,28308,Chile-Argentina border region,2
1988-01-25 07:38:12.240000+00:00,-26.385,-63.171,595.8,4.94,mw,,,,0.7,us,usp0003cch,2014-11-07T00:41:32.440Z,"38 km NW of Campo Gallo, Argentina",earthquake,,7.4,,12.0,reviewed,us,us,1988-01-25,28336,Argentina,3
1988-01-28 20:33:10.780000+00:00,-30.056,-67.121,33.0,4.77,mw,,,,0.9,us,usp0003cha,2014-11-07T00:41:33.322Z,"72 km NNE of San Agustín de Valle Fértil, Argentina",earthquake,,,,2.0,reviewed,us,us,1988-01-28,28406,Argentina,1
1988-02-11 21:31:00.990000+00:00,-39.957,-71.198,149.7,5.11,mw,,,,1.2,us,usp0003cym,2014-11-07T00:41:39.263Z,"11 km W of Junín de los Andes, Argentina",earthquake,,16.7,,4.0,reviewed,us,us,1988-02-11,28543,Argentina,-1
1988-02-25 02:55:33.620000+00:00,-31.381,-69.678,130.2,4.94,mw,,,,0.3,us,usp0003db8,2014-11-07T00:41:41.156Z,"25 km WSW of Calingasta, Argentina",earthquake,,22.0,,1.0,reviewed,us,us,1988-02-25,28567,Argentina,1
1988-02-29 10:56:21.350000+00:00,-29.252,-68.899,104.1,5.28,mw,,,,1.4,us,usp0003dfn,2014-11-07T00:41:42.192Z,"86 km SW of Vinchina, Argentina",earthquake,,8.0,,1.0,reviewed,us,us,1988-02-29,28478,Argentina,1
1988-03-01 02:51:48.930000+00:00,-22.644,-65.935,274.1,4.85,mw,,,,1.1,us,usp0003dga,2014-11-07T00:41:43.894Z,"25 km WNW of Abra Pampa, Argentina",earthquake,,5.6,,8.0,reviewed,us,us,1988-03-01,28615,Argentina,2
1988-03-11 22:04:08.410000+00:00,-30.836,-65.634,210.8,5.03,mw,,,,1.0,us,usp0003dvk,2014-11-07T00:41:47.796Z,"29 km SSE of Castro Barros, Argentina",earthquake,,14.1,,1.0,reviewed,us,us,1988-03-11,28567,Argentina,-1
1988-03-19 01:19:01.140000+00:00,-23.741,-66.357,220.6,5.2,mw,,,,1.0,us,usp0003e3b,2014-11-07T00:41:48.819Z,"52 km N of San Antonio de los Cobres, Argentina",earthquake,,4.5,,11.0,reviewed,us,us,1988-03-19,28501,Argentina,2
1988-03-25 17:20:53.100000+00:00,-31.336,-67.822,26.4,5.54,mw,,,,1.1,us,usp0003eag,2022-04-28T20:52:31.764Z,"55 km NE of Caucete, Argentina",earthquake,,4.3,,7.0,reviewed,us,us,1988-03-25,28455,Argentina,1
1988-04-11 00:52:12.950000+00:00,-33.051,-68.49,150.4,4.85,mw,,,,1.0,us,usp0003ex9,2014-11-07T00:41:56.866Z,"3 km NNW of San Martín, Argentina",earthquake,,11.1,,1.0,reviewed,us,us,1988-04-11,28590,Argentina,1
1988-04-11 20:53:13.890000+00:00,-27.539,-67.354,136.0,5.28,mw,,,,1.3,us,usp0003ey2,2014-11-07T00:41:56.939Z,"29 km NW of Londres, Argentina",earthquake,,9.0,,4.0,reviewed,us,us,1988-04-11,28484,Argentina,1
1988-05-21 05:32:05.270000+00:00,-28.298,-67.287,138.1,5.03,mw,,,,1.0,us,usp0003g5d,2014-11-07T00:42:10.670Z,"37 km SE of Tinogasta, Argentina",earthquake,,,,7.0,reviewed,us,us,1988-05-21,28558,Argentina,1
1988-05-23 00:28:04.810000+00:00,-28.439,-68.634,117.1,5.4,mw,,,,0.9,us,usp0003g90,2025-12-19T21:11:32.984Z,"54 km NW of Vinchina, Argentina",earthquake,,,,,reviewed,us,hrv,1988-05-23,28460,Argentina,1
1988-05-24 14:22:22.230000+00:00,-26.665,-67.448,33.0,4.94,mw,,,,1.2,us,usp0003gb9,2014-11-07T00:42:11.371Z,"67 km S of Antofagasta de la Sierra, Argentina",earthquake,,,,1.0,reviewed,us,us,1988-05-24,28581,Argentina,-1
1988-05-28 10:05:45.390000+00:00,-24.264,-67.053,177.2,5.37,mw,,,,1.1,us,usp0003gfq,2014-11-07T00:42:11.850Z,"74 km W of San Antonio de los Cobres, Argentina",earthquake,,6.6,,5.0,reviewed,us,us,1988-05-28,28470,Argentina,2
1988-05-30 21:22:12.520000+00:00,-31.515,-69.061,93.9,6.05,mw,,,,1.0,us,usp0003gj4,2022-04-28T20:48:27.652Z,"31 km W of Villa Basilio Nievas, Argentina",earthquake,,3.2,,25.0,reviewed,us,us,1988-05-30,28441,Argentina,1
1988-06-07 05:26:02.130000+00:00,-30.239,-68.804,106.5,5.11,mw,,,,1.1,us,usp0003gt0,2014-11-07T00:42:17.978Z,"5 km W of San José de Jáchal, Argentina",earthquake,,4.9,,11.0,reviewed,us,us,1988-06-07,28550,Argentina,1
1988-06-16 15:42:30.980000+00:00,-31.965,-67.181,133.7,5.11,mw,,,,1.1,us,usp0003h16,2014-11-07T00:42:19.684Z,"103 km NW of Villa General Roca, Argentina",earthquake,,,,13.0,reviewed,us,us,1988-06-16,28548,Argentina,1
1988-06-16 22:57:32.450000+00:00,-22.841,-63.732,539.5,5.2,mw,,,,1.1,us,usp0003h1d,2014-11-07T00:42:19.709Z,"28 km SSE of General Mosconi, Argentina",earthquake,,9.0,,1.0,reviewed,us,us,1988-06-16,28541,Argentina,-1
1988-06-30 15:21:08.200000+00:00,-23.824,-67.06,143.8,5.4,mw,,,,1.1,us,usp0003hfu,2025-12-19T20:57:12.515Z,"87 km WNW of San Antonio de los Cobres, Argentina",earthquake,,7.9,,,reviewed,us,hrv,1988-06-30,28459,Argentina,2
1988-07-09 18:25:54.670000+00:00,-32.372,-69.361,121.3,5.2,mw,,,,0.9,us,usp0003hr2,2014-11-07T00:42:30.226Z,"76 km NW of Mendoza, Argentina",earthquake,,3.0,,15.0,reviewed,us,us,1988-07-09,28501,Argentina,1
1988-08-03 09:16:03.300000+00:00,-31.554,-66.594,151.6,4.68,mw,,,,1.2,us,usp0003jkd,2014-11-07T00:42:37.303Z,"91 km NW of Candelaria, Argentina",earthquake,,24.4,,1.0,reviewed,us,us,1988-08-03,28616,Argentina,1
1988-08-04 06:00:50.230000+00:00,-28.822,-67.461,140.2,5.11,mw,,,,1.1,us,usp0003jme,2014-11-07T00:42:37.592Z,"37 km N of Chilecito, Argentina",earthquake,,12.1,,2.0,reviewed,us,us,1988-08-04,28544,Argentina,1
1988-08-16 09:41:38.160000+00:00,-27.407,-67.354,124.9,4.85,mw,,,,1.2,us,usp0003k1z,2014-11-07T00:42:40.665Z,"36 km WNW of La Puerta de San José, Argentina",earthquake,,8.7,,4.0,reviewed,us,us,1988-08-16,28752,Argentina,1
1988-08-24 15:20:33.380000+00:00,-31.12,-67.965,92.0,5.03,mw,,,,0.8,us,usp0003kby,2014-11-07T00:42:42.260Z,"61 km NE of San Martín, Argentina",earthquake,,10.3,,2.0,reviewed,us,us,1988-08-24,28737,Argentina,1
1988-08-28 02:15:00.150000+00:00,-26.165,-67.644,33.0,5.03,mw,,,,0.8,us,usp0003kf7,2014-11-07T00:42:42.642Z,"26 km WSW of Antofagasta de la Sierra, Argentina",earthquake,,,,1.0,reviewed,us,us,1988-08-28,28750,Argentina,-1
1988-08-31 10:39:48.100000+00:00,-32.457,-69.523,119.8,4.68,mw,,,,0.9,us,usp0003khv,2014-11-07T00:42:42.887Z,"81 km NW of Mendoza, Argentina",earthquake,,5.8,,5.0,reviewed,us,us,1988-08-31,28762,Argentina,1
1988-09-09 02:20:21.190000+00:00,-30.2,-67.574,39.5,5.37,mw,,,,1.1,us,usp0003ktp,2014-11-07T00:42:48.411Z,"49 km NNW of San Agustín de Valle Fértil, Argentina",earthquake,,14.0,,7.0,reviewed,us,us,1988-09-09,28652,Argentina,1
1988-09-27 14:40:23.900000+00:00,-27.879,-66.651,171.2,5.2,mw,,,,1.1,us,usp0003maa,2014-11-07T00:42:51.603Z,"46 km SW of Andalgalá, Argentina",earthquake,,16.2,,4.0,reviewed,us,us,1988-09-27,28670,Argentina,1
1988-09-30 05:09:34.350000+00:00,-31.33,-68.757,123.8,4.77,mw,,,,0.9,us,usp0003mcw,2014-11-07T00:42:52.627Z,"24 km N of Villa Basilio Nievas, Argentina",earthquake,,8.3,,1.0,reviewed,us,us,1988-09-30,28758,Argentina,1
1988-10-02 04:37:38.650000+00:00,-34.81,-70.469,19.5,4.94,mw,,,,1.2,us,usp0003mew,2014-11-07T00:42:54.763Z,Chile-Argentina border region,earthquake,,5.6,,5.0,reviewed,us,us,1988-10-02,28750,Chile-Argentina border region,-1
1988-10-21 08:22:03.420000+00:00,-25.945,-68.169,83.0,4.51,mw,,,,1.2,us,usp0003n1c,2014-11-07T00:42:58.892Z,"77 km W of Antofagasta de la Sierra, Argentina",earthquake,,11.6,,2.0,reviewed,us,us,1988-10-21,28797,Argentina,-1
1988-11-15 06:27:00.010000+00:00,-30.972,-67.189,33.0,5.03,mw,,,,1.3,us,usp0003nvt,2014-11-07T00:43:06.363Z,"46 km SE of San Agustín de Valle Fértil, Argentina",earthquake,,,,2.0,reviewed,us,us,1988-11-15,28719,Argentina,1
1988-12-03 06:37:30.020000+00:00,-24.504,-67.054,186.5,4.77,mw,,,,1.3,us,usp0003pfm,2014-11-07T00:43:13.661Z,"81 km WSW of San Antonio de los Cobres, Argentina",earthquake,,6.5,,5.0,reviewed,us,us,1988-12-03,28761,Argentina,2
1988-12-16 05:05:46.800000+00:00,-24.122,-66.92,169.7,5.2,mw,,,,1.2,us,usp0003pwb,2025-12-19T20:56:56.252Z,"62 km W of San Antonio de los Cobres, Argentina",earthquake,,6.4,,,reviewed,us,hrv,1988-12-16,28673,Argentina,2
1988-12-16 12:26:35.590000+00:00,-22.958,-66.376,220.2,5.45,mw,,,,0.9,us,usp0003pwr,2014-11-07T00:43:17.584Z,"74 km WSW of Abra Pampa, Argentina",earthquake,,4.3,,25.0,reviewed,us,us,1988-12-16,28643,Argentina,2
1988-12-18 13:52:26.590000+00:00,-29.698,-68.633,121.6,4.77,mw,,,,1.4,us,usp0003py2,2014-11-07T00:43:17.781Z,"61 km N of San José de Jáchal, Argentina",earthquake,,11.8,,1.0,reviewed,us,us,1988-12-18,28758,Argentina,1
1988-12-24 04:26:54.560000+00:00,-23.522,-66.666,193.6,6.1,mw,,,,1.0,us,usp0003q4s,2022-04-28T20:29:54.574Z,"84 km NNW of San Antonio de los Cobres, Argentina",earthquake,,2.6,,,reviewed,us,hrv,1988-12-24,28628,Argentina,2
1988-12-24 10:39:40.320000+00:00,-27.434,-63.156,580.5,5.5,mw,,,,0.9,us,usp0003q54,2022-04-28T20:29:55.705Z,"45 km S of El Hoyo, Argentina",earthquake,,2.3,,,reviewed,us,hrv,1988-12-24,28636,Argentina,3
1988-12-27 10:06:36.760000+00:00,-29.112,-68.34,117.1,5.45,mw,,,,1.1,us,usp0003q7s,2014-11-07T00:43:19.303Z,"41 km SSW of Vinchina, Argentina",earthquake,,,,12.0,reviewed,us,us,1988-12-27,28640,Argentina,1
1988-12-28 14:59:24.890000+00:00,-38.304,-71.28,33.0,5.03,mw,,,,0.9,us,usp0003q98,2014-11-07T00:43:19.515Z,"63 km WSW of Loncopué, Argentina",earthquake,,,,2.0,reviewed,us,us,1988-12-28,28694,Argentina,-1
1989-02-01 03:34:15.890000+00:00,-24.382,-67.588,180.9,5.03,mw,,,,1.1,us,usp0003reg,2014-11-07T00:43:31.837Z,"130 km W of San Antonio de los Cobres, Argentina",earthquake,,8.0,,3.0,reviewed,us,us,1989-02-01,28675,Argentina,2
1989-02-09 22:49:02.110000+00:00,-22.611,-66.086,247.3,5.4,mw,,,,1.0,us,usp0003rq5,2025-12-19T21:07:15.429Z,"41 km WNW of Abra Pampa, Argentina",earthquake,,4.5,,,reviewed,us,hrv,1989-02-09,28820,Argentina,2
1989-02-22 12:44:12.190000+00:00,-32.397,-68.954,55.5,5.11,mw,,,,1.3,us,usp0003s6m,2014-11-07T00:43:37.955Z,"56 km NNW of Mendoza, Argentina",earthquake,,6.7,,10.0,reviewed,us,us,1989-02-22,28887,Argentina,1
1989-02-24 01:59:54.590000+00:00,-24.057,-66.558,204.4,5.11,mw,,,,1.1,us,usp0003s8p,2014-11-07T00:43:38.153Z,"30 km NW of San Antonio de los Cobres, Argentina",earthquake,,5.1,,11.0,reviewed,us,us,1989-02-24,28854,Argentina,2
1989-02-24 12:36:59.870000+00:00,-38.287,-71.151,33.0,5.3,mw,,,,1.0,us,usp0003s9e,2022-04-28T20:26:41.312Z,"52 km WSW of Loncopué, Argentina",earthquake,,,,,reviewed,us,hrv,1989-02-24,28824,Argentina,-1
1989-02-25 15:22:18.850000+00:00,-31.986,-68.167,118.9,4.77,mw,,,,0.9,us,usp0003sb4,2014-11-07T00:43:38.510Z,"San Juan, Argentina",earthquake,,5.7,,2.0,reviewed,us,us,1989-02-25,28933,Argentina,1
1989-02-28 13:01:57.640000+00:00,-23.113,-61.465,569.0,6.5,mw,,,,1.1,us,usp0003sea,2022-04-28T20:27:03.522Z,"86 km E of General Enrique Mosconi, Argentina",earthquake,,,,,reviewed,us,hrv,1989-02-28,28805,Argentina,-1
1989-03-23 21:22:38.270000+00:00,-28.858,-67.326,134.3,5.2,mw,,,,1.2,us,usp0003t83,2014-11-07T00:43:50.790Z,"37 km NNE of Chilecito, Argentina",earthquake,,,,10.0,reviewed,us,us,1989-03-23,28847,Argentina,1
1989-03-30 10:45:21.950000+00:00,-22.719,-66.612,286.7,4.43,mw,,,,1.0,us,usp0003tf4,2014-11-07T00:43:51.778Z,"94 km W of Abra Pampa, Argentina",earthquake,,30.0,,2.0,reviewed,us,us,1989-03-30,28969,Argentina,2
1989-04-27 08:38:44.740000+00:00,-24.008,-67.182,178.4,5.11,mw,,,,0.9,us,usp0003ufr,2014-11-07T00:44:02.426Z,"90 km WNW of San Antonio de los Cobres, Argentina",earthquake,,5.5,,8.0,reviewed,us,us,1989-04-27,28882,Argentina,2
1989-05-02 06:58:41.350000+00:00,-26.521,-67.466,139.3,5.37,mw,,,,1.4,us,usp0003usa,2014-11-07T00:44:06.623Z,"51 km S of Antofagasta de la Sierra, Argentina",earthquake,,10.3,,7.0,reviewed,us,us,1989-05-02,28821,Argentina,-1
1989-05-02 10:12:58.170000+00:00,-31.576,-68.204,10.0,4.51,mw,,,,1.3,us,usp0003usp,2014-11-07T00:44:06.890Z,"11 km NE of Caucete, Argentina",earthquake,,,,1.0,reviewed,us,us,1989-05-02,28953,Argentina,1
1989-05-04 12:17:06.570000+00:00,-23.249,-66.921,162.6,4.6,mw,,,,0.5,us,usp0003uw7,2014-11-07T00:44:08.768Z,"123 km NNW of San Antonio de los Cobres, Argentina",earthquake,,7.2,,3.0,reviewed,us,us,1989-05-04,28941,Argentina,2
1989-05-10 03:50:47.650000+00:00,-31.561,-70.177,122.5,4.51,mw,,,,1.1,us,usp0003v3n,2014-11-07T00:44:10.306Z,"76 km WSW of Calingasta, Argentina",earthquake,,17.1,,1.0,reviewed,us,us,1989-05-10,28941,Argentina,1
1989-05-31 16:51:05+00:00,-27.998,-66.601,167.9,4.85,mw,,,,1.4,us,usp0003vup,2014-11-07T00:44:15.757Z,"53 km SSW of Andalgalá, Argentina",earthquake,,7.0,,5.0,reviewed,us,us,1989-05-31,28916,Argentina,1
1989-06-12 08:57:48.790000+00:00,-23.504,-66.626,237.0,4.6,mw,,,,1.2,us,usp0003w72,2014-11-07T00:44:22.389Z,"85 km NNW of San Antonio de los Cobres, Argentina",earthquake,,36.5,,1.0,reviewed,us,us,1989-06-12,28940,Argentina,2
1989-06-17 14:57:48.410000+00:00,-31.419,-67.55,27.9,5.54,mw,,,,0.9,us,usp0003wc2,2022-04-28T20:16:02.097Z,"74 km ENE of Caucete, Argentina",earthquake,,5.8,,16.0,reviewed,us,us,1989-06-17,28818,Argentina,1
1989-06-24 12:58:39.080000+00:00,-28.336,-66.312,21.7,5.5,mw,,,,1.0,us,usp0003wkh,2022-04-28T20:16:19.918Z,"11 km NW of Pomán, Argentina",earthquake,,,,,reviewed,us,hrv,1989-06-24,28820,Argentina,1
1989-06-25 06:41:16.120000+00:00,-33.269,-68.492,10.0,4.85,mw,,,,1.0,us,usp0003wmj,2014-11-07T00:44:24.094Z,"20 km S of San Martín, Argentina",earthquake,,,,4.0,reviewed,us,us,1989-06-25,28895,Argentina,1
1989-06-25 19:34:30.170000+00:00,-28.034,-67.207,258.7,5.03,mw,,,,1.2,us,usp0003wnb,2014-11-07T00:44:24.172Z,"35 km E of Tinogasta, Argentina",earthquake,,14.8,,1.0,reviewed,us,us,1989-06-25,28887,Argentina,1
1989-07-07 05:56:20.850000+00:00,-28.384,-68.253,125.7,4.77,mw,,,,1.5,us,usp0003x26,2014-11-07T00:44:31.427Z,"41 km N of Vinchina, Argentina",earthquake,,15.8,,1.0,reviewed,us,us,1989-07-07,28928,Argentina,1
1989-07-23 17:28:44.780000+00:00,-31.302,-68.888,115.1,4.85,mw,,,,1.0,us,usp0003xmg,2014-11-07T00:44:34.244Z,"31 km NNW of Villa Basilio Nievas, Argentina",earthquake,,6.6,,1.0,reviewed,us,us,1989-07-23,28889,Argentina,1
1989-08-04 12:14:24.340000+00:00,-29.576,-68.741,59.5,5.03,mw,,,,1.3,us,usp0003y1v,2014-11-07T00:44:39.667Z,"73 km N of San José de Jáchal, Argentina",earthquake,,18.4,,1.0,reviewed,us,us,1989-08-04,29034,Argentina,1
1989-08-19 17:29:55.910000+00:00,-27.641,-67.486,161.3,5.11,mw,,,,1.3,us,usp0003ymp,2014-11-07T00:44:43.601Z,"13 km ENE of Fiambalá, Argentina",earthquake,,8.9,,2.0,reviewed,us,us,1989-08-19,29030,Argentina,1
1989-08-29 06:10:12.300000+00:00,-40.881,-71.5,137.8,4.94,mw,,,,1.2,us,usp0003z0z,2014-11-07T00:44:45.394Z,"18 km SE of Villa La Angostura, Argentina",earthquake,,13.2,,8.0,reviewed,us,us,1989-08-29,29041,Argentina,-1
1989-08-31 08:17:22.540000+00:00,-41.85,-71.678,154.4,5.62,mw,,,,1.2,us,usp0003z35,2014-11-07T00:44:45.663Z,"17 km NW of El Bolsón, Argentina",earthquake,,,,21.0,reviewed,us,us,1989-08-31,28981,Argentina,-1
1989-09-03 20:56:21.450000+00:00,-24.443,-67.272,179.9,4.6,mw,,,,1.0,us,usp0003z6w,2014-11-07T00:44:49.319Z,"99 km WSW of San Antonio de los Cobres, Argentina",earthquake,,10.3,,2.0,reviewed,us,us,1989-09-03,29079,Argentina,2
1989-09-07 22:22:19.940000+00:00,-31.798,-69.498,119.8,4.51,mw,,,,1.0,us,usp0003zb7,2014-11-07T00:44:50.726Z,"51 km S of Calingasta, Argentina",earthquake,,5.3,,2.0,reviewed,us,us,1989-09-07,29149,Argentina,1
1989-09-19 08:32:25.430000+00:00,-31.467,-67.488,44.1,5.11,mw,,,,1.2,us,usp0003zsb,2014-11-07T00:44:53.255Z,"78 km ENE of Caucete, Argentina",earthquake,,6.1,,6.0,reviewed,us,us,1989-09-19,29033,Argentina,1
1989-09-22 07:02:59.390000+00:00,-31.018,-67.797,5.0,5.28,mw,,,,1.6,us,usp0003zvw,2014-11-07T00:44:53.715Z,"52 km SW of San Agustín de Valle Fértil, Argentina",earthquake,,,,7.0,reviewed,us,us,1989-09-22,29015,Argentina,1
1989-09-25 01:46:31.720000+00:00,-33.717,-68.615,52.0,4.85,mw,,,,0.8,us,usp0003zzm,2014-11-07T00:44:54.080Z,"71 km S of San Martín, Argentina",earthquake,,10.5,,4.0,reviewed,us,us,1989-09-25,29061,Argentina,1
1989-09-26 04:40:50.470000+00:00,-30.232,-68.436,57.4,4.77,mw,,,,1.2,us,usp0004013,2014-11-07T00:44:54.649Z,"29 km E of San José de Jáchal, Argentina",earthquake,,10.3,,3.0,reviewed,us,us,1989-09-26,29064,Argentina,1
1989-09-27 23:46:06.740000+00:00,-23.194,-66.631,220.5,4.94,mw,,,,1.1,us,usp000403n,2014-11-07T00:44:54.894Z,"97 km W of El Aguilar, Argentina",earthquake,,6.4,,6.0,reviewed,us,us,1989-09-27,29035,Argentina,2
1989-10-03 21:33:34.770000+00:00,-24.103,-66.891,154.6,5.4,mw,,,,1.0,us,usp00040a5,2025-12-19T21:04:13.222Z,"59 km WNW of San Antonio de los Cobres, Argentina",earthquake,,,,,reviewed,us,hrv,1989-10-03,29008,Argentina,2
1989-10-23 03:30:41.930000+00:00,-30.875,-65.441,170.1,5.45,mw,,,,1.0,us,usp000414s,2014-11-07T00:45:04.133Z,"26 km S of Serrezuela, Argentina",earthquake,,4.5,,31.0,reviewed,us,us,1989-10-23,29006,Argentina,-1
1989-10-23 23:41:26.320000+00:00,-27.916,-66.856,167.5,5.4,mw,,,,1.5,us,usp0004160,2025-12-19T21:04:26.534Z,"35 km SE of Londres, Argentina",earthquake,,,,,reviewed,us,hrv,1989-10-23,29011,Argentina,1
1989-10-26 15:17:12.210000+00:00,-31.289,-68.603,118.1,5.11,mw,,,,0.9,us,usp00041aa,2014-11-07T00:45:04.728Z,"18 km NNW of Albardón, Argentina",earthquake,,5.8,,7.0,reviewed,us,us,1989-10-26,29027,Argentina,1
1989-11-10 13:42:51.180000+00:00,-22.772,-65.936,265.7,5.6,mw,,,,1.1,us,usp00041x7,2022-04-28T20:06:52.143Z,"25 km WSW of Abra Pampa, Argentina",earthquake,,,,,reviewed,us,hrv,1989-11-10,28996,Argentina,2
1990-01-19 21:22:58.860000+00:00,-31.475,-69.194,112.9,4.85,mw,,,,1.2,us,usp00044fn,2014-11-07T00:45:33.657Z,"26 km SE of Calingasta, Argentina",earthquake,,7.3,,2.0,reviewed,us,us,1990-01-19,29061,Argentina,1
1990-02-09 12:57:29.500000+00:00,-31.551,-69.144,120.3,5.03,mw,,,,1.1,us,usp0004584,2014-11-07T00:45:41.213Z,"35 km SE of Calingasta, Argentina",earthquake,,,,8.0,reviewed,us,us,1990-02-09,29221,Argentina,1
1990-02-23 10:50:59.320000+00:00,-28.303,-62.988,598.7,4.94,mw,,,,0.9,us,usp00045tu,2014-11-07T00:45:47.564Z,"23 km NW of Añatuya, Argentina",earthquake,,8.1,,10.0,reviewed,us,us,1990-02-23,29258,Argentina,3
1990-02-24 09:41:55.390000+00:00,-31.764,-68.751,11.9,4.51,mw,,,,0.9,us,usp00045v4,2014-11-07T00:45:47.670Z,"18 km WSW of Pocito, Argentina",earthquake,,3.9,,1.0,reviewed,us,us,1990-02-24,29314,Argentina,1
1990-03-19 04:59:43.540000+00:00,-25.027,-68.73,122.4,5.28,mw,,,,1.0,us,usp00046tg,2014-11-07T00:45:57.493Z,"175 km NW of Antofagasta de la Sierra, Argentina",earthquake,,,,17.0,reviewed,us,us,1990-03-19,29184,Argentina,2
1990-03-22 03:56:03.900000+00:00,-24.324,-67.15,186.5,4.43,mw,,,,1.1,us,usp00046xg,2014-11-07T00:45:58.134Z,"85 km W of San Antonio de los Cobres, Argentina",earthquake,,19.6,,1.0,reviewed,us,us,1990-03-22,29315,Argentina,2
1990-03-22 16:33:13.170000+00:00,-23.09,-66.172,249.0,4.85,mw,,,,1.3,us,usp00046y9,2014-11-07T00:45:58.189Z,"52 km WNW of El Aguilar, Argentina",earthquake,,16.9,,3.0,reviewed,us,us,1990-03-22,29295,Argentina,2
1990-04-01 10:52:36.280000+00:00,-34.973,-67.299,29.0,4.85,mw,,,,0.8,us,usp00047b0,2014-11-07T00:46:03.297Z,"102 km ESE of San Rafael, Argentina",earthquake,,10.4,,2.0,reviewed,us,us,1990-04-01,29289,Argentina,-1
1990-04-04 11:15:55.510000+00:00,-24.343,-64.985,33.0,5.28,mw,,,,1.4,us,usp00047eq,2014-11-07T00:46:05.768Z,"4 km SSW of La Mendieta, Argentina",earthquake,,,,1.0,reviewed,us,us,1990-04-04,29185,Argentina,-1
1990-05-08 14:44:41.490000+00:00,-31.158,-68.983,119.5,5.2,mw,,,,1.0,us,usp0004912,2014-11-07T00:46:19.735Z,"46 km ENE of Calingasta, Argentina",earthquake,,5.7,,2.0,reviewed,us,us,1990-05-08,29208,Argentina,1
1990-05-17 11:52:45.970000+00:00,-27.363,-67.843,107.1,4.77,mw,,,,1.4,us,usp00049e5,2014-11-07T00:46:22.553Z,"40 km NNW of Fiambalá, Argentina",earthquake,,9.9,,2.0,reviewed,us,us,1990-05-17,29310,Argentina,1
1990-05-30 04:02:31+00:00,-24.149,-66.745,163.1,5.11,mw,,,,0.9,us,usp00049y3,2014-11-07T00:46:25.071Z,"43 km W of San Antonio de los Cobres, Argentina",earthquake,,5.8,,11.0,reviewed,us,us,1990-05-30,29211,Argentina,2
1990-06-08 03:42:01.910000+00:00,-27.962,-66.578,179.0,4.94,mw,,,,1.4,us,usp0004a8m,2014-11-07T00:46:30.239Z,"49 km SSW of Andalgalá, Argentina",earthquake,,,,14.0,reviewed,us,us,1990-06-08,29267,Argentina,1
1990-06-14 23:04:33.140000+00:00,-30.15,-69.409,117.0,5.2,mw,,,,1.2,us,usp0004aha,2014-11-07T00:46:31.924Z,"64 km W of San José de Jáchal, Argentina",earthquake,,6.0,,1.0,reviewed,us,us,1990-06-14,29211,Argentina,1
1990-06-29 06:31:25.890000+00:00,-28.578,-68.746,123.0,5.3,mw,,,,1.2,us,usp0004b4g,2025-12-19T21:01:35.209Z,"56 km WNW of Vinchina, Argentina",earthquake,,,,,reviewed,us,hrv,1990-06-29,29170,Argentina,1
1990-07-03 02:08:24.360000+00:00,-22.619,-66.173,261.2,4.6,mw,,,,1.2,us,usp0004ba0,2014-11-07T00:46:37.587Z,"50 km WNW of Abra Pampa, Argentina",earthquake,,11.0,,2.0,reviewed,us,us,1990-07-03,29314,Argentina,2
1990-07-03 23:01:54.300000+00:00,-22.985,-66.76,207.5,4.85,mw,,,,1.1,us,usp0004bbg,2014-11-07T00:46:37.957Z,"112 km WSW of Abra Pampa, Argentina",earthquake,,7.4,,5.0,reviewed,us,us,1990-07-03,29280,Argentina,2
1990-07-04 15:52:58.550000+00:00,-30.704,-69.046,124.4,5.03,mw,,,,1.0,us,usp0004bck,2014-11-07T00:46:38.179Z,"58 km SSW of San José de Jáchal, Argentina",earthquake,,6.7,,2.0,reviewed,us,us,1990-07-04,29224,Argentina,1
1990-08-13 22:36:30.910000+00:00,-28.985,-66.071,22.4,5.2,mw,,,,1.4,us,usp0004dbz,2014-11-07T00:46:56.351Z,"23 km S of Capayán, Argentina",earthquake,,,,11.0,reviewed,us,us,1990-08-13,29416,Argentina,-1
1990-08-20 02:40:45.270000+00:00,-33.602,-67.7,190.4,4.85,mw,,,,0.9,us,usp0004dns,2014-11-07T00:46:58.274Z,"91 km SE of San Martín, Argentina",earthquake,,6.4,,7.0,reviewed,us,us,1990-08-20,29491,Argentina,1
1990-08-29 03:22:40.290000+00:00,-24.145,-64.059,33.0,4.94,mw,,,,0.9,us,usp0004e1f,2014-11-07T00:47:00.364Z,"30 km SE of Palma Sola, Argentina",earthquake,,,,5.0,reviewed,us,us,1990-08-29,29490,Argentina,-1
1990-09-04 23:15:11.350000+00:00,-31.262,-69.063,112.1,5.7,mw,,,,1.0,us,usp0004eau,2022-04-28T19:37:07.823Z,"34 km ENE of Calingasta, Argentina",earthquake,,,,,reviewed,us,hrv,1990-09-04,29362,Argentina,1
1990-09-07 16:09:19.620000+00:00,-24.26,-66.957,161.4,5.4,mw,,,,1.1,us,usp0004ee0,2025-12-19T21:00:21.241Z,"64 km W of San Antonio de los Cobres, Argentina",earthquake,,4.6,,,reviewed,us,hrv,1990-09-07,29377,Argentina,2
1990-09-12 20:16:18.960000+00:00,-60.447,-65.029,10.0,5.8,mw,,,,1.2,us,usp0004en5,2022-04-28T19:37:42.587Z,Drake Passage,earthquake,,,,,reviewed,us,hrv,1990-09-12,29355,Argentina,-1
1990-09-16 05:14:31.900000+00:00,-22.924,-66.157,257.0,4.94,mw,,,,1.3,us,usp0004esk,2014-11-07T00:47:07.221Z,"Jujuy, Argentina",earthquake,,,,12.0,reviewed,us,us,1990-09-16,29485,Argentina,2
1990-09-28 14:17:10.230000+00:00,-26.348,-66.602,225.3,5.11,mw,,,,1.1,us,usp0004f52,2014-11-07T00:47:08.522Z,"69 km WSW of Cafayate, Argentina",earthquake,,11.4,,2.0,reviewed,us,us,1990-09-28,29473,Argentina,-1
1990-09-29 00:55:54.730000+00:00,-33.012,-68.146,171.9,4.77,mw,,,,1.1,us,usp0004f5g,2014-11-07T00:47:08.661Z,"31 km ENE of San Martín, Argentina",earthquake,,9.0,,1.0,reviewed,us,us,1990-09-29,29513,Argentina,1
1990-10-13 23:36:19.320000+00:00,-28.16,-69.534,94.0,4.77,mw,,,,1.0,us,usp0004fqx,2014-11-07T00:47:16.728Z,Chile-Argentina border region,earthquake,,9.4,,2.0,reviewed,us,us,1990-10-13,29507,Chile-Argentina border region,1
1990-10-16 23:14:09.440000+00:00,-28.132,-67.402,151.2,5.2,mw,,,,1.2,us,usp0004fuf,2014-11-07T00:47:17.170Z,"17 km ESE of Tinogasta, Argentina",earthquake,,8.6,,2.0,reviewed,us,us,1990-10-16,29419,Argentina,1
1990-11-02 20:59:26.820000+00:00,-26.951,-63.317,558.2,5.37,mw,,,,1.0,us,usp0004gfb,2014-11-07T00:47:22.979Z,"12 km NW of El Hoyo, Argentina",earthquake,,4.7,,47.0,reviewed,us,us,1990-11-02,29380,Argentina,3
1990-12-07 02:24:30.860000+00:00,-27.804,-66.543,162.3,5.2,mw,,,,1.3,us,usp0004htq,2014-11-07T00:47:34.739Z,"33 km SW of Andalgalá, Argentina",earthquake,,6.3,,13.0,reviewed,us,us,1990-12-07,29389,Argentina,1
1990-12-09 22:10:49.580000+00:00,-31.831,-69.642,122.1,4.77,mw,,,,1.1,us,usp0004hx6,2014-11-07T00:47:35.793Z,"58 km SSW of Calingasta, Argentina",earthquake,,8.8,,1.0,reviewed,us,us,1990-12-09,29499,Argentina,1
1990-12-18 21:38:13.170000+00:00,-29.434,-68.242,105.9,4.94,mw,,,,1.2,us,usp0004jar,2014-11-07T00:47:37.886Z,"74 km S of Vinchina, Argentina",earthquake,,5.8,,10.0,reviewed,us,us,1990-12-18,29483,Argentina,1
1990-12-19 22:01:22.100000+00:00,-29.132,-67.626,125.2,5.11,mw,,,,1.5,us,usp0004jc5,2014-11-07T00:47:38.087Z,"12 km WNW of Chilecito, Argentina",earthquake,,,,6.0,reviewed,us,us,1990-12-19,29471,Argentina,1
1990-12-21 18:31:43.830000+00:00,-32.696,-69.647,116.3,5.5,mw,,,,1.0,us,usp0004jga,2025-12-19T20:55:53.431Z,"79 km WNW of Mendoza, Argentina",earthquake,,3.0,,,reviewed,us,hrv,1990-12-21,29371,Argentina,1
1990-12-26 15:03:10.530000+00:00,-31.573,-68.18,17.4,5.2,mw,,,,0.5,us,usp0004jty,2014-11-07T00:47:39.528Z,"12 km NE of Caucete, Argentina",earthquake,,10.9,,1.0,reviewed,us,us,1990-12-26,29402,Argentina,1
1990-12-27 20:54:57.750000+00:00,-24.018,-66.474,205.6,4.85,mw,,,,0.8,us,usp0004jvd,2014-11-07T00:47:40.069Z,"27 km NW of San Antonio de los Cobres, Argentina",earthquake,,4.9,,13.0,reviewed,us,us,1990-12-27,29496,Argentina,2
1991-01-01 08:27:30.580000+00:00,-28.694,-69.305,120.7,5.2,mw,,,,1.0,us,usp0004k27,2014-11-07T00:47:43.367Z,"107 km W of Vinchina, Argentina",earthquake,,8.3,,14.0,reviewed,us,us,1991-01-01,29401,Argentina,1
1991-01-04 15:21:36.180000+00:00,-23.367,-66.595,205.7,5.28,mw,,,,1.1,us,usp0004k78,2014-11-07T00:47:45.847Z,"95 km W of El Aguilar, Argentina",earthquake,,5.2,,14.0,reviewed,us,us,1991-01-04,29385,Argentina,2
1991-01-12 22:59:45.630000+00:00,-22.896,-63.782,542.4,5.03,mw,,,,0.8,us,usp0004kkh,2014-11-07T00:47:49.592Z,"33 km S of General Mosconi, Argentina",earthquake,,4.5,,14.0,reviewed,us,us,1991-01-12,29482,Argentina,-1
1991-01-18 09:03:38.330000+00:00,-24.45,-67.639,137.0,5.11,mw,,,,1.5,us,usp0004ku8,2014-11-07T00:47:50.734Z,"136 km W of San Antonio de los Cobres, Argentina",earthquake,,,,7.0,reviewed,us,us,1991-01-18,29436,Argentina,2
1991-02-10 01:14:00.930000+00:00,-32.202,-67.168,33.0,4.43,mw,,,,1.3,us,usp0004ms0,2014-11-07T00:47:59.125Z,"84 km NW of Villa General Roca, Argentina",earthquake,,,,1.0,reviewed,us,us,1991-02-10,29689,Argentina,1
1991-02-21 06:54:07.980000+00:00,-37.779,-71.037,112.2,5.11,mw,,,,0.9,us,usp0004n7h,2014-11-07T00:48:04.243Z,"42 km WSW of El Huecú, Argentina",earthquake,,14.2,,8.0,reviewed,us,us,1991-02-21,29573,Argentina,-1
1991-02-27 08:34:35.100000+00:00,-30.218,-68.76,34.5,5.62,mw,,,,1.0,us,usp0004nfg,2022-04-28T19:24:56.077Z,"2 km NNW of San José de Jáchal, Argentina",earthquake,,4.2,,24.0,reviewed,us,us,1991-02-27,29547,Argentina,1
1991-03-06 00:04:33.190000+00:00,-31.298,-68.892,114.0,5.03,mw,,,,1.1,us,usp0004nqx,2014-11-07T00:48:10.079Z,"31 km NNW of Villa Basilio Nievas, Argentina",earthquake,,6.2,,2.0,reviewed,us,us,1991-03-06,29616,Argentina,1
1991-03-06 13:08:02.900000+00:00,-57.179,-66.972,10.0,5.2,mw,,,,1.1,us,usp0004nrf,2025-12-19T20:54:45.770Z,"276 km SSE of Ushuaia, Argentina",earthquake,,,,,reviewed,us,hrv,1991-03-06,29560,Argentina,-1
1991-03-15 18:51:00.280000+00:00,-29.132,-68.684,113.8,5.3,mw,,,,1.0,us,usp0004p3g,2025-12-19T20:54:52.113Z,"62 km SW of Vinchina, Argentina",earthquake,,,,,reviewed,us,hrv,1991-03-15,29560,Argentina,1
1991-03-19 08:33:29.080000+00:00,-24.385,-67.076,182.4,4.43,mw,,,,1.3,us,usp0004p85,2014-11-07T00:48:13.035Z,"79 km WSW of San Antonio de los Cobres, Argentina",earthquake,,8.3,,1.0,reviewed,us,us,1991-03-19,29678,Argentina,2
1991-04-21 02:53:22.880000+00:00,-23.502,-66.838,218.2,4.43,mw,,,,1.5,us,usp0004qkr,2014-11-07T00:48:25.085Z,"95 km NNW of San Antonio de los Cobres, Argentina",earthquake,,13.8,,1.0,reviewed,us,us,1991-04-21,29671,Argentina,2
1991-05-01 10:35:55.570000+00:00,-22.766,-66.187,269.6,4.68,mw,,,,1.4,us,usp0004r3k,2014-11-07T00:48:31.172Z,"50 km W of Abra Pampa, Argentina",earthquake,,13.0,,2.0,reviewed,us,us,1991-05-01,29640,Argentina,2
1991-05-17 14:25:50.010000+00:00,-36.573,-70.591,141.8,5.45,mw,,,,0.9,us,usp0004rrv,2014-11-07T00:48:35.700Z,"48 km NNE of Las Ovejas, Argentina",earthquake,,,,15.0,reviewed,us,us,1991-05-17,29553,Argentina,-1
1991-05-19 02:55:26.240000+00:00,-25.347,-64.662,33.0,5.2,mw,,,,1.2,us,usp0004rue,2020-08-29T00:46:51.062Z,"3 km NNW of El Galpón, Argentina",earthquake,,,,6.0,reviewed,us,us,1991-05-19,29569,Argentina,-1
1991-05-25 09:25:36.870000+00:00,-31.664,-69.318,114.0,5.03,mw,,,,0.9,us,usp0004s27,2014-11-07T00:48:37.364Z,"37 km SSE of Calingasta, Argentina",earthquake,,4.0,,11.0,reviewed,us,us,1991-05-25,29606,Argentina,1
1991-05-29 17:37:09.310000+00:00,-24.091,-66.636,195.8,4.94,mw,,,,1.3,us,usp0004s88,2014-11-07T00:48:37.966Z,"35 km WNW of San Antonio de los Cobres, Argentina",earthquake,,7.1,,10.0,reviewed,us,us,1991-05-29,29634,Argentina,2
1991-06-23 21:22:28.940000+00:00,-26.802,-63.349,558.0,7.3,mw,,,,1.0,us,usp0004taw,2022-04-28T19:12:10.859Z,"27 km NNW of El Hoyo, Argentina",earthquake,,,,,reviewed,us,hrv,1991-06-23,29536,Argentina,3
1991-06-25 23:43:44.520000+00:00,-32.781,-66.815,173.8,4.6,mw,,,,0.8,us,usp0004tdq,2014-11-07T00:48:47.290Z,"36 km WSW of Villa General Roca, Argentina",earthquake,,12.2,,1.0,reviewed,us,us,1991-06-25,29644,Argentina,1
1991-07-02 04:16:46.010000+00:00,-28.922,-67.278,144.9,5.03,mw,,,,1.0,us,usp0004tp1,2014-11-07T00:48:50.426Z,"34 km NE of Chilecito, Argentina",earthquake,,,,15.0,reviewed,us,us,1991-07-02,29632,Argentina,1
1991-07-13 10:54:13.020000+00:00,-22.729,-66.643,207.2,4.6,mw,,,,1.2,us,usp0004u3s,2014-11-07T00:48:54.799Z,"97 km W of Abra Pampa, Argentina",earthquake,,11.4,,3.0,reviewed,us,us,1991-07-13,29669,Argentina,2
1991-08-09 01:31:46.950000+00:00,-27.005,-64.519,51.9,4.68,mw,,,,1.4,us,usp0004v4r,2014-11-07T00:49:04.383Z,"60 km SSE of Burruyacú, Argentina",earthquake,,14.4,,1.0,reviewed,us,us,1991-08-09,29781,Argentina,-1
1991-08-17 14:56:01.180000+00:00,-32.023,-67.832,116.0,4.77,mw,,,,0.9,us,usp0004vgk,2014-11-07T00:49:06.417Z,"59 km SE of Caucete, Argentina",earthquake,,7.9,,1.0,reviewed,us,us,1991-08-17,29778,Argentina,1
1991-08-25 19:04:00.160000+00:00,-38.047,-70.597,131.6,5.03,mw,,,,0.8,us,usp0004vv8,2014-11-07T00:49:07.727Z,"3 km NNE of Loncopué, Argentina",earthquake,,10.7,,3.0,reviewed,us,us,1991-08-25,29774,Argentina,-1
1991-09-03 06:59:43.240000+00:00,-23.952,-66.857,182.6,5.28,mw,,,,1.1,us,usp0004w6m,2014-11-07T00:49:12.639Z,"62 km WNW of San Antonio de los Cobres, Argentina",earthquake,,5.8,,20.0,reviewed,us,us,1991-09-03,29753,Argentina,2
1991-09-15 22:56:20.600000+00:00,-31.512,-69.936,110.4,5.9,mw,,,,1.2,us,usp0004wp8,2022-04-28T19:04:09.243Z,"52 km WSW of Calingasta, Argentina",earthquake,,,,,reviewed,us,hrv,1991-09-15,29716,Argentina,1
1991-09-24 03:14:22.820000+00:00,-24.441,-67.736,112.4,4.6,mw,,,,1.3,us,usp0004wz9,2014-11-07T00:49:17.038Z,"145 km W of San Antonio de los Cobres, Argentina",earthquake,,21.7,,1.0,reviewed,us,us,1991-09-24,29789,Argentina,2
1991-10-06 16:17:31.470000+00:00,-31.176,-68.191,113.3,4.94,mw,,,,1.0,us,usp0004xg0,2014-11-07T00:49:22.414Z,"40 km NE of San Martín, Argentina",earthquake,,4.5,,5.0,reviewed,us,us,1991-10-06,29776,Argentina,1
1991-10-08 10:33:22.600000+00:00,-31.337,-69.311,33.0,3.95,mw,,,,1.4,us,usp0004xj0,2014-11-07T00:49:22.848Z,"10 km E of Calingasta, Argentina",earthquake,,,,,reviewed,us,san,1991-10-08,29819,Argentina,1
1991-10-10 09:43:26.460000+00:00,-31.777,-69.098,33.0,3.77,mw,,,,1.1,us,usp0004xmh,2014-11-07T00:49:23.186Z,"42 km SW of Villa Basilio Nievas, Argentina",earthquake,,,,,reviewed,us,san,1991-10-10,29837,Argentina,1
1991-10-13 00:47:47.950000+00:00,-34.019,-68.237,10.2,3.77,mw,,,,0.7,us,usp0004xrn,2014-11-07T00:49:23.678Z,"66 km N of San Rafael, Argentina",earthquake,,3.7,,,reviewed,us,san,1991-10-13,29850,Argentina,1
1991-10-21 16:34:49.330000+00:00,-31.596,-68.196,10.0,3.77,mw,,,,1.1,us,usp0004y4q,2014-11-07T00:49:26.315Z,"10 km NE of Caucete, Argentina",earthquake,,,,,reviewed,us,san,1991-10-21,29877,Argentina,1
1991-11-09 14:08:15.980000+00:00,-32.075,-68.795,33.0,3.77,mw,,,,1.3,us,usp0004yz7,2014-11-07T00:49:33.664Z,"Mendoza, Argentina",earthquake,,,,,reviewed,us,san,1991-11-09,29843,Argentina,1
1991-11-20 22:42:17.170000+00:00,-22.489,-66.039,243.5,5.11,mw,,,,1.0,us,usp0004zd7,2014-11-07T00:49:35.597Z,"43 km NW of Abra Pampa, Argentina",earthquake,,7.2,,11.0,reviewed,us,us,1991-11-20,29762,Argentina,2
1991-12-01 22:41:15.200000+00:00,-32.065,-69.513,115.4,5.4,mw,,,,1.1,us,usp0004zx4,2025-12-19T20:52:48.637Z,"81 km S of Calingasta, Argentina",earthquake,,,,,reviewed,us,hrv,1991-12-01,29724,Argentina,1
1991-12-08 11:02:49.210000+00:00,-32.685,-67.712,28.3,5.28,mw,,,,1.2,us,usp0005068,2014-11-07T00:49:42.991Z,"83 km ENE of San Martín, Argentina",earthquake,,6.2,,8.0,reviewed,us,us,1991-12-08,29741,Argentina,1
1991-12-14 00:07:57.290000+00:00,-23.117,-66.531,210.3,5.28,mw,,,,1.1,us,usp00050du,2014-11-07T00:49:44.351Z,"87 km W of El Aguilar, Argentina",earthquake,,5.4,,26.0,reviewed,us,us,1991-12-14,29732,Argentina,2
1991-12-21 03:48:40.690000+00:00,-34.391,-70.235,121.9,3.77,mw,,,,0.5,us,usp00050qy,2014-11-07T00:49:46.193Z,Chile-Argentina border region,earthquake,,24.5,,,reviewed,us,san,1991-12-21,29830,Chile-Argentina border region,-1
1992-01-17 10:06:45.030000+00:00,-29.068,-67.104,131.9,4.43,mw,,,,0.5,us,usp00051w4,2014-11-07T00:49:55.290Z,"25 km NNW of Villa Bustos, Argentina",earthquake,,10.3,,1.0,reviewed,us,us,1992-01-17,29808,Argentina,1
1992-01-25 17:11:12.560000+00:00,-50.421,-72.158,33.0,5.37,mw,,,,1.0,us,usp0005280,2022-04-28T18:56:31.170Z,"12 km SE of El Calafate, Argentina",earthquake,,,,16.0,reviewed,us,us,1992-01-25,29893,Argentina,-1
1992-02-02 20:24:46.300000+00:00,-32.468,-68.977,25.6,4.13,mw,,,,0.9,us,usp00052j0,2014-11-07T00:50:01.830Z,"48 km NNW of Mendoza, Argentina",earthquake,,6.0,,,reviewed,us,san,1992-02-02,30014,Argentina,1
1992-02-05 02:32:04.680000+00:00,-23.223,-66.613,200.6,5.03,mw,,,,1.0,us,usp00052mt,2014-11-07T00:50:02.862Z,"95 km W of El Aguilar, Argentina",earthquake,,6.4,,13.0,reviewed,us,us,1992-02-05,29897,Argentina,2
1992-02-05 04:47:37.970000+00:00,-31.736,-69.931,110.0,4.22,mw,,,,0.6,us,usp00052mx,2014-11-07T00:50:02.888Z,"65 km SW of Calingasta, Argentina",earthquake,,,,,reviewed,us,san,1992-02-05,29988,Argentina,1
1992-02-06 18:21:39.800000+00:00,-31.656,-69.307,148.7,3.95,mw,,,,0.7,us,usp00052qh,2014-11-07T00:50:04.236Z,"37 km SSE of Calingasta, Argentina",earthquake,,14.0,,,reviewed,us,san,1992-02-06,30041,Argentina,1
1992-02-18 01:32:33.480000+00:00,-30.909,-65.437,189.9,4.68,mw,,,,1.2,us,usp000536v,2014-11-07T00:50:06.857Z,"30 km S of Serrezuela, Argentina",earthquake,,5.2,,7.0,reviewed,us,us,1992-02-18,29967,Argentina,-1
1992-02-26 07:40:57.410000+00:00,-33.087,-67.845,6.2,3.95,mw,,,,0.7,us,usp00053h2,2014-11-07T00:50:08.441Z,"58 km E of San Martín, Argentina",earthquake,,3.6,,,reviewed,us,san,1992-02-26,30016,Argentina,1
1992-02-29 16:17:19.920000+00:00,-26.689,-64.936,23.2,5.45,mw,,,,0.8,us,usp00053n6,2022-04-28T18:55:48.355Z,"24 km NE of Alderetes, Argentina",earthquake,,6.1,,14.0,reviewed,us,us,1992-02-29,29885,Argentina,-1
1992-03-09 06:06:10.370000+00:00,-32.983,-68.609,169.2,3.95,mw,,,,0.5,us,usp000541j,2014-11-07T00:50:15.013Z,"17 km NW of San Martín, Argentina",earthquake,,16.4,,,reviewed,us,san,1992-03-09,30022,Argentina,1
1992-03-27 14:11:25.950000+00:00,-31.385,-69.863,153.5,3.86,mw,,,,0.9,us,usp00054xj,2014-11-07T00:50:19.479Z,"42 km W of Calingasta, Argentina",earthquake,,14.0,,,reviewed,us,san,1992-03-27,30045,Argentina,1
1992-04-16 11:08:58.700000+00:00,-24.459,-67.055,179.5,4.6,mw,,,,1.0,us,usp00055w8,2014-11-07T00:50:27.690Z,"79 km WSW of San Antonio de los Cobres, Argentina",earthquake,,5.6,,3.0,reviewed,us,us,1992-04-16,29975,Argentina,2
1992-04-24 18:12:26.800000+00:00,-36.608,-71.18,180.0,3.77,mw,,,,0.3,us,usp00056bn,2014-11-07T00:50:29.648Z,"57 km NW of Las Ovejas, Argentina",earthquake,,,,,reviewed,us,san,1992-04-24,30058,Argentina,-1
1992-04-27 17:10:13.380000+00:00,-22.44,-66.023,257.6,4.94,mw,,,,1.2,us,usp00056jr,2014-11-07T00:50:30.557Z,"45 km NW of Abra Pampa, Argentina",earthquake,,6.2,,13.0,reviewed,us,us,1992-04-27,29909,Argentina,2
1992-05-07 10:25:08.940000+00:00,-28.246,-63.401,553.4,4.94,mw,,,,1.0,us,usp000570x,2014-11-07T00:50:36.089Z,"34 km S of Suncho Corral, Argentina",earthquake,,5.3,,9.0,reviewed,us,us,1992-05-07,29917,Argentina,3
1992-05-12 07:59:02.390000+00:00,-32.031,-68.466,41.9,4.94,mw,,,,1.0,us,usp000577v,2014-11-07T00:50:36.969Z,"40 km SSE of Pocito, Argentina",earthquake,,7.2,,3.0,reviewed,us,us,1992-05-12,29920,Argentina,1
1992-06-02 22:49:01.720000+00:00,-31.381,-69.462,126.7,4.13,mw,,,,0.8,us,usp00058km,2014-11-07T00:50:46.877Z,"6 km SW of Calingasta, Argentina",earthquake,,6.3,,,reviewed,us,san,1992-06-02,29993,Argentina,1
1992-06-04 04:50:01.760000+00:00,-31.455,-68.608,120.7,4.85,mw,,,,0.9,us,usp00058nb,2014-11-07T00:50:47.569Z,"7 km WNW of Chimbas, Argentina",earthquake,,5.8,,1.0,reviewed,us,us,1992-06-04,29929,Argentina,1
1992-06-04 08:26:55.580000+00:00,-32.757,-69.222,122.5,4.85,mw,,,,0.8,us,usp00058nk,2014-11-07T00:50:47.610Z,"39 km WNW of Mendoza, Argentina",earthquake,,,,4.0,reviewed,us,us,1992-06-04,29947,Argentina,1
1992-06-10 07:46:47.730000+00:00,-34.847,-68.616,10.0,3.95,mw,,,,0.9,us,usp00058ww,2014-11-07T00:50:49.022Z,"36 km SW of San Rafael, Argentina",earthquake,,,,,reviewed,us,san,1992-06-10,30033,Argentina,-1
1992-06-21 19:23:03.980000+00:00,-24.027,-66.809,166.6,5.11,mw,,,,1.1,us,usp00059e8,2014-11-07T00:50:51.448Z,"54 km WNW of San Antonio de los Cobres, Argentina",earthquake,,6.6,,9.0,reviewed,us,us,1992-06-21,29896,Argentina,2
1992-06-29 02:54:03.300000+00:00,-24.93,-68.187,113.4,5.28,mw,,,,1.1,us,usp00059v2,2014-11-07T00:50:55.517Z,"147 km NNW of Antofagasta de la Sierra, Argentina",earthquake,,,,14.0,reviewed,us,us,1992-06-29,29896,Argentina,2
1992-07-02 00:05:38.510000+00:00,-29.441,-69.57,110.0,4.04,mw,,,,1.1,us,usp0005a31,2014-11-07T00:50:59.072Z,"119 km NW of San José de Jáchal, Argentina",earthquake,,,,,reviewed,us,san,1992-07-02,30016,Argentina,1
1992-07-03 12:17:07.060000+00:00,-32.058,-69.446,130.0,3.86,mw,,,,0.8,us,usp0005a71,2014-11-07T00:51:00.033Z,"80 km S of Calingasta, Argentina",earthquake,,,,,reviewed,us,san,1992-07-03,30044,Argentina,1
1992-07-16 21:58:10.180000+00:00,-33.223,-68.869,13.5,4.22,mw,,,,1.2,us,usp0005ayt,2014-11-07T00:51:04.606Z,"37 km S of Mendoza, Argentina",earthquake,,3.5,,,reviewed,us,san,1992-07-16,29978,Argentina,1
1992-07-20 02:24:41.950000+00:00,-60.623,-65.851,10.0,5.11,mw,,,,1.1,us,usp0005b51,2014-11-07T00:51:05.909Z,Drake Passage,earthquake,,,,3.0,reviewed,us,us,1992-07-20,30090,Argentina,-1
1992-07-24 11:03:58.690000+00:00,-30.966,-68.754,130.1,4.22,mw,,,,0.8,us,usp0005bd7,2014-11-07T00:51:07.126Z,"56 km NNW of Albardón, Argentina",earthquake,,18.4,,,reviewed,us,san,1992-07-24,30131,Argentina,1
1992-07-30 13:14:51.600000+00:00,-50.357,-72.095,10.0,5.5,mw,,,,1.1,us,usp0005br8,2022-04-28T18:42:41.684Z,"13 km E of El Calafate, Argentina",earthquake,,,,,reviewed,us,hrv,1992-07-30,30066,Argentina,-1
1992-07-30 23:00:41.770000+00:00,-31.481,-67.386,5.0,5.71,mw,,,,1.4,us,usp0005brx,2020-08-29T01:43:13.058Z,"87 km ENE of Caucete, Argentina",earthquake,,,,9.0,reviewed,us,us,1992-07-30,30062,Argentina,1
1992-07-31 12:21:28.470000+00:00,-30.329,-68.991,132.5,4.04,mw,,,,1.0,us,usp0005bsk,2014-11-07T00:51:08.761Z,"25 km WSW of San José de Jáchal, Argentina",earthquake,,30.5,,,reviewed,us,san,1992-07-31,30176,Argentina,1
1992-08-08 23:17:29.760000+00:00,-31.275,-69.804,130.0,3.95,mw,,,,0.7,us,usp0005c6f,2014-11-07T00:51:14.626Z,"37 km W of Calingasta, Argentina",earthquake,,,,,reviewed,us,san,1992-08-08,30191,Argentina,1
1992-08-14 13:33:16.660000+00:00,-31.881,-67.136,139.1,3.95,mw,,,,0.8,us,usp0005cee,2014-11-07T00:51:16.008Z,"108 km NW of Villa General Roca, Argentina",earthquake,,6.8,,,reviewed,us,san,1992-08-14,30189,Argentina,1
1992-08-14 20:08:59.780000+00:00,-30.823,-65.292,193.5,5.2,mw,,,,1.1,us,usp0005cey,2025-12-19T22:57:43.438Z,"22 km SSE of Serrezuela, Argentina",earthquake,,3.4,,,reviewed,us,hrv,1992-08-14,30081,Argentina,-1
1992-08-17 03:42:01.360000+00:00,-32.696,-68.597,33.0,3.86,mw,,,,1.0,us,usp0005ck7,2014-11-07T00:51:16.629Z,"30 km NE of Mendoza, Argentina",earthquake,,,,,reviewed,us,san,1992-08-17,30201,Argentina,1
1992-08-25 02:59:07.130000+00:00,-31.191,-69.349,121.9,3.95,mw,,,,0.7,us,usp0005d0y,2014-11-07T00:51:18.899Z,"17 km NNE of Calingasta, Argentina",earthquake,,11.4,,,reviewed,us,san,1992-08-25,30194,Argentina,1
1992-08-25 12:32:53.830000+00:00,-22.725,-66.166,253.5,5.03,mw,,,,1.5,us,usp0005d1t,2014-11-07T00:51:18.978Z,"48 km W of Abra Pampa, Argentina",earthquake,,8.7,,2.0,reviewed,us,us,1992-08-25,30098,Argentina,2
1992-08-29 14:40:20.330000+00:00,-29.653,-69.218,219.2,4.04,mw,,,,0.9,us,usp0005d94,2014-11-07T00:51:19.936Z,"79 km NW of San José de Jáchal, Argentina",earthquake,,25.6,,,reviewed,us,san,1992-08-29,30185,Argentina,1
1992-09-08 00:46:17.420000+00:00,-24.51,-66.94,168.0,5.2,mw,,,,1.3,us,usp0005dqs,2014-11-07T00:51:26.216Z,"70 km WSW of San Antonio de los Cobres, Argentina",earthquake,,8.6,,13.0,reviewed,us,us,1992-09-08,30087,Argentina,2
1992-09-12 14:42:31.610000+00:00,-30.807,-69.306,120.0,3.77,mw,,,,0.9,us,usp0005dx5,2014-11-07T00:51:27.932Z,"59 km N of Calingasta, Argentina",earthquake,,,,,reviewed,us,san,1992-09-12,30234,Argentina,1
1992-09-16 17:16:03.130000+00:00,-31.432,-68.724,110.0,3.77,mw,,,,1.0,us,usp0005e2y,2014-11-07T00:51:29.158Z,"13 km N of Villa Basilio Nievas, Argentina",earthquake,,,,,reviewed,us,san,1992-09-16,30234,Argentina,1
1992-09-19 05:14:01.250000+00:00,-27.523,-68.959,89.4,4.77,mw,,,,1.3,us,usp0005e6k,2014-11-07T00:51:29.572Z,"133 km W of Fiambalá, Argentina",earthquake,,9.2,,3.0,reviewed,us,us,1992-09-19,30102,Argentina,1
1992-09-23 11:51:12.330000+00:00,-32.135,-69.538,115.2,5.03,mw,,,,1.0,us,usp0005ece,2014-11-07T00:51:30.214Z,"89 km S of Calingasta, Argentina",earthquake,,8.2,,1.0,reviewed,us,us,1992-09-23,30098,Argentina,1
1992-09-24 13:22:19.550000+00:00,-31.044,-67.811,9.5,5.2,mw,,,,1.5,us,usp0005eem,2014-11-07T00:51:30.494Z,"56 km SW of San Agustín de Valle Fértil, Argentina",earthquake,,5.2,,1.0,reviewed,us,us,1992-09-24,30073,Argentina,1
1992-09-27 14:21:26.030000+00:00,-32.277,-68.786,128.5,4.68,mw,,,,0.9,us,usp0005eku,2014-11-07T00:51:31.195Z,"68 km N of Mendoza, Argentina",earthquake,,6.4,,2.0,reviewed,us,us,1992-09-27,30116,Argentina,1
1992-10-08 05:34:00.690000+00:00,-33.529,-68.327,5.0,3.77,mw,,,,0.9,us,usp0005f2y,2014-11-07T00:51:38.566Z,"51 km SSE of San Martín, Argentina",earthquake,,,,,reviewed,us,san,1992-10-08,30202,Argentina,1
1992-10-13 07:59:01.700000+00:00,-28.343,-67.556,150.9,5.11,mw,,,,1.2,us,usp0005f97,2014-11-07T00:51:39.704Z,"31 km S of Tinogasta, Argentina",earthquake,,7.8,,1.0,reviewed,us,us,1992-10-13,30087,Argentina,1
1992-10-14 09:41:22.790000+00:00,-31.82,-69.11,124.5,4.51,mw,,,,0.9,us,usp0005fax,2014-11-07T00:51:39.878Z,"46 km SW of Villa Basilio Nievas, Argentina",earthquake,,4.7,,2.0,reviewed,us,us,1992-10-14,30127,Argentina,1
1992-11-11 02:46:06.530000+00:00,-32.293,-70.275,8.7,4.22,mw,,,,1.0,us,usp0005gpb,2014-11-07T00:51:51.239Z,Chile-Argentina border region,earthquake,,3.4,,,reviewed,us,san,1992-11-11,30142,Chile-Argentina border region,1
1992-11-20 01:45:22.630000+00:00,-23.126,-66.282,252.5,5.3,mw,,,,1.3,us,usp0005h31,2025-12-19T22:55:57.581Z,"62 km W of El Aguilar, Argentina",earthquake,,,,,reviewed,us,hrv,1992-11-20,30072,Argentina,2
1992-11-23 04:58:43.830000+00:00,-32.752,-68.117,41.4,4.22,mw,,,,1.0,us,usp0005h81,2014-11-07T00:51:53.964Z,"49 km NE of San Martín, Argentina",earthquake,,11.6,,,reviewed,us,san,1992-11-23,30128,Argentina,1
1992-11-24 12:52:13.890000+00:00,-31.434,-69.194,120.0,3.86,mw,,,,0.8,us,usp0005had,2014-11-07T00:51:54.267Z,"24 km ESE of Calingasta, Argentina",earthquake,,,,,reviewed,us,san,1992-11-24,30199,Argentina,1
1992-11-24 17:41:20.910000+00:00,-31.205,-68.557,120.7,3.95,mw,,,,0.9,us,usp0005haq,2014-11-07T00:51:54.285Z,"25 km NNW of San Martín, Argentina",earthquake,,9.8,,,reviewed,us,san,1992-11-24,30189,Argentina,1
1992-11-26 00:14:05.020000+00:00,-31.651,-69.628,129.1,4.13,mw,,,,0.7,us,usp0005hcz,2014-11-07T00:51:54.641Z,"40 km SSW of Calingasta, Argentina",earthquake,,6.8,,,reviewed,us,san,1992-11-26,30148,Argentina,1
1992-11-29 23:28:15.510000+00:00,-32.758,-69.104,147.1,3.95,mw,,,,0.5,us,usp0005hmq,2014-11-07T00:51:55.839Z,"29 km WNW of Mendoza, Argentina",earthquake,,15.6,,,reviewed,us,san,1992-11-29,30188,Argentina,1
1992-12-04 16:12:06.030000+00:00,-24.676,-68.073,120.3,4.77,mw,,,,1.4,us,usp0005htt,2014-11-07T00:51:59.835Z,"167 km NNW of Antofagasta de la Sierra, Argentina",earthquake,,7.5,,2.0,reviewed,us,us,1992-12-04,30112,Argentina,2
1992-12-06 15:34:29.010000+00:00,-31.985,-68.484,141.3,3.77,mw,,,,1.0,us,usp0005hwn,2014-11-07T00:52:00.627Z,"34 km SSE of Pocito, Argentina",earthquake,,22.3,,,reviewed,us,san,1992-12-06,30203,Argentina,1
1992-12-07 04:06:47.350000+00:00,-23.896,-66.688,209.6,5.37,mw,,,,1.2,us,usp0005hxa,2014-11-07T00:52:00.812Z,"51 km NW of San Antonio de los Cobres, Argentina",earthquake,,4.1,,25.0,reviewed,us,us,1992-12-07,30072,Argentina,2
1992-12-08 22:21:56.360000+00:00,-23.081,-63.884,559.6,4.68,mw,,,,1.1,us,usp0005hzy,2014-11-07T00:52:01.377Z,"26 km ENE of Embarcación, Argentina",earthquake,,13.1,,1.0,reviewed,us,us,1992-12-08,30120,Argentina,-1
1993-01-08 05:59:48.620000+00:00,-22.796,-66.673,245.8,4.68,mw,,,,1.1,us,usp0005kf2,2014-11-07T00:52:12.450Z,"100 km W of Abra Pampa, Argentina",earthquake,,7.9,,2.0,reviewed,us,us,1993-01-08,30123,Argentina,2
1993-01-08 19:38:34.630000+00:00,-31.446,-70.168,130.0,4.22,mw,,,,1.4,us,usp0005kg5,2014-11-07T00:52:12.589Z,"72 km W of Calingasta, Argentina",earthquake,,20.5,,,reviewed,us,san,1993-01-08,30147,Argentina,1
1993-01-19 08:24:24.030000+00:00,-23.983,-66.759,212.2,4.77,mw,,,,1.2,us,usp0005kyq,2014-11-07T00:52:15.329Z,"51 km WNW of San Antonio de los Cobres, Argentina",earthquake,,5.5,,4.0,reviewed,us,us,1993-01-19,30298,Argentina,2
1993-01-21 18:47:18.990000+00:00,-31.824,-68.402,124.1,4.51,mw,,,,0.7,us,usp0005m25,2014-11-07T00:52:16.023Z,"17 km S of Nueve de Julio, Argentina",earthquake,,7.7,,1.0,reviewed,us,us,1993-01-21,30312,Argentina,1
1993-02-09 12:46:56.040000+00:00,-28.164,-67.343,142.4,5.03,mw,,,,1.2,us,usp0005mu0,2014-11-07T00:52:22.989Z,"24 km ESE of Tinogasta, Argentina",earthquake,,,,12.0,reviewed,us,us,1993-02-09,30281,Argentina,1
1993-02-10 02:35:11.930000+00:00,-22.876,-63.613,530.9,4.68,mw,,,,1.3,us,usp0005mva,2014-11-07T00:52:23.290Z,"37 km SSE of General Mosconi, Argentina",earthquake,,10.2,,2.0,reviewed,us,us,1993-02-10,30309,Argentina,-1
1993-02-13 03:09:39.880000+00:00,-31.701,-69.942,120.0,3.77,mw,,,,0.7,us,usp0005n0g,2014-11-07T00:52:23.948Z,"64 km SW of Calingasta, Argentina",earthquake,,,,,reviewed,us,san,1993-02-13,30400,Argentina,1
1993-02-16 00:46:25.990000+00:00,-31.131,-68.297,153.0,3.77,mw,,,,1.3,us,usp0005n5d,2014-11-07T00:52:24.626Z,"38 km NNE of San Martín, Argentina",earthquake,,13.3,,,reviewed,us,san,1993-02-16,30411,Argentina,1
1993-02-23 11:51:00.810000+00:00,-30.951,-65.354,199.1,4.68,mw,,,,0.7,us,usp0005nj1,2014-11-07T00:52:26.771Z,"34 km NW of San Carlos, Argentina",earthquake,,4.2,,4.0,reviewed,us,us,1993-02-23,30305,Argentina,-1
1993-02-24 22:21:37.830000+00:00,-24.931,-68.386,118.7,5.7,mwb,,,,0.9,us,usp0005nmw,2022-04-28T18:21:15.383Z,"159 km NW of Antofagasta de la Sierra, Argentina",earthquake,,,,,reviewed,us,us,1993-02-24,30266,Argentina,2
1993-02-27 03:28:41.440000+00:00,-32.25,-68.602,146.6,3.77,mw,,,,0.5,us,usp0005nr6,2014-11-07T00:52:27.569Z,"62 km S of Pocito, Argentina",earthquake,,11.0,,,reviewed,us,san,1993-02-27,30415,Argentina,1
1993-03-01 22:18:15.880000+00:00,-31.234,-67.759,10.0,5.54,mw,,,,1.2,us,usp0005nur,2014-11-07T00:52:30.545Z,"67 km NE of Caucete, Argentina",earthquake,,,,2.0,reviewed,us,us,1993-03-01,30267,Argentina,1
1993-03-02 21:43:15.970000+00:00,-24.295,-67.08,178.2,5.37,mw,,,,1.1,us,usp0005nwm,2014-11-07T00:52:31.067Z,"77 km W of San Antonio de los Cobres, Argentina",earthquake,,4.0,,37.0,reviewed,us,us,1993-03-02,30270,Argentina,2
1993-03-13 00:14:26.650000+00:00,-30.716,-69.853,130.0,3.86,mw,,,,1.3,us,usp0005pdx,2014-11-07T00:52:35.063Z,"79 km NNW of Calingasta, Argentina",earthquake,,,,,reviewed,us,san,1993-03-13,30385,Argentina,1
1993-03-20 22:31:05.090000+00:00,-34.778,-68.026,28.1,4.41,mw,,,,1.1,us,usp0005pvu,2014-11-07T00:52:37.398Z,"33 km ESE of San Rafael, Argentina",earthquake,,4.9,,,reviewed,us,san,1993-03-20,30339,Argentina,-1
1993-03-24 19:45:13.860000+00:00,-27.933,-66.818,173.1,4.85,mw,,,,1.2,us,usp0005q2b,2014-11-07T00:52:38.290Z,"39 km SE of Londres, Argentina",earthquake,,,,7.0,reviewed,us,us,1993-03-24,30287,Argentina,1
1993-03-27 06:06:02.530000+00:00,-33.565,-68.156,10.0,4.13,mw,,,,0.7,us,usp0005q6n,2014-11-07T00:52:39.541Z,"61 km SSE of San Martín, Argentina",earthquake,,,,,reviewed,us,san,1993-03-27,30352,Argentina,1
1993-04-23 06:16:37.570000+00:00,-33.345,-68.479,14.9,4.31,mw,,,,1.1,us,usp0005rnc,2014-11-07T00:52:51.721Z,"29 km S of San Martín, Argentina",earthquake,,3.6,,,reviewed,us,san,1993-04-23,30340,Argentina,1
1993-04-24 09:23:54.690000+00:00,-32.045,-69.662,141.4,3.95,mw,,,,0.3,us,usp0005rqd,2014-11-07T00:52:51.867Z,"82 km SSW of Calingasta, Argentina",earthquake,,10.6,,,reviewed,us,san,1993-04-24,30372,Argentina,1
1993-05-06 00:36:47.380000+00:00,-34.587,-70.23,10.0,3.86,mw,,,,1.1,us,usp0005s9e,2014-11-07T00:52:57.867Z,Chile-Argentina border region,earthquake,,,,,reviewed,us,san,1993-05-06,30392,Chile-Argentina border region,-1
1993-05-24 23:51:28.240000+00:00,-22.671,-66.543,221.0,7.0,mwb,,,,0.8,us,usp0005te6,2022-04-28T18:13:50.482Z,"87 km W of Abra Pampa, Argentina",earthquake,,,,,reviewed,us,us,1993-05-24,30245,Argentina,2
1993-05-26 01:11:05.710000+00:00,-31.792,-66.84,144.7,4.94,mw,,,,0.8,us,usp0005tg2,2014-11-07T00:53:04.335Z,"100 km WNW of Candelaria, Argentina",earthquake,,5.2,,1.0,reviewed,us,us,1993-05-26,30284,Argentina,1
1993-06-08 23:17:41.440000+00:00,-31.56,-69.234,112.7,6.3,mwb,,,,0.9,us,usp0005u7y,2022-04-28T18:08:30.172Z,"30 km SE of Calingasta, Argentina",earthquake,,,,,reviewed,us,us,1993-06-08,30247,Argentina,1
1993-06-15 05:00:22.960000+00:00,-23.602,-63.57,536.6,5.37,mw,,,,1.3,us,usp0005ukr,2014-11-07T00:53:15.191Z,"69 km SE of Embarcación, Argentina",earthquake,,9.2,,2.0,reviewed,us,us,1993-06-15,30273,Argentina,-1
1993-06-21 18:41:41+00:00,-31.219,-68.663,117.8,4.13,mw,,,,0.9,us,usp0005uz1,2014-11-07T00:53:17.891Z,"27 km NNW of Albardón, Argentina",earthquake,,8.3,,,reviewed,us,san,1993-06-21,30370,Argentina,1
1993-06-23 10:53:15.230000+00:00,-23.627,-66.516,222.9,4.94,mw,,,,1.3,us,usp0005v1z,2014-11-07T00:53:18.689Z,"68 km NNW of San Antonio de los Cobres, Argentina",earthquake,,5.9,,12.0,reviewed,us,us,1993-06-23,30286,Argentina,2
1993-07-04 08:45:27.340000+00:00,-30.717,-64.986,187.8,5.11,mw,,,,1.1,us,usp0005vk8,2014-11-07T00:53:24.400Z,"15 km N of Villa de Soto, Argentina",earthquake,,,,46.0,reviewed,us,us,1993-07-04,30280,Argentina,-1
1993-07-08 06:06:24.600000+00:00,-32.793,-69.094,10.0,3.77,mw,,,,1.0,us,usp0005vt2,2014-11-07T00:53:26.167Z,"27 km WNW of Mendoza, Argentina",earthquake,,,,,reviewed,us,san,1993-07-08,30398,Argentina,1
1993-07-13 05:00:41.180000+00:00,-31.158,-68.775,133.5,4.13,mw,,,,1.3,us,usp0005w4b,2014-11-07T00:53:29.113Z,"39 km NW of Albardón, Argentina",earthquake,,10.1,,,reviewed,us,san,1993-07-13,30541,Argentina,1
1993-07-14 07:05:44+00:00,-32.092,-69.759,119.3,4.13,mw,,,,0.8,us,usp0005w86,2014-11-07T00:53:29.523Z,"89 km SSW of Calingasta, Argentina",earthquake,,7.3,,,reviewed,us,san,1993-07-14,30539,Argentina,1
1993-07-15 20:21:49.850000+00:00,-32.453,-69.359,10.0,3.86,mw,,,,0.9,us,usp0005wfd,2014-11-07T00:53:30.603Z,"69 km NW of Mendoza, Argentina",earthquake,,,,,reviewed,us,san,1993-07-15,30576,Argentina,1
1993-07-25 06:40:27.470000+00:00,-32.905,-68.993,146.0,5.03,mw,,,,1.0,us,usp0005xbd,2014-11-07T00:53:33.651Z,"15 km W of Mendoza, Argentina",earthquake,,3.3,,18.0,reviewed,us,us,1993-07-25,30460,Argentina,1
1993-07-28 15:50:12.390000+00:00,-32.849,-68.366,163.4,3.77,mw,,,,0.8,us,usp0005xjd,2014-11-07T00:53:34.366Z,"27 km NNE of San Martín, Argentina",earthquake,,8.6,,,reviewed,us,san,1993-07-28,30597,Argentina,1
1993-07-31 15:14:11.880000+00:00,-31.589,-69.317,123.7,4.6,mw,,,,0.9,us,usp0005xr7,2014-11-07T00:53:34.917Z,"29 km SSE of Calingasta, Argentina",earthquake,,7.3,,1.0,reviewed,us,us,1993-07-31,30518,Argentina,1
1993-07-31 21:29:00.720000+00:00,-31.215,-65.862,170.0,5.2,mw,,,,0.5,us,usp0005xrn,2014-11-07T00:53:34.948Z,"71 km S of Castro Barros, Argentina",earthquake,,,,1.0,reviewed,us,us,1993-07-31,30438,Argentina,-1
1993-08-03 07:17:04.380000+00:00,-24.213,-66.92,170.3,5.54,mw,,,,1.2,us,usp0005xvq,2014-11-07T00:53:38.426Z,"61 km W of San Antonio de los Cobres, Argentina",earthquake,,6.0,,15.0,reviewed,us,us,1993-08-03,30432,Argentina,2
1993-08-16 03:00:54.240000+00:00,-31.555,-68.839,117.1,4.77,mw,,,,1.1,us,usp0005ymt,2014-11-07T00:53:44.601Z,"10 km W of Villa Basilio Nievas, Argentina",earthquake,,,,10.0,reviewed,us,us,1993-08-16,30500,Argentina,1
1993-08-19 11:26:08.940000+00:00,-30.577,-68.163,33.0,4.85,mw,,,,1.2,us,usp0005yup,2014-11-07T00:53:46.127Z,"66 km W of San Agustín de Valle Fértil, Argentina",earthquake,,,,2.0,reviewed,us,us,1993-08-19,30479,Argentina,1
1993-08-22 02:08:35.150000+00:00,-33.785,-68.472,9.9,4.31,mw,,,,1.3,us,usp0005yzd,2014-11-07T00:53:47.602Z,"78 km S of San Martín, Argentina",earthquake,,4.8,,,reviewed,us,san,1993-08-22,30529,Argentina,1
1993-08-25 01:27:33.730000+00:00,-23.411,-66.605,202.4,4.94,mw,,,,1.0,us,usp0005z5f,2014-11-07T00:53:48.347Z,"94 km NNW of San Antonio de los Cobres, Argentina",earthquake,,6.1,,15.0,reviewed,us,us,1993-08-25,30463,Argentina,2
1993-09-10 19:46:55.760000+00:00,-27.861,-66.747,153.8,5.45,mw,,,,1.2,us,usp0006033,2014-11-07T00:53:56.747Z,"41 km ESE of Londres, Argentina",earthquake,,5.7,,18.0,reviewed,us,us,1993-09-10,30435,Argentina,1
1993-09-11 22:46:29.630000+00:00,-32.424,-68.475,126.8,4.04,mw,,,,1.3,us,usp0006066,2014-11-07T00:53:57.171Z,"61 km NNE of Mendoza, Argentina",earthquake,,9.3,,,reviewed,us,san,1993-09-11,30556,Argentina,1
1993-10-01 17:27:25.110000+00:00,-22.949,-65.953,271.0,5.03,mw,,,,1.3,us,usp00061b2,2014-11-07T00:54:08.149Z,"36 km SW of Abra Pampa, Argentina",earthquake,,,,17.0,reviewed,us,us,1993-10-01,30457,Argentina,2
1993-10-02 00:06:01.490000+00:00,-24.038,-64.462,21.4,5.4,mw,,,,1.1,us,usp00061bd,2022-04-28T17:56:43.171Z,"17 km WSW of Palma Sola, Argentina",earthquake,,,,,reviewed,us,hrv,1993-10-02,30438,Argentina,-1
1993-10-04 23:57:14.830000+00:00,-31.108,-68.427,100.0,3.77,mw,,,,1.1,us,usp00061g8,2014-11-07T00:54:10.260Z,"36 km N of San Martín, Argentina",earthquake,,,,,reviewed,us,san,1993-10-04,30596,Argentina,1
1993-10-19 04:02:21.900000+00:00,-22.378,-65.971,272.0,6.0,mw,,,,1.1,us,usp000628b,2022-04-28T17:58:13.836Z,"47 km NW of Abra Pampa, Argentina",earthquake,,,,,reviewed,us,hrv,1993-10-19,30421,Argentina,2
1993-10-30 17:59:02.770000+00:00,-31.704,-68.232,107.3,5.8,mw,,,,1.0,us,usp00062xy,2022-04-28T17:58:57.048Z,"7 km SE of Caucete, Argentina",earthquake,,,,,reviewed,us,hrv,1993-10-30,30422,Argentina,1
1993-11-09 03:58:51.530000+00:00,-31.113,-69.177,134.7,3.95,mw,,,,0.9,us,usp00063d7,2014-11-07T00:54:23.271Z,"33 km NE of Calingasta, Argentina",earthquake,,14.5,,,reviewed,us,san,1993-11-09,30573,Argentina,1
1993-11-09 15:14:47.890000+00:00,-36.389,-70.67,107.9,4.85,mw,,,,0.9,us,usp00063e1,2014-11-07T00:54:23.422Z,"66 km N of Las Ovejas, Argentina",earthquake,,16.0,,1.0,reviewed,us,us,1993-11-09,30480,Argentina,-1
1993-11-11 04:31:28.570000+00:00,-31.61,-69.987,130.0,4.04,mw,,,,1.5,us,usp00063gr,2014-11-07T00:54:24.040Z,"61 km WSW of Calingasta, Argentina",earthquake,,,,,reviewed,us,san,1993-11-11,30557,Argentina,1
1993-11-26 16:26:16.320000+00:00,-33.268,-68.236,48.4,5.03,mw,,,,0.8,us,usp0006496,2014-11-07T00:54:27.473Z,"29 km SE of San Martín, Argentina",earthquake,,6.3,,5.0,reviewed,us,us,1993-11-26,30454,Argentina,1
1993-11-27 06:13:42.270000+00:00,-26.023,-64.757,55.7,6.05,mw,,,,0.9,us,usp00064a9,2014-11-07T00:54:27.679Z,"52 km N of Burruyacú, Argentina",earthquake,,17.6,,1.0,reviewed,us,us,1993-11-27,30420,Argentina,-1
1993-12-13 20:16:58.570000+00:00,-30.141,-66.215,33.0,4.68,mw,,,,1.1,us,usp0006537,2014-11-07T00:54:35.712Z,"26 km NNE of Chamical, Argentina",earthquake,,,,1.0,reviewed,us,us,1993-12-13,30503,Argentina,-1
1993-12-13 23:57:14.330000+00:00,-31.11,-69.898,135.2,4.13,mw,,,,1.2,us,usp000653k,2014-11-07T00:54:35.735Z,"51 km WNW of Calingasta, Argentina",earthquake,,14.6,,,reviewed,us,san,1993-12-13,30539,Argentina,1
1993-12-16 05:30:26.980000+00:00,-23.567,-65.016,60.4,4.68,mw,,,,1.6,us,usp000656n,2014-11-07T00:54:36.089Z,"33 km NW of Calilegua, Argentina",earthquake,,18.1,,4.0,reviewed,us,us,1993-12-16,30501,Argentina,-1
1993-12-26 16:17:12.100000+00:00,-36.175,-70.037,189.9,3.95,mw,,,,0.6,us,usp00065p8,2014-11-07T00:54:38.410Z,"72 km N of Barrancas, Argentina",earthquake,,14.5,,,reviewed,us,san,1993-12-26,30573,Argentina,-1
1994-01-05 12:08:33.800000+00:00,-33.43,-68.764,5.0,3.77,mw,,,,0.6,us,usp0006627,2014-11-07T00:54:43.903Z,"47 km SW of San Martín, Argentina",earthquake,,,,,reviewed,us,san,1994-01-05,30586,Argentina,1
1994-01-06 03:02:18.260000+00:00,-31.951,-69.026,122.5,5.11,mw,,,,0.8,us,usp0006635,2014-11-07T00:54:44.185Z,"51 km SW of Pocito, Argentina",earthquake,,3.5,,2.0,reviewed,us,us,1994-01-06,30441,Argentina,1
1994-01-12 06:29:49.280000+00:00,-61.017,-62.778,10.0,5.28,mw,,,,1.0,us,usp00066bq,2014-11-07T00:54:46.451Z,Drake Passage,earthquake,,,,10.0,reviewed,us,us,1994-01-12,30615,Argentina,-1
1994-01-19 02:51:36.700000+00:00,-32.932,-68.025,10.0,3.95,mw,,,,1.0,us,usp00066x7,2014-11-07T00:54:48.417Z,"44 km ENE of San Martín, Argentina",earthquake,,,,,reviewed,us,san,1994-01-19,30756,Argentina,1
1994-01-22 10:41:08.720000+00:00,-24.562,-67.682,128.8,4.77,mw,,,,1.1,us,usp000677m,2014-11-07T00:54:49.824Z,"143 km WSW of San Antonio de los Cobres, Argentina",earthquake,,7.0,,10.0,reviewed,us,us,1994-01-22,30672,Argentina,2
1994-01-24 03:44:23.490000+00:00,-31.177,-70.105,11.7,5.28,mw,,,,1.4,us,usp00067ag,2014-11-07T00:54:50.126Z,"67 km WNW of Calingasta, Argentina",earthquake,,4.3,,6.0,reviewed,us,us,1994-01-24,30624,Argentina,1
1994-02-02 05:03:52.160000+00:00,-22.723,-66.698,207.5,4.85,mw,,,,1.1,us,usp00067vr,2014-11-07T00:54:54.744Z,"102 km W of Abra Pampa, Argentina",earthquake,,11.4,,13.0,reviewed,us,us,1994-02-02,30660,Argentina,2
1994-02-02 09:02:33.010000+00:00,-23.931,-66.527,202.1,4.6,mw,,,,1.1,us,usp00067vw,2014-11-07T00:54:54.800Z,"38 km NNW of San Antonio de los Cobres, Argentina",earthquake,,21.6,,3.0,reviewed,us,us,1994-02-02,30687,Argentina,2
1994-02-02 21:55:50.210000+00:00,-32.299,-70.157,120.0,3.86,mw,,,,0.3,us,usp00067wm,2014-11-07T00:54:55.007Z,Chile-Argentina border region,earthquake,,,,,reviewed,us,san,1994-02-02,30776,Chile-Argentina border region,1
1994-02-03 07:39:29.020000+00:00,-30.892,-69.069,127.6,4.77,mw,,,,0.9,us,usp00067x8,2014-11-07T00:54:55.501Z,"59 km NE of Calingasta, Argentina",earthquake,,12.2,,1.0,reviewed,us,us,1994-02-03,30666,Argentina,1
1994-02-05 08:38:56.660000+00:00,-29.191,-68.941,119.0,5.03,mw,,,,0.9,us,usp000682q,2014-11-07T00:54:56.821Z,"La Rioja-San Juan border region, Argentina",earthquake,,42.9,,1.0,reviewed,us,us,1994-02-05,30627,Argentina,1
1994-02-17 04:37:27.670000+00:00,-23.258,-66.53,222.8,5.4,mw,,,,1.1,us,usp00068mt,2025-12-19T22:48:53.446Z,"Jujuy, Argentina",earthquake,,,,,reviewed,us,hrv,1994-02-17,30613,Argentina,2
1994-03-10 08:02:37.690000+00:00,-25.632,-64.62,33.0,5.11,mw,,,,1.1,us,usp00069gc,2014-11-07T00:55:08.021Z,"Salta, Argentina",earthquake,,,,17.0,reviewed,us,us,1994-03-10,30624,Argentina,-1
1994-03-16 07:49:34.500000+00:00,-22.39,-65.94,274.3,5.11,mw,,,,0.8,us,usp00069s7,2014-11-07T00:55:09.554Z,"44 km NW of Abra Pampa, Argentina",earthquake,,,,38.0,reviewed,us,us,1994-03-16,30624,Argentina,2
1994-03-22 11:03:20.820000+00:00,-31.467,-69.542,210.0,3.95,mw,,,,0.6,us,usp0006a0q,2014-11-07T00:55:10.441Z,"San Juan, Argentina",earthquake,,,,,reviewed,us,san,1994-03-22,30731,Argentina,1
1994-04-01 18:16:13.620000+00:00,-33.07,-68.958,10.0,3.86,mw,,,,0.5,us,usp0006agj,2014-11-07T00:55:14.451Z,"23 km SSW of Mendoza, Argentina",earthquake,,,,,reviewed,us,san,1994-04-01,30771,Argentina,1
1994-04-06 04:16:44.400000+00:00,-31.277,-68.663,100.0,3.95,mw,,,,1.1,us,usp0006aq6,2014-11-07T00:55:16.354Z,"22 km NW of Albardón, Argentina",earthquake,,10.7,,,reviewed,us,san,1994-04-06,30748,Argentina,1
1994-04-18 02:30:05.170000+00:00,-24.103,-67.504,150.0,5.03,mw,,,,1.2,us,usp0006b8s,2014-11-07T00:55:19.048Z,"121 km W of San Antonio de los Cobres, Argentina",earthquake,,,,11.0,reviewed,us,us,1994-04-18,30625,Argentina,2
1994-04-21 02:42:52.470000+00:00,-32.339,-67.992,27.8,4.04,mw,,,,0.6,us,usp0006bdj,2014-11-07T00:55:19.753Z,"80 km SSE of Caucete, Argentina",earthquake,,7.9,,,reviewed,us,san,1994-04-21,30728,Argentina,1
1994-04-29 07:11:29.680000+00:00,-28.299,-63.252,561.5,6.9,mwb,,,,0.9,us,usp0006bt7,2022-04-28T17:47:02.641Z,"44 km SSE of Suncho Corral, Argentina",earthquake,,,,,reviewed,us,us,1994-04-29,30603,Argentina,3
1994-05-01 08:10:55.400000+00:00,-32.551,-69.686,121.4,4.94,mw,,,,0.6,us,usp0006bvh,2014-11-07T00:55:23.975Z,"88 km WNW of Mendoza, Argentina",earthquake,,,,10.0,reviewed,us,us,1994-05-01,30639,Argentina,1
1994-05-14 21:19:13.070000+00:00,-31.645,-68.905,105.9,4.13,mw,,,,1.0,us,usp0006cjj,2014-11-07T00:55:28.602Z,"19 km WSW of Villa Basilio Nievas, Argentina",earthquake,,18.1,,,reviewed,us,san,1994-05-14,30725,Argentina,1
1994-05-17 12:58:40.910000+00:00,-31.437,-67.773,121.6,4.51,mw,,,,1.5,us,usp0006cqc,2014-11-07T00:55:29.187Z,"53 km ENE of Caucete, Argentina",earthquake,,18.7,,1.0,reviewed,us,us,1994-05-17,30702,Argentina,1
1994-05-20 07:46:13.670000+00:00,-31.792,-69.354,129.0,4.68,mw,,,,0.8,us,usp0006cud,2014-11-07T00:55:29.753Z,"51 km S of Calingasta, Argentina",earthquake,,8.4,,1.0,reviewed,us,us,1994-05-20,30682,Argentina,1
1994-05-22 02:57:15.450000+00:00,-24.232,-66.852,192.2,5.5,mw,,,,0.9,us,usp0006cx0,2022-04-28T17:42:29.260Z,"54 km W of San Antonio de los Cobres, Argentina",earthquake,,,,,reviewed,us,hrv,1994-05-22,30610,Argentina,2
1994-06-06 16:04:46.340000+00:00,-33.482,-68.652,54.9,4.51,mw,,,,0.6,us,usp0006duz,2014-11-07T00:55:39.771Z,"47 km SSW of San Martín, Argentina",earthquake,,11.3,,1.0,reviewed,us,us,1994-06-06,30699,Argentina,1
1994-06-14 17:56:47.540000+00:00,-31.535,-68.311,110.0,4.22,mw,,,,1.0,us,usp0006e9c,2014-11-07T00:55:42.111Z,"13 km NNW of Caucete, Argentina",earthquake,,,,,reviewed,us,san,1994-06-14,30710,Argentina,1
1994-06-29 07:52:44.450000+00:00,-28.475,-69.095,142.1,4.22,mw,,,,0.9,us,usp0006eyp,2014-11-07T00:55:45.077Z,"92 km WNW of Vinchina, Argentina",earthquake,,19.0,,,reviewed,us,san,1994-06-29,30712,Argentina,1
1994-07-04 05:47:51.890000+00:00,-31.694,-70.04,130.8,3.95,mw,,,,0.9,us,usp0006f5h,2014-11-07T00:55:49.412Z,"71 km SW of Calingasta, Argentina",earthquake,,21.8,,,reviewed,us,san,1994-07-04,30733,Argentina,1
1994-07-22 19:50:22.070000+00:00,-31.683,-67.73,10.0,4.13,mw,,,,0.8,us,usp0006g0c,2014-11-07T00:55:53.516Z,"52 km E of Caucete, Argentina",earthquake,,,,,reviewed,us,san,1994-07-22,30887,Argentina,1
1994-07-25 17:02:15.020000+00:00,-31.065,-69.313,200.0,4.04,mw,,,,0.4,us,usp0006g41,2014-11-07T00:55:54.952Z,"31 km NNE of Calingasta, Argentina",earthquake,,,,,reviewed,us,san,1994-07-25,30917,Argentina,1
1994-08-01 05:11:53.820000+00:00,-31.568,-69.888,150.0,3.86,mw,,,,0.4,us,usp0006gcz,2014-11-07T00:55:57.611Z,"51 km WSW of Calingasta, Argentina",earthquake,,,,,reviewed,us,san,1994-08-01,30934,Argentina,1
1994-08-02 01:51:22.250000+00:00,-24.045,-66.79,199.7,5.4,mw,,,,1.0,us,usp0006ge2,2025-12-19T22:31:19.954Z,"51 km WNW of San Antonio de los Cobres, Argentina",earthquake,,,,,reviewed,us,hrv,1994-08-02,30809,Argentina,2
1994-08-06 23:28:28.590000+00:00,-34.314,-68.826,30.3,4.41,mw,,,,0.8,us,usp0006gmx,2014-11-07T00:56:00.990Z,"56 km NW of San Rafael, Argentina",earthquake,,5.5,,,reviewed,us,san,1994-08-06,30877,Argentina,1
1994-08-08 09:11:14.300000+00:00,-32.737,-68.194,5.0,4.13,mw,,,,1.2,us,usp0006gpz,2014-11-07T00:56:01.280Z,"45 km NE of San Martín, Argentina",earthquake,,,,,reviewed,us,san,1994-08-08,30888,Argentina,1
1994-08-19 10:02:51.830000+00:00,-26.642,-63.421,563.6,6.5,mw,,,,0.9,us,usp0006h5m,2022-04-28T17:34:20.466Z,"46 km NNW of El Hoyo, Argentina",earthquake,,,,,reviewed,us,hrv,1994-08-19,30794,Argentina,3
1994-09-07 12:02:04.250000+00:00,-31.673,-68.372,122.0,4.85,mw,,,,1.2,us,usp0006j2d,2014-11-07T00:56:14.236Z,"1 km ESE of Nueve de Julio, Argentina",earthquake,,8.1,,2.0,reviewed,us,us,1994-09-07,30862,Argentina,1
1994-09-09 09:56:41.480000+00:00,-31.92,-69.502,150.0,4.22,mw,,,,1.3,us,usp0006j5h,2014-11-07T00:56:14.806Z,"65 km S of Calingasta, Argentina",earthquake,,,,,reviewed,us,san,1994-09-09,30884,Argentina,1
1994-09-16 17:51:43.590000+00:00,-31.297,-69.515,100.0,3.77,mw,,,,1.1,us,usp0006jjd,2014-11-07T00:56:18.045Z,"9 km WNW of Calingasta, Argentina",earthquake,,,,,reviewed,us,san,1994-09-16,30958,Argentina,1
1994-09-24 03:32:30.660000+00:00,-32.079,-68.403,8.7,4.04,mw,,,,1.2,us,usp0006jxe,2014-11-07T00:56:19.589Z,"45 km S of Nueve de Julio, Argentina",earthquake,,3.6,,,reviewed,us,san,1994-09-24,30895,Argentina,1
1994-09-25 01:22:05.940000+00:00,-30.901,-68.124,10.0,5.37,mw,,,,1.6,us,usp0006jyz,2014-11-07T00:56:19.742Z,"68 km NNE of San Martín, Argentina",earthquake,,,,9.0,reviewed,us,us,1994-09-25,30822,Argentina,1
1994-09-28 13:33:32.790000+00:00,-33.042,-68.903,5.0,3.86,mw,,,,0.6,us,usp0006k51,2014-11-07T00:56:20.798Z,"18 km SSW of Mendoza, Argentina",earthquake,,,,,reviewed,us,san,1994-09-28,30958,Argentina,1
1994-10-04 02:44:51.140000+00:00,-31.614,-69.073,114.2,4.13,mw,,,,1.1,us,usp0006kcz,2014-11-07T00:56:26.273Z,"33 km WSW of Villa Basilio Nievas, Argentina",earthquake,,14.2,,,reviewed,us,san,1994-10-04,30890,Argentina,1
1994-10-13 23:47:57.400000+00:00,-31.366,-68.683,109.7,4.43,mw,,,,0.9,us,usp0006m2z,2014-11-07T00:56:31.010Z,"16 km WNW of Albardón, Argentina",earthquake,,7.0,,1.0,reviewed,us,us,1994-10-13,30868,Argentina,1
1994-10-20 01:15:16.180000+00:00,-39.187,-70.811,161.8,6.0,mwb,,,,1.0,us,usp0006md0,2022-04-28T17:30:06.372Z,"10 km ENE of Aluminé, Argentina",earthquake,,,,,reviewed,us,us,1994-10-20,30804,Argentina,-1
1994-10-23 08:10:23.260000+00:00,-35.886,-70.121,147.7,3.77,mw,,,,1.0,us,usp0006mk2,2014-11-07T00:56:33.107Z,"105 km N of Barrancas, Argentina",earthquake,,12.8,,,reviewed,us,san,1994-10-23,30959,Argentina,-1
1994-10-24 16:20:16.850000+00:00,-31.326,-68.3,110.8,3.95,mw,,,,1.1,us,usp0006mn7,2014-11-07T00:56:33.336Z,"22 km ENE of San Martín, Argentina",earthquake,,11.0,,,reviewed,us,san,1994-10-24,30932,Argentina,1
1994-10-25 21:00:39.920000+00:00,-27.523,-63.216,573.0,5.4,mw,,,,0.8,us,usp0006mqn,2025-12-19T22:30:38.690Z,"50 km NNE of Suncho Corral, Argentina",earthquake,,,,,reviewed,us,hrv,1994-10-25,30811,Argentina,3
1994-10-26 20:52:31.770000+00:00,-31.237,-69.032,190.0,4.13,mw,,,,0.5,us,usp0006ms3,2014-11-07T00:56:33.905Z,"38 km ENE of Calingasta, Argentina",earthquake,,,,,reviewed,us,san,1994-10-26,30889,Argentina,1
1994-10-31 17:43:13.920000+00:00,-31.954,-69.86,127.1,4.04,mw,,,,0.9,us,usp0006myu,2014-11-07T00:56:34.777Z,"80 km SSW of Calingasta, Argentina",earthquake,,31.5,,,reviewed,us,san,1994-10-31,30912,Argentina,1
1994-11-17 05:35:32.860000+00:00,-22.44,-66.02,273.7,5.37,mw,,,,1.1,us,usp0006nt2,2014-11-07T00:56:47.921Z,"45 km NW of Abra Pampa, Argentina",earthquake,,,,64.0,reviewed,us,us,1994-11-17,30843,Argentina,2
1994-11-22 19:13:34.200000+00:00,-27.992,-66.434,188.9,4.94,mw,,,,1.2,us,usp0006p2s,2014-11-07T00:56:49.995Z,"46 km NW of Mutquín, Argentina",earthquake,,5.1,,10.0,reviewed,us,us,1994-11-22,30858,Argentina,1
1994-12-07 03:37:54.830000+00:00,-23.422,-66.639,235.0,6.0,mwb,,,,1.3,us,usp0006prp,2022-04-28T17:16:42.784Z,"94 km NNW of San Antonio de los Cobres, Argentina",earthquake,,,,,reviewed,us,us,1994-12-07,30797,Argentina,2
1994-12-09 16:35:50.650000+00:00,-33.87,-68.397,10.0,3.86,mw,,,,0.7,us,usp0006puu,2014-11-07T00:56:56.204Z,"83 km N of San Rafael, Argentina",earthquake,,,,,reviewed,us,san,1994-12-09,30957,Argentina,1
1995-01-01 09:33:55.590000+00:00,-25.832,-68.463,91.4,4.94,mw,,,,0.7,us,usp0006qq5,2014-11-07T00:57:03.354Z,"108 km WNW of Antofagasta de la Sierra, Argentina",earthquake,,13.8,,5.0,reviewed,us,us,1995-01-01,30859,Argentina,2
1995-01-02 02:02:16.540000+00:00,-24.713,-63.444,554.9,5.37,mw,,,,0.8,us,usp0006qre,2014-11-07T00:57:04.124Z,"Salta, Argentina",earthquake,,2.6,,76.0,reviewed,us,us,1995-01-02,30841,Argentina,-1
1995-01-02 05:41:37.030000+00:00,-41.625,-71.037,78.1,5.2,mw,,,,1.0,us,usp0006qrk,2014-11-07T00:57:04.384Z,"48 km NNE of El Maitén, Argentina",earthquake,,22.3,,4.0,reviewed,us,us,1995-01-02,30850,Argentina,-1
1995-01-03 16:11:57.090000+00:00,-57.699,-65.883,13.9,5.9,mw,,,,0.9,us,usp0006qtr,2022-04-29T17:45:10.200Z,Drake Passage,earthquake,,,,,reviewed,us,hrv,1995-01-03,30805,Argentina,-1
1995-01-07 05:01:48.250000+00:00,-30.948,-68.814,170.0,3.86,mw,,,,0.5,us,usp0006qzd,2014-11-07T00:57:06.560Z,"60 km NNW of Albardón, Argentina",earthquake,,,,,reviewed,us,san,1995-01-07,31094,Argentina,1
1995-01-15 20:46:58.900000+00:00,-28.712,-68.849,118.8,5.37,mw,,,,1.2,us,usp0006rcy,2014-11-07T00:57:08.652Z,"62 km W of Vinchina, Argentina",earthquake,,,,29.0,reviewed,us,us,1995-01-15,30971,Argentina,1
1995-01-17 03:10:07.090000+00:00,-31.291,-69.641,107.1,4.04,mw,,,,0.8,us,usp0006rfe,2014-11-07T00:57:09.007Z,"21 km WNW of Calingasta, Argentina",earthquake,,25.1,,,reviewed,us,san,1995-01-17,31080,Argentina,1
1995-01-21 13:10:05.460000+00:00,-32.496,-68.991,5.0,3.95,mw,,,,0.5,us,usp0006rpp,2014-11-07T00:57:10.231Z,"46 km NNW of Mendoza, Argentina",earthquake,,,,,reviewed,us,san,1995-01-21,31084,Argentina,1
1995-01-30 03:54:13.300000+00:00,-28.793,-67.003,170.9,4.04,mw,,,,1.3,us,usp0006s3e,2014-11-07T00:57:12.375Z,"31 km SW of Arauco, Argentina",earthquake,,29.2,,,reviewed,us,san,1995-01-30,31082,Argentina,1
1995-02-03 04:54:39.280000+00:00,-32.749,-67.993,5.0,3.95,mw,,,,0.6,us,usp0006sa0,2014-11-07T00:57:16.357Z,"57 km NE of San Martín, Argentina",earthquake,,,,,reviewed,us,san,1995-02-03,31085,Argentina,1
1995-02-08 20:43:42.050000+00:00,-31.535,-68.125,97.6,4.04,mw,,,,1.3,us,usp0006skg,2014-11-07T00:57:18.237Z,"19 km NE of Caucete, Argentina",earthquake,,10.8,,,reviewed,us,san,1995-02-08,31080,Argentina,1
1995-02-12 23:57:21.170000+00:00,-31.861,-69.901,123.7,4.77,mw,,,,0.8,us,usp0006su5,2014-11-07T00:57:19.215Z,"74 km SW of Calingasta, Argentina",earthquake,,4.3,,2.0,reviewed,us,us,1995-02-12,31001,Argentina,1
1995-02-14 20:47:25.930000+00:00,-28.906,-67.663,163.4,4.41,mw,,,,1.2,us,usp0006syn,2014-11-07T00:57:20.053Z,"Catamarca-La Rioja region, Argentina",earthquake,,27.9,,,reviewed,us,san,1995-02-14,31047,Argentina,1
1995-02-22 18:55:58.670000+00:00,-31.516,-69.219,124.7,4.22,mw,,,,1.0,us,usp0006tcf,2014-11-07T00:57:21.690Z,"27 km SE of Calingasta, Argentina",earthquake,,11.5,,,reviewed,us,san,1995-02-22,31054,Argentina,1
1995-03-04 08:50:18.050000+00:00,-33.635,-68.375,5.0,4.31,mw,,,,0.9,us,usp0006tsr,2014-11-07T00:57:28.002Z,"62 km S of San Martín, Argentina",earthquake,,,,,reviewed,us,san,1995-03-04,31047,Argentina,1
1995-03-10 04:48:56.670000+00:00,-23.168,-66.491,224.4,4.6,mw,,,,0.6,us,usp0006u08,2014-11-07T00:57:29.538Z,"83 km W of El Aguilar, Argentina",earthquake,,6.3,,2.0,reviewed,us,us,1995-03-10,31026,Argentina,2
1995-03-11 05:39:13.560000+00:00,-31.08,-67.762,10.0,5.03,mw,,,,1.2,us,usp0006u1p,2014-11-07T00:57:29.720Z,"56 km SSW of San Agustín de Valle Fértil, Argentina",earthquake,,,,17.0,reviewed,us,us,1995-03-11,30990,Argentina,1
1995-03-16 14:33:49.020000+00:00,-29.193,-68.411,111.9,5.37,mw,,,,1.0,us,usp0006u9f,2014-11-07T00:57:31.367Z,"51 km SSW of Vinchina, Argentina",earthquake,,,,33.0,reviewed,us,us,1995-03-16,30963,Argentina,1
1995-03-21 14:37:03.200000+00:00,-33.369,-68.94,20.0,4.22,mw,,,,0.7,us,usp0006uhb,2014-11-07T00:57:32.670Z,"54 km SSW of Mendoza, Argentina",earthquake,,,,,reviewed,us,san,1995-03-21,31059,Argentina,1
1995-04-01 05:25:01.050000+00:00,-31.66,-66.961,122.5,4.43,mw,,,,0.8,us,usp0006uzy,2014-11-07T00:57:36.855Z,"116 km WNW of Candelaria, Argentina",earthquake,,5.4,,13.0,reviewed,us,us,1995-04-01,31036,Argentina,1
1995-04-01 20:42:26+00:00,-32.113,-67.167,50.0,4.04,mw,,,,1.4,us,usp0006v0v,2014-11-07T00:57:37.600Z,"91 km NW of Villa General Roca, Argentina",earthquake,,,,,reviewed,us,san,1995-04-01,31082,Argentina,1
1995-04-08 09:16:18.920000+00:00,-31.312,-68.876,113.8,4.77,mw,,,,1.1,us,usp0006vby,2014-11-07T00:57:40.508Z,"29 km NNW of Villa Basilio Nievas, Argentina",earthquake,,7.1,,3.0,reviewed,us,us,1995-04-08,31019,Argentina,1
1995-04-13 18:39:05.870000+00:00,-33.188,-68.267,211.8,3.86,mw,,,,0.6,us,usp0006vm1,2014-11-07T00:57:41.768Z,"22 km ESE of San Martín, Argentina",earthquake,,24.3,,,reviewed,us,san,1995-04-13,31103,Argentina,1
1995-04-30 11:05:39.850000+00:00,-27.874,-66.968,157.5,4.68,mw,,,,1.1,us,usp0006wkw,2014-11-07T00:57:47.519Z,"24 km SE of Londres, Argentina",earthquake,,8.8,,8.0,reviewed,us,us,1995-04-30,31025,Argentina,1
1995-05-04 03:06:44.830000+00:00,-24.128,-66.864,179.5,5.11,mw,,,,0.8,us,usp0006wtu,2014-11-07T00:57:52.291Z,"56 km W of San Antonio de los Cobres, Argentina",earthquake,,6.8,,19.0,reviewed,us,us,1995-05-04,30973,Argentina,2
1995-05-04 03:11:53.340000+00:00,-37.305,-68.22,33.0,4.77,mw,,,,1.1,us,usp0006wtv,2014-11-07T00:57:52.301Z,"68 km NW of Veinticinco de Mayo, Argentina",earthquake,,,,8.0,reviewed,us,us,1995-05-04,31009,Argentina,-1
1995-05-06 00:59:53.110000+00:00,-57.737,-65.532,10.0,5.11,mw,,,,0.9,us,usp0006wyg,2014-11-07T00:57:53.317Z,Drake Passage,earthquake,,,,4.0,reviewed,us,us,1995-05-06,30977,Argentina,-1
1995-05-06 05:03:32.430000+00:00,-23.207,-66.095,200.0,4.85,mw,,,,0.7,us,usp0006wys,2014-11-07T00:57:53.439Z,"42 km W of El Aguilar, Argentina",earthquake,,,,1.0,reviewed,us,us,1995-05-06,30999,Argentina,2
1995-05-08 10:49:50.590000+00:00,-34.199,-68.992,33.0,3.77,mw,,,,1.1,us,usp0006x2g,2014-11-07T00:57:53.867Z,"76 km NW of San Rafael, Argentina",earthquake,,,,,reviewed,us,san,1995-05-08,31116,Argentina,1
1995-05-09 15:20:57.970000+00:00,-32.528,-67.481,10.0,4.94,mw,,,,1.1,us,usp0006x4t,2014-11-07T00:57:54.275Z,"97 km W of Villa General Roca, Argentina",earthquake,,,,4.0,reviewed,us,us,1995-05-09,30995,Argentina,1
1995-05-18 21:53:56.550000+00:00,-31.598,-68.661,10.0,4.6,mw,,,,1.4,us,usp0006xnw,2014-11-07T00:57:57.419Z,"8 km SE of Villa Basilio Nievas, Argentina",earthquake,,,,4.0,reviewed,us,us,1995-05-18,31031,Argentina,1
1995-05-19 09:31:45.750000+00:00,-23.836,-66.413,230.0,5.1,mw,,,,0.9,us,usp0006xpk,2025-12-19T22:17:25.536Z,"43 km NNW of San Antonio de los Cobres, Argentina",earthquake,,,,,reviewed,us,hrv,1995-05-19,30986,Argentina,2
1995-05-21 18:01:41.100000+00:00,-31.378,-67.336,10.0,3.86,mw,,,,1.2,us,usp0006xtv,2014-11-07T00:57:58.211Z,"83 km S of San Agustín de Valle Fértil, Argentina",earthquake,,,,,reviewed,us,san,1995-05-21,31095,Argentina,1
1995-05-27 16:55:20+00:00,-32.977,-68.999,5.0,4.04,mw,,,,0.7,us,usp0006y5g,2014-11-07T00:58:00.354Z,"18 km WSW of Mendoza, Argentina",earthquake,,,,,reviewed,us,san,1995-05-27,31076,Argentina,1
1995-06-09 01:26:19.640000+00:00,-31.829,-68.096,110.0,3.86,mw,,,,0.8,us,usp0006ytr,2014-11-07T00:58:07.412Z,"26 km SE of Caucete, Argentina",earthquake,,,,,reviewed,us,san,1995-06-09,31097,Argentina,1
1995-07-09 13:47:26.790000+00:00,-31.336,-67.757,43.1,5.03,mw,,,,1.1,us,usp00070da,2014-11-07T00:58:19.754Z,"60 km NE of Caucete, Argentina",earthquake,,6.8,,20.0,reviewed,us,us,1995-07-09,31179,Argentina,1
1995-07-26 01:44:17.350000+00:00,-58.628,-61.965,10.0,4.51,mw,,,,1.1,us,usp0007104,2014-11-07T00:58:23.237Z,Drake Passage,earthquake,,,,5.0,reviewed,us,us,1995-07-26,31258,Argentina,-1
1995-08-01 04:29:19.860000+00:00,-24.089,-66.674,193.3,5.11,mw,,,,1.0,us,usp000719t,2014-11-07T00:58:27.035Z,"38 km WNW of San Antonio de los Cobres, Argentina",earthquake,,5.8,,64.0,reviewed,us,us,1995-08-01,31173,Argentina,2
1995-08-01 13:29:42.940000+00:00,-31.175,-67.166,25.4,5.28,mw,,,,0.9,us,usp00071ac,2014-11-07T00:58:27.513Z,"66 km SSE of San Agustín de Valle Fértil, Argentina",earthquake,,,,27.0,reviewed,us,us,1995-08-01,31169,Argentina,1
1995-08-03 08:18:53.920000+00:00,-28.281,-69.239,104.4,5.8,mw,,,,1.0,us,usp00071cx,2022-04-29T19:58:00.351Z,"114 km WNW of Vinchina, Argentina",earthquake,,,,,reviewed,us,hrv,1995-08-03,31146,Argentina,1
1995-08-05 09:59:32.920000+00:00,-31.256,-69.632,150.0,3.86,mw,,,,0.9,us,usp00071fk,2014-11-07T00:58:29.514Z,"21 km WNW of Calingasta, Argentina",earthquake,,,,,reviewed,us,san,1995-08-05,31299,Argentina,1
1995-08-11 10:14:45.670000+00:00,-23.629,-66.709,214.9,5.4,mw,,,,1.3,us,usp00071qa,2025-12-19T23:26:23.989Z,"76 km NNW of San Antonio de los Cobres, Argentina",earthquake,,,,,reviewed,us,hrv,1995-08-11,31163,Argentina,2
1995-08-13 12:19:20.460000+00:00,-32.635,-68.819,10.0,3.77,mw,,,,0.5,us,usp00071sy,2014-11-07T00:58:31.391Z,"28 km N of Mendoza, Argentina",earthquake,,,,,reviewed,us,san,1995-08-13,31313,Argentina,1
1995-08-15 03:40:28.640000+00:00,-32.143,-69.036,130.1,4.04,mw,,,,1.0,us,usp00071v1,2014-11-07T00:58:31.786Z,"66 km SW of Pocito, Argentina",earthquake,,6.3,,,reviewed,us,san,1995-08-15,31276,Argentina,1
1995-08-21 23:47:37.480000+00:00,-31.523,-68.568,123.3,4.31,mw,,,,1.0,us,usp0007283,2014-11-07T00:58:34.392Z,"3 km WNW of San Juan, Argentina",earthquake,,4.1,,,reviewed,us,san,1995-08-21,31265,Argentina,1
1995-08-23 23:05:45.780000+00:00,-31.198,-68.401,117.1,3.86,mw,,,,0.9,us,usp00072b0,2014-11-07T00:58:34.895Z,"27 km NNE of San Martín, Argentina",earthquake,,6.6,,,reviewed,us,san,1995-08-23,31286,Argentina,1
1995-08-25 13:23:09.480000+00:00,-32.0,-68.484,126.2,3.86,mw,,,,0.6,us,usp00072dr,2014-11-07T00:58:35.448Z,"36 km SSE of Pocito, Argentina",earthquake,,9.5,,,reviewed,us,san,1995-08-25,31292,Argentina,1
1995-08-29 20:16:27.310000+00:00,-24.381,-67.062,172.9,4.85,mw,,,,1.2,us,usp00072n0,2014-11-07T00:58:36.604Z,"77 km WSW of San Antonio de los Cobres, Argentina",earthquake,,6.3,,17.0,reviewed,us,us,1995-08-29,31189,Argentina,2
1995-08-30 11:27:33.850000+00:00,-28.425,-67.23,139.2,4.6,mw,,,,1.3,us,usp00072p0,2014-11-07T00:58:36.713Z,"46 km WNW of Arauco, Argentina",earthquake,,7.2,,12.0,reviewed,us,us,1995-08-30,31233,Argentina,1
1995-09-03 13:21:42.910000+00:00,-30.524,-68.899,124.0,4.68,mw,,,,1.0,us,usp00072v2,2014-11-07T00:58:40.431Z,"34 km SSW of San José de Jáchal, Argentina",earthquake,,6.5,,1.0,reviewed,us,us,1995-09-03,31210,Argentina,1
1995-09-04 22:12:48.210000+00:00,-34.032,-69.148,27.1,3.95,mw,,,,0.9,us,usp00072x8,2014-11-07T00:58:41.133Z,"99 km NW of San Rafael, Argentina",earthquake,,5.1,,,reviewed,us,san,1995-09-04,31283,Argentina,1
1995-09-11 10:27:07.150000+00:00,-27.139,-68.465,100.0,4.6,mw,,,,1.3,us,usp000737u,2014-11-07T00:58:43.052Z,"102 km NW of Fiambalá, Argentina",earthquake,,9.1,,5.0,reviewed,us,us,1995-09-11,31230,Argentina,-1
1995-09-25 20:30:47.100000+00:00,-28.269,-67.614,144.7,4.68,mw,,,,1.2,us,usp00073zh,2014-11-07T00:58:47.082Z,"23 km SSW of Tinogasta, Argentina",earthquake,,8.4,,6.0,reviewed,us,us,1995-09-25,31198,Argentina,1
1995-10-01 22:03:02.780000+00:00,-28.918,-69.498,113.2,4.77,mw,,,,1.2,us,usp00074a4,2014-11-07T00:58:51.758Z,"127 km W of Vinchina, Argentina",earthquake,,6.6,,15.0,reviewed,us,us,1995-10-01,31191,Argentina,1
1995-10-04 10:47:41.470000+00:00,-31.815,-68.124,106.1,4.68,mw,,,,1.1,us,usp00074fz,2014-11-07T00:58:53.650Z,"23 km SE of Caucete, Argentina",earthquake,,,,12.0,reviewed,us,us,1995-10-04,31203,Argentina,1
1995-10-06 19:07:30.800000+00:00,-30.049,-69.268,33.0,4.51,mw,,,,0.8,us,usp00074pn,2014-11-07T00:58:54.700Z,"54 km WNW of San José de Jáchal, Argentina",earthquake,,,,1.0,reviewed,us,us,1995-10-06,31250,Argentina,1
1995-10-12 02:35:30.890000+00:00,-22.558,-66.207,235.7,4.94,mw,,,,1.0,us,usp0007506,2014-11-07T00:58:56.776Z,"55 km WNW of Abra Pampa, Argentina",earthquake,,,,50.0,reviewed,us,us,1995-10-12,31181,Argentina,2
1995-10-21 01:47:08.660000+00:00,-27.976,-67.1,176.0,5.2,mw,,,,0.9,us,usp00075gd,2014-11-07T00:58:59.746Z,"29 km S of Londres, Argentina",earthquake,,,,31.0,reviewed,us,us,1995-10-21,31169,Argentina,1
1995-10-29 13:15:42.670000+00:00,-33.145,-66.521,49.1,4.68,mw,,,,0.9,us,usp00075yf,2014-11-07T00:59:02.059Z,"19 km WNW of La Punta, Argentina",earthquake,,11.1,,5.0,reviewed,us,us,1995-10-29,31202,Argentina,1
1995-10-29 15:08:51.980000+00:00,-32.454,-69.698,134.4,4.43,mw,,,,0.6,us,usp00075yk,2014-11-07T00:59:02.079Z,"Mendoza, Argentina",earthquake,,10.3,,1.0,reviewed,us,us,1995-10-29,31258,Argentina,1
1995-11-04 20:08:31.100000+00:00,-49.892,-74.588,33.0,4.6,mw,,,,1.4,us,usp00076a1,2014-11-07T00:59:07.396Z,"172 km WNW of El Calafate, Argentina",earthquake,,,,3.0,reviewed,us,us,1995-11-04,31235,Argentina,-1
1995-11-05 11:11:24.500000+00:00,-33.288,-68.153,10.0,4.31,mw,,,,0.7,us,usp00076ay,2014-11-07T00:59:07.573Z,"37 km SE of San Martín, Argentina",earthquake,,,,,reviewed,us,san,1995-11-05,31267,Argentina,1
1995-11-06 09:10:03.170000+00:00,-33.787,-68.619,10.0,3.77,mw,,,,0.7,us,usp00076cf,2014-11-07T00:59:07.905Z,"79 km S of San Martín, Argentina",earthquake,,,,,reviewed,us,san,1995-11-06,31311,Argentina,1
1995-11-07 00:18:34.860000+00:00,-31.533,-69.135,121.1,4.43,mw,,,,0.9,us,usp00076dn,2014-11-07T00:59:08.051Z,"35 km SE of Calingasta, Argentina",earthquake,,3.4,,4.0,reviewed,us,us,1995-11-07,31264,Argentina,1
1995-11-11 12:03:01.970000+00:00,-32.105,-67.881,117.5,3.86,mw,,,,0.6,us,usp00076na,2014-11-07T00:59:09.224Z,"62 km SE of Caucete, Argentina",earthquake,,8.5,,,reviewed,us,san,1995-11-11,31294,Argentina,1
1995-11-16 13:01:50.200000+00:00,-24.043,-67.193,195.4,4.68,mw,,,,1.3,us,usp00076yk,2014-11-07T00:59:11.297Z,"90 km WNW of San Antonio de los Cobres, Argentina",earthquake,,9.2,,1.0,reviewed,us,us,1995-11-16,31224,Argentina,2
1995-11-23 03:03:53.340000+00:00,-33.642,-68.204,41.2,4.77,mw,,,,0.7,us,usp00077ag,2014-11-07T00:59:13.008Z,"66 km SSE of San Martín, Argentina",earthquake,,11.8,,1.0,reviewed,us,us,1995-11-23,31193,Argentina,1
1995-11-26 13:54:26.440000+00:00,-28.75,-67.553,130.9,5.11,mw,,,,1.1,us,usp00077jp,2014-11-07T00:59:14.060Z,"45 km N of Chilecito, Argentina",earthquake,,,,27.0,reviewed,us,us,1995-11-26,31171,Argentina,1
1995-12-02 00:29:14.860000+00:00,-31.932,-67.178,139.7,4.51,mw,,,,0.9,us,usp00077xt,2014-11-07T00:59:18.708Z,"106 km NW of Villa General Roca, Argentina",earthquake,,6.3,,1.0,reviewed,us,us,1995-12-02,31241,Argentina,1
1995-12-04 00:26:57.350000+00:00,-23.147,-66.536,222.8,4.77,mw,,,,1.3,us,usp000786e,2014-11-07T00:59:21.590Z,"87 km W of El Aguilar, Argentina",earthquake,,5.8,,25.0,reviewed,us,us,1995-12-04,31197,Argentina,2
1995-12-09 16:01:19.550000+00:00,-31.75,-69.858,118.2,4.31,mw,,,,0.8,us,usp00078pc,2014-11-07T00:59:24.540Z,"62 km SW of Calingasta, Argentina",earthquake,,5.6,,,reviewed,us,san,1995-12-09,31266,Argentina,1
1995-12-13 15:06:30.720000+00:00,-33.167,-68.954,5.0,3.77,mw,,,,0.8,us,usp00078xj,2014-11-07T00:59:26.038Z,"32 km SSW of Mendoza, Argentina",earthquake,,3.4,,,reviewed,us,san,1995-12-13,31303,Argentina,1
1995-12-17 17:02:17.790000+00:00,-36.49,-70.728,200.0,3.77,mw,,,,1.0,us,usp000795c,2014-11-07T00:59:26.941Z,"55 km N of Las Ovejas, Argentina",earthquake,,,,,reviewed,us,san,1995-12-17,31307,Argentina,-1
1995-12-21 08:16:45.170000+00:00,-31.057,-69.084,122.7,4.13,mw,,,,0.9,us,usp00079bg,2014-11-07T00:59:28.209Z,"44 km NE of Calingasta, Argentina",earthquake,,13.0,,,reviewed,us,san,1995-12-21,31271,Argentina,1
1995-12-23 02:42:55.470000+00:00,-22.61,-66.885,206.2,4.94,mw,,,,1.2,us,usp00079em,2014-11-07T00:59:28.592Z,"122 km W of Abra Pampa, Argentina",earthquake,,5.4,,21.0,reviewed,us,us,1995-12-23,31183,Argentina,2
1995-12-30 18:14:29.740000+00:00,-31.337,-67.588,116.2,3.86,mw,,,,1.0,us,usp00079wd,2014-11-07T00:59:31.031Z,"74 km ENE of Caucete, Argentina",earthquake,,7.9,,,reviewed,us,san,1995-12-30,31498,Argentina,1
1996-01-01 02:16:44.820000+00:00,-40.6,-72.024,100.0,4.6,mw,,,,0.7,us,usp00079z6,2014-11-07T00:59:33.284Z,"36 km WNW of Villa La Angostura, Argentina",earthquake,,,,3.0,reviewed,us,us,1996-01-01,31435,Argentina,-1
1996-01-03 02:54:21.450000+00:00,-24.382,-67.114,188.4,4.43,mw,,,,1.2,us,usp0007a7d,2014-11-07T00:59:36.050Z,"82 km WSW of San Antonio de los Cobres, Argentina",earthquake,,7.5,,5.0,reviewed,us,us,1996-01-03,31459,Argentina,2
1996-01-07 03:24:56.040000+00:00,-28.505,-67.493,142.8,4.85,mw,,,,0.9,us,usp0007ahk,2014-11-07T00:59:37.350Z,"49 km S of Tinogasta, Argentina",earthquake,,3.8,,19.0,reviewed,us,us,1996-01-07,31382,Argentina,1
1996-01-11 19:50:22.550000+00:00,-32.19,-68.269,100.0,4.77,mw,,,,1.2,us,usp0007awj,2014-11-07T00:59:39.337Z,"58 km SSE of Nueve de Julio, Argentina",earthquake,,,,1.0,reviewed,us,us,1996-01-11,31401,Argentina,1
1996-01-20 09:08:41.490000+00:00,-27.316,-67.057,153.7,4.94,mw,,,,1.2,us,usp0007bdn,2014-11-07T00:59:42.149Z,"15 km SW of Puerta de Corral Quemado, Argentina",earthquake,,,,23.0,reviewed,us,us,1996-01-20,31341,Argentina,1
1996-02-24 05:21:46.460000+00:00,-31.825,-69.073,124.8,4.68,mw,,,,1.0,us,usp0007dtb,2014-11-07T00:59:57.596Z,"44 km SW of Villa Basilio Nievas, Argentina",earthquake,,3.0,,21.0,reviewed,us,us,1996-02-24,31432,Argentina,1
1996-03-01 00:25:14.820000+00:00,-32.471,-68.994,10.0,3.86,mw,,,,0.7,us,usp0007e6m,2014-11-07T01:00:00.687Z,"49 km NNW of Mendoza, Argentina",earthquake,,,,,reviewed,us,san,1996-03-01,31491,Argentina,1
1996-03-01 02:48:27.540000+00:00,-57.36,-66.522,10.0,5.03,mw,,,,1.0,us,usp0007e6q,2014-11-07T01:00:01.333Z,Drake Passage,earthquake,,,,6.0,reviewed,us,us,1996-03-01,31328,Argentina,-1
1996-03-11 11:56:07.850000+00:00,-42.184,-71.888,126.2,5.4,mwc,,,,1.1,us,usp0007emc,2025-12-19T23:28:00.350Z,"26 km WSW of Lago Puelo, Argentina",earthquake,,,,,reviewed,us,hrv,1996-03-11,31322,Argentina,-1
1996-03-18 09:21:51.020000+00:00,-27.888,-66.667,157.3,4.6,mw,,,,1.1,us,usp0007ey6,2014-11-07T01:00:07.124Z,"48 km SW of Andalgalá, Argentina",earthquake,,8.6,,11.0,reviewed,us,us,1996-03-18,31441,Argentina,1
1996-03-20 10:03:49.570000+00:00,-31.844,-70.008,150.0,4.13,mw,,,,0.5,us,usp0007f0d,2014-11-07T01:00:07.433Z,"79 km SW of Calingasta, Argentina",earthquake,,,,,reviewed,us,san,1996-03-20,31475,Argentina,1
1996-04-09 02:04:44.060000+00:00,-32.339,-69.582,119.5,4.68,mw,,,,1.0,us,usp0007fxz,2014-11-07T01:00:15.994Z,"93 km NW of Mendoza, Argentina",earthquake,,,,16.0,reviewed,us,us,1996-04-09,31423,Argentina,1
1996-04-11 03:06:14.050000+00:00,-22.997,-66.799,197.9,4.94,mw,,,,1.0,us,usp0007g11,2014-11-07T01:00:16.415Z,"117 km WNW of El Aguilar, Argentina",earthquake,,7.2,,16.0,reviewed,us,us,1996-04-11,31376,Argentina,2
1996-04-15 20:02:46.240000+00:00,-25.949,-68.683,108.5,4.77,mw,,,,1.0,us,usp0007g7q,2014-11-07T01:00:17.222Z,"128 km W of Antofagasta de la Sierra, Argentina",earthquake,,,,14.0,reviewed,us,us,1996-04-15,31392,Argentina,2
1996-04-20 19:17:06.150000+00:00,-24.071,-66.786,196.5,5.4,mwc,,,,0.8,us,usp0007gdm,2025-12-19T23:28:36.851Z,"50 km WNW of San Antonio de los Cobres, Argentina",earthquake,,,,,reviewed,us,hrv,1996-04-20,31320,Argentina,2
1996-04-23 04:49:38.830000+00:00,-28.666,-69.283,111.0,5.03,mw,,,,0.9,us,usp0007ggc,2014-11-07T01:00:18.693Z,"105 km W of Vinchina, Argentina",earthquake,,,,23.0,reviewed,us,us,1996-04-23,31324,Argentina,1
1996-04-29 23:50:34.480000+00:00,-23.652,-64.783,33.0,4.68,mw,,,,1.1,us,usp0007gr7,2014-11-07T01:00:20.000Z,"13 km N of Calilegua, Argentina",earthquake,,,,8.0,reviewed,us,us,1996-04-29,31421,Argentina,-1
1996-05-08 09:39:35.340000+00:00,-28.621,-68.791,100.0,4.51,mw,,,,0.8,us,usp0007h3w,2014-11-07T01:00:26.039Z,"59 km WNW of Vinchina, Argentina",earthquake,,,,11.0,reviewed,us,us,1996-05-08,31450,Argentina,1
1996-05-17 12:25:21.850000+00:00,-28.674,-62.904,602.9,4.94,mw,,,,0.8,us,usp0007hgr,2014-11-07T01:00:27.759Z,"9 km SSE of Colonia Dora, Argentina",earthquake,,3.8,,27.0,reviewed,us,us,1996-05-17,31332,Argentina,3
1996-05-23 15:04:09.830000+00:00,-28.92,-67.543,124.6,4.85,mw,,,,1.0,us,usp0007hqe,2014-11-07T01:00:28.868Z,"27 km N of Chilecito, Argentina",earthquake,,,,24.0,reviewed,us,us,1996-05-23,31382,Argentina,1
1996-06-02 12:11:38.400000+00:00,-31.038,-69.079,115.7,4.77,mw,,,,1.0,us,usp0007j25,2014-11-07T01:00:33.161Z,"46 km NE of Calingasta, Argentina",earthquake,,,,9.0,reviewed,us,us,1996-06-02,31399,Argentina,1
1996-06-18 05:47:14.440000+00:00,-31.363,-69.552,100.0,3.77,mw,,,,0.8,us,usp0007jxm,2014-11-07T01:00:38.623Z,"12 km WSW of Calingasta, Argentina",earthquake,,,,,reviewed,us,san,1996-06-18,31499,Argentina,1
1996-06-18 07:52:43.770000+00:00,-30.576,-68.496,100.0,4.13,mw,,,,1.4,us,usp0007jxt,2014-11-07T01:00:38.646Z,"44 km SSE of San José de Jáchal, Argentina",earthquake,,,,,reviewed,us,san,1996-06-18,31465,Argentina,1
1996-06-25 01:27:08+00:00,-31.688,-69.615,116.5,3.95,mw,,,,0.8,us,usp0007k7s,2014-11-07T01:00:40.267Z,"43 km SSW of Calingasta, Argentina",earthquake,,20.2,,,reviewed,us,san,1996-06-25,31491,Argentina,1
1996-06-26 14:24:38.570000+00:00,-26.424,-65.048,45.0,4.68,mw,,,,1.1,us,usp0007kaf,2014-11-07T01:00:40.801Z,"31 km SE of Trancas, Argentina",earthquake,,16.1,,5.0,reviewed,us,us,1996-06-26,31427,Argentina,-1
1996-06-30 02:20:50.400000+00:00,-31.663,-70.015,140.0,3.95,mw,,,,0.3,us,usp0007kfy,2014-11-07T01:00:41.498Z,"67 km WSW of Calingasta, Argentina",earthquake,,,,,reviewed,us,san,1996-06-30,31637,Argentina,1
1996-07-04 17:25:20.970000+00:00,-28.07,-69.275,105.9,4.51,mw,,,,1.2,us,usp0007kqf,2014-11-07T01:00:45.952Z,"129 km NW of Vinchina, Argentina",earthquake,,,,9.0,reviewed,us,us,1996-07-04,31600,Argentina,1
1996-07-29 00:04:47.280000+00:00,-33.465,-66.096,33.0,5.2,mw,,,,0.9,us,usp0007msv,2022-04-29T20:27:04.587Z,"29 km SE of San Luis, Argentina",earthquake,,,,33.0,reviewed,us,us,1996-07-29,31532,Argentina,-1
1996-07-29 15:12:10.790000+00:00,-31.419,-69.546,180.0,3.86,mw,,,,0.4,us,usp0007mty,2014-11-07T01:00:51.064Z,"15 km SW of Calingasta, Argentina",earthquake,,,,,reviewed,us,san,1996-07-29,31647,Argentina,1
1996-08-06 15:08:24.150000+00:00,-28.607,-67.535,33.0,5.28,mw,,,,0.8,us,usp0007n6f,2014-11-07T01:00:56.564Z,"60 km S of Tinogasta, Argentina",earthquake,,,,27.0,reviewed,us,us,1996-08-06,31503,Argentina,1
1996-08-08 13:38:48.100000+00:00,-28.461,-69.358,100.4,5.03,mw,,,,1.0,us,usp0007n8u,2014-11-07T01:00:56.939Z,"117 km WNW of Vinchina, Argentina",earthquake,,,,22.0,reviewed,us,us,1996-08-08,31546,Argentina,1
1996-08-12 18:14:12.150000+00:00,-22.371,-65.937,253.7,4.77,mw,,,,1.1,us,usp0007nfr,2014-11-07T01:00:58.516Z,"45 km NNW of Abra Pampa, Argentina",earthquake,,7.3,,13.0,reviewed,us,us,1996-08-12,31584,Argentina,2
1996-08-29 16:50:20.320000+00:00,-30.373,-69.08,59.7,4.77,mw,,,,0.91,us,usp0007p72,2014-11-07T01:01:02.292Z,"35 km WSW of San José de Jáchal, Argentina",earthquake,,6.9,,5.0,reviewed,us,us,1996-08-29,31592,Argentina,1
1996-09-06 23:01:59.110000+00:00,-31.648,-68.951,110.7,5.2,mw,,,,0.85,us,usp0007pjt,2014-11-07T01:01:07.905Z,"23 km WSW of Villa Basilio Nievas, Argentina",earthquake,,3.4,,19.0,reviewed,us,us,1996-09-06,31532,Argentina,1
1996-09-07 17:05:15.320000+00:00,-31.744,-67.718,200.0,3.86,mw,,,,0.52,us,usp0007pms,2014-11-07T01:01:08.218Z,"54 km E of Caucete, Argentina",earthquake,,,,,reviewed,us,san,1996-09-07,31653,Argentina,1
1996-09-19 20:52:53.490000+00:00,-31.274,-68.672,100.0,4.04,mw,,,,0.94,us,usp0007q4m,2014-11-07T01:01:11.914Z,"22 km NW of Albardón, Argentina",earthquake,,,,,reviewed,us,san,1996-09-19,31625,Argentina,1
1996-09-27 15:45:41.280000+00:00,-32.655,-67.662,33.0,4.43,mw,,,,1.2,us,usp0007qju,2014-11-07T01:01:13.615Z,"89 km ENE of San Martín, Argentina",earthquake,,,,1.0,reviewed,us,us,1996-09-27,31602,Argentina,1
1996-09-30 03:44:23.540000+00:00,-33.451,-68.728,10.0,3.86,mw,,,,0.55,us,usp0007qr5,2014-11-07T01:01:14.827Z,"47 km SSW of San Martín, Argentina",earthquake,,,,,reviewed,us,san,1996-09-30,31642,Argentina,1
1996-10-02 13:07:09.860000+00:00,-22.678,-66.202,247.7,4.94,mw,,,,1.0,us,usp0007qux,2014-11-07T01:01:18.654Z,"52 km W of Abra Pampa, Argentina",earthquake,,8.8,,11.0,reviewed,us,us,1996-10-02,31571,Argentina,2
1996-10-05 00:09:28.670000+00:00,-28.974,-68.843,120.2,4.85,mw,,,,0.84,us,usp0007qyn,2014-11-07T01:01:19.686Z,"66 km WSW of Vinchina, Argentina",earthquake,,,,9.0,reviewed,us,us,1996-10-05,31572,Argentina,1
1996-10-07 08:45:52.440000+00:00,-28.689,-62.915,615.8,5.03,mw,,,,0.81,us,usp0007r20,2014-11-07T01:01:20.308Z,"10 km SSE of Colonia Dora, Argentina",earthquake,,5.3,,19.0,reviewed,us,us,1996-10-07,31563,Argentina,3
1996-10-10 19:51:07.170000+00:00,-24.077,-67.164,143.4,5.11,mw,,,,0.83,us,usp0007r86,2014-11-07T01:01:21.849Z,"87 km W of San Antonio de los Cobres, Argentina",earthquake,,31.3,,1.0,reviewed,us,us,1996-10-10,31542,Argentina,2
1996-10-30 08:49:20.080000+00:00,-32.908,-69.338,5.0,4.13,mw,,,,0.37,us,usp0007s51,2014-11-07T01:01:27.026Z,"47 km W of Mendoza, Argentina",earthquake,,,,,reviewed,us,san,1996-10-30,31605,Argentina,1
1996-11-11 06:38:42.100000+00:00,-25.053,-64.386,33.0,5.28,mw,,,,0.96,us,usp0007su9,2014-11-07T01:01:34.461Z,"27 km WNW of Joaquín V. González, Argentina",earthquake,,,,12.0,reviewed,us,us,1996-11-11,31507,Argentina,-1
1996-11-16 02:16:53.830000+00:00,-32.064,-69.774,150.0,3.77,mw,,,,0.36,us,usp0007t30,2014-11-07T01:01:35.909Z,"87 km SSW of Calingasta, Argentina",earthquake,,,,,reviewed,us,san,1996-11-16,31676,Argentina,1
1996-11-21 03:12:17.560000+00:00,-31.002,-65.341,186.1,4.6,mw,,,,0.77,us,usp0007tan,2014-11-07T01:01:37.145Z,"La Rioja-Cordoba border region, Argentina",earthquake,,6.2,,4.0,reviewed,us,us,1996-11-21,31597,Argentina,-1
1996-11-27 18:31:55+00:00,-32.902,-68.806,28.2,5.11,mw,,,,0.91,us,usp0007tmr,2017-04-26T17:52:49.358Z,"2 km ESE of Mendoza, Argentina",earthquake,,,,8.0,reviewed,us,us,1996-11-27,31540,Argentina,1
1996-12-20 10:04:23.070000+00:00,-23.944,-66.713,199.3,4.77,mw,,,,0.91,us,usp0007uqx,2014-11-07T01:01:48.428Z,"50 km NW of San Antonio de los Cobres, Argentina",earthquake,,11.3,,7.0,reviewed,us,us,1996-12-20,31595,Argentina,2
1996-12-29 12:40:54.130000+00:00,-28.591,-64.144,30.9,4.77,mw,,,,1.1,us,usp0007v5c,2014-11-07T01:01:50.743Z,"33 km WSW of Villa Atamisqui, Argentina",earthquake,,,,5.0,reviewed,us,us,1996-12-29,31798,Argentina,-1
1997-01-02 16:26:54.100000+00:00,-23.857,-64.961,33.0,4.6,mw,,,,0.68,us,usp0007vc2,2014-11-07T01:01:54.445Z,"18 km WSW of Libertador General San Martín, Argentina",earthquake,,,,4.0,reviewed,us,us,1997-01-02,31811,Argentina,-1
1997-01-02 20:58:38.950000+00:00,-31.866,-67.166,128.1,4.85,mw,,,,1.0,us,usp0007vch,2014-11-07T01:01:54.757Z,"108 km ESE of Caucete, Argentina",earthquake,,,,4.0,reviewed,us,us,1997-01-02,31785,Argentina,1
1997-01-12 08:30:16.470000+00:00,-27.901,-66.611,150.0,4.85,mw,,,,0.7,us,usp0007vsh,2014-11-07T01:01:57.650Z,"45 km SW of Andalgalá, Argentina",earthquake,,,,3.0,reviewed,us,us,1997-01-12,31783,Argentina,1
1997-01-18 09:54:42.730000+00:00,-31.485,-66.73,134.5,4.85,mw,,,,0.64,us,usp0007w0q,2014-11-07T01:01:58.491Z,"106 km NW of Candelaria, Argentina",earthquake,,7.2,,1.0,reviewed,us,us,1997-01-18,31787,Argentina,1
1997-01-19 21:29:46.670000+00:00,-23.181,-66.325,214.6,4.68,mw,,,,0.99,us,usp0007w3d,2014-11-07T01:01:58.852Z,"66 km W of El Aguilar, Argentina",earthquake,,9.4,,7.0,reviewed,us,us,1997-01-19,31798,Argentina,2
1997-01-21 02:50:15.610000+00:00,-31.752,-67.766,52.5,3.86,mw,,,,0.94,us,usp0007w5j,2014-11-07T01:01:59.091Z,"50 km ESE of Caucete, Argentina",earthquake,,10.9,,,reviewed,us,san,1997-01-21,31855,Argentina,1
1997-01-30 03:14:40.760000+00:00,-31.715,-68.837,200.0,4.43,mw,,,,1.21,us,usp0007whb,2014-11-07T01:02:01.098Z,"20 km SSW of Villa Basilio Nievas, Argentina",earthquake,,,,1.0,reviewed,us,us,1997-01-30,31826,Argentina,1
1997-02-08 16:40:44.140000+00:00,-31.642,-69.5,150.0,4.6,mw,,,,0.52,us,usp0007wy5,2014-11-07T01:02:07.578Z,"34 km SSW of Calingasta, Argentina",earthquake,,,,1.0,reviewed,us,us,1997-02-08,31818,Argentina,1
1997-02-10 10:52:09.960000+00:00,-32.926,-68.755,148.9,5.3,mwc,,,,0.81,us,usp0007x18,2025-12-19T22:16:27.558Z,"7 km ESE of Mendoza, Argentina",earthquake,,,,,reviewed,us,hrv,1997-02-10,31699,Argentina,1
1997-02-27 06:50:22.580000+00:00,-28.076,-68.987,103.4,4.94,mw,,,,1.3,us,usp0007xw4,2014-11-07T01:02:11.643Z,"107 km NW of Vinchina, Argentina",earthquake,,12.0,,4.0,reviewed,us,us,1997-02-27,31745,Argentina,1
1997-03-04 07:53:10.340000+00:00,-24.236,-67.068,180.2,5.2,mw,,,,1.09,us,usp0007y8f,2014-11-07T01:02:16.930Z,"76 km W of San Antonio de los Cobres, Argentina",earthquake,,,,20.0,reviewed,us,us,1997-03-04,31705,Argentina,2
1997-03-05 12:15:20.130000+00:00,-26.504,-66.419,33.0,4.6,mw,,,,1.14,us,usp0007yap,2014-11-07T01:02:17.747Z,"64 km SW of Cafayate, Argentina",earthquake,,,,2.0,reviewed,us,us,1997-03-05,31805,Argentina,-1
1997-03-12 11:38:06.500000+00:00,-22.535,-66.039,244.4,4.94,mw,,,,0.88,us,usp0007yq4,2014-11-07T01:02:19.345Z,"40 km WNW of Abra Pampa, Argentina",earthquake,,11.1,,4.0,reviewed,us,us,1997-03-12,31751,Argentina,2
1997-03-29 16:26:00.130000+00:00,-31.201,-68.706,115.4,4.94,mw,,,,0.93,us,usp0007zpf,2014-11-07T01:02:24.233Z,"31 km NNW of Albardón, Argentina",earthquake,,,,12.0,reviewed,us,us,1997-03-29,31728,Argentina,1
1997-04-06 12:16:04.870000+00:00,-28.869,-66.375,29.2,5.54,mw,,,,0.98,us,usp000801y,2014-11-07T01:02:30.841Z,"33 km WSW of Capayán, Argentina",earthquake,,,,3.0,reviewed,us,us,1997-04-06,31689,Argentina,1
1997-04-08 01:25:38.270000+00:00,-23.938,-66.701,195.6,4.94,mw,,,,0.86,us,usp000804z,2014-11-07T01:02:31.321Z,"49 km NW of San Antonio de los Cobres, Argentina",earthquake,,11.0,,11.0,reviewed,us,us,1997-04-08,31726,Argentina,2
1997-04-10 08:35:07.290000+00:00,-29.491,-68.327,134.9,4.51,mw,,,,1.2,us,usp000809f,2014-11-07T01:02:31.970Z,"81 km S of Vinchina, Argentina",earthquake,,20.2,,3.0,reviewed,us,us,1997-04-10,31818,Argentina,1
1997-04-21 15:25:23.800000+00:00,-24.28,-67.641,136.4,5.2,mw,,,,0.88,us,usp00080xz,2014-11-07T01:02:37.130Z,"134 km W of San Antonio de los Cobres, Argentina",earthquake,,,,6.0,reviewed,us,us,1997-04-21,31706,Argentina,2
1997-04-21 22:41:23.720000+00:00,-48.925,-75.781,33.0,6.18,mw,,,,1.22,us,usp00080z7,2014-11-07T01:02:37.287Z,"298 km WNW of El Calafate, Argentina",earthquake,,,,3.0,reviewed,us,us,1997-04-21,31685,Argentina,-1
1997-04-22 06:12:31.260000+00:00,-27.938,-67.154,29.6,5.11,mw,,,,0.93,us,usp00080zx,2014-11-07T01:02:37.372Z,"24 km S of Londres, Argentina",earthquake,,,,8.0,reviewed,us,us,1997-04-22,31717,Argentina,1
1997-04-28 02:24:33.720000+00:00,-25.615,-67.219,33.0,4.68,mw,,,,0.74,us,usp00081dk,2014-11-07T01:02:39.055Z,"52 km NNE of Antofagasta de la Sierra, Argentina",earthquake,,,,3.0,reviewed,us,us,1997-04-28,31799,Argentina,-1
1997-05-04 01:33:20.980000+00:00,-23.621,-67.066,250.0,4.94,mw,,,,1.53,us,usp00081qc,2014-11-07T01:02:43.711Z,"100 km NW of San Antonio de los Cobres, Argentina",earthquake,,,,1.0,reviewed,us,us,1997-05-04,31750,Argentina,2
1997-05-11 07:37:21.150000+00:00,-31.336,-69.334,120.0,3.86,mw,,,,0.82,us,usp000823c,2014-11-07T01:02:45.961Z,"8 km E of Calingasta, Argentina",earthquake,,,,,reviewed,us,san,1997-05-11,31850,Argentina,1
1997-05-11 15:49:24.990000+00:00,-24.603,-66.928,192.7,5.2,mwc,,,,1.19,us,usp0008246,2025-12-19T22:18:42.645Z,"75 km SW of San Antonio de los Cobres, Argentina",earthquake,,,,,reviewed,us,hrv,1997-05-11,31708,Argentina,2
1997-05-19 23:25:40.690000+00:00,-27.664,-68.977,105.6,4.85,mw,,,,1.31,us,usp00082je,2014-11-07T01:02:48.182Z,"134 km W of Fiambalá, Argentina",earthquake,,,,14.0,reviewed,us,us,1997-05-19,31758,Argentina,1
1997-06-08 18:04:59.690000+00:00,-32.684,-69.774,100.0,4.85,mw,,,,0.99,us,usp00083a0,2014-11-07T01:02:54.595Z,"Mendoza, Argentina",earthquake,,,,5.0,reviewed,us,us,1997-06-08,31775,Argentina,1
1997-06-12 23:57:37.990000+00:00,-32.899,-68.008,10.0,4.13,mw,,,,0.99,us,usp00083ez,2014-11-07T01:02:55.759Z,"47 km ENE of San Martín, Argentina",earthquake,,,,,reviewed,us,san,1997-06-12,31846,Argentina,1
1997-06-17 22:14:17.370000+00:00,-27.744,-64.753,28.2,5.6,mwc,,,,0.95,us,usp00083nn,2022-04-29T16:56:14.829Z,"29 km SSE of Termas de Río Hondo, Argentina",earthquake,,,,,reviewed,us,hrv,1997-06-17,31689,Argentina,-1
1997-06-22 21:13:37.740000+00:00,-24.639,-68.335,100.0,4.6,mw,,,,1.05,us,usp00083uq,2014-11-07T01:02:59.327Z,"183 km NNW of Antofagasta de la Sierra, Argentina",earthquake,,,,1.0,reviewed,us,us,1997-06-22,31992,Argentina,2
1997-06-28 10:01:25.170000+00:00,-31.615,-68.46,107.3,4.43,mw,,,,1.02,us,usp0008435,2014-11-07T01:03:00.938Z,"8 km NW of Nueve de Julio, Argentina",earthquake,,8.6,,3.0,reviewed,us,us,1997-06-28,31995,Argentina,1
1997-07-02 09:43:42.320000+00:00,-32.001,-66.933,132.8,4.85,mw,,,,1.21,us,usp0008485,2014-11-07T01:03:04.386Z,"86 km NNW of Villa General Roca, Argentina",earthquake,,24.2,,1.0,reviewed,us,us,1997-07-02,31925,Argentina,1
1997-07-14 13:28:59.460000+00:00,-23.74,-67.193,193.6,4.6,mw,,,,1.09,us,usp00084uz,2014-11-07T01:03:08.503Z,"103 km WNW of San Antonio de los Cobres, Argentina",earthquake,,18.0,,2.0,reviewed,us,us,1997-07-14,31969,Argentina,2
1997-07-15 03:53:58.310000+00:00,-23.183,-63.424,33.0,5.03,mw,,,,1.12,us,usp00084w2,2020-04-16T18:31:05.313Z,"69 km E of Embarcación, Argentina",earthquake,,,,5.0,reviewed,us,us,1997-07-15,31883,Argentina,-1
1997-07-16 20:35:20.490000+00:00,-23.331,-66.872,179.9,4.94,mw,,,,1.35,us,usp00084yb,2014-11-07T01:03:08.922Z,"113 km NNW of San Antonio de los Cobres, Argentina",earthquake,,8.2,,7.0,reviewed,us,us,1997-07-16,31918,Argentina,2
1997-07-18 05:57:43.800000+00:00,-31.626,-69.165,135.6,4.6,mw,,,,1.1,us,usp000850b,2014-11-07T01:03:09.123Z,"40 km SE of Calingasta, Argentina",earthquake,,6.2,,1.0,reviewed,us,us,1997-07-18,31979,Argentina,1
1997-07-20 10:14:22.800000+00:00,-22.982,-66.301,256.1,6.1,mwc,,,,0.94,us,usp000853a,2022-04-29T16:58:17.004Z,"68 km WSW of Abra Pampa, Argentina",earthquake,,,,,reviewed,us,hrv,1997-07-20,31860,Argentina,2
1997-08-19 02:55:36.330000+00:00,-28.773,-64.459,33.0,4.68,mw,,,,0.9,us,usp00086e3,2014-11-07T01:03:19.429Z,"69 km WSW of Villa Atamisqui, Argentina",earthquake,,,,7.0,reviewed,us,us,1997-08-19,31947,Argentina,-1
1997-08-19 11:31:55.930000+00:00,-32.645,-68.983,20.0,3.77,mw,,,,0.6,us,usp00086ek,2014-11-07T01:03:19.472Z,"30 km NNW of Mendoza, Argentina",earthquake,,,,,reviewed,us,san,1997-08-19,32030,Argentina,1
1997-08-19 18:18:42.680000+00:00,-23.602,-66.392,210.9,4.77,mw,,,,0.98,us,usp00086f4,2014-11-07T01:03:19.528Z,"68 km N of San Antonio de los Cobres, Argentina",earthquake,,10.3,,11.0,reviewed,us,us,1997-08-19,31926,Argentina,2
1997-08-26 10:58:36.190000+00:00,-32.804,-69.28,5.0,3.95,mw,,,,0.64,us,usp00086qy,2014-11-07T01:03:20.838Z,"43 km WNW of Mendoza, Argentina",earthquake,,,,,reviewed,us,san,1997-08-26,32007,Argentina,1
1997-08-27 12:55:33.290000+00:00,-28.016,-68.845,82.3,4.94,mw,,,,1.21,us,usp00086sa,2014-11-07T01:03:21.015Z,"103 km NW of Vinchina, Argentina",earthquake,,12.1,,4.0,reviewed,us,us,1997-08-27,31918,Argentina,1
1997-09-12 06:41:57.950000+00:00,-33.153,-68.119,5.0,3.77,mw,,,,1.16,us,usp00087em,2014-11-07T01:03:28.547Z,"33 km ESE of San Martín, Argentina",earthquake,,,,,reviewed,us,san,1997-09-12,32028,Argentina,1
1997-09-17 05:08:24.700000+00:00,-22.661,-63.731,532.8,4.94,mw,,,,0.77,us,usp00087mm,2014-11-07T01:03:29.470Z,"11 km SE of General Mosconi, Argentina",earthquake,,8.9,,1.0,reviewed,us,us,1997-09-17,31888,Argentina,-1
1997-09-27 12:09:33.870000+00:00,-27.885,-66.664,175.5,5.28,mw,,,,0.9,us,usp000884r,2014-11-07T01:03:31.876Z,"48 km SW of Andalgalá, Argentina",earthquake,,3.0,,43.0,reviewed,us,us,1997-09-27,31866,Argentina,1
1997-10-09 19:19:16.940000+00:00,-32.682,-67.618,49.2,4.6,mw,,,,0.97,us,usp00088t6,2014-11-07T01:03:40.782Z,"91 km ENE of San Martín, Argentina",earthquake,,7.0,,1.0,reviewed,us,us,1997-10-09,31957,Argentina,1
1997-10-19 10:12:28.090000+00:00,-36.31,-70.302,160.7,5.2,mw,,,,1.0,us,usp00089aq,2014-11-07T01:03:44.312Z,"66 km NNW of Barrancas, Argentina",earthquake,,,,17.0,reviewed,us,us,1997-10-19,31870,Argentina,-1
1997-11-01 05:26:54.730000+00:00,-31.152,-68.902,123.3,4.94,mw,,,,0.96,us,usp00089uz,2014-11-07T01:03:49.190Z,"46 km NNW of Villa Basilio Nievas, Argentina",earthquake,,5.7,,1.0,reviewed,us,us,1997-11-01,31886,Argentina,1
1997-11-04 00:26:26.730000+00:00,-30.914,-65.506,150.0,3.86,mw,,,,0.94,us,usp0008a1u,2014-11-07T01:03:51.448Z,"32 km SSW of Serrezuela, Argentina",earthquake,,,,,reviewed,us,san,1997-11-04,32012,Argentina,-1
1997-11-16 06:51:14.300000+00:00,-24.004,-66.686,200.0,5.03,mw,,,,1.28,us,usp0008arw,2014-11-07T01:03:54.664Z,"44 km WNW of San Antonio de los Cobres, Argentina",earthquake,,,,1.0,reviewed,us,us,1997-11-16,31884,Argentina,2
1997-11-20 22:06:58.210000+00:00,-24.396,-67.117,184.0,4.77,mw,,,,1.19,us,usp0008b1u,2014-11-07T01:03:56.290Z,"83 km WSW of San Antonio de los Cobres, Argentina",earthquake,,6.6,,2.0,reviewed,us,us,1997-11-20,31942,Argentina,2
1997-11-21 11:14:33.060000+00:00,-59.414,-65.821,33.0,5.03,mw,,,,1.13,us,usp0008b2q,2014-11-07T01:03:56.390Z,Drake Passage,earthquake,,,,8.0,reviewed,us,us,1997-11-21,31882,Argentina,-1
1997-12-07 11:46:00.500000+00:00,-29.028,-67.191,139.3,4.94,mw,,,,1.31,us,usp0008c66,2014-11-07T01:04:05.720Z,"33 km NNW of Villa Bustos, Argentina",earthquake,,,,7.0,reviewed,us,us,1997-12-07,31918,Argentina,1
1997-12-09 17:37:58.430000+00:00,-31.856,-68.798,10.0,3.95,mw,,,,1.18,us,usp0008cbj,2014-11-07T01:04:06.438Z,"27 km SW of Pocito, Argentina",earthquake,,,,,reviewed,us,san,1997-12-09,32011,Argentina,1
1997-12-19 06:18:14.710000+00:00,-23.057,-63.685,530.8,5.11,mw,,,,0.78,us,usp0008cww,2014-11-07T01:04:08.728Z,"45 km ENE of Embarcación, Argentina",earthquake,,11.1,,5.0,reviewed,us,us,1997-12-19,32097,Argentina,-1
1997-12-20 09:23:27.780000+00:00,-22.338,-65.828,313.5,4.43,mw,,,,0.65,us,usp0008cyr,2014-11-07T01:04:08.888Z,"35 km SW of La Quiaca, Argentina",earthquake,,15.2,,2.0,reviewed,us,us,1997-12-20,32132,Argentina,2
1997-12-26 21:29:59.890000+00:00,-28.015,-66.745,173.7,4.94,mw,,,,1.07,us,usp0008d8w,2014-11-07T01:04:10.654Z,"50 km SE of Londres, Argentina",earthquake,,4.5,,7.0,reviewed,us,us,1997-12-26,32102,Argentina,1
1997-12-27 13:11:18.410000+00:00,-31.762,-66.719,148.4,4.43,mw,,,,0.77,us,usp0008d9u,2014-11-07T01:04:11.337Z,"La Rioja, Argentina",earthquake,,10.0,,1.0,reviewed,us,us,1997-12-27,32136,Argentina,1
1998-01-24 03:23:13.520000+00:00,-32.52,-69.695,138.9,3.86,mw,,,,,us,usp0008ewd,2014-11-07T01:04:22.560Z,"91 km WNW of Mendoza, Argentina",earthquake,,,,,reviewed,guc,guc,1998-01-24,32156,Argentina,1
1998-01-26 11:14:25.830000+00:00,-23.137,-66.612,199.3,5.3,mwc,,,,1.09,us,usp0008ezz,2025-12-19T22:21:55.991Z,"95 km W of El Aguilar, Argentina",earthquake,,5.9,,,reviewed,us,hrv,1998-01-26,32048,Argentina,2
1998-01-28 04:37:46.290000+00:00,-33.362,-68.856,7.5,3.86,mw,,,,,us,usp0008f33,2014-11-07T01:04:23.513Z,"47 km SW of San Martín, Argentina",earthquake,,,,,reviewed,guc,guc,1998-01-28,32165,Argentina,1
1998-02-14 20:22:21.940000+00:00,-33.436,-68.107,20.1,4.31,mw,,,,,us,usp0008fzz,2014-11-07T01:04:33.060Z,"51 km SE of San Martín, Argentina",earthquake,,,,,reviewed,guc,guc,1998-02-14,32143,Argentina,1
1998-02-18 07:24:08.980000+00:00,-31.744,-69.638,141.8,3.77,mw,,,,,us,usp0008g5v,2014-11-07T01:04:33.834Z,"49 km SSW of Calingasta, Argentina",earthquake,,,,,reviewed,guc,guc,1998-02-18,32199,Argentina,1
1998-02-19 10:35:48.670000+00:00,-30.559,-68.769,113.1,3.77,mw,,,,1.17,us,usp0008g89,2014-11-07T01:04:34.110Z,"35 km S of San José de Jáchal, Argentina",earthquake,,7.2,,,reviewed,us,guc,1998-02-19,32202,Argentina,1
1998-02-20 08:34:00.200000+00:00,-31.965,-69.048,31.6,5.37,mw,,,,1.17,us,usp0008ga4,2014-11-07T01:04:34.314Z,"53 km SW of Pocito, Argentina",earthquake,,,,20.0,reviewed,us,us,1998-02-20,32047,Argentina,1
1998-03-03 18:56:24.140000+00:00,-23.745,-66.638,208.2,5.11,mw,,,,1.06,us,usp0008gwj,2014-11-07T01:04:40.301Z,"61 km NNW of San Antonio de los Cobres, Argentina",earthquake,,5.0,,25.0,reviewed,us,us,1998-03-03,32080,Argentina,2
1998-03-07 06:40:09.610000+00:00,-28.522,-67.614,132.5,4.43,mw,,,,1.25,us,usp0008h3a,2014-11-07T01:04:42.687Z,"51 km S of Tinogasta, Argentina",earthquake,,6.6,,7.0,reviewed,us,us,1998-03-07,32138,Argentina,1
1998-03-09 11:26:25.750000+00:00,-30.723,-69.072,33.0,3.86,mw,,,,1.26,us,usp0008h7a,2014-11-07T01:04:44.182Z,"61 km SSW of San José de Jáchal, Argentina",earthquake,,,,,reviewed,us,guc,1998-03-09,32183,Argentina,1
1998-03-13 00:44:19.450000+00:00,-22.712,-66.12,246.7,5.3,mwc,,,,0.86,us,usp0008hd6,2025-12-19T22:22:36.373Z,"43 km W of Abra Pampa, Argentina",earthquake,,3.5,,,reviewed,us,hrv,1998-03-13,32076,Argentina,2
1998-03-17 12:07:07.740000+00:00,-31.962,-68.485,0.2,4.22,mw,,,,,us,usp0008hm0,2014-11-07T01:04:46.509Z,"32 km SSE of Pocito, Argentina",earthquake,,,,,reviewed,guc,guc,1998-03-17,32143,Argentina,1
1998-03-21 08:43:16.640000+00:00,-31.266,-69.338,217.3,3.77,mw,,,,,us,usp0008hsu,2014-11-07T01:04:48.020Z,"10 km NE of Calingasta, Argentina",earthquake,,,,,reviewed,guc,guc,1998-03-21,32210,Argentina,1
1998-03-25 21:02:55.660000+00:00,-24.336,-66.99,197.0,5.6,mwc,,,,1.02,us,usp0008j1a,2022-04-29T17:21:47.809Z,"69 km W of San Antonio de los Cobres, Argentina",earthquake,,,,,reviewed,us,hrv,1998-03-25,32041,Argentina,2
1998-03-27 14:35:37.740000+00:00,-24.486,-66.184,33.0,4.85,mw,,,,0.82,us,usp0008j4c,2014-11-07T01:04:50.594Z,"Salta, Argentina",earthquake,,,,2.0,reviewed,us,us,1998-03-27,32103,Argentina,2
1998-04-01 09:13:33.860000+00:00,-27.702,-68.836,126.1,4.6,mw,,,,1.23,us,usp0008jcf,2014-11-07T01:04:54.173Z,"120 km W of Fiambalá, Argentina",earthquake,,,,7.0,reviewed,us,us,1998-04-01,32120,Argentina,1
1998-04-01 13:41:17.580000+00:00,-31.221,-68.781,100.0,4.51,mw,,,,0.66,us,usp0008jcu,2014-11-07T01:04:54.384Z,"34 km NW of Albardón, Argentina",earthquake,,,,1.0,reviewed,us,us,1998-04-01,32128,Argentina,1
1998-04-02 03:59:36.980000+00:00,-37.188,-71.476,114.3,3.86,mw,,,,,us,usp0008je2,2014-11-07T01:04:55.424Z,"68 km WSW of Las Ovejas, Argentina",earthquake,,,,,reviewed,guc,guc,1998-04-02,32196,Argentina,-1
1998-04-06 11:40:39.310000+00:00,-32.623,-68.789,22.5,4.22,mw,,,,0.69,us,usp0008jnf,2014-11-07T01:04:57.445Z,"29 km N of Mendoza, Argentina",earthquake,,4.8,,,reviewed,us,guc,1998-04-06,32144,Argentina,1
1998-04-06 18:49:46.120000+00:00,-32.801,-69.178,9.5,3.86,mw,,,,,us,usp0008jnr,2014-11-07T01:04:57.477Z,"34 km WNW of Mendoza, Argentina",earthquake,,,,,reviewed,guc,guc,1998-04-06,32148,Argentina,1
1998-04-14 02:44:08.170000+00:00,-27.59,-63.252,567.6,5.2,mw,,,,0.84,us,usp0008k6d,2014-11-07T01:04:59.584Z,"41 km NNE of Suncho Corral, Argentina",earthquake,,4.8,,47.0,reviewed,us,us,1998-04-14,32078,Argentina,3
1998-04-19 16:33:32.370000+00:00,-33.106,-68.643,10.0,4.04,mw,,,,0.87,us,usp0008kjw,2014-11-07T01:05:01.339Z,"16 km W of San Martín, Argentina",earthquake,,,,,reviewed,us,guc,1998-04-19,32148,Argentina,1
1998-04-23 18:46:32.760000+00:00,-28.446,-63.173,596.3,4.6,mw,,,,0.92,us,usp0008kuk,2014-11-07T01:05:03.695Z,"27 km NW of Colonia Dora, Argentina",earthquake,,16.0,,1.0,reviewed,us,us,1998-04-23,32124,Argentina,3
1998-05-11 02:48:58.360000+00:00,-33.826,-68.356,40.2,4.77,mw,,,,0.74,us,usp0008mvg,2014-11-07T01:05:12.275Z,"83 km S of San Martín, Argentina",earthquake,,9.3,,5.0,reviewed,us,us,1998-05-11,32118,Argentina,1
1998-05-24 07:37:08.680000+00:00,-31.992,-70.015,128.0,3.86,mw,,,,,us,usp0008nnb,2014-11-07T01:05:15.643Z,"92 km SW of Calingasta, Argentina",earthquake,,,,,reviewed,guc,guc,1998-05-24,32161,Argentina,1
1998-05-27 20:50:42.700000+00:00,-51.526,-71.9,33.0,4.85,mw,,,,0.9,us,usp0008ntk,2014-11-07T01:05:16.245Z,"22 km ENE of 28 de Noviembre, Argentina",earthquake,,,,2.0,reviewed,us,us,1998-05-27,32114,Argentina,-1
1998-05-30 11:31:52.790000+00:00,-33.697,-66.019,42.2,5.03,mw,,,,0.84,us,usp0008p0e,2014-11-07T01:05:17.158Z,"52 km W of Villa Mercedes, Argentina",earthquake,,7.6,,20.0,reviewed,us,us,1998-05-30,32101,Argentina,-1
1998-06-07 16:10:46.250000+00:00,-31.518,-67.833,113.2,5.9,mwc,,,,0.92,us,usp0008pgs,2022-04-29T17:30:43.405Z,"45 km ENE of Caucete, Argentina",earthquake,,,,,reviewed,us,hrv,1998-06-07,32040,Argentina,1
1998-06-21 07:19:11.490000+00:00,-27.65,-67.522,161.6,3.86,mw,,,,1.05,us,usp0008q7e,2014-11-07T01:05:25.942Z,"9 km ENE of Fiambalá, Argentina",earthquake,,27.7,,,reviewed,us,guc,1998-06-21,32376,Argentina,1
1998-06-22 07:55:09.500000+00:00,-27.99,-66.701,174.0,5.4,mwc,,,,1.03,us,usp0008q9j,2025-12-19T22:24:49.759Z,"52 km SE of Londres, Argentina",earthquake,,,,,reviewed,us,hrv,1998-06-22,32251,Argentina,1
1998-07-04 00:42:00.860000+00:00,-32.669,-68.628,19.8,3.95,mw,,,,,us,usp0008qx7,2014-11-07T01:05:31.993Z,"30 km NE of Mendoza, Argentina",earthquake,,,,,reviewed,guc,guc,1998-07-04,32344,Argentina,1
1998-07-12 08:36:37.400000+00:00,-23.543,-64.526,33.0,4.6,mw,,,,1.15,us,usp0008rca,2014-11-07T01:05:34.926Z,"12 km NNW of Yuto, Argentina",earthquake,,,,1.0,reviewed,us,us,1998-07-12,32294,Argentina,-1
1998-07-14 17:25:51.440000+00:00,-33.35,-68.541,8.7,4.13,mw,,,,,us,usp0008rgu,2014-11-07T01:05:35.840Z,"30 km SSW of San Martín, Argentina",earthquake,,,,,reviewed,guc,guc,1998-07-14,32318,Argentina,1
1998-07-18 06:33:07.140000+00:00,-31.763,-68.912,107.9,4.6,mw,,,,0.8,us,usp0008rsj,2014-11-07T01:05:36.825Z,"29 km SW of Villa Basilio Nievas, Argentina",earthquake,,5.1,,6.0,reviewed,us,us,1998-07-18,32294,Argentina,1
1998-07-18 17:35:38.640000+00:00,-31.289,-67.67,206.6,3.95,mw,,,,,us,usp0008rtu,2014-11-07T01:05:37.019Z,"70 km NE of Caucete, Argentina",earthquake,,,,,reviewed,guc,guc,1998-07-18,32345,Argentina,1
1998-07-22 08:42:55.440000+00:00,-22.814,-66.737,212.9,4.85,mw,,,,1.11,us,usp0008s04,2014-11-07T01:05:37.702Z,"107 km W of Abra Pampa, Argentina",earthquake,,10.7,,6.0,reviewed,us,us,1998-07-22,32288,Argentina,2
1998-07-23 17:02:05.620000+00:00,-31.858,-67.905,252.6,3.86,mw,,,,,us,usp0008s2c,2014-11-07T01:05:37.913Z,"42 km ESE of Caucete, Argentina",earthquake,,,,,reviewed,guc,guc,1998-07-23,32348,Argentina,1
1998-07-24 20:58:22.070000+00:00,-32.958,-68.382,10.0,3.77,mw,,,,0.85,us,usp0008s48,2014-11-07T01:05:38.073Z,"15 km NNE of San Martín, Argentina",earthquake,,,,,reviewed,us,guc,1998-07-24,32395,Argentina,1
1998-08-06 15:04:22.830000+00:00,-32.388,-68.227,5.0,3.77,mw,,,,1.5,us,usp0008svd,2014-11-07T01:05:47.354Z,"79 km NE of Mendoza, Argentina",earthquake,,,,,reviewed,us,guc,1998-08-06,32383,Argentina,1
1998-08-23 18:22:18.270000+00:00,-31.969,-69.863,120.9,4.94,mw,,,,0.87,us,usp0008trv,2014-11-07T01:05:52.495Z,"81 km SSW of Calingasta, Argentina",earthquake,,,,23.0,reviewed,us,us,1998-08-23,32256,Argentina,1
1998-08-24 08:46:23.480000+00:00,-31.574,-67.06,131.5,4.94,mw,,,,0.85,us,usp0008tt1,2014-11-07T01:05:52.635Z,"111 km SSE of San Agustín de Valle Fértil, Argentina",earthquake,,,,19.0,reviewed,us,us,1998-08-24,32257,Argentina,1
1998-08-25 16:59:53+00:00,-32.238,-67.631,33.0,3.77,mw,,,,0.91,us,usp0008tvc,2014-11-07T01:05:53.182Z,"89 km SE of Caucete, Argentina",earthquake,,,,,reviewed,us,guc,1998-08-25,32397,Argentina,1
1998-08-27 09:11:48.040000+00:00,-57.563,-66.237,10.0,5.92,mw,,,,0.7,us,usp0008tyc,2014-11-07T01:05:53.747Z,Drake Passage,earthquake,,,,3.0,reviewed,us,us,1998-08-27,32224,Argentina,-1
1998-08-30 00:43:53.520000+00:00,-29.253,-66.341,33.0,5.2,mw,,,,1.25,us,usp0008u2q,2014-11-07T01:05:54.458Z,"52 km ENE of La Rioja, Argentina",earthquake,,,,1.0,reviewed,us,us,1998-08-30,32255,Argentina,-1
1998-08-30 07:52:25.320000+00:00,-23.934,-66.906,219.5,5.7,mwc,,,,1.2,us,usp0008u3b,2022-04-29T17:39:19.370Z,"67 km WNW of San Antonio de los Cobres, Argentina",earthquake,,,,,reviewed,us,hrv,1998-08-30,32225,Argentina,2
1998-09-12 09:03:48.340000+00:00,-24.512,-67.119,187.2,5.6,mwc,,,,1.32,us,usp0008utt,2022-04-29T17:42:01.220Z,"87 km WSW of San Antonio de los Cobres, Argentina",earthquake,,,,,reviewed,us,hrv,1998-09-12,32237,Argentina,2
1998-09-17 17:51:14.460000+00:00,-31.292,-69.468,117.8,4.85,mw,,,,0.96,us,usp0008v3h,2014-11-07T01:06:04.195Z,"6 km NW of Calingasta, Argentina",earthquake,,,,3.0,reviewed,us,us,1998-09-17,32287,Argentina,1
1998-09-23 18:12:39.990000+00:00,-22.706,-63.628,544.6,4.51,mw,,,,0.83,us,usp0008vdk,2014-11-07T01:06:05.680Z,"22 km ESE of General Mosconi, Argentina",earthquake,,9.1,,4.0,reviewed,us,us,1998-09-23,32312,Argentina,-1
1998-10-06 22:39:29.690000+00:00,-40.005,-71.263,178.6,4.94,mw,,,,1.11,us,usp0008w3p,2014-11-07T01:06:12.612Z,"17 km WSW of Junín de los Andes, Argentina",earthquake,,6.5,,4.0,reviewed,us,us,1998-10-06,32270,Argentina,-1
1998-10-11 01:03:55.050000+00:00,-33.119,-68.894,10.0,4.13,mw,,,,0.74,us,usp0008wb4,2014-11-07T01:06:13.745Z,"26 km SSW of Mendoza, Argentina",earthquake,,,,,reviewed,us,guc,1998-10-11,32336,Argentina,1
1998-10-11 21:44:16.190000+00:00,-27.329,-63.335,582.7,5.4,mwc,,,,0.78,us,usp0008wd2,2025-12-19T22:26:40.877Z,"34 km SSW of El Hoyo, Argentina",earthquake,,,,,reviewed,us,hrv,1998-10-11,32251,Argentina,3
1998-10-19 07:04:38.620000+00:00,-34.173,-68.425,10.0,4.13,mw,,,,0.82,us,usp0008wrk,2014-11-07T01:06:16.211Z,"50 km N of San Rafael, Argentina",earthquake,,,,,reviewed,us,guc,1998-10-19,32331,Argentina,1
1998-10-20 17:39:40.330000+00:00,-23.377,-66.629,214.1,4.85,mw,,,,0.93,us,usp0008wtb,2014-11-07T01:06:16.376Z,"98 km NNW of San Antonio de los Cobres, Argentina",earthquake,,5.6,,20.0,reviewed,us,us,1998-10-20,32289,Argentina,2
1998-10-22 01:48:11.570000+00:00,-31.529,-68.248,33.0,3.86,mw,,,,1.08,us,usp0008wvf,2014-11-07T01:06:16.595Z,"13 km NNE of Caucete, Argentina",earthquake,,,,,reviewed,us,guc,1998-10-22,32352,Argentina,1
1998-10-23 07:46:00.290000+00:00,-26.022,-64.687,43.4,4.51,mw,,,,1.05,us,usp0008wxm,2014-11-07T01:06:16.789Z,"53 km N of Burruyacú, Argentina",earthquake,,9.1,,4.0,reviewed,us,us,1998-10-23,32307,Argentina,-1
1998-10-27 20:03:35.130000+00:00,-29.851,-67.098,54.1,4.68,mw,,,,1.14,us,usp0008x5b,2014-11-07T01:06:18.091Z,"54 km SSW of La Rioja, Argentina",earthquake,,10.9,,2.0,reviewed,us,us,1998-10-27,32291,Argentina,1
1998-11-20 10:12:34.390000+00:00,-33.324,-68.141,10.0,3.77,mw,,,,0.81,us,usp0008ygd,2014-11-07T01:06:28.169Z,"40 km SE of San Martín, Argentina",earthquake,,,,,reviewed,us,guc,1998-11-20,32386,Argentina,1
1998-11-27 10:27:02.880000+00:00,-32.14,-69.328,126.7,5.5,mwc,,,,1.07,us,usp0008ytr,2025-12-19T22:27:33.784Z,"86 km SW of Villa Basilio Nievas, Argentina",earthquake,,,,,reviewed,us,hrv,1998-11-27,32245,Argentina,1
1998-11-30 00:17:38.780000+00:00,-32.793,-69.131,7.5,3.95,mw,,,,,us,usp0008yyn,2014-11-07T01:06:31.340Z,"30 km WNW of Mendoza, Argentina",earthquake,,,,,reviewed,guc,guc,1998-11-30,32347,Argentina,1
1998-12-09 21:17:37.540000+00:00,-33.362,-69.854,3.8,3.95,mw,,,,,us,usp0008zcu,2014-11-07T01:06:37.788Z,Chile-Argentina border region,earthquake,,,,,reviewed,guc,guc,1998-12-09,32336,Chile-Argentina border region,1
1998-12-11 08:37:50.350000+00:00,-31.266,-68.918,117.6,5.4,mwc,,,,0.82,us,usp0008zf3,2025-12-19T22:27:48.498Z,"36 km NNW of Villa Basilio Nievas, Argentina",earthquake,,,,,reviewed,us,hrv,1998-12-11,32247,Argentina,1
1998-12-14 16:25:24.980000+00:00,-38.214,-71.033,138.4,6.0,mwb,,,,0.96,us,usp0008zmf,2022-04-29T17:58:13.411Z,"39 km WSW of Loncopué, Argentina",earthquake,,,,,reviewed,us,us,1998-12-14,32400,Argentina,-1
1998-12-18 07:22:19.560000+00:00,-32.983,-68.623,4.8,4.04,mw,,,,,us,usp0008ztj,2014-11-07T01:06:39.853Z,"18 km NW of San Martín, Argentina",earthquake,,,,,reviewed,guc,guc,1998-12-18,32536,Argentina,1
1998-12-28 13:25:51.870000+00:00,-23.789,-66.607,187.7,4.68,mw,,,,0.98,us,usp000909m,2014-11-07T01:06:42.174Z,"55 km NNW of San Antonio de los Cobres, Argentina",earthquake,,13.1,,12.0,reviewed,us,us,1998-12-28,32484,Argentina,2
1999-01-19 21:45:07.990000+00:00,-33.616,-68.784,4.9,3.86,mw,,,,,us,usp00091c9,2014-11-07T01:06:49.964Z,"66 km SSW of San Martín, Argentina",earthquake,,,,,reviewed,guc,guc,1999-01-19,32559,Argentina,1
1999-01-22 06:44:19.650000+00:00,-27.47,-67.263,155.3,4.94,mw,,,,1.13,us,usp00091h1,2014-11-07T01:06:50.699Z,"25 km WNW of La Puerta de San José, Argentina",earthquake,,,,21.0,reviewed,us,us,1999-01-22,32449,Argentina,1
1999-01-23 19:34:41.750000+00:00,-31.552,-67.882,5.0,3.95,mw,,,,1.4,us,usp00091kh,2014-11-07T01:06:50.964Z,"39 km ENE of Caucete, Argentina",earthquake,,,,,reviewed,us,guc,1999-01-23,32546,Argentina,1
1999-01-27 21:24:32.240000+00:00,-40.466,-71.938,33.0,4.85,mw,,,,0.72,us,usp00091tr,2014-11-07T01:06:52.003Z,"41 km NW of Villa La Angostura, Argentina",earthquake,,,,8.0,reviewed,us,us,1999-01-27,32454,Argentina,-1
1999-01-28 11:30:55.460000+00:00,-24.502,-67.4,33.0,4.6,mw,,,,0.91,us,usp00091ug,2014-11-07T01:06:52.119Z,"114 km WSW of San Antonio de los Cobres, Argentina",earthquake,,,,1.0,reviewed,us,us,1999-01-28,32503,Argentina,2
1999-01-30 23:15:52.450000+00:00,-27.582,-65.958,47.2,4.85,mw,,,,1.02,us,usp00091zp,2014-11-07T01:06:52.663Z,"35 km E of Andalgalá, Argentina",earthquake,,5.5,,5.0,reviewed,us,us,1999-01-30,32461,Argentina,-1
1999-02-01 07:57:59.760000+00:00,-32.114,-67.705,33.0,3.77,mw,,,,1.11,us,usp000922c,2014-11-07T01:06:54.904Z,"74 km SE of Caucete, Argentina",earthquake,,,,,reviewed,us,guc,1999-02-01,32569,Argentina,1
1999-02-01 14:45:31.120000+00:00,-33.312,-68.738,11.1,4.13,mw,,,,,us,usp0009234,2014-11-07T01:06:55.457Z,"35 km SW of San Martín, Argentina",earthquake,,,,,reviewed,guc,guc,1999-02-01,32521,Argentina,1
1999-02-04 05:38:39.250000+00:00,-33.111,-68.978,18.8,3.77,mw,,,,,us,usp000927y,2014-11-07T01:06:57.713Z,"28 km SSW of Mendoza, Argentina",earthquake,,,,,reviewed,guc,guc,1999-02-04,32577,Argentina,1
1999-02-06 08:38:05.960000+00:00,-28.286,-67.719,133.1,4.68,mw,,,,1.13,us,usp00092c4,2014-11-07T01:06:59.096Z,"28 km SSW of Tinogasta, Argentina",earthquake,,6.4,,1.0,reviewed,us,us,1999-02-06,32474,Argentina,1
1999-02-13 15:46:37.450000+00:00,-31.318,-68.106,106.4,4.13,mw,,,,0.87,us,usp00092rj,2014-11-07T01:07:01.399Z,"39 km ENE of San Martín, Argentina",earthquake,,12.0,,,reviewed,us,guc,1999-02-13,32532,Argentina,1
1999-02-15 09:34:57.200000+00:00,-25.619,-63.446,568.5,4.43,mw,,,,0.62,us,usp00092v1,2014-11-07T01:07:01.811Z,"17 km W of Taco Pozo, Argentina",earthquake,,36.0,,1.0,reviewed,us,us,1999-02-15,32512,Argentina,3
1999-02-17 00:55:31.900000+00:00,-29.85,-69.396,33.0,4.77,mw,,,,1.28,us,usp00092y2,2014-11-07T01:07:02.132Z,"76 km NW of San José de Jáchal, Argentina",earthquake,,,,6.0,reviewed,us,us,1999-02-17,32465,Argentina,1
1999-02-26 04:05:03.460000+00:00,-34.94,-68.102,0.2,3.86,mw,,,,,us,usp00093fe,2014-11-07T01:07:05.153Z,"41 km SSE of San Rafael, Argentina",earthquake,,,,,reviewed,guc,guc,1999-02-26,32562,Argentina,-1
1999-03-05 07:28:06.530000+00:00,-34.825,-69.696,10.0,4.13,mw,,,,1.06,us,usp00093wb,2014-11-07T01:07:10.573Z,Chile-Argentina border region,earthquake,,,,,reviewed,us,guc,1999-03-05,32516,Chile-Argentina border region,-1
1999-03-08 17:27:23.130000+00:00,-27.073,-63.359,568.5,4.85,mw,,,,0.73,us,usp000943w,2014-11-07T01:07:12.118Z,"13 km WSW of El Hoyo, Argentina",earthquake,,4.5,,27.0,reviewed,us,us,1999-03-08,32452,Argentina,3
1999-03-27 03:49:12.210000+00:00,-22.252,-65.845,272.4,4.51,mw,,,,0.9,us,usp000958g,2014-11-07T01:07:16.527Z,"30 km WSW of La Quiaca, Argentina",earthquake,,8.6,,10.0,reviewed,us,us,1999-03-27,32505,Argentina,2
1999-03-27 11:13:34.120000+00:00,-40.045,-71.747,33.0,5.5,mwc,,,,0.99,us,usp0009597,2022-04-29T18:05:12.133Z,"35 km WNW of San Martín de los Andes, Argentina",earthquake,,,,,reviewed,us,hrv,1999-03-27,32414,Argentina,-1
1999-03-29 20:39:11.940000+00:00,-33.449,-68.204,10.0,3.77,mw,,,,0.66,us,usp00095ex,2014-11-07T01:07:17.585Z,"47 km SSE of San Martín, Argentina",earthquake,,,,,reviewed,us,guc,1999-03-29,32566,Argentina,1
1999-04-05 03:46:14+00:00,-24.236,-66.977,189.1,4.94,mw,,,,1.1,us,usp00095tj,2014-11-07T01:07:23.178Z,"66 km W of San Antonio de los Cobres, Argentina",earthquake,,5.5,,28.0,reviewed,us,us,1999-04-05,32449,Argentina,2
1999-04-09 18:06:40.490000+00:00,-50.463,-72.226,33.0,4.68,mw,,,,0.98,us,usp0009619,2014-11-07T01:07:26.660Z,"14 km SSE of El Calafate, Argentina",earthquake,,,,2.0,reviewed,us,us,1999-04-09,32481,Argentina,-1
1999-04-14 06:03:00.840000+00:00,-39.617,-70.716,159.1,5.03,mw,,,,0.95,us,usp0009692,2014-11-07T01:07:28.141Z,"45 km SSE of Aluminé, Argentina",earthquake,,6.3,,2.0,reviewed,us,us,1999-04-14,32447,Argentina,-1
1999-04-25 09:10:44.210000+00:00,-31.798,-69.255,115.7,5.3,mwc,,,,0.87,us,usp00096uy,2025-12-19T22:31:56.901Z,"53 km SSE of Calingasta, Argentina",earthquake,,,,,reviewed,us,hrv,1999-04-25,32439,Argentina,1
1999-04-29 12:22:10.700000+00:00,-33.96,-68.38,10.0,3.77,mw,,,,1.3,us,usp000971g,2014-11-07T01:07:31.528Z,"73 km N of San Rafael, Argentina",earthquake,,,,,reviewed,us,guc,1999-04-29,32568,Argentina,1
1999-05-03 21:29:14.360000+00:00,-31.839,-70.061,128.3,3.95,mw,,,,,us,usp00097an,2014-11-07T01:07:37.129Z,"82 km SW of Calingasta, Argentina",earthquake,,,,,reviewed,guc,guc,1999-05-03,32540,Argentina,1
1999-05-09 07:13:53.850000+00:00,-29.272,-68.653,111.2,4.77,mw,,,,0.97,us,usp00097n5,2014-11-07T01:07:39.078Z,"71 km SW of Vinchina, Argentina",earthquake,,,,16.0,reviewed,us,us,1999-05-09,32463,Argentina,1
1999-05-10 08:47:25.040000+00:00,-30.397,-69.163,65.2,5.2,mwc,,,,0.92,us,usp00097qg,2022-04-29T18:24:11.360Z,"43 km WSW of San José de Jáchal, Argentina",earthquake,,4.1,,,reviewed,us,hrv,1999-05-10,32445,Argentina,1
1999-05-22 01:32:13.600000+00:00,-36.783,-70.476,158.8,5.3,mwc,,,,0.91,us,usp00098ga,2025-12-19T22:40:21.239Z,"33 km NE of Las Ovejas, Argentina",earthquake,,,,,reviewed,us,hrv,1999-05-22,32440,Argentina,-1
1999-05-25 16:42:05.350000+00:00,-27.931,-66.934,169.3,5.8,mwc,,,,0.99,us,usp00098ra,2022-04-29T18:26:14.257Z,"31 km SE of Londres, Argentina",earthquake,,,,,reviewed,us,hrv,1999-05-25,32404,Argentina,1
1999-05-29 20:16:33.640000+00:00,-50.396,-75.973,33.0,5.28,mw,,,,0.56,us,usp00098zs,2014-11-07T01:07:44.706Z,"263 km W of El Calafate, Argentina",earthquake,,,,9.0,reviewed,us,us,1999-05-29,32444,Argentina,-1
1999-05-31 08:22:30.610000+00:00,-31.466,-68.923,100.0,3.86,mw,,,,1.18,us,usp000992d,2014-11-07T01:07:44.949Z,"20 km WNW of Villa Basilio Nievas, Argentina",earthquake,,,,,reviewed,us,guc,1999-05-31,32547,Argentina,1
1999-06-01 12:26:36.510000+00:00,-31.88,-68.277,122.5,4.51,mw,,,,1.06,us,usp000994u,2014-11-07T01:07:47.560Z,"25 km S of Caucete, Argentina",earthquake,,4.4,,3.0,reviewed,us,us,1999-06-01,32503,Argentina,1
1999-06-09 23:25:01.160000+00:00,-22.753,-66.185,249.8,5.4,mwc,,,,0.78,us,usp00099kq,2025-12-19T22:40:33.034Z,"50 km W of Abra Pampa, Argentina",earthquake,,3.0,,,reviewed,us,hrv,1999-06-09,32436,Argentina,2
1999-06-12 16:11:36.330000+00:00,-27.899,-66.914,177.2,4.51,mw,,,,1.27,us,usp00099rj,2014-11-07T01:07:53.430Z,"29 km SE of Londres, Argentina",earthquake,,8.6,,3.0,reviewed,us,us,1999-06-12,32687,Argentina,1
1999-06-17 11:08:50.800000+00:00,-22.446,-66.112,248.5,4.85,mw,,,,0.87,us,usp0009a1p,2014-11-07T01:07:54.517Z,"52 km NW of Abra Pampa, Argentina",earthquake,,10.5,,20.0,reviewed,us,us,1999-06-17,32613,Argentina,2
1999-07-04 06:48:51.980000+00:00,-55.779,-62.999,33.0,4.68,mw,,,,0.86,us,usp0009b1r,2014-11-07T01:08:02.774Z,Drake Passage,earthquake,,,,2.0,reviewed,us,us,1999-07-04,32675,Argentina,-1
1999-07-15 07:41:24.040000+00:00,-23.639,-63.571,546.3,4.68,mw,,,,0.79,us,usp0009bn2,2014-11-07T01:08:05.942Z,"71 km SE of Embarcación, Argentina",earthquake,,4.4,,26.0,reviewed,us,us,1999-07-15,32667,Argentina,-1
1999-08-03 23:06:31.730000+00:00,-32.845,-70.788,73.2,4.04,mw,,,,,us,usp0009cjs,2014-11-07T01:08:13.845Z,Chile-Argentina border region,earthquake,,,,,reviewed,guc,guc,1999-08-03,32688,Chile-Argentina border region,-1
1999-08-04 16:49:50.760000+00:00,-31.656,-68.079,115.2,5.4,mwb,,,,0.98,us,usp0009ckp,2025-12-19T22:33:18.493Z,"19 km E of Caucete, Argentina",earthquake,,,,,reviewed,us,us,1999-08-04,32580,Argentina,1
1999-08-08 00:02:52.020000+00:00,-32.633,-68.741,33.0,3.86,mw,,,,0.96,us,usp0009cse,2014-11-07T01:08:15.116Z,"29 km NNE of Mendoza, Argentina",earthquake,,,,,reviewed,us,guc,1999-08-08,32748,Argentina,1
1999-08-08 10:23:57.190000+00:00,-32.478,-67.723,10.0,3.77,mw,,,,1.11,us,usp0009csx,2014-11-07T01:08:15.194Z,"96 km NE of San Martín, Argentina",earthquake,,,,,reviewed,us,guc,1999-08-08,32749,Argentina,1
1999-08-11 14:35:11.820000+00:00,-24.418,-67.585,114.4,4.68,mw,,,,1.1,us,usp0009cws,2014-11-07T01:08:15.718Z,"130 km W of San Antonio de los Cobres, Argentina",earthquake,,10.2,,5.0,reviewed,us,us,1999-08-11,32670,Argentina,2
1999-09-01 02:56:21.170000+00:00,-24.382,-67.118,173.6,4.94,mw,,,,1.46,us,usp0009dwf,2014-11-07T01:08:23.276Z,"83 km WSW of San Antonio de los Cobres, Argentina",earthquake,,8.6,,10.0,reviewed,us,us,1999-09-01,32602,Argentina,2
1999-09-07 18:48:50.990000+00:00,-33.167,-68.198,33.0,3.86,mw,,,,1.1,us,usp0009e50,2014-11-07T01:08:27.261Z,"26 km ESE of San Martín, Argentina",earthquake,,,,,reviewed,us,guc,1999-09-07,32745,Argentina,1
1999-09-10 06:57:50.610000+00:00,-31.708,-69.206,110.7,4.85,mw,,,,0.87,us,usp0009e90,2014-11-07T01:08:27.885Z,"46 km SSE of Calingasta, Argentina",earthquake,,,,15.0,reviewed,us,us,1999-09-10,32633,Argentina,1
1999-09-15 12:03:11.590000+00:00,-32.458,-69.323,100.0,3.77,mw,,,,0.91,us,usp0009ef8,2014-11-07T01:08:28.820Z,"66 km NW of Mendoza, Argentina",earthquake,,,,,reviewed,us,guc,1999-09-15,32756,Argentina,1
1999-09-16 13:08:57.290000+00:00,-22.97,-63.696,532.7,4.85,mw,,,,0.89,us,usp0009eg8,2014-11-07T01:08:29.252Z,"43 km SSE of General Mosconi, Argentina",earthquake,,10.3,,6.0,reviewed,us,us,1999-09-16,32632,Argentina,-1
1999-09-18 23:25:19.540000+00:00,-22.846,-66.198,261.7,4.77,mw,,,,1.32,us,usp0009eme,2014-11-07T01:08:30.087Z,"53 km WSW of Abra Pampa, Argentina",earthquake,,,,16.0,reviewed,us,us,1999-09-18,32661,Argentina,2
1999-09-27 02:36:14.560000+00:00,-26.93,-63.329,560.5,4.51,mw,,,,0.81,us,usp0009f32,2014-11-07T01:08:32.650Z,"14 km NW of El Hoyo, Argentina",earthquake,,9.2,,8.0,reviewed,us,us,1999-09-27,32678,Argentina,3
1999-09-27 10:47:12.580000+00:00,-38.975,-70.92,158.0,4.77,mw,,,,0.95,us,usp0009f3q,2014-11-07T01:08:32.707Z,"29 km N of Aluminé, Argentina",earthquake,,20.4,,1.0,reviewed,us,us,1999-09-27,32640,Argentina,-1
1999-09-28 16:00:42.260000+00:00,-31.946,-69.865,100.0,3.95,mw,,,,0.93,us,usp0009f5j,2014-11-07T01:08:33.183Z,"79 km SSW of Calingasta, Argentina",earthquake,,,,,reviewed,us,guc,1999-09-28,32691,Argentina,1
1999-10-01 21:50:46.080000+00:00,-23.614,-66.308,230.6,4.85,mw,,,,1.45,us,usp0009f9x,2014-11-07T01:08:37.772Z,"66 km N of San Antonio de los Cobres, Argentina",earthquake,,8.8,,1.0,reviewed,us,us,1999-10-01,32637,Argentina,2
1999-10-04 20:22:22.100000+00:00,-35.203,-69.523,180.2,4.6,mw,,,,0.55,us,usp0009ff0,2014-11-07T01:08:39.941Z,"126 km WSW of San Rafael, Argentina",earthquake,,3.8,,4.0,reviewed,us,us,1999-10-04,32676,Argentina,-1
1999-11-24 15:37:42.380000+00:00,-33.348,-65.884,33.0,4.85,mw,,,,0.94,us,usp0009j1p,2014-11-07T01:09:00.129Z,"40 km SW of La Toma, Argentina",earthquake,,,,4.0,reviewed,us,us,1999-11-24,32637,Argentina,-1
1999-11-27 16:59:16.690000+00:00,-32.891,-68.149,10.0,3.95,mw,,,,0.76,us,usp0009j70,2014-11-07T01:09:01.032Z,"36 km NE of San Martín, Argentina",earthquake,,,,,reviewed,us,guc,1999-11-27,32694,Argentina,1
1999-11-28 01:36:26.130000+00:00,-31.368,-68.69,109.2,4.51,mw,,,,0.76,us,usp0009j7s,2014-11-07T01:09:01.160Z,"17 km WNW of Albardón, Argentina",earthquake,,,,1.0,reviewed,us,us,1999-11-28,32687,Argentina,1
1999-12-05 22:44:16.510000+00:00,-24.013,-66.949,199.0,5.11,mw,,,,0.78,us,usp0009jgv,2014-11-07T01:09:06.810Z,"67 km WNW of San Antonio de los Cobres, Argentina",earthquake,,8.5,,2.0,reviewed,us,us,1999-12-05,32585,Argentina,2
1999-12-12 17:37:06.860000+00:00,-29.009,-69.465,113.1,4.94,mw,,,,1.06,us,usp0009jsz,2014-11-07T01:09:09.162Z,"125 km WSW of Vinchina, Argentina",earthquake,,,,15.0,reviewed,us,us,1999-12-12,32828,Argentina,1
1999-12-13 18:57:47.770000+00:00,-31.853,-69.437,114.0,5.03,mw,,,,0.93,us,usp0009jua,2014-11-07T01:09:09.375Z,"57 km S of Calingasta, Argentina",earthquake,,,,22.0,reviewed,us,us,1999-12-13,32822,Argentina,1
1999-12-30 14:49:56.730000+00:00,-23.723,-64.894,21.4,5.3,mwc,,,,1.07,us,usp0009kgs,2022-04-29T18:22:44.991Z,"13 km WNW of Calilegua, Argentina",earthquake,,,,,reviewed,us,hrv,1999-12-30,32781,Argentina,-1
2000-01-07 01:08:19.290000+00:00,-28.21,-67.351,144.4,5.11,mw,,,,1.09,us,usp0009kuf,2014-11-07T01:09:18.079Z,"Catamarca-La Rioja region, Argentina",earthquake,,,,22.0,reviewed,us,us,2000-01-07,32812,Argentina,1
2000-01-07 11:49:11.720000+00:00,-28.495,-69.196,120.1,4.43,mw,,,,0.88,us,usp0009kv2,2014-11-07T01:09:18.175Z,"101 km WNW of Vinchina, Argentina",earthquake,,10.6,,3.0,reviewed,us,us,2000-01-07,32884,Argentina,1
2000-01-27 00:13:07.580000+00:00,-31.131,-68.228,25.7,5.11,mw,,,,0.95,us,usp0009mqf,2022-04-29T18:30:22.602Z,"42 km NE of San Martín, Argentina",earthquake,,,,28.0,reviewed,us,us,2000-01-27,32821,Argentina,1
2000-01-30 14:08:33.750000+00:00,-31.264,-69.111,116.4,4.94,mw,,,,0.88,us,usp0009muv,2014-11-07T01:09:22.822Z,"30 km ENE of Calingasta, Argentina",earthquake,,,,14.0,reviewed,us,us,2000-01-30,32837,Argentina,1
2000-02-06 22:51:58.570000+00:00,-31.618,-68.667,117.3,4.43,mw,,,,0.82,us,usp0009n4x,2014-11-07T01:09:27.704Z,"9 km SE of Villa Basilio Nievas, Argentina",earthquake,,,,9.0,reviewed,us,us,2000-02-06,32885,Argentina,1
2000-02-08 18:20:04.520000+00:00,-29.385,-69.483,120.7,4.85,mw,,,,1.22,us,usp0009n7f,2014-11-07T01:09:28.920Z,"118 km NW of San José de Jáchal, Argentina",earthquake,,6.4,,16.0,reviewed,us,us,2000-02-08,32846,Argentina,1
2000-02-09 05:52:10.340000+00:00,-27.094,-63.317,567.4,4.77,mw,,,,0.86,us,usp0009n85,2014-11-07T01:09:29.021Z,"11 km SW of El Hoyo, Argentina",earthquake,,5.2,,16.0,reviewed,us,us,2000-02-09,32858,Argentina,3
2000-02-13 01:22:49.790000+00:00,-23.997,-67.244,212.3,4.6,mw,,,,1.41,us,usp0009nd8,2014-11-07T01:09:30.596Z,"97 km WNW of San Antonio de los Cobres, Argentina",earthquake,,17.1,,3.0,reviewed,us,us,2000-02-13,32878,Argentina,2
2000-02-15 14:49:08.690000+00:00,-22.737,-66.102,254.3,4.85,mw,,,,0.91,us,usp0009ngn,2014-11-07T01:09:31.010Z,"41 km W of Abra Pampa, Argentina",earthquake,,6.6,,17.0,reviewed,us,us,2000-02-15,32857,Argentina,2
2000-02-24 03:29:00.630000+00:00,-33.251,-68.638,3.9,4.04,mw,,,,,us,usp0009nw3,2014-11-07T01:09:33.382Z,"24 km SW of San Martín, Argentina",earthquake,,,,,reviewed,guc,guc,2000-02-24,32906,Argentina,1
2000-03-04 16:12:41.150000+00:00,-28.636,-66.443,36.0,4.68,mw,,,,0.95,us,usp0009p8x,2014-11-07T01:09:39.014Z,"34 km SW of Pomán, Argentina",earthquake,,,,7.0,reviewed,us,us,2000-03-04,32860,Argentina,1
2000-03-15 17:48:21.980000+00:00,-32.51,-68.737,33.0,5.11,mw,,,,1.08,us,usp0009prg,2014-11-07T01:09:42.348Z,"43 km NNE of Mendoza, Argentina",earthquake,,,,16.0,reviewed,us,us,2000-03-15,32819,Argentina,1
2000-03-16 20:05:26.200000+00:00,-33.838,-68.4,33.0,4.04,mw,,,,1.14,us,usp0009psu,2014-11-07T01:09:42.545Z,"84 km S of San Martín, Argentina",earthquake,,,,,reviewed,us,guc,2000-03-16,32915,Argentina,1
2000-03-18 20:36:31.540000+00:00,-32.043,-68.228,10.0,3.77,mw,,,,1.1,us,usp0009pvu,2014-11-07T01:09:43.007Z,"43 km S of Caucete, Argentina",earthquake,,,,,reviewed,us,guc,2000-03-18,32926,Argentina,1
2000-03-30 07:59:56.150000+00:00,-24.354,-67.866,123.5,4.43,mw,,,,0.47,us,usp0009qgd,2014-11-07T01:09:46.258Z,"157 km W of San Antonio de los Cobres, Argentina",earthquake,,37.6,,3.0,reviewed,us,us,2000-03-30,32903,Argentina,2
2000-04-01 09:55:48.580000+00:00,-27.884,-66.661,169.0,5.11,mw,,,,1.14,us,usp0009qmb,2014-11-07T01:09:48.595Z,"47 km SW of Andalgalá, Argentina",earthquake,,,,36.0,reviewed,us,us,2000-04-01,32809,Argentina,1
2000-04-01 21:52:19.330000+00:00,-30.328,-68.599,122.3,4.43,mw,,,,1.2,us,usp0009qnj,2014-11-07T01:09:49.906Z,"17 km SE of San José de Jáchal, Argentina",earthquake,,6.4,,5.0,reviewed,us,us,2000-04-01,32896,Argentina,1
2000-04-05 16:02:48.380000+00:00,-40.559,-71.403,152.3,5.03,mw,,,,0.91,us,usp0009qv8,2014-11-07T01:09:51.743Z,"30 km NE of Villa La Angostura, Argentina",earthquake,,6.4,,17.0,reviewed,us,us,2000-04-05,32826,Argentina,-1
2000-04-11 08:13:40.090000+00:00,-31.739,-70.034,118.4,4.68,mw,,,,0.89,us,usp0009r4t,2014-11-07T01:09:52.934Z,"73 km SW of Calingasta, Argentina",earthquake,,,,23.0,reviewed,us,us,2000-04-11,32874,Argentina,1
2000-04-12 05:29:40.440000+00:00,-31.465,-68.0,33.0,4.6,mw,,,,1.2,us,usp0009r67,2014-11-07T01:09:53.137Z,"33 km NE of Caucete, Argentina",earthquake,,,,9.0,reviewed,us,us,2000-04-12,32874,Argentina,1
2000-04-23 09:27:23.320000+00:00,-28.307,-62.99,608.5,7.0,mwb,,,,0.89,us,usp0009rrc,2022-04-29T19:37:41.054Z,"22 km NW of Añatuya, Argentina",earthquake,,,,,reviewed,us,us,2000-04-23,32764,Argentina,3
2000-04-30 05:31:25.870000+00:00,-27.018,-66.035,35.6,5.2,mwc,,,,1.06,us,usp0009s37,2022-04-29T18:37:42.550Z,"37 km WSW of Tafí del Valle, Argentina",earthquake,,5.4,,,reviewed,us,hrv,2000-04-30,32789,Argentina,-1
2000-05-03 07:35:00.010000+00:00,-31.402,-67.335,26.4,4.68,mw,,,,1.19,us,usp0009s9b,2014-11-07T01:10:02.507Z,"86 km S of San Agustín de Valle Fértil, Argentina",earthquake,,,,11.0,reviewed,us,us,2000-05-03,32872,Argentina,1
2000-05-12 18:43:18.120000+00:00,-23.548,-66.452,225.0,7.2,mwc,,,,0.86,us,usp0009suu,2022-04-29T19:16:27.106Z,"75 km N of San Antonio de los Cobres, Argentina",earthquake,,4.6,,,reviewed,us,hrv,2000-05-12,32763,Argentina,2
2000-05-23 16:05:57.360000+00:00,-24.457,-66.936,186.3,5.2,mwc,,,,0.98,us,usp0009tcq,2025-12-19T22:43:40.695Z,"68 km WSW of San Antonio de los Cobres, Argentina",earthquake,,,,,reviewed,us,hrv,2000-05-23,32789,Argentina,2
2000-06-12 14:47:59.110000+00:00,-22.964,-66.44,241.9,5.03,mw,63.0,,,1.29,us,usp0009ufx,2014-11-07T01:10:22.042Z,"80 km WSW of Abra Pampa, Argentina",earthquake,,,,16.0,reviewed,us,us,2000-06-12,32989,Argentina,2
2000-06-14 03:19:18.140000+00:00,-24.032,-66.747,196.5,5.9,mwc,255.0,,,0.99,us,usp0009uj1,2022-04-29T18:40:58.213Z,"48 km WNW of San Antonio de los Cobres, Argentina",earthquake,,3.1,,,reviewed,us,hrv,2000-06-14,32946,Argentina,2
2000-06-17 20:43:18.590000+00:00,-32.173,-69.06,0.2,3.86,mw,12.0,,,,us,usp0009urv,2014-11-07T01:10:23.218Z,"70 km SW of Pocito, Argentina",earthquake,,,,,reviewed,guc,guc,2000-06-17,33109,Argentina,1
2000-06-19 03:32:55.040000+00:00,-29.338,-67.812,115.2,5.03,mw,103.0,,,0.98,us,usp0009uuc,2014-11-07T01:10:23.537Z,"36 km WSW of Chilecito, Argentina",earthquake,,,,34.0,reviewed,us,us,2000-06-19,32990,Argentina,1
2000-07-07 05:26:43.100000+00:00,-28.011,-66.613,174.0,5.3,mwc,152.0,,,1.1,us,usp0009vz3,2025-12-19T22:44:18.927Z,"55 km SSW of Andalgalá, Argentina",earthquake,,,,,reviewed,us,hrv,2000-07-07,32948,Argentina,1
2000-07-12 21:41:37.370000+00:00,-31.407,-70.004,123.1,4.94,mw,24.0,,,1.01,us,usp0009wce,2014-11-07T01:10:35.775Z,"56 km W of Calingasta, Argentina",earthquake,,5.1,,1.0,reviewed,us,us,2000-07-12,32996,Argentina,1
2000-07-20 17:51:07.010000+00:00,-22.7,-66.131,260.8,4.94,mw,48.0,,,0.99,us,usp0009wvt,2014-11-07T01:10:38.670Z,"44 km W of Abra Pampa, Argentina",earthquake,,4.4,,18.0,reviewed,us,us,2000-07-20,32991,Argentina,2
2000-07-23 19:15:35+00:00,-60.388,-65.816,33.0,5.03,mw,21.0,,,1.24,us,usp0009x18,2014-11-07T01:10:39.549Z,Drake Passage,earthquake,,,,2.0,reviewed,us,us,2000-07-23,32987,Argentina,-1
2000-07-25 09:05:41.170000+00:00,-23.422,-66.663,199.6,4.43,mw,23.0,,,0.91,us,usp0009x52,2014-11-07T01:10:40.126Z,"94 km NNW of San Antonio de los Cobres, Argentina",earthquake,,9.0,,2.0,reviewed,us,us,2000-07-25,33055,Argentina,2
2000-07-26 01:31:50.440000+00:00,-29.542,-67.205,50.3,4.77,mw,23.0,,,1.03,us,usp0009x6c,2014-11-07T01:10:40.281Z,"33 km SSW of Villa Bustos, Argentina",earthquake,,7.9,,3.0,reviewed,us,us,2000-07-26,33003,Argentina,1
2000-07-27 01:33:40.270000+00:00,-58.79,-65.371,33.0,4.43,mw,9.0,,,1.1,us,usp0009x8c,2014-11-07T01:10:40.864Z,Drake Passage,earthquake,,,,4.0,reviewed,us,us,2000-07-27,33054,Argentina,-1
2000-08-01 04:39:58.410000+00:00,-31.736,-66.916,131.1,4.85,mw,20.0,,,1.05,us,usp0009xja,2014-11-07T01:10:45.603Z,"109 km WNW of Candelaria, Argentina",earthquake,,9.6,,1.0,reviewed,us,us,2000-08-01,32996,Argentina,1
2000-08-01 21:40:31.260000+00:00,-29.262,-68.358,68.1,3.86,mw,25.0,,,0.95,us,usp0009xkt,2014-11-07T01:10:46.660Z,"57 km SSW of Vinchina, Argentina",earthquake,,7.1,,,reviewed,us,guc,2000-08-01,33117,Argentina,1
2000-08-03 20:12:05.550000+00:00,-27.465,-64.997,31.5,5.11,mw,35.0,,,1.11,us,usp0009xur,2014-11-07T01:10:48.718Z,"13 km WNW of Termas de Río Hondo, Argentina",earthquake,,,,9.0,reviewed,us,us,2000-08-03,32976,Argentina,-1
2000-08-05 15:16:22.830000+00:00,-34.128,-68.48,47.5,4.85,mw,31.0,,,,us,usp0009xyv,2014-11-07T01:10:49.277Z,"56 km NNW of San Rafael, Argentina",earthquake,,,,7.0,reviewed,guc,us,2000-08-05,32998,Argentina,1
2000-08-08 17:14:19.530000+00:00,-31.626,-67.658,33.0,4.77,mw,38.0,,,1.5,us,usp0009y46,2014-11-07T01:10:50.340Z,"59 km E of Caucete, Argentina",earthquake,,,,5.0,reviewed,us,us,2000-08-08,33010,Argentina,1
2000-08-15 14:40:29.750000+00:00,-28.742,-67.487,138.8,4.6,mw,47.0,,,1.03,us,usp0009ygf,2014-11-07T01:10:51.864Z,"46 km N of Chilecito, Argentina",earthquake,,4.4,,17.0,reviewed,us,us,2000-08-15,33045,Argentina,1
2000-08-22 08:31:41.920000+00:00,-31.866,-69.254,53.4,4.6,mw,39.0,,,1.09,us,usp0009yye,2014-11-07T01:10:54.131Z,"60 km SW of Villa Basilio Nievas, Argentina",earthquake,,5.7,,10.0,reviewed,us,us,2000-08-22,33024,Argentina,1
2000-08-29 18:57:13.740000+00:00,-27.579,-67.617,135.2,5.28,mw,158.0,,,0.93,us,usp0009zc8,2014-11-07T01:10:56.361Z,"10 km N of Fiambalá, Argentina",earthquake,,,,56.0,reviewed,us,us,2000-08-29,32951,Argentina,1
2000-09-19 15:17:21.280000+00:00,-33.073,-68.77,33.0,3.95,mw,13.0,,,0.85,us,usp000a0he,2014-11-07T01:11:06.180Z,"20 km SSE of Mendoza, Argentina",earthquake,,,,,reviewed,us,guc,2000-09-19,33079,Argentina,1
2000-09-28 05:12:08.730000+00:00,-22.586,-66.904,194.5,4.6,mw,22.0,,,1.2,us,usp000a0xs,2014-11-07T01:11:07.983Z,"124 km W of Abra Pampa, Argentina",earthquake,,9.2,,9.0,reviewed,us,us,2000-09-28,33017,Argentina,2
2000-09-29 00:56:07.140000+00:00,-31.177,-68.941,113.1,4.77,mw,43.0,,,0.84,us,usp000a0z8,2014-11-07T01:11:08.133Z,"45 km NNW of Villa Basilio Nievas, Argentina",earthquake,,,,3.0,reviewed,us,us,2000-09-29,33000,Argentina,1
2000-10-01 19:42:24.290000+00:00,-33.285,-69.198,10.0,3.95,mw,12.0,,,0.7,us,usp000a14a,2014-11-07T01:11:11.169Z,"55 km SW of Mendoza, Argentina",earthquake,,,,,reviewed,us,guc,2000-10-01,33099,Argentina,1
2000-10-07 10:53:32.140000+00:00,-32.483,-67.5,146.8,5.03,mw,48.0,,,0.96,us,usp000a1db,2014-11-07T01:11:14.995Z,"100 km WNW of Villa General Roca, Argentina",earthquake,,,,8.0,reviewed,us,us,2000-10-07,32984,Argentina,1
2000-10-23 08:43:10.400000+00:00,-36.691,-70.478,200.0,3.77,mw,14.0,,,0.71,us,usp000a28v,2014-11-07T01:11:18.407Z,"40 km NE of Las Ovejas, Argentina",earthquake,,,,,reviewed,us,guc,2000-10-23,33117,Argentina,-1
2000-11-12 00:51:56.780000+00:00,-30.313,-68.662,49.2,4.22,mw,26.0,,,1.25,us,usp000a3ez,2014-11-07T01:11:27.988Z,"11 km SE of San José de Jáchal, Argentina",earthquake,,9.8,,,reviewed,us,guc,2000-11-12,33063,Argentina,1
2000-11-22 17:38:07.900000+00:00,-32.738,-68.919,1.3,4.41,mw,17.0,,,,us,usp000a4p0,2014-11-07T01:11:32.859Z,"19 km NNW of Mendoza, Argentina",earthquake,,,,,reviewed,guc,guc,2000-11-22,33057,Argentina,1
2000-11-30 08:36:40.970000+00:00,-28.978,-66.748,57.7,5.11,mw,11.0,,,1.1,us,usp000a58n,2014-11-07T01:11:35.705Z,"43 km NE of Villa Bustos, Argentina",earthquake,,11.6,,1.0,reviewed,us,us,2000-11-30,32971,Argentina,1
2000-11-30 13:00:01.200000+00:00,-30.004,-68.851,47.6,3.77,mw,7.0,,,,us,usp000a591,2014-11-07T01:11:35.743Z,"28 km NNW of San José de Jáchal, Argentina",earthquake,,,,,reviewed,guc,guc,2000-11-30,33118,Argentina,1
2000-11-30 13:47:35.600000+00:00,-31.763,-68.711,191.1,3.77,mw,14.0,,,,us,usp000a594,2014-11-07T01:11:35.749Z,"14 km SW of Pocito, Argentina",earthquake,,,,,reviewed,guc,guc,2000-11-30,33119,Argentina,1
2000-12-01 14:37:33.300000+00:00,-33.402,-68.264,0.0,3.86,mw,9.0,,,,us,usp000a5b3,2014-11-07T01:11:38.246Z,"40 km SSE of San Martín, Argentina",earthquake,,,,,reviewed,guc,guc,2000-12-01,33117,Argentina,1
2000-12-02 09:05:42.780000+00:00,-57.56,-65.513,33.0,5.2,mw,26.0,,,1.07,us,usp000a5cq,2014-11-07T01:11:39.039Z,Drake Passage,earthquake,,,,4.0,reviewed,us,us,2000-12-02,32953,Argentina,-1
2000-12-12 08:17:12.930000+00:00,-31.638,-67.83,33.0,3.77,mw,16.0,,,0.98,us,usp000a5ya,2014-11-07T01:11:43.391Z,"42 km E of Caucete, Argentina",earthquake,,,,,reviewed,us,guc,2000-12-12,33292,Argentina,1
2000-12-18 12:33:07.440000+00:00,-30.076,-68.555,10.0,4.04,mw,13.0,,,1.26,us,usp000a695,2014-11-07T01:11:44.651Z,"25 km NE of San José de Jáchal, Argentina",earthquake,,,,,reviewed,us,guc,2000-12-18,33274,Argentina,1
2000-12-20 13:28:40.220000+00:00,-22.82,-66.355,222.6,5.54,mw,134.0,,,0.92,us,usp000a6ea,2014-11-07T01:11:45.223Z,"68 km W of Abra Pampa, Argentina",earthquake,,3.8,,44.0,reviewed,us,us,2000-12-20,33137,Argentina,2
2000-12-20 20:53:45.140000+00:00,-23.187,-66.666,210.8,4.51,mw,12.0,,,0.85,us,usp000a6f1,2014-11-07T01:11:45.327Z,"100 km W of El Aguilar, Argentina",earthquake,,8.4,,3.0,reviewed,us,us,2000-12-20,33266,Argentina,2
2000-12-21 06:13:12.600000+00:00,-29.474,-68.935,53.6,4.85,mw,26.0,,,1.04,us,usp000a6g3,2014-11-07T01:11:45.540Z,"86 km NNW of San José de Jáchal, Argentina",earthquake,,9.0,,1.0,reviewed,us,us,2000-12-21,33188,Argentina,1
2000-12-23 21:06:37.740000+00:00,-31.819,-68.26,109.1,4.94,mw,63.0,,,1.13,us,usp000a6mj,2014-11-07T01:11:46.027Z,"18 km S of Caucete, Argentina",earthquake,,,,13.0,reviewed,us,us,2000-12-23,33180,Argentina,1
2000-12-26 10:41:03.250000+00:00,-24.066,-66.695,198.0,5.11,mw,38.0,,,1.33,us,usp000a6rq,2014-11-07T01:11:46.473Z,"41 km WNW of San Antonio de los Cobres, Argentina",earthquake,,7.6,,9.0,reviewed,us,us,2000-12-26,33143,Argentina,2
2001-01-03 11:42:03.460000+00:00,-31.416,-69.344,113.7,4.85,mw,42.0,,,0.89,us,usp000a73n,2014-11-07T01:11:51.300Z,"11 km SE of Calingasta, Argentina",earthquake,,,,14.0,reviewed,us,us,2001-01-03,33185,Argentina,1
2001-01-06 05:11:09.900000+00:00,-40.511,-71.781,138.6,3.95,mw,14.0,,,,us,usp000a76v,2014-11-07T01:11:52.532Z,"30 km NNW of Villa La Angostura, Argentina",earthquake,,,,,reviewed,guc,guc,2001-01-06,33275,Argentina,-1
2001-01-24 08:08:37.260000+00:00,-22.423,-65.956,264.0,5.03,mw,57.0,,,1.0,us,usp000a89y,2014-11-07T01:11:58.533Z,"42 km NW of Abra Pampa, Argentina",earthquake,,5.3,,17.0,reviewed,us,us,2001-01-24,33154,Argentina,2
2001-02-01 22:16:19.030000+00:00,-31.446,-68.792,104.7,5.45,mw,134.0,,,0.84,us,usp000a8vh,2014-11-07T01:12:03.813Z,"12 km NNW of Villa Basilio Nievas, Argentina",earthquake,,,,15.0,reviewed,us,us,2001-02-01,33137,Argentina,1
2001-02-06 20:18:40.200000+00:00,-33.459,-69.495,2.8,3.86,mw,14.0,,,,us,usp000a96h,2014-11-07T01:12:06.053Z,"88 km SW of Mendoza, Argentina",earthquake,,,,,reviewed,guc,guc,2001-02-06,33286,Argentina,1
2001-02-09 01:11:51.110000+00:00,-31.09,-67.812,24.2,4.22,mw,19.0,,,1.0,us,usp000a9ae,2014-11-07T01:12:07.105Z,"60 km SSW of San Agustín de Valle Fértil, Argentina",earthquake,,,,,reviewed,us,guc,2001-02-09,33270,Argentina,1
2001-03-15 11:06:20.250000+00:00,-34.821,-69.558,33.0,5.11,mw,72.0,,,0.77,us,usp000abex,2014-11-07T01:12:21.283Z,"114 km W of San Rafael, Argentina",earthquake,,,,21.0,reviewed,us,us,2001-03-15,33140,Argentina,-1
2001-03-18 07:05:24.830000+00:00,-24.543,-66.843,200.0,4.68,mw,6.0,,,0.39,us,usp000abns,2014-11-07T01:12:22.126Z,"64 km SW of San Antonio de los Cobres, Argentina",earthquake,,,,1.0,reviewed,us,us,2001-03-18,33225,Argentina,2
2001-03-19 22:32:22.500000+00:00,-37.393,-70.839,33.0,5.11,mw,56.0,,,1.04,us,usp000abrh,2014-11-07T01:12:23.111Z,"28 km SSW of Andacollo, Argentina",earthquake,,,,17.0,reviewed,us,us,2001-03-19,33151,Argentina,-1
2001-03-31 06:54:15.580000+00:00,-29.402,-68.327,104.0,5.4,mwc,245.0,,,0.82,us,usp000ac9z,2025-12-19T22:47:21.705Z,"72 km S of Vinchina, Argentina",earthquake,,,,,reviewed,us,hrv,2001-03-31,33138,Argentina,1
2001-04-05 04:28:21.170000+00:00,-57.605,-65.751,33.0,4.77,mw,13.0,,,0.94,us,usp000acm8,2014-11-07T01:12:31.939Z,Drake Passage,earthquake,,,,8.0,reviewed,us,us,2001-04-05,33222,Argentina,-1
2001-04-21 18:15:46.830000+00:00,-29.103,-67.52,127.8,5.8,mwb,239.0,,,1.12,us,usp000adrk,2022-04-29T19:12:08.242Z,"6 km NNW of Chilecito, Argentina",earthquake,,,,,reviewed,us,us,2001-04-21,33129,Argentina,1
2001-04-28 11:10:12.510000+00:00,-24.119,-64.762,33.0,4.51,mw,19.0,,,1.36,us,usp000ae3b,2014-11-07T01:12:38.839Z,"14 km NNE of Ingenio La Esperanza, Argentina",earthquake,,,,6.0,reviewed,us,us,2001-04-28,33243,Argentina,-1
2001-04-30 06:40:33.900000+00:00,-34.119,-68.425,0.0,3.86,mw,11.0,,,,us,usp000ae7c,2014-11-07T01:12:39.768Z,"56 km N of San Rafael, Argentina",earthquake,,,,,reviewed,guc,guc,2001-04-30,33283,Argentina,1
2001-05-02 12:08:53.930000+00:00,-28.241,-67.183,129.6,4.68,mw,36.0,,,0.75,us,usp000aear,2014-11-07T01:12:42.867Z,"42 km ESE of Tinogasta, Argentina",earthquake,,6.0,,13.0,reviewed,us,us,2001-05-02,33238,Argentina,1
2001-05-06 10:17:01.360000+00:00,-24.201,-67.075,157.9,4.51,mw,19.0,,,0.9,us,usp000aegw,2014-11-07T01:12:46.044Z,"76 km W of San Antonio de los Cobres, Argentina",earthquake,,20.4,,4.0,reviewed,us,us,2001-05-06,33259,Argentina,2
2001-05-07 05:40:06.900000+00:00,-32.976,-69.125,3.2,4.41,mw,17.0,,,,us,usp000aej7,2014-11-07T01:12:46.226Z,"29 km WSW of Mendoza, Argentina",earthquake,,,,,reviewed,guc,guc,2001-05-07,33268,Argentina,1
2001-05-10 15:00:26.100000+00:00,-32.072,-67.956,10.9,3.86,mw,6.0,,,,us,usp000aeqv,2014-11-07T01:12:46.999Z,"55 km SSE of Caucete, Argentina",earthquake,,,,,reviewed,guc,guc,2001-05-10,33278,Argentina,1
2001-05-15 23:53:18.380000+00:00,-28.06,-66.553,176.5,5.6,mwc,222.0,,,1.02,us,usp000af09,2022-04-29T19:16:03.168Z,"49 km NW of Pomán, Argentina",earthquake,,,,,reviewed,us,hrv,2001-05-15,33135,Argentina,1
2001-05-18 04:38:25.200000+00:00,-31.834,-67.451,48.8,5.03,mw,20.0,,,0.93,us,usp000af3z,2014-11-07T01:12:48.443Z,"81 km ESE of Caucete, Argentina",earthquake,,11.9,,1.0,reviewed,us,us,2001-05-18,33172,Argentina,1
2001-05-24 08:39:04.870000+00:00,-28.671,-69.147,97.4,4.68,mw,12.0,,,1.15,us,usp000afev,2014-11-07T01:12:50.121Z,"92 km W of Vinchina, Argentina",earthquake,,11.1,,1.0,reviewed,us,us,2001-05-24,33226,Argentina,1
2001-06-07 21:45:46.150000+00:00,-31.537,-68.21,109.1,3.95,mw,16.0,,,0.97,us,usp000ag8a,2014-11-07T01:13:00.492Z,"14 km NNE of Caucete, Argentina",earthquake,,9.4,,,reviewed,us,guc,2001-06-07,33440,Argentina,1
2001-06-13 04:10:46.330000+00:00,-27.214,-66.505,16.9,5.0,mwc,176.0,,,0.97,us,usp000aghk,2022-04-29T19:21:56.647Z,"32 km E of Hualfín, Argentina",earthquake,,,,,reviewed,us,hrv,2001-06-13,33345,Argentina,1
2001-06-14 08:33:15.670000+00:00,-28.429,-68.376,97.8,3.86,mw,15.0,,,1.05,us,usp000agma,2014-11-07T01:13:03.696Z,"40 km NNW of Vinchina, Argentina",earthquake,,12.9,,,reviewed,us,guc,2001-06-14,33449,Argentina,1
2001-06-15 11:57:17.940000+00:00,-24.016,-67.457,143.3,4.77,mw,12.0,,,1.28,us,usp000agqw,2014-11-07T01:13:04.196Z,"117 km W of San Antonio de los Cobres, Argentina",earthquake,,17.7,,6.0,reviewed,us,us,2001-06-15,33383,Argentina,2
2001-06-20 22:57:09.790000+00:00,-33.275,-68.544,33.0,4.77,mw,17.0,,,1.18,us,usp000agzw,2014-11-07T01:13:05.592Z,"Mendoza, Argentina",earthquake,,,,3.0,reviewed,us,us,2001-06-20,33364,Argentina,1
2001-06-23 16:10:30.310000+00:00,-28.078,-66.754,164.1,4.77,mw,60.0,,,1.11,us,usp000ah4a,2014-11-07T01:13:06.702Z,"54 km SE of Londres, Argentina",earthquake,,,,8.0,reviewed,us,us,2001-06-23,33394,Argentina,1
2001-06-27 06:17:20.930000+00:00,-58.48,-65.769,33.0,4.68,mw,11.0,,,1.15,us,usp000ahjd,2014-11-07T01:13:08.490Z,Drake Passage,earthquake,,,,1.0,reviewed,us,us,2001-06-27,33416,Argentina,-1
2001-06-29 00:40:02.680000+00:00,-23.401,-66.471,203.3,4.51,mw,29.0,,,1.02,us,usp000ahnn,2014-11-07T01:13:08.813Z,"83 km WSW of El Aguilar, Argentina",earthquake,,8.6,,12.0,reviewed,us,us,2001-06-29,33433,Argentina,2
2001-07-16 07:52:12.310000+00:00,-31.318,-68.739,115.6,4.6,mw,53.0,,,0.9,us,usp000ajmh,2014-11-07T01:13:17.317Z,"24 km WNW of Albardón, Argentina",earthquake,,3.1,,3.0,reviewed,us,us,2001-07-16,33417,Argentina,1
2001-07-23 13:04:19.370000+00:00,-28.266,-67.462,141.7,4.77,mw,32.0,,,1.03,us,usp000ak12,2014-11-07T01:13:20.197Z,"24 km SSE of Tinogasta, Argentina",earthquake,,5.6,,1.0,reviewed,us,us,2001-07-23,33398,Argentina,1
2001-07-30 22:20:53.940000+00:00,-31.379,-69.208,117.7,4.77,mw,58.0,,,0.9,us,usp000akjd,2014-11-07T01:13:23.497Z,"20 km ESE of Calingasta, Argentina",earthquake,,3.2,,20.0,reviewed,us,us,2001-07-30,33359,Argentina,1
2001-08-04 03:33:01.710000+00:00,-22.288,-63.663,519.5,4.51,mw,26.0,,,0.97,us,usp000aktf,2014-11-07T01:13:29.179Z,"29 km NNE of Tartagal, Argentina",earthquake,,9.8,,5.0,reviewed,us,us,2001-08-04,33438,Argentina,-1
2001-08-05 15:17:30.720000+00:00,-27.372,-63.39,573.9,4.68,mw,19.0,,,0.89,us,usp000akw0,2014-11-07T01:13:29.972Z,"41 km SSW of El Hoyo, Argentina",earthquake,,8.2,,5.0,reviewed,us,us,2001-08-05,33411,Argentina,3
2001-08-23 18:10:00.250000+00:00,-61.659,-65.351,10.0,5.03,mw,26.0,,,1.52,us,usp000amxp,2014-11-07T01:13:36.021Z,Drake Passage,earthquake,,,,13.0,reviewed,us,us,2001-08-23,33328,Argentina,-1
2001-09-03 17:23:42.480000+00:00,-22.76,-66.366,225.0,4.77,mw,15.0,,,1.36,us,usp000anjz,2014-11-07T01:13:44.148Z,"68 km W of Abra Pampa, Argentina",earthquake,,16.0,,4.0,reviewed,us,us,2001-09-03,33365,Argentina,2
2001-09-07 04:51:11.440000+00:00,-31.207,-68.005,98.3,3.86,mw,19.0,,,1.16,us,usp000ans7,2014-11-07T01:13:45.317Z,"53 km ENE of San Martín, Argentina",earthquake,,11.4,,,reviewed,us,guc,2001-09-07,33444,Argentina,1
2001-09-20 02:43:38.370000+00:00,-29.928,-66.934,33.0,4.51,mw,12.0,,,0.81,us,usp000apgb,2014-11-07T01:13:49.374Z,"57 km S of La Rioja, Argentina",earthquake,,,,4.0,reviewed,us,us,2001-09-20,33433,Argentina,1
2001-09-25 02:46:12.710000+00:00,-23.593,-67.135,232.6,4.51,mw,7.0,,,0.82,us,usp000apra,2014-11-07T01:13:50.522Z,"108 km NW of San Antonio de los Cobres, Argentina",earthquake,,10.9,,1.0,reviewed,us,us,2001-09-25,33433,Argentina,2
2001-09-26 20:11:50.900000+00:00,-27.333,-67.276,154.6,5.11,mw,87.0,,,1.14,us,usp000apuj,2014-11-07T01:13:51.127Z,"35 km NW of La Puerta de San José, Argentina",earthquake,,,,20.0,reviewed,us,us,2001-09-26,33319,Argentina,1
2001-09-27 01:57:35.800000+00:00,-31.708,-69.487,115.8,4.6,mw,54.0,,,0.76,us,usp000apv2,2014-11-07T01:13:51.251Z,"41 km S of Calingasta, Argentina",earthquake,,2.5,,7.0,reviewed,us,us,2001-09-27,33418,Argentina,1
2001-10-03 13:53:31.450000+00:00,-35.986,-69.832,172.3,4.51,mw,16.0,,,0.76,us,usp000aq6g,2014-11-07T01:13:55.913Z,"93 km N of Barrancas, Argentina",earthquake,,8.7,,4.0,reviewed,us,us,2001-10-03,33428,Argentina,-1
2001-10-07 11:04:34.590000+00:00,-25.909,-65.455,46.0,4.94,mw,58.0,,,1.03,us,usp000aqcj,2014-11-07T01:13:57.150Z,"39 km NNW of Trancas, Argentina",earthquake,,8.3,,24.0,reviewed,us,us,2001-10-07,33352,Argentina,-1
2001-10-12 00:39:55.180000+00:00,-24.171,-66.831,201.2,5.5,mwc,204.0,,,1.08,us,usp000aqr2,2025-12-19T22:52:21.610Z,"52 km W of San Antonio de los Cobres, Argentina",earthquake,,,,,reviewed,us,hrv,2001-10-12,33306,Argentina,2
2001-10-12 10:55:50.130000+00:00,-31.89,-69.892,118.2,5.11,mw,115.0,,,0.88,us,usp000aqs9,2014-11-07T01:13:59.150Z,"76 km SW of Calingasta, Argentina",earthquake,,,,38.0,reviewed,us,us,2001-10-12,33314,Argentina,1
2001-10-12 19:18:37.400000+00:00,-31.85,-68.401,116.3,4.51,mw,33.0,,,1.03,us,usp000aqt3,2014-11-07T01:13:59.267Z,"20 km S of Nueve de Julio, Argentina",earthquake,,6.2,,5.0,reviewed,us,us,2001-10-12,33424,Argentina,1
2001-10-16 23:13:00.750000+00:00,-29.468,-69.264,107.3,4.51,mw,25.0,,,1.04,us,usp000ar2k,2014-11-07T01:14:00.253Z,"99 km NNW of San José de Jáchal, Argentina",earthquake,,8.5,,5.0,reviewed,us,us,2001-10-16,33437,Argentina,1
2001-10-17 02:34:41.250000+00:00,-28.493,-68.916,117.3,5.4,mwc,181.0,,,1.1,us,usp000ar2v,2025-12-19T22:52:42.202Z,"75 km WNW of Vinchina, Argentina",earthquake,,,,,reviewed,us,hrv,2001-10-17,33312,Argentina,1
2001-10-19 15:35:00.300000+00:00,-22.495,-66.007,266.4,5.2,mw,124.0,,,1.16,us,usp000ar88,2014-11-07T01:14:00.960Z,"40 km NW of Abra Pampa, Argentina",earthquake,,,,79.0,reviewed,us,us,2001-10-19,33313,Argentina,2
2001-10-23 10:39:46.700000+00:00,-30.908,-69.37,216.5,3.77,mw,15.0,,,,us,usp000argb,2014-11-07T01:14:02.405Z,"47 km N of Calingasta, Argentina",earthquake,,,,,reviewed,guc,guc,2001-10-23,33462,Argentina,1
2001-10-23 21:41:15.900000+00:00,-30.077,-68.919,3.1,3.77,mw,9.0,,,,us,usp000arha,2014-11-07T01:14:02.659Z,"24 km NW of San José de Jáchal, Argentina",earthquake,,,,,reviewed,guc,guc,2001-10-23,33452,Argentina,1
2001-10-28 19:23:00.460000+00:00,-31.477,-67.895,100.0,3.95,mw,18.0,,,1.29,us,usp000artx,2014-11-07T01:14:04.502Z,"41 km ENE of Caucete, Argentina",earthquake,,,,,reviewed,us,guc,2001-10-28,33444,Argentina,1
2001-10-31 16:05:45.500000+00:00,-31.351,-69.754,167.9,3.77,mw,7.0,,,,us,usp000arzp,2014-11-07T01:14:05.503Z,"31 km W of Calingasta, Argentina",earthquake,,,,,reviewed,guc,guc,2001-10-31,33476,Argentina,1
2001-11-10 04:28:39.680000+00:00,-30.306,-69.246,117.2,5.03,mw,102.0,,,0.88,us,usp000asjy,2014-11-07T01:14:13.549Z,"48 km W of San José de Jáchal, Argentina",earthquake,,,,21.0,reviewed,us,us,2001-11-10,33326,Argentina,1
2001-11-24 11:14:20.160000+00:00,-33.346,-67.214,10.0,5.03,mw,21.0,,,1.28,us,usp000atdf,2014-11-07T01:14:17.922Z,"81 km W of San Luis, Argentina",earthquake,,,,2.0,reviewed,us,us,2001-11-24,33322,Argentina,1
2001-12-04 18:39:26.500000+00:00,-31.573,-66.291,138.7,4.43,mw,33.0,,,0.96,us,usp000au0f,2014-11-07T01:14:26.035Z,"69 km NW of Candelaria, Argentina",earthquake,,7.2,,2.0,reviewed,us,us,2001-12-04,33614,Argentina,1
2001-12-10 04:41:23.600000+00:00,-29.12,-69.346,151.1,3.77,mw,11.0,,,,us,usp000auc3,2014-11-07T01:14:27.631Z,"118 km WSW of Vinchina, Argentina",earthquake,,,,,reviewed,guc,guc,2001-12-10,33651,Argentina,1
2001-12-15 22:37:23.710000+00:00,-28.951,-66.543,59.1,4.43,mw,15.0,,,1.22,us,usp000aupb,2014-11-07T01:14:29.178Z,"47 km SSE of Arauco, Argentina",earthquake,,11.5,,3.0,reviewed,us,us,2001-12-15,33625,Argentina,1
2001-12-18 09:16:28.130000+00:00,-32.038,-66.717,33.0,5.11,mw,67.0,,,0.92,us,usp000auty,2014-11-07T01:14:29.776Z,"73 km NNW of Villa General Roca, Argentina",earthquake,,,,22.0,reviewed,us,us,2001-12-18,33531,Argentina,1
2001-12-24 10:00:09.040000+00:00,-33.48,-67.925,196.4,4.6,mw,34.0,,,0.88,us,usp000av6c,2014-11-07T01:14:31.363Z,"Mendoza, Argentina",earthquake,,5.3,,2.0,reviewed,us,us,2001-12-24,33594,Argentina,1
2002-01-05 12:02:55.110000+00:00,-33.37,-68.486,33.0,5.11,mw,46.0,,,0.92,us,usp000avw0,2014-11-07T01:14:38.781Z,"32 km S of San Martín, Argentina",earthquake,,,,11.0,reviewed,us,us,2002-01-05,33526,Argentina,1
2002-01-13 09:14:37.440000+00:00,-27.867,-66.639,161.7,4.77,mw,29.0,,,1.12,us,usp000awcn,2014-11-07T01:14:41.389Z,"44 km SW of Andalgalá, Argentina",earthquake,,9.8,,5.0,reviewed,us,us,2002-01-13,33588,Argentina,1
2002-01-18 02:38:08.310000+00:00,-28.527,-68.016,33.0,4.94,mw,9.0,,,1.35,us,usp000awp9,2014-11-07T01:14:42.470Z,"31 km NE of Vinchina, Argentina",earthquake,,,,1.0,reviewed,us,us,2002-01-18,33535,Argentina,1
2002-01-18 07:31:23.380000+00:00,-24.379,-67.047,148.3,5.28,mw,98.0,,,1.15,us,usp000awpr,2014-11-07T01:14:42.497Z,"76 km WSW of San Antonio de los Cobres, Argentina",earthquake,,8.2,,59.0,reviewed,us,us,2002-01-18,33506,Argentina,2
2002-01-19 04:23:20.920000+00:00,-30.507,-65.197,55.2,4.85,mw,11.0,,,1.1,us,usp000awrh,2014-11-07T01:14:42.735Z,"23 km NE of Serrezuela, Argentina",earthquake,,15.9,,8.0,reviewed,us,us,2002-01-19,33555,Argentina,-1
2002-01-21 02:47:26.810000+00:00,-32.517,-66.877,33.0,3.95,mw,17.0,,,0.8,us,usp000aww4,2014-11-07T01:14:43.758Z,"43 km WNW of Villa General Roca, Argentina",earthquake,,,,,reviewed,us,guc,2002-01-21,33631,Argentina,1
2002-01-22 02:25:17.950000+00:00,-58.435,-65.625,33.0,4.6,mw,11.0,,,0.55,us,usp000awy5,2014-11-07T01:14:43.995Z,Drake Passage,earthquake,,,,3.0,reviewed,us,us,2002-01-22,33596,Argentina,-1
2002-01-26 12:32:56.610000+00:00,-29.616,-68.66,118.0,4.43,mw,21.0,,,1.09,us,usp000ax6u,2014-11-07T01:14:45.391Z,"69 km N of San José de Jáchal, Argentina",earthquake,,10.9,,1.0,reviewed,us,us,2002-01-26,33611,Argentina,1
2002-02-11 06:52:43.930000+00:00,-32.082,-69.671,100.0,3.86,mw,15.0,,,0.79,us,usp000ay72,2014-11-07T01:14:54.053Z,"86 km SSW of Calingasta, Argentina",earthquake,,,,,reviewed,us,guc,2002-02-11,33636,Argentina,1
2002-02-13 12:09:36.830000+00:00,-28.363,-67.643,135.6,4.85,mw,58.0,,,1.0,us,usp000aycv,2014-11-07T01:14:54.682Z,"34 km SSW of Tinogasta, Argentina",earthquake,,,,28.0,reviewed,us,us,2002-02-13,33557,Argentina,1
2002-02-19 04:51:50.320000+00:00,-31.459,-68.379,150.0,3.77,mw,10.0,,,0.98,us,usp000ayrg,2014-11-07T01:14:56.412Z,"12 km ESE of San Martín, Argentina",earthquake,,,,,reviewed,us,guc,2002-02-19,33659,Argentina,1
2002-02-21 08:57:46.090000+00:00,-31.694,-67.357,120.6,5.4,mwc,152.0,,,0.96,us,usp000ayvx,2025-12-19T22:59:01.114Z,"87 km E of Caucete, Argentina",earthquake,,,,,reviewed,us,hrv,2002-02-21,33486,Argentina,1
2002-03-05 15:23:57.690000+00:00,-28.54,-68.663,95.7,4.43,mw,28.0,,,1.0,us,usp000azq6,2014-11-07T01:15:05.034Z,"50 km WNW of Vinchina, Argentina",earthquake,,7.1,,1.0,reviewed,us,us,2002-03-05,33620,Argentina,1
2002-03-07 22:51:41.760000+00:00,-22.498,-66.258,262.0,5.37,mw,223.0,,,0.82,us,usp000azwj,2014-11-07T01:15:05.955Z,"62 km WNW of Abra Pampa, Argentina",earthquake,,,,100.0,reviewed,us,us,2002-03-07,33492,Argentina,2
2002-03-10 22:48:53.960000+00:00,-23.23,-66.8,217.0,4.77,mw,9.0,,,1.5,us,usp000b02t,2014-11-07T01:15:07.322Z,"114 km W of El Aguilar, Argentina",earthquake,,12.3,,1.0,reviewed,us,us,2002-03-10,33585,Argentina,2
2002-03-13 16:24:06.200000+00:00,-33.97,-68.458,19.7,3.86,mw,11.0,,,,us,usp000b080,2014-11-07T01:15:08.014Z,"72 km N of San Rafael, Argentina",earthquake,,,,,reviewed,guc,guc,2002-03-13,33637,Argentina,1
2002-03-15 21:35:48.370000+00:00,-30.989,-64.092,33.0,5.03,mw,24.0,,,1.07,us,usp000b0d7,2014-11-07T01:15:09.351Z,"0 km SSE of Jesús María, Argentina",earthquake,,,,2.0,reviewed,us,us,2002-03-15,33531,Argentina,-1
2002-03-16 12:33:31.250000+00:00,-25.005,-68.564,109.1,4.85,mw,59.0,,,1.26,us,usp000b0ec,2014-11-07T01:15:10.028Z,"164 km NW of Antofagasta de la Sierra, Argentina",earthquake,,,,11.0,reviewed,us,us,2002-03-16,33565,Argentina,2
2002-03-16 20:20:57.240000+00:00,-31.645,-69.899,119.9,4.77,mw,36.0,,,1.05,us,usp000b0f0,2014-11-07T01:15:10.097Z,"57 km SW of Calingasta, Argentina",earthquake,,,,3.0,reviewed,us,us,2002-03-16,33582,Argentina,1
2002-03-20 01:42:45.400000+00:00,-29.072,-68.766,125.0,3.77,mw,4.0,,,,us,usp000b0p5,2014-11-07T01:15:12.326Z,"64 km WSW of Vinchina, Argentina",earthquake,,,,,reviewed,guc,guc,2002-03-20,33652,Argentina,1
2002-03-20 06:27:18.130000+00:00,-23.637,-64.766,33.0,4.77,mw,31.0,,,0.88,us,usp000b0pc,2014-11-07T01:15:12.375Z,"15 km N of Calilegua, Argentina",earthquake,,,,7.0,reviewed,us,us,2002-03-20,33587,Argentina,-1
2002-03-22 03:13:25.050000+00:00,-31.159,-68.226,100.0,3.77,mw,14.0,,,1.09,us,usp000b0u0,2014-11-07T01:15:12.808Z,"39 km NE of San Martín, Argentina",earthquake,,,,,reviewed,us,guc,2002-03-22,33652,Argentina,1
2002-03-24 16:42:37.530000+00:00,-57.779,-66.088,10.0,4.77,mw,22.0,,,1.29,us,usp000b0yx,2014-11-07T01:15:13.742Z,Drake Passage,earthquake,,,,7.0,reviewed,us,us,2002-03-24,33577,Argentina,-1
2002-03-24 18:48:53.620000+00:00,-23.981,-66.689,214.0,4.94,mw,107.0,,,1.13,us,usp000b0yz,2014-11-07T01:15:13.746Z,"45 km NW of San Antonio de los Cobres, Argentina",earthquake,,,,49.0,reviewed,us,us,2002-03-24,33539,Argentina,2
2002-03-25 09:09:07.960000+00:00,-24.722,-63.161,33.0,4.68,mw,14.0,,,1.11,us,usp000b10c,2014-11-07T01:15:13.964Z,"90 km ESE of Apolinario Saravia, Argentina",earthquake,,,,6.0,reviewed,us,us,2002-03-25,33592,Argentina,-1
2002-04-08 01:35:59.440000+00:00,-36.924,-70.49,144.8,5.03,mw,28.0,,,1.05,us,usp000b1yu,2014-11-07T01:15:22.516Z,"24 km ENE of Las Ovejas, Argentina",earthquake,,8.1,,5.0,reviewed,us,us,2002-04-08,33532,Argentina,-1
2002-04-11 06:35:37.700000+00:00,-27.429,-63.439,549.8,4.77,mw,62.0,,,0.97,us,usp000b264,2014-11-07T01:15:23.934Z,"48 km SSW of El Hoyo, Argentina",earthquake,,6.8,,27.0,reviewed,us,us,2002-04-11,33579,Argentina,3
2002-04-17 02:11:08.180000+00:00,-30.166,-67.453,33.0,4.22,mw,31.0,,,1.21,us,usp000b2jc,2014-11-07T01:15:25.810Z,"51 km N of San Agustín de Valle Fértil, Argentina",earthquake,,,,,reviewed,us,guc,2002-04-17,33625,Argentina,1
2002-04-22 17:16:30.500000+00:00,-28.404,-69.079,140.0,3.77,mw,11.0,,,,us,usp000b2yt,2014-11-07T01:15:27.442Z,"93 km WNW of Vinchina, Argentina",earthquake,,,,,reviewed,guc,guc,2002-04-22,33658,Argentina,1
2002-04-22 23:37:57.010000+00:00,-55.361,-71.716,33.0,4.94,mw,18.0,,,0.67,us,usp000b2z7,2014-11-07T01:15:27.483Z,"225 km WSW of Ushuaia, Argentina",earthquake,,,,4.0,reviewed,us,us,2002-04-22,33534,Argentina,-1
2002-04-27 23:53:53.520000+00:00,-30.944,-67.388,33.0,5.2,mwc,165.0,,,0.95,us,usp000b39w,2022-05-02T15:51:52.405Z,"35 km SSE of San Agustín de Valle Fértil, Argentina",earthquake,,,,,reviewed,us,hrv,2002-04-27,33518,Argentina,1
2002-04-28 10:11:15.200000+00:00,-37.276,-70.972,151.9,4.68,mw,23.0,,,0.88,us,usp000b3ay,2014-11-07T01:15:29.218Z,"28 km WSW of Andacollo, Argentina",earthquake,,5.9,,3.0,reviewed,us,us,2002-04-28,33592,Argentina,-1
2002-05-03 02:14:05.780000+00:00,-22.751,-63.692,530.0,5.37,mw,213.0,,,0.83,us,usp000b3md,2014-11-07T01:15:33.345Z,"21 km SE of General Mosconi, Argentina",earthquake,,,,100.0,reviewed,us,us,2002-05-03,33497,Argentina,-1
2002-05-04 12:51:38.930000+00:00,-23.072,-64.492,33.0,5.3,mwc,129.0,,,1.08,us,usp000b3qa,2022-05-02T15:57:28.894Z,"18 km WNW of San Ramón de la Nueva Orán, Argentina",earthquake,,,,,reviewed,us,hrv,2002-05-04,33500,Argentina,-1
2002-05-06 06:17:13.100000+00:00,-30.316,-68.744,59.0,4.13,mw,20.0,,,0.78,us,usp000b3uf,2014-11-07T01:15:35.164Z,"8 km S of San José de Jáchal, Argentina",earthquake,,9.3,,,reviewed,us,guc,2002-05-06,33630,Argentina,1
2002-05-18 02:14:45.510000+00:00,-31.618,-69.206,111.1,4.43,mw,35.0,,,0.8,us,usp000b4h9,2014-11-07T01:15:38.227Z,"37 km SSE of Calingasta, Argentina",earthquake,,,,6.0,reviewed,us,us,2002-05-18,33596,Argentina,1
2002-05-19 00:57:25.100000+00:00,-31.194,-69.4,201.0,3.77,mw,8.0,,,,us,usp000b4jp,2014-11-07T01:15:38.370Z,"15 km N of Calingasta, Argentina",earthquake,,,,,reviewed,guc,guc,2002-05-19,33639,Argentina,1
2002-05-19 13:07:37.140000+00:00,-23.584,-66.515,220.5,4.85,mw,17.0,,,1.12,us,usp000b4m1,2014-11-07T01:15:38.491Z,"73 km NNW of San Antonio de los Cobres, Argentina",earthquake,,12.0,,2.0,reviewed,us,us,2002-05-19,33563,Argentina,2
2002-05-25 12:28:54.970000+00:00,-31.199,-68.797,111.3,4.77,mw,28.0,,,1.11,us,usp000b4y8,2014-11-07T01:15:40.159Z,"36 km NW of Albardón, Argentina",earthquake,,,,6.0,reviewed,us,us,2002-05-25,33588,Argentina,1
2002-05-26 15:36:08.480000+00:00,-32.453,-68.397,121.0,4.43,mw,18.0,,,1.02,us,usp000b50e,2014-11-07T01:15:40.427Z,"63 km NE of Mendoza, Argentina",earthquake,,9.9,,4.0,reviewed,us,us,2002-05-26,33597,Argentina,1
2002-05-28 04:04:22.530000+00:00,-28.937,-66.797,22.2,6.0,mwc,354.0,,,0.98,us,usp000b53c,2022-05-02T15:59:11.727Z,"39 km S of Arauco, Argentina",earthquake,,,,,reviewed,us,hrv,2002-05-28,33661,Argentina,1
2002-05-28 13:11:46.200000+00:00,-31.546,-69.849,139.4,4.04,mw,5.0,,,,us,usp000b54a,2014-11-07T01:15:40.867Z,"47 km WSW of Calingasta, Argentina",earthquake,,,,,reviewed,guc,guc,2002-05-28,33823,Argentina,1
2002-06-02 16:56:23.600000+00:00,-33.007,-69.087,8.9,4.16,mw,10.0,,,,us,usp000b5ec,2014-11-07T01:15:45.111Z,"27 km WSW of Mendoza, Argentina",earthquake,,,,,reviewed,guc,guc,2002-06-02,33785,Argentina,1
2002-06-20 18:08:22.600000+00:00,-30.737,-69.531,150.0,3.95,mw,9.0,,,,us,usp000b6kd,2014-11-07T01:15:52.056Z,"67 km N of Calingasta, Argentina",earthquake,,,,,reviewed,guc,guc,2002-06-20,33825,Argentina,1
2002-07-01 15:56:41.600000+00:00,-33.378,-68.388,5.0,4.16,mw,9.0,,,,us,usp000b7a9,2014-11-07T01:15:57.992Z,"33 km SSE of San Martín, Argentina",earthquake,,,,,reviewed,guc,guc,2002-07-01,33780,Argentina,1
2002-07-02 20:21:00.220000+00:00,-31.149,-67.76,27.0,5.5,mwc,180.0,,,0.98,us,usp000b7c9,2022-05-02T16:02:01.602Z,"63 km SSW of San Agustín de Valle Fértil, Argentina",earthquake,,,,,reviewed,us,hrv,2002-07-02,33666,Argentina,1
2002-07-12 01:10:11.180000+00:00,-29.652,-68.518,41.8,4.85,mw,49.0,,,0.75,us,usp000b7yg,2014-11-07T01:16:02.742Z,"68 km NNE of San José de Jáchal, Argentina",earthquake,,4.9,,13.0,reviewed,us,us,2002-07-12,33742,Argentina,1
2002-07-23 02:11:48.500000+00:00,-31.721,-68.317,109.9,4.77,mw,33.0,,,0.92,us,usp000b8kz,2014-11-07T01:16:06.154Z,"8 km SSW of Caucete, Argentina",earthquake,,,,2.0,reviewed,us,us,2002-07-23,33751,Argentina,1
2002-07-31 18:44:59.500000+00:00,-30.518,-69.239,0.0,4.16,mw,8.0,,,,us,usp000b93g,2014-11-07T01:16:08.072Z,"56 km WSW of San José de Jáchal, Argentina",earthquake,,,,,reviewed,guc,guc,2002-07-31,33809,Argentina,1
2002-08-16 02:10:20.910000+00:00,-28.491,-67.301,137.1,4.85,mw,72.0,,,0.76,us,usp000b9zn,2014-11-07T01:16:16.282Z,"50 km WNW of Arauco, Argentina",earthquake,,4.0,,17.0,reviewed,us,us,2002-08-16,33741,Argentina,1
2002-08-16 03:29:19.330000+00:00,-34.866,-67.91,20.0,5.11,mw,60.0,,,1.17,us,usp000b9zt,2014-11-07T01:16:16.298Z,"47 km SE of San Rafael, Argentina",earthquake,,6.4,,20.0,reviewed,us,us,2002-08-16,33706,Argentina,-1
2002-08-17 13:40:00.400000+00:00,-35.526,-68.619,18.6,4.16,mw,10.0,,,,us,usp000ba2t,2014-11-07T01:16:17.268Z,"104 km SSW of San Rafael, Argentina",earthquake,,,,,reviewed,guc,guc,2002-08-17,33809,Argentina,-1
2002-08-20 16:30:05.600000+00:00,-31.164,-68.567,150.0,3.77,mw,8.0,,,,us,usp000ba9r,2014-11-07T01:16:18.100Z,"30 km NNW of San Martín, Argentina",earthquake,,,,,reviewed,guc,guc,2002-08-20,33839,Argentina,1
2002-08-26 13:03:37.410000+00:00,-32.549,-68.94,150.0,3.77,mw,10.0,,,0.39,us,usp000bant,2014-11-07T01:16:20.504Z,"39 km NNW of Mendoza, Argentina",earthquake,,,,,reviewed,us,guc,2002-08-26,33836,Argentina,1
2002-08-30 21:57:29.850000+00:00,-23.601,-66.562,184.9,5.28,mw,128.0,,,0.9,us,usp000bayc,2014-11-07T01:16:21.562Z,"72 km NNW of San Antonio de los Cobres, Argentina",earthquake,,6.1,,49.0,reviewed,us,us,2002-08-30,33684,Argentina,2
2002-09-15 12:26:25.940000+00:00,-28.33,-68.953,94.4,5.03,mw,26.0,,,0.8,us,usp000bca5,2014-11-07T01:16:31.444Z,"87 km WNW of Vinchina, Argentina",earthquake,,6.1,,1.0,reviewed,us,us,2002-09-15,33725,Argentina,1
2002-09-22 02:53:57.380000+00:00,-28.892,-69.29,101.9,4.6,mw,28.0,,,0.7,us,usp000bcuw,2014-11-07T01:16:33.709Z,"106 km W of Vinchina, Argentina",earthquake,,,,4.0,reviewed,us,us,2002-09-22,33755,Argentina,1
2002-09-24 03:57:22.280000+00:00,-31.519,-69.2,119.6,6.3,mwc,407.0,,,0.94,us,usp000bczr,2022-05-02T16:08:44.722Z,"29 km SE of Calingasta, Argentina",earthquake,,,,,reviewed,us,hrv,2002-09-24,33661,Argentina,1
2002-09-29 23:16:12.810000+00:00,-24.19,-66.797,191.8,5.11,mw,112.0,,,1.24,us,usp000bdf8,2014-11-07T01:16:36.403Z,"48 km W of San Antonio de los Cobres, Argentina",earthquake,,,,60.0,reviewed,us,us,2002-09-29,33696,Argentina,2
2002-10-23 10:54:42.290000+00:00,-30.486,-68.585,125.7,4.6,mw,43.0,,,1.1,us,usp000bf2p,2014-11-07T01:16:47.877Z,"31 km SSE of San José de Jáchal, Argentina",earthquake,,,,13.0,reviewed,us,us,2002-10-23,33771,Argentina,1
2002-10-23 15:01:07.470000+00:00,-29.306,-69.382,125.4,4.94,mw,48.0,,,0.92,us,usp000bf3p,2014-11-07T01:16:48.052Z,"120 km NNW of San José de Jáchal, Argentina",earthquake,,,,23.0,reviewed,us,us,2002-10-23,33741,Argentina,1
2002-11-06 13:45:50+00:00,-31.687,-67.611,159.5,3.86,mw,9.0,,,,us,usp000bgue,2014-11-07T01:17:02.431Z,"63 km E of Caucete, Argentina",earthquake,,,,,reviewed,guc,guc,2002-11-06,33835,Argentina,1
2002-11-08 00:03:04.720000+00:00,-28.128,-67.379,128.4,4.85,mw,90.0,,,0.96,us,usp000bh10,2014-11-07T01:17:04.231Z,"19 km ESE of Tinogasta, Argentina",earthquake,,4.7,,20.0,reviewed,us,us,2002-11-08,33745,Argentina,1
2002-11-18 08:47:31.950000+00:00,-22.995,-66.535,182.4,5.2,mw,116.0,,,0.96,us,usp000bhxp,2014-11-07T01:17:09.144Z,"90 km WNW of El Aguilar, Argentina",earthquake,,7.0,,38.0,reviewed,us,us,2002-11-18,33695,Argentina,2
2002-11-19 04:14:20.100000+00:00,-29.925,-69.036,128.4,5.11,mw,90.0,,,0.94,us,usp000bhz9,2014-11-07T01:17:09.280Z,"44 km NW of San José de Jáchal, Argentina",earthquake,,,,15.0,reviewed,us,us,2002-11-19,33717,Argentina,1
2002-11-22 13:15:56.510000+00:00,-33.465,-67.877,183.2,4.51,mw,36.0,,,0.74,us,usp000bj64,2014-11-07T01:17:10.310Z,"69 km SE of San Martín, Argentina",earthquake,,4.4,,1.0,reviewed,us,us,2002-11-22,33778,Argentina,1
2002-11-26 23:44:08.840000+00:00,-28.049,-66.67,180.1,4.94,mw,74.0,,,1.3,us,usp000bjft,2014-11-07T01:17:11.458Z,"58 km NW of Pomán, Argentina",earthquake,,,,17.0,reviewed,us,us,2002-11-26,33931,Argentina,1
2002-11-29 06:18:10.140000+00:00,-28.879,-63.069,601.2,5.5,mwc,319.0,,,0.86,us,usp000bjpg,2025-12-19T23:03:51.272Z,"33 km SSW of Colonia Dora, Argentina",earthquake,,,,,reviewed,us,hrv,2002-11-29,33843,Argentina,3
2002-12-01 22:35:02.200000+00:00,-31.77,-69.64,119.7,4.51,mw,34.0,,,0.87,us,usp000bjw4,2014-11-07T01:17:16.604Z,"52 km SSW of Calingasta, Argentina",earthquake,,4.2,,3.0,reviewed,us,us,2002-12-01,33966,Argentina,1
2002-12-04 21:03:03.340000+00:00,-30.056,-67.597,29.5,4.9,mwc,92.0,,,0.87,us,usp000bk41,2016-11-10T00:07:15.161Z,"65 km N of San Agustín de Valle Fértil, Argentina",earthquake,,4.1,,,reviewed,us,hrv,2002-12-04,33936,Argentina,1
2002-12-12 04:03:15.990000+00:00,-31.798,-67.301,126.0,5.3,mwc,159.0,,,0.91,us,usp000bkj7,2025-12-19T23:04:05.747Z,"94 km E of Caucete, Argentina",earthquake,,,,,reviewed,us,hrv,2002-12-12,33859,Argentina,1
2002-12-15 02:12:48.550000+00:00,-28.555,-67.44,114.4,4.94,mw,27.0,,,0.88,us,usp000bkqs,2014-11-07T01:17:21.795Z,"55 km SSE of Tinogasta, Argentina",earthquake,,7.0,,2.0,reviewed,us,us,2002-12-15,33924,Argentina,1
2002-12-16 05:20:00.390000+00:00,-23.102,-66.53,206.2,5.03,mw,43.0,,,1.16,us,usp000bkt0,2014-11-07T01:17:22.029Z,"87 km W of El Aguilar, Argentina",earthquake,,7.5,,8.0,reviewed,us,us,2002-12-16,33873,Argentina,2
2002-12-19 10:50:50.110000+00:00,-28.795,-66.559,38.3,4.94,mw,43.0,,,0.94,us,usp000bkzb,2014-11-07T01:17:22.664Z,"32 km SE of Arauco, Argentina",earthquake,,7.9,,14.0,reviewed,us,us,2002-12-19,33873,Argentina,1
2002-12-19 12:44:11.800000+00:00,-28.942,-67.938,125.0,3.86,mw,9.0,,,,us,usp000bkze,2014-11-07T01:17:22.679Z,"33 km SE of Vinchina, Argentina",earthquake,,,,,reviewed,guc,guc,2002-12-19,34006,Argentina,1
2002-12-23 07:57:09.350000+00:00,-22.554,-66.063,251.9,5.03,mw,52.0,,,0.96,us,usp000bm87,2014-11-07T01:17:24.807Z,"41 km WNW of Abra Pampa, Argentina",earthquake,,6.7,,20.0,reviewed,us,us,2002-12-23,33866,Argentina,2
2002-12-23 21:42:13.530000+00:00,-23.888,-66.528,210.3,5.03,mw,20.0,,,1.17,us,usp000bm9h,2014-11-07T01:17:25.271Z,"42 km NNW of San Antonio de los Cobres, Argentina",earthquake,,9.5,,7.0,reviewed,us,us,2002-12-23,33870,Argentina,2
2002-12-26 16:12:48.100000+00:00,-36.815,-70.588,155.0,3.86,mw,17.0,,,,us,usp000bmff,2014-11-07T01:17:26.020Z,"24 km NE of Las Ovejas, Argentina",earthquake,,,,,reviewed,guc,guc,2002-12-26,33999,Argentina,-1
2002-12-26 22:20:20.510000+00:00,-31.234,-68.571,112.4,5.3,mwc,153.0,,,1.03,us,usp000bmfv,2025-12-19T23:04:20.951Z,"22 km NNW of San Martín, Argentina",earthquake,,,,,reviewed,us,hrv,2002-12-26,33851,Argentina,1
2003-01-28 07:56:24.060000+00:00,-30.646,-65.162,168.2,5.37,mw,119.0,,,0.84,us,usp000bpee,2014-11-07T01:17:39.140Z,"21 km E of Serrezuela, Argentina",earthquake,,6.1,,43.0,reviewed,us,us,2003-01-28,33848,Argentina,-1
2003-01-30 13:17:45.330000+00:00,-31.263,-65.83,163.3,4.77,mw,56.0,,,0.98,us,usp000bpmn,2014-11-07T01:17:39.758Z,"69 km W of San Carlos, Argentina",earthquake,,,,22.0,reviewed,us,us,2003-01-30,33942,Argentina,-1
2003-02-15 20:43:03.740000+00:00,-26.483,-64.403,33.0,4.94,mw,43.0,,,0.98,us,usp000bqrx,2014-11-07T01:17:48.750Z,"33 km E of Burruyacú, Argentina",earthquake,,,,16.0,reviewed,us,us,2003-02-15,33906,Argentina,-1
2003-02-18 03:54:30.060000+00:00,-23.831,-65.444,33.0,4.68,mw,10.0,,,0.91,us,usp000bqx9,2014-11-07T01:17:49.302Z,"23 km S of Maimará, Argentina",earthquake,,,,1.0,reviewed,us,us,2003-02-18,33950,Argentina,-1
2003-02-22 23:29:22.300000+00:00,-24.122,-66.951,170.0,5.03,mw,37.0,,,1.02,us,usp000br8s,2014-11-07T01:17:51.094Z,"65 km W of San Antonio de los Cobres, Argentina",earthquake,,8.3,,12.0,reviewed,us,us,2003-02-22,33866,Argentina,2
2003-02-27 20:08:39.120000+00:00,-22.804,-63.684,520.5,4.94,mw,118.0,,,0.95,us,usp000brm2,2014-11-07T01:17:53.084Z,"26 km SSE of General Mosconi, Argentina",earthquake,,6.2,,59.0,reviewed,us,us,2003-02-27,33927,Argentina,-1
2003-02-28 12:51:58.140000+00:00,-30.618,-69.175,61.3,5.11,mw,29.0,,,0.96,us,usp000brnj,2014-11-07T01:17:53.214Z,"58 km SW of San José de Jáchal, Argentina",earthquake,,8.5,,4.0,reviewed,us,us,2003-02-28,33863,Argentina,1
2003-03-05 15:22:12.210000+00:00,-32.201,-64.507,33.0,4.51,mw,23.0,97.6,,1.09,us,usp000bs0f,2014-11-07T01:17:59.594Z,"2 km WSW of Villa Rumipal, Argentina",earthquake,,,,1.0,reviewed,us,us,2003-03-05,33977,Argentina,-1
2003-03-13 23:22:23.200000+00:00,-31.041,-67.764,10.0,4.51,mw,24.0,108.3,,,us,usp000bskn,2014-11-07T01:18:04.440Z,"53 km SSW of San Agustín de Valle Fértil, Argentina",earthquake,,,,1.0,reviewed,guc,us,2003-03-13,33968,Argentina,1
2003-03-29 11:17:14.620000+00:00,-29.646,-68.589,98.0,5.03,mw,23.0,74.2,,1.13,us,usp000btrx,2014-11-07T01:18:09.457Z,"67 km NNE of San José de Jáchal, Argentina",earthquake,,8.1,,3.0,reviewed,us,us,2003-03-29,33870,Argentina,1
2003-03-31 07:35:33.310000+00:00,-25.835,-63.382,598.2,5.11,mw,190.0,40.4,,0.88,us,usp000bu0j,2014-11-07T01:18:10.932Z,"26 km SSW of Taco Pozo, Argentina",earthquake,,,,90.0,reviewed,us,us,2003-03-31,33862,Argentina,3
2003-04-09 03:11:45+00:00,-30.273,-69.367,1.1,4.23,mw,12.0,272.1,,,us,usp000burs,2014-11-07T01:18:18.874Z,"59 km W of San José de Jáchal, Argentina",earthquake,,,,,reviewed,guc,guc,2003-04-09,33983,Argentina,1
2003-04-15 09:44:51.260000+00:00,-32.123,-67.843,128.8,4.85,mw,35.0,73.5,,0.75,us,usp000bv7z,2014-11-07T01:18:20.929Z,"66 km SE of Caucete, Argentina",earthquake,,5.5,,5.0,reviewed,us,us,2003-04-15,33937,Argentina,1
2003-05-01 05:38:21.400000+00:00,-34.723,-68.824,5.0,3.77,mw,7.0,273.5,,,us,usp000bwc2,2014-11-07T01:18:30.678Z,"46 km WSW of San Rafael, Argentina",earthquake,,,,,reviewed,guc,guc,2003-05-01,34011,Argentina,-1
2003-05-08 03:58:31.810000+00:00,-40.319,-71.334,134.1,4.94,mw,12.0,151.2,,0.43,us,usp000bwtw,2014-11-07T01:18:35.466Z,"17 km S of San Martín de los Andes, Argentina",earthquake,,12.7,,1.0,reviewed,us,us,2003-05-08,33908,Argentina,-1
2003-05-13 08:28:35.340000+00:00,-27.643,-67.462,138.8,3.77,mw,18.0,160.8,,0.75,us,usp000bx5f,2014-11-07T01:18:36.605Z,"15 km ENE of Fiambalá, Argentina",earthquake,,9.6,,,reviewed,us,guc,2003-05-13,34016,Argentina,1
2003-05-18 21:10:21.720000+00:00,-31.396,-69.094,114.1,5.5,mwb,250.0,29.7,,0.82,us,usp000bxg2,2025-12-19T23:06:18.622Z,"31 km ESE of Calingasta, Argentina",earthquake,,,,,reviewed,us,us,2003-05-18,33846,Argentina,1
2003-05-27 08:29:45.640000+00:00,-31.365,-68.596,118.0,5.7,mwb,267.0,26.5,,0.94,us,usp000by9e,2022-05-02T16:35:00.256Z,"10 km NW of Albardón, Argentina",earthquake,,,,,reviewed,us,us,2003-05-27,34025,Argentina,1
2003-05-27 21:07:25.480000+00:00,-23.415,-66.723,200.0,4.85,mw,50.0,59.7,,0.88,us,usp000bybb,2014-11-07T01:18:43.760Z,"98 km NNW of San Antonio de los Cobres, Argentina",earthquake,,6.5,,18.0,reviewed,us,us,2003-05-27,34052,Argentina,2
2003-06-05 02:40:14.600000+00:00,-29.586,-69.611,125.0,3.95,mw,19.0,113.8,,,us,usp000bz3v,2014-11-07T01:18:51.364Z,"110 km NW of San José de Jáchal, Argentina",earthquake,,,,,reviewed,guc,guc,2003-06-05,34179,Argentina,1
2003-06-11 21:43:52.130000+00:00,-24.083,-66.465,200.0,4.68,mw,8.0,117.4,,1.22,us,usp000bznr,2014-11-07T01:18:54.771Z,"21 km NW of San Antonio de los Cobres, Argentina",earthquake,,,,1.0,reviewed,us,us,2003-06-11,34113,Argentina,2
2003-06-13 17:24:10.540000+00:00,-22.161,-66.252,168.6,4.68,mw,29.0,154.7,,1.24,us,usp000bzt1,2014-11-07T01:18:55.373Z,"68 km W of La Quiaca, Argentina",earthquake,,12.2,,14.0,reviewed,us,us,2003-06-13,34122,Argentina,2
2003-06-15 01:35:43.710000+00:00,-28.711,-68.606,107.2,4.68,mw,56.0,78.4,,1.01,us,usp000bzwd,2014-11-07T01:18:55.867Z,"39 km W of Vinchina, Argentina",earthquake,,,,10.0,reviewed,us,us,2003-06-15,34144,Argentina,1
2003-06-23 04:37:49.040000+00:00,-22.965,-66.268,227.2,4.6,mw,21.0,70.8,,1.1,us,usp000c0q6,2014-11-07T01:18:58.869Z,"64 km WSW of Abra Pampa, Argentina",earthquake,,8.8,,5.0,reviewed,us,us,2003-06-23,34155,Argentina,2
2003-07-01 08:11:53.700000+00:00,-32.214,-66.684,160.0,3.77,mw,14.0,296.4,,,us,usp000c1ds,2014-11-07T01:19:04.323Z,"54 km NNW of Villa General Roca, Argentina",earthquake,,,,,reviewed,guc,guc,2003-07-01,34186,Argentina,1
2003-08-05 09:04:38.790000+00:00,-22.817,-66.684,217.3,5.11,mw,163.0,44.8,,1.2,us,usp000c460,2014-11-07T01:19:27.840Z,"101 km W of Abra Pampa, Argentina",earthquake,,,,75.0,reviewed,us,us,2003-08-05,34034,Argentina,2
2003-08-23 15:24:32.180000+00:00,-27.561,-63.263,579.5,5.2,mwc,256.0,42.7,,0.79,us,usp000c5rc,2025-12-19T23:07:42.919Z,"44 km NNE of Suncho Corral, Argentina",earthquake,,,,,reviewed,us,hrv,2003-08-23,34025,Argentina,3
2003-09-01 13:45:04.880000+00:00,-24.168,-66.875,178.0,4.77,mw,47.0,112.0,,0.91,us,usp000c6ey,2014-11-07T01:19:39.832Z,"56 km W of San Antonio de los Cobres, Argentina",earthquake,,11.6,,11.0,reviewed,us,us,2003-09-01,34060,Argentina,2
2003-09-23 13:00:15.960000+00:00,-25.101,-66.602,33.0,5.11,mw,15.0,118.1,,1.45,us,usp000c8dh,2014-11-07T01:19:54.737Z,"44 km W of Cachí, Argentina",earthquake,,,,3.0,reviewed,us,us,2003-09-23,34040,Argentina,-1
2003-09-24 16:16:40.900000+00:00,-27.945,-69.076,100.0,4.51,mw,7.0,83.1,,,us,usp000c8gx,2014-11-07T01:19:55.717Z,"124 km NW of Vinchina, Argentina",earthquake,,,,3.0,reviewed,guc,us,2003-09-24,34163,Argentina,1
2003-10-04 21:08:36.860000+00:00,-31.408,-67.241,33.0,4.38,mw,18.0,86.0,,1.08,us,usp000c9kw,2014-11-07T01:20:08.474Z,"88 km SSE of San Agustín de Valle Fértil, Argentina",earthquake,,,,,reviewed,us,guc,2003-10-04,34175,Argentina,1
2003-10-08 13:16:20.510000+00:00,-27.858,-66.557,164.2,4.51,mw,16.0,78.3,,0.75,us,usp000c9xq,2014-11-07T01:20:10.036Z,"38 km SW of Andalgalá, Argentina",earthquake,,8.4,,2.0,reviewed,us,us,2003-10-08,34159,Argentina,1
2003-10-12 14:52:02.470000+00:00,-31.312,-69.53,127.0,4.94,mw,22.0,152.1,,0.44,us,usp000ca7w,2014-11-07T01:20:11.404Z,"10 km WNW of Calingasta, Argentina",earthquake,,4.8,,3.0,reviewed,us,us,2003-10-12,34044,Argentina,1
2003-10-24 13:34:58+00:00,-31.999,-69.679,134.8,3.95,mw,28.0,70.4,,,us,usp000cb5q,2014-11-07T01:20:15.055Z,"77 km SSW of Calingasta, Argentina",earthquake,,,,,reviewed,guc,guc,2003-10-24,34183,Argentina,1
2003-10-28 10:49:25.850000+00:00,-28.386,-68.148,108.7,4.6,mw,19.0,99.5,,0.63,us,usp000cbfa,2014-11-07T01:20:16.803Z,"41 km N of Vinchina, Argentina",earthquake,,6.4,,3.0,reviewed,us,us,2003-10-28,34145,Argentina,1
2003-11-01 03:19:12.950000+00:00,-35.603,-67.692,33.0,5.1,mwc,36.0,59.1,,1.29,us,usp000cbsh,2022-05-02T16:52:46.537Z,"96 km NW of Santa Isabel, Argentina",earthquake,,,,,reviewed,us,hrv,2003-11-01,34042,Argentina,-1
2003-11-04 05:23:54.850000+00:00,-26.797,-65.083,33.0,4.68,mw,49.0,83.4,,1.08,us,usp000cc13,2014-11-07T01:20:24.340Z,"5 km ENE of Alderetes, Argentina",earthquake,,,,11.0,reviewed,us,us,2003-11-04,34095,Argentina,-1
2003-11-18 18:01:37.460000+00:00,-35.441,-67.289,33.0,5.11,mw,15.0,118.4,,1.06,us,usp000cdb8,2014-11-07T01:20:31.207Z,"92 km NNW of Santa Isabel, Argentina",earthquake,,,,3.0,reviewed,us,us,2003-11-18,34260,Argentina,-1
2003-12-11 13:53:30.910000+00:00,-31.143,-68.252,110.2,4.68,mw,19.0,95.5,,0.69,us,usp000cf10,2014-11-07T01:20:44.334Z,"39 km NE of San Martín, Argentina",earthquake,,,,3.0,reviewed,us,us,2003-12-11,34325,Argentina,1
2003-12-15 08:02:44.150000+00:00,-30.386,-69.597,33.0,4.16,mw,7.0,195.4,,0.36,us,usp000cfae,2014-11-07T01:20:45.296Z,"83 km W of San José de Jáchal, Argentina",earthquake,,,,,reviewed,us,guc,2003-12-15,34354,Argentina,1
2003-12-17 20:11:06.590000+00:00,-27.983,-66.544,178.1,5.03,mw,12.0,120.3,,0.66,us,usp000cffa,2014-11-07T01:20:46.405Z,"49 km SSW of Andalgalá, Argentina",earthquake,,30.0,,1.0,reviewed,us,us,2003-12-17,34274,Argentina,1
2003-12-22 01:54:39.030000+00:00,-31.824,-69.423,74.5,5.37,mw,30.0,82.4,,1.01,us,usp000cfs1,2014-11-07T01:20:47.705Z,"54 km S of Calingasta, Argentina",earthquake,,5.6,,1.0,reviewed,us,us,2003-12-22,34246,Argentina,1
2003-12-27 08:26:06.310000+00:00,-27.344,-64.568,33.0,4.68,mw,24.0,107.4,,1.26,us,usp000cg7t,2014-11-07T01:20:50.121Z,"33 km ENE of Termas de Río Hondo, Argentina",earthquake,,,,3.0,reviewed,us,us,2003-12-27,34321,Argentina,-1
2004-01-03 07:23:57.850000+00:00,-25.109,-68.891,92.9,4.68,mw,31.0,105.3,,1.19,us,usp000cgxq,2014-11-07T01:20:57.052Z,Chile-Argentina border region,earthquake,,7.4,,9.0,reviewed,us,us,2004-01-03,34325,Chile-Argentina border region,2
2004-01-13 21:54:23.440000+00:00,-22.875,-63.646,535.3,5.4,mwc,288.0,81.4,,0.81,us,usp000chuj,2025-12-19T23:10:31.137Z,"35 km SSE of General Mosconi, Argentina",earthquake,,,,,reviewed,us,hrv,2004-01-13,34234,Argentina,-1
2004-01-17 04:33:37.900000+00:00,-27.617,-67.504,145.0,3.77,mw,12.0,107.9,,,us,usp000cj2n,2014-11-07T01:21:05.383Z,"12 km ENE of Fiambalá, Argentina",earthquake,,,,,reviewed,guc,guc,2004-01-17,34372,Argentina,1
2004-01-27 23:02:30.670000+00:00,-30.307,-68.326,35.8,5.2,mw,46.0,77.0,,0.94,us,usp000cjtw,2014-11-07T01:21:08.610Z,"41 km E of San José de Jáchal, Argentina",earthquake,,,,12.0,reviewed,us,us,2004-01-27,34256,Argentina,1
2004-01-31 19:31:17.290000+00:00,-23.572,-66.201,226.9,4.6,mw,13.0,119.7,,0.8,us,usp000ck45,2014-11-07T01:21:11.006Z,"66 km SW of El Aguilar, Argentina",earthquake,,14.3,,4.0,reviewed,us,us,2004-01-31,34334,Argentina,2
2004-02-04 05:18:44.820000+00:00,-26.134,-63.461,558.4,5.8,mwc,273.0,40.4,,0.75,us,usp000ckct,2022-05-02T17:01:54.017Z,"60 km SSW of Taco Pozo, Argentina",earthquake,,,,,reviewed,us,hrv,2004-02-04,34200,Argentina,3
2004-02-12 02:47:20.960000+00:00,-35.656,-69.782,170.7,4.68,mw,55.0,59.8,,0.79,us,usp000cm0t,2014-11-07T01:21:20.574Z,"130 km N of Barrancas, Argentina",earthquake,,2.8,,15.0,reviewed,us,us,2004-02-12,34321,Argentina,-1
2004-02-14 04:58:48.720000+00:00,-31.031,-69.24,148.8,4.77,mw,34.0,72.6,,0.79,us,usp000cm4z,2014-11-07T01:21:21.070Z,"37 km NNE of Calingasta, Argentina",earthquake,,5.2,,7.0,reviewed,us,us,2004-02-14,34303,Argentina,1
2004-02-19 18:04:24.430000+00:00,-23.989,-66.715,203.5,5.1,mwc,126.0,99.1,,0.89,us,usp000cmkt,2025-12-19T23:11:26.163Z,"47 km WNW of San Antonio de los Cobres, Argentina",earthquake,,,,,reviewed,us,hrv,2004-02-19,34270,Argentina,2
2004-02-27 02:39:14.990000+00:00,-31.491,-67.886,101.3,4.68,mw,17.0,151.2,,0.7,us,usp000cnf4,2014-11-07T01:21:31.083Z,"41 km ENE of Caucete, Argentina",earthquake,,10.5,,1.0,reviewed,us,us,2004-02-27,34320,Argentina,1
2004-02-29 00:43:49.770000+00:00,-31.255,-68.69,104.0,3.77,mw,29.0,76.1,,0.89,us,usp000cnpf,2014-11-07T01:21:32.159Z,"25 km NW of Albardón, Argentina",earthquake,,5.7,,,reviewed,us,guc,2004-02-29,34379,Argentina,1
2004-03-06 07:53:23.480000+00:00,-31.7,-67.529,42.0,4.77,mw,17.0,148.0,,0.74,us,usp000cp7g,2014-11-07T01:21:38.925Z,"71 km E of Caucete, Argentina",earthquake,,13.9,,1.0,reviewed,us,us,2004-03-06,34301,Argentina,1
2004-03-17 00:12:55.240000+00:00,-30.518,-68.809,112.3,4.85,mw,52.0,101.8,,0.87,us,usp000cq4h,2014-11-07T01:21:43.420Z,"31 km S of San José de Jáchal, Argentina",earthquake,,,,10.0,reviewed,us,us,2004-03-17,34293,Argentina,1
2004-03-17 16:49:45.560000+00:00,-32.01,-66.699,31.7,5.5,mwb,193.0,36.6,,0.81,us,usp000cq67,2022-05-02T17:06:37.481Z,"76 km NNW of Villa General Roca, Argentina",earthquake,,,,,reviewed,us,us,2004-03-17,34227,Argentina,1
2004-03-18 21:50:38.220000+00:00,-22.443,-66.101,246.1,4.77,mw,49.0,58.9,,0.67,us,usp000cq9x,2014-11-07T01:21:44.458Z,"51 km NW of Abra Pampa, Argentina",earthquake,,5.0,,24.0,reviewed,us,us,2004-03-18,34309,Argentina,2
2004-03-18 22:11:46.800000+00:00,-25.158,-66.857,40.0,4.6,mw,12.0,118.8,,1.17,us,usp000cq9z,2014-11-07T01:21:44.467Z,"69 km W of Cachí, Argentina",earthquake,,14.7,,2.0,reviewed,us,us,2004-03-18,34331,Argentina,-1
2004-03-22 04:22:58.450000+00:00,-22.938,-64.359,16.0,5.8,mwb,204.0,56.6,,0.92,us,usp000cqkh,2022-05-02T17:06:51.808Z,"22 km N of San Ramón de la Nueva Orán, Argentina",earthquake,,,,,reviewed,us,us,2004-03-22,34223,Argentina,-1
2004-03-22 08:48:03.070000+00:00,-27.645,-68.869,85.8,4.68,mw,32.0,67.2,,0.74,us,usp000cqkt,2014-11-07T01:21:46.011Z,"123 km W of Fiambalá, Argentina",earthquake,,4.4,,2.0,reviewed,us,us,2004-03-22,34320,Argentina,1
2004-03-28 18:14:03.600000+00:00,-29.821,-68.877,150.0,4.85,mw,5.0,233.4,,,us,usp000cr50,2014-11-07T01:21:48.444Z,"48 km NNW of San José de Jáchal, Argentina",earthquake,,,,1.0,reviewed,guc,us,2004-03-28,34288,Argentina,1
2004-03-31 03:23:23.310000+00:00,-25.184,-67.545,129.5,5.5,mwc,143.0,111.1,,0.85,us,usp000crb6,2025-12-19T23:12:06.110Z,"97 km N of Antofagasta de la Sierra, Argentina",earthquake,,,,,reviewed,us,hrv,2004-03-31,34229,Argentina,2
2004-04-06 07:58:33.430000+00:00,-24.21,-67.053,169.2,5.03,mw,17.0,57.2,,1.0,us,usp000cru8,2014-11-07T01:21:55.253Z,"74 km W of San Antonio de los Cobres, Argentina",earthquake,,7.1,,1.0,reviewed,us,us,2004-04-06,34278,Argentina,2
2004-04-15 09:49:38.300000+00:00,-31.479,-66.914,20.0,4.38,mw,9.0,88.6,,,us,usp000cshz,2014-11-07T01:21:59.967Z,"107 km SSE of San Agustín de Valle Fértil, Argentina",earthquake,,,,,reviewed,guc,guc,2004-04-15,34349,Argentina,1
2004-04-15 21:39:19.240000+00:00,-30.138,-67.43,29.0,5.4,mwc,192.0,28.1,,0.89,us,usp000cskd,2022-05-02T17:08:21.686Z,"55 km N of San Agustín de Valle Fértil, Argentina",earthquake,,,,,reviewed,us,hrv,2004-04-15,34239,Argentina,1
2004-04-20 13:42:15.990000+00:00,-23.109,-66.594,204.1,4.94,mw,39.0,75.4,,0.78,us,usp000cszn,2014-11-07T01:22:03.593Z,"94 km W of El Aguilar, Argentina",earthquake,,5.9,,8.0,reviewed,us,us,2004-04-20,34286,Argentina,2
2004-05-08 12:53:44+00:00,-23.809,-67.118,184.0,4.51,mw,5.0,119.7,,0.5,us,usp000cufb,2014-11-07T01:22:15.969Z,"93 km WNW of San Antonio de los Cobres, Argentina",earthquake,,20.4,,1.0,reviewed,us,us,2004-05-08,34340,Argentina,2
2004-05-15 17:56:33.400000+00:00,-31.56,-69.05,149.8,4.43,mw,10.0,171.9,,,us,usp000cv4w,2014-11-07T01:22:19.275Z,"30 km W of Villa Basilio Nievas, Argentina",earthquake,,,,1.0,reviewed,guc,us,2004-05-15,34349,Argentina,1
2004-05-17 22:18:21.710000+00:00,-23.443,-66.68,197.5,4.68,mw,23.0,84.3,,0.77,us,usp000cvcn,2014-11-07T01:22:20.491Z,"93 km NNW of San Antonio de los Cobres, Argentina",earthquake,,6.4,,12.0,reviewed,us,us,2004-05-17,34532,Argentina,2
2004-06-01 17:04:54.700000+00:00,-32.072,-68.033,38.0,5.1,mwc,196.0,52.1,,0.83,us,usp000cwuy,2022-05-02T17:13:17.828Z,"52 km SSE of Caucete, Argentina",earthquake,,,,,reviewed,us,hrv,2004-06-01,34437,Argentina,1
2004-06-16 06:08:25.300000+00:00,-29.448,-68.302,150.0,3.77,mw,8.0,204.5,,,us,usp000cy05,2014-11-07T01:22:38.184Z,"76 km S of Vinchina, Argentina",earthquake,,,,,reviewed,guc,guc,2004-06-16,34559,Argentina,1
2004-06-17 03:15:50.540000+00:00,-31.772,-69.975,121.2,5.11,mw,110.0,38.7,,0.95,us,usp000cy2h,2014-11-07T01:22:38.430Z,"71 km SW of Calingasta, Argentina",earthquake,,,,40.0,reviewed,us,us,2004-06-17,34412,Argentina,1
2004-07-08 17:42:21.540000+00:00,-28.035,-66.837,172.3,4.85,mw,60.0,57.0,,1.08,us,usp000czsr,2014-11-07T01:22:52.104Z,"45 km SE of Londres, Argentina",earthquake,,,,24.0,reviewed,us,us,2004-07-08,34482,Argentina,1
2004-07-12 19:26:51.400000+00:00,-30.887,-70.089,114.4,3.86,mw,11.0,222.7,,,us,usp000d01k,2014-11-07T01:22:53.396Z,"80 km NW of Calingasta, Argentina",earthquake,,,,,reviewed,guc,guc,2004-07-12,34552,Argentina,1
2004-07-18 07:32:03.410000+00:00,-31.244,-69.054,110.1,5.2,mw,30.0,73.9,,0.89,us,usp000d0dn,2014-11-07T01:22:55.540Z,"San Juan, Argentina",earthquake,,6.4,,1.0,reviewed,us,us,2004-07-18,34396,Argentina,1
2004-07-20 07:11:53.120000+00:00,-31.785,-69.29,44.4,5.03,mw,58.0,68.0,,0.99,us,usp000d0ht,2014-11-07T01:22:56.175Z,"51 km SSE of Calingasta, Argentina",earthquake,,,,9.0,reviewed,us,us,2004-07-20,34453,Argentina,1
2004-07-26 18:07:50.270000+00:00,-24.357,-67.055,165.0,5.03,mw,18.0,57.5,,1.33,us,usp000d0xa,2014-11-07T01:22:59.286Z,"76 km WSW of San Antonio de los Cobres, Argentina",earthquake,,10.4,,5.0,reviewed,us,us,2004-07-26,34451,Argentina,2
2004-07-28 21:42:52.140000+00:00,-28.476,-67.629,107.2,4.85,mw,22.0,41.2,,0.95,us,usp000d118,2014-11-07T01:23:01.168Z,"46 km S of Tinogasta, Argentina",earthquake,,6.6,,2.0,reviewed,us,us,2004-07-28,34486,Argentina,1
2004-08-10 04:17:41.900000+00:00,-31.093,-68.439,150.0,4.77,mw,7.0,210.5,,,us,usp000d1vd,2014-11-07T01:23:10.676Z,"37 km N of San Martín, Argentina",earthquake,,,,1.0,reviewed,guc,us,2004-08-10,34516,Argentina,1
2004-08-20 13:08:39.910000+00:00,-36.064,-68.627,80.7,3.95,mw,11.0,193.4,,1.02,us,usp000d2hg,2014-11-07T01:23:14.582Z,"143 km NE of Barrancas, Argentina",earthquake,,24.0,,,reviewed,us,guc,2004-08-20,34549,Argentina,-1
2004-08-21 11:11:35.950000+00:00,-40.337,-71.575,143.7,4.77,mw,16.0,65.7,,1.41,us,usp000d2kn,2014-11-07T01:23:14.929Z,"27 km SW of San Martín de los Andes, Argentina",earthquake,,8.1,,4.0,reviewed,us,us,2004-08-21,34494,Argentina,-1
2004-08-26 14:49:55.600000+00:00,-28.614,-68.666,115.0,4.51,mw,19.0,71.1,,,us,usp000d2wu,2014-11-07T01:23:16.035Z,"47 km WNW of Vinchina, Argentina",earthquake,,,,3.0,reviewed,guc,us,2004-08-26,34546,Argentina,1
2004-08-30 16:08:17.860000+00:00,-50.695,-72.137,24.7,5.1,mwc,48.0,119.8,,0.88,us,usp000d37j,2022-05-02T17:23:28.166Z,"40 km SSE of El Calafate, Argentina",earthquake,,17.5,,,reviewed,us,hrv,2004-08-30,34443,Argentina,-1
2004-09-02 17:00:05+00:00,-31.431,-67.676,3.6,5.11,mw,22.0,82.9,,,us,usp000d3dq,2014-11-07T01:23:23.387Z,"62 km ENE of Caucete, Argentina",earthquake,,,,1.0,reviewed,guc,us,2004-09-02,34411,Argentina,1
2004-09-07 11:53:06.110000+00:00,-28.573,-65.84,22.3,6.4,mwb,360.0,27.4,,0.8,us,usp000d3up,2022-05-02T17:26:16.204Z,"12 km SSW of San Fernando del Valle de Catamarca, Argentina",earthquake,,,,,reviewed,us,us,2004-09-07,34381,Argentina,1
2004-09-29 10:20:48.610000+00:00,-23.928,-66.733,200.8,4.94,mw,12.0,95.7,,0.45,us,usp000d5ac,2014-11-07T01:23:35.146Z,"52 km NW of San Antonio de los Cobres, Argentina",earthquake,,8.2,,1.0,reviewed,us,us,2004-09-29,34466,Argentina,2
2004-10-01 10:45:44.470000+00:00,-22.713,-66.582,182.7,5.03,mw,115.0,46.0,,0.94,us,usp000d5gn,2014-11-07T01:23:39.339Z,"90 km W of Abra Pampa, Argentina",earthquake,,4.8,,40.0,reviewed,us,us,2004-10-01,34445,Argentina,2
2004-10-08 18:41:48.890000+00:00,-30.268,-68.571,41.6,3.86,mw,22.0,75.5,,1.22,us,usp000d60x,2014-11-07T01:23:43.676Z,"17 km E of San José de Jáchal, Argentina",earthquake,,11.1,,,reviewed,us,guc,2004-10-08,34554,Argentina,1
2004-10-12 15:31:35.310000+00:00,-29.804,-66.525,39.3,4.68,mw,17.0,102.2,,1.62,us,usp000d68z,2014-11-07T01:23:44.718Z,"53 km SE of La Rioja, Argentina",earthquake,,15.1,,2.0,reviewed,us,us,2004-10-12,34525,Argentina,-1
2004-10-15 12:26:31.090000+00:00,-29.157,-67.759,127.3,4.51,mw,9.0,80.6,,1.03,us,usp000d6e4,2014-11-07T01:23:46.038Z,"25 km W of Chilecito, Argentina",earthquake,,17.7,,3.0,reviewed,us,us,2004-10-15,34540,Argentina,1
2004-10-15 23:25:26.570000+00:00,-26.896,-65.161,65.0,4.68,mw,16.0,113.2,,1.25,us,usp000d6f3,2014-11-07T01:23:46.122Z,"9 km SSW of Alderetes, Argentina",earthquake,,,,4.0,reviewed,us,us,2004-10-15,34529,Argentina,-1
2004-10-22 22:47:56.150000+00:00,-28.117,-68.507,101.2,4.51,mw,7.0,137.0,,0.79,us,usp000d6v1,2014-11-07T01:23:47.759Z,"77 km NNW of Vinchina, Argentina",earthquake,,32.4,,3.0,reviewed,us,us,2004-10-22,34539,Argentina,1
2004-10-23 23:16:13.840000+00:00,-29.234,-67.189,132.9,4.9,mwc,170.0,27.9,,0.86,us,usp000d6xw,2016-11-10T00:49:50.557Z,"17 km WNW of Villa Bustos, Argentina",earthquake,,,,,reviewed,us,hrv,2004-10-23,34477,Argentina,1
2004-10-29 08:55:40.030000+00:00,-30.557,-67.228,24.6,4.9,mwc,97.0,29.3,,0.99,us,usp000d79x,2016-11-10T00:50:22.032Z,"24 km ENE of San Agustín de Valle Fértil, Argentina",earthquake,,,,,reviewed,us,hrv,2004-10-29,34476,Argentina,1
2004-11-01 03:04:29.610000+00:00,-22.401,-65.966,263.0,5.11,mw,114.0,58.0,,1.03,us,usp000d7ef,2014-11-07T01:23:52.520Z,"44 km NW of Abra Pampa, Argentina",earthquake,,,,34.0,reviewed,us,us,2004-11-01,34433,Argentina,2
2004-11-04 14:26:16.400000+00:00,-24.101,-67.401,217.6,4.68,mw,11.0,70.3,,,us,usp000d7ph,2014-11-07T01:23:56.018Z,"110 km W of San Antonio de los Cobres, Argentina",earthquake,,,,2.0,reviewed,guc,us,2004-11-04,34532,Argentina,2
2004-11-06 12:18:11.900000+00:00,-36.804,-71.186,117.8,4.77,mw,15.0,105.4,,,us,usp000d7tk,2014-11-07T01:23:56.633Z,"43 km WNW of Las Ovejas, Argentina",earthquake,,,,1.0,reviewed,guc,us,2004-11-06,34518,Argentina,-1
2004-11-11 22:12:36.400000+00:00,-31.457,-69.514,154.4,4.77,mw,25.0,88.2,,,us,usp000d85r,2014-11-07T01:23:59.255Z,"16 km SSW of Calingasta, Argentina",earthquake,,,,3.0,reviewed,guc,us,2004-11-11,34489,Argentina,1
2004-11-12 06:36:16.760000+00:00,-26.705,-63.319,568.7,6.1,mwb,465.0,21.6,,0.73,us,usp000d88b,2022-05-02T17:32:32.914Z,"36 km NNW of El Hoyo, Argentina",earthquake,,,,,reviewed,us,us,2004-11-12,34561,Argentina,3
2004-11-13 20:06:09.510000+00:00,-23.153,-66.574,197.4,5.2,mwc,167.0,41.5,,0.85,us,usp000d8ct,2025-12-19T23:17:33.775Z,"91 km W of El Aguilar, Argentina",earthquake,,4.5,,,reviewed,us,hrv,2004-11-13,34581,Argentina,2
2004-11-18 03:24:56.590000+00:00,-31.852,-69.929,105.4,5.11,mw,84.0,64.7,,0.83,us,usp000d8pw,2014-11-07T01:24:02.123Z,"75 km SW of Calingasta, Argentina",earthquake,,3.0,,26.0,reviewed,us,us,2004-11-18,34587,Argentina,1
2004-12-03 14:17:15.160000+00:00,-29.592,-69.508,112.8,5.11,mw,49.0,54.7,,0.96,us,usp000d9x3,2014-11-07T01:24:12.845Z,"102 km NW of San José de Jáchal, Argentina",earthquake,,4.6,,11.0,reviewed,us,us,2004-12-03,34590,Argentina,1
2004-12-08 23:55:12.950000+00:00,-37.5,-70.764,142.9,5.03,mw,63.0,47.8,,0.83,us,usp000dab8,2014-11-07T01:24:15.159Z,"22 km NW of El Huecú, Argentina",earthquake,,3.8,,12.0,reviewed,us,us,2004-12-08,34620,Argentina,-1
2004-12-09 09:49:35.200000+00:00,-32.57,-66.243,33.0,4.46,mw,6.0,320.2,,,us,usp000dac1,2014-11-07T01:24:15.332Z,"11 km WNW of San Francisco del Monte de Oro, Argentina",earthquake,,,,,reviewed,guc,guc,2004-12-09,34727,Argentina,-1
2004-12-12 19:55:42.110000+00:00,-27.438,-63.286,571.5,4.77,mw,36.0,97.7,,0.76,us,usp000dajf,2014-11-07T01:24:16.190Z,"45 km S of El Hoyo, Argentina",earthquake,,7.0,,10.0,reviewed,us,us,2004-12-12,34689,Argentina,3
2004-12-17 19:11:09.380000+00:00,-33.407,-68.782,25.5,4.85,mw,49.0,88.8,,0.89,us,usp000dawx,2014-11-07T01:24:18.633Z,"46 km SW of San Martín, Argentina",earthquake,,,,10.0,reviewed,us,us,2004-12-17,34670,Argentina,1
2004-12-29 03:03:06.950000+00:00,-28.98,-68.298,92.1,5.03,mw,42.0,84.9,,1.16,us,usp000dc3d,2014-11-07T01:24:26.816Z,"25 km SSW of Vinchina, Argentina",earthquake,,7.0,,13.0,reviewed,us,us,2004-12-29,34607,Argentina,1
2005-01-10 12:52:30.180000+00:00,-31.32,-68.904,106.3,4.77,mw,46.0,71.5,,0.83,us,usp000dczd,2014-11-07T01:24:36.632Z,"30 km NNW of Villa Basilio Nievas, Argentina",earthquake,,4.0,,11.0,reviewed,us,us,2005-01-10,34673,Argentina,1
2005-01-11 14:32:14.410000+00:00,-23.824,-63.611,531.5,4.6,mw,10.0,105.0,,1.47,us,usp000dd36,2014-11-07T01:24:37.412Z,"72 km ENE of Palma Sola, Argentina",earthquake,,16.2,,2.0,reviewed,us,us,2005-01-11,34719,Argentina,-1
2005-01-11 17:28:49.910000+00:00,-23.889,-67.058,165.4,5.0,mwc,103.0,53.1,,0.96,us,usp000dd3h,2016-11-10T00:58:07.362Z,"83 km WNW of San Antonio de los Cobres, Argentina",earthquake,,5.1,,,reviewed,us,hrv,2005-01-11,34648,Argentina,2
2005-02-08 04:47:52.400000+00:00,-33.08,-66.6,38.4,4.68,mw,15.0,135.9,,,us,usp000dfpx,2014-11-07T01:24:57.261Z,"29 km WNW of La Punta, Argentina",earthquake,,,,1.0,reviewed,sja,us,2005-02-08,34703,Argentina,1
2005-02-27 20:55:02.680000+00:00,-22.807,-66.341,249.0,5.03,mw,84.0,67.2,,1.02,us,usp000dh45,2014-11-07T01:25:04.981Z,"66 km W of Abra Pampa, Argentina",earthquake,,,,43.0,reviewed,us,us,2005-02-27,34620,Argentina,2
2005-02-28 07:31:42.590000+00:00,-29.568,-63.577,29.8,4.68,mw,15.0,87.9,,1.35,us,usp000dh5a,2014-11-07T01:25:05.165Z,"13 km ESE of Villa Ojo de Agua, Argentina",earthquake,,,,2.0,reviewed,us,us,2005-02-28,34708,Argentina,-1
2005-03-01 06:31:39.950000+00:00,-24.038,-66.54,189.0,5.3,mwc,185.0,41.1,,0.94,us,usp000dh8v,2025-12-19T22:39:12.288Z,"30 km NW of San Antonio de los Cobres, Argentina",earthquake,,4.2,,,reviewed,us,hrv,2005-03-01,34566,Argentina,2
2005-03-02 05:41:44.900000+00:00,-36.32,-70.089,228.2,4.43,mw,18.0,93.2,,,us,usp000dhbh,2014-11-07T01:25:09.376Z,"57 km NNW of Barrancas, Argentina",earthquake,,,,2.0,reviewed,guc,us,2005-03-02,34730,Argentina,-1
2005-03-02 14:45:13.240000+00:00,-22.299,-66.164,260.0,4.94,mw,8.0,132.3,,0.78,us,usp000dhcg,2014-11-07T01:25:09.842Z,"62 km WSW of La Quiaca, Argentina",earthquake,,11.6,,1.0,reviewed,us,us,2005-03-02,34668,Argentina,2
2005-03-03 04:09:32+00:00,-31.304,-70.271,132.0,4.77,mw,22.0,92.1,,,us,usp000dhde,2014-11-07T01:25:10.066Z,"80 km W of Calingasta, Argentina",earthquake,,,,3.0,reviewed,guc,us,2005-03-03,34671,Argentina,1
2005-03-05 20:45:00.870000+00:00,-28.295,-67.42,113.4,4.68,mw,33.0,46.0,,0.96,us,usp000dhkw,2014-11-07T01:25:11.290Z,"29 km SSE of Tinogasta, Argentina",earthquake,,7.6,,17.0,reviewed,us,us,2005-03-05,34699,Argentina,1
2005-03-14 12:43:44.480000+00:00,-28.559,-65.999,23.4,5.1,mwc,166.0,36.5,,1.01,us,usp000dj6t,2024-06-10T23:10:10.612Z,"18 km N of Huillapima, Argentina",earthquake,,,,,reviewed,us,hrv,2005-03-14,34595,Argentina,1
2005-03-21 12:23:54.090000+00:00,-24.983,-63.47,579.1,6.9,mwb,650.0,23.4,,0.76,us,usp000djqf,2022-05-02T17:50:50.085Z,"67 km ENE of Joaquín V. González, Argentina",earthquake,,,,,reviewed,us,us,2005-03-21,34560,Argentina,-1
2005-03-27 04:57:37.750000+00:00,-24.3,-66.977,165.4,4.94,mw,88.0,56.1,,0.98,us,usp000dk52,2014-11-07T01:25:19.728Z,"67 km W of San Antonio de los Cobres, Argentina",earthquake,,4.9,,32.0,reviewed,us,us,2005-03-27,34667,Argentina,2
2005-03-31 21:50:51.730000+00:00,-23.574,-64.606,10.0,5.2,mw,41.0,78.1,,0.97,us,usp000dkuq,2014-11-07T01:25:23.059Z,"15 km WNW of Yuto, Argentina",earthquake,,,,15.0,reviewed,us,us,2005-03-31,34586,Argentina,-1
2005-04-04 00:25:25.100000+00:00,-29.122,-67.863,105.4,4.43,mw,24.0,94.7,,0.96,us,usp000dm5t,2014-11-07T01:25:28.899Z,"35 km W of Chilecito, Argentina",earthquake,,6.4,,5.0,reviewed,us,us,2005-04-04,34729,Argentina,1
2005-04-09 09:48:19.120000+00:00,-31.699,-66.473,131.7,4.77,mw,23.0,82.6,,0.59,us,usp000dmq8,2014-11-07T01:25:31.592Z,"73 km WNW of Candelaria, Argentina",earthquake,,8.1,,2.0,reviewed,us,us,2005-04-09,34695,Argentina,1
2005-04-12 07:51:32.400000+00:00,-31.01,-66.38,13.0,4.77,mw,22.0,107.3,,,us,usp000dn51,2014-11-07T01:25:34.352Z,"72 km S of Chamical, Argentina",earthquake,,,,3.0,reviewed,sja,us,2005-04-12,34682,Argentina,1
2005-04-20 15:47:56.830000+00:00,-31.653,-67.046,125.2,4.85,mw,9.0,99.8,,0.56,us,usp000dnuh,2014-11-07T01:25:38.594Z,"117 km E of Caucete, Argentina",earthquake,,8.1,,1.0,reviewed,us,us,2005-04-20,34670,Argentina,1
2005-04-23 20:35:58.830000+00:00,-32.976,-68.235,155.3,5.03,mw,76.0,40.1,,0.61,us,usp000dp2t,2014-11-07T01:25:39.886Z,"24 km ENE of San Martín, Argentina",earthquake,,,,27.0,reviewed,us,us,2005-04-23,34619,Argentina,1
2005-04-28 21:58:37.600000+00:00,-27.68,-67.495,150.0,4.51,mw,17.0,50.7,,,us,usp000dpf9,2014-11-07T01:25:42.125Z,"12 km E of Fiambalá, Argentina",earthquake,,,,3.0,reviewed,guc,us,2005-04-28,34722,Argentina,1
2005-04-30 22:46:12.100000+00:00,-31.225,-67.697,150.0,4.6,mw,17.0,82.5,,,us,usp000dpmr,2014-11-07T01:25:43.084Z,"69 km SSW of San Agustín de Valle Fértil, Argentina",earthquake,,,,2.0,reviewed,guc,us,2005-04-30,34711,Argentina,1
2005-05-01 14:08:46.100000+00:00,-31.437,-69.314,119.5,4.94,mw,107.0,34.1,,0.78,us,usp000dppt,2014-11-07T01:25:46.450Z,"15 km SE of Calingasta, Argentina",earthquake,,,,26.0,reviewed,us,us,2005-05-01,34669,Argentina,1
2005-05-15 10:06:55.600000+00:00,-27.792,-67.134,120.0,4.51,mw,6.0,241.8,,,us,usp000dqvj,2014-11-07T01:25:54.689Z,"8 km S of Londres, Argentina",earthquake,,,,1.0,reviewed,guc,us,2005-05-15,34851,Argentina,1
2005-05-26 03:54:37+00:00,-28.963,-67.419,120.0,4.51,mw,5.0,215.0,,,us,usp000drkm,2014-11-07T01:25:58.249Z,"23 km NNE of Chilecito, Argentina",earthquake,,,,1.0,reviewed,guc,us,2005-05-26,34861,Argentina,1
2005-05-29 15:41:31+00:00,-31.654,-67.611,100.0,4.5,mw,8.0,227.1,,0.24,us,usp000dru0,2014-11-07T01:25:59.169Z,"63 km E of Caucete, Argentina",earthquake,,,,,reviewed,us,guc,2005-05-29,34882,Argentina,1
2005-05-30 23:40:14.760000+00:00,-28.888,-66.994,123.1,4.22,mw,31.0,113.4,,1.02,us,usp000drxf,2014-11-07T01:25:59.970Z,"39 km SSW of Arauco, Argentina",earthquake,,6.7,,,reviewed,us,sja,2005-05-30,34905,Argentina,1
2005-06-02 10:56:01.650000+00:00,-24.221,-67.003,196.2,6.1,mwb,432.0,48.7,,0.88,us,usp000ds2d,2022-07-14T15:56:06.447Z,"69 km W of San Antonio de los Cobres, Argentina",earthquake,,,,,reviewed,us,us,2005-06-02,34744,Argentina,2
2005-06-04 21:34:41.900000+00:00,-31.54,-69.738,150.8,4.85,mw,16.0,171.8,,,us,usp000ds7j,2014-11-07T01:26:06.195Z,"37 km SW of Calingasta, Argentina",earthquake,,,,1.0,reviewed,guc,us,2005-06-04,34813,Argentina,1
2005-06-05 21:44:25.700000+00:00,-29.407,-68.022,145.0,4.51,mw,13.0,158.3,,,us,usp000dsac,2014-11-07T01:26:07.792Z,"57 km WSW of Chilecito, Argentina",earthquake,,,,2.0,reviewed,guc,us,2005-06-05,34867,Argentina,1
2005-06-06 10:06:15.270000+00:00,-30.69,-66.2,49.2,4.43,mw,22.0,92.7,,0.94,us,usp000dsbp,2014-11-07T01:26:08.802Z,"38 km SSE of Chamical, Argentina",earthquake,,14.7,,2.0,reviewed,us,us,2005-06-06,34887,Argentina,-1
2005-06-06 11:37:43.600000+00:00,-34.151,-68.615,18.0,4.16,mw,13.0,146.1,,,us,usp000dsbs,2014-11-07T01:26:08.810Z,"58 km NNW of San Rafael, Argentina",earthquake,,,,,reviewed,guc,guc,2005-06-06,34906,Argentina,1
2005-06-20 06:32:09.800000+00:00,-32.85,-68.31,10.0,4.77,mw,54.0,57.5,,,us,usp000dtgt,2014-11-07T01:26:15.726Z,"29 km NNE of San Martín, Argentina",earthquake,,,,5.0,reviewed,sja,us,2005-06-20,34837,Argentina,1
2005-06-28 17:47:02.180000+00:00,-50.655,-72.148,10.0,4.94,mw,31.0,115.6,,1.0,us,usp000du3s,2014-11-07T01:26:18.223Z,"36 km SSE of El Calafate, Argentina",earthquake,,,,5.0,reviewed,us,us,2005-06-28,34794,Argentina,-1
2005-07-04 20:32:09.940000+00:00,-28.279,-67.453,113.0,5.03,mw,29.0,42.7,,0.91,us,usp000duhu,2014-11-07T01:26:25.698Z,"26 km SSE of Tinogasta, Argentina",earthquake,,5.8,,4.0,reviewed,us,us,2005-07-04,34765,Argentina,1
2005-07-04 21:59:10.250000+00:00,-27.006,-63.267,552.6,5.1,mwc,231.0,60.0,,0.69,us,usp000duhz,2025-12-19T23:13:37.187Z,"4 km NW of El Hoyo, Argentina",earthquake,,,,,reviewed,us,hrv,2005-07-04,34764,Argentina,3
2005-07-11 03:35:10.250000+00:00,-27.889,-66.677,147.8,4.94,mw,103.0,43.0,,0.82,us,usp000duz1,2014-11-07T01:26:28.453Z,"48 km ESE of Londres, Argentina",earthquake,,3.7,,31.0,reviewed,us,us,2005-07-11,34788,Argentina,1
2005-07-19 00:49:21.280000+00:00,-31.211,-68.866,99.9,5.03,mw,34.0,46.6,,1.1,us,usp000dvfu,2014-11-07T01:26:30.848Z,"39 km NNW of Villa Basilio Nievas, Argentina",earthquake,,6.8,,4.0,reviewed,us,us,2005-07-19,34766,Argentina,1
2005-07-23 11:35:08+00:00,-22.748,-66.153,277.2,5.03,mw,141.0,79.3,,0.82,us,usp000dvrd,2014-11-07T01:26:32.001Z,"46 km W of Abra Pampa, Argentina",earthquake,,,,79.0,reviewed,us,us,2005-07-23,34766,Argentina,2
2005-07-29 13:16:12.100000+00:00,-34.187,-70.896,75.2,3.86,mw,22.0,77.6,,,us,usp000dw6x,2014-11-07T01:26:35.677Z,Chile-Argentina border region,earthquake,,,,,reviewed,guc,guc,2005-07-29,34906,Chile-Argentina border region,-1
2005-07-29 21:04:32.100000+00:00,-22.845,-66.564,210.5,4.43,mw,21.0,46.6,,0.89,us,usp000dw84,2014-11-07T01:26:36.009Z,"90 km W of Abra Pampa, Argentina",earthquake,,6.5,,7.0,reviewed,us,us,2005-07-29,34897,Argentina,2
2005-08-16 14:03:02.220000+00:00,-23.333,-64.162,20.4,4.94,mw,21.0,115.2,,0.78,us,usp000dxfa,2014-11-07T01:26:49.607Z,"15 km SSW of Embarcación, Argentina",earthquake,,23.5,,10.0,reviewed,us,us,2005-08-16,34780,Argentina,-1
2005-08-22 02:13:49.300000+00:00,-28.248,-68.924,100.0,5.11,mw,22.0,68.9,,,us,usp000dxtn,2014-11-07T01:26:51.247Z,"90 km NW of Vinchina, Argentina",earthquake,,,,2.0,reviewed,guc,us,2005-08-22,34762,Argentina,1
2005-08-23 19:14:07+00:00,-32.81,-68.77,10.0,4.8,mwc,70.0,41.4,,,us,usp000dxwz,2016-11-10T01:10:35.603Z,"10 km NNE of Mendoza, Argentina",earthquake,,,,,reviewed,sja,hrv,2005-08-23,34819,Argentina,1
2005-08-26 04:00:42.350000+00:00,-23.679,-66.653,190.8,4.6,mw,66.0,63.8,,1.05,us,usp000dy2g,2014-11-07T01:26:52.697Z,"68 km NNW of San Antonio de los Cobres, Argentina",earthquake,,4.7,,27.0,reviewed,us,us,2005-08-26,34844,Argentina,2
2005-08-30 12:26:13.400000+00:00,-30.964,-68.021,150.0,4.6,mw,18.0,80.0,,,us,usp000dybg,2014-11-07T01:26:54.563Z,"64 km SW of San Agustín de Valle Fértil, Argentina",earthquake,,,,3.0,reviewed,guc,us,2005-08-30,34843,Argentina,1
2005-09-09 11:26:06.640000+00:00,-31.68,-69.136,112.6,6.05,mw,359.0,22.6,,0.83,us,usp000dz37,2022-07-14T14:52:34.383Z,"40 km WSW of Villa Basilio Nievas, Argentina",earthquake,,,,149.0,reviewed,us,us,2005-09-09,34755,Argentina,1
2005-09-15 04:10:32.410000+00:00,-37.976,-70.62,161.8,4.51,mw,18.0,88.6,,0.86,us,usp000dzfw,2014-11-07T01:27:04.355Z,"10 km N of Loncopué, Argentina",earthquake,,6.9,,6.0,reviewed,us,us,2005-09-15,34847,Argentina,-1
2005-09-30 05:50:13.300000+00:00,-31.669,-67.105,10.0,4.85,mw,11.0,151.7,,0.95,us,usp000e0jj,2014-11-07T01:27:11.751Z,"111 km E of Caucete, Argentina",earthquake,,,,1.0,reviewed,us,us,2005-09-30,34794,Argentina,1
2005-10-01 21:54:09.340000+00:00,-23.609,-63.632,547.4,5.6,mwb,417.0,24.2,,0.78,us,usp000e0p3,2022-05-02T18:01:36.305Z,"65 km SE of Embarcación, Argentina",earthquake,,,,,reviewed,us,us,2005-10-01,34758,Argentina,-1
2005-10-03 16:24:20.990000+00:00,-31.121,-68.386,103.0,4.85,mw,28.0,97.5,,0.88,us,usp000e0u1,2014-11-07T01:27:16.573Z,"35 km NNE of San Martín, Argentina",earthquake,,5.0,,3.0,reviewed,us,us,2005-10-03,34801,Argentina,1
2005-10-05 10:59:08.260000+00:00,-27.228,-65.417,62.3,5.2,mw,19.0,115.3,,1.28,us,usp000e0x8,2014-11-07T01:27:17.460Z,"7 km WNW of Simoca, Argentina",earthquake,,11.4,,2.0,reviewed,us,us,2005-10-05,34759,Argentina,-1
2005-10-15 17:00:13.770000+00:00,-31.994,-66.881,42.3,4.43,mw,13.0,83.8,,0.73,us,usp000e1wu,2014-11-07T01:27:24.428Z,"84 km NNW of Villa General Roca, Argentina",earthquake,,8.0,,1.0,reviewed,us,us,2005-10-15,34885,Argentina,1
2005-10-23 23:19:44.990000+00:00,-28.264,-65.227,22.4,4.43,mw,24.0,46.8,,0.99,us,usp000e2pb,2014-11-07T01:27:28.273Z,"34 km S of San Pedro de Guasayán, Argentina",earthquake,,16.5,,1.0,reviewed,us,us,2005-10-23,34883,Argentina,-1
2005-10-24 02:01:53.690000+00:00,-23.252,-66.381,216.8,4.85,mw,41.0,43.5,,0.96,us,usp000e2pw,2014-11-07T01:27:28.351Z,"71 km W of El Aguilar, Argentina",earthquake,,4.9,,9.0,reviewed,us,us,2005-10-24,34809,Argentina,2
2005-10-24 04:55:50.350000+00:00,-29.07,-68.497,97.6,4.8,mwc,50.0,63.3,,1.09,us,usp000e2q4,2016-11-10T01:13:31.839Z,"44 km SW of Vinchina, Argentina",earthquake,,5.0,,,reviewed,us,hrv,2005-10-24,34819,Argentina,1
2005-11-11 08:56:54.010000+00:00,-26.5,-64.569,44.8,4.68,mw,15.0,88.3,,1.6,us,usp000e3yd,2014-11-07T01:27:38.224Z,"17 km E of Burruyacú, Argentina",earthquake,,13.4,,3.0,reviewed,us,us,2005-11-11,35047,Argentina,-1
2005-11-17 04:16:30.560000+00:00,-28.814,-62.855,607.7,5.3,mwc,249.0,41.0,,0.77,us,usp000e4bp,2025-12-19T23:24:19.159Z,"25 km SSE of Colonia Dora, Argentina",earthquake,,,,,reviewed,us,hrv,2005-11-17,34930,Argentina,3
2005-12-05 02:55:47.380000+00:00,-29.536,-69.27,99.1,4.68,mw,41.0,70.4,,1.09,us,usp000e5hz,2014-11-07T01:27:50.849Z,"93 km NNW of San José de Jáchal, Argentina",earthquake,,5.9,,3.0,reviewed,us,us,2005-12-05,35061,Argentina,1
2005-12-11 17:56:53.730000+00:00,-31.877,-69.549,112.8,5.03,mw,43.0,60.2,,0.79,us,usp000e5zv,2014-11-07T01:27:52.910Z,"61 km SSW of Calingasta, Argentina",earthquake,,,,6.0,reviewed,us,us,2005-12-11,34995,Argentina,1
2005-12-19 11:33:56.680000+00:00,-27.956,-66.826,166.1,5.03,mw,81.0,45.1,,1.25,us,usp000e6e8,2014-11-07T01:27:54.949Z,"40 km SE of Londres, Argentina",earthquake,,,,20.0,reviewed,us,us,2005-12-19,34983,Argentina,1
2005-12-25 04:56:54.010000+00:00,-31.343,-68.583,110.1,5.11,mw,105.0,113.7,,0.77,us,usp000e6u2,2014-11-07T01:27:56.468Z,"11 km NNW of Albardón, Argentina",earthquake,,4.3,,51.0,reviewed,us,us,2005-12-25,34968,Argentina,1
2006-01-01 18:08:22.200000+00:00,-31.087,-69.077,149.9,4.68,mw,15.0,201.6,,,us,usp000e7c8,2014-11-07T01:28:01.379Z,"42 km NE of Calingasta, Argentina",earthquake,,,,1.0,reviewed,guc,us,2006-01-01,35068,Argentina,1
2006-01-04 04:33:37.360000+00:00,-28.997,-68.399,114.8,5.03,mw,15.0,123.7,,1.09,us,usp000e7jc,2014-11-07T01:28:03.590Z,"32 km SW of Vinchina, Argentina",earthquake,,,,2.0,reviewed,us,us,2006-01-04,34975,Argentina,1
2006-01-04 13:01:33.190000+00:00,-22.855,-66.172,242.8,5.5,mwc,138.0,50.5,,0.99,us,usp000e7k8,2025-12-22T16:14:32.405Z,"51 km WSW of Abra Pampa, Argentina",earthquake,,,,,reviewed,us,hrv,2006-01-04,34924,Argentina,2
2006-01-08 05:22:33.540000+00:00,-33.795,-68.508,24.2,5.03,mw,42.0,47.0,,0.69,us,usp000e7tp,2014-11-07T01:28:04.736Z,"79 km S of San Martín, Argentina",earthquake,,,,3.0,reviewed,us,us,2006-01-08,34982,Argentina,1
2006-01-09 23:56:53.030000+00:00,-54.292,-69.274,8.7,4.94,mw,21.0,119.4,,0.81,us,usp000e7y9,2014-11-07T01:28:05.361Z,"84 km NW of Ushuaia, Argentina",earthquake,,12.4,,10.0,reviewed,us,us,2006-01-09,35013,Argentina,-1
2006-01-21 23:19:50.290000+00:00,-28.305,-68.036,105.8,5.03,mw,16.0,74.4,,1.15,us,usp000e8mu,2014-11-07T01:28:08.178Z,"53 km NNE of Vinchina, Argentina",earthquake,,8.7,,3.0,reviewed,us,us,2006-01-21,34978,Argentina,1
2006-01-28 03:04:46.270000+00:00,-25.331,-68.594,110.9,4.85,mw,65.0,73.8,,1.19,us,usp000e8zx,2014-11-07T01:28:10.223Z,"143 km NW of Antofagasta de la Sierra, Argentina",earthquake,,,,26.0,reviewed,us,us,2006-01-28,35027,Argentina,2
2006-01-30 05:19:20.520000+00:00,-31.854,-67.137,162.1,4.77,mw,14.0,87.3,,0.66,us,usp000e94e,2014-11-07T01:28:10.642Z,"110 km ESE of Caucete, Argentina",earthquake,,69.2,,3.0,reviewed,us,us,2006-01-30,35037,Argentina,1
2006-02-05 04:28:07.700000+00:00,-31.575,-66.838,126.0,4.68,mw,17.0,101.2,,0.65,us,usp000e9gy,2014-11-07T01:28:16.429Z,"109 km WNW of Candelaria, Argentina",earthquake,,8.4,,3.0,reviewed,us,us,2006-02-05,35057,Argentina,1
2006-02-08 13:57:49.250000+00:00,-28.79,-67.283,114.8,4.85,mw,49.0,81.5,,0.75,us,usp000e9s6,2014-11-07T01:28:17.463Z,"46 km NNE of Chilecito, Argentina",earthquake,,4.0,,19.0,reviewed,us,us,2006-02-08,35016,Argentina,1
2006-02-09 17:08:37.470000+00:00,-27.472,-68.784,94.2,4.94,mw,12.0,122.8,,1.42,us,usp000e9uk,2014-11-07T01:28:17.680Z,"117 km W of Fiambalá, Argentina",earthquake,,11.5,,1.0,reviewed,us,us,2006-02-09,35004,Argentina,1
2006-02-11 11:49:40+00:00,-32.415,-67.625,32.4,5.11,mw,86.0,105.9,,0.88,us,usp000e9xp,2014-11-07T01:28:17.994Z,"104 km SE of Caucete, Argentina",earthquake,,,,39.0,reviewed,us,us,2006-02-11,34954,Argentina,1
2006-02-22 19:35:02.680000+00:00,-27.953,-66.401,167.5,4.94,mw,13.0,116.2,,0.46,us,usp000eamc,2014-11-07T01:28:21.020Z,"41 km SSW of Andalgalá, Argentina",earthquake,,7.7,,2.0,reviewed,us,us,2006-02-22,35002,Argentina,1
2006-03-04 23:32:29.800000+00:00,-31.952,-68.561,145.4,4.51,mw,11.0,210.5,,,us,usp000ebe0,2014-11-07T01:28:28.434Z,"29 km S of Pocito, Argentina",earthquake,,,,1.0,reviewed,guc,us,2006-03-04,35072,Argentina,1
2006-03-13 15:12:57.800000+00:00,-24.255,-67.038,148.9,5.11,mw,42.0,43.2,,1.12,us,usp000ec2t,2014-11-07T01:28:31.331Z,"73 km W of San Antonio de los Cobres, Argentina",earthquake,,6.1,,14.0,reviewed,us,us,2006-03-13,34948,Argentina,2
2006-03-14 04:03:15.620000+00:00,-28.573,-69.035,112.1,5.11,mw,54.0,99.9,,1.26,us,usp000ec45,2014-11-07T01:28:31.445Z,"83 km WNW of Vinchina, Argentina",earthquake,,,,21.0,reviewed,us,us,2006-03-14,34962,Argentina,1
2006-03-24 23:17:46.520000+00:00,-31.53,-69.002,100.5,4.77,mw,59.0,37.8,,1.04,us,usp000ecv6,2014-11-07T01:28:34.912Z,"25 km W of Villa Basilio Nievas, Argentina",earthquake,,4.0,,16.0,reviewed,us,us,2006-03-24,35046,Argentina,1
2006-03-28 23:44:09.730000+00:00,-23.549,-66.543,195.0,5.03,mw,49.0,88.3,,0.92,us,usp000ed5q,2014-11-07T01:28:36.534Z,"77 km NNW of San Antonio de los Cobres, Argentina",earthquake,,5.6,,24.0,reviewed,us,us,2006-03-28,34978,Argentina,2
2006-04-04 05:47:28.610000+00:00,-23.902,-66.879,168.1,4.94,mw,80.0,52.7,,1.08,us,usp000ednh,2014-11-07T01:28:43.033Z,"66 km WNW of San Antonio de los Cobres, Argentina",earthquake,,5.8,,41.0,reviewed,us,us,2006-04-04,35010,Argentina,2
2006-04-08 11:10:58.880000+00:00,-28.397,-67.622,117.3,4.85,mw,24.0,48.8,,0.8,us,usp000edye,2014-11-07T01:28:44.457Z,"37 km S of Tinogasta, Argentina",earthquake,,5.8,,4.0,reviewed,us,us,2006-04-08,35014,Argentina,1
2006-04-10 13:15:57.970000+00:00,-30.656,-68.787,111.0,3.95,mw,15.0,74.9,,0.82,us,usp000ee3a,2014-11-07T01:28:45.195Z,"46 km S of San José de Jáchal, Argentina",earthquake,,6.3,,,reviewed,us,guc,2006-04-10,35074,Argentina,1
2006-05-09 09:02:26.530000+00:00,-32.435,-69.41,125.8,5.0,mwc,172.0,50.1,,0.7,us,usp000egnp,2025-12-22T16:17:09.985Z,"74 km NW of Mendoza, Argentina",earthquake,,,,,reviewed,us,hrv,2006-05-09,35159,Argentina,1
2006-05-16 12:39:57.500000+00:00,-23.78,-67.177,200.0,4.3,m,10.0,72.1,,,us,usp000eh8c,2014-11-07T01:29:07.616Z,"99 km WNW of San Antonio de los Cobres, Argentina",earthquake,,,,,reviewed,guc,guc,2006-05-16,35239,Argentina,2
2006-05-24 23:33:21.900000+00:00,-31.555,-66.557,33.0,3.95,mw,9.0,174.9,,,us,usp000ehw3,2014-11-07T01:29:10.700Z,"89 km NW of Candelaria, Argentina",earthquake,,,,,reviewed,guc,guc,2006-05-24,35261,Argentina,1
2006-05-27 22:24:10.140000+00:00,-31.988,-68.392,119.6,5.03,mw,32.0,78.2,,1.21,us,usp000ej45,2014-11-07T01:29:11.928Z,"35 km S of Nueve de Julio, Argentina",earthquake,,6.5,,2.0,reviewed,us,us,2006-05-27,35158,Argentina,1
2006-05-28 01:23:35.950000+00:00,-22.858,-63.826,539.2,4.77,mw,11.0,81.7,,1.04,us,usp000ej4n,2014-11-07T01:29:12.031Z,"29 km S of General Mosconi, Argentina",earthquake,,10.8,,3.0,reviewed,us,us,2006-05-28,35205,Argentina,-1
2006-05-30 03:31:55.720000+00:00,-30.554,-68.133,133.9,4.43,mw,10.0,167.1,,1.54,us,usp000ej9h,2014-11-07T01:29:12.916Z,"64 km W of San Agustín de Valle Fértil, Argentina",earthquake,,29.7,,3.0,reviewed,us,us,2006-05-30,35239,Argentina,1
2006-06-05 00:52:08.500000+00:00,-31.395,-68.115,139.7,4.0,m,9.0,260.9,,,us,usp000ejqq,2014-11-07T01:29:19.420Z,"32 km NNE of Caucete, Argentina",earthquake,,,,,reviewed,guc,guc,2006-06-05,35256,Argentina,1
2006-06-08 16:00:22.400000+00:00,-31.462,-69.146,151.9,4.43,mw,22.0,101.2,,,us,usp000ejyg,2014-11-07T01:29:20.437Z,"29 km ESE of Calingasta, Argentina",earthquake,,,,8.0,reviewed,guc,us,2006-06-08,35234,Argentina,1
2006-06-09 13:39:43.650000+00:00,-30.819,-69.418,49.9,5.03,mw,12.0,97.9,,1.16,us,usp000ek0p,2014-11-07T01:29:20.722Z,"57 km N of Calingasta, Argentina",earthquake,,13.0,,1.0,reviewed,us,us,2006-06-09,35159,Argentina,1
2006-06-18 18:33:33.940000+00:00,-29.619,-69.357,102.9,4.94,mw,38.0,50.8,,0.94,us,usp000ekre,2014-11-07T01:29:24.321Z,"90 km NW of San José de Jáchal, Argentina",earthquake,,5.2,,9.0,reviewed,us,us,2006-06-18,35163,Argentina,1
2006-06-29 00:10:38.500000+00:00,-37.011,-71.16,158.7,4.43,mw,27.0,85.6,,,us,usp000emhb,2014-11-07T01:29:29.947Z,Chile-Argentina border region,earthquake,,,,4.0,reviewed,guc,us,2006-06-29,35234,Chile-Argentina border region,-1
2006-07-03 16:07:14.590000+00:00,-27.967,-66.513,166.4,5.1,mwc,109.0,32.2,,0.95,us,usp000emus,2025-12-22T16:17:22.984Z,"46 km SSW of Andalgalá, Argentina",earthquake,,,,,reviewed,us,hrv,2006-07-03,35154,Argentina,1
2006-07-04 03:10:11.200000+00:00,-28.572,-69.333,101.9,4.85,mw,11.0,77.2,,,us,usp000emvs,2014-11-07T01:29:35.099Z,"112 km W of Vinchina, Argentina",earthquake,,,,3.0,reviewed,guc,us,2006-07-04,35189,Argentina,1
2006-07-04 23:05:46.600000+00:00,-28.074,-67.671,130.0,4.5,m,6.0,152.9,,,us,usp000emx6,2014-11-07T01:29:35.377Z,"10 km W of Tinogasta, Argentina",earthquake,,,,,reviewed,guc,guc,2006-07-04,35233,Argentina,1
2006-07-08 01:28:49.740000+00:00,-28.719,-63.364,526.1,4.68,mw,48.0,105.8,,0.69,us,usp000en3x,2014-11-07T01:29:36.526Z,"30 km NNE of Los Telares, Argentina",earthquake,,,,18.0,reviewed,us,us,2006-07-08,35218,Argentina,3
2006-07-08 09:13:01.280000+00:00,-28.562,-67.389,140.1,5.5,mwc,247.0,29.2,,0.82,us,usp000en4m,2022-05-02T15:32:28.812Z,"57 km SSE of Tinogasta, Argentina",earthquake,,,,,reviewed,us,hrv,2006-07-08,35130,Argentina,1
2006-08-01 08:06:20.960000+00:00,-31.492,-68.674,108.3,5.2,mw,138.0,40.5,,0.9,us,usp000eq0e,2014-11-07T01:29:51.548Z,"8 km NE of Villa Basilio Nievas, Argentina",earthquake,,,,55.0,reviewed,us,us,2006-08-01,35133,Argentina,1
2006-08-01 15:53:14.200000+00:00,-31.672,-69.9,126.1,4.1,m,16.0,207.2,,,us,usp000eq14,2014-11-07T01:29:52.129Z,"58 km SW of Calingasta, Argentina",earthquake,,,,,reviewed,guc,guc,2006-08-01,35253,Argentina,1
2006-08-01 16:16:19.860000+00:00,-27.786,-64.495,19.5,5.11,mw,46.0,66.5,,0.91,us,usp000eq16,2017-04-26T18:06:07.933Z,"23 km W of Santiago del Estero, Argentina",earthquake,,,,15.0,reviewed,us,us,2006-08-01,35134,Argentina,-1
2006-08-03 10:20:42.720000+00:00,-27.492,-68.845,86.2,4.68,mw,31.0,48.5,,1.0,us,usp000eq5k,2014-11-07T01:29:53.597Z,"122 km W of Fiambalá, Argentina",earthquake,,5.4,,5.0,reviewed,us,us,2006-08-03,35212,Argentina,1
2006-08-05 14:03:44.230000+00:00,-33.126,-68.719,25.0,5.6,mwc,354.0,27.9,,0.81,us,usp000eq9x,2022-07-14T10:22:34.713Z,"23 km WSW of San Martín, Argentina",earthquake,,,,,reviewed,us,hrv,2006-08-05,35124,Argentina,1
2006-08-13 15:11:17.420000+00:00,-30.773,-68.905,98.9,4.68,mw,27.0,109.4,,0.92,us,usp000eqvp,2014-11-07T01:29:57.653Z,"60 km SSW of San José de Jáchal, Argentina",earthquake,,5.8,,2.0,reviewed,us,us,2006-08-13,35211,Argentina,1
2006-08-19 01:33:17+00:00,-31.068,-68.659,162.9,4.85,mw,29.0,75.0,,,us,usp000er9c,2014-11-07T01:29:59.681Z,"42 km NNW of San Martín, Argentina",earthquake,,,,6.0,reviewed,guc,us,2006-08-19,35187,Argentina,1
2006-08-25 00:44:46.160000+00:00,-24.403,-67.028,184.0,6.6,mwb,454.0,24.4,,0.94,us,usp000erpk,2022-07-14T10:10:40.239Z,"74 km WSW of San Antonio de los Cobres, Argentina",earthquake,,,,,reviewed,us,us,2006-08-25,35103,Argentina,2
2006-08-25 01:08:48.100000+00:00,-24.637,-67.602,196.0,4.6,mw,14.0,60.3,,,us,usp000erpn,2014-11-07T01:30:01.509Z,Chile-Argentina border region,earthquake,,,,2.0,reviewed,guc,us,2006-08-25,35227,Chile-Argentina border region,2
2006-08-25 16:30:05.130000+00:00,-31.812,-69.164,120.7,4.68,mw,59.0,38.8,,0.78,us,usp000erqs,2014-11-07T01:30:01.660Z,"50 km SW of Villa Basilio Nievas, Argentina",earthquake,,,,18.0,reviewed,us,us,2006-08-25,35211,Argentina,1
2006-08-26 04:45:10+00:00,-23.483,-64.769,37.3,4.68,mw,10.0,110.7,,1.06,us,usp000ersc,2014-11-07T01:30:01.789Z,"32 km N of Calilegua, Argentina",earthquake,,11.3,,2.0,reviewed,us,us,2006-08-26,35213,Argentina,-1
2006-08-27 02:46:15.200000+00:00,-30.905,-67.906,150.0,4.2,m,9.0,291.2,,,us,usp000erus,2014-11-07T01:30:02.206Z,"51 km SW of San Agustín de Valle Fértil, Argentina",earthquake,,,,,reviewed,guc,guc,2006-08-27,35241,Argentina,1
2006-09-01 14:57:50.570000+00:00,-32.073,-69.981,108.4,4.94,mw,49.0,71.2,,0.74,us,usp000es7z,2014-11-07T01:30:07.767Z,"97 km SSW of Calingasta, Argentina",earthquake,,3.1,,16.0,reviewed,us,us,2006-09-01,35187,Argentina,1
2006-09-05 13:03:14.710000+00:00,-26.246,-68.459,94.7,4.13,mw,14.0,76.6,,1.24,us,usp000esh0,2014-11-07T01:30:09.930Z,"107 km W of Antofagasta de la Sierra, Argentina",earthquake,,14.5,,,reviewed,us,guc,2006-09-05,35246,Argentina,-1
2006-09-09 00:09:03.780000+00:00,-23.951,-66.632,174.0,5.0,mwc,261.0,47.0,,0.83,us,usp000esqx,2025-12-22T16:18:32.660Z,"43 km NW of San Antonio de los Cobres, Argentina",earthquake,,4.1,,,reviewed,us,gcmt,2006-09-09,35163,Argentina,2
2006-09-10 11:17:42.570000+00:00,-23.013,-66.293,230.7,5.1,mwc,224.0,50.2,,1.19,us,usp000esuq,2025-12-22T16:18:33.326Z,"66 km WNW of El Aguilar, Argentina",earthquake,,,,,reviewed,us,gcmt,2006-09-10,35143,Argentina,2
2006-09-12 13:30:55.660000+00:00,-28.944,-68.898,114.0,6.0,mwb,424.0,32.7,,1.02,us,usp000esyx,2022-07-14T10:03:49.274Z,"70 km WSW of Vinchina, Argentina",earthquake,,,,,reviewed,us,us,2006-09-12,35121,Argentina,1
2006-09-16 09:14:12.770000+00:00,-54.176,-63.587,57.6,4.77,mw,19.0,149.3,,0.41,us,usp000et5z,2014-11-07T01:30:13.900Z,"Tierra del Fuego, Argentina region",earthquake,,10.3,,5.0,reviewed,us,us,2006-09-16,35199,Argentina,-1
2006-09-16 12:56:37.940000+00:00,-31.992,-70.969,84.1,4.68,mw,44.0,115.7,,1.0,us,usp000et6q,2014-11-07T01:30:14.009Z,Chile-Argentina border region,earthquake,,4.2,,6.0,reviewed,us,us,2006-09-16,35222,Chile-Argentina border region,-1
2006-09-17 09:34:13.580000+00:00,-31.733,-67.145,137.0,6.2,mwb,374.0,21.7,,1.03,us,usp000et8q,2022-07-14T09:58:47.679Z,"108 km E of Caucete, Argentina",earthquake,,,,,reviewed,us,us,2006-09-17,35110,Argentina,1
2006-09-17 12:57:21.500000+00:00,-24.281,-64.678,58.7,4.6,mw,9.0,134.7,,1.2,us,usp000et94,2014-11-07T01:30:14.356Z,"3 km NNW of Santa Clara, Argentina",earthquake,,12.3,,2.0,reviewed,us,us,2006-09-17,35226,Argentina,-1
2006-09-22 02:32:25.640000+00:00,-26.868,-63.149,598.3,6.0,mwb,495.0,21.8,,0.82,us,usp000etj9,2022-05-02T18:28:24.734Z,"19 km NNE of El Hoyo, Argentina",earthquake,,,,,reviewed,us,us,2006-09-22,35118,Argentina,3
2006-09-22 04:25:58.300000+00:00,-34.029,-70.059,20.4,4.6,mw,37.0,55.0,,,us,usp000etjd,2014-11-07T01:30:15.767Z,Chile-Argentina border region,earthquake,,,,8.0,reviewed,guc,us,2006-09-22,35229,Chile-Argentina border region,-1
2006-09-24 21:08:49.500000+00:00,-32.228,-67.687,141.0,5.7,mwb,321.0,34.7,,,us,usp000etrf,2022-07-14T09:53:29.638Z,"85 km SE of Caucete, Argentina",earthquake,,,,,reviewed,guc,us,2006-09-24,35122,Argentina,1
2006-09-29 08:27:26.900000+00:00,-31.007,-67.271,13.7,4.85,mw,21.0,81.9,,,us,usp000eu23,2014-11-07T01:30:20.359Z,"45 km SSE of San Agustín de Valle Fértil, Argentina",earthquake,,,,1.0,reviewed,guc,us,2006-09-29,35187,Argentina,1
2006-10-06 17:21:15.270000+00:00,-29.128,-68.153,48.5,4.77,mw,13.0,103.7,,1.14,us,usp000eukt,2014-11-07T01:30:30.771Z,"La Rioja-San Juan border region, Argentina",earthquake,,9.6,,1.0,reviewed,us,us,2006-10-06,35211,Argentina,1
2006-10-09 09:36:49.300000+00:00,-31.923,-69.594,118.0,4.85,mw,45.0,61.5,,,us,usp000eury,2014-11-07T01:30:31.488Z,"67 km SSW of Calingasta, Argentina",earthquake,,,,13.0,reviewed,guc,us,2006-10-09,35191,Argentina,1
2006-10-14 09:04:28.800000+00:00,-29.142,-69.42,115.0,4.51,mw,19.0,84.6,,,us,usp000ev5v,2014-11-07T01:30:33.919Z,"125 km WSW of Vinchina, Argentina",earthquake,,,,1.0,reviewed,guc,us,2006-10-14,35233,Argentina,1
2006-11-02 14:41:36.150000+00:00,-22.945,-63.573,516.1,4.85,mw,10.0,93.8,,1.66,us,usp000ewg4,2014-11-07T01:30:44.041Z,"45 km SSE of General Mosconi, Argentina",earthquake,,18.2,,1.0,reviewed,us,us,2006-11-02,35382,Argentina,-1
2006-11-09 14:46:12.100000+00:00,-31.352,-69.066,113.9,4.43,mw,16.0,125.8,,,us,usp000ex05,2014-11-07T01:30:47.190Z,"33 km E of Calingasta, Argentina",earthquake,,,,4.0,reviewed,guc,us,2006-11-09,35418,Argentina,1
2006-11-10 06:14:39.700000+00:00,-29.222,-69.532,121.3,4.68,mw,36.0,82.8,,,us,usp000ex2k,2014-11-07T01:30:47.457Z,"136 km NNW of San José de Jáchal, Argentina",earthquake,,,,17.0,reviewed,guc,us,2006-11-10,35403,Argentina,1
2006-11-13 01:26:35.870000+00:00,-26.052,-63.283,572.0,6.8,mwb,480.0,25.7,,0.94,us,usp000ex8r,2022-07-14T09:05:31.408Z,"48 km S of Taco Pozo, Argentina",earthquake,,,,,reviewed,us,us,2006-11-13,35280,Argentina,3
2006-11-14 19:44:27+00:00,-27.6,-64.84,40.0,4.31,mw,4.0,183.6,,,us,usp000exds,2014-11-07T01:30:49.103Z,"11 km S of Termas de Río Hondo, Argentina",earthquake,,,,,reviewed,sja,sja,2006-11-14,35425,Argentina,-1
2006-11-19 20:07:15.200000+00:00,-31.839,-69.733,136.6,4.85,mw,81.0,42.1,,,us,usp000ey9q,2014-11-07T01:30:54.328Z,"63 km SSW of Calingasta, Argentina",earthquake,,,,26.0,reviewed,guc,us,2006-11-19,35392,Argentina,1
2006-11-20 10:15:40.560000+00:00,-27.877,-67.273,125.2,5.2,mw,131.0,41.1,,0.9,us,usp000eybu,2014-11-07T01:30:54.583Z,"22 km SW of Londres, Argentina",earthquake,,4.7,,50.0,reviewed,us,us,2006-11-20,35308,Argentina,1
2006-11-30 09:03:24.600000+00:00,-30.292,-69.399,8.2,3.95,mw,7.0,230.7,,,us,usp000ez7q,2014-11-07T01:30:59.460Z,"63 km W of San José de Jáchal, Argentina",earthquake,,,,,reviewed,guc,guc,2006-11-30,35443,Argentina,1
2006-12-05 06:47:22.480000+00:00,-58.896,-61.071,10.0,5.2,mwc,29.0,118.1,,1.0,us,usp000ezje,2025-12-22T16:20:09.255Z,Drake Passage,earthquake,,,,,reviewed,us,gcmt,2006-12-05,35297,Argentina,-1
2006-12-17 05:52:33.980000+00:00,-50.542,-72.471,10.0,4.94,mw,11.0,124.5,,1.31,us,usp000f0d6,2014-11-07T01:31:09.104Z,"26 km SSW of El Calafate, Argentina",earthquake,,,,2.0,reviewed,us,us,2006-12-17,35368,Argentina,-1
2006-12-25 09:23:28.110000+00:00,-31.534,-67.702,10.0,4.51,mw,21.0,169.4,,1.04,us,usp000f0yb,2014-11-07T01:31:11.326Z,"San Juan, Argentina",earthquake,,0.0,,2.0,reviewed,us,us,2006-12-25,35414,Argentina,1
2006-12-26 06:33:21.810000+00:00,-22.371,-65.749,288.7,4.85,mw,79.0,88.9,,1.27,us,usp000f10f,2014-11-07T01:31:11.587Z,"33 km SSW of La Quiaca, Argentina",earthquake,,,,49.0,reviewed,us,us,2006-12-26,35387,Argentina,2
2007-01-08 03:55:39.620000+00:00,-24.03,-67.094,149.4,4.94,mw,25.0,48.5,,0.97,us,usp000f1y0,2014-11-07T01:31:19.775Z,"81 km WNW of San Antonio de los Cobres, Argentina",earthquake,,7.5,,2.0,reviewed,us,us,2007-01-08,35375,Argentina,2
2007-01-17 18:34:14.930000+00:00,-57.911,-64.528,6.0,5.6,mwb,75.0,95.0,,1.22,us,usp000f2vy,2022-05-02T19:34:01.935Z,Drake Passage,earthquake,,25.0,,,reviewed,us,us,2007-01-17,35288,Argentina,-1
2007-01-19 21:17:25+00:00,-31.534,-69.399,155.5,4.22,mw,19.0,84.2,,,us,usp000f30k,2014-11-07T01:31:24.640Z,"22 km S of Calingasta, Argentina",earthquake,,,,,reviewed,guc,guc,2007-01-19,35440,Argentina,1
2007-01-29 21:42:19.580000+00:00,-27.943,-66.657,165.6,5.2,mw,107.0,65.0,,0.91,us,usp000f3x3,2014-11-07T01:31:28.966Z,"52 km SW of Andalgalá, Argentina",earthquake,,,,33.0,reviewed,us,us,2007-01-29,35313,Argentina,1
2007-02-05 01:02:28.520000+00:00,-29.323,-66.973,97.7,4.51,mw,7.0,183.6,,0.29,us,usp000f49y,2014-11-07T01:31:34.637Z,"6 km SE of Villa Bustos, Argentina",earthquake,,30.1,,2.0,reviewed,us,us,2007-02-05,35409,Argentina,1
2007-02-10 06:03:02.480000+00:00,-42.978,-71.56,157.3,5.5,mwc,184.0,47.2,,1.06,us,usp000f4kx,2022-05-02T19:54:30.315Z,"14 km NNW of Trevelin, Argentina",earthquake,,,,,reviewed,us,gcmt,2007-02-10,35291,Argentina,-1
2007-02-12 17:21:55.840000+00:00,-30.899,-65.291,178.0,4.94,mw,12.0,134.4,,0.49,us,usp000f4r9,2014-11-07T01:31:37.057Z,"28 km W of Villa de Soto, Argentina",earthquake,,17.4,,1.0,reviewed,us,us,2007-02-12,35358,Argentina,-1
2007-02-17 14:59:13.850000+00:00,-58.032,-59.463,10.0,5.03,mw,30.0,101.2,,0.87,us,usp000f51h,2014-11-07T01:31:39.274Z,Drake Passage,earthquake,,,,5.0,reviewed,us,us,2007-02-17,35334,Argentina,-1
2007-02-19 19:06:17+00:00,-33.29,-68.586,3.3,4.23,mw,8.0,280.9,,,us,usp000f564,2014-11-07T01:31:39.996Z,"25 km SSW of San Martín, Argentina",earthquake,,,,,reviewed,guc,guc,2007-02-19,35438,Argentina,1
2007-02-22 01:15:46.600000+00:00,-31.798,-68.721,5.0,5.11,mw,83.0,48.9,,,us,usp000f5c4,2014-11-07T01:31:40.745Z,"18 km SW of Pocito, Argentina",earthquake,,,,20.0,reviewed,guc,us,2007-02-22,35325,Argentina,1
2007-02-25 01:42:04.510000+00:00,-29.588,-67.69,35.0,4.68,mw,8.0,198.4,,1.29,us,usp000f5jv,2014-11-07T01:31:41.927Z,"50 km SSW of Chilecito, Argentina",earthquake,,,,1.0,reviewed,us,us,2007-02-25,35397,Argentina,1
2007-02-27 01:22:29.200000+00:00,-27.378,-63.289,586.5,4.51,mw,54.0,43.9,,0.83,us,usp000f5qv,2014-11-07T01:31:42.751Z,"39 km S of El Hoyo, Argentina",earthquake,,6.2,,14.0,reviewed,us,us,2007-02-27,35406,Argentina,3
2007-03-05 02:26:51.440000+00:00,-31.038,-68.678,111.2,5.11,mw,13.0,111.9,,0.77,us,usp000f63w,2014-11-07T01:31:48.850Z,"46 km NNW of Albardón, Argentina",earthquake,,6.1,,2.0,reviewed,us,us,2007-03-05,35333,Argentina,1
2007-03-08 07:23:53.180000+00:00,-23.195,-66.406,166.9,5.03,mw,8.0,135.5,,0.92,us,usp000f6au,2014-11-07T01:31:50.027Z,"74 km W of El Aguilar, Argentina",earthquake,,13.1,,1.0,reviewed,us,us,2007-03-08,35347,Argentina,2
2007-03-11 18:33:47.600000+00:00,-27.429,-67.617,150.0,4.4,m,4.0,308.6,,,us,usp000f6h5,2014-11-07T01:31:51.564Z,"26 km N of Fiambalá, Argentina",earthquake,,,,,reviewed,guc,guc,2007-03-11,35420,Argentina,1
2007-03-16 22:08:44+00:00,-35.202,-68.65,0.0,3.77,mw,4.0,183.5,,,us,usp000f6v0,2014-11-07T01:31:53.054Z,"71 km SSW of San Rafael, Argentina",earthquake,,,,,reviewed,guc,sja,2007-03-16,35448,Argentina,-1
2007-03-20 17:59:47.450000+00:00,-31.726,-66.956,133.9,5.2,mwc,114.0,37.6,,0.73,us,usp000f72n,2025-12-22T15:12:47.528Z,"113 km WNW of Candelaria, Argentina",earthquake,,,,,reviewed,us,gcmt,2007-03-20,35292,Argentina,1
2007-03-22 08:38:09.490000+00:00,-31.125,-67.724,15.2,3.86,mw,14.0,86.1,,1.3,us,usp000f75p,2014-11-07T01:31:54.673Z,"59 km SSW of San Agustín de Valle Fértil, Argentina",earthquake,,24.9,,,reviewed,us,sja,2007-03-22,35444,Argentina,1
2007-03-27 01:01:28.960000+00:00,-56.827,-68.211,35.3,4.85,mw,16.0,155.1,,1.07,us,usp000f7jt,2014-11-07T01:31:56.675Z,"224 km S of Ushuaia, Argentina",earthquake,,11.3,,4.0,reviewed,us,us,2007-03-27,35389,Argentina,-1
2007-03-30 19:34:05.700000+00:00,-24.308,-67.472,220.0,5.0,m,10.0,125.3,,,us,usp000f7wn,2014-11-07T01:31:58.153Z,"117 km W of San Antonio de los Cobres, Argentina",earthquake,,,,,reviewed,guc,guc,2007-03-30,35356,Argentina,2
2007-04-09 14:16:18.750000+00:00,-24.481,-67.028,157.7,5.2,mw,19.0,89.2,,1.01,us,usp000f963,2014-11-07T01:32:09.304Z,"77 km WSW of San Antonio de los Cobres, Argentina",earthquake,,9.2,,2.0,reviewed,us,us,2007-04-09,35298,Argentina,2
2007-04-11 09:34:48.400000+00:00,-32.044,-68.159,5.0,4.23,mw,18.0,141.4,,,us,usp000f9e6,2014-11-07T01:32:10.183Z,"44 km SSE of Caucete, Argentina",earthquake,,,,,reviewed,guc,guc,2007-04-11,35428,Argentina,1
2007-04-14 19:07:22.590000+00:00,-23.698,-64.702,33.6,4.85,mw,17.0,112.3,,0.95,us,usp000f9qq,2014-11-07T01:32:12.040Z,"10 km NE of Calilegua, Argentina",earthquake,,17.3,,9.0,reviewed,us,us,2007-04-14,35395,Argentina,-1
2007-04-15 13:52:36.200000+00:00,-30.826,-69.488,145.6,3.77,mw,19.0,133.9,,,us,usp000f9t0,2014-11-07T01:32:12.380Z,"56 km N of Calingasta, Argentina",earthquake,,,,,reviewed,guc,guc,2007-04-15,35447,Argentina,1
2007-04-18 01:08:08.010000+00:00,-24.082,-66.626,172.2,5.6,mwc,336.0,43.4,,0.89,us,usp000f9yu,2022-05-02T20:11:38.599Z,"34 km WNW of San Antonio de los Cobres, Argentina",earthquake,,4.1,,,reviewed,us,gcmt,2007-04-18,35287,Argentina,2
2007-04-19 16:32:06.540000+00:00,-28.335,-67.652,133.0,4.9,mwc,89.0,32.5,,1.01,us,usp000fa2n,2016-11-10T01:38:54.633Z,"31 km SSW of Tinogasta, Argentina",earthquake,,,,,reviewed,us,gcmt,2007-04-19,35380,Argentina,1
2007-05-09 05:35:49+00:00,-30.285,-69.435,1.4,4.23,mw,13.0,205.9,,,us,usp000fbjy,2014-11-07T01:32:25.952Z,"66 km W of San José de Jáchal, Argentina",earthquake,,,,,reviewed,guc,guc,2007-05-09,35616,Argentina,1
2007-05-14 04:03:59.600000+00:00,-28.334,-69.441,130.0,4.77,mw,14.0,66.8,,,us,usp000fbxx,2014-11-07T01:32:27.989Z,"129 km WNW of Vinchina, Argentina",earthquake,,,,2.0,reviewed,guc,us,2007-05-14,35571,Argentina,1
2007-05-17 07:20:37.300000+00:00,-27.948,-64.757,29.6,4.04,mw,6.0,140.8,,,us,usp000fc53,2014-11-07T01:32:28.923Z,"40 km E of San Pedro de Guasayán, Argentina",earthquake,,,,,reviewed,sja,sja,2007-05-17,35630,Argentina,-1
2007-05-19 16:26:05.780000+00:00,-28.757,-68.703,111.9,5.0,mwc,111.0,34.5,,0.81,us,usp000fcae,2025-12-22T15:22:46.751Z,"48 km W of Vinchina, Argentina",earthquake,,,,,reviewed,us,gcmt,2007-05-19,35501,Argentina,1
2007-05-22 05:09:41.580000+00:00,-28.605,-67.877,110.7,4.51,mw,14.0,124.8,,0.71,us,usp000fcfy,2014-11-07T01:32:30.677Z,"Catamarca-La Rioja region, Argentina",earthquake,,7.9,,1.0,reviewed,us,us,2007-05-22,35590,Argentina,1
2007-05-22 12:18:58.680000+00:00,-31.349,-68.558,97.5,4.77,mw,53.0,68.9,,0.93,us,usp000fcgb,2014-11-07T01:32:30.721Z,"10 km NNW of Albardón, Argentina",earthquake,,3.7,,8.0,reviewed,us,us,2007-05-22,35583,Argentina,1
2007-05-25 17:47:31.260000+00:00,-24.222,-67.027,180.5,5.9,mwb,391.0,48.7,,0.98,us,usp000fcqx,2022-05-02T20:17:58.881Z,"71 km W of San Antonio de los Cobres, Argentina",earthquake,,,,,reviewed,us,us,2007-05-25,35473,Argentina,2
2007-05-27 10:23:12.600000+00:00,-27.507,-67.409,150.0,5.2,m,16.0,73.1,,,us,usp000fcvb,2014-11-07T01:32:32.300Z,"27 km NE of Fiambalá, Argentina",earthquake,,,,,reviewed,guc,guc,2007-05-27,35478,Argentina,1
2007-05-29 04:49:18.150000+00:00,-27.923,-66.539,151.0,4.77,mw,16.0,120.3,,0.67,us,usp000fcyw,2014-11-07T01:32:33.223Z,"43 km SSW of Andalgalá, Argentina",earthquake,,8.6,,2.0,reviewed,us,us,2007-05-29,35559,Argentina,1
2007-05-29 16:16:16.370000+00:00,-39.901,-71.228,161.4,4.77,mw,17.0,151.0,,1.2,us,usp000fd09,2014-11-07T01:32:33.396Z,"14 km WNW of Junín de los Andes, Argentina",earthquake,,9.0,,5.0,reviewed,us,us,2007-05-29,35565,Argentina,-1
2007-06-01 03:37:27.270000+00:00,-38.129,-71.138,10.0,4.43,mw,6.0,177.2,,1.28,us,usp000fd4s,2014-11-07T01:32:35.899Z,"46 km W of Loncopué, Argentina",earthquake,,,,3.0,reviewed,us,us,2007-06-01,35603,Argentina,-1
2007-06-11 13:51:20.180000+00:00,-30.985,-65.608,165.8,4.77,mw,72.0,41.8,,0.77,us,usp000fdu5,2014-11-07T01:32:41.170Z,"43 km SSW of Serrezuela, Argentina",earthquake,,4.3,,14.0,reviewed,us,us,2007-06-11,35584,Argentina,-1
2007-06-27 09:41:23.940000+00:00,-31.936,-68.331,108.9,4.77,mw,40.0,60.0,,0.8,us,usp000feyn,2014-11-07T01:32:46.391Z,"30 km S of Nueve de Julio, Argentina",earthquake,,,,6.0,reviewed,us,us,2007-06-27,35572,Argentina,1
2007-07-11 20:41:30.590000+00:00,-24.887,-65.368,42.4,4.85,mw,41.0,76.1,,0.98,us,usp000fg00,2014-11-07T01:32:56.578Z,"12 km SSE of Salta, Argentina",earthquake,,6.4,,13.0,reviewed,us,us,2007-07-11,35550,Argentina,-1
2007-07-21 15:34:52.600000+00:00,-22.151,-65.777,289.5,6.4,mwc,434.0,41.0,,0.86,us,usp000fgt2,2022-07-14T05:34:15.652Z,"19 km WSW of La Quiaca, Argentina",earthquake,,,,,reviewed,us,gcmt,2007-07-21,35468,Argentina,2
2007-07-29 17:51:30.500000+00:00,-31.759,-69.901,141.0,4.85,mw,17.0,150.6,,,us,usp000fhck,2014-11-07T01:33:05.192Z,"65 km SW of Calingasta, Argentina",earthquake,,,,1.0,reviewed,guc,us,2007-07-29,35541,Argentina,1
2007-07-30 06:42:41.770000+00:00,-33.338,-68.382,38.4,4.04,mw,15.0,112.7,,1.13,us,usp000fhe4,2014-11-07T01:33:05.363Z,"29 km SSE of San Martín, Argentina",earthquake,,26.7,,,reviewed,us,guc,2007-07-30,35620,Argentina,1
2007-08-02 06:49:07.870000+00:00,-31.623,-66.927,125.1,5.03,mw,27.0,81.6,,0.52,us,usp000fhnz,2014-11-07T01:33:10.279Z,"115 km WNW of Candelaria, Argentina",earthquake,,4.7,,1.0,reviewed,us,us,2007-08-02,35488,Argentina,1
2007-08-08 09:20:03.750000+00:00,-28.859,-66.449,10.0,3.95,mw,6.0,130.7,,0.5,us,usp000fj5n,2014-11-07T01:33:13.233Z,"40 km WSW of Capayán, Argentina",earthquake,,,,,reviewed,us,sja,2007-08-08,35631,Argentina,1
2007-08-08 12:03:12.920000+00:00,-22.939,-66.373,223.0,4.77,mw,14.0,52.8,,1.35,us,usp000fj5x,2014-11-07T01:33:13.249Z,"73 km WSW of Abra Pampa, Argentina",earthquake,,17.6,,1.0,reviewed,us,us,2007-08-08,35559,Argentina,2
2007-08-08 20:13:50.300000+00:00,-27.281,-63.284,560.5,4.94,mw,99.0,45.2,,0.76,us,usp000fj74,2014-11-07T01:33:13.478Z,"28 km S of El Hoyo, Argentina",earthquake,,,,47.0,reviewed,us,us,2007-08-08,35517,Argentina,3
2007-08-14 05:42:42.590000+00:00,-23.681,-66.726,194.4,5.11,mw,15.0,84.4,,1.2,us,usp000fjn7,2014-11-07T01:33:15.876Z,"72 km NW of San Antonio de los Cobres, Argentina",earthquake,,10.0,,2.0,reviewed,us,us,2007-08-14,35484,Argentina,2
2007-08-20 21:52:41.930000+00:00,-40.413,-71.782,49.6,5.11,mw,54.0,78.4,,0.88,us,usp000fkb2,2014-11-07T01:33:20.084Z,"40 km NNW of Villa La Angostura, Argentina",earthquake,,10.1,,16.0,reviewed,us,us,2007-08-20,35486,Argentina,-1
2007-08-21 00:35:25+00:00,-29.649,-67.73,10.0,4.43,mw,7.0,153.5,,,us,usp000fkbc,2014-11-07T01:33:20.194Z,"58 km SSW of Chilecito, Argentina",earthquake,,,,1.0,reviewed,sja,us,2007-08-21,35610,Argentina,1
2007-09-01 15:00:10.300000+00:00,-31.093,-67.321,150.0,4.85,mw,9.0,85.0,,,us,usp000fm56,2014-11-07T01:33:27.883Z,"52 km SSE of San Agustín de Valle Fértil, Argentina",earthquake,,,,2.0,reviewed,guc,us,2007-09-01,35549,Argentina,1
2007-09-02 23:53:30.360000+00:00,-31.869,-67.469,35.0,5.2,mw,16.0,77.7,,1.03,us,usp000fmag,2014-11-07T01:33:29.621Z,"80 km ESE of Caucete, Argentina",earthquake,,,,1.0,reviewed,us,us,2007-09-02,35476,Argentina,1
2007-09-07 02:40:30.160000+00:00,-29.623,-67.167,44.0,4.5,m,16.0,82.5,,0.59,us,usp000fmkt,2014-11-07T01:33:31.269Z,"38 km SW of La Rioja, Argentina",earthquake,,7.5,,,reviewed,us,guc,2007-09-07,35597,Argentina,1
2007-09-08 06:36:20.600000+00:00,-28.196,-68.999,101.4,4.77,mw,7.0,150.1,,,us,usp000fmp7,2014-11-07T01:33:31.719Z,"99 km NW of Vinchina, Argentina",earthquake,,,,2.0,reviewed,guc,us,2007-09-08,35553,Argentina,1
2007-09-15 19:16:38.800000+00:00,-32.842,-69.023,1.4,3.86,mw,23.0,120.0,,,us,usp000fncg,2014-11-07T01:33:35.697Z,"19 km WNW of Mendoza, Argentina",earthquake,,,,,reviewed,guc,sja,2007-09-15,35634,Argentina,1
2007-09-21 14:39:43.290000+00:00,-25.083,-67.984,102.2,4.77,mw,20.0,79.0,,1.0,us,usp000fnuk,2014-11-07T01:33:37.949Z,"122 km NNW of Antofagasta de la Sierra, Argentina",earthquake,,7.1,,5.0,reviewed,us,us,2007-09-21,35559,Argentina,2
2007-09-28 06:19:13.390000+00:00,-27.18,-66.985,130.5,4.68,mw,69.0,79.5,,0.82,us,usp000fpb3,2014-11-07T01:33:41.543Z,"7 km NW of Puerta de Corral Quemado, Argentina",earthquake,,5.0,,36.0,reviewed,us,us,2007-09-28,35589,Argentina,1
2007-09-30 16:04:24.960000+00:00,-29.224,-69.477,101.4,4.94,mw,15.0,68.7,,0.78,us,usp000fpjd,2014-11-07T01:33:43.242Z,"132 km NNW of San José de Jáchal, Argentina",earthquake,,6.0,,1.0,reviewed,us,us,2007-09-30,35531,Argentina,1
2007-10-04 07:42:02.400000+00:00,-24.443,-67.825,220.0,5.11,mw,20.0,75.3,,,us,usp000fpuw,2014-11-07T01:33:50.370Z,"154 km W of San Antonio de los Cobres, Argentina",earthquake,,,,2.0,reviewed,guc,us,2007-10-04,35481,Argentina,2
2007-10-08 21:52:37.450000+00:00,-28.123,-67.362,121.1,5.11,mw,162.0,37.1,,0.85,us,usp000fq5c,2014-11-07T01:33:52.298Z,"21 km ESE of Tinogasta, Argentina",earthquake,,3.7,,60.0,reviewed,us,us,2007-10-08,35488,Argentina,1
2007-10-18 23:59:57.500000+00:00,-30.775,-69.155,0.4,4.38,mw,20.0,67.9,,,us,usp000fqvg,2014-11-07T01:33:57.328Z,"66 km NNE of Calingasta, Argentina",earthquake,,,,,reviewed,guc,guc,2007-10-18,35612,Argentina,1
2007-10-19 07:30:58.900000+00:00,-32.347,-69.286,11.9,3.77,mw,13.0,227.5,,,us,usp000fqw3,2014-11-07T01:33:57.653Z,"74 km NW of Mendoza, Argentina",earthquake,,,,,reviewed,guc,guc,2007-10-19,35639,Argentina,1
2007-10-22 21:17:47+00:00,-28.299,-65.873,31.0,5.11,mw,63.0,61.7,,,us,usp000fr2y,2014-11-07T01:33:58.497Z,"9 km S of El Rodeo, Argentina",earthquake,,,,18.0,reviewed,sja,us,2007-10-22,35481,Argentina,1
2007-10-27 01:16:54.640000+00:00,-31.685,-69.03,116.6,5.0,mwc,174.0,39.7,,0.88,us,usp000frbb,2025-12-22T15:30:10.164Z,"31 km WSW of Villa Basilio Nievas, Argentina",earthquake,,,,,reviewed,us,gcmt,2007-10-27,35491,Argentina,1
2007-11-11 21:58:12.770000+00:00,-32.087,-68.421,114.7,4.94,mw,54.0,66.5,,0.82,us,usp000fscw,2022-07-14T01:21:59.005Z,"46 km S of Nueve de Julio, Argentina",earthquake,,,,12.0,reviewed,us,us,2007-11-11,35722,Argentina,1
2007-11-13 15:50:38.040000+00:00,-58.132,-64.473,10.0,4.51,mw,9.0,164.7,,0.46,us,usp000fsg1,2014-11-07T01:34:10.030Z,Drake Passage,earthquake,,,,4.0,reviewed,us,us,2007-11-13,35776,Argentina,-1
2007-11-14 14:53:54.980000+00:00,-31.852,-67.886,12.4,4.85,mw,24.0,89.1,,0.95,us,usp000fshv,2014-11-07T01:34:10.212Z,"43 km ESE of Caucete, Argentina",earthquake,,11.0,,2.0,reviewed,us,us,2007-11-14,35751,Argentina,1
2007-11-18 05:40:12.040000+00:00,-22.643,-66.323,246.4,6.0,mwb,476.0,41.0,,0.99,us,usp000fsu0,2022-05-02T20:50:50.726Z,"Jujuy, Argentina",earthquake,,,,,reviewed,us,us,2007-11-18,35654,Argentina,2
2007-11-21 12:55:05.600000+00:00,-24.81,-68.472,115.4,5.8,mwb,320.0,31.1,,0.96,us,usp000ft16,2022-05-02T20:51:37.789Z,"175 km NW of Antofagasta de la Sierra, Argentina",earthquake,,,,,reviewed,us,us,2007-11-21,35656,Argentina,2
2007-12-01 11:14:50.800000+00:00,-23.84,-67.336,229.3,4.7,m,7.0,116.3,,,us,usp000ftng,2014-11-07T01:34:19.397Z,"111 km WNW of San Antonio de los Cobres, Argentina",earthquake,,,,,reviewed,guc,guc,2007-12-01,35759,Argentina,2
2007-12-30 19:45:01.810000+00:00,-32.41,-69.619,115.1,4.85,mw,18.0,121.4,,1.49,us,usp000fvp2,2014-11-07T01:34:31.312Z,"91 km NW of Mendoza, Argentina",earthquake,,9.6,,4.0,reviewed,us,us,2007-12-30,35743,Argentina,1
2008-01-14 06:04:27.960000+00:00,-27.01,-66.455,169.6,4.6,mw,18.0,88.2,,1.1,us,usp000fwpt,2014-11-07T01:34:42.053Z,"44 km ENE of Hualfín, Argentina",earthquake,,8.5,,4.0,reviewed,us,us,2008-01-14,35770,Argentina,1
2008-01-18 21:33:01.300000+00:00,-23.613,-66.646,191.6,4.68,mw,33.0,81.8,,1.05,us,usp000fwz9,2014-11-07T01:34:43.634Z,"74 km NNW of San Antonio de los Cobres, Argentina",earthquake,,7.4,,20.0,reviewed,us,us,2008-01-18,35763,Argentina,2
2008-01-21 12:53:40.970000+00:00,-31.006,-68.543,151.2,4.51,mw,22.0,104.4,,1.23,us,usp000fx5q,2014-11-07T01:34:44.463Z,"47 km N of San Martín, Argentina",earthquake,,9.7,,5.0,reviewed,us,us,2008-01-21,35774,Argentina,1
2008-01-24 00:47:19.680000+00:00,-28.843,-69.303,94.8,4.94,mw,20.0,61.3,,0.89,us,usp000fxap,2014-11-07T01:34:45.421Z,"107 km W of Vinchina, Argentina",earthquake,,6.5,,2.0,reviewed,us,us,2008-01-24,35728,Argentina,1
2008-01-27 13:09:55.950000+00:00,-22.912,-63.761,535.4,4.51,mw,24.0,63.6,,0.71,us,usp000fxjk,2014-11-07T01:34:46.286Z,"35 km S of General Mosconi, Argentina",earthquake,,5.9,,2.0,reviewed,us,us,2008-01-27,35781,Argentina,-1
2008-02-08 15:59:02.100000+00:00,-27.555,-63.34,577.5,4.85,mw,56.0,57.4,,0.91,us,usp000fyfc,2014-11-07T01:34:55.046Z,"42 km NNE of Suncho Corral, Argentina",earthquake,,5.7,,20.0,reviewed,us,us,2008-02-08,35753,Argentina,3
2008-02-16 01:03:43.700000+00:00,-31.188,-67.5,150.0,3.95,mw,7.0,278.4,,,us,usp000fz0c,2014-11-07T01:34:57.429Z,"San Juan, Argentina",earthquake,,,,,reviewed,guc,guc,2008-02-16,35815,Argentina,1
2008-02-18 08:51:03.220000+00:00,-31.478,-68.779,97.7,5.03,mw,118.0,59.0,,0.8,us,usp000fz5p,2014-11-07T01:34:58.417Z,"9 km NNW of Villa Basilio Nievas, Argentina",earthquake,,3.1,,36.0,reviewed,us,us,2008-02-18,35703,Argentina,1
2008-02-19 02:25:13+00:00,-24.2,-67.632,209.9,4.7,m,18.0,112.5,,,us,usp000fz74,2014-11-07T01:34:58.567Z,"133 km W of San Antonio de los Cobres, Argentina",earthquake,,,,,reviewed,guc,guc,2008-02-19,35761,Argentina,2
2008-02-20 12:21:33.390000+00:00,-40.26,-71.774,25.0,4.94,mw,14.0,214.3,,0.78,us,usp000fzbn,2014-11-07T01:34:59.378Z,"37 km WSW of San Martín de los Andes, Argentina",earthquake,,0.0,,1.0,reviewed,us,us,2008-02-20,35718,Argentina,-1
2008-02-24 22:20:51.500000+00:00,-30.475,-69.419,0.1,4.31,mw,19.0,66.5,,,us,usp000fzvx,2014-11-07T01:35:03.247Z,"69 km WSW of San José de Jáchal, Argentina",earthquake,,,,,reviewed,guc,guc,2008-02-24,35799,Argentina,1
2008-02-26 12:29:09.800000+00:00,-32.004,-69.555,132.3,5.03,mw,59.0,91.0,,,us,usp000g00r,2014-11-07T01:35:03.951Z,"75 km S of Calingasta, Argentina",earthquake,,,,9.0,reviewed,guc,us,2008-02-26,35674,Argentina,1
2008-02-28 06:35:54.700000+00:00,-31.475,-69.306,145.0,4.04,mw,18.0,87.5,,,us,usp000g069,2014-11-07T01:35:04.709Z,"19 km SE of Calingasta, Argentina",earthquake,,,,,reviewed,guc,guc,2008-02-28,35811,Argentina,1
2008-03-06 12:19:16.380000+00:00,-24.607,-64.569,39.1,4.9,mwc,145.0,65.6,,0.74,us,usp000g0us,2022-07-13T20:53:07.220Z,"34 km SSE of Santa Clara, Argentina",earthquake,,,,,reviewed,us,gcmt,2008-03-06,35731,Argentina,-1
2008-03-10 09:43:01.520000+00:00,-28.337,-69.294,89.5,5.6,mwb,292.0,37.5,,0.85,us,usp000g152,2022-07-13T20:47:45.790Z,"116 km WNW of Vinchina, Argentina",earthquake,,3.3,,,reviewed,us,us,2008-03-10,35657,Argentina,1
2008-03-12 23:47:12.980000+00:00,-28.66,-68.65,103.9,4.51,mw,10.0,129.7,,0.79,us,usp000g1bv,2014-11-07T01:35:14.862Z,"44 km WNW of Vinchina, Argentina",earthquake,,9.1,,2.0,reviewed,us,us,2008-03-12,35778,Argentina,1
2008-03-14 06:55:11.650000+00:00,-28.497,-67.632,103.8,4.77,mw,23.0,75.9,,0.96,us,usp000g1f5,2014-11-07T01:35:15.245Z,"48 km S of Tinogasta, Argentina",earthquake,,6.5,,3.0,reviewed,us,us,2008-03-14,35754,Argentina,1
2008-03-17 01:54:34.020000+00:00,-28.616,-67.077,128.0,4.77,mw,29.0,44.2,,0.87,us,usp000g1nd,2014-11-07T01:35:16.168Z,"28 km W of Arauco, Argentina",earthquake,,6.3,,2.0,reviewed,us,us,2008-03-17,35755,Argentina,1
2008-04-01 16:11:33.390000+00:00,-30.594,-63.722,20.0,4.43,mw,22.0,54.9,,1.09,us,usp000g2wq,2014-11-07T01:35:26.883Z,"15 km N of Cañada de Luque, Argentina",earthquake,,18.5,,2.0,reviewed,us,us,2008-04-01,35796,Argentina,-1
2008-04-04 11:11:33.380000+00:00,-23.124,-66.43,197.5,5.11,mw,183.0,69.7,,0.93,us,usp000g33h,2014-11-07T01:35:30.721Z,"77 km W of El Aguilar, Argentina",earthquake,,4.7,,83.0,reviewed,us,us,2008-04-04,35664,Argentina,2
2008-04-16 11:01:05.450000+00:00,-26.231,-65.365,52.5,3.86,mw,13.0,78.9,,0.88,us,usp000g42j,2014-11-07T01:35:38.173Z,"8 km W of Trancas, Argentina",earthquake,,8.1,,,reviewed,us,sja,2008-04-16,35818,Argentina,-1
2008-04-20 05:36:10.830000+00:00,-24.197,-66.857,161.4,4.94,mw,138.0,90.7,,0.93,us,usp000g4d5,2014-11-07T01:35:40.944Z,"Salta, Argentina",earthquake,,,,67.0,reviewed,us,us,2008-04-20,35725,Argentina,2
2008-04-23 17:51:31.610000+00:00,-27.923,-66.558,162.8,5.11,mw,32.0,42.2,,0.86,us,usp000g4nh,2014-11-07T01:35:41.875Z,"44 km SSW of Andalgalá, Argentina",earthquake,,5.5,,2.0,reviewed,us,us,2008-04-23,35661,Argentina,1
2008-04-28 07:26:39.700000+00:00,-24.085,-67.504,200.0,4.85,mw,23.0,68.4,,,us,usp000g50t,2014-11-07T01:35:44.626Z,"121 km W of San Antonio de los Cobres, Argentina",earthquake,,,,5.0,reviewed,guc,us,2008-04-28,35907,Argentina,2
2008-04-30 16:43:24.400000+00:00,-27.818,-66.866,150.0,5.03,mw,24.0,47.7,,,us,usp000g56r,2014-11-07T01:35:45.421Z,"28 km ESE of Londres, Argentina",earthquake,,,,2.0,reviewed,guc,us,2008-04-30,35878,Argentina,1
2008-05-06 21:13:02.830000+00:00,-25.755,-63.235,585.7,4.85,mw,110.0,57.6,,0.84,us,usp000g5pf,2014-11-07T01:35:51.930Z,"15 km SSE of Taco Pozo, Argentina",earthquake,,4.6,,38.0,reviewed,us,us,2008-05-06,35908,Argentina,3
2008-05-07 05:34:25.350000+00:00,-29.088,-67.454,111.7,5.03,mw,32.0,41.1,,0.89,us,usp000g5qc,2014-11-07T01:35:52.061Z,"9 km NNE of Chilecito, Argentina",earthquake,,5.3,,2.0,reviewed,us,us,2008-05-07,35873,Argentina,1
2008-05-17 22:55:14.530000+00:00,-22.571,-65.948,248.8,4.6,mw,18.0,59.5,,0.83,us,usp000g742,2014-11-07T01:36:02.301Z,"30 km WNW of Abra Pampa, Argentina",earthquake,,7.4,,4.0,reviewed,us,us,2008-05-17,35941,Argentina,2
2008-05-24 02:43:36+00:00,-41.957,-72.187,9.4,5.4,mwc,224.0,57.5,,,us,usp000g7m1,2022-05-02T19:39:55.795Z,"49 km WNW of Lago Puelo, Argentina",earthquake,,,,,reviewed,guc,gcmt,2008-05-24,35831,Argentina,-1
2008-05-27 06:09:30.660000+00:00,-36.201,-69.602,195.5,4.6,mw,15.0,134.7,,0.76,us,usp000g7vr,2014-11-07T01:36:06.800Z,"74 km NNE of Barrancas, Argentina",earthquake,,8.3,,7.0,reviewed,us,us,2008-05-27,35926,Argentina,-1
2008-06-06 04:56:08.790000+00:00,-32.995,-66.299,44.6,4.51,mw,22.0,106.1,,0.83,us,usp000g8pw,2014-11-07T01:36:15.411Z,"20 km N of La Punta, Argentina",earthquake,,7.8,,8.0,reviewed,us,us,2008-06-06,35960,Argentina,1
2008-06-11 20:35:15.310000+00:00,-25.434,-66.196,189.2,4.85,mw,13.0,94.6,,0.5,us,usp000g98t,2014-11-07T01:36:19.355Z,"34 km S of Cachí, Argentina",earthquake,,7.8,,3.0,reviewed,us,us,2008-06-11,35912,Argentina,-1
2008-06-15 12:21:28.880000+00:00,-23.076,-66.417,211.6,5.28,mw,228.0,97.1,,0.91,us,usp000g9qr,2014-11-07T01:36:21.685Z,"77 km WNW of El Aguilar, Argentina",earthquake,,,,149.0,reviewed,us,us,2008-06-15,35849,Argentina,2
2008-06-17 13:45:05.130000+00:00,-25.815,-64.813,40.3,4.22,mw,14.0,97.4,,1.35,us,usp000g9we,2014-11-07T01:36:22.377Z,"50 km SSW of El Galpón, Argentina",earthquake,,11.0,,,reviewed,us,sja,2008-06-17,35983,Argentina,-1
2008-06-22 12:12:50.500000+00:00,-23.798,-66.521,214.3,4.94,mw,105.0,127.2,,0.92,us,usp000gaad,2014-11-07T01:36:24.954Z,"50 km NNW of San Antonio de los Cobres, Argentina",earthquake,,,,81.0,reviewed,us,us,2008-06-22,35898,Argentina,2
2008-07-12 04:38:33.490000+00:00,-28.55,-69.362,67.8,4.6,mw,11.0,131.0,,1.08,us,usp000gby7,2014-11-07T01:36:37.023Z,"115 km WNW of Vinchina, Argentina",earthquake,,9.9,,1.0,reviewed,us,us,2008-07-12,35948,Argentina,1
2008-07-12 09:36:51.100000+00:00,-23.652,-67.232,225.0,4.51,mw,19.0,80.3,,,us,usp000gbyn,2014-11-07T01:36:37.083Z,"112 km NW of San Antonio de los Cobres, Argentina",earthquake,,,,11.0,reviewed,guc,us,2008-07-12,35975,Argentina,2
2008-07-15 23:46:54.350000+00:00,-24.464,-66.997,155.6,4.68,mw,41.0,103.8,,0.76,us,usp000gc9j,2014-11-07T01:36:38.339Z,"74 km WSW of San Antonio de los Cobres, Argentina",earthquake,,6.5,,22.0,reviewed,us,us,2008-07-15,35918,Argentina,2
2008-07-17 04:23:45+00:00,-31.225,-68.629,150.0,4.0,m,10.0,232.2,,,us,usp000gcd1,2014-11-07T01:36:39.087Z,"25 km NNW of Albardón, Argentina",earthquake,,,,,reviewed,guc,guc,2008-07-17,35994,Argentina,1
2008-07-21 03:08:23.400000+00:00,-31.574,-69.396,120.0,5.03,mw,141.0,78.4,,,us,usp000gcs8,2014-11-07T01:36:41.087Z,"26 km S of Calingasta, Argentina",earthquake,,,,61.0,reviewed,guc,us,2008-07-21,35871,Argentina,1
2008-07-22 19:29:43.540000+00:00,-24.055,-66.947,172.7,5.2,mw,19.0,62.5,,0.93,us,usp000gcx1,2014-11-07T01:36:41.564Z,"66 km WNW of San Antonio de los Cobres, Argentina",earthquake,,7.7,,3.0,reviewed,us,us,2008-07-22,35862,Argentina,2
2008-07-26 03:38:32.670000+00:00,-23.783,-64.537,26.0,4.6,mw,17.0,120.4,,1.1,us,usp000gd5p,2014-11-07T01:36:43.119Z,"Jujuy-Salta border region, Argentina",earthquake,,,,8.0,reviewed,us,us,2008-07-26,35938,Argentina,-1
2008-08-01 06:18:38.900000+00:00,-22.362,-66.632,212.3,5.3,mwc,276.0,104.0,,0.86,us,usp000gdk5,2025-12-22T15:00:48.460Z,"104 km WNW of Abra Pampa, Argentina",earthquake,,,,,reviewed,us,gcmt,2008-08-01,35842,Argentina,2
2008-08-05 23:38:58.810000+00:00,-23.257,-66.874,174.4,4.68,mw,64.0,108.8,,0.99,us,usp000gdxr,2014-11-07T01:36:50.689Z,"120 km NNW of San Antonio de los Cobres, Argentina",earthquake,,7.3,,33.0,reviewed,us,us,2008-08-05,35924,Argentina,2
2008-08-07 00:18:06.060000+00:00,-29.352,-69.181,93.4,5.2,mw,163.0,34.4,,0.78,us,usp000ge0g,2014-11-07T01:36:50.980Z,"107 km NNW of San José de Jáchal, Argentina",earthquake,,3.8,,72.0,reviewed,us,us,2008-08-07,35852,Argentina,1
2008-08-07 23:56:21.550000+00:00,-24.924,-67.66,120.5,4.68,mw,42.0,106.6,,0.9,us,usp000ge50,2014-11-07T01:36:51.573Z,"128 km NNW of Antofagasta de la Sierra, Argentina",earthquake,,6.2,,10.0,reviewed,us,us,2008-08-07,35922,Argentina,2
2008-08-09 04:24:58.190000+00:00,-33.388,-68.221,1.0,3.95,mw,17.0,114.9,,0.65,us,usp000ge8d,2014-11-07T01:36:51.962Z,"41 km SE of San Martín, Argentina",earthquake,,25.4,,,reviewed,us,sja,2008-08-09,35999,Argentina,1
2008-08-21 09:32:57.560000+00:00,-25.254,-68.697,107.2,5.4,mwb,228.0,47.5,,0.83,us,usp000gf5d,2025-12-22T15:07:23.110Z,"157 km NW of Antofagasta de la Sierra, Argentina",earthquake,,,,,reviewed,us,us,2008-08-21,35832,Argentina,2
2008-08-24 08:27:46.600000+00:00,-31.579,-69.869,148.3,4.1,m,24.0,77.8,,,us,usp000gfdd,2014-11-07T01:36:58.647Z,"50 km WSW of Calingasta, Argentina",earthquake,,,,,reviewed,guc,guc,2008-08-24,35990,Argentina,1
2008-08-31 01:15:25.220000+00:00,-61.233,-67.738,10.0,5.5,mwc,269.0,24.3,,0.81,us,usp000gg1k,2022-05-02T19:45:07.713Z,Drake Passage,earthquake,,,,,reviewed,us,us,2008-08-31,35825,Argentina,-1
2008-09-03 11:25:14.450000+00:00,-26.736,-63.225,569.6,6.3,mwc,528.0,21.3,,0.81,us,usp000ggap,2022-07-13T03:47:47.336Z,"32 km N of El Hoyo, Argentina",earthquake,,,,,reviewed,us,us,2008-09-03,35823,Argentina,3
2008-09-06 02:28:05.500000+00:00,-39.059,-71.324,145.8,4.6,mw,25.0,65.7,,1.08,us,usp000gggn,2014-11-07T01:37:08.194Z,"40 km WNW of Aluminé, Argentina",earthquake,,5.8,,4.0,reviewed,us,us,2008-09-06,35924,Argentina,-1
2008-09-12 03:20:34.560000+00:00,-31.28,-69.03,107.2,4.51,mw,25.0,50.0,,0.7,us,usp000ggwy,2014-11-07T01:37:11.392Z,"37 km E of Calingasta, Argentina",earthquake,,4.5,,4.0,reviewed,us,us,2008-09-12,35951,Argentina,1
2008-09-27 08:04:22.610000+00:00,-31.687,-68.43,27.2,4.51,mw,26.0,50.7,,1.12,us,usp000ghu6,2014-11-07T01:37:15.780Z,"4 km WSW of Nueve de Julio, Argentina",earthquake,,7.0,,2.0,reviewed,us,us,2008-09-27,35954,Argentina,1
2008-10-03 12:45:09.090000+00:00,-28.032,-66.146,10.0,3.95,mw,11.0,115.0,,0.82,us,usp000gj7r,2014-11-07T01:37:22.991Z,"29 km WSW of Los Varela, Argentina",earthquake,,,,,reviewed,us,sja,2008-10-03,35994,Argentina,1
2008-10-03 18:50:02.250000+00:00,-57.756,-65.465,18.9,4.94,mw,16.0,127.0,,1.41,us,usp000gj8e,2014-11-07T01:37:23.202Z,Drake Passage,earthquake,,40.5,,6.0,reviewed,us,us,2008-10-03,35901,Argentina,-1
2008-10-05 23:45:22.660000+00:00,-28.309,-67.339,124.1,5.11,mw,29.0,66.1,,0.77,us,usp000gjfd,2014-11-07T01:37:24.302Z,"35 km SE of Tinogasta, Argentina",earthquake,,6.3,,11.0,reviewed,us,us,2008-10-05,35867,Argentina,1
2008-10-10 18:26:53.560000+00:00,-31.303,-67.878,98.9,4.85,mw,69.0,44.3,,0.86,us,usp000gjw8,2014-11-07T01:37:26.958Z,"54 km NE of Caucete, Argentina",earthquake,,3.9,,19.0,reviewed,us,us,2008-10-10,35903,Argentina,1
2008-10-12 01:56:43.390000+00:00,-31.199,-68.268,105.6,4.43,mw,31.0,49.8,,0.95,us,usp000gk18,2014-11-07T01:37:27.681Z,"33 km NE of San Martín, Argentina",earthquake,,5.2,,3.0,reviewed,us,us,2008-10-12,35981,Argentina,1
2008-10-16 09:26:43.300000+00:00,-33.05,-68.863,36.9,4.13,mw,30.0,46.8,,,us,usp000gkcc,2014-11-07T01:37:29.702Z,"17 km S of Mendoza, Argentina",earthquake,,,,,reviewed,guc,sja,2008-10-16,35988,Argentina,1
2008-10-16 20:06:10.400000+00:00,-32.168,-70.089,115.0,4.22,mw,22.0,91.8,,,us,usp000gkdg,2014-11-07T01:37:29.851Z,Chile-Argentina border region,earthquake,,,,,reviewed,guc,sja,2008-10-16,35981,Chile-Argentina border region,1
2008-10-21 10:10:42.340000+00:00,-32.147,-68.954,120.1,4.94,mw,92.0,69.5,,0.82,us,usp000gkr6,2014-11-07T01:37:30.991Z,"62 km SW of Pocito, Argentina",earthquake,,,,44.0,reviewed,us,us,2008-10-21,35898,Argentina,1
2008-11-14 16:38:54.800000+00:00,-29.547,-69.559,126.3,4.0,m,9.0,163.4,,,us,usp000gnpf,2014-11-07T01:37:44.207Z,"109 km NW of San José de Jáchal, Argentina",earthquake,,,,,reviewed,guc,guc,2008-11-14,36158,Argentina,1
2008-11-15 15:16:56.010000+00:00,-23.404,-66.523,211.1,4.77,mw,15.0,55.0,,1.33,us,usp000gnrv,2014-11-07T01:37:44.439Z,"88 km WSW of El Aguilar, Argentina",earthquake,,12.0,,2.0,reviewed,us,us,2008-11-15,36093,Argentina,2
2008-11-28 20:51:26.940000+00:00,-29.104,-67.029,51.9,3.86,mw,7.0,120.8,,1.6,us,usp000gpmn,2014-11-07T01:37:48.830Z,"20 km N of Villa Bustos, Argentina",earthquake,,15.4,,,reviewed,us,sja,2008-11-28,36161,Argentina,1
2008-11-29 23:41:45.950000+00:00,-22.999,-66.815,189.4,4.68,mw,12.0,114.5,,1.39,us,usp000gppd,2014-11-07T01:37:49.015Z,"118 km WNW of El Aguilar, Argentina",earthquake,,15.5,,3.0,reviewed,us,us,2008-11-29,36107,Argentina,2
2008-12-05 03:49:12.370000+00:00,-24.878,-65.105,24.5,4.04,mw,14.0,94.0,,0.73,us,usp000gpyf,2014-11-07T01:37:54.096Z,"32 km ESE of Salta, Argentina",earthquake,,,,,reviewed,us,sja,2008-12-05,36144,Argentina,-1
2008-12-10 05:56:55.070000+00:00,-24.29,-67.046,157.3,4.77,mw,27.0,107.3,,0.8,us,usp000gqaq,2014-11-07T01:37:57.015Z,"74 km W of San Antonio de los Cobres, Argentina",earthquake,,8.7,,4.0,reviewed,us,us,2008-12-10,36085,Argentina,2
2008-12-10 10:53:50+00:00,-32.938,-69.259,10.0,4.51,mw,17.0,136.2,,,us,usp000gqb8,2021-10-20T18:14:05.063Z,"40 km W of Mendoza, Argentina",earthquake,,,,1.0,reviewed,sja,us,2008-12-10,36137,Argentina,1
2008-12-18 20:25:52.060000+00:00,-51.295,-73.147,48.6,4.6,mw,16.0,188.3,,1.36,us,usp000gqvs,2014-11-07T01:37:59.284Z,"62 km WNW of Río Turbio, Argentina",earthquake,,18.0,,5.0,reviewed,us,us,2008-12-18,36118,Argentina,-1
2008-12-20 17:07:00.990000+00:00,-31.577,-68.106,106.3,5.2,mwc,240.0,33.8,,0.8,us,usp000gr1c,2025-12-22T15:11:12.119Z,"18 km ENE of Caucete, Argentina",earthquake,,,,,reviewed,us,gcmt,2008-12-20,36049,Argentina,1
2008-12-23 16:48:29.530000+00:00,-27.044,-63.431,570.7,4.43,mw,20.0,88.8,,0.84,us,usp000gr9k,2014-11-07T01:38:01.585Z,"19 km W of El Hoyo, Argentina",earthquake,,6.2,,6.0,reviewed,us,us,2008-12-23,36140,Argentina,3
2008-12-26 03:15:44.390000+00:00,-24.03,-66.706,186.1,5.11,mw,135.0,54.3,,0.99,us,usp000grgk,2014-11-07T01:38:02.919Z,"44 km WNW of San Antonio de los Cobres, Argentina",earthquake,,4.1,,75.0,reviewed,us,us,2008-12-26,36059,Argentina,2
2009-01-02 22:21:20.510000+00:00,-28.317,-67.676,41.6,4.1,m,20.0,55.4,,1.16,us,usp000gs1a,2014-11-07T01:38:08.740Z,"30 km SSW of Tinogasta, Argentina",earthquake,,8.7,,,reviewed,us,guc,2009-01-02,36141,Argentina,1
2009-01-03 21:15:01.610000+00:00,-28.54,-63.011,627.1,5.37,mw,204.0,25.8,,0.77,us,usp000gs3f,2014-11-07T01:38:09.538Z,"8 km NW of Colonia Dora, Argentina",earthquake,,,,76.0,reviewed,us,us,2009-01-03,36024,Argentina,3
2009-01-13 17:53:12.100000+00:00,-37.413,-71.425,115.4,4.6,mw,18.0,104.3,,0.85,us,usp000gsj6,2014-11-07T01:38:11.806Z,"71 km WSW of Andacollo, Argentina",earthquake,,6.4,,7.0,reviewed,us,us,2009-01-13,36125,Argentina,-1
2009-01-15 21:31:21.450000+00:00,-26.568,-67.03,131.8,4.68,mw,18.0,93.3,,1.07,us,usp000gsnb,2014-11-07T01:38:12.260Z,"67 km SE of Antofagasta de la Sierra, Argentina",earthquake,,10.1,,6.0,reviewed,us,us,2009-01-15,36111,Argentina,-1
2009-01-23 12:56:08.270000+00:00,-36.386,-70.81,126.6,5.2,mwc,157.0,32.3,,0.9,us,usp000gt0b,2025-12-22T15:11:33.365Z,"67 km N of Las Ovejas, Argentina",earthquake,,,,,reviewed,us,gcmt,2009-01-23,36057,Argentina,-1
2009-01-29 16:38:39.450000+00:00,-31.393,-68.571,111.2,4.77,mw,16.0,141.0,,0.93,us,usp000gt89,2014-11-07T01:38:16.159Z,"6 km NW of Albardón, Argentina",earthquake,,15.4,,4.0,reviewed,us,us,2009-01-29,36106,Argentina,1
2009-02-05 21:42:35.700000+00:00,-31.203,-67.944,150.0,3.77,mw,4.0,194.2,,,us,usp000gtg4,2014-11-07T01:38:20.486Z,"58 km ENE of San Martín, Argentina",earthquake,,,,,reviewed,guc,sja,2009-02-05,36163,Argentina,1
2009-02-06 08:58:30.540000+00:00,-28.499,-68.686,86.0,4.85,mw,76.0,55.9,,0.75,us,usp000gtgm,2022-07-15T02:38:23.979Z,"55 km WNW of Vinchina, Argentina",earthquake,,3.7,,38.0,reviewed,us,us,2009-02-06,36073,Argentina,1
2009-02-10 22:32:08.890000+00:00,-36.961,-70.64,148.5,4.6,mw,23.0,107.8,,0.73,us,usp000gtme,2014-11-07T01:38:21.567Z,"10 km ENE of Las Ovejas, Argentina",earthquake,,4.7,,5.0,reviewed,us,us,2009-02-10,36131,Argentina,-1
2009-02-17 14:49:34.960000+00:00,-30.451,-65.284,180.3,5.2,mw,86.0,40.7,,0.95,us,usp000gu3u,2014-11-07T01:38:24.865Z,"22 km NNE of Serrezuela, Argentina",earthquake,,,,40.0,reviewed,us,us,2009-02-17,36038,Argentina,-1
2009-02-24 23:35:39.360000+00:00,-59.13,-60.415,10.0,5.03,mw,17.0,141.1,,1.0,us,usp000gucg,2014-11-07T01:38:26.958Z,Drake Passage,earthquake,,,,2.0,reviewed,us,us,2009-02-24,36065,Argentina,-1
2009-03-02 07:43:12.070000+00:00,-40.233,-71.341,177.1,5.03,mw,35.0,90.4,,0.8,us,usp000guht,2014-11-07T01:38:31.291Z,"8 km S of San Martín de los Andes, Argentina",earthquake,,5.8,,10.0,reviewed,us,us,2009-03-02,36072,Argentina,-1
2009-03-08 05:18:41.480000+00:00,-28.75,-67.195,136.8,5.03,mw,55.0,39.8,,1.06,us,usp000gur9,2014-11-07T01:38:33.270Z,"43 km WSW of Arauco, Argentina",earthquake,,,,19.0,reviewed,us,us,2009-03-08,36062,Argentina,1
2009-03-11 13:06:53.540000+00:00,-31.885,-69.189,28.0,5.3,mwb,249.0,20.1,,0.84,us,usp000guv1,2022-07-15T05:33:00.930Z,"56 km SW of Villa Basilio Nievas, Argentina",earthquake,,,,,reviewed,us,us,2009-03-11,36037,Argentina,1
2009-03-12 08:57:13.970000+00:00,-32.76,-66.969,172.3,4.85,mw,63.0,48.3,,0.64,us,usp000gux5,2014-11-07T01:38:34.506Z,"49 km WSW of Villa General Roca, Argentina",earthquake,,,,26.0,reviewed,us,us,2009-03-12,36083,Argentina,1
2009-03-15 13:50:38.530000+00:00,-30.987,-65.396,179.2,5.2,mwc,242.0,34.2,,0.7,us,usp000gv0j,2025-12-22T15:13:37.828Z,"35 km NW of San Carlos, Argentina",earthquake,,,,,reviewed,us,gcmt,2009-03-15,36049,Argentina,-1
2009-03-29 05:06:53.550000+00:00,-31.407,-69.097,111.0,4.77,mw,60.0,35.2,,0.83,us,usp000gvhg,2014-11-07T01:38:38.518Z,"31 km ESE of Calingasta, Argentina",earthquake,,,,11.0,reviewed,us,us,2009-03-29,36099,Argentina,1
2009-04-01 05:25:27.300000+00:00,-22.621,-66.041,239.1,5.2,mw,126.0,51.1,,0.85,us,usp000gvn1,2014-11-07T01:38:41.916Z,"37 km WNW of Abra Pampa, Argentina",earthquake,,3.9,,60.0,reviewed,us,us,2009-04-01,36044,Argentina,2
2009-04-03 17:54:50.350000+00:00,-27.842,-66.593,174.2,5.7,mwc,301.0,33.0,,1.08,us,usp000gvqj,2022-05-02T20:14:56.381Z,"39 km SW of Andalgalá, Argentina",earthquake,,,,,reviewed,us,us,2009-04-03,36023,Argentina,1
2009-04-26 08:03:36.480000+00:00,-32.85,-69.344,114.7,5.3,mwc,215.0,27.8,,0.71,us,usp000gwkk,2025-12-22T15:23:36.518Z,"48 km W of Mendoza, Argentina",earthquake,,2.1,,,reviewed,us,gcmt,2009-04-26,36202,Argentina,1
2009-05-08 13:44:53.500000+00:00,-32.057,-69.678,111.9,5.4,mwb,246.0,36.7,,0.97,us,usp000gwxv,2025-12-22T15:16:24.964Z,"83 km SSW of Calingasta, Argentina",earthquake,,,,,reviewed,us,us,2009-05-08,36198,Argentina,1
2009-05-12 01:03:58.120000+00:00,-22.318,-66.809,174.9,5.2,mwc,243.0,43.7,,0.92,us,usp000gx1h,2025-12-22T15:25:13.321Z,"122 km WNW of Abra Pampa, Argentina",earthquake,,3.2,,,reviewed,us,gcmt,2009-05-12,36215,Argentina,2
2009-05-12 05:34:53.850000+00:00,-23.034,-66.223,215.0,4.85,mw,110.0,46.5,,0.91,us,usp000gx1v,2014-11-07T01:38:56.914Z,"59 km WNW of El Aguilar, Argentina",earthquake,,3.5,,61.0,reviewed,us,us,2009-05-12,36259,Argentina,2
2009-05-16 10:45:17.900000+00:00,-30.259,-68.534,127.2,3.95,mw,11.0,203.8,,,us,usp000gx6b,2014-11-07T01:38:57.622Z,"20 km E of San José de Jáchal, Argentina",earthquake,,,,,reviewed,guc,guc,2009-05-16,36343,Argentina,1
2009-05-23 09:48:02.040000+00:00,-28.778,-67.247,137.1,4.6,mw,45.0,39.6,,0.93,us,usp000gxe8,2014-11-07T01:39:00.498Z,"49 km NNE of Chilecito, Argentina",earthquake,,,,9.0,reviewed,us,us,2009-05-23,36294,Argentina,1
2009-05-25 13:30:22.760000+00:00,-57.878,-65.699,10.0,5.2,mw,12.0,155.2,,1.25,us,usp000gxh4,2014-11-07T01:39:01.029Z,Drake Passage,earthquake,,,,4.0,reviewed,us,us,2009-05-25,36206,Argentina,-1
2009-05-28 18:37:48.710000+00:00,-24.206,-64.906,49.5,3.86,mw,5.0,183.8,,0.5,us,usp000gxm4,2014-11-07T01:39:01.572Z,"4 km NW of San Pedro de Jujuy, Argentina",earthquake,,19.1,,,reviewed,us,sja,2009-05-28,36358,Argentina,-1
2009-06-09 07:56:55.060000+00:00,-34.832,-68.044,16.0,4.43,mw,23.0,117.9,,0.66,us,usp000gy0r,2014-11-07T01:39:08.188Z,"35 km SE of San Rafael, Argentina",earthquake,,14.8,,5.0,reviewed,us,us,2009-06-09,36315,Argentina,-1
2009-06-09 15:15:50.990000+00:00,-31.509,-69.195,106.1,4.6,mw,35.0,41.8,,0.99,us,usp000gy0z,2014-11-07T01:39:08.217Z,"28 km SE of Calingasta, Argentina",earthquake,,4.6,,4.0,reviewed,us,us,2009-06-09,36306,Argentina,1
2009-07-01 02:42:00.300000+00:00,-24.292,-67.067,156.4,4.77,mw,60.0,66.7,,0.91,us,usp000gyte,2014-11-07T01:39:14.462Z,"76 km W of San Antonio de los Cobres, Argentina",earthquake,,4.1,,21.0,reviewed,us,us,2009-07-01,36267,Argentina,2
2009-07-02 06:51:00.160000+00:00,-32.362,-67.041,24.9,5.03,mw,83.0,53.8,,0.95,us,usp000gyv2,2014-11-07T01:39:15.816Z,"San Juan-Mendoza-San Luis border region, Argentina",earthquake,,9.5,,33.0,reviewed,us,us,2009-07-02,36252,Argentina,1
2009-07-08 14:44:00.330000+00:00,-30.868,-69.829,108.0,4.68,mw,40.0,64.2,,1.04,us,usp000gz1g,2014-11-07T01:39:18.212Z,"64 km NW of Calingasta, Argentina",earthquake,,4.7,,4.0,reviewed,us,us,2009-07-08,36290,Argentina,1
2009-07-10 21:39:27+00:00,-33.275,-68.62,25.0,3.86,mw,12.0,254.9,,,us,usp000gz3x,2014-11-07T01:39:18.698Z,"25 km SSW of San Martín, Argentina",earthquake,,,,,reviewed,sja,sja,2009-07-10,36352,Argentina,1
2009-07-16 09:54:50.930000+00:00,-28.334,-65.927,78.8,4.68,mw,17.0,104.7,,1.06,us,usp000gzas,2014-11-07T01:39:19.839Z,"14 km SSW of El Rodeo, Argentina",earthquake,,10.1,,9.0,reviewed,us,us,2009-07-16,36270,Argentina,1
2009-07-19 02:46:18.600000+00:00,-27.601,-63.241,560.8,4.77,mw,60.0,56.6,,0.71,us,usp000gze9,2014-11-07T01:39:20.403Z,"41 km NNE of Suncho Corral, Argentina",earthquake,,6.7,,31.0,reviewed,us,us,2009-07-19,36261,Argentina,3
2009-07-27 10:58:15.860000+00:00,-23.962,-66.592,184.1,5.4,mwc,216.0,41.5,,0.85,us,usp000gzq3,2025-12-22T15:38:16.752Z,"39 km NW of San Antonio de los Cobres, Argentina",earthquake,,3.7,,,reviewed,us,gcmt,2009-07-27,36202,Argentina,2
2009-08-04 13:18:19.190000+00:00,-30.84,-69.109,105.0,5.11,mw,21.0,49.8,,1.39,us,usp000gzz6,2014-11-07T01:39:27.593Z,"62 km NNE of Calingasta, Argentina",earthquake,,7.3,,3.0,reviewed,us,us,2009-08-04,36218,Argentina,1
2009-08-08 00:00:52.070000+00:00,-36.765,-69.787,29.2,4.6,mw,17.0,117.8,,0.94,us,usp000h02z,2014-11-07T01:39:28.859Z,"13 km ENE of Barrancas, Argentina",earthquake,,18.9,,2.0,reviewed,us,us,2009-08-08,36304,Argentina,-1
2009-08-12 18:00:52.690000+00:00,-27.893,-66.672,173.5,5.5,mwc,247.0,35.9,,0.95,us,usp000h08r,2025-12-22T15:38:43.086Z,"49 km SW of Andalgalá, Argentina",earthquake,,,,,reviewed,us,us,2009-08-12,36186,Argentina,1
2009-08-18 11:25:02.400000+00:00,-23.943,-67.229,210.0,4.68,mw,10.0,259.2,,,us,usp000h0kh,2014-11-07T01:39:32.132Z,"97 km WNW of San Antonio de los Cobres, Argentina",earthquake,,,,2.0,reviewed,guc,us,2009-08-18,36286,Argentina,2
2009-08-22 07:21:35.330000+00:00,-28.275,-67.373,111.5,4.6,mw,49.0,66.8,,0.78,us,usp000h0re,2014-11-07T01:39:33.036Z,"30 km SE of Tinogasta, Argentina",earthquake,,5.7,,24.0,reviewed,us,us,2009-08-22,36300,Argentina,1
2009-08-24 11:36:01.100000+00:00,-22.544,-65.961,233.3,5.03,mw,171.0,55.4,,0.94,us,usp000h0ts,2014-11-07T01:39:33.478Z,"33 km NW of Abra Pampa, Argentina",earthquake,,4.6,,102.0,reviewed,us,us,2009-08-24,36230,Argentina,2
2009-09-02 19:14:02.800000+00:00,-24.364,-67.788,114.9,4.85,mw,24.0,116.4,,1.02,us,usp000h15s,2014-11-07T01:39:39.348Z,"150 km W of San Antonio de los Cobres, Argentina",earthquake,,6.7,,4.0,reviewed,us,us,2009-09-02,36253,Argentina,2
2009-09-05 02:51:08.200000+00:00,-32.048,-67.857,23.6,4.68,mw,34.0,114.8,,1.05,us,usp000h188,2014-11-07T01:39:40.457Z,"59 km SE of Caucete, Argentina",earthquake,,9.3,,14.0,reviewed,us,us,2009-09-05,36278,Argentina,1
2009-09-30 16:20:07.900000+00:00,-31.272,-68.563,107.0,5.03,mw,9.0,113.7,,0.92,us,usp000h23p,2014-11-07T01:39:46.455Z,"18 km NNW of San Martín, Argentina",earthquake,,10.0,,2.0,reviewed,us,us,2009-09-30,36230,Argentina,1
2009-10-09 02:59:43.180000+00:00,-24.14,-63.924,38.5,4.43,mw,14.0,62.2,,1.41,us,usp000h2mv,2014-11-07T01:39:54.148Z,"33 km NNE of Apolinario Saravia, Argentina",earthquake,,11.4,,2.0,reviewed,us,us,2009-10-09,36318,Argentina,-1
2009-10-15 19:32:20.380000+00:00,-29.474,-67.33,123.5,5.2,mw,43.0,72.4,,1.04,us,usp000h30y,2014-11-07T01:39:56.283Z,"36 km SW of Villa Bustos, Argentina",earthquake,,,,6.0,reviewed,us,us,2009-10-15,36213,Argentina,1
2009-10-27 00:04:46.230000+00:00,-59.955,-65.163,10.0,6.0,mwc,192.0,30.1,,1.11,us,usp000h3er,2022-05-02T21:29:46.571Z,Drake Passage,earthquake,,,,,reviewed,us,us,2009-10-27,36388,Argentina,-1
2009-11-06 03:37:42.280000+00:00,-54.083,-69.534,15.4,4.85,mw,20.0,147.6,,1.12,us,usp000h3sz,2014-11-07T01:40:04.808Z,"113 km NW of Ushuaia, Argentina",earthquake,,13.2,,8.0,reviewed,us,us,2009-11-06,36495,Argentina,-1
2009-11-06 08:49:52.150000+00:00,-23.436,-64.465,5.0,5.5,mwb,319.0,31.7,,0.89,us,usp000h3t7,2022-07-15T20:41:10.828Z,"22 km N of Yuto, Argentina",earthquake,,,,,reviewed,us,us,2009-11-06,36410,Argentina,-1
2009-11-10 09:22:56.510000+00:00,-29.657,-69.22,102.9,4.68,mw,50.0,51.4,,0.93,us,usp000h3xt,2014-11-07T01:40:05.853Z,"79 km NW of San José de Jáchal, Argentina",earthquake,,5.4,,15.0,reviewed,us,us,2009-11-10,36502,Argentina,1
2009-11-14 19:44:29.930000+00:00,-22.965,-66.641,220.4,6.2,mwc,427.0,21.2,,1.23,us,usp000h41w,2022-07-15T21:01:01.181Z,"100 km WSW of Abra Pampa, Argentina",earthquake,,,,,reviewed,us,gcmt,2009-11-14,36384,Argentina,2
2009-11-17 11:14:04.880000+00:00,-27.872,-66.484,158.7,5.03,mw,21.0,84.7,,0.89,us,usp000h44k,2014-11-07T01:40:07.164Z,"36 km SSW of Andalgalá, Argentina",earthquake,,7.2,,2.0,reviewed,us,us,2009-11-17,36493,Argentina,1
2009-11-25 10:14:36.590000+00:00,-27.921,-67.61,50.3,3.86,mw,12.0,105.7,,1.12,us,usp000h4dm,2014-11-07T01:40:08.747Z,"16 km NNW of Tinogasta, Argentina",earthquake,,10.0,,,reviewed,us,sja,2009-11-25,36534,Argentina,1
2009-12-02 22:57:39.450000+00:00,-24.301,-66.913,163.1,5.03,mw,177.0,61.1,,0.77,us,usp000h4pf,2014-11-07T01:40:13.155Z,"61 km W of San Antonio de los Cobres, Argentina",earthquake,,2.8,,89.0,reviewed,us,us,2009-12-02,36481,Argentina,2
2009-12-06 13:46:02.130000+00:00,-31.783,-68.199,109.6,5.2,mw,18.0,79.5,,0.64,us,usp000h4t9,2014-11-07T01:40:14.557Z,"16 km SSE of Caucete, Argentina",earthquake,,10.4,,6.0,reviewed,us,us,2009-12-06,36454,Argentina,1
2009-12-26 00:42:57+00:00,-31.02,-64.43,12.0,3.77,mw,6.0,109.7,,,us,usp000h5ca,2014-11-07T01:40:18.650Z,"5 km ENE of Villa Giardino, Argentina",earthquake,,,,,reviewed,sja,sja,2009-12-26,36538,Argentina,-1
2010-01-05 04:15:52.150000+00:00,-23.644,-63.705,545.1,4.85,mw,200.0,53.0,,0.94,us,usp000h5r6,2014-11-07T01:40:25.108Z,"62 km SE of Embarcación, Argentina",earthquake,,3.5,,103.0,reviewed,us,us,2010-01-05,36494,Argentina,-1
2010-01-15 04:55:32.240000+00:00,-38.015,-71.192,130.9,4.68,mw,25.0,119.4,,0.9,us,usp000h64r,2014-11-07T01:40:28.120Z,"50 km W of Loncopué, Argentina",earthquake,,7.8,,8.0,reviewed,us,us,2010-01-15,36498,Argentina,-1
2010-01-17 12:00:01.080000+00:00,-57.664,-65.879,5.0,6.3,mwc,243.0,29.0,,0.89,us,usp000h68a,2022-07-16T00:27:27.811Z,Drake Passage,earthquake,,,,,reviewed,us,us,2010-01-17,36380,Argentina,-1
2010-01-18 12:28:34.930000+00:00,-31.355,-68.599,94.1,5.4,mwc,280.0,17.9,,0.8,us,usp000h69w,2025-12-22T15:43:15.184Z,"11 km NW of Albardón, Argentina",earthquake,,2.4,,,reviewed,us,us,2010-01-18,36440,Argentina,1
2010-01-19 14:16:27.710000+00:00,-28.762,-66.856,7.4,4.04,mw,10.0,81.3,,1.1,us,usp000h6bs,2014-11-07T01:40:31.293Z,"21 km SSW of Arauco, Argentina",earthquake,,24.2,,,reviewed,us,sja,2010-01-19,36522,Argentina,1
2010-01-19 17:28:15.360000+00:00,-27.584,-65.829,26.8,5.2,mwc,168.0,49.2,,0.98,us,usp000h6c0,2022-07-16T00:48:02.243Z,"26 km SW of Aguilares, Argentina",earthquake,,,,,reviewed,us,gcmt,2010-01-19,36455,Argentina,-1
2010-01-20 06:05:46.120000+00:00,-26.789,-63.214,559.9,5.4,mwc,343.0,47.6,,0.82,us,usp000h6cq,2025-12-22T15:43:21.327Z,"26 km N of El Hoyo, Argentina",earthquake,,3.6,,,reviewed,us,gcmt,2010-01-20,36430,Argentina,3
2010-01-28 00:53:18+00:00,-28.909,-64.586,65.0,3.77,mw,11.0,97.3,,,us,usp000h6pw,2014-11-07T01:40:34.781Z,"62 km NE of Recreo, Argentina",earthquake,,,,,reviewed,sja,sja,2010-01-28,36536,Argentina,-1
2010-02-03 07:26:36.810000+00:00,-31.619,-66.352,128.5,5.03,mw,43.0,84.9,,0.79,us,usp000h6wv,2014-11-07T01:40:39.262Z,"69 km NW of Candelaria, Argentina",earthquake,,5.0,,15.0,reviewed,us,us,2010-02-03,36469,Argentina,1
2010-02-03 16:20:30.300000+00:00,-24.059,-67.6,220.0,4.43,mw,20.0,93.1,,,us,usp000h6x1,2014-11-07T01:40:39.328Z,"131 km W of San Antonio de los Cobres, Argentina",earthquake,,,,3.0,reviewed,guc,us,2010-02-03,36521,Argentina,2
2010-02-12 12:03:38.830000+00:00,-33.622,-68.789,148.4,5.8,mwc,340.0,13.6,,0.99,us,usp000h77d,2022-07-16T02:28:41.743Z,"67 km SSW of San Martín, Argentina",earthquake,,2.5,,,reviewed,us,us,2010-02-12,36406,Argentina,1
2010-02-15 02:54:42.550000+00:00,-22.734,-66.141,232.2,5.03,mw,67.0,50.8,,0.94,us,usp000h7at,2014-11-07T01:40:42.613Z,"45 km W of Abra Pampa, Argentina",earthquake,,5.2,,39.0,reviewed,us,us,2010-02-15,36489,Argentina,2
2010-02-23 09:32:11.300000+00:00,-23.738,-67.707,235.8,4.43,mw,15.0,123.6,,,us,usp000h7ky,2014-11-07T01:40:44.435Z,Chile-Argentina border region,earthquake,,,,5.0,reviewed,guc,us,2010-02-23,36514,Chile-Argentina border region,-1
2010-02-27 06:51:17.650000+00:00,-31.663,-69.141,39.8,6.34,mw,118.0,52.7,,0.69,us,usp000h7rj,2022-05-02T21:42:48.973Z,"40 km WSW of Villa Basilio Nievas, Argentina",earthquake,,7.4,,58.0,reviewed,us,us,2010-02-27,36370,Argentina,1
2010-02-27 15:45:37+00:00,-24.872,-65.602,10.0,6.3,mwc,376.0,44.2,,,us,usp000h7yb,2022-07-16T03:32:42.887Z,"5 km NE of Campo Quijano, Argentina",earthquake,,,,,reviewed,sja,gcmt,2010-02-27,36380,Argentina,-1
2010-02-27 16:22:59.440000+00:00,-23.585,-66.541,206.2,5.2,mw,26.0,86.5,,0.9,us,usp000h7yq,2014-11-07T01:40:46.750Z,"73 km NNW of San Antonio de los Cobres, Argentina",earthquake,,6.9,,3.0,reviewed,us,us,2010-02-27,36453,Argentina,2
2010-02-28 17:28:03.490000+00:00,-28.667,-67.544,132.2,4.77,mw,16.0,123.9,,0.69,us,usp000h891,2014-11-07T01:40:48.727Z,"55 km N of Chilecito, Argentina",earthquake,,,,3.0,reviewed,us,us,2010-02-28,36496,Argentina,1
2010-03-01 10:17:25.450000+00:00,-37.071,-71.367,35.0,5.11,mw,38.0,155.0,,1.28,us,usp000h8d0,2014-11-07T01:40:52.365Z,"55 km W of Las Ovejas, Argentina",earthquake,,,,28.0,reviewed,us,us,2010-03-01,36463,Argentina,-1
2010-03-02 02:09:35.490000+00:00,-39.76,-71.366,24.8,5.1,mwc,125.0,60.4,,0.74,us,usp000h8fh,2022-07-16T04:18:45.652Z,"33 km NW of Junín de los Andes, Argentina",earthquake,,11.2,,,reviewed,us,gcmt,2010-03-02,36469,Argentina,-1
2010-03-02 21:56:43.040000+00:00,-30.257,-69.02,36.2,5.37,mw,123.0,85.5,,0.85,us,usp000h8jg,2022-07-16T04:29:52.856Z,"26 km W of San José de Jáchal, Argentina",earthquake,,5.9,,62.0,reviewed,us,us,2010-03-02,36450,Argentina,1
2010-03-04 10:53:53.700000+00:00,-35.869,-69.919,35.0,5.28,mw,68.0,116.6,,0.87,us,usp000h8pk,2022-07-16T04:52:39.265Z,"105 km N of Barrancas, Argentina",earthquake,,,,40.0,reviewed,us,us,2010-03-04,36452,Argentina,-1
2010-03-08 17:03:16.830000+00:00,-25.712,-66.617,10.0,5.8,mwc,251.0,95.5,,1.03,us,usp000h8yu,2022-07-16T05:54:09.165Z,"75 km WNW of Cafayate, Argentina",earthquake,,,,,reviewed,us,gcmt,2010-03-08,36399,Argentina,-1
2010-03-13 01:56:11+00:00,-34.787,-67.67,14.3,5.03,mw,59.0,105.9,,1.07,us,usp000h99j,2022-07-16T07:06:08.441Z,"63 km ESE of San Rafael, Argentina",earthquake,,19.7,,29.0,reviewed,us,us,2010-03-13,36478,Argentina,-1
2010-03-20 01:41:07.050000+00:00,-37.825,-71.664,35.0,4.85,mw,36.0,105.8,,1.22,us,usp000h9qk,2014-11-07T01:41:03.582Z,Chile-Argentina border region,earthquake,,,,19.0,reviewed,us,us,2010-03-20,36493,Chile-Argentina border region,-1
2010-03-27 06:37:06.840000+00:00,-32.402,-69.192,24.5,5.03,mw,35.0,121.5,,1.27,us,usp000ha0z,2014-11-07T01:41:05.934Z,"64 km NNW of Mendoza, Argentina",earthquake,,16.9,,12.0,reviewed,us,us,2010-03-27,36493,Argentina,1
2010-03-28 20:14:37.030000+00:00,-29.315,-68.477,46.2,4.68,mw,24.0,79.4,,1.08,us,usp000ha35,2014-11-07T01:41:06.224Z,"66 km SSW of Vinchina, Argentina",earthquake,,8.1,,3.0,reviewed,us,us,2010-03-28,36496,Argentina,1
2010-04-09 22:23:02.980000+00:00,-28.559,-68.124,117.7,5.8,mwb,364.0,18.3,,0.76,us,usp000hb2t,2022-07-16T10:17:26.921Z,"23 km NNE of Vinchina, Argentina",earthquake,,,,,reviewed,us,us,2010-04-09,36391,Argentina,1
2010-04-11 22:54:03+00:00,-31.947,-67.738,121.0,5.2,mw,136.0,72.3,,,us,usp000hb7p,2022-07-16T10:33:08.254Z,"60 km ESE of Caucete, Argentina",earthquake,,,,61.0,reviewed,sja,us,2010-04-11,36454,Argentina,1
2010-04-13 07:58:08.370000+00:00,-28.176,-63.224,554.9,4.6,mw,64.0,62.5,,0.87,us,usp000hba6,2014-11-07T01:41:15.762Z,"33 km SE of Suncho Corral, Argentina",earthquake,,7.0,,42.0,reviewed,us,us,2010-04-13,36507,Argentina,3
2010-05-21 13:02:21.740000+00:00,-25.808,-66.736,10.0,5.1,mwc,40.0,94.4,,0.95,us,usp000hd0g,2022-05-02T22:36:04.820Z,"72 km ENE of Antofagasta de la Sierra, Argentina",earthquake,,,,,reviewed,us,gcmt,2010-05-21,36621,Argentina,-1
2010-06-08 00:59:26.490000+00:00,-37.128,-70.77,141.2,4.94,mw,55.0,84.4,,0.83,us,usp000hdq9,2022-07-16T15:10:00.860Z,"10 km WNW of Andacollo, Argentina",earthquake,,,,29.0,reviewed,us,us,2010-06-08,36642,Argentina,-1
2010-06-10 09:46:53.840000+00:00,-29.186,-68.162,43.5,5.11,mw,114.0,67.3,,0.75,us,usp000hdta,2022-07-16T15:19:39.223Z,"47 km S of Vinchina, Argentina",earthquake,,4.6,,22.0,reviewed,us,us,2010-06-10,36613,Argentina,1
2010-06-11 03:09:58.490000+00:00,-23.632,-66.993,161.9,4.6,mw,43.0,92.1,,0.82,us,usp000hdu1,2014-11-07T01:41:39.990Z,"94 km NW of San Antonio de los Cobres, Argentina",earthquake,,5.3,,19.0,reviewed,us,us,2010-06-11,36702,Argentina,2
2010-06-15 08:19:25.570000+00:00,-31.303,-68.28,103.6,4.68,mw,30.0,110.7,,0.89,us,usp000he1f,2014-11-07T01:41:41.212Z,"25 km NE of San Martín, Argentina",earthquake,,4.3,,6.0,reviewed,us,us,2010-06-15,36697,Argentina,1
2010-06-16 04:31:52+00:00,-27.4,-65.878,10.0,5.03,mw,50.0,72.8,,,us,usp000he3x,2014-11-07T01:41:41.963Z,"26 km W of Aguilares, Argentina",earthquake,,,,19.0,reviewed,sja,us,2010-06-16,36640,Argentina,-1
2010-06-27 04:34:22.210000+00:00,-30.555,-68.353,39.6,4.6,mw,30.0,126.3,,0.76,us,usp000hek9,2014-11-07T01:41:44.875Z,"51 km SE of San José de Jáchal, Argentina",earthquake,,5.9,,8.0,reviewed,us,us,2010-06-27,36700,Argentina,1
2010-06-27 23:52:00.340000+00:00,-57.487,-66.042,10.0,4.85,mw,25.0,127.3,,1.16,us,usp000hemh,2014-11-07T01:41:45.187Z,Drake Passage,earthquake,,,,10.0,reviewed,us,us,2010-06-27,36658,Argentina,-1
2010-06-28 09:32:20.560000+00:00,-23.024,-66.408,212.1,4.85,mw,117.0,67.5,,0.85,us,usp000hen0,2014-11-07T01:41:45.301Z,"77 km WNW of El Aguilar, Argentina",earthquake,,4.6,,47.0,reviewed,us,us,2010-06-28,36662,Argentina,2
2010-07-05 09:29:38.340000+00:00,-33.784,-68.617,27.3,4.77,mw,28.0,117.4,,0.93,us,usp000hexc,2014-11-07T01:41:50.787Z,"79 km S of San Martín, Argentina",earthquake,,4.3,,2.0,reviewed,us,us,2010-07-05,36668,Argentina,1
2010-07-16 16:03:11.180000+00:00,-23.342,-66.559,199.6,4.77,mw,35.0,75.5,,0.92,us,usp000hfc0,2014-11-07T01:41:53.610Z,"91 km W of El Aguilar, Argentina",earthquake,,5.6,,5.0,reviewed,us,us,2010-07-16,36664,Argentina,2
2010-07-24 21:55:06.680000+00:00,-28.78,-67.333,114.4,5.11,mw,34.0,65.2,,0.96,us,usp000hgqs,2014-11-07T01:42:00.441Z,"Catamarca-La Rioja region, Argentina",earthquake,,5.8,,10.0,reviewed,us,us,2010-07-24,36614,Argentina,1
2010-07-26 17:31:31.260000+00:00,-24.053,-66.825,193.2,5.6,mwb,336.0,33.8,,0.92,us,usp000hgvd,2022-05-02T22:05:35.557Z,"54 km WNW of San Antonio de los Cobres, Argentina",earthquake,,,,,reviewed,us,us,2010-07-26,36576,Argentina,2
2010-08-11 02:06:02.310000+00:00,-31.478,-69.329,104.8,4.77,mw,35.0,108.0,,0.96,us,usp000hhx9,2014-11-07T01:42:12.935Z,"18 km SSE of Calingasta, Argentina",earthquake,,5.0,,6.0,reviewed,us,us,2010-08-11,36682,Argentina,1
2010-08-15 07:50:36.090000+00:00,-36.814,-71.101,8.9,5.2,mwc,187.0,73.5,,0.89,us,usp000hj7w,2022-07-18T18:35:47.176Z,"36 km WNW of Las Ovejas, Argentina",earthquake,,11.6,,,reviewed,us,gcmt,2010-08-15,36601,Argentina,-1
2010-08-17 22:37:09.760000+00:00,-33.257,-68.71,10.0,4.77,mw,37.0,67.8,,1.33,us,usp000hjce,2014-11-07T01:42:15.675Z,"29 km SW of San Martín, Argentina",earthquake,,,,10.0,reviewed,us,us,2010-08-17,36672,Argentina,1
2010-08-21 14:54:57.190000+00:00,-27.544,-67.345,142.1,5.37,mw,42.0,56.0,,1.12,us,usp000hjjt,2014-11-07T01:42:16.840Z,"28 km NW of Londres, Argentina",earthquake,,,,9.0,reviewed,us,us,2010-08-21,36594,Argentina,1
2010-08-25 09:51:48+00:00,-31.857,-68.385,110.0,4.04,mw,6.0,93.8,,,us,usp000hjrb,2014-11-07T01:42:17.832Z,"20 km S of Nueve de Julio, Argentina",earthquake,,,,,reviewed,sja,sja,2010-08-25,36706,Argentina,1
2010-09-03 22:12:35.810000+00:00,-31.673,-67.96,100.6,5.2,mw,195.0,27.5,,0.81,us,usp000hk5d,2022-07-18T19:27:15.445Z,"30 km E of Caucete, Argentina",earthquake,,3.5,,93.0,reviewed,us,us,2010-09-03,36602,Argentina,1
2010-09-04 03:47:41.500000+00:00,-22.835,-66.941,182.3,4.77,mw,27.0,68.5,,1.14,us,usp000hk6d,2014-11-07T01:42:23.660Z,"128 km W of Abra Pampa, Argentina",earthquake,,8.0,,11.0,reviewed,us,us,2010-09-04,36681,Argentina,2
2010-09-04 17:18:02.060000+00:00,-24.688,-65.38,28.1,5.11,mw,99.0,75.2,,0.85,us,usp000hk7p,2022-07-18T19:36:14.362Z,"11 km NNE of Salta, Argentina",earthquake,,10.2,,41.0,reviewed,us,us,2010-09-04,36613,Argentina,-1
2010-09-16 00:00:21.660000+00:00,-30.927,-65.605,173.4,5.2,mw,35.0,47.2,,1.24,us,usp000hkt0,2014-11-07T01:42:28.174Z,"38 km SSW of Serrezuela, Argentina",earthquake,,8.0,,8.0,reviewed,us,us,2010-09-16,36597,Argentina,-1
2010-09-19 03:51:44.280000+00:00,-24.126,-67.413,150.8,4.6,mw,11.0,111.0,,1.34,us,usp000hkxe,2014-11-07T01:42:29.450Z,"111 km W of San Antonio de los Cobres, Argentina",earthquake,,12.5,,1.0,reviewed,us,us,2010-09-19,36698,Argentina,2
2010-09-20 03:25:29+00:00,-28.085,-66.515,188.0,5.1,mwc,166.0,40.8,,,us,usp000hkz2,2025-12-22T15:52:26.278Z,"44 km NW of Pomán, Argentina",earthquake,,,,,reviewed,sja,gcmt,2010-09-20,36632,Argentina,1
2010-09-22 15:54:40.760000+00:00,-23.755,-64.964,18.2,4.68,mw,19.0,63.3,,1.28,us,usp000hm2a,2014-11-07T01:42:30.132Z,"18 km WNW of Libertador General San Martín, Argentina",earthquake,,20.6,,1.0,reviewed,us,us,2010-09-22,36694,Argentina,-1
2010-09-24 22:45:06.340000+00:00,-31.332,-68.848,104.3,4.51,mw,28.0,96.6,,1.09,us,usp000hm4s,2014-11-07T01:42:30.578Z,"26 km NNW of Villa Basilio Nievas, Argentina",earthquake,,5.1,,2.0,reviewed,us,us,2010-09-24,36705,Argentina,1
2010-09-27 09:25:06.550000+00:00,-26.448,-64.63,21.0,5.28,mw,114.0,59.7,,0.87,us,usp000hm8g,2022-07-18T20:45:04.877Z,"12 km ENE of Burruyacú, Argentina",earthquake,,9.1,,68.0,reviewed,us,us,2010-09-27,36596,Argentina,-1
2010-09-28 17:41:52+00:00,-30.135,-69.601,116.7,4.77,mw,29.0,111.4,,,us,usp000hmaf,2014-11-07T01:42:31.583Z,"83 km W of San José de Jáchal, Argentina",earthquake,,,,6.0,reviewed,guc,us,2010-09-28,36682,Argentina,1
2010-11-14 22:59:51.690000+00:00,-22.722,-66.634,197.8,5.1,mwc,153.0,63.0,,0.88,us,usp000hpnd,2025-12-22T15:54:22.520Z,"96 km W of Abra Pampa, Argentina",earthquake,,4.4,,,reviewed,us,gcmt,2010-11-14,36794,Argentina,2
2010-11-16 17:05:13.850000+00:00,-36.441,-70.995,118.8,4.85,mw,25.0,117.2,,1.04,us,usp000hprq,2014-11-07T01:42:55.884Z,"64 km NNW of Las Ovejas, Argentina",earthquake,,8.5,,6.0,reviewed,us,us,2010-11-16,36852,Argentina,-1
2010-11-17 01:16:59.020000+00:00,-31.274,-69.187,119.2,4.85,mw,58.0,118.4,,0.99,us,usp000hpsf,2014-11-07T01:42:56.021Z,"23 km ENE of Calingasta, Argentina",earthquake,,,,22.0,reviewed,us,us,2010-11-17,36851,Argentina,1
2010-11-26 06:06:10.360000+00:00,-23.485,-66.534,188.6,5.11,mw,189.0,77.8,,0.85,us,usp000hq4e,2014-11-07T01:42:58.177Z,"84 km NNW of San Antonio de los Cobres, Argentina",earthquake,,4.3,,124.0,reviewed,us,us,2010-11-26,36790,Argentina,2
2010-12-04 01:00:40.450000+00:00,-27.416,-67.167,125.8,4.51,mw,14.0,99.1,,0.85,us,usp000hqfx,2014-11-07T01:43:03.805Z,"21 km NW of La Puerta de San José, Argentina",earthquake,,10.1,,3.0,reviewed,us,us,2010-12-04,36875,Argentina,1
2010-12-17 20:56:42.090000+00:00,-31.426,-68.492,119.8,5.03,mw,93.0,43.1,,1.05,us,usp000hr1r,2014-11-07T01:43:08.503Z,"San Juan, Argentina",earthquake,,,,46.0,reviewed,us,us,2010-12-17,36799,Argentina,1
2010-12-21 10:22:10.250000+00:00,-28.951,-68.723,89.9,4.43,mw,22.0,60.2,,0.87,us,usp000hr8v,2014-11-07T01:43:10.417Z,"La Rioja, Argentina",earthquake,,7.9,,1.0,reviewed,us,us,2010-12-21,36877,Argentina,1
2010-12-25 06:38:10.500000+00:00,-31.565,-66.893,120.5,5.2,mw,68.0,104.3,,0.84,us,usp000hrv6,2014-11-07T01:43:13.990Z,"115 km WNW of Candelaria, Argentina",earthquake,,5.4,,32.0,reviewed,us,us,2010-12-25,36786,Argentina,1
2010-12-30 22:54:58.790000+00:00,-32.009,-69.076,107.7,4.6,mw,13.0,122.1,,1.35,us,usp000hsb4,2014-11-07T01:43:16.776Z,"58 km SW of Pocito, Argentina",earthquake,,12.9,,8.0,reviewed,us,us,2010-12-30,36860,Argentina,1
2011-01-01 09:56:58.120000+00:00,-26.803,-63.136,576.8,7.0,mww,607.0,18.4,,0.85,us,usp000hsdc,2022-10-24T02:25:20.934Z,"26 km NNE of El Hoyo, Argentina",earthquake,,,,,reviewed,us,us,2011-01-01,36753,Argentina,3
2011-01-04 22:59:10+00:00,-29.039,-69.486,110.0,5.3,mwc,258.0,49.7,,,us,usp000hskd,2025-12-22T15:56:49.451Z,"128 km WSW of Vinchina, Argentina",earthquake,,,,,reviewed,sja,gcmt,2011-01-04,36756,Argentina,1
2011-01-29 07:24:54.580000+00:00,-31.777,-67.738,38.0,4.85,mw,44.0,111.0,,0.97,us,usp000htt4,2014-11-07T01:43:31.372Z,"53 km ESE of Caucete, Argentina",earthquake,,6.8,,9.0,reviewed,us,us,2011-01-29,36829,Argentina,1
2011-02-20 22:25:49+00:00,-27.898,-66.575,152.0,5.28,mw,77.0,66.9,,,us,usp000hutv,2014-11-07T01:43:41.698Z,"43 km SW of Andalgalá, Argentina",earthquake,,,,24.0,reviewed,sja,us,2011-02-20,36765,Argentina,1
2011-02-21 06:58:36.410000+00:00,-27.149,-64.688,12.7,5.6,mwb,440.0,24.2,,0.83,us,usp000huuj,2022-07-19T05:35:28.166Z,"41 km NNE of Termas de Río Hondo, Argentina",earthquake,,2.3,,,reviewed,us,us,2011-02-21,36755,Argentina,-1
2011-02-27 11:12:32.310000+00:00,-23.884,-66.622,186.5,5.03,mw,161.0,60.3,,0.9,us,usp000hv4t,2014-11-07T01:43:44.552Z,"48 km NW of San Antonio de los Cobres, Argentina",earthquake,,4.7,,106.0,reviewed,us,us,2011-02-27,36801,Argentina,2
2011-03-01 20:11:17.690000+00:00,-22.704,-66.158,259.7,4.94,mw,17.0,149.0,,1.25,us,usp000hv7y,2014-11-07T01:43:50.343Z,"47 km W of Abra Pampa, Argentina",earthquake,,12.2,,2.0,reviewed,us,us,2011-03-01,36804,Argentina,2
2011-03-16 14:22:06.880000+00:00,-31.025,-66.482,33.0,3.95,mw,13.0,93.4,,0.91,us,usp000hxh0,2014-11-07T01:44:10.998Z,"75 km SSW of Chamical, Argentina",earthquake,,18.2,,,reviewed,us,sja,2011-03-16,36886,Argentina,1
2011-03-18 16:59:48.410000+00:00,-24.081,-66.981,160.7,5.2,mw,104.0,59.8,,1.08,us,usp000hxtw,2014-11-07T01:44:13.791Z,"68 km WNW of San Antonio de los Cobres, Argentina",earthquake,,5.2,,29.0,reviewed,us,us,2011-03-18,36773,Argentina,2
2011-03-27 17:15:34.900000+00:00,-31.66,-68.967,90.9,4.77,mw,31.0,116.5,,1.05,us,usp000hyre,2014-11-07T01:44:21.263Z,"25 km WSW of Villa Basilio Nievas, Argentina",earthquake,,8.8,,6.0,reviewed,us,us,2011-03-27,36858,Argentina,1
2011-04-10 03:59:35.650000+00:00,-30.533,-68.604,82.3,5.11,mw,156.0,102.6,,0.86,us,usp000hzms,2014-11-07T01:44:30.849Z,"35 km SSE of San José de Jáchal, Argentina",earthquake,,4.9,,67.0,reviewed,us,us,2011-04-10,36974,Argentina,1
2011-04-11 07:55:08.980000+00:00,-23.922,-66.654,179.5,5.28,mw,266.0,43.7,,0.82,us,usp000hzq6,2014-11-07T01:44:31.262Z,"47 km NW of San Antonio de los Cobres, Argentina",earthquake,,3.6,,178.0,reviewed,us,us,2011-04-11,36923,Argentina,2
2011-04-17 01:58:49.310000+00:00,-27.596,-63.201,556.7,5.7,mww,451.0,43.6,,0.79,us,usp000j03s,2022-04-08T21:43:25.774Z,"43 km NNE of Suncho Corral, Argentina",earthquake,,,,,reviewed,us,us,2011-04-17,36907,Argentina,3
2011-04-24 05:28:19.040000+00:00,-39.103,-70.963,156.2,4.68,mw,11.0,157.9,,1.13,us,usp000j0g8,2014-11-07T01:44:37.168Z,"15 km NNW of Aluminé, Argentina",earthquake,,10.9,,2.0,reviewed,us,us,2011-04-24,37042,Argentina,-1
2011-05-02 12:24:06.660000+00:00,-40.237,-57.902,10.0,4.43,mw,20.0,61.3,,0.71,us,usp000j0wp,2014-11-07T01:44:43.593Z,"200 km SSE of Necochea, Argentina",earthquake,,,,1.0,reviewed,us,us,2011-05-02,37066,Argentina,-1
2011-05-03 03:57:24+00:00,-31.308,-68.541,108.0,4.77,mw,31.0,89.2,,,us,usp000j0xr,2014-11-07T01:44:44.154Z,"14 km NNW of San Martín, Argentina",earthquake,,,,6.0,reviewed,sja,us,2011-05-03,37025,Argentina,1
2011-05-03 06:35:41.830000+00:00,-30.232,-69.229,48.3,4.85,mw,25.0,85.3,,0.68,us,usp000j0y2,2014-11-07T01:44:44.226Z,"46 km W of San José de Jáchal, Argentina",earthquake,,5.8,,3.0,reviewed,us,us,2011-05-03,37021,Argentina,1
2011-05-14 20:44:05.810000+00:00,-28.495,-68.68,80.7,5.03,mw,30.0,73.6,,1.02,us,usp000j1kv,2014-11-07T01:44:51.109Z,"54 km WNW of Vinchina, Argentina",earthquake,,6.2,,7.0,reviewed,us,us,2011-05-14,36989,Argentina,1
2011-05-17 12:44:10.190000+00:00,-23.492,-63.586,532.3,5.4,mwc,293.0,40.7,,0.82,us,usp000j1qx,2025-12-22T15:19:35.380Z,"61 km ESE of Embarcación, Argentina",earthquake,,3.4,,,reviewed,us,gcmt,2011-05-17,36914,Argentina,-1
2011-05-18 21:27:59.380000+00:00,-26.586,-66.702,159.6,5.03,mw,23.0,75.6,,1.62,us,usp000j1tc,2014-11-07T01:44:52.289Z,"72 km N of Hualfín, Argentina",earthquake,,10.3,,5.0,reviewed,us,us,2011-05-18,36978,Argentina,-1
2011-06-04 17:54:07.500000+00:00,-40.456,-71.741,14.2,5.2,mw,76.0,140.4,,1.01,us,usp000j2qh,2022-07-19T16:58:31.138Z,"34 km NNW of Villa La Angostura, Argentina",earthquake,,10.8,,49.0,reviewed,us,us,2011-06-04,36938,Argentina,-1
2011-06-06 21:22:49.020000+00:00,-24.206,-67.007,172.9,5.03,mw,52.0,74.1,,1.12,us,usp000j2t9,2014-11-07T01:45:02.603Z,"69 km W of San Antonio de los Cobres, Argentina",earthquake,,5.9,,20.0,reviewed,us,us,2011-06-06,36985,Argentina,2
2011-06-23 06:36:04.600000+00:00,-37.582,-70.482,167.5,5.03,mw,181.0,55.6,,0.87,us,usp000j3kr,2022-07-19T18:29:56.472Z,"11 km NE of El Huecú, Argentina",earthquake,,,,116.0,reviewed,us,us,2011-06-23,36975,Argentina,-1
2011-06-24 18:12:43.940000+00:00,-29.036,-69.442,87.1,5.2,mw,104.0,63.0,,0.99,us,usp000j3pp,2014-11-07T01:45:10.166Z,"124 km WSW of Vinchina, Argentina",earthquake,,4.6,,47.0,reviewed,us,us,2011-06-24,36937,Argentina,1
2011-06-27 18:13:42.880000+00:00,-31.835,-69.282,77.7,3.77,mw,5.0,198.1,,0.55,us,usp000j3uj,2014-11-07T01:45:11.066Z,"57 km SSE of Calingasta, Argentina",earthquake,,13.6,,,reviewed,us,sja,2011-06-27,37079,Argentina,1
2011-06-29 12:40:35.130000+00:00,-31.945,-68.229,114.8,4.6,mw,28.0,77.6,,0.93,us,usp000j3y1,2014-11-07T01:45:11.757Z,"32 km S of Caucete, Argentina",earthquake,,6.2,,6.0,reviewed,us,us,2011-06-29,37045,Argentina,1
2011-07-04 10:47:59.200000+00:00,-31.032,-67.967,27.1,4.94,mw,22.0,129.0,,1.21,us,usp000j44v,2014-11-07T01:45:16.412Z,"65 km SW of San Agustín de Valle Fértil, Argentina",earthquake,,24.5,,14.0,reviewed,us,us,2011-07-04,37012,Argentina,1
2011-07-08 00:30:28.650000+00:00,-29.831,-68.576,91.6,4.51,mw,18.0,133.5,,0.97,us,usp000j4bv,2014-11-07T01:45:18.343Z,"48 km NNE of San José de Jáchal, Argentina",earthquake,,10.0,,5.0,reviewed,us,us,2011-07-08,37048,Argentina,1
2011-07-09 19:27:41.090000+00:00,-28.759,-67.436,98.9,5.28,mw,28.0,78.0,,0.9,us,usp000j4fq,2014-11-07T01:45:19.309Z,"45 km N of Chilecito, Argentina",earthquake,,6.3,,8.0,reviewed,us,us,2011-07-09,36923,Argentina,1
2011-07-20 17:45:31.050000+00:00,-31.49,-69.056,94.7,4.85,mw,21.0,121.0,,1.06,us,usp000j57j,2014-11-07T01:45:24.500Z,"31 km WNW of Villa Basilio Nievas, Argentina",earthquake,,8.0,,2.0,reviewed,us,us,2011-07-20,37014,Argentina,1
2011-07-31 17:36:30.210000+00:00,-27.771,-66.571,170.1,5.4,mwc,263.0,36.4,,1.08,us,usp000j5ss,2025-12-22T16:05:36.631Z,"32 km SW of Andalgalá, Argentina",earthquake,,,,,reviewed,us,gcmt,2011-07-31,36922,Argentina,1
2011-08-02 07:14:43.670000+00:00,-28.332,-67.653,115.8,5.11,mw,67.0,61.3,,0.87,us,usp000j5v6,2014-11-07T01:45:32.470Z,"31 km SSW of Tinogasta, Argentina",earthquake,,4.5,,36.0,reviewed,us,us,2011-08-02,36957,Argentina,1
2011-08-09 23:30:49+00:00,-32.727,-68.931,128.0,5.03,mw,180.0,58.3,,,us,usp000j68g,2015-03-24T02:32:44.466Z,"20 km NNW of Mendoza, Argentina",earthquake,,,,121.0,reviewed,sja,us,2011-08-09,36990,Argentina,1
2011-08-13 07:04:54.790000+00:00,-30.934,-65.431,164.7,4.94,mw,216.0,46.1,,0.77,us,usp000j6dc,2014-11-07T01:45:36.117Z,"33 km S of Serrezuela, Argentina",earthquake,,3.7,,136.0,reviewed,us,us,2011-08-13,37001,Argentina,-1
2011-08-30 02:16:02.310000+00:00,-27.675,-67.389,122.2,5.03,mw,199.0,53.9,,0.81,us,usp000j785,2014-11-07T01:45:44.564Z,"22 km E of Fiambalá, Argentina",earthquake,,3.5,,130.0,reviewed,us,us,2011-08-30,36980,Argentina,1
2011-09-02 13:47:09.620000+00:00,-28.398,-63.029,578.9,6.7,mww,532.0,24.9,,0.85,us,usp000j7ee,2022-04-08T22:01:49.592Z,"20 km WNW of Añatuya, Argentina",earthquake,,3.1,,,reviewed,us,us,2011-09-02,36900,Argentina,3
2011-09-05 22:01:31.470000+00:00,-49.918,-75.578,47.1,5.11,mw,25.0,130.3,,1.18,us,usp000j7nz,2014-11-07T01:45:50.677Z,"240 km WNW of El Calafate, Argentina",earthquake,,15.4,,8.0,reviewed,us,us,2011-09-05,36955,Argentina,-1
2011-09-23 17:56:25+00:00,-30.574,-64.656,53.0,3.77,mw,8.0,98.0,,,us,usp000j8fh,2014-11-07T01:45:56.765Z,"22 km NE of Cruz del Eje, Argentina",earthquake,,,,,reviewed,sja,sja,2011-09-23,37079,Argentina,-1
2011-10-06 11:12:30.070000+00:00,-24.178,-64.219,15.0,5.9,mww,401.0,21.4,,0.87,us,usp000j907,2022-04-08T22:07:24.462Z,"23 km SSE of Palma Sola, Argentina",earthquake,,,,,reviewed,us,us,2011-10-06,36901,Argentina,-1
2011-10-06 17:05:29.930000+00:00,-23.002,-66.266,219.1,5.2,mwc,153.0,54.7,,0.98,us,usp000j90m,2025-12-22T16:07:48.603Z,"64 km WNW of El Aguilar, Argentina",earthquake,,,,,reviewed,us,gcmt,2011-10-06,36934,Argentina,2
2011-10-14 14:01:46+00:00,-28.601,-69.223,113.3,4.85,mw,45.0,75.2,,,us,usp000j9bh,2014-11-07T01:46:06.762Z,"100 km W of Vinchina, Argentina",earthquake,,,,10.0,reviewed,guc,us,2011-10-14,37183,Argentina,1
2011-10-20 23:26:43.710000+00:00,-22.909,-66.289,216.7,5.2,mwc,310.0,43.9,,0.87,us,usp000j9md,2025-12-22T16:08:08.137Z,"64 km WSW of Abra Pampa, Argentina",earthquake,,3.7,,,reviewed,us,gcmt,2011-10-20,37112,Argentina,2
2011-11-07 17:51:38.800000+00:00,-33.25,-64.862,40.1,5.03,mw,22.0,88.9,,1.16,us,usp000jahj,2014-11-07T01:46:18.971Z,"14 km SE of Achiras, Argentina",earthquake,,9.3,,3.0,reviewed,us,us,2011-11-07,37125,Argentina,-1
2011-11-08 22:06:11+00:00,-24.43,-67.28,190.0,4.85,mw,50.0,73.2,,,us,usp000jaku,2014-11-07T01:46:19.511Z,"100 km WSW of San Antonio de los Cobres, Argentina",earthquake,,,,17.0,reviewed,sja,us,2011-11-08,37184,Argentina,2
2011-11-09 02:36:57+00:00,-24.096,-66.901,212.0,5.11,mw,36.0,65.1,,,us,usp000jakz,2014-11-07T01:46:19.525Z,"60 km WNW of San Antonio de los Cobres, Argentina",earthquake,,,,11.0,reviewed,sja,us,2011-11-09,37113,Argentina,2
2011-11-13 00:01:34.220000+00:00,-23.31,-66.588,192.8,5.11,mw,181.0,53.9,,0.92,us,usp000jas7,2014-11-07T01:46:20.400Z,"93 km W of El Aguilar, Argentina",earthquake,,3.7,,125.0,reviewed,us,us,2011-11-13,37117,Argentina,2
2011-11-15 10:20:09+00:00,-24.239,-64.351,5.0,5.45,mw,226.0,47.3,,,us,usp000jawn,2022-04-08T22:11:25.166Z,"29 km S of Palma Sola, Argentina",earthquake,,,,179.0,reviewed,sja,us,2011-11-15,37093,Argentina,-1
2011-11-20 17:45:46.010000+00:00,-22.94,-66.772,203.0,4.94,mw,25.0,69.5,,1.43,us,usp000jb61,2014-11-07T01:46:23.359Z,"112 km WSW of Abra Pampa, Argentina",earthquake,,9.1,,4.0,reviewed,us,us,2011-11-20,37149,Argentina,2
2011-11-21 17:32:48.610000+00:00,-28.806,-68.515,83.7,4.94,mw,38.0,80.8,,0.94,us,usp000jb7f,2014-11-07T01:46:23.572Z,"30 km W of Vinchina, Argentina",earthquake,,5.1,,8.0,reviewed,us,us,2011-11-21,37158,Argentina,1
2011-11-24 07:34:56+00:00,-29.158,-67.55,140.0,5.03,mw,66.0,55.1,,,us,usp000jbb5,2014-11-07T01:46:24.477Z,"5 km W of Chilecito, Argentina",earthquake,,,,36.0,reviewed,sja,us,2011-11-24,37119,Argentina,1
2011-12-13 10:59:16.310000+00:00,-27.587,-66.664,31.4,5.03,mw,41.0,70.9,,1.4,us,usp000jc54,2014-11-07T01:46:33.618Z,"34 km W of Andalgalá, Argentina",earthquake,,,,6.0,reviewed,us,us,2011-12-13,37124,Argentina,1
2011-12-15 13:34:04.050000+00:00,-36.816,-70.627,143.8,4.68,mw,30.0,117.0,,0.71,us,usp000jc7u,2014-11-07T01:46:34.590Z,"22 km NNE of Las Ovejas, Argentina",earthquake,,4.5,,7.0,reviewed,us,us,2011-12-15,37230,Argentina,-1
2011-12-24 21:25:47.490000+00:00,-33.186,-69.389,10.0,4.51,mw,12.0,198.4,,0.42,us,usp000jckq,2014-11-07T01:46:37.164Z,"61 km WSW of Mendoza, Argentina",earthquake,,,,9.0,reviewed,us,us,2011-12-24,37245,Argentina,1
2012-01-13 14:36:39.310000+00:00,-32.3,-66.764,36.0,4.43,mw,22.0,58.3,,0.78,us,usp000jdej,2014-11-07T01:46:46.823Z,"50 km NW of Villa General Roca, Argentina",earthquake,,6.3,,1.0,reviewed,us,us,2012-01-13,37251,Argentina,1
2012-01-18 11:35:50.500000+00:00,-31.767,-68.084,10.0,5.28,mw,134.0,52.2,,0.9,us,usp000jdn1,2022-05-03T15:26:30.197Z,"22 km SE of Caucete, Argentina",earthquake,,,,77.0,reviewed,us,us,2012-01-18,37111,Argentina,1
2012-01-19 03:58:15+00:00,-31.628,-68.739,95.0,4.94,mw,9.0,91.9,,,us,usp000jdp8,2014-11-07T01:46:48.153Z,"8 km S of Villa Basilio Nievas, Argentina",earthquake,,,,1.0,reviewed,sja,us,2012-01-19,37147,Argentina,1
2012-01-28 15:07:44.540000+00:00,-28.423,-68.804,77.5,4.85,mw,52.0,72.5,,1.09,us,usp000je32,2014-11-07T01:46:51.285Z,"69 km WNW of Vinchina, Argentina",earthquake,,5.3,,17.0,reviewed,us,us,2012-01-28,37193,Argentina,1
2012-02-15 05:53:55.540000+00:00,-22.534,-66.798,178.1,4.85,mw,105.0,46.6,,1.02,us,usp000jeyv,2014-11-07T01:47:01.546Z,"115 km W of Abra Pampa, Argentina",earthquake,,4.8,,58.0,reviewed,us,us,2012-02-15,37211,Argentina,2
2012-02-17 08:17:55.960000+00:00,-22.518,-65.897,227.0,4.77,mw,98.0,59.3,,0.9,us,usp000jf16,2014-11-07T01:47:01.993Z,"30 km NW of Abra Pampa, Argentina",earthquake,,5.3,,69.0,reviewed,us,us,2012-02-17,37213,Argentina,2
2012-03-01 18:41:46.790000+00:00,-31.572,-69.273,95.7,4.94,mw,51.0,111.1,,0.74,us,usp000jfnp,2014-11-07T01:47:08.999Z,"29 km SSE of Calingasta, Argentina",earthquake,,11.7,,18.0,reviewed,us,us,2012-03-01,37128,Argentina,1
2012-03-05 07:46:10.040000+00:00,-28.246,-63.294,553.9,6.1,mww,702.0,22.1,,0.71,us,usp000jftj,2022-05-03T15:32:43.892Z,"37 km SSE of Suncho Corral, Argentina",earthquake,,,,,reviewed,us,us,2012-03-05,37087,Argentina,3
2012-03-10 07:03:35.520000+00:00,-24.049,-64.779,45.7,4.77,mw,30.0,79.3,,1.19,us,usp000jg13,2014-11-07T01:47:13.249Z,"12 km S of Fraile Pintado, Argentina",earthquake,,8.7,,8.0,reviewed,us,us,2012-03-10,37226,Argentina,-1
2012-03-20 23:00:26.450000+00:00,-28.156,-66.492,147.6,4.6,mw,39.0,64.7,,0.99,us,usp000jgj6,2014-11-07T01:47:17.358Z,"37 km NW of Pomán, Argentina",earthquake,,6.1,,9.0,reviewed,us,us,2012-03-20,37235,Argentina,1
2012-03-26 05:29:12+00:00,-29.275,-69.602,100.0,4.85,mw,115.0,76.9,,,us,usp000jgtg,2014-11-07T01:47:19.336Z,"135 km NW of San José de Jáchal, Argentina",earthquake,,,,74.0,reviewed,guc,us,2012-03-26,37178,Argentina,1
2012-03-26 23:41:57+00:00,-28.822,-68.056,113.0,4.51,mw,18.0,74.8,,,us,usp000jgut,2014-11-07T01:47:19.656Z,"16 km ESE of Vinchina, Argentina",earthquake,,,,1.0,reviewed,sja,us,2012-03-26,37251,Argentina,1
2012-04-04 19:08:41.770000+00:00,-24.533,-65.689,35.0,4.22,mw,10.0,120.5,,1.35,us,usp000jh8d,2014-11-07T01:47:26.106Z,"30 km ESE of Santa Rosa de Tastil, Argentina",earthquake,,,,,reviewed,us,sja,2012-04-04,37436,Argentina,-1
2012-04-14 10:56:19.380000+00:00,-57.679,-65.308,15.0,6.2,mww,288.0,16.0,,1.32,us,usp000jhy7,2022-05-03T15:39:13.503Z,Drake Passage,earthquake,,,,,reviewed,us,us,2012-04-14,37270,Argentina,-1
2012-04-15 22:50:44+00:00,-34.202,-68.594,12.0,4.6,mw,22.0,65.2,,,us,usp000jj1j,2014-11-07T01:47:32.549Z,"52 km NNW of San Rafael, Argentina",earthquake,,,,4.0,reviewed,sja,us,2012-04-15,37416,Argentina,1
2012-04-23 16:22:32.630000+00:00,-23.036,-66.094,211.2,4.77,mw,16.0,99.0,,0.73,us,usp000jjfm,2014-11-07T01:47:36.350Z,"46 km WNW of El Aguilar, Argentina",earthquake,,8.9,,8.0,reviewed,us,us,2012-04-23,37367,Argentina,2
2012-04-30 02:08:23+00:00,-23.708,-66.997,230.0,4.43,mw,11.0,149.9,,,us,usp000jjt1,2014-11-07T01:47:38.841Z,"89 km NW of San Antonio de los Cobres, Argentina",earthquake,,,,2.0,reviewed,sja,us,2012-04-30,37424,Argentina,2
2012-05-05 21:40:33+00:00,-28.842,-68.869,107.0,4.94,mw,48.0,59.3,,,us,usp000jk22,2014-11-07T01:47:44.755Z,"65 km W of Vinchina, Argentina",earthquake,,,,6.0,reviewed,sja,us,2012-05-05,37324,Argentina,1
2012-05-05 23:06:53+00:00,-31.474,-69.173,110.0,4.68,mw,23.0,102.2,,,us,usp000jk26,2014-11-07T01:47:44.766Z,"28 km ESE of Calingasta, Argentina",earthquake,,,,5.0,reviewed,sja,us,2012-05-05,37382,Argentina,1
2012-05-11 19:26:30.860000+00:00,-23.523,-63.615,545.5,4.77,mw,192.0,43.8,,0.79,us,usp000jkan,2014-11-07T01:47:46.794Z,"60 km SE of Embarcación, Argentina",earthquake,,,,139.0,reviewed,us,us,2012-05-11,37382,Argentina,-1
2012-05-16 19:56:56.920000+00:00,-54.144,-63.118,10.0,4.68,mw,11.0,215.7,,1.09,us,usp000jkgk,2014-11-07T01:47:48.045Z,"268 km E of Tolhuin, Argentina",earthquake,,,,1.0,reviewed,us,us,2012-05-16,37385,Argentina,-1
2012-05-21 05:15:26.450000+00:00,-31.263,-68.507,83.7,4.68,mw,35.0,75.0,,1.42,us,usp000jkqp,2014-11-07T01:47:50.694Z,"18 km N of San Martín, Argentina",earthquake,,7.1,,17.0,reviewed,us,us,2012-05-21,37389,Argentina,1
2012-05-24 19:18:54.970000+00:00,-36.912,-70.467,150.4,5.4,mwb,328.0,32.4,,0.87,us,usp000jkw2,2025-12-22T16:29:18.643Z,"26 km ENE of Las Ovejas, Argentina",earthquake,,,,,reviewed,us,us,2012-05-24,37286,Argentina,-1
2012-05-28 05:07:23.450000+00:00,-28.043,-63.094,586.9,6.7,mww,548.0,21.3,,0.82,us,usp000jm15,2022-05-03T15:40:59.561Z,"35 km ESE of Suncho Corral, Argentina",earthquake,,,,,reviewed,us,us,2012-05-28,37260,Argentina,3
2012-06-03 08:21:49.240000+00:00,-26.504,-63.385,559.6,4.43,mw,35.0,84.9,,1.14,us,usp000jm91,2014-11-07T01:47:59.772Z,"54 km W of Campo Gallo, Argentina",earthquake,,7.0,,21.0,reviewed,us,us,2012-06-03,37421,Argentina,3
2012-06-06 09:35:34.470000+00:00,-27.426,-63.264,573.6,4.77,mw,221.0,43.1,,0.77,us,usp000jme0,2014-11-07T01:48:01.334Z,"44 km S of El Hoyo, Argentina",earthquake,,,,138.0,reviewed,us,us,2012-06-06,37372,Argentina,3
2012-06-07 17:06:49.730000+00:00,-22.264,-65.799,282.2,5.11,mw,269.0,47.0,,0.89,us,usp000jmfq,2014-11-07T01:48:01.806Z,"27 km SW of La Quiaca, Argentina",earthquake,,,,184.0,reviewed,us,us,2012-06-07,37297,Argentina,2
2012-06-18 08:29:04.440000+00:00,-33.009,-68.496,22.8,5.54,mw,447.0,36.1,,0.73,us,usp000jmxf,2022-05-03T15:42:42.484Z,"8 km NNW of San Martín, Argentina",earthquake,,5.5,,296.0,reviewed,us,us,2012-06-18,37279,Argentina,1
2012-06-24 10:25:54.750000+00:00,-22.445,-66.702,190.4,5.62,mw,523.0,30.4,,0.8,us,usp000jn69,2025-12-22T16:30:22.282Z,"107 km WNW of Abra Pampa, Argentina",earthquake,,3.4,,298.0,reviewed,us,us,2012-06-24,37271,Argentina,2
2012-06-27 13:06:34.100000+00:00,-31.701,-67.692,40.5,4.85,mw,44.0,75.9,,0.73,us,usp000jna7,2014-11-07T01:48:09.795Z,"56 km E of Caucete, Argentina",earthquake,,4.5,,6.0,reviewed,us,us,2012-06-27,37351,Argentina,1
2012-06-28 11:49:11.260000+00:00,-31.447,-66.754,115.8,4.94,mw,161.0,48.4,,0.73,us,usp000jnbj,2014-11-07T01:48:10.054Z,"111 km NW of Candelaria, Argentina",earthquake,,3.0,,106.0,reviewed,us,us,2012-06-28,37310,Argentina,1
2012-07-04 15:23:29.390000+00:00,-28.389,-68.949,88.6,4.46,mw,19.0,69.2,,1.28,us,usp000jnm4,2014-11-07T01:48:16.180Z,"83 km WNW of Vinchina, Argentina",earthquake,,9.5,,,reviewed,us,guc,2012-07-04,37418,Argentina,1
2012-07-15 08:23:25.010000+00:00,-33.483,-67.477,199.9,4.94,mw,226.0,41.7,,0.82,us,usp000jp1b,2014-11-07T01:48:20.134Z,"102 km ESE of San Martín, Argentina",earthquake,,,,99.0,reviewed,us,us,2012-07-15,37314,Argentina,1
2012-07-20 11:35:52.720000+00:00,-24.278,-66.959,161.5,4.94,mw,79.0,53.5,,1.04,us,usp000jp7m,2014-11-07T01:48:21.608Z,"65 km W of San Antonio de los Cobres, Argentina",earthquake,,4.5,,27.0,reviewed,us,us,2012-07-20,37307,Argentina,2
2012-07-25 06:01:11.480000+00:00,-28.034,-66.526,139.6,4.94,mw,217.0,26.1,,0.79,us,usp000jpea,2025-12-22T16:31:17.596Z,"49 km NW of Mutquín, Argentina",earthquake,,3.1,,99.0,reviewed,us,us,2012-07-25,37320,Argentina,1
2012-08-04 13:11:46+00:00,-32.835,-69.175,33.0,4.68,mw,27.0,89.9,,,us,usp000jpw9,2015-03-24T02:37:01.167Z,"33 km W of Mendoza, Argentina",earthquake,,,,2.0,reviewed,sja,us,2012-08-04,37384,Argentina,1
2012-08-04 19:05:39.160000+00:00,-31.928,-69.358,118.6,5.28,mw,402.0,28.3,,0.74,us,usp000jpwk,2015-03-24T02:03:01.790Z,"66 km S of Calingasta, Argentina",earthquake,,,,294.0,reviewed,us,us,2012-08-04,37291,Argentina,1
2012-08-06 14:44:51.390000+00:00,-28.877,-66.449,31.6,4.43,mw,26.0,84.9,,1.03,us,usp000jpyy,2014-11-07T01:48:31.351Z,"40 km WSW of Capayán, Argentina",earthquake,,14.7,,1.0,reviewed,us,us,2012-08-06,37420,Argentina,1
2012-08-07 20:36:44.470000+00:00,-22.544,-63.902,30.5,4.94,mw,58.0,66.6,,1.08,us,usp000jq0s,2014-11-07T01:48:31.719Z,"10 km WSW of Tartagal, Argentina",earthquake,,11.9,,33.0,reviewed,us,us,2012-08-07,37323,Argentina,-1
2012-08-11 00:16:56.850000+00:00,-23.946,-66.632,195.1,4.85,mw,38.0,57.6,,0.75,us,usp000jq55,2014-11-07T01:48:32.925Z,"43 km NW of San Antonio de los Cobres, Argentina",earthquake,,4.6,,20.0,reviewed,us,us,2012-08-11,37344,Argentina,2
2012-09-07 21:57:41.180000+00:00,-22.864,-66.434,204.8,4.85,mw,103.0,44.1,,0.84,us,usp000jryh,2014-11-07T01:48:48.719Z,"77 km WSW of Abra Pampa, Argentina",earthquake,,3.7,,45.0,reviewed,us,us,2012-09-07,37345,Argentina,2
2012-09-09 21:29:52+00:00,-27.49,-67.237,162.0,4.77,mw,34.0,73.8,,,us,usp000js28,2014-11-07T01:48:49.854Z,"22 km WNW of La Puerta de San José, Argentina",earthquake,,,,13.0,reviewed,sja,us,2012-09-09,37362,Argentina,1
2012-09-11 06:35:38+00:00,-31.875,-68.35,124.0,5.37,mw,425.0,30.0,,,us,usp000js4r,2025-12-22T16:26:35.204Z,"23 km S of Nueve de Julio, Argentina",earthquake,,,,232.0,reviewed,sja,us,2012-09-11,37291,Argentina,1
2012-09-12 09:20:58.130000+00:00,-32.606,-68.692,138.9,4.94,mw,182.0,46.8,,0.77,us,usp000js77,2014-11-07T01:48:50.909Z,"34 km NNE of Mendoza, Argentina",earthquake,,,,135.0,reviewed,us,us,2012-09-12,37335,Argentina,1
2012-09-15 09:37:17.650000+00:00,-32.853,-66.601,36.1,4.94,mw,64.0,48.4,,0.7,us,usp000jsc1,2014-11-07T01:48:51.804Z,"25 km SW of Villa General Roca, Argentina",earthquake,,4.3,,31.0,reviewed,us,us,2012-09-15,37341,Argentina,1
2012-09-27 01:36:29.600000+00:00,-23.254,-66.714,201.5,5.03,mw,28.0,96.8,,1.08,us,usp000jt1m,2014-11-07T01:48:55.481Z,"105 km W of El Aguilar, Argentina",earthquake,,9.1,,15.0,reviewed,us,us,2012-09-27,37302,Argentina,2
2012-10-09 03:30:33.260000+00:00,-29.393,-69.211,96.5,5.11,mw,251.0,45.7,,0.89,us,usp000jtry,2015-03-24T01:33:11.278Z,"104 km NNW of San José de Jáchal, Argentina",earthquake,,3.0,,167.0,reviewed,us,us,2012-10-09,37522,Argentina,1
2012-11-08 23:57:57.280000+00:00,-31.882,-69.07,107.2,4.94,mw,58.0,82.5,,0.75,us,usp000jv86,2014-11-07T01:49:19.685Z,"48 km SW of Villa Basilio Nievas, Argentina",earthquake,,3.7,,27.0,reviewed,us,us,2012-11-08,37562,Argentina,1
2012-11-09 06:31:44.390000+00:00,-33.427,-67.479,187.4,4.51,mw,44.0,83.6,,0.87,us,usp000jv8n,2014-11-07T01:49:19.768Z,"99 km ESE of San Martín, Argentina",earthquake,,4.8,,21.0,reviewed,us,us,2012-11-09,37618,Argentina,1
2012-11-22 13:07:10.420000+00:00,-22.742,-63.571,516.6,5.9,mww,552.0,15.6,,0.83,us,usp000jvy8,2022-05-03T15:59:28.729Z,"Salta, Argentina",earthquake,,2.8,,,reviewed,us,us,2012-11-22,37478,Argentina,-1
2012-11-29 00:09:39+00:00,-32.91,-69.106,8.0,5.28,mw,85.0,53.5,,,us,usp000jw78,2022-05-03T16:00:04.583Z,"26 km W of Mendoza, Argentina",earthquake,,,,42.0,reviewed,sja,us,2012-11-29,37499,Argentina,1
2012-11-29 20:40:59+00:00,-36.426,-71.082,3.3,4.6,mw,14.0,122.9,,,us,usp000jw86,2014-11-07T01:49:27.700Z,"69 km NNW of Las Ovejas, Argentina",earthquake,,,,1.0,reviewed,guc,us,2012-11-29,37596,Argentina,-1
2012-12-17 08:38:25+00:00,-32.342,-65.287,20.0,4.77,mw,17.0,104.3,,,us,usp000jx2c,2014-11-07T01:49:37.271Z,"7 km W of Santa Rosa del Conlara, Argentina",earthquake,,,,1.0,reviewed,sja,us,2012-12-17,37586,Argentina,-1
2012-12-22 05:30:30.970000+00:00,-25.862,-66.849,35.8,4.6,mw,46.0,84.8,,1.34,us,usp000jx8m,2014-11-07T01:49:38.525Z,"59 km ENE of Antofagasta de la Sierra, Argentina",earthquake,,7.4,,10.0,reviewed,us,us,2012-12-22,37600,Argentina,-1
2012-12-28 08:50:07.500000+00:00,-31.297,-64.992,10.0,5.03,mw,71.0,48.7,,1.2,us,usp000jxgp,2015-03-24T01:36:52.026Z,"9 km ENE of Salsacate, Argentina",earthquake,,,,38.0,reviewed,us,us,2012-12-28,37561,Argentina,-1
2013-01-01 12:21:24.990000+00:00,-26.915,-63.257,564.7,4.85,mw,191.0,57.4,,0.6,us,usp000jxq5,2014-11-07T01:49:44.021Z,"12 km N of El Hoyo, Argentina",earthquake,,2.6,,134.0,reviewed,us,us,2013-01-01,37584,Argentina,3
2013-01-06 18:17:31.370000+00:00,-22.863,-66.106,245.7,5.28,mw,45.0,73.9,,0.82,us,usp000jxzx,2014-11-07T01:49:47.213Z,"44 km WSW of Abra Pampa, Argentina",earthquake,,4.5,,8.0,reviewed,us,us,2013-01-06,37499,Argentina,2
2013-01-25 19:53:28.460000+00:00,-24.132,-65.247,41.4,5.37,mw,172.0,52.2,,1.01,us,usp000jyty,2022-05-03T16:04:12.353Z,"8 km NE of San Salvador de Jujuy, Argentina",earthquake,,4.9,,106.0,reviewed,us,us,2013-01-25,37479,Argentina,-1
2013-01-30 21:13:58+00:00,-29.895,-69.452,9.8,4.68,mw,34.0,52.3,,,us,usp000jywr,2014-11-07T01:49:54.826Z,"78 km WNW of San José de Jáchal, Argentina",earthquake,,,,1.0,reviewed,guc,us,2013-01-30,37586,Argentina,1
2013-01-31 02:45:01+00:00,-28.497,-67.437,148.0,4.85,mw,141.0,43.1,,,us,usc000eyzc,2014-11-07T01:49:54.944Z,"49 km SSE of Tinogasta, Argentina",earthquake,,,,94.0,reviewed,sja,us,2013-01-31,37576,Argentina,1
2013-02-05 20:15:09.320000+00:00,-23.747,-66.747,195.4,5.03,mw,24.0,60.0,,1.7,us,usc000f1kg,2014-11-07T01:50:00.862Z,"67 km NW of San Antonio de los Cobres, Argentina",earthquake,,12.0,,6.0,reviewed,us,us,2013-02-05,37556,Argentina,2
2013-02-14 08:40:15.050000+00:00,-25.092,-68.334,100.0,4.51,mw,33.0,59.4,,1.23,us,usc000f73z,2014-11-07T01:50:07.530Z,"142 km NW of Antofagasta de la Sierra, Argentina",earthquake,,6.5,,14.0,reviewed,us,us,2013-02-14,37619,Argentina,2
2013-02-20 11:18:53.280000+00:00,-27.774,-66.425,155.0,5.37,mw,363.0,27.3,,0.82,us,usc000fak0,2025-12-22T16:37:12.219Z,"23 km SSW of Andalgalá, Argentina",earthquake,,3.0,,235.0,reviewed,us,us,2013-02-20,37492,Argentina,1
2013-02-22 12:01:58.200000+00:00,-27.932,-63.097,575.2,6.1,mww,668.0,20.1,,0.8,us,usc000fbl2,2022-07-24T18:46:52.274Z,"32 km E of Suncho Corral, Argentina",earthquake,,2.6,,,reviewed,us,us,2013-02-22,37448,Argentina,3
2013-02-24 16:40:22.180000+00:00,-31.243,-68.477,93.5,5.03,mw,46.0,66.9,,0.77,us,us2013maau,2014-11-07T01:50:11.385Z,"20 km N of San Martín, Argentina",earthquake,,4.1,,2.0,reviewed,us,us,2013-02-24,37532,Argentina,1
2013-02-24 16:43:37.970000+00:00,-24.133,-66.857,166.1,5.2,mw,292.0,41.4,,0.73,us,usc000fcin,2025-12-22T16:37:21.485Z,"55 km W of San Antonio de los Cobres, Argentina",earthquake,,2.9,,215.0,reviewed,us,us,2013-02-24,37517,Argentina,2
2013-03-06 20:42:34.180000+00:00,-24.417,-67.848,115.7,4.94,mw,30.0,82.7,,0.99,us,usb000fmu1,2014-11-07T01:50:18.430Z,Chile-Argentina border region,earthquake,,5.4,,3.0,reviewed,us,us,2013-03-06,37567,Chile-Argentina border region,2
2013-03-10 02:55:01.590000+00:00,-31.602,-67.123,116.1,4.85,mw,71.0,46.9,,0.8,us,usb000fi5x,2014-11-07T01:50:19.027Z,"110 km E of Caucete, Argentina",earthquake,,3.7,,26.0,reviewed,us,us,2013-03-10,37582,Argentina,1
2013-03-15 16:03:49+00:00,-23.953,-67.463,230.7,4.46,mw,10.0,111.4,,,us,usb000flv0,2014-11-07T01:50:20.599Z,"119 km WNW of San Antonio de los Cobres, Argentina",earthquake,,,,,reviewed,guc,guc,2013-03-15,37619,Argentina,2
2013-03-28 14:28:03+00:00,-30.285,-69.501,18.1,5.11,mw,64.0,67.7,,,us,usb000fujv,2014-11-07T01:50:24.110Z,Chile-Argentina border region,earthquake,,,,16.0,reviewed,guc,us,2013-03-28,37528,Chile-Argentina border region,1
2013-03-29 19:44:30.420000+00:00,-31.803,-68.238,105.4,5.03,mw,16.0,79.2,,1.04,us,usb000fvvp,2014-11-07T01:50:24.914Z,"17 km SSE of Caucete, Argentina",earthquake,,9.3,,4.0,reviewed,us,us,2013-03-29,37537,Argentina,1
2013-03-29 20:36:36.340000+00:00,-24.321,-67.325,195.8,4.6,mw,15.0,95.2,,0.95,us,usb000fvyd,2014-11-07T01:50:24.939Z,"102 km W of San Antonio de los Cobres, Argentina",earthquake,,22.2,,3.0,reviewed,us,us,2013-03-29,37605,Argentina,2
2013-04-04 23:27:52.230000+00:00,-36.43,-69.94,26.6,4.6,mw,27.0,138.9,,0.85,us,us2013npcu,2014-11-07T01:50:30.487Z,"43 km N of Barrancas, Argentina",earthquake,,13.4,,3.0,reviewed,us,us,2013-04-04,37756,Argentina,-1
2013-04-07 23:32:39+00:00,-29.451,-68.093,108.0,4.94,mw,59.0,76.5,,,us,usb000g1uq,2014-11-07T01:50:31.717Z,"66 km WSW of Chilecito, Argentina",earthquake,,,,21.0,reviewed,sja,us,2013-04-07,37675,Argentina,1
2013-04-11 10:39:24.940000+00:00,-23.675,-64.574,26.5,5.11,mw,15.0,88.0,,1.02,us,usp000k05u,2014-11-07T01:50:32.856Z,"7 km NNE of Caimancito, Argentina",earthquake,,9.2,,2.0,reviewed,us,us,2013-04-11,37641,Argentina,-1
2013-04-13 14:47:59.580000+00:00,-28.997,-68.812,87.2,4.85,mw,48.0,48.7,,1.24,us,usb000g678,2014-11-07T01:50:33.569Z,"La Rioja, Argentina",earthquake,,5.4,,4.0,reviewed,us,us,2013-04-13,37688,Argentina,1
2013-04-15 09:20:25.320000+00:00,-27.497,-63.166,570.9,3.95,mw,22.0,101.0,,0.56,us,usp000k07x,2014-11-07T01:50:34.176Z,"52 km S of El Hoyo, Argentina",earthquake,,8.8,,,reviewed,us,sja,2013-04-15,37789,Argentina,3
2013-04-16 08:00:09+00:00,-27.699,-64.698,23.0,4.77,mw,19.0,100.0,,,us,usb000gbuq,2014-11-07T01:50:34.426Z,"27 km SE of Termas de Río Hondo, Argentina",earthquake,,,,2.0,reviewed,sja,us,2013-04-16,37728,Argentina,-1
2013-04-20 18:52:34.960000+00:00,-23.435,-66.657,233.4,4.51,mw,15.0,122.0,,0.75,us,us2013pfcd,2014-11-07T01:50:36.850Z,"93 km NNW of San Antonio de los Cobres, Argentina",earthquake,,33.9,,1.0,reviewed,us,us,2013-04-20,37760,Argentina,2
2013-04-20 19:14:33+00:00,-29.399,-68.543,6.0,4.94,mw,39.0,100.0,,,us,usb000gcsh,2014-11-07T01:50:36.852Z,"78 km SSW of Vinchina, Argentina",earthquake,,,,9.0,reviewed,sja,us,2013-04-20,37687,Argentina,1
2013-05-01 07:00:25.360000+00:00,-32.447,-69.373,121.8,5.2,mw,94.0,42.7,,1.33,us,usb000gjhy,2022-07-25T01:03:00.798Z,"71 km NW of Mendoza, Argentina",earthquake,,2.7,,38.0,reviewed,us,us,2013-05-01,37632,Argentina,1
2013-05-06 01:49:44.660000+00:00,-27.258,-67.198,121.8,4.85,mw,79.0,62.0,,0.8,us,usa000hisy,2014-11-07T01:50:44.923Z,"26 km W of Puerta de Corral Quemado, Argentina",earthquake,,4.9,,62.0,reviewed,us,us,2013-05-06,37690,Argentina,1
2013-05-06 02:03:31+00:00,-30.057,-70.975,72.5,4.31,mw,10.0,100.0,,,us,usp000k0k1,2014-11-07T01:50:44.930Z,Chile-Argentina border region,earthquake,,,,,reviewed,guc,guc,2013-05-06,37786,Chile-Argentina border region,-1
2013-05-12 21:56:27.440000+00:00,-29.834,-69.675,112.4,4.31,mw,7.0,220.4,,1.43,us,us2013qcec,2014-11-07T01:50:47.842Z,"100 km WNW of San José de Jáchal, Argentina",earthquake,,14.8,,,reviewed,us,guc,2013-05-12,37786,Argentina,1
2013-05-13 07:07:09.640000+00:00,-28.671,-67.198,134.5,4.6,mw,23.0,82.2,,1.44,us,usp000k0pb,2014-11-07T01:50:47.972Z,"40 km WSW of Arauco, Argentina",earthquake,,8.8,,5.0,reviewed,us,us,2013-05-13,37733,Argentina,1
2013-05-14 09:18:33.010000+00:00,-27.898,-66.577,166.9,4.85,mw,23.0,78.9,,1.4,us,usc000gwaa,2014-11-07T01:50:48.188Z,"43 km SW of Andalgalá, Argentina",earthquake,,15.0,,4.0,reviewed,us,us,2013-05-14,37688,Argentina,1
2013-05-18 10:22:22.180000+00:00,-28.636,-66.336,49.7,4.68,mw,23.0,127.0,,1.04,us,us2013qie4,2014-11-07T01:50:49.700Z,"29 km SSW of Pomán, Argentina",earthquake,,7.9,,1.0,reviewed,us,us,2013-05-18,37728,Argentina,1
2013-05-21 04:28:59+00:00,-31.516,-68.935,110.0,4.6,mw,24.0,79.5,,,us,usp000k0uy,2014-11-07T01:50:52.128Z,"19 km W of Villa Basilio Nievas, Argentina",earthquake,,,,4.0,reviewed,sja,us,2013-05-21,37745,Argentina,1
2013-05-24 18:50:31.720000+00:00,-30.51,-69.258,42.7,4.94,mw,48.0,73.0,,1.12,us,usb000h5iu,2014-11-07T01:50:54.039Z,"57 km WSW of San José de Jáchal, Argentina",earthquake,,5.5,,24.0,reviewed,us,us,2013-05-24,37663,Argentina,1
2013-06-05 16:26:01+00:00,-39.371,-71.304,139.7,4.51,mw,8.0,100.0,,,us,usp000k13y,2014-11-07T01:51:01.174Z,"36 km WSW of Aluminé, Argentina",earthquake,,,,1.0,reviewed,guc,us,2013-06-05,37774,Argentina,-1
2013-06-06 01:45:12.860000+00:00,-24.285,-67.136,176.1,5.03,mw,19.0,70.0,,1.37,us,usc000hgu2,2014-11-07T01:51:01.550Z,"83 km W of San Antonio de los Cobres, Argentina",earthquake,,28.4,,4.0,reviewed,us,us,2013-06-06,37657,Argentina,2
2013-06-06 17:42:14.820000+00:00,-34.928,-69.428,151.7,4.94,mw,20.0,141.0,,0.88,us,usp000k14t,2014-11-07T01:51:01.770Z,"106 km WSW of San Rafael, Argentina",earthquake,,8.9,,8.0,reviewed,us,us,2013-06-06,37665,Argentina,-1
2013-06-08 12:25:08.560000+00:00,-22.588,-66.691,215.0,5.6,mww,332.0,25.0,,0.67,us,usc000hj3r,2022-05-03T16:22:01.202Z,"103 km W of Abra Pampa, Argentina",earthquake,,,,,reviewed,us,us,2013-06-08,37628,Argentina,2
2013-06-21 00:06:19.340000+00:00,-26.887,-63.251,577.0,4.85,mw,181.0,60.0,,0.73,us,usc000hww9,2014-11-07T01:51:06.404Z,"15 km N of El Hoyo, Argentina",earthquake,,7.1,,1.0,reviewed,us,us,2013-06-21,37711,Argentina,3
2013-06-29 08:21:36.060000+00:00,-31.931,-69.126,105.4,4.85,mw,60.0,93.0,,0.74,us,usb000i39u,2014-11-07T01:51:08.180Z,"56 km SW of Villa Basilio Nievas, Argentina",earthquake,,2.5,,47.0,reviewed,us,us,2013-06-29,37703,Argentina,1
2013-07-02 20:04:55.790000+00:00,-23.851,-66.516,198.9,5.6,mww,464.0,34.0,,0.73,us,usb000i576,2022-05-03T16:22:46.135Z,"45 km NNW of San Antonio de los Cobres, Argentina",earthquake,,3.8,,,reviewed,us,us,2013-07-02,37625,Argentina,2
2013-07-05 00:07:36.100000+00:00,-32.794,-67.635,47.1,3.86,mw,18.0,73.0,,0.71,us,usp000k1qd,2014-11-07T01:51:13.610Z,"84 km ENE of San Martín, Argentina",earthquake,,8.5,,,reviewed,us,sja,2013-07-05,37791,Argentina,1
2013-07-13 12:39:27.970000+00:00,-27.695,-67.455,122.6,4.77,mw,48.0,43.0,,0.91,us,usb000idnk,2014-11-07T01:51:15.862Z,"16 km E of Fiambalá, Argentina",earthquake,,5.6,,25.0,reviewed,us,us,2013-07-13,37725,Argentina,1
2013-07-13 21:36:12.180000+00:00,-26.963,-66.83,9.9,5.2,mw,178.0,43.0,,0.85,us,usb000idvw,2022-05-03T16:23:08.817Z,"29 km N of Hualfín, Argentina",earthquake,,1.7,,190.0,reviewed,us,us,2013-07-13,37634,Argentina,1
2013-07-16 07:37:55.220000+00:00,-26.867,-65.064,38.1,4.6,mw,18.0,93.0,,0.85,us,usb000ifwt,2022-07-25T18:32:33.067Z,"8 km SE of Alderetes, Argentina",earthquake,,15.2,,3.0,reviewed,us,us,2013-07-16,37735,Argentina,-1
2013-07-16 13:31:41.650000+00:00,-29.478,-69.463,97.5,4.77,mw,12.0,119.0,,1.11,us,usb000if50,2014-11-07T01:51:16.890Z,"109 km NW of San José de Jáchal, Argentina",earthquake,,10.9,,4.0,reviewed,us,us,2013-07-16,37714,Argentina,1
2013-07-17 16:19:03.490000+00:00,-34.362,-66.821,11.6,5.03,mw,24.0,90.0,,0.56,us,usp000k23g,2014-11-07T01:51:17.493Z,"118 km NW of Unión, Argentina",earthquake,,4.1,,8.0,reviewed,us,us,2013-07-17,37641,Argentina,-1
2013-07-21 12:07:32+00:00,-24.114,-67.677,203.8,4.94,mw,14.0,100.0,,,us,usp000k28b,2014-11-07T01:51:18.998Z,"138 km W of San Antonio de los Cobres, Argentina",earthquake,,,,2.0,reviewed,guc,us,2013-07-21,37664,Argentina,2
2013-07-23 07:10:45.930000+00:00,-24.516,-67.951,163.9,4.68,mw,14.0,118.0,,0.69,us,usb000ikjj,2014-11-07T01:51:19.692Z,"168 km W of San Antonio de los Cobres, Argentina",earthquake,,16.3,,3.0,reviewed,us,us,2013-07-23,37729,Argentina,2
2013-08-02 15:33:03+00:00,-30.202,-69.526,15.8,4.38,mw,,,,1.76,us,usb000iv0c,2013-09-25T17:45:50.000Z,"75 km W of San José de Jáchal, Argentina",earthquake,,3.8,,,reviewed,us_guc,us_guc,2013-08-02,37785,Argentina,1
2013-08-05 06:42:58+00:00,-23.895,-67.289,201.6,4.51,mw,,,,1.42,us,usb000iver,2013-09-25T17:45:53.000Z,"104 km WNW of San Antonio de los Cobres, Argentina",earthquake,,8.6,0.37,,reviewed,us_guc,us,2013-08-05,37780,Argentina,2
2013-08-13 09:53:30.060000+00:00,-27.9947,-68.7553,87.34,4.77,mw,,69.0,1.37,0.73,us,usb000j1zx,2013-10-19T02:41:41.000Z,Chile-Argentina border region,earthquake,,5.4,0.07,,reviewed,us,us,2013-08-13,37725,Chile-Argentina border region,1
2013-08-17 20:03:12.690000+00:00,-22.9875,-66.2274,235.32,4.94,mw,,38.0,2.504,0.96,us,usb000j5p8,2013-10-19T02:41:49.000Z,"61 km WNW of El Aguilar, Argentina",earthquake,,5.8,0.062,,reviewed,us,us,2013-08-17,37669,Argentina,2
2013-08-31 02:32:16+00:00,-31.546,-69.386,110.0,5.03,mw,,,,0.91,us,usb000je7b,2013-11-06T01:33:35.000Z,"23 km S of Calingasta, Argentina",earthquake,,4.3,0.052,,reviewed,us_sja,us,2013-08-31,37657,Argentina,1
2013-09-06 00:08:58.430000+00:00,-24.3292,-66.5446,61.38,5.11,mw,,84.0,2.764,0.68,us,usb000jjc7,2013-11-15T03:20:25.000Z,"26 km WSW of San Antonio de los Cobres, Argentina",earthquake,,8.1,0.143,,reviewed,us,us,2013-09-06,37636,Argentina,2
2013-09-08 22:38:48+00:00,-22.472,-66.149,269.0,4.77,mw,,,,2.83,us,usb000jlsl,2013-11-15T03:20:29.000Z,"54 km WNW of Abra Pampa, Argentina",earthquake,,8.0,0.239,,reviewed,us_sja,us,2013-09-08,37717,Argentina,2
2013-09-11 19:18:18.680000+00:00,-28.0878,-67.1849,124.28,5.11,mw,,129.0,2.745,0.55,us,usc000jwyv,2013-11-19T17:37:26.000Z,"37 km E of Tinogasta, Argentina",earthquake,,7.9,0.111,,reviewed,us,us,2013-09-11,37637,Argentina,1
2013-09-12 01:43:22+00:00,-31.719,-64.973,20.0,5.03,mw,,,,1.46,us,usc000js9i,2022-07-25T22:02:07.794Z,"3 km E of Mina Clavero, Argentina",earthquake,,3.7,0.065,,reviewed,us_sja,us,2013-09-12,37652,Argentina,-1
2013-09-12 22:51:22.840000+00:00,-28.3601,-67.5396,128.92,4.6,mw,,76.0,2.502,0.78,us,usb000jvzy,2013-11-19T17:37:35.000Z,"32 km S of Tinogasta, Argentina",earthquake,,6.7,0.132,,reviewed,us,us,2013-09-12,37748,Argentina,1
2013-09-15 06:04:34.020000+00:00,-33.199,-69.5935,102.33,4.43,mw,,60.0,0.908,1.02,us,usc000jusa,2013-11-19T17:38:00.000Z,"79 km WSW of Mendoza, Argentina",earthquake,,7.8,0.232,,reviewed,us,us,2013-09-15,37782,Argentina,1
2013-09-17 07:12:05.110000+00:00,-22.3161,-65.7757,259.85,4.94,mw,,42.0,2.915,0.8,us,usc000jw3k,2013-12-09T21:11:07.000Z,"30 km SW of La Quiaca, Argentina",earthquake,,3.5,0.044,,reviewed,us,us,2013-09-17,37672,Argentina,2
2013-09-26 13:51:55.560000+00:00,-32.9023,-66.1768,92.74,3.77,mw,,96.0,3.786,0.54,us,usb000ku2d,2013-12-13T09:00:33.000Z,"33 km NNE of La Punta, Argentina",earthquake,,40.8,,,reviewed,us,sja,2013-09-26,37972,Argentina,1
2013-09-28 03:36:31+00:00,-32.285,-68.633,130.0,4.51,mw,,,,1.49,us,usb000k1f1,2013-12-13T09:00:35.000Z,"66 km S of Pocito, Argentina",earthquake,,8.8,0.301,,reviewed,sja,us,2013-09-28,37948,Argentina,1
2013-10-08 04:56:17.080000+00:00,-29.1366,-68.4507,105.03,3.86,mw,,74.0,1.973,0.93,us,usb000k8dw,2013-12-24T01:42:56.000Z,"48 km SSW of Vinchina, Argentina",earthquake,,24.5,,,reviewed,us,sja,2013-10-08,37971,Argentina,1
2013-10-11 01:45:08+00:00,-28.079,-65.753,33.0,4.94,mw,,,,0.83,us,usb000kair,2022-07-25T23:27:31.338Z,"8 km SSW of San Antonio, Argentina",earthquake,,0.8,0.092,,reviewed,sja,us,2013-10-11,37870,Argentina,1
2013-10-11 12:48:07.810000+00:00,-27.9655,-64.722,37.35,4.94,mw,,42.0,4.898,0.48,us,usb000kaqz,2013-12-24T01:42:59.000Z,"43 km E of San Pedro de Guasayán, Argentina",earthquake,,5.9,0.071,,reviewed,us,us,2013-10-11,37875,Argentina,-1
2013-10-18 22:53:10.350000+00:00,-26.0424,-67.4702,49.57,4.68,mw,,108.0,3.767,0.88,us,usc000kpdj,2013-12-30T23:41:13.000Z,"6 km WNW of Antofagasta de la Sierra, Argentina",earthquake,,7.1,0.265,,reviewed,us,us,2013-10-18,37919,Argentina,-1
2013-10-24 02:19:42.110000+00:00,-27.5312,-67.3262,119.88,4.77,mw,,74.0,2.582,0.76,us,usc000km2d,2014-01-03T00:32:52.000Z,"27 km NW of Londres, Argentina",earthquake,,6.0,0.115,,reviewed,us,us,2013-10-24,37906,Argentina,1
2013-10-24 16:08:11.920000+00:00,-27.4624,-68.8261,110.84,4.51,mw,,74.0,1.257,1.01,us,usc000kmak,2014-01-03T00:32:52.000Z,"121 km WNW of Fiambalá, Argentina",earthquake,,11.7,0.302,,reviewed,us,us,2013-10-24,37952,Argentina,1
2013-10-30 16:46:41.810000+00:00,-28.3644,-69.2052,95.2,4.77,mw,,66.0,1.191,0.92,us,usb000kyci,2014-01-10T10:03:38.000Z,"107 km WNW of Vinchina, Argentina",earthquake,,6.6,0.31,,reviewed,us,us,2013-10-30,37913,Argentina,1
2013-11-14 04:20:57+00:00,-36.7,-71.19,25.0,4.43,mw,,,,0.89,us,usb000kxka,2014-01-31T21:22:19.000Z,"50 km NW of Las Ovejas, Argentina",earthquake,,2.8,0.184,,reviewed,guc,us,2013-11-14,37959,Argentina,-1
2013-11-15 06:19:12.780000+00:00,-32.6627,-67.4793,22.26,4.9,mwr,,24.0,1.235,0.81,us,usb000kyrl,2022-07-26T01:37:54.418Z,"96 km W of Villa General Roca, Argentina",earthquake,,3.2,0.068,,reviewed,us,us,2013-11-15,37875,Argentina,1
2013-11-16 17:59:48.970000+00:00,-30.9232,-65.4115,179.7,4.77,mw,,91.0,2.513,0.96,us,usb000l00c,2014-01-31T21:22:23.000Z,"31 km S of Serrezuela, Argentina",earthquake,,6.4,0.105,,reviewed,us,us,2013-11-16,37913,Argentina,-1
2013-12-02 14:53:33.480000+00:00,-24.0959,-66.6169,187.2,4.85,mw,,54.0,2.573,1.01,us,usb000l9cn,2014-02-12T01:08:41.000Z,"33 km WNW of San Antonio de los Cobres, Argentina",earthquake,,7.3,0.181,,reviewed,us,us,2013-12-02,37877,Argentina,2
2013-12-05 23:15:27.890000+00:00,-36.5733,-70.637,135.49,4.6,mw,,134.0,1.881,0.73,us,usb000le51,2014-02-15T01:32:10.000Z,"47 km NNE of Las Ovejas, Argentina",earthquake,,9.2,0.199,,reviewed,us,us,2013-12-05,37935,Argentina,-1
2013-12-10 00:51:27.900000+00:00,-31.3939,-69.2994,113.0,5.54,mw,,31.0,0.931,1.36,us,usc000lh59,2025-12-22T17:18:05.888Z,"13 km ESE of Calingasta, Argentina",earthquake,,3.7,0.034,,reviewed,us,us,2013-12-10,37800,Argentina,1
2013-12-10 14:06:29.530000+00:00,-22.6504,-66.5341,275.74,4.51,mw,,129.0,2.196,0.39,us,usb000m5rz,2014-02-21T23:00:50.000Z,"86 km W of Abra Pampa, Argentina",earthquake,,16.1,0.368,,reviewed,us,us,2013-12-10,37954,Argentina,2
2013-12-12 09:46:29.720000+00:00,-24.6986,-64.5146,49.47,5.11,mw,,101.0,4.534,0.7,us,usc000liwf,2014-02-21T23:00:52.000Z,"32 km W of Las Lajitas, Argentina",earthquake,,10.0,0.168,,reviewed,us,us,2013-12-12,37828,Argentina,-1
2013-12-21 19:42:17+00:00,-28.764,-66.962,153.0,5.11,mw,,,,1.65,us,usc000lpm6,2014-02-27T21:37:25.000Z,"26 km SW of Arauco, Argentina",earthquake,,4.7,0.063,,reviewed,sja,us,2013-12-21,37828,Argentina,1
2014-01-01 16:14:14.380000+00:00,-22.4184,-66.1327,240.69,5.2,mw,,71.0,2.576,0.73,us,usc000lvb7,2014-03-07T00:25:54.000Z,"55 km NW of Abra Pampa, Argentina",earthquake,,6.1,0.082,49.0,reviewed,us,us,2014-01-01,37815,Argentina,2
2014-01-06 05:53:28.090000+00:00,-24.2945,-67.0508,161.59,4.85,mw,,75.0,2.391,1.15,us,usc000lxh7,2014-03-07T00:26:00.000Z,"74 km W of San Antonio de los Cobres, Argentina",earthquake,,6.7,0.242,6.0,reviewed,us,us,2014-01-06,37886,Argentina,2
2014-01-10 14:59:38.820000+00:00,-27.9515,-66.5612,150.9,5.11,mw,,44.0,3.274,1.05,us,usc000m038,2014-03-15T03:39:00.000Z,"47 km SSW of Andalgalá, Argentina",earthquake,,5.3,0.116,26.0,reviewed,us,us,2014-01-10,37815,Argentina,1
2014-01-10 15:44:11.160000+00:00,-29.286,-67.7789,119.51,4.77,mw,,115.0,2.344,1.37,us,usc000m04r,2014-03-15T03:39:00.000Z,"30 km WSW of Chilecito, Argentina",earthquake,,6.6,0.535,2.0,reviewed,us,us,2014-01-10,37911,Argentina,1
2014-01-15 08:38:08.750000+00:00,-31.1362,-68.1214,104.66,5.45,mw,,38.0,0.477,0.97,us,usb000m1d3,2025-12-22T16:46:15.908Z,"48 km NE of San Martín, Argentina",earthquake,,3.6,0.036,282.0,reviewed,us,us,2014-01-15,37802,Argentina,1
2014-01-17 06:17:17.150000+00:00,-27.1579,-63.4637,569.68,4.51,mw,,45.0,5.545,0.65,us,usc000meku,2014-03-22T00:05:18.000Z,"27 km WSW of El Hoyo, Argentina",earthquake,,6.8,0.124,18.0,reviewed,us,us,2014-01-17,37941,Argentina,3
2014-01-17 15:10:29.740000+00:00,-29.3228,-66.7828,40.31,4.94,mw,,50.0,2.598,1.16,us,usb000m2xe,2014-03-22T00:05:19.000Z,"11 km NE of La Rioja, Argentina",earthquake,,6.4,0.244,7.0,reviewed,us,us,2014-01-17,37850,Argentina,1
2014-01-17 23:06:19+00:00,-24.059,-67.416,235.3,4.94,mw,,,,1.31,us,usb000m3gu,2014-03-22T00:05:20.000Z,"112 km W of San Antonio de los Cobres, Argentina",earthquake,,3.8,0.035,277.0,reviewed,guc,us,2014-01-17,37851,Argentina,2
2014-01-23 03:05:40+00:00,-28.504,-67.396,149.0,4.77,mw,,,,1.18,us,usb000m6iu,2014-03-27T18:15:36.000Z,"51 km SSE of Tinogasta, Argentina",earthquake,,6.1,0.19,9.0,reviewed,sja,us,2014-01-23,37913,Argentina,1
2014-01-28 18:18:24.440000+00:00,-23.0403,-66.7693,177.38,4.85,mw,,48.0,2.021,1.15,us,usc000mpvl,2014-03-27T18:15:46.000Z,"113 km W of El Aguilar, Argentina",earthquake,,7.1,0.171,12.0,reviewed,us,us,2014-01-28,37906,Argentina,2
2014-02-08 19:58:11+00:00,-30.129,-69.029,123.0,4.85,mw,,,,0.85,us,usc000mvjl,2014-04-22T18:30:09.000Z,"29 km WNW of San José de Jáchal, Argentina",earthquake,,4.6,0.271,4.0,reviewed,sja,us,2014-02-08,37897,Argentina,1
2014-02-14 12:40:14+00:00,-28.857,-67.394,130.0,4.51,mw,,,,0.81,us,usc000ne4l,2014-04-30T21:18:20.000Z,"35 km NNE of Chilecito, Argentina",earthquake,,8.3,0.261,4.0,reviewed,sja,us,2014-02-14,37959,Argentina,1
2014-02-21 10:43:47+00:00,-28.532,-67.95,127.0,5.03,mw,,,,1.51,us,usc000mvd7,2014-05-07T00:03:05.000Z,"35 km NE of Vinchina, Argentina",earthquake,,5.5,0.117,24.0,reviewed,sja,us,2014-02-21,37834,Argentina,1
2014-02-25 15:43:31.900000+00:00,-59.4033,-59.9734,15.01,5.37,mw,,89.0,5.719,0.86,us,usc000mxt4,2025-12-22T16:48:13.097Z,Drake Passage,earthquake,,3.4,0.134,25.0,reviewed,us,us,2014-02-25,37812,Argentina,-1
2014-02-27 17:23:05.700000+00:00,-31.2234,-68.6357,109.66,5.11,mw,,70.0,0.51,0.61,us,usc000mz5a,2014-05-13T21:36:43.000Z,"25 km NNW of Albardón, Argentina",earthquake,,2.4,0.105,28.0,reviewed,us,us,2014-02-27,37822,Argentina,1
2014-03-04 09:41:07+00:00,-31.594,-68.683,112.0,4.6,mw,,,,1.41,us,usc000nb6n,2014-05-13T21:36:51.000Z,"6 km SE of Villa Basilio Nievas, Argentina",earthquake,,4.1,0.306,4.0,reviewed,sja,us,2014-03-04,37924,Argentina,1
2014-03-04 16:19:55.450000+00:00,-32.0572,-69.5203,106.78,4.94,mw,,95.0,1.457,0.62,us,usc000nb72,2014-05-13T21:36:51.000Z,"80 km S of Calingasta, Argentina",earthquake,,7.6,0.206,7.0,reviewed,us,us,2014-03-04,37849,Argentina,1
2014-03-16 15:33:58.810000+00:00,-23.1015,-66.3534,214.25,4.94,mw,,91.0,2.408,1.09,us,usc000npv6,2014-05-16T21:51:43.000Z,"70 km W of El Aguilar, Argentina",earthquake,,9.0,0.273,5.0,reviewed,us,us,2014-03-16,37867,Argentina,2
2014-03-17 08:10:26+00:00,-31.711,-69.773,109.0,4.85,mw,,,,0.74,us,usc000nssb,2014-05-16T21:51:46.000Z,"53 km SW of Calingasta, Argentina",earthquake,,4.6,0.087,42.0,reviewed,sja,us,2014-03-17,37902,Argentina,1
2014-03-27 23:50:52.190000+00:00,-29.1646,-68.7459,10.0,5.7,mww,,24.0,1.717,0.71,us,usc000nu2x,2022-07-26T10:51:14.034Z,"69 km SW of Vinchina, Argentina",earthquake,,1.7,,,reviewed,us,us,2014-03-27,37982,Argentina,1
2014-04-02 16:34:50.700000+00:00,-23.9292,-66.9448,176.39,5.03,mw,,44.0,2.233,0.88,us,usb000pmng,2014-06-11T06:06:03.000Z,"71 km WNW of San Antonio de los Cobres, Argentina",earthquake,,7.2,0.183,9.0,reviewed,us,us,2014-04-02,38004,Argentina,2
2014-04-05 11:52:53+00:00,-33.237,-69.639,10.0,4.43,mw,,,,0.7,us,usb000pp3l,2014-06-11T06:06:09.000Z,"84 km WSW of Mendoza, Argentina",earthquake,,6.0,0.299,3.0,reviewed,sja,us,2014-04-05,38142,Argentina,1
2014-04-09 10:04:03.330000+00:00,-24.5349,-66.4474,180.47,4.85,mw,,89.0,2.922,0.71,us,usc000pccn,2014-07-01T02:37:52.000Z,"37 km SSW of San Antonio de los Cobres, Argentina",earthquake,,6.5,0.083,42.0,reviewed,us,us,2014-04-09,38055,Argentina,2
2014-04-10 06:51:36.960000+00:00,-31.6779,-69.6041,113.98,4.77,mw,,101.0,1.167,0.71,us,usb000qpqx,2014-07-01T02:37:53.000Z,"41 km SSW of Calingasta, Argentina",earthquake,,7.0,0.269,4.0,reviewed,us,us,2014-04-10,38093,Argentina,1
2014-04-18 07:46:57.180000+00:00,-27.7456,-62.7797,609.68,5.45,mw,,26.0,5.059,0.77,us,usb000ppxf,2022-05-03T16:48:05.197Z,"37 km WSW of Quimilí, Argentina",earthquake,,4.2,0.026,501.0,reviewed,us,us,2014-04-18,37991,Argentina,3
2014-04-20 00:58:26.030000+00:00,-28.386,-69.0054,113.53,5.03,mw,,59.0,1.343,0.81,us,usb000prr4,2014-07-04T01:34:24.000Z,"88 km WNW of Vinchina, Argentina",earthquake,,4.9,0.037,245.0,reviewed,us,us,2014-04-20,38006,Argentina,1
2014-04-20 12:41:52.790000+00:00,-28.2701,-67.4745,113.24,4.94,mw,,43.0,2.533,0.7,us,usb000pryt,2014-07-04T01:34:36.000Z,"24 km SSE of Tinogasta, Argentina",earthquake,,5.5,0.06,88.0,reviewed,us,us,2014-04-20,38006,Argentina,1
2014-05-01 23:44:12.500000+00:00,-27.1027,-63.4103,569.33,4.77,mw,,43.0,5.491,0.67,us,usb000q6s9,2014-07-27T21:51:15.000Z,"19 km WSW of El Hoyo, Argentina",earthquake,,6.7,0.042,171.0,reviewed,us,us,2014-05-01,38096,Argentina,3
2014-05-05 10:52:25.960000+00:00,-33.5756,-67.5553,200.21,4.94,mw,,48.0,2.646,1.03,us,usb000qac5,2014-07-27T21:51:22.000Z,"101 km ESE of San Martín, Argentina",earthquake,,5.6,0.05,127.0,reviewed,us,us,2014-05-05,38017,Argentina,1
2014-05-06 13:21:37.760000+00:00,-29.8311,-67.5051,103.46,4.94,mw,,88.0,2.252,1.4,us,usb000qbyx,2014-07-27T21:51:25.000Z,"74 km S of Chilecito, Argentina",earthquake,,7.0,0.314,3.0,reviewed,us,us,2014-05-06,38030,Argentina,1
2014-05-14 03:38:21.250000+00:00,-22.7239,-66.4407,213.12,5.6,mww,,23.0,2.284,0.84,us,usb000qlti,2022-07-26T14:57:23.646Z,"76 km W of Abra Pampa, Argentina",earthquake,,4.3,,,reviewed,us,us,2014-05-14,37988,Argentina,2
2014-05-19 12:54:40.330000+00:00,-31.9367,-67.4408,118.25,4.77,mw,,94.0,0.755,1.28,us,usb000qum2,2014-08-09T02:53:49.000Z,"85 km ESE of Caucete, Argentina",earthquake,,4.6,0.219,7.0,reviewed,us,us,2014-05-19,38083,Argentina,1
2014-05-23 15:57:14.380000+00:00,-31.3573,-68.5075,96.07,4.77,mw,,48.0,1.939,1.25,us,usb000r1c0,2014-08-23T08:36:44.000Z,"8 km N of San Martín, Argentina",earthquake,,5.7,0.17,10.0,reviewed,us,us,2014-05-23,38072,Argentina,1
2014-06-08 06:05:06.180000+00:00,-31.2976,-66.414,11.42,5.2,mw,,47.0,1.588,0.76,us,usc000rcp9,2022-07-26T16:42:49.156Z,"101 km NNW of Candelaria, Argentina",earthquake,,2.8,0.049,146.0,reviewed,us,us,2014-06-08,37995,Argentina,1
2014-06-08 20:19:35.530000+00:00,-31.4321,-68.9563,113.27,5.11,mw,,49.0,0.258,0.83,us,usc000rcs7,2022-07-26T16:45:39.927Z,"24 km WNW of Villa Basilio Nievas, Argentina",earthquake,,2.8,0.048,140.0,reviewed,us,us,2014-06-08,37996,Argentina,1
2014-06-15 07:08:29+00:00,-27.41,-68.101,147.0,3.86,mw,,,,1.45,us,usc000rfqm,2014-09-12T15:47:34.000Z,"55 km WNW of Fiambalá, Argentina",earthquake,,8.9,,,reviewed,sja,sja,2014-06-15,38153,Argentina,1
2014-06-22 03:33:24.450000+00:00,-24.6018,-67.5573,125.64,4.77,mw,,43.0,1.929,1.15,us,usc000rjw6,2014-09-19T17:23:05.000Z,"132 km WSW of San Antonio de los Cobres, Argentina",earthquake,,6.1,0.082,66.0,reviewed,us,us,2014-06-22,38084,Argentina,2
2014-06-25 10:45:30.160000+00:00,-28.1534,-65.8019,26.91,4.94,mw,,81.0,3.234,0.76,us,usc000rlse,2014-09-26T11:49:36.000Z,"9 km NE of El Rodeo, Argentina",earthquake,,4.5,0.094,36.0,reviewed,us,us,2014-06-25,38022,Argentina,1
2014-07-06 20:57:35.590000+00:00,-27.6027,-67.4017,127.48,4.43,mw,,76.0,1.718,1.04,us,usc000rr1k,2014-10-04T19:59:58.000Z,"22 km ENE of Fiambalá, Argentina",earthquake,,6.8,0.196,7.0,reviewed,us,us,2014-07-06,38142,Argentina,1
2014-07-07 15:09:25.730000+00:00,-24.0879,-67.5002,227.89,4.68,mw,,130.0,1.958,0.51,us,usc000rr8g,2014-10-04T19:59:59.000Z,"120 km W of San Antonio de los Cobres, Argentina",earthquake,,9.4,0.375,2.0,reviewed,us,us,2014-07-07,38106,Argentina,2
2014-07-16 13:29:50.230000+00:00,-24.234,-64.881,45.43,4.43,mw,,71.0,4.038,0.89,us,usb000rtm5,2014-10-17T21:12:05.000Z,"1 km WSW of San Pedro de Jujuy, Argentina",earthquake,,5.0,0.196,10.0,reviewed,us,us,2014-07-16,38148,Argentina,-1
2014-07-19 11:53:05.840000+00:00,-28.6396,-67.5002,118.04,4.43,mw,,82.0,2.305,1.25,us,usb000ruja,2014-10-17T21:12:10.000Z,"57 km N of Chilecito, Argentina",earthquake,,6.4,0.232,6.0,reviewed,us,us,2014-07-19,38148,Argentina,1
2014-07-29 01:22:03.960000+00:00,-23.5433,-63.6414,534.36,4.68,mw,,45.0,4.94,0.82,us,usb000ry6q,2014-10-25T01:49:42.000Z,"59 km SE of Embarcación, Argentina",earthquake,,5.7,0.047,142.0,reviewed,us,us,2014-07-29,38126,Argentina,-1
2014-07-29 13:03:17.090000+00:00,-37.063,-70.8253,154.09,4.85,mw,,69.0,0.536,0.57,us,usb000ry9p,2014-10-25T01:49:42.000Z,"10 km SW of Las Ovejas, Argentina",earthquake,,5.4,0.115,22.0,reviewed,us,us,2014-07-29,38062,Argentina,-1
2014-08-01 14:48:22.120000+00:00,-23.1868,-66.6,195.35,4.94,mw,,44.0,2.206,1.08,us,usb000rz7s,2014-10-29T19:52:53.000Z,"94 km W of El Aguilar, Argentina",earthquake,,5.5,0.054,119.0,reviewed,us,us,2014-08-01,38035,Argentina,2
2014-08-10 15:49:59.810000+00:00,-31.4242,-67.8413,93.35,4.68,mw,,95.0,0.73,1.19,us,usb000s1q4,2014-11-07T21:47:38.000Z,"48 km ENE of Caucete, Argentina",earthquake,,6.0,0.238,7.0,reviewed,us,us,2014-08-10,38118,Argentina,1
2014-08-18 15:10:48.580000+00:00,-32.2527,-69.358,107.65,4.85,mw,,63.0,1.129,0.44,us,usb000s3rb,2014-11-15T04:07:14.000Z,"86 km NW of Mendoza, Argentina",earthquake,,5.5,0.157,22.0,reviewed,us,us,2014-08-18,38055,Argentina,1
2014-08-25 01:35:50.890000+00:00,-57.0234,-67.1796,10.0,4.77,mw,,148.0,2.111,0.81,us,usb000s9pu,2014-11-22T02:06:35.000Z,"256 km SSE of Ushuaia, Argentina",earthquake,7.9,1.9,0.169,12.0,reviewed,us,us,2014-08-25,38069,Argentina,-1
2014-08-25 13:24:31+00:00,-31.187,-67.532,110.0,4.31,mw,,,,2.4,us,usb000s60p,2014-11-22T02:06:36.000Z,"61 km S of San Agustín de Valle Fértil, Argentina",earthquake,8.2,7.5,0.066,32.0,reviewed,sja,us,2014-08-25,38149,Argentina,1
2014-09-03 08:46:24.220000+00:00,-29.7166,-68.3373,99.8,4.6,mw,,86.0,1.548,1.27,us,usc000s97r,2014-12-05T23:36:30.040Z,"70 km NE of San José de Jáchal, Argentina",earthquake,8.5,5.4,0.526,4.0,reviewed,us,us,2014-09-03,38133,Argentina,1
2014-09-03 23:00:42.020000+00:00,-27.871,-66.8378,154.83,4.85,mw,,43.0,2.284,0.98,us,usc000s9t1,2014-12-05T23:36:31.040Z,"33 km ESE of Londres, Argentina",earthquake,8.2,2.6,0.113,26.0,reviewed,us,us,2014-09-03,38039,Argentina,1
2014-09-09 05:06:12.190000+00:00,-23.5705,-67.0847,232.93,4.6,mw,,133.0,1.933,0.9,us,usb000salv,2014-12-05T23:36:40.040Z,"105 km NW of San Antonio de los Cobres, Argentina",earthquake,8.8,16.1,0.526,2.0,reviewed,us,us,2014-09-09,38133,Argentina,2
2014-09-09 08:55:12.240000+00:00,-33.4835,-68.6429,52.06,4.77,mw,,109.0,1.735,1.37,us,usb000sdze,2014-12-05T23:36:40.040Z,"47 km SSW of San Martín, Argentina",earthquake,6.8,7.7,0.13,19.0,reviewed,us,us,2014-09-09,38106,Argentina,1
2014-09-10 12:49:13.100000+00:00,-28.499,-67.8885,113.75,4.94,mw,,55.0,1.989,0.87,us,usb000sb23,2014-12-08T23:30:55.040Z,"42 km NE of Vinchina, Argentina",earthquake,6.4,7.0,0.084,47.0,reviewed,us,us,2014-09-10,38021,Argentina,1
2014-09-14 04:17:56.990000+00:00,-24.4166,-67.1142,162.41,4.68,mw,,43.0,2.37,1.05,us,usb000sc7r,2014-12-08T23:31:00.040Z,"83 km WSW of San Antonio de los Cobres, Argentina",earthquake,8.2,6.5,0.187,9.0,reviewed,us,us,2014-09-14,38109,Argentina,2
2014-09-22 03:36:00.670000+00:00,-28.2446,-67.337,107.57,4.77,mw,,43.0,2.644,1.22,us,usb000sevh,2014-12-19T00:05:25.040Z,"30 km SE of Tinogasta, Argentina",earthquake,7.5,6.5,0.143,16.0,reviewed,us,us,2014-09-22,38276,Argentina,1
2014-09-24 11:16:15.010000+00:00,-23.8009,-66.6321,224.0,6.2,mww,,25.0,2.407,1.19,us,usb000sfj5,2022-07-27T02:48:35.363Z,"56 km NW of San Antonio de los Cobres, Argentina",earthquake,6.9,1.8,,,reviewed,us,us,2014-09-24,38192,Argentina,2
2014-10-23 00:21:27.260000+00:00,-28.7095,-69.4168,118.58,5.11,mw,,46.0,0.762,1.35,us,usb000spx3,2015-01-17T01:25:33.040Z,"118 km W of Vinchina, Argentina",earthquake,5.9,4.7,0.063,83.0,reviewed,us,us,2014-10-23,38192,Argentina,1
2014-10-23 17:19:56.640000+00:00,-22.6063,-65.1331,336.34,4.6,mw,,74.0,3.491,0.69,us,usb000sq49,2015-01-17T01:25:34.040Z,"59 km ENE of Abra Pampa, Argentina",earthquake,9.9,9.3,0.167,10.0,reviewed,us,us,2014-10-23,38294,Argentina,-1
2014-10-26 07:33:00.280000+00:00,-24.7138,-68.1162,171.32,4.43,mw,,82.0,1.41,1.34,us,usb000sqq3,2015-01-17T01:25:39.040Z,"165 km NNW of Antofagasta de la Sierra, Argentina",earthquake,7.6,11.0,0.232,6.0,reviewed,us,us,2014-10-26,38329,Argentina,2
2014-10-30 21:51:15.780000+00:00,-22.8199,-63.6684,519.86,5.11,mw,,31.0,4.845,0.72,us,usb000srv1,2015-01-20T09:03:04.040Z,"Salta, Argentina",earthquake,10.0,6.0,0.028,428.0,reviewed,us,us,2014-10-30,38195,Argentina,-1
2014-11-10 09:08:21.200000+00:00,-28.376,-69.053,98.09,5.11,mw,,42.0,1.167,1.11,us,usc000svze,2015-01-31T02:50:15.040Z,"93 km WNW of Vinchina, Argentina",earthquake,6.1,5.4,0.045,163.0,reviewed,us,us,2014-11-10,38199,Argentina,1
2014-11-12 13:32:43+00:00,-31.68,-69.332,113.0,4.94,mw,,,,1.33,us,usb000szxe,2015-02-12T01:42:36.040Z,"39 km SSE of Calingasta, Argentina",earthquake,7.5,4.6,0.126,21.0,reviewed,sja,us,2014-11-12,38228,Argentina,1
2014-11-15 11:34:20.020000+00:00,-31.5725,-68.4549,103.34,4.94,mw,,48.0,0.197,1.17,us,usc000sxlp,2015-02-12T01:42:48.040Z,"5 km SE of Santa Lucía, Argentina",earthquake,7.4,6.6,0.181,11.0,reviewed,us,us,2014-11-15,38229,Argentina,1
2014-11-18 19:08:12.970000+00:00,-22.6017,-66.2598,277.83,4.6,mw,,90.0,2.45,0.6,us,usc000syiz,2015-02-12T01:43:00.040Z,"59 km WNW of Abra Pampa, Argentina",earthquake,11.0,12.3,0.372,3.0,reviewed,us,us,2014-11-18,38298,Argentina,2
2014-11-18 21:16:06.130000+00:00,-27.6996,-63.3684,567.67,4.94,mw,,55.0,5.199,0.68,us,usc000syl2,2015-02-12T01:43:00.040Z,"26 km NNE of Suncho Corral, Argentina",earthquake,8.0,5.8,0.078,53.0,reviewed,us,us,2014-11-18,38218,Argentina,3
2014-11-28 15:01:51+00:00,-31.157,-64.344,24.0,4.68,mw,,,,3.11,us,usb000t1gk,2022-07-27T09:17:03.688Z,"2 km WNW of Río Ceballos, Argentina",earthquake,9.6,5.4,0.376,2.0,reviewed,sja,us,2014-11-28,38284,Argentina,-1
2014-11-29 08:57:11.690000+00:00,-32.027,-68.4148,131.25,4.51,mw,,99.0,0.532,1.36,us,usb000t14k,2015-02-24T00:35:11.040Z,"39 km S of Nueve de Julio, Argentina",earthquake,8.5,6.5,0.261,4.0,reviewed,us,us,2014-11-29,38317,Argentina,1
2014-12-03 08:57:22.780000+00:00,-31.192,-68.0382,105.4,4.68,mw,,48.0,0.655,1.38,us,usb000t2ec,2015-02-28T02:16:05.040Z,"51 km ENE of San Martín, Argentina",earthquake,8.0,6.2,0.16,12.0,reviewed,us,us,2014-12-03,38292,Argentina,1
2014-12-19 08:32:26.860000+00:00,-23.8322,-67.1936,223.55,4.6,mw,,93.0,1.992,0.84,us,usc000tcsl,2015-03-06T02:59:03.040Z,"98 km WNW of San Antonio de los Cobres, Argentina",earthquake,11.9,10.9,0.371,2.0,reviewed,us,us,2014-12-19,38305,Argentina,2
2015-01-02 02:29:36+00:00,-31.901,-69.87,105.0,4.51,mw,,,,1.23,us,usc000tb7u,2015-03-27T07:01:08.040Z,"75 km SW of Calingasta, Argentina",earthquake,4.9,5.1,0.302,9.0,reviewed,sja,us,2015-01-02,38307,Argentina,1
2015-01-13 21:17:05.640000+00:00,-31.0437,-65.4643,171.82,4.85,mw,,47.0,2.801,0.7,us,usc000tfeh,2015-04-10T18:56:32.040Z,"37 km WNW of San Carlos, Argentina",earthquake,9.1,6.3,0.079,54.0,reviewed,us,us,2015-01-13,38263,Argentina,-1
2015-01-15 16:32:18.690000+00:00,-27.8775,-66.6352,149.74,5.03,mw,,26.0,2.449,0.97,us,usc000tg3g,2015-04-20T15:34:45.040Z,"45 km SW of Andalgalá, Argentina",earthquake,6.4,5.2,0.108,30.0,reviewed,us,us,2015-01-15,38210,Argentina,1
2015-01-23 19:50:53.390000+00:00,-24.3397,-66.7392,135.38,4.51,mw,,73.0,2.632,1.05,us,usc000tiq6,2015-04-24T16:55:13.040Z,"44 km WSW of San Antonio de los Cobres, Argentina",earthquake,10.4,10.6,0.301,3.0,reviewed,us,us,2015-01-23,38325,Argentina,2
2015-01-30 20:07:42+00:00,-28.286,-67.899,126.0,4.6,mw,,,,1.53,us,usc000tkg2,2015-05-02T14:06:02.040Z,"41 km SW of Tinogasta, Argentina",earthquake,7.0,7.0,0.236,6.0,reviewed,sja,us,2015-01-30,38303,Argentina,1
2015-01-31 23:45:43.210000+00:00,-29.4227,-68.1586,105.96,4.85,mw,,114.0,1.772,0.89,us,usc000tknp,2015-05-02T14:06:02.040Z,"70 km WSW of Chilecito, Argentina",earthquake,3.2,7.1,0.15,14.0,reviewed,us,us,2015-01-31,38233,Argentina,1
2015-02-02 10:49:48.530000+00:00,-32.7183,-67.1231,172.0,6.3,mww,,16.0,1.766,1.0,us,usc000tkwv,2022-07-27T18:29:27.588Z,"63 km W of Villa General Roca, Argentina",earthquake,7.4,1.8,,,reviewed,us,us,2015-02-02,38163,Argentina,1
2015-02-02 16:57:00.270000+00:00,-27.9392,-67.9103,161.25,4.85,mw,,65.0,1.544,0.74,us,usc000tnq3,2015-05-02T14:05:34.040Z,"36 km WNW of Tinogasta, Argentina",earthquake,8.7,5.5,0.271,6.0,reviewed,us,us,2015-02-02,38249,Argentina,1
2015-02-06 17:31:41.200000+00:00,-27.3336,-67.1378,137.6,4.6,mw,,43.0,1.844,1.4,us,usb000tnmu,2015-05-04T22:47:45.040Z,"23 km WSW of Puerta de Corral Quemado, Argentina",earthquake,6.8,7.4,0.235,5.0,reviewed,us,us,2015-02-06,38294,Argentina,1
2015-02-11 18:57:22.460000+00:00,-23.1125,-66.688,223.0,6.7,mww,,16.0,2.11,1.02,us,usc000tp1s,2022-08-07T07:47:24.497Z,"103 km W of El Aguilar, Argentina",earthquake,7.1,1.8,,,reviewed,us,us,2015-02-11,38161,Argentina,2
2015-02-13 04:34:02+00:00,-25.049,-68.564,146.8,4.68,mw,,,,1.43,us,usb000tnxy,2015-05-11T23:20:11.040Z,"161 km NW of Antofagasta de la Sierra, Argentina",earthquake,8.2,6.8,0.266,5.0,reviewed,guc,us,2015-02-13,38291,Argentina,2
2015-02-15 03:05:52+00:00,-31.151,-68.44,107.0,4.51,mw,,,,1.37,us,usb000tpfx,2015-05-11T23:20:15.040Z,"31 km N of San Martín, Argentina",earthquake,8.3,5.3,0.302,3.0,reviewed,sja,us,2015-02-15,38309,Argentina,1
2015-02-17 07:50:04+00:00,-31.152,-67.369,125.0,3.77,mw,,,,0.7,us,usc000trwk,2022-07-28T01:02:11.892Z,"58 km S of San Agustín de Valle Fértil, Argentina",earthquake,11.9,9.3,,,reviewed,sja,sja,2015-02-17,38334,Argentina,1
2015-02-25 14:55:58.550000+00:00,-31.1824,-69.0658,122.35,4.94,mw,,49.0,0.487,0.85,us,usc000tt3l,2022-07-27T23:09:27.882Z,"37 km ENE of Calingasta, Argentina",earthquake,6.8,3.6,0.136,16.0,reviewed,us,us,2015-02-25,38218,Argentina,1
2015-03-05 03:41:01+00:00,-33.565,-68.013,186.0,4.85,mw,,,,0.88,us,usc000tv4e,2015-05-28T00:48:32.040Z,"68 km SE of San Martín, Argentina",earthquake,8.7,6.0,0.171,11.0,reviewed,sja,us,2015-03-05,38274,Argentina,1
2015-03-05 23:33:03.760000+00:00,-31.4628,-67.8036,98.01,4.43,mw,,145.0,0.756,0.84,us,usc000tve3,2015-05-28T00:48:34.040Z,"49 km ENE of Caucete, Argentina",earthquake,10.1,6.5,0.258,4.0,reviewed,us,us,2015-03-05,38325,Argentina,1
2015-03-09 23:49:11.870000+00:00,-24.2791,-67.2114,184.04,5.03,mw,,84.0,2.277,1.09,us,us10001l4m,2015-05-28T00:48:40.040Z,"90 km W of San Antonio de los Cobres, Argentina",earthquake,8.6,11.7,0.225,6.0,reviewed,us,us,2015-03-09,38212,Argentina,2
2015-03-14 00:18:43.950000+00:00,-57.475,-66.8721,10.0,5.03,mw,,149.0,4.943,0.81,us,us10001mae,2025-12-22T17:04:52.669Z,Drake Passage,earthquake,4.9,2.0,0.104,29.0,reviewed,us,us,2015-03-14,38215,Argentina,-1
2015-03-21 16:31:30+00:00,-28.748,-69.895,104.4,4.51,mw,,,,1.38,us,us10001pf7,2015-06-09T21:30:00.040Z,Chile-Argentina border region,earthquake,5.2,7.1,0.26,4.0,reviewed,guc,us,2015-03-21,38474,Chile-Argentina border region,-1
2015-03-24 22:29:47+00:00,-31.145,-68.996,116.0,4.77,mw,,,,1.06,us,us10001qgy,2015-06-09T21:30:05.040Z,"45 km ENE of Calingasta, Argentina",earthquake,7.3,4.6,0.219,6.0,reviewed,sja,us,2015-03-24,38428,Argentina,1
2015-03-24 23:18:45.420000+00:00,-32.5015,-67.5533,48.39,4.51,mw,,91.0,1.353,1.26,us,us10001qht,2015-06-09T21:30:05.040Z,"105 km W of Villa General Roca, Argentina",earthquake,3.2,10.4,0.261,4.0,reviewed,us,us,2015-03-24,38485,Argentina,1
2015-03-25 19:29:11.610000+00:00,-29.4782,-69.4231,112.87,4.7,mwr,,53.0,1.209,0.69,us,us10001qps,2022-07-28T04:21:32.869Z,"106 km NW of San José de Jáchal, Argentina",earthquake,6.8,4.5,0.083,14.0,reviewed,us,us,2015-03-25,38438,Argentina,1
2015-03-30 21:00:46.060000+00:00,-22.7253,-66.1446,240.29,5.03,mw,,33.0,2.557,1.19,us,us10001s5r,2025-12-22T17:05:52.615Z,"45 km W of Abra Pampa, Argentina",earthquake,7.1,5.2,0.039,202.0,reviewed,us,us,2015-03-30,38367,Argentina,2
2015-03-31 19:23:48.190000+00:00,-30.3524,-69.2255,29.67,4.4,mwr,,59.0,1.277,0.78,us,us10001shc,2015-06-12T01:53:32.040Z,"47 km WSW of San José de Jáchal, Argentina",earthquake,2.9,3.7,0.061,26.0,reviewed,us,us,2015-03-31,38504,Argentina,1
2015-04-08 00:39:49.150000+00:00,-56.1221,-60.0469,10.0,4.85,mw,,91.0,4.607,0.6,us,us200026yf,2015-06-16T01:00:32.040Z,Drake Passage,earthquake,4.9,1.9,0.124,19.0,reviewed,us,us,2015-04-08,38419,Argentina,-1
2015-04-12 07:28:12+00:00,-32.989,-67.618,178.0,5.03,mw,,,,0.7,us,us200025wp,2022-07-28T07:31:21.766Z,"80 km E of San Martín, Argentina",earthquake,8.2,4.6,0.048,131.0,reviewed,sja,us,2015-04-12,38363,Argentina,1
2015-04-16 18:05:55.110000+00:00,-24.1546,-66.8331,175.0,5.2,mw,,55.0,2.449,0.87,us,us20002729,2015-06-26T23:15:53.040Z,"52 km W of San Antonio de los Cobres, Argentina",earthquake,4.1,8.6,0.117,23.0,reviewed,us,us,2015-04-16,38345,Argentina,2
2015-04-28 12:41:37.200000+00:00,-27.5375,-63.0157,602.55,4.85,mw,,25.0,5.214,0.69,us,us200029vq,2015-07-03T00:23:45.040Z,"59 km NE of Suncho Corral, Argentina",earthquake,10.0,5.4,0.044,155.0,reviewed,us,us,2015-04-28,38422,Argentina,3
2015-05-01 20:00:05.880000+00:00,-23.2917,-66.7313,203.42,4.94,mw,,49.0,2.119,1.12,us,us20002aqv,2015-07-09T22:00:05.040Z,"107 km W of El Aguilar, Argentina",earthquake,7.7,5.5,0.041,177.0,reviewed,us,us,2015-05-01,38382,Argentina,2
2015-05-07 23:00:59.170000+00:00,-32.1373,-68.0609,20.07,4.7,mwr,,41.0,0.793,0.86,us,us20002dma,2022-07-31T05:08:21.246Z,"57 km SSE of Caucete, Argentina",earthquake,4.8,3.4,0.047,43.0,reviewed,us,us,2015-05-07,38438,Argentina,1
2015-05-15 21:27:24.780000+00:00,-27.9289,-66.2038,158.73,4.85,mw,,79.0,2.82,0.78,us,us100029lh,2015-07-23T01:04:01.040Z,"32 km W of Los Varela, Argentina",earthquake,7.9,8.0,0.088,38.0,reviewed,us,us,2015-05-15,38405,Argentina,1
2015-05-17 07:09:27.750000+00:00,-28.8752,-67.9926,17.36,4.4,mwr,,81.0,2.267,0.63,us,us100029x8,2015-07-23T01:04:04.040Z,"24 km ESE of Vinchina, Argentina",earthquake,3.7,3.4,0.059,28.0,reviewed,us,us,2015-05-17,38498,Argentina,1
2015-05-24 23:31:51.450000+00:00,-27.9129,-66.9694,161.98,4.51,mw,,78.0,2.2,1.19,us,us10002bys,2015-07-29T01:35:41.040Z,"27 km SE of Londres, Argentina",earthquake,7.7,13.4,0.261,4.0,reviewed,us,us,2015-05-24,38489,Argentina,1
2015-06-07 21:14:06+00:00,-28.993,-67.532,11.0,4.3,mwr,,,,1.03,us,us20002mty,2022-07-31T11:46:19.370Z,"19 km N of Chilecito, Argentina",earthquake,4.2,3.6,0.069,20.0,reviewed,sja,us,2015-06-07,38512,Argentina,1
2015-06-10 15:17:59.430000+00:00,-50.6218,-72.2806,16.97,4.6,mw,,150.0,0.65,0.95,us,us10002kv0,2015-08-10T13:08:29.040Z,"31 km S of El Calafate, Argentina",earthquake,7.3,5.4,0.215,6.0,reviewed,us,us,2015-06-10,38457,Argentina,-1
2015-06-13 04:30:07.210000+00:00,-30.0404,-64.2782,15.76,4.85,mw,,43.0,4.077,0.99,us,us20002pl5,2015-08-20T00:43:56.040Z,"28 km NE of Quilino, Argentina",earthquake,7.8,4.2,0.136,16.0,reviewed,us,us,2015-06-13,38388,Argentina,-1
2015-06-16 14:46:33+00:00,-32.427,-68.772,136.0,4.77,mw,,,,1.55,us,us20002qat,2015-08-20T00:44:00.040Z,"51 km N of Mendoza, Argentina",earthquake,7.8,5.5,0.19,8.0,reviewed,sja,us,2015-06-16,38430,Argentina,1
2015-06-18 09:55:52+00:00,-29.616,-68.163,100.0,4.43,mw,,,,0.75,us,us10002jxx,2015-09-01T00:53:49.040Z,"81 km SW of Chilecito, Argentina",earthquake,8.5,8.7,0.517,1.0,reviewed,sja,us,2015-06-18,38492,Argentina,1
2015-06-23 20:09:18.280000+00:00,-29.4982,-68.6046,89.73,4.6,mwr,,34.0,1.894,1.32,us,us10002l88,2015-09-01T00:53:55.040Z,"83 km N of San José de Jáchal, Argentina",earthquake,6.6,4.9,0.078,16.0,reviewed,us,us,2015-06-23,38455,Argentina,1
2015-06-26 06:05:16.740000+00:00,-25.0297,-64.9168,48.53,4.43,mw,,59.0,4.198,0.69,us,us10002m83,2022-07-31T15:38:03.045Z,"Salta, Argentina",earthquake,6.3,9.0,0.232,5.0,reviewed,us,us,2015-06-26,38495,Argentina,-1
2015-06-26 23:32:35.660000+00:00,-28.3289,-68.957,81.97,4.0,mwr,,43.0,1.346,1.31,us,us10002m17,2015-09-02T22:37:20.040Z,"87 km WNW of Vinchina, Argentina",earthquake,5.3,5.9,0.083,14.0,reviewed,us,us,2015-06-26,38516,Argentina,1
2015-07-13 05:09:01+00:00,-23.754,-66.897,203.0,4.6,mw,,,,1.19,us,us10002wx2,2015-10-09T20:19:15.040Z,"78 km NW of San Antonio de los Cobres, Argentina",earthquake,10.3,9.6,0.526,1.0,reviewed,sja,us,2015-07-13,38455,Argentina,2
2015-07-13 05:28:42.940000+00:00,-24.2242,-67.4655,221.42,4.85,mw,,94.0,2.082,0.63,us,us20002x1z,2015-10-09T20:19:15.040Z,"116 km W of San Antonio de los Cobres, Argentina",earthquake,13.5,23.5,0.382,2.0,reviewed,us,us,2015-07-13,38396,Argentina,2
2015-07-15 17:19:49+00:00,-32.051,-69.238,117.0,5.03,mw,,,,0.92,us,us20002xpr,2022-07-31T18:49:05.406Z,"73 km SW of Villa Basilio Nievas, Argentina",earthquake,5.8,4.3,0.051,115.0,reviewed,sja,us,2015-07-15,38379,Argentina,1
2015-07-24 12:41:14.840000+00:00,-23.7582,-64.6133,10.0,3.86,mw,,100.0,4.115,1.12,us,us100031va,2015-10-22T20:04:56.040Z,"2 km SW of Caimancito, Argentina",earthquake,9.3,2.0,,,reviewed,us,sja,2015-07-24,38518,Argentina,-1
2015-07-25 19:09:47.700000+00:00,-32.0748,-69.9355,98.42,4.4,mwr,,77.0,0.861,0.69,us,us2000303v,2015-10-22T20:04:59.040Z,"95 km SSW of Calingasta, Argentina",earthquake,6.0,5.0,0.056,31.0,reviewed,us,us,2015-07-25,38509,Argentina,1
2015-07-27 09:47:10+00:00,-31.906,-67.338,125.0,4.51,mw,,,,1.31,us,us200030ci,2015-10-22T20:05:05.040Z,"93 km ESE of Caucete, Argentina",earthquake,8.4,6.3,0.174,9.0,reviewed,sja,us,2015-07-27,38469,Argentina,1
2015-07-28 21:57:39.180000+00:00,-58.27,-61.5688,10.0,5.11,mw,,120.0,4.235,0.58,us,us20003137,2015-10-22T20:05:11.040Z,Drake Passage,earthquake,5.0,1.9,0.095,34.0,reviewed,us,us,2015-07-28,38359,Argentina,-1
2015-08-01 11:30:21.410000+00:00,-30.0726,-68.282,10.0,5.2,mww,,20.0,1.508,0.77,us,us10002x3v,2022-05-03T18:28:28.765Z,"48 km ENE of San José de Jáchal, Argentina",earthquake,5.6,1.7,,,reviewed,us,us,2015-08-01,38350,Argentina,1
2015-08-12 13:19:48.450000+00:00,-23.9925,-65.4177,10.0,4.85,mw,,41.0,2.738,1.04,us,us100031fh,2015-11-06T18:06:26.040Z,"25 km NNW of San Salvador de Jujuy, Argentina",earthquake,7.2,1.9,0.15,13.0,reviewed,us,us,2015-08-12,38398,Argentina,-1
2015-08-16 19:07:35+00:00,-28.297,-67.531,153.0,5.11,mw,,,,1.21,us,us100032px,2015-11-17T00:13:32.040Z,"26 km S of Tinogasta, Argentina",earthquake,4.6,7.9,0.196,8.0,reviewed,sja,us,2015-08-16,38351,Argentina,1
2015-08-19 20:11:55.350000+00:00,-23.8663,-66.507,206.28,4.43,mw,,82.0,1.785,0.57,us,us100033gi,2015-11-17T00:13:37.040Z,"43 km NNW of San Antonio de los Cobres, Argentina",earthquake,5.7,10.0,0.258,4.0,reviewed,us,us,2015-08-19,38494,Argentina,2
2015-08-21 07:19:44+00:00,-23.831,-67.26,231.9,4.6,mw,,,,0.94,us,us100033w1,2015-11-24T02:09:26.040Z,"104 km WNW of San Antonio de los Cobres, Argentina",earthquake,7.8,7.5,0.2,7.0,reviewed,guc,us,2015-08-21,38466,Argentina,2
2015-08-22 21:36:49.680000+00:00,-24.9779,-68.2707,117.69,4.6,mw,,62.0,1.97,1.38,us,us1000349b,2015-11-24T02:09:29.040Z,"147 km NW of Antofagasta de la Sierra, Argentina",earthquake,7.5,5.9,0.152,12.0,reviewed,us,us,2015-08-22,38467,Argentina,2
2015-08-25 08:18:57.850000+00:00,-22.9862,-66.4785,232.42,4.77,mw,,53.0,1.567,0.92,us,us100034p3,2015-11-24T02:09:34.040Z,"85 km WSW of Abra Pampa, Argentina",earthquake,8.0,6.9,0.071,58.0,reviewed,us,us,2015-08-25,38435,Argentina,2
2015-08-31 03:14:07.460000+00:00,-33.0862,-69.4442,10.0,4.51,mw,,55.0,0.984,1.45,us,us1000368l,2015-12-01T00:36:05.040Z,"61 km WSW of Mendoza, Argentina",earthquake,3.1,1.8,0.197,7.0,reviewed,us,us,2015-08-31,38470,Argentina,1
2015-09-05 22:13:46.750000+00:00,-25.7802,-64.6856,6.2,5.45,mw,,36.0,4.125,0.91,us,us20003gu0,2024-06-16T23:46:13.783Z,"44 km S of El Galpón, Argentina",earthquake,6.5,3.3,0.049,141.0,reviewed,us,us,2015-09-05,38341,Argentina,-1
2015-09-08 16:02:42.100000+00:00,-31.3436,-67.6355,10.0,5.2,mw,,22.0,0.918,0.76,us,us20003hb9,2022-08-01T03:59:52.736Z,"70 km ENE of Caucete, Argentina",earthquake,4.3,1.7,0.038,215.0,reviewed,us,us,2015-09-08,38344,Argentina,1
2015-09-12 08:13:49.130000+00:00,-31.661,-68.3557,10.0,5.28,mw,,38.0,0.303,0.85,us,us20003izx,2022-05-03T17:30:14.677Z,"3 km ENE of Nueve de Julio, Argentina",earthquake,5.2,1.8,0.072,62.0,reviewed,us,us,2015-09-12,38344,Argentina,1
2015-09-14 13:38:53.150000+00:00,-33.3096,-68.6414,23.98,4.85,mw,,134.0,1.693,0.94,us,us20003ja4,2022-08-01T04:59:30.384Z,"30 km SSW of San Martín, Argentina",earthquake,7.3,8.4,0.271,4.0,reviewed,us,us,2015-09-14,38425,Argentina,1
2015-09-28 15:28:05.790000+00:00,-23.8028,-66.6126,219.0,5.9,mww,,27.0,1.669,0.81,us,us20003pnw,2022-08-01T08:18:09.452Z,"54 km NNW of San Antonio de los Cobres, Argentina",earthquake,7.7,1.8,,,reviewed,us,us,2015-09-28,38532,Argentina,2
2015-09-29 00:05:23.930000+00:00,-26.9476,-63.3641,554.05,4.68,mw,,39.0,5.15,0.83,us,us10003ip4,2015-12-28T23:08:48.040Z,"15 km NW of El Hoyo, Argentina",earthquake,8.1,6.6,0.1,28.0,reviewed,us,us,2015-09-29,38642,Argentina,3
2015-10-11 21:22:17.270000+00:00,-28.05,-66.3784,159.03,4.6,mw,,102.0,2.728,0.89,us,us10003pqg,2016-01-11T21:07:20.040Z,"37 km NW of Mutquín, Argentina",earthquake,8.6,7.6,0.158,11.0,reviewed,us,us,2015-10-11,38661,Argentina,1
2015-10-17 11:33:08.950000+00:00,-25.4674,-64.4839,17.0,5.8,mww,,37.0,4.201,0.79,us,us10003pc9,2022-05-03T17:33:07.390Z,"19 km ESE of El Galpón, Argentina",earthquake,6.8,1.7,,,reviewed,us,us,2015-10-17,38533,Argentina,-1
2015-10-20 20:33:12.060000+00:00,-57.4332,-65.8872,9.08,5.6,mww,,49.0,2.689,0.89,us,us10003pzw,2024-01-17T21:09:30.947Z,Drake Passage,earthquake,7.5,3.2,,,reviewed,us,us,2015-10-20,38554,Argentina,-1
2015-10-23 05:25:01.810000+00:00,-29.9521,-68.4605,95.85,4.85,mw,,31.0,1.6,0.8,us,us10003qvm,2016-01-22T23:41:11.040Z,"42 km NE of San José de Jáchal, Argentina",earthquake,4.5,4.9,0.089,37.0,reviewed,us,us,2015-10-23,38635,Argentina,1
2015-10-30 20:00:31.160000+00:00,-30.0719,-66.5968,23.97,4.94,mw,,54.0,2.32,1.1,us,us200040wh,2016-01-30T02:10:57.040Z,"41 km NW of Chamical, Argentina",earthquake,5.8,4.7,0.173,13.0,reviewed,us,us,2015-10-30,38588,Argentina,-1
2015-11-01 16:10:58.510000+00:00,-31.901,-66.5561,141.65,4.85,mw,,92.0,1.847,0.86,us,us20004170,2016-01-30T02:11:01.040Z,"71 km WNW of Candelaria, Argentina",earthquake,8.2,9.5,0.144,14.0,reviewed,us,us,2015-11-01,38632,Argentina,1
2015-11-11 16:20:38.820000+00:00,-23.76,-67.9237,110.52,4.68,mw,,55.0,1.459,0.91,us,us10003xf2,2016-02-05T03:16:43.040Z,Chile-Argentina border region,earthquake,7.4,6.4,0.201,7.0,reviewed,us,us,2015-11-11,38645,Chile-Argentina border region,-1
2015-11-11 16:27:24.520000+00:00,-29.4726,-69.5714,92.46,4.68,mw,,42.0,1.088,1.12,us,us10003xf5,2016-02-05T03:16:43.040Z,"116 km NW of San José de Jáchal, Argentina",earthquake,6.1,1.9,0.137,15.0,reviewed,us,us,2015-11-11,38641,Argentina,1
2015-11-13 06:04:17.180000+00:00,-29.8492,-64.4985,27.0,5.6,mww,,31.0,3.981,0.9,us,us10003xzv,2022-05-03T17:35:59.563Z,"40 km N of Quilino, Argentina",earthquake,7.0,1.8,,,reviewed,us,us,2015-11-13,38551,Argentina,-1
2015-11-19 07:40:25.670000+00:00,-22.6119,-66.6313,201.66,5.2,mw,,46.0,2.106,0.92,us,us10003zgx,2022-08-01T18:44:02.939Z,"96 km W of Abra Pampa, Argentina",earthquake,8.5,7.7,0.136,17.0,reviewed,us,us,2015-11-19,38564,Argentina,2
2015-11-19 17:44:52.810000+00:00,-38.9047,-68.9589,14.63,4.6,mw,,115.0,2.199,1.11,us,us100049bq,2016-02-18T04:48:43.040Z,"21 km E of Plaza Huincul, Argentina",earthquake,5.3,7.5,0.372,2.0,reviewed,us,us,2015-11-19,38675,Argentina,-1
2015-11-23 14:49:40+00:00,-22.23,-63.86,529.0,4.68,mw,,,,0.38,us,us100040h5,2016-02-18T04:48:51.040Z,"Salta, Argentina",earthquake,12.0,7.1,0.143,14.0,reviewed,sja,us,2015-11-23,38654,Argentina,-1
2015-11-28 07:48:53.770000+00:00,-32.1131,-69.425,110.99,4.85,mw,,67.0,0.847,0.91,us,us100041v0,2016-02-25T22:32:58.040Z,"86 km S of Calingasta, Argentina",earthquake,6.3,2.8,0.163,11.0,reviewed,us,us,2015-11-28,38629,Argentina,1
2015-11-29 18:52:49.490000+00:00,-23.5597,-64.6521,11.0,5.8,mww,,27.0,4.033,1.22,us,us1000421x,2022-08-01T20:58:51.819Z,"20 km WNW of Yuto, Argentina",earthquake,7.0,1.8,,,reviewed,us,us,2015-11-29,38545,Argentina,-1
2015-11-30 14:45:24.340000+00:00,-24.3012,-67.1815,179.34,5.3,mwr,,72.0,2.312,0.48,us,us1000426g,2025-12-22T17:11:18.868Z,"88 km W of San Antonio de los Cobres, Argentina",earthquake,6.2,6.7,,,reviewed,us,guc,2015-11-30,38557,Argentina,2
2015-12-20 21:06:41.380000+00:00,-27.3816,-66.8167,113.26,4.77,mw,,90.0,2.132,0.85,us,us1000492s,2016-03-12T02:29:19.040Z,"16 km S of Hualfín, Argentina",earthquake,8.6,8.3,0.22,6.0,reviewed,us,us,2015-12-20,38639,Argentina,1
2015-12-26 01:36:40.800000+00:00,-31.1991,-68.7084,93.53,5.2,mw,,48.0,0.346,0.92,us,us100049kj,2016-03-18T01:13:01.040Z,"31 km NNW of Albardón, Argentina",earthquake,6.3,4.0,0.036,243.0,reviewed,us,us,2015-12-26,38566,Argentina,1
2016-01-03 11:04:33.550000+00:00,-32.9464,-69.2749,10.0,4.85,mw,,39.0,1.089,1.09,us,us10004bfa,2022-08-02T03:00:50.767Z,"42 km W of Mendoza, Argentina",earthquake,4.8,1.7,0.145,14.0,reviewed,us,us,2016-01-03,38595,Argentina,1
2016-01-06 21:23:20.400000+00:00,-29.1558,-68.9521,84.89,5.03,mw,,41.0,1.537,1.08,us,us10004bwx,2016-03-28T22:09:41.040Z,"84 km WSW of Vinchina, Argentina",earthquake,6.5,5.8,0.104,28.0,reviewed,us,us,2016-01-06,38576,Argentina,1
2016-01-09 18:47:18.340000+00:00,-31.757,-68.1695,94.02,4.6,mwr,,47.0,0.487,0.98,us,us10004d61,2022-08-02T04:16:16.824Z,"San Juan, Argentina",earthquake,7.2,4.1,0.06,27.0,reviewed,us,us,2016-01-09,38678,Argentina,1
2016-01-11 07:51:02.210000+00:00,-31.461,-69.4346,105.43,4.94,mw,,62.0,0.646,0.84,us,us10004dg3,2016-03-30T02:27:54.040Z,"14 km S of Calingasta, Argentina",earthquake,3.2,4.6,0.062,78.0,reviewed,us,us,2016-01-11,38578,Argentina,1
2016-01-13 13:09:18.800000+00:00,-32.7888,-68.8019,54.42,4.6,mw,,69.0,1.473,0.61,us,us10004e3c,2022-08-07T08:50:36.548Z,"11 km NNE of Mendoza, Argentina",earthquake,8.1,8.7,0.215,6.0,reviewed,us,us,2016-01-13,38678,Argentina,1
2016-01-15 20:32:55.090000+00:00,-28.4636,-67.9168,25.68,4.9,mww,,19.0,1.946,0.98,us,us10004eym,2016-11-10T22:08:31.101Z,"43 km NE of Vinchina, Argentina",earthquake,5.6,3.3,,,reviewed,us,us,2016-01-15,38593,Argentina,1
2016-01-16 03:37:13.560000+00:00,-28.3278,-67.5022,129.94,4.94,mw,,81.0,2.073,1.14,us,us10004f06,2016-04-06T17:30:21.040Z,"29 km SSE of Tinogasta, Argentina",earthquake,6.3,8.0,0.117,23.0,reviewed,us,us,2016-01-16,38584,Argentina,1
2016-01-19 08:43:44.410000+00:00,-29.6893,-69.1636,110.42,4.94,mw,,46.0,1.499,0.6,us,us10004fit,2016-04-06T17:30:26.040Z,"73 km NNW of San José de Jáchal, Argentina",earthquake,7.5,6.9,0.085,41.0,reviewed,us,us,2016-01-19,38584,Argentina,1
2016-01-24 12:52:05.630000+00:00,-23.1972,-66.6054,198.25,5.03,mw,,32.0,2.204,1.0,us,us10004gs9,2016-04-08T23:06:11.040Z,"94 km W of El Aguilar, Argentina",earthquake,7.1,5.7,0.072,58.0,reviewed,us,us,2016-01-24,38576,Argentina,2
2016-01-28 23:19:15.160000+00:00,-31.7319,-68.7748,117.86,4.77,mw,,93.0,1.822,1.32,us,us20004vda,2016-04-08T23:06:19.040Z,"18 km WSW of Pocito, Argentina",earthquake,5.6,7.9,0.179,9.0,reviewed,us,us,2016-01-28,38637,Argentina,1
2016-02-01 21:45:57.690000+00:00,-22.5579,-66.0461,245.7,4.85,mw,,29.0,2.648,1.05,us,us20004we3,2016-04-14T22:51:39.040Z,"40 km WNW of Abra Pampa, Argentina",earthquake,8.3,6.4,0.151,13.0,reviewed,us,us,2016-02-01,38615,Argentina,2
2016-02-04 04:18:00.760000+00:00,-31.2561,-67.9142,10.4,4.6,mw,,128.0,2.417,0.88,us,us20004x06,2016-04-14T22:51:43.040Z,"56 km NE of Caucete, Argentina",earthquake,7.4,8.3,0.263,4.0,reviewed,us,us,2016-02-04,38658,Argentina,1
2016-02-18 23:02:53.470000+00:00,-28.66,-68.9062,97.85,4.68,mw,,43.0,1.582,1.29,us,us10004qxl,2016-04-26T23:28:27.040Z,"69 km W of Vinchina, Argentina",earthquake,6.3,7.3,0.116,21.0,reviewed,us,us,2016-02-18,38650,Argentina,1
2016-02-21 14:57:49.080000+00:00,-22.907,-66.3633,240.65,4.43,mw,,79.0,2.369,1.03,us,us10004rix,2016-05-03T23:44:15.040Z,"71 km WSW of Abra Pampa, Argentina",earthquake,9.7,10.6,0.3,3.0,reviewed,us,us,2016-02-21,38683,Argentina,2
2016-02-21 22:21:24.910000+00:00,-29.2747,-68.224,22.39,4.0,mwr,,43.0,2.182,0.82,us,us10004rks,2016-05-03T23:44:16.040Z,"57 km S of Vinchina, Argentina",earthquake,5.3,4.6,0.086,13.0,reviewed,us,us,2016-02-21,38683,Argentina,1
2016-02-26 07:19:19.730000+00:00,-28.8908,-67.5705,100.06,4.85,mw,,43.0,2.469,1.22,us,us10004suw,2016-05-06T23:34:13.040Z,"30 km NNW of Chilecito, Argentina",earthquake,7.0,5.7,0.136,16.0,reviewed,us,us,2016-02-26,38621,Argentina,1
2016-02-26 08:52:48.320000+00:00,-31.7298,-67.5629,25.64,4.9,mww,,25.0,0.973,0.89,us,us10004svb,2022-05-03T17:41:16.597Z,"68 km E of Caucete, Argentina",earthquake,5.5,2.8,,,reviewed,us,us,2016-02-26,38594,Argentina,1
2016-03-26 07:53:31.230000+00:00,-31.3832,-69.3905,107.86,4.51,mw,,80.0,0.624,0.89,us,us20005cjy,2016-06-10T23:32:51.040Z,"6 km SSE of Calingasta, Argentina",earthquake,6.4,8.2,0.261,4.0,reviewed,us,us,2016-03-26,38805,Argentina,1
2016-04-02 00:16:58.920000+00:00,-29.649,-69.4754,120.87,4.6,mw,,90.0,0.629,1.15,us,us20005e20,2016-06-17T21:44:54.040Z,"96 km NW of San José de Jáchal, Argentina",earthquake,7.4,2.2,0.187,8.0,reviewed,us,us,2016-04-02,38797,Argentina,1
2016-04-10 14:23:58+00:00,-23.602,-66.812,262.0,4.68,mw,,,,0.75,us,us20005gth,2016-06-21T01:14:07.040Z,"84 km NW of San Antonio de los Cobres, Argentina",earthquake,10.8,8.4,0.267,4.0,reviewed,sja,us,2016-04-10,38795,Argentina,2
2016-04-14 07:35:05.160000+00:00,-31.2439,-68.9893,122.68,5.03,mw,,47.0,0.398,0.97,us,us20005hyt,2016-06-21T01:14:12.040Z,"41 km NW of Villa Basilio Nievas, Argentina",earthquake,7.9,5.8,0.083,44.0,reviewed,us,us,2016-04-14,38746,Argentina,1
2016-04-21 06:48:52.170000+00:00,-23.0486,-66.246,236.03,4.77,mw,,39.0,2.496,0.81,us,us20005kdd,2016-06-27T23:02:32.040Z,"60 km WNW of El Aguilar, Argentina",earthquake,6.7,8.2,0.138,15.0,reviewed,us,us,2016-04-21,38766,Argentina,2
2016-04-27 02:16:51.190000+00:00,-31.6405,-67.7468,17.46,5.28,mw,,29.0,0.805,1.33,us,us10005buk,2022-08-02T20:22:04.651Z,"50 km E of Caucete, Argentina",earthquake,5.7,3.2,0.044,166.0,reviewed,us,us,2016-04-27,38731,Argentina,1
2016-04-29 04:22:47.370000+00:00,-27.2761,-63.4352,570.84,4.51,mw,,61.0,5.097,0.64,us,us10005ebl,2016-07-19T20:03:05.040Z,"Santiago del Estero, Argentina",earthquake,8.7,10.2,0.197,7.0,reviewed,us,us,2016-04-29,38798,Argentina,3
2016-05-02 02:03:31.180000+00:00,-32.7551,-69.1335,32.71,4.77,mw,,44.0,1.138,0.93,us,us10005cx5,2024-01-17T21:10:01.360Z,"32 km WNW of Mendoza, Argentina",earthquake,3.7,6.0,0.135,16.0,reviewed,us,us,2016-05-02,38764,Argentina,1
2016-05-07 14:09:54.060000+00:00,-36.644,-70.5431,157.02,5.03,mw,,62.0,1.128,0.91,us,us10005fqd,2016-07-20T18:10:47.040Z,"42 km NNE of Las Ovejas, Argentina",earthquake,8.0,7.2,0.081,46.0,reviewed,us,us,2016-05-07,38749,Argentina,-1
2016-05-15 09:42:12.290000+00:00,-29.2418,-69.2959,96.03,4.94,mw,,46.0,1.01,0.82,us,us10005hj6,2016-07-22T19:39:07.040Z,"118 km WSW of Vinchina, Argentina",earthquake,6.3,5.2,0.057,93.0,reviewed,us,us,2016-05-15,38754,Argentina,1
2016-05-16 23:28:53.210000+00:00,-24.1207,-65.1209,49.87,4.68,mw,,55.0,3.792,1.17,us,us10005jl8,2016-07-22T19:39:09.040Z,"17 km NNE of Palpalá, Argentina",earthquake,7.5,9.8,0.267,4.0,reviewed,us,us,2016-05-16,38790,Argentina,-1
2016-05-17 11:20:57.590000+00:00,-33.6803,-68.3219,25.83,4.2,mwr,,31.0,1.687,1.02,us,us10005hxq,2022-08-02T22:58:03.723Z,"67 km SSE of San Martín, Argentina",earthquake,5.3,4.4,0.047,44.0,reviewed,us,us,2016-05-17,38875,Argentina,1
2016-05-19 20:25:42.140000+00:00,-27.9805,-66.4687,156.55,5.1,mww,,44.0,2.626,0.71,us,us10005ili,2025-12-22T17:14:52.817Z,"46 km SSW of Andalgalá, Argentina",earthquake,7.4,5.0,,,reviewed,us,us,2016-05-19,38738,Argentina,1
2016-05-28 17:04:35.470000+00:00,-23.0268,-66.692,230.13,4.6,mw,,118.0,1.372,1.18,us,us20005yvg,2016-08-10T22:30:25.040Z,"105 km WNW of El Aguilar, Argentina",earthquake,7.0,10.4,0.265,4.0,reviewed,us,us,2016-05-28,38798,Argentina,2
2016-05-31 01:53:11.870000+00:00,-27.5964,-66.6479,31.3,4.4,mwr,,44.0,2.336,0.98,us,us20005zae,2022-08-03T00:19:39.760Z,"32 km W of Andalgalá, Argentina",earthquake,5.3,3.9,0.065,23.0,reviewed,us,us,2016-05-31,38843,Argentina,1
2016-06-03 16:45:48.960000+00:00,-31.6651,-68.9527,132.25,4.68,mw,,110.0,0.258,1.33,us,us200061sf,2016-08-18T00:36:29.040Z,"24 km WSW of Villa Basilio Nievas, Argentina",earthquake,10.2,8.5,0.168,10.0,reviewed,us,us,2016-06-03,38787,Argentina,1
2016-06-09 18:37:15+00:00,-28.72,-67.6,155.0,3.95,mw,,,,0.77,us,us2000637d,2016-08-18T00:36:36.040Z,"49 km NNW of Chilecito, Argentina",earthquake,4.1,9.7,,,reviewed,sja,sja,2016-06-09,38876,Argentina,1
2016-06-12 01:38:31+00:00,-31.885,-69.924,153.4,4.43,mw,,,,0.7,us,us200063wb,2016-08-25T01:22:52.040Z,"77 km SW of Calingasta, Argentina",earthquake,7.7,7.4,0.3,3.0,reviewed,guc,us,2016-06-12,38837,Argentina,1
2016-06-17 13:41:34.920000+00:00,-29.4016,-68.2242,105.04,4.68,mw,,47.0,1.725,1.36,us,us2000651l,2016-08-27T02:15:26.040Z,"71 km S of Vinchina, Argentina",earthquake,6.6,6.3,0.142,14.0,reviewed,us,us,2016-06-17,38778,Argentina,1
2016-06-18 17:29:46.460000+00:00,-24.1467,-67.1526,186.0,5.7,mww,,31.0,1.516,1.32,us,us2000659j,2022-05-03T17:50:33.585Z,"85 km W of San Antonio de los Cobres, Argentina",earthquake,6.7,1.6,,,reviewed,us,us,2016-06-18,38719,Argentina,2
2016-06-19 13:30:05.160000+00:00,-31.4828,-68.5812,137.39,4.68,mw,,73.0,1.917,0.92,us,us200065dq,2016-08-27T02:15:29.040Z,"4 km WNW of Villa Paula de Sarmiento, Argentina",earthquake,9.5,9.0,0.218,6.0,reviewed,us,us,2016-06-19,38781,Argentina,1
2016-06-20 08:34:21.730000+00:00,-23.9391,-66.6913,203.96,4.85,mw,,58.0,1.682,0.91,us,us200065gt,2016-08-27T02:15:31.040Z,"48 km NW of San Antonio de los Cobres, Argentina",earthquake,7.8,6.5,0.054,101.0,reviewed,us,us,2016-06-20,38762,Argentina,2
2016-06-20 12:45:21.050000+00:00,-27.359,-67.2802,124.13,4.77,mw,,45.0,1.729,1.14,us,us200065hj,2016-08-27T02:15:31.040Z,"33 km NW of La Puerta de San José, Argentina",earthquake,8.2,6.3,0.126,18.0,reviewed,us,us,2016-06-20,38775,Argentina,1
2016-06-27 22:37:02.640000+00:00,-31.0845,-70.1227,131.48,4.51,mw,,75.0,0.544,0.78,us,us200067c3,2016-08-31T03:08:20.040Z,"72 km WNW of Calingasta, Argentina",earthquake,5.2,4.7,0.52,1.0,reviewed,us,us,2016-06-27,38819,Argentina,1
2016-07-11 21:41:22.300000+00:00,-56.6332,-69.528,10.0,5.03,mw,,144.0,1.908,1.07,us,us20006fq0,2016-09-08T01:50:28.040Z,Drake Passage,earthquake,4.9,1.9,0.123,20.0,reviewed,us,us,2016-07-11,38744,Argentina,-1
2016-07-22 11:33:14.680000+00:00,-33.4692,-68.7261,76.18,4.51,mw,,75.0,1.291,0.97,us,us20006gq2,2016-09-24T22:47:15.040Z,"49 km SSW of San Martín, Argentina",earthquake,4.8,10.3,0.213,6.0,reviewed,us,us,2016-07-22,38830,Argentina,1
2016-07-29 16:44:58.180000+00:00,-26.3811,-65.2885,59.71,4.6,mw,,83.0,3.468,1.06,us,us100068ew,2016-10-19T04:51:40.040Z,"16 km S of Trancas, Argentina",earthquake,8.3,11.7,0.372,2.0,reviewed,us,us,2016-07-29,38796,Argentina,-1
2016-08-04 14:15:12.930000+00:00,-22.3343,-66.0078,270.0,6.2,mww,,20.0,2.097,1.03,us,us10006a1d,2022-05-03T17:56:55.795Z,"49 km WSW of La Quiaca, Argentina",earthquake,7.5,1.9,,,reviewed,us,us,2016-08-04,38712,Argentina,2
2016-09-05 23:23:57.790000+00:00,-22.9188,-63.7773,531.12,4.85,mw,,35.0,4.057,0.7,us,us10006kq9,2016-12-03T02:54:44.040Z,"35 km S of General Mosconi, Argentina",earthquake,9.6,7.5,0.052,107.0,reviewed,us,us,2016-09-05,38763,Argentina,-1
2016-09-06 18:29:00.570000+00:00,-35.5524,-68.3224,14.84,3.77,mw,,81.0,2.152,1.1,us,us10006mha,2016-12-03T02:54:45.040Z,"103 km S of San Rafael, Argentina",earthquake,7.5,5.1,,,reviewed,us,sja,2016-09-06,38879,Argentina,-1
2016-09-09 00:03:44.950000+00:00,-31.3775,-65.8254,157.56,5.6,mww,,12.0,2.448,0.89,us,us10006n81,2022-05-03T18:01:01.252Z,"70 km W of Salsacate, Argentina",earthquake,6.6,4.1,,,reviewed,us,us,2016-09-09,38727,Argentina,-1
2016-10-06 07:01:44.540000+00:00,-28.2695,-64.7082,27.42,4.77,mw,,53.0,4.177,1.45,us,us20007cay,2017-01-03T21:10:46.040Z,"57 km SE of San Pedro de Guasayán, Argentina",earthquake,8.1,5.9,0.179,9.0,reviewed,us,us,2016-10-06,39003,Argentina,-1
2016-10-06 07:36:24.670000+00:00,-28.7503,-62.6925,605.91,4.6,mw,,67.0,5.335,0.43,us,us20007cb0,2017-01-03T21:10:46.040Z,"30 km ESE of Colonia Dora, Argentina",earthquake,14.1,8.4,0.199,7.0,reviewed,us,us,2016-10-06,39030,Argentina,3
2016-10-11 05:46:38.280000+00:00,-31.3296,-67.2482,47.18,4.94,mw,,53.0,1.246,0.91,us,us20007d79,2017-01-07T00:20:50.040Z,"79 km SSE of San Agustín de Valle Fértil, Argentina",earthquake,7.8,12.2,0.157,12.0,reviewed,us,us,2016-10-11,38944,Argentina,1
2016-10-13 03:20:02.900000+00:00,-24.2619,-67.3897,204.83,4.68,mw,,74.0,1.491,0.65,us,us20007dqy,2017-01-07T00:20:52.040Z,"108 km W of San Antonio de los Cobres, Argentina",earthquake,9.4,9.2,0.266,4.0,reviewed,us,us,2016-10-13,39012,Argentina,2
2016-10-13 20:13:40.300000+00:00,-31.2352,-69.1381,112.8,4.68,mw,,121.0,0.496,0.87,us,us20007dx6,2017-01-07T00:20:53.040Z,"29 km ENE of Calingasta, Argentina",earthquake,6.7,7.0,0.238,5.0,reviewed,us,us,2016-10-13,39021,Argentina,1
2016-10-16 09:03:20+00:00,-24.19,-64.37,10.0,5.28,mw,,,,0.83,us,us20007eiy,2017-01-15T01:13:54.040Z,"24 km SSW of Palma Sola, Argentina",earthquake,7.4,4.6,0.133,18.0,reviewed,sja,us,2016-10-16,38927,Argentina,-1
2016-10-26 23:43:05.100000+00:00,-32.7378,-68.5856,10.0,4.6,mw,,72.0,1.191,0.96,us,us1000727m,2017-01-20T00:31:08.040Z,"28 km NE of Mendoza, Argentina",earthquake,3.7,1.8,0.305,3.0,reviewed,us,us,2016-10-26,39041,Argentina,1
2016-10-27 15:50:37.920000+00:00,-30.0588,-66.5375,25.72,4.94,mw,,57.0,2.368,0.99,us,us100072dj,2017-01-20T00:31:10.040Z,"39 km NNW of Chamical, Argentina",earthquake,6.7,2.7,0.122,25.0,reviewed,us,us,2016-10-27,38955,Argentina,-1
2016-10-31 07:38:33.970000+00:00,-22.6161,-66.2083,266.82,4.68,mw,,44.0,1.849,0.95,us,us1000737f,2017-01-24T02:02:12.040Z,"53 km WNW of Abra Pampa, Argentina",earthquake,7.5,8.4,0.111,23.0,reviewed,us,us,2016-10-31,39026,Argentina,2
2016-11-04 10:20:50.810000+00:00,-28.5698,-69.3981,145.44,4.51,mw,,141.0,0.813,0.75,us,us1000742q,2017-02-02T02:20:59.040Z,"118 km W of Vinchina, Argentina",earthquake,7.3,11.2,0.525,1.0,reviewed,us,us,2016-11-04,39042,Argentina,1
2016-11-07 07:47:53.730000+00:00,-36.6083,-62.3272,14.55,4.43,mw,,110.0,1.472,0.55,us,us1000767h,2021-10-07T06:02:09.766Z,"100 km NNW of Coronel Suárez, Argentina",earthquake,7.0,4.1,0.173,9.0,reviewed,us,us,2016-11-07,39051,Argentina,-1
2016-11-08 23:30:20.880000+00:00,-27.2512,-63.3108,558.61,5.37,mw,,40.0,5.206,0.89,us,us100076d3,2025-12-22T17:37:20.258Z,"25 km SSW of El Hoyo, Argentina",earthquake,10.0,5.0,0.025,518.0,reviewed,us,us,2016-11-08,38916,Argentina,3
2016-11-13 01:01:51.370000+00:00,-28.1225,-67.3071,118.77,5.3,mww,,25.0,2.065,0.66,us,us1000776j,2025-12-22T16:53:43.477Z,"26 km ESE of Tinogasta, Argentina",earthquake,6.5,2.9,,,reviewed,us,us,2016-11-13,38926,Argentina,1
2016-11-13 14:01:01.680000+00:00,-28.8647,-67.4565,109.12,5.7,mwr,,27.0,2.471,0.63,us,us100077ap,2022-05-03T19:47:41.268Z,"33 km N of Chilecito, Argentina",earthquake,6.8,2.6,0.071,19.0,reviewed,us,us,2016-11-13,38911,Argentina,1
2016-11-13 17:52:53+00:00,-32.0065,-68.1058,113.48,4.9,mwr,,30.0,0.673,1.09,us,us100077cs,2021-02-08T03:53:11.568Z,"42 km SSE of Caucete, Argentina",earthquake,7.3,4.3,0.048,42.0,reviewed,us,us,2016-11-13,38962,Argentina,1
2016-11-17 04:42:14.460000+00:00,-58.5818,-62.4604,10.0,4.94,mw,,120.0,4.122,0.96,us,us1000798k,2017-02-09T03:02:32.040Z,Drake Passage,earthquake,8.2,1.9,0.103,28.0,reviewed,us,us,2016-11-17,38944,Argentina,-1
2016-11-17 22:08:54.790000+00:00,-27.9344,-66.4859,156.36,5.11,mw,,44.0,2.593,1.06,us,us100079nr,2017-02-09T03:02:33.040Z,"42 km SSW of Andalgalá, Argentina",earthquake,7.4,7.5,0.149,14.0,reviewed,us,us,2016-11-17,38931,Argentina,1
2016-11-20 20:57:44+00:00,-31.6226,-68.6259,108.0,6.4,mww,,59.0,0.091,0.98,us,us10007az5,2022-05-03T19:49:14.623Z,"7 km NNW of Pocito, Argentina",earthquake,5.0,1.8,,,reviewed,us,us,2016-11-20,38906,Argentina,1
2016-11-24 14:09:09.330000+00:00,-24.3147,-66.9917,180.69,4.94,mw,,58.0,1.739,1.21,us,us10007c3c,2017-02-15T23:21:39.040Z,"69 km W of San Antonio de los Cobres, Argentina",earthquake,7.2,7.7,0.08,46.0,reviewed,us,us,2016-11-24,38944,Argentina,2
2016-12-01 10:45:40.780000+00:00,-27.9596,-64.5241,30.07,4.85,mw,,53.0,4.245,0.9,us,us10007e0i,2022-08-07T11:27:19.877Z,"31 km SW of Santiago del Estero, Argentina",earthquake,7.6,6.4,0.15,13.0,reviewed,us,us,2016-12-01,38966,Argentina,-1
2016-12-05 18:06:04+00:00,-23.185,-66.656,223.0,5.0,mww,,,,1.88,us,us10007f0t,2025-12-22T17:19:40.859Z,"99 km W of El Aguilar, Argentina",earthquake,7.1,6.0,,,reviewed,sja,us,2016-12-05,38939,Argentina,2
2016-12-08 09:36:17.780000+00:00,-30.6046,-69.0461,63.38,5.03,mw,,45.0,0.988,1.33,us,us20007z4b,2017-03-03T07:06:08.040Z,"49 km SW of San José de Jáchal, Argentina",earthquake,7.2,8.8,0.137,16.0,reviewed,us,us,2016-12-08,38938,Argentina,1
2016-12-14 00:04:31.550000+00:00,-22.9604,-66.1748,249.59,4.51,mw,,91.0,1.847,0.9,us,us200080lk,2017-03-09T02:14:30.040Z,"55 km WSW of Abra Pampa, Argentina",earthquake,9.9,15.4,0.213,6.0,reviewed,us,us,2016-12-14,39048,Argentina,2
2016-12-27 05:35:05.450000+00:00,-30.3836,-64.1751,37.79,4.68,mw,,58.0,4.042,0.91,us,us10007mz8,2017-03-23T22:52:04.040Z,"5 km WNW of Villa Tulumba, Argentina",earthquake,6.7,14.2,0.238,5.0,reviewed,us,us,2016-12-27,39016,Argentina,-1
2017-01-02 01:07:14.090000+00:00,-28.0774,-68.4816,146.0,4.68,mw,,43.0,1.364,1.38,us,us10007p5j,2017-03-27T23:53:17.040Z,"80 km NNW of Vinchina, Argentina",earthquake,7.9,16.1,0.217,6.0,reviewed,us,us,2017-01-02,39013,Argentina,1
2017-01-11 17:19:57.400000+00:00,-31.0557,-68.0249,10.0,5.03,mw,,92.0,0.746,1.03,us,us10007skq,2017-04-01T00:26:09.040Z,"61 km NE of San Martín, Argentina",earthquake,5.1,2.0,0.246,5.0,reviewed,us,us,2017-01-11,38935,Argentina,1
2017-01-20 08:20:47.630000+00:00,-28.3357,-68.8358,110.7,4.6,mw,,153.0,1.359,0.92,us,us10007ua3,2017-04-12T02:29:03.040Z,"77 km NW of Vinchina, Argentina",earthquake,7.2,9.7,0.2,7.0,reviewed,us,us,2017-01-20,39027,Argentina,1
2017-01-21 09:30:38.640000+00:00,-33.8004,-68.6259,21.87,4.5,mwr,,45.0,1.317,0.88,us,us10007uln,2017-04-12T02:29:04.040Z,"81 km S of San Martín, Argentina",earthquake,4.4,4.8,0.042,54.0,reviewed,us,us,2017-01-21,39051,Argentina,1
2017-01-24 17:37:13.450000+00:00,-32.1011,-67.4849,10.0,4.68,mw,,52.0,0.809,1.13,us,us10007v79,2017-04-19T18:30:58.040Z,"90 km ESE of Caucete, Argentina",earthquake,5.4,1.9,0.201,7.0,reviewed,us,us,2017-01-24,39021,Argentina,1
2017-01-29 15:46:59.980000+00:00,-30.3983,-68.6573,98.77,4.94,mw,,29.0,1.312,0.71,us,us10007w1h,2017-04-27T01:38:37.040Z,"19 km SSE of San José de Jáchal, Argentina",earthquake,5.0,6.5,0.098,31.0,reviewed,us,us,2017-01-29,38948,Argentina,1
2017-01-29 17:38:49.760000+00:00,-58.0422,-64.8912,10.0,5.4,mww,,110.0,3.467,0.94,us,us10007w2i,2025-12-22T17:27:16.012Z,Drake Passage,earthquake,8.3,1.8,,,reviewed,us,us,2017-01-29,38913,Argentina,-1
2017-01-31 13:06:38.640000+00:00,-29.467,-69.5894,121.24,4.85,mw,,43.0,0.671,0.81,us,us10007weu,2017-04-27T01:38:40.040Z,"118 km NW of San José de Jáchal, Argentina",earthquake,6.5,6.7,0.101,29.0,reviewed,us,us,2017-01-31,38969,Argentina,1
2017-02-03 00:52:26.450000+00:00,-33.0883,-69.7164,10.0,5.4,mww,,16.0,0.548,1.28,us,us20008h9r,2022-05-03T18:57:30.166Z,"85 km WSW of Mendoza, Argentina",earthquake,1.7,1.7,0.052,35.0,reviewed,us,us,2017-02-03,38913,Argentina,1
2017-02-04 06:44:30.940000+00:00,-31.4597,-66.2021,136.02,4.51,mw,,58.0,1.744,0.98,us,us20008hm1,2017-04-27T01:38:44.040Z,"75 km NNW of Candelaria, Argentina",earthquake,4.5,10.6,0.198,7.0,reviewed,us,us,2017-02-04,39046,Argentina,1
2017-02-07 01:30:14.900000+00:00,-28.4886,-68.1209,171.99,4.68,mw,,65.0,1.874,0.7,us,us20008i2e,2017-05-09T01:24:29.040Z,"31 km NNE of Vinchina, Argentina",earthquake,7.6,16.6,0.266,4.0,reviewed,us,us,2017-02-07,39023,Argentina,1
2017-02-18 12:10:17.970000+00:00,-23.8613,-66.6592,222.0,6.4,mww,,28.0,2.415,1.23,us,us20008kn8,2022-05-03T18:11:57.843Z,"52 km NW of San Antonio de los Cobres, Argentina",earthquake,6.9,1.8,0.04,60.0,reviewed,us,us,2017-02-18,38906,Argentina,2
2017-02-19 04:28:38.820000+00:00,-24.5109,-67.7572,189.11,4.77,mw,,74.0,1.787,0.23,us,us20008kqt,2017-05-17T01:19:31.040Z,"149 km WSW of San Antonio de los Cobres, Argentina",earthquake,9.4,8.0,0.31,3.0,reviewed,us,us,2017-02-19,38988,Argentina,2
2017-02-21 00:07:31.230000+00:00,-26.1613,-68.4146,148.53,4.16,mw,,105.0,0.928,0.73,us,us20008l0s,2017-05-17T01:19:34.040Z,"101 km W of Antofagasta de la Sierra, Argentina",earthquake,10.8,13.2,,,reviewed,us,guc,2017-02-21,39057,Argentina,-1
2017-02-23 17:10:12+00:00,-31.73,-70.055,144.2,4.51,mw,,,,0.44,us,us20008ltu,2017-05-17T01:19:37.040Z,"74 km SW of Calingasta, Argentina",earthquake,8.5,7.5,0.214,6.0,reviewed,guc,us,2017-02-23,39044,Argentina,1
2017-02-25 14:00:31.710000+00:00,-29.1774,-67.9683,103.9,4.8,mww,,32.0,2.015,0.75,us,us20008meg,2017-05-17T01:19:39.040Z,"45 km W of Chilecito, Argentina",earthquake,6.8,4.4,0.066,22.0,reviewed,us,us,2017-02-25,38975,Argentina,1
2017-02-28 07:13:35.320000+00:00,-22.8021,-63.7598,530.8,4.77,mw,,42.0,4.76,0.57,us,us20008mvz,2017-05-24T02:48:10.040Z,"23 km SSE of General Mosconi, Argentina",earthquake,13.0,2.9,0.117,21.0,reviewed,us,us,2017-02-28,38994,Argentina,-1
2017-02-28 10:19:37.260000+00:00,-29.32,-67.2056,109.9,4.94,mw,,50.0,2.445,1.23,us,us20008mx2,2017-05-24T02:48:10.040Z,"18 km WSW of Villa Bustos, Argentina",earthquake,4.9,9.2,0.122,20.0,reviewed,us,us,2017-02-28,38951,Argentina,1
2017-03-06 02:56:22.940000+00:00,-40.4113,-71.905,144.3,4.94,mw,,64.0,0.628,1.16,us,us1000877d,2017-05-31T01:58:55.040Z,"44 km NNW of Villa La Angostura, Argentina",earthquake,5.0,4.1,0.112,24.0,reviewed,us,us,2017-03-06,38948,Argentina,-1
2017-03-11 07:00:31.780000+00:00,-29.2266,-69.3046,93.74,4.8,mww,,43.0,0.933,1.13,us,us100088dn,2017-05-31T01:59:01.040Z,"118 km WSW of Vinchina, Argentina",earthquake,4.3,5.1,0.066,22.0,reviewed,us,us,2017-03-11,39130,Argentina,1
2017-03-14 20:03:49.010000+00:00,-23.999,-67.079,200.63,4.85,mw,,35.0,2.177,1.37,us,us20008s69,2017-06-07T00:33:39.040Z,"81 km WNW of San Antonio de los Cobres, Argentina",earthquake,7.9,9.5,0.136,19.0,reviewed,us,us,2017-03-14,39122,Argentina,2
2017-03-16 14:07:42.760000+00:00,-23.4783,-67.1063,236.93,4.4,mwr,,94.0,1.872,0.85,us,us20008shj,2017-06-07T00:33:41.040Z,"114 km NW of San Antonio de los Cobres, Argentina",earthquake,10.9,10.8,,,reviewed,us,guc,2017-03-16,39215,Argentina,2
2017-03-20 08:17:25.860000+00:00,-27.0913,-66.3875,164.72,4.94,mw,,28.0,2.461,1.14,us,us20008t9z,2025-12-22T17:21:56.907Z,"46 km ENE of Hualfín, Argentina",earthquake,6.5,6.3,0.04,183.0,reviewed,us,us,2017-03-20,39105,Argentina,1
2017-03-30 12:55:01.380000+00:00,-57.4616,-65.505,10.0,5.03,mw,,229.0,2.799,0.7,us,us10008en8,2017-06-16T23:08:03.040Z,Drake Passage,earthquake,4.8,2.0,0.153,13.0,reviewed,us,us,2017-03-30,39098,Argentina,-1
2017-04-05 10:50:33.720000+00:00,-35.918,-69.702,213.24,4.6,mw,,92.0,1.402,0.61,us,us10008ejs,2017-06-23T07:26:32.040Z,"Mendoza, Argentina",earthquake,8.4,9.6,0.176,9.0,reviewed,us,us,2017-04-05,39169,Argentina,-1
2017-04-07 02:50:31.120000+00:00,-28.1121,-68.8279,103.94,4.77,mw,,43.0,1.299,0.77,us,us10008fcf,2017-06-23T07:26:34.040Z,"94 km NW of Vinchina, Argentina",earthquake,6.2,6.1,0.24,5.0,reviewed,us,us,2017-04-07,39137,Argentina,1
2017-04-13 03:59:23.210000+00:00,-28.0203,-68.2753,105.82,4.77,mw,,50.0,1.403,0.74,us,us10008h58,2017-07-05T18:09:58.040Z,"70 km W of Tinogasta, Argentina",earthquake,6.5,1.8,0.105,26.0,reviewed,us,us,2017-04-13,39139,Argentina,1
2017-04-14 12:02:00.870000+00:00,-30.5068,-69.2169,45.55,4.2,mwr,,45.0,0.924,1.39,us,us10008hjg,2017-07-05T18:10:00.040Z,"53 km WSW of San José de Jáchal, Argentina",earthquake,5.0,7.9,0.063,24.0,reviewed,us,us,2017-04-14,39217,Argentina,1
2017-04-16 11:49:08.810000+00:00,-24.2556,-67.6548,209.26,4.43,mw,,75.0,1.963,1.01,us,us10008i3s,2017-07-11T01:48:33.040Z,"135 km W of San Antonio de los Cobres, Argentina",earthquake,9.9,11.1,0.299,3.0,reviewed,us,us,2017-04-16,39205,Argentina,2
2017-04-19 20:27:12.350000+00:00,-23.9421,-66.6508,179.86,5.11,mw,,34.0,2.463,0.94,us,us10008j3t,2017-07-11T01:48:38.040Z,"45 km NW of San Antonio de los Cobres, Argentina",earthquake,6.9,6.2,0.035,251.0,reviewed,us,us,2017-04-19,39087,Argentina,2
2017-04-20 21:24:27.290000+00:00,-27.5238,-67.214,119.2,5.1,mwr,,27.0,1.839,0.7,us,us10008je7,2025-12-22T17:22:45.269Z,"19 km W of La Puerta de San José, Argentina",earthquake,6.2,4.0,0.068,21.0,reviewed,us,us,2017-04-20,39096,Argentina,1
2017-04-23 10:41:04.820000+00:00,-33.2928,-67.9221,32.71,4.85,mw,,63.0,1.854,1.12,us,us10008jzz,2017-07-21T02:32:02.040Z,"56 km ESE of San Martín, Argentina",earthquake,7.5,7.4,0.22,6.0,reviewed,us,us,2017-04-23,39122,Argentina,1
2017-05-05 05:42:51.180000+00:00,-28.552,-65.2211,24.16,4.6,mw,,68.0,3.864,1.04,us,us10008pkk,2022-08-07T11:49:53.771Z,"39 km NE of Ancasti, Argentina",earthquake,7.8,7.4,0.216,6.0,reviewed,us,us,2017-05-05,39186,Argentina,-1
2017-05-10 12:29:39.460000+00:00,-28.707,-67.4005,129.24,4.7,mwr,,57.0,2.413,1.1,us,us10008r3u,2017-08-01T23:02:26.040Z,"51 km N of Chilecito, Argentina",earthquake,4.8,8.2,,,reviewed,us,guc,2017-05-10,39154,Argentina,1
2017-05-10 19:03:32.120000+00:00,-27.9223,-66.5219,157.09,5.11,mw,,54.0,2.559,1.01,us,us10008r7s,2017-08-01T23:02:27.040Z,"42 km SSW of Andalgalá, Argentina",earthquake,8.1,10.3,0.197,8.0,reviewed,us,us,2017-05-10,39089,Argentina,1
2017-05-16 00:33:59.560000+00:00,-25.575,-68.7787,113.16,4.43,mw,,90.0,0.841,0.86,us,us10008smm,2017-08-05T03:32:08.040Z,"147 km WNW of Antofagasta de la Sierra, Argentina",earthquake,4.5,11.1,0.366,2.0,reviewed,us,us,2017-05-16,39199,Argentina,2
2017-05-17 10:45:59.270000+00:00,-24.388,-67.0983,156.79,5.2,mw,,56.0,2.393,0.93,us,us10008szw,2017-08-05T03:32:10.040Z,"81 km WSW of San Antonio de los Cobres, Argentina",earthquake,7.6,8.9,0.161,12.0,reviewed,us,us,2017-05-17,39081,Argentina,2
2017-05-18 23:45:42.630000+00:00,-32.6542,-67.2938,166.23,5.28,mw,,27.0,1.616,0.7,us,us10008tg7,2017-08-05T03:32:11.040Z,"79 km W of Villa General Roca, Argentina",earthquake,7.0,5.1,0.025,493.0,reviewed,us,us,2017-05-18,39065,Argentina,1
2017-05-25 12:10:58.310000+00:00,-30.1939,-67.2047,36.77,4.85,mw,,66.0,1.853,1.29,us,us10008v9q,2017-08-10T01:34:01.040Z,"54 km NNE of San Agustín de Valle Fértil, Argentina",earthquake,6.7,21.7,0.312,3.0,reviewed,us,us,2017-05-25,39129,Argentina,1
2017-05-27 21:40:19.040000+00:00,-30.8426,-69.6627,113.6,4.85,mw,,42.0,0.882,0.87,us,us10008vty,2017-08-10T01:34:05.040Z,"59 km NNW of Calingasta, Argentina",earthquake,2.6,7.1,0.14,15.0,reviewed,us,us,2017-05-27,39128,Argentina,1
2017-05-30 22:57:07.040000+00:00,-31.5444,-69.2894,24.46,4.94,mw,,44.0,0.516,0.88,us,us20009kz1,2017-08-15T02:26:48.040Z,"26 km SSE of Calingasta, Argentina",earthquake,2.6,5.7,0.129,18.0,reviewed,us,us,2017-05-30,39102,Argentina,1
2017-06-05 12:31:33.060000+00:00,-57.552,-66.4253,10.0,5.2,mw,,132.0,2.711,0.64,us,us20009krn,2017-08-16T02:42:17.040Z,Drake Passage,earthquake,10.2,1.9,0.107,27.0,reviewed,us,us,2017-06-05,39071,Argentina,-1
2017-06-11 11:29:00.950000+00:00,-22.8771,-66.2965,234.42,5.2,mw,,36.0,1.737,0.72,us,us20009lud,2017-08-18T23:13:22.040Z,"63 km WSW of Abra Pampa, Argentina",earthquake,8.5,7.6,0.062,82.0,reviewed,us,us,2017-06-11,39067,Argentina,2
2017-06-25 22:08:28.020000+00:00,-42.2973,-72.2816,12.31,4.9,mwr,,50.0,0.948,0.7,us,us20009pnk,2022-05-03T18:39:23.222Z,"61 km WSW of Lago Puelo, Argentina",earthquake,6.3,4.1,0.063,24.0,reviewed,us,us,2017-06-25,39117,Argentina,-1
2017-06-26 06:03:49.500000+00:00,-31.9012,-69.0598,110.14,4.6,mw,,50.0,0.477,0.94,us,us100096e4,2017-09-27T02:03:13.040Z,"49 km SW of Villa Basilio Nievas, Argentina",earthquake,3.7,6.5,0.115,21.0,reviewed,us,us,2017-06-26,39168,Argentina,1
2017-07-13 13:05:39.520000+00:00,-36.9537,-71.0785,125.87,4.51,mw,,81.0,1.219,1.38,us,us20009vz2,2017-10-06T23:56:16.040Z,"29 km W of Las Ovejas, Argentina",earthquake,7.3,6.8,0.158,11.0,reviewed,us,us,2017-07-13,39198,Argentina,-1
2017-07-25 20:21:18.300000+00:00,-31.7153,-67.2409,120.55,4.77,mw,,44.0,0.856,0.96,us,us2000a12l,2017-10-14T00:19:40.040Z,"98 km E of Caucete, Argentina",earthquake,7.8,4.1,0.083,43.0,reviewed,us,us,2017-07-25,39148,Argentina,1
2017-07-26 02:18:48.490000+00:00,-31.4108,-68.5471,8.65,5.11,mw,,37.0,0.178,1.04,us,us2000a16d,2022-08-07T12:56:30.139Z,"3 km NW of Albardón, Argentina",earthquake,5.3,4.0,0.058,91.0,reviewed,us,us,2017-07-26,39095,Argentina,1
2017-08-01 06:13:56.430000+00:00,-28.545,-68.8943,110.0,5.6,mww,,24.0,1.246,1.14,us,us2000a34a,2022-08-07T13:27:52.119Z,"71 km WNW of Vinchina, Argentina",earthquake,6.2,1.8,0.059,28.0,reviewed,us,us,2017-08-01,39062,Argentina,1
2017-08-11 23:57:10.100000+00:00,-28.0917,-67.3529,116.53,5.0,mww,,27.0,2.599,0.75,us,us2000a7hj,2025-12-22T17:25:26.827Z,"21 km E of Tinogasta, Argentina",earthquake,6.5,4.7,0.068,21.0,reviewed,us,us,2017-08-11,39101,Argentina,1
2017-08-13 13:32:35.700000+00:00,-22.5114,-66.8396,195.21,4.3,mwr,,94.0,1.311,1.02,us,us2000a7sh,2017-11-14T01:42:05.040Z,"119 km WNW of Abra Pampa, Argentina",earthquake,6.4,8.5,,,reviewed,us,guc,2017-08-13,39217,Argentina,2
2017-08-13 16:57:40.190000+00:00,-23.1647,-66.8583,219.91,4.77,mw,,211.0,1.234,1.0,us,us2000a7tg,2017-11-14T01:42:06.040Z,"120 km W of El Aguilar, Argentina",earthquake,12.5,9.6,0.17,10.0,reviewed,us,us,2017-08-13,39142,Argentina,2
2017-09-09 12:03:41.220000+00:00,-22.4613,-66.1912,229.58,5.2,mww,,26.0,1.899,0.79,us,us2000aitr,2025-12-22T17:26:14.483Z,"58 km WNW of Abra Pampa, Argentina",earthquake,8.0,5.2,0.065,23.0,reviewed,us,us,2017-09-09,39261,Argentina,2
2017-09-15 00:07:34.870000+00:00,-31.912,-67.3134,136.67,4.51,mw,,67.0,1.224,1.1,us,us2000amzk,2017-12-13T02:29:44.040Z,"96 km ESE of Caucete, Argentina",earthquake,9.2,15.1,0.174,9.0,reviewed,us,us,2017-09-15,39413,Argentina,1
2017-09-23 16:39:44.410000+00:00,-28.7645,-69.2896,128.08,4.94,mw,,74.0,0.866,0.6,us,us2000atmf,2017-12-19T01:54:14.040Z,"105 km W of Vinchina, Argentina",earthquake,7.4,7.2,0.182,9.0,reviewed,us,us,2017-09-23,39297,Argentina,1
2017-09-23 17:25:53.160000+00:00,-30.7504,-68.9583,116.97,5.0,mww,,79.0,0.826,0.98,us,us2000atms,2025-12-22T17:26:41.841Z,"60 km SSW of San José de Jáchal, Argentina",earthquake,5.7,4.6,0.066,22.0,reviewed,us,us,2017-09-23,39294,Argentina,1
2017-09-26 01:04:29.480000+00:00,-38.2506,-68.2731,19.7,4.4,mwr,,89.0,2.828,0.82,us,us2000avl1,2022-08-07T18:51:22.445Z,"46 km ENE of Añelo, Argentina",earthquake,3.7,6.5,0.069,20.0,reviewed,us,us,2017-09-26,39414,Argentina,-1
2017-09-28 09:06:04.380000+00:00,-23.6875,-66.634,187.25,4.77,mw,,39.0,1.597,1.29,us,us2000avu4,2017-12-22T21:56:26.040Z,"66 km NNW of San Antonio de los Cobres, Argentina",earthquake,4.7,6.9,0.048,123.0,reviewed,us,us,2017-09-28,39350,Argentina,2
2017-09-29 16:44:14.870000+00:00,-24.482,-67.4618,189.49,4.6,mw,,91.0,1.658,0.73,us,us2000aws4,2017-12-22T21:56:29.040Z,"119 km WSW of San Antonio de los Cobres, Argentina",earthquake,11.4,12.1,0.216,6.0,reviewed,us,us,2017-09-29,39391,Argentina,2
2017-10-12 18:59:09.030000+00:00,-30.9939,-65.6186,165.65,5.5,mww,,19.0,2.323,1.1,us,us1000aqwn,2022-05-03T19:41:13.394Z,"45 km SSW of Serrezuela, Argentina",earthquake,7.0,4.0,0.056,31.0,reviewed,us,us,2017-10-12,39244,Argentina,-1
2017-10-16 06:58:10.270000+00:00,-28.797,-67.375,137.95,4.51,mw,,48.0,2.497,1.18,us,us1000asn5,2018-01-11T02:22:03.040Z,"42 km NNE of Chilecito, Argentina",earthquake,8.3,10.8,0.173,9.0,reviewed,us,us,2017-10-16,39402,Argentina,1
2017-10-18 20:43:54.930000+00:00,-32.8581,-68.1012,36.36,4.77,mw,,46.0,1.255,0.65,us,us1000atut,2018-01-11T02:22:06.040Z,"42 km NE of San Martín, Argentina",earthquake,6.0,5.3,0.109,24.0,reviewed,us,us,2017-10-18,39350,Argentina,1
2017-10-26 03:04:23.570000+00:00,-29.158,-68.0965,41.55,4.68,mw,,51.0,1.922,0.81,us,us1000ax1k,2018-01-17T21:50:34.040Z,"45 km SSE of Vinchina, Argentina",earthquake,2.3,12.8,0.177,9.0,reviewed,us,us,2017-10-26,39352,Argentina,1
2017-10-29 16:08:52.420000+00:00,-28.5963,-66.9799,133.01,4.85,mw,,36.0,2.902,0.56,us,us1000aybq,2018-01-24T01:24:58.040Z,"18 km W of Arauco, Argentina",earthquake,6.4,4.8,0.049,122.0,reviewed,us,us,2017-10-29,39307,Argentina,1
2017-11-01 22:26:51.550000+00:00,-33.1812,-69.6039,10.0,4.51,mw,,62.0,0.435,1.09,us,us2000bf7z,2018-01-24T01:25:04.040Z,"79 km WSW of Mendoza, Argentina",earthquake,4.3,1.9,0.198,7.0,reviewed,us,us,2017-11-01,39404,Argentina,1
2017-11-11 04:20:41.880000+00:00,-25.2925,-64.8604,10.0,5.03,mw,,35.0,3.823,1.17,us,us2000blwb,2018-01-31T03:04:48.040Z,"23 km WNW of El Galpón, Argentina",earthquake,6.9,1.8,0.049,125.0,reviewed,us,us,2017-11-11,39283,Argentina,-1
2017-11-16 15:51:44.290000+00:00,-58.5433,-62.9694,10.0,5.3,mww,,89.0,4.277,0.75,us,us2000bpsa,2025-12-22T17:28:18.672Z,Drake Passage,earthquake,6.4,1.8,0.075,17.0,reviewed,us,us,2017-11-16,39258,Argentina,-1
2017-11-18 15:01:41.700000+00:00,-25.6007,-65.4292,123.27,4.68,mw,,93.0,3.639,1.13,us,us2000br0c,2018-02-06T02:45:42.040Z,"55 km S of Chicoana, Argentina",earthquake,10.6,3.8,0.142,14.0,reviewed,us,us,2017-11-18,39385,Argentina,-1
2017-11-29 16:35:04.130000+00:00,-32.2587,-68.6248,116.67,4.8,mwr,,41.0,0.712,0.79,us,us2000bvwh,2018-02-20T09:06:07.040Z,"63 km S of Pocito, Argentina",earthquake,6.3,3.6,0.039,62.0,reviewed,us,us,2017-11-29,39345,Argentina,1
2017-12-01 13:37:34.190000+00:00,-32.5292,-67.484,154.86,4.85,mw,,67.0,1.414,1.19,us,us1000bjva,2018-02-20T09:06:10.040Z,"98 km W of Villa General Roca, Argentina",earthquake,6.7,11.1,0.163,11.0,reviewed,us,us,2017-12-01,39334,Argentina,1
2017-12-07 19:31:27.540000+00:00,-23.1456,-66.5878,209.79,5.03,mw,,31.0,1.478,1.06,us,us2000c1r2,2018-02-28T02:32:31.040Z,"93 km W of El Aguilar, Argentina",earthquake,5.0,6.3,0.039,201.0,reviewed,us,us,2017-12-07,39291,Argentina,2
2017-12-08 05:06:17.990000+00:00,-22.8889,-66.9387,247.78,4.77,mw,,58.0,1.145,0.55,us,us2000c1yd,2018-02-28T02:32:32.040Z,"128 km W of Abra Pampa, Argentina",earthquake,12.1,12.4,0.219,6.0,reviewed,us,us,2017-12-08,39348,Argentina,2
2017-12-09 02:21:35.130000+00:00,-24.0875,-66.678,195.31,4.85,mw,,39.0,1.781,0.84,us,us2000c29u,2018-02-28T02:32:34.040Z,"39 km WNW of San Antonio de los Cobres, Argentina",earthquake,8.0,6.0,0.056,92.0,reviewed,us,us,2017-12-09,39314,Argentina,2
2017-12-19 18:20:13.390000+00:00,-24.2551,-67.0986,175.25,5.11,mw,,33.0,1.632,0.95,us,us1000bt7m,2025-12-22T17:29:19.261Z,"79 km W of San Antonio de los Cobres, Argentina",earthquake,6.8,6.7,0.035,257.0,reviewed,us,us,2017-12-19,39264,Argentina,2
2017-12-22 08:44:36.080000+00:00,-33.3531,-68.9477,27.73,4.3,mwr,,44.0,1.131,1.06,us,us1000buxs,2018-03-14T00:58:26.040Z,"52 km SSW of Mendoza, Argentina",earthquake,2.5,5.0,0.04,60.0,reviewed,us,us,2017-12-22,39419,Argentina,1
2017-12-24 10:43:55.340000+00:00,-27.3216,-63.4181,574.25,4.68,mw,,41.0,5.527,0.71,us,us1000bvl0,2018-03-17T01:54:33.040Z,"37 km SSW of El Hoyo, Argentina",earthquake,12.2,7.4,0.142,14.0,reviewed,us,us,2017-12-24,39352,Argentina,3
2017-12-24 12:04:25.390000+00:00,-29.9971,-68.1149,53.88,4.85,mw,,55.0,1.619,1.27,us,us1000bvm1,2018-03-17T01:54:33.040Z,"66 km ENE of San José de Jáchal, Argentina",earthquake,5.2,8.8,0.181,9.0,reviewed,us,us,2017-12-24,39312,Argentina,1
2017-12-26 18:21:22.510000+00:00,-31.3805,-69.4762,124.0,4.6,mw,,75.0,0.696,1.07,us,us1000bwf9,2018-03-17T01:54:35.040Z,"7 km SW of Calingasta, Argentina",earthquake,5.7,6.5,0.167,12.0,reviewed,us,us,2017-12-26,39385,Argentina,1
2017-12-26 19:09:59.850000+00:00,-38.7251,-70.531,190.25,4.6,mw,,47.0,1.127,0.9,us,us2000ci7b,2018-03-17T01:54:35.040Z,"26 km SSW of Las Lajas, Argentina",earthquake,6.7,6.4,0.115,24.0,reviewed,us,us,2017-12-26,39389,Argentina,-1
2018-01-28 10:11:26.890000+00:00,-28.2506,-68.9024,79.29,5.1,mww,,34.0,1.34,1.3,us,us2000cqm4,2025-12-22T17:30:04.294Z,"88 km NW of Vinchina, Argentina",earthquake,6.0,4.0,0.059,28.0,reviewed,us,us,2018-01-28,39277,Argentina,1
2018-01-28 23:53:14.020000+00:00,-31.2729,-68.6683,86.89,5.4,mww,,21.0,1.782,1.05,us,us2000cqsd,2025-12-22T17:34:21.386Z,"22 km NW of Albardón, Argentina",earthquake,5.9,3.8,0.054,33.0,reviewed,us,us,2018-01-28,39250,Argentina,1
2018-02-01 23:13:54.150000+00:00,-31.5621,-70.0399,100.73,5.2,mww,,41.0,0.895,0.75,us,us1000ce18,2025-12-22T17:30:13.740Z,"64 km WSW of Calingasta, Argentina",earthquake,5.6,4.6,0.08,15.0,reviewed,us,us,2018-02-01,39263,Argentina,1
2018-02-03 23:49:03.340000+00:00,-34.8559,-69.2138,170.45,4.85,mw,,40.0,1.291,0.95,us,us1000cfi1,2018-04-25T01:39:46.040Z,"85 km WSW of San Rafael, Argentina",earthquake,5.5,6.3,0.079,47.0,reviewed,us,us,2018-02-03,39325,Argentina,-1
2018-02-06 19:47:11.630000+00:00,-32.4648,-70.3424,104.94,4.85,mw,,82.0,0.346,0.62,us,us1000chmk,2018-05-03T22:15:00.040Z,Chile-Argentina border region,earthquake,4.9,4.1,0.127,19.0,reviewed,us,us,2018-02-06,39327,Chile-Argentina border region,1
2018-02-14 03:19:53.110000+00:00,-22.7692,-66.5316,224.25,4.6,mw,,38.0,1.53,0.8,us,us2000d1t4,2018-05-15T06:29:05.040Z,"85 km W of Abra Pampa, Argentina",earthquake,8.2,8.0,0.089,35.0,reviewed,us,us,2018-02-14,39394,Argentina,2
2018-02-16 11:50:34.460000+00:00,-29.3489,-69.4596,118.73,4.8,mww,,38.0,0.834,1.07,us,us2000d362,2022-08-08T00:25:44.717Z,"120 km NW of San José de Jáchal, Argentina",earthquake,6.5,5.3,0.078,16.0,reviewed,us,us,2018-02-16,39335,Argentina,1
2018-02-25 11:18:59.720000+00:00,-31.4773,-67.6403,53.41,4.85,mw,,50.0,2.588,0.64,us,us2000d7n7,2018-05-22T02:00:26.040Z,"63 km ENE of Caucete, Argentina",earthquake,3.1,9.0,0.171,10.0,reviewed,us,us,2018-02-25,39333,Argentina,1
2018-02-26 23:31:43.370000+00:00,-28.3803,-67.4776,120.33,5.2,mw,,27.0,2.125,0.6,us,us2000d8if,2018-05-27T01:06:02.040Z,"36 km SSE of Tinogasta, Argentina",earthquake,6.6,6.6,0.026,485.0,reviewed,us,us,2018-02-26,39258,Argentina,1
2018-03-03 16:40:44.520000+00:00,-27.9135,-66.8314,189.59,5.03,mw,,37.0,2.309,1.22,us,us2000dbqs,2018-05-27T01:06:11.040Z,"37 km SE of Londres, Argentina",earthquake,8.7,11.4,0.133,17.0,reviewed,us,us,2018-03-03,39281,Argentina,1
2018-03-05 05:44:16.100000+00:00,-23.057,-66.6895,203.45,4.94,mw,,50.0,1.376,1.2,us,us2000dcas,2018-06-08T05:12:09.040Z,"104 km W of El Aguilar, Argentina",earthquake,7.8,7.9,0.095,33.0,reviewed,us,us,2018-03-05,39464,Argentina,2
2018-03-06 14:13:54.690000+00:00,-31.942,-68.4778,120.77,5.03,mw,,43.0,1.936,0.67,us,us2000dcwr,2022-08-08T01:03:30.951Z,"30 km SSE of Pocito, Argentina",earthquake,7.6,6.7,0.045,150.0,reviewed,us,us,2018-03-06,39450,Argentina,1
2018-03-17 18:18:43.450000+00:00,-24.1924,-65.2067,38.44,4.85,mw,,35.0,2.993,1.19,us,us1000d5qd,2018-06-11T21:53:50.040Z,"7 km N of Palpalá, Argentina",earthquake,6.4,8.0,0.074,54.0,reviewed,us,us,2018-03-17,39490,Argentina,-1
2018-03-19 12:51:17.120000+00:00,-32.3782,-69.4389,113.06,5.0,mww,,55.0,1.014,0.91,us,us1000d6dq,2025-12-22T17:31:47.883Z,"80 km NW of Mendoza, Argentina",earthquake,6.6,4.6,0.059,28.0,reviewed,us,us,2018-03-19,39451,Argentina,1
2018-03-25 14:28:35.270000+00:00,-26.7926,-63.3697,577.24,5.6,mww,,21.0,5.147,1.28,us,us1000d8vi,2022-05-03T18:50:44.950Z,"29 km NNW of El Hoyo, Argentina",earthquake,10.4,4.2,0.05,38.0,reviewed,us,us,2018-03-25,39421,Argentina,3
2018-04-03 22:14:55.650000+00:00,-28.8062,-67.8804,41.58,4.1,mwr,,43.0,2.1,1.06,us,us1000ddx2,2018-06-30T01:11:27.040Z,"32 km E of Vinchina, Argentina",earthquake,6.9,8.9,0.041,56.0,reviewed,us,us,2018-04-03,39585,Argentina,1
2018-04-04 17:44:54.340000+00:00,-31.6905,-70.1181,154.64,4.16,mw,,167.0,0.896,0.39,us,us1000de7s,2018-06-30T01:11:28.040Z,"77 km WSW of Calingasta, Argentina",earthquake,5.3,11.9,0.046,62.0,reviewed,us,us,2018-04-04,39568,Argentina,1
2018-04-11 10:31:30.140000+00:00,-30.3122,-67.4268,38.43,4.94,mw,,47.0,2.334,0.93,us,us2000dxz0,2018-07-07T02:25:18.040Z,"35 km N of San Agustín de Valle Fértil, Argentina",earthquake,7.2,5.5,0.064,74.0,reviewed,us,us,2018-04-11,39459,Argentina,1
2018-04-12 22:13:50.700000+00:00,-31.7658,-67.2354,46.81,4.77,mw,,67.0,2.884,0.6,us,us2000dz81,2018-07-07T02:25:20.040Z,"99 km E of Caucete, Argentina",earthquake,8.2,9.4,0.24,5.0,reviewed,us,us,2018-04-12,39524,Argentina,1
2018-04-17 15:40:37.410000+00:00,-22.4929,-65.9932,243.19,5.11,mw,,89.0,2.069,0.73,us,us1000dpcy,2018-07-17T02:05:28.040Z,"39 km NW of Abra Pampa, Argentina",earthquake,8.2,6.9,0.1,31.0,reviewed,us,us,2018-04-17,39435,Argentina,2
2018-04-28 20:50:00.410000+00:00,-33.191,-68.7887,29.48,4.0,mwr,,29.0,1.059,1.23,us,us1000du2r,2018-07-25T21:37:45.040Z,"32 km WSW of San Martín, Argentina",earthquake,5.8,4.9,0.04,61.0,reviewed,us,us,2018-04-28,39597,Argentina,1
2018-05-03 10:52:51.430000+00:00,-26.3064,-67.9828,35.98,5.03,mw,,78.0,1.154,1.4,us,us1000dwl7,2018-07-27T20:20:31.040Z,"63 km WSW of Antofagasta de la Sierra, Argentina",earthquake,6.4,7.0,0.042,175.0,reviewed,us,us,2018-05-03,39441,Argentina,-1
2018-05-10 15:42:39.700000+00:00,-27.4663,-67.4238,170.5,4.77,mw,,45.0,1.645,1.27,us,us1000e230,2018-08-08T15:20:10.040Z,"29 km NE of Fiambalá, Argentina",earthquake,8.0,7.6,0.22,6.0,reviewed,us,us,2018-05-10,39505,Argentina,1
2018-05-13 01:52:07.050000+00:00,-30.8023,-65.2422,180.36,4.77,mw,,61.0,3.041,0.63,us,us1000e3wk,2018-08-08T15:21:24.040Z,"22 km SE of Serrezuela, Argentina",earthquake,7.3,7.0,0.045,146.0,reviewed,us,us,2018-05-13,39514,Argentina,-1
2018-05-15 17:42:30.590000+00:00,-31.7908,-69.1553,117.86,4.6,mw,,100.0,0.47,1.31,us,us1000e5n5,2018-08-15T19:46:52.040Z,"48 km WSW of Villa Basilio Nievas, Argentina",earthquake,6.3,6.8,0.152,13.0,reviewed,us,us,2018-05-15,39539,Argentina,1
2018-05-16 01:38:33.540000+00:00,-26.6598,-64.272,10.0,4.51,mw,,50.0,5.016,1.14,us,us1000e618,2022-08-08T03:35:57.981Z,"50 km ESE of Burruyacú, Argentina",earthquake,6.5,2.0,0.197,7.0,reviewed,us,us,2018-05-16,39558,Argentina,-1
2018-05-21 01:04:00.180000+00:00,-29.7259,-68.5567,104.98,4.77,mw,,30.0,1.358,0.96,us,us1000e956,2018-08-21T21:23:46.040Z,"59 km NNE of San José de Jáchal, Argentina",earthquake,7.1,7.4,0.088,37.0,reviewed,us,us,2018-05-21,39493,Argentina,1
2018-05-23 23:21:14.190000+00:00,-33.359,-69.2217,10.0,4.6,mw,,62.0,0.671,1.15,us,us1000eb00,2018-08-21T21:23:49.040Z,"63 km SW of Mendoza, Argentina",earthquake,2.9,1.9,0.236,5.0,reviewed,us,us,2018-05-23,39551,Argentina,1
2018-05-28 20:59:35.400000+00:00,-31.2281,-68.6076,106.3,5.0,mww,,22.0,0.323,0.71,us,us1000edk8,2025-12-22T17:48:09.574Z,"24 km NNW of Albardón, Argentina",earthquake,7.2,2.3,0.062,25.0,reviewed,us,us,2018-05-28,39458,Argentina,1
2018-06-06 07:49:41.760000+00:00,-23.5419,-66.8337,210.23,4.77,mw,,90.0,1.369,0.77,us,us1000ejfz,2018-08-29T16:34:27.040Z,"91 km NW of San Antonio de los Cobres, Argentina",earthquake,10.2,11.7,0.24,5.0,reviewed,us,us,2018-06-06,39500,Argentina,2
2018-06-16 02:21:08.720000+00:00,-31.3963,-67.8238,12.14,4.68,mw,,60.0,0.75,1.18,us,us1000esyc,2018-09-07T17:47:06.040Z,"51 km ENE of Caucete, Argentina",earthquake,4.9,5.8,0.201,7.0,reviewed,us,us,2018-06-16,39525,Argentina,1
2018-06-17 02:11:56.810000+00:00,-27.9279,-66.6632,165.81,4.77,mw,,48.0,3.182,0.88,us,us1000etjb,2018-09-07T17:47:07.040Z,"51 km SW of Andalgalá, Argentina",earthquake,6.3,9.1,0.098,30.0,reviewed,us,us,2018-06-17,39498,Argentina,1
2018-06-20 01:09:54.900000+00:00,-23.8452,-66.5251,201.38,4.9,mww,,33.0,1.76,0.98,us,us1000ew0w,2025-12-22T17:48:29.119Z,"46 km NNW of San Antonio de los Cobres, Argentina",earthquake,7.6,6.1,0.063,24.0,reviewed,us,us,2018-06-20,39480,Argentina,2
2018-06-21 16:08:03.320000+00:00,-24.267,-67.0505,189.0,5.6,mww,,29.0,1.668,1.22,us,us1000exq6,2022-05-03T19:19:49.696Z,"74 km W of San Antonio de los Cobres, Argentina",earthquake,7.4,1.8,0.036,74.0,reviewed,us,us,2018-06-21,39433,Argentina,2
2018-06-27 20:06:59.600000+00:00,-29.6711,-69.4261,131.54,4.77,mw,,83.0,0.655,0.67,us,us2000fpfd,2018-09-21T16:25:58.040Z,"91 km NW of San José de Jáchal, Argentina",earthquake,5.0,8.0,0.169,10.0,reviewed,us,us,2018-06-27,39492,Argentina,1
2018-07-01 03:02:48.480000+00:00,-32.3186,-67.446,35.24,4.1,mwr,,28.0,1.304,1.15,us,us2000fsr0,2018-09-21T16:25:56.040Z,"101 km WNW of Villa General Roca, Argentina",earthquake,5.5,3.4,0.044,50.0,reviewed,us,us,2018-07-01,39589,Argentina,1
2018-07-13 07:56:50+00:00,-28.2058,-67.5349,114.32,4.6,mw,,46.0,2.466,1.01,us,us2000g3sg,2018-10-02T16:40:37.040Z,"16 km S of Tinogasta, Argentina",earthquake,8.5,12.3,0.215,6.0,reviewed,us,us,2018-07-13,39535,Argentina,1
2018-07-19 00:48:01.030000+00:00,-24.344,-67.8974,132.68,4.6,mw,,111.0,1.409,1.36,us,us2000g8cl,2018-10-04T14:15:33.040Z,"160 km W of San Antonio de los Cobres, Argentina",earthquake,6.5,9.0,0.215,6.0,reviewed,us,us,2018-07-19,39529,Argentina,2
2018-07-20 10:24:56.410000+00:00,-28.027,-63.2284,579.0,5.6,mww,,34.0,5.517,0.91,us,us2000g9l7,2022-05-03T19:23:08.800Z,"22 km ESE of Suncho Corral, Argentina",earthquake,9.8,2.0,0.042,55.0,reviewed,us,us,2018-07-20,39422,Argentina,3
2018-07-24 11:17:24.580000+00:00,-29.087,-67.4839,119.86,4.85,mw,,94.0,2.441,1.12,us,us2000gcis,2018-10-09T16:43:27.040Z,"8 km N of Chilecito, Argentina",earthquake,8.1,5.6,0.163,11.0,reviewed,us,us,2018-07-24,39487,Argentina,1
2018-07-30 02:43:33.520000+00:00,-34.4898,-68.6512,11.14,4.43,mw,,68.0,1.44,1.1,us,us2000gh0i,2018-10-16T15:34:11.040Z,"32 km WNW of San Rafael, Argentina",earthquake,6.5,4.2,0.258,4.0,reviewed,us,us,2018-07-30,39562,Argentina,1
2018-08-16 15:04:47.260000+00:00,-27.5108,-62.5947,626.01,4.51,mw,,57.0,4.844,0.74,us,us1000genw,2018-10-27T16:22:08.040Z,"23 km NW of Quimilí, Argentina",earthquake,15.3,8.9,0.261,5.0,reviewed,us,us,2018-08-16,39557,Argentina,3
2018-08-20 06:40:56.450000+00:00,-33.4933,-68.1385,37.87,4.94,mw,,51.0,1.571,0.49,us,us1000gdr7,2018-11-01T17:50:49.040Z,"55 km SE of San Martín, Argentina",earthquake,5.4,9.8,0.146,14.0,reviewed,us,us,2018-08-20,39475,Argentina,1
2018-08-28 08:17:11.830000+00:00,-22.7136,-66.9288,231.51,4.68,mw,,50.0,1.177,0.6,us,us1000giij,2018-11-07T18:37:03.040Z,"Jujuy, Argentina",earthquake,10.7,9.5,0.178,9.0,reviewed,us,us,2018-08-28,39528,Argentina,2
2018-09-07 23:12:47.770000+00:00,-30.5214,-69.7273,107.26,4.7,mwr,,27.0,0.628,1.16,us,us2000harp,2018-11-14T17:40:18.040Z,"94 km NNW of Calingasta, Argentina",earthquake,4.7,4.4,0.038,67.0,reviewed,us,us,2018-09-07,39712,Argentina,1
2018-09-14 06:58:16.200000+00:00,-33.2907,-68.9207,10.0,4.68,mw,,58.0,0.93,0.95,us,us2000hehy,2022-08-08T08:18:21.177Z,"45 km S of Mendoza, Argentina",earthquake,3.6,1.9,0.265,4.0,reviewed,us,us,2018-09-14,39741,Argentina,1
2018-09-19 14:02:18.790000+00:00,-22.3833,-66.0503,266.6,4.85,mw,,47.0,2.045,0.91,us,us2000hh3i,2018-11-27T15:51:59.040Z,"52 km NW of Abra Pampa, Argentina",earthquake,8.7,9.2,0.145,14.0,reviewed,us,us,2018-09-19,39682,Argentina,2
2018-09-27 07:01:10.910000+00:00,-28.0444,-68.8827,92.87,4.43,mw,,61.0,1.278,0.73,us,us1000h35e,2018-12-01T16:41:33.040Z,"103 km NW of Vinchina, Argentina",earthquake,7.9,9.2,0.195,7.0,reviewed,us,us,2018-09-27,39753,Argentina,1
2018-10-04 23:21:56.750000+00:00,-22.8387,-66.3988,242.29,5.2,mw,,59.0,1.645,0.87,us,us1000h7c7,2018-12-14T20:32:36.040Z,"73 km W of Abra Pampa, Argentina",earthquake,5.6,10.2,0.132,18.0,reviewed,us,us,2018-10-04,39614,Argentina,2
2018-10-09 12:28:46.490000+00:00,-23.1728,-66.7384,217.52,4.77,mw,,49.0,1.344,0.94,us,us1000h9bd,2018-12-21T21:15:48.040Z,"108 km W of El Aguilar, Argentina",earthquake,8.8,8.8,0.154,12.0,reviewed,us,us,2018-10-09,39703,Argentina,2
2018-10-29 06:54:21.250000+00:00,-57.434,-66.3834,10.0,6.3,mww,,13.0,2.603,0.79,us,us1000hied,2022-08-08T09:34:45.489Z,Drake Passage,earthquake,6.8,1.7,0.037,72.0,reviewed,us,us,2018-10-29,39607,Argentina,-1
2018-11-02 08:20:23.530000+00:00,-30.2185,-67.4637,32.27,4.7,mww,,43.0,1.688,1.06,us,us2000i5s6,2022-05-03T19:37:28.623Z,"46 km N of San Agustín de Valle Fértil, Argentina",earthquake,6.9,5.2,0.117,7.0,reviewed,us,us,2018-11-02,39709,Argentina,1
2018-11-02 10:57:44.120000+00:00,-31.6462,-69.6082,119.94,4.77,mw,,56.0,0.794,1.2,us,us2000i5tf,2019-01-21T14:29:44.040Z,"38 km SSW of Calingasta, Argentina",earthquake,6.7,5.1,0.112,23.0,reviewed,us,us,2018-11-02,39700,Argentina,1
2018-11-09 09:09:26.900000+00:00,-30.7409,-68.9648,147.6,4.68,mw,,56.0,0.837,1.27,us,us1000hpmf,2019-01-21T16:42:53.040Z,"59 km SSW of San José de Jáchal, Argentina",earthquake,7.2,8.6,0.2,7.0,reviewed,us,us,2018-11-09,39739,Argentina,1
2018-11-09 15:15:42.530000+00:00,-27.9857,-66.5921,165.2,5.03,mw,,48.0,3.25,0.83,us,us1000hps3,2019-01-21T16:42:59.040Z,"52 km SSW of Andalgalá, Argentina",earthquake,5.1,10.2,0.153,13.0,reviewed,us,us,2018-11-09,39627,Argentina,1
2018-11-11 16:16:30.140000+00:00,-31.3171,-68.6042,111.76,4.77,mw,,164.0,0.237,0.3,us,us1000hqlc,2019-01-21T16:42:53.040Z,"15 km NNW of Albardón, Argentina",earthquake,6.1,5.3,0.378,2.0,reviewed,us,us,2018-11-11,39698,Argentina,1
2018-11-21 00:06:49.880000+00:00,-28.8586,-67.3543,117.1,4.94,mw,,78.0,2.561,0.73,us,us1000hur2,2019-02-02T20:02:27.040Z,"36 km NNE of Chilecito, Argentina",earthquake,8.4,5.9,0.082,45.0,reviewed,us,us,2018-11-21,39663,Argentina,1
2018-11-26 14:12:24.370000+00:00,-39.8546,-71.417,159.81,4.94,mw,,64.0,0.273,0.52,us,us1000hwn6,2019-02-09T19:02:10.040Z,"31 km WNW of Junín de los Andes, Argentina",earthquake,6.4,5.5,0.109,25.0,reviewed,us,us,2018-11-26,39659,Argentina,-1
2018-12-07 05:12:11.360000+00:00,-28.747,-67.8543,128.82,4.68,mw,,89.0,2.125,0.87,us,us1000i3ys,2019-02-16T19:52:28.040Z,"34 km E of Vinchina, Argentina",earthquake,10.0,9.5,0.148,13.0,reviewed,us,us,2018-12-07,39729,Argentina,1
2018-12-09 20:42:42.130000+00:00,-23.8858,-66.7135,199.76,5.11,mw,,34.0,1.635,1.11,us,us1000i5er,2019-02-16T19:52:35.040Z,"54 km NW of San Antonio de los Cobres, Argentina",earthquake,4.6,8.4,0.118,22.0,reviewed,us,us,2018-12-09,39619,Argentina,2
2018-12-10 19:57:44+00:00,-23.4716,-66.4708,197.55,4.68,mw,,94.0,1.654,1.28,us,us2000is77,2019-02-16T22:29:03.040Z,"84 km N of San Antonio de los Cobres, Argentina",earthquake,10.6,9.1,0.168,10.0,reviewed,us,us,2018-12-10,39720,Argentina,2
2018-12-12 00:31:03.730000+00:00,-50.6259,-74.1244,17.21,5.03,mw,,154.0,1.301,0.97,us,us2000ismi,2019-02-16T22:29:05.040Z,"134 km WSW of El Calafate, Argentina",earthquake,9.1,4.3,0.088,39.0,reviewed,us,us,2018-12-12,39634,Argentina,-1
2018-12-17 22:01:07.850000+00:00,-24.7373,-67.9476,123.03,4.77,mw,,45.0,1.55,1.38,us,us2000iuk7,2019-02-23T20:21:12.040Z,"156 km NNW of Antofagasta de la Sierra, Argentina",earthquake,8.0,8.3,0.155,12.0,reviewed,us,us,2018-12-17,39687,Argentina,2
2018-12-18 21:29:45.630000+00:00,-33.8314,-68.3835,15.97,4.1,mwr,,31.0,1.416,1.03,us,us2000iuwm,2019-02-23T20:21:24.040Z,"83 km S of San Martín, Argentina",earthquake,5.9,4.5,0.071,19.0,reviewed,us,us,2018-12-18,39770,Argentina,1
2018-12-21 02:18:38.620000+00:00,-24.2557,-66.8622,188.47,4.77,mw,,35.0,1.772,1.26,us,us2000ivqc,2019-02-23T20:21:53.040Z,"55 km W of San Antonio de los Cobres, Argentina",earthquake,5.3,7.7,0.12,20.0,reviewed,us,us,2018-12-21,39701,Argentina,2
2018-12-27 02:41:01.150000+00:00,-32.0042,-69.3981,117.42,4.85,mw,,48.0,0.76,0.81,us,us2000ixxq,2019-03-05T17:46:35.040Z,"74 km S of Calingasta, Argentina",earthquake,3.5,6.3,0.106,26.0,reviewed,us,us,2018-12-27,39670,Argentina,1
2018-12-29 16:31:21.470000+00:00,-23.5244,-66.9726,231.24,4.85,mw,,50.0,1.247,0.66,us,us2000iyyl,2022-08-08T11:06:20.595Z,"101 km NW of San Antonio de los Cobres, Argentina",earthquake,9.8,13.3,0.242,5.0,reviewed,us,us,2018-12-29,39672,Argentina,2
2019-01-07 15:17:27.390000+00:00,-31.5446,-67.7325,10.0,4.77,mw,,64.0,0.812,1.18,us,us2000j13t,2019-03-08T17:50:18.040Z,"53 km ENE of Caucete, Argentina",earthquake,1.8,1.9,0.31,3.0,reviewed,us,us,2019-01-07,39708,Argentina,1
2019-01-17 05:05:37.740000+00:00,-22.0416,-66.1905,302.09,4.68,mw,,35.0,2.049,0.87,us,us2000j4wy,2019-04-05T21:40:59.040Z,"Jujuy, Argentina",earthquake,5.1,10.3,0.13,17.0,reviewed,us,us,2019-01-17,39718,Argentina,2
2019-01-19 14:57:31.270000+00:00,-31.2922,-69.3221,137.4,4.85,mw,,58.0,0.6,1.15,us,us2000j6d5,2019-04-05T21:41:01.040Z,"10 km ENE of Calingasta, Argentina",earthquake,8.1,8.3,0.205,7.0,reviewed,us,us,2019-01-19,39670,Argentina,1
2019-01-27 23:54:01.330000+00:00,-24.1555,-67.3337,224.91,4.94,mw,,94.0,1.427,1.0,us,us2000j9j6,2019-04-12T17:15:56.040Z,Chile-Argentina border region,earthquake,9.3,8.5,0.244,5.0,reviewed,us,us,2019-01-27,39663,Chile-Argentina border region,2
2019-01-31 02:59:09.340000+00:00,-27.9023,-67.4727,169.4,4.6,mw,,46.0,1.817,0.83,us,us2000jb1k,2019-04-18T19:09:25.040Z,"20 km NNE of Tinogasta, Argentina",earthquake,8.7,10.8,0.2,8.0,reviewed,us,us,2019-01-31,39749,Argentina,1
2019-02-17 13:22:08.030000+00:00,-23.4656,-64.6916,10.0,5.0,mww,,64.0,3.248,0.94,us,us2000jj5u,2025-12-22T18:03:28.859Z,"29 km NW of Yuto, Argentina",earthquake,8.1,1.8,0.069,20.0,reviewed,us,us,2019-02-17,39639,Argentina,-1
2019-03-01 00:13:29.230000+00:00,-28.2499,-63.2866,577.65,5.5,mww,,24.0,5.375,0.94,us,us1000j91e,2025-12-22T18:04:35.695Z,"37 km SSE of Suncho Corral, Argentina",earthquake,8.5,4.1,0.047,43.0,reviewed,us,us,2019-03-01,39782,Argentina,3
2019-03-07 05:10:37.114000+00:00,-38.5233,-68.8567,13.84,5.0,mww,,66.0,2.565,0.83,us,us1000jbq5,2021-02-06T20:47:16.077Z,"19 km SSW of Añelo, Argentina",earthquake,6.5,4.2,0.093,11.0,reviewed,us,us,2019-03-07,39852,Argentina,-1
2019-03-19 16:23:19.270000+00:00,-22.703,-66.3148,251.73,4.94,mw,,94.0,1.737,0.54,us,us1000jil9,2019-06-06T18:54:03.040Z,"Jujuy, Argentina",earthquake,10.8,10.9,0.207,7.0,reviewed,us,us,2019-03-19,39858,Argentina,2
2019-03-21 15:31:39.576000+00:00,-27.3878,-67.2616,129.95,5.11,mw,,85.0,1.753,1.29,us,us1000jjtr,2019-06-06T18:54:10.040Z,"30 km NW of La Puerta de San José, Argentina",earthquake,8.0,14.4,0.168,13.0,reviewed,us,us,2019-03-21,39809,Argentina,1
2019-03-23 08:11:22.755000+00:00,-22.777,-63.7601,532.12,5.03,mw,,59.0,4.079,0.74,us,us1000jklk,2019-06-06T18:54:18.040Z,"20 km SSE of General Mosconi, Argentina",earthquake,10.5,8.3,0.083,44.0,reviewed,us,us,2019-03-23,39835,Argentina,-1
2019-03-26 00:51:56.940000+00:00,-24.8335,-68.024,157.65,4.68,mw,,39.0,1.458,1.46,us,us1000jll0,2019-06-08T20:51:13.040Z,"149 km NNW of Antofagasta de la Sierra, Argentina",earthquake,7.1,9.8,0.168,10.0,reviewed,us,us,2019-03-26,39917,Argentina,2
2019-03-28 01:32:48.658000+00:00,-31.8564,-68.3559,133.94,5.11,mw,,85.0,2.067,0.56,us,us2000k68j,2019-06-08T20:51:18.040Z,"21 km S of Nueve de Julio, Argentina",earthquake,8.9,5.4,0.197,8.0,reviewed,us,us,2019-03-28,39814,Argentina,1
2019-04-02 13:17:39.132000+00:00,-51.2106,-72.0468,10.0,4.8,mww,,127.0,0.548,0.84,us,us2000k94n,2019-06-18T15:50:04.040Z,"41 km NNE of Río Turbio, Argentina",earthquake,6.2,1.9,0.117,7.0,reviewed,us,us,2019-04-02,39901,Argentina,-1
2019-04-06 20:16:16.316000+00:00,-28.1294,-68.7223,101.29,4.68,mw,,58.0,1.338,1.37,us,us2000kbg8,2019-06-18T15:50:37.040Z,"86 km NW of Vinchina, Argentina",earthquake,6.5,9.7,0.202,7.0,reviewed,us,us,2019-04-06,39913,Argentina,1
2019-04-07 03:49:08.315000+00:00,-24.8833,-68.5404,131.96,4.51,mw,,56.0,0.992,0.57,us,us2000kbmq,2019-06-18T15:50:40.040Z,"173 km NW of Antofagasta de la Sierra, Argentina",earthquake,8.4,9.1,0.234,5.0,reviewed,us,us,2019-04-07,39927,Argentina,2
2019-04-22 18:29:54.239000+00:00,-24.2469,-67.0884,157.81,5.1,mww,,40.0,1.631,0.76,us,us70003acf,2025-12-22T18:08:19.668Z,"78 km W of San Antonio de los Cobres, Argentina",earthquake,7.9,5.1,0.065,23.0,reviewed,us,us,2019-04-22,39819,Argentina,2
2019-04-23 08:17:59.369000+00:00,-32.5744,-69.4432,129.6,4.85,mw,,127.0,0.953,0.92,us,us70003akh,2019-07-13T18:42:34.040Z,"67 km WNW of Mendoza, Argentina",earthquake,6.5,7.0,0.125,19.0,reviewed,us,us,2019-04-23,39893,Argentina,1
2019-04-27 12:39:54.193000+00:00,-30.9076,-68.2185,10.0,4.4,mwr,,57.0,0.75,0.89,us,us70003cy7,2019-07-13T18:42:43.040Z,"63 km NNE of San Martín, Argentina",earthquake,4.3,2.0,,,reviewed,us,guc,2019-04-27,39946,Argentina,1
2019-04-29 16:35:08.855000+00:00,-28.1444,-67.3963,129.82,5.28,mw,,40.0,2.017,0.75,us,us70003e2q,2019-07-13T18:42:52.040Z,"18 km ESE of Tinogasta, Argentina",earthquake,3.6,6.5,0.033,286.0,reviewed,us,us,2019-04-29,39802,Argentina,1
2019-05-10 05:46:42.369000+00:00,-23.8404,-63.8171,35.2,5.03,mw,,40.0,4.103,0.85,us,us70003j6v,2019-08-01T17:15:08.040Z,"51 km ENE of Palma Sola, Argentina",earthquake,5.2,5.9,0.067,68.0,reviewed,us,us,2019-05-10,39839,Argentina,-1
2019-05-16 00:32:13.592000+00:00,-31.456,-69.3931,105.45,5.1,mww,,20.0,0.612,0.89,us,us70003lxa,2025-12-22T18:09:37.257Z,"13 km S of Calingasta, Argentina",earthquake,4.9,3.2,0.052,35.0,reviewed,us,us,2019-05-16,39818,Argentina,1
2019-05-20 11:18:33.131000+00:00,-31.4782,-70.0028,108.0,5.5,mww,,28.0,0.867,1.1,us,us70003nha,2025-12-22T17:54:29.303Z,"57 km WSW of Calingasta, Argentina",earthquake,5.8,1.8,0.068,21.0,reviewed,us,us,2019-05-20,39788,Argentina,1
2019-05-21 07:18:59.868000+00:00,-23.1389,-66.689,195.81,5.0,mww,,32.0,1.384,1.01,us,us70003nut,2025-12-22T18:09:47.938Z,"103 km W of El Aguilar, Argentina",earthquake,8.0,6.6,0.059,28.0,reviewed,us,us,2019-05-21,39841,Argentina,2
2019-05-24 20:15:59.385000+00:00,-27.8854,-66.6429,148.84,5.2,mww,,26.0,2.446,0.91,us,us60003rvz,2025-12-22T18:09:57.434Z,"46 km SW of Andalgalá, Argentina",earthquake,6.1,3.6,0.042,55.0,reviewed,us,us,2019-05-24,39804,Argentina,1
2019-06-03 06:49:31.503000+00:00,-23.7285,-67.1885,192.87,4.68,mw,,69.0,1.194,1.22,us,us70003un5,2019-08-24T21:17:53.040Z,"103 km WNW of San Antonio de los Cobres, Argentina",earthquake,9.0,10.3,0.168,10.0,reviewed,us,us,2019-06-03,39909,Argentina,2
2019-06-20 01:23:26.346000+00:00,-33.6324,-68.7592,150.19,5.4,mww,,91.0,1.067,0.95,us,us600043h2,2025-12-22T17:55:07.507Z,"66 km SSW of San Martín, Argentina",earthquake,7.4,6.3,0.071,19.0,reviewed,us,us,2019-06-20,39800,Argentina,1
2019-06-20 21:15:59.170000+00:00,-33.577,-67.6901,205.02,4.94,mw,,110.0,1.948,0.94,us,us600043xm,2019-09-11T15:19:22.040Z,"90 km SE of San Martín, Argentina",earthquake,5.9,6.9,0.103,28.0,reviewed,us,us,2019-06-20,39862,Argentina,1
2019-06-28 05:29:52.502000+00:00,-22.4303,-65.9564,255.53,4.6,mw,,56.0,2.117,0.72,us,us700046ey,2019-09-14T16:08:15.040Z,"Jujuy, Argentina",earthquake,9.4,4.4,0.186,8.0,reviewed,us,us,2019-06-28,39918,Argentina,2
2019-07-04 00:01:54.482000+00:00,-31.8429,-69.515,115.65,4.85,mw,,68.0,0.767,0.73,us,us700049pt,2019-09-26T14:30:07.040Z,"57 km S of Calingasta, Argentina",earthquake,5.6,6.6,0.15,13.0,reviewed,us,us,2019-07-04,39876,Argentina,1
2019-07-06 03:58:17.674000+00:00,-27.4675,-66.7251,34.13,5.11,mw,,59.0,2.232,1.16,us,us70004bq1,2019-09-26T14:30:25.040Z,"28 km SSE of Hualfín, Argentina",earthquake,3.6,7.5,0.248,5.0,reviewed,us,us,2019-07-06,39807,Argentina,1
2019-07-09 01:07:55.411000+00:00,-36.7622,-70.8672,156.08,5.03,mw,,58.0,0.34,0.65,us,us70004fdj,2019-09-28T20:00:29.040Z,"27 km NNW of Las Ovejas, Argentina",earthquake,8.2,7.9,0.112,24.0,reviewed,us,us,2019-07-09,39834,Argentina,-1
2019-07-10 22:29:49.258000+00:00,-24.0624,-66.7203,187.07,4.9,mww,,34.0,1.736,0.89,us,us70004he0,2025-12-22T18:13:14.387Z,"44 km WNW of San Antonio de los Cobres, Argentina",earthquake,7.0,4.8,0.057,30.0,reviewed,us,us,2019-07-10,39866,Argentina,2
2019-07-14 02:25:09.187000+00:00,-29.6384,-68.346,105.91,4.85,mw,,46.0,1.556,0.9,us,us70004jvj,2019-09-28T20:01:20.040Z,"77 km NNE of San José de Jáchal, Argentina",earthquake,7.5,8.3,0.056,95.0,reviewed,us,us,2019-07-14,39893,Argentina,1
2019-07-15 09:06:19.255000+00:00,-25.4759,-64.4012,37.0,4.68,mw,,45.0,4.266,1.16,us,us70004kgk,2019-09-28T20:01:25.040Z,"27 km ESE of El Galpón, Argentina",earthquake,7.7,17.0,0.308,4.0,reviewed,us,us,2019-07-15,39912,Argentina,-1
2019-07-24 14:16:37.555000+00:00,-31.2566,-68.7108,107.23,4.94,mw,,138.0,0.289,0.68,us,us60004urv,2019-10-11T20:12:26.040Z,"26 km NW of Albardón, Argentina",earthquake,7.7,5.9,0.206,7.0,reviewed,us,us,2019-07-24,39863,Argentina,1
2019-08-12 02:30:18.967000+00:00,-32.1916,-65.2434,10.0,4.16,mw,,100.0,2.997,0.65,us,us600053v5,2019-10-29T20:34:02.040Z,"17 km NNW of Santa Rosa del Conlara, Argentina",earthquake,5.3,1.9,0.059,38.0,reviewed,us,us,2019-08-12,39954,Argentina,-1
2019-08-20 12:23:42.581000+00:00,-22.331,-66.3951,225.93,4.77,mw,,29.0,1.76,0.9,us,us600057dw,2019-11-08T22:13:35.040Z,"83 km WNW of Abra Pampa, Argentina",earthquake,7.8,7.6,0.056,91.0,reviewed,us,us,2019-08-20,39907,Argentina,2
2019-08-29 17:58:49.360000+00:00,-36.5791,-70.9817,139.2,4.51,mw,,78.0,0.249,1.21,us,us700059tk,2019-11-15T17:20:13.040Z,"49 km NNW of Las Ovejas, Argentina",earthquake,6.7,10.0,0.233,5.0,reviewed,us,us,2019-08-29,40121,Argentina,-1
2019-08-30 20:37:21.409000+00:00,-29.7363,-69.3107,112.93,4.6,mwr,,44.0,0.721,0.7,us,us70005ae6,2019-11-15T17:20:41.040Z,"78 km NW of San José de Jáchal, Argentina",earthquake,4.5,3.8,,,reviewed,us,guc,2019-08-30,40106,Argentina,1
2019-09-05 16:06:03.926000+00:00,-57.5793,-66.2685,10.0,5.1,mww,,51.0,2.76,0.78,us,us70005ccy,2025-12-22T18:15:59.803Z,Drake Passage,earthquake,2.9,1.7,0.103,9.0,reviewed,us,us,2019-09-05,40009,Argentina,-1
2019-09-08 16:49:37.074000+00:00,-31.2417,-69.1134,137.37,4.77,mw,,131.0,1.41,0.65,us,us70005dfm,2019-11-30T19:36:44.040Z,"31 km ENE of Calingasta, Argentina",earthquake,8.3,9.9,0.311,5.0,reviewed,us,us,2019-09-08,40077,Argentina,1
2019-09-12 06:27:56.442000+00:00,-31.992,-67.234,123.97,4.85,mw,,30.0,0.937,0.87,us,us70005f9a,2019-12-05T18:31:00.040Z,"104 km NW of Villa General Roca, Argentina",earthquake,7.7,5.8,0.052,109.0,reviewed,us,us,2019-09-12,40068,Argentina,1
2019-09-14 05:15:30.697000+00:00,-31.396,-68.6181,102.87,5.0,mww,,36.0,0.386,0.86,us,us70005g9f,2025-12-22T18:16:43.745Z,"9 km WNW of Albardón, Argentina",earthquake,7.4,4.7,0.049,40.0,reviewed,us,us,2019-09-14,40016,Argentina,1
2019-09-21 18:48:15.645000+00:00,-30.3351,-67.7791,60.1,4.94,mw,,43.0,1.325,1.15,us,us60005lt9,2019-12-10T17:27:01.040Z,"44 km NW of San Agustín de Valle Fértil, Argentina",earthquake,6.8,4.7,0.157,13.0,reviewed,us,us,2019-09-21,40023,Argentina,1
2019-09-25 19:43:22.769000+00:00,-27.8767,-66.7515,157.26,5.3,mww,,27.0,2.355,0.77,us,us70005laf,2025-12-22T18:17:28.284Z,"41 km ESE of Londres, Argentina",earthquake,7.3,4.7,0.049,40.0,reviewed,us,us,2019-09-25,39990,Argentina,1
2019-09-26 16:36:18.155000+00:00,-40.8145,-71.9993,129.0,6.1,mww,,30.0,0.445,0.79,us,us70005lt4,2025-12-22T18:17:32.814Z,"30 km W of Villa La Angostura, Argentina",earthquake,4.5,1.8,0.058,29.0,reviewed,us,us,2019-09-26,39963,Argentina,-1
2019-09-28 01:53:01.994000+00:00,-28.6483,-67.5895,140.46,4.68,mw,,72.0,2.263,0.73,us,us70005n09,2019-12-20T19:03:26.040Z,"57 km N of Chilecito, Argentina",earthquake,9.3,12.9,0.202,7.0,reviewed,us,us,2019-09-28,40100,Argentina,1
2019-10-01 09:46:41.018000+00:00,-32.0157,-68.0469,10.0,4.94,mw,,70.0,0.717,0.93,us,us70005pab,2019-12-27T15:49:38.040Z,"46 km SSE of Caucete, Argentina",earthquake,4.4,1.8,0.192,8.0,reviewed,us,us,2019-10-01,40024,Argentina,1
2019-10-03 01:44:32.324000+00:00,-24.0101,-66.9492,220.45,4.85,mw,,95.0,1.543,0.69,us,us70005q3k,2019-12-27T15:50:03.040Z,"68 km WNW of San Antonio de los Cobres, Argentina",earthquake,9.8,6.4,0.205,7.0,reviewed,us,us,2019-10-03,40071,Argentina,2
2019-10-07 04:50:47.050000+00:00,-23.0271,-66.5352,193.87,5.11,mw,,65.0,1.516,1.04,us,us70005ric,2019-12-27T15:51:03.040Z,"90 km WNW of El Aguilar, Argentina",earthquake,11.3,6.2,0.029,368.0,reviewed,us,us,2019-10-07,39998,Argentina,2
2019-10-14 00:01:07.551000+00:00,-31.8465,-69.341,123.24,4.6,mw,,76.0,0.635,1.28,us,us70005x60,2019-12-28T20:45:48.040Z,"57 km S of Calingasta, Argentina",earthquake,7.4,7.6,0.237,5.0,reviewed,us,us,2019-10-14,40111,Argentina,1
2019-10-16 13:51:29.007000+00:00,-22.4163,-66.0995,260.06,4.94,mw,,65.0,1.992,0.9,us,us70005umc,2020-01-03T16:09:19.040Z,"53 km NW of Abra Pampa, Argentina",earthquake,10.2,9.6,0.123,20.0,reviewed,us,us,2019-10-16,40030,Argentina,2
2019-10-17 16:58:28.647000+00:00,-46.4009,-69.0696,10.0,4.9,mww,,82.0,2.257,0.67,us,us70005v2p,2020-07-10T17:50:52.568Z,"18 km NNW of Las Heras, Argentina",earthquake,4.2,1.9,0.058,29.0,reviewed,us,us,2019-10-17,40032,Argentina,-1
2019-10-21 06:00:31.945000+00:00,-32.3042,-69.4843,108.09,4.77,mw,,92.0,1.01,0.7,us,us7000616r,2020-01-03T16:09:42.040Z,"89 km NW of Mendoza, Argentina",earthquake,2.8,5.7,0.203,7.0,reviewed,us,us,2019-10-21,40080,Argentina,1
2019-10-28 03:55:07.147000+00:00,-30.2439,-68.9122,12.26,5.0,mww,,41.0,1.057,0.87,us,us600063ts,2025-12-22T18:20:17.457Z,"15 km W of San José de Jáchal, Argentina",earthquake,2.9,2.8,0.065,23.0,reviewed,us,us,2019-10-28,40012,Argentina,1
2019-10-29 20:16:57.400000+00:00,-30.1451,-69.3663,126.46,4.6,mw,,78.0,0.652,0.96,us,us600064it,2020-01-18T20:00:31.040Z,"60 km W of San José de Jáchal, Argentina",earthquake,6.2,7.2,0.374,2.0,reviewed,us,us,2019-10-29,40113,Argentina,1
2019-11-03 13:23:18.432000+00:00,-29.1642,-67.6662,120.0,5.6,mww,,48.0,2.264,0.93,us,us700062je,2025-12-22T18:24:16.000Z,"16 km W of Chilecito, Argentina",earthquake,4.6,1.9,0.04,60.0,reviewed,us,us,2019-11-03,39973,Argentina,1
2019-11-04 02:20:13.141000+00:00,-31.5726,-69.6614,112.22,4.43,mw,,54.0,0.834,1.22,us,us700062ry,2020-01-18T20:00:32.040Z,"34 km SW of Calingasta, Argentina",earthquake,6.2,7.4,0.211,6.0,reviewed,us,us,2019-11-04,40134,Argentina,1
2019-11-06 21:00:55.917000+00:00,-22.8914,-66.1326,212.44,5.11,mw,,30.0,1.887,0.96,us,us7000645u,2020-02-01T23:21:42.040Z,"48 km WSW of Abra Pampa, Argentina",earthquake,4.7,5.6,0.07,63.0,reviewed,us,us,2019-11-06,40002,Argentina,2
2019-11-19 23:10:40.570000+00:00,-33.6399,-66.8723,10.0,5.7,mww,,21.0,2.333,0.86,us,us70006a4q,2025-12-22T17:57:04.270Z,"62 km SW of San Luis, Argentina",earthquake,6.1,1.7,0.045,48.0,reviewed,us,us,2019-11-19,39970,Argentina,-1
2019-12-05 02:42:06.788000+00:00,-27.3991,-67.718,185.21,4.6,mw,,64.0,1.377,0.77,us,us60006m8d,2020-02-29T19:52:44.040Z,"31 km NNW of Fiambalá, Argentina",earthquake,9.9,13.4,0.236,5.0,reviewed,us,us,2019-12-05,40119,Argentina,1
2019-12-12 07:18:13.144000+00:00,-24.1542,-67.3927,197.23,5.11,mw,,70.0,1.397,1.02,us,us60006qfv,2020-03-04T21:26:56.040Z,"109 km W of San Antonio de los Cobres, Argentina",earthquake,10.1,7.3,0.197,8.0,reviewed,us,us,2019-12-12,39996,Argentina,2
2019-12-15 17:57:06.856000+00:00,-26.887,-65.3713,36.89,5.28,mw,,73.0,3.357,0.61,us,us60006rul,2020-03-04T21:27:05.040Z,"9 km SW of Yerba Buena, Argentina",earthquake,7.4,6.9,0.038,217.0,reviewed,us,us,2019-12-15,39991,Argentina,-1
2019-12-21 20:34:49.129000+00:00,-56.9703,-67.3383,10.0,5.45,mw,,96.0,2.049,0.65,us,us70006pjv,2025-12-22T18:26:57.046Z,"248 km SSE of Ushuaia, Argentina",earthquake,7.8,1.7,0.066,75.0,reviewed,us,us,2019-12-21,39979,Argentina,-1
2019-12-24 16:43:33.420000+00:00,-26.964,-63.3857,572.44,6.0,mww,,31.0,5.13,0.93,us,us70006qk4,2025-12-22T18:45:28.046Z,"16 km WNW of El Hoyo, Argentina",earthquake,9.1,3.0,0.04,61.0,reviewed,us,us,2019-12-24,39964,Argentina,3
2020-01-13 02:01:40.997000+00:00,-40.2487,-71.2282,167.57,5.3,mww,,35.0,0.707,0.99,us,us70006yzw,2025-12-22T18:26:19.987Z,"14 km SE of San Martín de los Andes, Argentina",earthquake,6.3,4.1,0.063,24.0,reviewed,us,us,2020-01-13,39986,Argentina,-1
2020-01-15 14:39:32.618000+00:00,-32.9458,-68.5569,39.97,4.5,mwr,,41.0,1.399,0.69,us,us7000708k,2022-03-10T05:00:13.036Z,"17 km NNW of San Martín, Argentina",earthquake,6.9,6.0,0.045,47.0,reviewed,us,us,2020-01-15,40132,Argentina,1
2020-01-19 04:02:22.061000+00:00,-23.4459,-66.7317,206.4,4.85,mw,,70.0,1.419,1.09,us,us60007afz,2020-04-08T19:39:38.040Z,"95 km NNW of San Antonio de los Cobres, Argentina",earthquake,7.2,8.3,0.222,6.0,reviewed,us,us,2020-01-19,40045,Argentina,2
2020-01-22 17:43:29.641000+00:00,-22.9393,-63.7807,533.03,5.03,mw,,35.0,4.054,0.52,us,us60007cyy,2020-04-11T18:20:38.040Z,"38 km S of General Mosconi, Argentina",earthquake,6.8,8.2,0.106,27.0,reviewed,us,us,2020-01-22,40011,Argentina,-1
2020-01-24 23:55:50.372000+00:00,-29.8341,-67.6326,121.01,4.6,mw,,57.0,1.931,1.23,us,us60007f9x,2020-04-11T18:20:47.040Z,"75 km S of Chilecito, Argentina",earthquake,7.3,5.5,0.236,5.0,reviewed,us,us,2020-01-24,40102,Argentina,1
2020-01-26 17:54:29.067000+00:00,-28.6372,-67.1752,131.87,4.94,mw,,64.0,2.494,1.04,us,us60007gkz,2020-04-11T18:20:53.040Z,"37 km W of Arauco, Argentina",earthquake,9.2,7.9,0.182,9.0,reviewed,us,us,2020-01-26,40029,Argentina,1
2020-02-01 02:35:57.424000+00:00,-24.4465,-66.9561,160.48,5.2,mww,,31.0,1.862,1.05,us,us60007lwh,2025-12-22T18:27:39.386Z,"69 km WSW of San Antonio de los Cobres, Argentina",earthquake,3.9,4.0,0.048,41.0,reviewed,us,us,2020-02-01,39993,Argentina,2
2020-02-03 12:25:52.390000+00:00,-53.0884,-64.4668,10.0,4.85,mw,,151.0,2.626,0.57,us,us70007nuy,2021-03-01T22:12:25.961Z,"229 km ENE of Río Grande, Argentina",earthquake,6.3,2.0,0.139,15.0,reviewed,us,us,2020-02-03,40061,Argentina,-1
2020-02-07 18:52:50.743000+00:00,-59.3919,-60.2116,10.0,5.5,mww,,78.0,2.954,0.88,us,us70007l2h,2025-12-22T18:28:36.631Z,Drake Passage,earthquake,7.1,1.7,0.073,18.0,reviewed,us,us,2020-02-07,39977,Argentina,-1
2020-02-14 14:00:14.573000+00:00,-31.5296,-66.7394,115.22,4.51,mw,,90.0,1.66,0.84,us,us70007q0q,2020-05-02T22:09:50.040Z,"104 km NW of Candelaria, Argentina",earthquake,4.9,11.7,0.213,6.0,reviewed,us,us,2020-02-14,40125,Argentina,1
2020-02-16 03:47:48.688000+00:00,-30.914,-65.3015,183.86,4.6,mw,,133.0,2.606,0.63,us,us70007r5s,2020-05-02T22:09:56.040Z,"29 km WSW of Villa de Soto, Argentina",earthquake,4.4,10.2,0.136,15.0,reviewed,us,us,2020-02-16,40109,Argentina,-1
2020-03-02 18:21:37.036000+00:00,-38.5171,-71.0421,185.03,4.23,mw,,82.0,1.116,0.51,us,us60008810,2020-05-19T22:14:20.040Z,"58 km W of Las Lajas, Argentina",earthquake,8.8,6.3,0.06,36.0,reviewed,us,us,2020-03-02,40316,Argentina,-1
2020-03-05 06:57:41.361000+00:00,-28.4189,-67.4978,105.86,5.5,mww,,28.0,2.14,1.05,us,us600089zt,2025-12-22T18:30:30.447Z,"39 km S of Tinogasta, Argentina",earthquake,5.7,3.9,0.04,60.0,reviewed,us,us,2020-03-05,40149,Argentina,1
2020-03-05 13:26:08.679000+00:00,-22.9287,-65.9727,259.65,4.4,mwr,,97.0,2.033,1.18,us,us60008d7v,2020-05-23T22:03:14.040Z,"Jujuy, Argentina",earthquake,10.3,9.7,,,reviewed,us,guc,2020-03-05,40310,Argentina,2
2020-03-09 18:30:03.654000+00:00,-32.3293,-67.6585,126.42,4.6,mw,,83.0,0.874,0.92,us,us60008cm2,2020-05-23T22:03:16.040Z,"95 km SE of Caucete, Argentina",earthquake,7.4,7.1,0.305,3.0,reviewed,us,us,2020-03-09,40267,Argentina,1
2020-03-09 19:01:50.635000+00:00,-31.7643,-68.3286,102.45,4.85,mw,,132.0,0.177,0.87,us,us60008f50,2020-05-23T22:03:27.040Z,"12 km SSE of Nueve de Julio, Argentina",earthquake,8.4,4.1,0.22,6.0,reviewed,us,us,2020-03-09,40208,Argentina,1
2020-03-10 13:07:32.821000+00:00,-28.5433,-68.803,130.4,4.94,mw,,79.0,1.324,0.55,us,us60008d4l,2020-05-23T22:03:16.040Z,"63 km WNW of Vinchina, Argentina",earthquake,8.5,8.4,0.385,2.0,reviewed,us,us,2020-03-10,40182,Argentina,1
2020-03-10 16:34:22.908000+00:00,-23.8097,-67.1181,175.75,4.43,mw,,95.0,1.295,0.61,us,us60008f5v,2020-05-23T22:03:27.040Z,"93 km WNW of San Antonio de los Cobres, Argentina",earthquake,9.9,7.0,0.212,6.0,reviewed,us,us,2020-03-10,40308,Argentina,2
2020-03-21 09:34:28.650000+00:00,-29.1693,-69.0622,17.47,4.6,mw,,86.0,1.112,0.91,us,us70008dhw,2020-06-06T20:54:02.040Z,Chile-Argentina border region,earthquake,5.1,5.0,0.216,6.0,reviewed,us,us,2020-03-21,40284,Chile-Argentina border region,1
2020-03-22 01:13:23.062000+00:00,-23.7474,-64.5403,10.0,5.03,mw,,59.0,3.436,0.85,us,us70008du5,2020-06-06T20:54:04.040Z,"5 km E of Caimancito, Argentina",earthquake,4.9,1.9,0.065,72.0,reviewed,us,us,2020-03-22,40157,Argentina,-1
2020-03-27 17:42:50.317000+00:00,-28.8064,-63.1626,597.13,5.2,mww,,23.0,5.202,0.81,us,us70008hc5,2025-12-22T18:31:50.691Z,"30 km SW of Colonia Dora, Argentina",earthquake,8.6,5.0,0.098,10.0,reviewed,us,us,2020-03-27,40156,Argentina,3
2020-03-30 06:44:27.186000+00:00,-56.0767,-60.1829,10.0,5.28,mw,,102.0,4.387,0.71,us,us70008iiz,2021-03-01T23:00:22.251Z,Drake Passage,earthquake,3.8,1.8,0.075,56.0,reviewed,us,us,2020-03-30,40152,Argentina,-1
2020-04-03 09:33:49.917000+00:00,-28.4377,-65.5851,10.0,4.43,mw,,191.0,3.525,0.96,us,us70008mkk,2020-06-21T00:54:49.040Z,"19 km E of San Fernando del Valle de Catamarca, Argentina",earthquake,10.3,1.9,0.299,3.0,reviewed,us,us,2020-04-03,40302,Argentina,1
2020-04-04 04:54:43.487000+00:00,-31.1792,-68.9389,101.27,4.9,mww,,26.0,0.425,1.29,us,us70008nd5,2020-06-21T00:54:56.040Z,"45 km NNW of Villa Basilio Nievas, Argentina",earthquake,4.8,3.8,0.052,35.0,reviewed,us,us,2020-04-04,40189,Argentina,1
2020-04-11 13:56:40.828000+00:00,-31.4427,-69.4385,114.99,4.94,mw,,35.0,0.652,1.12,us,us70008tv2,2022-08-08T21:49:48.732Z,"12 km S of Calingasta, Argentina",earthquake,6.3,5.9,0.05,118.0,reviewed,us,us,2020-04-11,40174,Argentina,1
2020-04-13 18:45:31.582000+00:00,-29.2473,-67.9992,106.75,4.8,mwr,,30.0,1.963,1.0,us,us70008vkz,2020-06-30T14:03:06.040Z,"49 km W of Chilecito, Argentina",earthquake,6.4,4.3,,,reviewed,us,guc,2020-04-13,40228,Argentina,1
2020-04-15 01:15:34.836000+00:00,-26.8817,-63.4139,561.96,5.2,mww,,22.0,5.105,0.8,us,us70008wfj,2025-12-22T18:32:33.751Z,"24 km NW of El Hoyo, Argentina",earthquake,9.4,4.9,0.059,28.0,reviewed,us,us,2020-04-15,40156,Argentina,3
2020-04-18 08:27:50.753000+00:00,-27.7021,-67.8309,128.02,4.94,mw,,79.0,1.442,1.2,us,us70008z8a,2020-07-09T14:31:25.040Z,"21 km W of Fiambalá, Argentina",earthquake,6.4,8.4,0.136,16.0,reviewed,us,us,2020-04-18,40177,Argentina,1
2020-04-20 18:37:47.818000+00:00,-28.9816,-68.3769,100.13,4.85,mw,,61.0,1.669,0.86,us,us700090ku,2020-07-09T14:31:36.040Z,"29 km SW of Vinchina, Argentina",earthquake,5.5,7.3,0.078,49.0,reviewed,us,us,2020-04-20,40198,Argentina,1
2020-04-22 08:21:09.840000+00:00,-32.1305,-69.3702,114.78,4.51,mw,,60.0,0.825,1.2,us,us700091kh,2020-07-11T22:19:21.040Z,"88 km SW of Villa Basilio Nievas, Argentina",earthquake,6.0,4.3,0.214,6.0,reviewed,us,us,2020-04-22,40295,Argentina,1
2020-04-28 11:20:25.173000+00:00,-23.3556,-67.0456,211.99,4.77,mw,,72.0,1.117,1.15,us,us60009dur,2020-07-11T22:19:15.040Z,"120 km NW of San Antonio de los Cobres, Argentina",earthquake,5.9,7.8,0.162,11.0,reviewed,us,us,2020-04-28,40237,Argentina,2
2020-04-29 05:37:16.535000+00:00,-24.2701,-67.0461,149.27,5.4,mww,,39.0,1.673,1.16,us,us60009ehh,2025-12-22T18:33:09.459Z,"74 km W of San Antonio de los Cobres, Argentina",earthquake,7.9,3.8,0.046,45.0,reviewed,us,us,2020-04-29,40152,Argentina,2
2020-04-29 16:04:31.546000+00:00,-23.2797,-66.6103,195.02,4.9,mww,,57.0,1.48,1.16,us,us60009esk,2025-12-22T18:33:11.691Z,"95 km W of El Aguilar, Argentina",earthquake,8.2,5.0,0.071,19.0,reviewed,us,us,2020-04-29,40191,Argentina,2
2020-04-30 17:29:46.375000+00:00,-31.1271,-70.2378,132.69,4.51,mw,,72.0,0.482,0.41,us,us700097s4,2020-07-18T21:57:06.040Z,"81 km WNW of Calingasta, Argentina",earthquake,2.8,10.7,0.37,2.0,reviewed,us,us,2020-04-30,40295,Argentina,1
2020-05-05 12:40:21.646000+00:00,-31.8036,-67.4265,121.48,4.94,mw,,76.0,1.102,0.72,us,us70009aea,2020-07-18T21:57:37.040Z,"82 km ESE of Caucete, Argentina",earthquake,8.1,6.3,0.046,138.0,reviewed,us,us,2020-05-05,40181,Argentina,1
2020-05-14 05:10:34.825000+00:00,-27.5667,-66.5103,157.47,4.6,mw,,120.0,2.443,0.81,us,us70009ftp,2020-08-02T00:32:08.040Z,"19 km W of Andalgalá, Argentina",earthquake,3.7,8.7,0.1,28.0,reviewed,us,us,2020-05-14,40286,Argentina,1
2020-05-20 10:42:08.987000+00:00,-26.0446,-66.6988,25.18,4.9,mww,,47.0,2.316,0.96,us,us70009liw,2020-08-08T18:17:42.040Z,"70 km E of Antofagasta de la Sierra, Argentina",earthquake,5.1,4.8,0.063,24.0,reviewed,us,us,2020-05-20,40193,Argentina,-1
2020-05-22 04:52:51.307000+00:00,-31.3796,-67.3703,10.0,4.85,mw,,106.0,0.774,0.93,us,us70009n0t,2020-08-08T18:17:48.040Z,"83 km S of San Agustín de Valle Fértil, Argentina",earthquake,7.5,1.8,0.132,17.0,reviewed,us,us,2020-05-22,40207,Argentina,1
2020-05-26 10:20:26.965000+00:00,-22.6074,-66.4387,276.09,4.85,mw,,110.0,1.642,0.5,us,us70009qj3,2020-08-08T18:18:01.040Z,"77 km W of Abra Pampa, Argentina",earthquake,11.4,9.7,0.27,4.0,reviewed,us,us,2020-05-26,40213,Argentina,2
2020-05-29 10:10:32.810000+00:00,-23.2182,-66.1858,213.81,4.8,mwr,,38.0,1.854,0.71,us,us6000a1m5,2020-08-15T20:19:47.040Z,"51 km W of El Aguilar, Argentina",earthquake,8.5,5.2,,,reviewed,us,guc,2020-05-29,40222,Argentina,2
2020-06-01 22:04:41.542000+00:00,-35.0074,-69.5534,176.99,4.51,mw,,75.0,1.031,0.59,us,us6000a3z9,2020-08-15T20:20:02.040Z,"119 km WSW of San Rafael, Argentina",earthquake,5.4,7.8,0.184,8.0,reviewed,us,us,2020-06-01,40290,Argentina,-1
2020-06-04 18:34:25.581000+00:00,-28.9184,-67.5478,126.95,4.68,mw,,128.0,2.392,0.69,us,us6000a9w7,2020-08-18T17:58:51.040Z,"27 km N of Chilecito, Argentina",earthquake,4.8,8.5,0.375,2.0,reviewed,us,us,2020-06-04,40262,Argentina,1
2020-06-23 05:08:22.886000+00:00,-27.8334,-66.8867,159.84,4.94,mw,,43.0,2.228,0.82,us,us6000ah03,2020-08-30T00:01:06.040Z,"27 km ESE of Londres, Argentina",earthquake,7.5,1.9,0.032,291.0,reviewed,us,us,2020-06-23,40169,Argentina,1
2020-06-23 05:26:46.901000+00:00,-50.9444,-72.1433,10.0,4.77,mw,,145.0,0.769,0.63,us,us6000ah0i,2020-08-30T00:01:06.040Z,"67 km NNE of Río Turbio, Argentina",earthquake,5.5,1.5,0.117,21.0,reviewed,us,us,2020-06-23,40234,Argentina,-1
2020-06-26 13:45:36.885000+00:00,-30.9507,-65.3416,182.66,5.03,mw,,44.0,2.923,1.11,us,us7000ac5z,2020-09-05T17:35:23.040Z,"33 km NW of San Carlos, Argentina",earthquake,9.1,9.7,0.153,13.0,reviewed,us,us,2020-06-26,40168,Argentina,-1
2020-06-28 04:44:02.761000+00:00,-31.5286,-69.9468,123.81,4.6,mw,,50.0,0.936,0.61,us,us7000ade7,2020-09-05T17:35:27.040Z,"54 km WSW of Calingasta, Argentina",earthquake,5.4,7.0,0.265,4.0,reviewed,us,us,2020-06-28,40272,Argentina,1
2020-06-28 20:16:54.095000+00:00,-31.7954,-69.2171,115.49,4.85,mw,,77.0,0.518,0.97,us,us7000aduu,2020-09-05T17:35:31.040Z,"53 km WSW of Villa Basilio Nievas, Argentina",earthquake,6.7,3.5,0.132,17.0,reviewed,us,us,2020-06-28,40206,Argentina,1
2020-07-03 04:46:16.977000+00:00,-40.9396,-71.671,166.22,4.5,mwr,,57.0,0.588,0.74,us,us7000ah3y,2020-09-11T22:13:58.040Z,"19 km S of Villa La Angostura, Argentina",earthquake,6.6,5.0,,,reviewed,us,guc,2020-07-03,40297,Argentina,-1
2020-07-15 03:22:26.681000+00:00,-31.3566,-68.3182,103.91,5.11,mw,,74.0,0.365,0.97,us,us7000anrm,2020-09-26T16:58:30.040Z,"19 km ENE of San Martín, Argentina",earthquake,3.9,7.8,0.209,7.0,reviewed,us,us,2020-07-15,40157,Argentina,1
2020-07-17 09:06:06.062000+00:00,-36.0465,-63.3474,10.0,4.85,mw,,86.0,2.285,0.89,us,us6000b2tf,2021-02-07T04:13:20.239Z,"19 km E of Quemú Quemú, Argentina",earthquake,7.6,1.9,0.171,11.0,reviewed,us,us,2020-07-17,40207,Argentina,-1
2020-07-19 10:09:57.134000+00:00,-32.8887,-68.1695,10.0,4.68,mw,,69.0,1.408,1.02,us,us7000ar7j,2020-09-26T16:58:38.040Z,"35 km NE of San Martín, Argentina",earthquake,4.0,1.9,0.201,7.0,reviewed,us,us,2020-07-19,40243,Argentina,1
2020-07-21 00:22:00.311000+00:00,-32.1749,-68.5508,123.63,4.68,mw,,64.0,0.637,0.53,us,us7000as2t,2020-09-26T16:58:42.040Z,"54 km S of Pocito, Argentina",earthquake,6.6,4.4,0.069,60.0,reviewed,us,us,2020-07-21,40240,Argentina,1
2020-07-21 06:34:54.962000+00:00,-33.1552,-68.425,157.27,4.6,mw,,77.0,1.452,0.72,us,us7000as5z,2020-09-26T16:58:43.040Z,"9 km SSE of San Martín, Argentina",earthquake,8.1,9.2,0.159,11.0,reviewed,us,us,2020-07-21,40288,Argentina,1
2020-07-26 04:44:17.051000+00:00,-27.0335,-65.847,37.5,4.85,mw,,44.0,2.936,0.85,us,us6000b49b,2020-10-03T17:32:24.040Z,"24 km SW of Tafí del Valle, Argentina",earthquake,2.8,5.6,0.057,92.0,reviewed,us,us,2020-07-26,40196,Argentina,-1
2020-07-26 20:03:47.866000+00:00,-31.5336,-68.8783,116.67,4.68,mw,,91.0,0.166,1.24,us,us6000b4ge,2020-10-03T17:32:25.040Z,"13 km W of Villa Basilio Nievas, Argentina",earthquake,8.0,8.8,0.216,6.0,reviewed,us,us,2020-07-26,40262,Argentina,1
2020-07-28 10:03:54.371000+00:00,-22.4737,-66.0453,254.07,4.68,mw,,97.0,2.026,0.82,us,us6000b8rz,2020-10-03T17:32:35.040Z,"45 km NW of Abra Pampa, Argentina",earthquake,9.2,8.8,0.119,20.0,reviewed,us,us,2020-07-28,40267,Argentina,2
2020-08-02 02:28:22.996000+00:00,-24.6788,-67.9169,120.59,4.77,mw,,46.0,1.735,0.51,us,us6000b88g,2020-10-10T17:11:09.040Z,"161 km NNW of Antofagasta de la Sierra, Argentina",earthquake,7.3,6.6,0.06,80.0,reviewed,us,us,2020-08-02,40230,Argentina,2
2020-08-08 10:01:12.191000+00:00,-24.0198,-66.6884,210.26,4.85,mw,,39.0,1.732,0.72,us,us6000bb21,2020-10-21T22:03:57.040Z,"43 km WNW of San Antonio de los Cobres, Argentina",earthquake,7.5,6.9,0.052,107.0,reviewed,us,us,2020-08-08,40200,Argentina,2
2020-08-10 18:56:11.279000+00:00,-33.939,-68.4646,10.9,4.68,mw,,112.0,1.49,0.64,us,us6000besh,2020-10-21T22:04:14.040Z,"76 km N of San Rafael, Argentina",earthquake,4.4,5.1,0.306,3.0,reviewed,us,us,2020-08-10,40265,Argentina,1
2020-08-16 03:43:14.208000+00:00,-27.5013,-63.3221,575.47,4.51,mw,,49.0,5.215,0.81,us,us6000bffi,2020-10-24T20:08:55.040Z,"49 km NNE of Suncho Corral, Argentina",earthquake,11.0,6.2,0.071,56.0,reviewed,us,us,2020-08-16,40290,Argentina,3
2020-08-28 20:05:54.134000+00:00,-22.8417,-66.7087,207.31,4.6,mw,,66.0,1.36,1.03,us,us7000bgkr,2020-11-07T18:48:48.040Z,"104 km W of Abra Pampa, Argentina",earthquake,7.9,7.6,0.215,7.0,reviewed,us,us,2020-08-28,40447,Argentina,2
2020-08-29 01:10:27.692000+00:00,-32.7274,-68.2564,16.35,4.77,mw,,54.0,1.119,1.2,us,us7000bend,2020-11-07T18:48:32.040Z,"43 km NNE of San Martín, Argentina",earthquake,5.6,4.8,0.178,9.0,reviewed,us,us,2020-08-29,40422,Argentina,1
2020-09-02 02:37:48.316000+00:00,-32.3223,-67.5805,134.52,4.6,mw,,120.0,0.907,0.81,us,us7000bg9y,2020-11-17T19:44:21.040Z,"99 km SE of Caucete, Argentina",earthquake,9.0,7.0,0.124,18.0,reviewed,us,us,2020-09-02,40466,Argentina,1
2020-09-06 19:58:59.359000+00:00,-30.9252,-68.1997,10.0,4.77,mw,,89.0,0.744,0.88,us,us7000bj17,2020-11-17T19:44:47.040Z,"62 km NNE of San Martín, Argentina",earthquake,2.7,1.9,0.17,13.0,reviewed,us,us,2020-09-06,40417,Argentina,1
2020-09-11 05:35:59.279000+00:00,-29.7328,-69.0988,115.36,4.77,mw,,92.0,0.898,0.61,us,us7000bllf,2020-11-21T20:10:36.040Z,"65 km NNW of San José de Jáchal, Argentina",earthquake,5.0,8.3,0.19,8.0,reviewed,us,us,2020-09-11,40415,Argentina,1
2020-10-01 05:30:18.730000+00:00,-22.5454,-66.3171,250.32,4.85,mw,,45.0,1.765,0.56,us,us6000c3q5,2020-12-12T22:28:28.040Z,"66 km WNW of Abra Pampa, Argentina",earthquake,8.2,8.3,0.15,13.0,reviewed,us,us,2020-10-01,40399,Argentina,2
2020-10-03 07:04:44.807000+00:00,-29.6947,-67.1602,119.28,4.85,mw,,141.0,2.264,0.8,us,us6000c54h,2020-12-12T22:28:36.040Z,"43 km SW of La Rioja, Argentina",earthquake,11.8,14.0,0.181,9.0,reviewed,us,us,2020-10-03,40407,Argentina,1
2020-10-09 08:55:51.522000+00:00,-27.8978,-66.405,163.02,5.28,mw,,79.0,2.643,0.7,us,us6000c701,2020-12-19T17:22:41.040Z,"36 km SSW of Andalgalá, Argentina",earthquake,3.5,8.1,0.086,43.0,reviewed,us,us,2020-10-09,40337,Argentina,1
2020-10-12 08:08:36.279000+00:00,-31.6188,-69.9063,123.92,4.77,mw,,131.0,1.003,1.22,us,us6000c7qh,2020-12-19T17:22:47.040Z,"San Juan, Argentina",earthquake,5.6,7.3,0.139,16.0,reviewed,us,us,2020-10-12,40428,Argentina,1
2020-10-14 23:18:27.231000+00:00,-31.7188,-68.1737,111.34,4.5,mwr,,42.0,0.126,1.02,us,us6000c8dv,2020-12-29T23:07:21.040Z,"12 km SE of Caucete, Argentina",earthquake,7.7,3.5,0.052,36.0,reviewed,us,us,2020-10-14,40492,Argentina,1
2020-10-16 18:06:06.407000+00:00,-56.1857,-72.0573,10.0,4.85,mw,,144.0,2.467,1.15,us,us6000caqp,2020-12-29T23:07:28.040Z,"281 km WSW of Ushuaia, Argentina",earthquake,8.1,1.9,0.14,16.0,reviewed,us,us,2020-10-16,40410,Argentina,-1
2020-10-18 00:04:26.892000+00:00,-31.5371,-69.4969,112.71,4.6,mw,,45.0,0.693,0.99,us,us6000c929,2020-12-29T23:07:33.040Z,"23 km SSW of Calingasta, Argentina",earthquake,1.9,6.6,0.141,14.0,reviewed,us,us,2020-10-18,40448,Argentina,1
2020-10-18 00:16:14.959000+00:00,-25.2396,-65.073,10.0,4.6,mw,,61.0,3.979,0.7,us,us6000c92b,2020-12-29T23:07:33.040Z,"45 km WNW of El Galpón, Argentina",earthquake,7.8,1.9,0.264,4.0,reviewed,us,us,2020-10-18,40440,Argentina,-1
2020-10-18 00:57:36.705000+00:00,-28.2804,-68.7497,111.18,4.85,mw,,41.0,1.45,0.85,us,us6000c92h,2022-08-09T01:01:48.787Z,"75 km NW of Vinchina, Argentina",earthquake,6.5,6.2,0.092,35.0,reviewed,us,us,2020-10-18,40404,Argentina,1
2020-10-19 21:59:05.173000+00:00,-31.734,-70.6107,10.0,4.51,mw,,95.0,0.437,1.17,us,us6000c9md,2022-08-09T01:04:09.925Z,Chile-Argentina border region,earthquake,2.1,1.9,0.234,5.0,reviewed,us,us,2020-10-19,40476,Chile-Argentina border region,-1
2020-10-23 16:29:55.557000+00:00,-27.5866,-67.2969,123.4,5.28,mw,,66.0,2.607,0.97,us,us6000cc6p,2021-01-09T20:05:22.040Z,"21 km NW of Londres, Argentina",earthquake,5.9,5.7,0.111,26.0,reviewed,us,us,2020-10-23,40342,Argentina,1
2020-10-27 16:32:26.308000+00:00,-38.6338,-68.9835,11.92,4.51,mw,,61.0,2.155,0.75,us,us7000c68t,2021-01-09T20:05:31.040Z,"35 km SSW of Añelo, Argentina",earthquake,6.8,2.4,0.135,15.0,reviewed,us,us,2020-10-27,40477,Argentina,-1
2020-11-07 15:34:38.656000+00:00,-28.6935,-67.3564,125.53,4.6,mw,,62.0,2.427,1.18,us,us7000cbuj,2021-01-23T22:25:34.040Z,"53 km NNE of Chilecito, Argentina",earthquake,6.5,7.0,0.167,11.0,reviewed,us,us,2020-11-07,40461,Argentina,1
2020-11-12 20:56:22.881000+00:00,-28.6987,-67.785,184.32,4.77,mw,,125.0,2.189,0.7,us,us7000ce06,2021-01-27T17:28:52.040Z,"41 km E of Vinchina, Argentina",earthquake,4.5,8.1,0.204,7.0,reviewed,us,us,2020-11-12,40426,Argentina,1
2020-11-15 12:18:06.421000+00:00,-23.3956,-66.7794,214.03,4.85,mw,,99.0,1.361,0.76,us,us7000cfa4,2021-01-27T17:29:40.040Z,"102 km NNW of San Antonio de los Cobres, Argentina",earthquake,10.3,9.1,0.22,6.0,reviewed,us,us,2020-11-15,40388,Argentina,2
2020-11-18 06:03:04.628000+00:00,-29.1016,-68.4924,97.23,4.4,mwr,,46.0,1.583,0.87,us,us6000cpqk,2021-02-03T17:49:48.040Z,"47 km SW of Vinchina, Argentina",earthquake,6.3,5.4,0.083,14.0,reviewed,us,us,2020-11-18,40494,Argentina,1
2020-11-23 03:30:35.234000+00:00,-28.516,-63.3084,567.28,4.9,mww,,36.0,5.265,1.01,us,us6000crjt,2021-02-03T17:50:25.040Z,"36 km WNW of Colonia Dora, Argentina",earthquake,10.8,5.8,0.089,12.0,reviewed,us,us,2020-11-23,40380,Argentina,3
2020-11-23 09:54:22.416000+00:00,-57.0432,-67.5312,10.0,4.94,mw,,129.0,2.274,1.25,us,us6000crla,2021-02-03T17:49:18.040Z,"253 km SSE of Ushuaia, Argentina",earthquake,8.8,1.9,0.137,16.0,reviewed,us,us,2020-11-23,40375,Argentina,-1
2020-11-25 04:04:58.642000+00:00,-31.2941,-68.9649,113.23,4.94,mw,,44.0,0.347,0.51,us,us6000csbu,2021-02-06T18:28:03.040Z,"35 km NW of Villa Basilio Nievas, Argentina",earthquake,6.1,4.9,0.053,107.0,reviewed,us,us,2020-11-25,40379,Argentina,1
2020-11-29 16:40:43.995000+00:00,-23.2591,-65.0281,8.0,5.8,mww,,34.0,2.916,1.02,us,us7000ckx5,2025-12-22T18:46:07.459Z,"33 km E of Humahuaca, Argentina",earthquake,5.8,1.8,0.053,34.0,reviewed,us,us,2020-11-29,40333,Argentina,-1
2020-11-30 22:55:03.914000+00:00,-24.3221,-67.0048,189.0,6.3,mww,,32.0,1.737,1.06,us,us7000clbs,2026-02-04T20:35:59.794Z,"70 km W of San Antonio de los Cobres, Argentina",earthquake,7.6,1.8,0.043,52.0,reviewed,us,us,2020-11-30,40329,Argentina,2
2020-12-03 02:37:26.432000+00:00,-31.9253,-67.141,127.68,5.2,mww,,41.0,0.987,0.85,us,us7000cmcg,2025-12-22T18:46:28.174Z,"104 km NW of Villa General Roca, Argentina",earthquake,7.2,4.0,0.048,41.0,reviewed,us,us,2020-12-03,40362,Argentina,1
2020-12-04 04:06:17.720000+00:00,-23.8622,-66.5468,193.4,5.1,mww,,27.0,1.751,0.95,us,us7000cmu1,2025-12-22T18:46:31.731Z,"45 km NNW of San Antonio de los Cobres, Argentina",earthquake,7.5,4.3,0.052,36.0,reviewed,us,us,2020-12-04,40373,Argentina,2
2020-12-06 21:54:03.873000+00:00,-31.5265,-67.3199,112.82,4.77,mw,,29.0,0.787,0.84,us,us7000cnq8,2021-02-12T22:39:49.040Z,"92 km E of Caucete, Argentina",earthquake,3.3,5.3,0.121,20.0,reviewed,us,us,2020-12-06,40415,Argentina,1
2020-12-09 10:46:46.756000+00:00,-24.2637,-68.219,144.12,4.5,mwr,,58.0,1.306,0.72,us,us7000cpf5,2021-02-20T16:10:54.040Z,Chile-Argentina border region,earthquake,3.6,7.7,,,reviewed,us,guc,2020-12-09,40482,Chile-Argentina border region,-1
2020-12-14 02:21:39.914000+00:00,-30.8926,-69.149,114.29,4.77,mw,,79.0,0.763,1.26,us,us7000cqvt,2021-02-20T16:11:48.040Z,"55 km NNE of Calingasta, Argentina",earthquake,5.8,7.1,0.269,4.0,reviewed,us,us,2020-12-14,40421,Argentina,1
2020-12-14 03:15:29.781000+00:00,-28.1417,-64.5659,28.73,5.11,mw,,45.0,4.257,0.85,us,us7000cqw1,2021-02-20T16:11:48.040Z,"48 km SW of Santiago del Estero, Argentina",earthquake,7.2,4.2,0.053,109.0,reviewed,us,us,2020-12-14,40370,Argentina,-1
2020-12-18 03:01:56.886000+00:00,-29.728,-68.6661,112.78,4.77,mw,,52.0,1.265,0.69,us,us7000crzz,2021-02-27T23:25:21.040Z,"57 km N of San José de Jáchal, Argentina",earthquake,7.5,6.9,0.169,10.0,reviewed,us,us,2020-12-18,40425,Argentina,1
2020-12-25 12:11:22.131000+00:00,-32.1261,-66.7237,33.81,4.94,mw,,49.0,1.766,0.96,us,us6000d2xr,2021-03-06T23:18:45.040Z,"65 km NNW of Villa General Roca, Argentina",earthquake,7.1,4.5,0.123,20.0,reviewed,us,us,2020-12-25,40379,Argentina,1
2020-12-26 03:18:04.412000+00:00,-23.169,-66.4698,217.29,4.94,mw,,48.0,1.588,1.08,us,us6000d33y,2021-03-06T23:18:59.040Z,"81 km W of El Aguilar, Argentina",earthquake,8.3,7.3,0.114,23.0,reviewed,us,us,2020-12-26,40379,Argentina,2
2021-01-08 12:54:17.688000+00:00,-26.5272,-65.7243,10.0,4.51,mw,,108.0,4.215,0.87,us,us6000d6qr,2021-03-20T21:22:50.040Z,"36 km N of Tafí del Valle, Argentina",earthquake,8.8,1.9,0.521,1.0,reviewed,us,us,2021-01-08,40472,Argentina,-1
2021-01-13 06:27:13.884000+00:00,-23.7158,-64.7365,19.28,5.2,mw,,83.0,3.254,1.19,us,us6000d7xt,2021-03-20T21:25:03.040Z,"7 km NNE of Calilegua, Argentina",earthquake,7.8,4.3,0.14,16.0,reviewed,us,us,2021-01-13,40364,Argentina,-1
2021-01-13 11:36:06.671000+00:00,-29.0768,-67.7431,119.39,4.6,mw,,63.0,2.236,0.95,us,us6000d803,2021-03-20T21:25:10.040Z,"25 km WNW of Chilecito, Argentina",earthquake,8.5,4.7,0.175,9.0,reviewed,us,us,2021-01-13,40470,Argentina,1
2021-01-17 08:05:24.127000+00:00,-27.9736,-66.9362,158.58,4.94,mw,,43.0,2.255,0.74,us,us7000d0tk,2021-03-27T21:05:01.040Z,"34 km SE of Londres, Argentina",earthquake,7.4,5.9,0.044,152.0,reviewed,us,us,2021-01-17,40377,Argentina,1
2021-01-18 01:48:33.905000+00:00,-32.4808,-69.5456,119.59,4.85,mw,,59.0,0.893,1.02,us,us7000d10a,2021-03-27T21:05:11.040Z,"81 km NW of Mendoza, Argentina",earthquake,5.4,6.2,0.118,21.0,reviewed,us,us,2021-01-18,40384,Argentina,1
2021-01-19 02:46:22.380000+00:00,-31.8334,-68.7992,20.81,6.4,mww,,22.0,0.303,0.95,us,us7000d18q,2025-12-22T18:48:37.821Z,"26 km SW of Pocito, Argentina",earthquake,2.9,3.6,0.055,32.0,reviewed,us,us,2021-01-19,40328,Argentina,1
2021-01-23 22:37:48.612000+00:00,-32.9068,-68.9913,10.0,4.68,mw,,64.0,1.079,1.11,us,us7000d2rk,2021-04-13T17:04:37.040Z,"15 km W of Mendoza, Argentina",earthquake,3.2,1.9,0.189,8.0,reviewed,us,us,2021-01-23,40436,Argentina,1
2021-01-24 04:31:19.884000+00:00,-35.9817,-69.9931,166.86,4.68,mw,,65.0,1.237,0.71,us,us7000d2tj,2021-04-13T17:07:20.040Z,"93 km N of Barrancas, Argentina",earthquake,8.3,6.9,0.111,25.0,reviewed,us,us,2021-01-24,40436,Argentina,-1
2021-01-25 21:38:30.887000+00:00,-31.1563,-67.301,89.12,4.51,mw,,102.0,0.917,1.18,us,us7000d396,2021-04-13T17:04:37.040Z,"60 km SSE of San Agustín de Valle Fértil, Argentina",earthquake,8.9,7.1,0.214,6.0,reviewed,us,us,2021-01-25,40478,Argentina,1
2021-01-26 23:37:58.019000+00:00,-28.7978,-68.922,106.06,4.5,mwr,,42.0,1.558,1.02,us,us7000d3jg,2021-04-13T17:04:54.040Z,"69 km W of Vinchina, Argentina",earthquake,5.9,4.9,0.062,25.0,reviewed,us,us,2021-01-26,40479,Argentina,1
2021-01-29 09:43:12.616000+00:00,-31.3527,-64.6845,10.0,4.51,mw,,113.0,3.423,0.61,us,us6000dcun,2021-04-16T19:02:14.040Z,"18 km NW of Cuesta Blanca, Argentina",earthquake,8.4,1.9,0.165,10.0,reviewed,us,us,2021-01-29,40471,Argentina,-1
2021-02-08 23:10:29.555000+00:00,-54.8137,-66.87,10.0,4.6,mw,,117.0,2.315,0.55,us,us6000dfr6,2021-04-22T21:51:43.040Z,"39 km SSE of Tolhuin, Argentina",earthquake,5.8,1.9,0.146,13.0,reviewed,us,us,2021-02-08,40466,Argentina,-1
2021-02-10 17:09:56.526000+00:00,-28.3456,-67.2347,136.49,4.68,mw,,102.0,2.256,1.01,us,us6000dgbj,2021-04-22T21:52:38.040Z,"45 km SE of Tinogasta, Argentina",earthquake,5.4,9.9,0.308,3.0,reviewed,us,us,2021-02-10,40431,Argentina,1
2021-02-17 12:14:50.415000+00:00,-29.2812,-69.395,126.15,4.8,mwr,,45.0,0.922,1.18,us,us6000did1,2021-04-23T21:04:50.040Z,"123 km NNW of San José de Jáchal, Argentina",earthquake,5.7,2.9,,,reviewed,us,guc,2021-02-17,40615,Argentina,1
2021-02-22 23:14:20.271000+00:00,-29.9994,-69.1552,114.24,4.6,mwr,,34.0,0.814,1.32,us,us6000dk9x,2021-05-04T14:16:27.040Z,"47 km NW of San José de Jáchal, Argentina",earthquake,5.2,5.2,0.047,44.0,reviewed,us,us,2021-02-22,40679,Argentina,1
2021-02-26 03:02:19.373000+00:00,-27.5883,-63.4131,570.75,4.6,mw,,89.0,5.144,0.72,us,us7000ddse,2021-05-13T22:34:36.040Z,"38 km N of Suncho Corral, Argentina",earthquake,12.9,7.8,0.121,19.0,reviewed,us,us,2021-02-26,40677,Argentina,3
2021-03-02 09:46:44.944000+00:00,-28.6652,-67.9118,127.3,5.03,mw,,68.0,2.118,0.82,us,us7000deu0,2021-05-13T22:40:33.040Z,"30 km ENE of Vinchina, Argentina",earthquake,8.3,8.0,0.1,33.0,reviewed,us,us,2021-03-02,40542,Argentina,1
2021-03-11 02:40:22.924000+00:00,-23.0222,-66.7668,227.96,4.85,mw,,48.0,1.303,0.82,us,us7000di0v,2021-05-21T19:49:18.040Z,"Jujuy, Argentina",earthquake,8.0,4.2,0.115,22.0,reviewed,us,us,2021-03-11,40592,Argentina,2
2021-03-11 21:54:36.308000+00:00,-24.3321,-66.9585,141.43,5.2,mww,,46.0,2.893,1.14,us,us7000di85,2025-12-22T18:53:30.088Z,"66 km W of San Antonio de los Cobres, Argentina",earthquake,6.8,4.0,0.045,48.0,reviewed,us,us,2021-03-11,40510,Argentina,2
2021-03-16 19:39:07.975000+00:00,-40.1441,-71.5065,186.78,4.77,mw,,115.0,0.391,0.71,us,us7000djze,2021-05-26T22:08:13.040Z,"13 km W of San Martín de los Andes, Argentina",earthquake,7.2,4.7,0.178,9.0,reviewed,us,us,2021-03-16,40633,Argentina,-1
2021-03-25 23:45:11.947000+00:00,-22.5234,-66.1209,238.36,4.68,mw,,130.0,1.947,0.63,us,us6000dwif,2021-06-02T15:22:55.040Z,"Jujuy, Argentina",earthquake,8.5,18.0,0.377,2.0,reviewed,us,us,2021-03-25,40646,Argentina,2
2021-03-30 21:34:54.094000+00:00,-28.194,-68.1056,94.03,4.77,mw,,49.0,1.63,0.85,us,us6000dxr1,2021-06-08T17:59:17.040Z,"55 km WSW of Tinogasta, Argentina",earthquake,10.9,6.2,0.134,16.0,reviewed,us,us,2021-03-30,40634,Argentina,1
2021-03-31 16:09:44.098000+00:00,-36.7313,-71.0065,140.51,4.5,mwr,,46.0,0.224,1.2,us,us6000dxzt,2021-06-08T17:59:25.040Z,"36 km NW of Las Ovejas, Argentina",earthquake,5.3,5.0,,,reviewed,us,guc,2021-03-31,40679,Argentina,-1
2021-04-06 05:47:17.145000+00:00,-31.4195,-68.1089,102.44,4.94,mw,,51.0,0.214,0.93,us,us6000dzc6,2021-06-12T21:37:40.040Z,"30 km NNE of Caucete, Argentina",earthquake,6.9,3.7,0.043,159.0,reviewed,us,us,2021-04-06,40549,Argentina,1
2021-04-07 10:43:24.300000+00:00,-31.818,-67.7294,115.09,4.68,mw,,142.0,0.482,0.86,us,us6000dzmf,2021-06-12T21:38:05.040Z,"55 km ESE of Caucete, Argentina",earthquake,8.1,6.0,0.187,9.0,reviewed,us,us,2021-04-07,40660,Argentina,1
2021-04-07 23:14:26.922000+00:00,-36.3942,-70.9399,137.48,4.6,mwr,,70.0,0.379,0.76,us,us6000dzvk,2022-08-09T04:32:49.865Z,"68 km NNW of Las Ovejas, Argentina",earthquake,6.9,4.6,,,reviewed,us,guc,2021-04-07,40673,Argentina,-1
2021-04-11 14:42:04.366000+00:00,-31.6582,-69.6202,111.82,5.2,mw,,42.0,0.806,0.48,us,us6000e0u1,2021-06-19T21:25:06.040Z,"40 km SSW of Calingasta, Argentina",earthquake,4.2,5.2,0.034,280.0,reviewed,us,us,2021-04-11,40514,Argentina,1
2021-04-11 14:52:32.273000+00:00,-24.8589,-68.1547,113.38,4.85,mw,,63.0,1.898,0.4,us,us6000e0u7,2021-06-19T21:25:06.040Z,"152 km NNW of Antofagasta de la Sierra, Argentina",earthquake,6.4,5.5,0.14,15.0,reviewed,us,us,2021-04-11,40566,Argentina,2
2021-04-23 07:02:59.174000+00:00,-27.8944,-66.6978,168.71,4.94,mw,,81.0,2.405,0.9,us,us6000e3w8,2021-07-07T18:33:51.040Z,"47 km ESE of Londres, Argentina",earthquake,6.8,7.6,0.1,30.0,reviewed,us,us,2021-04-23,40550,Argentina,1
2021-04-23 12:45:48.981000+00:00,-30.0132,-65.3136,10.0,4.85,mw,,117.0,3.278,1.02,us,us6000e3yd,2021-07-07T18:33:58.040Z,"69 km N of Serrezuela, Argentina",earthquake,9.3,1.9,0.312,3.0,reviewed,us,us,2021-04-23,40589,Argentina,-1
2021-04-29 02:17:17.665000+00:00,-37.2631,-70.8302,145.0,5.6,mww,,39.0,0.695,0.99,us,us7000dydz,2025-12-22T18:57:30.586Z,"17 km WSW of Andacollo, Argentina",earthquake,6.6,1.8,0.039,63.0,reviewed,us,us,2021-04-29,40501,Argentina,-1
2021-05-04 13:15:45.592000+00:00,-26.7705,-67.6018,10.0,4.85,mw,,54.0,1.366,1.22,us,us7000dzzm,2021-07-10T20:15:19.040Z,"81 km SSW of Antofagasta de la Sierra, Argentina",earthquake,5.9,1.9,0.313,4.0,reviewed,us,us,2021-05-04,40614,Argentina,-1
2021-05-16 08:10:13.587000+00:00,-31.9594,-68.353,120.85,4.77,mw,,42.0,0.499,0.9,us,us7000e3ii,2021-07-24T21:07:18.040Z,"32 km S of Nueve de Julio, Argentina",earthquake,6.6,4.6,0.103,27.0,reviewed,us,us,2021-05-16,40634,Argentina,1
2021-05-19 12:04:55.500000+00:00,-23.9204,-66.6828,191.56,5.0,mww,,44.0,2.918,0.59,us,us7000e4f3,2025-12-22T19:00:28.970Z,"49 km NW of San Antonio de los Cobres, Argentina",earthquake,5.8,4.6,0.06,27.0,reviewed,us,us,2021-05-19,40543,Argentina,2
2021-05-19 15:06:54.461000+00:00,-28.3915,-63.269,596.07,5.1,mww,,26.0,5.368,0.74,us,us7000e4gi,2025-12-22T19:00:30.177Z,"38 km NW of Colonia Dora, Argentina",earthquake,9.5,5.1,0.078,16.0,reviewed,us,us,2021-05-19,40523,Argentina,3
2021-05-20 07:32:29.444000+00:00,-23.7203,-67.174,225.3,4.85,mw,,97.0,1.199,0.52,us,us7000e4nu,2021-07-24T21:08:30.040Z,"103 km WNW of San Antonio de los Cobres, Argentina",earthquake,8.9,8.6,0.221,6.0,reviewed,us,us,2021-05-20,40572,Argentina,2
2021-06-04 02:11:33.648000+00:00,-24.9194,-64.6337,43.81,4.94,mw,,58.0,3.788,1.04,us,us7000e9ky,2021-08-24T21:35:53.040Z,"49 km WSW of Las Lajitas, Argentina",earthquake,6.0,6.9,0.048,130.0,reviewed,us,us,2021-06-04,40554,Argentina,-1
2021-06-10 14:16:10.194000+00:00,-27.1278,-63.4297,569.55,4.77,mw,,45.0,5.093,0.48,us,us7000ebr3,2021-08-24T21:33:37.040Z,"22 km WSW of El Hoyo, Argentina",earthquake,9.7,6.9,0.056,91.0,reviewed,us,us,2021-06-10,40616,Argentina,3
2021-06-11 17:04:40.672000+00:00,-29.1225,-66.7133,26.42,4.94,mw,,42.0,2.955,0.78,us,us7000ec5j,2022-08-09T05:30:21.435Z,"34 km NNE of La Rioja, Argentina",earthquake,5.8,4.9,0.096,35.0,reviewed,us,us,2021-06-11,40550,Argentina,1
2021-06-12 02:52:41.498000+00:00,-23.4187,-66.9053,226.54,4.77,mw,,114.0,1.26,0.88,us,us7000ec9m,2021-08-26T21:59:07.040Z,"106 km NW of San Antonio de los Cobres, Argentina",earthquake,13.9,12.0,0.268,4.0,reviewed,us,us,2021-06-12,40627,Argentina,2
2021-06-20 02:03:40.061000+00:00,-24.5477,-67.9844,161.63,4.68,mw,,130.0,1.598,0.89,us,us7000eeji,2021-08-27T18:57:42.040Z,Chile-Argentina border region,earthquake,11.2,16.3,0.265,5.0,reviewed,us,us,2021-06-20,40652,Chile-Argentina border region,2
2021-06-21 04:24:55.003000+00:00,-28.2409,-67.409,123.76,4.85,mw,,46.0,2.582,0.83,us,us7000eeut,2021-08-27T18:58:00.040Z,"24 km SE of Tinogasta, Argentina",earthquake,7.1,5.4,0.088,38.0,reviewed,us,us,2021-06-21,40592,Argentina,1
2021-06-23 00:47:05.330000+00:00,-58.1435,-63.7638,10.0,5.5,mww,,110.0,4.209,0.76,us,us7000efct,2025-12-22T19:02:54.060Z,Drake Passage,earthquake,7.8,1.7,0.089,12.0,reviewed,us,us,2021-06-23,40506,Argentina,-1
2021-06-23 23:20:38.435000+00:00,-32.887,-69.112,19.03,4.6,mwr,,42.0,1.0,0.75,us,us6000ep6y,2021-12-07T02:27:09.481Z,"26 km W of Mendoza, Argentina",earthquake,4.5,4.0,0.033,88.0,reviewed,us,us,2021-06-23,40662,Argentina,1
2021-06-29 00:31:55.432000+00:00,-23.8943,-64.3535,10.0,5.03,mw,,50.0,1.845,0.71,us,us6000eqp9,2021-09-09T22:05:45.040Z,"10 km NNW of Palma Sola, Argentina",earthquake,7.3,1.9,0.061,82.0,reviewed,us,us,2021-06-29,40537,Argentina,-1
2021-06-30 13:14:04.311000+00:00,-22.6217,-66.5688,214.88,5.2,mw,,44.0,1.521,0.55,us,us6000er3v,2021-09-09T22:06:08.040Z,"90 km W of Abra Pampa, Argentina",earthquake,8.0,2.8,0.031,331.0,reviewed,us,us,2021-06-30,40523,Argentina,2
2021-06-30 14:22:05.914000+00:00,-31.1285,-69.1939,110.9,4.85,mw,,41.0,0.602,0.63,us,us6000er4i,2021-09-09T22:06:10.040Z,"31 km NE of Calingasta, Argentina",earthquake,4.9,5.5,0.094,35.0,reviewed,us,us,2021-06-30,40608,Argentina,1
2021-07-10 00:06:46.727000+00:00,-22.949,-66.175,250.57,4.77,mw,,66.0,3.046,0.66,us,us6000etxb,2021-09-17T22:49:10.040Z,"55 km WSW of Abra Pampa, Argentina",earthquake,8.9,10.3,0.155,12.0,reviewed,us,us,2021-07-10,40624,Argentina,2
2021-07-12 10:02:12.516000+00:00,-40.1762,-70.6888,135.18,4.77,mw,,104.0,0.844,1.2,us,us7000emih,2021-09-17T22:50:57.040Z,"41 km SE of Junín de los Andes, Argentina",earthquake,6.8,6.1,0.12,20.0,reviewed,us,us,2021-07-12,40625,Argentina,-1
2021-07-16 01:39:16.114000+00:00,-24.2826,-67.4008,201.1,4.77,mw,,91.0,1.504,0.63,us,us7000emdl,2021-09-25T21:07:45.040Z,"110 km W of San Antonio de los Cobres, Argentina",earthquake,9.6,7.7,0.203,8.0,reviewed,us,us,2021-07-16,40627,Argentina,2
2021-07-18 21:07:44.019000+00:00,-37.9058,-68.5824,13.86,4.68,mw,,153.0,2.478,0.87,us,us6000f3r1,2021-09-25T21:08:08.040Z,"52 km NNE of Añelo, Argentina",earthquake,8.9,6.1,0.266,4.0,reviewed,us,us,2021-07-18,40650,Argentina,-1
2021-07-26 01:05:15.517000+00:00,-32.5489,-65.654,10.0,4.85,mw,,65.0,2.386,0.67,us,us6000ez1r,2021-10-03T05:22:04.040Z,"33 km SE of Luján, Argentina",earthquake,4.5,1.8,0.121,20.0,reviewed,us,us,2021-07-26,40593,Argentina,-1
2021-07-28 18:39:49.023000+00:00,-30.5749,-68.1024,80.0,4.94,mw,,75.0,1.033,1.17,us,us6000ezxb,2021-10-03T05:22:52.040Z,"61 km W of San Agustín de Valle Fértil, Argentina",earthquake,5.8,2.0,0.316,3.0,reviewed,us,us,2021-07-28,40566,Argentina,1
2021-08-08 05:19:20.886000+00:00,-31.0979,-67.3383,107.93,4.77,mw,,43.0,1.235,0.41,us,us6000f3an,2021-10-23T15:45:52.040Z,"52 km SSE of San Agustín de Valle Fértil, Argentina",earthquake,6.6,6.8,0.088,37.0,reviewed,us,us,2021-08-08,40644,Argentina,1
2021-08-12 07:47:56.771000+00:00,-31.6784,-69.1584,108.22,4.94,mw,,87.0,0.425,0.56,us,us6000f4fe,2021-10-23T15:46:08.040Z,"42 km WSW of Villa Basilio Nievas, Argentina",earthquake,7.8,6.8,0.087,39.0,reviewed,us,us,2021-08-12,40554,Argentina,1
2021-08-14 19:18:55.565000+00:00,-31.5957,-66.6862,119.74,4.85,mw,,114.0,1.323,1.01,us,us6000f6aj,2021-10-29T14:46:14.040Z,"96 km WNW of Candelaria, Argentina",earthquake,8.6,6.7,0.18,9.0,reviewed,us,us,2021-08-14,40577,Argentina,1
2021-08-14 19:48:07.272000+00:00,-31.0794,-68.6183,108.07,5.03,mw,,44.0,0.468,0.52,us,us6000f6av,2021-10-29T14:46:14.040Z,"40 km NNW of San Martín, Argentina",earthquake,7.2,2.6,0.064,75.0,reviewed,us,us,2021-08-14,40528,Argentina,1
2021-08-22 13:45:16.275000+00:00,-32.9017,-67.165,10.0,4.6,mw,,61.0,1.58,0.72,us,us6000f9pf,2021-11-02T14:54:23.040Z,"71 km WSW of Villa General Roca, Argentina",earthquake,4.8,1.9,0.187,8.0,reviewed,us,us,2021-08-22,40820,Argentina,1
2021-09-13 05:18:14.639000+00:00,-23.7629,-67.0129,205.0,6.2,mww,,29.0,1.341,0.53,us,us7000fap8,2025-12-22T22:18:55.794Z,"86 km NW of San Antonio de los Cobres, Argentina",earthquake,9.0,1.8,0.043,51.0,reviewed,us,us,2021-09-13,40687,Argentina,2
2021-09-15 21:19:27.377000+00:00,-28.744,-67.3203,151.92,4.43,mw,,64.0,2.715,1.09,us,us7000fbl5,2021-11-23T15:12:42.040Z,"49 km NNE of Chilecito, Argentina",earthquake,7.4,13.7,0.258,4.0,reviewed,us,us,2021-09-15,40852,Argentina,1
2021-09-29 07:53:56.127000+00:00,-33.1693,-68.1801,10.0,4.9,mww,,41.0,1.652,1.14,us,us6000fq1z,2025-12-22T22:17:14.274Z,"28 km ESE of San Martín, Argentina",earthquake,1.5,1.8,0.069,20.0,reviewed,us,us,2021-09-29,40760,Argentina,1
2021-10-06 23:38:08.766000+00:00,-25.248,-64.6292,10.0,5.28,mw,,56.0,3.967,0.64,us,us6000fsh2,2025-12-22T22:17:30.924Z,"14 km N of El Galpón, Argentina",earthquake,9.4,1.9,0.053,111.0,reviewed,us,us,2021-10-06,40739,Argentina,-1
2021-10-08 18:06:13.578000+00:00,-56.573,-69.1306,10.0,4.77,mw,,161.0,2.835,0.58,us,us6000ft2l,2021-12-18T19:58:39.040Z,"202 km SSW of Ushuaia, Argentina",earthquake,5.8,1.8,0.139,15.0,reviewed,us,us,2021-10-08,40794,Argentina,-1
2021-10-13 07:55:29.195000+00:00,-50.3221,-72.25,10.0,5.4,mww,,47.0,0.951,0.85,us,us6000fu6b,2025-12-22T22:17:42.095Z,"2 km NE of El Calafate, Argentina",earthquake,6.4,1.7,0.083,14.0,reviewed,us,us,2021-10-13,40732,Argentina,-1
2021-10-13 22:00:34.014000+00:00,-24.5942,-67.8136,132.43,4.68,mw,,112.0,1.668,0.93,us,us6000fucv,2021-12-18T19:59:03.040Z,"157 km WSW of San Antonio de los Cobres, Argentina",earthquake,8.2,8.4,0.201,7.0,reviewed,us,us,2021-10-13,40808,Argentina,2
2021-10-16 04:12:15.685000+00:00,-24.7206,-68.4705,110.24,4.6,mw,,46.0,1.761,1.05,us,us6000fv4f,2021-12-25T22:58:37.040Z,"182 km NW of Antofagasta de la Sierra, Argentina",earthquake,4.9,6.3,0.113,22.0,reviewed,us,us,2021-10-16,40828,Argentina,2
2021-10-16 07:04:24.846000+00:00,-42.2774,-72.2325,146.0,4.85,mw,,80.0,0.167,0.89,us,us6000fv5w,2021-12-25T22:58:37.040Z,"56 km WSW of Lago Puelo, Argentina",earthquake,6.6,5.1,0.101,29.0,reviewed,us,us,2021-10-16,40761,Argentina,-1
2021-10-17 16:14:20.638000+00:00,-50.5227,-73.7844,15.88,4.68,mw,,83.0,1.183,0.58,us,us6000fvg9,2021-12-25T22:58:43.040Z,"109 km W of El Calafate, Argentina",earthquake,6.5,4.8,0.138,17.0,reviewed,us,us,2021-10-17,40807,Argentina,-1
2021-10-26 03:35:42.551000+00:00,-32.8075,-70.6858,90.64,4.6,mwr,,62.0,0.121,0.59,us,us6000fxix,2022-01-08T17:42:35.040Z,Chile-Argentina border region,earthquake,3.3,3.2,0.047,44.0,reviewed,us,us,2021-10-26,40829,Chile-Argentina border region,-1
2021-11-03 03:17:48.635000+00:00,-32.6971,-70.0638,100.25,5.7,mww,,18.0,0.415,0.77,us,us7000fr0v,2025-12-22T22:24:10.790Z,Chile-Argentina border region,earthquake,4.6,1.3,0.041,58.0,reviewed,us,us,2021-11-03,40709,Chile-Argentina border region,1
2021-11-04 03:24:18.148000+00:00,-22.3762,-66.2611,274.09,4.43,mw,,84.0,1.861,0.6,us,us7000fraz,2022-01-14T17:58:59.040Z,"69 km WNW of Abra Pampa, Argentina",earthquake,10.7,11.2,0.232,5.0,reviewed,us,us,2021-11-04,40852,Argentina,2
2021-11-13 12:12:08.044000+00:00,-22.7927,-66.4923,266.96,4.6,mw,,66.0,1.563,0.63,us,us7000fttd,2022-01-22T20:51:48.040Z,"82 km W of Abra Pampa, Argentina",earthquake,6.2,11.4,0.187,9.0,reviewed,us,us,2021-11-13,40844,Argentina,2
2021-11-17 21:38:54.042000+00:00,-26.3074,-63.3253,576.18,5.5,mww,,13.0,5.223,0.8,us,us7000fuxl,2025-12-22T22:20:22.399Z,"56 km WNW of Campo Gallo, Argentina",earthquake,9.0,3.6,0.048,41.0,reviewed,us,us,2021-11-17,40725,Argentina,3
2021-11-18 01:09:40.958000+00:00,-31.2685,-69.0364,106.72,4.85,mw,,47.0,0.408,0.65,us,us7000fuz1,2022-01-22T20:52:00.040Z,"37 km ENE of Calingasta, Argentina",earthquake,5.8,5.4,0.14,15.0,reviewed,us,us,2021-11-18,40770,Argentina,1
2021-11-19 07:19:12.820000+00:00,-33.6487,-67.6362,204.28,4.43,mw,,111.0,2.1,0.58,us,us7000fvdw,2022-01-29T22:54:57.040Z,"99 km SE of San Martín, Argentina",earthquake,11.1,8.9,0.3,4.0,reviewed,us,us,2021-11-19,40850,Argentina,1
2021-11-22 15:58:22.637000+00:00,-29.9358,-68.7747,10.0,4.77,mw,,71.0,1.145,1.01,us,us7000fw7m,2022-01-29T22:55:23.040Z,"33 km N of San José de Jáchal, Argentina",earthquake,5.3,1.8,0.13,18.0,reviewed,us,us,2021-11-22,40784,Argentina,1
2021-11-27 19:40:22.629000+00:00,-28.0197,-64.4988,10.0,4.85,mw,,43.0,4.281,0.8,us,us7000fxjk,2022-08-06T18:35:46.790Z,"34 km SW of Santiago del Estero, Argentina",earthquake,6.9,1.6,0.144,14.0,reviewed,us,us,2021-11-27,40775,Argentina,-1
2021-12-01 02:21:42.742000+00:00,-22.8368,-63.8043,536.95,4.51,mw,,58.0,5.233,0.29,us,us6000g82m,2022-02-05T23:03:36.040Z,"26 km S of General Mosconi, Argentina",earthquake,10.0,13.1,0.166,10.0,reviewed,us,us,2021-12-01,40847,Argentina,-1
2021-12-07 09:41:14.307000+00:00,-27.8819,-66.545,151.1,5.28,mw,,39.0,2.523,0.52,us,us6000ga05,2022-08-06T18:00:04.530Z,"40 km SW of Andalgalá, Argentina",earthquake,7.2,5.2,0.034,272.0,reviewed,us,us,2021-12-07,40739,Argentina,1
2021-12-08 23:36:02.742000+00:00,-31.8741,-68.3598,112.11,4.43,mw,,115.0,0.288,1.04,us,us6000gap7,2022-02-12T23:07:04.040Z,"22 km S of Nueve de Julio, Argentina",earthquake,8.2,4.3,0.184,8.0,reviewed,us,us,2021-12-08,40852,Argentina,1
2021-12-20 16:34:26.989000+00:00,-26.1349,-64.688,10.0,5.28,mw,,87.0,4.04,0.57,us,us6000gdvs,2025-12-22T22:23:18.212Z,"40 km N of Burruyacú, Argentina",earthquake,7.3,1.8,0.068,72.0,reviewed,us,us,2021-12-20,40742,Argentina,-1
2021-12-21 22:34:15.488000+00:00,-28.4016,-63.1473,593.04,4.51,mw,,67.0,5.447,0.64,us,us7000g8zj,2022-03-01T16:39:04.040Z,"29 km NW of Colonia Dora, Argentina",earthquake,13.6,9.7,0.174,9.0,reviewed,us,us,2021-12-21,40845,Argentina,3
2022-01-02 09:17:56.578000+00:00,-30.3135,-67.4715,40.62,4.0,mwr,,43.0,1.61,0.77,us,us7000g8ga,2022-03-12T22:19:01.040Z,"35 km N of San Agustín de Valle Fértil, Argentina",earthquake,7.1,5.6,0.05,39.0,reviewed,us,us,2022-01-02,40853,Argentina,1
2022-01-10 08:36:02.078000+00:00,-26.0798,-65.4393,8.0,5.6,mww,,46.0,3.392,0.43,us,us7000gai4,2022-03-19T22:07:35.040Z,"23 km NW of Trancas, Argentina",earthquake,7.6,1.8,0.044,50.0,reviewed,us,us,2022-01-10,40711,Argentina,-1
2022-01-11 12:35:39.309000+00:00,-24.2524,-67.2446,188.48,5.03,mw,,64.0,1.552,0.93,us,us7000gawh,2022-03-19T22:07:42.040Z,"94 km W of San Antonio de los Cobres, Argentina",earthquake,8.8,6.3,0.115,25.0,reviewed,us,us,2022-01-11,40742,Argentina,2
2022-01-26 01:16:34.979000+00:00,-31.8855,-69.221,107.02,4.77,mw,,77.0,0.569,0.69,us,us7000gf5i,2022-04-09T20:19:04.040Z,"59 km SW of Villa Basilio Nievas, Argentina",earthquake,5.4,2.9,0.138,15.0,reviewed,us,us,2022-01-26,40779,Argentina,1
2022-01-26 03:28:07.081000+00:00,-27.3296,-68.2112,128.64,4.77,mw,,74.0,0.955,0.91,us,us7000gf6g,2022-04-09T20:19:05.040Z,"69 km WNW of Fiambalá, Argentina",earthquake,6.7,6.5,0.202,7.0,reviewed,us,us,2022-01-26,40776,Argentina,1
2022-01-27 03:00:48.233000+00:00,-32.4304,-68.7512,118.79,4.7,mwr,,42.0,0.884,0.91,us,us7000gffw,2022-08-06T12:35:07.360Z,"51 km N of Mendoza, Argentina",earthquake,5.6,3.8,,,reviewed,us,guc,2022-01-27,40795,Argentina,1
2022-01-29 12:56:54.484000+00:00,-28.1856,-67.5689,130.23,4.94,mw,,43.0,1.931,0.54,us,us7000gg7r,2022-04-15T17:57:03.040Z,"13 km S of Tinogasta, Argentina",earthquake,7.9,7.1,0.073,56.0,reviewed,us,us,2022-01-29,40752,Argentina,1
2022-02-01 00:52:43.137000+00:00,-31.3361,-68.6127,111.4,4.94,mw,,30.0,0.217,0.86,us,us7000gguj,2022-04-15T17:57:09.040Z,"13 km NW of Albardón, Argentina",earthquake,6.1,4.4,0.043,163.0,reviewed,us,us,2022-02-01,40743,Argentina,1
2022-02-03 03:12:37.681000+00:00,-23.1514,-66.7448,209.48,4.77,mw,,70.0,1.335,0.62,us,us7000gjwc,2022-04-15T17:57:28.040Z,"109 km W of El Aguilar, Argentina",earthquake,8.5,7.9,0.162,11.0,reviewed,us,us,2022-02-03,40788,Argentina,2
2022-02-03 09:35:51.266000+00:00,-23.2267,-64.9863,24.36,5.28,mw,,48.0,2.952,1.14,us,us7000ghks,2022-04-15T17:57:15.040Z,"37 km E of Humahuaca, Argentina",earthquake,6.9,4.5,0.04,226.0,reviewed,us,us,2022-02-03,40734,Argentina,-1
2022-02-03 11:19:43.548000+00:00,-31.7435,-67.9472,10.0,4.6,mw,,103.0,0.283,1.3,us,us7000ghl2,2022-04-15T17:57:15.040Z,"33 km ESE of Caucete, Argentina",earthquake,5.0,1.9,0.237,5.0,reviewed,us,us,2022-02-03,40844,Argentina,1
2022-02-04 07:48:02.178000+00:00,-27.9119,-66.9927,162.5,4.85,mw,,64.0,2.181,0.66,us,us7000ghts,2022-04-15T17:57:17.040Z,"25 km SSE of Londres, Argentina",earthquake,9.4,7.8,0.089,37.0,reviewed,us,us,2022-02-04,40774,Argentina,1
2022-02-17 16:19:18.960000+00:00,-28.3027,-69.1835,108.44,4.68,mw,,42.0,1.167,0.98,us,us7000glmy,2022-04-30T14:18:22.040Z,"108 km WNW of Vinchina, Argentina",earthquake,6.4,6.6,0.153,15.0,reviewed,us,us,2022-02-17,41012,Argentina,1
2022-02-22 06:12:50.740000+00:00,-22.6664,-66.2663,251.0,6.0,mww,,33.0,1.787,0.42,us,us7000gmw3,2022-05-04T13:39:39.040Z,"58 km W of Abra Pampa, Argentina",earthquake,7.4,1.9,0.036,74.0,reviewed,us,us,2022-02-22,40871,Argentina,2
2022-02-23 03:58:37.496000+00:00,-28.3235,-65.2158,29.72,4.77,mw,,78.0,3.776,1.0,us,us7000gn3z,2022-05-04T13:39:58.040Z,"41 km S of San Pedro de Guasayán, Argentina",earthquake,8.6,5.8,0.219,6.0,reviewed,us,us,2022-02-23,40982,Argentina,-1
2022-03-03 09:30:23.261000+00:00,-27.3973,-67.4873,120.1,5.03,mw,,32.0,1.566,1.13,us,us6000h1p4,2022-05-07T21:32:45.040Z,"33 km NNE of Fiambalá, Argentina",earthquake,7.6,5.4,0.062,78.0,reviewed,us,us,2022-03-03,40928,Argentina,1
2022-03-04 21:59:29.829000+00:00,-31.3868,-69.2173,111.73,4.77,mw,,63.0,0.482,0.61,us,us6000h272,2022-05-07T21:32:54.040Z,"20 km ESE of Calingasta, Argentina",earthquake,5.7,5.0,0.267,4.0,reviewed,us,us,2022-03-04,40974,Argentina,1
2022-03-05 04:38:30.513000+00:00,-23.743,-64.7287,29.46,4.68,mw,,60.0,3.267,0.9,us,us6000h28t,2022-05-14T21:52:16.040Z,"5 km NE of Calilegua, Argentina",earthquake,8.0,5.1,0.217,7.0,reviewed,us,us,2022-03-05,40991,Argentina,-1
2022-03-06 09:35:07.133000+00:00,-28.5436,-68.7112,105.17,5.5,mww,,41.0,1.645,0.79,us,us6000h2il,2022-08-06T09:12:35.292Z,"54 km WNW of Vinchina, Argentina",earthquake,6.4,3.5,0.039,63.0,reviewed,us,us,2022-03-06,40872,Argentina,1
2022-03-17 11:05:36.778000+00:00,-26.8308,-66.9003,136.9,4.77,mw,,41.0,1.991,0.91,us,us6000h5cl,2022-05-27T14:55:31.040Z,"44 km N of Puerta de Corral Quemado, Argentina",earthquake,7.7,2.0,0.051,113.0,reviewed,us,us,2022-03-17,40987,Argentina,1
2022-03-30 03:05:13.852000+00:00,-30.2431,-69.3521,124.21,4.68,mw,,28.0,0.695,0.85,us,us7000gya5,2022-06-04T20:42:22.040Z,"58 km W of San José de Jáchal, Argentina",earthquake,6.1,4.8,0.153,12.0,reviewed,us,us,2022-03-30,41018,Argentina,1
2022-04-01 11:28:04.269000+00:00,-31.4148,-67.9928,107.56,5.1,mww,,31.0,0.605,0.59,us,us7000gyyg,2022-06-04T20:42:34.040Z,"37 km NE of Caucete, Argentina",earthquake,7.0,4.2,0.052,35.0,reviewed,us,us,2022-04-01,40911,Argentina,1
2022-04-03 05:16:36.779000+00:00,-31.4759,-67.0754,116.64,5.1,mww,,43.0,1.375,0.48,us,us7000gzay,2022-06-11T20:20:59.040Z,"100 km SSE of San Agustín de Valle Fértil, Argentina",earthquake,7.4,6.7,0.043,51.0,reviewed,us,us,2022-04-03,40909,Argentina,1
2022-04-20 13:19:11.908000+00:00,-27.2485,-66.2996,174.38,5.2,mw,,42.0,2.556,0.57,us,us7000h3jq,2022-06-26T01:20:04.040Z,"36 km N of Andalgalá, Argentina",earthquake,5.0,6.2,0.032,310.0,reviewed,us,us,2022-04-20,40881,Argentina,1
2022-05-01 09:19:13.181000+00:00,-27.6627,-63.3382,571.99,4.6,mw,123.0,43.0,5.22,0.53,us,us7000h66l,2022-07-09T21:39:45.040Z,"31 km NNE of Suncho Corral, Argentina",earthquake,7.3,6.1,0.055,91.0,reviewed,us,us,2022-05-01,41036,Argentina,3
2022-05-09 03:20:02.213000+00:00,-38.5907,-68.9972,10.0,4.85,mw,55.0,74.0,2.166,0.88,us,us7000h81q,2022-07-22T18:31:07.040Z,"31 km SW of Añelo, Argentina",earthquake,5.9,1.6,0.106,26.0,reviewed,us,us,2022-05-09,40949,Argentina,-1
2022-05-10 08:42:06.731000+00:00,-27.1007,-63.3928,568.7,5.4,mww,172.0,22.0,5.125,0.68,us,us7000h8a8,2022-07-22T18:31:11.040Z,"17 km WSW of El Hoyo, Argentina",earthquake,9.8,4.0,0.046,46.0,reviewed,us,us,2022-05-10,40880,Argentina,3
2022-05-10 23:06:32.368000+00:00,-23.496,-66.6519,220.0,6.8,mww,162.0,30.0,1.505,0.87,us,us7000h8g3,2022-08-12T11:38:28.703Z,"86 km NNW of San Antonio de los Cobres, Argentina",earthquake,9.4,1.9,0.062,25.0,reviewed,us,us,2022-05-10,40866,Argentina,2
2022-05-11 12:15:32.763000+00:00,-29.3285,-68.578,129.88,5.03,mw,29.0,161.0,1.469,1.12,us,us7000h8kn,2022-07-22T18:31:13.040Z,"72 km SSW of Vinchina, Argentina",earthquake,8.0,8.4,0.152,14.0,reviewed,us,us,2022-05-11,40939,Argentina,1
2022-05-30 14:30:48.198000+00:00,-31.2926,-68.7223,117.43,5.11,mw,26.0,101.0,0.254,0.9,us,us7000hdl7,2022-08-06T22:13:06.040Z,"24 km NW of Albardón, Argentina",earthquake,6.4,6.3,0.278,4.0,reviewed,us,us,2022-05-30,40883,Argentina,1
2022-05-30 20:41:36.388000+00:00,-31.0699,-66.3291,135.4,4.85,mw,52.0,65.0,1.717,0.4,us,us7000hdnn,2022-08-06T22:13:07.040Z,"78 km S of Chamical, Argentina",earthquake,7.2,5.9,0.106,29.0,reviewed,us,us,2022-05-30,40968,Argentina,1
2022-06-01 19:42:37.746000+00:00,-28.1369,-67.0873,161.74,4.77,mw,28.0,136.0,2.838,0.55,us,us7000he6b,2022-08-06T22:13:14.040Z,"47 km S of Londres, Argentina",earthquake,10.7,5.2,0.535,1.0,reviewed,us,us,2022-06-01,40970,Argentina,1
2022-06-02 14:42:15.651000+00:00,-31.6637,-69.7197,128.62,4.94,mw,40.0,77.0,0.891,0.77,us,us7000hedd,2022-08-06T22:13:18.040Z,"46 km SW of Calingasta, Argentina",earthquake,6.0,4.7,0.152,13.0,reviewed,us,us,2022-06-02,40948,Argentina,1
2022-06-05 06:12:23.091000+00:00,-31.8711,-68.9032,10.0,4.77,mw,39.0,98.0,0.374,0.88,us,us7000hf3y,2022-08-13T21:51:32.040Z,"36 km SW of Pocito, Argentina",earthquake,5.1,1.9,0.149,16.0,reviewed,us,us,2022-06-05,40989,Argentina,1
2022-06-11 13:40:08.077000+00:00,-32.3907,-67.0901,10.0,4.85,mw,39.0,43.0,1.595,1.12,us,us7000hgqu,2022-08-21T00:16:02.040Z,"67 km WNW of Villa General Roca, Argentina",earthquake,6.8,1.9,0.157,12.0,reviewed,us,us,2022-06-11,40968,Argentina,1
2022-06-13 21:29:43.484000+00:00,-29.658,-69.5786,114.01,4.68,mw,44.0,61.0,0.549,0.54,us,us7000hh67,2022-08-21T00:16:54.040Z,"103 km NW of San José de Jáchal, Argentina",earthquake,6.1,5.4,0.116,21.0,reviewed,us,us,2022-06-13,40993,Argentina,1
2022-06-18 18:24:12.125000+00:00,-33.4999,-69.5494,142.79,5.1,mww,119.0,41.0,0.497,0.73,us,us7000hiew,2022-08-28T03:18:29.040Z,"95 km SW of Mendoza, Argentina",earthquake,5.89,3.878,0.071,19.0,reviewed,us,us,2022-06-18,40907,Argentina,1
2022-06-20 19:04:29.017000+00:00,-24.3016,-67.5756,197.37,4.77,mw,19.0,112.0,1.452,0.56,us,us7000hitf,2022-08-28T03:19:23.040Z,"127 km W of San Antonio de los Cobres, Argentina",earthquake,9.3,13.2,0.379,2.0,reviewed,us,us,2022-06-20,40980,Argentina,2
2022-06-22 00:01:39.313000+00:00,-30.997,-68.9932,103.98,4.6,mwr,65.0,35.0,0.607,0.56,us,us7000hj5l,2022-08-28T03:19:54.040Z,"55 km NE of Calingasta, Argentina",earthquake,6.0,5.0,0.048,41.0,reviewed,us,us,2022-06-22,41039,Argentina,1
2022-06-24 06:24:33.277000+00:00,-28.8631,-66.6119,10.0,4.77,mw,25.0,124.0,3.007,0.64,us,us6000hyli,2022-08-28T03:20:56.040Z,"Catamarca-La Rioja region, Argentina",earthquake,5.9,1.9,0.169,12.0,reviewed,us,us,2022-06-24,40971,Argentina,1
2022-06-30 00:28:21.032000+00:00,-27.9376,-66.6469,154.94,4.94,mw,60.0,44.0,2.465,0.85,us,us6000hynt,2022-09-03T21:03:19.040Z,"51 km SW of Andalgalá, Argentina",earthquake,7.7,5.1,0.09,37.0,reviewed,us,us,2022-06-30,40948,Argentina,1
2022-07-02 15:25:59.955000+00:00,-24.3475,-67.1107,177.03,5.03,mw,36.0,75.0,1.699,0.95,us,us6000hze9,2022-09-13T06:21:01.040Z,Chile-Argentina border region,earthquake,8.2,7.3,0.142,15.0,reviewed,us,us,2022-07-02,40947,Chile-Argentina border region,2
2022-07-13 17:07:06.294000+00:00,-24.1956,-66.6701,199.634,4.68,mw,24.0,100.0,1.857,0.56,us,us6000i250,2022-09-24T21:25:44.040Z,"35 km W of San Antonio de los Cobres, Argentina",earthquake,11.14,6.206,0.308,3.0,reviewed,us,us,2022-07-13,40999,Argentina,2
2022-07-19 15:20:44.950000+00:00,-28.3873,-67.4884,130.66,5.11,mw,55.0,43.0,2.554,0.39,us,us6000i3n2,2022-09-27T16:57:02.040Z,"36 km SSE of Tinogasta, Argentina",earthquake,7.3,7.5,0.038,224.0,reviewed,us,us,2022-07-19,40894,Argentina,1
2022-07-22 09:51:03.357000+00:00,-23.8899,-67.2558,203.353,4.6,mw,10.0,91.0,1.261,0.68,us,us7000hsm7,2022-09-27T16:57:15.040Z,Chile-Argentina border region,earthquake,12.17,11.463,0.304,3.0,reviewed,us,us,2022-07-22,41021,Chile-Argentina border region,2
2022-07-24 19:43:54.191000+00:00,-33.3318,-68.709,11.535,4.6,mw,28.0,106.0,1.38,0.95,us,us7000ht6i,2022-10-01T22:09:48.040Z,"35 km SW of San Martín, Argentina",earthquake,7.09,5.201,0.263,4.0,reviewed,us,us,2022-07-24,41023,Argentina,1
2022-08-06 05:32:25.383000+00:00,-24.7042,-68.0041,113.736,4.68,mw,24.0,103.0,1.752,0.85,us,us6000i8l5,2022-10-21T23:18:21.040Z,"161 km NNW of Antofagasta de la Sierra, Argentina",earthquake,7.33,7.996,0.129,17.0,reviewed,us,us,2022-08-06,41001,Argentina,2
2022-08-09 22:28:51.694000+00:00,-30.384,-68.7799,112.713,5.11,mw,66.0,42.0,1.161,0.68,us,us6000i9j5,2022-10-21T23:19:56.040Z,"16 km SSW of San José de Jáchal, Argentina",earthquake,5.87,4.731,0.084,44.0,reviewed,us,us,2022-08-09,40882,Argentina,1
2022-08-23 03:38:45.300000+00:00,-30.4375,-65.4225,175.329,4.68,mw,48.0,64.0,2.682,0.67,us,us6000icxx,2022-11-01T15:12:56.040Z,"22 km N of Serrezuela, Argentina",earthquake,9.02,7.262,0.154,12.0,reviewed,us,us,2022-08-23,41189,Argentina,-1
2022-08-27 21:35:07.204000+00:00,-24.0019,-66.5689,199.235,4.6,mw,25.0,89.0,1.81,0.57,us,us7000i2z3,2022-11-06T04:39:13.040Z,"34 km NW of San Antonio de los Cobres, Argentina",earthquake,5.86,9.238,0.176,9.0,reviewed,us,us,2022-08-27,41193,Argentina,2
2022-09-03 20:27:46.466000+00:00,-31.8482,-68.6914,23.651,4.94,mw,49.0,112.0,0.457,1.33,us,us7000i4zi,2022-11-15T19:06:03.040Z,"20 km SSW of Pocito, Argentina",earthquake,6.16,5.203,0.119,21.0,reviewed,us,us,2022-09-03,41084,Argentina,1
2022-09-10 15:34:59.575000+00:00,-22.186,-66.2657,251.077,4.77,mw,50.0,43.0,1.926,0.71,us,us6000iiqa,2022-11-19T23:02:14.040Z,"70 km W of La Quiaca, Argentina",earthquake,7.86,6.81,0.093,39.0,reviewed,us,us,2022-09-10,41156,Argentina,2
2022-09-22 15:10:58.695000+00:00,-24.9875,-68.7483,106.299,4.43,mw,20.0,91.0,0.783,0.96,us,us7000ia7a,2022-11-26T20:57:53.040Z,"179 km NW of Antofagasta de la Sierra, Argentina",earthquake,7.28,3.879,0.259,4.0,reviewed,us,us,2022-09-22,41214,Argentina,2
2022-09-22 16:47:30.105000+00:00,-24.6807,-68.6292,102.867,4.6,mw,28.0,51.0,0.996,0.83,us,us7000ia8q,2022-11-26T20:57:53.040Z,"196 km NW of Antofagasta de la Sierra, Argentina",earthquake,7.45,4.522,0.235,5.0,reviewed,us,us,2022-09-22,41194,Argentina,2
2022-09-22 21:08:05.608000+00:00,-27.3514,-67.1724,140.922,4.6,mw,49.0,45.0,2.731,0.68,us,us7000iaay,2022-11-26T20:57:54.040Z,"Catamarca, Argentina",earthquake,7.72,6.383,0.187,8.0,reviewed,us,us,2022-09-22,41199,Argentina,1
2022-09-23 07:49:15.858000+00:00,-23.4424,-67.4897,141.184,4.6,mwr,41.0,67.0,0.8,1.24,us,us7000iadq,2022-11-26T20:57:55.040Z,Chile-Argentina border region,earthquake,9.48,6.683,,,reviewed,us,guc,2022-09-23,41193,Chile-Argentina border region,-1
2022-09-30 15:40:04.293000+00:00,-28.0523,-68.3144,97.939,4.68,mw,21.0,105.0,1.761,0.66,us,us6000ipnc,2022-12-03T22:02:49.040Z,"73 km W of Tinogasta, Argentina",earthquake,10.2,10.14,0.218,8.0,reviewed,us,us,2022-09-30,41190,Argentina,1
2022-10-10 19:34:06.411000+00:00,-29.4123,-69.4101,114.512,4.5,mwr,52.0,56.0,0.819,0.52,us,us6000isjp,2024-01-18T16:59:54.383Z,"111 km NW of San Jos? de J?chal, Argentina",earthquake,5.98,5.455,,,reviewed,us,guc,2022-10-10,41209,Argentina,1
2022-10-18 04:57:06.055000+00:00,-31.7218,-69.2736,127.382,4.43,mw,32.0,87.0,0.532,0.82,us,us6000iugu,2022-12-31T23:03:37.040Z,"45 km SSE of Calingasta, Argentina",earthquake,5.8,6.423,0.258,4.0,reviewed,us,us,2022-10-18,41217,Argentina,1
2022-10-21 15:33:37.595000+00:00,-22.8306,-66.4822,217.953,4.85,mw,26.0,113.0,1.569,0.87,us,us6000ivk9,2022-12-31T23:03:47.040Z,"81 km W of Abra Pampa, Argentina",earthquake,9.21,9.243,0.22,6.0,reviewed,us,us,2022-10-21,41130,Argentina,2
2022-10-26 07:52:13.825000+00:00,-24.0889,-66.9654,177.18,5.1,mww,100.0,39.0,1.588,0.98,us,us7000ikfn,2023-01-03T15:23:26.040Z,"68 km WNW of San Antonio de los Cobres, Argentina",earthquake,7.42,4.124,0.045,47.0,reviewed,us,us,2022-10-26,41083,Argentina,2
2022-11-05 12:12:40.065000+00:00,-33.3848,-68.5697,36.322,5.1,mww,152.0,37.0,1.308,0.38,us,us7000impk,2024-01-18T17:19:10.486Z,"34 km SSW of San Mart?n, Argentina",earthquake,6.67,2.768,0.056,31.0,reviewed,us,us,2022-11-05,41071,Argentina,1
2022-11-08 12:05:35.764000+00:00,-29.9187,-68.4695,22.881,4.0,mwr,71.0,53.0,1.411,0.45,us,us7000in9v,2023-01-21T19:27:14.040Z,"44 km NE of San José de Jáchal, Argentina",earthquake,3.75,4.248,0.055,32.0,reviewed,us,us,2022-11-08,41218,Argentina,1
2022-11-11 10:14:59.642000+00:00,-28.6794,-67.4616,126.601,4.68,mw,45.0,49.0,2.637,0.47,us,us7000ip0f,2023-01-21T19:27:21.040Z,"Catamarca-La Rioja region, Argentina",earthquake,7.94,7.243,0.108,24.0,reviewed,us,us,2022-11-11,41185,Argentina,1
2022-11-15 12:12:30.281000+00:00,-30.3073,-67.3022,26.086,4.0,mwr,83.0,86.0,1.523,0.49,us,us7000ipuw,2023-01-28T19:58:17.040Z,"La Rioja-San Juan border region, Argentina",earthquake,6.79,4.429,0.055,32.0,reviewed,us,us,2022-11-15,41218,Argentina,1
2022-11-15 14:47:35.965000+00:00,-31.6497,-69.7204,109.048,4.68,mw,34.0,91.0,0.89,0.64,us,us7000ipv9,2023-01-28T19:58:17.040Z,"45 km SW of Calingasta, Argentina",earthquake,3.96,5.908,0.307,3.0,reviewed,us,us,2022-11-15,41176,Argentina,1
2022-11-23 18:37:02.658000+00:00,-23.6309,-64.6525,10.0,4.85,mw,44.0,34.0,3.312,1.21,us,us7000irvk,2023-01-30T06:01:18.040Z,"13 km NNW of Caimancito, Argentina",earthquake,7.19,1.797,0.204,7.0,reviewed,us,us,2022-11-23,41109,Argentina,-1
2022-12-03 19:24:06.064000+00:00,-28.2964,-63.202,574.357,4.68,mw,47.0,67.0,5.473,0.63,us,us6000j6qe,2023-02-11T23:03:04.040Z,"40 km WNW of Añatuya, Argentina",earthquake,11.78,8.226,0.201,7.0,reviewed,us,us,2022-12-03,41181,Argentina,3
2022-12-04 21:04:24.127000+00:00,-27.9289,-66.6214,168.406,5.28,mw,102.0,19.0,3.219,0.88,us,us6000j6wu,2023-02-11T23:03:07.040Z,"48 km SW of Andalgalá, Argentina",earthquake,7.47,4.427,0.029,371.0,reviewed,us,us,2022-12-04,41057,Argentina,1
2022-12-05 18:17:57.945000+00:00,-31.3604,-69.2813,114.679,4.94,mw,40.0,48.0,0.543,0.61,us,us6000j73l,2023-02-11T23:03:09.040Z,"13 km ESE of Calingasta, Argentina",earthquake,3.95,5.162,0.183,9.0,reviewed,us,us,2022-12-05,41091,Argentina,1
2022-12-08 05:05:30.712000+00:00,-23.5414,-66.8675,238.008,4.85,mw,30.0,52.0,1.341,0.63,us,us6000j7u2,2024-01-18T17:33:11.062Z,"93 km NW of San Antonio de los Cobres, Argentina",earthquake,9.32,6.557,0.18,10.0,reviewed,us,us,2022-12-08,41117,Argentina,2
2022-12-24 22:25:34.957000+00:00,-31.7779,-66.716,148.309,4.77,mw,34.0,107.0,1.308,0.63,us,us6000jbhk,2023-03-07T18:59:46.040Z,"89 km WNW of Candelaria, Argentina",earthquake,4.47,8.481,0.19,8.0,reviewed,us,us,2022-12-24,41137,Argentina,1
2022-12-29 18:18:32.432000+00:00,-30.7743,-69.0394,118.128,4.77,mw,45.0,70.0,0.827,0.92,us,us7000j0vu,2023-03-07T18:59:58.040Z,"65 km SSW of San José de Jáchal, Argentina",earthquake,6.14,5.743,0.268,4.0,reviewed,us,us,2022-12-29,41145,Argentina,1
2023-01-02 11:24:09.437000+00:00,-31.3613,-68.2466,105.312,4.85,mw,43.0,120.0,0.417,0.53,us,us7000j1li,2023-03-11T22:51:32.040Z,"25 km ENE of San Martín, Argentina",earthquake,8.56,1.946,0.097,31.0,reviewed,us,us,2023-01-02,41112,Argentina,1
2023-01-06 20:06:19.501000+00:00,-25.3526,-66.2082,203.273,4.85,mw,54.0,43.0,2.992,0.61,us,us7000j2mm,2023-03-11T22:51:43.040Z,"26 km S of Cachí, Argentina",earthquake,9.15,6.344,0.111,31.0,reviewed,us,us,2023-01-06,41127,Argentina,-1
2023-01-07 06:23:40.893000+00:00,-32.0193,-69.4816,106.694,4.8,mwr,132.0,33.0,0.827,0.67,us,us7000j2r8,2023-03-11T22:51:44.040Z,"76 km S of Calingasta, Argentina",earthquake,5.72,2.338,,,reviewed,us,guc,2023-01-07,41137,Argentina,1
2023-01-10 17:11:26.103000+00:00,-31.722,-67.1914,135.093,4.68,mw,34.0,122.0,1.285,0.75,us,us7000j3ga,2024-01-18T19:11:09.414Z,"103 km E of Caucete, Argentina",earthquake,9.78,8.216,0.177,11.0,reviewed,us,us,2023-01-10,41157,Argentina,1
2023-01-10 19:47:15.061000+00:00,-27.7273,-63.2585,582.21,5.1,mww,182.0,17.0,5.299,0.7,us,us7000j3gz,2023-03-20T06:03:15.040Z,"28 km NE of Suncho Corral, Argentina",earthquake,9.07,5.165,0.098,10.0,reviewed,us,us,2023-01-10,41083,Argentina,3
2023-01-11 15:14:33.864000+00:00,-31.4078,-68.808,107.895,4.94,mw,63.0,42.0,0.173,0.62,us,us7000j3na,2023-03-20T06:03:21.040Z,"San Juan, Argentina",earthquake,6.41,5.455,0.109,25.0,reviewed,us,us,2023-01-11,41083,Argentina,1
2023-01-16 15:47:40.574000+00:00,-24.4747,-67.0711,168.322,4.9,mww,113.0,39.0,1.824,0.98,us,us7000j4pm,2023-03-31T19:44:39.040Z,"81 km WSW of San Antonio de los Cobres, Argentina",earthquake,6.78,2.411,0.073,18.0,reviewed,us,us,2023-01-16,41101,Argentina,2
2023-01-20 22:09:39.053000+00:00,-26.7506,-63.0824,596.837,6.8,mww,182.0,35.0,5.169,0.77,us,us7000j5x2,2024-01-18T19:13:45.212Z,"29 km SW of Campo Gallo, Argentina",earthquake,9.37,2.786,0.047,43.0,reviewed,us,us,2023-01-20,41053,Argentina,3
2023-01-25 05:00:41.457000+00:00,-28.0891,-67.3111,144.221,4.68,mw,26.0,107.0,2.042,1.06,us,us6000jj2y,2023-04-11T18:51:30.040Z,"25 km E of Tinogasta, Argentina",earthquake,8.05,12.098,0.218,6.0,reviewed,us,us,2023-01-25,41160,Argentina,1
2023-01-26 11:28:13.097000+00:00,-32.9027,-68.6518,19.256,4.6,mw,30.0,120.0,1.341,0.75,us,us6000jjd6,2023-04-11T18:51:34.040Z,"16 km E of Mendoza, Argentina",earthquake,4.69,4.666,0.305,3.0,reviewed,us,us,2023-01-26,41203,Argentina,1
2023-01-31 04:59:13.634000+00:00,-28.3346,-67.9314,175.048,4.77,mw,21.0,132.0,1.833,0.91,us,us6000jkh3,2023-04-13T21:53:12.040Z,"46 km SW of Tinogasta, Argentina",earthquake,9.61,9.821,0.269,4.0,reviewed,us,us,2023-01-31,41155,Argentina,1
2023-02-03 08:49:27.131000+00:00,-58.9693,-61.1877,10.0,5.2,mw,34.0,117.0,5.366,0.64,us,us6000jl53,2023-04-13T21:53:20.040Z,Drake Passage,earthquake,5.85,1.936,0.115,24.0,reviewed,us,us,2023-02-03,41064,Argentina,-1
2023-02-04 01:12:49.733000+00:00,-24.1995,-67.4569,208.484,4.85,mw,20.0,70.0,1.407,0.64,us,us6000jlb5,2023-04-13T21:53:22.040Z,"115 km W of San Antonio de los Cobres, Argentina",earthquake,8.48,9.028,0.242,5.0,reviewed,us,us,2023-02-04,41133,Argentina,2
2023-02-04 02:00:02.845000+00:00,-32.7442,-69.0982,49.696,4.5,mwr,62.0,44.0,1.246,0.65,us,us6000jlb9,2024-01-18T19:18:25.745Z,"30 km WNW of Mendoza, Argentina",earthquake,5.19,4.454,0.041,57.0,reviewed,us,us,2023-02-04,41208,Argentina,1
2023-02-04 17:41:22.870000+00:00,-24.3079,-68.9311,107.329,4.4,mwr,49.0,93.0,1.041,0.95,us,us6000jlfh,2023-04-13T21:53:24.040Z,Chile-Argentina border region,earthquake,3.66,4.967,,,reviewed,us,guc,2023-02-04,41218,Chile-Argentina border region,-1
2023-02-06 08:38:45.283000+00:00,-31.5961,-69.9343,114.768,4.77,mw,34.0,127.0,0.992,0.72,us,us6000jlpu,2023-04-15T21:39:35.040Z,"56 km WSW of Calingasta, Argentina",earthquake,6.57,8.537,0.179,9.0,reviewed,us,us,2023-02-06,41333,Argentina,1
2023-02-06 21:34:02.739000+00:00,-24.3158,-67.2323,176.027,4.94,mw,31.0,66.0,1.611,0.96,us,us6000jm33,2023-04-15T21:39:40.040Z,"93 km W of San Antonio de los Cobres, Argentina",earthquake,8.99,5.71,0.136,16.0,reviewed,us,us,2023-02-06,41282,Argentina,2
2023-02-11 22:21:06.734000+00:00,-29.3121,-67.7693,106.715,4.77,mw,50.0,42.0,2.129,0.85,us,us6000jncm,2023-04-15T21:39:59.040Z,"31 km WSW of Chilecito, Argentina",earthquake,7.17,7.025,0.131,17.0,reviewed,us,us,2023-02-11,41318,Argentina,1
2023-02-23 13:01:20.710000+00:00,-24.0007,-66.7536,182.599,5.3,mww,95.0,37.0,1.674,1.06,us,us6000jr0f,2023-04-29T21:57:30.040Z,"50 km WNW of San Antonio de los Cobres, Argentina",earthquake,7.46,4.574,0.048,42.0,reviewed,us,us,2023-02-23,41237,Argentina,2
2023-02-28 04:49:54.775000+00:00,-31.1845,-65.8028,10.409,5.28,mw,45.0,30.0,2.124,0.56,us,us7000jg65,2023-05-08T01:59:51.040Z,"La Rioja-Cordoba border region, Argentina",earthquake,9.13,3.38,0.09,39.0,reviewed,us,us,2023-02-28,41255,Argentina,-1
2023-03-13 22:50:44.530000+00:00,-28.1851,-67.4981,128.604,5.2,mww,205.0,29.0,1.976,0.77,us,us7000jjnk,2023-05-20T23:20:21.040Z,"15 km SSE of Tinogasta, Argentina",earthquake,7.59,4.205,0.046,46.0,reviewed,us,us,2023-03-13,41265,Argentina,1
2023-03-18 15:41:44.252000+00:00,-33.3296,-68.4268,37.376,4.8,mww,38.0,47.0,1.607,0.9,us,us7000jl36,2023-05-20T23:20:37.040Z,"27 km S of San Martín, Argentina",earthquake,2.68,8.618,0.098,10.0,reviewed,us,us,2023-03-18,41299,Argentina,1
2023-03-22 16:00:34.663000+00:00,-23.4224,-66.4954,228.0,6.4,mww,249.0,23.0,1.618,0.91,us,us7000jlxu,2024-10-09T17:29:43.182Z,"86 km WSW of El Aguilar, Argentina",earthquake,8.26,1.855,0.044,50.0,reviewed,us,us,2023-03-22,41220,Argentina,2
2023-03-23 21:24:11.575000+00:00,-36.6925,-70.3526,159.043,4.5,mwr,68.0,45.0,0.741,0.72,us,us7000jm9s,2023-05-26T21:54:14.040Z,"41 km WNW of Barrancas, Argentina",earthquake,7.63,4.218,,,reviewed,us,guc,2023-03-23,41383,Argentina,-1
2023-03-26 00:39:52.373000+00:00,-22.4192,-66.1989,262.48,4.94,mw,77.0,29.0,1.904,0.62,us,us7000jmrn,2023-06-03T22:06:23.040Z,"Jujuy, Argentina",earthquake,3.25,6.895,0.054,101.0,reviewed,us,us,2023-03-26,41275,Argentina,2
2023-04-02 01:37:46.881000+00:00,-31.5822,-69.4116,118.027,4.94,mw,42.0,67.0,0.622,0.87,us,us6000k1f8,2023-06-13T03:13:30.040Z,"27 km S of Calingasta, Argentina",earthquake,4.85,5.847,0.165,11.0,reviewed,us,us,2023-04-02,41285,Argentina,1
2023-04-09 21:12:48.087000+00:00,-38.4723,-55.6398,10.0,4.85,mw,24.0,88.0,11.586,0.94,us,us6000k34t,2023-06-17T21:36:41.040Z,"175 km ESE of Mar del Plata, Argentina",earthquake,10.96,1.933,0.205,7.0,reviewed,us,us,2023-04-09,41288,Argentina,-1
2023-04-12 06:16:08.924000+00:00,-36.0751,-70.0888,179.503,4.2,mwr,44.0,89.0,1.122,0.6,us,us6000k3qv,2023-06-17T21:36:48.040Z,"84 km N of Barrancas, Argentina",earthquake,4.68,6.888,,,reviewed,us,guc,2023-04-12,41399,Argentina,-1
2023-04-15 07:20:52.551000+00:00,-30.8315,-65.3302,175.609,4.68,mw,38.0,113.0,2.961,0.52,us,us6000k4mq,2023-06-17T21:36:56.040Z,"22 km SSE of Serrezuela, Argentina",earthquake,7.81,8.868,0.097,30.0,reviewed,us,us,2023-04-15,41365,Argentina,-1
2023-04-24 08:45:10.705000+00:00,-30.8024,-68.5585,111.388,4.68,mw,60.0,135.0,0.749,0.72,us,us6000k6qn,2023-07-11T01:45:34.040Z,"64 km SSE of San José de Jáchal, Argentina",earthquake,7.04,7.153,0.094,32.0,reviewed,us,us,2023-04-24,41360,Argentina,1
2023-04-26 05:52:21.726000+00:00,-27.8621,-66.7444,152.853,4.85,mw,50.0,43.0,2.355,0.97,us,us7000jvye,2023-07-11T01:45:38.040Z,"Catamarca, Argentina",earthquake,7.97,6.088,0.145,14.0,reviewed,us,us,2023-04-26,41297,Argentina,1
2023-05-04 07:09:10.212000+00:00,-31.0431,-68.0792,113.919,4.43,mw,32.0,73.0,0.721,0.46,us,us6000k9el,2023-07-15T22:09:36.040Z,"San Juan, Argentina",earthquake,7.93,9.196,0.211,8.0,reviewed,us,us,2023-05-04,41390,Argentina,1
2023-05-15 00:54:39.942000+00:00,-31.9392,-69.2402,128.389,4.77,mw,33.0,130.0,0.615,0.86,us,us6000kbxu,2023-07-24T01:16:52.040Z,"64 km SW of Villa Basilio Nievas, Argentina",earthquake,6.18,7.306,0.24,5.0,reviewed,us,us,2023-05-15,41318,Argentina,1
2023-05-15 07:39:39.358000+00:00,-22.7606,-66.4159,237.07,5.3,mww,163.0,32.0,1.637,0.79,us,us6000kbzl,2023-07-24T01:16:49.040Z,"73 km W of Abra Pampa, Argentina",earthquake,8.97,5.409,0.056,31.0,reviewed,us,us,2023-05-15,41225,Argentina,2
2023-05-20 07:34:12.973000+00:00,-56.6308,-69.2238,10.0,5.28,mw,48.0,111.0,1.926,0.44,us,us6000kdex,2023-07-24T01:15:34.040Z,"210 km SSW of Ushuaia, Argentina",earthquake,6.43,1.844,0.092,38.0,reviewed,us,us,2023-05-20,41242,Argentina,-1
2023-05-29 15:02:30.096000+00:00,-31.6907,-66.8113,126.78,5.2,mw,85.0,28.0,1.604,0.78,us,us7000k4sd,2023-08-05T22:07:38.040Z,"101 km WNW of Candelaria, Argentina",earthquake,7.4,4.599,0.076,54.0,reviewed,us,us,2023-05-29,41264,Argentina,1
2023-05-30 11:30:04.907000+00:00,-57.1747,-67.7336,10.0,4.77,mw,19.0,168.0,2.249,0.32,us,us7000k4yn,2023-08-05T22:07:40.040Z,"265 km S of Ushuaia, Argentina",earthquake,13.11,1.883,0.134,16.0,reviewed,us,us,2023-05-30,41332,Argentina,-1
2023-06-03 00:11:44.990000+00:00,-27.4475,-66.5322,10.0,5.28,mw,85.0,43.0,2.393,0.69,us,us7000k5yb,2023-08-05T22:07:50.040Z,"Catamarca, Argentina",earthquake,6.34,1.795,0.057,98.0,reviewed,us,us,2023-06-03,41260,Argentina,1
2023-06-03 00:21:16.929000+00:00,-32.0735,-68.5851,129.436,4.77,mw,34.0,126.0,0.533,0.58,us,us7000k5yd,2023-08-05T22:07:50.040Z,"43 km S of Pocito, Argentina",earthquake,4.11,7.847,0.156,12.0,reviewed,us,us,2023-06-03,41307,Argentina,1
2023-06-26 08:11:49.827000+00:00,-27.2384,-67.0184,147.034,4.6,mw,32.0,55.0,1.925,1.08,us,us7000kb3i,2023-09-08T14:18:41.040Z,"8 km W of Puerta de Corral Quemado, Argentina",earthquake,9.04,6.888,0.132,17.0,reviewed,us,us,2023-06-26,41377,Argentina,1
2023-07-01 03:29:25.682000+00:00,-31.7581,-68.7634,32.179,4.7,mww,62.0,42.0,0.222,0.77,us,us6000kpcb,2023-09-08T14:18:31.040Z,"18 km WSW of Pocito, Argentina",earthquake,6.65,4.301,0.093,11.0,reviewed,us,us,2023-07-01,41337,Argentina,1
2023-07-06 02:06:40.692000+00:00,-32.6612,-68.7799,55.469,4.6,mwr,62.0,46.0,1.115,0.5,us,us6000kqcr,2023-09-09T21:54:50.040Z,"25 km N of Mendoza, Argentina",earthquake,4.82,4.129,0.046,46.0,reviewed,us,us,2023-07-06,41376,Argentina,1
2023-07-12 23:34:40.657000+00:00,-29.5632,-68.1444,21.682,4.1,mwr,47.0,42.0,1.745,0.73,us,us7000kfaa,2023-09-16T19:16:12.040Z,"76 km SW of Chilecito, Argentina",earthquake,5.89,2.732,0.043,53.0,reviewed,us,us,2023-07-12,41399,Argentina,1
2023-07-13 07:40:26.101000+00:00,-31.7412,-68.051,12.693,4.77,mw,33.0,105.0,0.574,1.21,us,us7000kfcx,2023-09-16T19:16:13.040Z,"23 km ESE of Caucete, Argentina",earthquake,5.04,4.994,0.126,20.0,reviewed,us,us,2023-07-13,41323,Argentina,1
2023-07-17 03:05:11.472000+00:00,-38.1862,-70.4427,186.0,6.6,mww,134.0,18.0,1.61,0.63,us,us7000kg9g,2025-04-15T00:00:04.646Z,"19 km SE of Loncopué, Argentina",earthquake,6.06,1.803,0.047,44.0,reviewed,us,us,2023-07-17,41220,Argentina,-1
2023-07-19 18:52:33.234000+00:00,-29.1567,-69.3255,106.077,4.68,mw,49.0,41.0,1.057,0.79,us,us7000kgxn,2024-01-18T20:31:14.620Z,"117 km WSW of Vinchina, Argentina",earthquake,5.73,2.839,0.119,22.0,reviewed,us,us,2023-07-19,41370,Argentina,1
2023-07-26 04:26:52.466000+00:00,-23.5178,-64.6616,10.0,4.7,mww,78.0,45.0,3.284,0.85,us,us6000kvkz,2023-09-30T21:36:31.040Z,"23 km NW of Yuto, Argentina",earthquake,7.11,1.768,0.08,15.0,reviewed,us,us,2023-07-26,41337,Argentina,-1
2023-08-04 06:07:45.022000+00:00,-29.3762,-68.6632,108.939,4.5,mwr,90.0,40.0,1.382,0.67,us,us6000kxr7,2023-10-07T21:38:57.040Z,"81 km SSW of Vinchina, Argentina",earthquake,6.02,5.088,0.071,19.0,reviewed,us,us,2023-08-04,41381,Argentina,1
2023-08-04 12:11:37.377000+00:00,-32.7849,-67.3865,166.72,5.03,mw,73.0,42.0,1.655,0.67,us,us6000kxse,2023-10-07T21:38:57.040Z,"88 km W of Villa General Roca, Argentina",earthquake,6.5,6.846,0.035,245.0,reviewed,us,us,2023-08-04,41268,Argentina,1
2023-08-05 07:20:06.009000+00:00,-28.1775,-63.1836,575.0,6.2,mww,248.0,33.0,4.325,0.56,us,us6000ky1y,2023-10-07T21:38:59.040Z,"Santiago del Estero, Argentina",earthquake,9.79,1.94,0.027,132.0,reviewed,us,us,2023-08-05,41400,Argentina,3
2023-08-11 15:36:23.076000+00:00,-22.7806,-66.8101,198.904,4.5,mwr,30.0,43.0,1.274,0.9,us,us6000kz96,2023-10-17T22:01:30.040Z,"114 km W of Abra Pampa, Argentina",earthquake,5.89,6.724,,,reviewed,us,guc,2023-08-11,41571,Argentina,2
2023-08-12 08:32:24.973000+00:00,-31.2079,-68.3248,98.819,4.68,mw,29.0,115.0,0.456,1.05,us,us6000kzj5,2024-01-18T20:41:07.138Z,"29 km NE of San Mart?n, Argentina",earthquake,9.17,6.613,0.188,8.0,reviewed,us,us,2023-08-12,41510,Argentina,1
2023-08-21 08:16:21.639000+00:00,-38.9552,-70.6648,189.326,4.51,mw,31.0,71.0,0.887,0.7,us,us7000kpu5,2023-10-28T19:15:33.040Z,"38 km NE of Aluminé, Argentina",earthquake,7.67,6.485,0.124,18.0,reviewed,us,us,2023-08-21,41569,Argentina,-1
2023-08-23 14:22:43.170000+00:00,-26.8836,-63.2947,554.0,6.2,mww,201.0,34.0,4.581,0.64,us,us7000kqbl,2023-10-28T19:15:35.040Z,"17 km NNW of El Hoyo, Argentina",earthquake,9.64,1.947,0.038,68.0,reviewed,us,us,2023-08-23,41406,Argentina,3
2023-09-01 07:56:41.044000+00:00,-32.745,-70.39,99.238,4.6,mwr,49.0,62.0,0.137,0.59,us,us7000kskb,2023-11-04T21:36:08.040Z,Chile-Argentina border region,earthquake,5.0,5.818,,,reviewed,us,guc,2023-09-01,41547,Chile-Argentina border region,-1
2023-09-01 10:22:57.909000+00:00,-23.5964,-64.5126,10.0,4.77,mw,22.0,90.0,3.432,0.52,us,us7000ksm5,2023-11-04T21:36:12.040Z,"6 km NW of Yuto, Argentina",earthquake,7.69,1.818,0.17,12.0,reviewed,us,us,2023-09-01,41507,Argentina,-1
2023-09-08 21:04:30.399000+00:00,-38.5891,-69.0198,10.0,4.16,mw,20.0,168.0,2.151,0.68,us,us7000kuem,2023-11-17T19:47:46.040Z,"32 km SW of Añelo, Argentina",earthquake,3.64,2.008,0.06,36.0,reviewed,us,us,2023-09-08,41575,Argentina,-1
2023-09-10 09:55:07.213000+00:00,-27.9471,-66.5837,161.384,4.94,mw,57.0,40.0,3.254,0.86,us,us7000kusn,2023-11-18T22:29:32.040Z,"48 km SSW of Andalgalá, Argentina",earthquake,7.26,7.34,0.074,54.0,reviewed,us,us,2023-09-10,41466,Argentina,1
2023-09-10 18:55:13.752000+00:00,-31.3096,-68.7576,111.972,4.94,mw,103.0,35.0,0.243,0.69,us,us7000kuvb,2023-11-18T22:29:32.040Z,"26 km WNW of Albardón, Argentina",earthquake,5.2,1.628,0.041,175.0,reviewed,us,us,2023-09-10,41463,Argentina,1
2023-09-24 00:52:55.249000+00:00,-27.5768,-67.4662,130.364,4.68,mw,57.0,30.0,2.457,1.03,us,us7000kxqv,2023-12-09T22:00:44.040Z,"18 km NE of Fiambalá, Argentina",earthquake,7.74,5.836,0.147,13.0,reviewed,us,us,2023-09-24,41519,Argentina,1
2023-10-07 06:08:41.653000+00:00,-25.3741,-68.3368,133.276,4.68,mw,13.0,84.0,1.154,0.65,us,us6000ldpb,2023-12-14T21:26:55.040Z,"120 km NW of Antofagasta de la Sierra, Argentina",earthquake,8.92,13.484,0.266,4.0,reviewed,us,us,2023-10-07,41534,Argentina,2
2023-10-10 00:13:17.896000+00:00,-23.6084,-63.6903,571.448,5.6,mww,256.0,35.0,4.179,0.77,us,us6000leee,2023-12-16T22:13:06.040Z,"60 km SE of Embarcación, Argentina",earthquake,8.87,2.704,0.042,54.0,reviewed,us,us,2023-10-10,41416,Argentina,-1
2023-10-10 10:01:31.660000+00:00,-22.9147,-66.2547,253.0,6.0,mww,123.0,35.0,1.774,0.81,us,us6000legn,2023-12-16T22:13:06.040Z,"61 km WSW of Abra Pampa, Argentina",earthquake,9.19,1.947,0.049,40.0,reviewed,us,us,2023-10-10,41407,Argentina,2
2023-10-16 18:33:19.762000+00:00,-24.5208,-67.0178,172.59,5.0,mww,81.0,52.0,1.89,1.11,us,us6000lfyf,2023-12-26T21:24:25.040Z,"78 km WSW of San Antonio de los Cobres, Argentina",earthquake,8.29,4.786,0.066,22.0,reviewed,us,us,2023-10-16,41450,Argentina,2
2023-10-17 02:35:16.569000+00:00,-36.0983,-69.9225,172.653,4.94,mw,68.0,46.0,1.226,0.69,us,us6000lg23,2023-12-26T21:24:26.040Z,"80 km N of Barrancas, Argentina",earthquake,7.33,5.401,0.045,145.0,reviewed,us,us,2023-10-17,41466,Argentina,-1
2023-10-19 20:51:14.980000+00:00,-27.4256,-66.2733,10.0,4.94,mw,84.0,53.0,3.522,0.8,us,us6000lgqp,2023-12-26T21:24:39.040Z,"17 km NNE of Andalgalá, Argentina",earthquake,4.36,1.806,0.087,40.0,reviewed,us,us,2023-10-19,41472,Argentina,1
2023-10-19 21:23:54.996000+00:00,-29.4204,-68.4951,107.813,4.6,mw,37.0,39.0,1.498,0.79,us,us6000lgr3,2023-12-26T21:24:39.040Z,"78 km SSW of Vinchina, Argentina",earthquake,4.05,7.718,0.176,9.0,reviewed,us,us,2023-10-19,41551,Argentina,1
2023-10-26 02:37:11.554000+00:00,-31.6814,-69.7701,130.517,4.68,mw,36.0,96.0,0.936,0.86,us,us7000l6er,2024-01-04T04:22:15.040Z,"50 km SW of Calingasta, Argentina",earthquake,4.98,7.907,0.218,6.0,reviewed,us,us,2023-10-26,41530,Argentina,1
2023-10-29 18:51:09.184000+00:00,-28.065,-67.2706,130.857,4.85,mw,78.0,88.0,2.667,0.77,us,us7000l7ek,2024-01-10T06:01:11.040Z,"28 km E of Tinogasta, Argentina",earthquake,8.03,6.612,0.079,48.0,reviewed,us,us,2023-10-29,41475,Argentina,1
2023-11-07 01:00:31.321000+00:00,-49.9916,-73.2752,10.0,4.6,mw,16.0,192.0,1.413,0.83,us,us7000l99j,2024-01-13T23:10:18.040Z,"81 km WNW of El Calafate, Argentina",earthquake,7.11,1.962,0.186,9.0,reviewed,us,us,2023-11-07,41567,Argentina,-1
2023-11-11 09:25:53.407000+00:00,-27.5422,-63.2756,569.774,4.43,mw,63.0,45.0,4.896,0.71,us,us7000labv,2024-01-18T21:20:30.091Z,"45 km NNE of Suncho Corral, Argentina",earthquake,12.45,7.879,0.082,40.0,reviewed,us,us,2023-11-11,41573,Argentina,3
2023-11-15 03:59:13.393000+00:00,-30.1961,-69.4018,117.991,4.85,mw,47.0,40.0,0.638,0.71,us,us6000lnh6,2024-01-26T16:37:42.040Z,"63 km W of San José de Jáchal, Argentina",earthquake,4.85,4.875,0.131,17.0,reviewed,us,us,2023-11-15,41473,Argentina,1
2023-11-20 01:47:09.922000+00:00,-31.6823,-69.1199,114.739,5.11,mw,58.0,41.0,0.396,0.82,us,us6000lpj5,2024-02-01T15:13:41.040Z,"39 km WSW of Villa Basilio Nievas, Argentina",earthquake,5.3,3.542,0.134,17.0,reviewed,us,us,2023-11-20,41434,Argentina,1
2023-11-23 07:59:16.629000+00:00,-30.8029,-65.4154,192.033,4.51,mw,37.0,99.0,1.447,0.67,us,us6000lq8i,2024-02-01T15:13:42.040Z,"18 km S of Serrezuela, Argentina",earthquake,7.72,8.07,0.186,11.0,reviewed,us,us,2023-11-23,41569,Argentina,-1
2023-11-23 15:24:09.265000+00:00,-24.154,-67.2941,201.135,4.77,mw,23.0,89.0,1.446,0.8,us,us6000lq9x,2024-02-01T15:13:43.040Z,"99 km W of San Antonio de los Cobres, Argentina",earthquake,10.76,11.413,0.219,6.0,reviewed,us,us,2023-11-23,41502,Argentina,2
2023-12-02 07:14:57.874000+00:00,-33.746,-68.5292,11.093,4.6,mw,17.0,107.0,1.382,0.96,us,us7000lfb6,2024-02-06T21:53:57.040Z,"73 km S of San Martín, Argentina",earthquake,9.69,5.928,0.175,9.0,reviewed,us,us,2023-12-02,41563,Argentina,1
2023-12-03 14:41:44.362000+00:00,-31.7813,-67.102,126.316,4.68,mw,28.0,69.0,1.37,0.97,us,us7000lfwl,2024-02-10T23:47:26.040Z,"112 km E of Caucete, Argentina",earthquake,6.93,10.078,0.218,6.0,reviewed,us,us,2023-12-03,41520,Argentina,1
2023-12-11 00:46:14.694000+00:00,-37.29,-71.033,160.731,4.6,mw,21.0,116.0,0.654,0.57,us,us7000li02,2024-02-17T22:43:05.040Z,"34 km WSW of Andacollo, Argentina",earthquake,9.14,8.575,0.305,3.0,reviewed,us,us,2023-12-11,41568,Argentina,-1
2023-12-11 18:35:59.877000+00:00,-24.0849,-66.7812,191.769,5.5,mww,466.0,51.0,2.773,0.63,us,usd001097k,2024-02-17T22:43:15.040Z,"49 km WNW of San Antonio de los Cobres, Argentina",earthquake,8.44,4.475,0.046,46.0,reviewed,us,us,2023-12-11,41427,Argentina,2
2023-12-13 18:34:27.985000+00:00,-29.3269,-67.8716,114.83,4.68,mw,33.0,47.0,2.04,0.87,us,us7000liqw,2024-02-17T22:43:09.040Z,"40 km WSW of Chilecito, Argentina",earthquake,4.03,7.995,0.375,2.0,reviewed,us,us,2023-12-13,41528,Argentina,1
2023-12-17 02:14:06.891000+00:00,-22.7216,-63.7349,533.126,4.68,mw,69.0,22.0,4.107,0.7,us,us7000ljm1,2024-02-27T22:56:59.040Z,"16 km SSE of General Mosconi, Argentina",earthquake,11.42,7.383,0.097,30.0,reviewed,us,us,2023-12-17,41528,Argentina,-1
2023-12-30 09:05:09.903000+00:00,-31.5291,-66.286,132.833,4.68,mw,31.0,93.0,2.048,0.46,us,us6000m0kx,2024-03-02T21:39:33.040Z,"73 km NW of Candelaria, Argentina",earthquake,9.58,9.262,0.178,9.0,reviewed,us,us,2023-12-30,41510,Argentina,1
2024-01-03 08:04:04.468000+00:00,-28.4508,-68.8167,117.0,5.5,mww,124.0,29.0,1.743,1.19,us,us6000m1cg,2024-03-09T21:38:58.040Z,"68 km WNW of Vinchina, Argentina",earthquake,5.97,1.854,0.043,52.0,reviewed,us,us,2024-01-03,41418,Argentina,1
2024-01-15 21:37:22.137000+00:00,-24.9312,-68.3176,97.204,5.03,mw,102.0,45.0,1.177,0.74,us,us6000m3u4,2024-03-29T17:37:51.040Z,"154 km NW of Antofagasta de la Sierra, Argentina",earthquake,7.44,5.264,0.066,71.0,reviewed,us,us,2024-01-15,41436,Argentina,2
2024-01-19 09:40:59.707000+00:00,-24.7895,-67.7423,114.76,5.1,mww,116.0,41.0,1.718,1.04,us,us6000m4mv,2024-03-29T17:37:53.040Z,"144 km NNW of Antofagasta de la Sierra, Argentina",earthquake,6.83,4.257,0.05,39.0,reviewed,us,us,2024-01-19,41436,Argentina,2
2024-01-20 00:19:32.117000+00:00,-23.66,-66.9492,206.437,4.77,mw,40.0,51.0,1.332,0.63,us,us6000m4va,2024-03-29T17:37:54.040Z,"89 km NW of San Antonio de los Cobres, Argentina",earthquake,6.87,6.061,0.149,13.0,reviewed,us,us,2024-01-20,41498,Argentina,2
2024-01-21 02:36:01.362000+00:00,-23.349,-66.6516,202.477,5.3,mww,108.0,33.0,1.46,0.99,us,us6000m56d,2024-03-29T17:37:55.040Z,"100 km W of El Aguilar, Argentina",earthquake,7.45,4.487,0.045,48.0,reviewed,us,us,2024-01-21,41427,Argentina,2
2024-01-21 03:03:36.250000+00:00,-41.7705,-71.7694,164.438,4.77,mw,32.0,88.0,0.774,1.1,us,us6000m56n,2024-03-29T17:37:55.040Z,"28 km NW of El Bolsón, Argentina",earthquake,7.47,5.653,0.138,19.0,reviewed,us,us,2024-01-21,41494,Argentina,-1
2024-01-23 15:13:32.655000+00:00,-28.8236,-67.4054,122.91,4.77,mw,67.0,47.0,2.612,0.78,us,us7000lt7a,2024-03-30T22:32:49.040Z,"38 km NNE of Chilecito, Argentina",earthquake,3.42,5.789,0.08,50.0,reviewed,us,us,2024-01-23,41485,Argentina,1
2024-01-25 14:45:20.237000+00:00,-26.5817,-65.2602,10.0,4.85,mw,31.0,39.0,4.483,1.09,us,us7000ltr7,2024-03-30T22:33:31.040Z,"16 km N of Tafí Viejo, Argentina",earthquake,3.03,1.923,0.271,6.0,reviewed,us,us,2024-01-25,41482,Argentina,-1
2024-01-27 07:15:27.412000+00:00,-28.475,-67.6098,115.762,4.85,mw,34.0,75.0,2.637,0.83,us,us7000lube,2024-03-30T22:34:25.040Z,"45 km S of Tinogasta, Argentina",earthquake,4.06,8.867,0.118,21.0,reviewed,us,us,2024-01-27,41475,Argentina,1
2024-02-08 10:07:23.937000+00:00,-31.7855,-69.7264,141.946,4.51,mw,27.0,82.0,0.92,0.81,us,us7000lxq9,2024-04-20T19:34:08.040Z,"57 km SSW of Calingasta, Argentina",earthquake,5.39,2.183,0.262,5.0,reviewed,us,us,2024-02-08,41717,Argentina,1
2024-02-19 15:14:15.346000+00:00,-28.4763,-68.7274,90.456,4.51,mw,36.0,69.0,1.813,1.1,us,us7000m064,2024-05-02T15:50:10.040Z,"59 km WNW of Vinchina, Argentina",earthquake,6.69,6.406,0.261,4.0,reviewed,us,us,2024-02-19,41711,Argentina,1
2024-02-22 14:49:17.077000+00:00,-31.3974,-65.0585,10.0,4.68,mw,25.0,98.0,0.814,0.55,us,us7000m0tz,2024-05-02T15:50:12.040Z,"9 km SSE of Salsacate, Argentina",earthquake,3.54,1.95,0.307,3.0,reviewed,us,us,2024-02-22,41688,Argentina,-1
2024-02-28 19:50:43.200000+00:00,-28.0527,-66.7763,152.267,5.03,mw,101.0,36.0,3.582,0.69,us,us6000mfnw,2024-05-10T21:25:55.040Z,"51 km SE of Londres, Argentina",earthquake,6.89,5.014,0.047,142.0,reviewed,us,us,2024-02-28,41609,Argentina,1
2024-03-01 18:06:12.734000+00:00,-28.6238,-62.9885,616.553,4.77,mw,78.0,43.0,5.52,0.73,us,us6000mg5h,2024-05-10T21:25:57.040Z,"4 km SW of Colonia Dora, Argentina",earthquake,9.47,6.674,0.089,40.0,reviewed,us,us,2024-03-01,41659,Argentina,3
2024-03-02 04:28:53.750000+00:00,-31.4518,-66.8363,130.957,4.6,mw,36.0,113.0,1.581,0.72,us,us6000mg97,2024-05-10T21:25:57.040Z,"108 km SE of San Agustín de Valle Fértil, Argentina",earthquake,7.47,8.064,0.159,12.0,reviewed,us,us,2024-03-02,41697,Argentina,1
2024-03-23 14:29:25.410000+00:00,-24.3352,-67.2587,186.452,5.03,mw,31.0,75.0,1.615,1.03,us,us6000mkrg,2024-05-27T14:19:22.040Z,"96 km W of San Antonio de los Cobres, Argentina",earthquake,8.93,8.607,0.13,18.0,reviewed,us,us,2024-03-23,41607,Argentina,2
2024-03-25 16:14:19.602000+00:00,-25.8167,-63.4752,567.911,5.03,mw,134.0,35.0,5.15,0.64,us,us7000m7x2,2024-06-01T21:55:46.040Z,"30 km SW of Taco Pozo, Argentina",earthquake,7.66,4.999,0.038,214.0,reviewed,us,us,2024-03-25,41601,Argentina,3
2024-03-26 07:59:13.449000+00:00,-35.3596,-69.572,186.07,4.77,mw,41.0,64.0,1.142,0.49,us,us7000m81k,2024-06-01T21:55:47.040Z,"140 km SW of San Rafael, Argentina",earthquake,7.3,7.102,0.143,14.0,reviewed,us,us,2024-03-26,41669,Argentina,-1
2024-03-27 10:54:50.330000+00:00,-31.7001,-67.1476,128.935,5.03,mw,85.0,52.0,1.32,0.68,us,us7000m891,2024-06-01T21:55:47.040Z,"107 km E of Caucete, Argentina",earthquake,6.43,7.342,0.068,66.0,reviewed,us,us,2024-03-27,41598,Argentina,1
2024-03-30 03:54:10.444000+00:00,-24.8759,-68.244,95.006,4.85,mw,34.0,79.0,1.254,0.76,us,us7000m8vn,2024-06-01T21:55:49.040Z,"155 km NNW of Antofagasta de la Sierra, Argentina",earthquake,2.32,6.398,0.118,22.0,reviewed,us,us,2024-03-30,41650,Argentina,2
2024-04-10 23:05:33.591000+00:00,-30.44,-63.6727,10.692,4.77,mw,28.0,95.0,2.111,0.35,us,us7000mbab,2024-06-17T02:15:06.040Z,"28 km ESE of San José de la Dormida, Argentina",earthquake,7.33,5.416,0.268,4.0,reviewed,us,us,2024-04-10,41665,Argentina,-1
2024-04-11 05:02:36.963000+00:00,-31.8869,-68.4199,106.535,4.68,mw,29.0,82.0,0.408,1.05,us,us7000mbbn,2024-06-17T02:15:09.040Z,"24 km S of Nueve de Julio, Argentina",earthquake,4.21,5.486,0.16,11.0,reviewed,us,us,2024-04-11,41675,Argentina,1
2024-04-14 03:16:24.813000+00:00,-23.6399,-63.7085,547.255,4.77,mw,48.0,45.0,4.166,0.56,us,us7000mbzi,2024-06-17T02:15:30.040Z,"62 km SE of Embarcación, Argentina",earthquake,12.09,7.521,0.139,15.0,reviewed,us,us,2024-04-14,41669,Argentina,-1
2024-04-18 02:20:36.405000+00:00,-30.4076,-67.4266,11.047,4.51,mw,28.0,65.0,1.382,0.99,us,us7000mcsw,2024-06-25T21:02:57.040Z,"25 km N of San Agustín de Valle Fértil, Argentina",earthquake,5.55,5.619,0.262,4.0,reviewed,us,us,2024-04-18,41719,Argentina,1
2024-04-20 02:37:16.188000+00:00,-31.4804,-68.8776,112.313,4.94,mw,31.0,100.0,0.177,0.7,us,us7000mddl,2024-06-25T21:03:12.040Z,"15 km WNW of Villa Basilio Nievas, Argentina",earthquake,7.2,5.271,0.157,12.0,reviewed,us,us,2024-04-20,41631,Argentina,1
2024-04-20 18:23:45.027000+00:00,-37.2628,-71.0798,140.068,4.6,mw,28.0,109.0,0.618,0.79,us,us6000mt0d,2024-06-25T21:02:22.040Z,"37 km WSW of Andacollo, Argentina",earthquake,7.15,6.434,0.131,17.0,reviewed,us,us,2024-04-20,41710,Argentina,-1
2024-04-26 17:27:18.610000+00:00,-22.926,-66.6121,197.959,4.85,mw,27.0,85.0,2.681,0.78,us,us6000mu3p,2024-07-02T22:12:33.040Z,"96 km WSW of Abra Pampa, Argentina",earthquake,8.72,1.353,0.15,13.0,reviewed,us,us,2024-04-26,41634,Argentina,2
2024-04-30 02:09:43.245000+00:00,-25.0078,-65.4968,10.0,4.6,mww,86.0,31.0,3.194,0.65,us,us6000mv3f,2024-07-15T03:58:49.040Z,"7 km N of El Carril, Argentina",earthquake,7.62,1.726,0.098,10.0,reviewed,us,us,2024-04-30,41697,Argentina,-1
2024-04-30 14:29:11.547000+00:00,-23.7159,-67.0822,236.39,4.16,mw,19.0,160.0,1.263,0.73,us,us6000mv73,2024-07-15T03:58:45.040Z,"95 km NW of San Antonio de los Cobres, Argentina",earthquake,9.18,9.096,0.069,28.0,reviewed,us,us,2024-04-30,41740,Argentina,2
2024-05-06 07:37:41.356000+00:00,-59.1777,-60.528,10.0,4.94,mw,24.0,114.0,5.856,0.68,us,us6000mwn4,2024-07-20T22:20:00.040Z,Drake Passage,earthquake,6.54,1.915,0.133,17.0,reviewed,us,us,2024-05-06,41633,Argentina,-1
2024-05-11 00:33:42.393000+00:00,-24.9512,-67.5929,116.124,4.6,mw,22.0,79.0,2.061,0.37,us,us6000mz65,2024-07-20T22:20:06.040Z,"124 km N of Antofagasta de la Sierra, Argentina",earthquake,7.24,5.65,0.186,8.0,reviewed,us,us,2024-05-11,41697,Argentina,2
2024-05-13 00:33:52.153000+00:00,-33.4002,-68.525,10.0,4.4,mwr,95.0,50.0,1.345,0.86,us,us6000my6r,2024-07-26T23:58:07.040Z,"35 km S of San Martín, Argentina",earthquake,5.87,1.745,0.043,53.0,reviewed,us,us,2024-05-13,41735,Argentina,1
2024-05-15 14:56:14.302000+00:00,-57.205,-66.9783,10.0,4.85,mw,17.0,131.0,3.904,0.57,us,us6000n0aq,2024-07-26T23:58:09.040Z,"279 km SSE of Ushuaia, Argentina",earthquake,7.61,1.87,0.156,12.0,reviewed,us,us,2024-05-15,41638,Argentina,-1
2024-05-17 01:47:33.611000+00:00,-36.2968,-70.082,175.026,4.51,mw,38.0,96.0,1.027,0.77,us,us6000mz3p,2024-07-26T23:58:10.040Z,"60 km NNW of Barrancas, Argentina",earthquake,8.65,2.647,0.174,10.0,reviewed,us,us,2024-05-17,41719,Argentina,-1
2024-05-19 09:30:28.837000+00:00,-29.2229,-69.5567,125.454,4.77,mw,30.0,79.0,0.885,1.01,us,us6000mzmb,2024-07-26T23:58:13.040Z,"137 km NW of San José de Jáchal, Argentina",earthquake,6.25,6.751,0.269,4.0,reviewed,us,us,2024-05-19,41657,Argentina,1
2024-05-25 07:52:08.083000+00:00,-27.624,-67.7416,136.943,4.85,mw,32.0,110.0,2.212,0.53,us,us6000n0x6,2024-08-06T02:09:38.040Z,"13 km WNW of Fiambalá, Argentina",earthquake,5.0,8.19,0.127,18.0,reviewed,us,us,2024-05-25,41649,Argentina,1
2024-05-28 06:42:06.616000+00:00,-30.8253,-67.397,16.533,4.68,mw,33.0,83.0,1.316,1.29,us,us6000n1en,2024-08-06T20:32:46.040Z,"22 km SSE of San Agustín de Valle Fértil, Argentina",earthquake,3.27,4.655,0.189,8.0,reviewed,us,us,2024-05-28,41680,Argentina,1
2024-05-28 07:29:23.003000+00:00,-22.4209,-66.1693,244.41,4.51,mw,35.0,80.0,1.93,0.99,us,us6000n1ev,2024-08-06T20:32:46.040Z,"58 km NW of Abra Pampa, Argentina",earthquake,9.83,12.168,0.198,7.0,reviewed,us,us,2024-05-28,41724,Argentina,2
2024-05-28 14:20:09.725000+00:00,-41.9124,-71.5088,201.69,4.51,mw,34.0,102.0,1.024,0.45,us,us6000n1hh,2024-08-06T20:32:47.040Z,"5 km NNE of El Bolsón, Argentina",earthquake,7.13,3.58,0.124,18.0,reviewed,us,us,2024-05-28,41731,Argentina,-1
2024-06-10 04:16:34.788000+00:00,-31.2937,-67.4318,108.908,4.68,mw,44.0,44.0,0.755,0.88,us,us7000mrf4,2024-08-23T18:03:04.040Z,"73 km S of San Agustín de Valle Fértil, Argentina",earthquake,3.6,6.534,0.202,7.0,reviewed,us,us,2024-06-10,41684,Argentina,1
2024-06-11 17:34:09.596000+00:00,-24.1286,-66.8045,187.327,5.03,mw,110.0,43.0,2.736,0.7,us,us7000mrrt,2024-08-23T18:03:23.040Z,"50 km WNW of San Antonio de los Cobres, Argentina",earthquake,7.73,2.846,0.041,180.0,reviewed,us,us,2024-06-11,41587,Argentina,2
2024-06-17 12:07:10.152000+00:00,-29.6474,-69.5569,138.558,4.6,mw,28.0,87.0,0.571,0.71,us,us7000mszb,2024-08-30T18:17:09.040Z,"102 km NW of San José de Jáchal, Argentina",earthquake,6.1,5.598,0.264,4.0,reviewed,us,us,2024-06-17,41694,Argentina,1
2024-06-19 13:49:06.851000+00:00,-32.4456,-69.6431,124.932,4.68,mw,26.0,70.0,1.042,0.81,us,us7000mtez,2024-08-30T18:17:11.040Z,"91 km WNW of Mendoza, Argentina",earthquake,3.24,8.21,0.306,3.0,reviewed,us,us,2024-06-19,41682,Argentina,1
2024-06-19 13:57:49.243000+00:00,-28.4782,-67.2318,133.853,4.68,mw,28.0,40.0,2.797,0.7,us,us7000mtf2,2024-08-30T18:17:08.040Z,"44 km WNW of Arauco, Argentina",earthquake,4.41,8.905,0.147,13.0,reviewed,us,us,2024-06-19,41686,Argentina,1
2024-06-24 20:38:39.216000+00:00,-23.5129,-66.5634,219.72,4.94,mw,28.0,95.0,1.587,1.1,us,us6000n800,2024-09-04T21:57:40.040Z,"81 km NNW of San Antonio de los Cobres, Argentina",earthquake,8.46,6.247,0.157,12.0,reviewed,us,us,2024-06-24,41610,Argentina,2
2024-07-01 13:04:09.351000+00:00,-32.6248,-69.2703,8.339,4.77,mw,38.0,50.0,1.064,0.92,us,us6000n9kn,2024-09-12T21:52:25.040Z,"50 km NW of Mendoza, Argentina",earthquake,3.93,4.3,0.154,12.0,reviewed,us,us,2024-07-01,41659,Argentina,1
2024-07-05 18:53:05.141000+00:00,-28.7957,-69.3745,109.61,4.8,mww,136.0,31.0,1.182,0.76,us,us7000mxbr,2024-09-12T21:52:29.040Z,"114 km W of Vinchina, Argentina",earthquake,5.66,3.857,0.078,16.0,reviewed,us,us,2024-07-05,41653,Argentina,1
2024-07-10 15:39:35.624000+00:00,-22.8047,-66.2135,255.842,4.85,mw,44.0,59.0,1.818,1.09,us,us7000mya4,2024-09-20T16:00:53.040Z,"53 km W of Abra Pampa, Argentina",earthquake,9.03,9.438,0.145,14.0,reviewed,us,us,2024-07-10,41635,Argentina,2
2024-08-06 01:37:59.982000+00:00,-31.9357,-67.7703,128.397,4.43,mw,33.0,82.0,0.87,0.97,us,us6000niac,2024-10-24T17:56:38.040Z,"57 km ESE of Caucete, Argentina",earthquake,7.54,4.222,0.173,9.0,reviewed,us,us,2024-08-06,41933,Argentina,1
2024-08-12 14:33:59.427000+00:00,-27.8739,-66.7284,157.064,5.03,mw,60.0,43.0,3.258,0.58,us,us6000njlj,2024-10-26T15:47:23.040Z,"43 km ESE of Londres, Argentina",earthquake,7.98,5.776,0.108,26.0,reviewed,us,us,2024-08-12,41809,Argentina,1
2024-08-18 06:48:41.763000+00:00,-22.7667,-66.0801,248.122,4.68,mw,21.0,95.0,1.944,0.71,us,us7000n7r5,2024-10-26T15:49:26.040Z,"39 km W of Abra Pampa, Argentina",earthquake,9.76,9.006,0.133,16.0,reviewed,us,us,2024-08-18,41901,Argentina,2
2024-08-21 06:55:18.368000+00:00,-22.1451,-65.8771,258.194,5.5,mww,118.0,36.0,2.113,0.94,us,us7000n8ey,2024-11-02T21:27:45.040Z,"29 km W of La Quiaca, Argentina",earthquake,6.82,4.128,0.048,42.0,reviewed,us,us,2024-08-21,41782,Argentina,2
2024-08-30 16:35:48.116000+00:00,-59.1762,-60.7391,10.0,4.85,mw,20.0,116.0,5.83,0.54,us,us6000nnpx,2024-11-09T21:18:48.040Z,Drake Passage,earthquake,7.12,1.947,0.135,21.0,reviewed,us,us,2024-08-30,41837,Argentina,-1
2024-08-31 09:57:09.091000+00:00,-22.8163,-63.7852,538.045,4.51,mw,33.0,42.0,4.23,0.81,us,us6000nnv0,2024-11-09T21:18:54.040Z,"24 km S of General Mosconi, Argentina",earthquake,13.21,12.356,0.198,7.0,reviewed,us,us,2024-08-31,41905,Argentina,-1
2024-09-05 11:44:29.827000+00:00,-31.4282,-69.4398,104.965,4.85,mw,38.0,78.0,0.656,1.07,us,us6000npuc,2024-11-15T16:19:57.040Z,"10 km S of Calingasta, Argentina",earthquake,5.7,3.685,0.113,23.0,reviewed,us,us,2024-09-05,41836,Argentina,1
2024-09-07 09:51:39.415000+00:00,-23.9128,-66.6173,189.952,4.94,mw,57.0,43.0,1.724,1.0,us,us6000nqa2,2024-11-15T16:20:03.040Z,"45 km NW of San Antonio de los Cobres, Argentina",earthquake,8.22,7.032,0.054,103.0,reviewed,us,us,2024-09-07,41816,Argentina,2
2024-09-12 15:35:24.498000+00:00,-25.1579,-63.4206,575.245,4.51,mw,32.0,51.0,5.59,0.87,us,us7000ndae,2024-11-21T22:58:56.040Z,"53 km NNW of Taco Pozo, Argentina",earthquake,15.9,15.592,0.262,4.0,reviewed,us,us,2024-09-12,41907,Argentina,-1
2024-09-15 02:54:59.119000+00:00,-27.4235,-67.2292,138.724,4.8,mww,85.0,29.0,2.78,1.03,us,us7000ndvy,2024-11-21T22:58:57.040Z,"25 km NW of La Puerta de San José, Argentina",earthquake,5.5,5.621,0.063,24.0,reviewed,us,us,2024-09-15,41863,Argentina,1
2024-09-17 03:06:25.580000+00:00,-26.4063,-68.002,9.888,4.68,mw,26.0,72.0,1.893,0.99,us,us7000nee2,2024-11-23T23:27:24.040Z,"70 km WSW of Antofagasta de la Sierra, Argentina",earthquake,6.53,5.776,0.2,7.0,reviewed,us,us,2024-09-17,41889,Argentina,-1
2024-09-21 21:24:28.737000+00:00,-31.8909,-66.887,141.0,6.0,mww,340.0,41.0,1.57,0.84,us,us6000ntjh,2024-11-23T23:26:40.040Z,"95 km NNW of Villa General Roca, Argentina",earthquake,8.32,1.904,0.05,38.0,reviewed,us,us,2024-09-21,41767,Argentina,1
2024-09-24 00:58:46.443000+00:00,-31.3501,-65.6919,151.869,5.0,mww,143.0,35.0,2.565,0.89,us,us6000ntzv,2024-12-06T19:30:13.040Z,"57 km W of Salsacate, Argentina",earthquake,7.39,5.079,0.068,21.0,reviewed,us,us,2024-09-24,41813,Argentina,-1
2024-10-06 05:46:35.871000+00:00,-25.6606,-68.5952,103.84,4.6,mw,34.0,84.0,1.028,0.87,us,us6000nwub,2024-12-14T14:49:02.040Z,"127 km WNW of Antofagasta de la Sierra, Argentina",earthquake,8.14,8.111,0.109,23.0,reviewed,us,us,2024-10-06,41904,Argentina,2
2024-10-12 22:49:52.838000+00:00,-31.6643,-70.1346,117.634,4.85,mw,32.0,60.0,0.809,0.88,us,us6000nyce,2024-12-23T15:47:13.040Z,"77 km WSW of Calingasta, Argentina",earthquake,4.25,5.95,0.204,7.0,reviewed,us,us,2024-10-12,41852,Argentina,1
2024-10-14 15:48:12.737000+00:00,-23.9025,-64.0963,10.0,5.28,mw,58.0,48.0,5.172,0.81,us,us6000nyme,2024-12-26T23:03:56.040Z,"22 km ENE of Palma Sola, Argentina",earthquake,8.04,1.824,0.045,157.0,reviewed,us,us,2024-10-14,41797,Argentina,-1
2024-10-15 20:42:32.589000+00:00,-23.7942,-67.2259,250.695,4.94,mw,31.0,91.0,2.414,1.13,us,us6000nywx,2024-12-26T23:03:31.040Z,"103 km WNW of San Antonio de los Cobres, Argentina",earthquake,13.45,21.494,0.182,10.0,reviewed,us,us,2024-10-15,41828,Argentina,2
2024-10-20 13:56:17.659000+00:00,-23.0587,-66.3761,231.557,4.85,mw,27.0,72.0,2.934,0.79,us,us6000nzw3,2024-12-26T23:03:31.040Z,"73 km WNW of El Aguilar, Argentina",earthquake,7.83,9.232,0.136,16.0,reviewed,us,us,2024-10-20,41842,Argentina,2
2024-10-20 22:59:40.922000+00:00,-30.8831,-68.7676,109.0,5.7,mww,219.0,26.0,0.664,0.71,us,us6000nzxj,2024-12-26T23:03:38.040Z,"65 km NNW of Albardón, Argentina",earthquake,6.11,1.845,0.032,95.0,reviewed,us,us,2024-10-20,41779,Argentina,1
2024-10-30 11:43:21.072000+00:00,-24.179,-66.9698,182.784,5.2,mw,59.0,75.0,1.65,0.82,us,us7000nnz6,2025-01-16T18:45:17.040Z,"66 km W of San Antonio de los Cobres, Argentina",earthquake,9.75,7.778,0.075,55.0,reviewed,us,us,2024-10-30,41799,Argentina,2
2024-11-03 04:04:04.506000+00:00,-35.6965,-69.4927,188.15,5.4,mww,122.0,39.0,1.388,0.91,us,us7000npn0,2025-01-16T18:47:44.040Z,"130 km NNE of Barrancas, Argentina",earthquake,7.02,4.589,0.039,63.0,reviewed,us,us,2024-11-03,41791,Argentina,-1
2024-11-03 13:47:37.828000+00:00,-28.3754,-69.0129,99.987,4.94,mw,36.0,88.0,1.562,0.82,us,us7000npqa,2025-01-16T18:47:59.040Z,"89 km WNW of Vinchina, Argentina",earthquake,7.95,8.132,0.129,18.0,reviewed,us,us,2024-11-03,41834,Argentina,1
2024-11-10 22:10:05.249000+00:00,-29.7675,-69.429,116.889,4.8,mwr,144.0,39.0,0.614,0.81,us,us7000nr2d,2025-01-24T19:51:32.040Z,"84 km NW of San José de Jáchal, Argentina",earthquake,5.57,3.936,0.057,30.0,reviewed,us,us,2024-11-10,41856,Argentina,1
2024-11-13 12:16:22.957000+00:00,-28.6494,-67.5373,146.172,4.68,mw,20.0,146.0,2.595,0.68,us,us7000nriz,2025-01-26T16:29:36.040Z,"56 km N of Chilecito, Argentina",earthquake,9.64,9.416,0.177,9.0,reviewed,us,us,2024-11-13,41888,Argentina,1
2024-12-04 00:19:34.932000+00:00,-32.2802,-69.2117,10.0,4.51,mw,27.0,90.0,0.859,0.59,us,us7000nvrt,2025-02-15T18:29:20.040Z,"76 km NNW of Mendoza, Argentina",earthquake,5.44,1.962,0.233,5.0,reviewed,us,us,2024-12-04,41922,Argentina,1
2024-12-05 13:39:52.236000+00:00,-23.3549,-66.702,208.836,5.2,mww,92.0,48.0,1.417,1.01,us,us7000nw44,2025-02-15T18:29:45.040Z,"103 km NNW of San Antonio de los Cobres, Argentina",earthquake,5.69,4.392,0.071,19.0,reviewed,us,us,2024-12-05,41804,Argentina,2
2024-12-06 00:08:11.364000+00:00,-33.502,-68.7095,35.561,4.68,mw,34.0,61.0,1.194,0.66,us,us7000nwds,2025-02-15T18:30:10.040Z,"51 km SSW of San Martín, Argentina",earthquake,8.2,5.688,0.143,14.0,reviewed,us,us,2024-12-06,41889,Argentina,1
2024-12-06 23:06:39.623000+00:00,-37.5811,-70.904,132.395,4.68,mw,36.0,127.0,1.861,1.36,us,us7000nwrt,2025-02-15T18:30:36.040Z,"29 km WNW of El Huecú, Argentina",earthquake,8.39,7.16,0.142,15.0,reviewed,us,us,2024-12-06,41887,Argentina,-1
2024-12-18 09:52:25.760000+00:00,-31.5324,-68.8933,103.659,4.8,mww,90.0,42.0,0.179,0.58,us,us7000nzrr,2025-02-27T17:30:52.040Z,"15 km W of Villa Basilio Nievas, Argentina",earthquake,8.12,6.459,0.069,20.0,reviewed,us,us,2024-12-18,41856,Argentina,1
2024-12-20 05:32:42.009000+00:00,-33.6134,-67.9604,178.378,5.11,mw,89.0,44.0,1.827,0.99,us,us7000p08b,2025-02-27T17:30:53.040Z,"75 km SE of San Martín, Argentina",earthquake,8.77,6.391,0.034,260.0,reviewed,us,us,2024-12-20,41807,Argentina,1
2024-12-21 16:16:57.436000+00:00,-31.2967,-68.5792,108.519,4.85,mw,37.0,74.0,0.264,0.91,us,us7000p0m0,2025-02-27T17:30:54.040Z,"16 km NNW of Albardón, Argentina",earthquake,6.81,8.784,0.18,9.0,reviewed,us,us,2024-12-21,41842,Argentina,1
2024-12-22 12:53:26.845000+00:00,-24.2228,-67.3978,206.094,4.6,mw,13.0,94.0,1.454,0.86,us,us7000p0r5,2025-02-27T17:30:55.040Z,"109 km W of San Antonio de los Cobres, Argentina",earthquake,9.4,13.62,0.263,4.0,reviewed,us,us,2024-12-22,41903,Argentina,2
2024-12-24 22:42:25.776000+00:00,-28.2047,-67.3646,138.0,5.9,mww,138.0,23.0,2.78,0.71,us,us6000pfi3,2025-03-08T22:39:09.040Z,"25 km SE of Tinogasta, Argentina",earthquake,6.9,1.851,0.032,93.0,reviewed,us,us,2024-12-24,41773,Argentina,1
2025-01-08 21:31:26.393000+00:00,-59.8945,-61.3142,10.0,5.3,mww,121.0,39.0,5.061,0.61,us,us6000piqu,2025-03-20T20:54:50.040Z,Drake Passage,earthquake,8.72,1.766,0.08,15.0,reviewed,us,us,2025-01-08,41792,Argentina,-1
2025-01-19 13:24:07.759000+00:00,-50.4998,-71.9994,10.0,4.77,mw,28.0,111.0,2.069,0.69,us,us7000p9v4,2025-03-29T22:12:47.040Z,"26 km SE of El Calafate, Argentina",earthquake,7.95,1.883,0.13,21.0,reviewed,us,us,2025-01-19,41866,Argentina,-1
2025-01-19 19:25:30.979000+00:00,-31.3222,-68.1023,103.165,4.4,mwr,77.0,49.0,0.545,0.89,us,us6000pl44,2025-03-29T22:12:44.040Z,"39 km ENE of San Martín, Argentina",earthquake,6.4,3.358,0.065,23.0,reviewed,us,us,2025-01-19,41933,Argentina,1
2025-01-19 21:51:09.560000+00:00,-28.7247,-68.6109,97.354,4.3,mwr,31.0,71.0,1.798,0.68,us,us6000pl4x,2025-03-29T22:12:44.040Z,"39 km W of Vinchina, Argentina",earthquake,8.26,7.947,0.08,15.0,reviewed,us,us,2025-01-19,41933,Argentina,1
2025-01-26 09:59:59.149000+00:00,-30.6132,-69.2889,120.522,4.68,mw,19.0,135.0,0.941,0.66,us,us6000pmew,2025-04-08T22:01:00.040Z,"66 km SW of San José de Jáchal, Argentina",earthquake,5.0,6.767,0.177,9.0,reviewed,us,us,2025-01-26,42086,Argentina,1
2025-02-01 16:28:55.992000+00:00,-31.4645,-68.7614,112.143,5.11,mw,95.0,44.0,0.104,0.72,us,us7000panb,2025-04-15T20:55:27.040Z,"9 km NNW of Villa Basilio Nievas, Argentina",earthquake,7.37,6.73,0.05,129.0,reviewed,us,us,2025-02-01,41985,Argentina,1
2025-02-05 10:50:04.183000+00:00,-24.2851,-67.5153,212.715,4.94,mw,16.0,102.0,1.46,0.47,us,us7000pbim,2025-04-26T14:47:02.040Z,"121 km W of San Antonio de los Cobres, Argentina",earthquake,5.06,12.577,0.172,10.0,reviewed,us,us,2025-02-05,42047,Argentina,2
2025-02-07 20:56:14.203000+00:00,-30.2826,-69.2322,18.817,4.68,mw,36.0,163.0,0.806,1.11,us,us7000pc6w,2025-04-26T14:47:04.040Z,"46 km W of San José de Jáchal, Argentina",earthquake,4.73,4.806,0.178,9.0,reviewed,us,us,2025-02-07,42084,Argentina,1
2025-02-10 22:47:05.979000+00:00,-23.085,-66.7622,204.667,5.03,mw,45.0,44.0,1.312,0.69,us,us7000pcs9,2025-04-26T14:47:07.040Z,"111 km W of El Aguilar, Argentina",earthquake,9.86,6.708,0.053,108.0,reviewed,us,us,2025-02-10,42003,Argentina,2
2025-02-24 21:03:12.019000+00:00,-31.3001,-68.1647,109.666,4.51,mw,23.0,73.0,0.507,0.73,us,us6000pv7n,2025-05-06T21:39:12.040Z,"35 km ENE of San Martín, Argentina",earthquake,7.86,4.001,0.233,5.0,reviewed,us,us,2025-02-24,42105,Argentina,1
2025-03-11 02:28:10.943000+00:00,-22.8133,-63.7787,530.579,5.03,mw,121.0,39.0,4.06,0.64,us,us6000py2e,2025-05-16T17:30:05.040Z,"24 km S of General Mosconi, Argentina",earthquake,10.97,4.094,0.058,91.0,reviewed,us,us,2025-03-11,42022,Argentina,-1
2025-03-12 12:08:09.430000+00:00,-59.3111,-60.3713,10.0,4.94,mw,27.0,150.0,5.748,0.76,us,us6000pyb1,2025-05-17T19:19:56.040Z,Drake Passage,earthquake,7.55,1.88,0.116,23.0,reviewed,us,us,2025-03-12,42036,Argentina,-1
2025-03-16 21:50:23.560000+00:00,-29.2657,-69.5687,104.6,4.8,mwr,120.0,58.0,0.844,0.7,us,us6000pz83,2025-05-17T19:19:59.040Z,"134 km NW of San José de Jáchal, Argentina",earthquake,6.22,4.064,0.073,18.0,reviewed,us,us,2025-03-16,42060,Argentina,1
2025-03-18 20:25:38.494000+00:00,-28.405,-69.1048,98.524,5.11,mw,100.0,40.0,1.521,0.88,us,us6000pzn1,2025-05-17T19:20:01.040Z,"96 km WNW of Vinchina, Argentina",earthquake,6.6,5.29,0.075,56.0,reviewed,us,us,2025-03-18,41989,Argentina,1
2025-03-28 18:54:19.043000+00:00,-30.752,-67.3423,10.0,4.68,mw,28.0,167.0,1.387,0.8,us,us7000pnft,2025-06-06T21:12:26.040Z,"17 km SE of San Agustín de Valle Fértil, Argentina",earthquake,7.19,1.949,0.377,3.0,reviewed,us,us,2025-03-28,42073,Argentina,1
2025-03-30 17:17:53.889000+00:00,-22.442,-66.0571,272.203,4.77,mw,28.0,75.0,2.024,0.88,us,us7000pnwa,2025-06-06T21:12:28.040Z,"48 km NW of Abra Pampa, Argentina",earthquake,7.53,8.784,0.169,10.0,reviewed,us,us,2025-03-30,42062,Argentina,2
2025-03-31 15:58:26.800000+00:00,-23.7114,-66.7717,203.712,4.85,mw,52.0,52.0,1.498,1.14,us,us7000pp14,2025-06-06T21:12:29.040Z,"72 km NW of San Antonio de los Cobres, Argentina",earthquake,9.25,7.397,0.06,83.0,reviewed,us,us,2025-03-31,42054,Argentina,2
2025-04-18 01:53:43.585000+00:00,-23.1895,-63.9622,10.0,4.68,mw,21.0,76.0,4.595,1.17,us,us6000q6ya,2025-06-27T00:34:21.040Z,"14 km E of Embarcación, Argentina",earthquake,8.3,1.934,0.177,9.0,reviewed,us,us,2025-04-18,42078,Argentina,-1
2025-04-18 03:59:39.018000+00:00,-36.3892,-70.9651,128.364,5.03,mw,56.0,107.0,0.369,0.82,us,us6000q6yn,2025-06-27T00:34:22.040Z,"69 km NNW of Las Ovejas, Argentina",earthquake,7.99,5.249,0.064,74.0,reviewed,us,us,2025-04-18,42031,Argentina,-1
2025-04-27 18:21:15.376000+00:00,-34.0979,-69.1956,167.959,4.68,mw,42.0,88.0,0.973,0.6,us,us7000pvfm,2025-07-11T15:46:22.040Z,"98 km NW of San Rafael, Argentina",earthquake,6.41,6.525,0.122,19.0,reviewed,us,us,2025-04-27,42087,Argentina,1
2025-05-01 16:04:52.814000+00:00,-28.5676,-67.4699,11.0,5.4,mww,126.0,18.0,2.822,0.83,us,us7000pwdl,2025-07-12T16:30:41.040Z,"56 km S of Tinogasta, Argentina",earthquake,6.38,1.731,0.083,14.0,reviewed,us,us,2025-05-01,41950,Argentina,1
2025-05-02 13:07:45.852000+00:00,-56.8541,-68.5794,10.0,5.62,mw,94.0,111.0,2.389,0.8,us,us7000pwl1,2025-07-12T16:30:42.040Z,"228 km S of Ushuaia, Argentina",earthquake,8.54,1.857,0.064,84.0,reviewed,us,us,2025-05-02,41946,Argentina,-1
2025-05-02 17:59:07.662000+00:00,-57.304,-67.0168,8.0,6.4,mww,287.0,16.0,2.402,0.57,us,us7000pwpu,2025-07-12T16:30:42.040Z,"289 km SSE of Ushuaia, Argentina",earthquake,6.92,1.657,0.071,19.0,reviewed,us,us,2025-05-02,41940,Argentina,-1
2025-05-05 04:55:06.818000+00:00,-57.1735,-68.0369,10.0,5.03,mw,35.0,105.0,3.607,0.58,us,us7000px70,2025-07-12T16:30:45.040Z,"263 km S of Ushuaia, Argentina",earthquake,11.95,1.918,0.1,30.0,reviewed,us,us,2025-05-05,42001,Argentina,-1
2025-05-13 00:48:00.569000+00:00,-51.3717,-71.8409,10.0,5.2,mww,72.0,100.0,1.497,0.64,us,us7000pyxf,2025-07-24T21:30:16.040Z,"35 km NE of 28 de Noviembre, Argentina",earthquake,7.73,1.686,0.083,14.0,reviewed,us,us,2025-05-13,41969,Argentina,-1
2025-05-20 18:44:39.091000+00:00,-56.7749,-67.6093,10.0,4.94,mw,27.0,184.0,1.847,0.37,us,us7000q0ei,2025-07-25T17:06:20.040Z,"223 km SSE of Ushuaia, Argentina",earthquake,13.67,1.95,0.122,20.0,reviewed,us,us,2025-05-20,42039,Argentina,-1
2025-05-23 20:10:20.128000+00:00,-31.6158,-67.6694,10.0,4.0,mwr,53.0,89.0,0.857,1.29,us,us7000q16k,2025-08-13T15:14:31.040Z,"58 km E of Caucete, Argentina",earthquake,5.43,1.888,0.083,14.0,reviewed,us,us,2025-05-23,42113,Argentina,1
2025-05-26 11:56:12.820000+00:00,-22.8151,-66.4749,258.607,4.68,mw,24.0,132.0,1.577,1.4,us,us7000q1iy,2025-08-13T15:14:33.040Z,"80 km W of Abra Pampa, Argentina",earthquake,9.81,7.92,0.142,14.0,reviewed,us,us,2025-05-26,42071,Argentina,2
2025-05-28 00:03:22.390000+00:00,-24.5497,-68.1048,135.332,4.6,mw,23.0,78.0,1.481,0.46,us,us6000qgat,2025-08-16T21:54:08.040Z,"181 km NNW of Antofagasta de la Sierra, Argentina",earthquake,6.73,7.725,0.153,12.0,reviewed,us,us,2025-05-28,42098,Argentina,2
2025-06-06 07:28:16.799000+00:00,-23.3999,-67.1219,213.09,4.51,mw,21.0,90.0,1.07,1.22,us,us6000qid1,2025-08-20T16:08:56.040Z,"122 km NW of San Antonio de los Cobres, Argentina",earthquake,10.1,5.405,0.145,13.0,reviewed,us,us,2025-06-06,42108,Argentina,2
2025-06-08 19:46:14.879000+00:00,-27.8354,-66.9033,147.458,5.03,mw,64.0,43.0,3.1,0.72,us,us6000qizy,2025-08-20T16:08:58.040Z,"26 km ESE of Londres, Argentina",earthquake,7.18,7.309,0.032,304.0,reviewed,us,us,2025-06-08,42022,Argentina,1
2025-06-13 04:55:56.820000+00:00,-31.9385,-69.9338,108.723,4.6,mw,40.0,63.0,0.891,0.69,us,us6000qk12,2025-08-22T20:26:00.040Z,"82 km SW of Calingasta, Argentina",earthquake,5.44,6.489,0.128,18.0,reviewed,us,us,2025-06-13,42089,Argentina,1
2025-06-16 09:07:25.334000+00:00,-23.028,-66.0735,241.227,4.94,mw,52.0,49.0,1.941,0.9,us,us6000qkjx,2025-08-22T20:26:02.040Z,"45 km WNW of El Aguilar, Argentina",earthquake,6.49,5.964,0.114,23.0,reviewed,us,us,2025-06-16,42035,Argentina,2
2025-06-19 06:08:22.488000+00:00,-32.4483,-68.071,144.202,4.94,mw,57.0,72.0,1.034,0.59,us,us6000ql6l,2025-09-02T21:23:38.040Z,"79 km NNE of San Martín, Argentina",earthquake,6.39,6.884,0.098,31.0,reviewed,us,us,2025-06-19,42036,Argentina,1
2025-06-21 03:26:01.846000+00:00,-29.1431,-68.8739,22.369,4.51,mw,18.0,74.0,1.349,1.0,us,us6000qlk8,2025-09-02T21:23:39.040Z,"77 km WSW of Vinchina, Argentina",earthquake,5.81,6.278,0.302,3.0,reviewed,us,us,2025-06-21,42107,Argentina,1
2025-06-22 14:46:06.106000+00:00,-31.6817,-69.3335,121.016,5.03,mw,52.0,41.0,0.582,0.81,us,us6000qlti,2025-09-02T21:23:40.040Z,"39 km SSE of Calingasta, Argentina",earthquake,5.1,5.376,0.047,137.0,reviewed,us,us,2025-06-22,42004,Argentina,1
2025-06-24 01:53:16.206000+00:00,-29.2746,-68.3171,51.587,4.8,mww,101.0,28.0,1.698,0.46,us,us7000q8bc,2025-09-02T21:23:42.040Z,"58 km S of Vinchina, Argentina",earthquake,6.64,5.558,0.098,10.0,reviewed,us,us,2025-06-24,42057,Argentina,1
2025-07-03 06:13:57.017000+00:00,-27.2389,-63.2084,552.378,5.28,mw,123.0,45.0,5.201,0.75,us,us7000qade,2025-09-12T16:23:06.040Z,"23 km S of El Hoyo, Argentina",earthquake,11.82,8.309,0.042,178.0,reviewed,us,us,2025-07-03,41952,Argentina,3
2025-07-10 23:16:19.442000+00:00,-23.4655,-66.409,207.267,4.68,mw,34.0,61.0,1.707,1.01,us,us7000qbxu,2025-11-28T20:45:28.881Z,"79 km WSW of El Aguilar, Argentina",earthquake,8.64,7.523,0.147,13.0,reviewed,us,us,2025-07-10,42081,Argentina,2
2025-07-12 06:52:33.631000+00:00,-32.1158,-68.3992,126.63,5.2,mw,201.0,42.0,0.614,0.6,us,us7000qc7z,2025-11-28T20:58:35.107Z,"Mendoza, Argentina",earthquake,7.1,5.814,0.038,214.0,reviewed,us,us,2025-07-12,41984,Argentina,1
2025-07-13 05:56:58.916000+00:00,-24.1879,-66.7496,182.238,5.28,mw,75.0,48.0,1.798,1.11,us,us7000qcd6,2025-11-28T21:03:51.047Z,"43 km W of San Antonio de los Cobres, Argentina",earthquake,8.94,6.031,0.022,663.0,reviewed,us,us,2025-07-13,41955,Argentina,2
2025-07-18 16:16:42.915000+00:00,-27.8088,-66.3085,143.072,5.03,mw,51.0,46.0,3.619,0.72,us,us7000qdgt,2025-10-03T18:42:35.040Z,"25 km S of Andalgalá, Argentina",earthquake,7.8,6.782,0.043,162.0,reviewed,us,us,2025-07-18,41991,Argentina,1
2025-07-29 01:43:03.541000+00:00,-31.7668,-69.7166,113.316,4.85,mw,46.0,61.0,0.919,0.95,us,us6000qvuz,2025-10-11T20:57:29.040Z,"55 km SSW of Calingasta, Argentina",earthquake,4.59,6.758,0.125,19.0,reviewed,us,us,2025-07-29,42196,Argentina,1
2025-08-01 08:46:17.445000+00:00,-24.5207,-67.5714,178.807,4.6,mw,23.0,95.0,1.658,1.25,us,us6000qx8p,2025-10-17T22:51:42.040Z,"131 km WSW of San Antonio de los Cobres, Argentina",earthquake,9.43,11.438,0.187,8.0,reviewed,us,us,2025-08-01,42262,Argentina,2
2025-08-14 16:07:38.124000+00:00,-57.2637,-66.5438,10.0,4.85,mw,18.0,129.0,2.415,0.73,us,us6000r0s7,2025-11-04T16:43:38.040Z,"294 km SSE of Ushuaia, Argentina",earthquake,13.66,1.952,0.144,14.0,reviewed,us,us,2025-08-14,42215,Argentina,-1
2025-08-15 22:26:39.315000+00:00,-31.8526,-68.261,107.368,4.77,mw,35.0,66.0,0.464,0.72,us,us6000r1it,2025-11-04T16:43:45.040Z,"22 km S of Caucete, Argentina",earthquake,7.25,6.407,0.162,11.0,reviewed,us,us,2025-08-15,42228,Argentina,1
2025-08-19 06:08:41.850000+00:00,-57.1412,-67.2466,10.0,5.2,mww,156.0,61.0,2.225,0.67,us,us6000r201,2025-11-04T16:43:59.040Z,"267 km SSE of Ushuaia, Argentina",earthquake,6.21,1.688,0.069,20.0,reviewed,us,us,2025-08-19,42154,Argentina,-1
2025-08-22 06:10:52.804000+00:00,-23.9974,-66.5944,194.469,4.85,mw,45.0,69.0,1.789,1.23,us,us6000r2zf,2025-11-12T16:25:37.040Z,"37 km NW of San Antonio de los Cobres, Argentina",earthquake,9.64,7.639,0.046,141.0,reviewed,us,us,2025-08-22,42215,Argentina,2
2025-08-22 20:42:25.831000+00:00,-30.2701,-67.4064,30.9,4.9,mww,103.0,31.0,1.673,0.7,us,us6000r37j,2025-11-12T16:25:37.040Z,"40 km N of San Agustín de Valle Fértil, Argentina",earthquake,5.28,4.025,0.089,12.0,reviewed,us,us,2025-08-22,42191,Argentina,1
2025-08-27 00:04:37.994000+00:00,-61.8937,-64.6163,10.0,5.45,mw,87.0,68.0,2.903,0.71,us,us7000qr7r,2025-11-19T21:59:40.040Z,Drake Passage,earthquake,11.23,1.75,0.063,83.0,reviewed,us,us,2025-08-27,42145,Argentina,-1
2025-08-28 17:02:59.786000+00:00,-22.3676,-65.8268,270.762,5.11,mw,95.0,59.0,2.249,0.97,us,us7000qrkh,2025-11-19T21:59:42.040Z,"37 km SW of La Quiaca, Argentina",earthquake,9.02,6.93,0.03,347.0,reviewed,us,us,2025-08-28,42163,Argentina,2
2025-09-04 04:10:19.917000+00:00,-24.1304,-67.1572,182.0,5.9,mww,117.0,41.0,1.502,1.32,us,us7000qtpj,2025-11-30T23:39:47.040Z,"85 km W of San Antonio de los Cobres, Argentina",earthquake,6.86,1.874,0.037,71.0,reviewed,us,us,2025-09-04,42127,Argentina,2
2025-09-06 18:55:14.747000+00:00,-28.2451,-67.4359,111.607,4.77,mw,97.0,37.0,2.732,0.49,us,us7000qufq,2025-11-30T23:40:20.040Z,"23 km SSE of Tinogasta, Argentina",earthquake,7.74,7.306,0.06,86.0,reviewed,us,us,2025-09-06,42233,Argentina,1
2025-09-11 17:23:28.524000+00:00,-32.0933,-69.4191,119.797,4.77,mw,36.0,43.0,0.839,0.88,us,us7000qvii,2025-12-03T03:58:03.040Z,"84 km S of Calingasta, Argentina",earthquake,4.97,6.084,0.148,13.0,reviewed,us,us,2025-09-11,42227,Argentina,1
2025-09-14 02:58:46.038000+00:00,-22.893,-66.3295,226.514,5.03,mw,54.0,72.0,1.706,0.96,us,us7000qw2i,2025-12-03T03:58:27.040Z,"67 km WSW of Abra Pampa, Argentina",earthquake,8.35,7.063,0.033,276.0,reviewed,us,us,2025-09-14,42176,Argentina,2
2025-09-15 21:32:56.479000+00:00,-60.9261,-62.1434,10.0,4.6,mw,9.0,147.0,3.96,0.42,us,us6000rfnf,2025-12-03T03:58:41.040Z,Drake Passage,earthquake,12.8,1.962,0.187,8.0,reviewed,us,us,2025-09-15,42269,Argentina,-1
2025-09-18 18:03:20.816000+00:00,-32.8568,-69.3216,121.245,4.85,mw,51.0,40.0,0.873,0.76,us,us7000qx1v,2025-12-06T16:00:20.040Z,"46 km W of Mendoza, Argentina",earthquake,5.53,5.222,0.067,65.0,reviewed,us,us,2025-09-18,42226,Argentina,1
2025-09-19 09:39:01.822000+00:00,-28.3435,-69.177,102.507,4.94,mw,94.0,42.0,1.433,0.64,us,us7000qx9c,2025-12-06T16:00:22.040Z,"105 km WNW of Vinchina, Argentina",earthquake,6.68,6.161,0.046,141.0,reviewed,us,us,2025-09-19,42178,Argentina,1
2025-09-21 09:08:59.364000+00:00,-31.9653,-66.9423,145.674,4.94,mw,105.0,51.0,1.53,0.89,us,us7000qxnx,2025-12-06T16:00:26.040Z,"90 km NNW of Villa General Roca, Argentina",earthquake,6.4,5.594,0.034,262.0,reviewed,us,us,2025-09-21,42189,Argentina,1
2025-10-02 21:37:57.993000+00:00,-27.0643,-63.3875,559.2,5.7,mww,102.0,33.0,5.324,0.62,us,us6000recz,2025-12-19T22:49:46.040Z,"15 km WSW of El Hoyo, Argentina",earthquake,10.11,6.338,0.043,51.0,reviewed,us,us,2025-10-02,42140,Argentina,3
2025-10-04 20:35:29.804000+00:00,-30.3532,-69.1484,112.997,4.68,mw,30.0,61.0,0.9,0.69,us,us6000reuf,2025-12-19T22:49:59.040Z,"40 km WSW of San José de Jáchal, Argentina",earthquake,4.88,5.93,0.237,5.0,reviewed,us,us,2025-10-04,42246,Argentina,1
2025-10-09 04:10:56.736000+00:00,-30.8917,-67.0986,39.994,4.0,mwr,38.0,65.0,1.496,0.71,us,us6000rfrq,2026-01-01T23:11:05.040Z,"45 km SE of San Agustín de Valle Fértil, Argentina",earthquake,7.21,6.968,0.056,31.0,reviewed,us,us,2025-10-09,42299,Argentina,1
2025-10-10 20:29:20.075000+00:00,-60.1875,-61.8164,5.639,7.6,mww,402.0,12.0,4.719,0.57,us,us6000rgf4,2026-01-01T23:11:08.040Z,Drake Passage,earthquake,7.29,2.011,0.034,84.0,reviewed,us,us,2025-10-10,42124,Argentina,-1
2025-10-16 02:45:36.399000+00:00,-58.7138,-62.3668,10.0,5.2,mww,49.0,127.0,6.135,0.62,us,us6000rhfe,2026-01-09T15:38:37.040Z,Drake Passage,earthquake,6.64,1.816,0.098,10.0,reviewed,us,us,2025-10-16,42148,Argentina,-1
2025-10-23 21:22:01.801000+00:00,-31.2417,-68.2875,109.632,4.85,mw,36.0,74.0,0.446,1.12,us,us6000rj0i,2026-01-15T22:46:49.040Z,"29 km NE of San Martín, Argentina",earthquake,2.87,5.422,0.172,10.0,reviewed,us,us,2025-10-23,42197,Argentina,1
2025-10-26 10:05:15.134000+00:00,-31.7665,-69.0077,106.276,4.85,mw,70.0,49.0,0.362,0.59,us,us6000rjjj,2026-01-15T22:46:54.040Z,"35 km SW of Villa Basilio Nievas, Argentina",earthquake,5.03,4.958,0.072,57.0,reviewed,us,us,2025-10-26,42213,Argentina,1
2025-10-28 08:42:19.076000+00:00,-31.5078,-66.328,147.125,5.2,mw,84.0,36.0,1.317,0.94,us,us6000rjw2,2026-01-15T22:46:59.040Z,"77 km NW of Candelaria, Argentina",earthquake,6.52,5.514,0.029,383.0,reviewed,us,us,2025-10-28,42148,Argentina,1
2025-10-28 18:17:46.278000+00:00,-30.9493,-69.4723,108.987,5.03,mw,61.0,31.0,0.908,0.63,us,us6000rk0z,2026-01-15T22:46:59.040Z,"42 km N of Calingasta, Argentina",earthquake,4.74,5.577,0.076,52.0,reviewed,us,us,2025-10-28,42172,Argentina,1
2025-11-02 20:19:56.229000+00:00,-59.3722,-61.7089,10.0,4.77,mw,14.0,120.0,5.532,0.3,us,us6000rl4y,2026-01-27T17:59:06.040Z,Drake Passage,earthquake,8.25,1.907,0.169,10.0,reviewed,us,us,2025-11-02,42229,Argentina,-1
2025-11-08 21:33:47.195000+00:00,-57.2058,-68.3105,10.0,4.68,mw,12.0,151.0,3.581,1.26,us,us6000rmam,2026-01-29T22:05:33.040Z,"266 km S of Ushuaia, Argentina",earthquake,10.59,1.965,0.217,6.0,reviewed,us,us,2025-11-08,42250,Argentina,-1
2025-11-09 23:44:25.131000+00:00,-25.0496,-68.7605,93.553,4.77,mw,30.0,71.0,0.761,0.7,us,us6000rmil,2026-01-29T22:05:23.040Z,"176 km NW of Antofagasta de la Sierra, Argentina",earthquake,7.64,6.486,0.124,19.0,reviewed,us,us,2025-11-09,42228,Argentina,2
2025-11-10 09:10:21.093000+00:00,-37.595,-69.999,212.402,5.2,mw,69.0,101.0,2.297,0.84,us,us6000rmka,2026-01-29T22:05:33.040Z,"34 km SE of Chos Malal, Argentina",earthquake,8.63,6.993,0.068,68.0,reviewed,us,us,2025-11-10,42153,Argentina,-1
2025-11-10 16:57:44.711000+00:00,-56.135,-68.3922,10.0,4.43,mw,10.0,145.0,2.584,0.82,us,us6000rmms,2026-01-29T22:05:34.040Z,"147 km S of Ushuaia, Argentina",earthquake,7.76,1.93,0.259,4.0,reviewed,us,us,2025-11-10,42278,Argentina,-1
2025-11-11 15:00:04.341000+00:00,-24.8468,-63.4487,574.308,4.68,mw,106.0,31.0,4.722,0.78,us,us6000rmrw,2026-01-29T22:05:25.040Z,"71 km SE of Apolinario Saravia, Argentina",earthquake,10.81,7.067,0.059,81.0,reviewed,us,us,2025-11-11,42239,Argentina,-1
2025-11-14 04:37:37.768000+00:00,-28.0386,-66.7387,157.596,4.85,mw,49.0,43.0,3.277,0.84,us,us6000rn73,2026-02-10T15:55:09.040Z,"52 km SE of Londres, Argentina",earthquake,4.8,8.753,0.171,10.0,reviewed,us,us,2025-11-14,42203,Argentina,1
2025-11-15 07:10:02.334000+00:00,-23.6271,-66.6297,214.992,4.85,mw,81.0,46.0,1.575,0.99,us,us6000rnfj,2026-02-10T15:55:10.040Z,"72 km NNW of San Antonio de los Cobres, Argentina",earthquake,9.86,7.277,0.062,76.0,reviewed,us,us,2025-11-15,42210,Argentina,2
2025-11-20 19:45:23.414000+00:00,-31.2384,-68.9387,116.914,5.03,mw,40.0,46.0,0.383,1.19,us,us6000rpfi,2026-02-20T16:07:32.040Z,"39 km NNW of Villa Basilio Nievas, Argentina",earthquake,4.46,3.412,0.108,26.0,reviewed,us,us,2025-11-20,42175,Argentina,1
2025-11-21 03:33:43.707000+00:00,-32.5658,-66.8056,162.116,4.77,mw,55.0,81.0,1.551,0.92,us,us6000rphm,2026-02-20T16:07:32.040Z,"35 km WNW of Villa General Roca, Argentina",earthquake,7.04,6.304,0.112,23.0,reviewed,us,us,2025-11-21,42232,Argentina,1
2025-11-28 07:13:31.893000+00:00,-22.7597,-66.771,219.095,5.11,mw,59.0,43.0,1.313,0.86,us,us7000reaz,2026-02-25T16:18:36.040Z,"110 km W of Abra Pampa, Argentina",earthquake,10.65,7.314,0.059,90.0,reviewed,us,us,2025-11-28,42168,Argentina,2
2025-12-02 23:28:31.827000+00:00,-32.2965,-68.5182,37.463,4.4,mwr,56.0,40.0,0.76,0.72,us,us6000rs3h,2026-02-25T16:18:43.040Z,"68 km S of Pocito, Argentina",earthquake,6.18,5.949,0.043,51.0,reviewed,us,us,2025-12-02,42283,Argentina,1
2025-12-10 00:15:23.118000+00:00,-28.6596,-67.9831,10.0,4.68,mw,15.0,165.0,2.263,0.38,us,us6000rtrn,2026-03-10T22:18:33.040Z,"24 km ENE of Vinchina, Argentina",earthquake,4.41,1.901,0.376,2.0,reviewed,us,us,2025-12-10,42238,Argentina,1
2025-12-14 15:54:18.757000+00:00,-59.3012,-60.2417,10.0,5.11,mw,30.0,113.0,5.776,0.63,us,us6000rutt,2026-03-10T22:18:41.040Z,Drake Passage,earthquake,10.53,1.915,0.095,38.0,reviewed,us,us,2025-12-14,42171,Argentina,-1
2025-12-21 07:02:23.224000+00:00,-30.8379,-65.4287,189.332,5.11,mw,42.0,53.0,1.415,0.9,us,us6000rway,2026-03-19T13:56:09.040Z,"22 km S of Serrezuela, Argentina",earthquake,8.79,7.168,0.084,44.0,reviewed,us,us,2025-12-21,42161,Argentina,-1
2025-12-27 10:40:49.838000+00:00,-28.2562,-63.1342,593.431,5.6,mww,100.0,33.0,4.268,0.79,us,us7000rl1p,2026-04-01T22:48:20.040Z,"37 km NW of Añatuya, Argentina",earthquake,9.13,6.262,0.046,46.0,reviewed,us,us,2025-12-27,42141,Argentina,3
2025-12-30 08:10:41.241000+00:00,-31.415,-67.7291,10.0,4.85,mw,35.0,41.0,0.815,1.1,us,us7000rlh8,2026-04-01T22:48:38.040Z,"58 km ENE of Caucete, Argentina",earthquake,5.35,1.9,0.121,21.0,reviewed,us,us,2025-12-30,42220,Argentina,1
2026-01-04 22:29:39.778000+00:00,-28.9012,-67.4819,117.65,4.6,mw,18.0,103.0,2.518,0.33,us,us7000rmha,2026-04-07T22:11:54.040Z,"28 km N of Chilecito, Argentina",earthquake,5.23,9.328,0.16,11.0,reviewed,us,us,2026-01-04,42258,Argentina,1
2026-01-20 23:07:42.761000+00:00,-30.6265,-65.0006,10.0,4.6,mw,23.0,253.0,1.582,0.7,us,us7000rqzg,2026-04-18T14:47:35.040Z,"21 km WNW of Cruz del Eje, Argentina",earthquake,8.48,1.984,0.235,5.0,reviewed,us,us,2026-01-20,42275,Argentina,-1
2026-01-22 19:40:29.855000+00:00,-32.1241,-68.071,150.326,4.68,mw,29.0,73.0,0.77,0.74,us,us7000rrfs,2026-04-21T16:28:00.040Z,"56 km SSE of Caucete, Argentina",earthquake,8.25,9.703,0.201,7.0,reviewed,us,us,2026-01-22,42461,Argentina,1
2026-01-31 23:28:10.031000+00:00,-31.6656,-69.995,135.867,4.77,mw,38.0,89.0,0.915,0.63,us,us6000s5sr,2026-04-23T20:43:18.040Z,"65 km SW of Calingasta, Argentina",earthquake,6.0,7.274,0.138,15.0,reviewed,us,us,2026-01-31,42450,Argentina,1
2026-02-06 03:44:54.252000+00:00,-28.8387,-68.7771,110.911,4.9,mww,102.0,38.0,1.615,1.04,us,us6000s6v4,2026-05-01T14:35:43.040Z,"56 km W of Vinchina, Argentina",earthquake,6.19,4.767,0.057,30.0,reviewed,us,us,2026-02-06,42386,Argentina,1
2026-02-10 05:24:57.003000+00:00,-27.8219,-66.9598,178.7,4.85,mw,37.0,83.0,3.048,1.03,us,us6000s7kw,2026-05-01T14:35:49.040Z,"20 km SE of Londres, Argentina",earthquake,8.05,8.529,0.116,22.0,reviewed,us,us,2026-02-10,42403,Argentina,1
2026-02-11 08:16:05.625000+00:00,-51.4474,-72.0066,10.0,5.03,mw,37.0,105.0,1.437,0.72,us,us6000s7sd,2026-05-01T14:35:50.040Z,"20 km NE of 28 de Noviembre, Argentina",earthquake,9.58,1.889,0.088,42.0,reviewed,us,us,2026-02-11,42352,Argentina,-1
2026-02-19 11:15:34.594000+00:00,-39.6619,-56.5906,10.0,5.03,mw,45.0,70.0,9.974,1.0,us,us6000sa5t,2026-05-12T17:28:01.040Z,"202 km SSE of Mar del Plata, Argentina",earthquake,9.46,1.89,0.093,35.0,reviewed,us,us,2026-02-19,42344,Argentina,-1
2026-02-27 18:31:18.635000+00:00,-60.2661,-61.5252,10.0,5.54,mw,150.0,46.0,4.673,0.61,us,us7000s0v7,2026-05-15T22:02:30.040Z,Drake Passage,earthquake,7.43,1.724,0.053,121.0,reviewed,us,us,2026-02-27,42316,Argentina,-1
2026-02-28 23:05:32.048000+00:00,-31.2158,-68.7983,125.732,4.68,mw,25.0,199.0,1.665,1.04,us,us7000s14r,2026-05-15T22:02:34.040Z,"35 km NW of Albardón, Argentina",earthquake,9.86,14.682,0.239,5.0,reviewed,us,us,2026-02-28,42458,Argentina,1
2026-03-01 22:07:42.243000+00:00,-31.1135,-70.2042,127.345,4.85,mw,40.0,56.0,0.498,0.64,us,us7000s1bq,2026-05-15T22:02:36.040Z,"78 km WNW of Calingasta, Argentina",earthquake,3.08,5.709,0.156,12.0,reviewed,us,us,2026-03-01,42415,Argentina,1
2026-03-06 13:24:46.246000+00:00,-59.3852,-62.9872,10.0,4.85,mw,21.0,158.0,5.432,0.81,us,us7000s2m7,2026-05-22T21:58:37.040Z,Drake Passage,earthquake,8.21,1.736,0.128,18.0,reviewed,us,us,2026-03-06,42401,Argentina,-1
2026-03-13 14:58:59.173000+00:00,-28.7764,-67.5058,122.329,4.6,mw,32.0,82.0,2.556,0.81,us,us6000sg17,2026-05-26T19:16:55.040Z,"42 km N of Chilecito, Argentina",earthquake,4.58,8.573,0.152,12.0,reviewed,us,us,2026-03-13,42463,Argentina,1
2026-03-14 17:36:09.667000+00:00,-42.4502,-71.9467,9.11,5.03,mw,58.0,126.0,0.744,0.54,us,us6000sgbr,2026-05-26T19:16:57.040Z,"51 km SSW of Lago Puelo, Argentina",earthquake,5.4,4.523,0.076,53.0,reviewed,us,us,2026-03-14,42351,Argentina,-1
2026-03-20 13:13:29.792000+00:00,-24.5774,-66.8199,210.514,4.94,mw,38.0,117.0,2.041,0.91,us,us6000shtc,2026-06-04T18:37:54.040Z,"64 km SW of San Antonio de los Cobres, Argentina",earthquake,9.39,6.074,0.136,16.0,reviewed,us,us,2026-03-20,42359,Argentina,2
2026-03-21 10:00:38.214000+00:00,-24.0238,-67.1055,196.009,5.6,mww,116.0,35.0,1.452,0.82,us,us6000si4j,2026-06-04T18:37:56.040Z,"82 km WNW of San Antonio de los Cobres, Argentina",earthquake,6.32,5.932,0.06,27.0,reviewed,us,us,2026-03-21,42310,Argentina,2
2026-04-17 06:19:48.509000+00:00,-31.4474,-69.3163,120.379,5.11,mw,56.0,44.0,0.56,1.26,us,us6000sqqg,2026-07-03T01:37:59.040Z,"16 km SE of Calingasta, Argentina",earthquake,5.64,4.963,0.031,325.0,reviewed,us,us,2026-04-17,42337,Argentina,1
2026-04-17 23:15:05.069000+00:00,-24.9149,-68.2097,126.28,4.51,mw,25.0,87.0,1.276,0.76,us,us6000sqzj,2026-07-03T01:38:03.040Z,"150 km NNW of Antofagasta de la Sierra, Argentina",earthquake,5.98,14.329,0.233,5.0,reviewed,us,us,2026-04-17,42466,Argentina,2
2026-04-23 20:32:18.474000+00:00,-28.4145,-63.3074,570.615,4.77,mw,88.0,36.0,5.601,0.72,us,us6000ssf4,2026-07-11T19:57:48.040Z,"40 km WNW of Colonia Dora, Argentina",earthquake,11.63,2.988,0.086,39.0,reviewed,us,us,2026-04-23,42442,Argentina,3
2026-04-25 02:56:29.095000+00:00,-27.886,-66.5712,157.05,4.85,mw,44.0,46.0,3.398,1.15,us,us6000ssr1,2026-07-11T19:57:59.040Z,"42 km SW of Andalgalá, Argentina",earthquake,8.86,8.53,0.136,16.0,reviewed,us,us,2026-04-25,42392,Argentina,1
2026-05-02 05:04:58.592000+00:00,-30.0716,-66.4646,27.073,4.2,mwr,102.0,48.0,2.4,0.82,us,us7000shps,2026-06-12T13:30:34.040Z,"35 km NNW of Chamical, Argentina",earthquake,8.13,4.99,0.075,17.0,reviewed,us,us,2026-05-02,42467,Argentina,-1
2026-05-04 09:06:20.389000+00:00,-29.4719,-68.0272,10.0,4.94,mw,32.0,70.0,1.867,0.94,us,us7000si40,2026-05-28T06:09:19.040Z,"61 km WSW of Chilecito, Argentina",earthquake,5.23,1.926,0.207,7.0,reviewed,us,us,2026-05-04,42358,Argentina,1
2026-05-08 01:29:18.066000+00:00,-23.7528,-66.4982,198.172,4.8,mww,117.0,49.0,1.738,0.78,us,us6000sw3f,2026-06-02T01:44:53.040Z,"54 km NNW of San Antonio de los Cobres, Argentina",earthquake,8.5,6.169,0.078,16.0,reviewed,us,us,2026-05-08,42427,Argentina,2
2026-05-16 10:59:47.163000+00:00,-22.8968,-66.2495,242.778,5.03,mw,63.0,52.0,1.779,0.77,us,us6000sy6x,2026-05-26T10:05:18.040Z,"59 km WSW of Abra Pampa, Argentina",earthquake,5.93,7.122,0.032,291.0,reviewed,us,us,2026-05-16,42339,Argentina,2
2026-05-20 02:34:06.114000+00:00,-28.2753,-66.1089,10.0,4.85,mw,36.0,107.0,3.87,1.08,us,us6000syvz,2026-06-06T00:25:05.040Z,"6 km NNE of Mutquín, Argentina",earthquake,10.02,1.927,0.163,11.0,reviewed,us,us,2026-05-20,42386,Argentina,1
2026-05-28 03:15:50.001000+00:00,-33.2547,-68.7721,10.0,4.77,mw,25.0,107.0,1.15,0.98,us,us7000sp03,2026-06-23T03:23:31.040Z,"34 km SW of San Martín, Argentina",earthquake,4.8,1.908,0.179,9.0,reviewed,us,us,2026-05-28,42435,Argentina,1
2026-05-31 05:50:06.102000+00:00,-30.9802,-65.674,180.733,4.85,mw,31.0,86.0,1.35,0.85,us,us7000spmd,2026-06-06T05:56:11.040Z,"44 km S of Castro Barros, Argentina",earthquake,10.23,8.549,0.119,21.0,reviewed,us,us,2026-05-31,42394,Argentina,-1
2026-05-31 22:18:34.405000+00:00,-31.2313,-68.4022,114.49,4.68,mw,36.0,52.0,0.389,1.08,us,us7000spqp,2026-06-25T03:10:13.040Z,"23 km NNE of San Martín, Argentina",earthquake,5.11,5.03,0.147,13.0,reviewed,us,us,2026-05-31,42454,Argentina,1
2026-06-05 06:54:48.871000+00:00,-31.8441,-66.9632,131.218,5.28,mw,67.0,59.0,1.485,1.19,us,us7000sqtb,2026-07-01T05:17:34.040Z,"103 km NNW of Villa General Roca, Argentina",earthquake,6.54,5.976,0.105,29.0,reviewed,us,us,2026-06-05,42321,Argentina,1
2026-06-12 17:54:29.188000+00:00,-23.0612,-66.7828,201.598,5.2,mw,31.0,60.0,1.291,1.08,us,us7000ssir,2026-06-25T16:56:42.040Z,"114 km W of El Aguilar, Argentina",earthquake,9.75,8.856,0.155,13.0,reviewed,us,us,2026-06-12,42329,Argentina,2
2026-06-20 01:22:21.972000+00:00,-22.4779,-66.2057,251.259,5.11,mw,47.0,82.0,1.882,0.78,us,us7000suru,2026-07-10T00:40:12.040Z,"58 km WNW of Abra Pampa, Argentina",earthquake,8.63,7.862,0.107,27.0,reviewed,us,us,2026-06-20,42338,Argentina,2
2026-06-21 20:05:26.301000+00:00,-60.0696,-62.3195,10.0,5.28,mw,49.0,104.0,4.79,0.61,us,us7000sv17,2026-06-28T15:16:54.040Z,Drake Passage,earthquake,8.69,1.854,0.086,43.0,reviewed,us,us,2026-06-21,42320,Argentina,-1
2026-06-24 08:57:00.388000+00:00,-27.1825,-63.1861,587.411,4.85,mw,72.0,85.0,5.261,0.62,us,us6000t7tg,2026-06-24T09:14:28.040Z,"17 km SSE of El Hoyo, Argentina",earthquake,11.69,7.143,0.031,303.0,reviewed,us,us,2026-06-24,42419,Argentina,3
2026-06-28 03:12:06.495000+00:00,-31.5471,-67.964,109.673,4.77,mw,36.0,74.0,0.603,0.82,us,us6000t8s8,2026-06-28T03:35:49.027Z,"32 km ENE of Caucete, Argentina",earthquake,7.46,6.387,0.161,11.0,reviewed,us,us,2026-06-28,42430,Argentina,1
2026-07-01 04:34:13.180000+00:00,-30.6831,-64.382,10.0,4.77,mw,37.0,65.0,1.62,0.7,us,us6000t9c5,2026-07-02T02:29:18.698Z,"24 km NE of Capilla del Monte, Argentina",earthquake,7.46,1.897,0.161,11.0,reviewed,us,us,2026-07-01,42430,Argentina,-1
2026-07-03 16:03:52.289000+00:00,-28.2464,-69.0428,95.314,4.85,mw,22.0,72.0,1.644,1.02,us,us6000t9uw,2026-07-10T15:22:03.040Z,"99 km NW of Vinchina, Argentina",earthquake,4.91,9.004,0.242,5.0,reviewed,us,us,2026-07-03,42407,Argentina,1
2026-07-06 08:56:01.773000+00:00,-31.8044,-68.2837,115.97,4.68,mw,38.0,80.0,0.419,1.12,us,us6000tadk,2026-07-08T08:39:17.040Z,"16 km S of Caucete, Argentina",earthquake,4.71,8.754,0.168,10.0,reviewed,us,us,2026-07-06,42451,Argentina,1
2026-07-07 01:26:45.626000+00:00,-57.3319,-66.7593,10.0,5.8,mww,131.0,65.0,4.776,0.98,us,us6000takd,2026-07-08T01:55:42.204Z,"296 km SSE of Ushuaia, Argentina",earthquake,10.51,1.72,0.06,27.0,reviewed,us,us,2026-07-07,42301,Argentina,-1
