time,latitude,longitude,depth,mag,magType,nst,gap,dmin,rms,net,id,updated,place,type,horizontalError,depthError,magError,magNst,status,locationSource,magSource,Date,Day_Number,country,cluster
1902-04-19 02:24:00+00:00,14.93,-91.5,,7.5,mw,,,,,official,official19020419022400000,2025-05-15T18:24:45.513Z,"Near Quetzaltenango, Guatemala",earthquake,,,,,reviewed,official,official,1902-04-19,0,Guatemala,1
1907-09-23 21:40:03.050000+00:00,13.836,-90.46,10.0,6.45,mw,,,,,iscgem,iscgem610548700,2022-04-25T20:41:38.415Z,"25 km S of Taxisco, Guatemala",earthquake,,37.8,0.2,,reviewed,iscgem,iscgem,1907-09-23,1983,Guatemala,1
1912-06-12 12:43:26.570000+00:00,15.155,-89.104,15.0,6.7,mw,,,,,iscgem,iscgem16958197,2022-04-25T20:34:08.802Z,"11 km S of Los Amates, Guatemala",earthquake,,4.3,0.2,,reviewed,iscgem,iscgem,1912-06-12,3707,Guatemala,2
1918-01-25 01:21:03.150000+00:00,14.927,-90.131,15.0,6.4,mw,,,,,iscgem,iscgem913044,2022-04-25T23:55:00.895Z,"1 km ESE of Morazán, Guatemala",earthquake,,6.7,0.2,,reviewed,iscgem,iscgem,1918-01-25,5760,Guatemala,1
1919-04-17 20:53:07.270000+00:00,14.078,-91.723,35.0,6.96,mw,,,,,iscgem,iscgem912762,2022-04-25T23:51:23.820Z,"31 km SE of Champerico, Guatemala",earthquake,,18.8,0.27,,reviewed,iscgem,iscgem,1919-04-17,6207,Guatemala,1
1919-07-17 16:19:50.430000+00:00,12.507,-91.383,15.0,6.04,mw,,,,,iscgemsup,iscgemsup912853,2022-05-09T18:02:01.312Z,"168 km SSW of Puerto San José, Guatemala",earthquake,,25.0,0.43,,reviewed,iscgemsup,iscgemsup,1919-07-17,6298,Guatemala,1
1921-02-04 08:22:40.620000+00:00,15.662,-90.791,15.0,7.11,mw,,,,,iscgem,iscgem912158,2022-04-25T23:42:51.318Z,"32 km NE of Chajul, Guatemala",earthquake,,25.0,0.5,,reviewed,iscgem,iscgem,1921-02-04,6866,Guatemala,1
1925-09-04 10:36:11.450000+00:00,15.337,-91.152,15.0,5.53,mw,,,,,iscgem,iscgem910668,2022-04-25T23:27:50.107Z,"7 km S of Nebaj, Guatemala",earthquake,,25.0,0.2,,reviewed,iscgem,iscgem,1925-09-04,8539,Guatemala,1
1926-03-24 10:55:01.670000+00:00,14.067,-91.065,35.0,5.86,mw,,,,,iscgem,iscgem909788,2022-04-25T23:15:05.639Z,"2 km SW of La Gomera, Guatemala",earthquake,,23.5,0.2,,reviewed,iscgem,iscgem,1926-03-24,8740,Guatemala,1
1927-05-09 20:05:52.500000+00:00,15.722,-91.757,15.0,6.16,mw,,,,,iscgem,iscgem909238,2022-04-25T23:04:26.139Z,"7 km NW of Jacaltenango, Guatemala",earthquake,,14.9,0.22,,reviewed,iscgem,iscgem,1927-05-09,9151,Guatemala,1
1929-01-31 18:05:42.560000+00:00,13.223,-91.705,30.0,6.01,mw,,,,,iscgem,iscgem907882,2022-04-25T22:36:36.915Z,"116 km SSW of Nueva Concepción, Guatemala",earthquake,,15.1,0.2,,reviewed,iscgem,iscgem,1929-01-31,9794,Guatemala,1
1929-02-10 15:39:19.120000+00:00,13.5,-90.897,30.0,6.63,mw,,,,,iscgem,iscgem907897,2022-04-25T22:36:58.568Z,near the coast of Guatemala,earthquake,,22.4,0.2,,reviewed,iscgem,iscgem,1929-02-10,9784,near the coast of Guatemala,1
1929-03-21 02:37:07.630000+00:00,13.454,-90.668,35.0,6.41,mw,,,,,iscgem,iscgem907957,2022-04-25T22:37:36.945Z,"53 km S of Iztapa, Guatemala",earthquake,,29.4,0.2,,reviewed,iscgem,iscgem,1929-03-21,9833,Guatemala,1
1929-04-27 11:41:31.120000+00:00,12.875,-90.882,15.0,5.74,mw,,,,,iscgem,iscgem908042,2022-04-25T22:39:14.937Z,"116 km S of Puerto San José, Guatemala",earthquake,,23.0,0.2,,reviewed,iscgem,iscgem,1929-04-27,9964,Guatemala,1
1929-05-12 09:34:47.630000+00:00,13.139,-92.177,15.0,5.82,mw,,,,,iscgem,iscgem908073,2022-04-25T22:39:52.376Z,"130 km SSW of Champerico, Guatemala",earthquake,,25.0,0.2,,reviewed,iscgem,iscgem,1929-05-12,9870,Guatemala,1
1929-07-30 07:43:48.980000+00:00,13.808,-92.336,45.0,5.81,mw,,,,,iscgem,iscgem908240,2022-04-25T22:42:45.569Z,"70 km SW of Champerico, Guatemala",earthquake,,24.8,0.3,,reviewed,iscgem,iscgem,1929-07-30,9885,Guatemala,1
1930-07-14 22:40:39.670000+00:00,14.113,-90.096,15.0,6.81,mw,,,,,iscgem,iscgem907498,2022-04-25T22:30:25.995Z,"8 km NNW of Moyuta, Guatemala",earthquake,,25.0,0.29,,reviewed,iscgem,iscgem,1930-07-14,10313,Guatemala,1
1930-07-27 18:58:39.400000+00:00,13.426,-91.891,15.0,5.93,mw,,,,,iscgem,iscgem907524,2022-04-25T22:30:54.631Z,"95 km S of Champerico, Guatemala",earthquake,,19.9,0.2,,reviewed,iscgem,iscgem,1930-07-27,10326,Guatemala,1
1931-04-01 13:13:49.970000+00:00,13.762,-91.877,35.0,5.79,mw,,,,,iscgem,iscgem906697,2022-04-25T22:15:08.836Z,"58 km S of Champerico, Guatemala",earthquake,,15.6,0.2,,reviewed,iscgem,iscgem,1931-04-01,10574,Guatemala,1
1931-09-26 20:03:05.120000+00:00,12.969,-91.475,15.0,6.33,mw,,,,,iscgem,iscgem907039,2022-04-25T22:22:45.097Z,"127 km SSW of Puerto San José, Guatemala",earthquake,,15.1,0.2,,reviewed,iscgem,iscgem,1931-09-26,10752,Guatemala,1
1934-12-24 14:35:37.860000+00:00,14.039,-90.615,30.0,5.96,mw,,,,,iscgem,iscgem905318,2022-04-25T21:50:45.830Z,"15 km NE of Iztapa, Guatemala",earthquake,,37.8,0.2,,reviewed,iscgem,iscgem,1934-12-24,11937,Guatemala,1
1936-11-19 21:10:24.170000+00:00,13.8,-90.572,45.0,6.81,mw,,,,,iscgem,iscgem903953,2022-04-25T21:30:22.294Z,"20 km SE of Iztapa, Guatemala",earthquake,,37.8,0.22,,reviewed,iscgem,iscgem,1936-11-19,12633,Guatemala,1
1937-09-15 23:48:53.320000+00:00,14.594,-91.273,15.0,6.43,mw,,,,,iscgem,iscgem903252,2022-04-25T21:16:42.351Z,"6 km SW of Santiago Atitlán, Guatemala",earthquake,,23.1,0.23,,reviewed,iscgem,iscgem,1937-09-15,12933,Guatemala,1
1937-09-28 06:20:49.380000+00:00,13.556,-91.522,15.0,6.16,mw,,,,,iscgem,iscgem903276,2022-04-25T21:17:04.589Z,near the coast of Guatemala,earthquake,,22.1,0.2,,reviewed,iscgem,iscgem,1937-09-28,12946,near the coast of Guatemala,1
1939-01-20 20:40:22.010000+00:00,13.076,-91.305,15.0,6.2,mw,,,,,iscgem,iscgem901776,2022-04-25T20:42:16.408Z,"107 km SSW of Puerto San José, Guatemala",earthquake,,15.1,0.31,,reviewed,iscgem,iscgem,1939-01-20,13425,Guatemala,1
1939-12-05 08:30:15.210000+00:00,14.406,-91.804,45.0,6.82,mw,,,,,iscgem,iscgem902250,2022-04-25T20:25:36.472Z,"17 km NE of Champerico, Guatemala",earthquake,,11.8,0.31,,reviewed,iscgem,iscgem,1939-12-05,13744,Guatemala,1
1940-07-27 13:32:28.260000+00:00,13.957,-91.417,35.0,6.8,mw,,,,,iscgem,iscgem901506,2022-04-26T19:36:17.684Z,"29 km SSW of Nueva Concepción, Guatemala",earthquake,,18.8,0.37,,reviewed,iscgem,iscgem,1940-07-27,13979,Guatemala,1
1942-08-06 23:37:02.910000+00:00,13.863,-91.162,35.0,7.7,mw,,,,,iscgem,iscgem900408,2022-04-26T19:19:57.103Z,"26 km SSW of La Gomera, Guatemala",earthquake,,23.5,0.3,,reviewed,iscgem,iscgem,1942-08-06,14719,Guatemala,1
1948-07-16 07:12:24.860000+00:00,14.31,-91.24,41.4,6.25,mw,,,,,iscgem,iscgem897437,2022-04-26T18:43:52.646Z,"13 km SE of Río Bravo, Guatemala",earthquake,,5.0,0.55,,reviewed,iscgem,iscgem,1948-07-16,16890,Guatemala,1
1950-04-15 14:51:26.750000+00:00,13.618,-91.307,35.0,6.01,mw,,,,,iscgem,iscgem895374,2022-04-26T18:24:54.012Z,"58 km SSW of La Gomera, Guatemala",earthquake,,4.6,0.2,,reviewed,iscgem,iscgem,1950-04-15,17528,Guatemala,1
1950-10-23 16:13:28.750000+00:00,14.31,-91.917,65.3,7.17,mw,,,,,iscgem,iscgem895966,2022-04-26T18:31:36.545Z,"1 km NNW of Champerico, Guatemala",earthquake,,6.0,0.32,,reviewed,iscgem,iscgem,1950-10-23,17719,Guatemala,1
1950-11-05 16:35:25.800000+00:00,14.078,-92.156,35.0,5.87,mw,,,,,iscgem,iscgem896027,2022-04-26T18:32:07.147Z,"35 km SW of Champerico, Guatemala",earthquake,,15.6,0.2,,reviewed,iscgem,iscgem,1950-11-05,17832,Guatemala,1
1951-02-13 16:28:02.270000+00:00,13.404,-90.818,25.0,5.88,mw,,,,,iscgem,iscgem894106,2022-04-26T18:13:05.712Z,"57 km S of Puerto San José, Guatemala",earthquake,,22.4,0.2,,reviewed,iscgem,iscgem,1951-02-13,17732,Guatemala,1
1952-07-15 06:06:25.090000+00:00,14.168,-92.254,35.0,5.77,mw,,,,,iscgem,iscgem893147,2022-04-26T18:05:05.972Z,"38 km S of Ocós, Guatemala",earthquake,,4.7,0.2,,reviewed,iscgem,iscgem,1952-07-15,18350,Guatemala,1
1953-08-24 13:21:00.540000+00:00,14.196,-91.43,59.4,5.89,mw,,,,,iscgem,iscgem891941,2022-04-26T17:54:25.504Z,"12 km SW of Tiquisate, Guatemala",earthquake,,6.1,0.4,,reviewed,iscgem,iscgem,1953-08-24,18755,Guatemala,1
1953-11-17 13:29:56.660000+00:00,13.486,-92.228,25.0,6.81,mw,,,,,iscgem,iscgem892163,2022-04-26T17:57:50.633Z,"95 km SSW of Champerico, Guatemala",earthquake,,19.9,0.54,,reviewed,iscgem,iscgem,1953-11-17,18840,Guatemala,1
1954-03-11 10:30:10.910000+00:00,13.901,-91.011,60.0,5.86,mw,,,,,iscgem,iscgem890428,2022-04-26T17:41:56.613Z,"20 km SSE of La Gomera, Guatemala",earthquake,,5.2,0.45,,reviewed,iscgem,iscgem,1954-03-11,18954,Guatemala,1
1954-10-21 06:51:52.820000+00:00,14.006,-90.403,66.0,6.09,mw,,,,,iscgemsup,iscgemsup891181,2022-05-09T20:08:11.782Z,"7 km S of Guazacapán, Guatemala",earthquake,,6.1,0.89,,reviewed,iscgemsup,iscgemsup,1954-10-21,19178,Guatemala,1
1955-05-25 03:08:58.410000+00:00,13.158,-92.159,15.0,5.56,mw,,,,,iscgem,iscgem889559,2022-04-26T17:34:17.488Z,"128 km SSW of Champerico, Guatemala",earthquake,,25.0,0.63,,reviewed,iscgem,iscgem,1955-05-25,19489,Guatemala,1
1955-08-28 20:13:35.470000+00:00,13.671,-90.94,44.8,6.71,mw,,,,,iscgem,iscgem889867,2022-04-26T17:36:02.382Z,"31 km SSW of Puerto San José, Guatemala",earthquake,,6.0,0.41,,reviewed,iscgem,iscgem,1955-08-28,19394,Guatemala,1
1956-07-03 15:46:44.480000+00:00,13.212,-90.681,25.0,5.68,mw,,,,,iscgem,iscgem888424,2022-04-26T17:25:07.298Z,"79 km S of Iztapa, Guatemala",earthquake,,13.3,0.26,,reviewed,iscgem,iscgem,1956-07-03,19869,Guatemala,1
1956-09-11 09:54:35.120000+00:00,13.549,-91.11,25.0,5.93,mw,,,,,iscgem,iscgem888681,2022-04-26T17:26:22.613Z,"52 km SW of Puerto San José, Guatemala",earthquake,,22.4,0.43,,reviewed,iscgem,iscgem,1956-09-11,19799,Guatemala,1
1957-03-25 02:28:37.960000+00:00,12.992,-91.076,25.0,5.62,mw,,,,,iscgem,iscgem886258,2022-04-26T17:10:10.063Z,"107 km SSW of Puerto San José, Guatemala",earthquake,,23.0,0.35,,reviewed,iscgem,iscgem,1957-03-25,20064,Guatemala,1
1957-07-21 06:04:10.190000+00:00,14.204,-92.149,35.0,5.81,mw,,,,,iscgem,iscgem886884,2022-04-26T17:15:02.850Z,"27 km WSW of Champerico, Guatemala",earthquake,,4.7,0.26,,reviewed,iscgem,iscgem,1957-07-21,20182,Guatemala,1
1958-07-09 15:18:15.510000+00:00,13.599,-91.999,35.0,5.66,mw,,,,,iscgem,iscgem884701,2022-04-26T16:59:42.697Z,"77 km S of Champerico, Guatemala",earthquake,,19.9,0.58,,reviewed,iscgem,iscgem,1958-07-09,20535,Guatemala,1
1960-04-13 12:37:44.210000+00:00,15.425,-92.014,20.0,5.79,mw,,,,,iscgem,iscgem878790,2022-04-26T16:28:54.256Z,"7 km WNW of Cuilco, Guatemala",earthquake,,14.9,0.2,,reviewed,iscgem,iscgem,1960-04-13,21179,Guatemala,1
1961-09-01 18:50:36.550000+00:00,13.573,-92.267,29.0,5.92,mw,,,,,iscgem,iscgem877305,2022-04-26T16:23:11.903Z,"88 km SSW of Champerico, Guatemala",earthquake,,4.5,0.2,,reviewed,iscgem,iscgem,1961-09-01,21685,Guatemala,1
1964-08-07 15:31:18.790000+00:00,14.213,-91.804,54.0,5.47,mw,,,,,iscgem,iscgem864984,2025-12-19T18:13:32.447Z,"14 km SE of Champerico, Guatemala",earthquake,,15.6,0.21,,reviewed,iscgem,iscgem,1964-08-07,22756,Guatemala,1
1964-09-14 15:45:22.160000+00:00,15.484,-90.978,15.0,5.19,mw,,,,,iscgem,iscgem864398,2022-04-26T23:58:17.923Z,"6 km E of Chajul, Guatemala",earthquake,,25.0,0.42,,reviewed,iscgem,iscgem,1964-09-14,22886,Guatemala,1
1964-12-15 12:13:25.520000+00:00,14.642,-91.724,98.9,5.57,mw,,,,,iscgem,iscgem861919,2022-04-26T23:51:18.884Z,"5 km N of El Asintal, Guatemala",earthquake,,5.1,0.2,,reviewed,iscgem,iscgem,1964-12-15,22794,Guatemala,1
1966-12-10 13:06:34.660000+00:00,14.339,-91.937,64.7,6.56,mw,,,,,iscgem,iscgem840559,2025-12-19T18:21:47.614Z,"5 km NNW of Champerico, Guatemala",earthquake,,5.4,0.2,,reviewed,iscgem,iscgem,1966-12-10,23611,Guatemala,1
1969-04-21 02:19:06.980000+00:00,14.146,-91.001,65.0,6.01,mw,,,,,iscgem,iscgem810035,2025-12-19T19:11:13.704Z,"9 km NE of La Gomera, Guatemala",earthquake,,5.3,0.2,,reviewed,iscgem,iscgem,1969-04-21,24474,Guatemala,1
1970-02-08 16:19:20.250000+00:00,14.64,-90.177,15.0,5.13,mw,,,,,iscgem,iscgem798947,2022-04-26T21:48:36.360Z,"12 km N of Mataquescuintla, Guatemala",earthquake,,25.0,0.2,,reviewed,iscgem,iscgem,1970-02-08,24827,Guatemala,1
1970-04-09 16:24:29.230000+00:00,13.109,-92.341,15.0,5.72,mw,,,,,iscgem,iscgem796529,2025-12-19T19:06:05.418Z,"139 km SSW of Champerico, Guatemala",earthquake,,3.7,0.2,,reviewed,iscgem,iscgem,1970-04-09,24767,Guatemala,1
1971-02-19 06:27:59.190000+00:00,14.1,-91.737,62.0,5.22,mw,,,,,iscgemsup,iscgemsup787511,2026-01-07T19:09:05.010Z,"28 km SE of Champerico, Guatemala",earthquake,,18.8,0.31,,reviewed,iscgemsup,iscgemsup,1971-02-19,25241,Guatemala,1
1971-05-28 14:12:07.500000+00:00,14.683,-91.383,120.2,5.57,mw,,,,,iscgem,iscgem785082,2022-04-26T21:17:03.276Z,"6 km NNE of Santo Tomás La Unión, Guatemala",earthquake,,5.2,0.32,,reviewed,iscgem,iscgem,1971-05-28,25143,Guatemala,1
1971-08-20 21:36:09.990000+00:00,13.32,-92.388,25.0,6.04,mw,,,,,iscgem,iscgem781421,2025-12-19T19:53:14.149Z,"119 km SSW of Champerico, Guatemala",earthquake,,3.9,0.2,,reviewed,iscgem,iscgem,1971-08-20,25325,Guatemala,1
1971-10-12 09:44:59.430000+00:00,15.866,-91.062,25.0,5.65,mw,,,,,iscgem,iscgem779252,2025-12-19T19:51:46.261Z,"28 km ENE of Barillas, Guatemala",earthquake,,3.9,0.2,,reviewed,iscgem,iscgem,1971-10-12,25378,Guatemala,1
1972-01-22 13:08:47.670000+00:00,14.027,-91.106,60.0,6.06,mw,,,,,iscgem,iscgem777120,2025-12-19T19:50:20.063Z,"8 km SW of La Gomera, Guatemala",earthquake,,4.8,0.27,,reviewed,iscgem,iscgem,1972-01-22,25480,Guatemala,1
1973-03-29 06:47:08+00:00,14.028,-90.226,96.0,4.6,mw,,,,,us,usp000014x,2014-11-06T23:21:10.598Z,"6 km NNW of Pasaco, Guatemala",earthquake,,,,,reviewed,us,us,1973-03-29,25982,Guatemala,1
1973-04-10 21:05:58.700000+00:00,15.314,-91.453,88.0,4.51,mw,,,,,us,usp00001bg,2014-11-06T23:21:11.180Z,"2 km ESE of Huehuetenango, Guatemala",earthquake,,,,,reviewed,us,us,1973-04-10,25985,Guatemala,1
1973-05-24 19:34:13.500000+00:00,14.71,-91.234,100.0,5.45,mw,,,,,us,usp00001x2,2022-04-27T15:46:30.117Z,"3 km ESE of San Marcos La Laguna, Guatemala",earthquake,,,,,reviewed,us,us,1973-05-24,25968,Guatemala,1
1973-05-31 05:39:18.800000+00:00,13.941,-90.877,99.0,5.62,mw,,,,,us,usp00001zp,2022-04-27T18:53:28.581Z,"6 km WNW of Puerto San José, Guatemala",earthquake,,,,,reviewed,us,us,1973-05-31,25924,Guatemala,1
1973-06-07 18:34:46.300000+00:00,14.183,-91.899,70.0,5.9,mw,,,,,us,usp000022m,2025-12-19T19:38:33.763Z,"12 km S of Champerico, Guatemala",earthquake,,,,,reviewed,us,us,1973-06-07,25912,Guatemala,1
1973-06-10 17:35:53.900000+00:00,14.203,-91.402,92.0,4.94,mw,,,,,us,usp000024e,2014-11-06T23:21:13.209Z,"9 km SSW of Tiquisate, Guatemala",earthquake,,,,,reviewed,us,us,1973-06-10,25975,Guatemala,1
1973-07-05 19:16:18.800000+00:00,13.663,-91.202,48.0,4.68,mw,,,,,us,usp00002jr,2014-11-06T23:21:14.146Z,"49 km SSW of La Gomera, Guatemala",earthquake,,,,,reviewed,us,us,1973-07-05,26156,Guatemala,1
1973-07-31 03:44:43.400000+00:00,13.623,-92.295,24.0,4.51,mw,,,,,us,usp00002xm,2014-11-06T23:21:17.395Z,"84 km SSW of Champerico, Guatemala",earthquake,,,,,reviewed,us,us,1973-07-31,26163,Guatemala,1
1973-09-05 06:15:36.200000+00:00,13.023,-90.598,33.0,4.6,mw,,,,,us,usp00003b5,2014-11-06T23:21:19.762Z,"101 km S of Iztapa, Guatemala",earthquake,,,,,reviewed,us,us,1973-09-05,26161,Guatemala,1
1973-11-06 01:02:40.300000+00:00,14.447,-91.38,111.0,5.03,mw,,,,,us,usp0000429,2014-11-06T23:21:21.163Z,"4 km E of San José El Ídolo, Guatemala",earthquake,,,,,reviewed,us,us,1973-11-06,26072,Guatemala,1
1973-11-25 15:11:00.300000+00:00,13.895,-92.694,51.0,4.77,mw,,,,,us,usp000049g,2014-11-06T23:21:21.549Z,"86 km SW of Ocós, Guatemala",earthquake,,,,,reviewed,us,us,1973-11-25,26153,Guatemala,1
1973-11-28 06:45:06.300000+00:00,14.497,-89.995,230.0,5.28,mw,,,,,us,usp00004b1,2014-11-06T23:21:21.600Z,"13 km W of Monjas, Guatemala",earthquake,,,,,reviewed,us,us,1973-11-28,26010,Guatemala,1
1973-12-03 12:05:30.700000+00:00,14.148,-92.045,33.0,4.85,mw,,,,,us,usp00004du,2014-11-06T23:21:21.697Z,"21 km SW of Champerico, Guatemala",earthquake,,,,,reviewed,us,us,1973-12-03,26134,Guatemala,1
1973-12-05 04:01:50.300000+00:00,14.666,-91.758,115.0,5.2,mw,,,,,us,usp00004ee,2014-11-06T23:21:21.725Z,"5 km SSW of Colomba, Guatemala",earthquake,,,,,reviewed,us,us,1973-12-05,26036,Guatemala,1
1974-01-05 12:38:25.700000+00:00,13.964,-92.512,33.0,4.68,mw,,,,,us,usp00004tm,2014-11-06T23:21:22.209Z,"69 km SSW of Ocós, Guatemala",earthquake,,,,,reviewed,us,us,1974-01-05,26302,Guatemala,1
1974-02-02 07:07:40.800000+00:00,14.084,-91.96,75.0,5.37,mw,,,,,us,usp000054x,2014-11-06T23:21:22.669Z,"23 km SSW of Champerico, Guatemala",earthquake,,,,,reviewed,us,us,1974-02-02,26222,Guatemala,1
1974-03-02 16:54:26.200000+00:00,13.722,-91.681,43.0,4.94,mw,,,,,us,usp00005fs,2014-11-06T23:21:23.176Z,"67 km SW of Nueva Concepción, Guatemala",earthquake,,,,,reviewed,us,us,1974-03-02,26289,Guatemala,1
1974-03-05 15:10:24.100000+00:00,13.207,-90.846,87.0,4.68,mw,,,,,us,usp00005h0,2014-11-06T23:21:23.230Z,"79 km S of Puerto San José, Guatemala",earthquake,,,,,reviewed,us,us,1974-03-05,26311,Guatemala,1
1974-04-10 22:43:00.600000+00:00,14.533,-91.627,108.0,5.62,mw,,,,,us,usp00005xn,2022-04-27T18:25:20.722Z,"3 km SE of San Sebastián, Guatemala",earthquake,,,,,reviewed,us,us,1974-04-10,26194,Guatemala,1
1974-04-23 11:41:40.900000+00:00,15.015,-91.681,180.0,5.11,mw,,,,,us,usp000062m,2014-11-06T23:21:23.913Z,"2 km S of Río Blanco, Guatemala",earthquake,,,,,reviewed,us,us,1974-04-23,26250,Guatemala,1
1974-05-02 03:12:54+00:00,13.856,-90.69,76.0,5.03,mw,,,,,us,usp000065x,2014-11-06T23:21:24.022Z,"8 km SSE of Iztapa, Guatemala",earthquake,,,,,reviewed,us,us,1974-05-02,26253,Guatemala,1
1974-06-21 15:29:15.900000+00:00,14.18,-89.978,65.0,4.6,mw,,,,,us,usp00006u0,2014-11-06T23:21:24.819Z,"5 km NE of Jalpatagua, Guatemala",earthquake,,,,,reviewed,us,us,1974-06-21,26361,Guatemala,1
1974-07-21 08:28:35.300000+00:00,14.314,-92.056,70.0,5.54,mw,,,,,us,usp000078c,2025-12-19T19:28:48.017Z,"15 km W of Champerico, Guatemala",earthquake,,,,,reviewed,us,us,1974-07-21,26434,Guatemala,1
1974-08-26 06:27:40.700000+00:00,15.951,-91.041,33.0,5.37,mw,,,,,us,usp00007t4,2022-04-27T18:13:27.665Z,"19 km NNE of San Luis Ixcán, Guatemala",earthquake,,,,,reviewed,us,us,1974-08-26,26479,Guatemala,1
1974-09-02 22:04:31.500000+00:00,13.183,-90.754,41.0,5.78,mw,,,,,us,usp00007wp,2014-11-06T23:21:26.127Z,"82 km S of Puerto San José, Guatemala",earthquake,,,,,reviewed,us,us,1974-09-02,26391,Guatemala,1
1974-09-20 11:59:43.200000+00:00,13.782,-91.085,33.0,5.28,mw,,,,,us,usp000083g,2014-11-06T23:21:26.463Z,"32 km WSW of Puerto San José, Guatemala",earthquake,,,,,reviewed,us,us,1974-09-20,26485,Guatemala,1
1974-10-17 19:54:50.300000+00:00,14.373,-91.05,160.0,4.77,mw,,,,,us,usp00008ev,2014-11-06T23:21:26.885Z,"5 km NW of Santa Lucía Cotzumalguapa, Guatemala",earthquake,,,,,reviewed,us,us,1974-10-17,26525,Guatemala,1
1974-10-23 13:36:51.800000+00:00,14.694,-90.585,231.0,4.94,mw,,,,,us,usp00008hx,2014-11-06T23:21:26.994Z,"6 km E of San Pedro Sacatepéquez, Guatemala",earthquake,,,,,reviewed,us,us,1974-10-23,26505,Guatemala,1
1974-11-12 05:03:49.100000+00:00,13.053,-91.293,33.0,4.68,mw,,,,,us,usp00008rw,2014-11-06T23:21:27.379Z,"109 km SSW of Puerto San José, Guatemala",earthquake,,,,,reviewed,us,us,1974-11-12,26547,Guatemala,1
1974-12-02 12:36:44.500000+00:00,14.633,-91.51,97.0,5.45,mw,,,,,us,usp00008zb,2022-04-27T17:57:50.998Z,"2 km N of Zunilito, Guatemala",earthquake,,,,,reviewed,us,us,1974-12-02,26452,Guatemala,1
1974-12-24 02:10:25.400000+00:00,14.259,-90.08,155.0,5.62,mw,,,,,us,usp000097p,2014-11-06T23:21:27.964Z,"4 km WSW of Quesada, Guatemala",earthquake,,,,,reviewed,us,us,1974-12-24,26427,Guatemala,1
1974-12-28 23:49:51+00:00,14.974,-91.062,186.0,4.94,mw,,,,,us,usp000099n,2014-11-06T23:21:28.043Z,"3 km S of Chiché, Guatemala",earthquake,,,,,reviewed,us,us,1974-12-28,26667,Guatemala,1
1975-01-01 11:54:29.200000+00:00,13.173,-91.914,33.0,5.38,mw,,,,,us,usp00009bm,2014-11-06T23:21:28.193Z,"123 km S of Champerico, Guatemala",earthquake,,,,,reviewed,us,us,1975-01-01,26555,Guatemala,1
1975-01-01 22:52:36.400000+00:00,14.133,-91.883,80.0,5.28,mw,,,,,us,usp00009c2,2014-11-06T23:21:28.211Z,"18 km S of Champerico, Guatemala",earthquake,,,,,reviewed,us,us,1975-01-01,26588,Guatemala,1
1975-02-03 01:03:25.200000+00:00,15.606,-91.804,218.0,5.62,mw,,,,,us,usp00009s7,2014-11-06T23:21:28.707Z,"5 km SW of San Antonio Huista, Guatemala",earthquake,,,,,reviewed,us,us,1975-02-03,26555,Guatemala,1
1975-02-20 03:23:54.600000+00:00,14.511,-91.121,143.0,4.94,mw,,,,,us,usp00009z1,2014-11-06T23:21:28.926Z,"5 km SW of Pochuta, Guatemala",earthquake,,,,,reviewed,us,us,1975-02-20,26605,Guatemala,1
1975-02-24 14:19:42.100000+00:00,14.785,-91.918,33.0,4.94,mw,,,,,us,usp0000a0t,2014-11-06T23:21:29.008Z,"0 km SSE of Nuevo Progreso, Guatemala",earthquake,,,,,reviewed,us,us,1975-02-24,26638,Guatemala,1
1975-03-25 02:31:22.200000+00:00,13.647,-90.737,33.0,6.25,mw,,,,,us,usp0000ac1,2025-12-19T20:32:42.598Z,near the coast of Guatemala,earthquake,,,,,reviewed,us,us,1975-03-25,26551,near the coast of Guatemala,1
1975-04-23 15:03:51.900000+00:00,13.654,-92.245,33.0,4.94,mw,,,,,us,usp0000asa,2014-11-06T23:21:29.946Z,"79 km SSW of Champerico, Guatemala",earthquake,,,,,reviewed,us,us,1975-04-23,26609,Guatemala,1
1975-06-26 06:45:17.600000+00:00,13.995,-90.77,76.0,5.11,mw,,,,,us,usp0000bsg,2025-12-19T20:30:06.122Z,"9 km NE of Puerto San José, Guatemala",earthquake,,,,,reviewed,us,us,1975-06-26,26731,Guatemala,1
1975-08-13 23:07:43.500000+00:00,14.528,-89.877,256.0,5.03,mw,,,,,us,usp0000cf9,2014-11-06T23:21:31.664Z,"2 km N of Monjas, Guatemala",earthquake,,,,,reviewed,us,us,1975-08-13,26801,Guatemala,1
1975-09-04 19:14:06.400000+00:00,12.919,-90.693,33.0,5.03,mw,,,,,us,usp0000cq0,2014-11-06T23:21:31.823Z,"112 km S of Iztapa, Guatemala",earthquake,,,,,reviewed,us,us,1975-09-04,26809,Guatemala,1
1975-09-12 08:56:58.800000+00:00,13.62,-90.868,43.0,4.68,mw,,,,,us,usp0000csa,2014-11-06T23:21:31.913Z,"34 km S of Puerto San José, Guatemala",earthquake,,,,,reviewed,us,us,1975-09-12,26827,Guatemala,1
1975-09-30 15:35:24.400000+00:00,14.324,-91.03,107.0,5.11,mw,,,,,us,usp0000d0f,2014-11-06T23:21:32.170Z,"1 km SSW of Santa Lucía Cotzumalguapa, Guatemala",earthquake,,,,,reviewed,us,us,1975-09-30,26779,Guatemala,1
1976-01-18 08:08:50.300000+00:00,14.595,-91.226,131.0,4.85,mw,,,,,us,usp0000ehu,2014-11-06T23:21:33.568Z,"4 km S of Santiago Atitlán, Guatemala",earthquake,,,,,reviewed,us,us,1976-01-18,26957,Guatemala,1
1976-01-25 03:37:29.400000+00:00,14.76,-91.872,139.0,5.2,mw,,,,,us,usp0000eqj,2014-11-06T23:21:33.698Z,"5 km W of El Quetzal, Guatemala",earthquake,,,,,reviewed,us,us,1976-01-25,26956,Guatemala,1
1976-01-26 03:17:46.300000+00:00,13.942,-91.005,69.0,5.37,mw,,,,,us,usp0000erb,2014-11-06T23:21:33.714Z,"16 km SSE of La Gomera, Guatemala",earthquake,,,,,reviewed,us,us,1976-01-26,26954,Guatemala,1
1976-02-04 09:01:43.400000+00:00,15.324,-89.101,5.0,7.5,mw,,,,,us,usp0000ex3,2025-12-19T20:22:17.364Z,"7 km N of Los Amates, Guatemala",earthquake,,,,,reviewed,us,01000,1976-02-04,26937,Guatemala,2
1976-02-05 04:09:30.200000+00:00,15.232,-90.626,5.0,4.68,mw,,,,,us,usp0000exs,2014-11-06T23:21:33.975Z,"14 km N of Cubulco, Guatemala",earthquake,,,,,reviewed,us,us,1976-02-05,26970,Guatemala,1
1976-02-06 01:57:17.600000+00:00,15.363,-90.278,5.0,4.43,mw,,,,,us,usp0000eyc,2014-11-06T23:21:33.987Z,"7 km NW of Tamahú, Guatemala",earthquake,,,,,reviewed,us,us,1976-02-06,27037,Guatemala,1
1976-02-06 18:11:58.900000+00:00,14.316,-90.432,5.0,5.28,mw,,,,,us,usp0000eyp,2022-04-27T17:15:43.834Z,"7 km W of Barberena, Guatemala",earthquake,,,,,reviewed,us,us,1976-02-06,26955,Guatemala,1
1976-02-06 18:19:17.900000+00:00,14.764,-90.61,5.0,5.9,mw,,,,,us,usp0000eyq,2025-12-19T20:22:21.327Z,"1 km W of San Raimundo, Guatemala",earthquake,,,,,reviewed,us,us,1976-02-06,26944,Guatemala,1
1976-02-07 02:28:41.900000+00:00,14.335,-90.886,5.0,4.68,mw,,,,,us,usp0000eyu,2014-11-06T23:21:33.998Z,"11 km WNW of Escuintla, Guatemala",earthquake,,,,,reviewed,us,us,1976-02-07,26960,Guatemala,1
1976-02-10 06:17:42.600000+00:00,14.833,-89.798,5.0,5.2,mw,,,,,us,usp0000f07,2022-04-27T17:15:50.890Z,"5 km NNW of San Diego, Guatemala",earthquake,,,,,reviewed,us,us,1976-02-10,26956,Guatemala,1
1976-02-20 14:20:42.200000+00:00,13.677,-92.264,32.0,5.71,mw,,,,,us,usp0000f4w,2022-04-27T17:17:07.057Z,"78 km SSW of Champerico, Guatemala",earthquake,,,,,reviewed,us,us,1976-02-20,26945,Guatemala,1
1976-04-27 11:24:54.400000+00:00,13.452,-91.604,33.0,5.03,mw,,,,,us,usp0000g2g,2014-11-06T23:21:34.953Z,"89 km SSW of Nueva Concepción, Guatemala",earthquake,,,,,reviewed,us,us,1976-04-27,26956,Guatemala,1
1976-06-22 11:58:23.100000+00:00,13.944,-90.777,81.0,5.2,mw,,,,,us,usp0000h04,2014-11-06T23:21:35.841Z,"5 km ENE of Puerto San José, Guatemala",earthquake,,,,,reviewed,us,us,1976-06-22,27123,Guatemala,1
1976-07-22 22:00:32.600000+00:00,14.929,-91.972,112.0,4.94,mw,,,,,us,usp0000hfr,2014-11-06T23:21:36.316Z,"1 km NNE of El Rodeo, Guatemala",earthquake,,,,,reviewed,us,us,1976-07-22,27222,Guatemala,1
1976-08-08 11:02:45.700000+00:00,14.047,-91.38,84.0,5.11,mw,,,,,us,usp0000hs0,2014-11-06T23:21:36.572Z,"19 km SSW of Nueva Concepción, Guatemala",earthquake,,,,,reviewed,us,us,1976-08-08,27155,Guatemala,1
1976-08-23 03:41:30.800000+00:00,14.775,-89.649,88.0,4.85,mw,,,,,us,usp0000j0q,2014-11-06T23:21:36.873Z,"8 km NW of San José La Arada, Guatemala",earthquake,,,,,reviewed,us,us,1976-08-23,27230,Guatemala,1
1976-09-02 04:15:05+00:00,15.634,-88.487,43.0,4.68,mw,,,,,us,usp0000j5p,2014-11-06T23:21:36.996Z,"15 km SE of Puerto Barrios, Guatemala",earthquake,,,,,reviewed,us,us,1976-09-02,27263,Guatemala,2
1976-10-29 04:48:51.700000+00:00,14.22,-91.997,33.0,5.28,mw,,,,,us,usp0000k3f,2022-04-27T16:51:37.113Z,"12 km SW of Champerico, Guatemala",earthquake,,,,,reviewed,us,us,1976-10-29,27093,Guatemala,1
1976-11-06 12:37:42.700000+00:00,13.619,-90.568,86.0,5.2,mw,,,,,us,usp0000k79,2014-11-06T23:21:38.059Z,"37 km SSE of Iztapa, Guatemala",earthquake,,,,,reviewed,us,us,1976-11-06,27140,Guatemala,1
1976-12-09 04:24:30.600000+00:00,14.356,-90.214,199.0,5.03,mw,,,,,us,usp0000kpf,2014-11-06T23:21:38.528Z,"7 km ESE of Nueva Santa Rosa, Guatemala",earthquake,,,,,reviewed,us,us,1976-12-09,27165,Guatemala,1
1977-01-16 20:49:15.800000+00:00,14.46,-91.701,88.0,5.03,mw,,,,,us,usp0000m6z,2014-11-06T23:21:39.354Z,"8 km SSW of Retalhuleu, Guatemala",earthquake,,,,,reviewed,us,us,1977-01-16,27375,Guatemala,1
1977-01-23 17:00:39.300000+00:00,13.919,-91.745,85.0,5.37,mw,,,,,us,usp0000mam,2014-11-06T23:21:39.454Z,"45 km SSE of Champerico, Guatemala",earthquake,,,,,reviewed,us,us,1977-01-23,27301,Guatemala,1
1977-03-13 07:36:12.700000+00:00,14.36,-91.329,183.0,4.85,mw,,,,,us,usp0000mwd,2014-11-06T23:21:40.141Z,"4 km SSW of Río Bravo, Guatemala",earthquake,,,,,reviewed,us,us,1977-03-13,27382,Guatemala,1
1977-03-31 07:39:01.800000+00:00,13.748,-91.17,55.0,5.2,mw,,,,,us,usp0000n6x,2014-11-06T23:21:40.598Z,"39 km SSW of La Gomera, Guatemala",earthquake,,,,,reviewed,us,us,1977-03-31,27308,Guatemala,1
1977-04-07 20:28:28.700000+00:00,14.757,-91.239,33.0,5.2,mw,,,,,us,usp0000na0,2014-11-06T23:21:40.733Z,"2 km WSW of San José Chacayá, Guatemala",earthquake,,,,,reviewed,us,us,1977-04-07,27357,Guatemala,1
1977-04-16 11:20:05.300000+00:00,15.864,-91.457,33.0,4.85,mw,,,,,us,usp0000nea,2014-11-06T23:21:41.054Z,"4 km NNE of San Mateo Ixtatán, Guatemala",earthquake,,,,,reviewed,us,us,1977-04-16,27391,Guatemala,1
1977-04-30 02:42:29.200000+00:00,13.587,-90.592,59.0,4.77,mw,,,,,us,usp0000npj,2014-11-06T23:21:41.602Z,"40 km SSE of Iztapa, Guatemala",earthquake,,,,,reviewed,us,us,1977-04-30,27405,Guatemala,1
1977-08-15 05:54:28.100000+00:00,14.399,-90.963,121.0,4.68,mw,,,,,us,usp0000q3q,2014-11-06T23:21:43.515Z,"9 km NE of Santa Lucía Cotzumalguapa, Guatemala",earthquake,,,,,reviewed,us,us,1977-08-15,27593,Guatemala,1
1977-08-21 13:50:54.800000+00:00,14.87,-91.873,190.0,4.68,mw,,,,,us,usp0000q8f,2014-11-06T23:21:43.678Z,"6 km E of El Tumbador, Guatemala",earthquake,,,,,reviewed,us,us,1977-08-21,27617,Guatemala,1
1977-09-10 10:21:11.500000+00:00,13.947,-91.681,78.0,5.76,mw,,,,,us,usp0000qjx,2025-12-19T20:06:51.018Z,"45 km SSE of Champerico, Guatemala",earthquake,,,,,reviewed,us,us,1977-09-10,27512,Guatemala,1
1977-10-25 06:33:58.500000+00:00,14.966,-91.223,117.0,5.11,mw,,,,,us,usp0000r78,2014-11-06T23:21:44.905Z,"1 km W of Patzité, Guatemala",earthquake,,,,,reviewed,us,us,1977-10-25,27583,Guatemala,1
1977-10-30 00:01:55.300000+00:00,13.467,-91.404,33.0,5.03,mw,,,,,us,usp0000r9r,2014-11-06T23:21:44.996Z,"77 km SSW of La Gomera, Guatemala",earthquake,,,,,reviewed,us,us,1977-10-30,27588,Guatemala,1
1977-11-04 12:49:47.500000+00:00,13.862,-90.588,104.0,5.28,mw,,,,,us,usp0000rcb,2014-11-06T23:21:45.078Z,"15 km ESE of Iztapa, Guatemala",earthquake,,,,,reviewed,us,us,1977-11-04,27538,Guatemala,1
1977-11-28 04:36:52.500000+00:00,15.335,-91.433,225.0,5.37,mw,,,,,us,usp0000ruf,2014-11-06T23:21:45.573Z,"3 km SE of Chiantla, Guatemala",earthquake,,,,,reviewed,us,us,1977-11-28,27518,Guatemala,1
1978-02-19 19:42:43.300000+00:00,13.682,-90.694,74.0,5.37,mw,,,,,us,usp0000t1s,2022-04-27T15:56:39.415Z,"27 km S of Iztapa, Guatemala",earthquake,,,,,reviewed,us,us,1978-02-19,27739,Guatemala,1
1978-02-22 06:07:37+00:00,14.249,-91.378,100.0,5.9,mw,,,,,us,usp0000t37,2025-12-19T20:03:47.134Z,"4 km SSW of Tiquisate, Guatemala",earthquake,,,,,reviewed,us,us,1978-02-22,27703,Guatemala,1
1978-03-08 23:42:36.800000+00:00,13.501,-91.08,194.0,4.77,mw,,,,,us,usp0000ta6,2014-11-06T23:21:47.537Z,"54 km SSW of Puerto San José, Guatemala",earthquake,,,,,reviewed,us,us,1978-03-08,27781,Guatemala,1
1978-03-30 19:30:12.600000+00:00,15.047,-90.304,33.0,5.37,mw,,,,,us,usp0000tuv,2022-04-27T15:54:33.246Z,"6 km SSE of Salamá, Guatemala",earthquake,,,,,reviewed,us,us,1978-03-30,27717,Guatemala,1
1978-05-04 05:30:26.600000+00:00,13.718,-92.893,33.0,4.43,mw,,,,,us,usp0000ucw,2014-11-06T23:21:48.869Z,"115 km SW of Ocós, Guatemala",earthquake,,,,,reviewed,us,us,1978-05-04,27784,Guatemala,1
1978-05-11 23:18:25.400000+00:00,13.915,-92.199,59.0,6.38,mw,,,,,us,usp0000ugt,2025-12-19T20:01:24.386Z,"52 km SW of Champerico, Guatemala",earthquake,,,,,reviewed,us,us,1978-05-11,27700,Guatemala,1
1978-05-14 08:32:14.600000+00:00,15.279,-92.079,101.0,5.11,mw,,,,,us,usp0000uhv,2014-11-06T23:21:49.123Z,"3 km SSW of Tectitán, Guatemala",earthquake,,,,,reviewed,us,us,1978-05-14,27774,Guatemala,1
1978-07-29 14:37:32.700000+00:00,14.843,-91.022,10.0,5.2,mw,,,,,us,usp0000vur,2022-04-27T15:34:26.922Z,"7 km NW of Santa Apolonia, Guatemala",earthquake,,,,,reviewed,us,us,1978-07-29,27903,Guatemala,1
1978-09-06 02:18:28.800000+00:00,13.481,-90.663,71.0,5.03,mw,,,,,us,usp0000wdu,2014-11-06T23:21:51.911Z,"50 km S of Iztapa, Guatemala",earthquake,,,,,reviewed,us,us,1978-09-06,27952,Guatemala,1
1978-09-10 23:24:15.600000+00:00,14.27,-91.497,94.0,5.76,mw,,,,,us,usp0000wg6,2025-12-19T22:11:01.322Z,"14 km W of Tiquisate, Guatemala",earthquake,,,,,reviewed,us,us,1978-09-10,27860,Guatemala,1
1978-09-24 23:41:14.200000+00:00,15.348,-90.868,33.0,5.03,mw,,,,,us,usp0000wqb,2014-11-06T23:21:52.523Z,"0 km ENE of Uspantán, Guatemala",earthquake,,,,,reviewed,us,us,1978-09-24,27953,Guatemala,1
1978-10-29 03:42:25.600000+00:00,14.657,-91.786,33.0,5.2,mw,,,,,us,usp0000x5z,2014-11-06T23:21:53.179Z,"6 km NE of Génova, Guatemala",earthquake,,,,,reviewed,us,us,1978-10-29,27917,Guatemala,1
1978-10-30 18:23:36+00:00,13.881,-91.05,73.0,5.54,mw,,,,,us,usp0000x6t,2025-12-19T22:10:37.541Z,"22 km S of La Gomera, Guatemala",earthquake,,,,,reviewed,us,us,1978-10-30,27899,Guatemala,1
1978-12-06 14:26:52.600000+00:00,13.713,-92.288,32.0,5.9,mw,,,,,us,usp0000xsr,2022-04-27T15:18:49.681Z,"75 km SSW of Champerico, Guatemala",earthquake,,,,,reviewed,us,us,1978-12-06,27990,Guatemala,1
1978-12-09 20:52:04+00:00,13.208,-92.04,92.0,4.85,mw,,,,,us,usp0000xuz,2014-11-06T23:21:54.639Z,"120 km S of Champerico, Guatemala",earthquake,,,,,reviewed,us,us,1978-12-09,28106,Guatemala,1
1979-01-12 03:59:01.900000+00:00,14.286,-91.534,95.0,5.62,mw,,,,,us,usp0000yd5,2025-12-19T22:08:38.876Z,"18 km W of Tiquisate, Guatemala",earthquake,,,,,reviewed,us,us,1979-01-12,27993,Guatemala,1
1979-01-14 21:41:39.500000+00:00,14.965,-91.514,33.0,5.11,mw,,,,,us,usp0000yee,2014-11-06T23:21:55.820Z,"4 km ESE of San Carlos Sija, Guatemala",earthquake,,,,,reviewed,us,us,1979-01-14,28029,Guatemala,1
1979-04-01 15:50:35.100000+00:00,13.189,-90.705,33.0,5.2,mw,,,,,us,usp0000zt6,2014-11-06T23:21:59.307Z,"82 km S of Iztapa, Guatemala",earthquake,,,,,reviewed,us,us,1979-04-01,28027,Guatemala,1
1979-04-07 13:34:33+00:00,14.663,-90.575,92.0,4.85,mw,,,,,us,usp0000zvw,2014-11-06T23:21:59.763Z,"4 km NE of Mixco, Guatemala",earthquake,,,,,reviewed,us,us,1979-04-07,28112,Guatemala,1
1979-07-21 10:46:28.900000+00:00,14.247,-92.163,73.0,5.2,mw,,,,,us,usp00011zm,2014-11-06T23:22:04.017Z,"27 km W of Champerico, Guatemala",earthquake,,,,,reviewed,us,us,1979-07-21,28315,Guatemala,1
1979-08-24 10:14:04.500000+00:00,13.577,-92.602,33.0,4.43,mw,,,,,us,usp00012km,2014-11-06T23:22:04.979Z,"108 km SW of Champerico, Guatemala",earthquake,,,,,reviewed,us,us,1979-08-24,28335,Guatemala,1
1979-10-09 07:49:29.200000+00:00,14.321,-90.082,33.0,5.28,mw,,,,,us,usp00013au,2022-04-27T14:50:46.814Z,"7 km NW of Quesada, Guatemala",earthquake,,,,,reviewed,us,us,1979-10-09,28298,Guatemala,1
1979-10-10 02:20:18.100000+00:00,15.562,-88.661,33.0,5.11,mw,,,,,us,usp00013bd,2014-11-06T23:22:06.074Z,"19 km SSW of Puerto Barrios, Guatemala",earthquake,,,,,reviewed,us,us,1979-10-10,28327,Guatemala,2
1979-10-10 03:45:46.200000+00:00,13.926,-91.809,64.0,5.28,mw,,,,,us,usp00013be,2014-11-06T23:22:06.075Z,"42 km SSE of Champerico, Guatemala",earthquake,,,,,reviewed,us,us,1979-10-10,28297,Guatemala,1
1979-10-27 14:35:57.300000+00:00,13.833,-90.881,58.0,6.81,mw,,,,,us,usp00013qx,2025-12-19T22:03:10.871Z,"12 km SSW of Puerto San José, Guatemala",earthquake,,,,,reviewed,us,us,1979-10-27,28217,Guatemala,1
1979-11-08 19:26:33.200000+00:00,14.032,-92.598,33.0,4.85,mw,,,,,us,usp00013ws,2014-11-06T23:22:07.184Z,"68 km SW of Ocós, Guatemala",earthquake,,,,,reviewed,us,us,1979-11-08,28332,Guatemala,1
1979-11-13 04:19:01.300000+00:00,14.565,-91.154,130.0,5.2,mw,,,,,us,usp00013zx,2014-11-06T23:22:07.307Z,"3 km SSW of San Lucas Tolimán, Guatemala",earthquake,,,,,reviewed,us,us,1979-11-13,28298,Guatemala,1
1979-11-16 17:23:15.900000+00:00,14.809,-91.801,148.0,5.28,mw,,,,,us,usp000141s,2014-11-06T23:22:07.406Z,"2 km ENE of La Reforma, Guatemala",earthquake,,,,,reviewed,us,us,1979-11-16,28251,Guatemala,1
1979-12-09 15:46:10+00:00,12.952,-91.61,33.0,4.85,mw,,,,,us,usp00014dx,2014-11-06T23:22:08.069Z,"137 km SW of Puerto San José, Guatemala",earthquake,,,,,reviewed,us,us,1979-12-09,28518,Guatemala,1
1979-12-10 06:13:43.100000+00:00,15.199,-91.45,185.0,5.2,mw,,,,,us,usp00014e8,2022-04-27T14:45:06.912Z,"7 km SE of Malacatancito, Guatemala",earthquake,,,,,reviewed,us,us,1979-12-10,28359,Guatemala,1
1979-12-16 12:50:00.900000+00:00,15.305,-92.109,133.0,5.2,mw,,,,,us,usp00014jb,2014-11-06T23:22:08.262Z,"5 km W of Tectitán, Guatemala",earthquake,,,,,reviewed,us,us,1979-12-16,28365,Guatemala,1
1980-01-25 07:57:21.100000+00:00,14.648,-92.028,114.0,4.85,mw,,,,,us,usp0001562,2014-11-06T23:24:17.086Z,"8 km S of Pajapita, Guatemala",earthquake,,,,,reviewed,us,us,1980-01-25,28503,Guatemala,1
1980-02-01 02:58:24.200000+00:00,14.273,-91.772,108.0,4.85,mw,,,,,us,usp000159g,2014-11-06T23:24:17.369Z,"15 km E of Champerico, Guatemala",earthquake,,,,,reviewed,us,us,1980-02-01,28492,Guatemala,1
1980-02-10 19:26:45.400000+00:00,14.251,-91.051,92.0,4.77,mw,,,,,us,usp00015cz,2014-11-06T23:24:17.652Z,"9 km SSW of Santa Lucía Cotzumalguapa, Guatemala",earthquake,,,,,reviewed,us,us,1980-02-10,28519,Guatemala,1
1980-03-07 06:00:49.700000+00:00,13.637,-90.463,103.0,5.03,mw,,,,,us,usp00015vf,2014-11-06T23:24:18.774Z,"42 km SE of Iztapa, Guatemala",earthquake,,,,,reviewed,us,us,1980-03-07,28447,Guatemala,1
1980-03-31 11:52:34.200000+00:00,13.938,-91.437,39.0,5.11,mw,,,,,us,usp00016cd,2014-11-06T23:24:19.810Z,"32 km SSW of Nueva Concepción, Guatemala",earthquake,,,,,reviewed,us,us,1980-03-31,28421,Guatemala,1
1980-04-08 03:50:11.300000+00:00,13.952,-92.055,68.0,5.03,mw,,,,,us,usp00016gq,2014-11-06T23:24:20.219Z,"40 km SSW of Champerico, Guatemala",earthquake,,,,,reviewed,us,us,1980-04-08,28471,Guatemala,1
1980-04-21 13:17:57.100000+00:00,14.558,-89.839,33.0,4.94,mw,,,,,us,usp00016sr,2014-11-06T23:24:20.646Z,"7 km NNE of Monjas, Guatemala",earthquake,,,,,reviewed,us,us,1980-04-21,28479,Guatemala,1
1980-05-02 15:09:04.400000+00:00,13.648,-92.395,50.0,4.85,mw,,,,,us,usp000170m,2014-11-06T23:24:21.335Z,"88 km SW of Champerico, Guatemala",earthquake,,,,,reviewed,us,us,1980-05-02,28514,Guatemala,1
1980-05-13 17:20:27.100000+00:00,14.225,-90.032,47.0,5.11,mw,,,,,us,usp000176m,2014-11-06T23:24:21.760Z,"5 km S of Quesada, Guatemala",earthquake,,,,,reviewed,us,us,1980-05-13,28412,Guatemala,1
1980-05-17 05:47:39.400000+00:00,13.567,-91.089,71.0,5.2,mw,,,,,us,usp0001793,2014-11-06T23:24:21.862Z,"49 km SW of Puerto San José, Guatemala",earthquake,,,,,reviewed,us,us,1980-05-17,28405,Guatemala,1
1980-05-18 07:09:38+00:00,14.716,-91.317,105.0,5.54,mw,,,,,us,usp000179x,2022-04-28T01:36:49.345Z,"0 km W of Santa María Visitación, Guatemala",earthquake,,,,,reviewed,us,us,1980-05-18,28358,Guatemala,1
1980-05-28 04:25:07.800000+00:00,14.07,-92.461,50.0,4.94,mw,,,,,us,usp00017qj,2014-11-06T23:24:22.578Z,"56 km SSW of Ocós, Guatemala",earthquake,,,,,reviewed,us,us,1980-05-28,28663,Guatemala,1
1980-07-06 11:45:38.700000+00:00,13.402,-90.905,59.0,5.11,mw,,,,,us,usp00018pn,2014-11-06T23:24:24.087Z,"58 km S of Puerto San José, Guatemala",earthquake,,,,,reviewed,us,us,1980-07-06,28602,Guatemala,1
1980-07-06 18:33:06.300000+00:00,14.136,-90.542,56.0,5.11,mw,,,,,us,usp00018q0,2022-04-28T01:31:48.688Z,"11 km NW of Taxisco, Guatemala",earthquake,,,,,reviewed,us,us,1980-07-06,28626,Guatemala,1
1980-07-20 00:23:31.600000+00:00,15.392,-91.704,174.0,5.2,mw,,,,,us,usp00018zc,2014-11-06T23:24:24.423Z,"1 km SSE of Colotenango, Guatemala",earthquake,,,,,reviewed,us,us,1980-07-20,28582,Guatemala,1
1980-08-09 05:45:09.500000+00:00,15.888,-88.516,22.0,6.42,mw,,,,,us,usp00019aw,2025-12-19T21:56:24.156Z,"19 km NNE of Puerto Barrios, Guatemala",earthquake,,,,,reviewed,us,us,1980-08-09,28529,Guatemala,2
1980-09-02 16:26:36.300000+00:00,13.623,-91.412,60.0,5.28,mw,,,,,us,usp00019nn,2025-12-19T21:55:52.176Z,near the coast of Guatemala,earthquake,,,,,reviewed,us,us,1980-09-02,28568,near the coast of Guatemala,1
1980-10-09 13:46:44.800000+00:00,13.997,-91.688,79.0,4.94,mw,,,,,us,usp0001a5a,2014-11-06T23:24:26.374Z,"40 km SE of Champerico, Guatemala",earthquake,,,,,reviewed,us,us,1980-10-09,28675,Guatemala,1
1980-10-21 05:40:51.800000+00:00,14.603,-91.173,104.0,4.6,mw,,,,,us,usp0001abs,2014-11-06T23:24:26.752Z,"2 km WNW of San Lucas Tolimán, Guatemala",earthquake,,,,,reviewed,us,us,1980-10-21,28689,Guatemala,1
1980-11-04 16:21:15.300000+00:00,13.861,-90.926,83.0,5.62,mw,,,,,us,usp0001ann,2022-04-28T01:19:53.049Z,"13 km WSW of Puerto San José, Guatemala",earthquake,,,,,reviewed,us,us,1980-11-04,28568,Guatemala,1
1980-11-26 18:10:20.900000+00:00,13.382,-91.111,68.0,4.94,mw,,,,,us,usp0001b1j,2014-11-06T23:24:27.766Z,"67 km SSW of Puerto San José, Guatemala",earthquake,,,,,reviewed,us,us,1980-11-26,28839,Guatemala,1
1980-12-03 14:52:49.800000+00:00,13.527,-90.736,68.0,5.11,mw,,,,,us,usp0001b52,2014-11-06T23:24:27.877Z,"45 km S of Iztapa, Guatemala",earthquake,,,,,reviewed,us,us,1980-12-03,28775,Guatemala,1
1981-01-29 06:20:32.400000+00:00,13.026,-91.607,33.0,4.94,mw,,,,,us,usp0001by1,2014-11-06T23:24:28.972Z,"131 km SW of Puerto San José, Guatemala",earthquake,,,,,reviewed,us,us,1981-01-29,28856,Guatemala,1
1981-04-03 16:12:13.750000+00:00,13.964,-90.178,115.6,5.2,mw,,,,1.1,us,usp0001d08,2014-11-07T00:29:09.478Z,"3 km ESE of Pasaco, Guatemala",earthquake,,5.9,,21.0,reviewed,us,us,1981-04-03,28718,Guatemala,1
1981-04-20 05:50:17.460000+00:00,14.308,-91.543,63.0,5.37,mw,,,,0.9,us,usp0001d8j,2022-04-28T01:07:06.628Z,"19 km W of Tiquisate, Guatemala",earthquake,,,,62.0,reviewed,us,us,1981-04-20,28711,Guatemala,1
1981-04-21 18:34:43.860000+00:00,13.526,-92.553,33.0,4.68,mw,,,,1.0,us,usp0001d9h,2014-11-07T00:29:16.650Z,"109 km SW of Champerico, Guatemala",earthquake,,,,4.0,reviewed,us,us,1981-04-21,28857,Guatemala,1
1981-07-07 06:14:20.180000+00:00,13.858,-92.228,49.9,5.03,mw,,,,1.0,us,usp0001ejk,2014-11-07T00:29:45.229Z,"59 km SW of Champerico, Guatemala",earthquake,,5.4,,13.0,reviewed,us,us,1981-07-07,29016,Guatemala,1
1981-07-25 07:00:51.560000+00:00,14.166,-92.452,33.0,4.85,mw,,,,1.0,us,usp0001exa,2014-11-07T00:29:49.160Z,"47 km SW of Ocós, Guatemala",earthquake,,,,4.0,reviewed,us,us,1981-07-25,29057,Guatemala,1
1981-08-10 08:23:05.530000+00:00,13.93,-90.433,88.7,5.2,mw,,,,1.1,us,usp0001f6z,2014-11-07T00:29:55.063Z,"15 km SSE of Taxisco, Guatemala",earthquake,,4.3,,16.0,reviewed,us,us,1981-08-10,28968,Guatemala,1
1981-09-27 13:32:33.230000+00:00,14.402,-91.625,88.8,5.37,mw,,,,1.0,us,usp0001g4f,2022-04-28T00:55:51.153Z,"15 km SW of San Lorenzo, Guatemala",earthquake,,3.5,,41.0,reviewed,us,us,1981-09-27,28952,Guatemala,1
1981-11-07 22:02:49+00:00,14.595,-90.416,200.2,5.54,mw,,,,0.9,us,usp0001gv7,2022-04-28T00:48:43.638Z,"5 km N of San José Pinula, Guatemala",earthquake,,2.4,,89.0,reviewed,us,us,1981-11-07,28934,Guatemala,1
1981-12-30 20:32:36.030000+00:00,13.511,-90.632,33.0,4.94,mw,,,,1.1,us,usp0001htb,2014-11-07T00:30:34.405Z,"47 km S of Iztapa, Guatemala",earthquake,,,,7.0,reviewed,us,us,1981-12-30,29213,Guatemala,1
1982-02-28 08:36:25.830000+00:00,15.421,-91.845,181.1,5.2,mw,,,,1.4,us,usp0001jw3,2014-11-07T00:30:53.754Z,"8 km W of Ixtahuacán, Guatemala",earthquake,,4.0,,5.0,reviewed,us,us,1982-02-28,29170,Guatemala,1
1982-04-06 19:56:53.450000+00:00,14.315,-92.082,64.8,6.51,mw,,,,1.0,us,usp0001kjv,2025-12-19T21:42:00.689Z,"18 km W of Champerico, Guatemala",earthquake,,2.0,,23.0,reviewed,us,us,1982-04-06,29110,Guatemala,1
1982-04-12 14:02:28.410000+00:00,13.511,-91.822,33.0,4.85,mw,,,,1.0,us,usp0001kp1,2014-11-07T00:31:08.092Z,"87 km S of Champerico, Guatemala",earthquake,,,,5.0,reviewed,us,us,1982-04-12,29214,Guatemala,1
1982-04-13 18:57:47.210000+00:00,13.659,-92.752,33.0,4.6,mw,,,,1.1,us,usp0001kpv,2014-11-07T00:31:08.301Z,"111 km SSW of Ocós, Guatemala",earthquake,,,,2.0,reviewed,us,us,1982-04-13,29232,Guatemala,1
1982-05-01 02:07:49.890000+00:00,15.626,-90.306,33.0,5.2,mw,,,,1.2,us,usp0001m18,2014-11-07T00:31:13.517Z,"16 km N of San Pedro Carchá, Guatemala",earthquake,,,,5.0,reviewed,us,us,1982-05-01,29207,Guatemala,1
1982-08-13 16:06:22.760000+00:00,13.259,-90.698,33.0,5.78,mw,,,,1.1,us,usp0001p0z,2014-11-07T00:31:46.203Z,"74 km S of Iztapa, Guatemala",earthquake,,,,1.0,reviewed,us,us,1982-08-13,29336,Guatemala,1
1982-08-20 21:28:05.090000+00:00,13.93,-90.914,80.8,5.54,mw,,,,1.1,us,usp0001p5t,2025-12-19T21:39:23.045Z,"9 km W of Puerto San José, Guatemala",earthquake,,3.5,,38.0,reviewed,us,us,1982-08-20,29359,Guatemala,1
1982-09-05 02:36:34.990000+00:00,14.13,-91.765,62.0,5.62,mw,,,,0.8,us,usp0001pdr,2025-12-19T21:38:06.807Z,"24 km SE of Champerico, Guatemala",earthquake,,2.4,,77.0,reviewed,us,us,1982-09-05,29343,Guatemala,1
1982-10-07 01:17:14.750000+00:00,13.542,-91.079,33.0,4.85,mw,,,,1.2,us,usp0001q2n,2014-11-07T00:31:59.930Z,"50 km SSW of Puerto San José, Guatemala",earthquake,,,,6.0,reviewed,us,us,1982-10-07,29426,Guatemala,1
1982-10-08 06:24:49.520000+00:00,13.557,-92.475,33.0,4.94,mw,,,,1.0,us,usp0001q3h,2014-11-07T00:32:00.215Z,"101 km SW of Champerico, Guatemala",earthquake,,,,8.0,reviewed,us,us,1982-10-08,29424,Guatemala,1
1982-10-21 20:52:03.050000+00:00,15.195,-90.878,33.0,5.03,mw,,,,1.3,us,usp0001qe0,2014-11-07T00:32:03.607Z,"4 km NW of Canillá, Guatemala",earthquake,,,,3.0,reviewed,us,us,1982-10-21,29415,Guatemala,1
1982-10-31 06:03:04.500000+00:00,14.086,-90.274,98.0,5.54,mw,,,,1.2,us,usp0001qmt,2022-04-28T00:24:29.875Z,"0 km WNW of San Juan Tecuaco, Guatemala",earthquake,,,,63.0,reviewed,us,us,1982-10-31,29391,Guatemala,1
1982-11-09 11:46:42.760000+00:00,14.299,-91.263,100.6,5.03,mw,,,,1.1,us,usp0001qsz,2014-11-07T00:32:10.112Z,"10 km E of Tiquisate, Guatemala",earthquake,,3.8,,6.0,reviewed,us,us,1982-11-09,29405,Guatemala,1
1982-11-11 03:12:16.610000+00:00,14.715,-91.578,106.2,5.11,mw,,,,1.1,us,usp0001qua,2014-11-07T00:32:10.623Z,"7 km N of El Palmar, Guatemala",earthquake,,2.6,,29.0,reviewed,us,us,1982-11-11,29392,Guatemala,1
1982-11-14 15:02:48.480000+00:00,14.244,-92.43,51.2,4.51,mw,,,,1.1,us,usp0001qxd,2014-11-07T00:32:11.839Z,"38 km SW of Ocós, Guatemala",earthquake,,11.0,,5.0,reviewed,us,us,1982-11-14,29580,Guatemala,1
1982-11-24 10:23:00.060000+00:00,12.775,-90.998,29.0,5.71,mw,,,,1.1,us,usp0001r3d,2025-12-19T21:37:03.527Z,"128 km S of Puerto San José, Guatemala",earthquake,,,,66.0,reviewed,us,us,1982-11-24,29429,Guatemala,1
1982-11-26 02:17:49.720000+00:00,13.654,-92.887,33.0,5.2,mw,,,,1.0,us,usp0001r41,2014-11-07T00:32:14.040Z,"120 km SW of Ocós, Guatemala",earthquake,,,,2.0,reviewed,us,us,1982-11-26,29441,Guatemala,1
1982-11-29 11:04:59.110000+00:00,13.619,-90.711,61.7,5.2,mw,,,,1.1,us,usp0001r6k,2022-04-28T00:22:29.523Z,"34 km S of Iztapa, Guatemala",earthquake,,2.9,,13.0,reviewed,us,us,1982-11-29,29444,Guatemala,1
1982-12-14 20:37:55.400000+00:00,14.052,-91.954,55.6,5.11,mw,,,,1.1,us,usp0001rfe,2014-11-07T00:32:20.792Z,"27 km S of Champerico, Guatemala",earthquake,,3.8,,15.0,reviewed,us,us,1982-12-14,29459,Guatemala,1
1983-01-15 05:42:46.890000+00:00,13.896,-90.441,99.5,5.11,mw,,,,1.2,us,usp0001s82,2014-11-07T00:32:29.430Z,"19 km S of Taxisco, Guatemala",earthquake,,4.4,,6.0,reviewed,us,us,1983-01-15,29491,Guatemala,1
1983-02-18 07:41:49.700000+00:00,14.736,-91.046,150.0,4.94,mw,,,,0.9,us,usp0001t4x,2014-11-07T00:32:42.346Z,"6 km WSW of Tecpán Guatemala, Guatemala",earthquake,,,,3.0,reviewed,us,us,1983-02-18,29525,Guatemala,1
1983-04-14 07:19:29.870000+00:00,14.189,-91.395,87.6,5.62,mw,,,,1.1,us,usp0001uek,2022-04-28T00:06:34.754Z,"10 km W of Nueva Concepción, Guatemala",earthquake,,1.7,,80.0,reviewed,us,us,1983-04-14,29439,Guatemala,1
1983-07-03 01:45:31.640000+00:00,13.623,-90.409,85.3,5.2,mw,,,,1.2,us,usp0001whu,2014-11-07T00:33:24.788Z,"44 km SSW of Pasaco, Guatemala",earthquake,,6.0,,11.0,reviewed,us,us,1983-07-03,29692,Guatemala,1
1983-07-08 07:00:01.140000+00:00,15.167,-92.093,130.6,5.2,mw,,,,1.0,us,usp0001wnh,2014-11-07T00:33:27.427Z,"5 km WNW of Sibinal, Guatemala",earthquake,,3.5,,28.0,reviewed,us,us,1983-07-08,29761,Guatemala,1
1983-07-31 20:33:21.750000+00:00,14.475,-91.98,117.8,4.85,mw,,,,0.7,us,usp0001x8m,2014-11-07T00:33:31.727Z,"21 km NNW of Champerico, Guatemala",earthquake,,6.4,,10.0,reviewed,us,us,1983-07-31,29765,Guatemala,1
1983-08-04 13:52:41.240000+00:00,14.429,-91.277,87.0,5.37,mw,,,,1.2,us,usp0001xb6,2025-12-19T21:28:27.799Z,"5 km NE of Río Bravo, Guatemala",earthquake,,,,29.0,reviewed,us,us,1983-08-04,29660,Guatemala,1
1983-10-12 13:12:07.940000+00:00,13.657,-90.986,67.5,5.37,mw,,,,1.1,us,usp0001yxz,2025-12-19T21:27:23.864Z,"34 km SSW of Puerto San José, Guatemala",earthquake,,2.1,,33.0,reviewed,us,us,1983-10-12,29665,Guatemala,1
1983-10-13 11:42:18.400000+00:00,13.776,-91.432,74.1,5.37,mw,,,,1.1,us,usp0001yz0,2014-11-07T00:33:59.276Z,"49 km SSW of Nueva Concepción, Guatemala",earthquake,,4.0,,25.0,reviewed,us,us,1983-10-13,29688,Guatemala,1
1983-10-16 09:39:37.380000+00:00,15.117,-91.467,182.5,5.03,mw,,,,1.2,us,usp0001z1b,2014-11-07T00:33:59.839Z,"3 km NNW of San Bartolo, Guatemala",earthquake,,9.6,,9.0,reviewed,us,us,1983-10-16,29762,Guatemala,1
1983-11-22 07:34:34.530000+00:00,15.555,-91.584,263.4,4.85,mw,,,,1.0,us,usp0001zzj,2014-11-07T00:34:09.061Z,"5 km NNE of Todos Santos Cuchumatán, Guatemala",earthquake,,7.3,,11.0,reviewed,us,us,1983-11-22,29815,Guatemala,1
1983-11-28 12:49:24.380000+00:00,14.159,-91.234,102.6,4.68,mw,,,,1.5,us,usp0002045,2014-11-07T00:34:09.713Z,"8 km ESE of Nueva Concepción, Guatemala",earthquake,,14.9,,6.0,reviewed,us,us,1983-11-28,29883,Guatemala,1
1983-11-30 03:49:57.450000+00:00,13.83,-90.845,66.8,5.45,mw,,,,1.1,us,usp000205c,2014-11-07T00:34:09.930Z,"11 km SSW of Puerto San José, Guatemala",earthquake,,4.3,,24.0,reviewed,us,us,1983-11-30,29808,Guatemala,1
1983-12-02 03:09:05.660000+00:00,14.066,-91.924,67.1,7.0,mw,,,,1.1,us,usp000207b,2025-12-19T21:25:50.831Z,"25 km S of Champerico, Guatemala",earthquake,,2.0,,,reviewed,us,nc,1983-12-02,29802,Guatemala,1
1983-12-05 11:30:36.800000+00:00,13.239,-91.797,33.0,4.77,mw,,,,1.3,us,usp000209p,2014-11-07T00:34:13.777Z,"117 km S of Champerico, Guatemala",earthquake,,,,6.0,reviewed,us,us,1983-12-05,29849,Guatemala,1
1983-12-21 09:04:27.610000+00:00,13.16,-91.308,33.0,4.85,mw,,,,1.2,us,usp00020p9,2014-11-07T00:34:16.047Z,"99 km SSW of Puerto San José, Guatemala",earthquake,,,,4.0,reviewed,us,us,1983-12-21,29831,Guatemala,1
1984-01-08 00:57:58.570000+00:00,15.093,-91.376,186.1,5.03,mw,,,,0.9,us,usp000213b,2014-11-07T00:34:21.942Z,"6 km NNE of Momostenango, Guatemala",earthquake,,,,35.0,reviewed,us,us,1984-01-08,29810,Guatemala,1
1984-02-11 10:46:10.560000+00:00,13.393,-92.604,33.0,4.94,mw,,,,1.1,us,usp00021wk,2014-11-07T00:34:30.024Z,"124 km SW of Champerico, Guatemala",earthquake,,,,5.0,reviewed,us,us,1984-02-11,29812,Guatemala,1
1984-05-16 06:27:29.310000+00:00,13.494,-90.559,33.0,5.58,mw,,,,1.2,us,usp00024dz,2014-11-07T00:34:55.145Z,"51 km SSE of Iztapa, Guatemala",earthquake,,,,1.0,reviewed,us,us,1984-05-16,30007,Guatemala,1
1984-06-14 01:49:24.890000+00:00,14.217,-91.35,33.0,4.6,mw,,,,1.0,us,usp000250m,2014-11-07T00:35:02.134Z,"5 km WNW of Nueva Concepción, Guatemala",earthquake,,,,5.0,reviewed,us,us,1984-06-14,30141,Guatemala,1
1984-07-17 00:00:07.950000+00:00,13.797,-90.88,33.0,5.03,mw,,,,1.2,us,usp00025sz,2014-11-07T00:35:11.731Z,"15 km SSW of Puerto San José, Guatemala",earthquake,,,,4.0,reviewed,us,us,1984-07-17,30040,Guatemala,1
1984-08-03 14:30:58.370000+00:00,14.386,-92.224,36.2,5.9,mw,,,,0.9,us,usp000266j,2022-04-27T23:13:52.011Z,"14 km SSW of Ocós, Guatemala",earthquake,,,,,reviewed,us,hrv,1984-08-03,29978,Guatemala,1
1984-08-19 11:06:43.620000+00:00,14.872,-89.834,33.0,4.68,mw,,,,1.5,us,usp00026hs,2014-11-07T00:35:19.482Z,"7 km SE of San Cristóbal Acasaguastlán, Guatemala",earthquake,,,,4.0,reviewed,us,us,1984-08-19,30073,Guatemala,1
1984-09-28 11:47:37.500000+00:00,12.239,-91.178,33.0,4.94,mw,,,,1.6,us,usp00027s9,2014-11-07T00:35:29.219Z,"190 km SSW of Puerto San José, Guatemala",earthquake,,,,3.0,reviewed,us,us,1984-09-28,30057,Guatemala,-1
1984-10-26 09:35:55.450000+00:00,13.486,-92.214,33.0,4.68,mw,,,,1.5,us,usp00028hg,2014-11-07T00:35:36.612Z,"95 km SSW of Champerico, Guatemala",earthquake,,,,4.0,reviewed,us,us,1984-10-26,30113,Guatemala,1
1984-10-31 20:44:02.150000+00:00,14.282,-89.796,259.2,4.6,mw,,,,0.9,us,usp00028ph,2014-11-07T00:35:37.259Z,"9 km N of Yupiltepeque, Guatemala",earthquake,,13.7,,4.0,reviewed,us,us,1984-10-31,30146,Guatemala,1
1984-11-05 05:57:55.530000+00:00,14.164,-91.151,91.0,5.03,mw,,,,1.4,us,usp00028tc,2014-11-07T00:35:40.787Z,"13 km NW of La Gomera, Guatemala",earthquake,,5.0,,20.0,reviewed,us,us,1984-11-05,30169,Guatemala,1
1984-11-08 03:07:23.280000+00:00,13.598,-90.607,66.9,5.2,mw,,,,1.3,us,usp00028vu,2014-11-07T00:35:41.508Z,"38 km SSE of Iztapa, Guatemala",earthquake,,6.1,,15.0,reviewed,us,us,1984-11-08,30161,Guatemala,1
1984-11-15 08:00:25.570000+00:00,13.841,-92.0,48.0,5.03,mw,,,,1.3,us,usp0002932,2014-11-07T00:35:42.870Z,"50 km S of Champerico, Guatemala",earthquake,,9.1,,13.0,reviewed,us,us,1984-11-15,30199,Guatemala,1
1984-11-23 10:51:28.120000+00:00,15.925,-88.784,33.0,4.51,mw,,,,1.3,us,usp00029bc,2014-11-07T00:35:44.403Z,"11 km NNW of Lívingston, Guatemala",earthquake,,,,2.0,reviewed,us,us,1984-11-23,30253,Guatemala,2
1984-11-23 19:27:32.990000+00:00,14.55,-90.736,213.2,5.11,mw,,,,1.3,us,usp00029c1,2014-11-07T00:35:44.502Z,"1 km S of Antigua Guatemala, Guatemala",earthquake,,11.0,,1.0,reviewed,us,us,1984-11-23,30169,Guatemala,1
1984-12-23 02:35:10.270000+00:00,14.307,-91.96,96.1,4.51,mw,,,,1.2,us,usp0002abj,2014-11-07T00:35:53.858Z,"5 km WNW of Champerico, Guatemala",earthquake,,30.3,,2.0,reviewed,us,us,1984-12-23,30301,Guatemala,1
1985-02-15 00:32:36.770000+00:00,13.242,-91.488,33.0,5.28,mw,,,,1.0,us,usp0002bwx,2014-11-07T00:36:10.641Z,"104 km SSW of La Gomera, Guatemala",earthquake,,,,6.0,reviewed,us,us,1985-02-15,30154,Guatemala,1
1985-04-04 23:52:22.910000+00:00,12.863,-91.237,33.0,5.37,mw,,,,1.2,us,usp0002dft,2014-11-07T00:36:24.606Z,"126 km SSW of Puerto San José, Guatemala",earthquake,,,,26.0,reviewed,us,us,1985-04-04,30151,Guatemala,1
1985-05-09 22:57:14+00:00,14.036,-91.802,52.5,5.2,mw,,,,1.2,us,usp0002em6,2014-11-07T00:36:34.092Z,"30 km SSE of Champerico, Guatemala",earthquake,,13.7,,17.0,reviewed,us,us,1985-05-09,30360,Guatemala,1
1985-05-27 12:40:55.760000+00:00,14.014,-92.488,60.4,4.77,mw,,,,1.3,us,usp0002f87,2014-11-07T00:36:37.117Z,"63 km SSW of Ocós, Guatemala",earthquake,,15.8,,12.0,reviewed,us,us,1985-05-27,30500,Guatemala,1
1985-06-02 03:10:31.530000+00:00,13.546,-91.892,33.0,4.94,mw,,,,1.0,us,usp0002fed,2014-11-07T00:36:40.220Z,"82 km S of Champerico, Guatemala",earthquake,,,,10.0,reviewed,us,us,1985-06-02,30379,Guatemala,1
1985-06-02 06:37:43.360000+00:00,15.423,-91.793,167.5,5.28,mw,,,,1.2,us,usp0002feh,2014-11-07T00:36:40.261Z,"2 km WNW of Ixtahuacán, Guatemala",earthquake,,9.9,,4.0,reviewed,us,us,1985-06-02,30354,Guatemala,1
1985-06-03 02:45:32.010000+00:00,13.175,-90.138,65.5,6.3,mw,,,,1.0,us,usp0002ffh,2022-04-27T22:45:30.305Z,near the coast of Guatemala,earthquake,,5.2,,,reviewed,us,hrv,1985-06-03,30336,near the coast of Guatemala,3
1985-06-13 11:42:32.350000+00:00,14.729,-90.546,222.6,5.28,mw,,,,1.0,us,usp0002ft9,2014-11-07T00:36:43.698Z,"5 km WNW of Chinautla, Guatemala",earthquake,,,,67.0,reviewed,us,us,1985-06-13,30360,Guatemala,1
1985-06-20 15:25:33.320000+00:00,13.654,-90.514,33.0,5.03,mw,,,,1.2,us,usp0002g0f,2014-11-07T00:36:44.531Z,"37 km SE of Iztapa, Guatemala",earthquake,,,,14.0,reviewed,us,us,1985-06-20,30361,Guatemala,1
1985-06-21 00:44:43.190000+00:00,14.2,-92.175,33.0,4.94,mw,,,,0.9,us,usp0002g0w,2014-11-07T00:36:44.564Z,"30 km WSW of Champerico, Guatemala",earthquake,,,,26.0,reviewed,us,us,1985-06-21,30379,Guatemala,1
1985-06-21 18:03:21.300000+00:00,13.191,-92.849,33.0,5.03,mw,,,,0.3,us,usp0002g1k,2014-11-07T00:36:44.778Z,"158 km SW of Champerico, Guatemala",earthquake,,,,1.0,reviewed,us,us,1985-06-21,30378,Guatemala,1
1985-08-18 23:15:00.310000+00:00,13.99,-91.095,33.0,5.03,mw,,,,1.4,us,usp0002hwh,2014-11-07T00:37:01.889Z,"11 km SSW of La Gomera, Guatemala",earthquake,,,,7.0,reviewed,us,us,1985-08-18,30371,Guatemala,1
1985-09-08 15:29:51.810000+00:00,14.326,-91.279,33.0,4.94,mw,,,,1.3,us,usp0002jht,2014-11-07T00:37:08.170Z,"9 km SSE of Río Bravo, Guatemala",earthquake,,,,12.0,reviewed,us,us,1985-09-08,30437,Guatemala,1
1985-10-11 03:39:10.960000+00:00,15.299,-90.863,5.0,4.85,mw,,,,1.0,us,usp0002kpk,2020-08-27T00:33:56.494Z,"5 km S of Uspantán, Guatemala",earthquake,,,,13.0,reviewed,us,us,1985-10-11,30458,Guatemala,1
1985-10-20 19:44:52.380000+00:00,12.529,-91.32,33.0,4.85,mw,,,,1.1,us,usp0002kzj,2014-11-07T00:37:20.254Z,"163 km SSW of Puerto San José, Guatemala",earthquake,,,,1.0,reviewed,us,us,1985-10-20,30491,Guatemala,1
1985-11-13 04:12:10.190000+00:00,15.9,-91.172,33.0,4.68,mw,,,,1.5,us,usp0002mqq,2014-11-07T00:37:28.004Z,Mexico-Guatemala border region,earthquake,,,,1.0,reviewed,us,us,1985-11-13,30665,Mexico-Guatemala border region,1
1985-11-27 15:08:57.720000+00:00,13.882,-90.939,74.4,5.6,mw,,,,1.2,us,usp0002n9p,2022-04-27T22:32:16.171Z,"13 km WSW of Puerto San José, Guatemala",earthquake,,3.0,,,reviewed,us,hrv,1985-11-27,30538,Guatemala,1
1985-11-28 07:20:07.850000+00:00,14.176,-89.875,270.8,4.77,mw,,,,1.0,us,usp0002nan,2014-11-07T00:37:31.261Z,"5 km W of El Adelanto, Guatemala",earthquake,,55.6,,7.0,reviewed,us,us,1985-11-28,30618,Guatemala,1
1985-12-19 07:32:00.980000+00:00,15.268,-91.978,32.5,5.11,mw,,,,1.1,us,usp0002p2r,2022-04-27T22:29:20.608Z,"5 km NNW of San José Ojetenán, Guatemala",earthquake,,8.1,,17.0,reviewed,us,us,1985-12-19,30603,Guatemala,1
1986-01-31 05:47:16.650000+00:00,13.429,-91.239,33.0,5.11,mw,,,,0.9,us,usp0002qkj,2014-11-07T00:37:49.564Z,"71 km SW of Puerto San José, Guatemala",earthquake,,,,5.0,reviewed,us,us,1986-01-31,30617,Guatemala,1
1986-02-14 20:00:25.100000+00:00,14.24,-92.05,33.0,5.2,mw,,,,1.2,us,usp0002r0c,2014-11-07T00:37:55.172Z,"16 km WSW of Champerico, Guatemala",earthquake,,,,21.0,reviewed,us,us,1986-02-14,30560,Guatemala,1
1986-02-15 21:37:48.610000+00:00,14.774,-91.414,136.1,5.9,mw,,,,1.0,us,usp0002r19,2022-04-27T22:24:12.728Z,"6 km SE of Cantel, Guatemala",earthquake,,4.3,,,reviewed,us,hrv,1986-02-15,30524,Guatemala,1
1986-03-24 10:33:57.550000+00:00,14.132,-91.318,66.8,5.4,mw,,,,1.2,us,usp0002s74,2025-12-19T21:19:00.181Z,"7 km SSW of Nueva Concepción, Guatemala",earthquake,,3.4,,,reviewed,us,hrv,1986-03-24,30539,Guatemala,1
1986-03-31 09:30:26.530000+00:00,13.079,-91.085,33.0,4.77,mw,,,,1.0,us,usp0002sg2,2014-11-07T00:38:06.664Z,"98 km SSW of Puerto San José, Guatemala",earthquake,,,,1.0,reviewed,us,us,1986-03-31,30662,Guatemala,1
1986-04-03 20:01:21.060000+00:00,13.302,-91.745,33.0,4.77,mw,,,,1.1,us,usp0002smg,2014-11-07T00:38:10.994Z,"110 km SSW of Nueva Concepción, Guatemala",earthquake,,,,3.0,reviewed,us,us,1986-04-03,30655,Guatemala,1
1986-04-05 12:52:29.950000+00:00,15.943,-88.454,10.1,4.43,mw,,,,0.9,us,usp0002spd,2014-11-07T00:38:11.487Z,"28 km NNE of Puerto Barrios, Guatemala",earthquake,,4.5,,2.0,reviewed,us,us,1986-04-05,30667,Guatemala,2
1986-05-04 17:56:19.140000+00:00,14.28,-91.5,33.0,5.03,mw,,,,1.3,us,usp0002thb,2014-11-07T00:38:20.239Z,"15 km W of Tiquisate, Guatemala",earthquake,,,,3.0,reviewed,us,us,1986-05-04,30696,Guatemala,1
1986-06-13 11:31:37.670000+00:00,13.814,-92.413,33.0,4.85,mw,,,,0.9,us,usp0002v0x,2014-11-07T00:38:32.676Z,"75 km SW of Champerico, Guatemala",earthquake,,,,7.0,reviewed,us,us,1986-06-13,30833,Guatemala,1
1986-09-18 09:39:24.530000+00:00,13.175,-91.854,33.0,4.51,mw,,,,1.5,us,usp0002y6t,2014-11-07T00:39:01.870Z,"123 km S of Champerico, Guatemala",earthquake,,,,2.0,reviewed,us,us,1986-09-18,30844,Guatemala,1
1986-09-27 02:34:31.920000+00:00,13.872,-92.775,33.0,4.94,mw,,,,1.2,us,usp0002ye7,2014-11-07T00:39:03.570Z,"94 km SW of Ocós, Guatemala",earthquake,,,,8.0,reviewed,us,us,1986-09-27,30736,Guatemala,1
1986-09-29 05:48:06.290000+00:00,13.823,-92.032,55.3,4.68,mw,,,,1.4,us,usp0002yge,2014-11-07T00:39:03.746Z,"53 km SSW of Champerico, Guatemala",earthquake,,19.0,,3.0,reviewed,us,us,1986-09-29,30842,Guatemala,1
1986-10-22 09:25:52.820000+00:00,13.631,-90.624,33.0,4.4,m,,,,0.7,us,usp0002z7q,2014-11-07T00:39:11.047Z,"34 km SSE of Iztapa, Guatemala",earthquake,,,,,reviewed,us,gcg,1986-10-22,30867,Guatemala,1
1986-12-01 10:22:36.920000+00:00,13.568,-92.02,33.0,4.85,mw,,,,1.4,us,usp00030hp,2014-11-07T00:39:25.375Z,"81 km S of Champerico, Guatemala",earthquake,,,,1.0,reviewed,us,us,1986-12-01,30976,Guatemala,1
1986-12-03 14:26:44.710000+00:00,14.457,-91.655,88.9,5.2,mw,,,,0.9,us,usp00030kb,2014-11-07T00:39:26.637Z,"9 km SSE of Retalhuleu, Guatemala",earthquake,,4.2,,25.0,reviewed,us,us,1986-12-03,30907,Guatemala,1
1986-12-20 18:05:36.980000+00:00,13.877,-91.716,68.8,5.11,mw,,,,1.2,us,usp0003113,2014-11-07T00:39:30.647Z,"50 km SSE of Champerico, Guatemala",earthquake,,7.2,,13.0,reviewed,us,us,1986-12-20,30909,Guatemala,1
1986-12-28 07:31:34.950000+00:00,15.335,-89.753,5.0,4.77,mw,,,,1.1,us,usp000317f,2014-11-07T00:39:32.123Z,"11 km SE of Senahú, Guatemala",earthquake,,,,5.0,reviewed,us,us,1986-12-28,30977,Guatemala,1
1987-02-08 12:44:00+00:00,13.827,-90.995,69.6,4.68,mw,,,,1.2,us,usp000329d,2014-11-07T00:39:48.573Z,"21 km WSW of Puerto San José, Guatemala",earthquake,,,,6.0,reviewed,us,us,1987-02-08,31017,Guatemala,1
1987-02-09 06:16:46.470000+00:00,14.071,-90.544,93.1,5.03,mw,,,,1.2,us,usp00032ac,2014-11-07T00:39:49.497Z,"8 km W of Taxisco, Guatemala",earthquake,,,,11.0,reviewed,us,us,1987-02-09,30926,Guatemala,1
1987-03-10 00:54:48.620000+00:00,14.182,-92.444,33.0,4.94,mw,,,,0.8,us,usp0003357,2014-11-07T00:40:02.758Z,"45 km SW of Ocós, Guatemala",earthquake,,,,1.0,reviewed,us,us,1987-03-10,30934,Guatemala,1
1987-03-21 19:34:38.320000+00:00,14.114,-91.214,85.7,4.77,mw,,,,1.1,us,usp00033gz,2014-11-07T00:40:06.165Z,"13 km SE of Nueva Concepción, Guatemala",earthquake,,5.6,,9.0,reviewed,us,us,1987-03-21,31006,Guatemala,1
1987-05-16 10:13:11.860000+00:00,13.911,-91.857,47.5,4.85,mw,,,,1.4,us,usp000351s,2014-11-07T00:40:25.039Z,"42 km S of Champerico, Guatemala",earthquake,,12.1,,6.0,reviewed,us,us,1987-05-16,31176,Guatemala,1
1987-05-23 03:27:57.170000+00:00,14.049,-91.314,80.7,5.2,mw,,,,1.2,us,usp000356w,2025-12-19T21:15:17.913Z,"16 km S of Nueva Concepción, Guatemala",earthquake,,5.0,,,reviewed,us,hrv,1987-05-23,31080,Guatemala,1
1987-08-24 14:28:46.640000+00:00,15.332,-89.209,10.0,4.85,mw,,,,0.8,us,usp00037sq,2020-08-28T21:29:47.479Z,"14 km NW of Los Amates, Guatemala",earthquake,,,,4.0,reviewed,us,us,1987-08-24,31184,Guatemala,2
1987-08-26 09:46:20.310000+00:00,13.643,-91.53,57.5,5.2,mw,,,,1.1,us,usp00037ud,2014-11-07T00:40:49.895Z,"66 km SSW of Nueva Concepción, Guatemala",earthquake,,8.0,,18.0,reviewed,us,us,1987-08-26,31173,Guatemala,1
1987-08-27 00:22:42.320000+00:00,14.276,-92.362,68.1,4.85,mw,,,,0.7,us,usp00037uz,2014-11-07T00:40:49.948Z,"31 km SW of Ocós, Guatemala",earthquake,,9.5,,9.0,reviewed,us,us,1987-08-27,31193,Guatemala,1
1987-09-04 22:39:32.130000+00:00,13.373,-90.739,33.0,4.94,mw,,,,0.7,us,usp000383t,2014-11-07T00:40:54.559Z,"61 km S of Puerto San José, Guatemala",earthquake,,,,3.0,reviewed,us,us,1987-09-04,31175,Guatemala,1
1987-09-13 11:20:52.220000+00:00,14.272,-89.979,123.4,5.8,mw,,,,1.0,us,usp00038c1,2022-04-27T21:35:36.507Z,"6 km E of Quesada, Guatemala",earthquake,,2.5,,,reviewed,us,hrv,1987-09-13,31073,Guatemala,1
1987-11-18 11:39:30.810000+00:00,13.933,-90.315,33.0,5.11,mw,,,,0.9,us,usp0003a7y,2014-11-07T00:41:14.289Z,"12 km WSW of Pasaco, Guatemala",earthquake,,,,5.0,reviewed,us,us,1987-11-18,31277,Guatemala,1
1987-12-06 08:39:24.080000+00:00,13.649,-90.756,71.6,4.85,mw,,,,1.1,us,usp0003b0g,2014-11-07T00:41:21.340Z,"31 km SSE of Puerto San José, Guatemala",earthquake,,4.9,,6.0,reviewed,us,us,1987-12-06,31341,Guatemala,1
1988-01-19 11:36:36.190000+00:00,14.406,-90.84,164.7,5.9,mw,,,,1.2,us,usp0003c66,2022-04-28T20:56:24.915Z,"9 km SSW of Alotenango, Guatemala",earthquake,,,,,reviewed,us,hrv,1988-01-19,31259,Guatemala,1
1988-02-08 06:16:59.780000+00:00,14.06,-91.956,60.2,5.11,mw,,,,1.1,us,usp0003cuy,2014-11-07T00:41:38.765Z,"26 km S of Champerico, Guatemala",earthquake,,5.6,,13.0,reviewed,us,us,1988-02-08,31321,Guatemala,1
1988-06-18 18:42:03.380000+00:00,13.603,-91.113,59.2,5.7,mw,,,,1.2,us,usp0003h2w,2022-04-28T20:44:41.904Z,"47 km SW of Puerto San José, Guatemala",earthquake,,3.6,,,reviewed,us,hrv,1988-06-18,31472,Guatemala,1
1988-06-18 19:34:30.270000+00:00,13.131,-91.444,33.0,4.94,mw,,,,1.3,us,usp0003h2y,2014-11-07T00:42:19.894Z,"110 km SW of Puerto San José, Guatemala",earthquake,,,,2.0,reviewed,us,us,1988-06-18,31527,Guatemala,1
1988-07-20 01:18:50.600000+00:00,14.39,-90.292,193.6,5.03,mw,,,,0.9,us,usp0003j0p,2014-11-07T00:42:31.471Z,"0 km ENE of Santa Rosa de Lima, Guatemala",earthquake,,2.9,,8.0,reviewed,us,us,1988-07-20,31507,Guatemala,1
1988-07-23 01:33:43.910000+00:00,13.628,-91.917,57.2,4.77,mw,,,,1.0,us,usp0003j43,2014-11-07T00:42:31.813Z,"73 km S of Champerico, Guatemala",earthquake,,6.9,,11.0,reviewed,us,us,1988-07-23,31544,Guatemala,1
1988-08-12 05:32:45.170000+00:00,14.093,-92.277,65.8,5.11,mw,,,,1.0,us,usp0003jwk,2014-11-07T00:42:39.974Z,"45 km WSW of Champerico, Guatemala",earthquake,,3.9,,25.0,reviewed,us,us,1988-08-12,31504,Guatemala,1
1988-08-29 17:56:11.820000+00:00,13.119,-90.972,20.2,4.77,mw,,,,1.0,us,usp0003kgh,2014-11-07T00:42:42.739Z,"90 km S of Puerto San José, Guatemala",earthquake,,5.0,,3.0,reviewed,us,us,1988-08-29,31562,Guatemala,1
1988-09-16 08:11:56.080000+00:00,13.926,-91.547,48.4,5.2,mw,,,,1.2,us,usp0003m0t,2025-12-19T21:09:22.647Z,"40 km SW of Nueva Concepción, Guatemala",earthquake,,4.9,,,reviewed,us,hrv,1988-09-16,31472,Guatemala,1
1988-10-15 10:13:26.810000+00:00,14.683,-90.875,33.0,5.11,mw,,,,1.5,us,usp0003mum,2022-04-28T20:33:35.576Z,"4 km NNE of Zaragoza, Guatemala",earthquake,,,,11.0,reviewed,us,us,1988-10-15,31623,Guatemala,1
1988-11-03 14:47:10.780000+00:00,13.881,-90.45,68.5,6.6,mw,,,,1.1,us,usp0003ng5,2022-04-28T20:30:08.075Z,"20 km S of Taxisco, Guatemala",earthquake,,,,,reviewed,us,hrv,1988-11-03,31591,Guatemala,1
1988-11-16 05:28:19.920000+00:00,14.146,-91.106,76.3,5.2,mw,,,,1.3,us,usp0003nwq,2014-11-07T00:43:06.491Z,"9 km NW of La Gomera, Guatemala",earthquake,,3.2,,26.0,reviewed,us,us,1988-11-16,31610,Guatemala,1
1988-12-05 01:16:45.680000+00:00,15.243,-92.11,167.6,4.51,mw,,,,1.2,us,usp0003phs,2014-11-07T00:43:15.180Z,"4 km W of Tacaná, Guatemala",earthquake,,,,4.0,reviewed,us,us,1988-12-05,31740,Guatemala,1
1989-03-13 09:41:11.780000+00:00,14.19,-92.064,45.3,5.11,mw,,,,1.2,us,usp0003swg,2014-11-07T00:43:48.883Z,"19 km SW of Champerico, Guatemala",earthquake,,5.5,,10.0,reviewed,us,us,1989-03-13,31642,Guatemala,1
1989-04-20 06:13:53.290000+00:00,13.328,-90.757,64.5,5.11,mw,,,,1.2,us,usp0003u5h,2014-11-07T00:44:00.802Z,"66 km S of Puerto San José, Guatemala",earthquake,,6.2,,18.0,reviewed,us,us,1989-04-20,31875,Guatemala,1
1989-05-25 21:36:21.270000+00:00,13.968,-91.804,69.2,5.4,mw,,,,0.9,us,usp0003vnd,2022-04-28T20:18:55.003Z,"37 km SSE of Champerico, Guatemala",earthquake,,3.2,,,reviewed,us,hrv,1989-05-25,31778,Guatemala,1
1989-05-29 21:49:19.410000+00:00,15.788,-89.948,24.4,5.28,mw,,,,1.0,us,usp0003vss,2014-11-07T00:44:15.477Z,"24 km N of Lanquín, Guatemala",earthquake,,4.4,,25.0,reviewed,us,us,1989-05-29,31817,Guatemala,1
1989-06-09 10:27:37.040000+00:00,13.735,-92.451,33.0,4.68,mw,,,,1.4,us,usp0003w41,2014-11-07T00:44:21.769Z,"84 km SW of Champerico, Guatemala",earthquake,,,,3.0,reviewed,us,us,1989-06-09,31887,Guatemala,1
1989-07-26 14:05:03.800000+00:00,14.788,-91.942,77.8,5.11,mw,,,,1.4,us,usp0003xqj,2014-11-07T00:44:34.623Z,"2 km W of Nuevo Progreso, Guatemala",earthquake,,,,22.0,reviewed,us,us,1989-07-26,31828,Guatemala,1
1989-07-26 16:08:45.390000+00:00,14.427,-91.416,61.5,5.4,mw,,,,1.3,us,usp0003xqm,2025-12-19T21:05:00.531Z,"2 km SSE of San José El Ídolo, Guatemala",earthquake,,,,,reviewed,us,hrv,1989-07-26,31813,Guatemala,1
1989-07-28 08:18:54.920000+00:00,14.081,-90.86,33.0,4.94,mw,,,,1.4,us,usp0003xsh,2014-11-07T00:44:35.173Z,"13 km S of Masagua, Guatemala",earthquake,,,,1.0,reviewed,us,us,1989-07-28,31875,Guatemala,1
1989-08-02 03:17:07.460000+00:00,13.831,-90.556,89.7,4.85,mw,,,,1.1,us,usp0003xyb,2014-11-07T00:44:38.328Z,"19 km SE of Iztapa, Guatemala",earthquake,,3.6,,2.0,reviewed,us,us,1989-08-02,31877,Guatemala,1
1989-08-07 12:11:00.920000+00:00,14.34,-90.524,139.3,4.77,mw,,,,0.9,us,usp0003y6h,2014-11-07T00:44:40.890Z,"13 km NNW of Pueblo Nuevo Viñas, Guatemala",earthquake,,4.0,,1.0,reviewed,us,us,1989-08-07,31882,Guatemala,1
1989-09-21 06:41:20.720000+00:00,14.1,-92.251,54.2,4.43,mw,,,,1.0,us,usp0003zux,2014-11-07T00:44:53.501Z,"42 km WSW of Champerico, Guatemala",earthquake,,6.8,,5.0,reviewed,us,us,1989-09-21,31932,Guatemala,1
1989-11-23 21:28:11.900000+00:00,14.075,-91.703,61.0,4.85,mw,,,,1.2,us,usp00042bu,2014-11-07T00:45:13.961Z,"33 km SE of Champerico, Guatemala",earthquake,,7.8,,5.0,reviewed,us,us,1989-11-23,32018,Guatemala,1
1989-12-01 11:36:23.570000+00:00,14.014,-92.066,57.8,4.85,mw,,,,1.3,us,usp00042mc,2014-11-07T00:45:17.122Z,"35 km SSW of Champerico, Guatemala",earthquake,,26.2,,1.0,reviewed,us,us,1989-12-01,32054,Guatemala,1
1989-12-16 19:36:06.890000+00:00,13.644,-91.88,33.0,4.94,mw,,,,1.5,us,usp000435u,2014-11-07T00:45:21.943Z,"71 km S of Champerico, Guatemala",earthquake,,,,2.0,reviewed,us,us,1989-12-16,32003,Guatemala,1
1990-01-21 10:42:58.330000+00:00,15.561,-91.579,212.5,4.85,mw,,,,0.9,us,usp00044j3,2014-11-07T00:45:33.924Z,"6 km NNE of Todos Santos Cuchumatán, Guatemala",earthquake,,5.0,,34.0,reviewed,us,us,1990-01-21,32077,Guatemala,1
1990-02-13 02:51:40.350000+00:00,13.744,-90.601,33.0,5.11,mw,,,,1.0,us,usp00045dc,2014-11-07T00:45:43.255Z,"23 km SSE of Iztapa, Guatemala",earthquake,,,,13.0,reviewed,us,us,1990-02-13,31995,Guatemala,1
1990-03-19 23:55:49.180000+00:00,15.275,-91.879,144.6,4.85,mw,,,,1.2,us,usp00046ue,2014-11-07T00:45:57.601Z,"5 km NW of Concepción Tutuapa, Guatemala",earthquake,,,,13.0,reviewed,us,us,1990-03-19,32111,Guatemala,1
1990-04-20 20:33:38.070000+00:00,13.241,-90.079,77.2,5.3,mw,,,,1.3,us,usp000487b,2025-12-19T21:02:04.522Z,near the coast of Guatemala,earthquake,,4.3,,,reviewed,us,hrv,1990-04-20,32149,near the coast of Guatemala,3
1990-04-26 18:54:16.290000+00:00,13.451,-91.268,51.5,5.2,mw,,,,1.1,us,usp00048h8,2014-11-07T00:46:12.048Z,"71 km SW of Puerto San José, Guatemala",earthquake,,9.2,,10.0,reviewed,us,us,1990-04-26,32154,Guatemala,1
1990-05-01 11:44:34.440000+00:00,14.056,-91.69,41.0,5.8,mw,,,,1.2,us,usp00048qa,2022-04-28T19:48:16.914Z,"35 km SE of Champerico, Guatemala",earthquake,,7.1,,,reviewed,us,hrv,1990-05-01,32143,Guatemala,1
1990-06-11 08:20:12.930000+00:00,14.116,-90.234,194.1,4.6,mw,,,,1.3,us,usp0004acq,2014-11-07T00:46:30.913Z,"5 km NE of San Juan Tecuaco, Guatemala",earthquake,,11.7,,9.0,reviewed,us,us,1990-06-11,32291,Guatemala,1
1990-07-07 06:11:10.900000+00:00,13.197,-90.628,33.0,4.6,mw,,,,1.0,us,usp0004bga,2014-11-07T00:46:39.174Z,"81 km S of Iztapa, Guatemala",earthquake,,,,5.0,reviewed,us,us,1990-07-07,32296,Guatemala,1
1990-07-09 06:58:47.520000+00:00,15.218,-91.689,184.0,4.77,mw,,,,1.1,us,usp0004bka,2014-11-07T00:46:39.717Z,"5 km W of Sipacapa, Guatemala",earthquake,,5.6,,8.0,reviewed,us,us,1990-07-09,32223,Guatemala,1
1990-07-31 09:55:16.540000+00:00,14.23,-91.081,93.1,4.85,mw,,,,1.1,us,usp0004cs7,2014-11-07T00:46:47.868Z,"13 km SSW of Santa Lucía Cotzumalguapa, Guatemala",earthquake,,5.3,,10.0,reviewed,us,us,1990-07-31,32221,Guatemala,1
1990-09-12 06:06:59.240000+00:00,14.819,-91.479,33.0,4.77,mw,,,,1.0,us,usp0004ema,2014-11-07T00:47:06.637Z,"1 km ENE of Almolonga, Guatemala",earthquake,,,,2.0,reviewed,us,us,1990-09-12,32245,Guatemala,1
1990-09-15 08:45:55+00:00,13.764,-90.686,85.9,5.03,mw,,,,1.1,us,usp0004erh,2014-11-07T00:47:07.086Z,"18 km S of Iztapa, Guatemala",earthquake,,5.5,,4.0,reviewed,us,us,1990-09-15,32195,Guatemala,1
1990-09-20 10:35:22.860000+00:00,12.518,-90.947,33.0,4.68,mw,,,,1.1,us,usp0004ewq,2014-11-07T00:47:07.644Z,"156 km S of Puerto San José, Guatemala",earthquake,,,,6.0,reviewed,us,us,1990-09-20,32288,Guatemala,1
1990-10-06 10:09:01.990000+00:00,13.445,-92.058,41.3,5.5,mw,,,,1.0,us,usp0004fe3,2025-12-19T20:59:54.865Z,"95 km S of Champerico, Guatemala",earthquake,,6.8,,,reviewed,us,hrv,1990-10-06,32312,Guatemala,1
1990-10-28 01:18:35.630000+00:00,14.254,-90.038,184.6,4.85,mw,,,,0.9,us,usp0004g89,2014-11-07T00:47:19.199Z,"1 km S of Quesada, Guatemala",earthquake,,32.9,,2.0,reviewed,us,us,1990-10-28,32447,Guatemala,1
1990-11-08 09:53:55.890000+00:00,14.026,-92.514,43.6,5.11,mw,,,,1.2,us,usp0004gn4,2014-11-07T00:47:25.577Z,"63 km SSW of Ocós, Guatemala",earthquake,,11.8,,7.0,reviewed,us,us,1990-11-08,32372,Guatemala,1
1990-12-05 23:36:15.660000+00:00,14.153,-91.851,33.0,5.11,mw,,,,0.8,us,usp0004hsq,2014-11-07T00:47:34.498Z,"16 km SSE of Champerico, Guatemala",earthquake,,,,17.0,reviewed,us,us,1990-12-05,32414,Guatemala,1
1991-01-16 06:04:55.310000+00:00,13.783,-90.687,69.1,5.5,mw,,,,1.3,us,usp0004krp,2022-04-28T19:26:52.269Z,"16 km S of Iztapa, Guatemala",earthquake,,,,,reviewed,us,hrv,1991-01-16,32334,Guatemala,1
1991-01-29 22:46:40.520000+00:00,12.887,-90.865,50.9,5.4,mw,,,,1.0,us,usp0004mb4,2025-12-19T20:55:33.740Z,"115 km S of Puerto San José, Guatemala",earthquake,,4.1,,,reviewed,us,hrv,1991-01-29,32345,Guatemala,1
1991-02-18 05:55:50.770000+00:00,15.416,-91.753,188.2,4.94,mw,,,,1.3,us,usp0004n2k,2014-11-07T00:48:01.278Z,"1 km E of Ixtahuacán, Guatemala",earthquake,,,,37.0,reviewed,us,us,1991-02-18,32427,Guatemala,1
1991-03-02 04:12:41.330000+00:00,14.008,-91.382,74.6,4.77,mw,,,,1.3,us,usp0004nka,2014-11-07T00:48:08.697Z,"23 km SSW of Nueva Concepción, Guatemala",earthquake,,5.2,,4.0,reviewed,us,us,1991-03-02,32459,Guatemala,1
1991-04-06 00:02:09.050000+00:00,13.918,-90.47,33.0,5.2,mw,,,,1.1,us,usp0004q04,2014-11-07T00:48:19.907Z,"16 km S of Taxisco, Guatemala",earthquake,,,,3.0,reviewed,us,us,1991-04-06,32517,Guatemala,1
1991-04-23 06:34:05.970000+00:00,14.002,-91.652,68.6,5.8,mw,,,,1.0,us,usp0004qqa,2022-04-28T19:18:53.672Z,Guatemala,earthquake,,3.0,,,reviewed,us,hrv,1991-04-23,32511,Guatemala,1
1991-04-25 18:07:51.890000+00:00,13.397,-90.694,27.6,5.28,mw,,,,1.1,us,usp0004qtr,2014-11-07T00:48:27.293Z,"59 km S of Iztapa, Guatemala",earthquake,,4.7,,19.0,reviewed,us,us,1991-04-25,32513,Guatemala,1
1991-04-29 00:51:44.810000+00:00,13.885,-92.588,61.7,4.94,mw,,,,1.0,us,usp0004qyx,2014-11-07T00:48:27.932Z,"81 km SSW of Ocós, Guatemala",earthquake,,41.3,,1.0,reviewed,us,us,1991-04-29,32633,Guatemala,1
1991-07-03 08:59:33.380000+00:00,12.823,-90.689,38.3,5.11,mw,,,,1.2,us,usp0004tqs,2014-11-07T00:48:51.419Z,"122 km S of Iztapa, Guatemala",earthquake,,10.6,,7.0,reviewed,us,us,1991-07-03,32591,Guatemala,1
1991-07-12 05:14:35.920000+00:00,14.012,-90.063,82.5,4.94,mw,,,,1.0,us,usp0004u1d,2014-11-07T00:48:54.202Z,"3 km SSE of Moyuta, Guatemala",earthquake,,,,16.0,reviewed,us,us,1991-07-12,32633,Guatemala,1
1991-08-23 11:42:32.680000+00:00,13.46,-92.867,33.0,4.85,mw,,,,1.2,us,usp0004vrc,2014-11-07T00:49:07.263Z,"137 km SSW of Ocós, Guatemala",earthquake,,,,3.0,reviewed,us,us,1991-08-23,32659,Guatemala,1
1991-08-23 15:32:11.870000+00:00,15.372,-91.844,182.1,4.43,mw,,,,1.2,us,usp0004vrm,2014-11-07T00:49:07.335Z,"9 km WSW of Ixtahuacán, Guatemala",earthquake,,9.0,,1.0,reviewed,us,us,1991-08-23,32664,Guatemala,1
1991-09-18 09:48:13.110000+00:00,14.646,-90.986,5.0,6.2,mw,,,,1.3,us,usp0004wrv,2022-04-28T19:04:12.064Z,"4 km SE of Patzún, Guatemala",earthquake,,,,,reviewed,us,hrv,1991-09-18,32494,Guatemala,1
1991-09-19 02:55:42.170000+00:00,13.511,-92.138,36.2,5.2,mw,,,,1.1,us,usp0004wsw,2014-11-07T00:49:15.869Z,"89 km SSW of Champerico, Guatemala",earthquake,,6.7,,30.0,reviewed,us,us,1991-09-19,32582,Guatemala,1
1991-09-23 07:37:11.330000+00:00,13.923,-90.95,33.0,4.68,mw,,,,1.4,us,usp0004wyf,2014-11-07T00:49:16.978Z,near the coast of Guatemala,earthquake,,,,2.0,reviewed,us,us,1991-09-23,32660,near the coast of Guatemala,1
1991-10-02 15:37:28.180000+00:00,15.181,-90.323,33.0,4.77,mw,,,,1.3,us,usp0004xaa,2014-11-07T00:49:20.854Z,"8 km N of Salamá, Guatemala",earthquake,,,,1.0,reviewed,us,us,1991-10-02,32815,Guatemala,1
1991-10-14 15:46:46.910000+00:00,14.282,-90.8,31.5,4.77,mw,,,,1.2,us,usp0004xtp,2014-11-07T00:49:23.890Z,Guatemala,earthquake,,13.6,,1.0,reviewed,us,us,1991-10-14,32841,Guatemala,1
1991-10-30 17:55:08.550000+00:00,13.571,-90.437,33.0,5.03,mw,,,,1.1,us,usp0004yms,2014-11-07T00:49:28.470Z,"49 km SE of Iztapa, Guatemala",earthquake,,,,11.0,reviewed,us,us,1991-10-30,32701,Guatemala,1
1992-01-20 14:10:42.470000+00:00,13.412,-92.651,33.0,4.85,mw,,,,1.0,us,usp000520d,2014-11-07T00:49:55.758Z,"126 km SW of Champerico, Guatemala",earthquake,,,,1.0,reviewed,us,us,1992-01-20,32783,Guatemala,1
1992-02-21 22:09:55.040000+00:00,13.969,-92.216,55.0,5.8,mw,,,,1.1,us,usp00053c2,2024-01-17T20:45:26.334Z,"48 km SW of Champerico, Guatemala",earthquake,,4.9,,,reviewed,us,hrv,1992-02-21,32673,Guatemala,1
1992-03-18 04:49:34.120000+00:00,14.954,-91.768,165.2,4.51,mw,,,,1.3,us,usp00054ee,2014-11-07T00:50:17.030Z,"1 km SSW of San Pedro Sacatepéquez, Guatemala",earthquake,,9.1,,3.0,reviewed,us,us,1992-03-18,32843,Guatemala,1
1992-03-20 17:16:24.340000+00:00,13.719,-90.851,61.1,5.4,mw,,,,1.4,us,usp00054jx,2025-12-19T23:00:48.518Z,"23 km S of Puerto San José, Guatemala",earthquake,,,,,reviewed,us,hrv,1992-03-20,32685,Guatemala,1
1992-03-28 08:24:22.260000+00:00,15.409,-91.949,179.1,4.77,mw,,,,1.0,us,usp00054yn,2014-11-07T00:50:19.642Z,"0 km NW of Cuilco, Guatemala",earthquake,,,,9.0,reviewed,us,us,1992-03-28,32991,Guatemala,1
1992-06-08 12:28:11.740000+00:00,13.478,-92.644,10.0,4.85,mw,,,,0.6,us,usp00058u9,2014-11-07T00:50:48.634Z,"119 km SW of Champerico, Guatemala",earthquake,,,,3.0,reviewed,us,us,1992-06-08,32923,Guatemala,1
1992-08-02 00:41:25.020000+00:00,14.077,-91.969,50.7,6.18,mw,,,,1.1,us,usp0005bv0,2014-11-07T00:51:11.752Z,"24 km SSW of Champerico, Guatemala",earthquake,,10.9,,7.0,reviewed,us,us,1992-08-02,32851,Guatemala,1
1992-08-15 00:52:45.840000+00:00,13.277,-92.331,33.0,4.68,mw,,,,1.1,us,usp0005cf9,2014-11-07T00:51:16.094Z,"121 km SSW of Champerico, Guatemala",earthquake,,,,4.0,reviewed,us,us,1992-08-15,33028,Guatemala,1
1992-09-06 02:51:21.030000+00:00,13.155,-91.219,10.0,4.77,mw,,,,1.2,us,usp0005dmq,2014-11-07T00:51:25.093Z,"95 km SSW of Puerto San José, Guatemala",earthquake,,,,7.0,reviewed,us,us,1992-09-06,33013,Guatemala,1
1992-09-21 09:22:26.770000+00:00,14.03,-91.07,33.0,4.85,mw,,,,1.3,us,usp0005e97,2014-11-07T00:51:29.844Z,"6 km SSW of La Gomera, Guatemala",earthquake,,,,3.0,reviewed,us,us,1992-09-21,32978,Guatemala,1
1992-09-24 06:10:25.080000+00:00,14.319,-91.447,33.0,4.94,mw,,,,0.9,us,usp0005ee5,2014-11-07T00:51:30.453Z,"10 km WNW of Tiquisate, Guatemala",earthquake,,,,1.0,reviewed,us,us,1992-09-24,33049,Guatemala,1
1992-09-28 07:41:28.690000+00:00,13.474,-90.675,67.1,6.0,mw,,,,1.1,us,usp0005emy,2022-04-28T18:37:42.028Z,"50 km S of Iztapa, Guatemala",earthquake,,3.9,,,reviewed,us,hrv,1992-09-28,33031,Guatemala,1
1992-09-29 17:58:27.640000+00:00,13.851,-90.984,33.0,4.68,mw,,,,1.1,us,usp0005eq6,2014-11-07T00:51:32.291Z,"19 km WSW of Puerto San José, Guatemala",earthquake,,,,6.0,reviewed,us,us,1992-09-29,33178,Guatemala,1
1992-10-11 07:39:37.520000+00:00,15.262,-91.293,21.4,4.85,mw,,,,1.4,us,usp0005f69,2014-11-07T00:51:39.110Z,"9 km SSE of Aguacatán, Guatemala",earthquake,,,,4.0,reviewed,us,us,1992-10-11,33068,Guatemala,1
1992-10-12 02:56:12.990000+00:00,13.542,-91.879,33.0,4.77,mw,,,,1.3,us,usp0005f7x,2014-11-07T00:51:39.476Z,"83 km S of Champerico, Guatemala",earthquake,,,,2.0,reviewed,us,us,1992-10-12,33142,Guatemala,1
1992-10-31 18:12:52.730000+00:00,14.253,-90.772,179.8,5.03,mw,,,,0.9,us,usp0005g4r,2014-11-07T00:51:44.812Z,"5 km SSE of Escuintla, Guatemala",earthquake,,10.9,,5.0,reviewed,us,us,1992-10-31,33036,Guatemala,1
1992-12-17 11:09:48.670000+00:00,14.02,-91.83,32.5,5.2,mw,,,,1.1,us,usp0005jdu,2014-11-07T00:52:03.057Z,"31 km SSE of Champerico, Guatemala",earthquake,,7.7,,42.0,reviewed,us,us,1992-12-17,33035,Guatemala,1
1993-01-13 09:41:58.410000+00:00,14.239,-90.21,185.0,4.85,mw,,,,1.0,us,usp0005kpx,2014-11-07T00:52:13.650Z,"3 km WNW of Oratorio, Guatemala",earthquake,,10.3,,8.0,reviewed,us,us,1993-01-13,33115,Guatemala,1
1993-02-18 11:54:34.760000+00:00,15.039,-91.682,22.0,5.03,mw,,,,1.0,us,usp0005n9d,2014-11-07T00:52:25.048Z,"0 km ENE of Río Blanco, Guatemala",earthquake,,,,21.0,reviewed,us,us,1993-02-18,33048,Guatemala,1
1993-03-13 09:45:08.310000+00:00,14.91,-90.727,33.0,4.6,mw,,,,1.7,us,usp0005peq,2014-11-07T00:52:35.181Z,"7 km WSW of Pachalum, Guatemala",earthquake,,,,2.0,reviewed,us,us,1993-03-13,33201,Guatemala,1
1993-03-16 08:36:51.670000+00:00,15.455,-90.168,33.0,4.43,mw,,,,1.4,us,usp0005pkv,2014-11-07T00:52:35.822Z,"15 km E of San Pedro Carchá, Guatemala",earthquake,,,,2.0,reviewed,us,us,1993-03-16,33204,Guatemala,1
1993-03-24 23:55:11.070000+00:00,14.064,-91.965,86.3,4.77,mw,,,,1.5,us,usp0005q2p,2014-11-07T00:52:38.350Z,"26 km SSW of Champerico, Guatemala",earthquake,,9.2,,1.0,reviewed,us,us,1993-03-24,33342,Guatemala,1
1993-04-16 13:01:22.880000+00:00,15.542,-91.447,33.0,3.77,mw,,,,1.6,us,usp0005r9c,2014-11-07T00:52:49.673Z,"6 km S of San Juan Ixcoy, Guatemala",earthquake,,,,,reviewed,us,gcg,1993-04-16,33388,Guatemala,1
1993-04-19 00:18:02.310000+00:00,14.285,-90.183,33.0,4.77,mw,,,,1.2,us,usp0005rd4,2020-08-29T02:12:43.258Z,"6 km N of Oratorio, Guatemala",earthquake,,,,8.0,reviewed,us,us,1993-04-19,33363,Guatemala,1
1993-04-19 01:52:13.540000+00:00,14.882,-90.567,33.0,4.6,mw,,,,1.7,us,usp0005rde,2014-11-07T00:52:50.414Z,"6 km SW of Granados, Guatemala",earthquake,,,,4.0,reviewed,us,us,1993-04-19,33384,Guatemala,1
1993-04-30 12:29:36.350000+00:00,13.991,-91.536,68.2,5.1,mw,,,,1.0,us,usp0005rzx,2025-12-19T22:54:37.182Z,"34 km SW of Nueva Concepción, Guatemala",earthquake,,3.8,,,reviewed,us,hrv,1993-04-30,33249,Guatemala,1
1993-05-15 04:20:45.220000+00:00,15.166,-91.854,131.5,5.03,mw,,,,1.2,us,usp0005stn,2014-11-07T00:53:00.583Z,"7 km NW of Tejutla, Guatemala",earthquake,,,,21.0,reviewed,us,us,1993-05-15,33264,Guatemala,1
1993-05-20 04:55:54.450000+00:00,13.757,-90.952,31.3,5.8,mw,,,,1.1,us,usp0005t53,2022-04-28T18:13:27.177Z,"23 km SW of Puerto San José, Guatemala",earthquake,,,,,reviewed,us,hrv,1993-05-20,33238,Guatemala,1
1993-08-01 15:32:56.980000+00:00,14.722,-90.977,237.2,4.68,mw,,,,0.7,us,usp0005xt3,2014-11-07T00:53:37.501Z,"4 km SSE of Tecpán Guatemala, Guatemala",earthquake,,6.0,,26.0,reviewed,us,us,1993-08-01,33376,Guatemala,1
1993-08-22 10:02:11.210000+00:00,14.238,-90.701,108.0,5.8,mw,,,,1.1,us,usp0005yzv,2022-04-28T18:04:57.798Z,Guatemala,earthquake,,3.7,,,reviewed,us,hrv,1993-08-22,33235,Guatemala,1
1993-09-04 04:39:34.160000+00:00,12.128,-93.531,33.0,4.6,mw,,,,0.8,us,usp0005zqn,2014-11-07T00:53:54.698Z,"296 km SW of Champerico, Guatemala",earthquake,,,,2.0,reviewed,us,us,1993-09-04,33383,Guatemala,-1
1993-09-11 04:24:45.050000+00:00,13.219,-92.088,33.0,4.77,mw,,,,1.3,us,usp0006046,2014-11-07T00:53:56.854Z,"120 km S of Champerico, Guatemala",earthquake,,,,4.0,reviewed,us,us,1993-09-11,33269,Guatemala,1
1993-09-11 19:29:42.740000+00:00,14.375,-92.312,33.0,5.7,mw,,,,0.9,us,usp000605z,2022-04-28T18:00:03.255Z,"19 km SW of Ocós, Guatemala",earthquake,,,,,reviewed,us,hrv,1993-09-11,33238,Guatemala,1
1993-09-12 03:22:38.500000+00:00,13.826,-90.429,68.2,6.0,mw,,,,1.1,us,usp000606e,2022-04-28T18:00:07.945Z,"27 km S of Taxisco, Guatemala",earthquake,,,,,reviewed,us,hrv,1993-09-12,33212,Guatemala,1
1993-09-16 10:47:37.380000+00:00,13.745,-92.861,33.0,4.68,mw,,,,1.6,us,usp00060f9,2014-11-07T00:53:58.581Z,"111 km SW of Ocós, Guatemala",earthquake,,,,5.0,reviewed,us,us,1993-09-16,33383,Guatemala,1
1993-09-16 14:56:15.880000+00:00,13.437,-92.521,33.0,4.6,mw,,,,0.7,us,usp00060fs,2014-11-07T00:53:58.637Z,"115 km SW of Champerico, Guatemala",earthquake,,,,2.0,reviewed,us,us,1993-09-16,33388,Guatemala,1
1993-09-27 06:47:20.730000+00:00,14.379,-90.43,33.0,4.68,mw,,,,1.2,us,usp000613w,2014-11-07T00:54:03.142Z,"6 km W of Santa Cruz Naranjo, Guatemala",earthquake,,,,1.0,reviewed,us,us,1993-09-27,33444,Guatemala,1
1993-09-28 15:50:25.560000+00:00,14.152,-92.433,58.5,5.03,mw,,,,1.0,us,usp0006162,2014-11-07T00:54:03.333Z,"47 km SSW of Ocós, Guatemala",earthquake,,5.2,,35.0,reviewed,us,us,1993-09-28,33420,Guatemala,1
1993-10-13 19:40:12.850000+00:00,13.895,-91.768,33.0,5.28,mw,,,,1.0,us,usp00061y3,2014-11-07T00:54:12.371Z,"46 km SSE of Champerico, Guatemala",earthquake,,,,25.0,reviewed,us,us,1993-10-13,33415,Guatemala,1
1993-10-16 11:48:14.300000+00:00,13.6,-92.926,33.0,4.6,mw,,,,1.3,us,usp000623c,2014-11-07T00:54:12.955Z,"128 km SW of Ocós, Guatemala",earthquake,,,,2.0,reviewed,us,us,1993-10-16,33504,Guatemala,1
1993-10-18 06:13:32.680000+00:00,13.972,-92.781,33.0,4.43,mw,,,,1.6,us,usp0006267,2014-11-07T00:54:13.216Z,Near the coast of Guatemala,earthquake,,,,2.0,reviewed,us,us,1993-10-18,33553,Near the coast of Guatemala,1
1993-11-11 16:46:42.350000+00:00,13.813,-90.437,70.5,5.6,mw,,,,1.1,us,usp00063j0,2022-04-28T17:56:06.952Z,"28 km S of Taxisco, Guatemala",earthquake,,,,,reviewed,us,hrv,1993-11-11,33399,Guatemala,1
1994-01-10 14:25:37.580000+00:00,13.704,-91.293,27.4,5.37,mw,,,,0.9,us,usp000669r,2014-11-07T00:54:46.047Z,"49 km SSW of La Gomera, Guatemala",earthquake,,6.3,,30.0,reviewed,us,us,1994-01-10,33400,Guatemala,1
1994-01-28 21:17:03.770000+00:00,14.299,-91.375,72.0,4.51,mw,,,,1.1,us,usp00067n2,2014-11-07T00:54:51.172Z,"2 km NW of Tiquisate, Guatemala",earthquake,,12.9,,5.0,reviewed,us,us,1994-01-28,33522,Guatemala,1
1994-02-28 20:58:34.810000+00:00,14.47,-91.895,134.2,5.2,mw,,,,1.3,us,usp000693a,2014-11-07T00:55:02.040Z,"18 km SSW of Génova, Guatemala",earthquake,,9.1,,1.0,reviewed,us,us,1994-02-28,33418,Guatemala,1
1994-03-29 09:36:11.780000+00:00,14.186,-91.65,33.0,4.85,mw,,,,1.1,us,usp0006abf,2014-11-07T00:55:11.451Z,"30 km ESE of Champerico, Guatemala",earthquake,,,,14.0,reviewed,us,us,1994-03-29,33617,Guatemala,1
1994-04-10 17:36:57.160000+00:00,14.72,-92.004,100.1,6.0,mw,,,,1.1,us,usp0006ax2,2022-04-28T17:44:35.538Z,"3 km E of Pajapita, Guatemala",earthquake,,3.6,,,reviewed,us,hrv,1994-04-10,33582,Guatemala,1
1994-05-01 20:23:13.740000+00:00,14.867,-91.324,157.6,5.2,mw,,,,1.0,us,usp0006bwc,2025-12-19T22:40:56.209Z,"2 km NNW of Nahualá, Guatemala",earthquake,,3.0,,,reviewed,us,hrv,1994-05-01,33615,Guatemala,1
1994-05-02 18:41:46.170000+00:00,14.288,-90.229,10.0,5.03,mw,,,,1.0,us,usp0006bxk,2014-11-07T00:55:25.230Z,"7 km E of Cuilapa, Guatemala",earthquake,,,,4.0,reviewed,us,us,1994-05-02,33616,Guatemala,1
1994-05-03 03:56:48.610000+00:00,13.963,-90.959,90.8,5.5,mw,,,,1.1,us,usp0006byz,2022-04-28T17:41:04.280Z,"15 km WNW of Puerto San José, Guatemala",earthquake,,4.4,,,reviewed,us,hrv,1994-05-03,33594,Guatemala,1
1994-05-03 23:02:44.010000+00:00,13.846,-91.547,102.0,4.77,mw,,,,1.2,us,usp0006c0y,2014-11-07T00:55:26.064Z,"47 km SW of Nueva Concepción, Guatemala",earthquake,,13.6,,4.0,reviewed,us,us,1994-05-03,33649,Guatemala,1
1994-05-12 23:12:56.660000+00:00,13.78,-92.182,22.2,4.77,mw,,,,1.2,us,usp0006cfh,2014-11-07T00:55:28.208Z,"63 km SSW of Champerico, Guatemala",earthquake,,,,7.0,reviewed,us,us,1994-05-12,33648,Guatemala,1
1994-06-03 20:23:25.230000+00:00,14.129,-92.165,73.1,4.85,mw,,,,1.4,us,usp0006dn7,2014-11-07T00:55:38.448Z,"32 km WSW of Champerico, Guatemala",earthquake,,7.0,,8.0,reviewed,us,us,1994-06-03,33626,Guatemala,1
1994-06-04 22:30:54.700000+00:00,14.763,-90.732,223.3,4.68,mw,,,,1.0,us,usp0006drb,2014-11-07T00:55:39.228Z,"6 km ESE of San Martín Jilotepeque, Guatemala",earthquake,,3.8,,17.0,reviewed,us,us,1994-06-04,33654,Guatemala,1
1994-06-09 22:21:09.190000+00:00,15.827,-88.444,34.4,4.85,mw,,,,1.0,us,usp0006e0r,2014-11-07T00:55:40.588Z,"19 km NE of Puerto Barrios, Guatemala",earthquake,,12.6,,13.0,reviewed,us,us,1994-06-09,33617,Guatemala,2
1994-11-09 17:30:35.400000+00:00,13.18,-91.978,33.0,4.68,mw,,,,1.0,us,usp0006nb9,2014-11-07T00:56:46.244Z,"123 km S of Champerico, Guatemala",earthquake,,,,5.0,reviewed,us,us,1994-11-09,33888,Guatemala,1
1994-11-16 18:58:25.870000+00:00,13.937,-92.571,33.0,4.85,mw,,,,1.2,us,usp0006ns5,2014-11-07T00:56:47.837Z,"75 km SSW of Ocós, Guatemala",earthquake,,,,16.0,reviewed,us,us,1994-11-16,33879,Guatemala,1
1995-01-02 14:02:18.540000+00:00,14.675,-90.647,33.0,3.95,mw,,,,1.4,us,usp0006qrz,2014-11-07T00:57:04.471Z,"1 km SSW of San Pedro Sacatepéquez, Guatemala",earthquake,,,,,reviewed,us,san,1995-01-02,33915,Guatemala,1
1995-01-20 11:29:12.330000+00:00,14.026,-91.868,66.6,5.7,mw,,,,1.1,us,usp0006rn5,2022-04-29T17:46:39.494Z,"29 km S of Champerico, Guatemala",earthquake,,4.4,,,reviewed,us,hrv,1995-01-20,33807,Guatemala,1
1995-01-23 20:22:41.950000+00:00,13.473,-90.761,73.9,4.77,mw,,,,1.1,us,usp0006rsz,2014-11-07T00:57:10.610Z,"50 km S of Puerto San José, Guatemala",earthquake,,6.1,,7.0,reviewed,us,us,1995-01-23,33884,Guatemala,1
1995-01-25 04:03:47.970000+00:00,13.198,-92.942,33.0,4.43,mw,,,,1.5,us,usp0006rv2,2014-11-07T00:57:10.869Z,"164 km SW of Champerico, Guatemala",earthquake,,,,3.0,reviewed,us,us,1995-01-25,33907,Guatemala,1
1995-01-29 03:37:22.570000+00:00,14.062,-89.937,62.9,4.51,mw,,,,0.9,us,usp0006s1j,2014-11-07T00:57:12.011Z,"6 km SSW of Comapa, Guatemala",earthquake,,20.8,,4.0,reviewed,us,us,1995-01-29,33890,Guatemala,1
1995-01-31 05:55:51.570000+00:00,15.296,-91.746,161.4,4.94,mw,,,,1.1,us,usp0006s59,2014-11-07T00:57:12.547Z,"2 km N of San Miguel Ixtahuacán, Guatemala",earthquake,,,,30.0,reviewed,us,us,1995-01-31,33861,Guatemala,1
1995-02-15 08:18:42.070000+00:00,14.286,-92.252,91.2,4.51,mw,,,,1.1,us,usp0006szn,2014-11-07T00:57:20.202Z,"25 km SSW of Ocós, Guatemala",earthquake,,10.2,,4.0,reviewed,us,us,1995-02-15,33905,Guatemala,1
1995-02-17 02:42:28.380000+00:00,13.589,-92.969,33.0,4.77,mw,,,,1.2,us,usp0006t33,2014-11-07T00:57:20.546Z,"131 km SW of Ocós, Guatemala",earthquake,,,,8.0,reviewed,us,us,1995-02-17,33882,Guatemala,1
1995-02-25 15:53:08.820000+00:00,14.081,-91.282,45.9,5.03,mw,,,,1.1,us,usp0006tha,2014-11-07T00:57:22.800Z,"13 km S of Nueva Concepción, Guatemala",earthquake,,,,54.0,reviewed,us,us,1995-02-25,33814,Guatemala,1
1995-03-11 08:59:39.180000+00:00,14.316,-92.35,33.0,4.51,mw,,,,1.3,us,usp0006u1z,2014-11-07T00:57:29.753Z,"27 km SW of Ocós, Guatemala",earthquake,,,,10.0,reviewed,us,us,1995-03-11,34100,Guatemala,1
1995-04-15 20:18:04.690000+00:00,13.886,-90.618,85.8,4.77,mw,,,,1.2,us,usp0006vqx,2014-11-07T00:57:42.329Z,"10 km ESE of Iztapa, Guatemala",earthquake,,4.2,,18.0,reviewed,us,us,1995-04-15,33964,Guatemala,1
1995-08-13 21:23:43.980000+00:00,14.752,-91.061,23.0,4.6,mw,,,,1.4,us,usp00071tj,2014-11-07T00:58:31.451Z,"7 km W of Tecpán Guatemala, Guatemala",earthquake,,,,13.0,reviewed,us,us,1995-08-13,34084,Guatemala,1
1995-08-29 07:49:36.820000+00:00,13.66,-91.263,33.0,5.03,mw,,,,1.0,us,usp00072md,2014-11-07T00:58:36.509Z,near the coast of Guatemala,earthquake,,,,31.0,reviewed,us,us,1995-08-29,33929,near the coast of Guatemala,1
1995-09-19 15:40:08.570000+00:00,13.874,-90.658,63.8,5.3,mw,,,,1.3,us,usp00073ks,2025-12-19T23:26:03.421Z,"8 km SE of Iztapa, Guatemala",earthquake,,,,,reviewed,us,hrv,1995-09-19,34184,Guatemala,1
1995-09-22 17:56:01.580000+00:00,13.447,-90.565,52.7,5.5,mw,,,,1.0,us,usp00073td,2022-04-29T19:57:10.234Z,"55 km SSE of Iztapa, Guatemala",earthquake,,,,,reviewed,us,hrv,1995-09-22,34133,Guatemala,1
1995-10-01 08:59:07.560000+00:00,13.227,-92.642,33.0,4.51,mw,,,,1.1,us,usp000748r,2014-11-07T00:58:50.521Z,"141 km SSW of Champerico, Guatemala",earthquake,,,,4.0,reviewed,us,us,1995-10-01,34280,Guatemala,1
1995-10-05 14:50:58.950000+00:00,14.51,-91.781,73.2,4.85,mw,,,,1.3,us,usp00074jd,2014-11-07T00:58:53.984Z,"11 km SSW of El Asintal, Guatemala",earthquake,,,,25.0,reviewed,us,us,1995-10-05,34211,Guatemala,1
1995-10-24 01:11:14.840000+00:00,13.138,-92.294,33.0,4.51,mw,,,,1.4,us,usp00075na,2014-11-07T00:59:00.380Z,"134 km SSW of Champerico, Guatemala",earthquake,,,,2.0,reviewed,us,us,1995-10-24,34252,Guatemala,1
1995-11-21 21:09:17.280000+00:00,15.077,-89.466,10.0,5.71,mw,,,,1.2,us,usp000777x,2014-11-07T00:59:12.311Z,"12 km WSW of Gualán, Guatemala",earthquake,,,,1.0,reviewed,us,us,1995-11-21,34124,Guatemala,-1
1995-12-18 21:13:24.950000+00:00,15.923,-90.189,29.5,4.85,mw,,,,1.0,us,usp0007977,2021-10-20T17:49:58.169Z,"16 km NE of Chisec, Guatemala",earthquake,,9.2,,7.0,reviewed,us,us,1995-12-18,34212,Guatemala,1
1995-12-19 20:56:06.380000+00:00,15.301,-90.154,10.0,5.4,mw,,,,1.3,us,usp0007992,2022-04-29T19:50:37.293Z,"3 km WNW of Tucurú, Guatemala",earthquake,,,,,reviewed,us,hrv,1995-12-19,34137,Guatemala,1
1995-12-25 10:32:45.330000+00:00,13.481,-91.629,33.0,4.51,mw,,,,1.2,us,usp00079kq,2014-11-07T00:59:29.283Z,"87 km SSW of Nueva Concepción, Guatemala",earthquake,,,,6.0,reviewed,us,us,1995-12-25,34272,Guatemala,1
1996-01-28 23:03:50.560000+00:00,13.627,-92.904,33.0,4.68,mw,,,,1.5,us,usp0007bwv,2014-11-07T00:59:44.372Z,"124 km SW of Ocós, Guatemala",earthquake,,,,1.0,reviewed,us,us,1996-01-28,34218,Guatemala,1
1996-02-17 10:23:49.360000+00:00,14.21,-91.174,95.5,5.37,mw,,,,1.0,us,usp0007d3z,2014-11-07T00:59:54.500Z,"13 km E of Nueva Concepción, Guatemala",earthquake,,3.4,,45.0,reviewed,us,us,1996-02-17,34156,Guatemala,1
1996-02-25 14:17:17.200000+00:00,12.964,-91.063,8.0,5.9,mwb,,,,1.1,us,usp0007dwm,2022-04-29T20:12:18.736Z,"109 km SSW of Puerto San José, Guatemala",earthquake,,,,,reviewed,us,us,1996-02-25,34121,Guatemala,1
1996-04-11 21:57:50.970000+00:00,13.963,-91.657,33.0,4.85,mw,,,,1.0,us,usp0007g23,2014-11-07T01:00:16.565Z,"45 km SE of Champerico, Guatemala",earthquake,,,,19.0,reviewed,us,us,1996-04-11,34362,Guatemala,1
1996-05-17 05:54:03.870000+00:00,15.536,-91.782,223.9,4.68,mw,,,,1.0,us,usp0007hgf,2014-11-07T01:00:27.731Z,"5 km NNW of San Pedro Necta, Guatemala",earthquake,,,,29.0,reviewed,us,us,1996-05-17,34415,Guatemala,1
1996-06-17 19:05:40.760000+00:00,13.655,-92.573,33.0,4.6,mw,,,,0.8,us,usp0007jwy,2014-11-07T01:00:38.561Z,"100 km SW of Champerico, Guatemala",earthquake,,,,2.0,reviewed,us,us,1996-06-17,34464,Guatemala,1
1996-06-17 20:31:29.900000+00:00,14.364,-92.066,33.0,4.85,mw,,,,0.7,us,usp0007jx1,2014-11-07T01:00:38.567Z,"18 km WNW of Champerico, Guatemala",earthquake,,,,3.0,reviewed,us,us,1996-06-17,34393,Guatemala,1
1996-07-09 16:40:23.350000+00:00,13.859,-92.244,33.0,4.85,mw,,,,1.0,us,usp0007kwb,2014-11-07T01:00:47.167Z,"59 km SW of Champerico, Guatemala",earthquake,,,,5.0,reviewed,us,us,1996-07-09,34393,Guatemala,1
1996-08-27 02:12:40.220000+00:00,13.514,-91.281,33.0,5.7,mwc,,,,1.11,us,usp0007p3m,2022-04-29T20:30:01.876Z,"67 km SSW of La Gomera, Guatemala",earthquake,,,,,reviewed,us,hrv,1996-08-27,34326,Guatemala,1
1996-09-07 19:34:40.370000+00:00,14.213,-90.239,33.0,4.51,mw,,,,0.69,us,usp0007pn3,2014-11-07T01:01:08.247Z,"4 km ENE of Santa María Ixhuatán, Guatemala",earthquake,,,,2.0,reviewed,us,us,1996-09-07,34614,Guatemala,1
1996-09-22 19:55:29.680000+00:00,15.028,-90.986,204.2,5.03,mw,,,,1.0,us,usp0007qba,2014-11-07T01:01:12.769Z,"4 km ESE of Chinique, Guatemala",earthquake,,,,70.0,reviewed,us,us,1996-09-22,34493,Guatemala,1
1996-09-25 13:06:53.870000+00:00,14.589,-92.057,78.0,5.11,mw,,,,1.23,us,usp0007qf8,2014-11-07T01:01:13.198Z,"13 km SE of Ciudad Tecún Umán, Guatemala",earthquake,,9.2,,2.0,reviewed,us,us,1996-09-25,34490,Guatemala,1
1996-10-16 08:42:12.390000+00:00,13.924,-92.063,33.0,5.2,mwc,,,,1.25,us,usp0007rgh,2022-04-29T20:35:50.856Z,"43 km SSW of Champerico, Guatemala",earthquake,,,,,reviewed,us,hrv,1996-10-16,34475,Guatemala,1
1996-10-20 12:08:40.750000+00:00,12.978,-91.023,33.0,4.68,mw,,,,1.05,us,usp0007rq5,2014-11-07T01:01:24.172Z,"107 km SSW of Puerto San José, Guatemala",earthquake,,,,5.0,reviewed,us,us,1996-10-20,34576,Guatemala,1
1996-10-27 22:53:16.570000+00:00,13.787,-92.673,33.0,4.68,mw,,,,1.27,us,usp0007s1n,2014-11-07T01:01:26.590Z,"95 km SSW of Ocós, Guatemala",earthquake,,,,4.0,reviewed,us,us,1996-10-27,34601,Guatemala,1
1996-10-31 11:44:36.960000+00:00,13.27,-91.39,33.0,4.51,mw,,,,1.35,us,usp0007s6q,2014-11-07T01:01:27.713Z,"95 km SW of Puerto San José, Guatemala",earthquake,,,,1.0,reviewed,us,us,1996-10-31,34643,Guatemala,1
1996-11-14 08:52:20.050000+00:00,13.656,-90.488,54.8,4.94,mw,,,,1.23,us,usp0007t0b,2014-11-07T01:01:35.180Z,"38 km SE of Iztapa, Guatemala",earthquake,,,,7.0,reviewed,us,us,1996-11-14,34518,Guatemala,1
1996-12-17 07:17:29.100000+00:00,14.4,-91.499,64.4,4.85,mw,,,,1.17,us,usp0007uk2,2014-11-07T01:01:47.845Z,"8 km S of Santo Domingo Suchitepéquez, Guatemala",earthquake,,,,9.0,reviewed,us,us,1996-12-17,34525,Guatemala,1
1997-01-11 16:45:08.710000+00:00,14.019,-91.188,100.0,4.85,mw,,,,1.44,us,usp0007vrm,2014-11-07T01:01:57.533Z,"16 km WSW of La Gomera, Guatemala",earthquake,,,,2.0,reviewed,us,us,1997-01-11,34529,Guatemala,1
1997-01-24 06:15:09.400000+00:00,15.904,-91.301,50.0,4.94,mw,,,,1.28,us,usp0007w9k,2014-11-07T01:02:00.028Z,"11 km N of Barillas, Guatemala",earthquake,,,,12.0,reviewed,us,us,1997-01-24,34514,Guatemala,1
1997-02-22 17:03:54.940000+00:00,13.932,-90.748,33.0,4.68,mw,,,,1.32,us,usp0007xnd,2014-11-07T01:02:10.872Z,"4 km W of Iztapa, Guatemala",earthquake,,,,5.0,reviewed,us,us,1997-02-22,34543,Guatemala,1
1997-04-04 14:01:06.430000+00:00,13.846,-90.86,66.2,5.28,mw,,,,1.28,us,usp0007zyb,2014-11-07T01:02:30.079Z,"9 km SSW of Puerto San José, Guatemala",earthquake,,,,30.0,reviewed,us,us,1997-04-04,34696,Guatemala,1
1997-04-16 19:19:38.610000+00:00,13.201,-90.497,33.0,5.11,mw,,,,1.11,us,usp00080pj,2014-11-07T01:02:35.456Z,"84 km SSE of Iztapa, Guatemala",earthquake,,,,26.0,reviewed,us,us,1997-04-16,34722,Guatemala,1
1997-05-09 08:33:23.130000+00:00,13.997,-92.441,33.0,5.11,mw,,,,1.02,us,usp00081z4,2014-11-07T01:02:45.481Z,"62 km SSW of Ocós, Guatemala",earthquake,,,,28.0,reviewed,us,us,1997-05-09,34719,Guatemala,1
1997-05-12 22:57:36.780000+00:00,14.085,-91.67,100.0,4.85,mw,,,,1.06,us,usp000826z,2014-11-07T01:02:46.443Z,"34 km SE of Champerico, Guatemala",earthquake,,,,12.0,reviewed,us,us,1997-05-12,34725,Guatemala,1
1997-05-15 04:39:21.580000+00:00,14.46,-89.775,274.2,5.5,mwc,,,,0.85,us,usp00082b1,2022-04-29T16:53:35.476Z,"3 km WNW of Santa Catarina Mita, Guatemala",earthquake,,,,,reviewed,us,hrv,1997-05-15,34684,Guatemala,1
1997-05-17 19:51:53.840000+00:00,12.802,-90.774,33.0,4.77,mw,,,,0.97,us,usp00082er,2014-11-07T01:02:47.754Z,"124 km S of Puerto San José, Guatemala",earthquake,,,,1.0,reviewed,us,us,1997-05-17,34727,Guatemala,1
1997-05-29 10:37:12.900000+00:00,14.112,-91.283,100.0,4.68,mw,,,,0.92,us,usp00082yf,2014-11-07T01:02:49.997Z,"9 km S of Nueva Concepción, Guatemala",earthquake,,,,9.0,reviewed,us,us,1997-05-29,34804,Guatemala,1
1997-08-02 10:48:30.790000+00:00,14.538,-91.546,83.2,4.77,mw,,,,1.11,us,usp00085pw,2014-11-07T01:03:14.830Z,"2 km E of Cuyotenango, Guatemala",earthquake,,,,25.0,reviewed,us,us,1997-08-02,34739,Guatemala,1
1997-09-08 05:13:18.160000+00:00,13.54,-91.92,27.3,4.85,mw,,,,1.14,us,usp000879m,2014-11-07T01:03:27.909Z,"83 km S of Champerico, Guatemala",earthquake,,,,16.0,reviewed,us,us,1997-09-08,34949,Guatemala,1
1997-12-13 03:51:27.210000+00:00,13.948,-90.894,100.0,4.6,mw,,,,1.46,us,usp0008cjd,2014-11-07T01:04:07.103Z,"8 km WNW of Puerto San José, Guatemala",earthquake,,,,10.0,reviewed,us,us,1997-12-13,34967,Guatemala,1
1997-12-22 10:03:45.180000+00:00,13.742,-90.316,59.3,6.1,mwc,,,,1.27,us,usp0008d16,2022-04-29T17:13:58.792Z,"28 km SSW of Pasaco, Guatemala",earthquake,,,,,reviewed,us,hrv,1997-12-22,34937,Guatemala,1
1997-12-25 22:16:19.130000+00:00,14.149,-92.28,10.0,5.8,mwc,,,,0.96,us,usp0008d6u,2022-04-29T17:14:15.248Z,"41 km SSW of Ocós, Guatemala",earthquake,,,,,reviewed,us,hrv,1997-12-25,34946,Guatemala,1
1998-01-10 08:20:05.760000+00:00,14.374,-91.473,33.0,6.6,mwc,,,,0.93,us,usp0008e1g,2022-09-30T23:10:58.002Z,"10 km SSW of San José El Ídolo, Guatemala",earthquake,,,,,reviewed,us,hrv,1998-01-10,34841,Guatemala,1
1998-01-12 11:05:46.410000+00:00,13.457,-91.334,33.0,4.77,mw,,,,1.06,us,usp0008e5p,2014-11-07T01:04:19.530Z,"75 km SSW of La Gomera, Guatemala",earthquake,,,,2.0,reviewed,us,us,1998-01-12,34965,Guatemala,1
1998-02-17 08:19:47.510000+00:00,13.521,-92.461,33.0,4.51,mw,,,,1.53,us,usp0008g45,2014-11-07T01:04:33.694Z,"104 km SW of Champerico, Guatemala",earthquake,,,,4.0,reviewed,us,us,1998-02-17,35003,Guatemala,1
1998-03-03 02:24:43.880000+00:00,14.38,-91.466,62.8,6.1,mwc,,,,0.93,us,usp0008gv3,2022-04-29T17:20:32.833Z,"9 km SSW of San José El Ídolo, Guatemala",earthquake,,,,,reviewed,us,hrv,1998-03-03,35021,Guatemala,1
1998-03-07 10:29:37.400000+00:00,14.384,-92.033,65.7,4.85,mw,,,,,us,usp0008h3s,2014-11-07T01:04:43.046Z,"16 km NW of Champerico, Guatemala",earthquake,,,,6.0,reviewed,unm,us,1998-03-07,35040,Guatemala,1
1998-03-12 05:11:11.380000+00:00,13.634,-91.389,33.0,4.6,mw,,,,1.26,us,usp0008hbw,2014-11-07T01:04:45.344Z,"61 km SW of La Gomera, Guatemala",earthquake,,,,12.0,reviewed,us,us,1998-03-12,35103,Guatemala,1
1998-03-15 22:17:40+00:00,13.483,-92.532,61.1,4.6,mw,,,,,us,usp0008hhs,2014-11-07T01:04:46.163Z,"111 km SW of Champerico, Guatemala",earthquake,,,,2.0,reviewed,unm,us,1998-03-15,35109,Guatemala,1
1998-03-26 21:08:49.960000+00:00,15.452,-91.681,207.5,4.04,mw,,,,1.04,us,usp0008j34,2014-11-07T01:04:50.465Z,"3 km SSE of Santiago Chimaltenango, Guatemala",earthquake,,9.1,,,reviewed,us,unm,1998-03-26,35183,Guatemala,1
1998-04-15 12:05:46.940000+00:00,14.559,-90.262,248.2,4.85,mw,,,,1.1,us,usp0008ka6,2014-11-07T01:04:59.947Z,"9 km WNW of Mataquescuintla, Guatemala",earthquake,,,,9.0,reviewed,us,us,1998-04-15,35029,Guatemala,1
1998-05-10 06:05:58.910000+00:00,13.676,-90.747,33.0,6.3,mwc,,,,1.23,us,usp0008mt9,2022-04-29T17:26:41.727Z,"28 km S of Iztapa, Guatemala",earthquake,,,,,reviewed,us,hrv,1998-05-10,35017,Guatemala,1
1998-05-11 08:47:35.830000+00:00,13.9,-92.112,33.0,4.68,mw,,,,0.86,us,usp0008mvy,2014-11-07T01:05:12.330Z,"48 km SSW of Champerico, Guatemala",earthquake,,,,3.0,reviewed,us,us,1998-05-11,35086,Guatemala,1
1998-05-28 09:58:13.050000+00:00,15.732,-90.98,33.0,4.77,mw,,,,1.12,us,usp0008nv0,2014-11-07T01:05:16.439Z,"13 km ESE of San Luis Ixcán, Guatemala",earthquake,,,,10.0,reviewed,us,us,1998-05-28,35085,Guatemala,1
1998-05-30 23:19:41.990000+00:00,13.989,-92.452,33.0,4.6,mw,,,,1.13,us,usp0008p1y,2014-11-07T01:05:17.297Z,"64 km SSW of Ocós, Guatemala",earthquake,,,,7.0,reviewed,us,us,1998-05-30,35105,Guatemala,1
1998-06-03 12:12:24.570000+00:00,14.828,-91.145,250.0,4.51,mw,,,,0.92,us,usp0008p89,2014-11-07T01:05:21.397Z,"4 km N of Concepción, Guatemala",earthquake,,,,12.0,reviewed,us,us,1998-06-03,35167,Guatemala,1
1998-07-31 06:12:15.350000+00:00,14.704,-90.628,228.1,4.85,mw,,,,1.03,us,usp0008sh0,2014-11-07T01:05:39.793Z,"2 km SE of San Juan Sacatepéquez, Guatemala",earthquake,,,,26.0,reviewed,us,us,1998-07-31,35060,Guatemala,1
1998-08-16 14:48:19.100000+00:00,14.25,-89.981,202.0,5.03,mw,,,,1.19,us,usp0008tc4,2014-11-07T01:05:49.530Z,"6 km ESE of Quesada, Guatemala",earthquake,,,,12.0,reviewed,us,us,1998-08-16,35026,Guatemala,1
1998-09-25 10:22:50.270000+00:00,13.39,-91.271,33.0,3.95,mw,,,,1.23,us,usp0008vgp,2014-11-07T01:06:06.142Z,"76 km SW of Puerto San José, Guatemala",earthquake,,,,,reviewed,us,unm,1998-09-25,35342,Guatemala,1
1998-10-30 12:17:12.170000+00:00,13.944,-91.39,33.0,4.94,mw,,,,0.75,us,usp0008x9x,2014-11-07T01:06:18.611Z,"29 km SSW of Nueva Concepción, Guatemala",earthquake,,,,15.0,reviewed,us,us,1998-10-30,35258,Guatemala,1
1998-11-16 14:48:55.210000+00:00,13.685,-90.841,33.0,4.51,mw,,,,1.11,us,usp0008ya3,2014-11-07T01:06:27.527Z,"26 km S of Puerto San José, Guatemala",earthquake,,,,3.0,reviewed,us,us,1998-11-16,35319,Guatemala,1
1998-12-01 18:45:55.480000+00:00,15.128,-91.585,184.6,4.68,mw,,,,1.28,us,usp0008z1b,2014-11-07T01:06:34.730Z,"8 km NE of Cabricán, Guatemala",earthquake,,,,14.0,reviewed,us,us,1998-12-01,35290,Guatemala,1
1998-12-30 15:32:14.530000+00:00,14.057,-91.889,42.4,5.3,mwc,,,,0.77,us,usp00090cw,2022-04-29T17:59:00.899Z,"26 km S of Champerico, Guatemala",earthquake,,5.7,,,reviewed,us,hrv,1998-12-30,35223,Guatemala,1
1999-01-05 13:49:35.760000+00:00,14.604,-91.136,200.0,4.94,mw,,,,1.12,us,usp00090nu,2014-11-07T01:06:46.799Z,"1 km NE of San Lucas Tolimán, Guatemala",earthquake,,,,2.0,reviewed,us,us,1999-01-05,35275,Guatemala,1
1999-01-22 20:48:23.270000+00:00,13.343,-90.944,100.0,4.43,mw,,,,0.79,us,usp00091j6,2014-11-07T01:06:50.796Z,"65 km SSW of Puerto San José, Guatemala",earthquake,,,,5.0,reviewed,us,us,1999-01-22,35325,Guatemala,1
1999-02-25 05:06:49.300000+00:00,13.347,-91.048,33.0,4.51,mw,,,,1.25,us,usp00093cu,2014-11-07T01:07:04.773Z,"68 km SSW of Puerto San José, Guatemala",earthquake,,,,9.0,reviewed,us,us,1999-02-25,35512,Guatemala,1
1999-02-27 09:42:26.550000+00:00,14.815,-92.07,111.2,4.51,mw,,,,1.0,us,usp00093j4,2014-11-07T01:07:05.427Z,"4 km S of Catarina, Guatemala",earthquake,,7.7,,13.0,reviewed,us,us,1999-02-27,35477,Guatemala,1
1999-04-16 18:27:22.440000+00:00,14.716,-91.563,82.6,4.68,mw,,,,1.0,us,usp00096dt,2014-11-07T01:07:28.632Z,"7 km NNE of El Palmar, Guatemala",earthquake,,27.9,,8.0,reviewed,us,us,1999-04-16,35446,Guatemala,1
1999-04-17 15:30:06.080000+00:00,14.229,-91.341,62.4,4.94,mw,,,,0.96,us,usp00096fr,2014-11-07T01:07:28.870Z,"5 km NW of Nueva Concepción, Guatemala",earthquake,,,,24.0,reviewed,us,us,1999-04-17,35427,Guatemala,1
1999-04-23 11:02:24.250000+00:00,15.417,-91.823,215.8,4.68,mw,,,,1.05,us,usp00096s1,2014-11-07T01:07:29.859Z,"5 km W of Ixtahuacán, Guatemala",earthquake,,37.4,,10.0,reviewed,us,us,1999-04-23,35445,Guatemala,1
1999-04-29 17:15:20.840000+00:00,15.224,-91.541,231.5,4.6,mw,,,,0.89,us,usp0009721,2014-11-07T01:07:31.732Z,"5 km WSW of Malacatancito, Guatemala",earthquake,,32.5,,8.0,reviewed,us,us,1999-04-29,35468,Guatemala,1
1999-05-05 00:25:32.420000+00:00,12.93,-90.816,33.0,4.68,mw,,,,1.13,us,usp00097ce,2014-11-07T01:07:37.457Z,"110 km S of Puerto San José, Guatemala",earthquake,,,,10.0,reviewed,us,us,1999-05-05,35439,Guatemala,1
1999-05-06 16:27:10.460000+00:00,13.57,-92.086,33.0,4.6,mw,,,,1.28,us,usp00097f1,2014-11-07T01:07:38.096Z,"82 km SSW of Champerico, Guatemala",earthquake,,,,8.0,reviewed,us,us,1999-05-06,35448,Guatemala,1
1999-05-08 22:12:45.510000+00:00,14.214,-91.945,39.2,6.1,mwb,,,,0.74,us,usp00097mc,2022-04-29T18:24:07.549Z,"9 km SSW of Champerico, Guatemala",earthquake,,4.6,,,reviewed,us,us,1999-05-08,35378,Guatemala,1
1999-05-28 13:28:10.730000+00:00,14.786,-91.087,196.0,4.94,mw,,,,1.38,us,usp00098x9,2014-11-07T01:07:43.970Z,"6 km E of Concepción, Guatemala",earthquake,,11.0,,8.0,reviewed,us,us,1999-05-28,35433,Guatemala,1
1999-06-06 07:08:05.860000+00:00,13.897,-90.768,33.0,6.3,mwb,,,,1.25,us,usp00099cu,2022-04-29T18:22:54.649Z,"6 km ESE of Puerto San José, Guatemala",earthquake,,,,,reviewed,us,us,1999-06-06,35376,Guatemala,1
1999-07-11 14:31:59.330000+00:00,15.828,-88.61,10.0,5.11,mw,,,,1.35,us,usp0009bee,2014-11-07T01:08:05.237Z,"11 km N of Puerto Barrios, Guatemala",earthquake,,,,10.0,reviewed,us,us,1999-07-11,35426,Guatemala,2
1999-08-24 22:00:54.490000+00:00,13.693,-90.845,53.3,5.58,mw,,,,1.14,us,usp0009dkb,2014-11-07T01:08:19.806Z,"26 km S of Puerto San José, Guatemala",earthquake,,6.6,,5.0,reviewed,us,us,1999-08-24,35558,Guatemala,1
1999-08-26 06:50:27.680000+00:00,14.976,-91.785,144.5,4.68,mw,,,,1.38,us,usp0009dnm,2014-11-07T01:08:20.087Z,"1 km NE of San Marcos, Guatemala",earthquake,,10.7,,7.0,reviewed,us,us,1999-08-26,35666,Guatemala,1
1999-08-30 13:17:58.550000+00:00,14.406,-90.83,104.1,4.68,mw,,,,1.14,us,usp0009due,2014-11-07T01:08:21.344Z,"9 km SSW of Alotenango, Guatemala",earthquake,,,,14.0,reviewed,us,us,1999-08-30,35650,Guatemala,1
1999-10-29 09:33:03.770000+00:00,13.877,-91.704,33.0,4.85,mw,,,,0.98,us,usp0009grx,2014-11-07T01:08:47.060Z,"51 km SSE of Champerico, Guatemala",earthquake,,,,22.0,reviewed,us,us,1999-10-29,35622,Guatemala,1
1999-11-12 20:51:39.530000+00:00,15.373,-91.812,206.5,4.77,mw,,,,1.19,us,usp0009hfv,2014-11-07T01:08:57.676Z,"6 km SW of Ixtahuacán, Guatemala",earthquake,,7.3,,4.0,reviewed,us,us,1999-11-12,35636,Guatemala,1
1999-11-26 05:35:35.970000+00:00,13.984,-90.434,83.1,4.6,mw,,,,1.26,us,usp0009j43,2014-11-07T01:09:00.587Z,"9 km SSE of Taxisco, Guatemala",earthquake,,,,5.0,reviewed,us,us,1999-11-26,35720,Guatemala,1
1999-12-09 16:26:20.460000+00:00,13.933,-92.339,42.2,4.68,mw,,,,1.21,us,usp0009jnh,2014-11-07T01:09:08.482Z,"60 km SW of Champerico, Guatemala",earthquake,,13.5,,14.0,reviewed,us,us,1999-12-09,35663,Guatemala,1
1999-12-12 17:57:28.580000+00:00,14.765,-91.186,157.5,5.8,mwc,,,,1.22,us,usp0009jt2,2022-04-29T18:20:51.356Z,"0 km SSW of Sololá, Guatemala",earthquake,,,,,reviewed,us,hrv,1999-12-12,35556,Guatemala,1
1999-12-26 18:30:55.120000+00:00,14.411,-91.613,103.0,4.68,mw,,,,1.43,us,usp0009kb4,2014-11-07T01:09:11.788Z,"13 km SW of San Lorenzo, Guatemala",earthquake,,13.8,,2.0,reviewed,us,us,1999-12-26,35680,Guatemala,1
2000-02-04 15:41:53.080000+00:00,14.312,-92.36,92.4,5.03,mw,,,,1.21,us,usp0009n1t,2014-11-07T01:09:26.669Z,"28 km SW of Ocós, Guatemala",earthquake,,,,17.0,reviewed,us,us,2000-02-04,35562,Guatemala,1
2000-02-22 04:36:47.560000+00:00,15.4,-91.839,180.9,4.77,mw,,,,0.98,us,usp0009ntx,2014-11-07T01:09:32.838Z,"7 km WSW of Ixtahuacán, Guatemala",earthquake,,,,35.0,reviewed,us,us,2000-02-22,35845,Guatemala,1
2000-03-25 11:26:01.260000+00:00,15.034,-91.495,164.9,4.77,mw,,,,1.34,us,usp0009q54,2014-11-07T01:09:44.720Z,"6 km SW of San Bartolo, Guatemala",earthquake,,,,34.0,reviewed,us,us,2000-03-25,35831,Guatemala,1
2000-03-28 00:26:14.140000+00:00,13.305,-90.806,55.1,5.4,mwc,,,,1.08,us,usp0009qa6,2025-12-19T22:42:48.668Z,"68 km S of Puerto San José, Guatemala",earthquake,,4.8,,,reviewed,us,hrv,2000-03-28,35770,Guatemala,1
2000-03-29 02:49:31.020000+00:00,13.554,-92.1,33.0,4.85,mw,,,,1.06,us,usp0009qd8,2014-11-07T01:09:45.818Z,"84 km SSW of Champerico, Guatemala",earthquake,,,,15.0,reviewed,us,us,2000-03-29,35824,Guatemala,1
2000-03-31 22:54:43.600000+00:00,15.086,-91.967,170.7,3.95,mw,,,,,us,usp0009qke,2014-11-07T01:09:46.608Z,"4 km W of Tajumulco, Guatemala",earthquake,,,,,reviewed,unm,unm,2000-03-31,35900,Guatemala,1
2000-05-18 06:03:54.170000+00:00,15.518,-90.881,33.0,3.77,mw,,,,1.27,us,usp0009t3z,2014-11-07T01:10:09.751Z,"16 km ENE of Chajul, Guatemala",earthquake,,,,,reviewed,us,unm,2000-05-18,35908,Guatemala,1
2000-05-25 17:32:43.150000+00:00,13.559,-93.023,33.0,4.68,mw,,,,0.8,us,usp0009tfq,2014-11-07T01:10:11.706Z,"138 km SW of Ocós, Guatemala",earthquake,,,,1.0,reviewed,us,us,2000-05-25,35861,Guatemala,1
2000-06-08 08:08:11.670000+00:00,14.207,-92.056,58.8,5.5,mwc,233.0,,,1.08,us,usp0009u7y,2022-04-29T18:40:20.682Z,"18 km WSW of Champerico, Guatemala",earthquake,,3.4,,,reviewed,us,hrv,2000-06-08,35738,Guatemala,1
2000-06-09 11:26:21.040000+00:00,14.383,-90.38,33.0,5.28,mw,27.0,,,0.81,us,usp0009uae,2014-11-07T01:10:20.751Z,"1 km WSW of Santa Cruz Naranjo, Guatemala",earthquake,,,,1.0,reviewed,us,us,2000-06-09,35773,Guatemala,1
2000-06-24 13:23:22+00:00,13.88,-92.57,21.5,4.6,mw,30.0,,,,us,usp0009v2b,2014-11-07T01:10:24.451Z,"80 km SSW of Ocós, Guatemala",earthquake,,,,10.0,reviewed,unm,us,2000-06-24,35894,Guatemala,1
2000-07-27 04:28:51.090000+00:00,13.765,-91.555,33.0,5.2,mwc,176.0,,,1.24,us,usp0009x8r,2022-04-29T18:46:17.900Z,"55 km SSW of Nueva Concepción, Guatemala",earthquake,,,,,reviewed,us,hrv,2000-07-27,35776,Guatemala,1
2000-07-29 17:33:07.550000+00:00,14.177,-91.029,33.0,4.68,mw,11.0,,,1.12,us,usp0009xdg,2014-11-07T01:10:41.645Z,"10 km WSW of La Democracia, Guatemala",earthquake,,,,4.0,reviewed,us,us,2000-07-29,35846,Guatemala,1
2000-08-02 00:23:01.870000+00:00,13.679,-90.643,66.1,5.2,mwc,112.0,,,1.28,us,usp0009xkz,2025-12-19T22:54:35.831Z,"28 km SSE of Iztapa, Guatemala",earthquake,,,,,reviewed,us,hrv,2000-08-02,35774,Guatemala,1
2000-08-10 09:22:50.520000+00:00,14.569,-90.928,135.1,4.43,mw,11.0,,,0.52,us,usp0009y83,2014-11-07T01:10:50.876Z,"2 km NE of Acatenango, Guatemala",earthquake,,25.2,,4.0,reviewed,us,us,2000-08-10,35896,Guatemala,1
2000-08-17 17:19:40.680000+00:00,13.072,-90.645,33.0,4.68,mw,25.0,,,1.26,us,usp0009ynv,2014-11-07T01:10:52.826Z,"95 km S of Iztapa, Guatemala",earthquake,,,,16.0,reviewed,us,us,2000-08-17,36041,Guatemala,1
2000-08-21 16:08:02.560000+00:00,14.023,-92.338,80.0,4.77,mw,9.0,,,1.06,us,usp0009yw1,2014-11-07T01:10:53.895Z,"54 km WSW of Champerico, Guatemala",earthquake,,17.1,,1.0,reviewed,us,us,2000-08-21,35999,Guatemala,1
2000-08-25 10:52:57.550000+00:00,13.322,-91.492,33.0,4.51,mw,28.0,,,1.23,us,usp0009z4v,2014-11-07T01:10:54.835Z,"96 km SSW of La Gomera, Guatemala",earthquake,,,,9.0,reviewed,us,us,2000-08-25,36074,Guatemala,1
2000-10-06 14:44:17.160000+00:00,14.286,-91.587,66.3,5.2,mw,156.0,,,1.07,us,usp000a1bv,2014-11-07T01:11:14.420Z,"23 km SSW of San Lorenzo, Guatemala",earthquake,,,,58.0,reviewed,us,us,2000-10-06,35919,Guatemala,1
2000-11-08 09:15:25+00:00,14.918,-89.885,33.0,4.94,mw,13.0,,,1.39,us,usp000a377,2014-11-07T01:11:26.775Z,"1 km ENE of El Jícaro, Guatemala",earthquake,,,,3.0,reviewed,us,us,2000-11-08,35965,Guatemala,1
2000-11-09 03:44:05.270000+00:00,14.868,-91.014,179.0,4.77,mw,21.0,,,0.93,us,usp000a392,2014-11-07T01:11:26.949Z,"9 km NNW of Santa Apolonia, Guatemala",earthquake,,9.6,,8.0,reviewed,us,us,2000-11-09,35998,Guatemala,1
2000-12-17 13:54:51.150000+00:00,13.645,-90.501,76.1,4.68,mw,26.0,,,1.37,us,usp000a67s,2014-11-07T01:11:44.477Z,"38 km SE of Iztapa, Guatemala",earthquake,,15.0,,12.0,reviewed,us,us,2000-12-17,36037,Guatemala,1
2000-12-21 10:02:50.450000+00:00,13.394,-90.968,33.0,4.51,mw,19.0,,,1.07,us,usp000a6g9,2014-11-07T01:11:45.562Z,"61 km SSW of Puerto San José, Guatemala",earthquake,,,,7.0,reviewed,us,us,2000-12-21,36077,Guatemala,1
2000-12-27 06:44:03.450000+00:00,13.791,-91.501,33.0,4.6,mw,24.0,,,0.93,us,usp000a6sp,2014-11-07T01:11:46.757Z,"50 km SSW of Nueva Concepción, Guatemala",earthquake,,,,8.0,reviewed,us,us,2000-12-27,36047,Guatemala,1
2001-01-23 05:23:32.270000+00:00,14.017,-90.907,64.4,5.9,mwb,271.0,,,0.94,us,usp000a86j,2022-04-29T19:09:46.905Z,"13 km NW of Puerto San José, Guatemala",earthquake,,,,,reviewed,us,us,2001-01-23,35915,Guatemala,1
2001-01-26 01:50:42.300000+00:00,14.915,-92.079,117.5,5.03,mw,103.0,,,0.97,us,usp000a8dq,2014-11-07T01:11:58.965Z,"2 km W of Malacatán, Guatemala",earthquake,,4.9,,38.0,reviewed,us,us,2001-01-26,35923,Guatemala,1
2001-03-18 14:55:00.180000+00:00,13.69,-90.97,33.0,4.6,mw,16.0,,,1.26,us,usp000abpe,2014-11-07T01:12:22.177Z,"30 km SSW of Puerto San José, Guatemala",earthquake,,,,4.0,reviewed,us,us,2001-03-18,36254,Guatemala,1
2001-04-15 08:28:28.910000+00:00,14.207,-89.929,200.0,4.68,mw,38.0,,,1.3,us,usp000ad9k,2014-11-07T01:12:35.007Z,"10 km SSW of Jutiapa, Guatemala",earthquake,,,,13.0,reviewed,us,us,2001-04-15,36227,Guatemala,1
2001-04-16 21:54:00.920000+00:00,13.253,-91.254,33.0,5.4,mwc,226.0,,,1.02,us,usp000adcy,2025-12-19T22:48:05.779Z,"88 km SSW of Puerto San José, Guatemala",earthquake,,,,,reviewed,us,hrv,2001-04-16,36156,Guatemala,1
2001-04-28 04:47:03.240000+00:00,13.863,-92.239,33.0,4.85,mw,116.0,,,1.02,us,usp000ae2q,2014-11-07T01:12:38.717Z,"59 km SW of Champerico, Guatemala",earthquake,,,,54.0,reviewed,us,us,2001-04-28,36176,Guatemala,1
2001-05-05 11:26:56.710000+00:00,14.019,-91.734,39.0,5.4,mwc,294.0,,,1.08,us,usp000aef8,2022-04-29T19:15:26.208Z,"35 km SSE of Champerico, Guatemala",earthquake,,,,,reviewed,us,hrv,2001-05-05,36128,Guatemala,1
2001-05-05 18:48:22.320000+00:00,13.524,-91.741,33.0,4.68,mw,31.0,,,1.16,us,usp000aefn,2014-11-07T01:12:45.807Z,"87 km SSE of Champerico, Guatemala",earthquake,,,,20.0,reviewed,us,us,2001-05-05,36206,Guatemala,1
2001-06-02 05:34:34.120000+00:00,14.261,-91.039,108.5,5.03,mw,148.0,,,1.08,us,usp000afx1,2014-11-07T01:12:56.104Z,"8 km SSW of Santa Lucía Cotzumalguapa, Guatemala",earthquake,,,,68.0,reviewed,us,us,2001-06-02,36169,Guatemala,1
2001-06-04 02:40:29.280000+00:00,14.79,-92.094,33.0,4.77,mw,51.0,,,1.06,us,usp000ag0e,2014-11-07T01:12:58.266Z,"7 km SSW of Catarina, Guatemala",earthquake,,,,18.0,reviewed,us,us,2001-06-04,36204,Guatemala,1
2001-06-25 17:48:38.280000+00:00,15.312,-90.74,33.0,5.2,mwc,59.0,,,1.22,us,usp000ahen,2022-04-29T19:47:57.205Z,"7 km ESE of Chicamán, Guatemala",earthquake,,,,,reviewed,us,hrv,2001-06-25,36157,Guatemala,1
2001-07-19 02:34:55.350000+00:00,14.394,-90.496,165.0,4.94,mw,44.0,,,1.02,us,usp000ajth,2014-11-07T01:13:18.724Z,Guatemala,earthquake,,11.3,,14.0,reviewed,us,us,2001-07-19,36176,Guatemala,1
2001-07-22 09:40:39.190000+00:00,14.425,-92.192,63.1,4.6,mw,35.0,,,1.36,us,usp000ajz8,2014-11-07T01:13:19.723Z,"9 km S of Ocós, Guatemala",earthquake,,10.2,,13.0,reviewed,us,us,2001-07-22,36251,Guatemala,1
2001-08-10 05:43:40+00:00,14.02,-91.875,33.0,5.5,mwc,229.0,,,1.01,us,usp000am52,2025-12-19T22:50:41.350Z,"30 km S of Champerico, Guatemala",earthquake,,,,,reviewed,us,hrv,2001-08-10,36286,Guatemala,1
2001-08-23 13:08:56.460000+00:00,14.791,-92.0,88.8,4.94,mw,87.0,,,1.27,us,usp000amxc,2014-11-07T01:13:35.981Z,"8 km NNE of Pajapita, Guatemala",earthquake,,11.7,,39.0,reviewed,us,us,2001-08-23,36313,Guatemala,1
2001-09-10 12:24:57.910000+00:00,15.734,-90.101,33.0,4.68,mw,49.0,,,1.24,us,usp000anyc,2014-11-07T01:13:45.974Z,"21 km ESE of Chisec, Guatemala",earthquake,,,,16.0,reviewed,us,us,2001-09-10,36332,Guatemala,1
2001-09-11 09:13:26.100000+00:00,14.995,-91.571,161.1,5.6,mwc,299.0,,,0.98,us,usp000anzv,2022-04-29T19:33:22.509Z,"2 km WNW of San Carlos Sija, Guatemala",earthquake,,,,,reviewed,us,hrv,2001-09-11,36273,Guatemala,1
2001-09-19 08:04:46.050000+00:00,13.899,-90.62,87.6,5.03,mw,68.0,,,1.11,us,usp000apf9,2014-11-07T01:13:49.220Z,"10 km ESE of Iztapa, Guatemala",earthquake,,,,30.0,reviewed,us,us,2001-09-19,36304,Guatemala,1
2001-09-22 22:25:01.500000+00:00,13.324,-90.729,33.0,5.03,mw,121.0,,,1.06,us,usp000apmg,2014-11-07T01:13:49.949Z,"67 km S of Iztapa, Guatemala",earthquake,,,,43.0,reviewed,us,us,2001-09-22,36305,Guatemala,1
2001-10-08 13:57:21.580000+00:00,14.521,-91.403,33.0,4.51,mw,26.0,,,1.14,us,usp000aqfp,2014-11-07T01:13:57.537Z,"2 km SSE of San Antonio Suchitepéquez, Guatemala",earthquake,,,,9.0,reviewed,us,us,2001-10-08,36378,Guatemala,1
2001-10-10 14:59:05.200000+00:00,13.868,-92.694,15.6,4.22,mw,11.0,,,,us,usp000aqn7,2014-11-07T01:13:58.361Z,"89 km SW of Ocós, Guatemala",earthquake,,,,,reviewed,unm,unm,2001-10-10,36398,Guatemala,1
2001-11-09 21:53:45.840000+00:00,14.97,-91.124,33.0,4.6,mw,14.0,,,1.44,us,usp000asjd,2014-11-07T01:14:13.494Z,"3 km NNW of Chichicastenango, Guatemala",earthquake,,,,2.0,reviewed,us,us,2001-11-09,36334,Guatemala,1
2001-11-23 11:30:09.930000+00:00,14.008,-91.066,73.0,4.77,mw,36.0,,,1.26,us,usp000atbx,2014-11-07T01:14:17.720Z,"8 km S of La Gomera, Guatemala",earthquake,,12.2,,13.0,reviewed,us,us,2001-11-23,36316,Guatemala,1
2001-12-05 09:31:46.600000+00:00,15.967,-91.369,20.0,3.86,mw,6.0,,,,us,usp000au1r,2014-11-07T01:14:26.199Z,"18 km NNW of Barillas, Guatemala",earthquake,,,,,reviewed,unm,unm,2001-12-05,36410,Guatemala,1
2001-12-13 15:36:59.740000+00:00,15.398,-90.082,33.0,4.41,mw,11.0,,,1.57,us,usp000aujq,2014-11-07T01:14:28.506Z,"12 km NNE of Tucurú, Guatemala",earthquake,,,,,reviewed,us,unm,2001-12-13,36390,Guatemala,1
2001-12-25 10:43:02.270000+00:00,14.544,-90.001,250.0,4.51,mw,11.0,,,0.99,us,usp000av8q,2014-11-07T01:14:31.653Z,"10 km S of Jalapa, Guatemala",earthquake,,,,2.0,reviewed,us,us,2001-12-25,36364,Guatemala,1
2002-02-10 13:05:55.370000+00:00,14.002,-91.904,55.2,4.85,mw,107.0,,,1.15,us,usp000ay5r,2014-11-07T01:14:53.882Z,"32 km S of Champerico, Guatemala",earthquake,,4.9,,29.0,reviewed,us,us,2002-02-10,36549,Guatemala,1
2002-03-07 05:07:15.230000+00:00,14.634,-91.411,118.1,5.11,mw,148.0,,,1.26,us,usp000azv3,2014-11-07T01:15:05.618Z,"0 km N of Santo Tomás La Unión, Guatemala",earthquake,,,,46.0,reviewed,us,us,2002-03-07,36482,Guatemala,1
2002-04-11 21:34:03.810000+00:00,13.631,-91.06,10.0,4.68,mw,65.0,,,1.06,us,usp000b27m,2014-11-07T01:15:24.214Z,"41 km SW of Puerto San José, Guatemala",earthquake,,,,17.0,reviewed,us,us,2002-04-11,36591,Guatemala,1
2002-04-13 19:22:02.500000+00:00,14.061,-92.279,33.0,5.0,mwc,124.0,,,0.93,us,usp000b2be,2025-12-19T23:00:26.278Z,"47 km WSW of Champerico, Guatemala",earthquake,,,,,reviewed,us,hrv,2002-04-13,36519,Guatemala,1
2002-05-05 20:49:27.630000+00:00,15.096,-90.951,33.0,4.22,mw,10.0,,,1.5,us,usp000b3tk,2014-11-07T01:15:35.034Z,"8 km S of San Andrés Sajcabajá, Guatemala",earthquake,,,,,reviewed,us,unm,2002-05-05,36604,Guatemala,1
2002-05-13 08:42:51.630000+00:00,13.637,-91.612,61.1,4.94,mw,125.0,,,1.07,us,usp000b488,2014-11-07T01:15:37.187Z,"70 km SSW of Nueva Concepción, Guatemala",earthquake,,6.1,,44.0,reviewed,us,us,2002-05-13,36541,Guatemala,1
2002-05-26 19:18:55.430000+00:00,14.618,-90.977,160.2,5.03,mw,222.0,,,1.24,us,usp000b50y,2014-11-07T01:15:40.470Z,"5 km WSW of Patzicía, Guatemala",earthquake,,,,100.0,reviewed,us,us,2002-05-26,36517,Guatemala,1
2002-06-08 06:57:21.280000+00:00,13.171,-90.695,33.0,4.85,mw,60.0,,,1.27,us,usp000b5s6,2014-11-07T01:15:47.352Z,"84 km S of Iztapa, Guatemala",earthquake,,,,26.0,reviewed,us,us,2002-06-08,36575,Guatemala,1
2002-06-24 11:23:23.700000+00:00,15.312,-92.135,192.1,3.86,mw,8.0,,,,us,usp000b6uj,2014-11-07T01:15:53.001Z,"8 km W of Tectitán, Guatemala",earthquake,,,,,reviewed,unm,unm,2002-06-24,36608,Guatemala,1
2002-06-25 08:15:45.410000+00:00,14.113,-91.258,70.5,5.2,mwc,245.0,,,1.27,us,usp000b6w8,2022-05-02T16:03:13.530Z,"10 km SSE of Nueva Concepción, Guatemala",earthquake,,,,,reviewed,us,hrv,2002-06-25,36457,Guatemala,1
2002-06-25 10:36:53.200000+00:00,13.625,-92.331,33.0,4.51,mw,17.0,,,1.11,us,usp000b6wf,2014-11-07T01:15:53.239Z,"86 km SSW of Champerico, Guatemala",earthquake,,,,5.0,reviewed,us,us,2002-06-25,36592,Guatemala,1
2002-07-07 14:51:18.360000+00:00,13.974,-90.606,101.5,4.6,mw,63.0,,,1.03,us,usp000b7pf,2014-11-07T01:16:01.671Z,"11 km ENE of Iztapa, Guatemala",earthquake,,5.6,,21.0,reviewed,us,us,2002-07-07,36592,Guatemala,1
2002-07-11 14:17:25.010000+00:00,14.143,-90.097,147.7,4.85,mw,48.0,,,1.06,us,usp000b7xr,2014-11-07T01:16:02.670Z,"9 km W of Jalpatagua, Guatemala",earthquake,,7.3,,14.0,reviewed,us,us,2002-07-11,36562,Guatemala,1
2002-09-17 18:02:43.500000+00:00,14.166,-92.175,26.9,3.77,mw,4.0,,,,us,usp000bch2,2014-11-07T01:16:32.346Z,"31 km WSW of Champerico, Guatemala",earthquake,,,,,reviewed,unm,unm,2002-09-17,36803,Guatemala,1
2002-09-22 07:46:39.280000+00:00,14.2,-91.208,61.0,4.51,mw,94.0,,,1.3,us,usp000bcvb,2014-11-07T01:16:33.745Z,"9 km E of Nueva Concepción, Guatemala",earthquake,,,,22.0,reviewed,us,us,2002-09-22,36704,Guatemala,1
2002-09-23 12:05:12.460000+00:00,15.248,-91.752,158.6,4.77,mw,22.0,,,1.34,us,usp000bcyh,2014-11-07T01:16:34.042Z,"2 km S of San Miguel Ixtahuacán, Guatemala",earthquake,,8.9,,6.0,reviewed,us,us,2002-09-23,36682,Guatemala,1
2002-09-28 22:26:23.200000+00:00,13.921,-91.573,63.9,4.85,mw,100.0,,,1.13,us,usp000bdcb,2014-11-07T01:16:35.542Z,"42 km SW of Nueva Concepción, Guatemala",earthquake,,,,41.0,reviewed,us,us,2002-09-28,36681,Guatemala,1
2002-10-13 00:18:26+00:00,14.633,-91.579,100.0,4.43,mw,21.0,,,0.96,us,usp000bedr,2014-11-07T01:16:44.975Z,"1 km S of El Palmar, Guatemala",earthquake,,,,7.0,reviewed,us,us,2002-10-13,36783,Guatemala,1
2002-10-15 08:18:39.390000+00:00,13.792,-92.607,33.0,4.6,mw,25.0,,,1.16,us,usp000bekm,2014-11-07T01:16:45.526Z,"91 km SSW of Ocós, Guatemala",earthquake,,,,10.0,reviewed,us,us,2002-10-15,36687,Guatemala,1
2002-12-01 11:37:56.690000+00:00,14.448,-90.529,33.0,4.43,mw,28.0,,,1.21,us,usp000bjv3,2014-11-07T01:17:16.296Z,"3 km S of Villa Canales, Guatemala",earthquake,,,,12.0,reviewed,us,us,2002-12-01,36751,Guatemala,1
2003-01-02 08:35:04.890000+00:00,14.75,-90.16,0.0,3.95,mw,12.0,,,,us,usp000bmxu,2014-11-07T01:17:31.158Z,"4 km W of Sansare, Guatemala",earthquake,,,,,reviewed,unm,unm,2003-01-02,36802,Guatemala,1
2003-01-12 19:39:45.950000+00:00,13.474,-92.089,33.0,4.6,mw,8.0,,,1.58,us,usp000bnf3,2014-11-07T01:17:35.027Z,"92 km SSW of Champerico, Guatemala",earthquake,,,,3.0,reviewed,us,us,2003-01-12,36702,Guatemala,1
2003-01-21 02:46:47.740000+00:00,13.626,-90.774,24.0,6.5,mwc,316.0,,,0.99,us,usp000bnx3,2022-05-02T16:23:49.550Z,"33 km S of Puerto San José, Guatemala",earthquake,,,,,reviewed,us,hrv,2003-01-21,36676,Guatemala,1
2003-01-22 18:39:04.040000+00:00,13.266,-91.409,33.0,4.31,mw,8.0,,,0.69,us,usp000bp07,2014-11-07T01:17:37.254Z,"96 km SW of Puerto San José, Guatemala",earthquake,,,,,reviewed,us,unm,2003-01-22,36793,Guatemala,1
2003-02-04 06:55:12.490000+00:00,13.441,-90.439,33.0,5.28,mw,21.0,,,1.2,us,usp000bpz3,2014-11-07T01:17:44.849Z,"61 km SSE of Iztapa, Guatemala",earthquake,,,,6.0,reviewed,us,us,2003-02-04,36817,Guatemala,1
2003-02-05 19:01:11.090000+00:00,13.774,-90.88,56.5,5.6,mwc,268.0,,,1.12,us,usp000bq1x,2022-05-02T16:24:35.526Z,near the coast of Guatemala,earthquake,,,,,reviewed,us,hrv,2003-02-05,36816,near the coast of Guatemala,1
2003-02-16 20:29:18.860000+00:00,13.861,-91.329,62.9,4.22,mw,18.0,,,1.42,us,usp000bqum,2014-11-07T01:17:48.966Z,"37 km S of Nueva Concepción, Guatemala",earthquake,,,,,reviewed,us,unm,2003-02-16,36931,Guatemala,1
2003-02-17 08:45:59.450000+00:00,14.422,-90.935,10.0,4.6,mw,18.0,,,1.05,us,usp000bqvs,2014-11-07T01:17:49.071Z,"9 km SSE of Yepocapa, Guatemala",earthquake,,,,7.0,reviewed,us,us,2003-02-17,36897,Guatemala,1
2003-02-28 05:35:03.480000+00:00,13.921,-90.321,103.3,4.04,mw,31.0,,,1.11,us,usp000brmy,2014-11-07T01:17:53.172Z,"14 km WSW of Pasaco, Guatemala",earthquake,,6.9,,,reviewed,us,unm,2003-02-28,36932,Guatemala,1
2003-03-06 05:25:12.780000+00:00,13.533,-91.366,33.0,4.51,mw,32.0,149.6,,1.31,us,usp000bs1q,2014-11-07T01:18:00.121Z,"69 km SSW of La Gomera, Guatemala",earthquake,,,,19.0,reviewed,us,us,2003-03-06,36928,Guatemala,1
2003-03-09 10:29:32.100000+00:00,14.455,-92.239,124.0,3.95,mw,10.0,283.3,,,us,usp000bs99,2014-11-07T01:18:02.557Z,"7 km SW of Ocós, Guatemala",earthquake,,,,,reviewed,unm,unm,2003-03-09,36942,Guatemala,1
2003-03-15 06:39:08.460000+00:00,14.27,-91.322,74.8,4.94,mw,120.0,114.6,,1.18,us,usp000bsp9,2014-11-07T01:18:04.750Z,Guatemala,earthquake,,,,38.0,reviewed,us,us,2003-03-15,36828,Guatemala,1
2003-03-19 04:24:15.900000+00:00,14.361,-91.902,28.2,4.04,mw,5.0,307.5,,,us,usp000bt07,2014-11-07T01:18:06.487Z,"7 km N of Champerico, Guatemala",earthquake,,,,,reviewed,unm,unm,2003-03-19,36936,Guatemala,1
2003-03-21 06:41:22.100000+00:00,14.792,-92.085,122.5,3.95,mw,6.0,286.5,,,us,usp000bt59,2014-11-07T01:18:07.142Z,"6 km S of Catarina, Guatemala",earthquake,,,,,reviewed,unm,unm,2003-03-21,36967,Guatemala,1
2003-04-07 09:46:44.870000+00:00,13.149,-91.103,33.0,4.94,mw,67.0,144.0,,1.38,us,usp000bumv,2014-11-07T01:18:18.486Z,"91 km SSW of Puerto San José, Guatemala",earthquake,,,,37.0,reviewed,us,us,2003-04-07,36829,Guatemala,1
2003-04-26 17:14:56.970000+00:00,15.752,-88.789,33.0,4.6,mw,16.0,112.2,,1.19,us,usp000bw0n,2014-11-07T01:18:26.305Z,Honduras-Guatemala border region,earthquake,,,,6.0,reviewed,us,us,2003-04-26,36908,Honduras-Guatemala border region,2
2003-05-07 08:33:36.740000+00:00,13.957,-91.826,50.9,4.85,mw,86.0,107.7,,0.97,us,usp000bws0,2014-11-07T01:18:35.244Z,"38 km SSE of Champerico, Guatemala",earthquake,,7.3,,33.0,reviewed,us,us,2003-05-07,36849,Guatemala,1
2003-05-27 03:51:36.020000+00:00,13.939,-92.415,33.0,4.85,mw,79.0,135.9,,1.07,us,usp000by8x,2014-11-07T01:18:43.341Z,"66 km SW of Champerico, Guatemala",earthquake,,,,32.0,reviewed,us,us,2003-05-27,36855,Guatemala,1
2003-05-27 15:25:20.510000+00:00,15.237,-91.608,194.6,4.94,mw,77.0,98.7,,0.99,us,usp000bya9,2014-11-07T01:18:43.573Z,Mexico-Guatemala border region,earthquake,,,,22.0,reviewed,us,us,2003-05-27,36840,Mexico-Guatemala border region,1
2003-05-30 11:23:05.220000+00:00,13.31,-92.248,10.0,4.04,mw,9.0,285.5,,0.78,us,usp000byj5,2014-11-07T01:18:44.717Z,"114 km SSW of Champerico, Guatemala",earthquake,,,,,reviewed,us,unm,2003-05-30,36933,Guatemala,1
2003-05-31 14:51:46.860000+00:00,13.726,-92.709,33.0,4.6,mw,38.0,263.1,,1.04,us,usp000byn2,2014-11-07T01:18:45.010Z,"103 km SSW of Ocós, Guatemala",earthquake,,,,7.0,reviewed,us,us,2003-05-31,36861,Guatemala,1
2003-06-01 13:09:43.480000+00:00,14.693,-89.998,250.0,4.43,mw,8.0,237.3,,0.75,us,usp000byr4,2014-11-07T01:18:48.079Z,"6 km N of Jalapa, Guatemala",earthquake,,,,2.0,reviewed,us,us,2003-06-01,36928,Guatemala,1
2003-06-04 10:17:39.490000+00:00,14.715,-91.223,170.5,4.6,mw,31.0,113.5,,1.07,us,usp000bz1c,2014-11-07T01:18:50.725Z,"3 km SSW of Santa Cruz La Laguna, Guatemala",earthquake,,,,9.0,reviewed,us,us,2003-06-04,36878,Guatemala,1
2003-06-10 19:50:35.350000+00:00,13.566,-91.853,33.0,4.68,mw,20.0,280.3,,1.23,us,usp000bzk2,2014-11-07T01:18:54.219Z,"80 km S of Champerico, Guatemala",earthquake,,,,4.0,reviewed,us,us,2003-06-10,36859,Guatemala,1
2003-07-05 22:50:35+00:00,15.376,-91.958,180.0,4.85,mw,40.0,103.2,,1.07,us,usp000c1rg,2014-11-07T01:19:08.544Z,"3 km SSW of Cuilco, Guatemala",earthquake,,,,9.0,reviewed,us,us,2003-07-05,36846,Guatemala,1
2003-08-13 09:25:40.650000+00:00,13.244,-92.624,33.0,4.13,mw,25.0,190.4,,1.34,us,usp000c4rk,2014-11-07T01:19:30.512Z,"139 km SSW of Champerico, Guatemala",earthquake,,,,,reviewed,us,unm,2003-08-13,37116,Guatemala,1
2003-08-13 14:18:44.160000+00:00,14.283,-90.089,230.6,5.03,mw,43.0,150.6,,0.99,us,usp000c4s2,2014-11-07T01:19:30.547Z,"4 km ENE of San José Acatempa, Guatemala",earthquake,,,,16.0,reviewed,us,us,2003-08-13,37018,Guatemala,1
2003-08-25 06:28:35.180000+00:00,14.034,-91.069,100.0,6.0,mwc,490.0,25.6,,0.95,us,usp000c5vz,2022-05-02T16:41:35.439Z,"5 km SSW of La Gomera, Guatemala",earthquake,,,,,reviewed,us,hrv,2003-08-25,37006,Guatemala,1
2003-09-06 04:54:37.900000+00:00,14.854,-90.965,108.3,4.22,mw,18.0,185.1,,1.11,us,usp000c6vz,2014-11-07T01:19:46.138Z,"6 km NW of San José Poaquil, Guatemala",earthquake,,11.3,,,reviewed,us,unm,2003-09-06,37095,Guatemala,1
2003-09-11 21:57:06.850000+00:00,15.257,-91.751,172.5,4.94,mw,54.0,108.8,,1.09,us,usp000c79w,2014-11-07T01:19:48.061Z,"1 km S of San Miguel Ixtahuacán, Guatemala",earthquake,,6.7,,23.0,reviewed,us,us,2003-09-11,37035,Guatemala,1
2003-10-19 13:37:43.550000+00:00,13.737,-90.281,78.5,4.6,mw,54.0,107.0,,1.06,us,usp000casv,2014-11-07T01:20:13.775Z,"27 km SSW of Pasaco, Guatemala",earthquake,,,,17.0,reviewed,us,us,2003-10-19,37073,Guatemala,1
2003-11-02 09:39:30.570000+00:00,12.936,-91.482,57.3,4.94,mw,50.0,106.3,,1.28,us,usp000cbw9,2014-11-07T01:20:22.987Z,"130 km SSW of Puerto San José, Guatemala",earthquake,,20.4,,13.0,reviewed,us,us,2003-11-02,37030,Guatemala,1
2003-11-10 12:04:54.660000+00:00,14.328,-92.095,33.0,5.11,mw,115.0,99.4,,0.8,us,usp000cchx,2014-11-07T01:20:26.988Z,"20 km W of Champerico, Guatemala",earthquake,,,,59.0,reviewed,us,us,2003-11-10,37006,Guatemala,1
2003-12-01 07:07:31.100000+00:00,13.729,-91.75,70.8,4.04,mw,17.0,312.8,,,us,usp000ce95,2014-11-07T01:20:38.283Z,"64 km SSE of Champerico, Guatemala",earthquake,,,,,reviewed,unm,unm,2003-12-01,37132,Guatemala,1
2003-12-17 20:03:51.810000+00:00,13.906,-92.455,33.0,4.51,mw,24.0,182.2,,1.24,us,usp000cff7,2014-11-07T01:20:46.400Z,"72 km SSW of Ocós, Guatemala",earthquake,,,,5.0,reviewed,us,us,2003-12-17,37087,Guatemala,1
2004-01-16 18:56:21.880000+00:00,13.382,-91.927,10.0,3.77,mw,18.0,312.9,,1.23,us,usp000cj1n,2014-11-07T01:21:05.305Z,"100 km S of Champerico, Guatemala",earthquake,,0.0,,,reviewed,us,unm,2004-01-16,37162,Guatemala,1
2004-02-25 18:22:23.650000+00:00,13.991,-92.145,35.5,5.9,mwb,188.0,102.8,,1.3,us,usp000cn8v,2022-05-02T17:04:08.898Z,"41 km SW of Champerico, Guatemala",earthquake,,,,,reviewed,us,us,2004-02-25,37202,Guatemala,1
2004-03-13 04:43:26.900000+00:00,13.078,-90.925,35.4,4.68,mw,40.0,152.9,,,us,usp000cptm,2014-11-07T01:21:41.620Z,"94 km S of Puerto San José, Guatemala",earthquake,,,,7.0,reviewed,unm,us,2004-03-13,37290,Guatemala,1
2004-03-22 09:41:21.530000+00:00,13.728,-91.447,56.7,5.03,mw,150.0,108.6,,1.09,us,usp000cqkx,2014-11-07T01:21:46.021Z,"54 km SSW of Nueva Concepción, Guatemala",earthquake,,4.3,,50.0,reviewed,us,us,2004-03-22,37256,Guatemala,1
2004-04-19 05:09:39.460000+00:00,14.314,-91.76,40.4,5.1,mwc,167.0,105.0,,1.25,us,usp000cswk,2022-05-02T17:09:03.416Z,"16 km E of Champerico, Guatemala",earthquake,,,,,reviewed,us,hrv,2004-04-19,37228,Guatemala,1
2004-04-29 14:03:42.200000+00:00,15.089,-91.58,168.1,3.77,mw,7.0,261.2,,,us,usp000ctr6,2014-11-07T01:22:08.694Z,"7 km ENE of Cabricán, Guatemala",earthquake,,,,,reviewed,unm,unm,2004-04-29,37343,Guatemala,1
2004-05-03 05:12:40.100000+00:00,14.461,-90.726,124.6,5.7,mwc,336.0,35.6,,1.34,us,usp000cu24,2022-05-02T17:10:23.595Z,"4 km SSW of Santa María de Jesús, Guatemala",earthquake,,,,,reviewed,us,hrv,2004-05-03,37219,Guatemala,1
2004-05-23 13:47:29.370000+00:00,15.093,-92.987,76.6,4.43,mw,44.0,146.7,,1.22,us,usp000cvzt,2014-11-07T01:22:23.215Z,Mexico-Guatemala border region,earthquake,,,,13.0,reviewed,us,us,2004-05-23,37325,Mexico-Guatemala border region,-1
2004-06-18 19:16:53.630000+00:00,13.8,-90.619,52.8,4.22,mw,21.0,148.2,,1.26,us,usp000cy6q,2014-11-07T01:22:38.869Z,"17 km SSE of Iztapa, Guatemala",earthquake,,14.6,,,reviewed,us,unm,2004-06-18,37329,Guatemala,1
2004-06-27 10:00:43.140000+00:00,13.694,-91.069,10.0,4.51,mw,36.0,183.5,,1.18,us,usp000cyyt,2014-11-07T01:22:42.278Z,"37 km SW of Puerto San José, Guatemala",earthquake,,,,13.0,reviewed,us,us,2004-06-27,37316,Guatemala,1
2004-06-30 19:22:47.200000+00:00,13.392,-92.652,42.7,4.04,mw,19.0,202.1,,,us,usp000cz9k,2014-11-07T01:22:44.533Z,"127 km SW of Champerico, Guatemala",earthquake,,,,,reviewed,unm,unm,2004-06-30,37336,Guatemala,1
2004-07-01 12:25:04.310000+00:00,13.451,-90.509,10.0,5.03,mw,24.0,216.7,,1.25,us,usp000czbn,2014-11-07T01:22:48.047Z,"57 km SSE of Iztapa, Guatemala",earthquake,,,,8.0,reviewed,us,us,2004-07-01,37266,Guatemala,1
2004-07-08 23:51:56.800000+00:00,14.127,-91.085,84.9,4.77,mw,46.0,156.7,,1.19,us,usp000czt7,2014-11-07T01:22:52.227Z,"5 km NW of La Gomera, Guatemala",earthquake,,10.2,,21.0,reviewed,us,us,2004-07-08,37270,Guatemala,1
2004-07-15 12:09:15+00:00,13.801,-92.612,16.0,4.31,mw,10.0,195.8,,,us,usp000d07g,2014-11-07T01:22:54.423Z,"90 km SSW of Ocós, Guatemala",earthquake,,,,,reviewed,unm,unm,2004-07-15,37328,Guatemala,1
2004-07-26 10:12:01.720000+00:00,12.899,-90.942,10.0,4.6,mw,44.0,169.7,,1.06,us,usp000d0ws,2014-11-07T01:22:59.230Z,"114 km S of Puerto San José, Guatemala",earthquake,,,,17.0,reviewed,us,us,2004-07-26,37380,Guatemala,1
2004-07-30 16:47:07.300000+00:00,13.764,-90.996,44.9,4.51,mw,24.0,226.9,,1.11,us,usp000d154,2014-11-07T01:23:02.686Z,"26 km SW of Puerto San José, Guatemala",earthquake,,20.3,,9.0,reviewed,us,us,2004-07-30,37403,Guatemala,1
2004-08-13 06:11:07.140000+00:00,13.372,-90.877,10.0,4.04,mw,5.0,186.7,,0.86,us,usp000d21w,2014-11-07T01:23:12.241Z,"61 km S of Puerto San José, Guatemala",earthquake,,0.0,,,reviewed,us,unm,2004-08-13,37492,Guatemala,1
2004-08-21 04:29:35.040000+00:00,14.519,-89.692,283.7,4.85,mw,43.0,96.2,,0.7,us,usp000d2k3,2014-11-07T01:23:14.874Z,Guatemala,earthquake,,8.1,,15.0,reviewed,us,us,2004-08-21,37372,Guatemala,1
2004-08-25 13:41:20.860000+00:00,13.966,-92.172,59.6,4.43,mw,18.0,139.1,,1.31,us,usp000d2v2,2014-11-07T01:23:15.859Z,"45 km SW of Champerico, Guatemala",earthquake,,12.7,,2.0,reviewed,us,us,2004-08-25,37459,Guatemala,1
2004-09-05 14:56:42.820000+00:00,13.812,-91.433,47.4,4.6,mw,25.0,180.3,,1.17,us,usp000d3ma,2014-11-07T01:23:25.821Z,"45 km SSW of Nueva Concepción, Guatemala",earthquake,,10.8,,4.0,reviewed,us,us,2004-09-05,37395,Guatemala,1
2004-09-13 13:40:32.230000+00:00,14.24,-91.771,61.3,4.94,mw,110.0,72.0,,1.3,us,usp000d472,2014-11-07T01:23:28.851Z,"16 km ESE of Champerico, Guatemala",earthquake,,,,36.0,reviewed,us,us,2004-09-13,37358,Guatemala,1
2004-11-08 17:48:04.100000+00:00,16.363,-91.314,16.1,3.95,mw,4.0,337.8,,,us,usp000d7yr,2014-11-07T01:23:57.600Z,Mexico-Guatemala border region,earthquake,,,,,reviewed,unm,unm,2004-11-08,37521,Mexico-Guatemala border region,-1
2004-11-20 22:48:24.600000+00:00,13.888,-91.832,5.1,4.22,mw,8.0,187.2,,,us,usp000d8ux,2014-11-07T01:24:03.337Z,"45 km S of Champerico, Guatemala",earthquake,,,,,reviewed,unm,unm,2004-11-20,37486,Guatemala,1
2004-12-05 22:12:27.490000+00:00,14.185,-91.199,77.1,4.6,mw,35.0,108.3,,1.29,us,usp000da4t,2014-11-07T01:24:14.201Z,"11 km E of Nueva Concepción, Guatemala",earthquake,,8.6,,14.0,reviewed,us,us,2004-12-05,37384,Guatemala,1
2004-12-11 16:35:49.380000+00:00,14.95,-90.813,206.7,4.94,mw,29.0,113.4,,1.04,us,usp000dafx,2014-11-07T01:24:15.822Z,"4 km SSW of Joyabaj, Guatemala",earthquake,,12.6,,14.0,reviewed,us,us,2004-12-11,37354,Guatemala,1
2005-01-09 21:15:21.480000+00:00,15.907,-88.46,11.2,4.43,mw,22.0,104.0,,1.29,us,usp000dcxq,2014-11-07T01:24:36.370Z,"24 km NE of Puerto Barrios, Guatemala",earthquake,,32.3,,6.0,reviewed,us,us,2005-01-09,37471,Guatemala,2
2005-01-27 01:09:41.780000+00:00,13.802,-92.033,41.9,4.77,mw,63.0,150.0,,1.24,us,usp000dege,2014-11-07T01:24:45.196Z,"55 km SSW of Champerico, Guatemala",earthquake,,10.1,,27.0,reviewed,us,us,2005-01-27,37644,Guatemala,1
2005-02-12 08:33:13.930000+00:00,14.076,-91.634,61.2,5.11,mw,120.0,68.3,,1.01,us,usp000dfzc,2014-11-07T01:24:58.929Z,"37 km SW of Tiquisate, Guatemala",earthquake,,,,39.0,reviewed,us,us,2005-02-12,37576,Guatemala,1
2005-02-26 19:06:14.270000+00:00,13.61,-91.307,35.0,4.85,mw,8.0,170.9,,1.28,us,usp000dh1c,2014-11-07T01:25:04.229Z,"58 km SSW of La Gomera, Guatemala",earthquake,,,,3.0,reviewed,us,us,2005-02-26,37616,Guatemala,1
2005-03-02 13:45:19.800000+00:00,14.287,-92.253,15.0,4.94,mw,19.0,293.8,,0.7,us,usp000dhcd,2014-11-07T01:25:09.797Z,"25 km SSW of Ocós, Guatemala",earthquake,,0.0,,4.0,reviewed,us,us,2005-03-02,37588,Guatemala,1
2005-03-05 16:31:40.290000+00:00,15.696,-88.598,10.0,4.6,mw,22.0,134.1,,1.17,us,usp000dhkg,2014-11-07T01:25:11.209Z,Honduras-Guatemala border region,earthquake,,,,6.0,reviewed,us,us,2005-03-05,37650,Honduras-Guatemala border region,2
2005-03-17 13:37:37.110000+00:00,15.144,-91.381,197.4,6.1,mwb,538.0,27.9,,0.94,us,usp000djd5,2022-07-14T17:17:27.843Z,"10 km NE of San Bartolo, Guatemala",earthquake,,,,,reviewed,us,us,2005-03-17,37539,Guatemala,1
2005-04-12 02:40:26.540000+00:00,14.078,-91.163,92.9,5.4,mwc,327.0,72.0,,0.88,us,usp000dn4a,2025-12-19T23:21:55.447Z,"11 km W of La Gomera, Guatemala",earthquake,,4.3,,,reviewed,us,hrv,2005-04-12,37555,Guatemala,1
2005-04-14 09:32:04.250000+00:00,13.944,-90.455,75.1,4.6,mw,18.0,174.7,,0.91,us,usp000dnar,2014-11-07T01:25:35.486Z,"13 km S of Taxisco, Guatemala",earthquake,,8.3,,9.0,reviewed,us,us,2005-04-14,37651,Guatemala,1
2005-05-12 17:24:36.590000+00:00,15.364,-90.71,35.0,4.68,mw,21.0,187.4,,1.14,us,usp000dqmm,2014-11-07T01:25:52.424Z,"9 km E of Chicamán, Guatemala",earthquake,,,,11.0,reviewed,us,us,2005-05-12,37648,Guatemala,1
2005-05-16 19:34:40.610000+00:00,13.345,-90.705,75.8,4.94,mw,69.0,87.9,,0.91,us,usp000dqzd,2014-11-07T01:25:55.135Z,"65 km S of Iztapa, Guatemala",earthquake,,10.5,,28.0,reviewed,us,us,2005-05-16,37614,Guatemala,1
2005-05-18 20:30:29.800000+00:00,14.708,-89.582,42.1,5.3,mwc,280.0,97.7,,1.14,us,usp000dr45,2022-07-14T16:08:25.443Z,"1 km SSE of San José La Arada, Guatemala",earthquake,,6.0,,,reviewed,us,hrv,2005-05-18,37569,Guatemala,1
2005-05-19 07:10:58.060000+00:00,14.591,-91.839,74.7,5.3,mwc,249.0,69.1,,1.1,us,usp000dr58,2025-12-19T23:15:13.130Z,"3 km S of Génova, Guatemala",earthquake,,6.1,,,reviewed,us,hrv,2005-05-19,37573,Guatemala,1
2005-05-25 15:26:04.800000+00:00,13.373,-92.629,10.0,4.04,mw,7.0,282.7,,1.24,us,usp000drjg,2014-11-07T01:25:58.103Z,"127 km SW of Champerico, Guatemala",earthquake,,,,,reviewed,us,unm,2005-05-25,37662,Guatemala,1
2005-05-30 10:55:14.510000+00:00,15.166,-92.01,124.5,4.51,mw,12.0,279.2,,1.33,us,usp000drwb,2014-11-07T01:25:59.458Z,"4 km ENE of Sibinal, Guatemala",earthquake,,16.7,,3.0,reviewed,us,us,2005-05-30,37657,Guatemala,1
2005-08-05 05:03:53.250000+00:00,13.534,-91.187,54.1,4.94,mw,110.0,71.6,,1.21,us,usp000dwqf,2014-11-07T01:26:44.318Z,"58 km SW of Puerto San José, Guatemala",earthquake,,5.3,,49.0,reviewed,us,us,2005-08-05,37748,Guatemala,1
2005-08-16 07:16:30.700000+00:00,15.572,-91.234,20.0,4.85,mw,110.0,143.2,,,us,usp000dxen,2014-11-07T01:26:49.494Z,"20 km NNW of Nebaj, Guatemala",earthquake,,,,47.0,reviewed,unm,us,2005-08-16,37813,Guatemala,1
2005-08-24 21:25:25.560000+00:00,14.094,-91.658,66.0,4.85,mw,59.0,146.3,,0.8,us,usp000dxzn,2014-11-07T01:26:52.154Z,"35 km SE of Champerico, Guatemala",earthquake,,8.1,,23.0,reviewed,us,us,2005-08-24,37821,Guatemala,1
2005-09-17 03:41:46.260000+00:00,14.304,-90.377,183.2,5.11,mw,93.0,88.0,,1.0,us,usp000dzkc,2014-11-07T01:27:05.083Z,"1 km WSW of Barberena, Guatemala",earthquake,,,,34.0,reviewed,us,us,2005-09-17,37729,Guatemala,1
2005-09-19 13:18:09.800000+00:00,14.65,-91.465,199.7,4.31,mw,12.0,192.7,,,us,usp000dzr0,2014-11-07T01:27:06.063Z,"6 km WNW of Santo Tomás La Unión, Guatemala",earthquake,,,,,reviewed,unm,unm,2005-09-19,37883,Guatemala,1
2005-10-20 19:31:13+00:00,14.149,-91.134,73.4,4.94,mw,48.0,134.2,,1.54,us,usp000e2bg,2014-11-07T01:27:27.094Z,"11 km NW of La Gomera, Guatemala",earthquake,,10.5,,22.0,reviewed,us,us,2005-10-20,37772,Guatemala,1
2005-10-28 08:31:19.710000+00:00,13.779,-90.272,93.7,4.94,mw,117.0,72.0,,1.19,us,usp000e30c,2014-11-07T01:27:29.820Z,"23 km SSW of Pasaco, Guatemala",earthquake,,,,39.0,reviewed,us,us,2005-10-28,37805,Guatemala,1
2005-11-05 05:40:57.760000+00:00,14.784,-91.806,91.7,4.94,mw,58.0,79.7,,0.95,us,usp000e3hx,2014-11-07T01:27:36.187Z,"2 km NE of El Quetzal, Guatemala",earthquake,,,,20.0,reviewed,us,us,2005-11-05,37774,Guatemala,1
2005-12-05 21:40:37.300000+00:00,14.347,-92.181,58.0,5.1,mwc,197.0,72.0,,,us,usp000e5ky,2025-12-22T14:57:13.222Z,"18 km S of Ocós, Guatemala",earthquake,,,,,reviewed,unm,hrv,2005-12-05,37740,Guatemala,1
2006-01-06 12:11:17.870000+00:00,13.985,-92.346,40.4,4.6,mw,39.0,172.9,,0.84,us,usp000e7q6,2014-11-07T01:28:04.309Z,"57 km SW of Champerico, Guatemala",earthquake,,7.5,,14.0,reviewed,us,us,2006-01-06,37851,Guatemala,1
2006-01-22 16:09:55.760000+00:00,13.896,-90.659,75.5,5.11,mw,148.0,61.6,,1.16,us,usp000e8nz,2022-07-14T12:41:57.530Z,"6 km SE of Iztapa, Guatemala",earthquake,,,,67.0,reviewed,us,us,2006-01-22,37921,Guatemala,1
2006-02-13 14:35:27.450000+00:00,14.213,-91.074,98.1,4.77,mw,31.0,121.7,,1.29,us,usp000ea0h,2014-11-07T01:28:18.286Z,"13 km W of La Democracia, Guatemala",earthquake,,8.0,,3.0,reviewed,us,us,2006-02-13,37991,Guatemala,1
2006-03-23 05:01:24.440000+00:00,13.346,-90.59,89.4,4.77,mw,67.0,100.3,,0.89,us,usp000ecrr,2014-11-07T01:28:34.521Z,near the coast of Guatemala,earthquake,,9.8,,36.0,reviewed,us,us,2006-03-23,38004,near the coast of Guatemala,1
2006-04-13 05:23:07.580000+00:00,13.832,-92.451,18.8,4.94,mw,27.0,175.9,,1.47,us,usp000eeck,2014-11-07T01:28:48.853Z,"77 km SW of Champerico, Guatemala",earthquake,,,,8.0,reviewed,us,us,2006-04-13,37980,Guatemala,1
2006-04-24 09:47:47.530000+00:00,14.023,-91.549,64.7,5.0,mwc,148.0,65.4,,0.94,us,usp000efdf,2025-12-22T16:15:46.811Z,"33 km SW of Nueva Concepción, Guatemala",earthquake,,,,,reviewed,us,hrv,2006-04-24,37959,Guatemala,1
2006-05-07 06:07:42.570000+00:00,13.852,-92.014,52.2,4.43,mw,26.0,172.8,,1.31,us,usp000egfj,2014-11-07T01:29:03.974Z,Near the coast of Guatemala,earthquake,,12.2,,7.0,reviewed,us,us,2006-05-07,38034,Near the coast of Guatemala,1
2006-05-26 17:43:51.450000+00:00,14.957,-91.578,181.9,4.6,mw,26.0,138.7,,1.04,us,usp000ej0x,2014-11-07T01:29:11.539Z,"4 km SW of San Carlos Sija, Guatemala",earthquake,,7.2,,18.0,reviewed,us,us,2006-05-26,38023,Guatemala,1
2006-06-02 17:43:15.100000+00:00,14.207,-92.392,44.6,4.13,mw,7.0,187.6,,,us,usp000ejjh,2014-11-07T01:29:18.383Z,"39 km SSW of Ocós, Guatemala",earthquake,,,,,reviewed,unm,unm,2006-06-02,38056,Guatemala,1
2006-06-06 04:34:27.600000+00:00,15.391,-91.869,207.9,5.3,mwc,317.0,70.9,,,us,usp000ejt6,2025-12-22T15:00:20.465Z,"8 km ESE of Cuilco, Guatemala",earthquake,,,,,reviewed,unm,hrv,2006-06-06,37899,Guatemala,1
2006-06-28 08:45:18.730000+00:00,14.533,-90.604,207.3,4.6,mw,23.0,128.5,,1.26,us,usp000emfm,2014-11-07T01:29:29.592Z,"2 km WNW of Villa Nueva, Guatemala",earthquake,,9.0,,6.0,reviewed,us,us,2006-06-28,38030,Guatemala,1
2006-07-31 05:20:37.840000+00:00,15.87,-90.545,35.0,4.68,mw,52.0,125.4,,1.11,us,usp000epyd,2014-11-07T01:29:49.118Z,"28 km WNW of Chisec, Guatemala",earthquake,,,,15.0,reviewed,us,us,2006-07-31,38171,Guatemala,-1
2006-08-10 07:03:02.180000+00:00,13.642,-90.518,61.6,5.4,mwc,292.0,59.9,,1.02,us,usp000eqmw,2025-12-22T15:03:21.856Z,"38 km SSE of Iztapa, Guatemala",earthquake,,,,,reviewed,us,hrv,2006-08-10,38099,Guatemala,1
2006-08-18 00:02:52.600000+00:00,15.255,-91.362,22.9,3.95,mw,4.0,326.2,,,us,usp000er7e,2014-11-07T01:29:59.484Z,"11 km SSW of Aguacatán, Guatemala",earthquake,,,,,reviewed,unm,unm,2006-08-18,38225,Guatemala,1
2006-08-25 22:59:41.930000+00:00,14.744,-91.032,190.7,4.9,mwc,183.0,62.5,,0.95,us,usp000errs,2016-11-10T01:27:28.059Z,"4 km WSW of Tecpán Guatemala, Guatemala",earthquake,,4.0,,,reviewed,us,hrv,2006-08-25,38114,Guatemala,1
2006-08-30 04:31:52.390000+00:00,14.31,-92.062,63.9,4.6,mw,43.0,109.5,,1.05,us,usp000es2s,2014-11-07T01:30:03.248Z,"16 km W of Champerico, Guatemala",earthquake,,,,13.0,reviewed,us,us,2006-08-30,38214,Guatemala,1
2006-09-05 13:24:57.290000+00:00,15.02,-91.708,172.8,4.85,mw,34.0,119.2,,1.37,us,usp000esh1,2014-11-07T01:30:09.933Z,"3 km ESE of San Lorenzo, Guatemala",earthquake,,,,10.0,reviewed,us,us,2006-09-05,38119,Guatemala,1
2006-10-11 17:00:29.400000+00:00,13.693,-92.633,35.9,5.2,mwc,253.0,40.3,,0.95,us,usp000euyc,2025-12-22T16:19:06.162Z,"102 km SSW of Ocós, Guatemala",earthquake,,,,,reviewed,us,gcmt,2006-10-11,38107,Guatemala,1
2006-10-21 00:52:26.690000+00:00,13.493,-91.892,35.0,4.68,mw,9.0,239.1,,1.38,us,usp000evnf,2014-11-07T01:30:36.516Z,"88 km S of Champerico, Guatemala",earthquake,,,,2.0,reviewed,us,us,2006-10-21,38125,Guatemala,1
2006-12-03 20:52:15.910000+00:00,13.994,-91.207,61.2,6.0,mwc,455.0,34.9,,0.99,us,usp000ezf4,2022-07-14T08:43:18.301Z,"19 km WSW of La Gomera, Guatemala",earthquake,,,,,reviewed,us,gcmt,2006-12-03,38089,Guatemala,1
2006-12-14 15:33:33.470000+00:00,14.304,-91.619,74.0,4.68,mw,10.0,137.0,,1.5,us,usp000f072,2014-11-07T01:31:08.340Z,"23 km SSW of San Lorenzo, Guatemala",earthquake,,17.2,,2.0,reviewed,us,us,2006-12-14,38161,Guatemala,1
2007-01-17 08:55:45.110000+00:00,13.632,-91.742,36.4,4.9,mwc,131.0,162.3,,1.22,us,usp000f2ux,2016-11-10T01:33:47.091Z,"75 km SSE of Champerico, Guatemala",earthquake,,,,,reviewed,us,gcmt,2007-01-17,38296,Guatemala,1
2007-02-06 03:29:22.020000+00:00,14.498,-90.697,35.0,4.51,mw,28.0,164.7,,1.37,us,usp000f4by,2022-07-14T07:58:32.854Z,"1 km ENE of Santa María de Jesús, Guatemala",earthquake,,,,7.0,reviewed,us,us,2007-02-06,38406,Guatemala,1
2007-02-23 09:58:12.340000+00:00,14.723,-91.987,161.6,4.68,mw,40.0,126.6,,1.09,us,usp000f5f9,2014-11-07T01:31:41.071Z,"5 km E of Pajapita, Guatemala",earthquake,,9.3,,21.0,reviewed,us,us,2007-02-23,38317,Guatemala,1
2007-02-25 16:05:42.570000+00:00,14.108,-92.206,43.8,4.51,mw,20.0,161.0,,1.39,us,usp000f5mg,2014-11-07T01:31:42.211Z,"37 km WSW of Champerico, Guatemala",earthquake,,11.4,,4.0,reviewed,us,us,2007-02-25,38405,Guatemala,1
2007-03-01 04:40:17.800000+00:00,15.272,-91.746,198.4,4.6,mw,40.0,109.3,,,us,usp000f5vp,2014-11-07T01:31:46.265Z,"0 km ESE of San Miguel Ixtahuacán, Guatemala",earthquake,,,,16.0,reviewed,unm,us,2007-03-01,38353,Guatemala,1
2007-03-04 16:56:17.300000+00:00,13.84,-92.471,100.0,5.03,mw,6.0,193.8,,,us,usp000f631,2014-11-07T01:31:48.672Z,"78 km SW of Champerico, Guatemala",earthquake,,,,1.0,reviewed,unm,us,2007-03-04,38279,Guatemala,1
2007-03-05 07:36:53.450000+00:00,13.959,-91.416,63.2,4.77,mw,91.0,116.6,,1.09,us,usp000f645,2014-11-07T01:31:48.875Z,"29 km SSW of Nueva Concepción, Guatemala",earthquake,,,,30.0,reviewed,us,us,2007-03-05,38305,Guatemala,1
2007-03-16 14:24:25.580000+00:00,14.298,-91.249,107.7,4.77,mw,53.0,79.0,,1.29,us,usp000f6ud,2014-11-07T01:31:52.988Z,"12 km E of Tiquisate, Guatemala",earthquake,,6.6,,20.0,reviewed,us,us,2007-03-16,38306,Guatemala,1
2007-04-17 18:42:20.180000+00:00,14.568,-89.979,244.4,4.85,mw,7.0,145.5,,0.84,us,usp000f9y3,2014-11-07T01:32:13.066Z,"7 km S of Jalapa, Guatemala",earthquake,,14.4,,2.0,reviewed,us,us,2007-04-17,38302,Guatemala,1
2007-04-21 07:24:18.820000+00:00,14.2,-91.754,75.8,4.85,mw,18.0,181.9,,1.22,us,usp000fa8d,2014-11-07T01:32:14.817Z,Guatemala,earthquake,,9.2,,2.0,reviewed,us,us,2007-04-21,38298,Guatemala,1
2007-06-12 06:08:10.900000+00:00,15.867,-91.797,20.0,4.31,mw,7.0,323.2,,,us,usp000fdvm,2014-11-07T01:32:41.652Z,"8 km NNW of Nentón, Guatemala",earthquake,,,,,reviewed,unm,unm,2007-06-12,38420,Guatemala,1
2007-06-13 19:29:40.180000+00:00,13.554,-90.618,23.0,6.7,mwc,468.0,37.7,,1.09,us,usp000fdyv,2022-07-14T06:09:35.259Z,"43 km SSE of Iztapa, Guatemala",earthquake,,,,,reviewed,us,gcmt,2007-06-13,38259,Guatemala,1
2007-06-27 18:20:04.290000+00:00,13.109,-92.442,10.0,4.6,mw,14.0,222.0,,1.43,us,usp000fezc,2014-11-07T01:32:46.457Z,"143 km SSW of Champerico, Guatemala",earthquake,,,,3.0,reviewed,us,us,2007-06-27,38349,Guatemala,1
2007-07-23 22:30:08.450000+00:00,14.381,-90.954,113.0,5.5,mwb,400.0,36.7,,1.03,us,usp000fgys,2022-07-14T05:30:51.805Z,"9 km NE of Santa Lucía Cotzumalguapa, Guatemala",earthquake,,,,,reviewed,us,us,2007-07-23,38446,Guatemala,1
2007-08-02 08:42:37.300000+00:00,13.234,-91.192,20.0,4.22,mw,5.0,322.9,,,us,usp000fhp8,2014-11-07T01:33:10.396Z,"86 km SSW of Puerto San José, Guatemala",earthquake,,,,,reviewed,unm,unm,2007-08-02,38593,Guatemala,1
2007-08-03 12:36:07.520000+00:00,15.05,-91.539,169.2,4.85,mw,15.0,141.3,,1.33,us,usp000fht5,2014-11-07T01:33:11.444Z,"7 km N of San Carlos Sija, Guatemala",earthquake,,13.5,,6.0,reviewed,us,us,2007-08-03,38526,Guatemala,1
2007-08-12 06:13:37.850000+00:00,14.104,-91.323,79.2,5.11,mw,191.0,72.0,,0.87,us,usp000fjfd,2022-07-14T04:48:55.556Z,"10 km SSW of Nueva Concepción, Guatemala",earthquake,,,,100.0,reviewed,us,us,2007-08-12,38477,Guatemala,1
2007-08-23 09:16:42.940000+00:00,14.448,-90.447,203.5,5.2,mw,158.0,63.7,,1.03,us,usp000fkgv,2014-11-07T01:33:21.651Z,"2 km SSW of Fraijanes, Guatemala",earthquake,,3.8,,47.0,reviewed,us,us,2007-08-23,38466,Guatemala,1
2007-09-12 05:04:46.550000+00:00,13.254,-91.508,35.0,4.31,mw,11.0,182.8,,1.15,us,usp000fmyh,2014-11-07T01:33:33.238Z,"103 km SSW of La Gomera, Guatemala",earthquake,,,,,reviewed,us,unm,2007-09-12,38592,Guatemala,1
2007-09-12 17:47:38.630000+00:00,15.262,-91.942,161.8,5.03,mw,119.0,72.8,,1.19,us,usp000fn18,2014-11-07T01:33:33.725Z,"5 km NNE of San José Ojetenán, Guatemala",earthquake,,,,50.0,reviewed,us,us,2007-09-12,38497,Guatemala,1
2007-09-23 23:07:03.720000+00:00,13.635,-91.25,46.4,4.77,mw,19.0,139.0,,1.11,us,usp000fnzg,2014-11-07T01:33:38.604Z,"53 km SSW of La Gomera, Guatemala",earthquake,,10.6,,6.0,reviewed,us,us,2007-09-23,38560,Guatemala,1
2007-10-08 10:39:11.610000+00:00,14.329,-91.713,70.5,4.94,mw,82.0,128.0,,1.19,us,usp000fq41,2014-11-07T01:33:52.065Z,"21 km E of Champerico, Guatemala",earthquake,,7.1,,27.0,reviewed,us,us,2007-10-08,38508,Guatemala,1
2007-10-11 16:16:57.990000+00:00,13.93,-91.844,14.2,5.2,mwc,123.0,138.2,,1.16,us,usp000fqb3,2022-05-02T20:46:58.757Z,"40 km S of Champerico, Guatemala",earthquake,,12.3,,,reviewed,us,gcmt,2007-10-11,38457,Guatemala,1
2007-10-11 17:45:42+00:00,13.62,-92.194,18.7,4.85,mw,61.0,176.5,,,us,usp000fqb9,2014-11-07T01:33:54.687Z,"80 km SSW of Champerico, Guatemala",earthquake,,,,21.0,reviewed,unm,us,2007-10-11,38543,Guatemala,1
2007-10-12 09:41:34.200000+00:00,13.369,-92.676,13.0,5.03,mw,97.0,65.5,,,us,usp000fqch,2014-11-07T01:33:55.067Z,"131 km SW of Champerico, Guatemala",earthquake,,,,23.0,reviewed,unm,us,2007-10-12,38497,Guatemala,1
2007-10-28 09:30:10.330000+00:00,15.281,-88.989,10.0,4.51,mw,10.0,137.3,,1.35,us,usp000frf2,2014-11-07T01:34:00.173Z,"11 km ENE of Los Amates, Guatemala",earthquake,,,,2.0,reviewed,us,us,2007-10-28,38577,Guatemala,2
2007-11-14 17:35:41.250000+00:00,13.8,-90.748,57.0,5.45,mw,198.0,61.0,,1.46,us,usp000fsjh,2022-07-14T01:18:46.251Z,"15 km SSW of Iztapa, Guatemala",earthquake,,,,68.0,reviewed,us,us,2007-11-14,38456,Guatemala,1
2007-12-01 01:39:31.030000+00:00,14.945,-90.966,248.6,4.85,mw,15.0,147.8,,1.14,us,usp000ftmp,2014-11-07T01:34:18.390Z,"12 km SSE of Chinique, Guatemala",earthquake,,13.5,,4.0,reviewed,us,us,2007-12-01,38527,Guatemala,1
2007-12-16 11:06:03.180000+00:00,14.147,-92.193,51.3,4.94,mw,48.0,151.6,,1.41,us,usp000fujr,2014-11-07T01:34:25.968Z,"34 km WSW of Champerico, Guatemala",earthquake,,8.5,,26.0,reviewed,us,us,2007-12-16,38523,Guatemala,1
2007-12-17 22:23:48.720000+00:00,14.341,-90.011,255.6,4.94,mw,53.0,105.8,,1.3,us,usp000funm,2014-11-07T01:34:26.272Z,"8 km NNE of Quesada, Guatemala",earthquake,,7.1,,19.0,reviewed,us,us,2007-12-17,38526,Guatemala,1
2008-01-05 01:56:45.460000+00:00,14.129,-91.479,66.2,5.6,mwc,357.0,27.6,,1.45,us,usp000fvzw,2022-05-02T20:56:25.218Z,"20 km WSW of Nueva Concepción, Guatemala",earthquake,,,,,reviewed,us,us,2008-01-05,38614,Guatemala,1
2008-01-07 05:51:49.820000+00:00,15.563,-88.905,10.0,4.6,mw,36.0,139.4,,0.99,us,usp000fw5n,2014-11-07T01:34:37.947Z,"12 km NW of Morales, Guatemala",earthquake,,,,18.0,reviewed,us,us,2008-01-07,38725,Guatemala,2
2008-01-07 17:27:04.050000+00:00,14.185,-90.952,95.0,5.03,mw,20.0,116.1,,1.16,us,usp000fw6q,2014-11-07T01:34:38.086Z,"4 km S of La Democracia, Guatemala",earthquake,,9.9,,2.0,reviewed,us,us,2008-01-07,38644,Guatemala,1
2008-01-10 18:04:21.150000+00:00,14.183,-89.835,237.0,5.11,mw,78.0,72.4,,1.11,us,usp000fwdt,2014-11-07T01:34:40.060Z,"1 km NNW of El Adelanto, Guatemala",earthquake,,,,43.0,reviewed,us,us,2008-01-10,38617,Guatemala,1
2008-02-06 16:39:17.150000+00:00,13.652,-92.598,36.1,4.68,mw,28.0,163.2,,1.47,us,usp000fyar,2014-11-07T01:34:54.442Z,"102 km SW of Champerico, Guatemala",earthquake,,9.9,,9.0,reviewed,us,us,2008-02-06,38713,Guatemala,1
2008-03-30 15:17:25.830000+00:00,13.877,-92.103,20.3,4.77,mw,34.0,163.4,,1.18,us,usp000g2qv,2014-11-07T01:35:21.324Z,Near the coast of Guatemala,earthquake,,19.7,,17.0,reviewed,us,us,2008-03-30,38710,Near the coast of Guatemala,1
2008-04-06 20:50:44.290000+00:00,14.479,-90.548,181.8,5.03,mw,37.0,132.4,,1.1,us,usp000g38a,2014-11-07T01:35:32.585Z,"1 km WSW of Villa Canales, Guatemala",earthquake,,8.8,,15.0,reviewed,us,us,2008-04-06,38697,Guatemala,1
2008-04-09 20:18:58+00:00,15.532,-90.599,26.6,3.86,mw,7.0,331.5,,,us,usp000g3gb,2014-11-07T01:35:34.535Z,"15 km NNW of San Cristóbal Verapaz, Guatemala",earthquake,,,,,reviewed,unm,unm,2008-04-09,38788,Guatemala,1
2008-04-12 11:48:02.200000+00:00,15.226,-91.136,60.1,3.95,mw,8.0,248.8,,,us,usp000g3rs,2014-11-07T01:35:36.299Z,"7 km WNW of San Bartolomé Jocotenango, Guatemala",earthquake,,,,,reviewed,unm,unm,2008-04-12,38765,Guatemala,1
2008-04-15 03:03:04.660000+00:00,13.564,-90.599,33.0,6.1,mwc,372.0,25.5,,1.4,us,usp000g3y3,2022-05-02T20:44:03.234Z,"42 km SSE of Iztapa, Guatemala",earthquake,,,,,reviewed,us,us,2008-04-15,38612,Guatemala,1
2008-04-15 06:10:22+00:00,12.864,-91.336,11.4,4.13,mw,8.0,277.5,,,us,usp000g3yq,2014-11-07T01:35:37.302Z,"130 km SSW of Puerto San José, Guatemala",earthquake,,,,,reviewed,unm,unm,2008-04-15,38746,Guatemala,1
2008-04-15 15:26:49.100000+00:00,13.217,-91.154,20.0,4.04,mw,8.0,218.9,,,us,usp000g3zw,2014-11-07T01:35:37.581Z,"86 km SSW of Puerto San José, Guatemala",earthquake,,,,,reviewed,unm,unm,2008-04-15,38765,Guatemala,1
2008-04-17 07:29:42.820000+00:00,16.281,-89.469,10.0,4.85,mw,13.0,190.5,,0.7,us,usp000g452,2014-11-07T01:35:39.262Z,"7 km SW of Poptún, Guatemala",earthquake,,,,13.0,reviewed,us,us,2008-04-17,38707,Guatemala,-1
2008-04-27 09:51:52.870000+00:00,13.279,-91.746,32.9,5.11,mw,175.0,79.0,,1.04,us,usp000g4yz,2022-07-13T19:36:36.367Z,"112 km SSW of Nueva Concepción, Guatemala",earthquake,,,,112.0,reviewed,us,us,2008-04-27,38614,Guatemala,1
2008-04-28 08:47:14.300000+00:00,13.427,-91.378,5.1,4.13,mw,6.0,309.6,,,us,usp000g50x,2014-11-07T01:35:44.641Z,"80 km SSW of La Gomera, Guatemala",earthquake,,,,,reviewed,unm,unm,2008-04-28,38729,Guatemala,1
2008-05-01 00:02:53.700000+00:00,14.643,-91.342,187.0,4.6,mw,20.0,80.4,,,us,usp000g57h,2014-11-07T01:35:46.983Z,"7 km E of Santo Tomás La Unión, Guatemala",earthquake,,,,3.0,reviewed,unm,us,2008-05-01,38726,Guatemala,1
2008-05-01 05:44:47.840000+00:00,13.255,-92.836,10.0,4.68,mw,7.0,212.5,,1.32,us,usp000g582,2014-11-07T01:35:48.377Z,"152 km SW of Champerico, Guatemala",earthquake,,,,1.0,reviewed,us,us,2008-05-01,38713,Guatemala,1
2008-05-18 10:27:44+00:00,14.445,-91.993,79.6,4.13,mw,11.0,168.7,,,us,usp000g754,2014-11-07T01:36:02.408Z,"18 km NNW of Champerico, Guatemala",earthquake,,,,,reviewed,unm,unm,2008-05-18,38753,Guatemala,1
2008-05-25 05:45:12.700000+00:00,15.288,-91.894,198.6,5.0,mwc,134.0,83.2,,,us,usp000g7qt,2016-11-10T01:56:27.413Z,"7 km NW of Concepción Tutuapa, Guatemala",earthquake,,,,,reviewed,unm,gcmt,2008-05-25,38704,Guatemala,1
2008-06-06 03:29:52.320000+00:00,13.668,-91.106,89.4,4.68,mw,91.0,176.8,,0.9,us,usp000g8pq,2014-11-07T01:36:15.380Z,"42 km SW of Puerto San José, Guatemala",earthquake,,8.7,,58.0,reviewed,us,us,2008-06-06,38713,Guatemala,1
2008-06-06 07:41:29.550000+00:00,14.428,-90.149,243.7,4.43,mw,15.0,161.1,,1.46,us,usp000g8q4,2014-11-07T01:36:15.439Z,"6 km SSE of San Rafael Las Flores, Guatemala",earthquake,,11.3,,7.0,reviewed,us,us,2008-06-06,38729,Guatemala,1
2008-06-29 21:51:50+00:00,14.15,-92.52,45.0,4.68,mw,99.0,176.1,,,us,usp000gaz4,2014-11-07T01:36:28.290Z,"53 km SW of Ocós, Guatemala",earthquake,,,,45.0,reviewed,unm,us,2008-06-29,38715,Guatemala,1
2008-07-01 04:45:29.200000+00:00,14.836,-92.015,80.0,4.13,mw,4.0,161.3,,,us,usp000gb1w,2014-11-07T01:36:31.481Z,"6 km ESE of Catarina, Guatemala",earthquake,,,,,reviewed,unm,unm,2008-07-01,38871,Guatemala,1
2008-07-31 09:33:52.030000+00:00,13.544,-90.665,59.6,4.94,mw,109.0,88.0,,1.17,us,usp000gdhk,2014-11-07T01:36:44.754Z,"43 km S of Iztapa, Guatemala",earthquake,,7.3,,68.0,reviewed,us,us,2008-07-31,38855,Guatemala,1
2008-08-09 14:23:30.540000+00:00,13.113,-90.927,10.0,4.22,mw,10.0,183.4,,1.42,us,usp000ge95,2014-11-07T01:36:52.039Z,"90 km S of Puerto San José, Guatemala",earthquake,,0.0,,,reviewed,us,unm,2008-08-09,38871,Guatemala,1
2008-08-12 23:15:04.290000+00:00,15.307,-90.787,105.2,4.77,mw,13.0,166.6,,0.95,us,usp000geh8,2014-11-07T01:36:53.441Z,"4 km SSE of Chicamán, Guatemala",earthquake,,13.2,,5.0,reviewed,us,us,2008-08-12,38857,Guatemala,1
2008-08-18 19:11:50.500000+00:00,14.245,-90.033,234.2,5.03,mw,95.0,103.1,,1.23,us,usp000geyr,2014-11-07T01:36:56.475Z,"2 km SSE of Quesada, Guatemala",earthquake,,,,59.0,reviewed,us,us,2008-08-18,38832,Guatemala,1
2008-09-04 21:39:29.030000+00:00,13.69,-91.286,34.7,5.2,mwc,158.0,78.7,,1.31,us,usp000ggea,2025-12-22T15:07:50.882Z,"50 km SSW of La Gomera, Guatemala",earthquake,,11.5,,,reviewed,us,gcmt,2008-09-04,38820,Guatemala,1
2008-09-05 06:02:20.800000+00:00,13.429,-92.439,16.4,3.86,mw,6.0,293.0,,,us,usp000ggey,2014-11-07T01:37:07.906Z,"111 km SSW of Champerico, Guatemala",earthquake,,,,,reviewed,unm,unm,2008-09-05,38900,Guatemala,1
2008-09-06 17:48:15.190000+00:00,13.762,-92.277,27.5,4.85,mw,58.0,162.8,,1.55,us,usp000ggj4,2014-11-07T01:37:08.437Z,"70 km SW of Champerico, Guatemala",earthquake,,21.0,,36.0,reviewed,us,us,2008-09-06,38856,Guatemala,1
2008-09-15 03:35:37.560000+00:00,14.02,-91.807,54.9,4.6,mw,43.0,174.9,,1.22,us,usp000gh2k,2014-11-07T01:37:12.126Z,"32 km SSE of Champerico, Guatemala",earthquake,,12.9,,23.0,reviewed,us,us,2008-09-15,38871,Guatemala,1
2008-09-20 04:52:26.030000+00:00,14.393,-92.098,58.4,5.2,mwc,286.0,79.8,,0.99,us,usp000ghd8,2022-07-14T20:30:38.212Z,"16 km SE of Ocós, Guatemala",earthquake,,,,,reviewed,us,gcmt,2008-09-20,38790,Guatemala,1
2008-09-20 16:30:10.020000+00:00,15.345,-91.675,211.4,5.03,mw,90.0,114.8,,1.11,us,usp000ghe5,2014-11-07T01:37:13.826Z,"5 km NW of Santa Bárbara, Guatemala",earthquake,,,,42.0,reviewed,us,us,2008-09-20,38838,Guatemala,1
2008-09-20 18:52:11.200000+00:00,14.111,-91.184,129.5,3.95,mw,4.0,312.5,,,us,usp000ghee,2014-11-07T01:37:13.854Z,"14 km WNW of La Gomera, Guatemala",earthquake,,,,,reviewed,unm,unm,2008-09-20,38879,Guatemala,1
2008-09-28 08:10:11.450000+00:00,13.528,-91.939,16.2,4.68,mw,25.0,181.8,,1.47,us,usp000ghvn,2014-11-07T01:37:15.980Z,"84 km S of Champerico, Guatemala",earthquake,,27.8,,6.0,reviewed,us,us,2008-09-28,38866,Guatemala,1
2008-10-19 13:15:50.200000+00:00,13.716,-92.789,7.9,3.86,mw,4.0,284.2,,,us,usp000gkk2,2014-11-07T01:37:30.451Z,"108 km SW of Ocós, Guatemala",earthquake,,,,,reviewed,unm,unm,2008-10-19,38923,Guatemala,1
2008-11-11 15:05:55.730000+00:00,14.028,-90.601,91.5,5.1,mwc,157.0,61.5,,1.08,us,usp000gnfg,2025-12-22T15:34:39.139Z,"15 km WSW of Taxisco, Guatemala",earthquake,,,,,reviewed,us,gcmt,2008-11-11,38829,Guatemala,1
2009-01-07 05:12:13.700000+00:00,13.411,-92.959,16.0,5.11,mw,131.0,90.0,,,us,usp000gsab,2014-11-07T01:38:10.711Z,"147 km SW of Ocós, Guatemala",earthquake,,,,72.0,reviewed,unm,us,2009-01-07,39079,Guatemala,1
2009-01-22 14:03:13.800000+00:00,15.189,-91.931,199.4,5.37,mw,155.0,68.0,,,us,usp000gszg,2014-11-07T01:38:14.380Z,"2 km N of Ixchiguán, Guatemala",earthquake,,,,73.0,reviewed,unm,us,2009-01-22,39040,Guatemala,1
2009-03-08 22:15:02.790000+00:00,14.046,-91.356,59.0,5.0,mwc,183.0,64.6,,1.01,us,usp000gury,2022-07-15T05:23:01.467Z,"18 km SSW of Nueva Concepción, Guatemala",earthquake,,,,,reviewed,us,gcmt,2009-03-08,39121,Guatemala,1
2009-03-30 07:08:30.740000+00:00,14.211,-91.751,94.6,5.2,mw,163.0,93.5,,0.83,us,usp000gvj7,2014-11-07T01:38:38.622Z,"19 km ESE of Champerico, Guatemala",earthquake,,5.7,,91.0,reviewed,us,us,2009-03-30,39062,Guatemala,1
2009-04-04 21:22:05.820000+00:00,14.378,-90.413,10.0,5.2,mwc,94.0,93.9,,1.33,us,usp000gvs1,2022-07-15T07:01:09.392Z,"4 km WSW of Santa Cruz Naranjo, Guatemala",earthquake,,,,,reviewed,us,gcmt,2009-04-04,39067,Guatemala,1
2009-04-16 04:29:08.110000+00:00,13.259,-90.658,65.1,4.94,mw,73.0,102.7,,1.38,us,usp000gw6u,2014-11-07T01:38:47.277Z,"74 km S of Iztapa, Guatemala",earthquake,,11.7,,45.0,reviewed,us,us,2009-04-16,39138,Guatemala,1
2009-05-03 16:21:45.270000+00:00,14.546,-91.143,108.0,6.3,mwc,451.0,53.0,,1.24,us,usp000gwt5,2022-07-15T09:23:16.442Z,"5 km S of San Lucas Tolimán, Guatemala",earthquake,,,,,reviewed,us,gcmt,2009-05-03,38980,Guatemala,1
2009-05-22 00:24:21.100000+00:00,13.875,-90.742,69.1,5.5,mwc,282.0,60.4,,1.16,us,usp000gxd3,2025-12-22T15:25:23.721Z,"7 km SSW of Iztapa, Guatemala",earthquake,,,,,reviewed,us,us,2009-05-22,38995,Guatemala,1
2009-05-28 00:23:43.950000+00:00,14.403,-92.303,51.2,5.1,mwc,234.0,72.0,,1.28,us,usp000gxkb,2022-07-15T10:48:22.284Z,"16 km SW of Ocós, Guatemala",earthquake,,,,,reviewed,us,gcmt,2009-05-28,39115,Guatemala,1
2009-06-14 14:18:19.900000+00:00,15.338,-90.576,42.6,5.1,mwc,239.0,105.4,,1.17,us,usp000gy6p,2022-07-15T11:55:40.962Z,"6 km S of San Cristóbal Verapaz, Guatemala",earthquake,,4.5,,,reviewed,us,gcmt,2009-06-14,39096,Guatemala,1
2009-08-15 07:12:10.240000+00:00,14.958,-91.396,166.3,4.68,mw,41.0,175.2,,1.19,us,usp000h0da,2014-11-07T01:39:30.710Z,"5 km ENE of San Francisco El Alto, Guatemala",earthquake,,19.1,,28.0,reviewed,us,us,2009-08-15,39314,Guatemala,1
2009-09-25 12:20:37.510000+00:00,14.159,-91.797,87.9,5.03,mw,140.0,71.9,,0.92,us,usp000h1uz,2014-11-07T01:39:44.788Z,"19 km SE of Champerico, Guatemala",earthquake,,5.9,,67.0,reviewed,us,us,2009-09-25,39252,Guatemala,1
2009-10-02 04:42:05.670000+00:00,14.667,-91.021,168.9,5.11,mw,287.0,70.9,,1.11,us,usp000h27f,2014-11-07T01:39:51.055Z,"1 km SSW of Patzún, Guatemala",earthquake,,,,159.0,reviewed,us,us,2009-10-02,39241,Guatemala,1
2009-10-06 08:10:10.150000+00:00,13.861,-90.496,113.1,4.85,mw,37.0,120.6,,1.04,us,usp000h2ef,2014-11-07T01:39:52.796Z,"23 km S of Taxisco, Guatemala",earthquake,,6.5,,16.0,reviewed,us,us,2009-10-06,39287,Guatemala,1
2009-11-07 11:04:41.390000+00:00,13.836,-91.624,76.9,4.85,mw,53.0,187.5,,1.01,us,usp000h3u6,2014-11-07T01:40:05.054Z,"53 km SW of Nueva Concepción, Guatemala",earthquake,,10.7,,20.0,reviewed,us,us,2009-11-07,39301,Guatemala,1
2009-11-10 15:19:27.790000+00:00,14.388,-90.268,191.8,4.85,mw,23.0,96.9,,1.38,us,usp000h3xz,2014-11-07T01:40:05.873Z,"1 km NE of Nueva Santa Rosa, Guatemala",earthquake,,8.6,,6.0,reviewed,us,us,2009-11-10,39309,Guatemala,1
2009-11-24 00:21:03.900000+00:00,13.558,-92.756,46.0,4.9,mwc,90.0,110.2,,,us,usp000h4c6,2016-11-10T02:20:45.106Z,"121 km SSW of Ocós, Guatemala",earthquake,,,,,reviewed,unm,gcmt,2009-11-24,39284,Guatemala,1
2009-12-02 11:46:17.770000+00:00,13.505,-90.627,35.0,5.1,mwc,141.0,95.8,,1.38,us,usp000h4ny,2022-07-15T22:00:21.562Z,"48 km S of Iztapa, Guatemala",earthquake,,,,,reviewed,us,gcmt,2009-12-02,39248,Guatemala,1
2009-12-07 02:02:37.400000+00:00,14.012,-92.285,57.9,5.37,mw,125.0,95.1,,1.01,us,usp000h4u0,2014-11-07T01:40:14.752Z,"50 km SW of Champerico, Guatemala",earthquake,,9.3,,74.0,reviewed,us,us,2009-12-07,39200,Guatemala,1
2010-01-02 16:09:20.960000+00:00,14.262,-92.435,45.9,4.9,mwc,156.0,99.9,,1.23,us,usp000h5me,2016-11-10T02:22:16.104Z,"37 km SW of Ocós, Guatemala",earthquake,,6.4,,,reviewed,us,gcmt,2010-01-02,39420,Guatemala,1
2010-01-05 05:36:21.640000+00:00,14.019,-91.878,47.6,5.28,mw,186.0,79.4,,0.94,us,usp000h5rc,2022-07-15T23:44:40.887Z,"30 km S of Champerico, Guatemala",earthquake,,5.9,,111.0,reviewed,us,us,2010-01-05,39356,Guatemala,1
2010-01-11 23:30:44.470000+00:00,15.437,-88.761,10.0,5.1,mwc,113.0,87.8,,1.41,us,usp000h5z8,2022-07-15T23:58:54.190Z,"9 km ESE of Morales, Guatemala",earthquake,,,,,reviewed,us,gcmt,2010-01-11,39386,Guatemala,2
2010-01-18 19:35:56.500000+00:00,13.71,-90.341,68.5,4.68,mw,38.0,77.8,,1.36,us,usp000h6a7,2014-11-07T01:40:30.358Z,"32 km SSW of Pasaco, Guatemala",earthquake,,,,11.0,reviewed,us,us,2010-01-18,39433,Guatemala,1
2010-02-17 15:38:29.690000+00:00,14.979,-91.82,167.0,4.85,mw,19.0,118.6,,1.07,us,usp000h7d7,2014-11-07T01:40:43.147Z,"3 km WNW of San Marcos, Guatemala",earthquake,,7.6,,9.0,reviewed,us,us,2010-02-17,39421,Guatemala,1
2010-02-23 15:16:00.360000+00:00,15.967,-91.26,10.0,5.6,mwc,255.0,39.2,,1.15,us,usp000h7mb,2022-07-16T03:06:37.242Z,"19 km NNE of Barillas, Guatemala",earthquake,,,,,reviewed,us,gcmt,2010-02-23,39343,Guatemala,1
2010-03-05 21:34:36.970000+00:00,13.59,-90.921,18.5,5.28,mw,40.0,121.4,,0.76,us,usp000h8sp,2014-11-07T01:40:56.292Z,"38 km SSW of Puerto San José, Guatemala",earthquake,,11.9,,17.0,reviewed,us,us,2010-03-05,39349,Guatemala,1
2010-03-23 12:35:39.700000+00:00,15.365,-91.902,208.1,3.77,mw,6.0,150.4,,,us,usp000h9wf,2014-11-07T01:41:05.023Z,"6 km SE of Cuilco, Guatemala",earthquake,,,,,reviewed,unm,unm,2010-03-23,39480,Guatemala,1
2010-03-24 17:08:28.460000+00:00,14.004,-91.385,56.3,5.0,mwc,186.0,90.7,,1.18,us,usp000h9y1,2022-07-16T08:50:45.311Z,"23 km SSW of Nueva Concepción, Guatemala",earthquake,,5.1,,,reviewed,us,gcmt,2010-03-24,39402,Guatemala,1
2010-04-05 10:00:54.990000+00:00,14.882,-91.245,204.3,5.03,mw,114.0,95.0,,1.19,us,usp000hahn,2022-07-16T09:53:31.081Z,"8 km ENE of Nahualá, Guatemala",earthquake,,4.4,,54.0,reviewed,us,us,2010-04-05,39392,Guatemala,1
2010-04-18 13:30:58.260000+00:00,14.514,-91.987,63.8,5.6,mwb,354.0,61.7,,1.06,us,usp000hbm3,2022-07-16T11:11:12.618Z,"18 km SW of Flores Costa Cuca, Guatemala",earthquake,,,,,reviewed,us,us,2010-04-18,39340,Guatemala,1
2010-04-26 15:47:38.020000+00:00,13.99,-90.519,115.7,4.6,mw,33.0,121.8,,1.36,us,usp000hbxr,2014-11-07T01:41:19.452Z,"10 km SSW of Taxisco, Guatemala",earthquake,,8.0,,11.0,reviewed,us,us,2010-04-26,39446,Guatemala,1
2010-05-22 17:08:29.020000+00:00,12.615,-91.381,10.0,4.51,mw,14.0,195.8,,0.93,us,usp000hd1y,2014-11-07T01:41:31.198Z,"157 km SSW of Puerto San José, Guatemala",earthquake,,,,5.0,reviewed,us,us,2010-05-22,39454,Guatemala,1
2010-06-21 05:08:55.540000+00:00,14.424,-91.562,65.0,4.6,mw,48.0,137.3,,1.23,us,usp000hebe,2014-11-07T01:41:43.395Z,"8 km SW of San Lorenzo, Guatemala",earthquake,,7.8,,37.0,reviewed,us,us,2010-06-21,39644,Guatemala,1
2010-06-27 18:13:28.850000+00:00,15.05,-89.578,10.0,4.77,mw,35.0,115.5,,1.2,us,usp000hem6,2014-11-07T01:41:45.074Z,"0 km NE of Río Hondo, Guatemala",earthquake,,,,18.0,reviewed,us,us,2010-06-27,39569,Guatemala,-1
2010-07-04 06:08:50.850000+00:00,13.717,-90.774,42.3,4.68,mw,35.0,104.5,,1.04,us,usp000hevy,2014-11-07T01:41:50.429Z,"23 km SSE of Puerto San José, Guatemala",earthquake,,,,21.0,reviewed,us,us,2010-07-04,39579,Guatemala,1
2010-07-06 16:04:03.950000+00:00,13.853,-91.986,10.0,4.77,mw,23.0,285.5,,1.17,us,usp000hez1,2014-11-07T01:41:51.065Z,"49 km S of Champerico, Guatemala",earthquake,,,,9.0,reviewed,us,us,2010-07-06,39568,Guatemala,1
2010-07-31 05:15:13.640000+00:00,13.436,-90.493,79.3,5.0,mwc,209.0,79.1,,0.94,us,usp000hh73,2025-12-22T15:48:53.708Z,"59 km SSE of Iztapa, Guatemala",earthquake,,6.5,,,reviewed,us,gcmt,2010-07-31,39558,Guatemala,1
2010-08-08 17:46:48.660000+00:00,13.987,-92.379,9.9,4.43,mw,26.0,115.1,,1.24,us,usp000hhsj,2014-11-07T01:42:12.253Z,"60 km SW of Champerico, Guatemala",earthquake,,26.9,,7.0,reviewed,us,us,2010-08-08,39651,Guatemala,1
2010-08-10 20:56:00.230000+00:00,14.949,-91.511,158.6,5.0,mwc,250.0,65.6,,1.34,us,usp000hhx2,2025-12-22T15:49:09.308Z,"4 km NE of San Francisco la Unión, Guatemala",earthquake,,,,,reviewed,us,gcmt,2010-08-10,39550,Guatemala,1
2010-08-18 15:12:35.030000+00:00,14.002,-90.446,112.7,5.11,mw,77.0,112.7,,1.19,us,usp000hjd9,2022-07-18T18:43:40.036Z,"7 km SSE of Taxisco, Guatemala",earthquake,,6.9,,45.0,reviewed,us,us,2010-08-18,39525,Guatemala,1
2010-08-19 22:13:02.600000+00:00,14.03,-91.121,67.7,5.5,mwc,227.0,63.6,,1.26,us,usp000hjfs,2022-07-18T18:45:16.188Z,"9 km SW of La Gomera, Guatemala",earthquake,,5.0,,,reviewed,us,gcmt,2010-08-19,39510,Guatemala,1
2010-08-29 04:39:26.400000+00:00,14.004,-91.648,61.2,4.94,mw,122.0,98.8,,1.09,us,usp000hjwc,2014-11-07T01:42:18.613Z,"42 km SE of Champerico, Guatemala",earthquake,,9.2,,82.0,reviewed,us,us,2010-08-29,39560,Guatemala,1
2010-09-23 04:10:05.600000+00:00,14.198,-92.048,25.0,3.95,mw,5.0,204.6,,,us,usp000hm35,2014-11-07T01:42:30.227Z,"18 km SW of Champerico, Guatemala",earthquake,,,,,reviewed,unm,unm,2010-09-23,39655,Guatemala,1
2010-11-02 03:36:57.390000+00:00,13.548,-91.378,42.2,5.2,mw,84.0,175.1,,1.22,us,usp000hnwd,2014-11-07T01:42:49.911Z,"68 km SSW of La Gomera, Guatemala",earthquake,,10.3,,51.0,reviewed,us,us,2010-11-02,39516,Guatemala,1
2010-11-05 04:48:01.200000+00:00,13.719,-92.875,19.4,4.43,mw,21.0,306.6,,,us,usp000hp3v,2014-11-07T01:42:52.340Z,"114 km SW of Ocós, Guatemala",earthquake,,,,12.0,reviewed,unm,us,2010-11-05,39647,Guatemala,1
2010-11-09 10:26:49.140000+00:00,14.373,-90.647,206.3,5.11,mw,63.0,142.4,,1.04,us,usp000hpak,2014-11-07T01:42:53.377Z,"4 km SSW of San Vicente Pacaya, Guatemala",earthquake,,,,36.0,reviewed,us,us,2010-11-09,39523,Guatemala,1
2010-11-13 03:00:24.720000+00:00,15.568,-90.105,10.0,4.6,mw,23.0,134.7,,1.17,us,usp000hpga,2014-11-07T01:42:54.293Z,"13 km W of Lanquín, Guatemala",earthquake,,,,14.0,reviewed,us,us,2010-11-13,39604,Guatemala,1
2011-01-14 23:55:43.300000+00:00,14.847,-91.173,248.9,3.77,mw,6.0,158.9,,,us,usp000ht4d,2014-11-07T01:43:26.529Z,"7 km NNW of Concepción, Guatemala",earthquake,,,,,reviewed,unm,unm,2011-01-14,39855,Guatemala,1
2011-01-18 11:15:36.200000+00:00,13.887,-91.987,15.0,3.77,mw,8.0,202.4,,,us,usp000htam,2014-11-07T01:43:27.410Z,"45 km S of Champerico, Guatemala",earthquake,,,,,reviewed,unm,unm,2011-01-18,39857,Guatemala,1
2011-02-19 10:31:14.190000+00:00,14.331,-92.225,53.2,4.77,mw,60.0,123.7,,1.07,us,usp000hurp,2014-11-07T01:43:41.348Z,"20 km S of Ocós, Guatemala",earthquake,,6.8,,33.0,reviewed,us,us,2011-02-19,39768,Guatemala,1
2011-02-19 15:49:00.940000+00:00,13.377,-90.934,42.1,4.85,mw,63.0,132.7,,1.47,us,usp000hus3,2014-11-07T01:43:41.416Z,"62 km SSW of Puerto San José, Guatemala",earthquake,,11.4,,35.0,reviewed,us,us,2011-02-19,39753,Guatemala,1
2011-03-06 09:45:18.770000+00:00,13.841,-91.41,59.4,4.68,mw,68.0,131.7,,1.25,us,usp000hve0,2014-11-07T01:43:52.086Z,"41 km SSW of Nueva Concepción, Guatemala",earthquake,,6.7,,34.0,reviewed,us,us,2011-03-06,39772,Guatemala,1
2011-03-10 14:30:48.940000+00:00,14.264,-90.366,35.0,4.94,mw,22.0,172.6,,1.55,us,usp000hvmw,2014-11-07T01:43:54.246Z,Guatemala,earthquake,,,,22.0,reviewed,us,us,2011-03-10,39721,Guatemala,1
2011-03-10 17:03:12.970000+00:00,15.37,-91.974,188.7,3.86,mw,5.0,240.7,,0.25,us,usp000hvn2,2014-11-07T01:43:54.308Z,"5 km SW of Cuilco, Guatemala",earthquake,,23.0,,,reviewed,us,unm,2011-03-10,39791,Guatemala,1
2011-03-15 00:32:44.730000+00:00,13.715,-90.727,90.6,5.11,mw,55.0,73.3,,1.15,us,usp000hx9f,2014-11-07T01:44:09.207Z,"24 km S of Iztapa, Guatemala",earthquake,,8.5,,35.0,reviewed,us,us,2011-03-15,39717,Guatemala,1
2011-03-29 11:30:18.820000+00:00,15.853,-89.427,10.0,4.51,mw,17.0,249.5,,1.11,us,usp000hyv3,2014-11-07T01:44:22.009Z,"20 km ENE of Chahal Guatemala, Guatemala",earthquake,,,,5.0,reviewed,us,us,2011-03-29,39777,Guatemala,-1
2011-06-01 02:27:18.720000+00:00,14.289,-90.828,127.2,4.68,mw,35.0,114.7,,1.11,us,usp000j2h5,2014-11-07T01:44:58.316Z,"4 km WSW of Escuintla, Guatemala",earthquake,,8.9,,27.0,reviewed,us,us,2011-06-01,39772,Guatemala,1
2011-06-03 19:20:13.190000+00:00,14.217,-91.588,78.7,4.94,mw,99.0,149.8,,1.26,us,usp000j2nh,2022-07-19T16:49:06.531Z,"25 km WSW of Tiquisate, Guatemala",earthquake,,7.3,,71.0,reviewed,us,us,2011-06-03,39753,Guatemala,1
2011-07-27 05:59:15.080000+00:00,14.583,-91.515,112.0,4.94,mw,154.0,108.8,,1.14,us,usp000j5jj,2015-03-24T01:19:27.012Z,"0 km SE of San Francisco Zapotitlán, Guatemala",earthquake,,6.6,,116.0,reviewed,us,us,2011-07-27,39965,Guatemala,1
2011-07-27 08:04:44.760000+00:00,13.79,-90.661,37.8,4.51,mw,61.0,121.2,,1.58,us,usp000j5jr,2014-11-07T01:45:27.230Z,"16 km SSE of Iztapa, Guatemala",earthquake,,14.7,,41.0,reviewed,us,us,2011-07-27,40024,Guatemala,1
2011-07-28 01:19:25.720000+00:00,13.353,-90.685,35.0,5.0,mwc,134.0,112.9,,0.97,us,usp000j5kd,2025-12-22T16:05:55.853Z,"64 km S of Iztapa, Guatemala",earthquake,,,,,reviewed,us,gcmt,2011-07-28,39934,Guatemala,1
2011-08-19 00:53:46.480000+00:00,13.204,-91.555,35.0,4.68,mw,33.0,203.9,,0.85,us,usp000j6nm,2014-11-07T01:45:38.126Z,"111 km SSW of La Gomera, Guatemala",earthquake,,,,20.0,reviewed,us,us,2011-08-19,40023,Guatemala,1
2011-09-19 18:33:55.870000+00:00,14.186,-90.238,9.0,5.6,mwr,286.0,59.6,,1.4,us,usp000j89y,2024-06-16T05:48:04.898Z,"3 km E of Santa María Ixhuatán, Guatemala",earthquake,,,,,reviewed,us,us,2011-09-19,39911,Guatemala,1
2011-10-11 00:20:10.990000+00:00,15.225,-90.58,10.0,4.85,mw,86.0,161.5,,1.15,us,usp000j96x,2015-03-24T01:21:43.624Z,"14 km NNE of Cubulco, Guatemala",earthquake,,,,55.0,reviewed,us,us,2011-10-11,39996,Guatemala,1
2011-10-20 00:05:08.330000+00:00,14.116,-90.706,88.2,4.68,mw,55.0,189.0,,1.16,us,usp000j9jy,2014-11-07T01:46:08.088Z,"13 km SSW of Guanagazapa, Guatemala",earthquake,,8.5,,35.0,reviewed,us,us,2011-10-20,40010,Guatemala,1
2011-10-30 03:24:58.890000+00:00,13.611,-91.329,44.4,4.68,mw,54.0,150.4,,1.31,us,usp000ja41,2015-03-24T01:22:14.655Z,"60 km SSW of La Gomera, Guatemala",earthquake,,10.6,,35.0,reviewed,us,us,2011-10-30,40007,Guatemala,1
2011-10-31 06:28:32.550000+00:00,14.416,-92.052,89.2,4.85,mw,92.0,178.0,,1.09,us,usp000ja5f,2014-11-07T01:46:12.802Z,"18 km SE of Ocós, Guatemala",earthquake,,7.6,,67.0,reviewed,us,us,2011-10-31,39987,Guatemala,1
2011-11-03 02:14:28.200000+00:00,14.986,-91.198,249.8,4.51,mw,12.0,156.1,,,us,usp000ja96,2014-11-07T01:46:16.804Z,"2 km NNE of Patzité, Guatemala",earthquake,,,,2.0,reviewed,unm,us,2011-11-03,40039,Guatemala,1
2011-11-10 00:51:42.500000+00:00,13.643,-92.772,20.0,4.04,mw,14.0,284.9,,,us,usp000janc,2014-11-07T01:46:19.787Z,"114 km SSW of Ocós, Guatemala",earthquake,,,,,reviewed,unm,unm,2011-11-10,40042,Guatemala,1
2011-11-16 16:24:09.470000+00:00,13.988,-92.561,0.8,4.68,mw,36.0,196.8,,1.21,us,usp000jaya,2014-11-07T01:46:21.732Z,"70 km SW of Ocós, Guatemala",earthquake,,27.6,,16.0,reviewed,us,us,2011-11-16,40006,Guatemala,1
2011-11-17 13:30:58.910000+00:00,13.973,-91.718,34.0,5.8,mww,365.0,66.0,,1.17,us,usp000jazh,2024-06-17T18:27:08.327Z,"41 km SSE of Champerico, Guatemala",earthquake,,,,,reviewed,us,us,2011-11-17,39911,Guatemala,1
2011-12-02 19:36:46.810000+00:00,15.883,-91.294,27.4,5.03,mw,223.0,90.4,,1.14,us,usp000jbr3,2015-03-24T02:07:42.202Z,"9 km NNE of Barillas, Guatemala",earthquake,,4.5,,172.0,reviewed,us,us,2011-12-02,39912,Guatemala,1
2011-12-05 07:34:59.800000+00:00,13.922,-91.183,44.5,4.68,mw,43.0,137.0,,1.64,us,usp000jbup,2014-11-07T01:46:31.228Z,"22 km SW of La Gomera, Guatemala",earthquake,,11.4,,24.0,reviewed,us,us,2011-12-05,40017,Guatemala,1
2011-12-22 04:50:20.020000+00:00,14.065,-91.95,52.1,5.03,mw,213.0,93.9,,1.19,us,usp000jcg3,2014-11-07T01:46:36.313Z,"25 km S of Champerico, Guatemala",earthquake,,,,149.0,reviewed,us,us,2011-12-22,40066,Guatemala,1
2011-12-25 13:25:14.240000+00:00,14.894,-92.118,95.7,4.68,mw,75.0,115.4,,1.28,us,usp000jcms,2014-11-07T01:46:37.277Z,"6 km NW of Catarina, Guatemala",earthquake,,5.9,,42.0,reviewed,us,us,2011-12-25,40224,Guatemala,1
2011-12-29 05:19:57.210000+00:00,15.413,-91.307,10.0,4.94,mw,122.0,117.5,,1.2,us,usp000jcsu,2015-03-24T01:24:23.172Z,"7 km N of Aguacatán, Guatemala",earthquake,,,,103.0,reviewed,us,us,2011-12-29,40123,Guatemala,1
2012-01-04 18:42:34.590000+00:00,13.456,-90.537,81.4,4.85,mw,44.0,154.1,,0.88,us,usp000jd1p,2014-11-07T01:46:43.380Z,"55 km SSE of Iztapa, Guatemala",earthquake,,9.3,,23.0,reviewed,us,us,2012-01-04,40159,Guatemala,1
2012-01-26 13:25:31.420000+00:00,14.186,-90.991,79.6,4.77,mw,111.0,109.0,,1.18,us,usp000je06,2015-03-24T01:56:50.747Z,"6 km SW of La Democracia, Guatemala",earthquake,,,,68.0,reviewed,us,us,2012-01-26,40182,Guatemala,1
2012-01-26 17:13:39.550000+00:00,15.313,-90.928,62.2,4.77,mw,135.0,89.6,,0.89,us,usp000je0b,2014-11-07T01:46:50.688Z,"7 km WSW of Uspantán, Guatemala",earthquake,,3.7,,87.0,reviewed,us,us,2012-01-26,40191,Guatemala,1
2012-02-24 20:01:48.090000+00:00,14.467,-90.728,163.9,5.03,mw,148.0,88.8,,1.34,us,usp000jfb7,2014-11-07T01:47:04.051Z,"3 km SSW of Santa María de Jesús, Guatemala",earthquake,,,,90.0,reviewed,us,us,2012-02-24,40072,Guatemala,1
2012-03-16 19:59:41.500000+00:00,13.779,-92.695,36.7,4.94,mw,38.0,181.9,,1.44,us,usp000jgbz,2014-11-07T01:47:15.957Z,"97 km SW of Ocós, Guatemala",earthquake,,6.0,,14.0,reviewed,us,us,2012-03-16,40144,Guatemala,1
2012-03-31 18:55:03.220000+00:00,14.262,-92.37,52.7,4.77,mw,138.0,131.0,,1.12,us,usp000jh24,2014-11-07T01:47:21.042Z,"33 km SW of Ocós, Guatemala",earthquake,,3.5,,79.0,reviewed,us,us,2012-03-31,40171,Guatemala,1
2012-04-12 13:39:39.400000+00:00,13.487,-91.153,45.8,4.68,mw,18.0,231.6,,1.46,us,usp000jhs6,2014-11-07T01:47:30.268Z,"60 km SW of Puerto San José, Guatemala",earthquake,,17.5,,2.0,reviewed,us,us,2012-04-12,40220,Guatemala,1
2012-04-23 00:20:34.440000+00:00,15.766,-89.211,10.0,5.45,mw,385.0,70.5,,1.05,us,usp000jjem,2022-05-03T15:41:59.534Z,"28 km NNE of El Estor, Guatemala",earthquake,,,,296.0,reviewed,us,us,2012-04-23,40059,Guatemala,-1
2012-05-02 20:09:34.870000+00:00,13.186,-90.888,49.3,4.77,mw,22.0,182.0,,1.15,us,usp000jjxg,2014-11-07T01:47:43.491Z,"82 km S of Puerto San José, Guatemala",earthquake,,11.7,,6.0,reviewed,us,us,2012-05-02,40193,Guatemala,1
2012-05-04 18:57:52.080000+00:00,14.452,-91.285,98.2,4.68,mw,104.0,147.7,,1.17,us,usp000jk08,2015-03-24T01:29:00.976Z,"6 km WNW of Santa Bárbara, Guatemala",earthquake,,6.6,,82.0,reviewed,us,us,2012-05-04,40215,Guatemala,1
2012-05-26 01:19:28.380000+00:00,13.548,-92.039,65.1,5.03,mw,265.0,104.1,,0.89,us,usp000jkxr,2014-11-07T01:47:52.864Z,"83 km S of Champerico, Guatemala",earthquake,,5.4,,210.0,reviewed,us,us,2012-05-26,40062,Guatemala,1
2012-05-31 17:37:30.670000+00:00,14.258,-90.396,241.8,4.94,mw,80.0,166.8,,1.06,us,usp000jm63,2014-11-07T01:47:55.552Z,"6 km SW of Barberena, Guatemala",earthquake,,4.7,,63.0,reviewed,us,us,2012-05-31,40094,Guatemala,1
2012-06-04 05:12:00.260000+00:00,13.728,-90.801,83.1,5.03,mw,402.0,66.6,,0.97,us,usp000jmac,2015-03-24T01:30:04.104Z,"22 km S of Puerto San José, Guatemala",earthquake,,4.7,,300.0,reviewed,us,us,2012-06-04,40094,Guatemala,1
2012-06-26 17:19:04.150000+00:00,15.378,-92.049,168.1,5.62,mw,584.0,35.5,,1.17,us,usp000jn91,2025-12-22T16:30:27.093Z,"8 km N of Tectitán, Guatemala",earthquake,,,,290.0,reviewed,us,us,2012-06-26,40262,Guatemala,1
2012-07-12 01:43:01.620000+00:00,14.75,-90.938,202.2,5.2,mwb,521.0,61.6,,1.15,us,usp000jnwm,2025-12-22T16:30:55.889Z,"5 km W of Comalapa, Guatemala",earthquake,,,,,reviewed,us,us,2012-07-12,40339,Guatemala,1
2012-07-16 21:03:01.200000+00:00,14.146,-90.364,37.1,5.03,mw,151.0,93.6,,1.17,us,usp000jp2w,2014-11-07T01:48:20.514Z,"7 km NNE of Chiquimulilla, Guatemala",earthquake,,6.7,,121.0,reviewed,us,us,2012-07-16,40347,Guatemala,1
2012-08-20 15:05:30.970000+00:00,13.274,-90.873,49.1,4.77,mw,10.0,226.8,,0.65,us,usp000jqjc,2014-11-07T01:48:36.139Z,"72 km S of Puerto San José, Guatemala",earthquake,,17.0,,2.0,reviewed,us,us,2012-08-20,40380,Guatemala,1
2012-09-05 22:07:53.210000+00:00,13.435,-91.26,35.0,4.51,mw,23.0,183.1,,1.41,us,usp000jrth,2014-11-07T01:48:47.779Z,"72 km SW of Puerto San José, Guatemala",earthquake,,,,7.0,reviewed,us,us,2012-09-05,40406,Guatemala,1
2012-09-27 13:14:32.100000+00:00,15.341,-91.586,209.3,4.94,mw,21.0,149.1,,,us,usp000jt3q,2014-11-07T01:48:55.680Z,"5 km ENE of Santa Bárbara, Guatemala",earthquake,,,,10.0,reviewed,unm,us,2012-09-27,40357,Guatemala,1
2012-10-05 18:22:56.830000+00:00,13.028,-91.504,41.4,5.5,mwb,667.0,28.5,,0.94,us,usp000jtm0,2022-05-03T15:51:29.713Z,"123 km SW of Puerto San José, Guatemala",earthquake,,2.9,,,reviewed,us,us,2012-10-05,40301,Guatemala,1
2012-10-15 17:52:20.960000+00:00,14.062,-91.01,82.3,5.5,mwb,421.0,42.4,,1.23,us,usp000ju15,2022-05-03T15:52:41.992Z,"5 km ESE of La Gomera, Guatemala",earthquake,,,,,reviewed,us,us,2012-10-15,40266,Guatemala,1
2012-10-23 00:21:11.640000+00:00,14.265,-89.815,255.0,4.85,mw,88.0,106.5,,0.92,us,usp000jub9,2014-11-07T01:49:07.932Z,"7 km NNW of Yupiltepeque, Guatemala",earthquake,,3.9,,60.0,reviewed,us,us,2012-10-23,40365,Guatemala,1
2012-11-05 12:21:26.040000+00:00,13.77,-90.627,74.1,4.68,mw,79.0,115.5,,0.87,us,usp000jv2a,2014-11-07T01:49:18.418Z,"20 km SSE of Iztapa, Guatemala",earthquake,,5.0,,46.0,reviewed,us,us,2012-11-05,40388,Guatemala,1
2012-11-07 16:35:46.930000+00:00,13.988,-91.895,24.0,7.4,mww,751.0,25.5,,1.27,us,usp000jv5f,2024-10-25T06:36:07.691Z,"33 km S of Champerico, Guatemala",earthquake,,,,,reviewed,us,us,2012-11-07,40246,Guatemala,1
2012-11-15 06:42:34.800000+00:00,13.843,-92.727,12.0,5.28,mw,288.0,70.1,,,us,usp000jvma,2022-05-03T15:57:57.144Z,"93 km SW of Ocós, Guatemala",earthquake,,,,191.0,reviewed,unm,us,2012-11-15,40317,Guatemala,1
2012-12-03 12:28:36.420000+00:00,13.503,-90.381,72.1,4.77,mw,183.0,102.5,,0.88,us,usp000jwd4,2015-03-24T02:18:30.720Z,near the coast of Guatemala,earthquake,,4.0,,132.0,reviewed,us,us,2012-12-03,40378,near the coast of Guatemala,1
2012-12-13 16:07:15.460000+00:00,13.815,-92.584,10.0,4.85,mw,50.0,141.0,,1.17,us,usp000jwx4,2014-11-07T01:49:35.906Z,"87 km SSW of Ocós, Guatemala",earthquake,,,,25.0,reviewed,us,us,2012-12-13,40512,Guatemala,1
2012-12-16 03:06:47.620000+00:00,13.885,-91.974,35.0,5.11,mw,326.0,89.5,,0.81,us,usp000jx0r,2022-05-03T16:01:20.275Z,"45 km S of Champerico, Guatemala",earthquake,,,,242.0,reviewed,us,us,2012-12-16,40445,Guatemala,1
2012-12-16 10:07:12.040000+00:00,14.675,-91.457,115.1,5.45,mw,490.0,54.5,,1.11,us,usp000jx14,2025-12-22T16:35:16.218Z,"6 km NW of Santo Tomás La Unión, Guatemala",earthquake,,,,298.0,reviewed,us,us,2012-12-16,40419,Guatemala,1
2012-12-22 18:21:16.890000+00:00,15.332,-92.039,195.6,3.86,mw,13.0,176.3,,,us,usp000jx9f,2014-11-07T01:49:38.833Z,"3 km NE of Tectitán, Guatemala",earthquake,,,,,reviewed,unm,unm,2012-12-22,40570,Guatemala,1
2012-12-30 10:29:58.410000+00:00,13.31,-92.517,35.0,4.94,mw,7.0,215.4,,0.76,us,usp000jxm7,2014-11-07T01:49:41.028Z,"126 km SSW of Champerico, Guatemala",earthquake,,,,2.0,reviewed,us,us,2012-12-30,40455,Guatemala,1
2013-01-11 20:32:52.040000+00:00,15.459,-91.65,228.4,5.2,mw,295.0,90.2,,1.09,us,usp000jy8q,2014-11-07T01:49:49.023Z,"4 km NW of San Juan Atitán, Guatemala",earthquake,,,,197.0,reviewed,us,us,2013-01-11,40433,Guatemala,1
2013-01-21 00:33:00.830000+00:00,14.215,-92.279,58.7,4.94,mw,215.0,143.0,,0.97,us,usp000jyn8,2014-11-07T01:49:52.013Z,"33 km SSW of Ocós, Guatemala",earthquake,,5.5,,180.0,reviewed,us,us,2013-01-21,40504,Guatemala,1
2013-03-11 22:51:54+00:00,13.507,-90.711,14.5,4.43,mw,20.0,180.1,,,us,us2013mqei,2014-11-07T01:50:19.707Z,"47 km S of Iztapa, Guatemala",earthquake,,,,6.0,reviewed,snet,us,2013-03-11,40564,Guatemala,1
2013-03-19 22:17:09.600000+00:00,14.366,-91.815,91.4,3.95,mw,6.0,203.5,,,us,usp000jzu0,2014-11-07T01:50:21.805Z,"13 km NE of Champerico, Guatemala",earthquake,,,,,reviewed,unm,unm,2013-03-19,40566,Guatemala,1
2013-03-25 23:02:12.770000+00:00,14.487,-90.463,189.0,6.2,mww,674.0,25.1,,1.1,us,usb000fshy,2022-07-24T21:32:25.936Z,"3 km NW of Fraijanes, Guatemala",earthquake,,,,,reviewed,us,us,2013-03-25,40416,Guatemala,1
2013-04-17 19:19:08.180000+00:00,13.094,-90.743,51.5,4.85,mw,39.0,133.9,,1.42,us,usb000g9j1,2014-11-07T01:50:35.392Z,"92 km S of Puerto San José, Guatemala",earthquake,,11.1,,14.0,reviewed,us,us,2013-04-17,40518,Guatemala,1
2013-04-22 11:33:39.460000+00:00,12.746,-90.692,11.2,4.77,mw,106.0,93.0,,0.93,us,usb000gdgd,2014-11-07T01:50:37.704Z,"131 km S of Iztapa, Guatemala",earthquake,,4.2,,93.0,reviewed,us,us,2013-04-22,40546,Guatemala,1
2013-05-10 20:49:27.560000+00:00,14.048,-91.486,65.6,5.37,mw,428.0,60.0,,1.26,us,usc000gtil,2022-07-25T01:59:48.178Z,"26 km SW of Nueva Concepción, Guatemala",earthquake,,4.6,,382.0,reviewed,us,us,2013-05-10,40425,Guatemala,1
2013-05-12 07:29:59.440000+00:00,13.476,-91.376,11.0,5.8,mww,428.0,59.0,,1.12,us,usc000gulu,2022-05-03T16:17:57.331Z,"75 km SSW of La Gomera, Guatemala",earthquake,,,,,reviewed,us,us,2013-05-12,40419,Guatemala,1
2013-05-16 07:22:03.280000+00:00,13.082,-91.785,66.3,3.77,mw,15.0,100.0,,,us,usp000k0qq,2014-11-07T01:50:48.910Z,"134 km SSW of Nueva Concepción, Guatemala",earthquake,,,,,reviewed,unm,unm,2013-05-16,40587,Guatemala,1
2013-06-02 08:32:42.640000+00:00,13.6,-92.24,43.5,4.77,mw,199.0,154.0,,0.68,us,usb000hbsz,2022-07-25T04:13:32.580Z,"84 km SSW of Champerico, Guatemala",earthquake,,7.5,,177.0,reviewed,us,us,2013-06-02,40541,Guatemala,1
2013-06-15 04:21:49.100000+00:00,15.09,-91.791,141.3,4.94,mw,33.0,102.0,,1.16,us,usc000hrec,2014-11-07T01:51:04.441Z,"3 km SSE of Tejutla, Guatemala",earthquake,,5.3,,92.0,reviewed,us,us,2013-06-15,40653,Guatemala,1
2013-06-22 17:35:31.790000+00:00,14.442,-89.954,247.6,5.11,mw,428.0,70.0,,0.96,us,usc000hy59,2025-12-22T17:11:42.255Z,"11 km SW of Monjas, Guatemala",earthquake,,5.7,,406.0,reviewed,us,us,2013-06-22,40632,Guatemala,1
2013-07-17 19:28:20.560000+00:00,14.181,-90.802,98.9,4.77,mw,83.0,172.0,,0.82,us,usb000iga9,2014-11-07T01:51:17.501Z,"5 km ESE of Masagua, Guatemala",earthquake,,11.7,,75.0,reviewed,us,us,2013-07-17,40656,Guatemala,1
2013-07-17 21:51:51.360000+00:00,13.072,-91.828,35.5,4.43,mw,14.0,194.0,,1.48,us,usp000k23p,2014-11-07T01:51:17.520Z,"135 km S of Champerico, Guatemala",earthquake,,6.2,,29.0,reviewed,us,us,2013-07-17,40758,Guatemala,1
2013-07-18 19:48:13.160000+00:00,13.934,-91.279,43.4,5.11,mw,265.0,108.0,,0.87,us,usb000ih4f,2022-07-25T18:37:47.609Z,"29 km SW of La Gomera, Guatemala",earthquake,,5.8,,238.0,reviewed,us,us,2013-07-18,40633,Guatemala,1
2013-07-28 07:11:00+00:00,14.43,-90.506,230.8,3.77,mw,12.0,100.0,,,us,usb000iw9x,2014-11-07T01:51:21.043Z,"6 km SSE of Villa Canales, Guatemala",earthquake,,,,,reviewed,unm,unm,2013-07-28,40764,Guatemala,1
2013-08-07 14:55:35.290000+00:00,15.83,-92.664,194.4,3.95,mw,,,,1.09,us,usc000jr68,2013-10-12T21:32:31.000Z,Mexico-Guatemala border region,earthquake,,5.1,,,reviewed,us_unm,us_unm,2013-08-07,40763,Mexico-Guatemala border region,-1
2013-08-10 21:20:04.710000+00:00,13.3728,-90.6025,33.82,4.68,mw,,128.0,1.627,0.77,us,usb000j4he,2013-10-12T21:32:34.000Z,"63 km S of Iztapa, Guatemala",earthquake,,2.4,0.16,,reviewed,us,us,2013-08-10,40739,Guatemala,1
2013-08-13 10:18:25.840000+00:00,13.7423,-92.2822,10.0,4.68,mw,,207.0,1.158,1.16,us,usc000jr7m,2013-10-19T02:41:41.000Z,"72 km SSW of Champerico, Guatemala",earthquake,,3.2,0.188,,reviewed,us,us,2013-08-13,40686,Guatemala,1
2013-09-07 00:20:39.090000+00:00,14.136,-91.997,51.8,5.62,mw,,,,1.7,us,usb000jkn0,2022-07-25T21:43:50.312Z,"19 km SSW of Champerico, Guatemala",earthquake,,3.9,0.033,,reviewed,us_unm,us,2013-09-07,40600,Guatemala,1
2013-09-09 09:16:05.440000+00:00,14.5255,-92.2021,72.81,4.4,mwr,,158.0,0.384,1.33,us,usb000jlyt,2013-11-15T03:20:29.000Z,"1 km NNW of Ocós, Guatemala",earthquake,,4.7,0.069,,reviewed,us,us,2013-09-09,40761,Guatemala,1
2013-11-01 22:57:30.080000+00:00,14.6566,-90.9227,35.0,5.03,mw,,167.0,0.76,0.5,us,usb000krel,2014-01-10T10:03:42.000Z,"2 km N of Patzicía, Guatemala",earthquake,,2.0,0.246,,reviewed,us,us,2013-11-01,40643,Guatemala,1
2013-11-18 08:43:10.490000+00:00,13.3556,-92.433,46.07,4.6,mw,,194.0,1.362,1.27,us,usb000l4jj,2014-01-31T21:22:28.000Z,"118 km SSW of Champerico, Guatemala",earthquake,,9.8,0.107,,reviewed,us,us,2013-11-18,40756,Guatemala,1
2013-11-20 13:38:07.090000+00:00,13.589,-92.9496,21.88,4.77,mw,,210.0,1.529,0.77,us,usb000l6su,2014-02-11T02:18:52.000Z,"130 km SW of Ocós, Guatemala",earthquake,,12.2,0.536,,reviewed,us,us,2013-11-20,40684,Guatemala,1
2013-11-20 21:53:21+00:00,13.528,-91.17,28.4,4.77,mw,,,,1.13,us,usb000la90,2014-02-11T02:18:53.000Z,"58 km SW of Puerto San José, Guatemala",earthquake,,7.9,0.379,,reviewed,unm,us,2013-11-20,40659,Guatemala,1
2013-11-23 06:49:17.930000+00:00,14.0093,-92.6277,36.07,5.11,mw,,90.0,0.959,1.49,us,usb000l50k,2025-12-22T16:44:54.464Z,"72 km SW of Ocós, Guatemala",earthquake,,4.0,0.034,,reviewed,us,us,2013-11-23,40632,Guatemala,1
2013-11-25 09:55:02.450000+00:00,13.5308,-91.6339,39.21,5.2,mw,,89.0,1.499,1.18,us,usb000l65t,2014-02-11T02:18:58.000Z,"82 km SSW of Nueva Concepción, Guatemala",earthquake,,5.2,0.036,,reviewed,us,us,2013-11-25,40607,Guatemala,1
2013-11-26 08:47:14.830000+00:00,13.1491,-91.096,35.0,4.51,mw,,187.0,1.891,0.99,us,usb000l6n9,2014-02-12T01:08:33.000Z,"91 km SSW of Puerto San José, Guatemala",earthquake,,2.0,0.127,,reviewed,us,us,2013-11-26,40758,Guatemala,1
2013-12-03 20:17:35.500000+00:00,13.821,-92.804,10.0,4.68,mw,,,,1.15,us,usb000lcq2,2014-02-15T01:32:08.000Z,"100 km SW of Ocós, Guatemala",earthquake,,5.3,0.189,,reviewed,unm,us,2013-12-03,40915,Guatemala,1
2013-12-05 03:11:39.130000+00:00,13.5446,-91.9839,31.3,4.6,mw,,144.0,1.011,0.59,us,usb000lbni,2014-02-15T01:32:09.000Z,"83 km S of Champerico, Guatemala",earthquake,,4.8,0.108,,reviewed,us,us,2013-12-05,40944,Guatemala,1
2014-01-11 13:10:51.110000+00:00,14.6437,-92.0592,78.0,5.5,mwb,,68.0,0.329,1.37,us,usc000m0xb,2022-07-26T05:12:06.889Z,"8 km SSW of Pajapita, Guatemala",earthquake,,1.9,0.046,45.0,reviewed,us,us,2014-01-11,40771,Guatemala,1
2014-01-21 01:33:46.120000+00:00,14.0743,-89.9867,187.54,4.6,mw,,158.0,0.789,0.96,us,usb000m5gx,2014-03-22T00:05:27.000Z,"5 km NE of Conguaco, Guatemala",earthquake,,4.5,0.186,9.0,reviewed,us,us,2014-01-21,40930,Guatemala,1
2014-02-07 17:31:33.230000+00:00,13.5524,-92.329,11.96,4.68,mw,,211.0,1.143,1.38,us,usc000mvg0,2014-04-22T18:30:08.000Z,"93 km SSW of Champerico, Guatemala",earthquake,,3.2,0.125,20.0,reviewed,us,us,2014-02-07,40908,Guatemala,1
2014-02-20 02:07:22.280000+00:00,13.3661,-91.5081,35.0,4.85,mw,,124.0,1.163,0.56,us,usc000n4fi,2014-05-07T00:03:04.000Z,"93 km SSW of La Gomera, Guatemala",earthquake,,1.9,0.051,124.0,reviewed,us,us,2014-02-20,40895,Guatemala,1
2014-03-08 20:19:45.260000+00:00,13.8726,-90.4009,113.07,4.6,mw,,167.0,1.126,0.76,us,usc000n5hv,2014-05-15T02:23:46.000Z,"22 km S of Guazacapán, Guatemala",earthquake,,7.3,0.186,10.0,reviewed,us,us,2014-03-08,40938,Guatemala,1
2014-03-29 05:30:53.040000+00:00,14.0754,-90.683,109.06,4.77,mw,,109.0,0.947,1.12,us,usc000nvpc,2014-05-29T23:32:07.000Z,"15 km N of Iztapa, Guatemala",earthquake,,6.1,0.06,83.0,reviewed,us,us,2014-03-29,40908,Guatemala,1
2014-04-06 13:04:10.580000+00:00,13.9263,-92.0136,54.9,5.03,mw,,90.0,0.667,1.16,us,usc000p7k1,2022-05-03T16:47:23.637Z,"42 km SSW of Champerico, Guatemala",earthquake,,5.6,0.033,289.0,reviewed,us,us,2014-04-06,40866,Guatemala,1
2014-04-09 23:55:41.170000+00:00,14.3374,-90.3867,180.46,5.2,mw,,88.0,0.666,0.83,us,usc000pdl7,2014-07-01T02:37:53.000Z,"4 km NW of Barberena, Guatemala",earthquake,,3.8,0.039,204.0,reviewed,us,us,2014-04-09,40820,Guatemala,1
2014-04-14 13:19:45.280000+00:00,15.2918,-91.7747,206.5,4.94,mw,,116.0,0.263,0.91,us,usc000pjwd,2014-07-01T02:38:08.000Z,"3 km NW of San Miguel Ixtahuacán, Guatemala",earthquake,,6.2,0.068,65.0,reviewed,us,us,2014-04-14,40887,Guatemala,1
2014-04-19 16:46:32.330000+00:00,13.1081,-92.4453,22.84,5.03,mw,,265.0,1.582,1.15,us,usb000ql2m,2014-07-04T01:34:10.000Z,"143 km SSW of Champerico, Guatemala",earthquake,,18.6,0.183,9.0,reviewed,us,us,2014-04-19,40837,Guatemala,1
2014-04-19 17:33:30.480000+00:00,14.1595,-91.3214,87.06,4.85,mw,,150.0,1.164,1.35,us,usb000prek,2014-07-04T01:34:12.000Z,"5 km SSW of Nueva Concepción, Guatemala",earthquake,,5.7,0.047,142.0,reviewed,us,us,2014-04-19,40903,Guatemala,1
2014-04-26 13:33:21.020000+00:00,14.2189,-92.3533,73.79,5.28,mw,,159.0,0.704,1.44,us,usb000q0g7,2014-07-14T20:11:19.000Z,"36 km SSW of Ocós, Guatemala",earthquake,,5.8,0.032,332.0,reviewed,us,us,2014-04-26,40810,Guatemala,1
2014-05-11 22:38:41.930000+00:00,13.7886,-91.6593,54.67,4.85,mw,,99.0,0.729,0.72,us,usb000qi67,2014-08-06T00:55:32.000Z,"59 km SW of Nueva Concepción, Guatemala",earthquake,,6.1,0.04,190.0,reviewed,us,us,2014-05-11,40898,Guatemala,1
2014-05-19 19:27:23.690000+00:00,15.3436,-91.312,33.23,5.03,mw,,53.0,0.186,1.0,us,usb000qvbi,2022-07-26T15:21:49.945Z,"0 km NNW of Aguacatán, Guatemala",earthquake,,5.1,0.04,198.0,reviewed,us,us,2014-05-19,40850,Guatemala,1
2014-05-25 22:36:20.810000+00:00,13.4884,-90.8352,41.87,5.28,mw,,48.0,1.324,0.75,us,usb000r3r1,2025-12-22T16:55:52.576Z,"48 km S of Puerto San José, Guatemala",earthquake,,4.6,0.027,457.0,reviewed,us,us,2014-05-25,40773,Guatemala,1
2014-06-02 03:46:17.320000+00:00,14.1992,-90.1216,214.65,4.85,mw,,159.0,0.764,1.03,us,usc000ra0c,2014-08-26T01:21:09.000Z,"6 km ESE of Oratorio, Guatemala",earthquake,,6.8,0.059,86.0,reviewed,us,us,2014-06-02,41062,Guatemala,1
2014-06-12 20:27:24.290000+00:00,13.5605,-91.285,39.0,4.85,mw,,183.0,1.035,1.37,us,usc000rmkv,2014-09-12T15:47:56.000Z,"62 km SSW of La Gomera, Guatemala",earthquake,,9.8,0.115,24.0,reviewed,us,us,2014-06-12,41039,Guatemala,1
2014-06-13 12:26:32.670000+00:00,14.1993,-91.1679,77.76,5.0,mwr,,64.0,0.603,0.88,us,usc000rf0w,2025-12-22T16:56:33.730Z,"14 km E of Nueva Concepción, Guatemala",earthquake,,4.1,0.066,22.0,reviewed,us,us,2014-06-13,40991,Guatemala,1
2014-06-16 10:04:31.750000+00:00,15.3495,-91.9693,10.0,5.45,mw,,63.0,0.451,1.34,us,usc000rg0c,2022-07-26T17:13:15.691Z,"6 km SSW of Cuilco, Guatemala",earthquake,,1.8,0.027,495.0,reviewed,us,us,2014-06-16,40962,Guatemala,1
2014-06-20 19:53:54.920000+00:00,13.1542,-92.4116,41.11,3.77,mw,,270.0,1.527,1.17,us,usc000rq3k,2014-09-19T17:24:20.000Z,"137 km SSW of Champerico, Guatemala",earthquake,,24.6,,12.0,reviewed,us,unm,2014-06-20,41113,Guatemala,1
2014-06-22 00:26:54.360000+00:00,14.6332,-91.1709,166.36,5.03,mw,,74.0,0.52,0.74,us,usc000rjup,2014-09-19T17:23:04.000Z,"5 km NNW of San Lucas Tolimán, Guatemala",earthquake,,3.7,0.031,334.0,reviewed,us,us,2014-06-22,40987,Guatemala,1
2014-07-07 11:33:54.900000+00:00,14.5335,-92.0667,55.72,5.37,mw,,167.0,0.36,0.73,us,usc000rr6d,2014-10-04T19:59:59.000Z,"13 km E of Ocós, Guatemala",earthquake,,8.1,0.073,67.0,reviewed,us,us,2014-07-07,40963,Guatemala,1
2014-07-11 21:40:49.900000+00:00,13.3628,-91.5823,10.0,4.43,mw,,215.0,1.16,1.07,us,usb000rwfx,2014-10-10T08:02:13.000Z,"97 km SSW of Nueva Concepción, Guatemala",earthquake,,1.9,0.259,5.0,reviewed,us,us,2014-07-11,41110,Guatemala,1
2014-08-26 22:59:58.670000+00:00,14.9642,-91.632,171.24,4.6,mw,,63.0,0.373,0.83,us,usc000s9i6,2014-11-22T02:06:37.000Z,"3 km SSW of Sibilia, Guatemala",earthquake,6.7,4.9,0.176,17.0,reviewed,us,us,2014-08-26,41090,Guatemala,1
2014-08-28 08:27:41.360000+00:00,14.1273,-91.8693,35.0,5.45,mw,,62.0,0.429,1.53,us,usc000s7ku,2022-07-26T23:59:30.708Z,"18 km SSE of Champerico, Guatemala",earthquake,4.8,1.8,0.027,482.0,reviewed,us,us,2014-08-28,40952,Guatemala,1
2014-09-20 05:12:16.610000+00:00,13.9728,-92.4197,48.82,5.28,mw,,67.0,0.891,1.02,us,usb000sefq,2025-12-22T16:59:29.545Z,"64 km SSW of Ocós, Guatemala",earthquake,6.3,3.9,0.03,397.0,reviewed,us,us,2014-09-20,40966,Guatemala,1
2014-10-07 23:16:20.860000+00:00,14.5846,-90.7348,231.56,4.6,mw,,138.0,0.492,0.92,us,usb000sng3,2014-12-23T01:42:07.040Z,"0 km NNE of Jocotenango, Guatemala",earthquake,8.0,4.2,0.237,7.0,reviewed,us,us,2014-10-07,41079,Guatemala,1
2014-10-16 19:00:45.270000+00:00,15.2984,-89.8636,10.0,4.6,mw,,84.0,0.649,1.03,us,usb000smzj,2022-07-27T05:05:22.329Z,"11 km SSW of Senahú, Guatemala",earthquake,4.2,1.9,0.147,14.0,reviewed,us,us,2014-10-16,41088,Guatemala,1
2014-10-18 05:22:58+00:00,13.093,-90.039,22.7,4.43,mw,,,,0.84,us,usb000ss11,2015-01-15T20:03:31.040Z,near the coast of Guatemala,earthquake,6.1,8.0,0.365,2.0,reviewed,snet,us,2014-10-18,41110,near the coast of Guatemala,3
2014-11-07 01:59:19.990000+00:00,13.6351,-90.6693,66.72,5.2,mwr,,50.0,1.331,0.9,us,usc000sv8v,2022-07-27T06:45:21.934Z,"33 km S of Iztapa, Guatemala",earthquake,6.6,4.0,0.078,16.0,reviewed,us,us,2014-11-07,40972,Guatemala,1
2014-11-07 04:48:11.040000+00:00,13.7219,-92.0519,16.9,4.94,mw,,115.0,0.869,0.92,us,usc000sv9q,2022-07-27T06:47:24.999Z,"65 km SSW of Champerico, Guatemala",earthquake,7.0,4.9,0.053,128.0,reviewed,us,us,2014-11-07,41037,Guatemala,1
2014-11-10 18:22:35.090000+00:00,13.2304,-90.869,43.94,5.2,mw,,62.0,1.516,1.15,us,usc000sw2y,2025-12-22T17:01:26.537Z,"77 km S of Puerto San José, Guatemala",earthquake,6.9,5.4,0.029,407.0,reviewed,us,us,2014-11-10,40970,Guatemala,1
2014-12-07 21:16:35.740000+00:00,13.6717,-91.4731,32.0,6.1,mww,,54.0,0.874,0.48,us,usc000t4gc,2022-07-27T09:56:11.519Z,"61 km SSW of Nueva Concepción, Guatemala",earthquake,4.9,1.7,,,reviewed,us,us,2014-12-07,41140,Guatemala,1
2014-12-15 04:57:43.520000+00:00,13.9412,-91.9736,35.0,4.94,mw,,104.0,0.639,1.29,us,usc000t6rf,2015-03-04T21:55:04.040Z,"39 km S of Champerico, Guatemala",earthquake,6.4,1.9,0.034,280.0,reviewed,us,us,2014-12-15,41222,Guatemala,1
2015-01-20 06:59:52.020000+00:00,14.9801,-91.4588,154.0,5.5,mww,,27.0,0.338,1.2,us,usc000the9,2024-06-16T23:48:26.360Z,"4 km NNW of San Francisco El Alto, Guatemala",earthquake,6.2,1.8,,,reviewed,us,us,2015-01-20,41184,Guatemala,1
2015-01-30 01:26:07.300000+00:00,13.838,-92.5161,16.0,4.85,mw,,105.0,1.048,1.02,us,usc000tk9d,2015-05-02T14:06:23.040Z,"82 km SSW of Ocós, Guatemala",earthquake,7.0,3.8,0.046,169.0,reviewed,us,us,2015-01-30,41283,Guatemala,1
2015-02-01 05:53:47.060000+00:00,13.2995,-91.9513,35.0,5.2,mw,,94.0,1.243,0.92,us,usc000tkpf,2015-05-02T14:06:23.040Z,"110 km S of Champerico, Guatemala",earthquake,7.7,1.9,0.03,370.0,reviewed,us,us,2015-02-01,41196,Guatemala,1
2015-02-02 21:31:08.910000+00:00,14.1083,-89.782,179.15,4.94,mw,,126.0,0.5,1.09,us,usc000tl36,2015-05-02T14:05:49.040Z,"3 km WNW of Jerez, Guatemala",earthquake,8.0,5.3,0.076,58.0,reviewed,us,us,2015-02-02,41224,Guatemala,1
2015-02-22 20:25:18+00:00,13.817,-90.407,87.9,4.94,mw,,,,1.48,us,usc000tt4d,2015-05-12T20:29:39.040Z,"28 km SW of Pasaco, Guatemala",earthquake,10.2,8.6,0.145,15.0,reviewed,snet,us,2015-02-22,41243,Guatemala,1
2015-02-27 23:46:44.990000+00:00,14.0697,-90.8491,98.56,5.2,mw,,73.0,0.936,0.93,us,usc000ttvt,2025-12-22T17:04:17.026Z,"14 km S of Masagua, Guatemala",earthquake,6.7,4.6,0.026,462.0,reviewed,us,us,2015-02-27,41197,Guatemala,1
2015-03-01 08:30:03.030000+00:00,13.4392,-90.9992,20.0,5.5,mww,,63.0,1.272,0.96,us,usc000tu5z,2022-07-27T23:49:37.712Z,"57 km SSW of Puerto San José, Guatemala",earthquake,5.8,1.8,,,reviewed,us,us,2015-03-01,41148,Guatemala,1
2015-03-20 22:44:45.150000+00:00,12.6518,-90.7314,38.48,4.77,mw,,205.0,1.786,0.48,us,us10001q8x,2015-06-09T21:29:59.040Z,"141 km S of Puerto San José, Guatemala",earthquake,10.9,15.5,0.22,6.0,reviewed,us,us,2015-03-20,41288,Guatemala,1
2015-04-01 10:00:38.210000+00:00,15.8841,-91.4031,23.14,4.85,mw,,93.0,0.57,1.28,us,us10001sq1,2015-06-12T01:53:33.040Z,"9 km NE of San Mateo Ixtatán, Guatemala",earthquake,7.2,5.9,0.065,69.0,reviewed,us,us,2015-04-01,41255,Guatemala,1
2015-04-29 13:52:35.910000+00:00,13.0343,-90.6519,41.05,4.68,mw,,204.0,1.527,0.89,us,us20002lrk,2015-07-03T00:23:47.040Z,"99 km S of Iztapa, Guatemala",earthquake,8.9,11.4,0.072,55.0,reviewed,us,us,2015-04-29,41302,Guatemala,1
2015-05-04 08:20:36.290000+00:00,15.3755,-91.9742,177.53,5.03,mw,,92.0,0.458,0.77,us,us20002b4s,2022-07-31T04:05:47.882Z,"4 km SW of Cuilco, Guatemala",earthquake,6.9,4.5,0.035,239.0,reviewed,us,us,2015-05-04,41217,Guatemala,1
2015-05-18 20:05:45.370000+00:00,14.4906,-91.8153,86.23,5.37,mw,,89.0,0.876,0.94,us,us10002aah,2025-12-22T17:07:11.368Z,"14 km S of Génova, Guatemala",earthquake,7.0,4.0,0.025,527.0,reviewed,us,us,2015-05-18,41194,Guatemala,1
2015-06-27 15:16:01.860000+00:00,13.921,-90.2122,107.56,5.03,mw,,106.0,0.952,1.09,us,us10002m37,2015-09-02T22:37:21.040Z,"6 km S of Pasaco, Guatemala",earthquake,8.2,6.0,0.057,93.0,reviewed,us,us,2015-06-27,41362,Guatemala,1
2015-07-14 13:14:11.270000+00:00,15.6417,-92.5995,145.33,5.11,mw,,123.0,0.776,1.16,us,us20002xdk,2022-07-31T18:29:48.180Z,Mexico-Guatemala border region,earthquake,4.2,4.6,0.031,314.0,reviewed,us,us,2015-07-14,41361,Mexico-Guatemala border region,-1
2015-07-16 09:53:09.880000+00:00,14.0765,-89.8579,10.0,4.68,mw,,122.0,0.579,1.13,us,us20002xvw,2015-10-14T21:05:36.040Z,"7 km ESE of Comapa, Guatemala",earthquake,5.7,1.9,0.094,32.0,reviewed,us,us,2015-07-16,41468,Guatemala,1
2015-07-17 11:01:12.680000+00:00,13.4441,-92.053,23.71,5.37,mw,,60.0,1.128,1.26,us,us20002y46,2025-12-22T17:08:19.140Z,"95 km S of Champerico, Guatemala",earthquake,5.6,3.6,0.025,506.0,reviewed,us,us,2015-07-17,41342,Guatemala,1
2015-07-26 03:03:04.530000+00:00,13.6602,-91.2284,14.37,4.6,mw,,197.0,1.596,0.79,us,us1000328q,2015-10-22T20:05:00.040Z,"50 km SSW of La Gomera, Guatemala",earthquake,5.5,7.0,0.118,20.0,reviewed,us,us,2015-07-26,41476,Guatemala,1
2015-08-01 23:35:06+00:00,14.8052,-91.0801,205.49,5.03,mw,,77.0,0.653,0.66,us,us10002x7u,2015-10-30T02:47:43.040Z,"7 km ENE of Concepción, Guatemala",earthquake,7.1,4.9,0.046,145.0,reviewed,us,us,2015-08-01,41377,Guatemala,1
2015-08-13 19:30:14.420000+00:00,14.0922,-91.3013,58.03,5.2,mww,,66.0,0.574,0.83,us,us1000322j,2025-12-22T17:23:52.729Z,"11 km S of Nueva Concepción, Guatemala",earthquake,7.0,4.7,,,reviewed,us,us,2015-08-13,41359,Guatemala,1
2015-08-31 08:13:00.390000+00:00,13.9893,-91.817,46.32,5.03,mw,,99.0,0.545,0.95,us,us1000369r,2015-12-01T00:36:05.040Z,"35 km SSE of Champerico, Guatemala",earthquake,6.0,4.3,0.03,345.0,reviewed,us,us,2015-08-31,41371,Guatemala,1
2015-09-03 03:55:25.570000+00:00,14.1531,-92.3668,57.22,4.94,mw,,132.0,2.128,0.63,us,us20003fxe,2016-11-10T21:50:22.086Z,"43 km SSW of Ocós, Guatemala",earthquake,8.1,6.4,0.029,353.0,reviewed,us,us,2015-09-03,41407,Guatemala,1
2015-09-21 03:45:47.990000+00:00,15.2466,-91.8354,177.18,4.68,mw,,88.0,0.329,0.8,us,us20003mbg,2015-12-21T23:16:28.040Z,"1 km NE of Concepción Tutuapa, Guatemala",earthquake,8.8,4.0,0.063,70.0,reviewed,us,us,2015-09-21,41428,Guatemala,1
2015-10-31 12:13:58.930000+00:00,13.2506,-90.6608,51.34,4.77,mw,,136.0,1.456,0.99,us,us2000412e,2016-01-30T02:10:59.040Z,"75 km S of Iztapa, Guatemala",earthquake,9.0,7.6,0.057,88.0,reviewed,us,us,2015-10-31,41410,Guatemala,1
2015-11-08 16:34:39.720000+00:00,13.6415,-90.6574,52.0,4.94,mw,,153.0,1.386,1.07,us,us10003vrp,2022-08-01T16:50:45.029Z,"32 km S of Iztapa, Guatemala",earthquake,7.9,5.2,0.04,191.0,reviewed,us,us,2015-11-08,41389,Guatemala,1
2015-11-24 07:52:46.500000+00:00,14.1939,-89.866,169.0,4.77,mw,,147.0,0.53,0.74,us,us100040mu,2016-02-18T04:48:52.040Z,"4 km WNW of El Adelanto, Guatemala",earthquake,5.0,8.1,0.099,29.0,reviewed,us,us,2015-11-24,41574,Guatemala,1
2015-12-07 22:53:35.110000+00:00,14.2197,-90.8905,84.0,5.7,mww,,31.0,0.836,1.48,us,us100044xh,2022-08-01T22:23:36.624Z,"4 km WNW of Masagua, Guatemala",earthquake,7.2,1.8,,,reviewed,us,us,2015-12-07,41505,Guatemala,1
2015-12-08 13:59:16.990000+00:00,14.1257,-91.3933,66.95,4.77,mw,,103.0,0.492,1.38,us,us10004559,2016-03-02T03:36:39.040Z,"13 km SW of Nueva Concepción, Guatemala",earthquake,4.8,5.9,0.064,70.0,reviewed,us,us,2015-12-08,41596,Guatemala,1
2015-12-18 19:03:24.320000+00:00,15.8002,-91.0054,9.91,4.68,mw,,67.0,0.677,1.28,us,us100048tc,2016-03-12T02:29:16.040Z,"9 km E of San Luis Ixcán, Guatemala",earthquake,3.7,5.2,0.107,25.0,reviewed,us,us,2015-12-18,41629,Guatemala,1
2015-12-20 01:47:14.750000+00:00,13.0718,-91.9603,10.0,4.6,mw,,248.0,1.467,0.81,us,us1000491u,2016-03-12T02:29:18.040Z,"135 km S of Champerico, Guatemala",earthquake,10.3,1.9,0.175,9.0,reviewed,us,us,2015-12-20,41653,Guatemala,1
2015-12-23 11:15:06.950000+00:00,13.5496,-90.4093,57.51,4.85,mw,,119.0,1.153,0.93,us,us10004gdq,2016-03-12T02:29:23.040Z,"52 km SSW of Pasaco, Guatemala",earthquake,7.0,8.2,0.121,20.0,reviewed,us,us,2015-12-23,41548,Guatemala,1
2016-01-04 13:26:53.810000+00:00,14.6604,-90.558,206.33,4.77,mw,,97.0,1.108,0.95,us,us10004e0t,2016-03-28T22:09:36.040Z,"5 km WNW of Guatemala City, Guatemala",earthquake,8.4,7.0,0.078,47.0,reviewed,us,us,2016-01-04,41620,Guatemala,1
2016-01-16 02:25:51.440000+00:00,14.2873,-91.8054,77.06,4.68,mw,,124.0,0.259,1.18,us,us10004g1v,2016-04-06T17:30:21.040Z,"11 km E of Champerico, Guatemala",earthquake,7.4,6.2,0.137,15.0,reviewed,us,us,2016-01-16,41635,Guatemala,1
2016-01-19 13:00:35.100000+00:00,14.5901,-91.4145,100.84,4.94,mw,,95.0,0.279,1.19,us,us10004fkk,2016-04-06T17:30:27.040Z,"4 km E of San Pablo Jocopilas, Guatemala",earthquake,5.9,3.8,0.038,206.0,reviewed,us,us,2016-01-19,41521,Guatemala,1
2016-02-14 08:18:59.510000+00:00,14.3446,-90.3038,166.91,4.94,mw,,121.0,0.915,1.02,us,us10004qj7,2016-04-26T23:28:20.040Z,"4 km S of Santa Rosa de Lima, Guatemala",earthquake,7.4,7.2,0.092,35.0,reviewed,us,us,2016-02-14,41518,Guatemala,1
2016-03-07 13:32:08.050000+00:00,13.832,-91.7673,34.07,4.85,mw,,199.0,0.692,1.18,us,us10004wjn,2016-05-16T18:01:47.040Z,"53 km SSE of Champerico, Guatemala",earthquake,8.1,7.2,0.205,7.0,reviewed,us,us,2016-03-07,41545,Guatemala,1
2016-03-31 16:18:39.330000+00:00,12.6844,-91.0034,5.39,4.6,mw,,206.0,1.948,1.35,us,us20005fur,2016-06-10T23:32:59.040Z,"138 km S of Puerto San José, Guatemala",earthquake,13.7,6.9,0.235,5.0,reviewed,us,us,2016-03-31,41666,Guatemala,1
2016-04-09 02:05:10.520000+00:00,13.935,-92.2443,10.0,4.85,mw,,111.0,0.792,1.17,us,us20005ghy,2016-06-21T01:14:04.040Z,"53 km SW of Champerico, Guatemala",earthquake,7.9,1.8,0.04,184.0,reviewed,us,us,2016-04-09,41533,Guatemala,1
2016-04-15 14:11:26.430000+00:00,13.4008,-92.367,22.41,6.1,mww,,63.0,1.293,1.39,us,us20005ih9,2022-05-03T17:44:16.910Z,"110 km SSW of Champerico, Guatemala",earthquake,5.3,3.0,,,reviewed,us,us,2016-04-15,41492,Guatemala,1
2016-05-03 07:46:54.180000+00:00,13.6605,-91.2927,35.0,5.03,mw,,85.0,0.943,1.48,us,us10005d9n,2016-07-19T20:03:11.040Z,"53 km SSW of La Gomera, Guatemala",earthquake,7.0,1.9,0.064,73.0,reviewed,us,us,2016-05-03,41516,Guatemala,1
2016-05-16 07:15:04.600000+00:00,13.3259,-90.9647,51.1,5.2,mw,,72.0,1.386,1.17,us,us10005hpb,2025-12-22T17:14:49.366Z,"68 km SSW of Puerto San José, Guatemala",earthquake,6.8,6.3,0.026,455.0,reviewed,us,us,2016-05-16,41506,Guatemala,1
2016-05-22 14:51:22.650000+00:00,13.7108,-90.4489,75.73,5.0,mww,,93.0,1.183,0.75,us,us10005j8b,2025-12-22T17:14:56.171Z,"37 km SE of Iztapa, Guatemala",earthquake,6.2,4.0,,,reviewed,us,us,2016-05-22,41689,Guatemala,1
2016-06-06 04:11:03.420000+00:00,14.3914,-92.0995,67.25,4.68,mw,,117.0,0.413,1.12,us,us200062ac,2022-08-03T01:00:44.980Z,"16 km SE of Ocós, Guatemala",earthquake,7.6,5.7,0.051,110.0,reviewed,us,us,2016-06-06,41773,Guatemala,1
2016-06-08 10:38:27.510000+00:00,13.5196,-90.8786,35.0,5.2,mww,,122.0,1.275,1.21,us,us200062rb,2022-08-03T01:12:51.399Z,"45 km S of Puerto San José, Guatemala",earthquake,5.7,1.9,,,reviewed,us,us,2016-06-08,41687,Guatemala,1
2016-06-08 20:26:03.600000+00:00,13.4678,-92.2595,10.0,4.77,mw,,188.0,1.184,1.16,us,us200062vi,2016-08-18T00:36:35.040Z,"98 km SSW of Champerico, Guatemala",earthquake,4.0,2.0,0.072,55.0,reviewed,us,us,2016-06-08,41715,Guatemala,1
2016-06-14 11:36:48.170000+00:00,14.3729,-90.5286,10.0,4.68,mw,,144.0,1.139,0.86,us,us200064az,2022-08-03T01:46:43.494Z,"12 km S of Villa Canales, Guatemala",earthquake,8.2,1.9,0.066,65.0,reviewed,us,us,2016-06-14,41782,Guatemala,1
2016-06-15 13:46:55.140000+00:00,14.1118,-91.6462,61.0,5.4,mww,,78.0,0.413,1.22,us,us200064ir,2025-12-22T17:15:29.953Z,"35 km SE of Champerico, Guatemala",earthquake,6.5,1.9,,,reviewed,us,us,2016-06-15,41672,Guatemala,1
2016-06-15 15:31:39.090000+00:00,14.0253,-90.7455,66.61,4.43,mw,,129.0,1.045,1.3,us,us200064ja,2016-08-25T01:22:57.040Z,"10 km NNW of Iztapa, Guatemala",earthquake,4.1,9.1,0.149,12.0,reviewed,us,us,2016-06-15,41839,Guatemala,1
2016-06-29 16:19:42.130000+00:00,13.0203,-90.8271,10.0,4.51,mw,,183.0,1.688,1.4,us,us10005zij,2016-08-31T03:08:22.040Z,"100 km S of Puerto San José, Guatemala",earthquake,7.7,1.9,0.101,27.0,reviewed,us,us,2016-06-29,41812,Guatemala,1
2016-07-04 15:58:45.070000+00:00,14.1868,-92.4051,16.64,4.85,mw,,199.0,0.765,1.15,us,us100062k2,2016-09-02T21:36:37.040Z,"42 km SSW of Ocós, Guatemala",earthquake,4.1,5.2,0.118,21.0,reviewed,us,us,2016-07-04,41696,Guatemala,1
2016-07-15 17:17:39.410000+00:00,13.9226,-92.116,35.0,4.43,mw,,176.0,0.724,1.28,us,us20006g63,2016-09-17T01:27:46.040Z,"46 km SSW of Champerico, Guatemala",earthquake,6.7,2.0,0.164,10.0,reviewed,us,us,2016-07-15,41823,Guatemala,1
2016-08-31 04:46:45.060000+00:00,14.0604,-89.7138,2.09,4.6,mw,,153.0,0.48,0.81,us,us10006iz5,2016-11-29T01:28:47.040Z,"5 km SE of Jerez, Guatemala",earthquake,5.1,9.1,0.146,13.0,reviewed,us,us,2016-08-31,41789,Guatemala,1
2016-09-09 01:16:37.630000+00:00,13.4449,-91.6778,27.18,4.85,mw,,136.0,1.073,1.17,us,us10006n8k,2016-12-07T02:56:07.040Z,"92 km SSW of Nueva Concepción, Guatemala",earthquake,7.6,2.9,0.04,188.0,reviewed,us,us,2016-09-09,41696,Guatemala,1
2016-09-16 00:30:52.940000+00:00,15.435,-91.871,161.81,4.77,mw,,120.0,0.373,1.0,us,us10006pzi,2016-12-12T23:01:24.040Z,"8 km ENE of Cuilco, Guatemala",earthquake,9.3,8.9,0.071,58.0,reviewed,us,us,2016-09-16,41726,Guatemala,1
2016-10-09 22:55:07.580000+00:00,14.309,-90.1269,195.82,5.11,mw,,144.0,0.8,0.73,us,us20007d06,2017-01-07T00:20:48.040Z,"4 km N of San José Acatempa, Guatemala",earthquake,5.4,6.4,0.078,51.0,reviewed,us,us,2016-10-09,41689,Guatemala,1
2016-10-20 15:13:13.860000+00:00,14.7218,-91.6139,101.58,4.94,mw,,92.0,0.211,1.05,us,us20007fm9,2017-01-15T01:13:59.040Z,"8 km NNW of El Palmar, Guatemala",earthquake,7.3,4.7,0.038,207.0,reviewed,us,us,2016-10-20,41695,Guatemala,1
2016-11-05 08:01:32.050000+00:00,13.853,-92.7508,10.0,4.77,mw,,157.0,1.149,0.99,us,us100074a3,2017-02-02T02:20:59.040Z,"94 km SW of Ocós, Guatemala",earthquake,6.4,2.0,0.134,16.0,reviewed,us,us,2016-11-05,41710,Guatemala,1
2016-11-25 15:08:41.160000+00:00,14.7804,-90.9525,195.31,5.03,mw,,94.0,0.753,0.91,us,us10007cam,2017-02-23T00:11:47.040Z,"2 km ESE of Santa Apolonia, Guatemala",earthquake,9.1,7.4,0.084,43.0,reviewed,us,us,2016-11-25,41942,Guatemala,1
2016-11-28 06:37:08.250000+00:00,15.5716,-88.4126,10.0,4.77,mw,,48.0,1.347,1.17,us,us10007cvx,2017-02-23T00:11:51.040Z,Honduras-Guatemala border region,earthquake,5.5,2.0,0.061,78.0,reviewed,us,us,2016-11-28,42024,Honduras-Guatemala border region,2
2016-12-15 16:34:53.460000+00:00,13.27,-90.7809,35.0,5.11,mw,,123.0,1.53,0.95,us,us20008124,2017-03-09T02:14:32.040Z,"72 km S of Puerto San José, Guatemala",earthquake,6.9,2.0,0.037,220.0,reviewed,us,us,2016-12-15,41902,Guatemala,1
2016-12-16 11:34:58.440000+00:00,14.0889,-90.8703,70.61,5.5,mww,,63.0,1.366,1.27,us,us2000819r,2025-12-22T17:32:45.860Z,"12 km S of Masagua, Guatemala",earthquake,6.6,3.7,,,reviewed,us,us,2016-12-16,41859,Guatemala,1
2016-12-19 21:18:32.060000+00:00,14.3637,-91.4191,89.83,5.2,mw,,148.0,0.311,1.38,us,us200082mc,2017-03-16T02:31:30.040Z,"9 km S of San José El Ídolo, Guatemala",earthquake,7.2,6.1,0.052,115.0,reviewed,us,us,2016-12-19,41880,Guatemala,1
2017-01-07 13:27:23.230000+00:00,13.5329,-91.21,43.88,5.2,mw,,124.0,1.092,1.3,us,us10007rvi,2022-05-03T18:08:27.553Z,"60 km SW of Puerto San José, Guatemala",earthquake,7.2,8.3,0.052,116.0,reviewed,us,us,2017-01-07,41883,Guatemala,1
2017-01-09 10:27:31.570000+00:00,15.296,-91.8189,190.73,4.94,mw,,119.0,0.306,1.13,us,us10007s3q,2017-04-01T00:26:06.040Z,"6 km NNE of Concepción Tutuapa, Guatemala",earthquake,9.5,7.1,0.065,70.0,reviewed,us,us,2017-01-09,41953,Guatemala,1
2017-02-16 13:33:42.080000+00:00,14.481,-90.5585,202.24,5.11,mw,,110.0,1.101,0.91,us,us20008k7u,2017-05-13T01:03:22.040Z,"2 km S of Petapa, Guatemala",earthquake,7.8,6.8,0.052,117.0,reviewed,us,us,2017-02-16,41904,Guatemala,1
2017-02-27 21:07:13.860000+00:00,14.0088,-91.5787,61.82,4.77,mw,,165.0,0.525,0.67,us,us100087i9,2017-05-24T02:48:10.040Z,"36 km SW of Nueva Concepción, Guatemala",earthquake,7.9,9.5,0.098,30.0,reviewed,us,us,2017-02-27,41975,Guatemala,1
2017-03-21 05:56:38.980000+00:00,13.8464,-92.3893,37.13,4.77,mw,,198.0,0.953,1.41,us,us20008vbq,2017-06-12T19:46:52.040Z,"71 km SW of Champerico, Guatemala",earthquake,7.4,7.4,0.105,26.0,reviewed,us,us,2017-03-21,42003,Guatemala,1
2017-04-18 23:39:28.490000+00:00,13.8232,-91.9947,44.61,5.2,mw,,143.0,0.755,1.02,us,us10008iur,2017-07-11T01:48:37.040Z,"52 km S of Champerico, Guatemala",earthquake,6.9,5.7,0.028,392.0,reviewed,us,us,2017-04-18,41879,Guatemala,1
2017-05-09 14:15:48.140000+00:00,13.7469,-90.5036,77.85,5.37,mw,,176.0,1.237,0.82,us,us10008qsy,2017-08-01T23:02:22.040Z,"30 km SE of Iztapa, Guatemala",earthquake,7.0,12.0,0.091,39.0,reviewed,us,us,2017-05-09,41862,Guatemala,1
2017-06-14 07:29:04.390000+00:00,14.9091,-92.0092,93.0,6.9,mww,,35.0,0.247,1.42,us,us20009mbt,2022-05-03T19:54:32.174Z,"2 km SSW of San Pablo, Guatemala",earthquake,2.8,2.2,0.026,146.0,reviewed,us,us,2017-06-14,42060,Guatemala,1
2017-06-14 21:14:52.460000+00:00,13.9489,-92.3821,10.0,5.37,mw,,84.0,0.878,1.11,us,us20009mim,2025-12-22T17:24:28.809Z,"63 km SW of Champerico, Guatemala",earthquake,4.7,1.8,0.04,204.0,reviewed,us,us,2017-06-14,42068,Guatemala,1
2017-06-22 12:31:03.490000+00:00,13.7174,-90.9718,38.12,6.8,mww,,38.0,1.065,1.46,us,us20009p1a,2022-05-03T18:59:48.269Z,"28 km SW of Puerto San José, Guatemala",earthquake,6.8,3.5,0.028,123.0,reviewed,us,us,2017-06-22,42060,Guatemala,1
2017-07-19 11:26:18.080000+00:00,14.4491,-90.4721,194.89,5.11,mw,,135.0,1.078,0.56,us,us20009xwz,2017-10-11T01:03:56.040Z,"3 km WSW of Fraijanes, Guatemala",earthquake,5.7,7.3,0.047,140.0,reviewed,us,us,2017-07-19,42158,Guatemala,1
2017-08-20 23:28:57.090000+00:00,14.0033,-91.8497,16.0,5.3,mww,,115.0,1.349,1.22,us,us2000aa12,2022-08-07T15:18:13.174Z,"32 km SSE of Champerico, Guatemala",earthquake,6.1,1.8,0.063,24.0,reviewed,us,us,2017-08-20,42095,Guatemala,1
2017-09-20 02:37:35.560000+00:00,14.5711,-90.9075,178.93,5.2,mw,,174.0,0.939,1.19,us,us2000arfs,2022-08-07T18:05:17.299Z,"4 km ENE of Acatenango, Guatemala",earthquake,9.8,6.8,0.041,189.0,reviewed,us,us,2017-09-20,42127,Guatemala,1
2017-11-01 21:29:01.470000+00:00,13.2343,-90.5007,45.69,4.43,mw,,193.0,1.314,0.56,us,us2000bljg,2018-01-24T01:25:04.040Z,"80 km SSE of Iztapa, Guatemala",earthquake,6.1,21.1,0.15,12.0,reviewed,us,us,2017-11-01,42200,Guatemala,1
2017-11-20 03:37:14.350000+00:00,13.8942,-90.8764,78.73,4.68,mw,,165.0,1.011,1.03,us,us2000brpw,2018-02-14T02:01:06.040Z,"6 km WSW of Puerto San José, Guatemala",earthquake,8.0,9.1,0.061,76.0,reviewed,us,us,2017-11-20,42351,Guatemala,1
2017-12-07 06:27:16.060000+00:00,13.7699,-92.4752,9.32,4.43,mw,,184.0,1.065,0.86,us,us2000c4el,2018-02-28T02:32:30.040Z,"83 km SW of Champerico, Guatemala",earthquake,3.2,7.7,0.211,6.0,reviewed,us,us,2017-12-07,42375,Guatemala,1
2017-12-15 09:07:43.960000+00:00,14.7213,-91.5224,101.12,5.1,mww,,45.0,0.257,1.3,us,us2000c4rw,2025-12-22T17:36:11.880Z,"8 km SSW of Zunil, Guatemala",earthquake,6.4,3.6,0.058,29.0,reviewed,us,us,2017-12-15,42258,Guatemala,1
2017-12-29 09:42:40.870000+00:00,13.8443,-92.0527,22.13,5.3,mww,,78.0,0.76,1.36,us,us1000bxl7,2025-12-22T17:36:14.298Z,"51 km SSW of Champerico, Guatemala",earthquake,4.7,4.4,0.089,12.0,reviewed,us,us,2017-12-29,42219,Guatemala,1
2018-01-04 11:43:06.610000+00:00,15.5007,-90.5691,40.45,4.94,mw,,142.0,1.696,1.49,us,us1000c0mp,2018-03-23T23:16:50.040Z,"11 km N of San Cristóbal Verapaz, Guatemala",earthquake,8.0,6.2,0.039,192.0,reviewed,us,us,2018-01-04,42267,Guatemala,1
2018-01-07 19:01:28.720000+00:00,13.4757,-91.256,49.19,4.85,mw,,163.0,1.979,1.09,us,us1000c1sh,2018-03-23T23:16:54.040Z,"68 km SW of Puerto San José, Guatemala",earthquake,8.9,11.2,0.074,54.0,reviewed,us,us,2018-01-07,42337,Guatemala,1
2018-02-09 10:19:55.490000+00:00,15.3199,-88.8958,10.0,4.6,mw,,44.0,0.506,0.98,us,us2000czfr,2022-08-08T00:11:37.565Z,"17 km SSW of Morales, Guatemala",earthquake,5.8,1.9,0.052,102.0,reviewed,us,us,2018-02-09,42358,Guatemala,2
2018-02-14 16:28:55.040000+00:00,15.1429,-91.0858,253.85,4.77,mw,,77.0,0.438,0.94,us,us2000d6z3,2018-05-15T06:29:06.040Z,"5 km S of San Bartolomé Jocotenango, Guatemala",earthquake,8.8,8.4,0.098,30.0,reviewed,us,us,2018-02-14,42342,Guatemala,1
2018-03-09 03:29:42.250000+00:00,13.3363,-92.6469,10.0,4.85,mw,,173.0,1.499,0.89,us,us1000dcx1,2018-06-08T05:12:16.040Z,"132 km SW of Champerico, Guatemala",earthquake,4.1,2.0,0.124,19.0,reviewed,us,us,2018-03-09,42328,Guatemala,1
2018-03-18 22:30:33.920000+00:00,15.4142,-92.0301,208.93,4.94,mw,,71.0,0.517,0.87,us,us1000d696,2018-06-11T21:53:51.040Z,"8 km W of Cuilco, Guatemala",earthquake,7.8,6.4,0.075,53.0,reviewed,us,us,2018-03-18,42305,Guatemala,1
2018-03-23 17:16:25.420000+00:00,14.383,-91.2201,104.24,4.94,mw,,129.0,0.481,0.95,us,us1000d865,2022-08-08T01:28:14.311Z,"5 km S of Santa Bárbara, Guatemala",earthquake,7.9,5.6,0.044,152.0,reviewed,us,us,2018-03-23,42300,Guatemala,1
2018-04-01 12:13:04.730000+00:00,14.2535,-92.0767,65.9,5.03,mw,,122.0,0.457,0.85,us,us1000dc3u,2018-06-22T21:32:19.040Z,"18 km WSW of Champerico, Guatemala",earthquake,9.3,7.3,0.057,92.0,reviewed,us,us,2018-04-01,42264,Guatemala,1
2018-04-08 05:08:20.900000+00:00,13.8832,-91.5365,21.43,5.2,mww,,34.0,0.655,1.19,us,us2000dwar,2022-05-03T19:10:00.853Z,"43 km SW of Nueva Concepción, Guatemala",earthquake,5.6,2.9,0.058,29.0,reviewed,us,us,2018-04-08,42236,Guatemala,1
2018-04-25 22:18:24.560000+00:00,14.2824,-89.9947,192.89,5.2,mw,,111.0,0.625,0.88,us,us1000dsd7,2018-07-25T21:36:49.040Z,"5 km ENE of Quesada, Guatemala",earthquake,6.6,4.9,0.05,125.0,reviewed,us,us,2018-04-25,42244,Guatemala,1
2018-05-11 21:34:26.750000+00:00,13.545,-91.6757,10.0,4.85,mw,,201.0,0.974,0.84,us,us1000e3av,2018-08-08T15:20:56.040Z,"83 km SSW of Nueva Concepción, Guatemala",earthquake,4.8,1.9,0.072,57.0,reviewed,us,us,2018-05-11,42436,Guatemala,1
2018-05-21 01:38:26.170000+00:00,14.802,-92.0221,113.44,4.51,mw,,153.0,0.257,0.76,us,us1000eqre,2018-08-21T21:23:57.040Z,"8 km SE of Catarina, Guatemala",earthquake,7.7,6.2,0.116,20.0,reviewed,us,us,2018-05-21,42506,Guatemala,1
2018-05-27 19:16:40.290000+00:00,14.2623,-89.8769,188.83,4.77,mw,,120.0,0.597,0.73,us,us1000ed0q,2018-08-21T21:23:54.040Z,"3 km SSE of Jutiapa, Guatemala",earthquake,10.4,8.7,0.109,24.0,reviewed,us,us,2018-05-27,42481,Guatemala,1
2018-06-04 15:06:45.380000+00:00,13.4221,-92.2834,10.0,5.1,mww,,68.0,1.235,1.34,us,us1000eigv,2025-12-22T17:48:18.234Z,"104 km SSW of Champerico, Guatemala",earthquake,6.0,1.8,0.048,42.0,reviewed,us,us,2018-06-04,42429,Guatemala,1
2018-06-18 02:32:55.870000+00:00,14.1325,-90.7154,99.17,5.7,mww,,51.0,0.899,1.45,us,us1000eu39,2022-05-03T19:19:43.027Z,"12 km SW of Guanagazapa, Guatemala",earthquake,6.1,3.2,0.065,23.0,reviewed,us,us,2018-06-18,42401,Guatemala,1
2018-06-25 04:04:05.820000+00:00,13.8348,-92.6001,10.0,4.6,mw,,179.0,1.114,1.02,us,us1000f0sy,2018-09-21T16:25:57.040Z,"86 km SSW of Ocós, Guatemala",earthquake,7.1,2.0,0.101,27.0,reviewed,us,us,2018-06-25,42495,Guatemala,1
2018-06-25 05:19:58.830000+00:00,13.6176,-90.7202,53.88,4.85,mw,,120.0,1.306,0.98,us,us1000f0tn,2018-09-21T16:25:57.040Z,"34 km S of Iztapa, Guatemala",earthquake,6.7,8.3,0.034,249.0,reviewed,us,us,2018-06-25,42455,Guatemala,1
2018-07-14 06:20:42.650000+00:00,14.6466,-91.7346,99.53,4.51,mw,,132.0,0.127,1.15,us,us2000g4wv,2018-10-02T16:40:40.040Z,"5 km N of El Asintal, Guatemala",earthquake,10.0,9.9,0.102,26.0,reviewed,us,us,2018-07-14,42536,Guatemala,1
2018-08-09 19:21:51.990000+00:00,13.5731,-91.2308,18.0,5.6,mww,,79.0,1.047,1.42,us,us1000g60s,2022-08-08T07:01:06.699Z,"59 km SW of Puerto San José, Guatemala",earthquake,6.9,1.7,0.046,45.0,reviewed,us,us,2018-08-09,42407,Guatemala,1
2018-08-23 00:28:50.140000+00:00,13.9157,-91.5724,21.08,4.43,mw,,178.0,0.616,1.24,us,us2000h623,2018-11-01T17:51:04.040Z,"43 km SW of Nueva Concepción, Guatemala",earthquake,7.0,4.8,0.3,3.0,reviewed,us,us,2018-08-23,42545,Guatemala,1
2018-09-03 18:11:34.460000+00:00,15.0661,-91.5483,179.11,4.94,mw,,96.0,0.254,1.23,us,us2000h78f,2018-11-14T17:40:12.040Z,"9 km N of San Carlos Sija, Guatemala",earthquake,10.1,6.7,0.042,172.0,reviewed,us,us,2018-09-03,42436,Guatemala,1
2018-09-14 09:01:14.760000+00:00,13.9142,-91.9951,35.0,4.51,mw,,168.0,0.673,0.99,us,us2000hi7j,2018-11-21T18:19:15.040Z,"42 km SSW of Champerico, Guatemala",earthquake,8.0,2.0,0.12,19.0,reviewed,us,us,2018-09-14,42517,Guatemala,1
2018-10-03 23:51:17.300000+00:00,15.2721,-90.9686,10.0,4.43,mw,,91.0,0.517,1.07,us,us1000h6pi,2022-08-08T08:54:06.179Z,"9 km SE of Cunén, Guatemala",earthquake,2.3,1.9,0.116,20.0,reviewed,us,us,2018-10-03,42548,Guatemala,1
2018-10-12 21:09:49.310000+00:00,14.1973,-91.1973,64.33,5.7,mww,,74.0,0.581,0.79,us,us1000hbcu,2022-05-03T19:35:21.374Z,"11 km E of Nueva Concepción, Guatemala",earthquake,6.1,3.8,0.043,51.0,reviewed,us,us,2018-10-12,42391,Guatemala,1
2018-10-15 09:05:42.040000+00:00,12.9354,-90.7679,10.0,5.2,mw,,165.0,1.671,1.14,us,us1000hc9i,2018-12-21T22:27:01.040Z,"109 km S of Puerto San José, Guatemala",earthquake,7.5,1.9,0.028,387.0,reviewed,us,us,2018-10-15,42415,Guatemala,1
2018-11-11 17:45:56.840000+00:00,14.3311,-91.5715,75.63,4.51,mw,,169.0,0.226,1.11,us,us1000hqlt,2019-01-21T16:42:52.040Z,"18 km SSW of San Lorenzo, Guatemala",earthquake,9.1,10.7,0.103,26.0,reviewed,us,us,2018-11-11,42745,Guatemala,1
2018-11-13 04:50:08.310000+00:00,13.1928,-90.5399,38.39,4.68,mw,,173.0,1.364,0.94,us,us1000hr6k,2019-01-30T18:36:23.040Z,"83 km SSE of Iztapa, Guatemala",earthquake,8.0,11.8,0.096,31.0,reviewed,us,us,2018-11-13,42683,Guatemala,1
2018-12-07 23:50:58.810000+00:00,14.1182,-91.1269,62.16,4.6,mw,,153.0,0.682,0.66,us,us1000i4nw,2019-02-16T19:52:30.040Z,"8 km WNW of La Gomera, Guatemala",earthquake,5.6,8.1,0.055,92.0,reviewed,us,us,2018-12-07,42734,Guatemala,1
2018-12-20 17:01:49.130000+00:00,14.1216,-90.2242,165.54,4.94,mw,,160.0,0.881,0.88,us,us2000j1sa,2019-02-23T20:23:05.040Z,"6 km NE of San Juan Tecuaco, Guatemala",earthquake,6.9,8.6,0.08,46.0,reviewed,us,us,2018-12-20,42577,Guatemala,1
2019-01-05 17:08:31.460000+00:00,14.9017,-91.4809,148.06,4.85,mw,,83.0,0.414,0.73,us,us2000j0ig,2019-03-08T17:50:16.040Z,"0 km SE of San Andrés Xecul, Guatemala",earthquake,5.1,4.8,0.046,140.0,reviewed,us,us,2019-01-05,42654,Guatemala,1
2019-01-29 06:48:54.060000+00:00,13.4789,-91.8141,53.94,4.85,mw,,154.0,1.045,1.42,us,us2000j9z8,2019-04-18T19:09:12.040Z,"90 km S of Champerico, Guatemala",earthquake,3.8,9.1,0.052,107.0,reviewed,us,us,2019-01-29,42601,Guatemala,1
2019-02-02 17:10:15.170000+00:00,13.5785,-92.6331,10.0,4.77,mw,,175.0,1.309,1.0,us,us2000jcfp,2019-04-18T19:09:11.040Z,"111 km SW of Champerico, Guatemala",earthquake,3.4,1.9,0.076,53.0,reviewed,us,us,2019-02-02,42658,Guatemala,1
2019-02-22 15:57:16.700000+00:00,14.4708,-92.0958,72.76,4.43,mw,,169.0,0.392,1.08,us,us1000jag5,2019-05-11T17:40:25.040Z,"11 km ESE of Ocós, Guatemala",earthquake,7.3,7.2,0.196,7.0,reviewed,us,us,2019-02-22,42747,Guatemala,1
2019-02-27 13:53:23.040000+00:00,15.3486,-91.7524,195.41,4.85,mw,,56.0,0.243,0.77,us,us2000jpji,2019-05-14T18:36:33.040Z,"5 km SSW of San Gaspar Ixchil, Guatemala",earthquake,7.9,3.2,0.108,25.0,reviewed,us,us,2019-02-27,42630,Guatemala,1
2019-03-08 02:07:55.704000+00:00,13.7522,-91.3213,10.0,4.68,mw,,173.0,0.849,1.11,us,us1000jc80,2019-05-24T21:21:16.040Z,"46 km SW of La Gomera, Guatemala",earthquake,4.7,2.0,0.063,72.0,reviewed,us,us,2019-03-08,42678,Guatemala,1
2019-04-16 04:04:50.240000+00:00,14.4449,-90.7312,79.12,4.85,mw,,150.0,0.936,0.58,us,us700036ss,2019-06-26T20:54:41.040Z,"5 km NW of Palín, Guatemala",earthquake,5.8,9.2,0.15,13.0,reviewed,us,us,2019-04-16,42614,Guatemala,1
2019-04-19 19:43:01.690000+00:00,14.103,-92.3268,35.0,5.11,mw,,134.0,0.742,1.0,us,us700039as,2025-12-22T18:08:08.612Z,"47 km SSW of Ocós, Guatemala",earthquake,5.5,1.9,0.032,297.0,reviewed,us,us,2019-04-19,42575,Guatemala,1
2019-04-30 14:13:02.473000+00:00,14.7309,-91.0066,232.52,4.68,mw,,110.0,0.697,0.38,us,us70003iwd,2019-07-25T18:54:02.040Z,"3 km SSW of Tecpán Guatemala, Guatemala",earthquake,9.2,7.1,0.069,59.0,reviewed,us,us,2019-04-30,42692,Guatemala,1
2019-05-02 21:48:04.407000+00:00,13.5433,-91.0,35.0,4.68,mw,,182.0,1.185,1.41,us,us70003g08,2019-07-25T18:54:10.040Z,"46 km SSW of Puerto San José, Guatemala",earthquake,7.8,2.0,0.07,57.0,reviewed,us,us,2019-05-02,42731,Guatemala,1
2019-05-09 18:23:59.669000+00:00,13.9108,-92.6577,10.0,5.03,mw,,134.0,1.061,1.09,us,us70003izk,2019-08-01T17:15:07.040Z,"83 km SW of Ocós, Guatemala",earthquake,5.8,1.9,0.03,347.0,reviewed,us,us,2019-05-09,42789,Guatemala,1
2019-05-22 04:13:28.605000+00:00,14.0378,-91.3177,63.03,4.85,mw,,177.0,0.606,0.74,us,us60003qhe,2019-08-13T14:30:29.040Z,"18 km S of Nueva Concepción, Guatemala",earthquake,8.5,9.1,0.057,91.0,reviewed,us,us,2019-05-22,42819,Guatemala,1
2019-06-13 03:31:12.130000+00:00,14.4642,-90.3759,208.04,5.03,mw,,125.0,0.985,0.7,us,us6000408k,2019-09-06T14:25:01.040Z,"7 km E of Fraijanes, Guatemala",earthquake,7.1,6.9,0.056,99.0,reviewed,us,us,2019-06-13,42804,Guatemala,1
2019-06-28 02:07:42.713000+00:00,13.565,-91.9167,35.0,4.51,mw,,231.0,0.977,1.24,us,us700046df,2019-09-14T16:08:15.040Z,"80 km S of Champerico, Guatemala",earthquake,3.4,2.0,0.071,54.0,reviewed,us,us,2019-06-28,42917,Guatemala,1
2019-07-03 00:55:09.799000+00:00,15.5701,-90.9159,10.0,4.85,mw,,88.0,0.618,0.81,us,us7000491e,2019-09-26T14:30:03.040Z,"15 km NE of Chajul, Guatemala",earthquake,9.1,2.0,0.045,149.0,reviewed,us,us,2019-07-03,42863,Guatemala,1
2019-07-13 01:36:09.745000+00:00,13.6501,-90.9716,35.0,4.94,mw,,131.0,1.117,1.18,us,us70004jfe,2019-09-28T20:01:17.040Z,"34 km SSW of Puerto San José, Guatemala",earthquake,8.0,2.0,0.033,276.0,reviewed,us,us,2019-07-13,42809,Guatemala,1
2019-08-26 09:44:34.963000+00:00,13.536,-92.3469,10.0,4.77,mw,,196.0,1.168,1.33,us,us70005889,2019-11-08T22:13:48.040Z,"96 km SSW of Champerico, Guatemala",earthquake,7.4,2.0,0.061,79.0,reviewed,us,us,2019-08-26,42878,Guatemala,1
2019-09-10 23:54:56.710000+00:00,14.1685,-92.2555,35.0,5.11,mw,,93.0,0.648,1.1,us,us70005eji,2025-12-22T18:16:29.775Z,"38 km S of Ocós, Guatemala",earthquake,5.9,1.9,0.026,448.0,reviewed,us,us,2019-09-10,42767,Guatemala,1
2019-09-12 01:33:31.619000+00:00,15.2936,-92.1112,155.98,4.51,mw,,64.0,0.117,0.77,us,us70005s5i,2019-12-05T18:31:13.040Z,"5 km WSW of Tectitán, Guatemala",earthquake,5.5,6.5,0.151,12.0,reviewed,us,us,2019-09-12,42885,Guatemala,1
2019-09-15 06:59:17.238000+00:00,13.6518,-91.4585,35.0,5.2,mww,,132.0,0.897,0.83,us,us70005glk,2025-12-22T18:16:50.859Z,"63 km SSW of Nueva Concepción, Guatemala",earthquake,4.0,1.8,0.068,21.0,reviewed,us,us,2019-09-15,42754,Guatemala,1
2019-09-17 19:11:42.323000+00:00,14.4531,-91.963,74.47,4.6,mwr,,162.0,0.269,0.96,us,us70005hl7,2022-08-08T16:03:32.145Z,"18 km NNW of Champerico, Guatemala",earthquake,7.6,6.5,0.086,13.0,reviewed,us,us,2019-09-17,42883,Guatemala,1
2019-10-19 18:33:54.316000+00:00,14.168,-90.0591,174.35,4.68,mw,,102.0,0.715,0.62,us,us70005w1e,2020-01-03T16:09:36.040Z,"6 km WNW of Jalpatagua, Guatemala",earthquake,7.3,7.5,0.076,52.0,reviewed,us,us,2019-10-19,42880,Guatemala,1
2019-11-01 20:25:21.722000+00:00,15.8191,-89.891,38.68,4.43,mw,,74.0,1.091,0.89,us,us7000624r,2020-01-18T20:00:53.040Z,"29 km NNW of Cahabón, Guatemala",earthquake,2.8,17.4,0.106,25.0,reviewed,us,us,2019-11-01,43082,Guatemala,1
2019-11-09 08:32:52.323000+00:00,14.5086,-90.2743,200.0,5.5,mww,,101.0,0.891,1.01,us,us600069n1,2025-12-22T17:56:08.623Z,"9 km WSW of Mataquescuintla, Guatemala",earthquake,7.7,1.9,0.038,65.0,reviewed,us,us,2019-11-09,42964,Guatemala,1
2019-11-30 07:44:21.562000+00:00,13.8429,-91.893,19.0,5.7,mww,,157.0,0.704,1.17,us,us70006eqm,2025-12-22T18:22:39.275Z,"49 km S of Champerico, Guatemala",earthquake,7.4,1.9,0.054,33.0,reviewed,us,us,2019-11-30,42959,Guatemala,1
2019-12-05 16:24:24+00:00,13.4758,-90.5244,53.02,4.6,mw,,130.0,1.455,1.09,us,us60006mfm,2020-02-29T19:52:56.040Z,"54 km SSE of Iztapa, Guatemala",earthquake,4.9,8.1,0.1,28.0,reviewed,us,us,2019-12-05,43065,Guatemala,1
2019-12-19 12:35:31.287000+00:00,13.7354,-91.2255,21.0,5.9,mww,,58.0,0.907,1.41,us,us70006ng5,2025-12-22T18:23:54.797Z,"42 km SSW of La Gomera, Guatemala",earthquake,7.3,1.6,0.034,85.0,reviewed,us,us,2019-12-19,42930,Guatemala,1
2019-12-20 03:08:52.430000+00:00,15.4263,-91.8267,204.56,4.85,mw,,128.0,0.33,0.86,us,us70006nwm,2020-03-07T17:47:36.040Z,"6 km W of Ixtahuacán, Guatemala",earthquake,7.9,5.5,0.083,43.0,reviewed,us,us,2019-12-20,42978,Guatemala,1
2019-12-21 20:30:05.959000+00:00,13.256,-91.0701,7.54,4.77,mw,,179.0,1.399,0.71,us,us70006pjs,2020-03-07T17:47:42.040Z,"78 km SSW of Puerto San José, Guatemala",earthquake,7.4,7.6,0.093,33.0,reviewed,us,us,2019-12-21,42982,Guatemala,1
2019-12-23 15:47:56.102000+00:00,13.764,-92.8614,10.0,5.8,mww,,73.0,1.36,0.87,us,us70006q68,2025-12-22T17:56:35.015Z,"109 km SW of Ocós, Guatemala",earthquake,6.8,1.8,0.036,73.0,reviewed,us,us,2019-12-23,42938,Guatemala,1
2019-12-23 23:09:46.039000+00:00,14.3585,-92.0378,58.13,4.85,mw,,175.0,0.371,1.08,us,us70006qce,2020-03-07T17:47:54.040Z,"15 km WNW of Champerico, Guatemala",earthquake,5.8,3.3,0.044,147.0,reviewed,us,us,2019-12-23,42979,Guatemala,1
2020-03-15 09:34:52.470000+00:00,14.8859,-91.1962,162.24,4.77,mw,,94.0,0.521,0.95,us,us60008fzz,2020-05-30T22:17:10.040Z,"8 km S of Patzité, Guatemala",earthquake,6.7,9.9,0.135,16.0,reviewed,us,us,2020-03-15,42980,Guatemala,1
2020-04-01 18:40:43.506000+00:00,14.7115,-92.1324,101.18,4.6,mw,,179.0,0.233,0.98,us,us700099nn,2020-06-21T00:54:34.040Z,"3 km NNE of Ciudad Tecún Umán, Guatemala",earthquake,4.0,4.1,0.215,6.0,reviewed,us,us,2020-04-01,42982,Guatemala,1
2020-05-05 12:02:32.991000+00:00,13.2784,-91.1182,8.0,5.5,mww,,126.0,1.359,1.04,us,us70009adl,2025-12-22T18:33:46.685Z,"78 km SSW of Puerto San José, Guatemala",earthquake,7.3,1.7,0.034,81.0,reviewed,us,us,2020-05-05,43128,Guatemala,1
2020-05-17 14:28:41.628000+00:00,12.8343,-90.9553,10.0,4.77,mw,,220.0,1.827,0.9,us,us70009iy4,2020-08-02T00:29:23.040Z,"121 km S of Puerto San José, Guatemala",earthquake,8.2,2.0,0.086,39.0,reviewed,us,us,2020-05-17,43261,Guatemala,1
2020-05-29 10:04:16.548000+00:00,13.6518,-91.4223,35.0,5.03,mw,,139.0,0.907,0.86,us,us6000a1m2,2025-12-22T18:35:06.399Z,"62 km SW of La Gomera, Guatemala",earthquake,7.2,2.0,0.029,375.0,reviewed,us,us,2020-05-29,43181,Guatemala,1
2020-05-31 11:47:25.665000+00:00,13.7731,-92.322,10.0,4.43,mw,,176.0,0.963,0.8,us,us6000a35i,2020-08-15T20:19:57.040Z,"72 km SW of Champerico, Guatemala",earthquake,7.0,2.0,0.134,15.0,reviewed,us,us,2020-05-31,43287,Guatemala,1
2020-06-05 19:20:54.282000+00:00,15.7507,-90.9834,10.0,4.51,mw,,61.0,0.659,1.19,us,us6000a6tp,2020-08-18T17:58:54.040Z,"12 km ESE of San Luis Ixcán, Guatemala",earthquake,2.9,1.9,0.081,47.0,reviewed,us,us,2020-06-05,43278,Guatemala,1
2020-07-09 03:52:13.171000+00:00,13.9337,-91.8895,35.0,4.43,mw,,159.0,0.617,0.97,us,us7000akjj,2020-09-19T20:57:59.040Z,"39 km S of Champerico, Guatemala",earthquake,6.5,2.0,0.071,54.0,reviewed,us,us,2020-07-09,43284,Guatemala,1
2020-08-04 19:17:51.654000+00:00,13.3483,-92.0069,5.48,5.8,mww,,26.0,1.208,1.02,us,us6000b9cc,2025-12-22T18:39:38.253Z,"105 km S of Champerico, Guatemala",earthquake,5.4,2.7,0.048,42.0,reviewed,us,us,2020-08-04,43116,Guatemala,1
2020-09-09 11:59:36.864000+00:00,15.3316,-91.6945,181.32,4.85,mw,,99.0,0.185,0.75,us,us7000bn35,2020-11-21T20:10:42.040Z,"6 km WNW of Santa Bárbara, Guatemala",earthquake,9.1,5.1,0.242,5.0,reviewed,us,us,2020-09-09,43243,Guatemala,1
2020-09-22 22:56:31.099000+00:00,14.2293,-92.323,62.19,5.11,mw,,184.0,0.675,0.96,us,us6000bzvq,2020-11-28T21:32:05.040Z,"34 km SSW of Ocós, Guatemala",earthquake,4.1,6.6,0.059,88.0,reviewed,us,us,2020-09-22,43142,Guatemala,1
2020-09-27 09:40:56.522000+00:00,14.2028,-90.7908,109.83,5.3,mww,,124.0,1.305,0.81,us,us6000c1w6,2025-12-22T19:05:31.543Z,"6 km E of Masagua, Guatemala",earthquake,7.0,6.7,0.034,82.0,reviewed,us,us,2020-09-27,43140,Guatemala,1
2020-10-09 06:27:50.354000+00:00,14.9052,-91.9157,109.22,4.85,mw,,120.0,0.337,0.51,us,us6000c6z8,2020-12-19T17:22:41.040Z,"2 km S of San Rafael Pie de la Cuesta, Guatemala",earthquake,6.3,4.9,0.096,32.0,reviewed,us,us,2020-10-09,43207,Guatemala,1
2020-10-12 06:06:55.814000+00:00,14.5717,-91.7423,100.9,5.1,mww,,131.0,0.065,0.95,us,us6000c7q4,2025-12-22T18:43:40.273Z,"3 km SSW of El Asintal, Guatemala",earthquake,4.4,3.9,0.043,53.0,reviewed,us,us,2020-10-12,43147,Guatemala,1
2020-10-14 00:40:02.070000+00:00,15.4921,-88.8688,10.0,4.68,mw,,87.0,1.186,1.0,us,us6000c856,2022-08-09T00:57:00.929Z,"3 km NW of Morales, Guatemala",earthquake,12.2,1.9,0.084,40.0,reviewed,us,us,2020-10-14,43273,Guatemala,2
2020-10-20 21:37:19.527000+00:00,13.6892,-90.6203,41.89,4.85,mw,,91.0,1.332,0.84,us,us6000cad1,2020-12-29T23:08:06.040Z,"28 km SSE of Iztapa, Guatemala",earthquake,12.6,5.5,0.075,52.0,reviewed,us,us,2020-10-20,43256,Guatemala,1
2020-10-23 18:21:18.961000+00:00,14.1517,-91.2007,73.42,4.6,mw,,154.0,0.605,0.77,us,us6000cc8q,2021-01-09T20:05:22.040Z,"11 km ESE of Nueva Concepción, Guatemala",earthquake,6.9,7.4,0.06,87.0,reviewed,us,us,2020-10-23,43276,Guatemala,1
2020-10-30 10:36:32.988000+00:00,13.4475,-92.3929,10.0,4.6,mw,,179.0,1.267,0.96,us,us7000c7xi,2021-01-18T23:01:47.040Z,"107 km SSW of Champerico, Guatemala",earthquake,7.8,2.0,0.078,46.0,reviewed,us,us,2020-10-30,43444,Guatemala,1
2020-12-05 19:30:32.528000+00:00,15.6389,-90.0179,2.09,4.68,mw,,62.0,0.764,0.67,us,us7000cnh0,2021-02-12T22:39:29.040Z,"9 km NW of Lanquín, Guatemala",earthquake,3.7,5.9,0.084,40.0,reviewed,us,us,2020-12-05,43433,Guatemala,1
2021-01-01 22:11:31.133000+00:00,13.3252,-90.8461,35.0,5.11,mw,,123.0,1.449,1.1,us,us6000d4vf,2025-12-22T19:06:23.796Z,"66 km S of Puerto San José, Guatemala",earthquake,3.0,1.9,0.027,429.0,reviewed,us,us,2021-01-01,43357,Guatemala,1
2021-01-02 18:49:12.710000+00:00,12.986,-91.08,10.0,4.77,mw,,201.0,1.642,0.93,us,us6000d7sp,2021-03-13T23:00:03.040Z,"107 km SSW of Puerto San José, Guatemala",earthquake,7.5,1.9,0.087,39.0,reviewed,us,us,2021-01-02,43401,Guatemala,1
2021-01-15 04:20:50.218000+00:00,13.5164,-91.936,10.0,4.77,mw,,183.0,1.029,1.1,us,us7000d07c,2021-03-27T21:04:29.040Z,"86 km S of Champerico, Guatemala",earthquake,4.7,1.9,0.063,74.0,reviewed,us,us,2021-01-15,43398,Guatemala,1
2021-01-15 16:10:52.240000+00:00,13.9469,-92.1506,21.0,5.8,mww,,86.0,0.724,1.26,us,us7000d0d0,2025-12-22T19:06:27.492Z,"46 km SW of Champerico, Guatemala",earthquake,6.0,1.8,0.045,47.0,reviewed,us,us,2021-01-15,43294,Guatemala,1
2021-02-01 20:53:19.898000+00:00,13.6975,-90.7714,83.66,4.94,mw,,178.0,1.216,0.51,us,us6000ddrb,2021-04-16T19:02:53.040Z,"26 km SSE of Puerto San José, Guatemala",earthquake,4.2,8.5,0.141,15.0,reviewed,us,us,2021-02-01,43371,Guatemala,1
2021-02-11 23:14:59.556000+00:00,14.3911,-91.5024,64.2,4.68,mw,,166.0,0.228,1.25,us,us6000dgtq,2022-08-09T02:48:49.298Z,"9 km SSW of Santo Domingo Suchitepéquez, Guatemala",earthquake,8.8,7.0,0.068,62.0,reviewed,us,us,2021-02-11,43436,Guatemala,1
2021-02-14 09:20:54.773000+00:00,13.6899,-91.3627,55.03,5.2,mw,,158.0,0.89,0.68,us,us6000dhkh,2021-04-23T21:04:33.040Z,"54 km SW of La Gomera, Guatemala",earthquake,7.3,4.8,0.084,46.0,reviewed,us,us,2021-02-14,43330,Guatemala,1
2021-03-18 01:55:17.402000+00:00,15.5211,-91.886,190.63,5.11,mw,,63.0,0.421,0.9,us,us7000dkfy,2021-05-26T22:08:46.040Z,"1 km WNW of La Libertad, Guatemala",earthquake,6.4,4.8,0.032,293.0,reviewed,us,us,2021-03-18,43358,Guatemala,1
2021-03-21 05:02:07.371000+00:00,14.0649,-92.6047,35.0,5.1,mww,,123.0,0.9,0.81,us,us7000dldd,2025-12-22T18:54:56.260Z,"66 km SW of Ocós, Guatemala",earthquake,3.8,1.8,0.05,39.0,reviewed,us,us,2021-03-21,43371,Guatemala,1
2021-03-29 01:49:08.471000+00:00,14.3227,-89.7413,226.19,4.94,mw,,95.0,0.453,1.1,us,us6000dx9w,2021-06-08T17:59:00.040Z,"3 km WSW of Asunción Mita, Guatemala",earthquake,8.0,5.8,0.035,242.0,reviewed,us,us,2021-03-29,43388,Guatemala,1
2021-05-17 15:08:56.093000+00:00,14.4714,-91.4686,97.48,4.6,mw,,157.0,0.225,0.94,us,us7000e3u0,2021-07-24T21:07:39.040Z,"1 km ESE of Santo Domingo Suchitepéquez, Guatemala",earthquake,8.4,2.9,0.078,45.0,reviewed,us,us,2021-05-17,43591,Guatemala,1
2021-05-23 07:29:01.733000+00:00,13.4592,-90.4821,43.5,4.68,mw,,156.0,1.023,0.79,us,us7000e5gd,2021-07-31T22:08:48.040Z,"57 km SSE of Iztapa, Guatemala",earthquake,3.2,12.9,0.044,144.0,reviewed,us,us,2021-05-23,43567,Guatemala,1
2021-06-02 10:28:48.810000+00:00,13.7972,-92.73,10.0,4.43,mw,,229.0,2.535,0.81,us,us7000earg,2021-08-07T22:07:12.040Z,"97 km SW of Ocós, Guatemala",earthquake,7.3,2.0,0.183,10.0,reviewed,us,us,2021-06-02,43642,Guatemala,1
2021-06-12 22:50:29.629000+00:00,13.438,-92.3265,10.0,4.51,mw,,209.0,1.462,0.99,us,us7000ecj1,2021-08-26T21:59:13.040Z,"104 km SSW of Champerico, Guatemala",earthquake,4.8,2.0,0.135,15.0,reviewed,us,us,2021-06-12,43592,Guatemala,1
2021-06-13 02:58:15.452000+00:00,14.0489,-91.4442,57.65,5.4,mww,,125.0,1.166,1.39,us,us7000eckp,2025-12-22T19:06:38.131Z,"22 km SW of Nueva Concepción, Guatemala",earthquake,7.0,4.5,0.044,49.0,reviewed,us,us,2021-06-13,43493,Guatemala,1
2021-07-13 08:29:05.305000+00:00,14.2021,-92.1368,46.24,4.94,mw,,123.0,0.712,1.3,us,us7000elgr,2021-09-17T22:50:07.040Z,"26 km WSW of Champerico, Guatemala",earthquake,5.2,7.6,0.027,420.0,reviewed,us,us,2021-07-13,43520,Guatemala,1
2021-07-18 04:33:00.314000+00:00,15.7532,-91.3386,10.0,4.94,mw,,137.0,0.93,1.31,us,us7000en2v,2021-09-25T21:08:03.040Z,"6 km SSW of Barillas, Guatemala",earthquake,4.6,1.9,0.031,315.0,reviewed,us,us,2021-07-18,43519,Guatemala,1
2021-07-25 05:21:32.129000+00:00,15.9776,-92.2645,205.9,5.0,mww,,95.0,0.326,0.42,us,us6000eyux,2025-12-22T22:12:10.859Z,Mexico-Guatemala border region,earthquake,8.1,6.1,0.058,29.0,reviewed,us,us,2021-07-25,43509,Mexico-Guatemala border region,-1
2021-07-30 11:59:00.822000+00:00,13.5076,-91.2252,35.0,4.68,mw,,149.0,1.733,0.91,us,us6000f0l2,2021-10-14T01:03:42.040Z,"63 km SW of Puerto San José, Guatemala",earthquake,8.2,2.0,0.064,69.0,reviewed,us,us,2021-07-30,43562,Guatemala,1
2021-08-23 13:23:49.592000+00:00,13.6739,-92.0535,10.0,4.77,mw,,109.0,1.445,1.11,us,us6000fa12,2021-11-02T14:54:41.040Z,"70 km SSW of Champerico, Guatemala",earthquake,7.2,1.9,0.047,132.0,reviewed,us,us,2021-08-23,43555,Guatemala,1
2021-08-24 16:16:42.787000+00:00,13.2729,-91.8658,10.0,5.4,mww,,98.0,1.67,1.13,us,us7000f39r,2025-12-22T22:24:33.936Z,"113 km S of Champerico, Guatemala",earthquake,4.3,1.8,0.041,58.0,reviewed,us,us,2021-08-24,43499,Guatemala,1
2021-10-13 14:21:48.777000+00:00,13.8224,-90.6391,98.94,4.85,mw,,207.0,0.838,0.6,us,us6000fu7u,2021-12-18T19:59:02.040Z,"14 km SSE of Iztapa, Guatemala",earthquake,9.2,7.7,0.049,125.0,reviewed,us,us,2021-10-13,43550,Guatemala,1
2021-11-18 16:56:56.794000+00:00,13.5668,-90.7812,27.62,5.8,mww,,63.0,1.298,1.35,us,us7000fv5p,2025-12-22T22:20:28.185Z,"40 km S of Puerto San José, Guatemala",earthquake,7.7,3.0,0.04,60.0,reviewed,us,us,2021-11-18,43678,Guatemala,1
2021-11-18 17:00:25.964000+00:00,14.1682,-90.1632,149.67,5.28,mw,,141.0,0.861,1.18,us,us7000fwhj,2022-01-22T20:52:11.040Z,"6 km SSE of Oratorio, Guatemala",earthquake,8.9,6.1,0.116,47.0,reviewed,us,us,2021-11-18,43704,Guatemala,1
2021-11-18 18:09:09.560000+00:00,13.0974,-91.0212,10.0,4.68,mw,,187.0,1.627,0.86,us,us7000fwhl,2022-01-22T20:52:11.040Z,"94 km SSW of Puerto San José, Guatemala",earthquake,5.5,2.0,0.102,27.0,reviewed,us,us,2021-11-18,43801,Guatemala,1
2021-12-14 21:22:15.873000+00:00,14.2868,-90.612,191.23,4.85,mw,,175.0,0.727,0.78,us,us6000gd5f,2022-02-24T21:02:20.040Z,"7 km NNE of Guanagazapa, Guatemala",earthquake,9.1,6.8,0.08,46.0,reviewed,us,us,2021-12-14,43734,Guatemala,1
2021-12-21 06:46:10.012000+00:00,13.3031,-92.3092,10.0,4.77,mw,,52.0,1.595,0.66,us,us6000ge3t,2022-03-01T16:38:48.040Z,"117 km SSW of Champerico, Guatemala",earthquake,4.7,1.8,0.054,99.0,reviewed,us,us,2021-12-21,43768,Guatemala,1
2022-01-01 09:35:01.615000+00:00,14.8283,-92.0444,103.82,4.77,mw,,142.0,0.385,0.72,us,us7000g8av,2022-03-12T22:18:59.040Z,"4 km SE of Catarina, Guatemala",earthquake,6.3,6.4,0.032,289.0,reviewed,us,us,2022-01-01,43754,Guatemala,1
2022-01-13 07:40:08.590000+00:00,13.6028,-91.3014,35.0,4.6,mw,,179.0,1.508,0.58,us,us7000gbk5,2022-03-19T22:07:57.040Z,"59 km SSW of La Gomera, Guatemala",earthquake,6.6,2.0,0.088,36.0,reviewed,us,us,2022-01-13,43810,Guatemala,1
2022-02-02 22:13:42.061000+00:00,13.919,-92.3862,30.14,5.11,mw,,91.0,0.989,1.04,us,us7000ghg0,2022-04-15T17:57:14.040Z,Near the coast of Guatemala,earthquake,6.0,4.4,0.042,175.0,reviewed,us,us,2022-02-02,43711,Near the coast of Guatemala,1
2022-02-16 07:12:22.847000+00:00,14.1476,-91.3982,60.0,6.2,mww,,32.0,1.129,1.11,us,us7000gl8w,2022-11-12T05:29:59.830Z,"12 km WSW of Nueva Concepción, Guatemala",earthquake,6.5,1.8,0.033,86.0,reviewed,us,us,2022-02-16,43678,Guatemala,1
2022-03-21 11:32:07.031000+00:00,15.1847,-91.6407,173.5,5.11,mw,,153.0,1.19,0.7,us,us6000h6dj,2022-05-28T18:35:22.040Z,"3 km SSW of Sipacapa, Guatemala",earthquake,12.1,8.3,0.031,328.0,reviewed,us,us,2022-03-21,43722,Guatemala,1
2022-03-30 16:00:58.820000+00:00,13.9532,-91.936,22.76,5.3,mww,,94.0,1.449,0.98,us,us7000gyfc,2022-06-04T20:42:24.040Z,"37 km S of Champerico, Guatemala",earthquake,7.1,3.1,0.044,50.0,reviewed,us,us,2022-03-30,43678,Guatemala,1
2022-04-20 15:14:22.332000+00:00,13.5984,-90.6325,51.21,4.77,mw,,175.0,0.881,0.9,us,us7000h6gq,2022-06-26T01:20:06.040Z,"37 km SSE of Iztapa, Guatemala",earthquake,8.6,7.9,0.087,38.0,reviewed,us,us,2022-04-20,43906,Guatemala,1
2022-05-06 16:51:07.328000+00:00,13.7073,-92.8103,10.0,5.2,mw,49.0,183.0,2.641,0.77,us,us7000h7l0,2022-07-09T21:40:07.040Z,"111 km SW of Ocós, Guatemala",earthquake,8.3,1.9,0.032,301.0,reviewed,us,us,2022-05-06,43831,Guatemala,1
2022-05-07 01:17:54.939000+00:00,14.1054,-91.2785,84.11,5.03,mw,86.0,136.0,1.191,1.22,us,us7000h7p6,2022-07-22T18:31:04.040Z,"10 km SSE of Nueva Concepción, Guatemala",earthquake,5.9,5.1,0.027,418.0,reviewed,us,us,2022-05-07,43869,Guatemala,1
2022-05-12 17:24:55.445000+00:00,12.7224,-91.5801,10.0,4.77,mw,33.0,230.0,2.083,0.79,us,us6000hm29,2022-07-22T18:31:00.040Z,"156 km SSW of Puerto San José, Guatemala",earthquake,9.6,1.9,0.097,31.0,reviewed,us,us,2022-05-12,43933,Guatemala,1
2022-05-28 14:50:56.455000+00:00,13.1715,-92.7313,10.0,4.77,mw,21.0,245.0,1.784,0.7,us,us7000hg9k,2022-08-06T22:13:31.040Z,Near the coast of Guatemala,earthquake,9.5,2.0,0.112,23.0,reviewed,us,us,2022-05-28,43910,Near the coast of Guatemala,1
2022-06-19 17:57:28.419000+00:00,13.1662,-90.6999,15.49,5.1,mww,73.0,95.0,1.155,0.72,us,us7000hik6,2022-08-28T03:18:51.040Z,"84 km S of Iztapa, Guatemala",earthquake,8.1,3.9,0.047,44.0,reviewed,us,us,2022-06-19,43847,Guatemala,1
2022-06-26 07:05:00.894000+00:00,14.6387,-90.8296,195.69,4.94,mw,131.0,142.0,0.338,0.58,us,us7000hkby,2022-09-03T21:03:40.040Z,"2 km NE of San Andrés Itzapa, Guatemala",earthquake,8.7,7.2,0.046,138.0,reviewed,us,us,2022-06-26,43891,Guatemala,1
2022-07-04 13:22:13.586000+00:00,13.3809,-90.0303,51.45,4.51,mw,42.0,188.0,0.572,0.78,us,us6000hzr5,2022-09-13T06:21:57.040Z,near the coast of Guatemala,earthquake,7.2,8.8,0.117,20.0,reviewed,us,us,2022-07-04,44000,near the coast of Guatemala,3
2022-07-08 16:15:55.931000+00:00,14.6186,-91.381,153.233,4.6,mw,26.0,164.0,0.859,0.68,us,us6000i0yk,2022-09-13T06:25:29.040Z,"3 km ESE of Santo Tomás La Unión, Guatemala",earthquake,9.31,7.264,0.136,15.0,reviewed,us,us,2022-07-08,43965,Guatemala,1
2022-07-31 08:00:14.851000+00:00,13.9792,-92.3494,35.0,4.51,mw,50.0,176.0,1.877,0.75,us,us6000i6xk,2024-01-18T16:41:59.516Z,"58 km SW of Champerico, Guatemala",earthquake,7.22,1.995,0.074,50.0,reviewed,us,us,2022-07-31,43995,Guatemala,1
2022-08-19 18:43:09.751000+00:00,14.0628,-90.6871,110.577,4.6,mw,71.0,161.0,0.501,0.74,us,us6000ic7f,2022-10-28T02:27:11.040Z,"14 km N of Iztapa, Guatemala",earthquake,4.34,6.314,0.072,56.0,reviewed,us,us,2022-08-19,43983,Guatemala,1
2022-08-30 13:42:35.521000+00:00,13.4163,-91.3143,35.0,4.77,mw,95.0,108.0,1.363,0.58,us,us7000i3nn,2022-11-06T04:37:32.040Z,"77 km SW of Puerto San José, Guatemala",earthquake,3.8,1.91,0.039,189.0,reviewed,us,us,2022-08-30,43898,Guatemala,1
2022-09-01 04:03:13.894000+00:00,13.8733,-91.9335,35.0,5.03,mw,65.0,97.0,1.538,0.93,us,us7000i47f,2022-11-06T04:36:35.040Z,"46 km S of Champerico, Guatemala",earthquake,6.53,1.668,0.026,463.0,reviewed,us,us,2022-09-01,43853,Guatemala,1
2022-09-19 10:29:30.187000+00:00,14.267,-92.0618,58.528,4.6,mw,57.0,131.0,0.667,1.13,us,us7000i98u,2022-11-26T20:57:41.040Z,"16 km W of Champerico, Guatemala",earthquake,6.4,6.529,0.054,97.0,reviewed,us,us,2022-09-19,43963,Guatemala,1
2022-09-25 21:30:21.709000+00:00,15.852,-88.4046,10.0,5.1,mwr,245.0,17.0,2.093,0.75,us,us7000iazy,2022-12-03T22:03:24.040Z,"24 km NE of Puerto Barrios, Guatemala",earthquake,2.0,1.735,0.052,36.0,reviewed,us,us,2022-09-25,43848,Guatemala,2
2022-10-01 08:05:39.268000+00:00,13.0108,-91.3486,10.0,4.68,mw,32.0,223.0,1.723,1.2,us,us6000ipxw,2022-12-10T22:52:29.040Z,"116 km SSW of Puerto San José, Guatemala",earthquake,8.89,1.984,0.116,21.0,reviewed,us,us,2022-10-01,43952,Guatemala,1
2022-10-06 12:01:59.447000+00:00,16.7529,-91.2759,22.913,4.6,mw,45.0,66.0,0.886,0.82,us,us6000irgi,2022-12-10T22:53:25.040Z,Mexico-Guatemala border region,earthquake,3.71,8.375,0.088,36.0,reviewed,us,us,2022-10-06,43989,Mexico-Guatemala border region,-1
2022-11-02 23:37:22.568000+00:00,14.1686,-92.1784,61.553,5.11,mw,131.0,94.0,0.74,0.88,us,us7000im2r,2023-01-12T23:11:06.040Z,"31 km WSW of Champerico, Guatemala",earthquake,5.71,4.79,0.054,104.0,reviewed,us,us,2022-11-02,44042,Guatemala,1
2022-11-12 04:39:46.329000+00:00,14.1024,-90.94,93.543,5.8,mww,117.0,60.0,0.605,0.95,us,us7000ip7p,2023-01-28T19:58:08.040Z,"12 km E of La Gomera, Guatemala",earthquake,5.44,2.956,0.031,103.0,reviewed,us,us,2022-11-12,44027,Guatemala,1
2022-11-17 17:43:05.131000+00:00,13.5409,-91.862,10.0,5.03,mw,84.0,94.0,1.414,0.91,us,us7000iqig,2023-01-28T19:58:23.040Z,"83 km S of Champerico, Guatemala",earthquake,5.13,1.672,0.05,121.0,reviewed,us,us,2022-11-17,44115,Guatemala,1
2022-12-11 15:03:11.145000+00:00,14.1437,-89.8707,189.564,5.0,mww,92.0,123.0,0.256,0.74,us,us6000j8lw,2023-02-18T22:04:04.040Z,"4 km W of Zapotitlán, Guatemala",earthquake,8.4,4.056,0.054,33.0,reviewed,us,us,2022-12-11,44133,Guatemala,1
2023-01-29 03:19:37.782000+00:00,15.3662,-91.7543,205.98,4.68,mw,24.0,146.0,0.982,0.79,us,us6000jmx4,2023-04-13T21:53:32.040Z,"3 km SW of San Gaspar Ixchil, Guatemala",earthquake,8.34,7.554,0.142,14.0,reviewed,us,us,2023-01-29,44181,Guatemala,1
2023-02-02 17:42:18.946000+00:00,14.0205,-91.4021,74.172,5.03,mw,130.0,89.0,1.013,0.56,us,us6000jl0g,2023-04-13T21:53:19.040Z,"22 km SSW of Nueva Concepción, Guatemala",earthquake,5.64,5.062,0.03,331.0,reviewed,us,us,2023-02-02,44119,Guatemala,1
2023-02-16 12:02:40.836000+00:00,13.178,-91.2382,14.918,5.1,mww,165.0,90.0,1.526,0.72,us,us6000jpdh,2023-04-22T21:33:13.040Z,near the coast of Guatemala,earthquake,6.62,3.013,0.048,42.0,reviewed,us,us,2023-02-16,44066,near the coast of Guatemala,1
2023-02-28 11:18:33.490000+00:00,13.3348,-92.9854,10.0,4.6,mw,20.0,266.0,2.692,0.31,us,us7000ji5q,2023-05-08T01:59:54.040Z,"155 km SSW of Ocós, Guatemala",earthquake,11.52,2.003,0.152,12.0,reviewed,us,us,2023-02-28,44187,Guatemala,1
2023-02-28 19:44:35.386000+00:00,13.6009,-90.7301,69.345,5.2,mww,209.0,74.0,0.953,0.77,us,us7000jgbl,2023-05-08T01:59:58.040Z,"36 km S of Iztapa, Guatemala",earthquake,6.18,4.455,0.043,52.0,reviewed,us,us,2023-02-28,44037,Guatemala,1
2023-03-14 10:35:46.288000+00:00,14.4412,-91.5121,116.622,4.6,mw,62.0,150.0,1.707,0.74,us,us7000jjsx,2023-05-20T23:20:23.040Z,Guatemala,earthquake,4.74,8.947,0.071,55.0,reviewed,us,us,2023-03-14,44185,Guatemala,1
2023-04-05 19:06:54.900000+00:00,15.1393,-91.1083,263.055,4.77,mw,109.0,95.0,2.537,0.67,us,us6000k27e,2023-06-13T03:12:48.040Z,"6 km SSW of San Bartolomé Jocotenango, Guatemala",earthquake,8.89,6.672,0.056,97.0,reviewed,us,us,2023-04-05,44145,Guatemala,1
2023-04-09 18:27:53.168000+00:00,13.7743,-92.5325,10.0,4.94,mw,70.0,109.0,1.156,0.76,us,us6000k33w,2023-06-17T21:36:41.040Z,"88 km SW of Champerico, Guatemala",earthquake,2.89,1.892,0.039,191.0,reviewed,us,us,2023-04-09,44145,Guatemala,1
2023-04-11 19:04:58.151000+00:00,14.3905,-90.4617,177.891,4.77,mw,71.0,83.0,0.82,0.76,us,us6000k5b7,2023-06-17T21:37:00.040Z,"8 km SSW of Fraijanes, Guatemala",earthquake,9.15,5.839,0.073,58.0,reviewed,us,us,2023-04-11,44159,Guatemala,1
2023-04-20 15:00:00.526000+00:00,13.7375,-91.3652,57.34,5.11,mw,174.0,78.0,1.549,0.69,us,us6000k5ss,2023-07-03T02:46:58.040Z,"50 km SW of La Gomera, Guatemala",earthquake,8.58,5.634,0.027,425.0,reviewed,us,us,2023-04-20,44213,Guatemala,1
2023-05-07 17:23:02.281000+00:00,13.3957,-90.8056,58.921,4.68,mw,142.0,115.0,1.117,0.75,us,us6000ka8w,2023-07-22T19:16:19.040Z,"58 km S of Puerto San José, Guatemala",earthquake,7.82,6.81,0.044,148.0,reviewed,us,us,2023-05-07,44312,Guatemala,1
2023-05-17 23:01:59.919000+00:00,15.1066,-90.8052,252.0,6.4,mww,349.0,37.0,1.556,0.86,us,us6000kcnb,2024-06-12T03:06:12.807Z,"8 km SE of Canillá, Guatemala",earthquake,6.92,1.674,0.024,174.0,reviewed,us,us,2023-05-17,44196,Guatemala,1
2023-06-13 09:31:53.165000+00:00,12.886,-90.9752,38.077,4.94,mw,128.0,175.0,1.541,0.46,us,us7000k857,2023-08-21T04:18:47.040Z,"116 km S of Puerto San José, Guatemala",earthquake,8.62,8.233,0.033,265.0,reviewed,us,us,2023-06-13,44260,Guatemala,1
2023-06-23 10:15:10.558000+00:00,14.0533,-90.9124,98.675,4.68,mw,127.0,151.0,1.11,0.46,us,us7000kaig,2023-08-26T20:54:27.040Z,"15 km ESE of La Gomera, Guatemala",earthquake,8.37,7.227,0.039,187.0,reviewed,us,us,2023-06-23,44272,Guatemala,1
2023-06-24 01:46:08.814000+00:00,14.5558,-90.6806,188.338,4.68,mw,30.0,124.0,1.089,0.52,us,us6000kpvr,2023-08-26T20:54:21.040Z,"1 km NW of Magdalena Milpas Altas, Guatemala",earthquake,10.61,7.301,0.08,45.0,reviewed,us,us,2023-06-24,44311,Guatemala,1
2023-07-03 17:28:10.696000+00:00,13.8524,-92.7155,10.0,4.6,mw,35.0,181.0,1.136,0.54,us,us7000kf3s,2023-09-09T21:55:11.040Z,"92 km SW of Ocós, Guatemala",earthquake,4.48,1.804,0.092,33.0,reviewed,us,us,2023-07-03,44367,Guatemala,1
2023-07-05 14:51:13.389000+00:00,13.5992,-92.5054,10.0,4.6,mw,41.0,233.0,1.321,0.34,us,us7000kfep,2023-09-09T21:55:15.040Z,"100 km SW of Champerico, Guatemala",earthquake,5.37,1.991,0.087,37.0,reviewed,us,us,2023-07-05,44354,Guatemala,1
2023-08-13 06:22:03.852000+00:00,14.3381,-89.7713,236.904,5.11,mw,108.0,129.0,0.433,0.56,us,us6000kzng,2023-10-27T21:39:00.040Z,"6 km W of Asunción Mita, Guatemala",earthquake,9.66,6.539,0.028,391.0,reviewed,us,us,2023-08-13,44223,Guatemala,1
2023-08-14 11:09:47.265000+00:00,14.2591,-91.7394,73.912,4.6,mw,50.0,155.0,1.934,0.48,us,us6000kzu8,2023-10-27T21:39:01.040Z,"19 km ESE of Champerico, Guatemala",earthquake,9.05,10.898,0.062,71.0,reviewed,us,us,2023-08-14,44347,Guatemala,1
2023-08-25 14:38:56.666000+00:00,13.3031,-91.6454,10.0,4.85,mw,52.0,168.0,1.909,0.57,us,us7000kqz8,2023-10-28T19:15:37.040Z,near the coast of Guatemala,earthquake,7.22,1.95,0.038,200.0,reviewed,us,us,2023-08-25,44261,near the coast of Guatemala,1
2023-09-18 08:38:13.221000+00:00,14.0922,-92.3444,35.0,4.6,mw,146.0,133.0,0.814,0.5,us,us7000kwf2,2023-12-02T23:01:07.040Z,"49 km SSW of Ocós, Guatemala",earthquake,4.62,1.922,0.047,129.0,reviewed,us,us,2023-09-18,44323,Guatemala,1
2023-09-25 06:57:45.859000+00:00,13.8654,-91.9861,35.0,4.94,mw,136.0,166.0,1.071,0.51,us,us7000kxy5,2023-12-09T22:00:45.040Z,"48 km S of Champerico, Guatemala",earthquake,6.7,1.934,0.032,284.0,reviewed,us,us,2023-09-25,44250,Guatemala,1
2023-10-08 03:39:54.718000+00:00,13.8993,-90.3988,97.871,4.77,mw,62.0,103.0,0.601,0.81,us,us6000ldy4,2023-12-16T22:13:05.040Z,"19 km S of Guazacapán, Guatemala",earthquake,7.16,4.442,0.046,138.0,reviewed,us,us,2023-10-08,44270,Guatemala,1
2023-10-27 13:23:59.032000+00:00,14.7448,-92.0963,103.182,4.43,mw,43.0,126.0,0.23,0.74,us,us7000l835,2024-01-04T04:22:25.040Z,"7 km WNW of Pajapita, Guatemala",earthquake,6.34,4.295,0.093,31.0,reviewed,us,us,2023-10-27,44519,Guatemala,1
2023-11-01 21:52:16.903000+00:00,13.5497,-90.7696,50.606,5.3,mww,209.0,54.0,1.288,0.71,us,us7000l875,2024-01-10T06:01:36.040Z,"42 km S of Puerto San José, Guatemala",earthquake,6.96,3.921,0.057,30.0,reviewed,us,us,2023-11-01,44401,Guatemala,1
2023-11-11 21:07:15.359000+00:00,15.8416,-89.1655,10.0,4.68,mw,42.0,81.0,2.018,0.68,us,us7000lae0,2024-01-13T23:11:39.040Z,"38 km NNE of El Estor, Guatemala",earthquake,6.84,1.956,0.086,38.0,reviewed,us,us,2023-11-11,44458,Guatemala,-1
2023-12-02 00:59:16.643000+00:00,15.1695,-91.6718,185.813,4.6,mw,32.0,114.0,1.193,0.59,us,us7000lgyl,2024-02-06T21:54:00.040Z,"6 km SW of Sipacapa, Guatemala",earthquake,8.65,5.506,0.118,20.0,reviewed,us,us,2023-12-02,44503,Guatemala,1
2023-12-03 17:03:55.525000+00:00,13.2133,-90.505,59.264,4.68,mw,68.0,116.0,0.983,0.94,us,us7000lfx4,2024-02-10T23:47:26.040Z,"82 km SSE of Iztapa, Guatemala",earthquake,9.03,7.363,0.076,50.0,reviewed,us,us,2023-12-03,44473,Guatemala,1
2023-12-12 21:07:08.497000+00:00,14.6225,-91.6098,115.425,4.94,mw,133.0,132.0,1.726,0.62,us,us7000lii1,2024-02-17T22:43:07.040Z,"1 km W of San Felipe, Guatemala",earthquake,9.26,6.397,0.048,130.0,reviewed,us,us,2023-12-12,44432,Guatemala,1
2023-12-14 17:55:01.836000+00:00,13.988,-91.3759,78.238,5.4,mww,205.0,91.0,1.552,0.83,us,us7000lj39,2024-02-17T22:43:09.040Z,"24 km SSW of Nueva Concepción, Guatemala",earthquake,3.38,4.279,0.057,30.0,reviewed,us,us,2023-12-14,44391,Guatemala,1
2023-12-27 09:35:40.171000+00:00,12.8348,-90.9498,35.0,4.94,mw,64.0,219.0,1.556,0.99,us,us6000lzzs,2024-03-02T21:39:32.040Z,"121 km S of Puerto San José, Guatemala",earthquake,9.88,1.998,0.069,62.0,reviewed,us,us,2023-12-27,44423,Guatemala,1
2024-01-07 20:48:05.886000+00:00,14.1237,-89.9055,199.38,4.6,mw,29.0,164.0,0.252,0.58,us,us6000m41y,2024-03-09T21:40:56.040Z,"1 km NE of Comapa, Guatemala",earthquake,10.07,6.66,0.124,18.0,reviewed,us,us,2024-01-07,44473,Guatemala,1
2024-01-22 05:45:13.906000+00:00,15.7657,-88.742,10.0,4.43,mw,27.0,64.0,1.973,0.29,us,us6000m5cx,2024-03-30T22:32:18.040Z,"6 km S of Lívingston, Guatemala",earthquake,4.94,1.964,0.134,15.0,reviewed,us,us,2024-01-22,44514,Guatemala,2
2024-01-22 21:52:54.093000+00:00,13.8003,-92.0793,35.251,4.94,mw,107.0,114.0,1.115,0.96,us,us7000lt1e,2024-03-30T22:32:30.040Z,"57 km SSW of Champerico, Guatemala",earthquake,2.54,6.695,0.06,83.0,reviewed,us,us,2024-01-22,44434,Guatemala,1
2024-01-27 05:52:48.419000+00:00,14.0636,-90.6159,90.0,6.1,mww,134.0,57.0,0.479,0.84,us,us7000luai,2024-09-15T05:04:21.428Z,"15 km W of Taxisco, Guatemala",earthquake,7.28,1.935,0.033,87.0,reviewed,us,us,2024-01-27,44386,Guatemala,1
2024-02-21 11:01:07.955000+00:00,14.5272,-90.2632,241.887,5.03,mw,125.0,103.0,0.227,0.67,us,us7000m0iw,2024-05-02T15:50:12.040Z,"8 km W of Mataquescuintla, Guatemala",earthquake,8.63,5.927,0.046,143.0,reviewed,us,us,2024-02-21,44422,Guatemala,1
2024-02-25 22:14:44.429000+00:00,14.0869,-91.8134,67.116,4.51,mw,39.0,203.0,1.35,0.93,us,us7000m1js,2024-05-02T15:50:14.040Z,"25 km SSE of Champerico, Guatemala",earthquake,8.17,9.655,0.099,28.0,reviewed,us,us,2024-02-25,44507,Guatemala,1
2024-03-03 16:28:14.662000+00:00,13.5452,-91.2468,46.266,4.6,mw,21.0,200.0,1.221,1.25,us,us6000mghg,2024-05-10T21:25:59.040Z,"62 km SW of Puerto San José, Guatemala",earthquake,8.64,14.573,0.099,30.0,reviewed,us,us,2024-03-03,44478,Guatemala,1
2024-03-08 06:04:43.166000+00:00,13.2216,-91.7034,29.081,4.77,mw,32.0,248.0,1.338,0.68,us,us6000mivu,2024-05-15T17:35:02.040Z,"116 km SSW of Nueva Concepción, Guatemala",earthquake,13.75,15.523,0.105,26.0,reviewed,us,us,2024-03-08,44447,Guatemala,1
2024-04-16 19:36:32.824000+00:00,13.9966,-91.2373,72.154,4.77,mw,52.0,108.0,0.64,0.95,us,us7000mci1,2024-06-25T21:02:51.040Z,"21 km WSW of La Gomera, Guatemala",earthquake,5.19,2.928,0.056,92.0,reviewed,us,us,2024-04-16,44627,Guatemala,1
2024-04-17 09:09:17.583000+00:00,15.2698,-91.5214,221.682,4.51,mw,26.0,106.0,0.706,0.55,us,us7000mcm9,2024-06-25T21:02:54.040Z,"3 km NW of Malacatancito, Guatemala",earthquake,9.68,8.153,0.139,14.0,reviewed,us,us,2024-04-17,44691,Guatemala,1
2024-05-07 01:15:47.428000+00:00,13.7955,-92.2561,10.0,4.6,mw,23.0,200.0,1.018,0.74,us,us6000myim,2024-07-20T22:20:01.040Z,"66 km SW of Champerico, Guatemala",earthquake,3.35,1.979,0.187,8.0,reviewed,us,us,2024-05-07,44678,Guatemala,1
2024-06-12 02:55:06.200000+00:00,14.8286,-90.4539,14.709,4.9,mww,46.0,67.0,0.298,0.91,us,us7000mrv6,2025-07-08T22:54:49.016Z,"5 km N of San Pedro Ayampuc, Guatemala",earthquake,2.35,4.448,0.069,20.0,reviewed,us,us,2024-06-12,44615,Guatemala,1
2024-06-22 00:38:03.188000+00:00,14.2734,-91.6358,69.656,4.85,mw,93.0,87.0,0.295,0.67,us,us7000mtvs,2024-08-30T18:17:07.040Z,"27 km SSW of San Lorenzo, Guatemala",earthquake,8.31,4.775,0.051,114.0,reviewed,us,us,2024-06-22,44625,Guatemala,1
2024-06-24 04:32:26.085000+00:00,14.2817,-90.5722,146.047,4.68,mw,32.0,161.0,0.259,0.83,us,us7000mu7v,2024-09-04T21:57:39.040Z,"9 km NE of Guanagazapa, Guatemala",earthquake,9.49,8.563,0.069,59.0,reviewed,us,us,2024-06-24,44655,Guatemala,1
2024-07-21 02:53:48.910000+00:00,14.6445,-89.9316,272.0,6.2,mww,138.0,29.0,0.56,1.04,us,us7000n0ka,2024-10-08T16:17:55.257Z,"6 km E of Jalapa, Guatemala",earthquake,7.64,1.867,0.025,155.0,reviewed,us,us,2024-07-21,44558,Guatemala,1
2024-07-22 04:30:44.148000+00:00,13.5067,-91.2277,40.054,4.51,mw,36.0,183.0,1.095,0.66,us,us7000n0s0,2024-10-08T21:49:16.005Z,"63 km SW of Puerto San José, Guatemala",earthquake,4.11,10.577,0.064,66.0,reviewed,us,us,2024-07-22,44701,Guatemala,1
2024-08-14 08:38:10.923000+00:00,13.1556,-92.2193,10.0,4.68,mw,42.0,104.0,1.95,1.19,us,us6000nk1b,2024-10-26T15:47:48.040Z,"130 km SSW of Champerico, Guatemala",earthquake,6.39,1.869,0.055,93.0,reviewed,us,us,2024-08-14,44654,Guatemala,1
2024-08-27 05:38:46.983000+00:00,14.3415,-92.1555,63.584,4.4,mwr,80.0,148.0,1.533,0.83,us,us6000nn0t,2024-11-09T21:18:11.040Z,"19 km SSE of Ocós, Guatemala",earthquake,7.35,6.747,0.073,18.0,reviewed,us,us,2024-08-27,44728,Guatemala,1
2024-09-06 15:52:38.308000+00:00,13.3537,-90.7453,48.832,5.1,mww,134.0,145.0,1.085,0.81,us,us6000nq33,2024-11-15T16:20:00.040Z,"64 km S of Puerto San José, Guatemala",earthquake,2.25,5.212,0.086,13.0,reviewed,us,us,2024-09-06,44559,Guatemala,1
2024-09-30 17:38:29.391000+00:00,13.0986,-91.0443,11.475,4.94,mw,68.0,145.0,1.467,0.91,us,us7000nha6,2024-12-14T14:50:49.040Z,"94 km SSW of Puerto San José, Guatemala",earthquake,7.26,5.425,0.047,133.0,reviewed,us,us,2024-09-30,44579,Guatemala,1
2024-10-03 01:54:42.809000+00:00,13.6571,-91.7403,35.0,4.43,mw,49.0,215.0,0.915,1.37,us,us7000nmml,2024-12-14T14:51:13.040Z,"72 km SSE of Champerico, Guatemala",earthquake,7.19,1.987,0.085,37.0,reviewed,us,us,2024-10-03,44725,Guatemala,1
2024-10-09 09:20:21.979000+00:00,13.815,-91.1308,70.561,4.68,mw,64.0,203.0,0.848,0.71,us,us6000nxhj,2024-12-23T15:46:15.040Z,"30 km SSW of La Gomera, Guatemala",earthquake,6.72,7.689,0.068,62.0,reviewed,us,us,2024-10-09,44798,Guatemala,1
2024-10-11 13:27:52.231000+00:00,15.3045,-90.8712,4.782,4.2,mwr,41.0,120.0,0.701,0.69,us,us6000ny2n,2024-12-23T15:46:51.040Z,"4 km S of Uspantán, Guatemala",earthquake,4.35,5.12,0.075,17.0,reviewed,us,us,2024-10-11,44890,Guatemala,1
2024-10-11 18:28:38.171000+00:00,14.4052,-91.2103,109.107,4.43,mw,24.0,168.0,0.701,0.43,us,us6000ny5a,2024-12-23T15:46:54.040Z,"3 km SSE of Santa Bárbara, Guatemala",earthquake,6.13,8.301,0.173,9.0,reviewed,us,us,2024-10-11,44877,Guatemala,1
2024-10-20 20:42:59.256000+00:00,13.42,-90.9966,35.0,4.77,mw,30.0,220.0,1.207,1.28,us,us6000nzx9,2024-12-26T23:03:48.040Z,"59 km SSW of Puerto San José, Guatemala",earthquake,5.08,1.984,0.124,19.0,reviewed,us,us,2024-10-20,44775,Guatemala,1
2024-11-01 22:57:06.937000+00:00,12.9631,-90.778,10.0,4.6,mw,23.0,187.0,1.347,0.46,us,us7000npgn,2025-01-16T18:46:35.040Z,"106 km S of Puerto San José, Guatemala",earthquake,4.41,1.965,0.075,50.0,reviewed,us,us,2024-11-01,44864,Guatemala,1
2024-11-19 10:22:20.156000+00:00,15.3049,-92.0939,170.023,4.43,mw,35.0,70.0,0.136,0.49,us,us7000nwd5,2025-01-30T17:00:36.040Z,"3 km W of Tectitán, Guatemala",earthquake,6.21,3.976,0.15,12.0,reviewed,us,us,2024-11-19,44864,Guatemala,1
2024-12-11 11:07:38.400000+00:00,14.3561,-92.203,48.478,4.68,mw,81.0,210.0,0.658,0.94,us,us7000nxtz,2025-02-18T20:02:55.040Z,"17 km S of Ocós, Guatemala",earthquake,5.66,9.605,0.061,77.0,reviewed,us,us,2024-12-11,44853,Guatemala,1
2024-12-12 10:26:48.858000+00:00,15.2083,-89.9801,10.0,4.68,mw,36.0,55.0,0.668,0.93,us,us7000ny4a,2025-02-18T20:02:56.040Z,"17 km ESE of Tucurú, Guatemala",earthquake,5.31,1.976,0.104,26.0,reviewed,us,us,2024-12-12,44858,Guatemala,1
2025-01-17 23:44:39.322000+00:00,12.5565,-91.1623,10.0,4.68,mw,19.0,247.0,1.898,1.4,us,us6000pmll,2025-03-29T22:12:47.040Z,"156 km SSW of Puerto San José, Guatemala",earthquake,9.71,2.006,0.161,11.0,reviewed,us,us,2025-01-17,44840,Guatemala,1
2025-01-23 01:56:55.712000+00:00,14.4711,-90.5525,188.477,5.11,mw,161.0,109.0,0.08,0.91,us,us6000plr3,2025-04-08T22:00:58.040Z,"2 km WSW of Villa Canales, Guatemala",earthquake,8.68,6.482,0.034,260.0,reviewed,us,us,2025-01-23,44736,Guatemala,1
2025-02-05 07:01:18.108000+00:00,13.9242,-91.5982,58.159,5.6,mww,110.0,62.0,0.633,0.89,us,us7000pbfb,2025-04-26T14:47:02.040Z,"44 km SW of Nueva Concepción, Guatemala",earthquake,5.24,4.131,0.037,71.0,reviewed,us,us,2025-02-05,44734,Guatemala,1
2025-02-10 08:11:20.239000+00:00,13.8792,-90.6251,99.064,4.85,mw,176.0,149.0,0.66,0.71,us,us7000pclr,2025-04-26T14:47:06.040Z,"10 km SE of Iztapa, Guatemala",earthquake,4.52,5.408,0.028,371.0,reviewed,us,us,2025-02-10,44745,Guatemala,1
2025-02-16 00:13:39.252000+00:00,13.038,-91.1419,10.0,4.7,mww,120.0,192.0,1.566,0.82,us,us7000pe1b,2025-05-02T16:26:19.040Z,"104 km SSW of Puerto San José, Guatemala",earthquake,6.49,1.913,0.063,24.0,reviewed,us,us,2025-02-16,44797,Guatemala,1
2025-02-16 20:47:26.890000+00:00,13.8119,-92.3969,10.0,4.9,mww,81.0,142.0,1.103,1.06,us,us7000pe58,2025-05-02T16:26:20.040Z,"74 km SW of Champerico, Guatemala",earthquake,5.63,1.907,0.068,21.0,reviewed,us,us,2025-02-16,44736,Guatemala,1
2025-03-01 02:28:32.108000+00:00,13.5727,-91.9089,10.0,4.68,mw,44.0,191.0,1.039,1.39,us,us6000pw7c,2025-05-08T19:24:43.040Z,"79 km S of Champerico, Guatemala",earthquake,7.84,1.974,0.081,43.0,reviewed,us,us,2025-03-01,44834,Guatemala,1
2025-03-14 15:05:39.851000+00:00,14.7073,-92.0953,92.459,4.77,mw,46.0,131.0,0.429,1.0,us,us6000pyuq,2025-05-17T19:19:58.040Z,"5 km NE of Ciudad Tecún Umán, Guatemala",earthquake,5.3,4.883,0.045,141.0,reviewed,us,us,2025-03-14,44757,Guatemala,1
2025-04-19 08:43:51.140000+00:00,13.7442,-91.8565,29.174,4.68,mw,110.0,181.0,0.861,0.8,us,us6000q772,2025-06-27T00:34:31.040Z,"61 km S of Champerico, Guatemala",earthquake,8.03,8.596,0.05,115.0,reviewed,us,us,2025-04-19,45038,Guatemala,1
2025-05-27 07:11:31.888000+00:00,13.6429,-91.3666,35.0,4.85,mw,185.0,154.0,0.93,1.17,us,us7000q1ql,2025-08-13T15:14:33.040Z,"59 km SW of La Gomera, Guatemala",earthquake,9.07,1.942,0.027,393.0,reviewed,us,us,2025-05-27,45027,Guatemala,1
2025-06-06 00:07:10.735000+00:00,15.0734,-91.2919,192.348,4.85,mw,64.0,83.0,0.571,1.08,us,us6000qibj,2025-08-20T16:08:56.040Z,"6 km NE of Santa María Chiquimula, Guatemala",earthquake,5.85,5.225,0.044,152.0,reviewed,us,us,2025-06-06,45027,Guatemala,1
2025-06-16 08:56:38.927000+00:00,14.5854,-91.5632,127.024,4.43,mw,52.0,128.0,0.026,0.56,us,us6000qkjv,2025-08-22T20:26:02.040Z,"2 km ENE of San Andrés Villa Seca, Guatemala",earthquake,8.27,10.675,0.076,47.0,reviewed,us,us,2025-06-16,45054,Guatemala,1
2025-06-28 19:35:22.701000+00:00,13.7159,-90.8717,66.31,5.0,mww,63.0,80.0,0.888,0.99,us,us7000q9e7,2025-09-04T20:40:01.040Z,"24 km SSW of Puerto San José, Guatemala",earthquake,6.19,5.363,0.05,38.0,reviewed,us,us,2025-06-28,44996,Guatemala,1
2025-07-08 21:41:31.063000+00:00,14.4503,-90.6483,10.0,5.7,mww,124.0,39.0,0.167,0.55,us,us7000qbfv,2026-06-07T22:41:43.883Z,"3 km SSW of Amatitlán, Guatemala",earthquake,5.44,1.778,0.056,31.0,reviewed,us,us,2025-07-08,44974,Guatemala,1
2025-07-24 01:50:40.564000+00:00,15.1364,-91.9166,169.648,4.68,mw,45.0,142.0,0.67,0.93,us,us6000quj4,2025-10-11T20:57:05.040Z,"3 km SSE of Ixchiguán, Guatemala",earthquake,8.32,6.963,0.104,26.0,reviewed,us,us,2025-07-24,45046,Guatemala,1
2025-07-29 07:18:04.171000+00:00,13.967,-92.5853,22.359,4.94,mw,71.0,157.0,1.158,1.25,us,us6000qvw8,2025-10-11T20:57:31.040Z,"73 km SW of Ocós, Guatemala",earthquake,6.19,7.071,0.03,329.0,reviewed,us,us,2025-07-29,45006,Guatemala,1
2025-07-29 21:25:23.916000+00:00,14.0663,-89.8711,10.0,5.7,mww,126.0,38.0,0.186,0.81,us,us6000qw59,2025-10-11T20:57:34.040Z,"6 km SE of Comapa, Guatemala",earthquake,7.3,0.967,0.044,50.0,reviewed,us,us,2025-07-29,44964,Guatemala,1
2025-08-09 20:40:57.876000+00:00,13.48,-92.3994,9.0,5.9,mww,128.0,86.0,1.35,0.99,us,us6000qzin,2025-10-25T13:40:36.040Z,"104 km SSW of Champerico, Guatemala",earthquake,7.43,1.861,0.031,99.0,reviewed,us,us,2025-08-09,44926,Guatemala,1
2025-08-17 05:59:51.245000+00:00,13.1891,-91.1097,10.0,5.4,mww,68.0,150.0,1.43,0.98,us,us6000r1p8,2025-11-04T16:43:50.040Z,"87 km SSW of Puerto San José, Guatemala",earthquake,6.89,1.895,0.04,60.0,reviewed,us,us,2025-08-17,44984,Guatemala,1
2025-08-25 06:54:51.918000+00:00,14.0785,-91.3783,86.886,4.94,mw,78.0,94.0,0.509,0.79,us,us6000r3l9,2025-11-12T16:25:41.040Z,"15 km SSW of Nueva Concepción, Guatemala",earthquake,7.63,6.925,0.044,151.0,reviewed,us,us,2025-08-25,45022,Guatemala,1
2025-10-14 00:47:40.463000+00:00,13.9504,-91.2257,62.751,4.43,mw,33.0,192.0,1.281,0.67,us,us6000rlf5,2026-01-01T23:11:18.040Z,"23 km SW of La Gomera, Guatemala",earthquake,7.56,11.403,0.111,22.0,reviewed,us,us,2025-10-14,45259,Guatemala,1
2025-10-21 23:06:08.963000+00:00,14.4479,-90.4307,177.934,5.03,mw,35.0,171.0,0.832,0.65,us,us6000rijz,2026-01-09T15:38:44.040Z,"2 km SSE of Fraijanes, Guatemala",earthquake,7.55,7.663,0.045,147.0,reviewed,us,us,2025-10-21,45111,Guatemala,1
2025-11-06 12:14:49.951000+00:00,14.0308,-91.8454,41.85,5.03,mw,106.0,179.0,1.143,0.85,us,us6000rlv6,2026-01-29T22:05:24.040Z,"29 km SSE of Champerico, Guatemala",earthquake,10.34,10.862,0.059,88.0,reviewed,us,us,2025-11-06,45104,Guatemala,1
2025-11-19 21:09:30.458000+00:00,13.7451,-90.3911,94.68,4.68,mw,55.0,160.0,3.034,0.65,us,us6000rp8c,2026-02-20T16:07:30.040Z,"32 km SW of Pasaco, Guatemala",earthquake,9.24,4.667,0.08,44.0,reviewed,us,us,2025-11-19,45236,Guatemala,1
2025-12-02 12:59:00.340000+00:00,14.7856,-91.0593,169.27,4.68,mw,28.0,161.0,1.52,0.75,us,us6000rvsk,2026-02-25T16:18:42.040Z,"7 km WNW of Tecpán Guatemala, Guatemala",earthquake,10.97,13.509,0.126,18.0,reviewed,us,us,2025-12-02,45250,Guatemala,1
2025-12-18 17:14:39.790000+00:00,13.7632,-92.0983,35.0,4.77,mw,45.0,161.0,2.504,0.46,us,us6000rvrj,2026-03-19T13:56:03.040Z,"62 km SSW of Champerico, Guatemala",earthquake,9.32,1.97,0.059,83.0,reviewed,us,us,2025-12-18,45235,Guatemala,1
2026-02-04 22:05:57.300000+00:00,14.9685,-91.4424,187.706,4.6,mw,30.0,177.0,1.467,0.71,us,us6000s6i8,2026-04-23T20:43:23.040Z,"2 km N of San Francisco El Alto, Guatemala",earthquake,9.61,6.613,0.11,23.0,reviewed,us,us,2026-02-04,45256,Guatemala,1
2026-02-22 14:56:51.492000+00:00,13.4132,-91.1054,49.949,4.94,mw,43.0,139.0,1.377,0.97,us,us6000sasi,2026-05-12T17:28:08.040Z,"64 km SSW of Puerto San José, Guatemala",earthquake,5.32,8.74,0.039,194.0,reviewed,us,us,2026-02-22,45140,Guatemala,1
2026-02-23 04:09:56.482000+00:00,13.3987,-90.7083,35.0,4.51,mw,36.0,202.0,1.032,1.1,us,us7000s2l8,2026-05-12T17:28:09.040Z,"59 km S of Iztapa, Guatemala",earthquake,6.71,1.916,0.104,25.0,reviewed,us,us,2026-02-23,45258,Guatemala,1
2026-03-09 02:52:37.894000+00:00,14.3802,-91.3271,104.168,4.8,mww,126.0,158.0,1.574,0.8,us,us7000s32w,2026-05-22T21:58:41.040Z,"2 km SSW of Río Bravo, Guatemala",earthquake,5.56,6.245,0.068,21.0,reviewed,us,us,2026-03-09,45217,Guatemala,1
2026-03-14 05:05:36.961000+00:00,13.8316,-90.7449,83.063,4.85,mw,100.0,167.0,0.94,0.73,us,us6000sg8b,2026-05-26T19:16:56.040Z,"11 km SSW of Iztapa, Guatemala",earthquake,8.9,10.381,0.051,115.0,reviewed,us,us,2026-03-14,45153,Guatemala,1
2026-03-15 00:22:49.294000+00:00,15.407,-91.7686,178.856,4.8,mww,70.0,99.0,0.939,1.06,us,us6000sgdf,2026-05-26T19:16:57.040Z,"1 km S of Ixtahuacán, Guatemala",earthquake,8.53,6.132,0.069,20.0,reviewed,us,us,2026-03-15,45169,Guatemala,1
2026-03-17 04:12:42.850000+00:00,12.722,-90.9568,10.0,4.68,mw,27.0,209.0,1.64,0.83,us,us7000s7v2,2026-05-26T19:17:08.040Z,"134 km S of Puerto San José, Guatemala",earthquake,8.21,1.925,0.125,18.0,reviewed,us,us,2026-03-17,45255,Guatemala,1
2026-03-18 17:35:31.067000+00:00,15.367,-89.0751,10.0,5.0,mww,110.0,52.0,1.608,0.69,us,us6000sh81,2026-05-26T19:17:04.040Z,"12 km N of Los Amates, Guatemala",earthquake,3.07,1.847,0.065,23.0,reviewed,us,us,2026-03-18,45127,Guatemala,2
2026-04-16 00:19:21.421000+00:00,13.3509,-92.4251,10.0,4.77,mw,30.0,218.0,1.848,0.64,us,us6000sqfn,2026-07-03T01:37:49.040Z,"118 km SSW of Champerico, Guatemala",earthquake,7.32,1.975,0.139,15.0,reviewed,us,us,2026-04-16,45327,Guatemala,1
2026-05-06 06:10:27.052000+00:00,15.3502,-91.884,169.678,4.77,mw,59.0,79.0,0.322,0.89,us,us6000svjf,2026-07-02T13:08:36.040Z,"9 km SE of Cuilco, Guatemala",earthquake,6.25,3.219,0.047,131.0,reviewed,us,us,2026-05-06,45308,Guatemala,1
2026-05-06 17:19:49.866000+00:00,14.7867,-91.5703,125.373,4.43,mw,49.0,196.0,1.584,0.86,us,us6000sxpx,2026-05-28T16:35:58.040Z,"7 km SW of Quetzaltenango, Guatemala",earthquake,9.18,9.711,0.085,39.0,reviewed,us,us,2026-05-06,45373,Guatemala,1
2026-05-17 04:03:55.274000+00:00,13.855,-91.9778,32.655,4.6,mw,14.0,209.0,0.811,0.64,us,us7000sqjl,2026-06-05T03:38:49.040Z,"49 km S of Champerico, Guatemala",earthquake,7.23,13.285,0.263,4.0,reviewed,us,us,2026-05-17,45349,Guatemala,1
2026-05-23 07:54:15.746000+00:00,12.6938,-90.8675,10.0,4.94,mw,78.0,152.0,1.601,1.12,us,us7000spbh,2026-06-16T13:05:54.040Z,"136 km S of Puerto San José, Guatemala",earthquake,7.39,1.936,0.063,76.0,reviewed,us,us,2026-05-23,45308,Guatemala,1
2026-05-25 00:55:16.597000+00:00,13.4216,-91.2384,35.0,4.77,mw,38.0,177.0,1.496,0.99,us,us6000szzp,2026-06-23T20:47:32.040Z,"71 km SW of Puerto San José, Guatemala",earthquake,7.55,1.96,0.058,86.0,reviewed,us,us,2026-05-25,45319,Guatemala,1
2026-06-07 15:33:57.677000+00:00,14.391,-91.9227,96.15,4.43,mw,36.0,203.0,1.891,1.02,us,us7000sr91,2026-06-21T18:55:40.040Z,"10 km N of Champerico, Guatemala",earthquake,4.95,11.663,0.084,38.0,reviewed,us,us,2026-06-07,45358,Guatemala,1
2026-06-16 12:09:43.107000+00:00,13.8981,-92.5586,37.068,4.68,mw,95.0,145.0,2.405,0.48,us,us7000sv5k,2026-07-09T13:59:46.040Z,"78 km SSW of Ocós, Guatemala",earthquake,7.76,8.199,0.06,78.0,reviewed,us,us,2026-06-16,45340,Guatemala,1
2026-06-22 04:00:26.850000+00:00,13.4249,-90.7542,45.812,5.03,mw,44.0,151.0,1.059,1.25,us,us7000sv2p,2026-06-22T17:24:09.448Z,"56 km S of Puerto San José, Guatemala",earthquake,7.86,10.408,0.035,251.0,reviewed,us,us,2026-06-22,45288,Guatemala,1
2026-06-25 11:32:53.561000+00:00,13.7334,-91.4359,35.0,4.51,mw,59.0,167.0,1.617,0.5,us,us6000t83n,2026-06-30T09:40:20.040Z,"53 km SSW of Nueva Concepción, Guatemala",earthquake,11.3,1.974,0.07,56.0,reviewed,us,us,2026-06-25,45355,Guatemala,1
2026-07-10 20:59:37.383000+00:00,15.7201,-91.8473,226.648,4.77,mw,36.0,128.0,2.695,0.91,us,us7000szki,2026-07-11T20:57:54.040Z,"5 km NW of Santa Ana Huista, Guatemala",earthquake,15.77,15.348,0.089,36.0,reviewed,us,us,2026-07-10,45325,Guatemala,1
