time,latitude,longitude,depth,mag,magType,nst,gap,dmin,rms,net,id,updated,place,type,horizontalError,depthError,magError,magNst,status,locationSource,magSource,Date,Day_Number,country,cluster
1900-06-21 20:52:00+00:00,10.0,-85.5,,7.2,mw,,,,,cent,cent19000621205200000,2025-04-19T23:59:13.005Z,Costa Rica,earthquake,,,,,reviewed,cent,cent,1900-06-21,0,Costa Rica,1
1904-12-20 05:44:20.440000+00:00,8.962,-84.042,10.0,7.29,mw,,,,,iscgem,iscgem16957832,2025-05-31T00:08:37.581Z,"53 km SSE of Quepos, Costa Rica",earthquake,,14.0,0.2,,reviewed,iscgem,iscgem,1904-12-20,1643,Costa Rica,1
1905-01-20 18:00:31.300000+00:00,10.082,-85.608,20.0,6.74,mw,,,,,iscgemsup,iscgemsup611451667,2022-05-09T15:26:02.200Z,"18 km WSW of Nicoya, Costa Rica",earthquake,,11.4,0.2,,reviewed,iscgemsup,iscgemsup,1905-01-20,1674,Costa Rica,1
1907-10-06 00:49:52.180000+00:00,10.0,-84.932,15.0,5.78,mw,,,,,iscgemsup,iscgemsup610548702,2022-05-09T15:25:30.476Z,"10 km WNW of Puntarenas, Costa Rica",earthquake,,13.4,0.56,,reviewed,iscgemsup,iscgemsup,1907-10-06,2663,Costa Rica,1
1910-05-05 00:27:38.760000+00:00,9.801,-83.87,15.0,6.13,mw,,,,,iscgemsup,iscgemsup610326359,2022-05-09T15:19:36.605Z,"1 km WNW of Orosí, Costa Rica",earthquake,,16.7,0.21,,reviewed,iscgemsup,iscgemsup,1910-05-05,3605,Costa Rica,1
1913-10-23 15:00:10.670000+00:00,10.065,-86.625,15.0,6.15,mw,,,,,iscgemsup,iscgemsup914100,2022-05-09T18:09:34.325Z,"115 km W of Santa Cruz, Costa Rica",earthquake,,11.8,0.32,,reviewed,iscgemsup,iscgemsup,1913-10-23,4872,Costa Rica,1
1916-02-27 20:21:02.640000+00:00,9.451,-87.336,15.0,7.26,mw,,,,,iscgem,iscgem913768,2022-04-26T00:02:05.539Z,"204 km WSW of Sámara, Costa Rica",earthquake,,25.0,0.47,,reviewed,iscgem,iscgem,1916-02-27,5729,Costa Rica,-1
1916-04-24 08:02:10.940000+00:00,10.11,-83.564,15.0,7.14,mw,,,,,iscgem,iscgem913794,2022-04-26T00:02:28.825Z,"6 km WNW of Siquirres, Costa Rica",earthquake,,4.6,0.4,,reviewed,iscgem,iscgem,1916-04-24,5786,Costa Rica,1
1918-06-22 22:05:45.200000+00:00,9.309,-83.905,15.0,5.89,mw,,,,,iscgem,iscgem913180,2022-04-25T23:55:49.853Z,"23 km WSW of San Isidro, Costa Rica",earthquake,,22.4,0.2,,reviewed,iscgem,iscgem,1918-06-22,6575,Costa Rica,1
1924-03-04 10:07:52.210000+00:00,9.587,-84.515,25.0,6.65,mw,,,,,iscgem,iscgem910853,2022-04-25T23:29:51.408Z,"12 km ESE of Jacó, Costa Rica",earthquake,,15.1,0.4,,reviewed,iscgem,iscgem,1924-03-04,8657,Costa Rica,1
1924-03-04 11:43:44.410000+00:00,9.906,-86.154,15.0,6.52,mw,,,,,iscgem,iscgem910854,2022-04-25T23:29:52.713Z,"68 km W of Sámara, Costa Rica",earthquake,,10.5,0.31,,reviewed,iscgem,iscgem,1924-03-04,8657,Costa Rica,1
1924-03-11 10:41:18.180000+00:00,10.081,-84.898,20.0,6.35,mw,,,,,iscgem,iscgem910860,2022-04-25T23:29:53.833Z,"13 km NNW of Puntarenas, Costa Rica",earthquake,,13.4,0.2,,reviewed,iscgem,iscgem,1924-03-11,8664,Costa Rica,1
1924-03-25 15:03:34.560000+00:00,10.531,-83.962,25.0,6.01,mw,,,,,iscgem,iscgem910884,2022-04-25T23:30:16.828Z,"35 km ENE of Pital, Costa Rica",earthquake,,13.7,0.2,,reviewed,iscgem,iscgem,1924-03-25,8678,Costa Rica,1
1925-01-26 19:02:20.780000+00:00,8.464,-83.327,15.0,6.24,mw,,,,,iscgem,iscgem910339,2022-04-25T23:24:13.379Z,"28 km WSW of Golfito, Costa Rica",earthquake,,9.8,0.43,,reviewed,iscgem,iscgem,1925-01-26,8985,Costa Rica,1
1926-10-19 20:48:43.800000+00:00,11.031,-82.243,15.0,6.01,mw,,,,,iscgem,iscgem910171,2022-04-25T23:20:15.418Z,"144 km NE of Limón, Costa Rica",earthquake,,25.0,0.26,,reviewed,iscgem,iscgem,1926-10-19,9616,Costa Rica,-1
1929-01-19 03:17:43.210000+00:00,8.199,-86.915,10.0,5.93,mw,,,,,iscgem,iscgem907864,2022-04-25T21:10:14.652Z,"240 km SW of Sámara, Costa Rica",earthquake,,25.0,0.3,,reviewed,iscgem,iscgem,1929-01-19,10439,Costa Rica,-1
1934-02-12 06:43:19.170000+00:00,9.4,-83.206,35.0,5.8,mw,,,,,iscgem,iscgem904788,2022-04-25T21:42:19.505Z,"28 km NNE of Buenos Aires, Costa Rica",earthquake,,9.3,0.2,,reviewed,iscgem,iscgem,1934-02-12,12289,Costa Rica,1
1935-08-01 16:08:21.810000+00:00,10.59,-85.444,15.0,6.19,mw,,,,,iscgem,iscgem904446,2022-04-25T21:35:20.071Z,"5 km S of Liberia, Costa Rica",earthquake,,22.5,0.22,,reviewed,iscgem,iscgem,1935-08-01,12824,Costa Rica,1
1936-03-20 18:46:27.200000+00:00,10.455,-84.409,15.0,5.84,mw,,,,,iscgem,iscgem903524,2022-04-25T21:21:05.944Z,"14 km N of Quesada, Costa Rica",earthquake,,10.3,0.2,,reviewed,iscgem,iscgem,1936-03-20,13056,Costa Rica,1
1936-11-26 02:12:02.650000+00:00,10.578,-83.956,15.0,6.1,mw,,,,,iscgem,iscgem903964,2022-04-25T21:30:32.957Z,"37 km ENE of Pital, Costa Rica",earthquake,,13.7,0.2,,reviewed,iscgem,iscgem,1936-11-26,13307,Costa Rica,1
1937-03-09 15:40:24.800000+00:00,8.85,-83.445,20.0,6.4,mw,,,,,iscgem,iscgem902989,2022-04-25T21:06:46.982Z,"14 km SE of Ciudad Cortés, Costa Rica",earthquake,,16.2,0.2,,reviewed,iscgem,iscgem,1937-03-09,13410,Costa Rica,1
1937-06-24 13:13:33.570000+00:00,8.154,-83.694,15.0,6.1,mw,,,,,iscgem,iscgem903129,2022-04-25T21:07:56.802Z,"80 km SW of Golfito, Costa Rica",earthquake,,6.8,0.2,,reviewed,iscgem,iscgem,1937-06-24,13517,Costa Rica,1
1939-06-18 16:46:01.560000+00:00,9.875,-83.782,15.0,6.04,mw,,,,,iscgem,iscgem902029,2022-04-25T20:47:41.376Z,"6 km WNW of Tucurrique, Costa Rica",earthquake,,16.7,0.43,,reviewed,iscgem,iscgem,1939-06-18,14241,Costa Rica,1
1939-12-21 20:54:52.930000+00:00,9.99,-84.412,25.0,7.59,mw,,,,,iscgem,iscgem902274,2022-04-25T20:51:00.330Z,"4 km WNW of Atenas, Costa Rica",earthquake,,32.4,0.53,,reviewed,iscgem,iscgem,1939-12-21,14427,Costa Rica,1
1940-10-27 05:35:39.730000+00:00,9.459,-84.367,35.0,6.72,mw,,,,,iscgem,iscgem901670,2022-04-26T19:39:04.847Z,"8 km SW of Parrita, Costa Rica",earthquake,,15.1,0.25,,reviewed,iscgem,iscgem,1940-10-27,14738,Costa Rica,1
1941-10-08 04:22:22.490000+00:00,10.503,-86.259,35.0,5.97,mw,,,,,iscgem,iscgem901031,2022-04-26T19:30:49.893Z,"66 km W of Sardinal, Costa Rica",earthquake,,19.4,0.64,,reviewed,iscgem,iscgem,1941-10-08,15084,Costa Rica,1
1941-12-05 20:47:03.200000+00:00,8.329,-83.694,20.0,7.47,mw,,,,,iscgem,iscgem901107,2022-04-26T19:32:18.253Z,"70 km WSW of Golfito, Costa Rica",earthquake,,9.8,0.26,,reviewed,iscgem,iscgem,1941-12-05,15142,Costa Rica,1
1941-12-06 01:25:06.410000+00:00,10.855,-85.148,15.0,6.01,mw,,,,,iscgem,iscgem901108,2022-04-26T19:32:24.026Z,"10 km S of San José, Costa Rica",earthquake,,25.0,0.37,,reviewed,iscgem,iscgem,1941-12-06,15143,Costa Rica,1
1941-12-06 21:24:49.340000+00:00,8.531,-84.637,15.0,6.94,mw,,,,,iscgem,iscgem901109,2022-04-26T19:32:29.472Z,"112 km SSW of Quepos, Costa Rica",earthquake,,25.0,0.23,,reviewed,iscgem,iscgem,1941-12-06,15143,Costa Rica,1
1943-07-04 09:52:04.500000+00:00,9.457,-84.544,25.0,5.94,mw,,,,,iscgem,iscgem899915,2022-04-26T19:12:29.787Z,"19 km SSE of Jacó, Costa Rica",earthquake,,15.1,0.2,,reviewed,iscgem,iscgem,1943-07-04,15718,Costa Rica,1
1948-11-19 01:04:20.260000+00:00,9.433,-83.749,25.0,6.34,mw,,,,,iscgem,iscgem897639,2022-04-26T18:45:43.161Z,"9 km NW of San Isidro, Costa Rica",earthquake,,4.8,0.36,,reviewed,iscgem,iscgem,1948-11-19,17683,Costa Rica,1
1949-11-13 04:42:37.560000+00:00,10.558,-85.752,25.0,6.08,mw,,,,,iscgem,iscgem897016,2022-04-26T18:38:20.706Z,"12 km WNW of Sardinal, Costa Rica",earthquake,,21.1,0.2,,reviewed,iscgem,iscgem,1949-11-13,18042,Costa Rica,1
1950-10-05 16:09:42.080000+00:00,10.481,-85.046,97.9,7.5,mw,,,,,iscgem,iscgem895887,2022-04-26T18:30:42.153Z,Costa Rica,earthquake,,5.2,0.4,,reviewed,iscgem,iscgem,1950-10-05,18368,Costa Rica,1
1950-10-17 22:07:25.070000+00:00,9.607,-84.85,15.0,5.69,mw,,,,,iscgem,iscgem895945,2022-04-26T18:31:17.779Z,"24 km W of Jacó, Costa Rica",earthquake,,15.2,0.52,,reviewed,iscgem,iscgem,1950-10-17,18405,Costa Rica,1
1950-11-11 13:51:14.810000+00:00,9.971,-85.64,25.0,5.77,mw,,,,,iscgem,iscgem896055,2022-04-26T18:32:21.614Z,"15 km NW of Sámara, Costa Rica",earthquake,,11.4,0.2,,reviewed,iscgem,iscgem,1950-11-11,18380,Costa Rica,1
1951-05-06 21:42:28.380000+00:00,10.883,-85.618,35.0,5.69,mw,,,,,iscgemsup,iscgemsup894317,2022-05-09T20:26:26.335Z,"21 km S of La Cruz, Costa Rica",earthquake,,25.0,0.89,,reviewed,iscgemsup,iscgemsup,1951-05-06,18581,Costa Rica,1
1951-06-05 01:34:19.010000+00:00,9.512,-86.036,30.2,5.63,mw,,,,,iscgem,iscgem894391,2022-04-26T18:15:17.258Z,"69 km SW of Sámara, Costa Rica",earthquake,,4.7,0.54,,reviewed,iscgem,iscgem,1951-06-05,18689,Costa Rica,1
1951-08-22 05:41:33.400000+00:00,9.754,-83.555,15.0,5.69,mw,,,,,iscgem,iscgem894643,2022-04-26T18:17:30.527Z,"12 km SSE of La Suiza, Costa Rica",earthquake,,4.6,0.49,,reviewed,iscgem,iscgem,1951-08-22,18611,Costa Rica,1
1952-05-13 19:31:42.850000+00:00,10.088,-85.211,35.0,6.42,mw,,,,,iscgem,iscgem892894,2022-04-26T18:02:53.321Z,"6 km NNW of Nandayure, Costa Rica",earthquake,,4.5,0.2,,reviewed,iscgem,iscgem,1952-05-13,19073,Costa Rica,1
1952-09-09 12:54:46.760000+00:00,8.984,-84.228,15.0,6.69,mw,,,,,iscgem,iscgem893379,2022-04-26T18:05:58.230Z,"49 km S of Quepos, Costa Rica",earthquake,,3.8,0.27,,reviewed,iscgem,iscgem,1952-09-09,18954,Costa Rica,1
1952-10-14 23:56:09.880000+00:00,8.214,-83.295,25.0,5.79,mw,,,,,iscgem,iscgem893551,2022-04-26T18:08:09.854Z,"47 km SSW of Golfito, Costa Rica",earthquake,,6.8,0.31,,reviewed,iscgem,iscgem,1952-10-14,19108,Costa Rica,1
1952-10-21 02:30:52.770000+00:00,9.423,-84.378,20.0,5.65,mw,,,,,iscgem,iscgem893580,2022-04-26T18:08:29.237Z,"12 km SSW of Parrita, Costa Rica",earthquake,,15.1,0.65,,reviewed,iscgem,iscgem,1952-10-21,19115,Costa Rica,1
1955-09-01 17:33:05.650000+00:00,10.101,-84.517,15.0,5.81,mw,,,,,iscgem,iscgem889879,2022-04-26T17:36:13.659Z,"5 km WNW of San Ramón, Costa Rica",earthquake,,32.4,0.36,,reviewed,iscgem,iscgem,1955-09-01,20160,Costa Rica,1
1956-07-19 23:26:29.700000+00:00,9.326,-84.474,25.0,5.83,mw,,,,,iscgem,iscgem888498,2022-04-26T17:25:20.074Z,"27 km SW of Parrita, Costa Rica",earthquake,,15.1,0.2,,reviewed,iscgem,iscgem,1956-07-19,20482,Costa Rica,1
1957-10-15 04:02:14.780000+00:00,8.781,-84.09,35.0,5.5,mw,,,,,iscgem,iscgem887375,2022-04-26T17:17:55.280Z,off the coast of Costa Rica,earthquake,,14.0,0.21,,reviewed,iscgem,iscgem,1957-10-15,20935,off the coast of Costa Rica,1
1958-06-06 09:11:22.600000+00:00,7.673,-84.645,35.0,6.37,mw,,,,,iscgem,iscgem884510,2022-04-26T16:58:44.262Z,"188 km SW of Ciudad Cortés, Costa Rica",earthquake,,25.0,0.2,,reviewed,iscgem,iscgem,1958-06-06,21169,Costa Rica,2
1959-01-13 08:34:08.500000+00:00,9.254,-84.035,30.0,5.71,mw,,,,,iscgem,iscgem881193,2022-04-26T16:39:49.549Z,"24 km SE of Quepos, Costa Rica",earthquake,,22.4,0.2,,reviewed,iscgem,iscgem,1959-01-13,21390,Costa Rica,1
1960-12-06 08:56:14.870000+00:00,8.52,-82.907,35.0,6.25,mw,,,,,iscgem,iscgem880940,2022-04-26T16:39:00.149Z,"7 km W of Canoas, Costa Rica",earthquake,,7.3,0.2,,reviewed,iscgem,iscgem,1960-12-06,22083,Costa Rica,1
1963-07-09 09:24:36.330000+00:00,8.427,-83.174,35.0,6.01,mw,,,,,iscgem,iscgem872692,2022-04-27T00:24:40.130Z,"20 km SSW of Golfito, Costa Rica",earthquake,,7.3,0.2,,reviewed,iscgem,iscgem,1963-07-09,23028,Costa Rica,1
1965-10-16 14:22:54.290000+00:00,9.027,-83.422,20.0,5.3,mw,,,,,iscgem,iscgem853164,2022-04-26T23:32:50.014Z,"13 km ENE of Ciudad Cortés, Costa Rica",earthquake,,3.6,0.38,,reviewed,iscgem,iscgem,1965-10-16,23858,Costa Rica,1
1966-03-27 18:53:41.080000+00:00,8.865,-83.467,25.0,5.73,mw,,,,,iscgem,iscgem849641,2022-04-26T23:25:07.026Z,"12 km SSE of Ciudad Cortés, Costa Rica",earthquake,,3.9,0.2,,reviewed,iscgem,iscgem,1966-03-27,24033,Costa Rica,1
1966-04-09 02:42:09.980000+00:00,9.418,-84.209,29.2,5.8,mw,,,,,iscgem,iscgem848237,2025-12-19T18:20:18.199Z,"5 km WSW of Quepos, Costa Rica",earthquake,,3.9,0.2,,reviewed,iscgem,iscgem,1966-04-09,24020,Costa Rica,1
1967-10-03 18:16:06.840000+00:00,10.941,-85.817,29.2,6.2,mw,,,,,iscgem,iscgem829954,2025-12-19T18:27:25.961Z,"24 km SW of La Cruz, Costa Rica",earthquake,,4.5,0.4,,reviewed,iscgem,iscgem,1967-10-03,24575,Costa Rica,1
1968-07-17 06:23:12.060000+00:00,10.273,-83.368,18.6,5.42,mw,,,,,iscgem,iscgem819096,2022-04-26T22:26:53.371Z,"21 km N of Batán, Costa Rica",earthquake,,3.8,0.36,,reviewed,iscgem,iscgem,1968-07-17,24863,Costa Rica,1
1968-12-27 11:45:20.820000+00:00,8.498,-82.839,15.0,5.21,mw,,,,,iscgem,iscgem814536,2022-04-26T22:16:36.327Z,"3 km S of Canoas, Costa Rica",earthquake,,7.3,0.28,,reviewed,iscgem,iscgem,1968-12-27,25026,Costa Rica,1
1969-07-11 07:51:05.920000+00:00,10.391,-85.452,35.0,5.19,mw,,,,,iscgem,iscgem806932,2022-04-26T22:04:02.488Z,"15 km E of Belén, Costa Rica",earthquake,,22.5,0.22,,reviewed,iscgem,iscgem,1969-07-11,25222,Costa Rica,1
1970-01-01 01:43:46.830000+00:00,8.543,-83.355,15.0,5.44,mw,,,,,iscgem,iscgem799554,2022-04-26T21:49:49.250Z,"27 km WSW of Golfito, Costa Rica",earthquake,,4.5,0.6,,reviewed,iscgem,iscgem,1970-01-01,25396,Costa Rica,1
1970-12-16 08:44:17.880000+00:00,8.787,-83.269,15.0,5.19,mw,,,,,iscgem,iscgem789220,2022-04-26T21:27:45.759Z,"26 km NW of Golfito, Costa Rica",earthquake,,16.2,0.35,,reviewed,iscgem,iscgem,1970-12-16,25916,Costa Rica,1
1971-06-05 14:20:44.260000+00:00,9.358,-84.279,27.5,5.7,mw,,,,,iscgem,iscgem783172,2025-12-19T19:54:54.127Z,"15 km WSW of Quepos, Costa Rica",earthquake,,4.5,0.2,,reviewed,iscgem,iscgem,1971-06-05,25745,Costa Rica,1
1971-08-05 22:58:08.830000+00:00,9.632,-84.078,21.1,5.27,mw,,,,,iscgem,iscgem780962,2022-04-26T21:07:47.237Z,"7 km WSW of San Marcos, Costa Rica",earthquake,,22.4,0.49,,reviewed,iscgem,iscgem,1971-08-05,25977,Costa Rica,1
1972-02-07 19:14:49.960000+00:00,8.499,-83.978,18.2,5.79,mw,,,,,iscgem,iscgem776055,2025-12-19T19:49:35.098Z,"71 km SW of Puerto Cortés, Costa Rica",earthquake,,3.8,0.2,,reviewed,iscgem,iscgem,1972-02-07,26163,Costa Rica,1
1973-01-10 20:09:27.200000+00:00,8.97,-84.026,33.0,5.11,mw,,,,,us,usp000003n,2014-11-06T23:21:07.543Z,"53 km SSE of Quepos, Costa Rica",earthquake,,,,,reviewed,us,us,1973-01-10,26545,Costa Rica,1
1973-02-23 19:36:48.600000+00:00,9.845,-83.493,33.0,5.03,mw,,,,,us,usp00000p2,2014-11-06T23:21:09.284Z,"13 km E of La Suiza, Costa Rica",earthquake,,,,,reviewed,us,us,1973-02-23,26595,Costa Rica,1
1973-04-14 08:34:00.100000+00:00,10.679,-84.759,33.0,6.51,mw,,,,,us,usp00001d9,2025-12-19T19:40:22.405Z,"26 km NNW of La Fortuna, Costa Rica",earthquake,,,,,reviewed,us,us,1973-04-14,26501,Costa Rica,1
1973-08-04 00:44:42.800000+00:00,9.838,-84.586,33.0,6.32,mw,,,,,us,usp00002zk,2025-12-19T19:35:35.186Z,"10 km SW of Orotina, Costa Rica",earthquake,,,,,reviewed,us,us,1973-08-04,26707,Costa Rica,1
1973-10-02 21:05:05.300000+00:00,10.527,-85.108,88.0,5.37,mw,,,,,us,usp00003nc,2014-11-06T23:21:20.607Z,"10 km N of Cañas, Costa Rica",earthquake,,,,,reviewed,us,us,1973-10-02,26782,Costa Rica,1
1973-10-18 01:09:04.800000+00:00,9.166,-83.981,41.0,5.54,mw,,,,,us,usp00003v3,2025-12-19T19:34:21.772Z,"35 km SE of Quepos, Costa Rica",earthquake,,,,,reviewed,us,us,1973-10-18,26766,Costa Rica,1
1973-11-11 20:02:22.100000+00:00,10.844,-85.78,88.0,5.11,mw,,,,,us,usp000044e,2014-11-06T23:21:21.243Z,"30 km SSW of La Cruz, Costa Rica",earthquake,,,,,reviewed,us,us,1973-11-11,26806,Costa Rica,1
1973-12-16 07:20:57.100000+00:00,10.942,-84.49,33.0,5.37,mw,,,,,us,usp00004jg,2014-11-06T23:21:21.870Z,"26 km ESE of Los Chiles, Costa Rica",earthquake,,,,,reviewed,us,us,1973-12-16,26865,Costa Rica,1
1974-01-09 22:27:24.100000+00:00,10.999,-85.777,144.0,5.2,mw,,,,,us,usp00004vn,2014-11-06T23:21:22.339Z,"17 km WSW of La Cruz, Costa Rica",earthquake,,,,,reviewed,us,us,1974-01-09,26915,Costa Rica,1
1974-02-28 20:20:10.200000+00:00,9.336,-84.064,46.0,6.22,mw,,,,,us,usp00005f2,2025-12-19T19:32:22.707Z,"15 km SE of Quepos, Costa Rica",earthquake,,,,,reviewed,us,us,1974-02-28,26841,Costa Rica,1
1974-05-24 09:26:19.800000+00:00,10.438,-83.508,33.0,5.03,mw,,,,,us,usp00006fs,2022-04-27T18:24:25.434Z,"31 km NNE of Pocora, Costa Rica",earthquake,,,,,reviewed,us,us,1974-05-24,27000,Costa Rica,1
1974-10-18 07:45:05.500000+00:00,8.446,-83.167,33.0,4.51,mw,,,,,us,usp00008f5,2014-11-06T23:21:26.896Z,"18 km SSW of Golfito, Costa Rica",earthquake,,,,,reviewed,us,us,1974-10-18,27147,Costa Rica,1
1974-12-07 14:25:48.300000+00:00,9.843,-85.235,43.0,5.11,mw,,,,,us,usp000091a,2014-11-06T23:21:27.716Z,"21 km S of Nandayure, Costa Rica",earthquake,,,,,reviewed,us,us,1974-12-07,27264,Costa Rica,1
1975-02-12 22:35:45.400000+00:00,9.852,-85.778,68.0,4.68,mw,,,,,us,usp00009wv,2014-11-06T23:21:28.858Z,"27 km W of Sámara, Costa Rica",earthquake,,,,,reviewed,us,us,1975-02-12,27327,Costa Rica,1
1975-04-16 04:46:21.400000+00:00,10.456,-85.813,69.0,5.62,mw,,,,,us,usp0000amz,2022-04-27T17:47:49.002Z,"19 km WSW of Sardinal, Costa Rica",earthquake,,,,,reviewed,us,us,1975-04-16,27197,Costa Rica,1
1975-05-23 00:56:39.300000+00:00,10.312,-86.532,17.0,4.77,mw,,,,,us,usp0000b4n,2014-11-06T23:21:30.405Z,"99 km WSW of Sardinal, Costa Rica",earthquake,,,,,reviewed,us,us,1975-05-23,27474,Costa Rica,1
1975-05-23 10:28:29.700000+00:00,10.313,-86.123,67.0,4.94,mw,,,,,us,usp0000b4x,2014-11-06T23:21:30.410Z,"56 km WSW of Sardinal, Costa Rica",earthquake,,,,,reviewed,us,us,1975-05-23,27465,Costa Rica,1
1975-06-18 18:33:36+00:00,10.994,-85.089,182.0,5.03,mw,,,,,us,usp0000bnb,2014-11-06T23:21:30.936Z,"6 km NE of San José, Costa Rica",earthquake,,,,,reviewed,us,us,1975-06-18,27390,Costa Rica,1
1975-09-01 21:50:36.800000+00:00,8.622,-83.17,28.0,5.45,mw,,,,,us,usp0000cp1,2014-11-06T23:21:31.804Z,"6 km WNW of Golfito, Costa Rica",earthquake,,,,,reviewed,us,us,1975-09-01,27364,Costa Rica,1
1975-09-10 02:24:32.500000+00:00,11.04,-85.506,31.0,5.11,mw,,,,,us,usp0000crr,2014-11-06T23:21:31.902Z,"14 km ESE of La Cruz, Costa Rica",earthquake,,,,,reviewed,us,us,1975-09-10,27364,Costa Rica,1
1975-09-20 15:09:10.800000+00:00,10.744,-86.23,87.0,4.68,mw,,,,,us,usp0000cvx,2014-11-06T23:21:32.079Z,off the coast of Costa Rica,earthquake,,,,,reviewed,us,us,1975-09-20,27499,off the coast of Costa Rica,1
1975-10-05 17:21:31+00:00,9.388,-84.342,61.0,4.77,mw,,,,,us,usp0000d24,2014-11-06T23:21:32.205Z,"14 km S of Parrita, Costa Rica",earthquake,,,,,reviewed,us,us,1975-10-05,27484,Costa Rica,1
1976-01-07 06:22:36.700000+00:00,8.968,-84.103,33.0,4.85,mw,,,,,us,usp0000eaz,2014-11-06T23:21:33.415Z,"51 km S of Quepos, Costa Rica",earthquake,,,,,reviewed,us,us,1976-01-07,27696,Costa Rica,1
1976-02-25 16:29:00.500000+00:00,10.431,-85.142,66.0,5.45,mw,,,,,us,usp0000f7d,2025-12-19T20:22:56.025Z,"4 km W of Cañas, Costa Rica",earthquake,,,,,reviewed,us,us,1976-02-25,27642,Costa Rica,1
1976-02-26 23:25:25.500000+00:00,8.347,-87.463,33.0,4.94,mw,,,,,us,usp0000f82,2014-11-06T23:21:34.218Z,"272 km SW of Sámara, Costa Rica",earthquake,,,,,reviewed,us,us,1976-02-26,27643,Costa Rica,-1
1976-04-19 11:15:15.500000+00:00,9.455,-84.254,36.0,6.18,mw,,,,,us,usp0000fye,2022-04-27T17:12:05.156Z,"10 km SE of Parrita, Costa Rica",earthquake,,,,,reviewed,us,us,1976-04-19,27593,Costa Rica,1
1976-07-12 04:45:10.700000+00:00,10.227,-84.516,120.0,4.85,mw,,,,,us,usp0000ha6,2014-11-06T23:21:36.173Z,"14 km WNW of Zarcero, Costa Rica",earthquake,,,,,reviewed,us,us,1976-07-12,27869,Costa Rica,1
1976-10-09 12:31:15.800000+00:00,10.837,-85.756,85.0,5.54,mw,,,,,us,usp0000jtu,2014-11-06T23:21:37.672Z,"29 km SSW of La Cruz, Costa Rica",earthquake,,,,,reviewed,us,us,1976-10-09,27780,Costa Rica,1
1976-11-27 03:43:51.800000+00:00,10.883,-85.763,49.0,4.85,mw,,,,,us,usp0000kgr,2014-11-06T23:21:38.389Z,"25 km SW of La Cruz, Costa Rica",earthquake,,,,,reviewed,us,us,1976-11-27,28049,Costa Rica,1
1976-12-01 14:15:39+00:00,9.77,-84.77,58.0,5.54,mw,,,,,us,usp0000kk4,2025-12-19T20:15:03.506Z,"18 km ESE of Paquera, Costa Rica",earthquake,,,,,reviewed,us,us,1976-12-01,27922,Costa Rica,1
1976-12-14 22:35:24.600000+00:00,10.196,-83.914,97.0,4.94,mw,,,,,us,usp0000krv,2014-11-06T23:21:38.599Z,"14 km W of Guápiles, Costa Rica",earthquake,,,,,reviewed,us,us,1976-12-14,27941,Costa Rica,1
1976-12-20 10:18:56.800000+00:00,9.27,-83.932,66.0,5.71,mw,,,,,us,usp0000kuu,2025-12-19T20:15:28.145Z,"27 km WSW of San Isidro, Costa Rica",earthquake,,,,,reviewed,us,us,1976-12-20,27918,Costa Rica,1
1977-04-07 17:27:32.600000+00:00,10.061,-84.35,33.0,5.2,mw,,,,,us,usp0000n9z,2022-04-27T16:28:27.917Z,"5 km SE of Naranjo, Costa Rica",earthquake,,,,,reviewed,us,us,1977-04-07,27935,Costa Rica,1
1977-05-30 10:20:11.600000+00:00,7.732,-85.043,15.0,4.85,mw,,,,,us,usp0000p37,2014-11-06T23:21:42.168Z,"211 km SSW of Quepos, Costa Rica",earthquake,,,,,reviewed,us,us,1977-05-30,28145,Costa Rica,2
1977-06-17 22:54:30.100000+00:00,10.19,-85.699,27.0,5.03,mw,,,,,us,usp0000pbj,2014-11-06T23:21:42.567Z,"14 km WSW of Santa Cruz, Costa Rica",earthquake,,,,,reviewed,us,us,1977-06-17,28120,Costa Rica,1
1977-07-12 09:23:30+00:00,10.022,-83.061,33.0,4.51,mw,,,,,us,usp0000ppt,2014-11-06T23:21:42.936Z,"4 km NW of Limón, Costa Rica",earthquake,,,,,reviewed,us,us,1977-07-12,28258,Costa Rica,1
1977-11-02 05:51:37.400000+00:00,10.822,-85.776,71.0,5.11,mw,,,,,us,usp0000rbb,2014-11-06T23:21:45.046Z,"31 km SSW of La Cruz, Costa Rica",earthquake,,,,,reviewed,us,us,1977-11-02,28102,Costa Rica,1
1977-11-11 04:29:25.400000+00:00,9.708,-84.653,52.0,4.85,mw,,,,,us,usp0000rf2,2014-11-06T23:21:45.163Z,"10 km NNW of Jacó, Costa Rica",earthquake,,,,,reviewed,us,us,1977-11-11,28321,Costa Rica,1
1977-12-03 12:24:06.700000+00:00,9.259,-84.686,59.0,5.11,mw,,,,,us,usp0000rx2,2014-11-06T23:21:45.770Z,"39 km S of Jacó, Costa Rica",earthquake,,,,,reviewed,us,us,1977-12-03,28289,Costa Rica,1
1978-01-04 22:52:15.900000+00:00,9.508,-84.125,68.0,5.28,mw,,,,,us,usp0000sc3,2022-04-27T15:57:25.621Z,"9 km NNE of Quepos, Costa Rica",earthquake,,,,,reviewed,us,us,1978-01-04,28267,Costa Rica,1
1978-03-25 18:45:54.700000+00:00,9.933,-84.182,37.0,4.68,mw,,,,,us,usp0000tqe,2014-11-06T23:21:47.987Z,"0 km NE of Santa Ana, Costa Rica",earthquake,,,,,reviewed,us,us,1978-03-25,28401,Costa Rica,1
1978-04-28 20:01:28.400000+00:00,11.09,-85.806,33.0,4.68,mw,,,,,us,usp0000uam,2014-11-06T23:21:48.780Z,"19 km W of La Cruz, Costa Rica",earthquake,,,,,reviewed,us,us,1978-04-28,28435,Costa Rica,1
1978-07-03 04:18:02.800000+00:00,10.787,-85.869,67.0,5.28,mw,,,,,us,usp0000vdh,2014-11-06T23:21:50.170Z,"38 km NW of Sardinal, Costa Rica",earthquake,,,,,reviewed,us,us,1978-07-03,28548,Costa Rica,1
1978-08-19 05:52:30.900000+00:00,9.778,-82.63,33.0,5.03,mw,,,,,us,usp0000w44,2014-11-06T23:21:51.548Z,"27 km N of Sixaola, Costa Rica",earthquake,,,,,reviewed,us,us,1978-08-19,28552,Costa Rica,1
1978-08-23 00:38:32.200000+00:00,10.204,-85.222,56.0,7.01,mw,,,,,us,usp0000w5v,2025-12-19T22:11:46.831Z,"19 km N of Nandayure, Costa Rica",earthquake,,,,,reviewed,us,us,1978-08-23,28501,Costa Rica,1
1978-09-02 03:27:23.800000+00:00,9.601,-85.792,33.0,4.51,mw,,,,,us,usp0000wb1,2014-11-06T23:21:51.788Z,"42 km SW of Sámara, Costa Rica",earthquake,,,,,reviewed,us,us,1978-09-02,28562,Costa Rica,1
1978-11-02 12:57:43.700000+00:00,10.054,-85.442,63.0,4.85,mw,,,,,us,usp0000x81,2014-11-06T23:21:53.372Z,"2 km W of Hojancha, Costa Rica",earthquake,,,,,reviewed,us,us,1978-11-02,28781,Costa Rica,1
1979-04-09 01:57:09.500000+00:00,10.671,-82.514,38.0,5.2,mw,,,,,us,usp0000zwd,2014-11-06T23:21:59.782Z,"94 km NE of Limón, Costa Rica",earthquake,,,,,reviewed,us,us,1979-04-09,28623,Costa Rica,-1
1979-06-11 16:38:32.700000+00:00,10.623,-85.608,201.0,5.03,mw,,,,,us,usp000117c,2014-11-06T23:22:02.536Z,"12 km NNE of Sardinal, Costa Rica",earthquake,,,,,reviewed,us,us,1979-06-11,28975,Costa Rica,1
1979-07-17 06:20:31.600000+00:00,8.316,-83.186,43.0,5.28,mw,,,,,us,usp00011wj,2014-11-06T23:22:03.902Z,"32 km SSW of Golfito, Costa Rica",earthquake,,,,,reviewed,us,us,1979-07-17,28880,Costa Rica,1
1979-08-24 04:26:54.200000+00:00,8.951,-83.483,40.0,6.42,mw,,,,,us,usp00012kf,2025-12-19T22:04:20.392Z,"4 km ESE of Ciudad Cortés, Costa Rica",earthquake,,,,,reviewed,us,us,1979-08-24,28844,Costa Rica,1
1979-10-20 21:44:54.300000+00:00,9.204,-84.13,33.0,5.11,mw,,,,,us,usp00013m5,2014-11-06T23:22:06.808Z,"25 km S of Quepos, Costa Rica",earthquake,,,,,reviewed,us,us,1979-10-20,28918,Costa Rica,1
1979-10-29 09:09:30.100000+00:00,10.2,-85.238,48.0,5.11,mw,,,,,us,usp00013ry,2014-11-06T23:22:06.983Z,"18 km NNW of Nandayure, Costa Rica",earthquake,,,,,reviewed,us,us,1979-10-29,28984,Costa Rica,1
1980-03-19 19:42:15.700000+00:00,10.534,-86.226,66.0,4.6,mw,,,,,us,usp000163h,2014-11-06T23:24:19.318Z,"63 km W of Sardinal, Costa Rica",earthquake,,,,,reviewed,us,us,1980-03-19,29131,Costa Rica,1
1980-03-22 13:52:58.200000+00:00,10.641,-83.143,39.0,4.94,mw,,,,,us,usp0001654,2014-11-06T23:24:19.411Z,"63 km NNE of Matina, Costa Rica",earthquake,,,,,reviewed,us,us,1980-03-22,29126,Costa Rica,1
1980-03-24 07:54:01.600000+00:00,10.924,-86.795,33.0,4.85,mw,,,,,us,usp000166g,2014-11-06T23:24:19.495Z,off the coast of Costa Rica,earthquake,,,,,reviewed,us,us,1980-03-24,29129,off the coast of Costa Rica,1
1980-06-26 12:37:45.800000+00:00,10.151,-85.479,50.0,4.77,mw,,,,,us,usp00018g9,2014-11-06T23:24:23.669Z,"3 km W of Nicoya, Costa Rica",earthquake,,,,,reviewed,us,us,1980-06-26,29257,Costa Rica,1
1980-06-26 12:53:18+00:00,10.568,-85.577,71.0,4.94,mw,,,,,us,usp00018ga,2014-11-06T23:24:23.670Z,"9 km NE of Sardinal, Costa Rica",earthquake,,,,,reviewed,us,us,1980-06-26,29225,Costa Rica,1
1980-07-10 07:19:31.300000+00:00,10.517,-86.503,46.0,4.68,mw,,,,,us,usp00018sk,2014-11-06T23:24:24.186Z,"93 km W of Sardinal, Costa Rica",earthquake,,,,,reviewed,us,us,1980-07-10,29283,Costa Rica,1
1980-07-13 23:37:08.400000+00:00,9.511,-83.952,46.0,4.85,mw,,,,,us,usp00018v5,2014-11-06T23:24:24.273Z,"18 km SSE of San Marcos, Costa Rica",earthquake,,,,,reviewed,us,us,1980-07-13,29239,Costa Rica,1
1980-07-28 17:35:25.600000+00:00,10.609,-86.009,54.0,4.85,mw,,,,,us,usp000194d,2014-11-06T23:24:24.859Z,"40 km WNW of Sardinal, Costa Rica",earthquake,,,,,reviewed,us,us,1980-07-28,29242,Costa Rica,1
1980-08-23 18:28:44.800000+00:00,10.961,-85.608,33.0,5.2,mw,,,,,us,usp00019h5,2014-11-06T23:24:25.504Z,"12 km SSE of La Cruz, Costa Rica",earthquake,,,,,reviewed,us,us,1980-08-23,29225,Costa Rica,1
1981-02-05 18:10:01.180000+00:00,10.345,-86.135,33.0,5.03,mw,,,,1.1,us,usp0001c1s,2014-11-07T00:28:52.125Z,off the coast of Costa Rica,earthquake,,,,4.0,reviewed,us,us,1981-02-05,29498,off the coast of Costa Rica,1
1981-03-26 08:28:45.520000+00:00,8.539,-83.148,33.0,5.11,mw,,,,1.1,us,usp0001cwa,2014-11-07T00:29:06.110Z,"8 km SSW of Golfito, Costa Rica",earthquake,,,,6.0,reviewed,us,us,1981-03-26,29449,Costa Rica,1
1981-05-01 06:17:25.330000+00:00,9.953,-84.857,90.2,5.37,mw,,,,1.2,us,usp0001dft,2022-04-28T01:03:39.149Z,"3 km SW of Puntarenas, Costa Rica",earthquake,,8.2,,18.0,reviewed,us,us,1981-05-01,29534,Costa Rica,1
1981-06-25 07:23:58.450000+00:00,9.446,-84.554,33.0,4.77,mw,,,,1.2,us,usp0001eb4,2014-11-07T00:29:39.767Z,"20 km SSE of Jacó, Costa Rica",earthquake,,,,4.0,reviewed,us,us,1981-06-25,29608,Costa Rica,1
1981-07-14 06:57:22.840000+00:00,8.833,-83.5,33.0,4.51,mw,,,,1.1,us,usp0001eph,2014-11-07T00:29:46.960Z,"14 km S of Ciudad Cortés, Costa Rica",earthquake,,,,1.0,reviewed,us,us,1981-07-14,29692,Costa Rica,1
1981-10-06 20:38:07.820000+00:00,10.402,-84.236,33.0,5.2,mw,,,,1.2,us,usp0001gan,2014-11-07T00:30:12.080Z,"6 km SE of Pital, Costa Rica",earthquake,,,,1.0,reviewed,us,us,1981-10-06,29589,Costa Rica,1
1981-11-10 20:46:06.370000+00:00,9.118,-84.047,43.7,4.85,mw,,,,1.1,us,usp0001gwm,2014-11-07T00:30:22.930Z,"36 km SSE of Quepos, Costa Rica",earthquake,,5.8,,5.0,reviewed,us,us,1981-11-10,29753,Costa Rica,1
1981-12-06 01:58:31.040000+00:00,8.628,-84.32,33.0,4.85,mw,,,,1.1,us,usp0001h9a,2014-11-07T00:30:29.894Z,"90 km S of Quepos, Costa Rica",earthquake,,,,2.0,reviewed,us,us,1981-12-06,29762,Costa Rica,1
1981-12-15 14:41:43.500000+00:00,9.918,-85.634,106.8,4.68,mw,,,,0.7,us,usp0001hef,2014-11-07T00:30:31.824Z,"12 km WNW of Sámara, Costa Rica",earthquake,,11.7,,3.0,reviewed,us,us,1981-12-15,29875,Costa Rica,1
1982-04-07 19:20:52.470000+00:00,10.664,-85.782,67.0,5.54,mw,,,,1.1,us,usp0001kk7,2025-12-19T21:42:03.102Z,"21 km NW of Sardinal, Costa Rica",earthquake,,2.8,,52.0,reviewed,us,us,1982-04-07,29727,Costa Rica,1
1982-06-14 20:56:36.410000+00:00,10.369,-85.214,67.9,4.94,mw,,,,1.2,us,usp0001mxj,2014-11-07T00:31:28.011Z,"14 km WSW of Cañas, Costa Rica",earthquake,,8.0,,9.0,reviewed,us,us,1982-06-14,30043,Costa Rica,1
1982-08-17 18:24:04.670000+00:00,9.543,-84.161,47.0,6.38,mw,,,,1.2,us,usp0001p3s,2025-12-19T20:59:33.351Z,"12 km N of Quepos, Costa Rica",earthquake,,2.7,,13.0,reviewed,us,us,1982-08-17,29943,Costa Rica,1
1982-09-22 15:30:01.730000+00:00,8.836,-83.131,40.7,5.2,mw,,,,0.9,us,usp0001prx,2022-04-28T00:26:51.263Z,"17 km W of San Vito, Costa Rica",earthquake,,3.5,,25.0,reviewed,us,us,1982-09-22,30007,Costa Rica,1
1982-11-19 23:03:30.470000+00:00,10.674,-86.078,33.0,5.03,mw,,,,1.1,us,usp0001r0p,2014-11-07T00:32:13.124Z,"50 km WNW of Sardinal, Costa Rica",earthquake,,,,4.0,reviewed,us,us,1982-11-19,30237,Costa Rica,1
1983-03-17 19:14:26.800000+00:00,10.345,-83.982,106.4,5.03,mw,,,,0.8,us,usp0001tqj,2014-11-07T00:32:49.696Z,"25 km WNW of Guápiles, Costa Rica",earthquake,,4.4,,37.0,reviewed,us,us,1983-03-17,30236,Costa Rica,1
1983-04-03 02:50:01.180000+00:00,8.717,-83.123,37.0,7.1,mw,,,,1.0,us,usp0001u4p,2025-12-19T21:31:13.405Z,"12 km N of Golfito, Costa Rica",earthquake,,,,,reviewed,us,nc,1983-04-03,30101,Costa Rica,1
1983-04-03 14:46:50.350000+00:00,9.332,-83.964,33.0,5.54,mw,,,,1.2,us,usp0001u5a,2025-12-19T21:31:14.914Z,"24 km ESE of Quepos, Costa Rica",earthquake,,,,26.0,reviewed,us,us,1983-04-03,30219,Costa Rica,1
1983-04-04 13:11:11.080000+00:00,8.773,-84.041,33.0,5.37,mw,,,,1.1,us,usp0001u63,2022-04-28T00:04:38.955Z,"60 km WSW of Ciudad Cortés, Costa Rica",earthquake,,,,12.0,reviewed,us,us,1983-04-04,30236,Costa Rica,1
1983-05-16 15:51:57.780000+00:00,9.021,-83.517,33.0,5.28,mw,,,,1.3,us,usp0001vdw,2022-04-28T00:02:05.738Z,"6 km N of Ciudad Cortés, Costa Rica",earthquake,,,,11.0,reviewed,us,us,1983-05-16,30361,Costa Rica,1
1983-06-23 10:51:04.060000+00:00,7.593,-84.623,33.0,5.11,mw,,,,1.0,us,usp0001wa8,2014-11-07T00:33:20.442Z,"193 km SW of Ciudad Cortés, Costa Rica",earthquake,,,,10.0,reviewed,us,us,1983-06-23,30381,Costa Rica,2
1983-07-03 17:14:23.170000+00:00,9.652,-83.688,33.0,6.5,mw,,,,1.0,us,usp0001wjc,2025-12-19T21:29:03.099Z,"17 km S of Pejibaye, Costa Rica",earthquake,,,,,reviewed,us,nc,1983-07-03,30279,Costa Rica,1
1983-08-06 20:59:33.590000+00:00,10.705,-86.332,33.0,5.11,mw,,,,1.0,us,usp0001xdr,2014-11-07T00:33:36.409Z,"77 km WNW of Sardinal, Costa Rica",earthquake,,,,5.0,reviewed,us,us,1983-08-06,30409,Costa Rica,1
1983-08-26 00:09:43.390000+00:00,10.532,-84.226,131.8,5.03,mw,,,,0.8,us,usp0001xy1,2014-11-07T00:33:40.198Z,"10 km NNE of Pital, Costa Rica",earthquake,,4.7,,45.0,reviewed,us,us,1983-08-26,30415,Costa Rica,1
1983-09-23 23:44:30.290000+00:00,8.422,-83.391,42.0,5.76,mw,,,,1.0,us,usp0001ym5,2025-12-19T21:28:12.626Z,"36 km WSW of Golfito, Costa Rica",earthquake,,3.2,,82.0,reviewed,us,us,1983-09-23,30317,Costa Rica,1
1983-09-29 15:21:11.910000+00:00,10.936,-85.447,48.8,5.45,mw,,,,1.1,us,usp0001yr4,2025-12-19T21:28:20.063Z,"25 km SE of La Cruz, Costa Rica",earthquake,,,,31.0,reviewed,us,us,1983-09-29,30327,Costa Rica,1
1983-11-01 11:53:46.740000+00:00,8.949,-83.604,33.0,5.37,mw,,,,1.2,us,usp0001zfu,2014-11-07T00:34:03.414Z,"8 km W of Ciudad Cortés, Costa Rica",earthquake,,,,22.0,reviewed,us,us,1983-11-01,30448,Costa Rica,1
1984-02-21 21:06:31.770000+00:00,9.618,-83.852,33.0,5.11,mw,,,,1.2,us,usp000225r,2014-11-07T00:34:31.476Z,"19 km ESE of San Marcos, Costa Rica",earthquake,,,,3.0,reviewed,us,us,1984-02-21,30560,Costa Rica,1
1984-03-23 21:40:34.250000+00:00,10.28,-84.432,83.0,5.03,mw,,,,1.3,us,usp00022xh,2014-11-07T00:34:39.314Z,"4 km S of Quesada, Costa Rica",earthquake,,5.8,,5.0,reviewed,us,us,1984-03-23,30591,Costa Rica,1
1984-04-09 12:29:46.690000+00:00,8.495,-83.01,42.9,4.85,mw,,,,1.1,us,usp00023c7,2014-11-07T00:34:45.128Z,"16 km SE of Golfito, Costa Rica",earthquake,,8.1,,7.0,reviewed,us,us,1984-04-09,30608,Costa Rica,1
1985-01-05 22:34:22.610000+00:00,9.795,-83.887,47.7,4.85,mw,,,,1.3,us,usp0002as2,2014-11-07T00:36:00.014Z,"3 km W of Orosí, Costa Rica",earthquake,,9.4,,4.0,reviewed,us,us,1985-01-05,30892,Costa Rica,1
1985-01-18 14:19:38.260000+00:00,9.567,-84.55,47.6,5.28,mw,,,,1.3,us,usp0002b5e,2014-11-07T00:36:02.653Z,"10 km ESE of Jacó, Costa Rica",earthquake,,11.7,,6.0,reviewed,us,us,1985-01-18,30879,Costa Rica,1
1985-07-02 02:46:44.150000+00:00,9.524,-84.026,49.5,4.85,mw,,,,0.7,us,usp0002gb0,2014-11-07T00:36:48.502Z,"15 km S of San Marcos, Costa Rica",earthquake,,10.2,,5.0,reviewed,us,us,1985-07-02,31069,Costa Rica,1
1985-07-03 07:57:31.210000+00:00,9.423,-86.541,33.0,4.6,mw,,,,1.3,us,usp0002gcc,2014-11-07T00:36:49.327Z,"122 km WSW of Sámara, Costa Rica",earthquake,,,,6.0,reviewed,us,us,1985-07-03,31120,Costa Rica,-1
1985-07-14 12:33:55.700000+00:00,10.529,-83.082,33.0,5.03,mw,,,,1.4,us,usp0002gsm,2014-11-07T00:36:51.907Z,"54 km NNE of Matina, Costa Rica",earthquake,,,,2.0,reviewed,us,us,1985-07-14,31057,Costa Rica,1
1985-07-24 11:03:41.640000+00:00,10.601,-86.696,33.0,4.77,mw,,,,1.5,us,usp0002h1v,2014-11-07T00:36:53.424Z,"115 km W of Sardinal, Costa Rica",earthquake,,,,6.0,reviewed,us,us,1985-07-24,31079,Costa Rica,1
1985-09-03 00:28:44.220000+00:00,10.445,-85.519,22.7,5.03,mw,,,,1.3,us,usp0002jcm,2014-11-07T00:37:06.796Z,"8 km ENE of Belén, Costa Rica",earthquake,,8.1,,11.0,reviewed,us,us,1985-09-03,31058,Costa Rica,1
1985-09-25 12:09:57.030000+00:00,9.283,-84.033,37.8,5.5,mw,,,,1.2,us,usp0002k3r,2022-04-27T22:38:22.713Z,"21 km SE of Quepos, Costa Rica",earthquake,,4.7,,,reviewed,us,hrv,1985-09-25,31142,Costa Rica,1
1985-10-20 04:52:19.400000+00:00,10.027,-84.09,79.6,4.6,mw,,,,0.7,us,usp0002kyw,2014-11-07T00:37:20.196Z,"1 km NE of San Josecito, Costa Rica",earthquake,,6.1,,2.0,reviewed,us,us,1985-10-20,31264,Costa Rica,1
1986-01-13 03:34:15.260000+00:00,10.511,-86.238,33.0,4.94,mw,,,,1.3,us,usp0002q0g,2014-11-07T00:37:47.127Z,"64 km W of Sardinal, Costa Rica",earthquake,,,,2.0,reviewed,us,us,1986-01-13,31167,Costa Rica,1
1986-01-25 09:04:22.640000+00:00,9.489,-84.744,33.0,4.68,mw,,,,1.1,us,usp0002qdm,2014-11-07T00:37:48.664Z,"18 km SW of Jacó, Costa Rica",earthquake,,,,1.0,reviewed,us,us,1986-01-25,31252,Costa Rica,1
1986-02-18 22:32:34.210000+00:00,8.682,-83.362,33.0,3.86,mw,,,,0.4,us,usp0002r3t,2014-11-07T00:37:55.688Z,"28 km WNW of Golfito, Costa Rica",earthquake,,,,,reviewed,us,hdc,1986-02-18,31315,Costa Rica,1
1986-03-17 06:15:09.190000+00:00,10.555,-84.893,33.0,4.04,mw,,,,1.3,us,usp0002rxh,2014-11-07T00:38:03.683Z,"12 km NE of Tilarán, Costa Rica",earthquake,,,,,reviewed,us,hdc,1986-03-17,31288,Costa Rica,1
1986-04-03 02:37:08.930000+00:00,8.674,-83.081,26.9,4.94,mw,,,,1.2,us,usp0002skk,2014-11-07T00:38:10.637Z,"8 km NNE of Golfito, Costa Rica",earthquake,,3.6,,3.0,reviewed,us,us,1986-04-03,31463,Costa Rica,1
1986-05-25 01:49:08.130000+00:00,10.634,-85.952,57.1,5.03,mw,,,,1.3,us,usp0002ud6,2014-11-07T00:38:25.868Z,"35 km WNW of Sardinal, Costa Rica",earthquake,,9.8,,10.0,reviewed,us,us,1986-05-25,31332,Costa Rica,1
1986-08-12 23:01:46.750000+00:00,8.882,-85.431,33.0,5.03,mw,,,,1.5,us,usp0002x3c,2014-11-07T00:38:51.221Z,"111 km S of Sámara, Costa Rica",earthquake,,,,3.0,reviewed,us,us,1986-08-12,31384,Costa Rica,1
1986-09-19 10:52:00.930000+00:00,9.724,-86.694,33.0,5.03,mw,,,,1.5,us,usp0002y7d,2014-11-07T00:39:01.995Z,"129 km W of Sámara, Costa Rica",earthquake,,,,2.0,reviewed,us,us,1986-09-19,31595,Costa Rica,1
1986-12-22 00:39:17.330000+00:00,10.75,-85.17,33.0,5.2,mw,,,,0.9,us,usp000312g,2014-11-07T00:39:30.964Z,"9 km NNE of Fortuna, Costa Rica",earthquake,,,,10.0,reviewed,us,us,1986-12-22,31501,Costa Rica,1
1986-12-27 09:12:52.230000+00:00,10.094,-84.251,75.3,3.95,mw,,,,0.6,us,usp000316s,2014-11-07T00:39:31.890Z,"4 km WNW of Sabanilla, Costa Rica",earthquake,,10.7,,,reviewed,us,hdc,1986-12-27,31645,Costa Rica,1
1987-01-23 21:16:51.370000+00:00,8.398,-83.121,33.0,4.16,mw,,,,0.9,us,usp00031vt,2014-11-07T00:39:40.522Z,"22 km S of Golfito, Costa Rica",earthquake,,,,,reviewed,us,hdc,1987-01-23,31631,Costa Rica,1
1987-01-27 02:22:06.970000+00:00,10.259,-86.481,33.0,4.77,mw,,,,0.7,us,usp00031yf,2014-11-07T00:39:40.904Z,"95 km WSW of Sardinal, Costa Rica",earthquake,,,,2.0,reviewed,us,us,1987-01-27,31600,Costa Rica,1
1987-02-10 10:52:37.490000+00:00,9.073,-83.884,46.7,3.86,mw,,,,0.9,us,usp00032bw,2014-11-07T00:39:50.752Z,"37 km SW of Daniel Flores, Costa Rica",earthquake,,9.5,,,reviewed,us,hdc,1987-02-10,31661,Costa Rica,1
1987-02-26 12:28:40.270000+00:00,10.415,-86.819,33.0,4.6,mw,,,,0.1,us,usp00032t4,2014-11-07T00:39:54.085Z,"128 km W of Sardinal, Costa Rica",earthquake,,,,2.0,reviewed,us,us,1987-02-26,31627,Costa Rica,1
1987-03-20 02:47:58.660000+00:00,11.086,-85.724,150.0,4.04,mw,,,,0.4,us,usp00033fa,2014-11-07T00:40:05.504Z,"10 km W of La Cruz, Costa Rica",earthquake,,,,,reviewed,us,hdc,1987-03-20,31757,Costa Rica,1
1987-03-21 12:08:58.870000+00:00,8.816,-83.404,24.0,5.8,mw,,,,1.1,us,usp00033gj,2022-04-27T21:50:15.509Z,"20 km SE of Ciudad Cortés, Costa Rica",earthquake,,2.5,,,reviewed,us,hrv,1987-03-21,31683,Costa Rica,1
1987-04-09 15:52:52.970000+00:00,9.494,-86.201,10.0,4.13,mw,,,,0.4,us,usp000341k,2014-11-07T00:40:13.683Z,"85 km WSW of Sámara, Costa Rica",earthquake,,,,,reviewed,us,hdc,1987-04-09,31747,Costa Rica,1
1987-05-11 15:47:17.190000+00:00,9.758,-85.745,29.3,3.86,mw,,,,0.4,us,usp00034xb,2014-11-07T00:40:24.425Z,"27 km WSW of Sámara, Costa Rica",earthquake,,5.4,,,reviewed,us,hdc,1987-05-11,31765,Costa Rica,1
1987-05-11 18:14:47.110000+00:00,10.053,-83.496,33.0,3.77,mw,,,,0.3,us,usp00034xg,2014-11-07T00:40:24.444Z,"5 km SSE of Siquirres, Costa Rica",earthquake,,,,,reviewed,us,hdc,1987-05-11,31856,Costa Rica,1
1987-05-17 15:34:12.130000+00:00,10.566,-85.163,32.8,4.41,mw,,,,1.3,us,usp000352w,2014-11-07T00:40:25.220Z,"11 km ENE of Bagaces, Costa Rica",earthquake,,11.1,,,reviewed,us,hdc,1987-05-17,31741,Costa Rica,1
1987-05-23 06:10:35.340000+00:00,10.66,-84.699,33.0,3.86,mw,,,,1.3,us,usp000356y,2014-11-07T00:40:25.895Z,"21 km NNW of La Fortuna, Costa Rica",earthquake,,,,,reviewed,us,hdc,1987-05-23,31758,Costa Rica,1
1987-06-02 03:11:51.160000+00:00,9.093,-83.869,40.4,5.5,mw,,,,1.1,us,usp00035fa,2022-04-27T21:41:13.623Z,Costa Rica,earthquake,,3.2,,,reviewed,us,hrv,1987-06-02,31684,Costa Rica,1
1987-06-03 09:24:01.390000+00:00,10.402,-84.215,115.5,3.77,mw,,,,0.5,us,usp00035gb,2014-11-07T00:40:30.096Z,"8 km SE of Pital, Costa Rica",earthquake,,42.0,,,reviewed,us,hdc,1987-06-03,31858,Costa Rica,1
1987-06-10 04:02:34.790000+00:00,10.245,-85.87,33.0,3.77,mw,,,,0.3,us,usp00035pc,2014-11-07T00:40:31.983Z,"31 km W of Santa Cruz, Costa Rica",earthquake,,,,,reviewed,us,hdc,1987-06-10,31856,Costa Rica,1
1987-07-15 11:36:20.930000+00:00,9.524,-84.19,52.4,5.2,mw,,,,1.0,us,usp00036nw,2020-08-28T21:25:17.614Z,"10 km NNW of Quepos, Costa Rica",earthquake,,3.2,,35.0,reviewed,us,us,1987-07-15,31703,Costa Rica,1
1987-09-09 13:43:06.510000+00:00,10.576,-86.748,33.0,4.68,mw,,,,1.1,us,usp000388j,2014-11-07T00:40:55.738Z,"120 km W of Sardinal, Costa Rica",earthquake,,,,1.0,reviewed,us,us,1987-09-09,31735,Costa Rica,1
1987-09-09 15:09:42.230000+00:00,10.018,-86.101,10.0,3.86,mw,,,,0.4,us,usp000388m,2014-11-07T00:40:55.742Z,"62 km WSW of Santa Cruz, Costa Rica",earthquake,,,,,reviewed,us,hdc,1987-09-09,31800,Costa Rica,1
1987-09-11 12:28:47.140000+00:00,10.137,-86.817,33.0,4.85,mw,,,,0.5,us,usp00038ah,2014-11-07T00:40:56.006Z,"134 km WSW of Sardinal, Costa Rica",earthquake,,,,2.0,reviewed,us,us,1987-09-11,31735,Costa Rica,1
1987-09-25 10:01:00.490000+00:00,10.619,-86.499,33.0,4.68,mw,,,,0.3,us,usp00038q0,2014-11-07T00:40:58.118Z,"93 km W of Sardinal, Costa Rica",earthquake,,,,1.0,reviewed,us,us,1987-09-25,31990,Costa Rica,1
1987-10-04 08:15:18.750000+00:00,10.823,-85.926,47.9,6.2,mw,,,,1.1,us,usp00038yu,2022-04-27T21:31:33.046Z,"42 km SW of La Cruz, Costa Rica",earthquake,,4.1,,,reviewed,us,hrv,1987-10-04,31872,Costa Rica,1
1987-10-26 20:04:10.190000+00:00,10.456,-84.773,33.0,4.41,mw,,,,1.5,us,usp00039mu,2014-11-07T00:41:06.971Z,"14 km W of La Fortuna, Costa Rica",earthquake,,,,,reviewed,us,hdc,1987-10-26,31994,Costa Rica,1
1987-11-19 16:02:18.810000+00:00,9.716,-83.604,19.3,5.11,mw,,,,1.2,us,usp0003a91,2014-11-07T00:41:14.471Z,"14 km S of La Suiza, Costa Rica",earthquake,,6.3,,12.0,reviewed,us,us,1987-11-19,31927,Costa Rica,1
1987-12-11 17:08:22.120000+00:00,8.574,-83.082,15.9,5.11,mw,,,,1.3,us,usp0003b6q,2014-11-07T00:41:22.808Z,"4 km SE of Golfito, Costa Rica",earthquake,,5.1,,8.0,reviewed,us,us,1987-12-11,31903,Costa Rica,1
1988-01-21 18:51:17.400000+00:00,10.702,-85.156,162.5,4.22,mw,,,,0.4,us,usp0003c8v,2014-11-07T00:41:31.849Z,"5 km ENE of Fortuna, Costa Rica",earthquake,,8.2,,,reviewed,us,hdc,1988-01-21,32031,Costa Rica,1
1988-01-25 20:13:38.220000+00:00,9.034,-84.073,34.7,5.03,mw,,,,1.2,us,usp0003cd8,2014-11-07T00:41:32.502Z,"44 km SSE of Quepos, Costa Rica",earthquake,,7.9,,7.0,reviewed,us,us,1988-01-25,31949,Costa Rica,1
1988-03-02 07:13:16.380000+00:00,9.729,-84.711,44.4,5.5,mw,,,,1.2,us,usp0003dha,2022-04-28T20:50:53.471Z,"15 km NW of Jacó, Costa Rica",earthquake,,4.0,,,reviewed,us,hrv,1988-03-02,31881,Costa Rica,1
1988-03-11 03:44:57.100000+00:00,9.105,-82.985,22.5,6.0,mw,,,,1.1,us,usp0003duj,2022-04-28T20:51:52.495Z,"31 km N of San Vito, Costa Rica",earthquake,,2.8,,,reviewed,us,hrv,1988-03-11,32040,Costa Rica,1
1988-03-11 03:47:59.640000+00:00,8.778,-83.34,24.9,4.04,mw,,,,1.5,us,usp0003duk,2014-11-07T00:41:47.653Z,"28 km SE of Ciudad Cortés, Costa Rica",earthquake,,8.2,,,reviewed,us,sjr,1988-03-11,32113,Costa Rica,1
1988-03-11 13:47:27.150000+00:00,8.475,-83.615,17.1,5.03,mw,,,,1.3,us,usp0003dv6,2014-11-07T00:41:47.756Z,"54 km S of Ciudad Cortés, Costa Rica",earthquake,,5.7,,3.0,reviewed,us,us,1988-03-11,32040,Costa Rica,1
1988-03-23 07:39:02.220000+00:00,9.885,-84.164,80.6,5.03,mw,,,,1.0,us,usp0003e7t,2014-11-07T00:41:49.307Z,"3 km SSE of Salitral, Costa Rica",earthquake,,3.8,,18.0,reviewed,us,us,1988-03-23,32040,Costa Rica,1
1988-05-04 01:46:15.140000+00:00,10.379,-86.136,33.0,4.77,mw,,,,1.3,us,usp0003fmy,2014-11-07T00:42:03.829Z,"55 km WSW of Sardinal, Costa Rica",earthquake,,,,2.0,reviewed,us,us,1988-05-04,32094,Costa Rica,1
1988-05-11 07:23:11.710000+00:00,9.896,-86.607,33.0,5.03,mw,,,,0.9,us,usp0003fv7,2014-11-07T00:42:08.038Z,"118 km W of Sámara, Costa Rica",earthquake,,,,2.0,reviewed,us,us,1988-05-11,32052,Costa Rica,1
1988-05-18 07:24:27.340000+00:00,10.647,-85.309,33.0,4.13,mw,,,,0.8,us,usp0003g29,2014-11-07T00:42:09.667Z,"12 km WSW of Fortuna, Costa Rica",earthquake,,,,,reviewed,us,hdc,1988-05-18,32108,Costa Rica,1
1988-05-23 15:26:30.710000+00:00,8.501,-83.219,33.0,4.04,mw,,,,0.9,us,usp0003ga0,2014-11-07T00:42:11.256Z,"16 km SW of Golfito, Costa Rica",earthquake,,,,,reviewed,us,hdc,1988-05-23,32119,Costa Rica,1
1988-05-29 10:42:00.660000+00:00,10.508,-84.969,33.0,3.95,mw,,,,1.3,us,usp0003ggq,2014-11-07T00:42:11.962Z,"4 km N of Tilarán, Costa Rica",earthquake,,,,,reviewed,us,hdc,1988-05-29,32129,Costa Rica,1
1988-06-08 06:06:59.630000+00:00,9.531,-85.251,33.0,4.43,mw,,,,1.3,us,usp0003gtk,2014-11-07T00:42:18.225Z,"47 km SW of Paquera, Costa Rica",earthquake,,,,1.0,reviewed,us,us,1988-06-08,32101,Costa Rica,1
1988-06-25 02:48:08.360000+00:00,10.194,-84.471,79.9,3.77,mw,,,,0.5,us,usp0003h9a,2014-11-07T00:42:21.537Z,"8 km W of Zarcero, Costa Rica",earthquake,,12.6,,,reviewed,us,hdc,1988-06-25,32200,Costa Rica,1
1988-07-20 07:46:27.410000+00:00,11.15,-85.629,162.4,3.86,mw,,,,,us,usp0003j0z,2014-11-07T00:42:31.516Z,"8 km N of La Cruz, Costa Rica",earthquake,,,,,reviewed,hdc,hdc,1988-07-20,32146,Costa Rica,1
1988-08-18 08:39:52.170000+00:00,10.767,-84.891,179.9,3.86,mw,,,,,us,usp0003k3z,2014-11-07T00:42:41.075Z,Costa Rica,earthquake,,,,,reviewed,hdc,hdc,1988-08-18,32171,Costa Rica,1
1988-09-08 08:12:08.480000+00:00,9.684,-84.868,28.2,4.77,mw,,,,0.9,us,usp0003ksw,2014-11-07T00:42:48.272Z,"16 km SSE of Paquera, Costa Rica",earthquake,,4.1,,3.0,reviewed,us,us,1988-09-08,32304,Costa Rica,1
1988-10-27 12:08:43.610000+00:00,10.54,-86.064,52.4,5.03,mw,,,,1.3,us,usp0003n91,2014-11-07T00:43:00.135Z,"45 km W of Sardinal, Costa Rica",earthquake,,12.0,,4.0,reviewed,us,us,1988-10-27,32270,Costa Rica,1
1988-11-01 17:44:12.580000+00:00,10.16,-86.378,9.2,4.77,mw,,,,0.9,us,usp0003nec,2014-11-07T00:43:02.624Z,"87 km W of Santa Cruz, Costa Rica",earthquake,,3.9,,3.0,reviewed,us,us,1988-11-01,32325,Costa Rica,1
1988-11-09 03:21:14.880000+00:00,10.615,-84.975,128.4,3.95,mw,,,,0.4,us,usp0003nqf,2014-11-07T00:43:05.636Z,"15 km SE of Bijagua, Costa Rica",earthquake,,43.3,,,reviewed,us,hdc,1988-11-09,32392,Costa Rica,1
1988-11-30 14:01:46.020000+00:00,10.21,-85.901,50.3,4.85,mw,,,,1.3,us,usp0003pd2,2014-11-07T00:43:10.844Z,"35 km W of Santa Cruz, Costa Rica",earthquake,,9.2,,6.0,reviewed,us,us,1988-11-30,32283,Costa Rica,1
1988-12-21 02:37:15.420000+00:00,10.896,-86.966,105.3,4.94,mw,,,,1.3,us,usp0003q10,2014-11-07T00:43:18.109Z,off the coast of Costa Rica,earthquake,,17.7,,5.0,reviewed,us,us,1988-12-21,32275,off the coast of Costa Rica,-1
1989-02-26 12:21:11.230000+00:00,9.673,-84.184,22.5,5.4,mw,,,,1.1,us,usp0003scb,2022-04-28T20:26:49.496Z,"9 km SE of Tejar, Costa Rica",earthquake,,2.5,,,reviewed,us,hrv,1989-02-26,32221,Costa Rica,1
1989-04-18 17:02:20.870000+00:00,10.599,-85.032,165.4,3.86,mw,,,,,us,usp0003u3k,2014-11-07T00:44:00.642Z,"15 km S of Bijagua, Costa Rica",earthquake,,,,,reviewed,hdc,hdc,1989-04-18,32511,Costa Rica,1
1989-05-01 08:54:30.080000+00:00,9.469,-84.898,33.0,4.13,mw,,,,0.5,us,usp0003uqv,2014-11-07T00:44:05.698Z,"33 km WSW of Jacó, Costa Rica",earthquake,,,,,reviewed,us,sjr,1989-05-01,32456,Costa Rica,1
1989-05-16 02:57:15.990000+00:00,11.18,-85.632,156.4,4.04,mw,,,,,us,usp0003v9h,2014-11-07T00:44:12.614Z,"11 km N of La Cruz, Costa Rica",earthquake,,,,,reviewed,hdc,hdc,1989-05-16,32471,Costa Rica,1
1989-06-25 05:17:15.870000+00:00,10.751,-85.851,58.7,4.68,mw,,,,1.1,us,usp0003wmd,2014-11-07T00:44:24.073Z,"34 km NW of Sardinal, Costa Rica",earthquake,,13.1,,3.0,reviewed,us,us,1989-06-25,32443,Costa Rica,1
1989-11-26 00:14:06.080000+00:00,9.434,-84.435,38.7,4.54,mw,,,,1.1,us,usp00042ec,2014-11-07T00:45:14.284Z,"15 km SW of Parrita, Costa Rica",earthquake,,9.6,,,reviewed,us,sjr,1989-11-26,32672,Costa Rica,1
1989-12-03 17:07:42.730000+00:00,9.421,-84.012,33.0,3.77,mw,,,,0.4,us,usp00042pz,2014-11-07T00:45:18.797Z,"16 km E of Quepos, Costa Rica",earthquake,,,,,reviewed,us,sjr,1989-12-03,32747,Costa Rica,1
1990-02-16 07:49:30.850000+00:00,8.77,-83.095,33.0,5.45,mw,,,,1.1,us,usp00045gk,2014-11-07T00:45:43.960Z,"14 km WSW of San Vito, Costa Rica",earthquake,,,,37.0,reviewed,us,us,1990-02-16,32665,Costa Rica,1
1990-03-25 13:22:55.600000+00:00,9.919,-84.808,22.2,7.3,mw,,,,1.1,us,usp0004720,2022-04-28T19:56:25.530Z,"7 km SSE of Puntarenas, Costa Rica",earthquake,,,,,reviewed,us,hrv,1990-03-25,32784,Costa Rica,1
1990-04-28 01:23:11.510000+00:00,8.887,-83.5,22.7,6.4,mw,,,,1.0,us,usp00048ju,2022-04-28T19:53:33.896Z,"8 km SSE of Ciudad Cortés, Costa Rica",earthquake,,,,,reviewed,us,hrv,1990-04-28,32818,Costa Rica,1
1990-05-16 13:32:36.060000+00:00,10.94,-85.475,73.3,5.5,mw,,,,1.1,us,usp00049cs,2025-12-19T21:01:43.591Z,"22 km SE of La Cruz, Costa Rica",earthquake,,,,,reviewed,us,hrv,1990-05-16,32836,Costa Rica,1
1990-06-02 12:39:02.420000+00:00,8.122,-83.401,33.0,4.85,mw,,,,0.7,us,usp0004a2c,2014-11-07T00:46:28.431Z,Costa Rica,earthquake,,,,3.0,reviewed,us,us,1990-06-02,32881,Costa Rica,1
1990-06-30 14:59:07.630000+00:00,10.264,-83.923,10.0,5.2,mw,,,,1.3,us,usp0004b6f,2014-11-07T00:46:34.558Z,"16 km WNW of Guápiles, Costa Rica",earthquake,,,,5.0,reviewed,us,us,1990-06-30,32853,Costa Rica,1
1990-08-30 22:20:51.120000+00:00,9.751,-84.556,53.6,6.05,mw,,,,1.1,us,usp0004e44,2014-11-07T00:47:00.808Z,"17 km NNE of Jacó, Costa Rica",earthquake,,12.4,,6.0,reviewed,us,us,1990-08-30,32942,Costa Rica,1
1990-09-17 08:52:56.710000+00:00,9.445,-83.852,33.0,5.11,mw,,,,1.1,us,usp0004etv,2014-11-07T00:47:07.324Z,"19 km WNW of San Isidro, Costa Rica",earthquake,,,,25.0,reviewed,us,us,1990-09-17,33038,Costa Rica,1
1990-11-09 21:11:42.210000+00:00,9.053,-84.121,35.7,4.85,mw,,,,1.3,us,usp0004gq6,2014-11-07T00:47:25.821Z,"42 km S of Quepos, Costa Rica",earthquake,,15.4,,9.0,reviewed,us,us,1990-11-09,33096,Costa Rica,1
1990-12-04 08:02:36.930000+00:00,10.915,-84.849,159.0,5.11,mw,,,,1.2,us,usp0004hr8,2014-11-07T00:47:34.068Z,"18 km E of Upala, Costa Rica",earthquake,,,,40.0,reviewed,us,us,1990-12-04,33053,Costa Rica,1
1990-12-19 14:07:58.180000+00:00,10.792,-85.876,23.4,5.98,mw,,,,1.4,us,usp0004jbp,2014-11-07T00:47:38.041Z,"39 km NW of Sardinal, Costa Rica",earthquake,,,,1.0,reviewed,us,us,1990-12-19,32960,Costa Rica,1
1991-01-31 14:53:08.960000+00:00,7.77,-84.609,33.0,5.28,mw,,,,1.4,us,usp0004md7,2014-11-07T00:47:53.926Z,"177 km SW of Ciudad Cortés, Costa Rica",earthquake,,,,2.0,reviewed,us,us,1991-01-31,33013,Costa Rica,2
1991-03-01 17:30:26.050000+00:00,10.939,-84.637,196.5,6.2,mw,,,,1.1,us,usp0004njp,2022-04-28T19:20:37.635Z,"13 km SE of Los Chiles, Costa Rica",earthquake,,,,,reviewed,us,nc,1991-03-01,33146,Costa Rica,1
1991-03-16 06:02:10.930000+00:00,10.174,-85.184,33.3,6.3,mw,,,,1.1,us,usp0004p45,2022-04-28T19:21:33.323Z,"15 km N of Nandayure, Costa Rica",earthquake,,,,,reviewed,us,hrv,1991-03-16,33140,Costa Rica,1
1991-03-22 04:58:42.160000+00:00,9.683,-84.452,44.6,5.2,mw,,,,0.8,us,usp0004pc7,2022-04-28T19:21:39.923Z,"20 km ENE of Jacó, Costa Rica",earthquake,,9.1,,46.0,reviewed,us,us,1991-03-22,33286,Costa Rica,1
1991-04-22 21:56:51.820000+00:00,9.685,-83.073,10.0,7.6,mw,,,,1.2,us,usp0004qpg,2022-04-28T19:18:34.851Z,"34 km S of Limón, Costa Rica",earthquake,,,,,reviewed,us,hrv,1991-04-22,33125,Costa Rica,1
1991-07-02 19:54:29.400000+00:00,11.211,-85.671,30.6,6.05,mw,,,,0.9,us,usp0004tq0,2022-04-28T19:06:29.116Z,"15 km NNW of La Cruz, Costa Rica",earthquake,,,,4.0,reviewed,us,us,1991-07-02,33177,Costa Rica,1
1991-08-09 09:33:49.690000+00:00,9.737,-84.054,5.0,5.2,mw,,,,1.4,us,usp0004v57,2022-04-28T19:05:11.319Z,"7 km S of Pacayas, Costa Rica",earthquake,,,,,reviewed,us,hrv,1991-08-09,33248,Costa Rica,1
1991-09-11 14:40:00.060000+00:00,10.148,-82.218,33.0,4.94,mw,,,,1.2,us,usp0004whf,2014-11-07T00:49:14.811Z,"81 km NNE of Sixaola, Costa Rica",earthquake,,,,2.0,reviewed,us,us,1991-09-11,33419,Costa Rica,-1
1991-09-13 01:34:18.680000+00:00,10.456,-85.234,54.2,5.2,mw,,,,1.2,us,usp0004wjx,2022-04-28T19:03:58.997Z,"8 km SSE of Bagaces, Costa Rica",earthquake,,15.3,,,reviewed,us,hrv,1991-09-13,33379,Costa Rica,1
1991-09-23 15:16:20.350000+00:00,9.612,-84.715,10.0,5.28,mw,,,,1.2,us,usp0004wyv,2014-11-07T00:49:17.008Z,"9 km W of Jacó, Costa Rica",earthquake,,,,7.0,reviewed,us,us,1991-09-23,33331,Costa Rica,1
1991-11-10 08:20:20.770000+00:00,10.002,-83.262,37.2,5.4,mw,,,,1.2,us,usp0004z01,2022-04-28T18:59:17.089Z,"9 km SSE of Matina, Costa Rica",earthquake,,6.4,,,reviewed,us,hrv,1991-11-10,33319,Costa Rica,1
1991-12-20 18:10:44.740000+00:00,9.765,-83.617,33.0,5.37,mw,,,,1.4,us,usp00050qp,2014-11-07T00:49:46.172Z,"9 km S of La Suiza, Costa Rica",earthquake,,,,16.0,reviewed,us,us,1991-12-20,33321,Costa Rica,1
1992-02-20 14:34:47.730000+00:00,10.404,-87.073,33.0,5.03,mw,,,,1.2,us,usp00053a1,2014-11-07T00:50:07.181Z,"156 km W of Sardinal, Costa Rica",earthquake,,,,5.0,reviewed,us,us,1992-02-20,33495,Costa Rica,1
1992-03-05 10:26:52.600000+00:00,10.405,-85.499,110.1,4.68,mw,,,,1.0,us,usp00053wn,2014-11-07T00:50:14.260Z,"9 km E of Belén, Costa Rica",earthquake,,7.6,,10.0,reviewed,us,us,1992-03-05,33497,Costa Rica,1
1992-03-07 01:53:37.760000+00:00,10.21,-84.323,78.9,6.6,mwb,,,,1.0,us,usp00053yt,2022-04-28T18:51:26.957Z,"5 km SW of Río Segundo, Costa Rica",earthquake,,,,,reviewed,us,us,1992-03-07,33481,Costa Rica,1
1992-09-02 16:09:30.110000+00:00,10.085,-84.752,10.0,4.68,mw,,,,1.3,us,usp0005dgc,2014-11-07T00:51:24.153Z,"2 km WSW of Miramar, Costa Rica",earthquake,,,,2.0,reviewed,us,us,1992-09-02,33765,Costa Rica,1
1992-09-03 06:59:22.140000+00:00,10.578,-86.043,33.0,5.03,mw,,,,1.2,us,usp0005dhb,2014-11-07T00:51:24.483Z,"43 km W of Sardinal, Costa Rica",earthquake,,,,1.0,reviewed,us,us,1992-09-03,33684,Costa Rica,1
1992-09-09 10:47:09.580000+00:00,9.757,-84.183,33.0,4.04,mw,,,,0.5,us,usp0005dsa,2014-11-07T00:51:26.629Z,"5 km SSW of San Ignacio, Costa Rica",earthquake,,,,,reviewed,us,sjr,1992-09-09,33800,Costa Rica,1
1992-09-10 15:03:17.750000+00:00,10.21,-86.494,26.5,5.9,mw,,,,1.1,us,usp0005du0,2022-04-28T18:35:49.103Z,"98 km WSW of Sardinal, Costa Rica",earthquake,,,,,reviewed,us,hrv,1992-09-10,33676,Costa Rica,1
1992-09-14 08:34:36.170000+00:00,10.094,-84.237,10.0,4.22,mw,,,,1.3,us,usp0005dz4,2014-11-07T00:51:28.571Z,"3 km NW of Sabanilla, Costa Rica",earthquake,,,,,reviewed,us,sjr,1992-09-14,33788,Costa Rica,1
1992-09-30 01:49:52.320000+00:00,10.235,-85.628,10.0,3.95,mw,,,,0.4,us,usp0005eqw,2014-11-07T00:51:32.362Z,"5 km WSW of Santa Cruz, Costa Rica",earthquake,,,,,reviewed,us,sjr,1992-09-30,33807,Costa Rica,1
1992-11-30 14:15:40.650000+00:00,8.748,-83.403,19.7,5.2,mw,,,,1.0,us,usp0005hnm,2014-11-07T00:51:56.194Z,"26 km SSE of Ciudad Cortés, Costa Rica",earthquake,,12.7,,10.0,reviewed,us,us,1992-11-30,33683,Costa Rica,1
1992-12-11 12:50:00.800000+00:00,9.341,-86.588,33.0,4.77,mw,,,,1.6,us,usp0005j3p,2014-11-07T00:52:01.831Z,"130 km WSW of Sámara, Costa Rica",earthquake,,,,6.0,reviewed,us,us,1992-12-11,33704,Costa Rica,-1
1992-12-23 07:18:49.460000+00:00,10.609,-84.692,162.3,4.94,mw,,,,0.9,us,usp0005jqa,2014-11-07T00:52:04.655Z,"16 km NNW of La Fortuna, Costa Rica",earthquake,,6.3,,42.0,reviewed,us,us,1992-12-23,33688,Costa Rica,1
1993-01-04 02:59:10.050000+00:00,9.058,-83.993,40.8,5.85,mw,,,,0.9,us,usp0005k9e,2014-11-07T00:52:10.510Z,"45 km SSE of Quepos, Costa Rica",earthquake,,6.0,,3.0,reviewed,us,us,1993-01-04,33677,Costa Rica,1
1993-01-11 08:22:47.220000+00:00,10.527,-85.134,32.1,4.6,mw,,,,1.2,us,usp0005kkn,2014-11-07T00:52:13.126Z,"11 km NNW of Cañas, Costa Rica",earthquake,,,,3.0,reviewed,us,us,1993-01-11,33776,Costa Rica,1
1993-03-28 18:01:30.840000+00:00,10.184,-86.502,33.0,6.12,mw,,,,0.9,us,usp0005q96,2014-11-07T00:52:39.790Z,"100 km WSW of Sardinal, Costa Rica",earthquake,,,,1.0,reviewed,us,us,1993-03-28,33887,Costa Rica,1
1993-04-01 18:54:26.920000+00:00,9.3,-84.938,33.0,5.2,mw,,,,1.1,us,usp0005qgu,2014-11-07T00:52:43.670Z,"48 km SW of Jacó, Costa Rica",earthquake,,,,5.0,reviewed,us,us,1993-04-01,33939,Costa Rica,1
1993-04-20 14:45:34.730000+00:00,10.316,-83.656,33.0,4.43,mw,,,,1.2,us,usp0005rga,2014-11-07T00:52:51.051Z,"11 km ENE of Roxana, Costa Rica",earthquake,,,,4.0,reviewed,us,us,1993-04-20,33990,Costa Rica,1
1993-05-23 01:44:39.680000+00:00,9.087,-85.552,33.0,5.3,mw,,,,1.0,us,usp0005tab,2025-12-19T22:54:02.923Z,"87 km S of Sámara, Costa Rica",earthquake,,,,,reviewed,us,hrv,1993-05-23,33906,Costa Rica,1
1993-05-31 14:40:36.520000+00:00,10.078,-85.903,25.1,4.68,mw,,,,1.3,us,usp0005tu3,2014-11-07T00:53:06.138Z,"40 km WSW of Santa Cruz, Costa Rica",earthquake,,,,15.0,reviewed,us,us,1993-05-31,33982,Costa Rica,1
1993-07-05 07:07:24.240000+00:00,10.657,-86.167,33.0,4.85,mw,,,,1.1,us,usp0005vmt,2014-11-07T00:53:24.980Z,"58 km WNW of Sardinal, Costa Rica",earthquake,,,,14.0,reviewed,us,us,1993-07-05,33947,Costa Rica,1
1993-07-13 15:10:11.890000+00:00,9.704,-83.615,17.6,6.18,mw,,,,1.0,us,usp0005w6e,2014-11-07T00:53:29.358Z,"15 km SE of Pejibaye, Costa Rica",earthquake,,,,1.0,reviewed,us,us,1993-07-13,33883,Costa Rica,1
1993-12-19 18:38:21.830000+00:00,10.367,-84.759,33.0,4.6,mw,,,,1.4,us,usp00065bw,2014-11-07T00:54:37.225Z,"15 km W of Pocosol, Costa Rica",earthquake,,,,2.0,reviewed,us,us,1993-12-19,34149,Costa Rica,1
1994-01-27 12:54:06.050000+00:00,9.864,-83.009,10.0,3.77,mw,,,,0.8,us,usp00067hw,2014-11-07T00:54:50.932Z,"14 km SSE of Limón, Costa Rica",earthquake,,,,,reviewed,us,hdc,1994-01-27,34188,Costa Rica,1
1994-05-01 21:26:09.600000+00:00,10.816,-85.978,67.7,5.8,mw,,,,1.3,us,usp0006bwg,2022-04-28T17:41:01.151Z,"47 km SW of La Cruz, Costa Rica",earthquake,,9.4,,,reviewed,us,hrv,1994-05-01,34282,Costa Rica,1
1994-10-01 07:04:56.020000+00:00,10.368,-86.571,33.0,5.03,mw,,,,1.2,us,usp0006k8h,2014-11-07T00:56:23.615Z,"102 km W of Sardinal, Costa Rica",earthquake,,,,6.0,reviewed,us,us,1994-10-01,34465,Costa Rica,1
1994-10-27 05:24:56.700000+00:00,10.795,-85.787,33.0,5.03,mw,,,,1.1,us,usp0006msf,2014-11-07T00:56:33.940Z,"34 km NNW of Sardinal, Costa Rica",earthquake,,,,20.0,reviewed,us,us,1994-10-27,34483,Costa Rica,1
1994-10-31 22:59:26.310000+00:00,9.037,-83.323,55.6,5.6,mw,,,,0.9,us,usp0006mz9,2022-04-28T17:30:39.622Z,"14 km S of Buenos Aires, Costa Rica",earthquake,,4.2,,,reviewed,us,hrv,1994-10-31,34435,Costa Rica,1
1994-11-18 15:13:00.900000+00:00,9.905,-83.13,33.0,4.51,mw,,,,1.3,us,usp0006nvs,2014-11-07T00:56:48.161Z,"14 km SW of Limón, Costa Rica",earthquake,,,,1.0,reviewed,us,us,1994-11-18,34523,Costa Rica,1
1994-12-06 17:39:14.670000+00:00,8.736,-83.86,5.0,4.43,mw,,,,0.9,us,usp0006pr4,2014-11-07T00:56:55.426Z,"44 km SW of Ciudad Cortés, Costa Rica",earthquake,,,,1.0,reviewed,us,us,1994-12-06,34523,Costa Rica,1
1994-12-28 21:22:35.790000+00:00,9.576,-84.407,33.0,5.37,mw,,,,1.0,us,usp0006qjc,2014-11-07T00:57:00.436Z,"11 km WNW of Parrita, Costa Rica",earthquake,,,,49.0,reviewed,us,us,1994-12-28,34461,Costa Rica,1
1994-12-28 22:04:58.430000+00:00,9.168,-84.323,34.8,4.31,mw,,,,1.2,us,usp0006qje,2014-11-07T00:57:00.458Z,"33 km SSW of Quepos, Costa Rica",earthquake,,35.8,,,reviewed,us,upa,1994-12-28,34539,Costa Rica,1
1995-01-13 14:20:13.080000+00:00,9.568,-83.742,10.0,4.04,mw,,,,1.4,us,usp0006r96,2014-11-07T00:57:07.904Z,"22 km NNW of San Isidro, Costa Rica",earthquake,,,,,reviewed,us,upa,1995-01-13,34541,Costa Rica,1
1995-01-15 21:23:33.140000+00:00,10.833,-84.921,33.0,5.03,mw,,,,1.1,us,usp0006rd1,2014-11-07T00:57:08.666Z,"12 km SE of Upala, Costa Rica",earthquake,,,,16.0,reviewed,us,us,1995-01-15,34501,Costa Rica,1
1995-04-16 10:29:38.830000+00:00,8.534,-83.753,33.0,4.77,mw,,,,1.1,us,usp0006vrw,2014-11-07T00:57:42.598Z,"53 km SSW of Ciudad Cortés, Costa Rica",earthquake,,,,4.0,reviewed,us,us,1995-04-16,34644,Costa Rica,1
1995-04-21 08:58:56.800000+00:00,10.077,-84.572,33.0,4.6,mw,,,,1.1,us,usp0006w17,2014-11-07T00:57:44.382Z,"10 km W of San Rafael, Costa Rica",earthquake,,,,7.0,reviewed,us,us,1995-04-21,34669,Costa Rica,1
1995-04-28 13:13:45.140000+00:00,8.388,-83.132,10.0,3.86,mw,,,,0.3,us,usp0006wg6,2014-11-07T00:57:46.810Z,"23 km S of Golfito, Costa Rica",earthquake,,,,,reviewed,us,upa,1995-04-28,34730,Costa Rica,1
1995-05-23 08:31:27.400000+00:00,9.148,-84.1,33.0,5.03,mw,,,,1.0,us,usp0006xw6,2014-11-07T00:57:59.111Z,"32 km SSE of Quepos, Costa Rica",earthquake,,,,35.0,reviewed,us,us,1995-05-23,34632,Costa Rica,1
1995-07-23 01:23:39.370000+00:00,10.949,-84.879,220.4,5.03,mw,,,,1.0,us,usp00070w1,2014-11-07T00:58:22.704Z,"15 km ENE of Upala, Costa Rica",earthquake,,28.2,,23.0,reviewed,us,us,1995-07-23,34637,Costa Rica,1
1995-08-11 21:29:00.690000+00:00,8.992,-84.087,33.0,4.94,mw,,,,0.8,us,usp00071qv,2014-11-07T00:58:31.106Z,"49 km S of Quepos, Costa Rica",earthquake,,,,52.0,reviewed,us,us,1995-08-11,34750,Costa Rica,1
1995-08-12 07:06:03.360000+00:00,9.715,-85.018,33.0,4.51,mw,,,,1.2,us,usp00071ra,2014-11-07T00:58:31.169Z,"14 km SW of Paquera, Costa Rica",earthquake,,,,9.0,reviewed,us,us,1995-08-12,34894,Costa Rica,1
1995-08-21 08:56:14.870000+00:00,10.656,-86.291,33.0,4.68,mw,,,,1.1,us,usp0007276,2014-11-07T00:58:34.279Z,"72 km WNW of Sardinal, Costa Rica",earthquake,,,,10.0,reviewed,us,us,1995-08-21,34761,Costa Rica,1
1995-08-23 07:45:48.300000+00:00,9.459,-83.954,33.0,5.37,mw,,,,0.9,us,usp00072a3,2014-11-07T00:58:34.740Z,Costa Rica,earthquake,,,,58.0,reviewed,us,us,1995-08-23,34749,Costa Rica,1
1995-10-11 22:44:38.970000+00:00,10.851,-85.316,161.8,4.68,mw,,,,1.4,us,usp00074zu,2014-11-07T00:58:56.745Z,"22 km WSW of San José, Costa Rica",earthquake,,,,15.0,reviewed,us,us,1995-10-11,34810,Costa Rica,1
1996-01-03 04:39:54.760000+00:00,10.655,-85.891,66.3,4.94,mw,,,,1.2,us,usp0007a7p,2014-11-07T00:59:36.102Z,"30 km WNW of Sardinal, Costa Rica",earthquake,,11.7,,30.0,reviewed,us,us,1996-01-03,34759,Costa Rica,1
1996-02-22 08:38:36.450000+00:00,8.602,-83.106,33.0,5.37,mw,,,,1.0,us,usp0007dpf,2022-04-29T20:11:31.777Z,"0 km E of Golfito, Costa Rica",earthquake,,,,74.0,reviewed,us,us,1996-02-22,34944,Costa Rica,1
1996-03-29 13:04:05.170000+00:00,9.879,-84.346,33.0,4.43,mw,,,,1.3,us,usp0007ffk,2014-11-07T01:00:09.441Z,"5 km NW of Santiago, Costa Rica",earthquake,,,,7.0,reviewed,us,us,1996-03-29,34980,Costa Rica,1
1996-04-22 03:48:24.860000+00:00,10.43,-84.42,86.1,4.43,mw,,,,1.4,us,usp0007gf6,2014-11-07T01:00:18.540Z,"11 km N of Quesada, Costa Rica",earthquake,,15.5,,8.0,reviewed,us,us,1996-04-22,35004,Costa Rica,1
1996-09-04 19:06:49.810000+00:00,9.365,-84.266,32.5,6.2,mwc,,,,0.97,us,usp0007pe6,2022-04-29T20:31:06.947Z,"13 km WSW of Quepos, Costa Rica",earthquake,,2.8,,,reviewed,us,hrv,1996-09-04,35139,Costa Rica,1
1996-09-07 17:45:32.790000+00:00,9.487,-83.661,33.0,4.85,mw,,,,1.37,us,usp0007pmv,2014-11-07T01:01:08.225Z,"13 km NNE of San Isidro, Costa Rica",earthquake,,,,1.0,reviewed,us,us,1996-09-07,35142,Costa Rica,1
1996-10-03 01:11:15.840000+00:00,9.023,-83.848,33.0,4.85,mw,,,,1.08,us,usp0007qvq,2014-11-07T01:01:19.028Z,"36 km W of Ciudad Cortés, Costa Rica",earthquake,,,,1.0,reviewed,us,us,1996-10-03,35168,Costa Rica,1
1996-11-20 10:57:08.040000+00:00,8.558,-84.546,33.0,4.68,mw,,,,1.37,us,usp0007t97,2014-11-07T01:01:36.890Z,"105 km SSW of Quepos, Costa Rica",earthquake,,,,5.0,reviewed,us,us,1996-11-20,35216,Costa Rica,1
1996-11-30 10:21:10.970000+00:00,10.679,-85.93,33.0,4.43,mw,,,,1.32,us,usp0007ts4,2014-11-07T01:01:39.691Z,"35 km WNW of Sardinal, Costa Rica",earthquake,,,,3.0,reviewed,us,us,1996-11-30,35226,Costa Rica,1
1997-01-12 12:01:27.290000+00:00,9.039,-83.198,10.0,4.13,mw,,,,0.79,us,usp0007vss,2014-11-07T01:01:57.666Z,"20 km SE of Buenos Aires, Costa Rica",earthquake,,,,,reviewed,us,upa,1997-01-12,35269,Costa Rica,1
1997-01-31 09:55:20.080000+00:00,10.966,-84.775,154.5,4.94,mw,,,,0.82,us,usp0007wk1,2014-11-07T01:02:01.257Z,"9 km SW of Los Chiles, Costa Rica",earthquake,,,,23.0,reviewed,us,us,1997-01-31,35325,Costa Rica,1
1997-02-13 17:42:57.640000+00:00,9.057,-82.996,10.0,4.13,mw,,,,0.54,us,usp0007x6m,2014-11-07T01:02:08.825Z,Panama-Costa Rica border region,earthquake,,,,,reviewed,us,upa,1997-02-13,35431,Panama-Costa Rica border region,1
1997-03-09 13:28:41.720000+00:00,10.582,-85.996,33.0,5.03,mw,,,,1.39,us,usp0007yjs,2014-11-07T01:02:18.791Z,"38 km W of Sardinal, Costa Rica",earthquake,,,,9.0,reviewed,us,us,1997-03-09,35301,Costa Rica,1
1997-04-18 07:27:18.510000+00:00,8.561,-83.008,10.0,4.22,mw,,,,1.12,us,usp00080s7,2014-11-07T01:02:35.701Z,"11 km SW of Corredor, Costa Rica",earthquake,,,,,reviewed,us,upa,1997-04-18,35408,Costa Rica,1
1997-05-08 14:54:39.480000+00:00,10.776,-87.391,33.0,4.68,mw,,,,1.0,us,usp00081xy,2014-11-07T01:02:45.306Z,off the coast of Costa Rica,earthquake,,,,3.0,reviewed,us,us,1997-05-08,35385,off the coast of Costa Rica,-1
1997-05-31 12:48:13.310000+00:00,10.419,-86.355,33.0,4.85,mw,,,,1.0,us,usp000830d,2014-11-07T01:02:50.286Z,"78 km W of Sardinal, Costa Rica",earthquake,,,,4.0,reviewed,us,us,1997-05-31,35365,Costa Rica,1
1997-06-23 01:03:45.560000+00:00,10.585,-83.368,21.7,5.3,mwc,,,,1.08,us,usp00083uw,2022-04-29T16:56:24.262Z,"52 km NNE of Pocora, Costa Rica",earthquake,,,,,reviewed,us,hrv,1997-06-23,35288,Costa Rica,1
1997-07-30 11:54:52.230000+00:00,9.513,-84.194,83.6,4.85,mw,,,,1.19,us,usp00085jx,2014-11-07T01:03:11.957Z,"9 km NNW of Quepos, Costa Rica",earthquake,,14.1,,14.0,reviewed,us,us,1997-07-30,35502,Costa Rica,1
1997-08-03 10:02:13.110000+00:00,9.487,-85.352,33.0,4.85,mw,,,,1.0,us,usp00085r1,2014-11-07T01:03:15.195Z,"47 km SSE of Sámara, Costa Rica",earthquake,,,,2.0,reviewed,us,us,1997-08-03,35515,Costa Rica,1
1997-08-14 12:04:59.110000+00:00,9.694,-82.617,200.0,5.03,mw,,,,0.6,us,usp0008678,2014-11-07T01:03:18.695Z,"18 km N of Sixaola, Costa Rica",earthquake,,,,1.0,reviewed,us,us,1997-08-14,35472,Costa Rica,1
1997-08-15 07:35:30.880000+00:00,8.648,-82.9,33.0,5.11,mw,,,,0.99,us,usp000868f,2014-11-07T01:03:18.844Z,"5 km E of Corredor, Costa Rica",earthquake,,,,43.0,reviewed,us,us,1997-08-15,35468,Costa Rica,1
1997-08-20 22:53:49.910000+00:00,10.353,-86.487,33.0,5.03,mw,,,,1.06,us,usp00086hf,2014-11-07T01:03:19.766Z,"93 km W of Sardinal, Costa Rica",earthquake,,,,19.0,reviewed,us,us,1997-08-20,35483,Costa Rica,1
1997-09-02 12:02:23.510000+00:00,10.395,-85.667,100.0,4.77,mw,,,,1.08,us,usp000871k,2014-11-07T01:03:25.214Z,"8 km W of Belén, Costa Rica",earthquake,,,,6.0,reviewed,us,us,1997-09-02,35516,Costa Rica,1
1997-09-15 07:57:05.480000+00:00,9.9,-86.618,33.0,4.6,mw,,,,1.04,us,usp00087jp,2014-11-07T01:03:29.048Z,off the coast of Costa Rica,earthquake,,,,7.0,reviewed,us,us,1997-09-15,35540,off the coast of Costa Rica,1
1997-09-16 08:38:20.100000+00:00,10.547,-86.026,33.0,4.94,mw,,,,1.09,us,usp00087ks,2014-11-07T01:03:29.189Z,"41 km W of Sardinal, Costa Rica",earthquake,,,,16.0,reviewed,us,us,1997-09-16,35489,Costa Rica,1
1997-09-19 18:40:30.100000+00:00,10.126,-86.046,33.0,4.68,mw,,,,1.21,us,usp00087qr,2014-11-07T01:03:29.992Z,"52 km WSW of Santa Cruz, Costa Rica",earthquake,,,,4.0,reviewed,us,us,1997-09-19,35519,Costa Rica,1
1997-10-10 23:29:48.340000+00:00,10.036,-83.962,100.0,5.03,mw,,,,1.01,us,usp00088uu,2014-11-07T01:03:40.967Z,"9 km NE of Ipís, Costa Rica",earthquake,,,,41.0,reviewed,us,us,1997-10-10,35484,Costa Rica,1
1998-02-04 04:25:45.180000+00:00,8.34,-83.181,5.0,4.13,mw,,,,1.2,us,usp0008fdu,2014-11-07T01:04:28.733Z,"30 km SSW of Golfito, Costa Rica",earthquake,,,,,reviewed,us,upa,1998-02-04,35753,Costa Rica,1
1998-03-10 04:00:30.590000+00:00,8.267,-83.851,33.0,4.13,mw,,,,1.21,us,usp0008h8d,2014-11-07T01:04:44.299Z,"84 km SSW of Ciudad Cortés, Costa Rica",earthquake,,,,,reviewed,us,upa,1998-03-10,35777,Costa Rica,1
1998-04-12 13:07:05.550000+00:00,9.715,-85.0,33.0,5.3,mwc,,,,1.17,us,usp0008jzg,2022-04-29T17:23:52.525Z,"13 km SSW of Paquera, Costa Rica",earthquake,,,,,reviewed,us,hrv,1998-04-12,35657,Costa Rica,1
1998-04-14 17:51:55.110000+00:00,10.144,-84.492,150.0,4.68,mw,,,,1.0,us,usp0008k8h,2014-11-07T01:04:59.811Z,"6 km NNW of San Ramón, Costa Rica",earthquake,,,,18.0,reviewed,us,us,1998-04-14,35724,Costa Rica,1
1998-04-19 10:10:10.160000+00:00,8.528,-82.727,33.0,4.43,mw,,,,1.21,us,usp0008kjf,2014-11-07T01:05:01.265Z,Panama-Costa Rica border region,earthquake,,,,3.0,reviewed,us,us,1998-04-19,35726,Panama-Costa Rica border region,1
1998-05-11 15:32:44.430000+00:00,8.814,-83.574,23.4,5.03,mw,,,,1.0,us,usp0008mws,2014-11-07T01:05:12.447Z,"17 km SSW of Ciudad Cortés, Costa Rica",earthquake,,,,5.0,reviewed,us,us,1998-05-11,35691,Costa Rica,1
1998-06-04 19:33:53.990000+00:00,9.114,-83.853,10.0,4.31,mw,,,,1.3,us,usp0008pav,2014-11-07T01:05:22.055Z,"31 km SW of Daniel Flores, Costa Rica",earthquake,,,,,reviewed,us,upa,1998-06-04,35731,Costa Rica,1
1998-07-17 08:49:03.700000+00:00,8.681,-83.171,40.5,5.37,mw,,,,0.99,us,usp0008rp9,2022-04-29T17:35:06.641Z,"10 km NW of Golfito, Costa Rica",earthquake,,6.1,,64.0,reviewed,us,us,1998-07-17,35823,Costa Rica,1
1998-07-20 14:17:05.050000+00:00,10.87,-84.756,213.8,4.85,mw,,,,1.32,us,usp0008rxb,2014-11-07T01:05:37.411Z,"18 km SSW of Los Chiles, Costa Rica",earthquake,,13.3,,7.0,reviewed,us,us,1998-07-20,35851,Costa Rica,1
1998-08-17 08:31:03.450000+00:00,10.329,-85.834,33.0,4.43,mw,,,,1.11,us,usp0008tdj,2014-11-07T01:05:49.962Z,"28 km WSW of Belén, Costa Rica",earthquake,,,,4.0,reviewed,us,us,1998-08-17,35928,Costa Rica,1
1998-09-18 07:43:19.400000+00:00,8.642,-83.828,5.5,4.04,mw,,,,,us,usp0008v4g,2014-11-07T01:06:04.291Z,"48 km SW of Ciudad Cortés, Costa Rica",earthquake,,,,,reviewed,upa,upa,1998-09-18,35956,Costa Rica,1
1998-10-01 20:44:06.720000+00:00,9.675,-82.443,30.7,5.4,mwc,,,,0.89,us,usp0008vun,2022-04-29T17:48:45.497Z,"25 km NE of Sixaola, Costa Rica",earthquake,,,,,reviewed,us,hrv,1998-10-01,35820,Costa Rica,1
1998-11-02 05:15:46.810000+00:00,9.761,-85.097,33.0,4.68,mw,,,,1.22,us,usp0008xfq,2014-11-07T01:06:21.938Z,"18 km WSW of Paquera, Costa Rica",earthquake,,,,9.0,reviewed,us,us,1998-11-02,35883,Costa Rica,1
1998-11-30 06:36:44.130000+00:00,9.05,-83.955,33.0,3.86,mw,,,,0.53,us,usp0008yz3,2014-11-07T01:06:31.551Z,"44 km SW of Daniel Flores, Costa Rica",earthquake,,,,,reviewed,us,upa,1998-11-30,35974,Costa Rica,1
1998-12-18 01:45:06.970000+00:00,10.672,-86.044,33.0,4.68,mw,,,,1.32,us,usp0008zt2,2014-11-07T01:06:39.821Z,"46 km WNW of Sardinal, Costa Rica",earthquake,,,,6.0,reviewed,us,us,1998-12-18,35896,Costa Rica,1
1999-02-02 08:51:11.140000+00:00,10.962,-85.9,33.0,4.6,mw,,,,1.27,us,usp000924f,2014-11-07T01:06:55.886Z,"31 km WSW of La Cruz, Costa Rica",earthquake,,,,10.0,reviewed,us,us,1999-02-02,36114,Costa Rica,1
1999-03-01 18:45:01.280000+00:00,8.673,-83.23,33.0,5.2,mw,,,,1.44,us,usp00093pk,2014-11-07T01:07:08.285Z,"14 km WNW of Golfito, Costa Rica",earthquake,,,,4.0,reviewed,us,us,1999-03-01,36020,Costa Rica,1
1999-05-07 18:12:27.840000+00:00,10.096,-84.146,73.1,4.77,mw,,,,1.08,us,usp00097hc,2014-11-07T01:07:38.558Z,"3 km NNE of Santo Domingo, Costa Rica",earthquake,,6.4,,7.0,reviewed,us,us,1999-05-07,36047,Costa Rica,1
1999-08-12 14:09:28.100000+00:00,9.881,-84.311,79.4,3.77,mw,,,,,us,usp0009cya,2014-11-07T01:08:15.913Z,"3 km N of Santiago, Costa Rica",earthquake,,,,,reviewed,casc,casc,1999-08-12,36349,Costa Rica,1
1999-08-17 02:58:04.190000+00:00,10.313,-85.713,33.0,5.11,mw,,,,1.41,us,usp0009d5u,2014-11-07T01:08:17.003Z,"15 km WNW of Santa Cruz, Costa Rica",earthquake,,,,13.0,reviewed,us,us,1999-08-17,36216,Costa Rica,1
1999-08-20 10:02:21.100000+00:00,9.044,-84.159,20.0,6.9,mwc,,,,,us,usp0009dcg,2022-04-29T18:16:28.853Z,"42 km S of Quepos, Costa Rica",earthquake,,,,,reviewed,casc,hrv,1999-08-20,36211,Costa Rica,1
1999-10-02 00:36:38.370000+00:00,9.645,-83.838,33.0,4.85,mw,,,,1.21,us,usp0009fa7,2014-11-07T01:08:38.203Z,"16 km S of Orosí, Costa Rica",earthquake,,,,4.0,reviewed,us,us,1999-10-02,36219,Costa Rica,1
1999-10-08 11:31:39.800000+00:00,8.322,-84.736,10.0,3.86,mw,,,,,us,usp0009fkb,2014-11-07T01:08:40.903Z,"137 km SSW of Quepos, Costa Rica",earthquake,,,,,reviewed,upa,upa,1999-10-08,36298,Costa Rica,1
1999-10-13 06:38:57.150000+00:00,8.355,-82.524,10.0,4.77,mw,,,,1.16,us,usp0009fsk,2014-11-07T01:08:41.643Z,Panama-Costa Rica border region,earthquake,,,,9.0,reviewed,us,us,1999-10-13,36262,Panama-Costa Rica border region,1
1999-11-07 08:49:39.300000+00:00,9.453,-83.384,10.0,3.86,mw,,,,,us,usp0009h73,2014-11-07T01:08:55.549Z,"30 km NE of Mercedes, Costa Rica",earthquake,,,,,reviewed,upa,upa,1999-11-07,36273,Costa Rica,1
1999-11-25 12:03:41.900000+00:00,9.416,-85.405,19.5,3.77,mw,,,,,us,usp0009j2k,2014-11-07T01:09:00.287Z,off the coast of Costa Rica,earthquake,,,,,reviewed,casc,casc,1999-11-25,36316,off the coast of Costa Rica,1
1999-12-28 09:13:38.840000+00:00,9.669,-85.775,33.0,4.43,mw,,,,0.84,us,usp0009kcz,2014-11-07T01:09:12.005Z,"35 km SW of Sámara, Costa Rica",earthquake,,,,1.0,reviewed,us,us,1999-12-28,36268,Costa Rica,1
2000-01-14 09:04:10.210000+00:00,8.449,-83.148,10.0,4.94,mw,,,,1.1,us,usp0009m43,2014-11-07T01:09:19.458Z,"17 km SSW of Golfito, Costa Rica",earthquake,,,,26.0,reviewed,us,us,2000-01-14,36403,Costa Rica,1
2000-02-20 08:27:22.400000+00:00,8.854,-84.126,20.0,5.7,mwc,,,,,us,usp0009nqn,2022-04-29T18:32:49.283Z,"63 km S of Quepos, Costa Rica",earthquake,,,,,reviewed,casc,hrv,2000-02-20,36366,Costa Rica,1
2000-03-02 20:25:15.740000+00:00,10.65,-86.546,33.0,4.68,mw,,,,1.26,us,usp0009p6h,2014-11-07T01:09:37.870Z,"99 km W of Sardinal, Costa Rica",earthquake,,,,4.0,reviewed,us,us,2000-03-02,36417,Costa Rica,1
2000-03-02 20:53:23.900000+00:00,10.276,-86.779,7.2,4.77,mw,,,,,us,usp0009p6k,2014-11-07T01:09:37.902Z,"126 km WSW of Sardinal, Costa Rica",earthquake,,,,3.0,reviewed,casc,us,2000-03-02,36414,Costa Rica,1
2000-03-05 03:56:33.070000+00:00,10.212,-86.09,33.0,4.51,mw,,,,1.19,us,usp0009p9m,2014-11-07T01:09:39.174Z,"55 km W of Santa Cruz, Costa Rica",earthquake,,,,7.0,reviewed,us,us,2000-03-05,36533,Costa Rica,1
2000-06-22 17:49:28.490000+00:00,10.811,-85.993,120.0,4.6,mw,27.0,,,1.03,us,usp0009uzg,2014-11-07T01:10:24.197Z,"48 km SW of La Cruz, Costa Rica",earthquake,,,,17.0,reviewed,us,us,2000-06-22,36526,Costa Rica,1
2000-06-29 02:17:15.080000+00:00,10.348,-84.151,103.3,4.77,mw,62.0,,,1.23,us,usp0009vc2,2014-11-07T01:10:25.800Z,"17 km SE of Pital, Costa Rica",earthquake,,4.2,,20.0,reviewed,us,us,2000-06-29,36414,Costa Rica,1
2000-07-21 01:53:35.810000+00:00,9.416,-85.329,33.0,6.4,mwc,467.0,,,1.13,us,usp0009wwb,2022-04-29T18:45:38.606Z,"55 km SSE of Sámara, Costa Rica",earthquake,,,,,reviewed,us,hrv,2000-07-21,36555,Costa Rica,1
2000-07-29 23:41:17.940000+00:00,8.769,-84.392,33.0,4.51,mw,8.0,,,0.98,us,usp0009xe3,2014-11-07T01:10:42.252Z,"77 km SSW of Quepos, Costa Rica",earthquake,,,,4.0,reviewed,us,us,2000-07-29,36697,Costa Rica,1
2000-08-15 01:59:15.670000+00:00,10.628,-86.037,33.0,5.11,mw,102.0,,,1.17,us,usp0009yfb,2014-11-07T01:10:51.700Z,"44 km WNW of Sardinal, Costa Rica",earthquake,,,,38.0,reviewed,us,us,2000-08-15,36563,Costa Rica,1
2000-09-02 01:43:34.320000+00:00,9.321,-83.853,72.7,4.85,mw,59.0,,,1.13,us,usp0009zj4,2014-11-07T01:10:59.568Z,"17 km WSW of San Isidro, Costa Rica",earthquake,,3.2,,16.0,reviewed,us,us,2000-09-02,36629,Costa Rica,1
2000-10-03 14:41:18.970000+00:00,9.348,-84.71,10.0,4.94,mw,16.0,,,0.96,us,usp000a172,2014-11-07T01:11:12.971Z,"30 km SSW of Jacó, Costa Rica",earthquake,,,,1.0,reviewed,us,us,2000-10-03,36598,Costa Rica,1
2000-12-10 08:41:00.100000+00:00,8.899,-83.808,2.7,3.86,mw,14.0,,,,us,usp000a5ts,2014-11-07T01:11:42.115Z,"31 km WSW of Ciudad Cortés, Costa Rica",earthquake,,,,,reviewed,casc,casc,2000-12-10,36716,Costa Rica,1
2000-12-18 00:33:23.670000+00:00,10.315,-86.673,33.0,4.94,mw,45.0,,,1.08,us,usp000a68g,2014-11-07T01:11:44.542Z,"114 km WSW of Sardinal, Costa Rica",earthquake,,,,15.0,reviewed,us,us,2000-12-18,36580,Costa Rica,1
2000-12-29 08:45:59.200000+00:00,9.699,-84.112,57.6,3.95,mw,20.0,,,,us,usp000a6vu,2014-11-07T01:11:47.274Z,"10 km WNW of San Marcos, Costa Rica",earthquake,,,,,reviewed,casc,casc,2000-12-29,36705,Costa Rica,1
2001-01-16 22:07:36.380000+00:00,10.458,-86.267,33.0,5.11,mw,17.0,,,1.15,us,usp000a7tx,2014-11-07T01:11:56.805Z,"68 km W of Sardinal, Costa Rica",earthquake,,,,2.0,reviewed,us,us,2001-01-16,36734,Costa Rica,1
2001-01-21 21:43:08.210000+00:00,8.939,-83.955,33.0,4.77,mw,31.0,,,1.22,us,usp000a83w,2014-11-07T01:11:57.908Z,"47 km W of Ciudad Cortés, Costa Rica",earthquake,,,,5.0,reviewed,us,us,2001-01-21,36776,Costa Rica,1
2001-01-30 04:31:44.800000+00:00,9.922,-84.053,5.4,3.77,mw,15.0,,,,us,usp000a8ph,2014-11-07T01:12:00.125Z,"0 km SSW of San Pedro, Costa Rica",earthquake,,,,,reviewed,casc,casc,2001-01-30,36874,Costa Rica,1
2001-02-24 23:42:10.420000+00:00,10.019,-83.574,10.0,5.03,mw,46.0,,,1.27,us,usp000aa9z,2014-11-07T01:12:11.689Z,"11 km SW of Siquirres, Costa Rica",earthquake,,,,14.0,reviewed,us,us,2001-02-24,36739,Costa Rica,1
2001-02-27 23:28:54.470000+00:00,11.065,-85.318,182.6,4.68,mw,42.0,,,1.06,us,usp000aahr,2014-11-07T01:12:12.833Z,"23 km WNW of San José, Costa Rica",earthquake,,11.9,,14.0,reviewed,us,us,2001-02-27,36784,Costa Rica,1
2001-03-03 05:12:02.700000+00:00,9.193,-83.298,26.1,3.77,mw,9.0,,,,us,usp000aatk,2014-11-07T01:12:17.487Z,"4 km ENE of Buenos Aires, Costa Rica",earthquake,,,,,reviewed,casc,casc,2001-03-03,36861,Costa Rica,1
2001-03-07 04:42:10.500000+00:00,9.517,-84.882,11.4,3.86,mw,13.0,,,,us,usp000ab1r,2014-11-07T01:12:19.216Z,"29 km WSW of Jacó, Costa Rica",earthquake,,,,,reviewed,casc,casc,2001-03-07,36845,Costa Rica,1
2001-04-02 22:31:08.600000+00:00,10.283,-87.088,6.5,3.77,mw,11.0,,,,us,usp000acf4,2014-11-07T01:12:30.897Z,"159 km W of Sardinal, Costa Rica",earthquake,,,,,reviewed,casc,casc,2001-04-02,36860,Costa Rica,1
2001-04-12 12:33:47.340000+00:00,9.386,-83.738,39.0,4.77,mw,18.0,,,1.39,us,usp000ad3e,2014-11-07T01:12:34.248Z,"4 km WNW of San Isidro, Costa Rica",earthquake,,,,8.0,reviewed,us,us,2001-04-12,36773,Costa Rica,1
2001-05-07 22:17:58.660000+00:00,10.316,-85.755,10.0,4.04,mw,13.0,,,0.56,us,usp000aek9,2014-11-07T01:12:46.368Z,"19 km WNW of Santa Cruz, Costa Rica",earthquake,,,,,reviewed,us,casc,2001-05-07,36820,Costa Rica,1
2001-05-22 11:08:06.820000+00:00,9.088,-82.919,55.4,4.94,mw,74.0,,,0.98,us,usp000afbj,2014-11-07T01:12:49.649Z,"30 km N of San Vito, Costa Rica",earthquake,,6.1,,30.0,reviewed,us,us,2001-05-22,36748,Costa Rica,1
2001-05-23 12:56:01.840000+00:00,9.633,-84.449,33.0,4.77,mw,27.0,,,0.99,us,usp000afd3,2014-11-07T01:12:49.872Z,"18 km NW of Parrita, Costa Rica",earthquake,,,,12.0,reviewed,us,us,2001-05-23,36780,Costa Rica,1
2001-06-05 06:50:51.490000+00:00,9.192,-85.383,10.0,4.43,mw,33.0,,,1.17,us,usp000ag2x,2014-11-07T01:12:58.819Z,"77 km SSE of Sámara, Costa Rica",earthquake,,,,9.0,reviewed,us,us,2001-06-05,36810,Costa Rica,1
2001-07-15 19:34:30.040000+00:00,9.596,-83.62,33.0,4.68,mw,24.0,,,1.06,us,usp000ajkr,2014-11-07T01:13:17.253Z,"25 km SSE of Pejibaye, Costa Rica",earthquake,,,,15.0,reviewed,us,us,2001-07-15,36985,Costa Rica,1
2001-07-23 22:31:07.890000+00:00,9.194,-83.881,33.0,5.4,mwc,105.0,,,1.08,us,usp000ak1k,2022-04-29T19:30:19.505Z,"27 km SW of San Isidro, Costa Rica",earthquake,,,,,reviewed,us,hrv,2001-07-23,36914,Costa Rica,1
2001-08-19 13:18:56.260000+00:00,8.549,-82.853,33.0,4.85,mw,50.0,,,0.87,us,usp000ampu,2014-11-07T01:13:34.552Z,"2 km NW of Canoas, Costa Rica",earthquake,,,,21.0,reviewed,us,us,2001-08-19,36949,Costa Rica,1
2001-09-24 05:47:23.280000+00:00,10.994,-85.564,100.0,4.6,mw,16.0,,,1.24,us,usp000appz,2014-11-07T01:13:50.366Z,"11 km SE of La Cruz, Costa Rica",earthquake,,,,2.0,reviewed,us,us,2001-09-24,37025,Costa Rica,1
2001-11-03 14:49:12.400000+00:00,10.444,-86.403,10.0,4.68,mw,33.0,,,,us,usp000as5h,2014-11-07T01:14:10.579Z,"83 km W of Sardinal, Costa Rica",earthquake,,,,14.0,reviewed,casc,us,2001-11-03,37025,Costa Rica,1
2001-11-03 16:12:58.620000+00:00,10.673,-86.03,33.0,5.03,mw,84.0,,,1.18,us,usp000as5q,2014-11-07T01:14:10.612Z,"45 km WNW of Sardinal, Costa Rica",earthquake,,,,31.0,reviewed,us,us,2001-11-03,36922,Costa Rica,1
2001-11-07 06:32:09.160000+00:00,9.782,-85.79,33.0,4.43,mw,22.0,,,1.04,us,usp000asd9,2014-11-07T01:14:12.732Z,"30 km WSW of Sámara, Costa Rica",earthquake,,,,6.0,reviewed,us,us,2001-11-07,37032,Costa Rica,1
2001-11-10 20:39:45.500000+00:00,9.907,-84.042,74.6,3.77,mw,11.0,,,,us,usp000asms,2014-11-07T01:14:13.720Z,"1 km WSW of Curridabat, Costa Rica",earthquake,,,,,reviewed,casc,casc,2001-11-10,37058,Costa Rica,1
2001-12-06 18:13:19.930000+00:00,10.094,-86.285,33.0,4.51,mw,10.0,,,0.96,us,usp000au4e,2014-11-07T01:14:26.614Z,"78 km WSW of Santa Cruz, Costa Rica",earthquake,,,,3.0,reviewed,us,us,2001-12-06,37029,Costa Rica,1
2002-01-22 04:36:01+00:00,9.685,-84.085,13.2,3.77,mw,9.0,,,,us,usp000awy7,2014-11-07T01:14:43.998Z,"7 km WNW of San Marcos, Costa Rica",earthquake,,,,,reviewed,casc,casc,2002-01-22,37250,Costa Rica,1
2002-01-28 02:49:16.660000+00:00,10.724,-85.052,10.0,5.4,mwc,180.0,,,1.07,us,usp000axam,2022-05-02T15:43:24.813Z,"1 km SSE of Bijagua, Costa Rica",earthquake,,,,,reviewed,us,hrv,2002-01-28,37111,Costa Rica,1
2002-03-14 16:05:05.400000+00:00,9.94,-83.428,4.8,3.86,mw,11.0,,,,us,usp000b09x,2014-11-07T01:15:08.866Z,"18 km SSW of Batán, Costa Rica",earthquake,,,,,reviewed,casc,casc,2002-03-14,37236,Costa Rica,1
2002-03-30 22:38:06.600000+00:00,9.589,-84.414,3.9,4.6,mw,28.0,,,,us,usp000b1dc,2014-11-07T01:15:16.325Z,"12 km NW of Parrita, Costa Rica",earthquake,,,,3.0,reviewed,casc,us,2002-03-30,37188,Costa Rica,1
2002-04-03 21:54:20.600000+00:00,10.569,-83.148,16.8,4.22,mw,38.0,,,,us,usp000b1p3,2014-11-07T01:15:20.690Z,"55 km NNE of Matina, Costa Rica",earthquake,,,,,reviewed,casc,casc,2002-04-03,37188,Costa Rica,1
2002-04-15 10:14:31.230000+00:00,10.449,-86.182,64.8,4.77,mw,62.0,,,0.9,us,usp000b2er,2014-11-07T01:15:25.445Z,"58 km W of Sardinal, Costa Rica",earthquake,,4.5,,15.0,reviewed,us,us,2002-04-15,37156,Costa Rica,1
2002-04-15 10:34:46.730000+00:00,9.837,-85.849,27.1,4.77,mw,32.0,,,1.09,us,usp000b2eu,2014-11-07T01:15:25.454Z,"35 km W of Sámara, Costa Rica",earthquake,,,,19.0,reviewed,us,us,2002-04-15,37172,Costa Rica,1
2002-06-02 12:52:25.210000+00:00,9.279,-83.681,39.7,4.68,mw,25.0,,,1.0,us,usp000b5dp,2014-11-07T01:15:44.908Z,"6 km SSW of Daniel Flores, Costa Rica",earthquake,,,,5.0,reviewed,us,us,2002-06-02,37176,Costa Rica,1
2002-06-16 02:46:14.030000+00:00,8.784,-83.992,35.0,6.4,mwc,424.0,,,1.08,us,usp000b68d,2022-05-02T16:00:59.786Z,"55 km WSW of Ciudad Cortés, Costa Rica",earthquake,,4.0,,,reviewed,us,hrv,2002-06-16,37105,Costa Rica,1
2002-07-02 04:49:13.670000+00:00,9.436,-85.7,33.0,4.6,mw,49.0,,,1.1,us,usp000b7ba,2014-11-07T01:15:58.406Z,"52 km SSW of Sámara, Costa Rica",earthquake,,,,18.0,reviewed,us,us,2002-07-02,37355,Costa Rica,1
2002-08-14 16:53:23.500000+00:00,10.74,-85.991,66.6,4.22,mw,18.0,,,1.04,us,usp000b9wh,2014-11-07T01:16:15.961Z,"44 km WNW of Sardinal, Costa Rica",earthquake,,13.3,,,reviewed,us,casc,2002-08-14,37377,Costa Rica,1
2002-09-17 01:30:34.860000+00:00,10.81,-84.853,199.0,4.85,mw,32.0,,,0.92,us,usp000bceu,2014-11-07T01:16:32.101Z,"20 km ESE of Upala, Costa Rica",earthquake,,4.7,,7.0,reviewed,us,us,2002-09-17,37309,Costa Rica,1
2002-09-29 13:25:01.650000+00:00,9.059,-84.133,23.9,5.2,mwc,192.0,,,1.07,us,usp000bde8,2022-05-02T16:10:16.152Z,"41 km S of Quepos, Costa Rica",earthquake,,,,,reviewed,us,hrv,2002-09-29,37266,Costa Rica,1
2002-10-21 07:58:54.300000+00:00,10.417,-85.082,71.3,3.86,mw,22.0,,,,us,usp000beyq,2014-11-07T01:16:47.402Z,"2 km SE of Cañas, Costa Rica",earthquake,,,,,reviewed,casc,casc,2002-10-21,37404,Costa Rica,1
2002-11-17 08:14:44.600000+00:00,10.053,-83.984,7.3,3.86,mw,12.0,,,,us,usp000bhva,2014-11-07T01:17:08.799Z,"9 km NE of Ángeles, Costa Rica",earthquake,,,,,reviewed,casc,casc,2002-11-17,37417,Costa Rica,1
2002-11-30 02:00:12.030000+00:00,11.075,-85.607,33.0,4.68,mw,20.0,,,1.06,us,usp000bjrd,2014-11-07T01:17:12.423Z,"2 km E of La Cruz, Costa Rica",earthquake,,,,12.0,reviewed,us,us,2002-11-30,37343,Costa Rica,1
2003-01-21 06:25:47.930000+00:00,10.748,-85.762,33.0,5.11,mw,101.0,,,1.0,us,usp000bnxf,2014-11-07T01:17:36.917Z,"28 km NNW of Sardinal, Costa Rica",earthquake,,,,41.0,reviewed,us,us,2003-01-21,37479,Costa Rica,1
2003-01-31 18:32:28.580000+00:00,10.304,-85.385,25.7,5.3,mwc,159.0,,,1.32,us,usp000bpq4,2022-05-02T16:24:18.989Z,"18 km NNE of Nicoya, Costa Rica",earthquake,,,,,reviewed,us,hrv,2003-01-31,37469,Costa Rica,1
2003-02-01 05:44:38.600000+00:00,10.471,-84.858,89.1,3.77,mw,11.0,,,,us,usp000bpr3,2014-11-07T01:17:42.149Z,"12 km E of Tilarán, Costa Rica",earthquake,,,,,reviewed,casc,casc,2003-02-01,37617,Costa Rica,1
2003-03-11 08:30:34.200000+00:00,9.738,-83.299,3.0,3.77,mw,15.0,102.9,,,us,usp000bsdj,2014-11-07T01:18:03.145Z,"37 km ESE of La Suiza, Costa Rica",earthquake,,,,,reviewed,casc,casc,2003-03-11,37614,Costa Rica,1
2003-03-20 14:00:23+00:00,9.641,-84.358,18.8,3.86,mw,15.0,155.9,,,us,usp000bt3m,2014-11-07T01:18:06.927Z,"13 km NNW of Parrita, Costa Rica",earthquake,,,,,reviewed,casc,casc,2003-03-20,37595,Costa Rica,1
2003-04-14 21:17:37.800000+00:00,9.392,-85.54,24.9,3.77,mw,37.0,143.0,,,us,usp000bv6w,2014-11-07T01:18:20.623Z,"54 km S of Sámara, Costa Rica",earthquake,,,,,reviewed,casc,casc,2003-04-14,37619,Costa Rica,1
2003-04-15 22:01:10+00:00,9.532,-84.112,38.3,3.86,mw,16.0,154.8,,,us,usp000bv90,2014-11-07T01:18:21.006Z,Costa Rica,earthquake,,,,,reviewed,casc,casc,2003-04-15,37581,Costa Rica,1
2003-05-13 10:46:31.300000+00:00,10.304,-86.224,0.4,5.03,mw,40.0,201.3,,,us,usp000bx5p,2014-11-07T01:18:36.626Z,"67 km WSW of Sardinal, Costa Rica",earthquake,,,,1.0,reviewed,casc,us,2003-05-13,37480,Costa Rica,1
2003-05-27 11:23:26.100000+00:00,9.902,-85.686,9.0,3.86,mw,16.0,203.2,,,us,usp000by9r,2014-11-07T01:18:43.480Z,"17 km W of Sámara, Costa Rica",earthquake,,,,,reviewed,casc,casc,2003-05-27,37608,Costa Rica,1
2003-06-05 13:50:26.400000+00:00,8.512,-82.906,15.7,3.77,mw,10.0,319.6,,,us,usp000bz57,2014-11-07T01:18:51.508Z,"7 km WSW of Canoas, Costa Rica",earthquake,,,,,reviewed,casc,casc,2003-06-05,37611,Costa Rica,1
2003-06-09 01:04:32+00:00,8.506,-83.249,8.5,3.86,mw,16.0,253.3,,,us,usp000bzec,2014-11-07T01:18:52.960Z,"18 km SW of Golfito, Costa Rica",earthquake,,,,,reviewed,casc,casc,2003-06-09,37604,Costa Rica,1
2003-06-12 12:39:10+00:00,8.939,-84.18,14.7,4.04,mw,13.0,203.8,,,us,usp000bzq8,2014-11-07T01:18:54.973Z,"54 km S of Quepos, Costa Rica",earthquake,,,,,reviewed,casc,casc,2003-06-12,37527,Costa Rica,1
2003-06-15 04:35:55.600000+00:00,9.255,-84.064,20.6,3.95,mw,15.0,175.4,,,us,usp000bzwn,2014-11-07T01:18:55.888Z,"22 km SSE of Quepos, Costa Rica",earthquake,,,,,reviewed,casc,casc,2003-06-15,37553,Costa Rica,1
2003-06-18 12:38:09.500000+00:00,8.975,-83.703,7.3,3.95,mw,12.0,180.1,,,us,usp000c05h,2014-11-07T01:18:57.274Z,"19 km W of Ciudad Cortés, Costa Rica",earthquake,,,,,reviewed,casc,casc,2003-06-18,37552,Costa Rica,1
2003-06-20 06:14:57.600000+00:00,8.053,-83.386,17.0,4.68,mw,56.0,92.7,,,us,usp000c0af,2014-11-07T01:18:57.788Z,Costa Rica,earthquake,,,,22.0,reviewed,casc,us,2003-06-20,37518,Costa Rica,1
2003-07-09 05:19:14.070000+00:00,10.703,-85.985,57.4,5.11,mw,144.0,80.4,,1.17,us,usp000c21k,2014-11-07T01:19:09.924Z,"42 km WNW of Sardinal, Costa Rica",earthquake,,6.4,,48.0,reviewed,us,us,2003-07-09,37638,Costa Rica,1
2003-07-10 20:00:56.110000+00:00,9.12,-83.725,33.0,5.03,mw,122.0,88.0,,1.01,us,usp000c25b,2014-11-07T01:19:11.080Z,"22 km SW of Mercedes, Costa Rica",earthquake,,,,75.0,reviewed,us,us,2003-07-10,37659,Costa Rica,1
2003-07-30 13:16:45.300000+00:00,9.803,-86.18,1.9,4.6,mw,19.0,224.3,,,us,usp000c3qx,2014-11-07T01:19:19.575Z,"72 km W of Sámara, Costa Rica",earthquake,,,,2.0,reviewed,casc,us,2003-07-30,37665,Costa Rica,1
2003-08-05 16:23:52.200000+00:00,10.821,-85.249,33.0,4.51,mw,9.0,231.2,,0.76,us,usp000c470,2014-11-07T01:19:27.934Z,"17 km NNW of Fortuna, Costa Rica",earthquake,,,,2.0,reviewed,us,us,2003-08-05,37707,Costa Rica,1
2003-09-16 20:03:21.270000+00:00,9.969,-84.402,100.0,5.11,mw,236.0,49.3,,1.0,us,usp000c7rg,2014-11-07T01:19:50.217Z,"2 km WSW of Atenas, Costa Rica",earthquake,,,,116.0,reviewed,us,us,2003-09-16,37639,Costa Rica,1
2003-10-01 05:02:31.300000+00:00,9.396,-83.978,22.5,3.95,mw,13.0,177.0,,,us,usp000c97h,2014-11-07T01:20:04.691Z,"20 km E of Quepos, Costa Rica",earthquake,,,,,reviewed,casc,casc,2003-10-01,37738,Costa Rica,1
2003-10-17 00:08:16+00:00,9.764,-83.783,6.0,4.13,mw,29.0,67.1,,,us,usp000cajk,2014-11-07T01:20:12.848Z,"8 km ESE of Orosí, Costa Rica",earthquake,,,,,reviewed,casc,casc,2003-10-17,37722,Costa Rica,1
2003-10-18 23:10:55.920000+00:00,10.015,-83.96,33.0,3.77,mw,13.0,67.0,,1.28,us,usp000car0,2014-11-07T01:20:13.613Z,"7 km NE of Ipís, Costa Rica",earthquake,,,,,reviewed,us,casc,2003-10-18,37739,Costa Rica,1
2004-04-07 20:23:10.700000+00:00,8.902,-84.126,12.8,5.5,mwc,321.0,38.2,,,us,usp000cry3,2022-05-02T17:07:55.348Z,"58 km S of Quepos, Costa Rica",earthquake,,,,,reviewed,casc,hrv,2004-04-07,37933,Costa Rica,1
2004-04-29 00:57:21.080000+00:00,10.805,-85.995,10.0,6.2,mwb,412.0,53.7,,1.2,us,usp000ctpz,2022-05-02T17:09:50.118Z,"49 km SW of La Cruz, Costa Rica",earthquake,,,,,reviewed,us,us,2004-04-29,37911,Costa Rica,1
2004-04-29 01:54:27+00:00,10.314,-86.213,15.7,5.03,mw,60.0,86.3,,,us,usp000ctq3,2014-11-07T01:22:08.425Z,"65 km WSW of Sardinal, Costa Rica",earthquake,,,,6.0,reviewed,casc,us,2004-04-29,37933,Costa Rica,1
2004-05-19 02:13:01.020000+00:00,10.046,-86.784,168.3,4.51,mw,6.0,183.8,,0.34,us,usp000cvh5,2014-11-07T01:22:20.950Z,"133 km W of Santa Cruz, Costa Rica",earthquake,,37.8,,2.0,reviewed,us,us,2004-05-19,37975,Costa Rica,1
2004-06-02 08:03:43.010000+00:00,8.369,-83.446,10.0,4.94,mw,15.0,123.8,,1.38,us,usp000cwww,2014-11-07T01:22:31.011Z,"44 km SW of Golfito, Costa Rica",earthquake,,,,1.0,reviewed,us,us,2004-06-02,37974,Costa Rica,1
2004-06-09 14:23:30.430000+00:00,10.324,-84.482,240.9,4.94,mw,10.0,225.7,,1.06,us,usp000cxh4,2014-11-07T01:22:35.480Z,"6 km W of Quesada, Costa Rica",earthquake,,9.3,,1.0,reviewed,us,us,2004-06-09,37967,Costa Rica,1
2004-06-10 15:03:40.260000+00:00,9.817,-82.832,21.7,5.0,mwc,133.0,39.1,,0.96,us,usp000cxkv,2022-05-02T17:13:54.959Z,"29 km SE of Limón, Costa Rica",earthquake,,,,,reviewed,us,hrv,2004-06-10,37953,Costa Rica,1
2004-06-10 21:02:26.550000+00:00,10.673,-85.465,85.0,4.6,mw,7.0,191.9,,0.7,us,usp000cxmp,2014-11-07T01:22:36.130Z,"5 km NW of Liberia, Costa Rica",earthquake,,,,2.0,reviewed,us,us,2004-06-10,37975,Costa Rica,1
2004-06-20 02:26:51.670000+00:00,10.8,-85.943,10.0,4.51,mw,13.0,201.7,,1.31,us,usp000cya0,2014-11-07T01:22:39.182Z,"45 km NW of Sardinal, Costa Rica",earthquake,,0.0,,5.0,reviewed,us,us,2004-06-20,38138,Costa Rica,1
2004-07-01 12:24:20.670000+00:00,9.346,-87.425,10.0,4.94,mw,35.0,229.3,,1.52,us,usp000czbm,2014-11-07T01:22:48.035Z,"216 km WSW of Sámara, Costa Rica",earthquake,,,,19.0,reviewed,us,us,2004-07-01,37996,Costa Rica,-1
2004-07-01 12:33:31.600000+00:00,10.234,-86.592,10.0,5.1,mwc,122.0,58.8,,1.01,us,usp000czbp,2025-12-19T23:14:09.639Z,"108 km WSW of Sardinal, Costa Rica",earthquake,,,,,reviewed,us,hrv,2004-07-01,37996,Costa Rica,1
2004-10-10 19:02:29.080000+00:00,10.422,-85.512,99.4,4.6,mw,15.0,188.9,,1.13,us,usp000d65f,2014-11-07T01:23:44.269Z,"8 km E of Belén, Costa Rica",earthquake,,12.3,,6.0,reviewed,us,us,2004-10-10,38138,Costa Rica,1
2004-11-20 08:07:22.080000+00:00,9.602,-84.172,16.0,6.4,mwb,530.0,31.1,,0.92,us,usp000d8tf,2026-02-14T16:47:41.676Z,"17 km SSE of Tejar, Costa Rica",earthquake,,,,,reviewed,us,us,2004-11-20,37985,Costa Rica,1
2004-11-20 08:15:02.420000+00:00,10.182,-84.205,10.0,4.77,mw,9.0,101.2,,1.77,us,usp000d8tg,2014-11-07T01:24:03.154Z,"10 km SE of Río Segundo, Costa Rica",earthquake,,,,1.0,reviewed,us,us,2004-11-20,38097,Costa Rica,1
2005-01-11 07:00:53.900000+00:00,8.603,-83.715,20.2,5.03,mw,68.0,147.5,,,us,usp000dd1s,2014-11-07T01:24:37.122Z,"44 km SSW of Ciudad Cortés, Costa Rica",earthquake,,,,20.0,reviewed,casc,us,2005-01-11,38196,Costa Rica,1
2005-01-17 09:40:10.460000+00:00,10.796,-84.98,184.7,4.85,mw,25.0,95.3,,1.11,us,usp000ddjz,2014-11-07T01:24:40.347Z,"10 km NE of Bijagua, Costa Rica",earthquake,,,,4.0,reviewed,us,us,2005-01-17,38247,Costa Rica,1
2005-01-24 17:45:41.200000+00:00,9.388,-84.753,9.0,5.3,mwc,199.0,51.6,,,us,usp000de7r,2022-05-02T17:45:14.317Z,"28 km SSW of Jacó, Costa Rica",earthquake,,,,,reviewed,casc,hrv,2005-01-24,38190,Costa Rica,1
2005-02-14 03:31:58.160000+00:00,8.991,-84.081,36.9,5.0,mwc,133.0,68.2,,1.11,us,usp000dg3d,2022-05-02T17:48:19.147Z,"49 km S of Quepos, Costa Rica",earthquake,,4.6,,,reviewed,us,hrv,2005-02-14,38203,Costa Rica,1
2005-03-09 09:00:58.400000+00:00,10.114,-84.173,83.9,3.95,mw,13.0,83.6,,,us,usp000dhv5,2014-11-07T01:25:12.779Z,"5 km NNW of Santo Domingo, Costa Rica",earthquake,,,,,reviewed,casc,casc,2005-03-09,38328,Costa Rica,1
2005-03-13 16:29:28.880000+00:00,8.316,-83.22,25.0,4.43,mw,7.0,258.8,,0.74,us,usp000dj48,2014-11-07T01:25:13.960Z,"33 km SSW of Golfito, Costa Rica",earthquake,,0.0,,1.0,reviewed,us,us,2005-03-13,38290,Costa Rica,1
2005-04-21 15:40:51.650000+00:00,10.61,-86.127,7.7,4.94,mw,53.0,119.2,,1.18,us,usp000dnxc,2014-11-07T01:25:39.106Z,"53 km W of Sardinal, Costa Rica",earthquake,,14.0,,24.0,reviewed,us,us,2005-04-21,38224,Costa Rica,1
2005-05-02 20:08:58.800000+00:00,9.942,-84.836,22.0,3.95,mw,15.0,123.6,,,us,usp000dpsr,2014-11-07T01:25:48.011Z,"3 km S of Puntarenas, Costa Rica",earthquake,,,,,reviewed,casc,casc,2005-05-02,38301,Costa Rica,1
2005-05-29 06:10:07.400000+00:00,10.566,-85.481,15.3,3.77,mw,15.0,129.2,,,us,usp000drsr,2014-11-07T01:25:58.986Z,Costa Rica,earthquake,,,,,reviewed,casc,casc,2005-05-29,38334,Costa Rica,1
2005-06-04 16:55:29.100000+00:00,9.746,-84.357,41.2,4.85,mw,23.0,111.7,,,us,usp000ds74,2014-11-07T01:26:06.066Z,Costa Rica,earthquake,,,,1.0,reviewed,casc,us,2005-06-04,38251,Costa Rica,1
2005-07-16 20:46:50.250000+00:00,10.004,-83.21,39.1,4.68,mw,39.0,82.5,,0.92,us,usp000dvbm,2014-11-07T01:26:30.331Z,"11 km SE of Matina, Costa Rica",earthquake,,6.1,,18.0,reviewed,us,us,2005-07-16,38417,Costa Rica,1
2005-08-03 09:27:32.230000+00:00,11.183,-85.638,10.0,5.3,mwc,231.0,41.7,,1.17,us,usp000dwjk,2022-05-02T17:23:39.254Z,"12 km N of La Cruz, Costa Rica",earthquake,,,,,reviewed,us,hrv,2005-08-03,38376,Costa Rica,1
2005-08-10 21:13:28.100000+00:00,10.716,-84.489,124.7,3.86,mw,12.0,172.0,,,us,usp000dx3f,2014-11-07T01:26:48.018Z,"32 km NNE of La Fortuna, Costa Rica",earthquake,,,,,reviewed,casc,casc,2005-08-10,38458,Costa Rica,1
2005-08-26 09:12:07.600000+00:00,10.105,-84.379,72.9,4.43,mw,21.0,73.0,,,us,usp000dy33,2014-11-07T01:26:52.781Z,"0 km N of Naranjo, Costa Rica",earthquake,,,,1.0,reviewed,casc,us,2005-08-26,38452,Costa Rica,1
2005-09-19 18:03:18.600000+00:00,9.358,-84.24,0.0,4.85,mw,9.0,144.3,,,us,usp000dzrc,2014-11-07T01:27:06.100Z,"11 km SW of Quepos, Costa Rica",earthquake,,,,1.0,reviewed,casc,us,2005-09-19,38401,Costa Rica,1
2005-09-30 10:29:27.690000+00:00,8.33,-83.73,15.5,5.0,mwc,263.0,49.1,,0.85,us,usp000e0jp,2022-05-02T18:01:31.885Z,"73 km SSW of Ciudad Cortés, Costa Rica",earthquake,,,,,reviewed,us,hrv,2005-09-30,38394,Costa Rica,1
2005-10-04 11:09:45.080000+00:00,10.421,-85.165,62.0,3.86,mw,10.0,124.0,,0.41,us,usp000e0vp,2014-11-07T01:27:16.995Z,"7 km W of Cañas, Costa Rica",earthquake,,10.0,,,reviewed,us,casc,2005-10-04,38501,Costa Rica,1
2005-10-06 15:48:13.620000+00:00,10.317,-85.587,25.2,4.68,mw,13.0,127.4,,1.21,us,usp000e0z7,2014-11-07T01:27:17.746Z,"6 km N of Santa Cruz, Costa Rica",earthquake,,11.2,,4.0,reviewed,us,us,2005-10-06,38441,Costa Rica,1
2005-11-18 08:01:40.700000+00:00,8.938,-84.255,21.0,4.41,mw,14.0,203.0,,,us,usp000e4e6,2014-11-07T01:27:40.480Z,"55 km S of Quepos, Costa Rica",earthquake,,,,,reviewed,casc,casc,2005-11-18,38456,Costa Rica,1
2005-12-09 07:16:33.100000+00:00,9.302,-85.217,20.0,4.68,mw,41.0,84.2,,,us,usp000e5uh,2014-11-07T01:27:52.065Z,"65 km SSW of Paquera, Costa Rica",earthquake,,,,11.0,reviewed,casc,us,2005-12-09,38658,Costa Rica,1
2005-12-28 15:27:54.670000+00:00,9.805,-84.305,73.0,5.3,mwc,229.0,129.8,,0.76,us,usp000e73q,2022-07-14T13:01:12.325Z,"3 km SSW of San Rafael Abajo, Costa Rica",earthquake,,,,,reviewed,us,hrv,2005-12-28,38522,Costa Rica,1
2006-03-02 04:29:11.400000+00:00,10.532,-86.124,25.3,4.68,mw,47.0,90.3,,1.24,us,usp000eb57,2014-11-07T01:28:26.075Z,"52 km W of Sardinal, Costa Rica",earthquake,,,,22.0,reviewed,us,us,2006-03-02,38666,Costa Rica,1
2006-03-12 04:21:38.070000+00:00,10.9,-85.215,175.1,4.43,mw,12.0,92.2,,1.32,us,usp000ebzx,2014-11-07T01:28:30.957Z,"10 km WSW of San José, Costa Rica",earthquake,,10.9,,3.0,reviewed,us,us,2006-03-12,38683,Costa Rica,1
2006-04-24 03:38:03.300000+00:00,8.738,-84.108,11.6,4.94,mw,13.0,148.1,,1.42,us,usp000efcv,2014-11-07T01:28:54.280Z,"68 km WSW of Ciudad Cortés, Costa Rica",earthquake,,46.5,,3.0,reviewed,us,us,2006-04-24,38605,Costa Rica,1
2006-05-02 02:50:58.960000+00:00,8.121,-82.877,22.5,5.2,mwc,207.0,66.1,,0.92,us,usp000eg16,2022-05-02T15:29:58.750Z,Panama-Costa Rica border region,earthquake,,,,,reviewed,us,hrv,2006-05-02,38541,Panama-Costa Rica border region,-1
2006-05-19 20:57:53+00:00,10.864,-85.939,10.0,4.85,mw,11.0,198.7,,1.45,us,usp000ehgy,2014-11-07T01:29:08.640Z,"40 km SW of La Cruz, Costa Rica",earthquake,,,,3.0,reviewed,us,us,2006-05-19,38615,Costa Rica,1
2006-06-19 13:49:57.750000+00:00,10.988,-85.253,202.5,4.51,mw,6.0,142.2,,0.76,us,usp000ektj,2014-11-07T01:29:25.307Z,"13 km WNW of San José, Costa Rica",earthquake,,14.0,,1.0,reviewed,us,us,2006-06-19,38864,Costa Rica,1
2006-07-24 01:38:06.340000+00:00,10.969,-85.736,28.2,5.0,mwc,167.0,64.0,,0.97,us,usp000epes,2022-05-02T18:24:18.447Z,"16 km SW of La Cruz, Costa Rica",earthquake,,,,,reviewed,us,hrv,2006-07-24,38714,Costa Rica,1
2006-08-18 00:29:51.420000+00:00,10.148,-85.347,53.1,4.68,mw,29.0,151.0,,1.15,us,usp000er7g,2014-11-07T01:29:59.488Z,"11 km E of Nicoya, Costa Rica",earthquake,,13.3,,16.0,reviewed,us,us,2006-08-18,38781,Costa Rica,1
2006-08-25 17:11:57.050000+00:00,10.453,-85.071,221.5,4.43,mw,19.0,79.3,,1.33,us,usp000erqw,2014-11-07T01:30:01.671Z,"3 km NE of Cañas, Costa Rica",earthquake,,16.7,,5.0,reviewed,us,us,2006-08-25,38866,Costa Rica,1
2006-09-29 18:02:33.200000+00:00,8.51,-82.894,13.7,4.77,mw,22.0,133.7,,,us,usp000eu31,2014-11-07T01:30:20.792Z,"6 km WSW of Canoas, Costa Rica",earthquake,,,,3.0,reviewed,casc,us,2006-09-29,38774,Costa Rica,1
2006-10-10 18:09:32.400000+00:00,9.975,-85.718,10.0,4.68,mw,20.0,216.1,,0.9,us,usp000euw3,2014-11-07T01:30:32.004Z,"23 km WNW of Sámara, Costa Rica",earthquake,,,,10.0,reviewed,us,us,2006-10-10,38816,Costa Rica,1
2006-11-08 06:38:20.400000+00:00,9.382,-84.66,10.0,4.68,mw,30.0,128.0,,1.26,us,usp000ewvp,2014-11-07T01:30:46.653Z,"25 km S of Jacó, Costa Rica",earthquake,,,,6.0,reviewed,us,us,2006-11-08,38827,Costa Rica,1
2006-11-16 13:39:55.300000+00:00,8.401,-83.949,17.5,3.86,mw,10.0,244.1,,,us,usp000exug,2014-11-07T01:30:51.850Z,"77 km SW of Ciudad Cortés, Costa Rica",earthquake,,,,,reviewed,casc,casc,2006-11-16,38869,Costa Rica,1
2006-11-18 19:13:51.160000+00:00,9.632,-84.162,28.8,4.85,mw,37.0,95.9,,1.21,us,usp000ey65,2014-11-07T01:30:53.747Z,"14 km SSE of Tejar, Costa Rica",earthquake,,5.6,,12.0,reviewed,us,us,2006-11-18,38749,Costa Rica,1
2006-11-21 12:31:45.480000+00:00,9.025,-84.005,36.7,4.68,mw,21.0,159.0,,1.33,us,usp000eyf7,2014-11-07T01:30:55.348Z,"48 km SSE of Quepos, Costa Rica",earthquake,,,,1.0,reviewed,us,us,2006-11-21,38856,Costa Rica,1
2006-12-12 05:45:43.600000+00:00,9.044,-84.042,7.6,4.04,mw,12.0,190.5,,,us,usp000f02b,2014-11-07T01:31:07.669Z,"44 km SSE of Quepos, Costa Rica",earthquake,,,,,reviewed,casc,casc,2006-12-12,39044,Costa Rica,1
2006-12-12 08:34:33.370000+00:00,9.602,-84.475,43.2,4.94,mw,52.0,144.6,,0.97,us,usp000f02h,2014-11-07T01:31:07.691Z,"17 km E of Jacó, Costa Rica",earthquake,,4.2,,20.0,reviewed,us,us,2006-12-12,38890,Costa Rica,1
2006-12-20 15:39:18.700000+00:00,10.461,-85.418,52.3,4.85,mw,18.0,108.4,,0.97,us,usp000f0nc,2014-11-07T01:31:10.226Z,"19 km WSW of Bagaces, Costa Rica",earthquake,,8.3,,3.0,reviewed,us,us,2006-12-20,38898,Costa Rica,1
2007-01-01 00:01:21.120000+00:00,10.981,-85.325,40.4,4.6,mw,30.0,52.4,,0.97,us,usp000f1fp,2014-11-07T01:31:14.901Z,"20 km W of San José, Costa Rica",earthquake,,8.4,,11.0,reviewed,us,us,2007-01-01,39043,Costa Rica,1
2007-01-29 14:15:22.720000+00:00,10.704,-85.921,40.7,4.77,mw,26.0,170.3,,1.48,us,usp000f3wd,2014-11-07T01:31:28.889Z,"36 km NW of Sardinal, Costa Rica",earthquake,,17.2,,9.0,reviewed,us,us,2007-01-29,38910,Costa Rica,1
2007-04-11 21:46:55.900000+00:00,8.959,-82.997,2.2,4.04,mw,12.0,180.1,,,us,usp000f9fm,2014-11-07T01:32:10.419Z,"15 km N of San Vito, Costa Rica",earthquake,,,,,reviewed,casc,casc,2007-04-11,39044,Costa Rica,1
2007-05-13 03:11:54.190000+00:00,10.408,-84.237,119.1,4.77,mw,52.0,95.8,,1.11,us,usp000fbvt,2014-11-07T01:32:27.673Z,Costa Rica,earthquake,,9.0,,23.0,reviewed,us,us,2007-05-13,38938,Costa Rica,1
2007-05-14 19:02:46.410000+00:00,9.481,-83.913,44.9,4.68,mw,16.0,76.9,,1.29,us,usp000fbyz,2014-11-07T01:32:28.127Z,"23 km SSE of San Marcos, Costa Rica",earthquake,,11.0,,1.0,reviewed,us,us,2007-05-14,39042,Costa Rica,1
2007-05-15 15:59:30.510000+00:00,8.519,-83.088,10.0,5.03,mw,51.0,135.0,,0.99,us,usp000fc0z,2014-11-07T01:32:28.338Z,"9 km SSE of Golfito, Costa Rica",earthquake,,,,14.0,reviewed,us,us,2007-05-15,38890,Costa Rica,1
2007-05-15 18:41:38.600000+00:00,10.528,-84.747,0.0,4.77,mw,16.0,106.4,,,us,usp000fc1g,2014-11-07T01:32:28.446Z,"12 km WNW of La Fortuna, Costa Rica",earthquake,,,,2.0,reviewed,casc,us,2007-05-15,39010,Costa Rica,1
2007-07-23 20:48:28.250000+00:00,10.905,-85.636,75.4,5.03,mw,65.0,71.2,,0.87,us,usp000fgyk,2014-11-07T01:33:02.812Z,"18 km S of La Cruz, Costa Rica",earthquake,,8.6,,30.0,reviewed,us,us,2007-07-23,39139,Costa Rica,1
2007-08-12 01:38:45.770000+00:00,9.582,-84.07,68.5,4.51,mw,55.0,77.2,,0.98,us,usp000fjex,2014-11-07T01:33:14.956Z,"10 km SSW of San Marcos, Costa Rica",earthquake,,8.1,,23.0,reviewed,us,us,2007-08-12,39230,Costa Rica,1
2007-08-18 08:29:38.660000+00:00,8.955,-82.794,36.9,4.77,mw,14.0,137.7,,1.06,us,usp000fk3s,2014-11-07T01:33:18.881Z,Panama-Costa Rica border region,earthquake,,11.7,,3.0,reviewed,us,us,2007-08-18,39204,Panama-Costa Rica border region,1
2007-09-08 15:41:15.810000+00:00,10.646,-86.012,10.0,4.68,mw,12.0,143.1,,1.48,us,usp000fmq7,2014-11-07T01:33:31.809Z,"42 km WNW of Sardinal, Costa Rica",earthquake,,,,2.0,reviewed,us,us,2007-09-08,39227,Costa Rica,1
2007-10-22 21:41:02.260000+00:00,9.105,-84.103,24.2,5.11,mw,99.0,78.2,,1.06,us,usp000fr2z,2022-07-14T01:55:46.652Z,"36 km S of Quepos, Costa Rica",earthquake,,6.1,,32.0,reviewed,us,us,2007-10-22,39113,Costa Rica,1
2007-11-14 10:37:37.300000+00:00,9.292,-84.488,5.2,4.04,mw,11.0,196.2,,,us,usp000fsh8,2014-11-07T01:34:10.167Z,"31 km SW of Parrita, Costa Rica",earthquake,,,,,reviewed,casc,casc,2007-11-14,39237,Costa Rica,1
2007-11-17 23:41:00.260000+00:00,9.804,-86.082,31.7,5.03,mw,45.0,130.5,,1.01,us,usp000fsth,2022-07-14T01:09:50.314Z,"61 km W of Sámara, Costa Rica",earthquake,,,,30.0,reviewed,us,us,2007-11-17,39133,Costa Rica,1
2007-11-24 22:23:20.530000+00:00,10.393,-85.533,34.2,5.0,mwc,174.0,79.8,,1.1,us,usp000ft7v,2022-07-14T00:57:27.221Z,"6 km ESE of Belén, Costa Rica",earthquake,,,,,reviewed,us,gcmt,2007-11-24,39160,Costa Rica,1
2007-12-03 20:02:48.500000+00:00,9.7,-83.879,8.4,3.86,mw,13.0,80.0,,,us,usp000ftsz,2014-11-07T01:34:20.796Z,"10 km SSW of Orosí, Costa Rica",earthquake,,,,,reviewed,casc,casc,2007-12-03,39377,Costa Rica,1
2007-12-08 09:00:57.800000+00:00,8.833,-83.281,14.3,4.77,mw,15.0,151.2,,1.17,us,usp000fu1c,2014-11-07T01:34:22.382Z,"30 km ESE of Ciudad Cortés, Costa Rica",earthquake,,9.1,,1.0,reviewed,us,us,2007-12-08,39267,Costa Rica,1
2007-12-24 11:12:46.300000+00:00,9.65,-84.225,41.9,4.77,mw,22.0,117.6,,,us,usp000fv54,2014-11-07T01:34:28.640Z,"10 km S of Tejar, Costa Rica",earthquake,,,,1.0,reviewed,casc,us,2007-12-24,39292,Costa Rica,1
2008-01-18 23:35:10.200000+00:00,9.129,-83.771,33.1,4.94,mw,43.0,84.5,,,us,usp000fwzq,2022-07-13T22:54:21.390Z,"25 km SSW of Daniel Flores, Costa Rica",earthquake,,,,3.0,reviewed,casc,us,2008-01-18,39246,Costa Rica,1
2008-02-26 17:53:52.700000+00:00,8.948,-82.933,5.6,4.94,mw,20.0,132.7,,,us,usp000g01p,2014-11-07T01:35:04.093Z,"14 km NNE of San Vito, Costa Rica",earthquake,,,,1.0,reviewed,casc,us,2008-02-26,39251,Costa Rica,1
2008-04-12 17:52:06.070000+00:00,10.526,-84.169,116.0,4.6,mw,25.0,51.2,,1.23,us,usp000g3sg,2014-11-07T01:35:36.411Z,"14 km NE of Pital, Costa Rica",earthquake,,7.7,,4.0,reviewed,us,us,2008-04-12,39331,Costa Rica,1
2008-05-30 18:50:03.840000+00:00,10.206,-86.052,10.0,3.86,mw,5.0,160.0,,0.51,us,usp000g851,2014-11-07T01:36:08.052Z,"51 km W of Santa Cruz, Costa Rica",earthquake,,,,,reviewed,us,hdc,2008-05-30,39550,Costa Rica,1
2008-06-03 05:14:49.220000+00:00,8.545,-82.997,22.3,4.77,mw,32.0,139.7,,1.59,us,usp000g8f5,2014-11-07T01:36:13.919Z,"11 km SSW of Corredor, Costa Rica",earthquake,,25.5,,15.0,reviewed,us,us,2008-06-03,39459,Costa Rica,1
2008-06-07 21:15:59.070000+00:00,9.834,-84.372,48.1,4.85,mw,59.0,141.8,,1.35,us,usp000g8um,2014-11-07T01:36:15.941Z,"6 km WSW of Santiago, Costa Rica",earthquake,,9.7,,25.0,reviewed,us,us,2008-06-07,39438,Costa Rica,1
2008-06-12 05:23:58.940000+00:00,10.714,-85.012,149.0,4.85,mw,32.0,79.5,,1.35,us,usp000g9ag,2014-11-07T01:36:19.739Z,"5 km ESE of Bijagua, Costa Rica",earthquake,,8.8,,13.0,reviewed,us,us,2008-06-12,39441,Costa Rica,1
2008-06-15 08:18:50.090000+00:00,10.616,-86.173,30.7,5.2,mwc,132.0,143.1,,1.18,us,usp000g9qc,2022-05-02T19:41:28.371Z,"58 km W of Sardinal, Costa Rica",earthquake,,,,,reviewed,us,gcmt,2008-06-15,39429,Costa Rica,1
2008-07-03 12:10:13.500000+00:00,10.516,-86.711,29.7,4.68,mw,7.0,222.6,,,us,usp000gb7x,2014-11-07T01:36:33.622Z,"116 km W of Sardinal, Costa Rica",earthquake,,,,1.0,reviewed,hdc,us,2008-07-03,39476,Costa Rica,1
2008-07-20 02:34:12.870000+00:00,10.667,-85.777,63.4,5.1,mwc,137.0,86.1,,1.1,us,usp000gcnz,2022-05-02T19:43:07.250Z,"21 km NW of Sardinal, Costa Rica",earthquake,,4.4,,,reviewed,us,gcmt,2008-07-20,39433,Costa Rica,1
2008-08-20 06:20:57.200000+00:00,9.033,-84.081,20.2,5.3,mwc,130.0,138.7,,1.23,us,usp000gf2c,2022-05-02T21:02:12.146Z,"44 km SSE of Quepos, Costa Rica",earthquake,,5.8,,,reviewed,us,gcmt,2008-08-20,39425,Costa Rica,1
2008-10-02 22:26:51.010000+00:00,9.592,-85.093,21.6,4.51,mw,32.0,78.5,,0.9,us,usp000gj6c,2014-11-07T01:37:22.278Z,"30 km SW of Paquera, Costa Rica",earthquake,,11.4,,6.0,reviewed,us,us,2008-10-02,39507,Costa Rica,1
2008-12-06 09:31:33.860000+00:00,10.266,-84.981,56.1,5.11,mw,139.0,54.4,,0.97,us,usp000gq1b,2014-11-07T01:37:54.628Z,"2 km SW of Juntas, Costa Rica",earthquake,,5.0,,90.0,reviewed,us,us,2008-12-06,39660,Costa Rica,1
2009-01-08 19:21:35.610000+00:00,10.165,-84.197,14.0,6.1,mwc,289.0,73.9,,0.95,us,usp000gscg,2026-06-19T00:05:04.124Z,"10 km NNE of Sabanilla, Costa Rica",earthquake,,,,,reviewed,us,us,2009-01-08,39615,Costa Rica,1
2009-01-20 22:45:04.800000+00:00,10.061,-85.51,54.0,4.85,mw,29.0,146.6,,0.75,us,usp000gsx5,2022-07-15T03:15:52.172Z,"10 km W of Hojancha, Costa Rica",earthquake,,8.1,,12.0,reviewed,us,us,2009-01-20,39750,Costa Rica,1
2009-02-08 09:21:35.300000+00:00,9.616,-83.882,35.0,4.68,mw,10.0,238.2,,1.16,us,usp000gtj5,2014-11-07T01:38:21.095Z,"15 km ESE of San Marcos, Costa Rica",earthquake,,,,2.0,reviewed,us,us,2009-02-08,39752,Costa Rica,1
2009-03-11 21:03:58.980000+00:00,8.493,-83.206,17.0,5.9,mwc,410.0,47.5,,1.03,us,usp000guvb,2022-07-15T05:36:44.040Z,"15 km SW of Golfito, Costa Rica",earthquake,,,,,reviewed,us,gcmt,2009-03-11,39648,Costa Rica,1
2009-04-20 23:54:18.510000+00:00,10.634,-85.811,60.8,4.94,mw,93.0,78.0,,1.06,us,usp000gwdy,2022-07-15T08:22:38.735Z,"22 km NW of Sardinal, Costa Rica",earthquake,,8.7,,54.0,reviewed,us,us,2009-04-20,39679,Costa Rica,1
2009-04-21 00:11:35.230000+00:00,11.081,-85.603,47.2,4.68,mw,30.0,172.5,,0.89,us,usp000gwdz,2014-11-07T01:38:48.784Z,"3 km ENE of La Cruz, Costa Rica",earthquake,,9.3,,12.0,reviewed,us,us,2009-04-21,39751,Costa Rica,1
2009-04-22 00:55:14.790000+00:00,9.647,-84.366,39.4,4.85,mw,48.0,136.8,,1.36,us,usp000gwfh,2022-07-15T09:05:09.623Z,"14 km NNW of Parrita, Costa Rica",earthquake,,7.1,,10.0,reviewed,us,us,2009-04-22,39710,Costa Rica,1
2009-05-31 07:35:28.400000+00:00,10.626,-86.105,33.0,4.77,mw,45.0,176.2,,1.23,us,usp000gxqq,2014-11-07T01:39:02.330Z,"51 km WNW of Sardinal, Costa Rica",earthquake,,,,19.0,reviewed,us,us,2009-05-31,39945,Costa Rica,1
2009-06-15 05:16:30.520000+00:00,10.98,-85.666,35.0,4.85,mw,26.0,183.0,,1.18,us,usp000gy7t,2014-11-07T01:39:09.800Z,"10 km SSW of La Cruz, Costa Rica",earthquake,,,,23.0,reviewed,us,us,2009-06-15,39931,Costa Rica,1
2009-08-13 09:37:35.350000+00:00,7.948,-85.633,10.0,5.8,mwc,261.0,64.1,,0.92,us,usp000h09u,2022-07-15T15:48:20.230Z,"214 km S of Sámara, Costa Rica",earthquake,,,,,reviewed,us,gcmt,2009-08-13,39791,Costa Rica,-1
2009-09-06 05:02:44.960000+00:00,8.61,-82.932,48.1,5.1,mwc,156.0,80.5,,1.05,us,usp000h191,2022-07-15T17:15:22.772Z,"3 km SSE of Corredor, Costa Rica",earthquake,,,,,reviewed,us,gcmt,2009-09-06,39806,Costa Rica,1
2009-10-18 03:24:17.300000+00:00,10.006,-85.432,66.6,4.22,mw,9.0,180.6,,,us,usp000h345,2014-11-07T01:39:56.794Z,"5 km SSW of Hojancha, Costa Rica",earthquake,,,,,reviewed,ucr,casc,2009-10-18,39957,Costa Rica,1
2009-11-01 18:45:29.760000+00:00,10.374,-84.71,19.9,4.23,mw,5.0,137.7,,0.51,us,usp000h3n7,2014-11-07T01:40:02.453Z,"10 km W of Pocosol, Costa Rica",earthquake,,12.0,,,reviewed,us,ucr,2009-11-01,39953,Costa Rica,1
2009-11-09 07:31:15.700000+00:00,9.027,-83.883,28.9,5.03,mw,63.0,55.5,,,us,usp000h3wa,2024-01-17T20:59:05.025Z,"40 km W of Puerto Cort?s, Costa Rica",earthquake,,,,21.0,reviewed,ucr,us,2009-11-09,39865,Costa Rica,1
2009-11-13 21:20:01.700000+00:00,9.626,-84.207,13.6,4.9,mwc,106.0,77.4,,,us,usp000h40u,2022-07-15T20:54:25.325Z,"13 km SSE of Tejar, Costa Rica",earthquake,,,,,reviewed,casc,gcmt,2009-11-13,39889,Costa Rica,1
2009-11-20 17:22:28.600000+00:00,10.576,-82.962,26.3,5.2,mwc,212.0,39.9,,0.89,us,usp000h48n,2025-12-22T15:41:53.274Z,"64 km NNE of Matina, Costa Rica",earthquake,,6.7,,,reviewed,us,gcmt,2009-11-20,39964,Costa Rica,1
2010-01-22 15:49:24.230000+00:00,9.703,-84.093,69.4,5.2,mw,59.0,166.5,,0.95,us,usp000h6gh,2014-11-07T01:40:32.897Z,"9 km WNW of San Marcos, Costa Rica",earthquake,,8.9,,23.0,reviewed,us,us,2010-01-22,40027,Costa Rica,1
2010-02-09 18:22:43.530000+00:00,8.431,-83.076,24.4,5.11,mw,58.0,145.1,,0.82,us,usp000h746,2022-07-16T02:12:54.659Z,"19 km SSE of Golfito, Costa Rica",earthquake,,12.6,,31.0,reviewed,us,us,2010-02-09,40045,Costa Rica,1
2010-03-26 20:08:25.770000+00:00,8.509,-84.615,10.0,4.85,mw,12.0,209.7,,1.73,us,usp000ha0k,2014-11-07T01:41:05.900Z,"113 km SSW of Quepos, Costa Rica",earthquake,,,,2.0,reviewed,us,us,2010-03-26,40096,Costa Rica,1
2010-04-01 20:50:01.430000+00:00,9.156,-83.728,47.4,4.77,mw,24.0,151.0,,1.43,us,usp000ha7h,2022-07-16T09:33:19.587Z,"19 km SW of Mercedes, Costa Rica",earthquake,,10.9,,5.0,reviewed,us,us,2010-04-01,40123,Costa Rica,1
2010-04-28 00:46:28.670000+00:00,10.634,-84.899,224.8,5.11,mw,149.0,68.2,,1.07,us,usp000hc03,2022-07-16T12:05:31.822Z,Costa Rica,earthquake,,5.2,,53.0,reviewed,us,us,2010-04-28,40090,Costa Rica,1
2010-05-26 12:46:55.860000+00:00,9.889,-85.312,27.6,5.11,mw,170.0,59.8,,1.11,us,usp000hd6t,2022-07-16T14:18:53.766Z,"20 km SW of Nandayure, Costa Rica",earthquake,,5.2,,108.0,reviewed,us,us,2010-05-26,40166,Costa Rica,1
2010-06-01 03:26:15.760000+00:00,9.331,-84.206,18.0,6.0,mwc,370.0,44.9,,1.05,us,usp000hdem,2022-07-16T14:40:02.092Z,"12 km SSW of Quepos, Costa Rica",earthquake,,,,,reviewed,us,gcmt,2010-06-01,40151,Costa Rica,1
2010-06-10 03:23:45.180000+00:00,10.659,-85.953,35.0,4.77,mw,24.0,197.1,,1.15,us,usp000hdsw,2014-11-07T01:41:39.782Z,"36 km WNW of Sardinal, Costa Rica",earthquake,,,,11.0,reviewed,us,us,2010-06-10,40264,Costa Rica,1
2010-06-15 01:04:34.770000+00:00,8.76,-85.482,10.0,4.94,mw,88.0,88.2,,1.0,us,usp000hdzv,2014-11-07T01:41:41.066Z,"124 km S of Sámara, Costa Rica",earthquake,,,,53.0,reviewed,us,us,2010-06-15,40198,Costa Rica,1
2010-07-12 17:57:36.960000+00:00,10.34,-86.599,24.9,4.77,mw,37.0,100.6,,0.96,us,usp000hf73,2014-11-07T01:41:52.813Z,"106 km W of Sardinal, Costa Rica",earthquake,,22.2,,19.0,reviewed,us,us,2010-07-12,40287,Costa Rica,1
2010-09-16 15:27:26.550000+00:00,9.835,-84.921,25.5,5.0,mwc,249.0,60.2,,1.14,us,usp000hktu,2022-07-18T20:15:01.674Z,"2 km NE of Paquera, Costa Rica",earthquake,,4.9,,,reviewed,us,gcmt,2010-09-16,40171,Costa Rica,1
2010-10-09 01:54:04.600000+00:00,10.211,-84.293,91.0,5.8,mwb,421.0,25.6,,1.21,us,usp000hmvg,2022-07-18T21:45:32.225Z,"3 km SSW of Río Segundo, Costa Rica",earthquake,,,,,reviewed,us,us,2010-10-09,40157,Costa Rica,1
2010-10-25 05:26:33.290000+00:00,10.25,-85.839,42.9,4.68,mw,11.0,164.0,,1.08,us,usp000hnhh,2014-11-07T01:42:45.354Z,"27 km W of Santa Cruz, Costa Rica",earthquake,,13.7,,1.0,reviewed,us,us,2010-10-25,40303,Costa Rica,1
2010-11-22 07:12:21.650000+00:00,9.347,-84.57,53.0,4.5,mw,16.0,77.6,,0.77,us,usp000hpyk,2014-11-07T01:42:57.051Z,"30 km SSE of Jacó, Costa Rica",earthquake,,17.8,,,reviewed,us,hdc,2010-11-22,40479,Costa Rica,1
2010-12-29 17:13:14.340000+00:00,10.032,-82.973,20.9,4.77,mw,19.0,82.3,,1.19,us,usp000hs8z,2014-11-07T01:43:16.397Z,"8 km ENE of Limón, Costa Rica",earthquake,,24.6,,3.0,reviewed,us,us,2010-12-29,40368,Costa Rica,1
2011-02-03 15:21:54.830000+00:00,9.799,-83.863,63.0,3.77,mw,8.0,145.6,,1.02,us,usp000hu0z,2014-11-07T01:43:36.494Z,"1 km WNW of Orosí, Costa Rica",earthquake,,11.3,,,reviewed,us,ucr,2011-02-03,40493,Costa Rica,1
2011-02-21 01:31:36.500000+00:00,10.267,-84.87,74.2,4.6,mwr,160.0,120.0,,0.95,us,usp000huu2,2022-07-19T05:30:55.462Z,"9 km E of Juntas, Costa Rica",earthquake,,4.3,,,reviewed,us,us,2011-02-21,40422,Costa Rica,1
2011-02-26 11:11:37.200000+00:00,9.354,-83.876,36.5,4.94,mw,41.0,134.2,,1.1,us,usp000hv3p,2022-07-19T06:24:11.370Z,"19 km W of San Isidro, Costa Rica",earthquake,,8.2,,16.0,reviewed,us,us,2011-02-26,40331,Costa Rica,1
2011-03-04 08:14:14+00:00,10.201,-84.302,94.8,4.51,mw,8.0,83.4,,,us,usp000hvaw,2014-11-07T01:43:51.372Z,"5 km SSW of Río Segundo, Costa Rica",earthquake,,,,1.0,reviewed,casc,us,2011-03-04,40427,Costa Rica,1
2011-03-11 23:32:04+00:00,9.86,-85.059,26.3,4.51,mw,28.0,142.0,,,us,usp000hw5h,2014-11-07T01:43:59.905Z,"14 km WNW of Paquera, Costa Rica",earthquake,,,,10.0,reviewed,ucr,us,2011-03-11,40433,Costa Rica,1
2011-04-19 03:45:00.760000+00:00,9.688,-84.777,35.0,3.95,mw,5.0,223.4,,1.34,us,usp000j07v,2014-11-07T01:44:35.242Z,"18 km WNW of Jacó, Costa Rica",earthquake,,,,,reviewed,us,hdc,2011-04-19,40481,Costa Rica,1
2011-04-21 14:45:35.430000+00:00,9.799,-84.288,95.6,4.51,mw,22.0,146.6,,1.15,us,usp000j0c8,2014-11-07T01:44:36.162Z,"3 km S of San Rafael Abajo, Costa Rica",earthquake,,8.0,,1.0,reviewed,us,us,2011-04-21,40440,Costa Rica,1
2011-05-03 01:11:29.500000+00:00,10.668,-85.854,51.1,4.77,mw,31.0,194.2,,1.2,us,usp000j0xk,2014-11-07T01:44:44.102Z,"28 km NW of Sardinal, Costa Rica",earthquake,,11.9,,17.0,reviewed,us,us,2011-05-03,40404,Costa Rica,1
2011-05-13 22:47:54+00:00,9.954,-84.313,72.8,5.9,mww,424.0,39.0,,,us,usp000j1jg,2022-07-19T15:06:30.168Z,"7 km ESE of Atenas, Costa Rica",earthquake,,,,,reviewed,ucr,us,2011-05-13,40503,Costa Rica,1
2011-06-29 19:28:42.620000+00:00,10.879,-84.681,10.0,4.68,mw,20.0,233.9,,0.88,us,usp000j3yf,2014-11-07T01:45:11.789Z,"17 km SSE of Los Chiles, Costa Rica",earthquake,,,,7.0,reviewed,us,us,2011-06-29,40574,Costa Rica,1
2011-07-12 20:11:01.260000+00:00,10.648,-85.2,10.0,5.5,mwc,336.0,53.5,,1.3,us,usp000j4s9,2022-04-08T21:54:43.111Z,"2 km S of Fortuna, Costa Rica",earthquake,,,,,reviewed,us,gcmt,2011-07-12,40550,Costa Rica,1
2011-07-14 10:06:27.570000+00:00,10.212,-85.112,10.0,4.51,mw,12.0,230.7,,0.62,us,usp000j4vp,2014-11-07T01:45:21.834Z,"18 km WSW of Juntas, Costa Rica",earthquake,,,,4.0,reviewed,us,us,2011-07-14,40676,Costa Rica,1
2011-07-18 16:39:09.980000+00:00,10.383,-86.226,35.0,4.68,mw,10.0,253.1,,1.24,us,usp000j548,2014-11-07T01:45:23.282Z,"65 km WSW of Sardinal, Costa Rica",earthquake,,,,4.0,reviewed,us,us,2011-07-18,40622,Costa Rica,1
2011-07-23 13:54:16.120000+00:00,10.749,-85.684,29.6,5.1,mwc,217.0,71.1,,1.07,us,usp000j5ch,2022-04-08T21:55:43.824Z,"26 km N of Sardinal, Costa Rica",earthquake,,,,,reviewed,us,gcmt,2011-07-23,40565,Costa Rica,1
2011-09-09 21:29:20.770000+00:00,8.557,-83.065,40.9,5.03,mw,168.0,135.9,,1.2,us,usp000j7uu,2015-03-24T02:22:14.751Z,"7 km SE of Golfito, Costa Rica",earthquake,,6.5,,98.0,reviewed,us,us,2011-09-09,40569,Costa Rica,1
2011-09-28 22:25:50.610000+00:00,9.375,-83.758,42.3,4.68,mw,32.0,76.6,,1.48,us,usp000j8pw,2015-03-24T01:54:17.276Z,"6 km W of San Isidro, Costa Rica",earthquake,,10.7,,12.0,reviewed,us,us,2011-09-28,40641,Costa Rica,1
2011-11-02 19:01:33.400000+00:00,9.745,-84.749,35.0,5.4,mwb,300.0,69.4,,1.0,us,usp000ja8n,2022-04-08T22:10:23.049Z,"19 km NW of Jacó, Costa Rica",earthquake,,,,,reviewed,us,us,2011-11-02,40563,Costa Rica,1
2012-02-08 19:46:52.420000+00:00,10.726,-85.92,55.8,4.94,mw,111.0,131.6,,1.0,us,usp000jepv,2014-11-07T01:46:59.491Z,"37 km NW of Sardinal, Costa Rica",earthquake,,6.7,,77.0,reviewed,us,us,2012-02-08,40800,Costa Rica,1
2012-02-12 23:03:50+00:00,10.309,-86.42,29.6,4.85,mw,31.0,155.1,,,us,usp000jevj,2014-11-07T01:47:00.647Z,"87 km WSW of Sardinal, Costa Rica",earthquake,,,,12.0,reviewed,ucr,us,2012-02-12,40825,Costa Rica,1
2012-02-13 10:55:09.440000+00:00,9.183,-84.121,16.0,5.9,mww,511.0,32.4,,0.93,us,usp000jew6,2022-05-03T15:30:43.742Z,"27 km S of Quepos, Costa Rica",earthquake,,,,,reviewed,us,us,2012-02-13,40774,Costa Rica,1
2012-03-05 18:43:50.160000+00:00,8.073,-83.946,37.2,5.11,mw,135.0,68.7,,0.89,us,usp000jfud,2025-12-22T16:24:28.133Z,"108 km SSW of Ciudad Cortés, Costa Rica",earthquake,,4.7,,90.0,reviewed,us,us,2012-03-05,40778,Costa Rica,1
2012-03-30 20:00:27.280000+00:00,10.522,-84.741,124.2,5.11,mw,131.0,82.5,,1.27,us,usp000jh0k,2014-11-07T01:47:20.752Z,"11 km WNW of La Fortuna, Costa Rica",earthquake,,,,86.0,reviewed,us,us,2012-03-30,40779,Costa Rica,1
2012-08-07 16:10:58.390000+00:00,10.31,-84.435,87.0,4.94,mw,160.0,69.4,,1.26,us,usp000jq0g,2015-03-24T01:31:54.610Z,"1 km SSW of Quesada, Costa Rica",earthquake,,,,100.0,reviewed,us,us,2012-08-07,40984,Costa Rica,1
2012-09-05 14:42:07.800000+00:00,10.085,-85.315,35.0,7.6,mww,703.0,34.3,,1.2,us,usp000jrsw,2025-01-03T07:43:01.170Z,"11 km ENE of Hojancha, Costa Rica",earthquake,,,,,reviewed,us,us,2012-09-05,40955,Costa Rica,1
2012-09-05 16:54:12.790000+00:00,11.07,-84.655,10.0,4.43,mw,17.0,191.1,,0.69,us,usp000jrt1,2014-11-07T01:48:47.726Z,"7 km ENE of Los Chiles, Costa Rica",earthquake,,,,4.0,reviewed,us,us,2012-09-05,41021,Costa Rica,1
2012-09-06 09:11:24.110000+00:00,10.448,-86.185,35.0,4.77,mw,70.0,149.4,,0.85,us,usp000jruz,2014-11-07T01:48:48.024Z,"59 km W of Sardinal, Costa Rica",earthquake,,,,48.0,reviewed,us,us,2012-09-06,40991,Costa Rica,1
2012-09-12 18:43:16.660000+00:00,10.915,-85.004,10.0,4.85,mw,14.0,143.0,,1.24,us,usp000js7s,2014-11-07T01:48:51.006Z,"2 km NNE of Upala, Costa Rica",earthquake,,,,1.0,reviewed,us,us,2012-09-12,40985,Costa Rica,1
2012-10-12 19:24:16.640000+00:00,9.598,-84.268,62.8,5.28,mw,359.0,44.0,,1.02,us,usp000jtwx,2022-05-03T15:52:19.605Z,"10 km NE of Parrita, Costa Rica",earthquake,,3.6,,269.0,reviewed,us,us,2012-10-12,40984,Costa Rica,1
2012-11-17 04:35:58.590000+00:00,10.726,-84.934,181.1,5.11,mw,66.0,116.4,,0.83,us,usp000jvpz,2014-11-07T01:49:23.683Z,"13 km E of Bijagua, Costa Rica",earthquake,,4.1,,54.0,reviewed,us,us,2012-11-17,41079,Costa Rica,1
2012-12-09 06:03:17.120000+00:00,9.829,-83.928,23.8,4.85,mw,28.0,215.5,,0.81,us,usp000jwqw,2015-03-24T02:22:41.238Z,"4 km SSW of Cartago, Costa Rica",earthquake,,7.3,,15.0,reviewed,us,us,2012-12-09,41133,Costa Rica,1
2012-12-13 17:16:22.200000+00:00,9.062,-84.015,48.9,5.28,mw,286.0,76.6,,1.18,us,usp000jwxa,2022-05-03T16:01:09.657Z,"43 km SSE of Quepos, Costa Rica",earthquake,,5.1,,223.0,reviewed,us,us,2012-12-13,41057,Costa Rica,1
2012-12-16 10:23:42.500000+00:00,10.51,-86.133,43.4,4.94,mw,158.0,175.1,,1.03,us,usp000jx15,2014-11-07T01:49:37.049Z,"53 km W of Sardinal, Costa Rica",earthquake,,5.2,,122.0,reviewed,us,us,2012-12-16,41124,Costa Rica,1
2013-01-23 03:21:57.700000+00:00,10.182,-85.365,54.6,4.94,mw,199.0,79.4,,1.14,us,usp000jyr5,2015-03-24T18:29:52.042Z,"10 km ENE of Nicoya, Costa Rica",earthquake,,6.0,,160.0,reviewed,us,us,2013-01-23,41124,Costa Rica,1
2013-01-23 04:42:54.470000+00:00,8.139,-86.25,10.0,4.94,mw,101.0,145.3,,1.37,us,usp000jyra,2014-11-07T01:49:52.750Z,"208 km SSW of Sámara, Costa Rica",earthquake,,,,119.0,reviewed,us,us,2013-01-23,41125,Costa Rica,-1
2013-01-24 07:08:17.470000+00:00,9.91,-84.496,76.6,5.11,mw,290.0,69.2,,0.99,us,usp000jysa,2015-03-24T18:26:58.384Z,"3 km E of Orotina, Costa Rica",earthquake,,3.6,,228.0,reviewed,us,us,2013-01-24,41086,Costa Rica,1
2013-01-28 20:20:53.370000+00:00,8.945,-82.947,39.2,5.11,mw,69.0,75.1,,1.2,us,usc000ewwg,2022-07-24T16:42:27.301Z,"13 km N of San Vito, Costa Rica",earthquake,,8.3,,49.0,reviewed,us,us,2013-01-28,41083,Costa Rica,1
2013-02-01 07:13:07.770000+00:00,8.451,-83.149,10.9,4.77,mw,20.0,221.0,,1.45,us,us2013lcc9,2014-11-07T01:49:58.128Z,"17 km SSW of Golfito, Costa Rica",earthquake,,29.5,,5.0,reviewed,us,us,2013-02-01,41181,Costa Rica,1
2013-03-21 01:58:51.700000+00:00,9.362,-85.192,32.2,4.68,mw,32.0,107.0,,1.29,us,usp000jzuq,2014-11-07T01:50:22.126Z,"57 km SSW of Paquera, Costa Rica",earthquake,,5.7,,22.0,reviewed,us,us,2013-03-21,41215,Costa Rica,1
2013-04-24 07:35:32.670000+00:00,10.034,-83.239,20.5,4.85,mw,32.0,100.2,,0.96,us,usb000gesv,2014-11-07T01:50:38.217Z,"7 km SE of Matina, Costa Rica",earthquake,,10.1,,6.0,reviewed,us,us,2013-04-24,41129,Costa Rica,1
2013-05-01 03:22:20.340000+00:00,8.711,-83.212,38.4,4.85,mw,29.0,85.5,,1.06,us,usp000k0h0,2014-11-07T01:50:41.921Z,"16 km NW of Golfito, Costa Rica",earthquake,,8.2,,12.0,reviewed,us,us,2013-05-01,41275,Costa Rica,1
2013-05-03 12:51:47.020000+00:00,8.305,-83.447,31.6,4.6,mw,34.0,100.0,,0.67,us,us2013ptcy,2014-11-07T01:50:43.975Z,"49 km SW of Golfito, Costa Rica",earthquake,,6.4,,13.0,reviewed,us,us,2013-05-03,41349,Costa Rica,1
2013-05-12 23:56:50.580000+00:00,10.072,-85.999,35.0,4.68,mw,27.0,224.6,,1.16,us,usc000gv2n,2014-11-07T01:50:47.912Z,"49 km WSW of Santa Cruz, Costa Rica",earthquake,,,,9.0,reviewed,us,us,2013-05-12,41345,Costa Rica,1
2013-06-08 23:58:21+00:00,10.297,-86.464,38.9,5.03,mw,84.0,100.0,,,us,usc000hjjz,2014-11-07T01:51:03.130Z,"92 km WSW of Sardinal, Costa Rica",earthquake,,,,139.0,reviewed,ucr,us,2013-06-08,41260,Costa Rica,1
2013-06-14 13:32:31.350000+00:00,9.676,-84.151,36.7,4.68,mw,12.0,211.0,,1.2,us,usp000k18n,2014-11-07T01:51:04.338Z,"11 km SE of Tejar, Costa Rica",earthquake,,13.4,,3.0,reviewed,us,us,2013-06-14,41325,Costa Rica,1
2013-06-23 20:00:37.800000+00:00,10.147,-85.482,31.6,5.4,mwb,76.0,94.0,,1.45,us,usc000hyjq,2022-07-25T17:11:42.354Z,"3 km W of Nicoya, Costa Rica",earthquake,,4.1,,,reviewed,us,us,2013-06-23,41233,Costa Rica,1
2013-08-12 05:18:59.240000+00:00,10.4577,-86.9354,22.31,5.5,mwc,,49.0,1.957,0.92,us,usb000j0zb,2025-12-22T17:12:13.395Z,"141 km W of Sardinal, Costa Rica",earthquake,,3.6,,,reviewed,us,us_gcmt,2013-08-12,41224,Costa Rica,1
2013-09-01 06:28:44.140000+00:00,9.1115,-83.8144,15.8,4.6,mwr,,52.0,0.932,1.11,us,usb000jeks,2022-07-25T21:32:31.082Z,"29 km SSW of Daniel Flores, Costa Rica",earthquake,,4.4,0.089,,reviewed,us,us,2013-09-01,41367,Costa Rica,1
2013-09-05 12:29:15.330000+00:00,10.5988,-86.0997,19.0,5.9,mww,,35.0,1.169,1.43,us,usb000jigi,2022-07-25T21:40:43.607Z,"50 km W of Sardinal, Costa Rica",earthquake,,1.8,,,reviewed,us,us,2013-09-05,41222,Costa Rica,1
2013-09-23 07:14:53.160000+00:00,9.3776,-85.8006,28.97,4.85,mw,,85.0,1.233,0.96,us,usb000k2b7,2013-12-09T21:11:13.000Z,"63 km SSW of Sámara, Costa Rica",earthquake,,7.0,0.135,,reviewed,us,us,2013-09-23,41266,Costa Rica,1
2013-10-27 15:28:20.090000+00:00,8.239,-82.5207,49.79,5.37,mw,,54.0,2.352,0.85,us,usc000kp4q,2022-07-26T00:35:44.779Z,Panama-Costa Rica border region,earthquake,,4.2,0.03,,reviewed,us,us,2013-10-27,41401,Panama-Costa Rica border region,-1
2013-12-04 04:54:04.390000+00:00,10.9474,-85.2057,190.16,4.3,mwr,,145.0,0.698,0.65,us,usb000lb1e,2014-02-15T01:32:08.000Z,"7 km W of San José, Costa Rica",earthquake,,6.3,,,reviewed,us,ucr,2013-12-04,41530,Costa Rica,1
2013-12-10 17:28:32.080000+00:00,10.7275,-85.5249,70.25,4.8,mwr,,54.0,0.71,1.05,us,usc000lhhc,2022-07-26T03:12:02.952Z,"13 km NW of Liberia, Costa Rica",earthquake,,4.2,0.089,,reviewed,us,us,2013-12-10,41457,Costa Rica,1
2013-12-13 12:47:38.580000+00:00,11.0802,-85.8003,73.96,4.6,mw,,147.0,1.074,0.72,us,usc000lk0r,2014-02-21T23:00:53.000Z,"18 km W of La Cruz, Costa Rica",earthquake,,11.4,0.136,,reviewed,us,us,2013-12-13,41477,Costa Rica,1
2013-12-21 01:39:34.610000+00:00,9.2781,-85.5236,20.15,4.94,mw,,79.0,1.153,0.85,us,usc000lpam,2014-02-27T21:37:24.000Z,"66 km S of Sámara, Costa Rica",earthquake,,4.9,0.088,,reviewed,us,us,2013-12-21,41448,Costa Rica,1
2013-12-22 22:52:14.590000+00:00,10.0842,-84.2165,98.31,4.6,mwr,,108.0,0.131,0.63,us,usc000lq3f,2022-07-26T04:22:49.999Z,"1 km N of Sabanilla, Costa Rica",earthquake,,5.9,,,reviewed,us,ucr,2013-12-22,41483,Costa Rica,1
2014-01-05 19:06:05.020000+00:00,8.7111,-83.0805,30.77,4.77,mw,,139.0,1.637,1.04,us,usb000m4wk,2014-03-07T00:25:59.000Z,"12 km NNE of Golfito, Costa Rica",earthquake,,5.8,0.22,7.0,reviewed,us,us,2014-01-05,41471,Costa Rica,1
2014-01-11 05:10:20.190000+00:00,10.1872,-84.5359,81.97,4.2,mwr,,170.0,0.422,0.56,us,usc000m0tu,2022-07-26T05:10:04.948Z,"13 km NNW of San Ramón, Costa Rica",earthquake,,6.3,,,reviewed,us,ucr,2014-01-11,41535,Costa Rica,1
2014-01-17 21:02:41+00:00,9.511,-84.857,18.94,5.2,mwr,,,,0.93,us,usb000m3ce,2022-05-03T16:37:57.835Z,"27 km WSW of Jacó, Costa Rica",earthquake,,2.9,,,reviewed,ucr,ucr,2014-01-17,41439,Costa Rica,1
2014-02-16 19:22:02.170000+00:00,9.6886,-84.4256,40.81,4.94,mw,,218.0,0.439,1.41,us,usc000mrlb,2022-07-26T07:28:33.796Z,"21 km SW of Santiago, Costa Rica",earthquake,,12.2,0.088,,reviewed,us,us,2014-02-16,41456,Costa Rica,1
2014-03-05 21:15:53.280000+00:00,10.0937,-85.3451,54.47,5.03,mw,,79.0,0.433,1.47,us,usc000n3lw,2022-07-26T08:41:47.527Z,"8 km ENE of Hojancha, Costa Rica",earthquake,,5.4,0.043,170.0,reviewed,us,us,2014-03-05,41445,Costa Rica,1
2014-03-10 08:43:24.490000+00:00,10.7478,-86.1496,56.93,4.51,mw,,171.0,1.261,0.84,us,usc000nnsd,2014-05-15T02:24:07.000Z,"60 km WNW of Sardinal, Costa Rica",earthquake,,10.2,0.073,53.0,reviewed,us,us,2014-03-10,41513,Costa Rica,1
2014-05-14 17:16:56.220000+00:00,10.7748,-85.5369,66.54,4.6,mw,,182.0,0.749,0.33,us,usb000qqvq,2014-08-09T02:53:42.000Z,"18 km NW of Liberia, Costa Rica",earthquake,,4.8,0.235,5.0,reviewed,us,us,2014-05-14,41729,Costa Rica,1
2014-06-17 07:28:16.780000+00:00,10.3456,-85.554,51.97,4.5,mwr,,135.0,0.594,0.95,us,usc000rgjh,2022-07-26T17:25:20.054Z,"7 km SSE of Belén, Costa Rica",earthquake,,7.7,,,reviewed,us,ucr,2014-06-17,41749,Costa Rica,1
2014-07-06 11:42:45.170000+00:00,10.3339,-85.1155,68.75,5.0,mwr,,68.0,0.166,1.42,us,usc000rqyh,2022-07-26T19:00:26.917Z,"10 km S of Cañas, Costa Rica",earthquake,,4.4,0.089,12.0,reviewed,us,us,2014-07-06,41653,Costa Rica,1
2014-07-16 22:10:06.730000+00:00,9.5145,-83.7755,28.27,4.51,mw,,188.0,0.586,1.06,us,usb000rtm8,2022-07-26T21:04:22.509Z,"18 km NNW of San Isidro, Costa Rica",earthquake,,10.1,0.369,2.0,reviewed,us,us,2014-07-16,41741,Costa Rica,1
2014-07-24 18:48:27.150000+00:00,10.078,-84.262,10.0,4.51,mw,,170.0,0.166,0.45,us,usb000rx2l,2022-07-26T20:22:01.972Z,"5 km W of Sabanilla, Costa Rica",earthquake,,2.0,0.301,3.0,reviewed,us,us,2014-07-24,41734,Costa Rica,1
2014-08-07 08:50:05.200000+00:00,9.724,-84.2118,27.31,4.77,mw,,78.0,0.293,1.28,us,usb000s11n,2022-07-26T21:45:26.900Z,"3 km SE of Tejar, Costa Rica",earthquake,,5.3,0.111,25.0,reviewed,us,us,2014-08-07,41709,Costa Rica,1
2014-08-31 10:01:41.150000+00:00,9.1378,-83.9698,55.44,5.1,mwr,,50.0,0.87,1.33,us,usc000s8fq,2022-07-27T00:16:33.198Z,"38 km SSE of Quepos, Costa Rica",earthquake,6.9,4.9,,,reviewed,us,ucr,2014-08-31,41600,Costa Rica,1
2014-09-09 16:08:01.310000+00:00,9.9935,-84.8644,51.74,4.94,mw,,81.0,0.307,0.87,us,usb000sarb,2022-07-27T01:21:14.701Z,"3 km NW of Puntarenas, Costa Rica",earthquake,8.2,4.6,0.052,127.0,reviewed,us,us,2014-09-09,41671,Costa Rica,1
2014-09-20 13:08:06.310000+00:00,10.6499,-86.5392,43.48,4.85,mw,,219.0,1.345,0.85,us,usb000seh7,2014-12-19T00:05:23.040Z,"98 km W of Sardinal, Costa Rica",earthquake,6.3,14.8,0.106,26.0,reviewed,us,us,2014-09-20,41685,Costa Rica,1
2014-09-25 09:23:13.230000+00:00,10.557,-86.0318,24.16,4.94,mw,,86.0,1.094,1.6,us,usb000sfu3,2014-12-20T00:53:57.040Z,"42 km W of Sardinal, Costa Rica",earthquake,7.1,4.7,0.058,93.0,reviewed,us,us,2014-09-25,41663,Costa Rica,1
2014-10-02 19:05:11.930000+00:00,10.1161,-86.1349,18.81,4.68,mw,,227.0,1.176,0.68,us,usb000sm0h,2014-12-23T01:41:58.040Z,"62 km WSW of Santa Cruz, Costa Rica",earthquake,10.1,8.4,0.129,17.0,reviewed,us,us,2014-10-02,41718,Costa Rica,1
2014-10-10 06:22:57+00:00,8.37,-83.126,20.5,5.0,mwr,,,,0.8,us,usb000skkx,2022-07-27T04:29:02.019Z,"25 km S of Golfito, Costa Rica",earthquake,6.1,1.7,,,reviewed,ucr,ucr,2014-10-10,41634,Costa Rica,1
2014-10-22 15:46:58.370000+00:00,9.3741,-83.6525,10.0,4.0,mwr,,252.0,0.77,0.6,us,usc000t3ke,2015-01-17T01:25:32.040Z,"4 km NNE of Daniel Flores, Costa Rica",earthquake,7.3,2.0,,,reviewed,us,ucr,2014-10-22,41939,Costa Rica,1
2014-10-24 19:03:50.860000+00:00,10.7142,-85.6286,66.74,4.51,mw,,129.0,0.786,0.9,us,usc000sv11,2022-07-27T09:05:18.438Z,"21 km N of Sardinal, Costa Rica",earthquake,4.9,9.5,0.151,12.0,reviewed,us,us,2014-10-24,41921,Costa Rica,1
2014-11-16 10:21:21.340000+00:00,10.5654,-86.0584,28.39,5.45,mw,,60.0,1.121,0.95,us,usc000sxtc,2022-07-27T07:46:42.587Z,"45 km W of Sardinal, Costa Rica",earthquake,3.9,3.8,0.029,418.0,reviewed,us,us,2014-11-16,41761,Costa Rica,1
2015-01-10 06:56:10+00:00,8.949,-84.008,17.5,4.9,mwr,,,,1.3,us,usc000tefc,2015-04-10T18:56:28.040Z,"53 km W of Ciudad Cortés, Costa Rica",earthquake,8.1,4.3,,,reviewed,ucr,ucr,2015-01-10,41841,Costa Rica,1
2015-02-18 13:12:25.900000+00:00,10.3077,-85.2209,53.47,4.85,mw,,93.0,0.264,0.89,us,usb000tq9p,2022-07-27T21:51:03.757Z,"19 km SW of Cañas, Costa Rica",earthquake,6.7,2.0,0.039,215.0,reviewed,us,us,2015-02-18,41880,Costa Rica,1
2015-02-21 20:46:46.060000+00:00,9.6129,-84.4744,37.7,4.85,mw,,144.0,0.526,1.39,us,usc000tt23,2015-05-12T20:29:38.040Z,"17 km E of Jacó, Costa Rica",earthquake,6.0,6.2,0.118,21.0,reviewed,us,us,2015-02-21,41883,Costa Rica,1
2015-03-11 16:26:28.850000+00:00,10.6027,-86.5269,10.0,5.2,mw,,122.0,1.077,1.19,us,us10001mrb,2015-05-28T00:48:42.040Z,"96 km W of Sardinal, Costa Rica",earthquake,4.7,1.8,0.085,44.0,reviewed,us,us,2015-03-11,41763,Costa Rica,1
2015-03-31 09:09:24+00:00,10.0472,-84.1829,10.0,4.94,mw,,82.0,0.083,1.3,us,us10001sal,2022-07-28T05:32:36.531Z,"3 km WSW of Santo Domingo, Costa Rica",earthquake,7.9,1.9,0.083,44.0,reviewed,us,us,2015-03-31,41786,Costa Rica,1
2015-03-31 17:05:12.010000+00:00,10.26,-84.6139,95.48,4.77,mw,,54.0,0.334,1.05,us,us10001ses,2022-07-28T05:31:43.455Z,"11 km S of Pocosol, Costa Rica",earthquake,4.6,4.5,0.056,93.0,reviewed,us,us,2015-03-31,41901,Costa Rica,1
2015-04-18 23:33:06.200000+00:00,9.5839,-84.0333,57.22,4.68,mw,,77.0,0.404,1.4,us,us200027we,2022-07-31T00:21:06.343Z,"8 km S of San Marcos, Costa Rica",earthquake,6.7,5.7,0.08,44.0,reviewed,us,us,2015-04-18,41921,Costa Rica,1
2015-04-22 03:39:05.630000+00:00,9.8849,-85.3629,58.35,4.6,mw,,182.0,0.319,0.93,us,us20002a38,2015-06-26T23:16:01.040Z,"18 km E of Sámara, Costa Rica",earthquake,6.4,6.9,0.108,24.0,reviewed,us,us,2015-04-22,42044,Costa Rica,1
2015-04-25 20:37:47.680000+00:00,8.2057,-83.4377,14.1,4.7,mwr,,68.0,0.497,0.82,us,us2000298z,2022-07-31T01:34:46.759Z,"56 km SW of Golfito, Costa Rica",earthquake,5.4,3.4,0.065,23.0,reviewed,us,us,2015-04-25,42003,Costa Rica,1
2015-04-28 07:33:23+00:00,10.2294,-84.7056,76.0,4.94,mw,,,,0.92,us,us200029st,2022-07-31T02:32:16.216Z,"15 km N of Miramar, Costa Rica",earthquake,5.6,4.8,0.037,211.0,reviewed,ucr,us,2015-04-28,41972,Costa Rica,1
2015-05-21 08:48:27.910000+00:00,10.0938,-85.9428,35.15,4.68,mw,,180.0,0.545,0.83,us,us20002kyh,2015-07-29T01:35:30.040Z,"43 km WSW of Santa Cruz, Costa Rica",earthquake,3.1,11.2,0.177,9.0,reviewed,us,us,2015-05-21,42022,Costa Rica,1
2015-05-26 02:50:28.450000+00:00,9.9344,-83.9094,8.31,4.8,mwr,,96.0,0.17,0.6,us,us10002cb1,2022-07-31T09:33:00.986Z,Costa Rica,earthquake,1.3,6.2,,,reviewed,us,ucr,2015-05-26,42002,Costa Rica,1
2015-06-11 18:43:59+00:00,10.0545,-83.5097,16.0,4.85,mw,,,,1.72,us,us20002p4e,2022-07-31T12:28:49.600Z,"4 km S of Siquirres, Costa Rica",earthquake,3.5,4.5,0.171,10.0,reviewed,casc,us,2015-06-11,41977,Costa Rica,1
2015-06-17 21:41:18.540000+00:00,10.5179,-86.216,34.53,4.85,mw,,182.0,0.64,0.62,us,us10002muv,2015-08-20T00:44:02.040Z,"62 km W of Sardinal, Costa Rica",earthquake,3.9,8.2,0.085,40.0,reviewed,us,us,2015-06-17,41993,Costa Rica,1
2015-06-20 19:32:17.230000+00:00,10.8087,-86.641,29.71,4.85,mw,,182.0,1.031,0.62,us,us10002kjp,2015-09-01T00:53:52.040Z,off the coast of Costa Rica,earthquake,6.5,7.4,0.071,59.0,reviewed,us,us,2015-06-20,41999,off the coast of Costa Rica,1
2015-06-21 07:27:34.550000+00:00,10.0661,-83.1245,17.79,4.5,mwr,,31.0,0.249,0.74,us,us10002kn7,2022-07-31T14:19:50.737Z,"12 km NW of Limón, Costa Rica",earthquake,3.9,3.7,0.046,45.0,reviewed,us,us,2015-06-21,42104,Costa Rica,1
2015-07-10 11:46:09.570000+00:00,8.6256,-83.1195,10.75,4.94,mw,,76.0,0.249,0.92,us,us20002wjc,2022-07-31T17:47:36.855Z,"2 km NNW of Golfito, Costa Rica",earthquake,5.2,4.1,0.038,208.0,reviewed,us,us,2015-07-10,41946,Costa Rica,1
2015-08-01 12:47:22.390000+00:00,9.5246,-83.703,23.67,4.23,mw,,107.0,0.143,0.54,us,us20003gy6,2015-10-30T02:47:42.040Z,"17 km N of San Isidro, Costa Rica",earthquake,2.4,10.6,,,reviewed,us,ucr,2015-08-01,42105,Costa Rica,1
2015-09-22 15:06:03.980000+00:00,9.3387,-85.5478,19.37,4.94,mw,,146.0,0.556,0.72,us,us20003mwi,2022-08-01T07:16:10.026Z,"60 km S of Sámara, Costa Rica",earthquake,4.6,3.0,0.048,131.0,reviewed,us,us,2015-09-22,41949,Costa Rica,1
2015-09-30 04:43:24.010000+00:00,9.1384,-84.9247,29.54,5.03,mw,,185.0,0.575,0.73,us,us10003pka,2015-12-28T23:08:51.040Z,"61 km SSW of Jacó, Costa Rica",earthquake,4.7,6.6,0.142,15.0,reviewed,us,us,2015-09-30,41943,Costa Rica,1
2015-10-01 17:51:06.670000+00:00,9.4757,-84.0688,44.65,4.6,mw,,115.0,0.352,1.01,us,us10003jjz,2022-08-01T08:50:59.923Z,"11 km ENE of Quepos, Costa Rica",earthquake,5.5,7.6,0.175,9.0,reviewed,us,us,2015-10-01,42096,Costa Rica,1
2015-10-31 15:10:14.240000+00:00,10.1579,-83.9855,15.93,4.94,mw,,56.0,0.198,0.66,us,us20004132,2022-08-01T14:55:06.216Z,"19 km NNE of Ángeles, Costa Rica",earthquake,1.8,3.8,0.172,10.0,reviewed,us,us,2015-10-31,42159,Costa Rica,1
2015-11-11 12:08:51.060000+00:00,9.692,-85.6755,36.12,5.37,mw,,62.0,0.424,1.22,us,us10003xdn,2022-08-01T17:24:50.990Z,"26 km SW of Sámara, Costa Rica",earthquake,5.2,5.2,0.027,458.0,reviewed,us,us,2015-11-11,42135,Costa Rica,1
2015-11-21 23:58:34.240000+00:00,8.96,-83.814,14.61,4.3,mwr,,120.0,0.441,0.94,us,us1000407t,2022-08-01T19:20:53.491Z,"31 km W of Ciudad Cortés, Costa Rica",earthquake,4.1,4.2,0.061,26.0,reviewed,us,us,2015-11-21,42284,Costa Rica,1
2015-11-24 02:27:11.380000+00:00,8.8074,-83.1729,51.86,4.43,mw,,90.0,0.353,0.62,us,us20004h85,2022-08-01T23:24:48.495Z,"22 km W of San Vito, Costa Rica",earthquake,1.9,7.4,0.516,1.0,reviewed,us,us,2015-11-24,42247,Costa Rica,1
2015-11-28 23:47:37.080000+00:00,10.4635,-86.1935,20.97,5.28,mw,,103.0,0.638,0.95,us,us100041yi,2022-08-01T20:55:12.033Z,"60 km W of Sardinal, Costa Rica",earthquake,6.0,4.4,0.038,218.0,reviewed,us,us,2015-11-28,42146,Costa Rica,1
2016-01-16 16:58:00.740000+00:00,8.9134,-84.2146,24.93,5.2,mwr,,149.0,0.706,1.05,us,us10004f2n,2022-08-02T05:29:58.277Z,"57 km S of Quepos, Costa Rica",earthquake,4.4,6.0,,,reviewed,us,ucr,2016-01-16,42156,Costa Rica,1
2016-01-18 00:46:22.470000+00:00,9.4586,-83.7845,25.76,4.43,mw,,146.0,0.129,0.66,us,us10004frz,2022-08-07T08:55:52.784Z,"13 km NW of San Isidro, Costa Rica",earthquake,3.3,3.6,0.366,2.0,reviewed,us,us,2016-01-18,42275,Costa Rica,1
2016-02-01 14:25:48.480000+00:00,10.5643,-83.0239,10.0,4.94,mw,,56.0,0.578,1.11,us,us20004w9y,2016-04-14T22:51:39.040Z,"60 km NNE of Matina, Costa Rica",earthquake,4.0,1.9,0.386,2.0,reviewed,us,us,2016-02-01,42163,Costa Rica,1
2016-02-20 11:31:40.110000+00:00,8.5564,-83.682,5.25,4.5,mwr,,84.0,0.219,1.27,us,us10004rbq,2022-08-02T11:08:50.642Z,"47 km SSW of Ciudad Cortés, Costa Rica",earthquake,3.0,4.2,0.049,40.0,reviewed,us,us,2016-02-20,42228,Costa Rica,1
2016-03-19 20:38:24.720000+00:00,10.6741,-84.9286,151.69,4.68,mw,,33.0,0.381,0.77,us,us20005bt1,2016-06-09T21:41:51.040Z,"15 km ESE of Bijagua, Costa Rica",earthquake,5.0,4.9,0.102,27.0,reviewed,us,us,2016-03-19,42214,Costa Rica,1
2016-03-28 09:53:10.290000+00:00,9.1137,-85.0799,10.0,4.77,mw,,145.0,0.571,1.48,us,us20005dxl,2016-06-10T23:32:54.040Z,"74 km SW of Jacó, Costa Rica",earthquake,5.4,1.9,0.203,7.0,reviewed,us,us,2016-03-28,42212,Costa Rica,1
2016-05-31 06:12:51.750000+00:00,9.376,-84.3366,34.86,4.68,mw,,168.0,0.427,0.98,us,us20005zbd,2022-08-03T00:28:35.459Z,"16 km S of Parrita, Costa Rica",earthquake,5.0,16.8,0.125,18.0,reviewed,us,us,2016-05-31,42426,Costa Rica,1
2016-06-04 22:19:55.510000+00:00,8.9812,-83.1061,14.74,4.38,mw,,94.0,0.312,0.66,us,us200066cq,2016-08-18T00:36:30.040Z,"23 km NW of San Vito, Costa Rica",earthquake,3.1,4.3,,,reviewed,us,ucr,2016-06-04,42443,Costa Rica,1
2016-06-05 21:20:30.250000+00:00,8.5093,-82.9374,24.03,5.0,mwr,,163.0,0.09,0.78,us,us2000628g,2016-08-18T00:36:31.040Z,"11 km WSW of Canoas, Costa Rica",earthquake,5.0,5.9,,,reviewed,us,ucr,2016-06-05,42352,Costa Rica,1
2016-07-03 01:58:32.130000+00:00,10.6872,-85.1375,8.42,5.54,mw,,39.0,0.433,0.89,us,us10005zjd,2022-05-03T17:52:30.436Z,"6 km ENE of Fortuna, Costa Rica",earthquake,5.5,3.7,0.024,562.0,reviewed,us,us,2016-07-03,42348,Costa Rica,1
2016-07-08 13:05:46.280000+00:00,10.1595,-85.9748,28.97,4.85,mw,,168.0,0.48,0.84,us,us100061ww,2016-09-08T01:50:22.040Z,"44 km WSW of Santa Cruz, Costa Rica",earthquake,7.4,8.2,0.074,53.0,reviewed,us,us,2016-07-08,42353,Costa Rica,1
2016-08-07 06:09:50.850000+00:00,10.6027,-83.8731,15.51,4.85,mw,,62.0,0.532,1.01,us,us10006bx6,2016-10-26T03:10:21.040Z,"39 km NNW of Roxana, Costa Rica",earthquake,3.6,6.0,0.156,12.0,reviewed,us,us,2016-08-07,42381,Costa Rica,1
2016-08-17 16:06:33.010000+00:00,9.6337,-84.1111,19.66,4.7,mwr,,121.0,0.277,0.77,us,us10006ek2,2016-11-15T02:21:52.040Z,"10 km WSW of San Marcos, Costa Rica",earthquake,2.8,3.4,,,reviewed,us,ucr,2016-08-17,42386,Costa Rica,1
2016-08-25 13:34:03.880000+00:00,8.97,-83.6812,31.04,4.51,mw,,149.0,0.41,0.7,us,us20006u1q,2016-11-19T04:58:39.040Z,"17 km W of Ciudad Cortés, Costa Rica",earthquake,4.5,8.3,0.302,3.0,reviewed,us,us,2016-08-25,42441,Costa Rica,1
2016-09-01 03:00:13.560000+00:00,10.0876,-84.185,78.55,4.6,mw,,138.0,0.111,0.36,us,us10006j78,2016-11-29T01:28:49.040Z,"3 km ENE of Sabanilla, Costa Rica",earthquake,4.0,6.9,0.237,5.0,reviewed,us,us,2016-09-01,42434,Costa Rica,1
2016-09-03 22:06:02.620000+00:00,9.4755,-83.8124,36.94,4.7,mwr,,86.0,0.162,0.83,us,us10006k6m,2016-12-03T02:54:39.040Z,"17 km NW of San Isidro, Costa Rica",earthquake,4.5,2.3,0.052,35.0,reviewed,us,us,2016-09-03,42416,Costa Rica,1
2016-10-23 09:57:05.140000+00:00,8.672,-82.9229,24.92,4.68,mw,,145.0,0.11,0.99,us,us20007g79,2017-01-20T00:31:03.040Z,"4 km NE of Corredor, Costa Rica",earthquake,6.4,8.8,0.177,9.0,reviewed,us,us,2016-10-23,42532,Costa Rica,1
2016-10-25 22:35:47.540000+00:00,9.3945,-84.1446,32.46,4.68,mw,,136.0,0.461,0.54,us,us100072qn,2017-01-20T00:31:07.040Z,"4 km SSE of Quepos, Costa Rica",earthquake,3.9,8.1,0.202,7.0,reviewed,us,us,2016-10-25,42638,Costa Rica,1
2016-11-08 20:57:44.550000+00:00,10.5784,-86.4856,24.87,4.68,mw,,193.0,1.032,0.59,us,us100078ai,2017-02-02T02:21:04.040Z,"91 km W of Sardinal, Costa Rica",earthquake,7.4,11.3,0.122,19.0,reviewed,us,us,2016-11-08,42654,Costa Rica,1
2016-12-01 00:25:21.380000+00:00,9.9485,-83.8069,1.32,5.3,mww,,27.0,0.189,0.85,us,us10007dxa,2022-05-03T18:03:32.904Z,"9 km NE of Cot, Costa Rica",earthquake,5.3,3.5,,,reviewed,us,us,2016-12-01,42493,Costa Rica,1
2017-03-17 10:32:12.840000+00:00,10.4728,-86.0724,40.89,5.11,mw,,101.0,0.526,0.94,us,us20008snc,2017-06-07T00:33:42.040Z,"46 km W of Sardinal, Costa Rica",earthquake,5.7,7.0,0.028,397.0,reviewed,us,us,2017-03-17,42509,Costa Rica,1
2017-04-02 23:54:33.280000+00:00,8.9766,-82.4604,10.0,5.3,mww,,55.0,0.288,0.92,us,us10008dzu,2022-05-03T19:52:04.793Z,Panama-Costa Rica border region,earthquake,4.5,1.5,0.053,34.0,reviewed,us,us,2017-04-02,42495,Panama-Costa Rica border region,-1
2017-06-17 15:00:38+00:00,9.3618,-84.6344,12.99,4.94,mw,,175.0,0.299,1.14,us,us20009na1,2017-08-18T23:13:32.040Z,"28 km S of Jacó, Costa Rica",earthquake,4.2,6.0,0.096,32.0,reviewed,us,us,2017-06-17,42781,Costa Rica,1
2017-06-28 18:32:33.010000+00:00,10.4298,-86.1136,41.07,5.03,mw,,162.0,0.582,0.95,us,us20009q50,2017-09-27T02:03:17.040Z,"51 km W of Sardinal, Costa Rica",earthquake,6.4,10.0,0.04,194.0,reviewed,us,us,2017-06-28,42751,Costa Rica,1
2017-07-08 15:14:06.950000+00:00,10.6685,-83.0137,10.0,4.77,mw,,44.0,0.669,1.05,us,us20009w8v,2017-10-03T00:47:55.040Z,"71 km NNE of Matina, Costa Rica",earthquake,2.9,1.9,0.123,19.0,reviewed,us,us,2017-07-08,42801,Costa Rica,1
2017-07-08 18:44:25+00:00,10.5701,-86.5266,10.0,4.85,mw,,146.0,0.926,0.99,us,us10009885,2017-10-03T00:47:55.040Z,"96 km W of Sardinal, Costa Rica",earthquake,6.2,1.9,0.05,117.0,reviewed,us,us,2017-07-08,42793,Costa Rica,1
2017-08-07 10:47:29.950000+00:00,9.5935,-85.9481,18.92,5.03,mw,,71.0,0.658,0.78,us,us2000a5gu,2022-08-07T14:04:14.202Z,off the coast of Costa Rica,earthquake,7.0,3.9,0.032,306.0,reviewed,us,us,2017-08-07,42751,off the coast of Costa Rica,1
2017-08-19 21:38:04.420000+00:00,9.9316,-83.6199,17.37,4.0,mwr,,50.0,0.162,0.44,us,us2000aa09,2022-08-07T15:16:34.023Z,"7 km ENE of Turrialba, Costa Rica",earthquake,3.0,1.5,0.066,22.0,reviewed,us,us,2017-08-19,42836,Costa Rica,1
2017-08-27 10:38:58.950000+00:00,9.0468,-83.931,27.26,5.11,mw,,124.0,0.417,1.13,us,us2000ac8c,2022-08-07T15:45:49.029Z,"42 km SW of Daniel Flores, Costa Rica",earthquake,4.8,5.5,0.048,131.0,reviewed,us,us,2017-08-27,42741,Costa Rica,1
2017-09-01 07:42:45.010000+00:00,10.113,-85.5035,27.75,5.4,mww,,136.0,0.035,0.94,us,us2000ads0,2022-08-07T16:12:11.441Z,"7 km SW of Nicoya, Costa Rica",earthquake,5.0,5.0,0.068,21.0,reviewed,us,us,2017-09-01,42730,Costa Rica,1
2017-10-01 04:57:50.650000+00:00,9.0315,-85.6688,10.0,4.51,mw,,174.0,1.055,0.86,us,us2000axdz,2018-01-03T01:54:41.040Z,"95 km S of Sámara, Costa Rica",earthquake,7.8,2.0,0.302,3.0,reviewed,us,us,2017-10-01,42806,Costa Rica,1
2017-11-13 02:28:23.680000+00:00,9.5147,-84.4865,19.36,6.5,mww,,37.0,0.225,1.25,us,us2000bmhe,2026-02-10T18:31:43.966Z,"18 km W of Parrita, Costa Rica",earthquake,5.0,2.6,0.05,38.0,reviewed,us,us,2017-11-13,42879,Costa Rica,1
2017-11-14 21:21:23.550000+00:00,8.8142,-83.9123,10.0,5.1,mwr,,145.0,0.926,0.87,us,us2000bnjg,2022-05-03T18:40:13.020Z,"45 km WSW of Ciudad Cortés, Costa Rica",earthquake,2.7,1.9,0.053,34.0,reviewed,us,us,2017-11-14,42938,Costa Rica,1
2018-01-10 22:42:26.070000+00:00,10.4591,-86.2206,10.0,4.77,mw,,177.0,0.664,0.57,us,us2000cnw5,2018-04-03T01:40:25.040Z,"63 km W of Sardinal, Costa Rica",earthquake,5.4,2.0,0.178,9.0,reviewed,us,us,2018-01-10,42984,Costa Rica,1
2018-01-11 17:03:18.470000+00:00,10.6577,-84.9196,10.0,5.28,mw,,56.0,0.277,1.23,us,us2000cidd,2018-04-03T01:40:26.040Z,"17 km ESE of Bijagua, Costa Rica",earthquake,4.4,1.9,0.068,69.0,reviewed,us,us,2018-01-11,42880,Costa Rica,1
2018-02-26 13:15:01.080000+00:00,8.5808,-83.1831,14.73,5.2,mw,,127.0,0.216,0.76,us,us2000d84z,2022-08-08T00:43:58.945Z,"8 km WSW of Golfito, Costa Rica",earthquake,7.0,4.9,0.056,99.0,reviewed,us,us,2018-02-26,42937,Costa Rica,1
2018-03-03 23:25:02.730000+00:00,10.1902,-84.2374,88.67,4.6,mw,,66.0,0.224,0.45,us,us2000dbvk,2018-05-27T01:06:11.040Z,"7 km SE of Río Segundo, Costa Rica",earthquake,2.8,5.5,0.374,2.0,reviewed,us,us,2018-03-03,42989,Costa Rica,1
2018-04-09 03:37:36.060000+00:00,8.5695,-84.1096,10.0,4.8,mwr,,78.0,0.797,0.86,us,us2000dwqs,2022-05-03T19:10:02.868Z,"77 km SW of Ciudad Cortés, Costa Rica",earthquake,4.3,1.7,0.046,45.0,reviewed,us,us,2018-04-09,43093,Costa Rica,1
2018-04-27 15:33:42.280000+00:00,9.4704,-83.8042,29.28,4.51,mw,,149.0,0.152,0.89,us,us1000dtz7,2022-08-08T02:46:30.433Z,"16 km NW of San Isidro, Costa Rica",earthquake,2.1,8.6,0.301,3.0,reviewed,us,us,2018-04-27,43190,Costa Rica,1
2018-05-05 12:05:18.690000+00:00,10.66,-86.0535,32.33,4.9,mww,,136.0,0.453,1.39,us,us1000dys9,2022-05-03T19:11:30.649Z,"47 km WNW of Sardinal, Costa Rica",earthquake,5.4,4.9,0.062,25.0,reviewed,us,us,2018-05-05,43052,Costa Rica,1
2018-06-07 13:06:36.840000+00:00,10.454,-84.5837,122.69,4.68,mw,,78.0,0.078,0.79,us,us1000ep6v,2018-08-29T16:35:12.040Z,"7 km ESE of La Fortuna, Costa Rica",earthquake,7.9,3.9,0.109,24.0,reviewed,us,us,2018-06-07,43097,Costa Rica,1
2018-06-15 06:45:16.630000+00:00,9.9204,-83.3905,10.06,4.6,mw,,106.0,0.631,0.82,us,us1000euww,2018-09-07T17:47:08.040Z,"19 km SSW of Batán, Costa Rica",earthquake,3.2,8.6,0.176,9.0,reviewed,us,us,2018-06-15,43149,Costa Rica,1
2018-06-19 14:41:34.820000+00:00,10.7967,-84.9391,170.58,4.85,mw,,127.0,0.502,0.69,us,us1000eviu,2018-09-19T15:15:49.040Z,"13 km SE of Upala, Costa Rica",earthquake,8.3,6.9,0.079,47.0,reviewed,us,us,2018-06-19,43085,Costa Rica,1
2018-07-25 09:43:46.740000+00:00,9.5268,-84.4083,20.51,4.94,mw,,138.0,0.451,0.62,us,us2000gddm,2018-10-09T16:43:30.040Z,"9 km W of Parrita, Costa Rica",earthquake,6.9,5.7,0.049,123.0,reviewed,us,us,2018-07-25,43044,Costa Rica,1
2018-08-10 16:25:32.240000+00:00,10.2749,-85.8296,45.33,4.6,mw,,172.0,0.863,1.11,us,us1000g6fh,2018-10-17T18:11:46.040Z,"26 km W of Santa Cruz, Costa Rica",earthquake,9.1,7.1,0.137,15.0,reviewed,us,us,2018-08-10,43133,Costa Rica,1
2018-08-17 23:22:24.950000+00:00,8.7791,-83.1527,15.0,6.1,mww,,37.0,0.459,1.12,us,us1000gc0k,2022-05-03T19:56:51.654Z,"19 km NNW of Golfito, Costa Rica",earthquake,6.0,1.7,0.052,36.0,reviewed,us,us,2018-08-17,43026,Costa Rica,1
2018-09-20 08:03:12.750000+00:00,9.5351,-85.557,11.87,4.6,mw,,167.0,0.958,0.55,us,us1000h3ab,2018-11-27T15:51:55.040Z,"38 km S of Sámara, Costa Rica",earthquake,5.0,6.7,0.159,11.0,reviewed,us,us,2018-09-20,43156,Costa Rica,1
2018-10-09 01:48:07.140000+00:00,9.0248,-84.0215,10.0,5.2,mw,,122.0,0.712,1.05,us,us1000h93j,2018-12-21T21:15:47.040Z,"47 km SSE of Quepos, Costa Rica",earthquake,4.3,1.8,0.035,255.0,reviewed,us,us,2018-10-09,43240,Costa Rica,1
2018-11-09 09:20:30.960000+00:00,8.7153,-83.2612,10.0,5.4,mww,,26.0,0.307,1.08,us,us1000hpmp,2022-05-03T19:38:25.943Z,Costa Rica,earthquake,2.5,1.7,0.062,25.0,reviewed,us,us,2018-11-09,43209,Costa Rica,1
2018-11-17 14:12:54.980000+00:00,10.1479,-83.9758,18.86,5.03,mw,,56.0,0.197,1.05,us,us1000ht6l,2019-01-30T18:36:25.040Z,"18 km NNE of Ángeles, Costa Rica",earthquake,3.1,4.9,0.058,90.0,reviewed,us,us,2018-11-17,43252,Costa Rica,1
2018-11-21 07:40:20.470000+00:00,10.4894,-86.1721,10.0,5.2,mw,,140.0,1.216,1.44,us,us1000huth,2019-02-02T20:02:27.040Z,"57 km W of Sardinal, Costa Rica",earthquake,3.0,1.9,0.028,413.0,reviewed,us,us,2018-11-21,43248,Costa Rica,1
2018-11-26 16:07:32.430000+00:00,10.8425,-85.9935,39.92,4.6,mw,,199.0,1.161,0.27,us,us1000hyd4,2022-08-08T10:33:40.887Z,"47 km WSW of La Cruz, Costa Rica",earthquake,9.3,5.5,0.236,6.0,reviewed,us,us,2018-11-26,43325,Costa Rica,1
2019-02-02 04:13:42+00:00,10.9608,-85.5282,112.78,4.68,mw,,124.0,0.79,0.37,us,us2000jn5r,2019-04-18T19:09:45.040Z,"16 km SE of La Cruz, Costa Rica",earthquake,6.4,4.9,0.153,12.0,reviewed,us,us,2019-02-02,43257,Costa Rica,1
2019-04-10 05:39:35.545000+00:00,10.6011,-84.9345,10.0,4.16,mw,,128.0,0.308,0.96,us,us700033i9,2019-06-20T19:03:10.040Z,"15 km NNE of Tilarán, Costa Rica",earthquake,2.6,2.0,0.077,22.0,reviewed,us,us,2019-04-10,43553,Costa Rica,1
2019-05-03 21:30:43.116000+00:00,9.2998,-83.2187,10.0,4.94,mw,,122.0,0.668,1.27,us,us70003ggz,2019-07-25T18:54:13.040Z,"19 km NE of Buenos Aires, Costa Rica",earthquake,4.3,1.9,0.076,51.0,reviewed,us,us,2019-05-03,43480,Costa Rica,1
2019-05-13 01:01:53.932000+00:00,9.6696,-84.33,40.73,4.85,mw,,149.0,0.328,0.85,us,us70003k5w,2019-08-01T17:15:15.040Z,"13 km SW of Tejar, Costa Rica",earthquake,6.8,7.5,0.059,84.0,reviewed,us,us,2019-05-13,43498,Costa Rica,1
2019-06-18 16:26:20.214000+00:00,10.5237,-86.0915,10.0,5.2,mw,,140.0,1.144,0.73,us,us600042js,2019-09-11T15:19:08.040Z,"48 km W of Sardinal, Costa Rica",earthquake,7.3,1.9,0.03,351.0,reviewed,us,us,2019-06-18,43392,Costa Rica,1
2019-07-07 13:17:54.268000+00:00,8.8309,-84.3712,10.0,4.85,mw,,219.0,0.974,0.67,us,us70004dx9,2019-09-26T14:30:53.040Z,"70 km SSW of Quepos, Costa Rica",earthquake,5.9,1.9,0.088,38.0,reviewed,us,us,2019-07-07,43510,Costa Rica,1
2019-07-08 00:09:02.790000+00:00,10.8415,-85.6324,59.13,5.1,mww,,51.0,0.863,0.97,us,us70004ed6,2025-12-22T18:12:56.683Z,"25 km S of La Cruz, Costa Rica",earthquake,5.0,4.2,0.054,33.0,reviewed,us,us,2019-07-08,43461,Costa Rica,1
2019-07-25 21:04:45.107000+00:00,9.5039,-85.839,10.0,4.6,mw,,156.0,1.172,0.74,us,us60004ymj,2019-10-11T20:12:31.040Z,"53 km SW of Sámara, Costa Rica",earthquake,8.2,2.0,0.304,3.0,reviewed,us,us,2019-07-25,43553,Costa Rica,1
2019-08-06 21:14:10.860000+00:00,10.3499,-84.2603,104.44,5.2,mw,,42.0,0.353,0.98,us,us600051le,2019-10-29T20:33:39.040Z,"11 km S of Pital, Costa Rica",earthquake,6.0,4.0,0.056,99.0,reviewed,us,us,2019-08-06,43415,Costa Rica,1
2019-08-19 21:25:50.952000+00:00,10.9758,-85.1976,194.4,4.77,mw,,86.0,0.722,1.26,us,us6000577n,2019-11-02T15:26:18.040Z,"7 km WNW of San José, Costa Rica",earthquake,7.0,2.6,0.092,34.0,reviewed,us,us,2019-08-19,43523,Costa Rica,1
2019-09-18 04:58:52.215000+00:00,9.8171,-82.8466,10.0,5.11,mw,,80.0,0.326,0.93,us,us70005hrz,2021-08-18T02:24:33.659Z,"28 km SE of Limón, Costa Rica",earthquake,3.3,1.7,0.059,88.0,reviewed,us,us,2019-09-18,43425,Costa Rica,1
2019-09-18 11:23:28.381000+00:00,9.455,-84.0087,48.39,4.94,mw,,133.0,0.284,0.73,us,us70005hui,2019-12-10T17:27:10.040Z,"17 km E of Quepos, Costa Rica",earthquake,4.5,7.0,0.126,19.0,reviewed,us,us,2019-09-18,43481,Costa Rica,1
2019-10-02 12:52:54.570000+00:00,8.5721,-82.9022,14.3,4.94,mw,,87.0,0.305,0.75,us,us70005psl,2019-12-27T15:49:54.040Z,"8 km WNW of Canoas, Costa Rica",earthquake,6.0,6.0,0.222,6.0,reviewed,us,us,2019-10-02,43621,Costa Rica,1
2019-10-10 03:22:59.860000+00:00,9.5288,-84.914,25.88,4.77,mw,,90.0,0.758,0.56,us,us70005svm,2019-12-28T20:45:47.040Z,"32 km S of Paquera, Costa Rica",earthquake,5.4,4.6,0.085,40.0,reviewed,us,us,2019-10-10,43693,Costa Rica,1
2019-10-29 18:50:11.444000+00:00,9.9083,-84.2322,67.89,4.68,mw,,113.0,0.151,0.64,us,us600064kk,2020-01-18T20:00:38.040Z,"1 km SE of Colón, Costa Rica",earthquake,4.2,3.7,0.142,15.0,reviewed,us,us,2019-10-29,43724,Costa Rica,1
2019-11-25 01:33:40.409000+00:00,10.2809,-84.6841,79.33,4.9,mww,,96.0,0.12,1.13,us,us70006clb,2020-02-14T22:02:19.040Z,"12 km SW of Pocosol, Costa Rica",earthquake,5.3,3.5,0.061,26.0,reviewed,us,us,2019-11-25,43634,Costa Rica,1
2019-11-27 03:52:25.484000+00:00,10.9601,-85.1522,201.06,4.77,mw,,104.0,0.693,0.34,us,us70006dkd,2020-02-19T18:58:10.040Z,"1 km WNW of San José, Costa Rica",earthquake,7.5,7.2,0.114,22.0,reviewed,us,us,2019-11-27,43678,Costa Rica,1
2019-12-08 18:31:42.871000+00:00,10.1239,-85.794,35.0,4.8,mww,,151.0,0.254,0.81,us,us60006ny8,2020-02-29T19:52:47.040Z,"27 km WSW of Santa Cruz, Costa Rica",earthquake,3.7,2.0,0.078,16.0,reviewed,us,us,2019-12-08,43639,Costa Rica,1
2019-12-13 14:23:38.168000+00:00,10.3837,-86.0839,36.25,4.94,mw,,176.0,0.578,1.36,us,us60006rx4,2020-03-04T21:27:07.040Z,"49 km WSW of Sardinal, Costa Rica",earthquake,5.7,12.3,0.044,155.0,reviewed,us,us,2019-12-13,43623,Costa Rica,1
2020-01-21 09:33:56.399000+00:00,9.043,-83.9471,11.06,5.3,mww,,75.0,0.882,0.72,us,us60007c00,2025-12-22T18:26:45.526Z,Costa Rica,earthquake,6.4,3.3,0.047,43.0,reviewed,us,us,2020-01-21,43567,Costa Rica,1
2020-02-05 12:36:44.002000+00:00,10.4997,-86.8703,10.0,5.2,mw,,136.0,1.351,0.77,us,us70007j0k,2025-12-22T18:27:54.161Z,"133 km W of Sardinal, Costa Rica",earthquake,3.5,1.9,0.026,445.0,reviewed,us,us,2020-02-05,43594,Costa Rica,1
2020-03-07 02:40:47.723000+00:00,9.0114,-83.1647,39.22,5.2,mww,,102.0,0.518,1.33,us,us60008bgr,2025-12-22T17:57:09.036Z,"25 km SE of Buenos Aires, Costa Rica",earthquake,3.6,6.4,0.05,38.0,reviewed,us,us,2020-03-07,43575,Costa Rica,1
2020-04-08 14:32:49.300000+00:00,10.5208,-83.31,10.0,4.85,mw,,133.0,1.631,0.79,us,us70008rnq,2020-06-30T14:02:45.040Z,"48 km N of Matina, Costa Rica",earthquake,6.5,1.9,0.112,23.0,reviewed,us,us,2020-04-08,43809,Costa Rica,1
2020-04-15 13:30:36.460000+00:00,10.7398,-86.1658,41.62,5.0,mww,,136.0,0.772,0.91,us,us70008wrd,2025-12-22T18:32:38.214Z,"61 km WNW of Sardinal, Costa Rica",earthquake,6.7,4.5,0.11,8.0,reviewed,us,us,2020-04-15,43763,Costa Rica,1
2020-04-17 09:34:35.051000+00:00,9.3737,-84.1,49.46,4.16,mw,,158.0,0.624,0.33,us,us70009049,2020-07-09T14:31:18.040Z,"9 km SE of Quepos, Costa Rica",earthquake,5.6,10.9,0.073,25.0,reviewed,us,us,2020-04-17,43909,Costa Rica,1
2020-05-31 12:13:50.277000+00:00,10.1067,-86.2112,10.0,4.77,mw,,144.0,0.664,0.55,us,us6000a6l8,2020-08-15T20:19:57.040Z,"70 km WSW of Santa Cruz, Costa Rica",earthquake,6.7,1.9,0.162,11.0,reviewed,us,us,2020-05-31,43894,Costa Rica,1
2020-08-24 21:51:09.259000+00:00,9.5785,-84.6376,20.0,6.0,mww,,84.0,0.644,1.26,us,us7000bcbv,2025-12-22T18:40:55.639Z,"4 km SSW of Jacó, Costa Rica",earthquake,5.5,1.8,0.041,57.0,reviewed,us,us,2020-08-24,43756,Costa Rica,1
2020-09-03 05:40:49.073000+00:00,8.4099,-83.082,10.0,4.68,mw,,98.0,0.235,0.64,us,us7000bk8n,2020-11-17T19:44:25.040Z,"21 km S of Golfito, Costa Rica",earthquake,4.8,1.9,0.114,22.0,reviewed,us,us,2020-09-03,43904,Costa Rica,1
2020-09-08 13:29:03.128000+00:00,8.4995,-83.5419,10.47,4.94,mw,,92.0,0.236,0.56,us,us7000blvr,2020-11-17T19:44:56.040Z,"48 km WSW of Golfito, Costa Rica",earthquake,4.3,6.1,0.273,6.0,reviewed,us,us,2020-09-08,43765,Costa Rica,1
2020-11-01 05:01:09.032000+00:00,10.0129,-84.0616,72.07,5.1,mww,,71.0,0.05,0.96,us,us7000c8w9,2025-12-22T18:44:46.029Z,"2 km NNW of Ángeles, Costa Rica",earthquake,6.3,3.6,0.051,37.0,reviewed,us,us,2020-11-01,43963,Costa Rica,1
2020-12-07 11:13:07.668000+00:00,10.771,-85.0314,150.38,4.77,mw,,140.0,0.483,0.48,us,us7000cnte,2021-02-12T22:39:59.040Z,"5 km NNE of Bijagua, Costa Rica",earthquake,4.1,6.1,0.077,49.0,reviewed,us,us,2020-12-07,44082,Costa Rica,1
2020-12-08 03:33:31.334000+00:00,9.8899,-84.6839,35.0,4.85,mw,,190.0,0.478,0.91,us,us7000cp27,2021-02-12T22:40:21.040Z,"11 km S of Esparza, Costa Rica",earthquake,8.0,2.0,0.053,103.0,reviewed,us,us,2020-12-08,44000,Costa Rica,1
2020-12-08 14:20:51.282000+00:00,8.6145,-82.9451,18.76,5.03,mw,,75.0,0.31,0.83,us,us7000cp5g,2022-08-09T01:43:53.362Z,"2 km S of Corredor, Costa Rica",earthquake,4.5,3.8,0.069,66.0,reviewed,us,us,2020-12-08,43999,Costa Rica,1
2021-02-09 04:37:50.239000+00:00,9.4621,-85.6214,10.0,4.85,mw,,125.0,1.054,0.59,us,us6000dft3,2021-04-22T21:51:52.040Z,"47 km SSW of Sámara, Costa Rica",earthquake,5.4,1.9,0.097,31.0,reviewed,us,us,2021-02-09,44063,Costa Rica,1
2021-02-28 00:01:51.365000+00:00,9.4234,-84.5089,23.0,4.94,mw,,131.0,0.588,0.9,us,us7000de8s,2021-05-13T22:36:59.040Z,"23 km WSW of Parrita, Costa Rica",earthquake,4.1,5.5,0.085,42.0,reviewed,us,us,2021-02-28,44000,Costa Rica,1
2021-03-29 20:46:37.283000+00:00,10.2374,-85.8249,31.92,5.03,mw,,194.0,0.86,1.15,us,us6000dxhl,2021-06-08T17:59:07.040Z,"26 km W of Santa Cruz, Costa Rica",earthquake,6.1,7.3,0.056,97.0,reviewed,us,us,2021-03-29,44111,Costa Rica,1
2021-03-29 22:16:01.471000+00:00,8.3944,-82.8669,19.88,4.85,mw,,104.0,0.434,0.6,us,us6000dxi4,2021-06-08T17:59:07.040Z,Panama-Costa Rica border region,earthquake,5.4,6.8,0.145,14.0,reviewed,us,us,2021-03-29,44184,Panama-Costa Rica border region,1
2021-05-25 04:03:03.741000+00:00,10.5432,-83.0264,18.63,4.85,mw,,43.0,0.644,0.74,us,us7000e602,2021-07-31T22:09:30.040Z,"58 km NNE of Matina, Costa Rica",earthquake,4.3,7.2,0.383,2.0,reviewed,us,us,2021-05-25,44231,Costa Rica,1
2021-06-10 23:27:02.435000+00:00,8.9622,-85.4225,10.0,5.7,mww,,87.0,1.05,0.82,us,us7000ebw8,2025-12-22T19:02:28.437Z,"102 km S of Sámara, Costa Rica",earthquake,4.6,1.8,0.038,65.0,reviewed,us,us,2021-06-10,44111,Costa Rica,1
2021-07-27 06:37:21.275000+00:00,9.496,-84.8901,10.0,4.6,mw,,197.0,0.741,1.08,us,us6000ezeb,2021-10-03T05:22:24.040Z,"31 km WSW of Jacó, Costa Rica",earthquake,5.6,2.0,0.098,29.0,reviewed,us,us,2021-07-27,44275,Costa Rica,1
2021-07-30 04:29:33.036000+00:00,10.4148,-86.1906,10.0,5.03,mw,,90.0,0.849,1.34,us,us6000f0hw,2021-10-14T01:03:31.040Z,"60 km W of Sardinal, Costa Rica",earthquake,5.8,1.8,0.03,342.0,reviewed,us,us,2021-07-30,44168,Costa Rica,1
2021-09-09 04:27:31.601000+00:00,9.0283,-83.9543,10.0,4.77,mw,,206.0,0.71,0.7,us,us7000f9kk,2021-11-17T17:30:27.040Z,"46 km SW of Daniel Flores, Costa Rica",earthquake,2.6,1.9,0.108,25.0,reviewed,us,us,2021-09-09,44234,Costa Rica,1
2021-10-11 04:32:40.890000+00:00,10.897,-85.7742,59.9,4.6,mw,,149.0,0.38,0.67,us,us6000ftm7,2021-12-18T19:58:50.040Z,"24 km SW of La Cruz, Costa Rica",earthquake,4.6,6.9,0.214,6.0,reviewed,us,us,2021-10-11,44442,Costa Rica,1
2021-10-13 02:54:26.358000+00:00,9.562,-84.7757,16.27,5.0,mwr,,122.0,0.744,0.75,us,us6000fu4e,2025-12-22T22:24:37.858Z,"17 km WSW of Jacó, Costa Rica",earthquake,5.1,4.1,0.049,40.0,reviewed,us,us,2021-10-13,44309,Costa Rica,1
2021-10-19 05:13:07.459000+00:00,9.4778,-85.9875,10.9,4.77,mw,,140.0,0.772,0.56,us,us6000fvti,2021-12-25T22:58:48.040Z,"67 km SW of Sámara, Costa Rica",earthquake,4.7,3.8,0.061,77.0,reviewed,us,us,2021-10-19,44375,Costa Rica,1
2021-12-18 17:24:26.607000+00:00,9.945,-86.0634,18.16,4.68,mw,,80.0,0.632,0.79,us,us6000gdf7,2022-03-01T16:37:34.040Z,"59 km W of Sámara, Costa Rica",earthquake,4.7,4.4,0.079,48.0,reviewed,us,us,2021-12-18,44415,Costa Rica,1
2022-01-27 06:04:15.484000+00:00,10.0952,-84.1933,87.39,4.68,mw,,114.0,0.122,0.51,us,us7000gfh7,2022-04-09T20:19:09.040Z,"3 km NE of Sabanilla, Costa Rica",earthquake,4.3,3.6,0.094,32.0,reviewed,us,us,2022-01-27,44423,Costa Rica,1
2022-02-04 21:24:03.149000+00:00,8.3831,-83.1568,18.18,5.28,mw,,123.0,0.617,0.88,us,us7000gi36,2022-04-15T17:57:23.040Z,"24 km S of Golfito, Costa Rica",earthquake,6.4,3.9,0.031,329.0,reviewed,us,us,2022-02-04,44307,Costa Rica,1
2022-02-20 15:32:42.407000+00:00,10.5263,-86.2436,10.0,4.94,mw,,124.0,0.949,0.65,us,us7000gmg1,2022-05-04T13:38:58.040Z,"65 km W of Sardinal, Costa Rica",earthquake,6.5,1.9,0.069,65.0,reviewed,us,us,2022-02-20,44315,Costa Rica,1
2022-02-23 09:33:38.471000+00:00,10.8956,-85.1736,160.17,4.68,mw,,122.0,0.448,0.57,us,us6000h0tw,2022-05-04T13:40:03.040Z,"7 km SSW of San José, Costa Rica",earthquake,3.6,7.0,0.142,14.0,reviewed,us,us,2022-02-23,44439,Costa Rica,1
2022-03-21 05:17:16.515000+00:00,10.5342,-86.1401,36.15,5.2,mw,,143.0,0.869,0.61,us,us6000h6b9,2022-05-28T18:35:21.040Z,"53 km W of Sardinal, Costa Rica",earthquake,4.9,3.2,0.027,424.0,reviewed,us,us,2022-03-21,44468,Costa Rica,1
2022-04-12 14:05:06.814000+00:00,9.9844,-83.3683,11.33,4.43,mw,,102.0,0.672,0.43,us,us7000h1h4,2022-06-20T22:07:56.040Z,"11 km SSW of Batán, Costa Rica",earthquake,3.1,7.1,0.516,1.0,reviewed,us,us,2022-04-12,44634,Costa Rica,1
2022-05-20 10:44:47.747000+00:00,9.571,-84.8311,10.0,4.68,mw,27.0,197.0,0.725,0.31,us,us6000hml1,2022-07-24T02:40:35.040Z,"22 km WSW of Jacó, Costa Rica",earthquake,2.3,2.0,0.218,9.0,reviewed,us,us,2022-05-20,44598,Costa Rica,1
2022-05-23 17:34:39.789000+00:00,10.2105,-85.6019,35.0,5.11,mw,263.0,137.0,0.257,1.08,us,us7000hbz7,2022-08-02T19:50:45.040Z,"5 km SSW of Santa Cruz, Costa Rica",earthquake,5.5,2.7,0.029,374.0,reviewed,us,us,2022-05-23,44490,Costa Rica,1
2022-06-16 15:36:51.728000+00:00,9.9704,-84.4056,56.81,4.51,mw,31.0,151.0,0.291,0.99,us,us7000hhuz,2022-08-21T00:17:55.040Z,"2 km W of Atenas, Costa Rica",earthquake,3.0,5.6,0.185,9.0,reviewed,us,us,2022-06-16,44633,Costa Rica,1
2022-06-17 07:26:24.664000+00:00,8.667,-83.334,10.0,5.03,mw,96.0,138.0,0.598,0.5,us,us7000hi25,2022-08-21T00:18:09.040Z,"25 km WNW of Golfito, Costa Rica",earthquake,3.5,1.9,0.072,58.0,reviewed,us,us,2022-06-17,44531,Costa Rica,1
2022-07-29 01:05:36.295000+00:00,10.1394,-86.1269,10.0,4.85,mw,46.0,198.0,0.701,0.67,us,us6000i6cv,2022-10-01T22:09:28.040Z,"60 km WSW of Santa Cruz, Costa Rica",earthquake,6.23,1.926,0.056,95.0,reviewed,us,us,2022-07-29,44555,Costa Rica,1
2022-09-02 04:21:53.274000+00:00,10.9097,-85.2511,177.188,4.51,mw,16.0,119.0,0.085,0.34,us,us7000i4je,2022-11-06T04:36:07.040Z,"13 km WSW of San José, Costa Rica",earthquake,8.49,4.762,0.214,6.0,reviewed,us,us,2022-09-02,44634,Costa Rica,1
2022-09-03 06:53:35.060000+00:00,9.037,-83.8515,14.953,5.1,mww,86.0,146.0,0.64,0.94,us,us7000i4vy,2022-11-15T19:06:01.040Z,"37 km WNW of Ciudad Cortés, Costa Rica",earthquake,7.13,4.273,0.056,31.0,reviewed,us,us,2022-09-03,44528,Costa Rica,1
2022-09-03 16:29:19.627000+00:00,9.666,-85.8016,10.0,4.77,mw,34.0,152.0,1.042,0.56,us,us7000i4xy,2022-11-15T19:06:02.040Z,"38 km SW of Sámara, Costa Rica",earthquake,3.8,1.927,0.117,21.0,reviewed,us,us,2022-09-03,44556,Costa Rica,1
2022-09-11 02:37:16.928000+00:00,9.9677,-86.1505,10.0,4.68,mw,25.0,147.0,0.716,0.73,us,us7000i74d,2024-01-18T16:49:26.487Z,"49 km SW of Tamarindo, Costa Rica",earthquake,3.09,1.913,0.138,18.0,reviewed,us,us,2022-09-11,44667,Costa Rica,1
2022-09-12 18:01:39.867000+00:00,9.3817,-83.8958,10.0,4.54,mw,18.0,143.0,0.652,0.51,us,us7000i7f9,2022-11-19T23:02:49.040Z,"21 km W of San Isidro, Costa Rica",earthquake,3.94,2.001,0.074,24.0,reviewed,us,us,2022-09-12,44678,Costa Rica,1
2022-09-29 14:12:14.942000+00:00,9.5463,-84.8459,13.873,4.51,mw,17.0,182.0,0.74,0.43,us,us6000ipcd,2022-12-03T22:02:40.040Z,"24 km WSW of Jacó, Costa Rica",earthquake,3.07,1.91,0.523,1.0,reviewed,us,us,2022-09-29,44711,Costa Rica,1
2022-10-06 09:30:38.224000+00:00,10.9731,-84.4625,10.0,4.43,mw,18.0,102.0,0.606,0.47,us,us6000irew,2022-12-10T22:53:24.040Z,"28 km ESE of Los Chiles, Costa Rica",earthquake,2.47,1.113,0.3,3.0,reviewed,us,us,2022-10-06,44803,Costa Rica,1
2022-10-17 14:43:09.302000+00:00,10.3169,-86.165,10.0,4.85,mw,50.0,191.0,0.786,0.38,us,us6000iub5,2022-12-31T23:03:36.040Z,"60 km WSW of Sardinal, Costa Rica",earthquake,4.47,1.891,0.106,29.0,reviewed,us,us,2022-10-17,44643,Costa Rica,1
2022-11-19 06:40:58.126000+00:00,9.3422,-82.7042,10.0,4.51,mw,18.0,119.0,1.107,0.82,us,us7000iqxs,2023-01-30T06:00:07.040Z,Panama-Costa Rica border region,earthquake,2.88,1.982,0.233,5.0,reviewed,us,us,2022-11-19,44761,Panama-Costa Rica border region,-1
2023-01-08 05:54:06.241000+00:00,9.4149,-85.4756,37.602,4.5,mwr,102.0,135.0,0.603,0.67,us,us7000j2wv,2023-03-20T06:02:56.040Z,"51 km S of Sámara, Costa Rica",earthquake,2.37,6.89,0.055,32.0,reviewed,us,us,2023-01-08,44783,Costa Rica,1
2023-01-30 14:11:33.407000+00:00,9.6802,-84.4658,44.932,4.85,mw,59.0,77.0,0.458,0.7,us,us6000jkc9,2023-04-13T21:53:11.040Z,"19 km ENE of Jacó, Costa Rica",earthquake,4.68,5.727,0.068,64.0,reviewed,us,us,2023-01-30,44660,Costa Rica,1
2023-02-19 22:56:52.737000+00:00,10.0881,-84.2876,17.527,4.94,mw,28.0,120.0,0.193,0.66,us,us6000jq6i,2023-04-29T21:57:14.040Z,"3 km ESE of San Juan, Costa Rica",earthquake,3.79,4.071,0.164,11.0,reviewed,us,us,2023-02-19,44642,Costa Rica,1
2023-03-02 16:50:39.149000+00:00,10.2617,-84.7546,61.698,4.4,mwr,60.0,112.0,0.18,0.8,us,us7000jguw,2024-01-18T19:25:35.604Z,"15 km SW of Poco Sol, Costa Rica",earthquake,4.85,4.568,0.078,16.0,reviewed,us,us,2023-03-02,44814,Costa Rica,1
2023-03-19 14:12:27.841000+00:00,10.738,-86.5254,10.0,4.85,mw,33.0,189.0,1.185,0.58,us,us7000jl9c,2024-01-18T19:30:48.923Z,"89 km WNW of Tamarindo, Costa Rica",earthquake,6.75,1.572,0.061,78.0,reviewed,us,us,2023-03-19,44882,Costa Rica,1
2023-03-21 01:44:13.816000+00:00,9.3707,-84.1119,35.0,5.5,mww,211.0,63.0,0.383,0.71,us,us7000jlkb,2024-10-09T17:48:01.615Z,"8 km SE of Quepos, Costa Rica",earthquake,5.27,1.823,0.037,72.0,reviewed,us,us,2023-03-21,44831,Costa Rica,1
2023-03-26 02:24:15.871000+00:00,9.8602,-83.8854,67.54,4.51,mw,20.0,99.0,0.167,0.87,us,us7000jms8,2023-06-03T22:06:24.040Z,"3 km NW of Paraíso, Costa Rica",earthquake,4.12,4.586,0.214,6.0,reviewed,us,us,2023-03-26,44923,Costa Rica,1
2023-04-18 06:09:05.401000+00:00,10.5048,-86.1792,41.463,4.85,mw,43.0,152.0,0.912,0.54,us,us6000k59e,2024-01-18T19:48:55.811Z,"43 km WNW of Tamarindo, Costa Rica",earthquake,7.4,9.233,0.047,132.0,reviewed,us,us,2023-04-18,44861,Costa Rica,1
2023-05-09 02:28:08.614000+00:00,11.1227,-85.7728,89.285,4.94,mw,72.0,80.0,0.507,0.61,us,us6000kaim,2023-07-22T19:16:28.040Z,"16 km WNW of La Cruz, Costa Rica",earthquake,4.2,4.924,0.036,224.0,reviewed,us,us,2023-05-09,44838,Costa Rica,1
2023-05-30 01:08:10.338000+00:00,9.6206,-84.8992,35.0,4.51,mw,28.0,147.0,0.653,0.57,us,us7000k4w3,2023-08-05T22:07:39.040Z,Costa Rica,earthquake,2.83,1.973,0.14,14.0,reviewed,us,us,2023-05-30,44972,Costa Rica,1
2023-06-16 07:18:47.504000+00:00,8.3513,-84.2112,10.0,4.6,mw,26.0,150.0,0.884,0.86,us,us7000k8vj,2023-08-21T04:19:05.040Z,"101 km SW of Puerto Cortés, Costa Rica",earthquake,6.52,1.788,0.262,4.0,reviewed,us,us,2023-06-16,44920,Costa Rica,1
2023-06-19 08:15:46.517000+00:00,9.6782,-84.5527,22.604,4.51,mw,16.0,146.0,0.541,0.67,us,us7000k9j4,2023-08-26T20:54:23.040Z,"10 km NE of Jacó, Costa Rica",earthquake,2.54,8.465,0.214,6.0,reviewed,us,us,2023-06-19,44972,Costa Rica,1
2023-08-07 04:33:07.810000+00:00,10.6042,-86.9232,10.0,5.11,mw,128.0,64.0,1.591,0.61,us,us6000kydn,2023-10-17T22:01:26.040Z,"123 km WNW of Tamarindo, Costa Rica",earthquake,3.85,1.763,0.03,335.0,reviewed,us,us,2023-08-07,44833,Costa Rica,1
2023-08-07 20:03:53.410000+00:00,10.8531,-84.6521,163.316,4.68,mw,22.0,95.0,0.468,0.58,us,us6000kyi1,2023-10-17T22:01:27.040Z,"21 km SSE of Los Chiles, Costa Rica",earthquake,6.51,6.557,0.188,8.0,reviewed,us,us,2023-08-07,44903,Costa Rica,1
2023-09-09 04:05:58.767000+00:00,8.5529,-83.0284,5.201,4.68,mw,16.0,117.0,0.321,0.77,us,us7000kuit,2023-11-17T19:47:51.040Z,"10 km ESE of Golfito, Costa Rica",earthquake,7.85,6.778,0.129,21.0,reviewed,us,us,2023-09-09,45047,Costa Rica,1
2023-09-14 03:34:20.486000+00:00,10.0069,-86.3774,10.0,4.85,mw,36.0,163.0,1.341,0.57,us,us7000kvnd,2023-11-18T22:29:34.040Z,"67 km WSW of Tamarindo, Costa Rica",earthquake,4.44,1.995,0.106,26.0,reviewed,us,us,2023-09-14,45042,Costa Rica,1
2023-10-16 23:26:04.099000+00:00,9.8697,-84.3695,12.722,4.23,mw,7.0,183.0,0.286,0.25,us,us6000lg4v,2023-12-26T21:24:28.040Z,"6 km WNW of Santiago, Costa Rica",earthquake,2.8,7.232,0.097,14.0,reviewed,us,us,2023-10-16,45130,Costa Rica,1
2023-10-21 10:45:58.288000+00:00,9.4763,-83.6299,10.0,5.2,mww,125.0,120.0,0.435,0.54,us,us6000lh55,2023-12-26T21:24:53.040Z,"14 km NNE of San Isidro, Costa Rica",earthquake,3.5,1.876,0.054,33.0,reviewed,us,us,2023-10-21,45005,Costa Rica,1
2023-10-28 01:08:16.321000+00:00,10.4291,-86.2368,30.083,4.68,mw,36.0,206.0,0.995,0.47,us,us7000l71w,2024-01-04T04:22:30.040Z,"45 km WNW of Tamarindo, Costa Rica",earthquake,5.0,9.301,0.102,27.0,reviewed,us,us,2023-10-28,45054,Costa Rica,1
2023-10-30 01:07:50.576000+00:00,9.2728,-84.0809,24.428,4.51,mw,21.0,159.0,0.725,0.46,us,us7000l7hn,2024-01-10T06:01:13.040Z,"19 km SSE of Quepos, Costa Rica",earthquake,5.65,9.714,0.234,5.0,reviewed,us,us,2023-10-30,45080,Costa Rica,1
2023-11-14 19:01:14.120000+00:00,10.2986,-84.1348,111.058,4.6,mw,21.0,121.0,0.296,0.32,us,us6000lp6i,2024-01-26T16:37:51.040Z,"21 km ENE of Río Segundo, Costa Rica",earthquake,8.12,9.752,0.187,12.0,reviewed,us,us,2023-11-14,45071,Costa Rica,1
2023-11-23 07:06:18.404000+00:00,10.8141,-84.9073,167.144,5.03,mw,119.0,92.0,0.415,0.57,us,us6000lq88,2024-02-01T15:13:42.040Z,"14 km SE of Upala, Costa Rica",earthquake,6.62,4.58,0.033,271.0,reviewed,us,us,2023-11-23,45010,Costa Rica,1
2023-12-19 00:35:53.355000+00:00,9.6825,-84.0692,10.0,4.43,mw,13.0,182.0,0.32,0.6,us,us7000lk1w,2024-02-27T22:57:01.040Z,"5 km WNW of San Marcos, Costa Rica",earthquake,2.31,1.975,0.367,2.0,reviewed,us,us,2023-12-19,45106,Costa Rica,1
2024-01-12 01:44:05.766000+00:00,10.5395,-85.8273,51.564,4.68,mw,49.0,142.0,0.59,0.64,us,us6000m385,2024-03-31T13:22:07.933Z,"19 km W of Sardinal, Costa Rica",earthquake,6.62,4.562,0.072,54.0,reviewed,us,us,2024-01-12,45056,Costa Rica,1
2024-03-07 08:20:10.597000+00:00,9.7718,-86.3228,9.0,5.6,mww,265.0,143.0,1.445,0.61,us,us7000m3ud,2024-10-12T18:01:27.679Z,"78 km SW of Tamarindo, Costa Rica",earthquake,6.3,1.882,0.029,113.0,reviewed,us,us,2024-03-07,45185,Costa Rica,1
2024-03-18 10:08:54.535000+00:00,8.4554,-84.1576,10.0,4.85,mw,45.0,137.0,0.83,0.92,us,us6000mjk7,2024-05-27T14:19:18.040Z,"89 km SW of Puerto Cortés, Costa Rica",earthquake,5.66,1.903,0.061,78.0,reviewed,us,us,2024-03-18,45215,Costa Rica,1
2024-03-31 03:46:15.796000+00:00,10.7654,-86.1732,47.494,5.2,mw,52.0,86.0,0.838,0.75,us,us7000m90w,2024-09-08T00:12:56.076Z,"63 km NW of Tamarindo, Costa Rica",earthquake,6.43,5.458,0.034,278.0,reviewed,us,us,2024-03-31,45196,Costa Rica,1
2024-04-06 17:25:40.808000+00:00,10.2007,-83.8935,10.0,4.38,mw,16.0,72.0,0.291,0.52,us,us7000mam6,2024-06-12T21:51:56.040Z,"12 km W of Guápiles, Costa Rica",earthquake,1.9,1.975,0.081,20.0,reviewed,us,us,2024-04-06,45356,Costa Rica,1
2024-05-26 04:37:10.845000+00:00,8.4976,-82.9655,10.0,4.94,mw,76.0,86.0,0.361,0.9,us,us6000n11l,2024-08-06T02:10:15.040Z,"14 km WSW of Canoas, Costa Rica",earthquake,5.48,1.798,0.048,129.0,reviewed,us,us,2024-05-26,45209,Costa Rica,1
2024-06-01 20:32:52.547000+00:00,9.5901,-84.1168,56.621,4.51,mw,24.0,142.0,0.186,0.9,us,us7000mpi9,2024-08-06T20:32:49.040Z,"13 km SW of San Marcos, Costa Rica",earthquake,3.91,4.94,0.166,10.0,reviewed,us,us,2024-06-01,45271,Costa Rica,1
2024-08-12 01:58:45.738000+00:00,9.0007,-84.1434,28.729,4.51,mw,16.0,177.0,0.996,0.79,us,us6000npnk,2024-10-26T15:48:00.040Z,"47 km S of Quepos, Costa Rica",earthquake,5.45,5.683,0.234,5.0,reviewed,us,us,2024-08-12,45343,Costa Rica,1
2024-08-25 16:07:17.584000+00:00,10.5048,-86.5602,10.0,4.8,mww,61.0,150.0,1.217,0.85,us,us7000n9c6,2024-11-02T21:29:04.040Z,"81 km WNW of Tamarindo, Costa Rica",earthquake,6.17,1.734,0.066,22.0,reviewed,us,us,2024-08-25,45265,Costa Rica,1
2024-10-12 02:24:43.065000+00:00,9.3926,-84.3375,11.644,4.68,mw,19.0,144.0,0.477,1.12,us,us6000ny8a,2024-12-23T15:47:01.040Z,"14 km S of Parrita, Costa Rica",earthquake,2.35,3.663,0.201,7.0,reviewed,us,us,2024-10-12,45533,Costa Rica,1
2024-10-12 17:43:44.516000+00:00,10.4967,-86.1497,16.0,6.2,mww,221.0,32.0,0.889,0.84,us,us6000nyau,2025-02-18T21:22:42.038Z,"40 km WNW of Tamarindo, Costa Rica",earthquake,5.62,1.477,0.03,110.0,reviewed,us,us,2024-10-12,45404,Costa Rica,1
2024-10-16 14:29:36.482000+00:00,10.5508,-85.0775,65.437,4.68,mw,29.0,151.0,0.286,0.63,us,us6000nz32,2024-12-26T23:03:42.040Z,"13 km N of Cañas, Costa Rica",earthquake,6.99,5.246,0.142,14.0,reviewed,us,us,2024-10-16,45419,Costa Rica,1
2024-10-27 18:44:57.656000+00:00,7.6611,-84.7881,10.0,4.77,mw,31.0,154.0,1.634,0.67,us,us7000nnia,2025-01-04T23:08:30.040Z,"200 km SW of Puerto Cortés, Costa Rica",earthquake,4.56,1.949,0.11,24.0,reviewed,us,us,2024-10-27,45408,Costa Rica,2
2024-12-02 15:47:30.446000+00:00,8.2092,-83.3941,10.0,4.77,mw,27.0,173.0,1.057,0.56,us,us7000nyii,2025-02-15T18:31:14.040Z,"53 km SW of Golfito, Costa Rica",earthquake,7.49,1.954,0.139,15.0,reviewed,us,us,2024-12-02,45404,Costa Rica,1
2025-01-11 10:32:23.355000+00:00,8.5783,-82.9563,8.518,4.68,mw,21.0,143.0,1.552,0.65,us,us6000pjeu,2025-03-20T20:55:07.040Z,"6 km S of Corredor, Costa Rica",earthquake,8.53,5.503,0.134,16.0,reviewed,us,us,2025-01-11,45455,Costa Rica,1
2025-02-18 20:40:41.101000+00:00,10.2469,-85.6806,32.248,4.68,mw,48.0,200.0,0.707,0.84,us,us7000pel7,2025-05-02T16:26:22.040Z,"10 km W of Santa Cruz, Costa Rica",earthquake,6.62,6.656,0.089,36.0,reviewed,us,us,2025-02-18,45495,Costa Rica,1
2025-03-04 07:29:51.883000+00:00,8.699,-83.4163,14.066,4.77,mw,26.0,199.0,0.585,0.91,us,us6000pwri,2025-05-08T19:24:46.040Z,"31 km SSE of Puerto Cortés, Costa Rica",earthquake,5.18,5.022,0.13,17.0,reviewed,us,us,2025-03-04,45593,Costa Rica,1
2025-04-13 21:30:25.822000+00:00,10.4185,-86.1985,10.0,5.37,mw,92.0,80.0,0.858,0.62,us,us6000q5ue,2025-06-14T18:26:42.040Z,"41 km WNW of Tamarindo, Costa Rica",earthquake,8.08,1.802,0.025,502.0,reviewed,us,us,2025-04-13,45547,Costa Rica,1
2025-04-19 23:04:22.815000+00:00,10.7334,-85.902,54.588,4.77,mw,73.0,153.0,0.581,1.07,us,us6000q7a1,2025-06-27T00:34:36.040Z,"36 km NW of Sardinal, Costa Rica",earthquake,9.39,10.517,0.071,58.0,reviewed,us,us,2025-04-19,45657,Costa Rica,1
2025-06-22 00:29:09.011000+00:00,10.5057,-86.779,10.0,4.68,mw,42.0,155.0,1.472,1.15,us,us6000qlpi,2025-09-02T21:23:40.040Z,"105 km WNW of Tamarindo, Costa Rica",earthquake,5.99,1.972,0.106,25.0,reviewed,us,us,2025-06-22,45691,Costa Rica,1
2025-07-06 19:59:59.379000+00:00,9.6741,-84.2519,43.795,4.7,mwr,68.0,119.0,0.252,0.97,us,us7000qb1x,2025-09-12T16:23:10.040Z,"7 km SSW of Tejar, Costa Rica",earthquake,4.41,4.113,0.061,26.0,reviewed,us,us,2025-07-06,45671,Costa Rica,1
2025-07-26 17:39:43.996000+00:00,10.6993,-85.2721,16.868,4.68,mw,13.0,113.0,0.174,0.75,us,us6000qvfm,2025-10-11T20:57:21.040Z,"8 km WNW of La Fortuna, Costa Rica",earthquake,3.31,3.708,0.064,70.0,reviewed,us,us,2025-07-26,45697,Costa Rica,1
2025-08-01 19:33:11.811000+00:00,10.3608,-84.4112,117.228,5.11,mw,128.0,84.0,0.463,1.02,us,us6000qxhc,2025-10-17T22:51:42.040Z,"4 km NNE of Quesada, Costa Rica",earthquake,4.9,3.699,0.03,342.0,reviewed,us,us,2025-08-01,45587,Costa Rica,1
2025-09-22 11:56:32.825000+00:00,10.6395,-86.5681,10.0,4.94,mw,138.0,171.0,1.241,1.07,us,us7000qxte,2025-12-06T16:00:28.040Z,"88 km WNW of Tamarindo, Costa Rica",earthquake,7.13,1.936,0.041,172.0,reviewed,us,us,2025-09-22,45806,Costa Rica,1
2025-10-04 21:08:45.771000+00:00,10.5436,-84.9311,10.0,5.03,mw,41.0,82.0,0.252,0.77,us,us6000reun,2025-12-19T22:50:00.040Z,"9 km NNE of Tilarán, Costa Rica",earthquake,5.97,1.923,0.072,58.0,reviewed,us,us,2025-10-04,45779,Costa Rica,1
2025-10-22 03:57:05.548000+00:00,9.2522,-84.2408,20.0,5.9,mww,106.0,123.0,0.539,1.36,us,us6000ril5,2026-06-10T03:17:03.877Z,"21 km SSW of Quepos, Costa Rica",earthquake,3.58,1.86,0.034,84.0,reviewed,us,us,2025-10-22,45749,Costa Rica,1
2025-11-18 22:36:33.063000+00:00,8.8279,-84.0117,10.0,5.5,mww,96.0,84.0,0.908,0.79,us,us6000rp1a,2026-02-10T15:55:14.040Z,"55 km WSW of Puerto Cortés, Costa Rica",earthquake,5.01,1.68,0.035,77.0,reviewed,us,us,2025-11-18,45761,Costa Rica,1
2025-11-20 03:49:11.067000+00:00,8.9149,-82.9581,10.0,4.77,mw,19.0,209.0,1.32,0.92,us,us6000rpa1,2026-02-20T16:07:31.040Z,"10 km N of San Vito, Costa Rica",earthquake,9.54,1.998,0.143,14.0,reviewed,us,us,2025-11-20,45868,Costa Rica,1
2025-11-22 10:29:01.638000+00:00,11.0286,-85.1706,218.702,4.85,mw,33.0,79.0,0.222,0.64,us,us6000rptb,2026-02-20T16:07:33.040Z,"9 km NNW of San José, Costa Rica",earthquake,9.28,2.886,0.057,90.0,reviewed,us,us,2025-11-22,45810,Costa Rica,1
2026-01-19 23:06:55.516000+00:00,9.9502,-84.1028,10.0,4.16,mw,6.0,136.0,0.052,0.15,us,us7000rqtv,2026-04-18T14:47:30.040Z,"2 km WSW of Colima, Costa Rica",earthquake,2.54,1.602,0.115,10.0,reviewed,us,us,2026-01-19,45887,Costa Rica,1
2026-02-02 01:01:15.825000+00:00,8.9167,-83.3963,10.0,4.85,mw,33.0,155.0,1.016,0.52,us,us6000s9zf,2026-04-23T20:43:25.040Z,"14 km ESE of Puerto Cortés, Costa Rica",earthquake,7.09,1.275,0.106,26.0,reviewed,us,us,2026-02-02,45808,Costa Rica,1
2026-02-07 15:01:17.349000+00:00,10.1175,-83.1196,10.0,4.6,mw,23.0,140.0,0.949,0.77,us,us6000sahe,2026-05-01T14:35:53.040Z,"16 km NNW of Limón, Costa Rica",earthquake,6.89,1.953,0.121,20.0,reviewed,us,us,2026-02-07,45882,Costa Rica,1
2026-03-08 17:42:01.802000+00:00,10.202,-86.0271,10.0,4.85,mw,28.0,173.0,0.955,0.63,us,us7000s308,2026-05-22T21:58:41.040Z,"23 km WSW of Tamarindo, Costa Rica",earthquake,8.52,1.952,0.09,36.0,reviewed,us,us,2026-03-08,46004,Costa Rica,1
2026-03-17 20:25:26.135000+00:00,8.4189,-83.103,10.0,5.03,mw,31.0,200.0,0.85,0.56,us,us6000sh19,2026-05-26T19:17:03.040Z,"20 km S of Golfito, Costa Rica",earthquake,5.49,1.724,0.096,33.0,reviewed,us,us,2026-03-17,45974,Costa Rica,1
2026-04-15 06:56:01.643000+00:00,9.8888,-86.3557,17.0,5.7,mww,143.0,55.0,1.404,1.25,us,us6000sq5z,2026-06-24T16:34:38.040Z,"72 km SW of Tamarindo, Costa Rica",earthquake,7.25,1.721,0.038,68.0,reviewed,us,us,2026-04-15,45916,Costa Rica,1
2026-04-28 03:49:47.959000+00:00,9.8635,-84.1985,70.8,5.0,mww,86.0,84.0,0.162,0.76,us,us7000sglc,2026-07-11T19:59:06.040Z,"2 km NNE of Palmichal, Costa Rica",earthquake,9.18,3.878,0.06,27.0,reviewed,us,us,2026-04-28,45991,Costa Rica,1
2026-05-05 20:54:43.391000+00:00,9.2957,-84.3477,10.0,4.51,mw,12.0,154.0,0.74,0.97,us,us6000svip,2026-05-18T19:48:28.040Z,"25 km S of Parrita, Costa Rica",earthquake,4.1,1.801,0.214,6.0,reviewed,us,us,2026-05-05,46037,Costa Rica,1
2026-05-19 02:23:33.602000+00:00,9.0311,-82.9156,10.0,4.85,mw,47.0,134.0,0.399,0.66,us,us6000t076,2026-06-04T03:03:08.040Z,"24 km NNE of San Vito, Costa Rica",earthquake,4.06,1.827,0.083,43.0,reviewed,us,us,2026-05-19,45996,Costa Rica,1
2026-05-22 09:19:59.591000+00:00,8.7137,-83.54,15.126,4.85,mw,67.0,153.0,0.618,0.5,us,us6000szg7,2026-06-29T14:26:53.040Z,"27 km S of Puerto Cortés, Costa Rica",earthquake,3.28,5.194,0.072,57.0,reviewed,us,us,2026-05-22,46010,Costa Rica,1
2026-05-27 17:10:25.261000+00:00,10.576,-86.1933,44.877,4.77,mw,94.0,169.0,0.9,0.6,us,us7000snwp,2026-06-24T14:01:45.040Z,"49 km NW of Tamarindo, Costa Rica",earthquake,7.0,10.106,0.058,87.0,reviewed,us,us,2026-05-27,46036,Costa Rica,1
2026-06-04 01:55:12.872000+00:00,8.3919,-83.7153,10.0,5.03,mw,90.0,146.0,0.982,0.8,us,us7000sqgj,2026-06-24T04:14:28.842Z,"66 km SSW of Puerto Cortés, Costa Rica",earthquake,5.41,1.886,0.061,81.0,reviewed,us,us,2026-06-04,45988,Costa Rica,1
2026-06-10 03:01:35.566000+00:00,10.588,-85.714,65.514,5.28,mw,77.0,144.0,0.471,0.94,us,us7000sry7,2026-06-26T05:15:32.154Z,"10 km NW of Sardinal, Costa Rica",earthquake,5.69,6.208,0.07,65.0,reviewed,us,us,2026-06-10,45954,Costa Rica,1
2026-07-06 02:37:31.983000+00:00,10.7504,-86.5428,10.0,5.03,mw,52.0,177.0,1.201,1.01,us,us6000tacl,2026-07-06T02:58:04.040Z,"91 km WNW of Tamarindo, Costa Rica",earthquake,6.45,1.854,0.036,237.0,reviewed,us,us,2026-07-06,45967,Costa Rica,1
2026-07-07 18:11:32.787000+00:00,9.8644,-84.6042,47.784,5.3,mww,69.0,145.0,0.504,1.13,us,us6000tarc,2026-07-12T18:15:53.724Z,"10 km WSW of Orotina, Costa Rica",earthquake,6.72,6.78,0.055,32.0,reviewed,us,us,2026-07-07,45925,Costa Rica,1
