time,latitude,longitude,depth,mag,magType,nst,gap,dmin,rms,net,id,updated,place,type,horizontalError,depthError,magError,magNst,status,locationSource,magSource,Date,Day_Number,country,cluster
1905-04-04 00:49:59.230000+00:00,32.597,76.916,20.0,7.9,mw,,,,,iscgem,iscgem16957848,2024-11-23T00:28:43.687Z,"The 1905 Kangra, India Earthquake",earthquake,,25.0,0.4,,reviewed,iscgem,iscgem,1905-04-04,0,India Earthquake,3
1905-09-26 01:25:59.570000+00:00,28.784,75.157,20.0,6.91,mw,,,,,iscgemsup,iscgemsup16957873,2025-03-01T01:11:16.095Z,"17 km NE of Taranagar, India",earthquake,,25.0,,,reviewed,iscgemsup,official,1905-09-26,175,India,-1
1906-02-27 19:41:19.560000+00:00,31.894,76.112,15.0,6.61,mw,,,,,iscgemsup,iscgemsup610548628,2022-05-09T15:23:43.858Z,"10 km W of Dera Gopipur, India",earthquake,,15.1,0.79,,reviewed,iscgemsup,iscgemsup,1906-02-27,329,India,-1
1906-05-12 05:48:44.320000+00:00,26.228,94.522,35.0,6.51,mw,,,,,iscgem,iscgem610548640,2025-08-24T22:08:51.011Z,"10 km S of Mokokchūng, India",earthquake,,25.0,0.2,,reviewed,iscgem,iscgem,1906-05-12,403,India,-1
1906-06-10 20:49:34.160000+00:00,14.224,93.087,35.0,5.75,mw,,,,,iscgemsup,iscgemsup610548643,2022-05-09T15:24:27.786Z,"282 km N of Bamboo Flat, India",earthquake,,4.4,0.67,,reviewed,iscgemsup,iscgemsup,1906-06-10,514,India,1
1906-08-31 14:57:23.960000+00:00,26.832,97.246,15.0,6.44,mw,,,,,iscgem,iscgem16957918,2022-04-25T20:27:34.145Z,"81 km NNE of Sarupathar, India",earthquake,,9.0,0.2,,reviewed,iscgem,iscgem,1906-08-31,432,India,2
1908-12-12 12:54:55.960000+00:00,26.72,97.117,15.0,7.18,mw,,,,,iscgem,iscgem16958007,2022-04-25T20:29:46.706Z,"64 km NNE of Sarupathar, India",earthquake,,6.8,0.2,,reviewed,iscgem,iscgem,1908-12-12,1348,India,2
1911-10-14 23:24:00+00:00,30.993,80.336,20.0,6.55,mw,,,,,iscgem,iscgem16958167,2022-04-25T20:33:36.663Z,"88 km ENE of Josh?math, India",earthquake,,25.0,0.45,,reviewed,iscgem,iscgem,1911-10-14,2384,India,-1
1913-01-19 17:05:33.010000+00:00,1.698,85.93,10.0,6.77,mw,,,,,iscgem,iscgem914031,2022-04-26T00:08:01.519Z,North Indian Ocean,earthquake,,25.0,0.26,,reviewed,iscgem,iscgem,1913-01-19,2847,North Indian Ocean,-1
1914-03-28 10:44:47.030000+00:00,25.438,96.356,15.0,6.47,mw,,,,,iscgem,iscgem913976,2022-04-26T00:06:41.427Z,"96 km SSW of Sarupathar, India",earthquake,,20.3,0.2,,reviewed,iscgem,iscgem,1914-03-28,3280,India,2
1914-10-09 02:39:13.480000+00:00,32.313,76.037,20.0,6.26,mw,,,,,iscgem,iscgem914010,2022-04-26T00:07:37.405Z,"6 km N of Kotla, India",earthquake,,14.4,0.41,,reviewed,iscgem,iscgem,1914-10-09,3475,India,3
1914-10-11 16:17:00.450000+00:00,11.428,93.604,35.0,5.97,mw,,,,,iscgem,iscgem914011,2022-04-26T00:07:38.810Z,"97 km ESE of Port Blair, India",earthquake,,25.0,0.25,,reviewed,iscgem,iscgem,1914-10-11,3477,India,1
1915-08-12 09:16:58.150000+00:00,7.475,91.516,15.0,6.2,mw,,,,,iscgem,iscgem913934,2022-04-26T00:05:21.633Z,"Nicobar Islands, India region",earthquake,,25.0,0.23,,reviewed,iscgem,iscgem,1915-08-12,3895,India,1
1915-12-03 02:39:23.440000+00:00,27.844,91.752,15.0,6.56,mw,,,,,iscgem,iscgem913954,2022-04-26T00:05:52.707Z,"34 km NNW of Tawang, India",earthquake,,25.0,0.21,,reviewed,iscgem,iscgem,1915-12-03,3782,India,2
1916-05-09 14:33:41.060000+00:00,0.319,88.514,15.0,6.32,mw,,,,,iscgem,iscgem913801,2022-04-26T00:02:31.126Z,North Indian Ocean,earthquake,,25.0,0.36,,reviewed,iscgem,iscgem,1916-05-09,4053,North Indian Ocean,-1
1916-06-21 19:56:24.430000+00:00,35.586,78.171,15.0,5.72,mw,,,,,iscgem,iscgem913817,2022-04-26T00:02:32.237Z,"145 km ENE of Thang, India",earthquake,,17.2,0.2,,reviewed,iscgem,iscgem,1916-06-21,4096,India,-1
1916-10-21 19:25:16.260000+00:00,9.349,93.609,15.0,6.35,mw,,,,,iscgem,iscgem913856,2022-04-26T00:03:05.143Z,"273 km SSE of Port Blair, India",earthquake,,32.8,0.2,,reviewed,iscgem,iscgem,1916-10-21,4218,India,1
1917-04-12 02:55:25.640000+00:00,24.435,94.19,35.0,6.21,mw,,,,,iscgem,iscgem913446,2026-06-01T23:45:34.639Z,"21 km SE of Wāngjing, India",earthquake,,17.0,0.22,,reviewed,iscgem,iscgem,1917-04-12,4391,India,2
1917-05-09 21:46:02.540000+00:00,33.336,77.958,15.0,5.94,mw,,,,,iscgem,iscgem913500,2022-04-25T23:58:38.489Z,"98 km SSE of Leh, India",earthquake,,25.0,0.2,,reviewed,iscgem,iscgem,1917-05-09,4474,India,-1
1917-07-04 22:09:20.490000+00:00,12.487,93.373,35.0,6.2,mw,,,,,iscgem,iscgem913560,2022-04-25T23:59:20.871Z,"112 km NE of Bamboo Flat, India",earthquake,,12.2,0.53,,reviewed,iscgem,iscgem,1917-07-04,4418,India,1
1919-10-04 17:50:15.270000+00:00,2.61,82.568,10.0,6.03,mw,,,,,iscgemsup,iscgemsup912970,2022-05-09T18:02:19.308Z,North Indian Ocean,earthquake,,25.0,0.53,,reviewed,iscgemsup,iscgemsup,1919-10-04,5296,North Indian Ocean,-1
1922-10-17 06:38:01.530000+00:00,12.194,95.707,20.0,6.41,mw,,,,,iscgem,iscgem912043,2022-04-25T23:42:22.821Z,"Andaman Islands, India region",earthquake,,25.0,0.2,,reviewed,iscgem,iscgem,1922-10-17,6405,India,1
1925-05-13 23:54:36.530000+00:00,10.771,92.132,25.0,6.02,mw,,,,,iscgem,iscgem910494,2022-04-25T23:25:48.642Z,"119 km SW of Port Blair, India",earthquake,,4.0,0.2,,reviewed,iscgem,iscgem,1925-05-13,7344,India,1
1925-06-28 13:41:52.150000+00:00,10.961,92.821,35.0,5.91,mw,,,,,iscgem,iscgem910566,2022-04-25T23:26:59.012Z,"78 km S of Port Blair, India",earthquake,,25.0,0.2,,reviewed,iscgem,iscgem,1925-06-28,7390,India,1
1926-05-10 08:19:01.790000+00:00,26.561,96.428,15.0,5.72,mw,,,,,iscgem,iscgem909833,2022-04-25T23:16:20.365Z,"54 km NW of Sarupathar, India",earthquake,,6.5,0.25,,reviewed,iscgem,iscgem,1926-05-10,7725,India,2
1926-05-29 22:37:33.770000+00:00,14.725,92.278,15.0,5.73,mw,,,,,iscgem,iscgem909854,2022-04-25T23:16:39.291Z,"Andaman Islands, India region",earthquake,,6.4,0.2,,reviewed,iscgem,iscgem,1926-05-29,7706,India,-1
1926-07-06 21:20:39.800000+00:00,11.336,92.638,35.0,5.51,mw,,,,,iscgem,iscgem909921,2022-04-25T23:17:05.836Z,"38 km SSW of Port Blair, India",earthquake,,5.7,0.2,,reviewed,iscgem,iscgem,1926-07-06,7872,India,1
1926-08-06 22:45:56.160000+00:00,35.383,78.707,10.0,6.21,mw,,,,,iscgem,iscgem910016,2022-04-25T23:17:42.081Z,"169 km NE of Leh, India",earthquake,,9.8,0.23,,reviewed,iscgem,iscgem,1926-08-06,7763,India,-1
1926-08-18 23:58:55.340000+00:00,24.765,94.282,35.0,5.59,mw,,,,,iscgem,iscgem910066,2022-04-25T23:18:28.871Z,"25 km ENE of Yairipok, India",earthquake,,8.1,0.2,,reviewed,iscgem,iscgem,1926-08-18,7806,India,2
1926-10-23 14:30:26.850000+00:00,24.366,92.822,15.0,5.67,mw,,,,,iscgem,iscgem910185,2022-04-25T23:20:49.798Z,"21 km NE of Kolasib, India",earthquake,,25.0,0.2,,reviewed,iscgem,iscgem,1926-10-23,7794,India,2
1927-02-13 03:33:32.510000+00:00,24.843,93.834,35.0,5.54,mw,,,,,iscgem,iscgem909089,2022-04-25T23:02:25.726Z,"11 km WNW of Imph?l, India",earthquake,,15.6,0.2,,reviewed,iscgem,iscgem,1927-02-13,8094,India,2
1927-06-02 16:37:31.260000+00:00,23.446,81.894,15.0,6.08,mw,,,,,iscgem,iscgem909314,2022-04-25T23:05:32.993Z,"28 km NNW of Kotma, India",earthquake,,25.0,0.2,,reviewed,iscgem,iscgem,1927-06-02,7985,India,-1
1927-06-29 22:00:51.100000+00:00,34.896,75.085,15.0,5.21,mw,,,,,iscgemsup,iscgemsup909356,2022-05-09T17:42:50.270Z,"66 km NE of Bandipura, India",earthquake,,25.0,0.28,,reviewed,iscgemsup,iscgemsup,1927-06-29,8263,India,-1
1927-11-18 11:01:29.520000+00:00,21.404,67.43,15.0,5.66,mw,,,,,iscgem,iscgem909637,2022-04-25T23:12:08.203Z,"183 km WSW of Dw?rka, India",earthquake,,25.0,0.25,,reviewed,iscgem,iscgem,1927-11-18,8121,India,-1
1928-05-19 03:28:44.370000+00:00,12.115,92.773,35.0,5.67,mw,,,,,iscgem,iscgem908679,2022-04-25T22:52:38.730Z,"46 km N of Bamboo Flat, India",earthquake,,11.1,0.2,,reviewed,iscgem,iscgem,1928-05-19,8446,India,1
1928-07-09 15:47:56.300000+00:00,26.692,95.096,25.0,5.5,mw,,,,,iscgem,iscgem908779,2022-04-25T22:54:37.004Z,"6 km SE of Mon, India",earthquake,,25.0,0.2,,reviewed,iscgem,iscgem,1928-07-09,8549,India,2
1928-08-30 12:12:27.400000+00:00,26.564,95.866,15.0,5.51,mw,,,,,iscgem,iscgem908870,2022-04-25T22:56:19.990Z,"58 km SSE of Khonsa, India",earthquake,,14.1,0.2,,reviewed,iscgem,iscgem,1928-08-30,8497,India,2
1929-01-14 09:45:30.050000+00:00,31.218,77.292,15.0,5.6,mw,,,,,iscgem,iscgem907855,2022-04-25T22:36:03.649Z,"12 km NNW of Theog, India",earthquake,,54.4,0.2,,reviewed,iscgem,iscgem,1929-01-14,8756,India,3
1929-03-25 03:47:14.030000+00:00,29.942,95.101,25.0,5.65,mw,,,,,iscgem,iscgem907965,2022-04-25T22:37:44.836Z,"171 km NNE of Shi Yomi, India",earthquake,,12.6,0.27,,reviewed,iscgem,iscgem,1929-03-25,8686,India,-1
1929-04-30 18:48:55.560000+00:00,12.733,95.505,15.0,5.6,mw,,,,,iscgem,iscgem908050,2022-04-25T22:39:28.537Z,"Andaman Islands, India region",earthquake,,4.8,0.2,,reviewed,iscgem,iscgem,1929-04-30,8792,India,1
1929-08-01 05:01:50.020000+00:00,9.757,92.872,35.0,6.12,mw,,,,,iscgem,iscgem908241,2022-04-25T22:42:46.978Z,"211 km S of Port Blair, India",earthquake,,12.5,0.2,,reviewed,iscgem,iscgem,1929-08-01,8885,India,1
1930-06-25 00:49:09.790000+00:00,25.179,72.897,15.0,5.44,mw,,,,,iscgem,iscgem907463,2022-04-25T22:30:01.528Z,"17 km WNW of Sheoganj, India",earthquake,,25.0,0.2,,reviewed,iscgem,iscgem,1930-06-25,9302,India,-1
1930-07-02 21:03:43.070000+00:00,25.807,90.168,15.0,6.96,mw,,,,,iscgem,iscgem907472,2022-04-25T22:30:12.990Z,"28 km SSW of Lakhipur, India",earthquake,,13.8,0.67,,reviewed,iscgem,iscgem,1930-07-02,9213,India,2
1930-07-11 07:06:22.320000+00:00,23.885,93.169,15.0,5.62,mw,,,,,iscgem,iscgem907491,2022-04-25T22:30:20.080Z,"28 km ESE of Darlawn, India",earthquake,,5.8,0.2,,reviewed,iscgem,iscgem,1930-07-11,9229,India,2
1930-07-13 14:00:12.410000+00:00,26.697,90.481,15.0,5.49,mw,,,,,iscgem,iscgem907494,2022-04-25T22:30:22.449Z,"25 km NNW of Bongaigaon, India",earthquake,,25.0,0.2,,reviewed,iscgem,iscgem,1930-07-13,9231,India,2
1930-09-22 14:19:12.090000+00:00,24.908,93.862,35.0,6.18,mw,,,,,iscgem,iscgem907603,2022-04-25T22:32:25.345Z,"13 km NW of Imph?l, India",earthquake,,15.6,0.2,,reviewed,iscgem,iscgem,1930-09-22,9220,India,2
1930-12-13 16:28:33.280000+00:00,9.092,94.026,15.0,5.69,mw,,,,,iscgem,iscgem907803,2022-04-25T22:35:28.723Z,"Nicobar Islands, India region",earthquake,,8.0,0.2,,reviewed,iscgem,iscgem,1930-12-13,9429,India,1
1931-01-27 20:09:20.010000+00:00,25.872,96.764,15.0,7.58,mw,,,,,iscgem,iscgem906595,2022-04-25T22:12:35.328Z,"37 km S of Sarupathar, India",earthquake,,4.8,0.48,,reviewed,iscgem,iscgem,1931-01-27,9384,India,2
1931-02-13 22:17:35.200000+00:00,12.88,95.07,15.0,5.69,mw,,,,,iscgem,iscgem906629,2022-04-25T22:13:23.978Z,"286 km ENE of Port Blair, India",earthquake,,25.0,0.2,,reviewed,iscgem,iscgem,1931-02-13,9446,India,1
1932-02-05 13:43:31.530000+00:00,25.539,96.118,15.0,5.65,mw,,,,,iscgem,iscgem906014,2022-04-25T22:02:57.830Z,"101 km SW of Sarupathar, India",earthquake,,25.0,0.44,,reviewed,iscgem,iscgem,1932-02-05,9854,India,2
1932-03-04 23:20:53.690000+00:00,33.47,80.672,15.0,5.81,mw,,,,,iscgem,iscgem906049,2022-04-25T22:03:20.040Z,"296 km ESE of Leh, India",earthquake,,25.0,0.26,,reviewed,iscgem,iscgem,1932-03-04,9803,India,-1
1932-03-06 00:18:00.870000+00:00,25.474,92.542,15.0,5.73,mw,,,,,iscgem,iscgem906052,2022-04-25T22:03:22.439Z,"58 km NW of H?flong, India",earthquake,,25.0,0.35,,reviewed,iscgem,iscgem,1932-03-06,9831,India,-1
1932-03-27 08:44:35.490000+00:00,24.064,91.887,15.0,5.68,mw,,,,,iscgem,iscgem906084,2022-04-25T22:03:39.867Z,"14 km NNE of ?mb?sa, India",earthquake,,25.0,0.3,,reviewed,iscgem,iscgem,1932-03-27,9833,India,2
1932-09-20 15:43:31.400000+00:00,7.992,93.56,35.0,5.8,mw,,,,,iscgem,iscgem906381,2022-04-25T22:08:33.823Z,"Nicobar Islands, India region",earthquake,,15.6,0.2,,reviewed,iscgem,iscgem,1932-09-20,10031,India,1
1932-11-09 18:30:11.710000+00:00,26.449,91.649,15.0,5.84,mw,,,,,iscgem,iscgem906449,2022-04-25T22:09:22.523Z,"3 km E of Rangia, India",earthquake,,25.0,0.24,,reviewed,iscgem,iscgem,1932-11-09,10198,India,2
1932-12-11 04:25:57.670000+00:00,8.656,94.04,15.0,5.96,mw,,,,,iscgem,iscgem906498,2022-04-25T22:09:57.905Z,"Nicobar Islands, India region",earthquake,,5.8,0.2,,reviewed,iscgem,iscgem,1932-12-11,10081,India,1
1933-03-06 13:05:33.670000+00:00,25.651,90.365,15.0,5.93,mw,,,,,iscgem,iscgem905449,2022-04-25T21:52:43.155Z,"22 km NE of Tura, India",earthquake,,25.0,0.62,,reviewed,iscgem,iscgem,1933-03-06,10113,India,2
1934-01-15 08:43:25.820000+00:00,27.275,86.941,15.0,8.0,mw,,,,,iscgem,iscgem904745,2025-08-06T17:28:22.105Z,1934 Bihar-Nepal Earthquake,earthquake,,3.9,0.3,,reviewed,iscgem,iscgem,1934-01-15,10513,India,-1
1934-06-02 05:54:25.080000+00:00,25.173,94.922,35.0,5.84,mw,,,,,iscgem,iscgem904959,2022-04-25T21:45:21.212Z,"69 km SE of Phek, India",earthquake,,14.6,0.2,,reviewed,iscgem,iscgem,1934-06-02,10651,India,2
1935-03-05 22:15:56.510000+00:00,29.822,80.371,15.0,6.04,mw,,,,,iscgem,iscgem904141,2022-04-25T21:31:52.651Z,"14 km W of Dh?rchula, India",earthquake,,11.9,0.2,,reviewed,iscgem,iscgem,1935-03-05,10927,India,3
1935-03-15 10:33:55.740000+00:00,29.621,79.672,15.0,5.53,mw,,,,,iscgem,iscgem904159,2022-04-25T21:08:33.540Z,"2 km NNE of Almora, India",earthquake,,25.0,0.2,,reviewed,iscgem,iscgem,1935-03-15,10976,India,3
1935-04-23 16:45:36.170000+00:00,24.175,94.376,35.0,5.77,mw,,,,,iscgem,iscgem904245,2022-04-25T21:32:39.783Z,"53 km SE of Kakching, India",earthquake,,18.6,0.2,,reviewed,iscgem,iscgem,1935-04-23,10937,India,2
1936-04-19 09:04:03.080000+00:00,10.116,92.735,35.0,6.48,mw,,,,,iscgem,iscgem903574,2022-04-25T21:21:48.125Z,"171 km S of Port Blair, India",earthquake,,25.0,0.25,,reviewed,iscgem,iscgem,1936-04-19,11338,India,1
1936-06-18 14:56:23.700000+00:00,26.454,90.103,15.0,5.51,mw,,,,,iscgem,iscgem903689,2022-04-25T21:24:03.331Z,"13 km N of Sapatgr?m, India",earthquake,,25.0,0.2,,reviewed,iscgem,iscgem,1936-06-18,11399,India,2
1936-06-19 16:34:48.540000+00:00,26.26,96.784,15.0,5.84,mw,,,,,iscgem,iscgem903691,2022-04-25T21:08:25.954Z,"6 km NNW of Sarupathar, India",earthquake,,6.8,0.24,,reviewed,iscgem,iscgem,1936-06-19,11398,India,2
1937-03-09 20:19:27.190000+00:00,28.386,91.947,15.0,5.52,mw,,,,,iscgem,iscgem902990,2022-04-25T21:06:48.099Z,"89 km N of Tawang, India",earthquake,,25.0,0.2,,reviewed,iscgem,iscgem,1937-03-09,11674,India,-1
1937-03-21 16:12:08.470000+00:00,26.057,93.461,25.0,5.84,mw,,,,,iscgem,iscgem903002,2022-04-25T21:06:56.269Z,"23 km N of Diphu, India",earthquake,,25.0,0.2,,reviewed,iscgem,iscgem,1937-03-21,11662,India,2
1937-08-31 14:15:11.190000+00:00,25.957,96.731,15.0,6.5,mw,,,,,iscgem,iscgem903225,2022-04-25T21:16:13.164Z,"28 km SSW of Sarupathar, India",earthquake,,25.0,0.27,,reviewed,iscgem,iscgem,1937-08-31,11837,India,2
1937-09-09 23:37:38.690000+00:00,25.209,94.324,55.0,5.65,mw,,,,,iscgem,iscgem903245,2022-04-25T21:16:35.276Z,"53 km SSW of Phek, India",earthquake,,8.1,0.65,,reviewed,iscgem,iscgem,1937-09-09,11846,India,2
1937-10-20 01:23:48.060000+00:00,30.913,78.228,15.0,5.92,mw,,,,,iscgem,iscgem903305,2022-04-25T21:17:30.038Z,"11 km N of Barkot, India",earthquake,,12.4,0.24,,reviewed,iscgem,iscgem,1937-10-20,12019,India,3
1937-11-15 21:37:28.920000+00:00,34.726,78.238,30.0,6.35,mw,,,,,iscgem,iscgem903342,2022-04-25T21:18:27.056Z,"86 km NE of Leh, India",earthquake,,25.0,0.2,,reviewed,iscgem,iscgem,1937-11-15,11887,India,-1
1938-03-01 04:24:37.940000+00:00,11.291,91.584,15.0,5.51,mw,,,,,iscgem,iscgem902387,2022-04-25T20:53:02.631Z,"131 km WSW of Bamboo Flat, India",earthquake,,25.0,0.2,,reviewed,iscgem,iscgem,1938-03-01,12032,India,1
1938-03-14 00:48:28.920000+00:00,21.526,75.687,15.0,6.08,mw,,,,,iscgem,iscgem902405,2022-04-25T20:53:14.365Z,"33 km SSE of Khargone, India",earthquake,,25.0,0.23,,reviewed,iscgem,iscgem,1938-03-14,11913,India,-1
1938-05-06 03:41:11.880000+00:00,24.213,94.242,35.0,5.5,mw,,,,,iscgem,iscgem902472,2022-04-25T20:54:04.150Z,"41 km SE of Kakching, India",earthquake,,8.1,0.2,,reviewed,iscgem,iscgem,1938-05-06,12239,India,2
1938-09-10 22:23:44.070000+00:00,6.652,78.164,15.0,5.86,mw,,,,,iscgem,iscgem902668,2022-04-25T20:58:07.967Z,"173 km SSE of Kanniy?kum?ri, India",earthquake,,25.0,0.2,,reviewed,iscgem,iscgem,1938-09-10,12212,India,-1
1938-10-07 10:53:43.650000+00:00,9.049,93.466,15.0,5.5,mw,,,,,iscgem,iscgem902705,2022-04-25T20:59:18.026Z,"Nicobar Islands, India region",earthquake,,7.4,0.2,,reviewed,iscgem,iscgem,1938-10-07,12239,India,1
1938-10-07 16:23:48.400000+00:00,9.544,93.732,35.0,6.08,mw,,,,,iscgem,iscgem902706,2022-04-25T20:59:19.883Z,"258 km SSE of Port Blair, India",earthquake,,32.8,0.21,,reviewed,iscgem,iscgem,1938-10-07,12085,India,1
1938-10-09 20:39:11.020000+00:00,9.579,94.245,15.0,5.59,mw,,,,,iscgem,iscgem902708,2022-04-25T20:59:31.163Z,"283 km SE of Port Blair, India",earthquake,,9.6,0.2,,reviewed,iscgem,iscgem,1938-10-09,12284,India,1
1938-11-21 01:11:32.070000+00:00,29.889,95.138,15.0,6.26,mw,,,,,iscgem,iscgem902811,2022-04-25T21:02:17.475Z,"167 km NNE of Shi Yomi, India",earthquake,,12.6,0.22,,reviewed,iscgem,iscgem,1938-11-21,12241,India,-1
1939-05-27 03:45:46.140000+00:00,24.414,94.051,65.7,6.15,mw,,,,,iscgem,iscgem901993,2022-04-25T20:46:54.657Z,"11 km SE of Kakching, India",earthquake,,6.0,0.44,,reviewed,iscgem,iscgem,1939-05-27,12471,India,2
1939-06-19 21:56:51.400000+00:00,23.327,93.252,15.0,5.88,mw,,,,,iscgem,iscgem902031,2022-04-25T20:47:46.997Z,"13 km ESE of Khawhai, India",earthquake,,5.7,0.2,,reviewed,iscgem,iscgem,1939-06-19,12494,India,2
1939-09-14 09:01:04.150000+00:00,11.649,94.804,15.0,5.75,mw,,,,,iscgem,iscgem902145,2022-04-25T20:25:34.884Z,"224 km E of Port Blair, India",earthquake,,2.5,0.22,,reviewed,iscgem,iscgem,1939-09-14,12581,India,1
1939-09-25 15:31:05.340000+00:00,8.836,94.095,15.0,5.6,mw,,,,,iscgem,iscgem902172,2022-04-25T20:49:52.437Z,"Nicobar Islands, India region",earthquake,,8.0,0.2,,reviewed,iscgem,iscgem,1939-09-25,12592,India,1
1940-07-02 20:58:28.660000+00:00,11.194,94.191,15.0,5.64,mw,,,,,iscgem,iscgem901459,2022-04-26T19:35:49.774Z,"166 km ESE of Port Blair, India",earthquake,,25.0,0.29,,reviewed,iscgem,iscgem,1940-07-02,12873,India,1
1940-09-22 03:38:22.340000+00:00,8.182,93.724,15.0,5.57,mw,,,,,iscgem,iscgem901600,2022-04-26T19:37:25.282Z,"Nicobar Islands, India region",earthquake,,15.6,0.2,,reviewed,iscgem,iscgem,1940-09-22,12955,India,1
1940-10-31 10:43:53.190000+00:00,23.717,70.366,15.0,6.27,mw,,,,,iscgem,iscgem901683,2022-04-26T19:39:19.718Z,"32 km WNW of R?par, India",earthquake,,7.2,0.27,,reviewed,iscgem,iscgem,1940-10-31,12994,India,-1
1941-01-10 07:38:13.040000+00:00,34.079,78.011,15.0,5.67,mw,,,,,iscgem,iscgem900616,2022-04-26T19:23:36.088Z,"40 km ESE of Leh, India",earthquake,,25.0,0.21,,reviewed,iscgem,iscgem,1941-01-10,13109,India,-1
1941-01-27 02:30:06.960000+00:00,26.699,91.875,15.0,6.04,mw,,,,,iscgem,iscgem900633,2022-04-26T19:23:45.785Z,"23 km WSW of Udalguri, India",earthquake,,9.6,0.25,,reviewed,iscgem,iscgem,1941-01-27,13065,India,2
1941-02-23 09:56:34.110000+00:00,28.305,96.887,15.0,5.72,mw,,,,,iscgem,iscgem900674,2022-04-26T19:24:09.578Z,"42 km NE of Hayuliang, India",earthquake,,25.0,0.2,,reviewed,iscgem,iscgem,1941-02-23,13082,India,-1
1941-05-22 01:00:26.890000+00:00,26.681,93.087,15.0,5.53,mw,,,,,iscgem,iscgem900819,2022-04-26T19:27:06.061Z,"29 km E of Tezpur, India",earthquake,,6.9,0.2,,reviewed,iscgem,iscgem,1941-05-22,13286,India,2
1941-06-26 11:52:04.760000+00:00,12.084,92.65,20.0,7.96,mw,,,,,iscgem,iscgem900863,2022-04-26T19:27:45.722Z,"43 km N of Bamboo Flat, India",earthquake,,3.9,0.3,,reviewed,iscgem,iscgem,1941-06-26,13197,India,1
1941-07-09 00:39:10.090000+00:00,11.732,93.537,35.0,5.44,mw,,,,,iscgem,iscgem900889,2022-04-26T19:28:15.198Z,"86 km E of Port Blair, India",earthquake,,25.0,0.28,,reviewed,iscgem,iscgem,1941-07-09,13304,India,1
1941-08-19 16:19:28.570000+00:00,8.619,93.78,15.0,5.82,mw,,,,,iscgem,iscgem900955,2022-04-26T19:29:26.679Z,"Nicobar Islands, India region",earthquake,,5.8,0.2,,reviewed,iscgem,iscgem,1941-08-19,13232,India,1
1941-08-30 16:44:54.150000+00:00,12.954,92.761,35.0,5.73,mw,,,,,iscgem,iscgem900976,2022-04-26T19:29:33.390Z,"138 km N of Bamboo Flat, India",earthquake,,5.6,0.67,,reviewed,iscgem,iscgem,1941-08-30,13245,India,1
1941-09-06 03:17:50.470000+00:00,27.114,91.984,15.0,5.45,mw,,,,,iscgem,iscgem900983,2022-04-26T19:29:37.482Z,"41 km NNW of Udalguri, India",earthquake,,19.2,0.61,,reviewed,iscgem,iscgem,1941-09-06,13297,India,2
1941-10-23 21:02:41.150000+00:00,12.506,93.163,35.0,5.51,mw,,,,,iscgem,iscgem901047,2022-04-26T19:31:07.158Z,"101 km NNE of Bamboo Flat, India",earthquake,,5.4,0.2,,reviewed,iscgem,iscgem,1941-10-23,13351,India,1
1942-10-30 06:17:55.800000+00:00,13.184,92.945,15.0,5.5,mw,,,,,iscgem,iscgem900518,2022-04-26T19:21:48.621Z,"166 km N of Bamboo Flat, India",earthquake,,5.6,0.62,,reviewed,iscgem,iscgem,1942-10-30,13723,India,1
1943-10-23 17:23:21.220000+00:00,26.705,93.829,15.0,7.18,mw,,,,,iscgem,iscgem900054,2022-04-26T19:13:44.597Z,"13 km W of Dergaon, India",earthquake,,25.0,0.28,,reviewed,iscgem,iscgem,1943-10-23,14081,India,-1
1944-07-27 08:18:43.420000+00:00,12.308,92.827,35.0,6.14,mw,,,,,iscgem,iscgem899480,2022-04-26T19:06:58.060Z,"68 km N of Bamboo Flat, India",earthquake,,5.4,0.37,,reviewed,iscgem,iscgem,1944-07-27,14359,India,1
1944-12-24 14:46:41.050000+00:00,24.731,92.583,15.0,6.33,mw,,,,,iscgem,iscgem899674,2022-04-26T19:09:28.233Z,"5 km NNE of Hail?k?ndi, India",earthquake,,9.2,0.2,,reviewed,iscgem,iscgem,1944-12-24,14509,India,2
1945-06-04 12:08:59.980000+00:00,30.271,80.118,15.0,6.37,mw,,,,,iscgem,iscgem898946,2022-04-26T19:01:14.994Z,"58 km NE of B?geshwar, India",earthquake,,55.5,0.2,,reviewed,iscgem,iscgem,1945-06-04,14689,India,3
1945-06-22 18:00:53.440000+00:00,32.529,76.19,20.0,6.42,mw,,,,,iscgem,iscgem898970,2022-04-26T19:01:41.799Z,"6 km ESE of Chamba, India",earthquake,,14.4,0.2,,reviewed,iscgem,iscgem,1945-06-22,14671,India,3
1945-08-08 09:53:44.600000+00:00,11.71,92.226,20.0,6.25,mw,,,,,iscgem,iscgem899029,2022-04-26T19:02:19.798Z,"53 km W of Bamboo Flat, India",earthquake,,4.3,0.2,,reviewed,iscgem,iscgem,1945-08-08,14736,India,1
1946-11-06 19:56:24.970000+00:00,34.403,80.453,25.0,6.38,mw,,,,,iscgem,iscgem898654,2022-04-26T18:58:25.514Z,"265 km E of Leh, India",earthquake,,25.0,0.2,,reviewed,iscgem,iscgem,1946-11-06,15191,India,-1
1947-07-10 10:19:22.170000+00:00,32.79,76.136,15.0,5.99,mw,,,,,iscgem,iscgem897932,2022-04-26T18:50:03.047Z,"26 km N of Chamba, India",earthquake,,17.3,0.38,,reviewed,iscgem,iscgem,1947-07-10,15456,India,3
1947-07-29 13:43:24.160000+00:00,28.484,93.628,20.0,7.3,mw,,,,,iscgem,iscgem897970,2022-04-26T18:50:14.193Z,"73 km W of Shi Yomi, India",earthquake,,3.6,0.3,,reviewed,iscgem,iscgem,1947-07-29,15437,India,-1
1947-08-19 20:07:10.820000+00:00,31.182,80.013,15.0,5.99,mw,,,,,iscgem,iscgem897998,2022-04-26T18:50:27.782Z,"81 km NNE of Josh?math, India",earthquake,,25.0,0.63,,reviewed,iscgem,iscgem,1947-08-19,15477,India,-1
1948-05-05 08:31:49.130000+00:00,30.518,78.475,15.0,5.51,mw,,,,,iscgem,iscgem897313,2022-04-26T18:41:40.215Z,"14 km N of Tehri, India",earthquake,,18.0,0.62,,reviewed,iscgem,iscgem,1948-05-05,15737,India,3
1948-11-28 21:43:09.330000+00:00,26.308,94.856,50.0,5.88,mw,,,,,iscgem,iscgem897653,2022-04-26T18:45:48.821Z,"5 km NE of Tuensang, India",earthquake,,5.4,0.23,,reviewed,iscgem,iscgem,1948-11-28,15944,India,-1
1949-02-05 08:55:24.930000+00:00,31.12,79.447,15.0,5.84,mw,,,,,iscgem,iscgem896313,2022-04-26T18:34:12.376Z,"63 km N of Josh?math, India",earthquake,,25.0,0.35,,reviewed,iscgem,iscgem,1949-02-05,16013,India,-1
1949-06-14 00:21:19.160000+00:00,11.687,95.012,15.0,5.81,mw,,,,,iscgem,iscgem896590,2022-04-26T18:36:34.606Z,"247 km E of Port Blair, India",earthquake,,2.5,0.29,,reviewed,iscgem,iscgem,1949-06-14,16142,India,1
1950-08-15 14:09:34+00:00,28.363,96.445,15.0,8.6,mw,,,,,official,official19500815140934_30,2022-04-26T18:27:01.844Z,1950 Assam-Tibet Earthquake,earthquake,,,,,automatic,iscgem,official,1950-08-15,16569,India,-1
1950-08-15 21:01:35.230000+00:00,27.337,96.777,25.0,5.81,mw,,,,,iscgem,iscgem895688,2022-04-26T18:27:04.900Z,"84 km SSE of Hayuliang, India",earthquake,,25.0,0.62,,reviewed,iscgem,iscgem,1950-08-15,16623,India,2
1950-08-15 21:42:22.020000+00:00,25.343,92.944,25.0,6.01,mw,,,,,iscgem,iscgem895689,2022-04-26T18:27:06.481Z,"20 km WNW of Maibong, India",earthquake,,25.0,0.2,,reviewed,iscgem,iscgem,1950-08-15,16576,India,-1
1950-08-15 23:44:45.540000+00:00,28.498,95.131,25.0,5.8,mw,,,,,iscgem,iscgem895691,2022-04-26T18:27:07.894Z,"48 km NE of Along, India",earthquake,,25.0,0.38,,reviewed,iscgem,iscgem,1950-08-15,16645,India,-1
1950-08-16 17:51:34.820000+00:00,27.492,92.802,15.0,5.96,mw,,,,,iscgem,iscgem895699,2022-04-26T18:27:15.607Z,"45 km NE of Bomdila, India",earthquake,,25.0,0.2,,reviewed,iscgem,iscgem,1950-08-16,16598,India,2
1950-08-22 02:22:41.330000+00:00,29.932,95.511,25.0,5.96,mw,,,,,iscgem,iscgem895736,2022-04-26T18:27:54.552Z,"190 km NE of Shi Yomi, India",earthquake,,3.7,0.2,,reviewed,iscgem,iscgem,1950-08-22,16577,India,-1
1950-08-22 13:22:25.030000+00:00,26.992,97.171,25.0,6.07,mw,,,,,iscgem,iscgem895741,2022-04-26T18:28:07.736Z,"94 km NNE of Sarupathar, India",earthquake,,9.0,0.37,,reviewed,iscgem,iscgem,1950-08-22,16569,India,2
1950-08-23 03:09:24.960000+00:00,29.207,95.019,25.0,5.97,mw,,,,,iscgem,iscgem895744,2022-04-26T18:28:09.500Z,"97 km NE of Shi Yomi, India",earthquake,,3.0,0.32,,reviewed,iscgem,iscgem,1950-08-23,16576,India,-1
1950-09-13 11:07:41.110000+00:00,27.605,95.133,25.0,6.22,mw,,,,,iscgem,iscgem895825,2022-04-26T18:29:22.151Z,"14 km NNW of Ch?bua, India",earthquake,,25.0,0.49,,reviewed,iscgem,iscgem,1950-09-13,16569,India,-1
1950-10-06 21:21:06.210000+00:00,33.197,76.24,15.0,5.47,mw,,,,,iscgem,iscgem895898,2022-04-26T18:30:48.526Z,"45 km ESE of Kishtw?r, India",earthquake,,17.3,0.61,,reviewed,iscgem,iscgem,1950-10-06,16705,India,3
1950-10-08 04:50:18.720000+00:00,28.55,94.401,25.0,6.35,mw,,,,,iscgem,iscgem895902,2022-04-26T18:30:59.784Z,"3 km NE of Shi Yomi, India",earthquake,,6.7,0.33,,reviewed,iscgem,iscgem,1950-10-08,16569,India,-1
1950-10-30 09:04:56.040000+00:00,26.095,96.81,25.0,5.7,mw,,,,,iscgem,iscgem896003,2022-04-26T18:31:56.529Z,"12 km S of Sarupathar, India",earthquake,,4.8,0.48,,reviewed,iscgem,iscgem,1950-10-30,16698,India,2
1950-12-22 09:10:43.840000+00:00,8.23,91.712,25.0,6.04,mw,,,,,iscgem,iscgem896212,2022-04-26T18:33:32.545Z,"Nicobar Islands, India region",earthquake,,25.0,0.2,,reviewed,iscgem,iscgem,1950-12-22,16570,India,1
1950-12-29 22:35:23.860000+00:00,23.854,91.844,15.0,5.9,mw,,,,,iscgem,iscgem896235,2022-04-26T18:33:40.334Z,"9 km S of ?mb?sa, India",earthquake,,25.0,0.26,,reviewed,iscgem,iscgem,1950-12-29,16621,India,2
1951-03-06 18:58:17.080000+00:00,28.661,95.427,15.0,5.73,mw,,,,,iscgem,iscgem894155,2022-04-26T18:13:17.638Z,"66 km N of P?sigh?t, India",earthquake,,3.7,0.2,,reviewed,iscgem,iscgem,1951-03-06,16819,India,-1
1951-03-12 14:52:21.860000+00:00,27.99,94.668,25.0,5.98,mw,,,,,iscgem,iscgem894174,2022-04-26T18:13:35.636Z,"2 km W of B?s?r, India",earthquake,,4.8,0.2,,reviewed,iscgem,iscgem,1951-03-12,16778,India,-1
1951-04-07 20:29:15.660000+00:00,25.949,90.575,15.0,5.77,mw,,,,,iscgem,iscgem894243,2022-04-26T18:14:05.124Z,"25 km SSW of Go?lp?ra, India",earthquake,,25.0,0.5,,reviewed,iscgem,iscgem,1951-04-07,16811,India,2
1951-04-14 23:40:56.830000+00:00,28.28,93.861,15.0,6.4,mw,,,,,iscgem,iscgem894263,2022-04-26T18:14:15.388Z,"57 km WSW of Shi Yomi, India",earthquake,,25.0,0.23,,reviewed,iscgem,iscgem,1951-04-14,16772,India,-1
1951-04-22 03:37:44.240000+00:00,28.842,94.575,25.0,5.96,mw,,,,,iscgem,iscgem894282,2022-04-26T18:14:16.709Z,"39 km NNE of Shi Yomi, India",earthquake,,25.0,0.2,,reviewed,iscgem,iscgem,1951-04-22,16804,India,-1
1951-09-12 20:41:54.160000+00:00,32.977,75.88,15.0,5.61,mw,,,,,iscgem,iscgem894694,2022-04-26T18:17:52.731Z,"15 km E of Bhadarw?h, India",earthquake,,17.3,0.64,,reviewed,iscgem,iscgem,1951-09-12,16962,India,3
1952-02-16 21:44:03.710000+00:00,29.434,95.924,15.0,5.5,mw,,,,,iscgem,iscgem892494,2022-04-26T17:59:52.622Z,"162 km NNE of P?sigh?t, India",earthquake,,25.0,0.62,,reviewed,iscgem,iscgem,1952-02-16,17193,India,-1
1952-04-30 01:49:12.370000+00:00,26.621,95.068,35.0,5.45,mw,,,,,iscgem,iscgem892846,2022-04-26T18:02:39.820Z,"12 km S of Mon, India",earthquake,,25.0,0.61,,reviewed,iscgem,iscgem,1952-04-30,17219,India,2
1952-05-26 02:46:36.600000+00:00,28.4,94.488,20.0,5.96,mw,,,,,iscgem,iscgem892952,2022-04-26T18:03:25.860Z,"Arunachal Pradesh, India",earthquake,,6.7,0.2,,reviewed,iscgem,iscgem,1952-05-26,17119,India,-1
1952-08-25 01:44:53.690000+00:00,28.138,93.905,15.0,5.63,mw,,,,,iscgem,iscgem893318,2022-04-26T18:05:50.989Z,"60 km N of Ziro, India",earthquake,,25.0,0.2,,reviewed,iscgem,iscgem,1952-08-25,17310,India,-1
1954-04-14 13:24:53.310000+00:00,9.944,92.859,35.0,5.91,mw,,,,,iscgem,iscgem890537,2022-04-26T17:42:33.951Z,"190 km S of Port Blair, India",earthquake,,12.5,0.2,,reviewed,iscgem,iscgem,1954-04-14,17907,India,1
1955-05-04 00:17:00.560000+00:00,27.051,96.927,15.0,5.77,mw,,,,,iscgem,iscgem889493,2022-04-26T17:33:45.942Z,"94 km N of Sarupathar, India",earthquake,,9.0,0.38,,reviewed,iscgem,iscgem,1955-05-04,18346,India,2
1955-06-27 10:14:12.650000+00:00,32.294,78.506,15.0,6.15,mw,,,,,iscgem,iscgem889685,2022-04-26T17:34:58.271Z,"109 km NE of Sar?han, India",earthquake,,8.6,0.2,,reviewed,iscgem,iscgem,1955-06-27,18292,India,3
1956-07-21 15:32:30.090000+00:00,23.278,70.107,15.0,6.0,mw,,,,,iscgem,iscgem888505,2022-04-26T17:25:23.429Z,"20 km NNE of Anj?r, India",earthquake,,10.9,0.3,,reviewed,iscgem,iscgem,1956-07-21,18768,India,-1
1956-08-22 19:40:18.200000+00:00,27.974,95.211,15.0,5.58,mw,,,,,iscgem,iscgem888616,2022-04-26T17:26:01.603Z,"15 km SW of P?sigh?t, India",earthquake,,25.0,0.28,,reviewed,iscgem,iscgem,1956-08-22,18889,India,-1
1956-10-10 15:31:39.830000+00:00,28.138,77.754,15.0,6.7,mh,,,,,iscgemsup,iscgemsup888773,2025-04-16T23:06:08.487Z,"6 km SE of Jahāngīrpur, India",earthquake,,25.0,,,reviewed,iscgemsup,ndi,1956-10-10,18736,India,-1
1956-12-21 03:27:44.700000+00:00,26.611,96.208,15.0,5.75,mw,,,,,iscgem,iscgem889026,2022-04-26T17:30:01.859Z,"74 km NW of Sarupathar, India",earthquake,,14.1,0.58,,reviewed,iscgem,iscgem,1956-12-21,18817,India,2
1957-07-01 19:30:24.440000+00:00,24.31,93.894,65.0,6.2,mw,,,,,iscgem,iscgem886778,2022-04-26T17:14:15.534Z,"22 km SSW of Kakching, India",earthquake,,5.1,0.2,,reviewed,iscgem,iscgem,1957-07-01,19081,India,2
1958-01-06 11:24:14.660000+00:00,25.648,96.802,15.0,5.77,mw,,,,,iscgem,iscgem883659,2022-04-26T16:52:41.156Z,"61 km S of Sarupathar, India",earthquake,,25.0,0.3,,reviewed,iscgem,iscgem,1958-01-06,19270,India,2
1958-01-13 20:14:34.200000+00:00,11.853,92.777,25.0,5.71,mw,,,,,iscgem,iscgem883686,2022-04-26T16:52:54.667Z,"18 km NNE of Bamboo Flat, India",earthquake,,11.1,0.2,,reviewed,iscgem,iscgem,1958-01-13,19277,India,1
1958-11-08 19:36:53.560000+00:00,11.3,92.24,15.0,5.56,mw,,,,,iscgem,iscgem885467,2022-04-26T17:05:06.124Z,"68 km SW of Bamboo Flat, India",earthquake,,4.3,0.43,,reviewed,iscgem,iscgem,1958-11-08,19576,India,1
1958-12-28 05:34:40.950000+00:00,29.926,79.9,15.0,6.06,mw,,,,,iscgem,iscgem885771,2022-04-26T17:06:43.668Z,"15 km NE of B?geshwar, India",earthquake,,8.1,0.2,,reviewed,iscgem,iscgem,1958-12-28,19626,India,3
1959-02-14 22:25:52.280000+00:00,27.604,96.459,15.0,5.69,mw,,,,,iscgem,iscgem881401,2022-04-26T16:41:32.631Z,"47 km SE of Tezu, India",earthquake,,32.2,0.2,,reviewed,iscgem,iscgem,1959-02-14,19674,India,2
1959-05-24 11:28:22.140000+00:00,26.147,90.19,20.0,5.42,mw,,,,,iscgemsup,iscgemsup882083,2022-05-09T19:32:27.965Z,"10 km SSW of Bil?sip?ra, India",earthquake,,3.8,0.2,,reviewed,iscgemsup,iscgemsup,1959-05-24,19773,India,2
1960-07-29 10:42:47.590000+00:00,26.488,90.297,15.0,5.64,mw,,,,,iscgem,iscgem879928,2022-04-26T16:33:22.363Z,"Assam, India",earthquake,,25.0,0.66,,reviewed,iscgem,iscgem,1960-07-29,20276,India,2
1960-10-08 20:40:09.620000+00:00,8.016,93.111,61.0,5.92,mw,,,,,iscgem,iscgem880495,2022-04-26T16:37:06.965Z,"Nicobar Islands, India region",earthquake,,4.9,0.24,,reviewed,iscgem,iscgem,1960-10-08,20205,India,1
1960-12-22 03:02:21.680000+00:00,8.729,93.945,15.0,5.67,mw,,,,,iscgem,iscgem881043,2022-04-26T16:39:32.662Z,"Nicobar Islands, India region",earthquake,,3.4,0.2,,reviewed,iscgem,iscgem,1960-12-22,20351,India,1
1961-07-11 09:31:50.290000+00:00,7.946,93.124,50.0,6.01,mw,,,,,iscgem,iscgem17290572,2022-04-26T16:05:20.383Z,"Nicobar Islands, India region",earthquake,,10.2,0.2,,reviewed,iscgem,iscgem,1961-07-11,20552,India,1
1961-12-06 05:48:40.960000+00:00,13.382,93.362,30.0,5.94,mw,,,,,iscgem,iscgem877782,2022-04-26T16:25:07.945Z,"198 km NNE of Bamboo Flat, India",earthquake,,3.8,0.2,,reviewed,iscgem,iscgem,1961-12-06,20776,India,1
1962-02-20 09:15:59.520000+00:00,6.714,92.51,25.0,5.71,mw,,,,,iscgem,iscgem874260,2022-04-26T16:07:56.850Z,"Nicobar Islands, India region",earthquake,,7.5,0.32,,reviewed,iscgem,iscgem,1962-02-20,20776,India,1
1962-02-20 22:02:42.360000+00:00,26.099,96.999,35.0,6.27,mw,,,,,iscgem,iscgem874265,2022-04-26T16:07:59.534Z,"22 km ESE of Sarupathar, India",earthquake,,5.3,0.2,,reviewed,iscgem,iscgem,1962-02-20,20700,India,2
1962-09-22 06:51:33.610000+00:00,26.334,96.917,25.0,6.11,mw,,,,,iscgem,iscgem875381,2022-04-26T16:12:17.223Z,"17 km NE of Sarupathar, India",earthquake,,6.8,0.2,,reviewed,iscgem,iscgem,1962-09-22,21045,India,2
1962-11-16 21:10:03.410000+00:00,13.286,93.076,27.0,6.24,mw,,,,,iscgem,iscgem875674,2022-04-26T16:14:15.726Z,"179 km NNE of Bamboo Flat, India",earthquake,,3.7,0.41,,reviewed,iscgem,iscgem,1962-11-16,20990,India,1
1963-04-12 00:41:29.330000+00:00,31.885,78.781,30.0,5.48,mw,,,,,iscgem,iscgem872138,2022-04-27T00:20:06.092Z,"102 km ENE of Sar?han, India",earthquake,,25.0,0.61,,reviewed,iscgem,iscgem,1963-04-12,21192,India,3
1963-06-21 15:26:30.920000+00:00,24.905,92.167,51.1,5.7,mw,,,,,iscgem,iscgem872557,2022-04-27T00:23:15.878Z,"19 km WNW of Kar?mganj, India",earthquake,,5.1,0.2,,reviewed,iscgem,iscgem,1963-06-21,21262,India,2
1964-06-03 02:49:18.730000+00:00,26.0,95.689,116.6,5.6,mw,,,,,iscgem,iscgem866515,2022-04-27T00:02:57.418Z,"91 km ESE of Tuensang, India",earthquake,,6.3,0.58,,reviewed,iscgem,iscgem,1964-06-03,21725,India,2
1964-06-13 08:23:52.500000+00:00,10.059,92.88,78.0,6.04,mw,,,,,iscgem,iscgem866771,2022-04-27T00:03:58.322Z,"178 km S of Port Blair, India",earthquake,,5.4,0.2,,reviewed,iscgem,iscgem,1964-06-13,21649,India,1
1964-07-12 20:16:00.090000+00:00,24.798,95.182,150.7,5.59,mw,,,,,iscgem,iscgem865993,2022-04-27T00:01:15.359Z,"115 km ENE of W?ngjing, India",earthquake,,5.1,0.2,,reviewed,iscgem,iscgem,1964-07-12,21750,India,2
1964-09-01 13:22:35.720000+00:00,27.009,92.232,10.0,5.7,mw,,,,,iscgem,iscgem864048,2025-12-19T18:13:02.133Z,"31 km NNE of Udalguri, India",earthquake,,19.2,0.3,,reviewed,iscgem,iscgem,1964-09-01,21715,India,2
1964-09-15 15:29:35.030000+00:00,8.863,93.066,45.0,6.31,mw,,,,,iscgem,iscgem864419,2026-01-07T19:57:51.038Z,"Nicobar Islands, India region",earthquake,,4.6,0.2,,reviewed,iscgem,iscgem,1964-09-15,21620,India,1
1964-09-16 01:26:28.100000+00:00,10.561,92.834,41.7,5.94,mw,,,,,iscgem,iscgem864429,2025-12-19T18:13:44.862Z,"122 km S of Port Blair, India",earthquake,,4.9,0.2,,reviewed,iscgem,iscgem,1964-09-16,21700,India,1
1964-09-26 00:46:00.500000+00:00,29.837,80.429,19.7,5.9,mw,,,,,iscgem,iscgem864679,2025-12-19T18:13:08.891Z,"8 km W of Dhārchula, India",earthquake,,11.9,0.2,,reviewed,iscgem,iscgem,1964-09-26,21714,India,3
1964-10-21 23:09:19.220000+00:00,28.077,93.815,25.0,6.63,mw,,,,,iscgem,iscgem863756,2025-12-19T18:15:31.587Z,"53 km N of Ziro, India",earthquake,,3.9,0.3,,reviewed,iscgem,iscgem,1964-10-21,21610,India,-1
1965-01-12 13:32:26.170000+00:00,27.38,87.837,26.3,5.9,mw,,,,,iscgem,iscgem861007,2025-12-19T18:14:37.644Z,"42 km WNW of Gyalshing, India",earthquake,,13.2,0.2,,reviewed,iscgem,iscgem,1965-01-12,21833,India,-1
1965-02-18 04:26:37.620000+00:00,25.011,94.186,55.0,5.61,mw,,,,,iscgem,iscgem860307,2022-04-26T23:47:32.394Z,"33 km NE of Imph?l, India",earthquake,,15.6,0.29,,reviewed,iscgem,iscgem,1965-02-18,21870,India,2
1965-03-18 02:41:27.160000+00:00,29.732,80.365,15.0,5.4,mw,,,,,iscgem,iscgem858684,2022-04-26T23:43:09.224Z,"19 km SW of Dh?rchula, India",earthquake,,7.6,0.2,,reviewed,iscgem,iscgem,1965-03-18,21898,India,3
1965-04-11 22:33:03.730000+00:00,26.73,92.4,30.0,5.32,mw,,,,,iscgem,iscgem857678,2022-04-26T23:41:19.123Z,"8 km WNW of Dhekiajuli, India",earthquake,,5.1,0.24,,reviewed,iscgem,iscgem,1965-04-11,21922,India,2
1965-05-30 08:48:18.920000+00:00,25.9,95.835,80.0,5.79,mw,,,,,iscgem,iscgem857273,2022-04-26T23:40:21.355Z,"103 km WSW of Sarupathar, India",earthquake,,40.3,0.32,,reviewed,iscgem,iscgem,1965-05-30,21971,India,2
1965-05-31 02:04:42.620000+00:00,32.719,78.069,15.0,5.6,mw,,,,,iscgem,iscgem857290,2025-12-19T18:18:09.810Z,"98 km ENE of Manāli, India",earthquake,,25.0,0.2,,reviewed,iscgem,iscgem,1965-05-31,21972,India,3
1965-06-15 07:59:19.480000+00:00,29.652,95.469,15.0,5.48,mw,,,,,iscgem,iscgem856140,2022-04-26T23:38:21.598Z,"163 km NE of Shi Yomi, India",earthquake,,9.1,0.38,,reviewed,iscgem,iscgem,1965-06-15,21987,India,-1
1965-06-18 08:17:39.650000+00:00,24.974,93.689,45.0,5.45,mw,,,,,iscgem,iscgem856232,2022-04-26T23:38:29.988Z,"31 km NW of Imph?l, India",earthquake,,16.6,0.29,,reviewed,iscgem,iscgem,1965-06-18,21990,India,2
1965-12-09 20:26:04.570000+00:00,27.317,92.503,15.0,5.5,mw,,,,,iscgem,iscgem851622,2022-04-26T23:29:27.479Z,"9 km NE of Bomdila, India",earthquake,,11.8,0.2,,reviewed,iscgem,iscgem,1965-12-09,22251,India,2
1966-01-05 17:21:28.560000+00:00,13.248,95.48,22.0,5.86,mw,,,,,iscgem,iscgem850665,2025-12-19T18:17:33.183Z,"Andaman Islands, India region",earthquake,,4.7,0.2,,reviewed,iscgem,iscgem,1966-01-05,22191,India,1
1966-02-24 00:16:39.280000+00:00,26.281,91.474,22.5,5.19,mw,,,,,iscgem,iscgem850440,2022-04-26T23:27:22.473Z,"6 km NW of H?jo, India",earthquake,,25.0,0.31,,reviewed,iscgem,iscgem,1966-02-24,22280,India,2
1966-03-06 02:10:56.670000+00:00,31.525,80.487,20.0,6.7,mw,,,,,iscgem,iscgem848978,2022-04-26T20:29:25.533Z,"138 km NE of Josh?math, India",earthquake,,25.0,0.54,,reviewed,iscgem,iscgem,1966-03-06,22164,India,-1
1966-04-04 06:42:14.170000+00:00,11.933,92.531,18.8,5.85,mw,,,,,iscgem,iscgem848084,2025-12-19T18:23:02.179Z,"32 km NW of Bamboo Flat, India",earthquake,,4.7,0.2,,reviewed,iscgem,iscgem,1966-04-04,22241,India,1
1966-05-27 14:35:03.600000+00:00,27.501,96.511,15.0,5.19,mw,,,,,iscgem,iscgem847866,2022-04-26T23:19:31.296Z,"59 km SE of Tezu, India",earthquake,,32.2,0.2,,reviewed,iscgem,iscgem,1966-05-27,22479,India,2
1966-08-05 01:03:01.860000+00:00,32.688,79.544,16.4,5.36,mw,,,,,iscgemsup,iscgemsup844140,2026-01-07T19:11:08.295Z,"210 km NE of Sarāhan, India",earthquake,,3.6,0.2,,reviewed,iscgemsup,iscgemsup,1966-08-05,22440,India,-1
1966-08-15 02:15:31.740000+00:00,28.597,78.948,20.0,5.6,mw,,,,,iscgem,iscgem844491,2025-12-19T18:23:43.369Z,"6 km WNW of Shāhābād, India",earthquake,,3.8,0.2,,reviewed,iscgem,iscgem,1966-08-15,22333,India,-1
1966-09-11 15:55:19.780000+00:00,27.021,95.69,17.5,5.26,mw,,,,,iscgem,iscgem843331,2022-04-26T23:09:54.197Z,"12 km E of Khonsa, India",earthquake,,25.0,0.55,,reviewed,iscgem,iscgem,1966-09-11,22455,India,-1
1966-09-26 05:10:57.250000+00:00,27.451,92.566,15.5,5.44,mw,,,,,iscgem,iscgem843878,2025-12-19T18:21:30.849Z,"24 km NE of Bomdila, India",earthquake,,3.7,0.3,,reviewed,iscgem,iscgem,1966-09-26,22413,India,2
1966-10-20 00:53:37.920000+00:00,33.536,78.699,10.0,5.6,mw,,,,,iscgem,iscgem842655,2025-12-19T18:21:36.821Z,"124 km SE of Leh, India",earthquake,,3.8,0.2,,reviewed,iscgem,iscgem,1966-10-20,22403,India,-1
1966-11-08 14:30:00.900000+00:00,26.082,96.745,15.0,5.13,mw,,,,,iscgem,iscgem841416,2022-04-26T23:06:34.472Z,"15 km SSW of Sarupathar, India",earthquake,,25.0,0.2,,reviewed,iscgem,iscgem,1966-11-08,22498,India,2
1967-02-20 15:18:39.720000+00:00,33.617,75.344,13.4,5.5,mw,,,,,iscgem,iscgem838981,2025-12-19T18:25:11.190Z,"18 km E of Qāzigund, India",earthquake,,3.7,0.2,,reviewed,iscgem,iscgem,1967-02-20,22624,India,3
1967-03-14 06:58:06.340000+00:00,28.435,94.24,20.7,5.7,mw,,,,,iscgem,iscgem837822,2025-12-19T18:25:14.758Z,"16 km SW of Shi Yomi, India",earthquake,,4.5,0.2,,reviewed,iscgem,iscgem,1967-03-14,22602,India,-1
1967-03-16 12:13:23.260000+00:00,26.959,96.403,15.0,5.21,mw,,,,,iscgem,iscgem837876,2022-04-26T22:57:33.426Z,"81 km ESE of Margherita, India",earthquake,,25.0,0.25,,reviewed,iscgem,iscgem,1967-03-16,22637,India,2
1967-03-27 08:09:46.660000+00:00,15.563,80.196,11.9,5.49,mw,,,,,iscgem,iscgem838267,2022-04-26T22:58:28.187Z,"17 km ENE of Ongole, India",earthquake,,3.6,0.24,,reviewed,iscgem,iscgem,1967-03-27,22626,India,-1
1967-05-27 19:05:46.920000+00:00,36.042,77.618,10.0,5.93,mw,,,,,iscgem,iscgem836068,2025-12-19T18:22:46.192Z,"144 km NNE of Thang, India",earthquake,,3.8,0.2,,reviewed,iscgem,iscgem,1967-05-27,22734,India,-1
1967-07-02 07:03:51.680000+00:00,8.795,93.543,10.0,6.13,mw,,,,,iscgem,iscgem832879,2025-12-19T18:25:51.786Z,"Nicobar Islands, India region",earthquake,,3.5,0.23,,reviewed,iscgem,iscgem,1967-07-02,22698,India,1
1967-07-02 08:32:38.200000+00:00,33.188,75.701,17.2,5.14,mw,,,,,iscgem,iscgem832884,2022-04-26T22:49:18.904Z,"14 km ENE of Doda, India",earthquake,,9.1,0.25,,reviewed,iscgem,iscgem,1967-07-02,22800,India,3
1967-07-07 22:56:30.880000+00:00,27.854,92.028,15.0,5.19,mw,,,,,iscgem,iscgem833089,2022-04-26T22:49:57.885Z,"32 km NNE of Tawang, India",earthquake,,25.0,0.2,,reviewed,iscgem,iscgem,1967-07-07,22739,India,2
1967-09-06 01:43:35.610000+00:00,24.06,91.62,31.0,5.13,mw,,,,,iscgem,iscgem830959,2022-04-26T22:47:08.064Z,"2 km SE of Khowai, India",earthquake,,4.9,0.26,,reviewed,iscgem,iscgem,1967-09-06,22809,India,2
1967-09-15 10:32:44.310000+00:00,27.338,91.91,13.7,5.79,mw,,,,,iscgem,iscgem831281,2022-04-26T22:47:27.381Z,"26 km S of Tawang, India",earthquake,,3.7,0.2,,reviewed,iscgem,iscgem,1967-09-15,22734,India,2
1967-11-10 06:04:06.410000+00:00,25.441,91.759,20.0,5.15,mw,,,,,iscgem,iscgem829232,2022-04-26T22:43:20.028Z,"16 km NNE of Cherrapunji, India",earthquake,,25.0,0.2,,reviewed,iscgem,iscgem,1967-11-10,22958,India,2
1967-11-14 00:04:18.500000+00:00,24.088,91.624,25.0,5.25,mw,,,,,iscgem,iscgem829352,2022-04-26T22:43:45.572Z,"2 km ENE of Khowai, India",earthquake,,1.7,0.34,,reviewed,iscgem,iscgem,1967-11-14,22928,India,2
1967-12-10 22:51:22.040000+00:00,17.361,73.845,10.0,6.54,mw,,,,,iscgem,iscgem828259,2025-12-19T18:55:00.525Z,"6 km WSW of Pātan, India",earthquake,,3.3,0.3,,reviewed,iscgem,iscgem,1967-12-10,22865,India,-1
1967-12-20 11:34:27.490000+00:00,11.826,92.973,65.1,5.55,mw,,,,,iscgem,iscgem828586,2025-12-19T18:55:07.987Z,"30 km NE of Port Blair, India",earthquake,,5.3,0.2,,reviewed,iscgem,iscgem,1967-12-20,22895,India,1
1968-01-05 06:42:48.630000+00:00,30.38,79.302,19.9,5.26,mw,,,,,iscgem,iscgem826993,2022-04-26T22:39:29.091Z,"13 km WSW of P?palkoti, India",earthquake,,12.4,0.2,,reviewed,iscgem,iscgem,1968-01-05,22921,India,3
1968-01-12 04:17:42.020000+00:00,13.289,93.144,18.8,5.6,mw,,,,,iscgem,iscgem827182,2022-04-26T22:39:48.196Z,"181 km NNE of Bamboo Flat, India",earthquake,,4.3,0.29,,reviewed,iscgem,iscgem,1968-01-12,22869,India,1
1968-02-11 20:38:27.320000+00:00,34.101,78.686,15.0,5.31,mw,,,,,iscgem,iscgem826069,2022-04-26T22:38:26.991Z,"101 km E of Leh, India",earthquake,,25.0,0.26,,reviewed,iscgem,iscgem,1968-02-11,22905,India,-1
1968-05-02 00:26:01.640000+00:00,26.293,92.301,27.5,5.13,mw,,,,,iscgem,iscgem821490,2022-04-26T22:31:47.079Z,"6 km NW of Morigaon, India",earthquake,,3.7,0.2,,reviewed,iscgem,iscgem,1968-05-02,23039,India,2
1968-07-13 06:05:53.730000+00:00,30.394,94.724,15.0,5.2,mw,,,,,iscgem,iscgem818957,2022-04-26T22:26:47.406Z,"209 km N of Shi Yomi, India",earthquake,,25.0,0.2,,reviewed,iscgem,iscgem,1968-07-13,23149,India,-1
1968-07-19 04:56:27.490000+00:00,8.781,93.674,22.8,5.86,mw,,,,,iscgem,iscgem819166,2025-12-19T19:14:36.543Z,"Nicobar Islands, India region",earthquake,,4.0,0.2,,reviewed,iscgem,iscgem,1968-07-19,23111,India,1
1968-08-18 14:18:59.770000+00:00,26.431,90.559,20.0,5.37,mw,,,,,iscgem,iscgem818129,2022-04-26T22:24:45.460Z,"5 km S of Bongaigaon, India",earthquake,,3.5,0.2,,reviewed,iscgem,iscgem,1968-08-18,23117,India,2
1968-08-20 09:30:56.420000+00:00,30.032,94.899,15.0,5.25,mw,,,,,iscgem,iscgem818177,2022-04-26T22:24:49.418Z,"174 km NNE of Shi Yomi, India",earthquake,,12.6,0.2,,reviewed,iscgem,iscgem,1968-08-20,23147,India,-1
1968-11-05 02:02:43.860000+00:00,32.293,76.483,15.0,5.19,mw,,,,,iscgem,iscgem814813,2022-04-26T22:17:13.388Z,"17 km ENE of Dharamsala, India",earthquake,,12.7,0.2,,reviewed,iscgem,iscgem,1968-11-05,23385,India,3
1968-12-27 14:38:13.810000+00:00,24.118,91.6,29.4,5.37,mw,,,,,iscgem,iscgem814541,2022-04-26T22:16:38.239Z,"4 km N of Khowai, India",earthquake,,4.8,0.2,,reviewed,iscgem,iscgem,1968-12-27,23278,India,2
1969-03-03 06:20:22.160000+00:00,30.076,79.97,16.0,5.32,mw,,,,,iscgem,iscgem810469,2022-04-26T22:10:11.531Z,"32 km NE of B?geshwar, India",earthquake,,8.1,0.2,,reviewed,iscgem,iscgem,1969-03-03,23344,India,3
1969-04-13 15:24:54.650000+00:00,17.801,80.748,13.2,5.7,mw,,,,,iscgem,iscgem809816,2025-12-19T19:11:08.534Z,"16 km SSW of Manuguru, India",earthquake,,3.8,0.3,,reviewed,iscgem,iscgem,1969-04-13,23226,India,-1
1969-06-01 08:35:23.640000+00:00,25.716,91.687,17.0,5.16,mw,,,,,iscgem,iscgem807620,2022-04-26T22:04:53.887Z,"17 km NNE of Mairang, India",earthquake,,3.9,0.2,,reviewed,iscgem,iscgem,1969-06-01,23579,India,2
1969-06-22 01:33:24.590000+00:00,30.497,79.376,16.3,5.44,mw,,,,,iscgem,iscgem808239,2025-12-19T19:10:38.829Z,"9 km NNW of Pīpalkoti, India",earthquake,,3.9,0.2,,reviewed,iscgem,iscgem,1969-06-22,23455,India,3
1969-06-30 08:51:54.670000+00:00,26.826,92.632,32.5,5.25,mw,,,,,iscgem,iscgem808464,2022-04-26T22:05:34.162Z,"3 km WSW of Rang?p?ra, India",earthquake,,3.6,0.2,,reviewed,iscgem,iscgem,1969-06-30,23509,India,2
1969-08-15 07:15:37.960000+00:00,30.366,94.607,15.0,5.26,mw,,,,,iscgem,iscgem805842,2022-04-26T22:01:04.971Z,"204 km N of Shi Yomi, India",earthquake,,25.0,0.2,,reviewed,iscgem,iscgem,1969-08-15,23463,India,-1
1969-08-29 10:02:52.700000+00:00,26.303,95.957,85.0,5.52,mw,,,,,iscgem,iscgem806502,2022-04-26T22:03:37.912Z,"85 km W of Sarupathar, India",earthquake,,5.2,0.3,,reviewed,iscgem,iscgem,1969-08-29,23434,India,2
1969-10-24 11:45:54.080000+00:00,24.813,72.45,10.0,5.19,mw,,,,,iscgem,iscgem803720,2022-04-26T21:55:10.596Z,"27 km SE of Bh?nm?l, India",earthquake,,3.2,0.25,,reviewed,iscgem,iscgem,1969-10-24,23523,India,-1
1970-02-19 07:10:02.360000+00:00,27.461,93.951,10.0,5.4,mw,,,,,iscgem,iscgem799239,2025-12-19T19:07:20.400Z,"18 km SE of Ziro, India",earthquake,,3.9,0.2,,reviewed,iscgem,iscgem,1970-02-19,23711,India,-1
1970-03-05 18:34:21.100000+00:00,32.376,76.608,15.0,5.11,mw,,,,,iscgem,iscgem797561,2022-04-26T21:44:46.248Z,"29 km N of P?lampur, India",earthquake,,12.7,0.27,,reviewed,iscgem,iscgem,1970-03-05,23729,India,3
1970-03-10 05:20:09.600000+00:00,26.832,96.958,15.0,5.44,mw,,,,,iscgem,iscgem797747,2022-04-26T21:45:17.624Z,"70 km NNE of Sarupathar, India",earthquake,,3.6,0.38,,reviewed,iscgem,iscgem,1970-03-10,23697,India,2
1970-03-23 01:53:04.220000+00:00,21.624,73.056,20.2,5.36,mw,,,,,iscgem,iscgem798304,2025-12-19T19:06:54.426Z,"6 km E of Ankleshwar, India",earthquake,,3.8,0.2,,reviewed,iscgem,iscgem,1970-03-23,23716,India,-1
1970-05-06 15:21:57.150000+00:00,9.863,92.868,37.2,5.59,mw,,,,,iscgem,iscgem795276,2025-12-19T19:04:56.976Z,"199 km S of Port Blair, India",earthquake,,5.0,0.2,,reviewed,iscgem,iscgem,1970-05-06,23796,India,1
1970-05-29 10:33:59.490000+00:00,24.041,94.011,40.2,5.31,mw,,,,,iscgem,iscgem796100,2022-04-26T21:41:03.334Z,"47 km SE of Chur?ch?ndpur, India",earthquake,,4.8,0.22,,reviewed,iscgem,iscgem,1970-05-29,23822,India,2
1970-06-24 00:43:02.020000+00:00,28.956,95.679,17.8,5.17,mw,,,,,iscgem,iscgem794816,2022-04-26T21:38:11.878Z,"104 km NNE of P?sigh?t, India",earthquake,,4.5,0.2,,reviewed,iscgem,iscgem,1970-06-24,23857,India,-1
1970-07-29 10:16:22.030000+00:00,25.997,95.367,70.9,7.0,mw,,,,,iscgem,iscgem794100,2025-12-19T19:04:27.707Z,"61 km ESE of Tuensang, India",earthquake,,5.2,0.4,,reviewed,iscgem,iscgem,1970-07-29,23773,India,2
1970-10-25 15:09:50.570000+00:00,9.096,93.885,23.7,6.34,mw,,,,,iscgem,iscgem791408,2025-12-19T19:03:39.166Z,"Nicobar Islands, India region",earthquake,,4.5,0.28,,reviewed,iscgem,iscgem,1970-10-25,23945,India,1
1971-02-02 07:59:58.560000+00:00,23.738,91.591,45.3,5.4,mw,,,,,iscgem,iscgem786827,2022-04-26T21:21:44.188Z,"24 km NNW of Amarpur, India",earthquake,,5.0,0.2,,reviewed,iscgem,iscgem,1971-02-02,24099,India,2
1971-03-28 08:23:20.540000+00:00,11.882,95.058,16.3,6.28,mw,,,,,iscgem,iscgem786706,2025-12-19T19:57:45.341Z,"253 km E of Port Blair, India",earthquake,,3.8,0.2,,reviewed,iscgem,iscgem,1971-03-28,24045,India,1
1971-03-31 08:16:19.900000+00:00,26.021,96.693,15.0,5.14,mw,,,,,iscgemsup,iscgemsup786763,2026-01-07T19:02:54.900Z,"23 km SSW of Sarupathar, India",earthquake,,25.0,0.2,,reviewed,iscgemsup,iscgemsup,1971-03-31,24102,India,2
1971-06-05 01:38:13.110000+00:00,9.341,92.523,35.1,5.38,mw,,,,,iscgemsup,iscgemsup783162,2026-01-07T19:08:21.185Z,"258 km S of Port Blair, India",earthquake,,5.1,0.2,,reviewed,iscgemsup,iscgemsup,1971-06-05,24210,India,1
1971-06-26 02:16:38.960000+00:00,24.645,94.629,75.0,5.31,mw,,,,,iscgem,iscgem783810,2025-12-19T19:55:27.413Z,"57 km E of Wāngjing, India",earthquake,,5.4,0.23,,reviewed,iscgem,iscgem,1971-06-26,24229,India,2
1971-07-17 15:00:56.080000+00:00,26.451,93.169,41.5,5.5,mw,,,,,iscgem,iscgem782391,2025-12-19T19:54:01.148Z,"41 km ESE of Tezpur, India",earthquake,,5.2,0.2,,reviewed,iscgem,iscgem,1971-07-17,24189,India,2
1971-08-05 22:37:11.770000+00:00,12.548,94.814,21.3,5.58,mw,,,,,iscgem,iscgem780958,2025-12-19T19:52:50.302Z,"245 km ENE of Port Blair, India",earthquake,,3.7,0.2,,reviewed,iscgem,iscgem,1971-08-05,24168,India,1
1971-08-07 15:21:50.800000+00:00,36.033,77.781,10.0,5.22,mw,,,,,iscgem,iscgem781014,2025-12-19T19:52:50.953Z,"151 km NE of Thang, India",earthquake,,4.7,0.28,,reviewed,iscgem,iscgem,1971-08-07,24231,India,-1
1971-11-05 22:11:17.150000+00:00,10.148,92.94,57.5,5.63,mw,,,,,iscgem,iscgem778328,2025-12-19T19:50:57.513Z,"169 km S of Port Blair, India",earthquake,,4.8,0.2,,reviewed,iscgem,iscgem,1971-11-05,24321,India,1
1971-12-29 22:27:07.380000+00:00,25.214,94.684,65.3,5.63,mw,,,,,iscgem,iscgem778161,2025-12-19T19:50:52.999Z,"53 km SSE of Phek, India",earthquake,,6.0,0.2,,reviewed,iscgem,iscgem,1971-12-29,24375,India,2
1972-06-02 20:32:57.280000+00:00,28.414,95.847,35.0,5.07,mw,,,,,iscgem,iscgem772157,2025-12-19T19:46:30.848Z,"62 km NNW of Tezu, India",earthquake,,25.0,0.2,,reviewed,iscgem,iscgem,1972-06-02,24611,India,-1
1972-07-11 20:46:16.940000+00:00,24.37,94.42,72.0,5.04,mw,,,,,iscgem,iscgem771496,2025-12-19T19:46:12.397Z,"43 km SE of Wāngjing, India",earthquake,,5.5,0.2,,reviewed,iscgem,iscgem,1972-07-11,24627,India,2
1972-08-21 14:04:33.600000+00:00,27.375,87.999,15.0,5.12,mw,,,,,iscgem,iscgem770787,2022-04-26T20:45:33.197Z,"27 km WNW of Gyalshing, India",earthquake,,13.2,0.2,,reviewed,iscgem,iscgem,1972-08-21,24570,India,-1
1972-09-06 02:51:29.060000+00:00,32.408,78.411,10.0,5.28,mw,,,,,iscgem,iscgem769118,2025-12-19T19:43:50.532Z,"115 km NNE of Sarāhan, India",earthquake,,8.6,0.23,,reviewed,iscgem,iscgem,1972-09-06,24531,India,3
1972-11-01 21:53:47.950000+00:00,26.378,96.244,103.3,5.37,mw,,,,,iscgem,iscgem766905,2025-12-19T19:42:48.954Z,"59 km WNW of Sarupathar, India",earthquake,,5.4,0.28,,reviewed,iscgem,iscgem,1972-11-01,24688,India,2
1972-11-06 10:56:08.890000+00:00,26.997,88.728,15.0,5.09,mw,,,,,iscgem,iscgem767072,2025-12-19T19:42:54.698Z,"20 km NNE of Odlābāri, India",earthquake,,25.0,0.2,,reviewed,iscgem,iscgem,1972-11-06,24757,India,-1
1972-11-13 23:34:12.370000+00:00,12.462,95.184,15.3,5.93,mw,,,,,iscgem,iscgem767329,2025-12-19T19:43:00.856Z,"279 km ENE of Port Blair, India",earthquake,,3.8,0.2,,reviewed,iscgem,iscgem,1972-11-13,24683,India,1
1973-01-14 11:39:25.100000+00:00,32.948,75.34,90.0,4.43,mw,,,,,us,usp000004y,2014-11-06T23:21:07.666Z,"14 km SSE of K?d, India",earthquake,,,,,reviewed,us,us,1973-01-14,24809,India,3
1973-01-16 21:31:26+00:00,33.209,75.715,42.0,5.37,mw,,,,,us,usp000005y,2025-12-19T19:41:39.444Z,"12 km SSW of Kishtw?r, India",earthquake,,,,,reviewed,us,us,1973-01-16,24695,India,3
1973-02-10 04:25:29.700000+00:00,24.34,94.413,74.0,4.77,mw,,,,,us,usp00000fw,2014-11-06T23:21:08.873Z,"44 km SE of W?ngjing, India",earthquake,,,,,reviewed,us,us,1973-02-10,24759,India,2
1973-03-07 00:59:40.600000+00:00,10.06,93.338,33.0,4.68,mw,,,,,us,usp00000ut,2014-11-06T23:21:09.759Z,"189 km SSE of Port Blair, India",earthquake,,,,,reviewed,us,us,1973-03-07,24784,India,1
1973-04-07 03:00:58.800000+00:00,6.966,91.384,33.0,6.61,mw,,,,,us,usp000019p,2025-12-19T19:40:13.824Z,"Nicobar Islands, India region",earthquake,,,,,reviewed,us,us,1973-04-07,24840,India,1
1973-04-10 19:05:27.800000+00:00,12.005,93.019,33.0,5.03,mw,,,,,us,usp00001bd,2014-11-06T23:21:11.162Z,"47 km NE of Bamboo Flat, India",earthquake,,,,,reviewed,us,us,1973-04-10,24950,India,1
1973-05-23 01:57:53.200000+00:00,24.321,94.852,63.0,4.6,mw,,,,,us,usp00001wf,2014-11-06T23:21:12.787Z,"85 km ESE of W?ngjing, India",earthquake,,,,,reviewed,us,us,1973-05-23,24988,India,2
1973-05-31 23:39:56.700000+00:00,24.281,93.548,30.0,6.19,mw,,,,,us,usp00001zx,2025-12-19T19:40:05.669Z,"13 km WSW of Chur?ch?ndpur, India",earthquake,,,,,reviewed,us,us,1973-05-31,24843,India,2
1973-06-09 21:57:14.100000+00:00,11.583,95.07,33.0,5.28,mw,,,,,us,usp0000242,2014-11-06T23:21:13.191Z,"253 km E of Port Blair, India",earthquake,,,,,reviewed,us,us,1973-06-09,24928,India,1
1973-07-04 16:44:11.400000+00:00,27.24,92.474,26.0,5.45,mw,,,,,us,usp00002hz,2022-04-27T18:45:23.357Z,"5 km ESE of Bomdila, India",earthquake,,,,,reviewed,us,us,1973-07-04,24894,India,2
1973-07-09 16:19:46.800000+00:00,10.686,92.583,46.0,5.9,mw,,,,,us,usp00002n2,2025-12-19T19:36:50.663Z,"109 km S of Port Blair, India",earthquake,,,,,reviewed,us,us,1973-07-09,24886,India,1
1973-07-13 22:03:38.700000+00:00,33.095,75.496,52.0,5.11,mw,,,,,us,usp00002q1,2022-04-27T18:45:53.636Z,"7 km SW of Doda, India",earthquake,,,,,reviewed,us,us,1973-07-13,24937,India,3
1973-07-26 04:23:36.300000+00:00,10.457,93.276,66.0,4.77,mw,,,,,us,usp00002v3,2014-11-06T23:21:16.316Z,"145 km SSE of Port Blair, India",earthquake,,,,,reviewed,us,us,1973-07-26,24950,India,1
1973-07-26 19:25:25.100000+00:00,10.371,94.32,33.0,4.85,mw,,,,,us,usp00002ve,2014-11-06T23:21:16.330Z,"223 km SE of Port Blair, India",earthquake,,,,,reviewed,us,us,1973-07-26,24950,India,1
1973-07-26 19:35:26.400000+00:00,10.412,95.083,33.0,4.6,mw,,,,,us,usp00002vf,2014-11-06T23:21:16.331Z,"290 km ESE of Port Blair, India",earthquake,,,,,reviewed,us,us,1973-07-26,24979,India,1
1973-07-26 20:06:33.200000+00:00,10.472,93.893,33.0,5.37,mw,,,,,us,usp00002vg,2025-12-19T19:37:50.168Z,"182 km SE of Port Blair, India",earthquake,,,,,reviewed,us,us,1973-07-26,24903,India,1
1973-07-31 21:06:14.900000+00:00,27.256,97.092,33.0,5.11,mw,,,,,us,usp00002y1,2022-04-27T18:47:21.098Z,"105 km SSE of Hayuliang, India",earthquake,,,,,reviewed,us,us,1973-07-31,24933,India,2
1973-08-15 09:00:54+00:00,26.417,95.472,41.0,5.03,mw,,,,,us,usp0000332,2025-12-19T19:35:57.500Z,"54 km SE of Mon, India",earthquake,,,,,reviewed,us,us,1973-08-15,24950,India,2
1973-08-24 07:52:19.800000+00:00,14.185,93.698,33.0,4.68,mw,,,,,us,usp000036h,2014-11-06T23:21:18.231Z,"294 km NNE of Bamboo Flat, India",earthquake,,,,,reviewed,us,us,1973-08-24,24955,India,1
1973-09-02 09:49:54.400000+00:00,13.508,93.743,33.0,4.68,mw,,,,,us,usp00003af,2014-11-06T23:21:19.741Z,"Andaman Islands, India region",earthquake,,,,,reviewed,us,us,1973-09-02,24970,India,1
1973-09-29 15:07:01.200000+00:00,34.02,73.9,71.0,4.43,mw,,,,,us,usp00003ky,2014-11-06T23:21:20.525Z,"15 km WSW of Uri, India",earthquake,,,,,reviewed,us,us,1973-09-29,25015,India,3
1973-10-09 04:01:47.400000+00:00,27.751,93.35,33.0,5.11,mw,,,,,us,usp00003ru,2014-11-06T23:21:20.734Z,"51 km WNW of Ziro, India",earthquake,,,,,reviewed,us,us,1973-10-09,25098,India,-1
1973-10-24 05:23:50.900000+00:00,33.113,75.891,33.0,5.62,mw,,,,,us,usp00003x3,2025-12-19T19:34:26.593Z,"21 km NE of Bhadarw?h, India",earthquake,,,,,reviewed,us,us,1973-10-24,25040,India,3
1973-11-02 12:09:55.200000+00:00,25.723,91.603,20.0,5.11,mw,,,,,us,usp0000410,2014-11-06T23:21:21.117Z,"18 km N of Mairang, India",earthquake,,,,,reviewed,us,us,1973-11-02,25109,India,2
1973-11-15 08:20:09.300000+00:00,9.912,93.752,33.0,5.45,mw,,,,,us,usp000045p,2014-11-06T23:21:21.283Z,"223 km SSE of Port Blair, India",earthquake,,,,,reviewed,us,us,1973-11-15,25049,India,1
1973-12-16 09:16:14.100000+00:00,32.284,76.028,33.0,5.2,mw,,,,,us,usp00004jj,2022-04-27T18:33:42.724Z,"3 km N of Kotla, India",earthquake,,,,,reviewed,us,us,1973-12-16,25093,India,3
1973-12-16 19:09:47.700000+00:00,34.187,74.051,47.0,5.45,mw,,,,,us,usp00004jm,2022-04-27T18:33:44.157Z,"11 km N of Uri, India",earthquake,,,,,reviewed,us,us,1973-12-16,25062,India,3
1973-12-21 02:08:47.500000+00:00,30.292,94.87,33.0,5.11,mw,,,,,us,usp00004kn,2022-04-27T18:33:54.846Z,"201 km NNE of Shi Yomi, India",earthquake,,,,,reviewed,us,us,1973-12-21,25128,India,-1
1974-01-01 10:26:24.700000+00:00,36.165,77.36,33.0,4.94,mw,,,,,us,usp00004ry,2025-12-19T19:32:24.059Z,"146 km NNE of Thang, India",earthquake,,,,,reviewed,us,us,1974-01-01,25163,India,-1
1974-01-20 20:05:18.700000+00:00,22.837,92.936,33.0,5.11,mw,,,,,us,usp00004z9,2022-04-27T18:32:12.621Z,"20 km ESE of Lunglei, India",earthquake,,,,,reviewed,us,us,1974-01-20,25150,India,2
1974-02-11 14:10:12.600000+00:00,6.913,91.337,7.0,5.45,mw,,,,,us,usp000059e,2014-11-06T23:21:22.814Z,"Nicobar Islands, India region",earthquake,,,,,reviewed,us,us,1974-02-11,25093,India,1
1974-02-16 01:53:46.600000+00:00,11.446,92.357,33.0,6.79,mw,,,,,us,usp00005ap,2025-12-19T19:32:07.830Z,"48 km SW of Bamboo Flat, India",earthquake,,,,,reviewed,us,us,1974-02-16,25025,India,1
1974-02-24 21:32:08.800000+00:00,30.943,78.053,45.0,5.03,mw,,,,,us,usp00005d8,2014-11-06T23:21:22.989Z,"20 km NW of Barkot, India",earthquake,,,,,reviewed,us,us,1974-02-24,25155,India,3
1974-04-10 06:39:47.300000+00:00,11.885,92.989,33.0,5.03,mw,,,,,us,usp00005xh,2014-11-06T23:21:23.668Z,"35 km NE of Port Blair, India",earthquake,,,,,reviewed,us,us,1974-04-10,25296,India,1
1974-05-15 03:51:21.400000+00:00,25.547,91.799,32.0,4.85,mw,,,,,us,usp00006bw,2014-11-06T23:21:24.218Z,"8 km WSW of Shillong, India",earthquake,,,,,reviewed,us,us,1974-05-15,25344,India,2
1974-05-18 02:34:55.300000+00:00,26.949,71.704,0.0,5.28,mw,,,,,us,usp00006dz,2017-04-26T17:27:41.121Z,"21 km W of Pokaran, India",nuclear explosion,,,,,reviewed,us,us,1974-05-18,25243,India,-1
1974-05-20 17:39:17.900000+00:00,34.584,74.278,33.0,5.2,mw,,,,,us,usp00006en,2022-04-27T18:24:22.687Z,"37 km NNW of Sopur, India",earthquake,,,,,reviewed,us,us,1974-05-20,25246,India,3
1974-06-27 18:52:36.200000+00:00,10.501,92.785,33.0,5.54,mw,,,,,us,usp00006xj,2014-11-06T23:21:24.959Z,"128 km S of Port Blair, India",earthquake,,,,,reviewed,us,us,1974-06-27,25208,India,1
1974-07-07 20:56:49.700000+00:00,30.638,78.692,33.0,5.2,mw,,,,,us,usp000071b,2022-04-27T18:15:05.398Z,"25 km ESE of Uttark?shi, India",earthquake,,,,,reviewed,us,us,1974-07-07,25248,India,3
1974-07-09 07:17:13.600000+00:00,27.361,92.335,53.0,4.94,mw,,,,,us,usp000071r,2014-11-06T23:21:25.105Z,"13 km NW of Bomdila, India",earthquake,,,,,reviewed,us,us,1974-07-09,25316,India,2
1974-07-10 18:10:32.800000+00:00,28.859,95.683,33.0,5.11,mw,,,,,us,usp000072a,2025-12-19T19:28:39.605Z,"94 km NNE of P?sigh?t, India",earthquake,,,,,reviewed,us,us,1974-07-10,25286,India,-1
1974-07-23 03:06:30.400000+00:00,21.974,93.122,35.0,4.77,mw,,,,,us,usp0000794,2022-04-27T18:17:30.390Z,"59 km SSE of Saiha, India",earthquake,,,,,reviewed,us,us,1974-07-23,25372,India,2
1974-07-27 10:03:13+00:00,30.296,94.888,33.0,5.03,mw,,,,,us,usp00007b4,2025-12-19T19:28:53.551Z,"202 km NNE of Shi Yomi, India",earthquake,,,,,reviewed,us,us,1974-07-27,25298,India,-1
1974-08-15 13:06:11.400000+00:00,36.133,77.101,108.0,4.94,mw,,,,,us,usp00007mw,2014-11-06T23:21:25.813Z,"136 km NNE of Thang, India",earthquake,,,,,reviewed,us,us,1974-08-15,25335,India,-1
1974-08-24 18:18:45.800000+00:00,25.811,96.242,33.0,5.03,mw,,,,,us,usp00007rz,2022-04-27T18:13:10.013Z,"71 km SW of Sarupathar, India",earthquake,,,,,reviewed,us,us,1974-08-24,25299,India,2
1974-09-21 06:27:41.800000+00:00,25.68,90.908,27.0,5.03,mw,,,,,us,usp000083v,2022-04-27T18:08:54.157Z,"40 km WNW of Nongstoin, India",earthquake,,,,,reviewed,us,us,1974-09-21,25312,India,2
1974-10-30 02:33:36.600000+00:00,35.597,77.543,103.0,5.11,mw,,,,,us,usp00008m4,2025-12-19T19:26:52.641Z,"100 km NE of Thang, India",earthquake,,,,,reviewed,us,us,1974-10-30,25496,India,-1
1974-11-16 16:18:36.600000+00:00,32.849,76.137,63.0,5.11,mw,,,,,us,usp00008tj,2022-04-27T18:02:08.816Z,"32 km N of Chamba, India",earthquake,,,,,reviewed,us,us,1974-11-16,25510,India,3
1974-12-02 01:08:45.900000+00:00,24.514,95.257,110.0,5.11,mw,,,,,us,usp00008yy,2025-12-19T19:23:38.000Z,"121 km E of W?ngjing, India",earthquake,,,,,reviewed,us,us,1974-12-02,25535,India,2
1975-01-19 08:02:02.500000+00:00,32.455,78.43,33.0,6.81,mw,,,,,us,usp00009jd,2025-12-19T20:33:52.665Z,"120 km E of Man?li, India",earthquake,,,,,reviewed,us,us,1975-01-19,25411,India,3
1975-01-23 01:37:42.900000+00:00,27.314,88.255,33.0,5.11,mw,,,,,us,usp00009kx,2014-11-06T23:21:28.513Z,"2 km N of Gyalshing, India",earthquake,,,,,reviewed,us,us,1975-01-23,25545,India,-1
1975-02-06 06:39:44.600000+00:00,27.891,87.826,33.0,5.03,mw,,,,,us,usp00009tp,2014-11-06T23:21:28.755Z,"79 km NNW of Gyalshing, India",earthquake,,,,,reviewed,us,us,1975-02-06,25558,India,-1
1975-03-03 19:24:23.100000+00:00,24.135,93.548,42.0,5.28,mw,,,,,us,usp0000a3q,2025-12-19T20:32:06.411Z,"25 km SSW of Chur?ch?ndpur, India",earthquake,,,,,reviewed,us,us,1975-03-03,25492,India,2
1975-03-13 08:11:37.700000+00:00,11.108,95.145,33.0,5.45,mw,,,,,us,usp0000a77,2014-11-06T23:21:29.332Z,"268 km ESE of Port Blair, India",earthquake,,,,,reviewed,us,us,1975-03-13,25444,India,1
1975-03-26 16:19:19.700000+00:00,19.754,68.398,33.0,5.45,mw,,,,,us,usp0000acj,2014-11-06T23:21:29.509Z,"234 km SW of M?ngrol, India",earthquake,,,,,reviewed,us,us,1975-03-26,25428,India,-1
1975-05-15 21:07:34.400000+00:00,12.145,93.721,103.0,5.28,mw,,,,,us,usp0000b1v,2014-11-06T23:21:30.338Z,"118 km ENE of Port Blair, India",earthquake,,,,,reviewed,us,us,1975-05-15,25683,India,1
1975-05-30 17:45:00.600000+00:00,26.642,97.025,57.0,5.76,mw,,,,,us,usp0000b8a,2025-12-19T20:31:08.465Z,"52 km NNE of Sarupathar, India",earthquake,,,,,reviewed,us,us,1975-05-30,25608,India,2
1975-06-01 18:43:06.700000+00:00,11.193,94.278,33.0,4.85,mw,,,,,us,usp0000b99,2014-11-06T23:21:30.503Z,"175 km ESE of Port Blair, India",earthquake,,,,,reviewed,us,us,1975-06-01,25714,India,1
1975-06-10 11:50:09.100000+00:00,28.231,95.9,26.0,5.37,mw,,,,,us,usp0000bdk,2025-12-19T20:29:29.639Z,"41 km NNW of Tezu, India",earthquake,,,,,reviewed,us,us,1975-06-10,25652,India,-1
1975-06-28 06:07:50.400000+00:00,29.099,95.623,33.0,5.28,mw,,,,,us,usp0000btc,2022-04-27T17:43:44.797Z,"118 km NNE of P?sigh?t, India",earthquake,,,,,reviewed,us,us,1975-06-28,25677,India,-1
1975-06-30 08:50:43.300000+00:00,13.063,93.241,33.0,5.37,mw,,,,,us,usp0000bu5,2014-11-06T23:21:31.062Z,"161 km NNE of Bamboo Flat, India",earthquake,,,,,reviewed,us,us,1975-06-30,25654,India,1
1975-07-19 06:10:54.900000+00:00,31.92,78.605,40.0,5.54,mw,,,,,us,usp0000c1j,2025-12-19T20:28:36.349Z,"89 km ENE of Sar?han, India",earthquake,,,,,reviewed,us,us,1975-07-19,25625,India,3
1975-07-23 03:03:11.600000+00:00,26.509,96.387,33.0,5.45,mw,,,,,us,usp0000c4u,2022-04-27T17:39:12.120Z,"53 km NW of Sarupathar, India",earthquake,,,,,reviewed,us,us,1975-07-23,25634,India,2
1975-07-29 02:40:58.200000+00:00,32.555,78.457,51.0,5.71,mw,,,,,us,usp0000c7f,2025-12-19T20:28:57.124Z,"125 km ENE of Man?li, India",earthquake,,,,,reviewed,us,us,1975-07-29,25623,India,3
1975-08-23 03:08:56.300000+00:00,30.614,79.453,33.0,4.43,mw,,,,,us,usp0000cjt,2014-11-06T23:21:31.742Z,"12 km WNW of Josh?math, India",earthquake,,,,,reviewed,us,us,1975-08-23,25732,India,3
1975-08-29 20:40:01.300000+00:00,9.307,94.186,33.0,5.28,mw,,,,,us,usp0000cn6,2014-11-06T23:21:31.789Z,"Nicobar Islands, India region",earthquake,,,,,reviewed,us,us,1975-08-29,25673,India,1
1975-09-16 04:20:25.100000+00:00,32.379,76.454,44.0,4.94,mw,,,,,us,usp0000ctw,2014-11-06T23:21:32.037Z,"21 km NE of Dharamsala, India",earthquake,,,,,reviewed,us,us,1975-09-16,25708,India,3
1975-10-13 16:12:10.800000+00:00,10.919,92.509,33.0,5.03,mw,,,,,us,usp0000d4m,2014-11-06T23:21:32.253Z,"86 km SSW of Port Blair, India",earthquake,,,,,reviewed,us,us,1975-10-13,25845,India,1
1975-10-17 10:46:05.900000+00:00,34.538,74.093,33.0,4.68,mw,,,,,us,usp0000d5s,2014-11-06T23:21:32.275Z,"43 km NNW of B?ram?la, India",earthquake,,,,,reviewed,us,us,1975-10-17,25870,India,3
1975-10-28 05:40:42.300000+00:00,8.663,94.065,33.0,5.28,mw,,,,,us,usp0000dan,2014-11-06T23:21:32.377Z,"Nicobar Islands, India region",earthquake,,,,,reviewed,us,us,1975-10-28,25782,India,1
1975-10-30 14:20:57.200000+00:00,32.703,75.383,112.0,5.2,mw,,,,,us,usp0000dbj,2014-11-06T23:21:32.394Z,"13 km SSE of R?mnagar, India",earthquake,,,,,reviewed,us,us,1975-10-30,25827,India,3
1975-11-05 00:35:57.200000+00:00,32.035,78.809,28.0,5.45,mw,,,,,us,usp0000deh,2022-04-27T17:26:38.443Z,"112 km ENE of Sar?han, India",earthquake,,,,,reviewed,us,us,1975-11-05,25774,India,3
1975-11-06 00:11:33.900000+00:00,29.497,78.084,33.0,5.2,mw,,,,,us,usp0000df1,2022-04-27T17:26:53.929Z,"4 km WNW of Mand?war, India",earthquake,,,,,reviewed,us,us,1975-11-06,25783,India,-1
1975-12-20 04:59:20+00:00,27.848,96.418,33.0,4.77,mw,,,,,us,usp0000dzh,2014-11-06T23:21:32.983Z,"27 km SSW of Hayuliang, India",earthquake,,,,,reviewed,us,us,1975-12-20,25869,India,2
1975-12-29 05:07:59.200000+00:00,26.82,97.156,48.0,5.54,mw,,,,,us,usp0000e4z,2025-12-19T20:24:51.894Z,"76 km NNE of Sarupathar, India",earthquake,,,,,reviewed,us,us,1975-12-29,25763,India,2
1976-01-07 00:24:54.100000+00:00,32.854,75.964,50.0,5.62,mw,,,,,us,usp0000eaw,2022-04-27T15:44:25.342Z,"26 km ESE of Bhadarw?h, India",earthquake,,,,,reviewed,us,us,1976-01-07,25759,India,3
1976-01-31 21:23:11.300000+00:00,9.701,92.751,75.0,5.03,mw,,,,,us,usp0000euu,2014-11-06T23:21:33.830Z,"217 km S of Port Blair, India",earthquake,,,,,reviewed,us,us,1976-01-31,25836,India,1
1976-02-01 15:38:43.100000+00:00,24.411,93.501,59.0,4.43,mw,,,,,us,usp0000evc,2014-11-06T23:21:33.856Z,"19 km WNW of Chur?ch?ndpur, India",earthquake,,,,,reviewed,us,us,1976-02-01,25874,India,2
1976-02-05 12:04:34.300000+00:00,31.32,76.953,37.0,5.28,mw,,,,,us,usp0000ey1,2022-04-27T17:15:39.640Z,"18 km WNW of Seoni, India",earthquake,,,,,reviewed,us,us,1976-02-05,25776,India,3
1976-03-30 06:48:10.800000+00:00,24.265,94.266,56.0,4.94,mw,,,,,us,usp0000fpy,2014-11-06T23:21:34.685Z,"38 km SE of Kakching, India",earthquake,,,,,reviewed,us,us,1976-03-30,26013,India,2
1976-04-10 07:09:18+00:00,32.727,76.511,50.0,4.85,mw,,,,,us,usp0000fu3,2014-11-06T23:21:34.771Z,"40 km ENE of Chamba, India",earthquake,,,,,reviewed,us,us,1976-04-10,26048,India,3
1976-04-19 20:48:21.300000+00:00,12.028,92.861,33.0,4.51,mw,,,,,us,usp0000fyq,2014-11-06T23:21:34.871Z,"39 km NNE of Bamboo Flat, India",earthquake,,,,,reviewed,us,us,1976-04-19,26090,India,1
1976-04-21 19:09:59.600000+00:00,10.281,92.875,33.0,5.9,mw,,,,,us,usp0000fzt,2014-11-06T23:21:34.896Z,"153 km S of Port Blair, India",earthquake,,,,,reviewed,us,us,1976-04-21,25939,India,1
1976-05-22 18:32:53.900000+00:00,32.73,75.694,89.0,4.68,mw,,,,,us,usp0000gg0,2014-11-06T23:21:35.378Z,"27 km S of Bhadarw?h, India",earthquake,,,,,reviewed,us,us,1976-05-22,26063,India,3
1976-05-25 04:48:41.900000+00:00,25.079,95.354,107.0,5.03,mw,,,,,us,usp0000ghc,2014-11-06T23:21:35.410Z,"107 km SE of Phek, India",earthquake,,,,,reviewed,us,us,1976-05-25,25984,India,2
1976-05-31 12:32:41.600000+00:00,13.423,93.551,102.0,4.77,mw,,,,,us,usp0000gnx,2014-11-06T23:21:35.507Z,"211 km NNE of Bamboo Flat, India",earthquake,,,,,reviewed,us,us,1976-05-31,26052,India,1
1976-06-01 10:58:58.600000+00:00,26.138,96.274,46.0,5.2,mw,,,,,us,usp0000gph,2022-04-27T17:00:08.299Z,"54 km W of Sarupathar, India",earthquake,,,,,reviewed,us,us,1976-06-01,25981,India,2
1976-06-23 15:38:39.400000+00:00,21.415,88.79,23.0,5.54,mw,,,,,us,usp0000h0v,2020-08-26T01:03:07.850Z,"67 km SE of Kultali, India",earthquake,,,,,reviewed,us,us,1976-06-23,25950,India,-1
1976-07-28 02:03:05.700000+00:00,8.082,93.609,33.0,4.77,mw,,,,,us,usp0000hjv,2014-11-06T23:21:36.392Z,"Nicobar Islands, India region",earthquake,,,,,reviewed,us,us,1976-07-28,26056,India,1
1976-08-01 02:05:26.800000+00:00,34.724,79.319,15.0,4.94,mw,,,,,us,usp0000hnz,2026-01-07T18:57:50.458Z,"171 km ENE of Leh, India",earthquake,,,,,reviewed,us,us,1976-08-01,25991,India,-1
1976-08-05 10:24:13.700000+00:00,28.074,92.394,61.0,5.03,mw,,,,,us,usp0000hr0,2022-04-27T16:54:43.388Z,"72 km NE of Tawang, India",earthquake,,,,,reviewed,us,us,1976-08-05,25990,India,2
1976-08-12 23:26:46.200000+00:00,26.68,97.07,27.0,6.92,mw,,,,,us,usp0000htr,2025-12-19T20:18:05.491Z,"58 km NNE of Sarupathar, India",earthquake,,,,,reviewed,us,us,1976-08-12,25928,India,2
1976-09-08 20:13:02.300000+00:00,32.046,78.684,18.0,5.62,mw,,,,,us,usp0000j9x,2025-12-19T20:16:53.832Z,"103 km NE of Sar?han, India",earthquake,,,,,reviewed,us,us,1976-09-08,25948,India,3
1976-09-25 19:09:16.700000+00:00,10.919,92.468,27.0,5.03,mw,,,,,us,usp0000jkx,2014-11-06T23:21:37.499Z,"88 km SSW of Port Blair, India",earthquake,,,,,reviewed,us,us,1976-09-25,26244,India,1
1976-10-01 11:27:25.300000+00:00,36.002,77.329,84.0,5.45,mw,,,,,us,usp0000jqd,2014-11-06T23:21:37.582Z,"128 km NNE of Thang, India",earthquake,,,,,reviewed,us,us,1976-10-01,26113,India,-1
1976-10-30 16:02:10+00:00,12.341,93.624,119.0,5.03,mw,,,,,us,usp0000k49,2014-11-06T23:21:37.927Z,"121 km NE of Port Blair, India",earthquake,,,,,reviewed,us,us,1976-10-30,26225,India,1
1976-10-31 18:36:26+00:00,26.48,96.559,33.0,5.11,mw,,,,,us,usp0000k4r,2025-12-19T20:16:35.959Z,"39 km NW of Sarupathar, India",earthquake,,,,,reviewed,us,us,1976-10-31,26198,India,2
1976-12-17 10:21:47.600000+00:00,27.746,92.443,33.0,5.03,mw,,,,,us,usp0000kt4,2014-11-06T23:21:38.636Z,"53 km N of Bomdila, India",earthquake,,,,,reviewed,us,us,1976-12-17,26209,India,2
1976-12-25 01:07:10.900000+00:00,25.911,95.064,84.0,5.2,mw,,,,,us,usp0000kxm,2022-04-27T16:44:41.431Z,"46 km SSE of Tuensang, India",earthquake,,,,,reviewed,us,us,1976-12-25,26143,India,2
1977-01-05 14:10:56.500000+00:00,25.433,95.178,104.0,5.11,mw,,,,,us,usp0000m2k,2014-11-06T23:21:39.233Z,"72 km ESE of Phek, India",earthquake,,,,,reviewed,us,us,1977-01-05,26190,India,2
1977-01-21 14:57:45.500000+00:00,32.838,75.794,51.0,4.94,mw,,,,,us,usp0000m9t,2014-11-06T23:21:39.431Z,"17 km SSE of Bhadarw?h, India",earthquake,,,,,reviewed,us,us,1977-01-21,26254,India,3
1977-02-03 10:49:14.400000+00:00,25.637,96.486,22.0,4.77,mw,,,,,us,usp0000mf2,2014-11-06T23:21:39.733Z,"70 km SSW of Sarupathar, India",earthquake,,,,,reviewed,us,us,1977-02-03,26254,India,2
1977-02-06 16:53:57.800000+00:00,24.306,92.882,42.0,5.03,mw,,,,,us,usp0000mg6,2025-12-19T20:14:10.120Z,"22 km ENE of Kolasib, India",earthquake,,,,,reviewed,us,us,1977-02-06,26238,India,2
1977-02-09 12:07:10.900000+00:00,11.718,92.361,33.0,5.03,mw,,,,,us,usp0000mgv,2014-11-06T23:21:39.807Z,"38 km W of Bamboo Flat, India",earthquake,,,,,reviewed,us,us,1977-02-09,26241,India,1
1977-02-19 06:15:25+00:00,31.786,78.417,40.0,5.62,mw,,,,,us,usp0000mmf,2025-12-19T20:14:20.779Z,"66 km ENE of Sar?han, India",earthquake,,,,,reviewed,us,us,1977-02-19,26107,India,3
1977-02-19 10:34:22.300000+00:00,8.361,93.766,33.0,5.37,mw,,,,,us,usp0000mmq,2014-11-06T23:21:39.912Z,"Nicobar Islands, India region",earthquake,,,,,reviewed,us,us,1977-02-19,26142,India,1
1977-03-27 05:36:49.200000+00:00,32.706,78.545,26.0,5.28,mw,,,,,us,usp0000n4z,2022-04-27T16:35:18.331Z,"138 km ENE of Man?li, India",earthquake,,,,,reviewed,us,us,1977-03-27,26314,India,3
1977-04-14 18:26:48.800000+00:00,32.023,78.547,33.0,4.68,mw,,,,,us,usp0000nds,2014-11-06T23:21:40.985Z,"91 km NE of Sar?han, India",earthquake,,,,,reviewed,us,us,1977-04-14,26412,India,3
1977-04-20 04:21:09.400000+00:00,30.519,79.352,33.0,5.11,mw,,,,,us,usp0000nfy,2022-04-27T16:29:34.786Z,"12 km NW of P?palkoti, India",earthquake,,,,,reviewed,us,us,1977-04-20,26377,India,3
1977-05-12 12:20:00.700000+00:00,21.747,92.99,40.0,6.52,mw,,,,,us,usp0000nus,2025-12-19T20:07:00.413Z,"82 km S of Saiha, India",earthquake,,,,,reviewed,us,us,1977-05-12,26290,India,2
1977-06-05 19:21:40.500000+00:00,26.224,88.317,33.0,5.11,mw,,,,,us,usp0000p5w,2022-04-27T16:21:51.621Z,"13 km ESE of Isl?mpur, India",earthquake,,,,,reviewed,us,us,1977-06-05,26385,India,-1
1977-06-22 15:53:27.600000+00:00,33.149,76.012,36.0,5.11,mw,,,,,us,usp0000pe0,2025-12-19T20:11:17.484Z,"29 km SE of Kishtw?r, India",earthquake,,,,,reviewed,us,us,1977-06-22,26390,India,3
1977-06-30 14:48:57.700000+00:00,26.889,97.088,33.0,5.11,mw,,,,,us,usp0000pje,2014-11-06T23:21:42.795Z,"80 km NNE of Sarupathar, India",earthquake,,,,,reviewed,us,us,1977-06-30,26360,India,2
1977-07-05 05:53:43.200000+00:00,27.174,97.444,33.0,4.94,mw,,,,,us,usp0000pmb,2014-11-06T23:21:42.863Z,"124 km NNE of Sarupathar, India",earthquake,,,,,reviewed,us,us,1977-07-05,26407,India,2
1977-07-21 23:32:12.100000+00:00,30.288,94.85,33.0,5.28,mw,,,,,us,usp0000pu0,2022-04-27T16:19:48.553Z,"200 km NNE of Shi Yomi, India",earthquake,,,,,reviewed,us,us,1977-07-21,26336,India,-1
1977-07-22 06:40:31.300000+00:00,9.342,93.137,47.0,5.62,mw,,,,,us,usp0000pu9,2014-11-06T23:21:43.069Z,"260 km S of Port Blair, India",earthquake,,,,,reviewed,us,us,1977-07-22,26308,India,1
1977-07-27 15:26:42.600000+00:00,12.204,92.782,38.0,5.03,mw,,,,,us,usp0000pwd,2014-11-06T23:21:43.159Z,"56 km N of Bamboo Flat, India",earthquake,,,,,reviewed,us,us,1977-07-27,26406,India,1
1977-09-13 20:59:22+00:00,34.895,76.496,213.0,5.03,mw,,,,,us,usp0000qmz,2014-11-06T23:21:44.142Z,"27 km W of Thang, India",earthquake,,,,,reviewed,us,us,1977-09-13,26584,India,-1
1977-10-05 17:53:54.700000+00:00,26.72,97.385,33.0,5.78,mw,,,,,us,usp0000qx4,2014-11-06T23:21:44.477Z,"80 km NE of Sarupathar, India",earthquake,,,,,reviewed,us,us,1977-10-05,26482,India,2
1977-10-13 11:32:09.300000+00:00,23.484,93.353,61.0,5.45,mw,,,,,us,usp0000r15,2025-12-19T20:06:26.345Z,"25 km ENE of Khawhai, India",earthquake,,,,,reviewed,us,us,1977-10-13,26490,India,2
1977-10-13 21:18:56.900000+00:00,9.458,93.794,33.0,5.37,mw,,,,,us,usp0000r1b,2014-11-06T23:21:44.620Z,"269 km SSE of Port Blair, India",earthquake,,,,,reviewed,us,us,1977-10-13,26506,India,1
1977-10-19 07:14:46.700000+00:00,32.737,78.412,33.0,5.11,mw,,,,,us,usp0000r41,2014-11-06T23:21:44.718Z,"127 km ENE of Man?li, India",earthquake,,,,,reviewed,us,us,1977-10-19,26577,India,3
1977-10-29 01:53:20.500000+00:00,29.265,95.018,33.0,4.85,mw,,,,,us,usp0000r96,2014-11-06T23:21:44.981Z,"102 km NE of Shi Yomi, India",earthquake,,,,,reviewed,us,us,1977-10-29,26619,India,-1
1977-11-13 21:02:29.300000+00:00,26.471,93.114,33.0,5.28,mw,,,,,us,usp0000rfw,2022-04-27T16:04:42.517Z,"36 km ESE of Tezpur, India",earthquake,,,,,reviewed,us,us,1977-11-13,26559,India,2
1977-12-21 02:08:10+00:00,32.837,76.634,33.0,5.37,mw,,,,,us,usp0000s5y,2022-04-27T16:02:32.434Z,"46 km NW of Kyelang, India",earthquake,,,,,reviewed,us,us,1977-12-21,26490,India,3
1977-12-22 04:41:59.740000+00:00,26.376,96.983,10.0,5.16,mw,,,,,iscgem,iscgem689377,2022-04-27T16:02:40.664Z,"25 km NE of Sarupathar, India",earthquake,,6.8,0.2,,reviewed,iscgem,iscgem,1977-12-22,26560,India,2
1977-12-22 17:49:59.400000+00:00,28.512,96.202,33.0,5.11,mw,,,,,us,usp0000s6q,2014-11-06T23:21:46.075Z,"59 km NW of Hayuliang, India",earthquake,,,,,reviewed,us,us,1977-12-22,26576,India,-1
1977-12-23 21:00:25.800000+00:00,23.636,92.386,33.0,5.37,mw,,,,,us,usp0000s76,2014-11-06T23:21:46.090Z,"33 km SW of Sairang, India",earthquake,,,,,reviewed,us,us,1977-12-23,26496,India,2
1978-01-02 01:18:50.100000+00:00,9.261,92.602,33.0,5.11,mw,,,,,us,usp0000say,2014-11-06T23:21:46.208Z,"266 km S of Port Blair, India",earthquake,,,,,reviewed,us,us,1978-01-02,26571,India,1
1978-01-07 07:23:20.500000+00:00,30.565,79.38,33.0,5.03,mw,,,,,us,usp0000sd0,2014-11-06T23:21:46.277Z,"16 km NNW of P?palkoti, India",earthquake,,,,,reviewed,us,us,1978-01-07,26598,India,3
1978-01-08 06:32:58.700000+00:00,24.759,95.172,100.0,5.37,mw,,,,,us,usp0000sde,2014-11-06T23:21:46.289Z,"113 km E of W?ngjing, India",earthquake,,,,,reviewed,us,us,1978-01-08,26521,India,2
1978-01-15 02:30:30.600000+00:00,31.917,78.306,60.0,4.85,mw,,,,,us,usp0000shb,2014-11-06T23:21:46.548Z,"66 km NE of Sar?han, India",earthquake,,,,,reviewed,us,us,1978-01-15,26611,India,3
1978-01-29 08:21:55+00:00,11.778,92.845,33.0,4.6,mw,,,,,us,usp0000srh,2014-11-06T23:21:46.777Z,"16 km NE of Port Blair, India",earthquake,,,,,reviewed,us,us,1978-01-29,26623,India,1
1978-02-07 20:31:54.600000+00:00,12.863,93.07,33.0,6.45,mw,,,,,us,usp0000sv7,2025-12-19T20:03:27.735Z,"134 km NNE of Bamboo Flat, India",earthquake,,,,,reviewed,us,us,1978-02-07,26460,India,1
1978-02-11 14:45:45.600000+00:00,24.351,94.778,109.0,5.11,mw,,,,,us,usp0000sxr,2014-11-06T23:21:46.984Z,"77 km ESE of W?ngjing, India",earthquake,,,,,reviewed,us,us,1978-02-11,26561,India,2
1978-02-19 18:56:31.900000+00:00,31.681,75.256,59.0,4.43,mw,,,,,us,usp0000t1q,2014-11-06T23:21:47.158Z,"15 km SSE of Bat?la, India",earthquake,,,,,reviewed,us,us,1978-02-19,26630,India,-1
1978-02-23 02:01:28.400000+00:00,33.487,76.05,36.0,5.2,mw,,,,,us,usp0000t3p,2022-04-27T15:57:07.543Z,"32 km NE of Kishtw?r, India",earthquake,,,,,reviewed,us,us,1978-02-23,26560,India,3
1978-03-02 12:14:42.800000+00:00,27.243,96.918,93.0,4.94,mw,,,,,us,usp0000t6v,2022-04-27T15:48:08.878Z,"99 km SSE of Hayuliang, India",earthquake,,,,,reviewed,us,us,1978-03-02,26607,India,2
1978-03-14 11:38:38.600000+00:00,35.906,77.933,33.0,5.03,mw,,,,,us,usp0000td2,2014-11-06T23:21:47.628Z,"150 km NE of Thang, India",earthquake,,,,,reviewed,us,us,1978-03-14,26672,India,-1
1978-03-18 18:40:58.100000+00:00,24.283,92.866,39.0,4.94,mw,,,,,us,usp0000tfb,2014-11-06T23:21:47.701Z,"20 km ENE of Kolasib, India",earthquake,,,,,reviewed,us,us,1978-03-18,26721,India,2
1978-03-25 09:21:33.700000+00:00,10.143,93.166,33.0,5.11,mw,,,,,us,usp0000tpy,2014-11-06T23:21:47.949Z,"174 km SSE of Port Blair, India",earthquake,,,,,reviewed,us,us,1978-03-25,26670,India,1
1978-03-28 10:25:05.600000+00:00,24.327,94.325,108.0,4.68,mw,,,,,us,usp0000ttc,2014-11-06T23:21:48.153Z,"39 km SE of W?ngjing, India",earthquake,,,,,reviewed,us,us,1978-03-28,26791,India,2
1978-03-28 12:37:40+00:00,23.205,92.896,33.0,5.11,mw,,,,,us,usp0000tth,2014-11-06T23:21:48.158Z,"10 km SSE of Serchh?p, India",earthquake,,,,,reviewed,us,us,1978-03-28,26666,India,2
1978-03-31 19:20:21.100000+00:00,24.908,94.624,33.0,4.94,mw,,,,,us,usp0000tva,2026-01-07T19:26:56.587Z,"63 km ENE of Yairipok, India",earthquake,,,,,reviewed,us,us,1978-03-31,26678,India,2
1978-04-07 23:32:33.800000+00:00,22.664,92.425,40.0,4.94,mw,,,,,us,usp0000tz5,2014-11-06T23:21:48.381Z,"41 km SW of Lunglei, India",earthquake,,,,,reviewed,us,us,1978-04-07,26709,India,2
1978-04-11 07:55:39.400000+00:00,32.633,78.618,33.0,4.85,mw,,,,,us,usp0000u0y,2014-11-06T23:21:48.439Z,"141 km ENE of Man?li, India",earthquake,,,,,reviewed,us,us,1978-04-11,26758,India,3
1978-04-13 07:51:57.900000+00:00,11.984,93.055,33.0,5.2,mw,,,,,us,usp0000u2q,2014-11-06T23:21:48.494Z,"48 km NE of Bamboo Flat, India",earthquake,,,,,reviewed,us,us,1978-04-13,26656,India,1
1978-04-19 17:01:45.500000+00:00,27.66,92.681,51.0,5.2,mw,,,,,us,usp0000u69,2026-01-07T19:20:16.687Z,"50 km NNE of Bomdila, India",earthquake,,,,,reviewed,us,us,1978-04-19,26659,India,2
1978-05-20 00:41:11.300000+00:00,10.964,94.548,33.0,5.2,mw,,,,,us,usp0000umm,2014-11-06T23:21:49.216Z,"211 km ESE of Port Blair, India",earthquake,,,,,reviewed,us,us,1978-05-20,26656,India,1
1978-06-01 06:23:41.700000+00:00,34.474,80.477,57.0,4.94,mw,,,,,us,usp0000uvb,2014-11-06T23:21:49.475Z,"268 km E of Leh, India",earthquake,,,,,reviewed,us,us,1978-06-01,26729,India,-1
1978-06-09 06:11:55.700000+00:00,25.967,96.513,107.0,4.94,mw,,,,,us,usp0000uyv,2014-11-06T23:21:49.591Z,"39 km SW of Sarupathar, India",earthquake,,,,,reviewed,us,us,1978-06-09,26734,India,2
1978-06-14 16:12:06.800000+00:00,32.31,76.522,18.0,5.28,mw,,,,,us,usp0000v1w,2025-12-19T20:00:39.653Z,"21 km ENE of Dharamsala, India",earthquake,,,,,reviewed,us,us,1978-06-14,26646,India,3
1978-07-08 21:28:28.700000+00:00,27.25,97.048,33.0,4.43,mw,,,,,us,usp0000vfv,2014-11-06T23:21:50.247Z,"103 km SSE of Hayuliang, India",earthquake,,,,,reviewed,us,us,1978-07-08,26812,India,2
1978-07-21 13:28:29.600000+00:00,28.927,95.082,33.0,4.85,mw,,,,,us,usp0000vp6,2014-11-06T23:21:50.455Z,"82 km ENE of Shi Yomi, India",earthquake,,,,,reviewed,us,us,1978-07-21,26771,India,-1
1978-08-10 14:52:51.800000+00:00,26.449,96.933,33.0,5.37,mw,,,,,us,usp0000w05,2022-04-27T15:29:13.142Z,"29 km NNE of Sarupathar, India",earthquake,,,,,reviewed,us,us,1978-08-10,26642,India,2
1978-08-31 08:40:22.200000+00:00,10.677,93.117,55.0,5.2,mw,,,,,us,usp0000w9v,2014-11-06T23:21:51.748Z,"116 km SSE of Port Blair, India",earthquake,,,,,reviewed,us,us,1978-08-31,26653,India,1
1978-09-28 05:32:16.300000+00:00,33.512,76.152,35.0,5.03,mw,,,,,us,usp0000ws2,2022-04-27T15:27:58.888Z,"42 km ENE of Kishtw?r, India",earthquake,,,,,reviewed,us,us,1978-09-28,26932,India,3
1978-10-10 02:42:58.600000+00:00,8.793,94.426,33.0,5.11,mw,,,,,us,usp0000wy3,2014-11-06T23:21:52.794Z,"Nicobar Islands, India region",earthquake,,,,,reviewed,us,us,1978-10-10,26840,India,1
1978-10-10 18:14:43.100000+00:00,24.312,93.668,33.0,5.03,mw,,,,,us,usp0000wye,2014-11-06T23:21:52.805Z,"2 km S of Chur?ch?ndpur, India",earthquake,,,,,reviewed,us,us,1978-10-10,26943,India,2
1978-11-18 13:24:34+00:00,26.24,92.097,55.0,4.77,mw,,,,,us,usp0000xgr,2014-11-06T23:21:53.861Z,"23 km SSE of Mangaldai, India",earthquake,,,,,reviewed,us,us,1978-11-18,26996,India,2
1978-12-29 08:53:21.700000+00:00,23.559,92.97,33.0,5.11,mw,,,,,us,usp0000y62,2014-11-06T23:21:55.516Z,"25 km NW of Khawhai, India",earthquake,,,,,reviewed,us,us,1978-12-29,26852,India,2
1979-01-09 02:39:50+00:00,25.412,92.866,18.0,4.77,mw,,,,,us,usp0000ybt,2014-11-06T23:21:55.721Z,"30 km WNW of Maibong, India",earthquake,,,,,reviewed,us,us,1979-01-09,26997,India,-1
1979-01-29 00:29:35.500000+00:00,12.707,93.367,33.0,5.11,mw,,,,,us,usp0000ymv,2026-01-07T19:26:11.704Z,"131 km NNE of Bamboo Flat, India",earthquake,,,,,reviewed,us,us,1979-01-29,26852,India,1
1979-02-06 17:41:31.500000+00:00,10.472,92.355,33.0,5.11,mw,,,,,us,usp0000yqu,2014-11-06T23:21:56.712Z,"138 km SSW of Port Blair, India",earthquake,,,,,reviewed,us,us,1979-02-06,26891,India,1
1979-02-26 06:54:54.400000+00:00,26.272,91.203,33.0,4.6,mw,,,,,us,usp0000z0k,2014-11-06T23:21:57.381Z,"20 km ESE of Barpeta, India",earthquake,,,,,reviewed,us,us,1979-02-26,26998,India,2
1979-03-03 12:25:41.900000+00:00,24.568,94.547,65.0,5.03,mw,,,,,us,usp0000z4p,2025-12-19T22:07:29.593Z,"48 km E of W?ngjing, India",earthquake,,,,,reviewed,us,us,1979-03-03,26963,India,2
1979-03-04 17:40:11.400000+00:00,24.649,93.398,33.0,4.94,mw,,,,,us,usp0000z5a,2014-11-06T23:21:57.903Z,"41 km WNW of Moir?ng, India",earthquake,,,,,reviewed,us,us,1979-03-04,26971,India,2
1979-03-04 18:53:00.100000+00:00,35.98,77.361,33.0,4.94,mw,,,,,us,usp0000z5c,2014-11-06T23:21:57.906Z,"127 km NNE of Thang, India",earthquake,,,,,reviewed,us,us,1979-03-04,26991,India,-1
1979-03-05 23:54:52.500000+00:00,30.476,79.727,33.0,4.68,mw,,,,,us,usp0000z5y,2014-11-06T23:21:57.926Z,"17 km ESE of Josh?math, India",earthquake,,,,,reviewed,us,us,1979-03-05,26997,India,3
1979-03-29 00:56:48.300000+00:00,12.723,95.369,33.0,4.85,mw,,,,,us,usp0000zqu,2026-01-07T19:25:49.117Z,"Andaman Islands, India region",earthquake,,,,,reviewed,us,us,1979-03-29,27128,India,1
1979-04-18 08:04:24+00:00,24.127,94.045,85.0,4.68,mw,,,,,us,usp0001042,2014-11-06T23:22:00.274Z,"41 km S of Kakching, India",earthquake,,,,,reviewed,us,us,1979-04-18,27161,India,2
1979-04-25 02:21:52.900000+00:00,27.442,96.756,52.0,5.2,mw,,,,,us,usp0001094,2026-01-07T19:25:35.162Z,"73 km SSE of Hayuliang, India",earthquake,,,,,reviewed,us,us,1979-04-25,27049,India,2
1979-05-11 21:56:38.600000+00:00,32.087,78.809,33.0,4.77,mw,,,,,us,usp00010k1,2014-11-06T23:22:01.111Z,"115 km ENE of Sar?han, India",earthquake,,,,,reviewed,us,us,1979-05-11,27147,India,3
1979-05-12 06:10:09.200000+00:00,23.966,92.451,33.0,5.03,mw,,,,,us,usp00010ka,2026-01-07T19:25:13.993Z,"5 km NW of Mamit, India",earthquake,,,,,reviewed,us,us,1979-05-12,27083,India,-1
1979-05-27 06:11:25.600000+00:00,33.548,76.373,20.0,5.11,mw,,,,,us,usp00010xk,2026-01-07T19:25:18.301Z,"48 km W of Padam, India",earthquake,,,,,reviewed,us,us,1979-05-27,27081,India,3
1979-05-29 00:39:52.100000+00:00,24.497,94.724,83.0,5.54,mw,,,,,us,usp00010z7,2025-12-19T22:06:30.395Z,"67 km E of W?ngjing, India",earthquake,,,,,reviewed,us,us,1979-05-29,27022,India,2
1979-06-11 23:25:35.300000+00:00,33.108,76.23,46.0,4.94,mw,,,,,us,usp000117j,2014-11-06T23:22:02.568Z,"48 km ESE of Kishtw?r, India",earthquake,,,,,reviewed,us,us,1979-06-11,27117,India,3
1979-06-26 06:11:42.600000+00:00,30.278,94.108,33.0,4.94,mw,,,,,us,usp00011j6,2014-11-06T23:22:03.258Z,"195 km N of Shi Yomi, India",earthquake,,,,,reviewed,us,us,1979-06-26,27096,India,-1
1979-07-02 16:27:06.400000+00:00,34.797,74.959,90.0,4.77,mw,,,,,us,usp00011p6,2014-11-06T23:22:03.581Z,"51 km NE of Bandipura, India",earthquake,,,,,reviewed,us,us,1979-07-02,27153,India,-1
1979-07-02 16:30:48.900000+00:00,34.436,74.301,106.0,4.85,mw,,,,,us,usp00011p7,2020-08-26T20:30:14.323Z,"22 km NW of Sopur, India",earthquake,,,,,reviewed,us,us,1979-07-02,27120,India,3
1979-07-05 15:39:41.700000+00:00,11.989,92.859,35.0,5.37,mw,,,,,us,usp00011qu,2014-11-06T23:22:03.654Z,"35 km NNE of Bamboo Flat, India",earthquake,,,,,reviewed,us,us,1979-07-05,27042,India,1
1979-07-13 23:20:08.800000+00:00,24.898,95.257,97.0,5.11,mw,,,,,us,usp00011us,2025-12-19T22:04:48.590Z,"114 km SE of Phek, India",earthquake,,,,,reviewed,us,us,1979-07-13,27065,India,2
1979-08-01 08:58:29.400000+00:00,25.73,95.115,155.0,4.94,mw,,,,,us,usp000126c,2014-11-06T23:22:04.390Z,"62 km E of Phek, India",earthquake,,,,,reviewed,us,us,1979-08-01,27117,India,2
1979-08-07 20:46:44.700000+00:00,30.405,94.917,25.0,5.11,mw,,,,,us,usp0001299,2014-11-06T23:22:04.594Z,"214 km NNE of Shi Yomi, India",earthquake,,,,,reviewed,us,us,1979-08-07,27066,India,-1
1979-08-15 07:50:57.100000+00:00,11.109,92.626,33.0,4.94,mw,,,,,us,usp00012ed,2014-11-06T23:22:04.790Z,"63 km SSW of Port Blair, India",earthquake,,,,,reviewed,us,us,1979-08-15,27111,India,1
1979-09-23 15:39:41.700000+00:00,11.553,92.798,33.0,4.77,mw,,,,,us,usp000132z,2014-11-06T23:22:05.733Z,"13 km SSE of Port Blair, India",earthquake,,,,,reviewed,us,us,1979-09-23,27351,India,1
1979-09-29 11:32:44.100000+00:00,29.004,95.791,33.0,5.37,mw,,,,,us,usp0001362,2026-01-07T19:24:32.802Z,"113 km NNE of P?sigh?t, India",earthquake,,,,,reviewed,us,us,1979-09-29,27289,India,-1
1979-10-10 20:43:59.400000+00:00,13.109,93.38,33.0,4.6,mw,,,,,us,usp00013bq,2014-11-06T23:22:06.087Z,"171 km NNE of Bamboo Flat, India",earthquake,,,,,reviewed,us,us,1979-10-10,27355,India,1
1979-10-12 02:57:01+00:00,8.343,93.754,33.0,4.94,mw,,,,,us,usp00013cb,2014-11-06T23:22:06.112Z,"Nicobar Islands, India region",earthquake,,,,,reviewed,us,us,1979-10-12,27343,India,1
1979-10-16 22:51:23+00:00,6.393,91.204,34.0,5.45,mw,,,,,us,usp00013gv,2025-12-19T21:44:16.478Z,"Nicobar Islands, India region",earthquake,,,,,reviewed,us,us,1979-10-16,27219,India,-1
1979-11-16 19:17:27.700000+00:00,27.243,88.159,33.0,4.94,mw,,,,,us,usp000141u,2014-11-06T23:22:07.409Z,"11 km WSW of Gyalshing, India",earthquake,,,,,reviewed,us,us,1979-11-16,27326,India,-1
1979-12-06 09:48:57+00:00,29.979,95.429,33.0,5.45,mw,,,,,us,usp00014bx,2025-12-19T22:01:27.549Z,"190 km NNE of Shi Yomi, India",earthquake,,,,,reviewed,us,us,1979-12-06,27223,India,-1
1979-12-21 06:31:51.900000+00:00,27.089,97.036,33.0,5.71,mw,,,,,us,usp00014mj,2025-12-19T22:01:40.180Z,"100 km NNE of Sarupathar, India",earthquake,,,,,reviewed,us,us,1979-12-21,27217,India,2
1979-12-22 22:28:47.300000+00:00,33.151,75.836,33.0,5.11,mw,,,,,us,usp00014nh,2022-04-27T14:46:04.969Z,"19 km SSE of Kishtw?r, India",earthquake,,,,,reviewed,us,us,1979-12-22,27296,India,3
1979-12-28 01:59:18.800000+00:00,30.628,78.445,33.0,5.28,mw,,,,,us,usp00014ra,2022-04-27T14:46:35.983Z,"11 km S of Uttark?shi, India",earthquake,,,,,reviewed,us,us,1979-12-28,27290,India,3
1980-01-01 01:24:37.200000+00:00,12.353,95.192,20.0,5.37,mw,,,,,us,usp00014td,2026-01-07T19:23:29.090Z,"276 km ENE of Port Blair, India",earthquake,,,,,reviewed,us,us,1980-01-01,27274,India,1
1980-01-13 03:59:20.600000+00:00,29.336,98.05,33.0,5.38,mw,,,,,us,usp00014zj,2026-01-07T19:23:39.553Z,"203 km NE of Hayuliang, India",earthquake,,,,,reviewed,us,us,1980-01-13,27254,India,-1
1980-01-27 03:25:46.800000+00:00,24.726,95.218,159.0,4.77,mw,,,,,us,usp0001574,2014-11-06T23:24:17.178Z,"117 km E of W?ngjing, India",earthquake,,,,,reviewed,us,us,1980-01-27,27349,India,2
1980-02-13 22:09:29.600000+00:00,36.517,76.892,63.0,6.49,mw,,,,,us,usp00015e9,2022-04-28T01:44:14.566Z,"176 km N of Thang, India",earthquake,,,,,reviewed,us,us,1980-02-13,27200,India,-1
1980-02-19 17:27:36.500000+00:00,6.703,92.61,33.0,6.38,mw,,,,,us,usp00015j7,2025-12-19T22:00:31.598Z,"Nicobar Islands, India region",earthquake,,,,,reviewed,us,us,1980-02-19,27206,India,1
1980-02-21 16:05:48.700000+00:00,10.478,93.038,70.0,5.03,mw,,,,,us,usp00015kj,2014-11-06T23:24:18.087Z,"135 km SSE of Port Blair, India",earthquake,,,,,reviewed,us,us,1980-02-21,27300,India,1
1980-02-25 06:44:10.900000+00:00,10.722,93.962,33.0,4.94,mw,,,,,us,usp00015pf,2014-11-06T23:24:18.273Z,"168 km SE of Port Blair, India",earthquake,,,,,reviewed,us,us,1980-02-25,27312,India,1
1980-03-01 17:28:51.700000+00:00,28.634,96.312,33.0,4.94,mw,,,,,us,usp00015st,2014-11-06T23:24:18.616Z,"66 km NNW of Hayuliang, India",earthquake,,,,,reviewed,us,us,1980-03-01,27523,India,-1
1980-03-17 08:20:44.500000+00:00,8.91,94.115,29.0,4.94,mw,,,,,us,usp000162c,2014-11-06T23:24:19.259Z,"Nicobar Islands, India region",earthquake,,,,,reviewed,us,us,1980-03-17,27519,India,1
1980-03-26 22:24:38.300000+00:00,28.625,94.341,33.0,5.03,mw,,,,,us,usp000168g,2026-01-07T19:22:46.825Z,"10 km NNW of Shi Yomi, India",earthquake,,,,,reviewed,us,us,1980-03-26,27513,India,-1
1980-03-30 13:31:53+00:00,17.164,81.967,33.0,4.85,mw,,,,,us,usp00016bv,2020-08-26T20:56:37.442Z,"16 km SE of Gokavaram, India",earthquake,,,,,reviewed,us,us,1980-03-30,27532,India,-1
1980-04-06 20:29:10.600000+00:00,13.131,93.727,119.0,4.85,mw,,,,,us,usp00016fw,2014-11-06T23:24:20.183Z,"192 km NE of Bamboo Flat, India",earthquake,,,,,reviewed,us,us,1980-04-06,27524,India,1
1980-04-27 17:00:33.300000+00:00,28.607,77.644,33.0,5.03,mw,,,,,us,usp00016x5,2022-04-28T01:40:55.627Z,"10 km NE of D?dri, India",earthquake,,,,,reviewed,us,us,1980-04-27,27462,India,-1
1980-05-29 22:40:52+00:00,31.562,76.57,33.0,4.6,mw,,,,,us,usp00017th,2014-11-06T23:24:22.701Z,"14 km SSE of Ham?rpur, India",earthquake,,,,,reviewed,us,us,1980-05-29,27535,India,3
1980-06-01 23:11:24+00:00,10.659,93.825,161.0,5.37,mw,,,,,us,usp00017ws,2025-12-19T21:57:56.846Z,"162 km SE of Port Blair, India",earthquake,,,,,reviewed,us,us,1980-06-01,27385,India,1
1980-06-11 05:25:11.200000+00:00,25.759,90.213,33.0,5.11,mw,,,,,us,usp000184g,2026-01-07T19:21:43.116Z,"27 km N of Tura, India",earthquake,,,,,reviewed,us,us,1980-06-11,27452,India,2
1980-08-01 04:20:33.700000+00:00,11.926,93.782,154.0,5.2,mw,,,,,us,usp000196w,2014-11-06T23:24:24.977Z,"116 km ENE of Port Blair, India",earthquake,,,,,reviewed,us,us,1980-08-01,27417,India,1
1980-08-07 20:45:45.600000+00:00,30.277,94.821,33.0,5.2,mw,,,,,us,usp00019a8,2025-12-19T21:56:23.252Z,"198 km NNE of Shi Yomi, India",earthquake,,,,,reviewed,us,us,1980-08-07,27449,India,-1
1980-08-11 07:33:20.900000+00:00,35.676,77.578,77.0,5.28,mw,,,,,us,usp00019bn,2026-01-07T19:21:06.087Z,"109 km NE of Thang, India",earthquake,,,,,reviewed,us,us,1980-08-11,27396,India,-1
1980-08-12 16:44:01.500000+00:00,24.784,94.587,50.0,5.37,mw,,,,,us,usp00019ca,2014-11-06T23:24:25.177Z,"55 km ENE of Yairipok, India",earthquake,,,,,reviewed,us,us,1980-08-12,27376,India,2
1980-08-20 06:21:48.200000+00:00,10.743,92.806,33.0,5.28,mw,,,,,us,usp00019fc,2014-11-06T23:24:25.344Z,"102 km S of Port Blair, India",earthquake,,,,,reviewed,us,us,1980-08-20,27389,India,1
1980-08-23 21:50:03+00:00,32.834,75.629,33.0,5.45,mw,,,,,us,usp00019h9,2025-12-19T21:56:40.510Z,"18 km SSW of Bhadarw?h, India",earthquake,,,,,reviewed,us,us,1980-08-23,27360,India,3
1980-09-02 16:39:14+00:00,17.179,73.707,33.0,6.38,mw,,,,,us,usp00019np,2025-12-19T21:55:53.030Z,"Maharashtra, India",earthquake,,,,,reviewed,us,us,1980-09-02,27551,India,-1
1980-09-08 07:42:07.300000+00:00,29.999,80.434,33.0,4.85,mw,,,,,us,usp00019qy,2014-11-06T23:24:25.889Z,"18 km NNW of Dh?rchula, India",earthquake,,,,,reviewed,us,us,1980-09-08,27697,India,3
1980-09-19 11:02:49+00:00,30.298,94.892,36.0,5.2,mw,,,,,us,usp00019vk,2022-04-28T01:27:23.298Z,"202 km NNE of Shi Yomi, India",earthquake,,,,,reviewed,us,us,1980-09-19,27602,India,-1
1980-09-22 20:37:55+00:00,32.458,78.519,65.0,5.03,mw,,,,,us,usp00019xk,2026-01-07T19:19:47.042Z,"125 km NNE of Sar?han, India",earthquake,,,,,reviewed,us,us,1980-09-22,27620,India,3
1980-09-29 00:18:30.500000+00:00,13.01,93.168,33.0,4.85,mw,,,,,us,usp0001a11,2014-11-06T23:24:26.222Z,"153 km NNE of Bamboo Flat, India",earthquake,,,,,reviewed,us,us,1980-09-29,27691,India,1
1980-10-05 10:47:18.400000+00:00,34.65,74.335,33.0,4.6,mw,,,,,us,usp0001a39,2014-11-06T23:24:26.296Z,"38 km NW of Bandipura, India",earthquake,,,,,reviewed,us,us,1980-10-05,27703,India,3
1980-10-08 06:57:02.300000+00:00,35.131,77.105,33.0,5.37,mw,,,,,us,usp0001a4j,2026-01-07T19:20:40.999Z,"36 km NE of Thang, India",earthquake,,,,,reviewed,us,us,1980-10-08,27565,India,-1
1980-10-10 02:35:34+00:00,27.189,97.023,33.0,5.2,mw,,,,,us,usp0001a5n,2026-01-07T19:20:42.108Z,"108 km SSE of Hayuliang, India",earthquake,,,,,reviewed,us,us,1980-10-10,27578,India,2
1980-10-29 18:45:13.600000+00:00,8.398,93.35,33.0,6.22,mw,,,,,us,usp0001ajv,2026-01-07T19:20:49.841Z,"Nicobar Islands, India region",earthquake,,,,,reviewed,us,us,1980-10-29,27562,India,1
1980-10-30 05:29:39.700000+00:00,23.934,91.292,33.0,5.28,mw,,,,,us,usp0001ak6,2026-01-07T19:20:51.103Z,"10 km N of Agartala, India",earthquake,,,,,reviewed,us,us,1980-10-30,27572,India,2
1980-11-16 07:37:37.900000+00:00,12.397,92.897,33.0,5.2,mw,,,,,us,usp0001auj,2014-11-06T23:24:27.296Z,"79 km NNE of Bamboo Flat, India",earthquake,,,,,reviewed,us,us,1980-11-16,27581,India,1
1980-11-19 19:00:46.900000+00:00,27.394,88.752,17.0,6.79,mw,,,,,us,usp0001aw2,2025-12-19T21:54:51.815Z,"15 km ENE of Gangtok, India",earthquake,,,,,reviewed,us,us,1980-11-19,27545,India,-1
1980-12-22 04:36:09+00:00,26.335,89.312,33.0,4.85,mw,,,,,us,usp0001bd8,2014-11-06T23:24:28.229Z,"9 km E of M?t?bh?nga, India",earthquake,,,,,reviewed,us,us,1980-12-22,27656,India,-1
1981-01-18 17:25:50.100000+00:00,11.967,93.05,33.0,5.2,mw,,,,,us,usp0001bsq,2014-11-06T23:24:28.724Z,"46 km NE of Bamboo Flat, India",earthquake,,,,,reviewed,us,us,1981-01-18,27583,India,1
1981-01-26 10:11:53.300000+00:00,35.163,77.981,33.0,4.85,mw,,,,,us,usp0001bwk,2014-11-06T23:24:28.842Z,"111 km ENE of Thang, India",earthquake,,,,,reviewed,us,us,1981-01-26,27683,India,-1
1981-02-01 22:17:30.870000+00:00,10.956,92.358,33.0,4.94,mw,,,,1.1,us,usp0001c0r,2014-11-07T00:28:51.309Z,"89 km SSW of Port Blair, India",earthquake,,,,4.0,reviewed,us,us,1981-02-01,27623,India,1
1981-02-07 21:37:17.940000+00:00,26.38,97.082,33.0,5.2,mw,,,,0.9,us,usp0001c2h,2022-04-28T01:11:03.672Z,"33 km NE of Sarupathar, India",earthquake,,,,6.0,reviewed,us,us,1981-02-07,27603,India,2
1981-02-28 01:58:20.610000+00:00,26.038,93.635,33.0,5.03,mw,,,,1.1,us,usp0001cf3,2022-04-28T01:13:03.267Z,"14 km W of Bokaj?n, India",earthquake,,,,8.0,reviewed,us,us,1981-02-28,27858,India,2
1981-03-31 22:41:24.320000+00:00,26.529,96.92,33.0,5.03,mw,,,,1.0,us,usp0001cz1,2026-01-07T19:19:18.200Z,"37 km NNE of Sarupathar, India",earthquake,,,,13.0,reviewed,us,us,1981-03-31,27864,India,2
1981-04-25 11:32:23.140000+00:00,24.941,95.384,147.6,5.9,mw,,,,0.8,us,usp0001dbp,2022-04-28T01:07:21.972Z,"119 km SE of Phek, India",earthquake,,3.6,,60.0,reviewed,us,us,1981-04-25,27724,India,2
1981-04-26 08:22:32.430000+00:00,11.926,92.824,33.0,5.11,mw,,,,1.3,us,usp0001dcd,2014-11-07T00:29:20.850Z,"27 km NNE of Bamboo Flat, India",earthquake,,,,10.0,reviewed,us,us,1981-04-26,27835,India,1
1981-06-13 00:56:56.330000+00:00,31.704,78.335,33.0,5.28,mw,,,,0.9,us,usp0001e4b,2026-01-07T19:16:18.207Z,"55 km ENE of Sar?han, India",earthquake,,,,39.0,reviewed,us,us,1981-06-13,27780,India,3
1981-06-17 11:12:55.330000+00:00,23.776,93.8,58.7,5.03,mw,,,,0.8,us,usp0001e74,2014-11-07T00:29:38.231Z,"63 km SSE of Chur?ch?ndpur, India",earthquake,,5.5,,2.0,reviewed,us,us,1981-06-17,27878,India,2
1981-06-19 10:41:44.460000+00:00,30.541,79.217,63.6,4.77,mw,,,,0.8,us,usp0001e81,2014-11-07T00:29:38.361Z,"24 km WNW of P?palkoti, India",earthquake,,19.9,,8.0,reviewed,us,us,1981-06-19,27895,India,3
1981-06-23 19:54:02.120000+00:00,34.1,74.669,33.0,5.2,mw,,,,0.8,us,usp0001eae,2014-11-07T00:29:39.499Z,"4 km NW of Soy?bug, India",earthquake,,,,2.0,reviewed,us,us,1981-06-23,27781,India,3
1981-07-12 08:45:41.150000+00:00,32.735,76.001,49.8,4.85,mw,,,,0.7,us,usp0001en8,2014-11-07T00:29:46.557Z,"20 km NNE of Dalhousie, India",earthquake,,7.4,,8.0,reviewed,us,us,1981-07-12,27894,India,3
1981-07-18 09:00:37.280000+00:00,24.753,94.62,71.5,5.11,mw,,,,0.7,us,usp0001esp,2014-11-07T00:29:47.820Z,"58 km E of Yairipok, India",earthquake,,4.3,,23.0,reviewed,us,us,1981-07-18,27839,India,2
1981-08-01 04:05:19.670000+00:00,11.143,95.277,33.0,5.37,mw,,,,1.1,us,usp0001f22,2026-01-07T19:16:39.515Z,"282 km ESE of Port Blair, India",earthquake,,,,10.0,reviewed,us,us,1981-08-01,27755,India,1
1981-08-10 10:58:24.690000+00:00,31.263,77.935,33.0,4.94,mw,,,,0.7,us,usp0001f70,2014-11-07T00:29:55.081Z,"18 km ENE of Rohru, India",earthquake,,,,6.0,reviewed,us,us,1981-08-10,27887,India,3
1981-08-17 09:11:21.510000+00:00,33.268,75.439,57.7,5.11,mw,,,,0.8,us,usp0001fba,2026-01-07T19:17:01.186Z,"16 km NW of Doda, India",earthquake,,4.1,,25.0,reviewed,us,us,1981-08-17,27833,India,3
1981-08-18 17:17:05.630000+00:00,25.455,96.176,33.0,5.11,mw,,,,0.4,us,usp0001fbw,2014-11-07T00:29:56.553Z,"105 km SW of Sarupathar, India",earthquake,,,,2.0,reviewed,us,us,1981-08-18,27829,India,2
1981-08-23 01:24:38.750000+00:00,24.692,94.903,90.0,5.03,mw,,,,1.3,us,usp0001fem,2014-11-07T00:29:57.327Z,"85 km E of W?ngjing, India",earthquake,,6.6,,4.0,reviewed,us,us,1981-08-23,27971,India,2
1981-08-23 15:56:13.880000+00:00,26.693,96.064,79.6,5.45,mw,,,,1.1,us,usp0001ff2,2014-11-07T00:29:57.547Z,"61 km SE of Khonsa, India",earthquake,,6.7,,3.0,reviewed,us,us,1981-08-23,27900,India,2
1981-08-31 12:31:44.180000+00:00,34.58,78.972,33.0,5.11,mw,,,,0.9,us,usp0001fkm,2026-01-07T19:17:10.015Z,"135 km ENE of Leh, India",earthquake,,,,10.0,reviewed,us,us,1981-08-31,27923,India,-1
1981-09-15 03:31:59.020000+00:00,34.826,77.379,48.7,4.85,mw,,,,1.0,us,usp0001fw4,2026-01-07T19:16:10.927Z,"54 km ESE of Thang, India",earthquake,,6.7,,6.0,reviewed,us,us,1981-09-15,28013,India,-1
1981-09-25 02:50:40.470000+00:00,30.701,74.398,51.7,4.94,mw,,,,1.2,us,usp0001g2y,2020-08-26T21:42:26.358Z,"1 km SW of Guru Har Sah?i, India",earthquake,,7.9,,6.0,reviewed,us,us,1981-09-25,28008,India,-1
1981-10-03 09:01:43.460000+00:00,30.359,94.878,33.0,4.85,mw,,,,1.2,us,usp0001g8y,2025-12-19T21:47:56.210Z,"208 km NNE of Shi Yomi, India",earthquake,,,,6.0,reviewed,us,us,1981-10-03,28027,India,-1
1981-10-23 23:44:48.850000+00:00,29.891,95.027,33.0,5.2,mw,,,,1.2,us,usp0001gn2,2025-12-19T21:48:14.023Z,"163 km NNE of Shi Yomi, India",earthquake,,,,27.0,reviewed,us,us,1981-10-23,27908,India,-1
1981-11-02 21:10:26.830000+00:00,12.198,92.855,33.0,5.9,mw,,,,1.0,us,usp0001gsh,2025-12-19T21:47:26.701Z,"57 km NNE of Bamboo Flat, India",earthquake,,,,61.0,reviewed,us,us,1981-11-02,27900,India,1
1981-11-09 19:31:02.050000+00:00,33.348,75.754,33.0,4.94,mw,,,,0.8,us,usp0001gw4,2014-11-07T00:30:22.792Z,"4 km NNW of Kishtw?r, India",earthquake,,,,2.0,reviewed,us,us,1981-11-09,27984,India,3
1981-11-15 23:45:54.730000+00:00,25.647,95.174,62.4,5.03,mw,,,,1.2,us,usp0001gzh,2014-11-07T00:30:23.659Z,"67 km E of Phek, India",earthquake,,6.4,,4.0,reviewed,us,us,1981-11-15,27961,India,2
1981-11-21 01:52:20.970000+00:00,22.693,93.233,48.5,5.03,mw,,,,0.9,us,usp0001h2g,2026-01-07T19:47:28.441Z,"34 km NE of Saiha, India",earthquake,,3.4,,25.0,reviewed,us,us,1981-11-21,27941,India,2
1981-11-29 15:33:39.120000+00:00,8.906,94.034,33.0,4.94,mw,,,,1.1,us,usp0001h6q,2014-11-07T00:30:25.751Z,"Nicobar Islands, India region",earthquake,,,,1.0,reviewed,us,us,1981-11-29,28010,India,1
1981-12-09 10:52:57.480000+00:00,27.467,92.457,33.0,4.85,mw,,,,0.3,us,usp0001hb9,2014-11-07T00:30:30.611Z,"22 km N of Bomdila, India",earthquake,,,,4.0,reviewed,us,us,1981-12-09,28033,India,2
1981-12-11 11:22:05.820000+00:00,25.107,95.218,105.0,4.94,mw,,,,0.9,us,usp0001hbz,2014-11-07T00:30:30.825Z,"95 km SE of Phek, India",earthquake,,5.1,,6.0,reviewed,us,us,1981-12-11,27998,India,2
1981-12-14 18:25:43.900000+00:00,33.028,75.463,64.8,4.85,mw,,,,0.8,us,usp0001he2,2014-11-07T00:30:31.710Z,"15 km SSW of Doda, India",earthquake,,8.7,,4.0,reviewed,us,us,1981-12-14,28049,India,3
1981-12-28 17:54:56.720000+00:00,8.632,93.179,50.7,4.85,mw,,,,1.4,us,usp0001hr4,2014-11-07T00:30:34.034Z,"Nicobar Islands, India region",earthquake,,9.2,,4.0,reviewed,us,us,1981-12-28,28050,India,1
1982-01-03 11:37:40.540000+00:00,24.724,94.492,66.6,5.11,mw,,,,0.8,us,usp0001hva,2014-11-07T00:30:37.183Z,"45 km E of Yairipok, India",earthquake,,6.3,,8.0,reviewed,us,us,1982-01-03,27933,India,2
1982-01-19 01:15:19.980000+00:00,8.607,93.743,33.0,4.94,mw,,,,1.1,us,usp0001j40,2014-11-07T00:30:41.376Z,"Nicobar Islands, India region",earthquake,,,,6.0,reviewed,us,us,1982-01-19,27990,India,1
1982-01-20 23:16:50.800000+00:00,7.061,94.095,33.0,5.03,mw,,,,1.3,us,usp0001j65,2014-11-07T00:30:41.918Z,"Nicobar Islands, India region",earthquake,,,,2.0,reviewed,us,us,1982-01-20,27978,India,-1
1982-02-26 00:05:47.590000+00:00,25.567,90.749,63.9,5.03,mw,,,,1.0,us,usp0001juv,2014-11-07T00:30:53.383Z,"52 km W of Nongstoin, India",earthquake,,6.5,,3.0,reviewed,us,us,1982-02-26,28182,India,2
1982-02-26 08:14:00.420000+00:00,26.199,92.174,33.0,4.94,mw,,,,1.0,us,usp0001jv1,2014-11-07T00:30:53.420Z,"18 km WSW of Morigaon, India",earthquake,,,,8.0,reviewed,us,us,1982-02-26,28206,India,2
1982-02-26 21:59:35.980000+00:00,11.653,92.857,33.0,4.51,mw,,,,1.3,us,usp0001jve,2014-11-07T00:30:53.487Z,"12 km E of Port Blair, India",earthquake,,,,1.0,reviewed,us,us,1982-02-26,28255,India,1
1982-03-07 00:31:28.440000+00:00,11.06,92.309,33.0,5.37,mw,,,,0.9,us,usp0001jzy,2026-01-07T19:46:02.535Z,"82 km SW of Port Blair, India",earthquake,,,,16.0,reviewed,us,us,1982-03-07,28087,India,1
1982-04-05 02:19:44.590000+00:00,27.419,88.864,33.0,5.37,mw,,,,0.9,us,usp0001khx,2026-01-07T19:45:45.786Z,"26 km ENE of Gangtok, India",earthquake,,,,38.0,reviewed,us,us,1982-04-05,28087,India,-1
1982-04-05 22:31:59.440000+00:00,7.044,94.165,33.0,5.03,mw,,,,1.5,us,usp0001kjk,2014-11-07T00:31:05.915Z,"Nicobar Islands, India region",earthquake,,,,1.0,reviewed,us,us,1982-04-05,28191,India,-1
1982-04-22 16:39:35.110000+00:00,29.889,94.901,33.0,5.37,mw,,,,1.1,us,usp0001kw5,2025-12-19T21:42:24.528Z,"159 km NNE of Shi Yomi, India",earthquake,,,,35.0,reviewed,us,us,1982-04-22,28125,India,-1
1982-04-24 02:04:41.680000+00:00,28.334,92.841,33.0,5.2,mw,,,,1.0,us,usp0001kwv,2025-12-19T21:42:26.082Z,"123 km NE of Tawang, India",earthquake,,,,30.0,reviewed,us,us,1982-04-24,28142,India,2
1982-05-07 07:44:15.350000+00:00,32.611,75.887,33.0,5.11,mw,,,,0.7,us,usp0001m54,2022-04-28T00:37:25.989Z,"8 km NW of Dalhousie, India",earthquake,,,,20.0,reviewed,us,us,1982-05-07,28179,India,3
1982-05-17 23:17:49.570000+00:00,25.456,95.045,65.0,4.94,mw,,,,1.1,us,usp0001md4,2014-11-07T00:31:19.087Z,"59 km ESE of Phek, India",earthquake,,7.8,,7.0,reviewed,us,us,1982-05-17,28213,India,2
1982-05-22 09:02:27.170000+00:00,24.096,94.082,77.0,4.94,mw,,,,1.0,us,usp0001mfa,2014-11-07T00:31:19.670Z,"45 km SSE of Kakching, India",earthquake,,,,6.0,reviewed,us,us,1982-05-22,28201,India,2
1982-05-29 11:27:22.820000+00:00,29.658,95.455,33.0,5.2,mw,,,,0.8,us,usp0001mjy,2026-01-07T19:45:42.144Z,"163 km NE of Shi Yomi, India",earthquake,,,,33.0,reviewed,us,us,1982-05-29,28125,India,-1
1982-06-01 02:49:10.460000+00:00,24.667,94.769,71.3,4.94,mw,,,,1.0,us,usp0001mmc,2014-11-07T00:31:22.458Z,"71 km E of W?ngjing, India",earthquake,,5.5,,4.0,reviewed,us,us,1982-06-01,28216,India,2
1982-06-10 05:29:31.850000+00:00,3.223,89.834,10.0,5.2,mw,,,,0.9,us,usp0001mtj,2014-11-07T00:31:26.626Z,North Indian Ocean,earthquake,,,,5.0,reviewed,us,us,1982-06-10,28144,North Indian Ocean,-1
1982-06-20 15:29:21.130000+00:00,26.497,90.206,33.0,4.85,mw,,,,1.1,us,usp0001n1g,2025-12-19T21:41:06.492Z,"12 km NNW of Kokrajhar, India",earthquake,,,,4.0,reviewed,us,us,1982-06-20,28217,India,2
1982-06-25 04:42:13.220000+00:00,22.656,93.599,33.0,4.68,mw,,,,1.6,us,usp0001n48,2014-11-07T00:31:29.633Z,Myanmar-India border region,earthquake,,,,2.0,reviewed,us,us,1982-06-25,28229,Myanmar-India border region,-1
1982-07-02 02:15:22.570000+00:00,28.539,96.549,33.0,4.94,mw,,,,0.9,us,usp0001n7r,2014-11-07T00:31:32.399Z,"51 km N of Hayuliang, India",earthquake,,,,3.0,reviewed,us,us,1982-07-02,28216,India,-1
1982-07-05 09:38:28.650000+00:00,9.847,93.83,143.0,4.85,mw,,,,1.1,us,usp0001n9k,2014-11-07T00:31:34.938Z,"233 km SSE of Port Blair, India",earthquake,,7.2,,5.0,reviewed,us,us,1982-07-05,28221,India,1
1982-07-05 22:17:09.350000+00:00,12.891,95.569,33.0,5.11,mw,,,,1.0,us,usp0001n9y,2026-01-07T19:44:33.761Z,"Andaman Islands, India region",earthquake,,,,23.0,reviewed,us,us,1982-07-05,28172,India,1
1982-07-06 06:13:35.550000+00:00,25.91,90.315,33.0,5.37,mw,,,,0.9,us,usp0001na3,2026-01-07T19:37:39.986Z,"13 km S of Lakhipur, India",earthquake,,,,49.0,reviewed,us,us,1982-07-06,28096,India,2
1982-07-10 19:22:15.120000+00:00,11.717,93.276,87.2,4.85,mw,,,,1.2,us,usp0001nbr,2014-11-07T00:31:36.569Z,"58 km E of Port Blair, India",earthquake,,7.6,,4.0,reviewed,us,us,1982-07-10,28227,India,1
1982-07-16 04:15:29.940000+00:00,30.715,77.031,103.3,4.6,mw,,,,1.3,us,usp0001nf6,2014-11-07T00:31:37.195Z,"14 km SE of Pinjaur, India",earthquake,,7.6,,3.0,reviewed,us,us,1982-07-16,28242,India,-1
1982-07-18 15:46:17.240000+00:00,23.339,70.611,33.0,5.11,mw,,,,1.1,us,usp0001ng5,2026-01-07T19:44:43.678Z,"26 km S of R?par, India",earthquake,,,,22.0,reviewed,us,us,1982-07-18,28167,India,-1
1982-07-31 21:52:06.230000+00:00,0.901,82.721,33.0,5.37,mw,,,,1.5,us,usp0001nse,2014-11-07T00:31:39.296Z,North Indian Ocean,earthquake,,,,3.0,reviewed,us,us,1982-07-31,28087,North Indian Ocean,-1
1982-08-03 21:15:13.710000+00:00,11.91,93.762,148.7,4.6,mw,,,,0.9,us,usp0001nu6,2014-11-07T00:31:42.395Z,"113 km ENE of Port Blair, India",earthquake,,4.8,,10.0,reviewed,us,us,1982-08-03,28245,India,1
1982-08-13 13:57:07.740000+00:00,10.519,93.707,120.4,5.11,mw,,,,1.1,us,usp0001p0x,2014-11-07T00:31:46.199Z,"164 km SE of Port Blair, India",earthquake,,7.0,,8.0,reviewed,us,us,1982-08-13,28157,India,1
1982-08-21 04:26:22.870000+00:00,25.054,92.337,33.0,5.03,mw,,,,1.1,us,usp0001p5v,2014-11-07T00:31:47.090Z,"20 km N of Kar?mganj, India",earthquake,,,,11.0,reviewed,us,us,1982-08-21,28398,India,2
1982-08-31 10:42:45.310000+00:00,25.381,91.472,33.0,5.28,mw,,,,1.1,us,usp0001pbn,2025-12-19T21:39:33.234Z,"24 km WNW of Cherrapunji, India",earthquake,,,,23.0,reviewed,us,us,1982-08-31,28335,India,2
1982-09-04 12:33:56.630000+00:00,33.012,76.107,33.0,4.68,mw,,,,1.0,us,usp0001pdc,2014-11-07T00:31:51.329Z,"36 km E of Bhadarw?h, India",earthquake,,,,4.0,reviewed,us,us,1982-09-04,28426,India,3
1982-09-09 12:05:30.960000+00:00,28.639,81.109,33.0,4.77,mw,,,,1.3,us,usp0001pg2,2026-01-07T19:43:54.927Z,Nepal-India border region,earthquake,,,,3.0,reviewed,us,us,1982-09-09,28419,Nepal-India border region,-1
1982-09-14 06:01:29.620000+00:00,25.918,95.327,99.0,5.11,mw,,,,0.9,us,usp0001pkq,2014-11-07T00:31:53.508Z,"63 km SE of Tuensang, India",earthquake,,6.6,,4.0,reviewed,us,us,1982-09-14,28378,India,2
1982-10-16 02:22:56.780000+00:00,30.326,79.129,71.2,4.85,mw,,,,1.4,us,usp0001q98,2014-11-07T00:32:02.233Z,"14 km ENE of Rudrapray?g, India",earthquake,,15.3,,6.0,reviewed,us,us,1982-10-16,28408,India,3
1982-10-26 05:35:49.910000+00:00,29.773,95.171,33.0,5.11,mw,,,,1.0,us,usp0001qhd,2026-01-07T19:43:47.725Z,"158 km NNE of Shi Yomi, India",earthquake,,,,7.0,reviewed,us,us,1982-10-26,28394,India,-1
1982-11-01 00:20:47.140000+00:00,12.43,95.205,33.0,4.68,mw,,,,1.2,us,usp0001qnb,2026-01-07T19:43:17.891Z,"280 km ENE of Port Blair, India",earthquake,,,,2.0,reviewed,us,us,1982-11-01,28420,India,1
1982-11-26 13:26:29.280000+00:00,27.761,94.919,33.0,5.37,mw,,,,0.9,us,usp0001r48,2026-01-07T19:43:29.437Z,"26 km NE of Silapathar, India",earthquake,,,,26.0,reviewed,us,us,1982-11-26,28282,India,-1
1982-12-14 23:57:32.750000+00:00,31.459,78.91,33.0,4.94,mw,,,,1.4,us,usp0001rfj,2014-11-07T00:32:20.812Z,"92 km NNE of Uttark?shi, India",earthquake,,,,6.0,reviewed,us,us,1982-12-14,28407,India,3
1982-12-16 08:56:35.590000+00:00,11.687,92.955,63.0,5.54,mw,,,,1.1,us,usp0001rga,2025-12-19T21:35:36.302Z,"22 km E of Port Blair, India",earthquake,,,,46.0,reviewed,us,us,1982-12-16,28273,India,1
1982-12-29 00:09:20.200000+00:00,30.273,79.809,33.0,5.11,mw,,,,1.1,us,usp0001ruq,2014-11-07T00:32:23.103Z,"39 km SE of Josh?math, India",earthquake,,,,13.0,reviewed,us,us,1982-12-29,28393,India,3
1982-12-30 08:37:14.390000+00:00,26.159,91.641,40.6,5.28,mw,,,,0.9,us,usp0001rvy,2026-01-07T19:43:13.375Z,"7 km E of Soalkuchi, India",earthquake,,3.9,,35.0,reviewed,us,us,1982-12-30,28329,India,2
1982-12-30 12:29:26.070000+00:00,26.321,92.05,33.0,4.94,mw,,,,1.4,us,usp0001rw4,2014-11-07T00:32:23.332Z,"13 km S of Mangaldai, India",earthquake,,,,4.0,reviewed,us,us,1982-12-30,28402,India,2
1983-01-03 11:28:14.060000+00:00,24.232,94.432,75.9,5.37,mw,,,,1.0,us,usp0001rz4,2014-11-07T00:32:26.457Z,"54 km SE of W?ngjing, India",earthquake,,3.8,,36.0,reviewed,us,us,1983-01-03,28287,India,2
1983-01-07 14:03:13.420000+00:00,10.403,93.815,33.0,4.6,mw,,,,1.0,us,usp0001s20,2014-11-07T00:32:27.511Z,"182 km SE of Port Blair, India",earthquake,,,,3.0,reviewed,us,us,1983-01-07,28428,India,1
1983-01-12 03:28:22.490000+00:00,26.898,97.014,24.5,5.28,mw,,,,1.1,us,usp0001s55,2026-01-07T19:42:38.671Z,"79 km NNE of Sarupathar, India",earthquake,,6.2,,29.0,reviewed,us,us,1983-01-12,28319,India,2
1983-01-13 23:00:11.690000+00:00,22.857,93.067,150.9,5.03,mw,,,,0.4,us,usp0001s6z,2014-11-07T00:32:29.230Z,"30 km S of North Vanlaiphai, India",earthquake,,3.6,,2.0,reviewed,us,us,1983-01-13,28394,India,2
1983-01-24 23:09:21.430000+00:00,12.942,93.582,78.0,6.8,mw,,,,1.3,us,usp0001sjv,2022-04-28T00:17:15.235Z,"166 km NE of Bamboo Flat, India",earthquake,,,,,reviewed,us,nc,1983-01-24,28263,India,1
1983-01-25 05:05:22.750000+00:00,26.368,96.381,105.3,5.11,mw,,,,0.8,us,usp0001sk3,2014-11-07T00:32:33.759Z,"46 km WNW of Sarupathar, India",earthquake,,5.9,,8.0,reviewed,us,us,1983-01-25,28360,India,2
1983-01-31 03:26:04.190000+00:00,24.567,94.889,74.0,5.11,mw,,,,1.3,us,usp0001srk,2014-11-07T00:32:34.522Z,Myanmar-India border region,earthquake,,6.6,,9.0,reviewed,us,us,1983-01-31,28380,Myanmar-India border region,2
1983-02-02 20:44:05.500000+00:00,26.894,92.893,33.0,5.45,mw,,,,0.9,us,usp0001stg,2026-01-07T19:42:03.616Z,"23 km ENE of Rang?p?ra, India",earthquake,,,,25.0,reviewed,us,us,1983-02-02,28277,India,2
1983-02-05 22:53:29.460000+00:00,17.443,73.57,33.0,4.6,mw,,,,0.2,us,usp0001sv5,2014-11-07T00:32:38.330Z,"11 km SSE of Chipl?n, India",earthquake,,,,4.0,reviewed,us,us,1983-02-05,28431,India,-1
1983-02-17 08:55:53.770000+00:00,12.906,93.483,98.6,5.28,mw,,,,1.2,us,usp0001t3z,2014-11-07T00:32:42.092Z,"157 km NNE of Bamboo Flat, India",earthquake,,11.8,,3.0,reviewed,us,us,1983-02-17,28451,India,1
1983-02-20 02:26:51.040000+00:00,12.917,92.961,33.0,5.45,mw,,,,0.9,us,usp0001t6b,2026-01-07T19:42:23.663Z,"137 km N of Bamboo Flat, India",earthquake,,,,46.0,reviewed,us,us,1983-02-20,28446,India,1
1983-02-25 08:37:08.860000+00:00,35.73,77.918,40.7,5.2,mw,,,,1.4,us,usp0001taj,2022-04-28T00:13:47.112Z,"135 km NE of Thang, India",earthquake,,8.5,,17.0,reviewed,us,us,1983-02-25,28466,India,-1
1983-02-27 20:33:06.500000+00:00,32.613,78.553,33.0,5.54,mw,,,,1.4,us,usp0001tc7,2025-12-19T21:33:40.080Z,"135 km ENE of Man?li, India",earthquake,,,,26.0,reviewed,us,us,1983-02-27,28443,India,3
1983-03-01 13:22:31.590000+00:00,28.646,96.004,33.0,5.28,mw,,,,0.9,us,usp0001tde,2026-01-07T19:37:15.734Z,"82 km N of Tezu, India",earthquake,,,,19.0,reviewed,us,us,1983-03-01,28453,India,-1
1983-03-12 21:05:16.170000+00:00,8.668,93.758,36.8,5.11,mw,,,,1.0,us,usp0001tku,2026-01-07T19:41:41.208Z,"Nicobar Islands, India region",earthquake,,5.6,,15.0,reviewed,us,us,1983-03-12,28515,India,1
1983-04-25 20:36:50.100000+00:00,9.42,93.623,128.5,4.94,mw,,,,1.1,us,usp0001use,2014-11-07T00:33:01.841Z,"266 km SSE of Port Blair, India",earthquake,,6.1,,12.0,reviewed,us,us,1983-04-25,28562,India,1
1983-04-30 17:28:48.370000+00:00,25.784,96.545,39.6,5.03,mw,,,,1.2,us,usp0001uvw,2026-01-07T19:41:34.361Z,"53 km SSW of Sarupathar, India",earthquake,,7.5,,7.0,reviewed,us,us,1983-04-30,28546,India,2
1983-05-14 08:05:11.800000+00:00,13.645,93.719,33.0,4.77,mw,,,,1.8,us,usp0001vb2,2014-11-07T00:33:10.365Z,"241 km NNE of Bamboo Flat, India",earthquake,,,,4.0,reviewed,us,us,1983-05-14,28585,India,1
1983-05-31 21:05:45.480000+00:00,34.534,79.734,46.8,5.28,mw,,,,1.0,us,usp0001vu5,2025-12-19T21:31:08.601Z,"201 km E of Leh, India",earthquake,,5.9,,32.0,reviewed,us,us,1983-05-31,28455,India,-1
1983-06-16 10:50:46.240000+00:00,26.02,95.737,113.1,5.11,mw,,,,1.2,us,usp0001w4y,2014-11-07T00:33:19.537Z,"95 km ESE of Tuensang, India",earthquake,,10.8,,3.0,reviewed,us,us,1983-06-16,28529,India,2
1983-06-21 02:00:39.480000+00:00,6.822,91.305,33.0,5.2,mw,,,,1.3,us,usp0001w7x,2014-11-07T00:33:19.996Z,"Nicobar Islands, India region",earthquake,,,,5.0,reviewed,us,us,1983-06-21,28510,India,1
1983-07-09 06:07:57.450000+00:00,12.234,93.401,101.7,4.85,mw,,,,1.1,us,usp0001wp0,2014-11-07T00:33:27.491Z,"95 km NE of Port Blair, India",earthquake,,6.0,,12.0,reviewed,us,us,1983-07-09,28567,India,1
1983-08-09 02:59:39.560000+00:00,34.888,74.858,126.7,4.68,mw,,,,1.3,us,usp0001xhm,2014-11-07T00:33:37.152Z,"55 km NNE of Bandipura, India",earthquake,,11.5,,5.0,reviewed,us,us,1983-08-09,28616,India,-1
1983-08-21 12:06:48.080000+00:00,3.229,87.474,10.0,5.45,mw,,,,1.0,us,usp0001xu9,2025-12-19T21:28:48.081Z,North Indian Ocean,earthquake,,,,49.0,reviewed,us,us,1983-08-21,28637,North Indian Ocean,-1
1983-08-23 12:12:17.010000+00:00,24.554,95.128,125.2,5.37,mw,,,,1.0,us,usp0001xw6,2025-12-19T20:58:57.175Z,"107 km E of W?ngjing, India",earthquake,,,,61.0,reviewed,us,us,1983-08-23,28655,India,2
1983-08-29 06:44:32.180000+00:00,27.441,96.858,43.0,4.6,mw,,,,1.5,us,usp0001y0v,2014-11-07T00:33:40.496Z,"76 km SSE of Hayuliang, India",earthquake,,10.3,,2.0,reviewed,us,us,1983-08-29,28778,India,2
1983-08-30 10:39:27.360000+00:00,25.092,94.711,62.8,5.76,mw,,,,1.0,us,usp0001y1y,2025-12-19T21:28:58.624Z,"67 km SSE of Phek, India",earthquake,,,,82.0,reviewed,us,us,1983-08-30,28628,India,2
1983-08-31 07:32:15.320000+00:00,12.94,93.332,33.0,4.51,mw,,,,0.4,us,usp0001y2h,2014-11-07T00:33:40.701Z,"152 km NNE of Bamboo Flat, India",earthquake,,,,3.0,reviewed,us,us,1983-08-31,28780,India,1
1983-09-14 21:53:41.470000+00:00,19.694,73.76,33.0,4.85,mw,,,,1.4,us,usp0001ych,2020-08-26T22:55:29.195Z,"14 km E of Ghoti Budrukh, India",earthquake,,,,4.0,reviewed,us,us,1983-09-14,28694,India,-1
1983-09-17 04:40:36.420000+00:00,7.906,93.157,53.5,5.54,mw,,,,0.9,us,usp0001ye9,2025-12-19T21:28:03.479Z,"Nicobar Islands, India region",earthquake,,,,30.0,reviewed,us,us,1983-09-17,28636,India,1
1983-09-23 20:18:01.810000+00:00,25.478,95.709,33.0,5.45,mw,,,,0.9,us,usp0001ym0,2014-11-07T00:33:50.520Z,"123 km E of Phek, India",earthquake,,,,4.0,reviewed,us,us,1983-09-23,28638,India,2
1983-09-25 18:55:28.830000+00:00,17.385,73.977,17.0,5.32,mw,,,,,iscgemsup,iscgemsup569042,2026-01-07T19:36:35.767Z,"8 km E of Pātan, India",earthquake,,8.3,0.2,,reviewed,iscgemsup,iscgemsup,1983-09-25,28661,India,-1
1983-09-30 04:28:10.180000+00:00,13.918,94.141,33.0,4.77,mw,,,,0.4,us,usp0001yr8,2014-11-07T00:33:51.922Z,"290 km NNE of Bamboo Flat, India",earthquake,,,,7.0,reviewed,us,us,1983-09-30,28746,India,1
1983-10-02 21:03:23.500000+00:00,28.122,92.532,33.0,5.2,mw,,,,0.8,us,usp0001yss,2026-01-07T19:36:04.064Z,"85 km NE of Tawang, India",earthquake,,,,20.0,reviewed,us,us,1983-10-02,28668,India,2
1983-10-12 02:44:41.290000+00:00,33.521,75.464,33.0,4.94,mw,,,,1.4,us,usp0001yxq,2020-08-26T22:58:59.395Z,"26 km ENE of Banih?l, India",earthquake,,,,2.0,reviewed,us,us,1983-10-12,28681,India,3
1983-10-13 00:38:45.670000+00:00,10.498,93.831,33.0,5.03,mw,,,,1.0,us,usp0001yyf,2014-11-07T00:33:58.818Z,"175 km SE of Port Blair, India",earthquake,,,,10.0,reviewed,us,us,1983-10-13,28680,India,1
1983-10-26 12:09:00.790000+00:00,13.426,93.798,69.9,5.11,mw,,,,1.2,us,usp0001z9y,2014-11-07T00:34:00.984Z,"224 km NNE of Bamboo Flat, India",earthquake,,,,22.0,reviewed,us,us,1983-10-26,28670,India,1
1983-11-16 00:54:11.790000+00:00,26.174,96.099,139.3,5.37,mw,,,,0.9,us,usp0001zva,2025-12-19T21:26:53.734Z,"71 km W of Sarupathar, India",earthquake,,,,36.0,reviewed,us,us,1983-11-16,28652,India,2
1983-12-17 02:58:44.490000+00:00,12.636,95.434,33.0,5.62,mw,,,,0.9,us,usp00020j5,2025-12-19T21:26:11.536Z,"Andaman Islands, India region",earthquake,,,,39.0,reviewed,us,us,1983-12-17,28630,India,1
1983-12-23 19:35:43.220000+00:00,25.382,87.626,33.0,4.68,mw,,,,0.6,us,usp00020rq,2014-11-07T00:34:17.104Z,"4 km N of Manih?ri, India",earthquake,,,,1.0,reviewed,us,us,1983-12-23,28752,India,-1
1984-01-08 01:53:13.190000+00:00,31.991,79.499,33.0,4.6,mw,,,,0.9,us,usp000213c,2014-11-07T00:34:21.960Z,"159 km N of Josh?math, India",earthquake,,,,3.0,reviewed,us,us,1984-01-08,28768,India,-1
1984-01-18 07:19:18.800000+00:00,28.725,95.06,10.0,4.85,mw,,,,1.0,us,usp00021bn,2014-11-07T00:34:23.452Z,"66 km NNE of Along, India",earthquake,,,,3.0,reviewed,us,us,1984-01-18,28715,India,-1
1984-01-20 14:53:57.890000+00:00,28.594,96.365,27.6,5.28,mw,,,,1.1,us,usp00021dv,2022-04-27T23:39:16.402Z,"60 km NNW of Hayuliang, India",earthquake,,,,24.0,reviewed,us,us,1984-01-20,28663,India,-1
1984-02-17 19:12:42.910000+00:00,8.252,93.015,102.8,4.68,mw,,,,1.2,us,usp000221z,2014-11-07T00:34:30.933Z,"Nicobar Islands, India region",earthquake,,16.3,,3.0,reviewed,us,us,1984-02-17,28950,India,1
1984-02-19 15:46:25.770000+00:00,29.867,80.546,21.4,5.28,mw,,,,1.0,us,usp000223q,2022-04-27T23:35:55.651Z,"3 km NE of Dh?rchula, India",earthquake,,2.4,,30.0,reviewed,us,us,1984-02-19,28864,India,3
1984-02-20 16:02:29.130000+00:00,28.942,95.752,33.0,4.85,mw,,,,1.4,us,usp000224k,2014-11-07T00:34:31.326Z,"105 km NNE of P?sigh?t, India",earthquake,,,,9.0,reviewed,us,us,1984-02-20,28919,India,-1
1984-03-05 21:26:42.520000+00:00,24.543,94.661,68.9,5.5,mw,,,,0.9,us,usp00022f8,2025-12-19T21:25:18.222Z,Myanmar-India border region,earthquake,,,,,reviewed,us,hrv,1984-03-05,28825,Myanmar-India border region,2
1984-03-14 15:32:34.010000+00:00,34.216,79.636,33.0,5.45,mw,,,,0.9,us,usp00022nj,2022-04-27T23:29:48.510Z,"189 km E of Leh, India",earthquake,,,,36.0,reviewed,us,us,1984-03-14,28841,India,-1
1984-03-21 23:06:25.330000+00:00,26.573,93.369,33.0,5.2,mw,,,,1.0,us,usp00022va,2022-04-27T23:31:00.920Z,"24 km WSW of Bok?kh?t, India",earthquake,,,,18.0,reviewed,us,us,1984-03-21,28880,India,2
1984-03-22 05:36:37.600000+00:00,12.909,93.588,102.4,5.45,mw,,,,1.2,us,usp00022vq,2014-11-07T00:34:39.075Z,"163 km NE of Bamboo Flat, India",earthquake,,5.2,,10.0,reviewed,us,us,1984-03-22,28834,India,1
1984-03-23 00:34:08.720000+00:00,29.99,78.871,33.0,5.37,mw,,,,0.5,us,usp00022wk,2014-11-07T00:34:39.193Z,"20 km SSE of Pauri, India",earthquake,,,,3.0,reviewed,us,us,1984-03-23,28842,India,-1
1984-04-08 21:52:44.530000+00:00,13.491,92.309,33.0,4.85,mw,,,,1.1,us,usp00023bu,2014-11-07T00:34:45.058Z,"203 km NNW of Bamboo Flat, India",earthquake,,,,6.0,reviewed,us,us,1984-04-08,28921,India,1
1984-04-11 08:15:29.940000+00:00,34.667,79.633,49.0,5.11,mw,,,,1.1,us,usp00023em,2014-11-07T00:34:45.495Z,"196 km ENE of Leh, India",earthquake,,5.6,,20.0,reviewed,us,us,1984-04-11,28887,India,-1
1984-04-13 06:21:52.300000+00:00,11.671,95.068,25.0,5.28,mw,,,,1.0,us,usp00023h6,2014-11-07T00:34:45.741Z,"253 km E of Port Blair, India",earthquake,,,,34.0,reviewed,us,us,1984-04-13,28859,India,1
1984-04-25 14:58:41.270000+00:00,26.068,95.683,107.5,5.2,mw,,,,1.2,us,usp00023wc,2014-11-07T00:34:47.967Z,"88 km ESE of Tuensang, India",earthquake,,,,35.0,reviewed,us,us,1984-04-25,28876,India,2
1984-04-29 12:03:46.330000+00:00,11.368,93.133,33.0,4.94,mw,,,,1.1,us,usp0002401,2014-11-07T00:34:48.400Z,"53 km SE of Port Blair, India",earthquake,,,,8.0,reviewed,us,us,1984-04-29,28904,India,1
1984-05-03 13:17:58.150000+00:00,30.5,78.404,33.0,4.85,mw,,,,1.0,us,usp000243m,2014-11-07T00:34:51.996Z,"14 km NNW of Tehri, India",earthquake,,,,3.0,reviewed,us,us,1984-05-03,28923,India,3
1984-05-06 15:19:11.420000+00:00,24.257,93.545,33.0,6.0,mw,,,,1.0,us,usp0002467,2022-04-27T23:22:44.892Z,"15 km SW of Chur?ch?ndpur, India",earthquake,,,,,reviewed,us,hrv,1984-05-06,28810,India,2
1984-05-21 09:59:07.700000+00:00,23.721,91.588,33.0,5.54,mw,,,,0.9,us,usp00024hk,2022-04-27T23:24:14.064Z,"22 km NNW of Amarpur, India",earthquake,,,,41.0,reviewed,us,us,1984-05-21,28811,India,2
1984-05-23 03:14:21.570000+00:00,32.949,75.919,57.6,5.11,mw,,,,1.3,us,usp00024jz,2020-08-26T23:27:00.271Z,"19 km E of Bhadarw?h, India",earthquake,,,,14.0,reviewed,us,us,1984-05-23,28884,India,3
1984-06-07 20:34:30.850000+00:00,12.169,95.233,33.0,4.68,mw,,,,0.6,us,usp00024wa,2014-11-07T00:35:00.620Z,"Andaman Islands, India region",earthquake,,,,3.0,reviewed,us,us,1984-06-07,28950,India,1
1984-06-09 23:07:46.050000+00:00,27.041,92.429,33.0,4.77,mw,,,,0.9,us,usp00024x9,2014-11-07T00:35:00.987Z,"24 km S of Bomdila, India",earthquake,,,,4.0,reviewed,us,us,1984-06-09,28947,India,2
1984-06-11 15:01:55.450000+00:00,13.586,93.169,33.0,4.85,mw,,,,1.4,us,usp00024y9,2014-11-07T00:35:01.364Z,"214 km NNE of Bamboo Flat, India",earthquake,,,,4.0,reviewed,us,us,1984-06-11,28941,India,1
1984-06-29 11:30:25.490000+00:00,11.208,95.153,33.0,4.6,mw,,,,1.3,us,usp00025cw,2014-11-07T00:35:05.637Z,"267 km E of Port Blair, India",earthquake,,,,3.0,reviewed,us,us,1984-06-29,28951,India,1
1984-07-05 20:48:07.480000+00:00,11.304,94.675,33.0,5.3,mw,,,,1.2,us,usp00025gv,2025-12-19T20:58:26.243Z,"214 km E of Port Blair, India",earthquake,,,,,reviewed,us,hrv,1984-07-05,28843,India,1
1984-07-08 04:20:46.640000+00:00,11.764,94.408,33.0,5.28,mw,,,,0.6,us,usp00025j5,2014-11-07T00:35:10.218Z,"181 km E of Port Blair, India",earthquake,,,,22.0,reviewed,us,us,1984-07-08,28862,India,1
1984-07-08 20:24:16.740000+00:00,12.39,94.647,33.0,5.03,mw,,,,0.7,us,usp00025km,2014-11-07T00:35:10.630Z,"221 km ENE of Port Blair, India",earthquake,,,,5.0,reviewed,us,us,1984-07-08,28902,India,1
1984-07-09 00:23:37.120000+00:00,10.798,94.774,33.0,6.25,mw,,,,1.0,us,usp00025kt,2014-11-07T00:35:10.663Z,"241 km ESE of Port Blair, India",earthquake,,,,1.0,reviewed,us,us,1984-07-09,28808,India,1
1984-08-13 19:23:03.340000+00:00,11.05,94.622,33.0,5.2,mw,,,,0.9,us,usp00026dp,2014-11-07T00:35:18.625Z,"215 km ESE of Port Blair, India",earthquake,,,,11.0,reviewed,us,us,1984-08-13,29079,India,1
1984-08-15 05:31:02.920000+00:00,34.871,74.199,33.0,4.85,mw,,,,0.9,us,usp00026eh,2014-11-07T00:35:18.813Z,"64 km NW of Bandipura, India",earthquake,,,,13.0,reviewed,us,us,1984-08-15,29125,India,3
1984-08-17 00:58:51.160000+00:00,10.79,93.095,33.0,5.28,mw,,,,1.2,us,usp00026fs,2014-11-07T00:35:18.963Z,"104 km SSE of Port Blair, India",earthquake,,,,24.0,reviewed,us,us,1984-08-17,29058,India,1
1984-09-16 01:26:01.190000+00:00,24.721,93.597,40.9,5.03,mw,,,,1.4,us,usp00027ea,2014-11-07T00:35:26.965Z,"Manipur, India region",earthquake,,7.2,,8.0,reviewed,us,us,1984-09-16,29093,India,2
1984-09-22 09:10:30.160000+00:00,26.524,92.188,33.0,5.45,mw,,,,1.0,us,usp00027kq,2022-04-27T23:13:24.000Z,"4 km E of Kh?rupatia, India",earthquake,,,,25.0,reviewed,us,us,1984-09-22,29026,India,2
1984-09-23 20:53:39.700000+00:00,12.367,95.22,33.0,5.2,mw,,,,0.6,us,usp00027n2,2014-11-07T00:35:28.658Z,"280 km ENE of Port Blair, India",earthquake,,,,1.0,reviewed,us,us,1984-09-23,29074,India,1
1984-09-30 21:35:23.760000+00:00,25.363,91.468,33.0,5.37,mw,,,,1.4,us,usp00027tv,2014-11-07T00:35:29.425Z,"23 km WNW of Cherrapunji, India",earthquake,,,,6.0,reviewed,us,us,1984-09-30,29034,India,2
1984-10-03 21:45:58.030000+00:00,25.382,93.445,33.0,5.03,mw,,,,1.2,us,usp00027wg,2014-11-07T00:35:32.451Z,"32 km ENE of Maibong, India",earthquake,,,,2.0,reviewed,us,us,1984-10-03,29100,India,2
1984-10-24 08:19:31.300000+00:00,29.704,80.053,56.3,4.6,mw,,,,1.4,us,usp00028f7,2014-11-07T00:35:36.270Z,"20 km NW of Pithor?garh, India",earthquake,,13.3,,5.0,reviewed,us,us,1984-10-24,29136,India,3
1984-11-09 18:38:45.550000+00:00,12.411,93.04,33.0,4.6,mw,,,,0.8,us,usp00028xq,2014-11-07T00:35:41.917Z,"86 km NNE of Bamboo Flat, India",earthquake,,,,5.0,reviewed,us,us,1984-11-09,29147,India,1
1984-11-14 11:58:18.300000+00:00,17.127,73.817,10.0,4.94,mw,,,,0.8,us,usp000291y,2020-08-26T23:48:00.254Z,"26 km NNW of Malk?pur, India",earthquake,,,,8.0,reviewed,us,us,1984-11-14,29110,India,-1
1984-11-15 21:09:03.050000+00:00,26.696,92.718,74.1,5.03,mw,,,,1.2,us,usp0002940,2014-11-07T00:35:42.937Z,"10 km NW of Tezpur, India",earthquake,,7.9,,13.0,reviewed,us,us,1984-11-15,29103,India,2
1984-11-26 03:35:37.730000+00:00,30.489,79.252,33.0,4.85,mw,,,,1.1,us,usp00029fv,2014-11-07T00:35:44.885Z,"18 km WNW of P?palkoti, India",earthquake,,,,10.0,reviewed,us,us,1984-11-26,29131,India,3
1984-11-28 10:29:21.810000+00:00,26.697,97.085,17.7,5.7,mw,,,,1.1,us,usp00029jb,2022-04-27T23:09:51.242Z,"60 km NNE of Sarupathar, India",earthquake,,,,,reviewed,us,hrv,1984-11-28,28990,India,2
1984-12-03 04:17:42.240000+00:00,27.409,96.807,33.0,5.54,mw,,,,1.1,us,usp00029r9,2022-04-27T22:58:43.301Z,"78 km SSE of Hayuliang, India",earthquake,,,,17.0,reviewed,us,us,1984-12-03,29020,India,2
1984-12-05 14:14:15.710000+00:00,27.202,81.728,33.0,5.03,mw,,,,1.1,us,usp00029tg,2020-08-26T23:50:57.272Z,"8 km NNE of Colonelganj, India",earthquake,,,,9.0,reviewed,us,us,1984-12-05,29091,India,-1
1984-12-08 23:47:01.460000+00:00,24.356,94.838,97.8,4.6,mw,,,,1.0,us,usp00029w8,2014-11-07T00:35:50.950Z,"82 km ESE of W?ngjing, India",earthquake,,15.3,,2.0,reviewed,us,us,1984-12-08,29141,India,2
1984-12-15 10:54:10.500000+00:00,31.284,77.805,33.0,5.03,mw,,,,1.1,us,usp0002a2a,2014-11-07T00:35:52.656Z,"10 km NNE of Rohru, India",earthquake,,,,5.0,reviewed,us,us,1984-12-15,29098,India,3
1984-12-20 17:54:30.330000+00:00,10.536,93.704,33.0,4.85,mw,,,,0.9,us,usp0002a93,2014-11-07T00:35:53.563Z,"163 km SE of Port Blair, India",earthquake,,,,9.0,reviewed,us,us,1984-12-20,29133,India,1
1984-12-30 23:33:37.720000+00:00,24.641,92.891,22.6,6.0,mw,,,,1.1,us,usp0002ajx,2022-04-27T23:05:07.662Z,"20 km SW of Lakhipur, India",earthquake,,3.8,,,reviewed,us,hrv,1984-12-30,28986,India,2
1985-01-05 22:52:07.370000+00:00,10.497,94.389,33.0,5.11,mw,,,,1.0,us,usp0002as3,2014-11-07T00:36:00.026Z,"221 km SE of Port Blair, India",earthquake,,,,5.0,reviewed,us,us,1985-01-05,29080,India,1
1985-01-07 16:13:05.190000+00:00,27.152,91.986,11.8,5.76,mw,,,,1.0,us,usp0002au5,2022-04-27T22:56:44.023Z,"45 km WSW of Bomdila, India",earthquake,,5.5,,63.0,reviewed,us,us,1985-01-07,28988,India,2
1985-01-10 00:58:41.620000+00:00,14.075,90.763,33.0,5.37,mw,,,,1.0,us,usp0002aww,2014-11-07T00:36:01.252Z,"Andaman Islands, India region",earthquake,,,,5.0,reviewed,us,us,1985-01-10,29027,India,-1
1985-01-15 21:09:21.930000+00:00,3.18,89.703,33.0,4.85,mw,,,,1.1,us,usp0002b2g,2014-11-07T00:36:02.164Z,North Indian Ocean,earthquake,,,,1.0,reviewed,us,us,1985-01-15,29115,North Indian Ocean,-1
1985-01-21 12:57:15.280000+00:00,24.765,94.454,72.6,5.28,mw,,,,0.9,us,usp0002b8e,2014-11-07T00:36:03.513Z,"42 km ENE of Yairipok, India",earthquake,,9.0,,4.0,reviewed,us,us,1985-01-21,29037,India,2
1985-02-03 02:40:12.820000+00:00,25.452,94.561,58.8,4.94,mw,,,,1.2,us,usp0002bk7,2014-11-07T00:36:08.082Z,"24 km SSE of Phek, India",earthquake,,9.8,,6.0,reviewed,us,us,1985-02-03,29284,India,2
1985-02-17 00:24:24.190000+00:00,25.544,95.25,91.3,5.11,mw,,,,0.9,us,usp0002bz0,2014-11-07T00:36:10.876Z,"76 km E of Phek, India",earthquake,,,,48.0,reviewed,us,us,1985-02-17,29220,India,2
1985-02-17 23:06:57.230000+00:00,24.617,85.558,33.0,5.11,mw,,,,1.4,us,usp0002bzu,2020-08-26T23:57:36.594Z,"16 km NNW of Kodarm?, India",earthquake,,,,8.0,reviewed,us,us,1985-02-17,29222,India,-1
1985-02-21 12:40:02.570000+00:00,28.323,96.036,33.0,5.62,mw,,,,0.7,us,usp0002c3a,2014-11-07T00:36:11.369Z,"46 km NNW of Tezu, India",earthquake,,,,2.0,reviewed,us,us,1985-02-21,29174,India,-1
1985-02-23 10:07:24.580000+00:00,29.059,94.677,33.0,4.51,mw,,,,1.2,us,usp0002c5v,2014-11-07T00:36:11.674Z,"65 km NNE of Shi Yomi, India",earthquake,,,,3.0,reviewed,us,us,1985-02-23,29339,India,-1
1985-02-25 18:56:06.520000+00:00,34.231,74.417,33.0,5.11,mw,,,,1.4,us,usp0002c7z,2014-11-07T00:36:11.978Z,"7 km ENE of B?ram?la, India",earthquake,,,,9.0,reviewed,us,us,1985-02-25,29240,India,3
1985-03-05 10:10:56.180000+00:00,27.895,94.027,33.0,4.6,mw,,,,0.6,us,usp0002cfk,2014-11-07T00:36:16.886Z,"38 km NNE of Ziro, India",earthquake,,,,2.0,reviewed,us,us,1985-03-05,29334,India,-1
1985-03-11 14:36:08.590000+00:00,31.252,77.045,33.0,5.11,mw,,,,1.5,us,usp0002cra,2014-11-07T00:36:18.439Z,"7 km W of Seoni, India",earthquake,,,,8.0,reviewed,us,us,1985-03-11,29223,India,3
1985-03-30 16:36:57.320000+00:00,8.083,91.011,33.0,5.03,mw,,,,0.7,us,usp0002dau,2014-11-07T00:36:21.022Z,"Nicobar Islands, India region",earthquake,,,,3.0,reviewed,us,us,1985-03-30,29268,India,-1
1985-04-02 19:48:01+00:00,24.44,94.753,83.7,4.77,mw,,,,0.9,us,usp0002ddc,2014-11-07T00:36:23.578Z,"71 km ESE of W?ngjing, India",earthquake,,15.1,,3.0,reviewed,us,us,1985-04-02,29294,India,2
1985-04-04 08:40:47.530000+00:00,11.465,95.038,33.0,5.3,mw,,,,1.0,us,usp0002dey,2025-12-19T21:21:29.423Z,"250 km E of Port Blair, India",earthquake,,,,,reviewed,us,hrv,1985-04-04,29182,India,1
1985-04-06 12:08:26.220000+00:00,28.335,91.802,33.0,4.77,mw,,,,0.9,us,usp0002dhp,2014-11-07T00:36:25.255Z,"85 km N of Tawang, India",earthquake,,,,4.0,reviewed,us,us,1985-04-06,29308,India,-1
1985-04-07 11:11:50.830000+00:00,10.509,92.315,33.0,5.2,mw,,,,1.0,us,usp0002djk,2014-11-07T00:36:25.602Z,"136 km SSW of Port Blair, India",earthquake,,,,17.0,reviewed,us,us,1985-04-07,29218,India,1
1985-04-24 06:47:42.820000+00:00,26.218,96.013,27.6,5.3,mw,,,,1.1,us,usp0002e3n,2022-04-27T22:50:26.062Z,"79 km W of Sarupathar, India",earthquake,,,,,reviewed,us,hrv,1985-04-24,29180,India,2
1985-04-25 15:27:25.680000+00:00,8.515,93.711,33.0,6.32,mw,,,,1.2,us,usp0002e5f,2022-04-27T22:50:42.765Z,"Nicobar Islands, India region",earthquake,,,,2.0,reviewed,us,us,1985-04-25,29160,India,1
1985-04-27 11:38:33.230000+00:00,9.589,92.75,33.0,4.94,mw,,,,0.8,us,usp0002e7f,2014-11-07T00:36:28.906Z,"229 km S of Port Blair, India",earthquake,,,,3.0,reviewed,us,us,1985-04-27,29291,India,1
1985-05-22 13:57:56.670000+00:00,30.886,73.394,33.0,5.28,mw,,,,0.9,us,usp0002f32,2022-04-27T22:48:01.618Z,India-Pakistan border region,earthquake,,,,34.0,reviewed,us,us,1985-05-22,29190,India-Pakistan border region,-1
1985-06-07 18:23:58.590000+00:00,26.931,96.195,33.0,5.2,mw,,,,1.3,us,usp0002fmt,2022-04-27T22:45:57.230Z,"63 km E of Khonsa, India",earthquake,,,,28.0,reviewed,us,us,1985-06-07,29215,India,2
1985-06-14 04:34:22.350000+00:00,10.233,93.745,33.0,5.03,mw,,,,1.2,us,usp0002fuc,2014-11-07T00:36:43.800Z,"192 km SE of Port Blair, India",earthquake,,,,11.0,reviewed,us,us,1985-06-14,29241,India,1
1985-06-17 21:52:49.290000+00:00,25.591,90.229,22.3,5.03,mw,,,,1.1,us,usp0002fxt,2014-11-07T00:36:44.219Z,"8 km NNE of Tura, India",earthquake,,8.1,,13.0,reviewed,us,us,1985-06-17,29243,India,2
1985-07-01 02:23:52.150000+00:00,18.367,87.188,10.0,5.5,mw,,,,1.0,us,usp0002ga5,2025-12-19T21:20:45.468Z,"203 km SE of Kon?rka, India",earthquake,,,,,reviewed,us,hrv,1985-07-01,29178,India,-1
1985-07-27 07:30:36.760000+00:00,30.298,94.767,33.0,5.2,mw,,,,1.0,us,usp0002h48,2022-04-27T22:44:34.283Z,"199 km N of Shi Yomi, India",earthquake,,,,19.0,reviewed,us,us,1985-07-27,29196,India,-1
1985-08-01 12:13:46.240000+00:00,29.177,95.176,45.2,5.7,mw,,,,1.1,us,usp0002h9w,2022-04-27T22:38:33.327Z,"106 km NE of Shi Yomi, India",earthquake,,,,,reviewed,us,hrv,1985-08-01,29174,India,-1
1985-08-10 12:56:12.810000+00:00,33.888,74.744,33.0,5.03,mw,,,,1.4,us,usp0002hjv,2014-11-07T00:36:59.655Z,"3 km NW of Tsr?r Shar?f, India",earthquake,,,,8.0,reviewed,us,us,1985-08-10,29482,India,3
1985-09-08 09:23:44.310000+00:00,8.002,93.218,33.0,5.2,mw,,,,1.4,us,usp0002jhf,2014-11-07T00:37:08.094Z,"Nicobar Islands, India region",earthquake,,,,10.0,reviewed,us,us,1985-09-08,29412,India,1
1985-09-16 08:27:45.250000+00:00,8.229,93.769,33.0,4.85,mw,,,,1.3,us,usp0002jts,2014-11-07T00:37:10.611Z,"Nicobar Islands, India region",earthquake,,,,4.0,reviewed,us,us,1985-09-16,29493,India,1
1985-10-12 05:50:14.050000+00:00,24.817,95.137,110.4,5.11,mw,,,,1.4,us,usp0002kqb,2014-11-07T00:37:19.123Z,"111 km E of Yairipok, India",earthquake,,11.8,,6.0,reviewed,us,us,1985-10-12,29480,India,2
1985-10-12 18:22:35.880000+00:00,27.133,92.537,9.1,5.54,mw,,,,1.0,us,usp0002kqy,2022-04-27T22:33:30.475Z,"18 km SE of Bomdila, India",earthquake,,,,37.0,reviewed,us,us,1985-10-12,29377,India,2
1985-10-13 15:21:30.590000+00:00,10.559,94.605,33.0,4.68,mw,,,,1.3,us,usp0002ks2,2014-11-07T00:37:19.444Z,"237 km ESE of Port Blair, India",earthquake,,,,1.0,reviewed,us,us,1985-10-13,29510,India,1
1985-11-01 02:34:37.770000+00:00,27.285,96.875,41.8,5.11,mw,,,,1.1,us,usp0002mbv,2014-11-07T00:37:23.763Z,"93 km SSE of Hayuliang, India",earthquake,,8.3,,10.0,reviewed,us,us,1985-11-01,29456,India,2
1985-11-03 03:57:55.030000+00:00,23.585,91.505,32.9,5.2,mw,,,,1.1,us,usp0002mdy,2014-11-07T00:37:25.706Z,"6 km NNE of Udaipur, India",earthquake,,5.7,,12.0,reviewed,us,us,1985-11-03,29431,India,2
1985-11-03 19:41:08.250000+00:00,25.788,71.236,33.0,5.11,mw,,,,1.4,us,usp0002mef,2020-08-27T00:35:34.900Z,"16 km WNW of B?rmer, India",earthquake,,,,5.0,reviewed,us,us,1985-11-03,29458,India,-1
1985-11-26 17:19:13.970000+00:00,25.2,94.508,33.0,4.68,mw,,,,0.3,us,usp0002n8d,2014-11-07T00:37:30.782Z,"51 km S of Phek, India",earthquake,,,,1.0,reviewed,us,us,1985-11-26,29498,India,2
1985-11-28 13:42:52.170000+00:00,26.294,97.068,10.0,5.2,mw,,,,1.0,us,usp0002nax,2022-04-27T22:32:34.192Z,"27 km ENE of Sarupathar, India",earthquake,,,,21.0,reviewed,us,us,1985-11-28,29433,India,2
1985-12-15 11:03:07.040000+00:00,13.176,95.712,33.0,4.51,mw,,,,1.5,us,usp0002nwb,2014-11-07T00:37:37.707Z,"Andaman Islands, India region",earthquake,,,,3.0,reviewed,us,us,1985-12-15,29519,India,1
1985-12-20 11:41:02.630000+00:00,10.181,92.806,64.1,5.2,mw,,,,1.3,us,usp0002p46,2014-11-07T00:37:38.826Z,"Andaman Islands, India region",earthquake,,8.3,,15.0,reviewed,us,us,1985-12-20,29411,India,1
1985-12-22 21:35:13.460000+00:00,24.135,93.209,49.0,4.85,mw,,,,1.3,us,usp0002p8w,2014-11-07T00:37:39.520Z,"31 km ENE of Darlawn, India",earthquake,,9.7,,5.0,reviewed,us,us,1985-12-22,29489,India,2
1985-12-29 21:31:05.020000+00:00,32.624,76.104,33.0,5.2,mw,,,,0.7,us,usp0002pjy,2014-11-07T00:37:41.357Z,"7 km NNW of Chamba, India",earthquake,,,,1.0,reviewed,us,us,1985-12-29,29433,India,3
1986-01-02 09:32:14.440000+00:00,22.677,92.837,33.0,5.11,mw,,,,1.2,us,usp0002ppp,2014-11-07T00:37:43.969Z,"25 km NW of Saiha, India",earthquake,,,,6.0,reviewed,us,us,1986-01-02,29475,India,2
1986-01-03 15:58:06.900000+00:00,10.551,93.815,164.1,5.28,mw,,,,0.9,us,usp0002pqp,2014-11-07T00:37:44.414Z,"169 km SE of Port Blair, India",earthquake,,,,43.0,reviewed,us,us,1986-01-03,29411,India,1
1986-01-07 20:20:01.680000+00:00,26.93,88.325,69.6,5.28,mw,,,,0.9,us,usp0002pv7,2014-11-07T00:37:45.752Z,"7 km NE of K?rsiy?ng, India",earthquake,,10.7,,4.0,reviewed,us,us,1986-01-07,29385,India,-1
1986-01-19 06:53:04.120000+00:00,21.003,85.172,33.0,4.77,mw,,,,1.5,us,usp0002q7c,2014-11-07T00:37:48.087Z,"8 km NW of T?lcher, India",earthquake,,,,1.0,reviewed,us,us,1986-01-19,29494,India,-1
1986-01-28 12:32:16.640000+00:00,8.8,94.165,27.0,6.0,mw,,,,1.1,us,usp0002qh9,2022-04-27T22:27:30.166Z,"Nicobar Islands, India region",earthquake,,,,,reviewed,us,hrv,1986-01-28,29348,India,1
1986-02-08 00:28:54.550000+00:00,23.903,92.987,39.0,5.4,mw,,,,1.0,us,usp0002qtx,2022-04-27T22:23:52.640Z,"13 km SSE of Darlawn, India",earthquake,,,,,reviewed,us,hrv,1986-02-08,29562,India,2
1986-02-19 17:34:24.770000+00:00,25.136,91.184,17.5,5.3,mw,,,,1.0,us,usp0002r4g,2022-04-27T22:24:16.109Z,"42 km S of Nongstoin, India",earthquake,,8.9,,,reviewed,us,hrv,1986-02-19,29578,India,2
1986-02-23 02:35:59.470000+00:00,9.779,94.063,33.0,4.6,mw,,,,1.3,us,usp0002r7x,2014-11-07T00:37:56.494Z,"253 km SE of Port Blair, India",earthquake,,,,1.0,reviewed,us,us,1986-02-23,29695,India,1
1986-02-26 12:47:55.460000+00:00,20.482,73.723,33.0,4.68,mw,,,,0.4,us,usp0002rb3,2014-11-07T00:37:56.852Z,"12 km SE of Surg?na, India",earthquake,,,,1.0,reviewed,us,us,1986-02-26,29665,India,-1
1986-02-28 13:38:00.260000+00:00,13.759,93.147,33.0,4.6,mw,,,,1.0,us,usp0002rcs,2014-11-07T00:37:56.996Z,"232 km NNE of Bamboo Flat, India",earthquake,,,,4.0,reviewed,us,us,1986-02-28,29691,India,1
1986-03-06 21:32:52.080000+00:00,26.755,97.075,33.0,4.85,mw,,,,1.3,us,usp0002rkw,2014-11-07T00:38:01.605Z,"66 km NNE of Sarupathar, India",earthquake,,,,6.0,reviewed,us,us,1986-03-06,29622,India,2
1986-03-12 13:45:27.630000+00:00,9.477,93.143,33.0,4.94,mw,,,,1.0,us,usp0002rst,2014-11-07T00:38:02.943Z,"Nicobar Islands, India region",earthquake,,,,8.0,reviewed,us,us,1986-03-12,29603,India,1
1986-03-28 18:05:46.770000+00:00,30.801,79.166,33.0,4.6,mw,,,,1.3,us,usp0002scj,2014-11-07T00:38:06.195Z,"Uttaranchal, India",earthquake,,,,2.0,reviewed,us,us,1986-03-28,29688,India,3
1986-04-03 11:55:11.640000+00:00,10.095,93.114,101.5,4.6,mw,,,,0.8,us,usp0002sm9,2014-11-07T00:38:10.913Z,"178 km SSE of Port Blair, India",earthquake,,12.8,,4.0,reviewed,us,us,1986-04-03,29678,India,1
1986-04-12 04:26:26.070000+00:00,12.398,95.732,33.0,5.78,mw,,,,0.9,us,usp0002suy,2014-11-07T00:38:12.717Z,"Andaman Islands, India region",earthquake,,,,1.0,reviewed,us,us,1986-04-12,29545,India,1
1986-04-17 13:15:57+00:00,24.46,94.807,85.2,5.28,mw,,,,1.0,us,usp0002szj,2014-11-07T00:38:14.153Z,"76 km E of W?ngjing, India",earthquake,,,,16.0,reviewed,us,us,1986-04-17,29593,India,2
1986-04-20 00:03:12.700000+00:00,24.983,95.356,146.9,4.85,mw,,,,0.7,us,usp0002t1j,2014-11-07T00:38:14.735Z,"114 km SE of Phek, India",earthquake,,9.4,,12.0,reviewed,us,us,1986-04-20,29619,India,2
1986-04-22 09:29:51.690000+00:00,31.85,76.789,33.0,5.03,mw,,,,0.8,us,usp0002t3u,2014-11-07T00:38:15.247Z,"15 km S of Jogindarnagar, India",earthquake,,,,9.0,reviewed,us,us,1986-04-22,29601,India,3
1986-04-26 07:35:16.100000+00:00,32.128,76.374,33.0,5.5,mw,,,,1.0,us,usp0002t74,2022-04-27T22:19:50.365Z,"11 km ENE of K?ngar, India",earthquake,,,,,reviewed,us,hrv,1986-04-26,29550,India,3
1986-05-05 16:27:45.240000+00:00,8.24,91.994,33.0,4.85,mw,,,,1.3,us,usp0002tjg,2014-11-07T00:38:20.702Z,"Nicobar Islands, India region",earthquake,,,,2.0,reviewed,us,us,1986-05-05,29622,India,1
1986-05-08 11:43:43.800000+00:00,36.177,77.62,33.0,4.85,mw,,,,1.1,us,usp0002tr1,2014-11-07T00:38:22.101Z,"157 km NNE of Thang, India",earthquake,,,,17.0,reviewed,us,us,1986-05-08,29616,India,-1
1986-05-11 04:42:49.070000+00:00,11.973,91.262,33.0,4.68,mw,,,,1.7,us,usp0002tvz,2014-11-07T00:38:22.972Z,"161 km W of Bamboo Flat, India",earthquake,,,,3.0,reviewed,us,us,1986-05-11,29644,India,-1
1986-05-11 17:51:33.040000+00:00,35.197,78.712,33.0,4.77,mw,,,,0.9,us,usp0002twh,2014-11-07T00:38:23.049Z,"154 km NE of Leh, India",earthquake,,,,3.0,reviewed,us,us,1986-05-11,29633,India,-1
1986-05-22 05:14:02.780000+00:00,12.37,93.236,102.9,5.2,mw,,,,0.9,us,usp0002u9v,2014-11-07T00:38:25.442Z,"93 km NE of Bamboo Flat, India",earthquake,,18.3,,4.0,reviewed,us,us,1986-05-22,29598,India,1
1986-06-02 17:51:54.950000+00:00,9.117,93.489,80.1,5.9,mw,,,,1.1,us,usp0002uq6,2022-04-27T22:11:55.502Z,"293 km SSE of Port Blair, India",earthquake,,4.6,,,reviewed,us,hrv,1986-06-02,29541,India,1
1986-06-23 08:50:15.520000+00:00,26.311,96.899,33.0,5.28,mw,,,,0.8,us,usp0002vay,2022-04-27T22:15:04.881Z,"14 km NE of Sarupathar, India",earthquake,,,,29.0,reviewed,us,us,1986-06-23,29584,India,2
1986-07-06 19:24:22.990000+00:00,34.424,80.161,9.1,6.0,mw,,,,1.3,us,usp0002vrr,2022-04-27T22:09:21.720Z,"238 km E of Leh, India",earthquake,,,,,reviewed,us,hrv,1986-07-06,29530,India,-1
1986-07-16 22:03:10.790000+00:00,31.049,77.997,33.0,5.5,mw,,,,1.0,us,usp0002w2z,2022-04-27T22:09:49.002Z,"28 km SE of Rohru, India",earthquake,,,,,reviewed,us,hrv,1986-07-16,29556,India,3
1986-07-19 10:47:03.350000+00:00,34.126,79.659,33.0,4.94,mw,,,,1.2,us,usp0002w64,2014-11-07T00:38:42.729Z,"191 km E of Leh, India",earthquake,,,,7.0,reviewed,us,us,1986-07-19,29607,India,-1
1986-07-23 05:18:33.980000+00:00,26.866,95.035,33.0,5.62,mw,,,,1.5,us,usp0002wdm,2014-11-07T00:38:43.644Z,"14 km N of Mon, India",earthquake,,,,1.0,reviewed,us,us,1986-07-23,29548,India,2
1986-07-30 04:03:24.810000+00:00,33.16,75.793,33.0,4.94,mw,,,,0.6,us,usp0002wpp,2014-11-07T00:38:45.275Z,"17 km S of Kishtw?r, India",earthquake,,,,9.0,reviewed,us,us,1986-07-30,29803,India,3
1986-08-07 12:10:19.080000+00:00,11.709,95.297,33.0,5.1,mw,,,,1.1,us,usp0002wyc,2025-12-19T21:17:45.722Z,"278 km E of Port Blair, India",earthquake,,,,,reviewed,us,hrv,1986-08-07,29776,India,1
1986-08-07 18:19:09.840000+00:00,34.615,80.29,33.0,5.11,mw,,,,1.0,us,usp0002wyj,2014-11-07T00:38:50.125Z,"253 km E of Leh, India",earthquake,,,,18.0,reviewed,us,us,1986-08-07,29739,India,-1
1986-09-05 16:14:35.770000+00:00,25.873,96.343,33.0,4.51,mw,,,,1.2,us,usp0002xv1,2014-11-07T00:38:58.589Z,"59 km SW of Sarupathar, India",earthquake,,,,2.0,reviewed,us,us,1986-09-05,29865,India,2
1986-09-10 07:50:25.570000+00:00,25.385,92.077,43.1,5.45,mw,,,,1.0,us,usp0002xyr,2022-04-27T22:04:53.846Z,"28 km SE of Shillong, India",earthquake,,,,48.0,reviewed,us,us,1986-09-10,29702,India,2
1986-09-11 04:22:30.690000+00:00,32.662,78.559,33.0,5.11,mw,,,,1.4,us,usp0002xzn,2014-11-07T00:38:59.959Z,"137 km ENE of Man?li, India",earthquake,,,,25.0,reviewed,us,us,1986-09-11,29744,India,3
1986-09-20 10:05:00.710000+00:00,13.034,93.354,76.0,5.1,mw,,,,0.9,us,usp0002y83,2025-12-19T21:17:37.221Z,"163 km NNE of Bamboo Flat, India",earthquake,,7.2,,,reviewed,us,hrv,1986-09-20,29774,India,1
1986-10-10 08:59:19.820000+00:00,30.336,94.917,26.2,5.11,mw,,,,1.0,us,usp0002ytx,2014-11-07T00:39:08.492Z,"207 km NNE of Shi Yomi, India",earthquake,,6.7,,19.0,reviewed,us,us,1986-10-10,29745,India,-1
1986-10-12 15:31:11.740000+00:00,3.915,85.011,10.0,5.11,mw,,,,1.1,us,usp0002yw3,2014-11-07T00:39:08.879Z,North Indian Ocean,earthquake,,,,3.0,reviewed,us,us,1986-10-12,29754,North Indian Ocean,-1
1986-11-01 05:02:42.490000+00:00,26.902,96.425,26.4,5.2,mw,,,,1.0,us,usp0002zjh,2022-04-27T21:59:09.211Z,"86 km NNW of Sarupathar, India",earthquake,,,,,reviewed,us,hrv,1986-11-01,29710,India,2
1986-11-05 02:22:16.720000+00:00,9.123,93.619,125.7,5.11,mw,,,,1.1,us,usp0002zps,2014-11-07T00:39:19.041Z,"297 km SSE of Port Blair, India",earthquake,,,,32.0,reviewed,us,us,1986-11-05,29710,India,1
1986-11-08 18:24:31.770000+00:00,27.176,92.322,33.0,4.85,mw,,,,1.3,us,usp0002zth,2014-11-07T00:39:20.075Z,"14 km SW of Bomdila, India",earthquake,,,,1.0,reviewed,us,us,1986-11-08,29817,India,2
1986-11-22 13:07:05.430000+00:00,25.17,94.774,85.6,4.85,mw,,,,1.0,us,usp000309m,2014-11-07T00:39:22.396Z,"61 km SSE of Phek, India",earthquake,,26.6,,6.0,reviewed,us,us,1986-11-22,29824,India,2
1986-11-29 11:40:51.810000+00:00,26.069,96.939,33.0,5.03,mw,,,,0.9,us,usp00030ft,2014-11-07T00:39:23.437Z,"19 km SE of Sarupathar, India",earthquake,,,,13.0,reviewed,us,us,1986-11-29,29796,India,2
1986-12-22 15:55:45.380000+00:00,29.856,95.156,33.0,4.68,mw,,,,1.0,us,usp000312q,2014-11-07T00:39:31.027Z,"165 km NNE of Shi Yomi, India",earthquake,,,,2.0,reviewed,us,us,1986-12-22,29847,India,-1
1987-01-09 01:00:40.520000+00:00,28.609,95.246,33.0,4.94,mw,,,,1.3,us,usp00031hd,2014-11-07T00:39:38.410Z,"60 km N of P?sigh?t, India",earthquake,,,,13.0,reviewed,us,us,1987-01-09,29800,India,-1
1987-01-24 10:34:26.160000+00:00,27.657,92.686,27.3,5.2,mw,,,,0.9,us,usp00031w7,2022-04-27T21:55:56.698Z,"50 km NNE of Bomdila, India",earthquake,,6.7,,30.0,reviewed,us,us,1987-01-24,29937,India,2
1987-02-11 23:49:06.850000+00:00,9.404,92.961,106.7,4.43,mw,,,,0.7,us,usp00032dj,2014-11-07T00:39:51.331Z,"251 km S of Port Blair, India",earthquake,,21.7,,4.0,reviewed,us,us,1987-02-11,30058,India,1
1987-03-01 13:31:09.470000+00:00,28.642,95.921,33.0,5.37,mw,,,,1.0,us,usp00032wq,2014-11-07T00:39:57.872Z,"Arunachal Pradesh, India",earthquake,,,,7.0,reviewed,us,us,1987-03-01,29916,India,-1
1987-03-22 10:30:22.300000+00:00,25.769,96.911,33.0,5.03,mw,,,,0.8,us,usp00033hn,2014-11-07T00:40:06.342Z,"49 km SSE of Sarupathar, India",earthquake,,,,10.0,reviewed,us,us,1987-03-22,29994,India,2
1987-04-06 23:28:37.130000+00:00,26.469,95.898,101.7,4.85,mw,,,,0.7,us,usp00033z0,2014-11-07T00:40:12.905Z,"69 km SSE of Khonsa, India",earthquake,,8.3,,21.0,reviewed,us,us,1987-04-06,30018,India,2
1987-04-18 16:59:48.520000+00:00,22.346,79.259,33.0,5.2,mw,,,,0.9,us,usp0003492,2020-08-28T21:12:33.829Z,"10 km ENE of Amarw?ra, India",earthquake,,,,26.0,reviewed,us,us,1987-04-18,29952,India,-1
1987-04-18 20:48:28.230000+00:00,34.486,80.281,33.0,5.85,mw,,,,1.3,us,usp0003497,2014-11-07T00:40:15.381Z,"250 km E of Leh, India",earthquake,,,,1.0,reviewed,us,us,1987-04-18,29898,India,-1
1987-04-24 09:19:18.210000+00:00,11.264,93.467,124.0,4.6,mw,,,,1.0,us,usp00034eb,2014-11-07T00:40:17.099Z,"90 km ESE of Port Blair, India",earthquake,,9.2,,11.0,reviewed,us,us,1987-04-24,30055,India,1
1987-05-18 01:53:51.040000+00:00,25.271,94.202,49.5,6.3,mw,,,,1.1,us,usp0003533,2022-04-27T21:46:13.255Z,"45 km SSE of Koh?ma, India",earthquake,,3.0,,,reviewed,us,hrv,1987-05-18,29880,India,2
1987-05-20 23:29:57.190000+00:00,26.912,96.981,33.0,4.85,mw,,,,0.9,us,usp0003554,2014-11-07T00:40:25.728Z,"80 km NNE of Sarupathar, India",earthquake,,,,6.0,reviewed,us,us,1987-05-20,30017,India,2
1987-05-24 02:08:19.540000+00:00,11.507,93.143,74.3,5.03,mw,,,,1.2,us,usp000357j,2014-11-07T00:40:25.945Z,"46 km ESE of Port Blair, India",earthquake,,,,34.0,reviewed,us,us,1987-05-24,30013,India,1
1987-06-06 11:02:41.590000+00:00,30.47,79.202,44.4,5.2,mw,,,,0.9,us,usp00035jt,2022-04-27T21:41:47.047Z,"22 km WNW of P?palkoti, India",earthquake,,10.9,,19.0,reviewed,us,us,1987-06-06,29964,India,3
1987-06-10 17:25:56.750000+00:00,8.167,93.693,89.7,5.11,mw,,,,0.9,us,usp00035pr,2014-11-07T00:40:32.080Z,"Nicobar Islands, India region",earthquake,,6.7,,26.0,reviewed,us,us,1987-06-10,29964,India,1
1987-06-11 17:29:23.890000+00:00,26.177,93.524,33.0,4.77,mw,,,,1.3,us,usp00035qd,2014-11-07T00:40:32.162Z,"30 km NW of Bokaj?n, India",earthquake,,,,9.0,reviewed,us,us,1987-06-11,30047,India,2
1987-07-10 08:17:33.420000+00:00,27.358,96.926,33.0,5.11,mw,,,,1.1,us,usp00036hg,2014-11-07T00:40:40.292Z,"87 km SSE of Hayuliang, India",earthquake,,,,12.0,reviewed,us,us,1987-07-10,29970,India,2
1987-07-16 02:19:15.860000+00:00,23.697,92.594,33.0,4.77,mw,,,,0.7,us,usp00036pb,2014-11-07T00:40:41.056Z,"13 km WSW of Aizawl, India",earthquake,,,,4.0,reviewed,us,us,1987-07-16,30053,India,2
1987-07-18 16:29:18.880000+00:00,31.144,78.049,54.1,5.03,mw,,,,1.3,us,usp00036rp,2014-11-07T00:40:41.404Z,"28 km ESE of Rohru, India",earthquake,,14.2,,6.0,reviewed,us,us,1987-07-18,30000,India,3
1987-07-19 22:49:11.420000+00:00,24.983,95.189,117.6,5.03,mw,,,,1.3,us,usp00036sg,2014-11-07T00:40:41.498Z,"102 km SE of Phek, India",earthquake,,10.1,,5.0,reviewed,us,us,1987-07-19,29996,India,2
1987-07-21 03:20:14.480000+00:00,11.029,92.182,33.0,4.51,mw,,,,0.9,us,usp00036tm,2014-11-07T00:40:41.622Z,"93 km SW of Port Blair, India",earthquake,,,,2.0,reviewed,us,us,1987-07-21,30056,India,1
1987-08-21 00:26:07.040000+00:00,31.723,80.183,54.8,5.03,mw,,,,1.3,us,usp00037p4,2014-11-07T00:40:49.301Z,"142 km NNE of Josh?math, India",earthquake,,14.9,,19.0,reviewed,us,us,1987-08-21,30118,India,-1
1987-08-29 17:58:10.610000+00:00,34.584,79.888,33.0,4.94,mw,,,,1.0,us,usp00037xk,2014-11-07T00:40:50.185Z,"216 km ENE of Leh, India",earthquake,,,,13.0,reviewed,us,us,1987-08-29,30159,India,-1
1987-09-05 08:41:07.560000+00:00,23.85,93.82,74.3,5.11,mw,,,,1.3,us,usp0003840,2014-11-07T00:40:54.590Z,"55 km SSE of Chur?ch?ndpur, India",earthquake,,13.3,,3.0,reviewed,us,us,1987-09-05,30116,India,2
1987-09-06 23:38:52.400000+00:00,26.689,93.414,43.8,5.37,mw,,,,0.9,us,usp000385k,2022-04-27T21:34:56.874Z,"19 km WNW of Bok?kh?t, India",earthquake,,,,50.0,reviewed,us,us,1987-09-06,30097,India,2
1987-09-09 12:45:48.160000+00:00,24.811,95.253,117.1,4.94,mw,,,,1.0,us,usp000388h,2014-11-07T00:40:55.732Z,"121 km SE of Phek, India",earthquake,,6.6,,20.0,reviewed,us,us,1987-09-09,30186,India,2
1987-09-17 01:34:47.960000+00:00,30.317,94.862,33.0,5.2,mw,,,,1.1,us,usp00038fc,2014-11-07T00:40:57.023Z,"203 km NNE of Shi Yomi, India",earthquake,,,,24.0,reviewed,us,us,1987-09-17,30108,India,-1
1987-09-19 19:56:33.700000+00:00,11.571,92.59,69.2,4.51,mw,,,,1.0,us,usp00038hp,2014-11-07T00:40:57.366Z,"19 km SW of Bamboo Flat, India",earthquake,,15.4,,2.0,reviewed,us,us,1987-09-19,30212,India,1
1987-09-22 01:25:56.410000+00:00,35.742,78.006,49.2,5.03,mw,,,,0.9,us,usp00038kr,2014-11-07T00:40:57.583Z,"142 km NE of Thang, India",earthquake,,10.1,,21.0,reviewed,us,us,1987-09-22,30144,India,-1
1987-09-27 06:12:42.950000+00:00,34.163,80.749,33.0,5.2,mw,,,,1.0,us,usp00038rs,2014-11-07T00:40:58.298Z,"291 km E of Leh, India",earthquake,,,,27.0,reviewed,us,us,1987-09-27,30105,India,-1
1987-10-06 16:33:15.650000+00:00,31.922,76.445,33.0,5.03,mw,,,,1.4,us,usp0003917,2014-11-07T00:41:03.726Z,"11 km NNW of T?ra Suj?npur, India",earthquake,,,,2.0,reviewed,us,us,1987-10-06,30126,India,3
1987-10-15 16:22:50.400000+00:00,27.335,92.948,49.6,5.03,mw,,,,1.5,us,usp000399r,2014-11-07T00:41:05.362Z,"52 km E of Bomdila, India",earthquake,,13.2,,7.0,reviewed,us,us,1987-10-15,30135,India,2
1987-10-30 05:42:36.340000+00:00,2.509,84.808,10.0,5.28,mw,,,,1.1,us,usp00039r7,2014-11-07T00:41:07.953Z,North Indian Ocean,earthquake,,,,21.0,reviewed,us,us,1987-10-30,30104,North Indian Ocean,-1
1987-11-01 11:57:56.830000+00:00,9.708,93.922,33.0,4.51,mw,,,,1.3,us,usp00039th,2014-11-07T00:41:09.992Z,"251 km SSE of Port Blair, India",earthquake,,,,2.0,reviewed,us,us,1987-11-01,30201,India,1
1987-11-16 03:26:10.410000+00:00,14.528,96.009,18.6,5.45,mw,,,,0.9,us,usp0003a5f,2014-11-07T00:41:13.799Z,"Andaman Islands, India region",earthquake,,5.7,,50.0,reviewed,us,us,1987-11-16,30089,India,-1
1987-11-26 12:10:40.680000+00:00,11.176,94.627,81.3,4.6,mw,,,,0.4,us,usp0003ak6,2014-11-07T00:41:15.832Z,"212 km ESE of Port Blair, India",earthquake,,26.5,,1.0,reviewed,us,us,1987-11-26,30193,India,1
1987-11-28 20:25:56.630000+00:00,25.607,95.937,33.0,4.77,mw,,,,0.8,us,usp0003anb,2014-11-07T00:41:16.178Z,"109 km SW of Sarupathar, India",earthquake,,,,4.0,reviewed,us,us,1987-11-28,30188,India,2
1987-12-03 18:15:50.600000+00:00,15.525,80.246,33.0,4.94,mw,,,,0.9,us,usp0003ax6,2020-08-28T21:43:41.652Z,"21 km E of Ongole, India",earthquake,,,,1.0,reviewed,us,us,1987-12-03,30161,India,-1
1987-12-11 06:39:39.960000+00:00,26.025,90.94,54.6,4.94,mw,,,,1.1,us,usp0003b67,2014-11-07T00:41:22.768Z,"33 km SSW of Barpeta, India",earthquake,,13.1,,3.0,reviewed,us,us,1987-12-11,30176,India,2
1987-12-22 18:22:10.580000+00:00,29.826,95.308,33.0,5.03,mw,,,,1.2,us,usp0003bg1,2014-11-07T00:41:24.769Z,"170 km NNE of Shi Yomi, India",earthquake,,,,14.0,reviewed,us,us,1987-12-22,30121,India,-1
1988-01-20 11:48:34.490000+00:00,34.809,74.977,33.0,4.94,mw,,,,0.6,us,usp0003c7n,2014-11-07T00:41:31.720Z,"53 km NE of Bandipura, India",earthquake,,,,4.0,reviewed,us,us,1988-01-20,30348,India,-1
1988-01-25 01:12:21.920000+00:00,30.183,94.892,33.0,5.3,mw,,,,1.0,us,usp0003ccb,2022-04-28T20:56:57.452Z,"190 km NNE of Shi Yomi, India",earthquake,,,,,reviewed,us,hrv,1988-01-25,30268,India,-1
1988-01-30 14:30:39.240000+00:00,12.905,93.45,77.4,5.11,mw,,,,1.0,us,usp0003cju,2014-11-07T00:41:33.602Z,"155 km NNE of Bamboo Flat, India",earthquake,,9.0,,11.0,reviewed,us,us,1988-01-30,30323,India,1
1988-02-16 16:19:05.890000+00:00,9.8,93.084,33.0,4.51,mw,,,,1.4,us,usp0003d2z,2014-11-07T00:41:39.984Z,"209 km S of Port Blair, India",earthquake,,,,1.0,reviewed,us,us,1988-02-16,30413,India,1
1988-02-17 06:30:13.180000+00:00,27.139,92.216,44.3,5.11,mw,,,,1.2,us,usp0003d3f,2022-04-28T20:54:01.397Z,"24 km SW of Bomdila, India",earthquake,,9.2,,14.0,reviewed,us,us,1988-02-17,30287,India,2
1988-02-28 03:19:35.100000+00:00,11.079,93.469,120.3,5.3,mw,,,,1.0,us,usp0003de3,2025-12-19T21:12:19.178Z,"102 km SE of Port Blair, India",earthquake,,,,,reviewed,us,hrv,1988-02-28,30251,India,1
1988-02-28 12:04:16.980000+00:00,0.038,83.087,10.0,5.11,mw,,,,1.4,us,usp0003dem,2014-11-07T00:41:41.924Z,North Indian Ocean,earthquake,,,,4.0,reviewed,us,us,1988-02-28,30280,North Indian Ocean,-1
1988-03-02 04:45:07.500000+00:00,10.624,93.552,122.7,4.6,mw,,,,0.6,us,usp0003dh5,2014-11-07T00:41:44.286Z,"145 km SE of Port Blair, India",earthquake,,16.2,,5.0,reviewed,us,us,1988-03-02,30401,India,1
1988-03-06 04:43:17.500000+00:00,25.99,95.412,92.9,5.03,mw,,,,1.3,us,usp0003dms,2014-11-07T00:41:45.613Z,"66 km ESE of Tuensang, India",earthquake,,12.9,,5.0,reviewed,us,us,1988-03-06,30324,India,2
1988-04-06 11:28:32.830000+00:00,28.231,92.529,19.2,4.6,mw,,,,1.3,us,usp0003er5,2014-11-07T00:41:55.960Z,"94 km NE of Tawang, India",earthquake,,7.7,,1.0,reviewed,us,us,1988-04-06,30382,India,2
1988-04-11 02:20:39.330000+00:00,27.013,97.166,33.0,4.85,mw,,,,1.2,us,usp0003exd,2014-11-07T00:41:56.874Z,"96 km NNE of Sarupathar, India",earthquake,,,,3.0,reviewed,us,us,1988-04-11,30351,India,2
1988-04-12 16:43:16.960000+00:00,34.634,79.555,46.5,4.85,mw,,,,1.2,us,usp0003ez5,2014-11-07T00:41:57.134Z,"188 km ENE of Leh, India",earthquake,,12.9,,11.0,reviewed,us,us,1988-04-12,30354,India,-1
1988-04-18 05:18:36.470000+00:00,24.827,93.851,71.2,4.68,mw,,,,1.4,us,usp0003f4j,2014-11-07T00:41:57.885Z,"9 km WNW of Imph?l, India",earthquake,,15.4,,2.0,reviewed,us,us,1988-04-18,30357,India,2
1988-04-30 03:27:50.560000+00:00,25.913,91.574,33.0,4.6,mw,,,,0.3,us,usp0003fhq,2014-11-07T00:41:59.738Z,"23 km S of Pal?sb?ri, India",earthquake,,,,2.0,reviewed,us,us,1988-04-30,30368,India,2
1988-05-06 09:23:34.950000+00:00,12.169,92.837,22.9,5.45,mw,,,,0.9,us,usp0003fpz,2014-11-07T00:42:05.205Z,"53 km NNE of Bamboo Flat, India",earthquake,,,,45.0,reviewed,us,us,1988-05-06,30241,India,1
1988-05-09 16:03:38.590000+00:00,28.998,94.779,30.9,5.37,mw,,,,0.9,us,usp0003ftk,2022-04-28T20:46:43.704Z,"65 km NE of Shi Yomi, India",earthquake,,,,51.0,reviewed,us,us,1988-05-09,30246,India,-1
1988-05-12 02:44:59.140000+00:00,22.61,93.259,33.0,4.43,mw,,,,0.9,us,usp0003fwc,2014-11-07T00:42:08.188Z,"31 km ENE of Saiha, India",earthquake,,,,1.0,reviewed,us,us,1988-05-12,30414,India,2
1988-05-15 20:23:05.700000+00:00,29.862,80.479,25.7,5.11,mw,,,,1.1,us,usp0003fzk,2014-11-07T00:42:09.239Z,"4 km WNW of Dh?rchula, India",earthquake,,13.1,,24.0,reviewed,us,us,1988-05-15,30280,India,3
1988-05-26 16:30:05.770000+00:00,27.415,88.558,43.4,5.03,mw,,,,1.1,us,usp0003gdr,2014-11-07T00:42:11.652Z,"11 km SSE of Mangan, India",earthquake,,11.9,,6.0,reviewed,us,us,1988-05-26,30330,India,-1
1988-06-09 12:11:49.840000+00:00,30.654,79.216,25.2,5.11,mw,,,,0.9,us,usp0003gua,2014-11-07T00:42:18.603Z,"32 km NW of P?palkoti, India",earthquake,,8.1,,13.0,reviewed,us,us,1988-06-09,30283,India,3
1988-06-28 20:52:57.190000+00:00,24.611,94.745,139.1,5.03,mw,,,,1.0,us,usp0003he2,2014-11-07T00:42:22.764Z,"69 km E of W?ngjing, India",earthquake,,35.6,,6.0,reviewed,us,us,1988-06-28,30342,India,2
1988-07-10 03:31:30.630000+00:00,25.064,95.372,129.4,5.11,mw,,,,0.9,us,usp0003hr8,2014-11-07T00:42:30.248Z,"110 km SE of Phek, India",earthquake,,,,33.0,reviewed,us,us,1988-07-10,30318,India,2
1988-07-11 23:22:43.460000+00:00,26.568,96.179,33.0,5.11,mw,,,,0.5,us,usp0003hsx,2014-11-07T00:42:30.414Z,"74 km WNW of Sarupathar, India",earthquake,,,,2.0,reviewed,us,us,1988-07-11,30269,India,2
1988-07-25 16:41:06.540000+00:00,34.594,79.634,56.9,4.6,mw,,,,1.1,us,usp0003j77,2014-11-07T00:42:32.294Z,"194 km ENE of Leh, India",earthquake,,18.1,,3.0,reviewed,us,us,1988-07-25,30595,India,-1
1988-07-26 05:53:40.150000+00:00,9.549,93.819,33.0,5.28,mw,,,,1.1,us,usp0003j7y,2014-11-07T00:42:32.456Z,"261 km SSE of Port Blair, India",earthquake,,,,4.0,reviewed,us,us,1988-07-26,30439,India,1
1988-07-26 21:30:47.240000+00:00,13.957,93.236,34.9,5.37,mw,,,,0.9,us,usp0003j8u,2014-11-07T00:42:32.882Z,"255 km NNE of Bamboo Flat, India",earthquake,,7.1,,37.0,reviewed,us,us,1988-07-26,30438,India,1
1988-07-27 07:07:42.910000+00:00,31.605,78.627,33.0,4.77,mw,,,,1.0,us,usp0003j9a,2014-11-07T00:42:33.008Z,"79 km E of Sar?han, India",earthquake,,,,3.0,reviewed,us,us,1988-07-27,30553,India,3
1988-08-04 10:12:53.310000+00:00,8.33,91.745,33.9,5.11,mw,,,,1.1,us,usp0003jmy,2014-11-07T00:42:37.707Z,"Nicobar Islands, India region",earthquake,,,,17.0,reviewed,us,us,1988-08-04,30442,India,1
1988-08-05 17:34:37.490000+00:00,12.006,93.07,42.0,5.2,mw,,,,1.2,us,usp0003jpk,2014-11-07T00:42:38.041Z,"51 km NE of Bamboo Flat, India",earthquake,,,,36.0,reviewed,us,us,1988-08-05,30440,India,1
1988-08-06 00:36:24.650000+00:00,25.149,95.127,90.5,7.3,mw,,,,1.1,us,usp0003jpw,2022-04-28T20:36:52.060Z,"85 km SE of Phek, India",earthquake,,,,,reviewed,us,hrv,1988-08-06,30428,India,2
1988-08-07 23:23:02.460000+00:00,26.686,98.243,33.0,4.85,mw,,,,0.2,us,usp0003jrq,2014-11-07T00:42:38.807Z,"152 km ENE of Sarupathar, India",earthquake,,,,3.0,reviewed,us,us,1988-08-07,30517,India,-1
1988-08-08 11:55:01.520000+00:00,24.47,94.566,139.4,4.94,mw,,,,0.6,us,usp0003jsa,2014-11-07T00:42:38.929Z,"52 km ESE of W?ngjing, India",earthquake,,30.4,,4.0,reviewed,us,us,1988-08-08,30492,India,2
1988-08-22 11:34:33.340000+00:00,26.662,86.916,33.0,4.68,mw,,,,0.5,us,usp0003k95,2014-11-07T00:42:41.949Z,"19 km NNW of B?rpur, India",earthquake,,,,1.0,reviewed,us,us,1988-08-22,30582,India,-1
1988-09-04 08:01:59.740000+00:00,26.285,91.769,33.0,4.43,mw,,,,1.2,us,usp0003knx,2014-11-07T00:42:46.618Z,"10 km NNE of North Guw?h?ti, India",earthquake,,,,2.0,reviewed,us,us,1988-09-04,30597,India,2
1988-09-05 19:11:35.100000+00:00,10.663,92.834,33.0,4.94,mw,,,,1.0,us,usp0003kq1,2014-11-07T00:42:47.400Z,"111 km S of Port Blair, India",earthquake,,,,14.0,reviewed,us,us,1988-09-05,30470,India,1
1988-09-23 04:23:40.250000+00:00,32.595,79.785,33.0,5.85,mw,,,,1.3,us,usp0003m6t,2014-11-07T00:42:50.290Z,"223 km ENE of Sar?han, India",earthquake,,,,1.0,reviewed,us,us,1988-09-23,30429,India,-1
1988-09-27 19:10:10.700000+00:00,27.175,88.293,33.0,6.05,mw,,,,1.1,us,usp0003mae,2022-04-28T20:36:39.570Z,"7 km W of Namchi, India",earthquake,,,,2.0,reviewed,us,us,1988-09-27,30429,India,-1
1988-10-03 13:24:51.280000+00:00,12.368,93.755,33.0,4.94,mw,,,,1.5,us,usp0003mg5,2014-11-07T00:42:55.414Z,"134 km NE of Port Blair, India",earthquake,,,,3.0,reviewed,us,us,1988-10-03,30456,India,1
1988-10-22 04:23:41.980000+00:00,22.445,92.888,33.0,4.94,mw,,,,1.2,us,usp0003n2m,2014-11-07T00:42:58.984Z,"10 km WSW of Saiha, India",earthquake,,,,2.0,reviewed,us,us,1988-10-22,30469,India,2
1988-10-31 20:11:59.940000+00:00,9.823,92.908,86.3,4.85,mw,,,,1.4,us,usp0003nd7,2014-11-07T00:43:00.732Z,"204 km S of Port Blair, India",earthquake,,19.9,,6.0,reviewed,us,us,1988-10-31,30526,India,1
1988-11-03 18:34:44.240000+00:00,12.345,92.675,33.0,5.11,mw,,,,0.9,us,usp0003nge,2014-11-07T00:43:03.622Z,"71 km N of Bamboo Flat, India",earthquake,,,,15.0,reviewed,us,us,1988-11-03,30441,India,1
1988-11-27 07:12:42.400000+00:00,23.151,93.359,33.0,5.45,mw,,,,0.5,us,usp0003p8k,2014-11-07T00:43:10.247Z,"30 km E of North Vanlaiphai, India",earthquake,,,,6.0,reviewed,us,us,1988-11-27,30430,India,2
1988-12-20 08:18:40.570000+00:00,9.406,93.423,95.9,4.94,mw,,,,0.3,us,usp0003q03,2014-11-07T00:43:17.989Z,"260 km SSE of Port Blair, India",earthquake,,20.5,,5.0,reviewed,us,us,1988-12-20,30498,India,1
1988-12-26 11:11:11.040000+00:00,30.611,77.981,33.0,4.6,mw,,,,1.0,us,usp0003q6x,2014-11-07T00:43:19.244Z,"15 km SE of Chakr?ta, India",earthquake,,,,5.0,reviewed,us,us,1988-12-26,30584,India,-1
1988-12-28 00:29:36.620000+00:00,26.989,96.955,21.9,4.94,mw,,,,1.2,us,usp0003q8g,2014-11-07T00:43:19.416Z,"87 km N of Sarupathar, India",earthquake,,11.5,,20.0,reviewed,us,us,1988-12-28,30488,India,2
1989-01-08 15:50:27.920000+00:00,10.051,93.362,105.0,4.77,mw,,,,1.0,us,usp0003qnf,2014-11-07T00:43:24.844Z,"190 km SSE of Port Blair, India",earthquake,,12.3,,4.0,reviewed,us,us,1989-01-08,30529,India,1
1989-01-10 19:21:52.030000+00:00,24.103,92.463,33.0,4.68,mw,,,,0.4,us,usp0003qre,2014-11-07T00:43:25.498Z,"18 km NW of S?itlaw, India",earthquake,,,,1.0,reviewed,us,us,1989-01-10,30576,India,2
1989-01-19 11:52:53.800000+00:00,29.844,94.809,33.0,4.85,mw,,,,1.4,us,usp0003r03,2014-11-07T00:43:27.919Z,"151 km NNE of Shi Yomi, India",earthquake,,,,3.0,reviewed,us,us,1989-01-19,30701,India,-1
1989-01-22 19:41:10.340000+00:00,24.743,94.21,77.6,4.43,mw,,,,1.4,us,usp0003r43,2014-11-07T00:43:28.513Z,"17 km ENE of Yairipok, India",earthquake,,15.8,,1.0,reviewed,us,us,1989-01-22,30763,India,2
1989-01-27 16:14:48.260000+00:00,25.621,95.214,61.8,4.68,mw,,,,0.8,us,usp0003r9m,2014-11-07T00:43:29.214Z,"71 km E of Phek, India",earthquake,,19.6,,2.0,reviewed,us,us,1989-01-27,30717,India,2
1989-02-10 16:59:20.580000+00:00,6.317,92.269,41.7,5.8,mw,,,,1.1,us,usp0003rrs,2022-04-28T20:24:49.576Z,"Nicobar Islands, India region",earthquake,,,,,reviewed,us,hrv,1989-02-10,30606,India,1
1989-02-12 07:55:47.520000+00:00,26.216,96.866,33.0,5.3,mw,,,,1.2,us,usp0003rty,2022-04-28T20:25:24.451Z,"5 km E of Sarupathar, India",earthquake,,,,,reviewed,us,hrv,1989-02-12,30630,India,2
1989-03-07 05:58:53.890000+00:00,35.83,77.675,45.6,4.94,mw,,,,1.1,us,usp0003spu,2014-11-07T00:43:47.617Z,"128 km NE of Thang, India",earthquake,,11.3,,23.0,reviewed,us,us,1989-03-07,30699,India,-1
1989-03-08 20:02:03.850000+00:00,26.987,92.751,33.0,5.37,mw,,,,0.9,us,usp0003srt,2022-04-28T20:23:19.666Z,"18 km NNE of Rang?p?ra, India",earthquake,,,,42.0,reviewed,us,us,1989-03-08,30628,India,2
1989-03-16 12:00:43.180000+00:00,8.895,93.707,33.0,5.2,mw,,,,1.0,us,usp0003szh,2014-11-07T00:43:49.356Z,"Nicobar Islands, India region",earthquake,,,,9.0,reviewed,us,us,1989-03-16,30654,India,1
1989-03-21 00:57:04.800000+00:00,23.903,68.525,33.0,4.51,mw,,,,0.9,us,usp0003t4r,2014-11-07T00:43:50.516Z,"48 km NW of Dayapar, India",earthquake,,,,2.0,reviewed,us,us,1989-03-21,30747,India,-1
1989-03-23 23:09:50.810000+00:00,10.331,93.794,74.1,4.94,mw,,,,1.2,us,usp0003t85,2014-11-07T00:43:50.796Z,"186 km SE of Port Blair, India",earthquake,,13.2,,8.0,reviewed,us,us,1989-03-23,30693,India,1
1989-04-03 19:39:32.280000+00:00,25.17,94.652,66.5,5.6,mw,,,,1.0,us,usp0003tkg,2022-04-28T20:19:51.255Z,"57 km SSE of Phek, India",earthquake,,,,,reviewed,us,hrv,1989-04-03,30609,India,2
1989-04-06 05:47:52.640000+00:00,25.12,95.257,115.9,4.51,mw,,,,1.5,us,usp0003tn8,2014-11-07T00:43:56.566Z,"97 km SE of Phek, India",earthquake,,21.1,,2.0,reviewed,us,us,1989-04-06,30729,India,2
1989-04-13 07:25:36.700000+00:00,24.472,92.505,33.0,5.5,mw,,,,1.2,us,usp0003tx3,2022-04-28T20:20:26.455Z,"14 km SW of L?la, India",earthquake,,,,,reviewed,us,hrv,1989-04-13,30614,India,2
1989-04-16 11:49:38.640000+00:00,25.137,95.846,33.0,5.03,mw,,,,1.3,us,usp0003u13,2014-11-07T00:44:00.341Z,"147 km ESE of Phek, India",earthquake,,,,14.0,reviewed,us,us,1989-04-16,30680,India,2
1989-04-18 03:04:20.450000+00:00,28.914,95.764,33.0,4.85,mw,,,,0.8,us,usp0003u32,2014-11-07T00:44:00.568Z,"103 km NNE of P?sigh?t, India",earthquake,,,,7.0,reviewed,us,us,1989-04-18,30704,India,-1
1989-04-22 17:37:16.020000+00:00,26.654,96.827,33.0,4.77,mw,,,,1.0,us,usp0003u81,2014-11-07T00:44:01.431Z,"49 km N of Sarupathar, India",earthquake,,,,3.0,reviewed,us,us,1989-04-22,30706,India,2
1989-04-23 17:56:14.800000+00:00,14.012,93.22,33.0,4.6,mw,,,,0.3,us,usp0003u9k,2014-11-07T00:44:01.557Z,"261 km NNE of Bamboo Flat, India",earthquake,,,,1.0,reviewed,us,us,1989-04-23,30726,India,1
1989-04-24 18:11:41.430000+00:00,24.52,95.002,99.4,5.03,mw,,,,1.3,us,usp0003ube,2014-11-07T00:44:01.757Z,"95 km E of W?ngjing, India",earthquake,,17.0,,4.0,reviewed,us,us,1989-04-24,30690,India,2
1989-04-27 04:19:15.800000+00:00,10.416,93.429,103.2,5.03,mw,,,,1.3,us,usp0003uff,2014-11-07T00:44:02.410Z,"157 km SSE of Port Blair, India",earthquake,,26.0,,4.0,reviewed,us,us,1989-04-27,30683,India,1
1989-04-27 19:37:37.910000+00:00,33.585,80.645,33.0,5.03,mw,,,,1.4,us,usp0003ugj,2014-11-07T00:44:02.512Z,"290 km ESE of Leh, India",earthquake,,,,5.0,reviewed,us,us,1989-04-27,30669,India,-1
1989-04-29 12:55:14.560000+00:00,25.246,91.604,33.0,4.68,mw,,,,0.4,us,usp0003umy,2014-11-07T00:44:03.160Z,"11 km WSW of Cherrapunji, India",earthquake,,,,1.0,reviewed,us,us,1989-04-29,30716,India,2
1989-05-09 16:17:17.800000+00:00,22.879,92.504,104.5,4.43,mw,,,,0.6,us,usp0003v33,2014-11-07T00:44:10.227Z,"24 km W of Lunglei, India",earthquake,,13.5,,1.0,reviewed,us,us,1989-05-09,30749,India,2
1989-05-10 20:19:21.910000+00:00,33.221,75.519,41.7,5.11,mw,,,,1.1,us,usp0003v4e,2014-11-07T00:44:10.380Z,"8 km NNW of Doda, India",earthquake,,11.9,,14.0,reviewed,us,us,1989-05-10,30667,India,3
1989-05-19 13:42:17.960000+00:00,10.088,93.047,33.0,4.94,mw,,,,0.9,us,usp0003vd3,2014-11-07T00:44:13.240Z,"177 km S of Port Blair, India",earthquake,,,,7.0,reviewed,us,us,1989-05-19,30695,India,1
1989-05-22 19:24:34.980000+00:00,27.243,87.886,33.8,5.28,mw,,,,0.9,us,usp0003vhk,2022-04-28T20:18:18.483Z,"37 km W of Gyalshing, India",earthquake,,8.2,,39.0,reviewed,us,us,1989-05-22,30653,India,-1
1989-06-09 09:53:43.120000+00:00,10.393,92.774,33.0,5.11,mw,,,,0.9,us,usp0003w40,2014-11-07T00:44:21.763Z,"140 km S of Port Blair, India",earthquake,,,,14.0,reviewed,us,us,1989-06-09,30662,India,1
1989-06-11 13:42:44.140000+00:00,26.419,90.763,33.0,4.94,mw,,,,0.9,us,usp0003w6e,2014-11-07T00:44:22.264Z,"10 km SE of Bijni, India",earthquake,,,,14.0,reviewed,us,us,1989-06-11,30700,India,2
1989-06-25 09:50:01.910000+00:00,21.454,93.492,59.5,4.85,mw,,,,1.1,us,usp0003wmw,2014-11-07T00:44:24.128Z,"126 km SSE of Saiha, India",earthquake,,15.8,,2.0,reviewed,us,us,1989-06-25,30704,India,2
1989-07-30 13:17:25.430000+00:00,24.456,94.033,33.0,4.85,mw,,,,0.7,us,usp0003xuu,2014-11-07T00:44:35.422Z,"7 km SE of Kakching, India",earthquake,,,,2.0,reviewed,us,us,1989-07-30,30856,India,2
1989-08-09 16:01:25.430000+00:00,24.559,94.707,85.7,5.45,mw,,,,1.1,us,usp0003y9r,2014-11-07T00:44:41.251Z,"65 km E of W?ngjing, India",earthquake,,7.4,,12.0,reviewed,us,us,1989-08-09,30798,India,2
1989-08-10 16:49:52.260000+00:00,27.679,97.188,33.0,4.6,mw,,,,0.7,us,usp0003yb7,2014-11-07T00:44:41.454Z,"77 km SE of Hayuliang, India",earthquake,,,,4.0,reviewed,us,us,1989-08-10,30943,India,2
1989-08-25 19:29:53.880000+00:00,9.343,92.841,66.4,4.43,mw,,,,1.0,us,usp0003ywm,2014-11-07T00:44:44.951Z,"257 km S of Port Blair, India",earthquake,,19.6,,2.0,reviewed,us,us,1989-08-25,30948,India,1
1989-09-07 18:10:56.860000+00:00,9.414,93.303,71.3,4.68,mw,,,,1.2,us,usp0003zay,2014-11-07T00:44:50.697Z,"256 km SSE of Port Blair, India",earthquake,,11.7,,5.0,reviewed,us,us,1989-09-07,30918,India,1
1989-09-19 17:07:46.150000+00:00,26.793,92.794,67.9,4.94,mw,,,,1.3,us,usp0003zsw,2014-11-07T00:44:53.321Z,"13 km ESE of Rang?p?ra, India",earthquake,,12.3,,11.0,reviewed,us,us,1989-09-19,30849,India,2
1989-09-26 09:59:15.040000+00:00,12.534,95.467,21.8,5.2,mw,,,,1.2,us,usp000401c,2014-11-07T00:44:54.668Z,"Andaman Islands, India region",earthquake,,,,14.0,reviewed,us,us,1989-09-26,30808,India,1
1989-10-06 17:53:02.310000+00:00,9.882,92.794,33.0,5.2,mw,,,,1.4,us,usp00040da,2014-11-07T00:44:59.527Z,"197 km S of Port Blair, India",earthquake,,,,5.0,reviewed,us,us,1989-10-06,30809,India,1
1989-11-27 01:20:31.170000+00:00,25.791,96.524,33.0,4.77,mw,,,,0.9,us,usp00042f6,2014-11-07T00:45:14.495Z,"54 km SSW of Sarupathar, India",earthquake,,,,5.0,reviewed,us,us,1989-11-27,30866,India,2
1989-12-10 11:58:14.460000+00:00,24.674,70.992,33.0,5.03,mw,,,,1.6,us,usp00042xp,2020-08-28T23:15:30.445Z,"71 km WNW of Thar?d, India",earthquake,,,,9.0,reviewed,us,us,1989-12-10,30837,India,-1
1989-12-22 12:24:25.450000+00:00,28.894,94.691,33.0,5.11,mw,,,,1.2,us,usp00043f2,2014-11-07T00:45:23.376Z,"50 km NE of Shi Yomi, India",earthquake,,,,2.0,reviewed,us,us,1989-12-22,30824,India,-1
1989-12-27 16:27:52.260000+00:00,11.172,93.045,94.2,4.43,mw,,,,0.7,us,usp00043mz,2014-11-07T00:45:24.073Z,"63 km SSE of Port Blair, India",earthquake,,24.3,,1.0,reviewed,us,us,1989-12-27,30950,India,1
1989-12-29 21:26:08.990000+00:00,24.209,94.378,88.5,4.68,mw,,,,1.3,us,usp00043r0,2014-11-07T00:45:24.682Z,"51 km SE of Kakching, India",earthquake,,13.5,,2.0,reviewed,us,us,1989-12-29,30931,India,2
1990-01-09 02:29:26.690000+00:00,28.225,88.163,79.1,5.71,mw,,,,1.0,us,usp0004417,2022-04-28T20:00:52.912Z,"86 km NNW of Mangan, India",earthquake,,,,53.0,reviewed,us,us,1990-01-09,30962,India,-1
1990-01-09 18:51:29.210000+00:00,24.753,95.241,119.2,6.3,mw,,,,1.1,us,usp0004421,2022-04-28T20:01:06.303Z,"120 km E of W?ngjing, India",earthquake,,,,,reviewed,us,hrv,1990-01-09,30961,India,2
1990-01-10 06:37:54.820000+00:00,24.516,94.682,86.5,5.45,mw,,,,1.0,us,usp000442q,2022-04-28T20:01:17.091Z,"63 km E of W?ngjing, India",earthquake,,,,46.0,reviewed,us,us,1990-01-10,30974,India,2
1990-01-10 11:53:21.650000+00:00,11.654,95.143,33.0,5.9,mw,,,,1.1,us,usp0004431,2022-04-28T20:01:18.173Z,"261 km E of Port Blair, India",earthquake,,,,,reviewed,us,hrv,1990-01-10,30961,India,1
1990-01-22 18:49:35.070000+00:00,11.538,92.341,33.0,5.11,mw,,,,0.8,us,usp00044m0,2014-11-07T00:45:34.859Z,"44 km WSW of Bamboo Flat, India",earthquake,,,,1.0,reviewed,us,us,1990-01-22,31005,India,1
1990-02-05 02:06:47.760000+00:00,24.877,92.425,33.0,4.51,mw,,,,1.1,us,usp000453c,2014-11-07T00:45:39.947Z,"7 km E of Kar?mganj, India",earthquake,,,,3.0,reviewed,us,us,1990-02-05,31087,India,2
1990-02-07 22:00:52.290000+00:00,34.365,76.647,83.5,4.94,mw,,,,1.1,us,usp0004564,2014-11-07T00:45:40.726Z,"52 km ESE of Kargil, India",earthquake,,17.3,,7.0,reviewed,us,us,1990-02-07,31015,India,3
1990-02-12 23:39:14.290000+00:00,6.107,92.218,33.0,4.68,mw,,,,0.7,us,usp00045d6,2014-11-07T00:45:43.238Z,"Nicobar Islands, India region",earthquake,,,,1.0,reviewed,us,us,1990-02-12,31072,India,1
1990-02-22 22:07:00.150000+00:00,24.946,93.104,52.2,5.37,mw,,,,1.3,us,usp00045t0,2014-11-07T00:45:47.502Z,"19 km NNE of Lakhipur, India",earthquake,,12.9,,7.0,reviewed,us,us,1990-02-22,30988,India,2
1990-02-26 01:31:24.500000+00:00,25.262,94.14,50.3,5.11,mw,,,,1.2,us,usp00045xf,2014-11-07T00:45:47.907Z,"45 km S of Koh?ma, India",earthquake,,22.1,,1.0,reviewed,us,us,1990-02-26,30995,India,2
1990-03-04 11:51:11.430000+00:00,34.616,79.849,33.0,5.03,mw,,,,1.1,us,usp0004662,2014-11-07T00:45:52.216Z,"214 km ENE of Leh, India",earthquake,,,,27.0,reviewed,us,us,1990-03-04,31009,India,-1
1990-03-08 20:01:08.680000+00:00,25.471,96.547,33.0,4.51,mw,,,,1.1,us,usp00046bz,2014-11-07T00:45:54.534Z,"85 km SSW of Sarupathar, India",earthquake,,,,3.0,reviewed,us,us,1990-03-08,31096,India,2
1990-04-30 01:55:57.570000+00:00,26.437,93.318,33.0,5.54,mw,,,,1.2,us,usp00048na,2014-11-07T00:46:12.452Z,"36 km SW of Bok?kh?t, India",earthquake,,,,6.0,reviewed,us,us,1990-04-30,30962,India,2
1990-05-04 04:28:49.210000+00:00,12.057,92.592,33.0,4.51,mw,,,,1.5,us,usp00048u9,2014-11-07T00:46:16.917Z,"41 km NNW of Bamboo Flat, India",earthquake,,,,2.0,reviewed,us,us,1990-05-04,31112,India,1
1990-05-08 01:22:19.230000+00:00,30.112,94.987,33.0,4.68,mw,,,,1.2,us,usp0004906,2014-11-07T00:46:19.166Z,"185 km NNE of Shi Yomi, India",earthquake,,,,10.0,reviewed,us,us,1990-05-08,31076,India,-1
1990-05-14 04:28:24.090000+00:00,22.706,92.551,33.0,4.77,mw,,,,0.9,us,usp000499e,2014-11-07T00:46:21.684Z,"28 km SW of Lunglei, India",earthquake,,,,11.0,reviewed,us,us,1990-05-14,31019,India,2
1990-05-15 17:19:22.040000+00:00,29.178,76.73,33.0,4.51,mw,,,,1.2,us,usp00049b7,2014-11-07T00:46:22.081Z,"5 km NNE of Goh?na, India",earthquake,,,,3.0,reviewed,us,us,1990-05-15,31133,India,-1
1990-05-24 09:03:48.830000+00:00,26.6,95.522,82.3,5.11,mw,,,,0.8,us,usp00049pn,2014-11-07T00:46:23.915Z,"46 km S of Khonsa, India",earthquake,,15.3,,8.0,reviewed,us,us,1990-05-24,30990,India,2
1990-06-09 03:56:52.160000+00:00,12.566,95.488,33.0,4.6,mw,,,,1.5,us,usp0004aa0,2014-11-07T00:46:30.581Z,"Andaman Islands, India region",earthquake,,,,1.0,reviewed,us,us,1990-06-09,31080,India,1
1990-06-30 02:28:13.450000+00:00,23.808,93.761,170.2,4.6,mw,,,,0.9,us,usp0004b5p,2014-11-07T00:46:34.460Z,"58 km S of Chur?ch?ndpur, India",earthquake,,30.8,,1.0,reviewed,us,us,1990-06-30,31086,India,2
1990-08-02 02:31:24.330000+00:00,24.626,94.987,170.5,5.03,mw,,,,0.4,us,usp0004cup,2014-11-07T00:46:51.053Z,"93 km E of W?ngjing, India",earthquake,,11.1,,3.0,reviewed,us,us,1990-08-02,31259,India,2
1990-08-05 01:30:05.030000+00:00,34.76,80.213,33.0,4.68,mw,,,,0.3,us,usp0004cz7,2014-11-07T00:46:54.277Z,"250 km ENE of Leh, India",earthquake,,,,1.0,reviewed,us,us,1990-08-05,31304,India,-1
1990-08-29 02:41:35.010000+00:00,27.187,92.755,33.0,5.11,mw,,,,1.1,us,usp0004e1c,2014-11-07T00:47:00.354Z,"33 km ESE of Bomdila, India",earthquake,,,,36.0,reviewed,us,us,1990-08-29,31233,India,2
1990-08-29 20:44:23.070000+00:00,11.791,95.034,24.6,5.45,mw,,,,0.9,us,usp0004e2g,2014-11-07T00:47:00.444Z,"249 km E of Port Blair, India",earthquake,,,,60.0,reviewed,us,us,1990-08-29,31193,India,1
1990-09-02 06:29:24.830000+00:00,26.645,92.673,45.9,5.45,mw,,,,0.9,us,usp0004e6x,2022-04-28T19:36:51.611Z,"12 km W of Tezpur, India",earthquake,,7.7,,60.0,reviewed,us,us,1990-09-02,31193,India,2
1990-09-13 17:40:29.240000+00:00,11.003,92.426,33.0,4.94,mw,,,,1.0,us,usp0004ep5,2014-11-07T00:47:06.823Z,"81 km SSW of Port Blair, India",earthquake,,,,14.0,reviewed,us,us,1990-09-13,31285,India,1
1990-09-21 16:08:20.750000+00:00,29.741,79.791,33.0,5.37,mw,,,,1.0,us,usp0004exz,2022-04-28T19:38:36.933Z,"10 km S of B?geshwar, India",earthquake,,,,33.0,reviewed,us,us,1990-09-21,31208,India,3
1990-10-03 18:20:35.990000+00:00,31.096,78.557,33.0,4.77,mw,,,,0.8,us,usp0004fb7,2014-11-07T00:47:13.480Z,"42 km NNE of Uttark?shi, India",earthquake,,,,1.0,reviewed,us,us,1990-10-03,31299,India,3
1990-10-08 14:49:05.140000+00:00,9.814,92.792,33.0,5.11,mw,,,,1.4,us,usp0004fgt,2014-11-07T00:47:15.770Z,"204 km S of Port Blair, India",earthquake,,,,6.0,reviewed,us,us,1990-10-08,31239,India,1
1990-10-14 16:13:24.020000+00:00,28.762,81.951,143.2,4.68,mw,,,,0.8,us,usp0004fs1,2014-11-07T00:47:16.837Z,Nepal-India border region,earthquake,,19.8,,2.0,reviewed,us,us,1990-10-14,31309,Nepal-India border region,-1
1990-10-28 17:56:42.900000+00:00,10.1,93.789,33.0,4.94,mw,,,,1.0,us,usp0004g96,2014-11-07T00:47:19.290Z,"207 km SSE of Port Blair, India",earthquake,,,,10.0,reviewed,us,us,1990-10-28,31271,India,1
1990-11-03 04:35:15.030000+00:00,27.562,96.758,41.6,5.03,mw,,,,1.2,us,usp0004gfp,2014-11-07T00:47:23.110Z,"60 km SSE of Hayuliang, India",earthquake,,14.1,,4.0,reviewed,us,us,1990-11-03,31266,India,2
1990-11-10 11:30:29.080000+00:00,12.212,93.749,33.0,5.4,mw,,,,1.1,us,usp0004gr0,2022-04-28T19:33:11.944Z,"124 km ENE of Port Blair, India",earthquake,,,,,reviewed,us,hrv,1990-11-10,31197,India,1
1990-11-15 03:28:27.970000+00:00,23.895,92.937,49.4,6.18,mw,,,,1.0,us,usp0004gyk,2022-04-28T19:33:26.160Z,"13 km S of Darlawn, India",earthquake,,,,1.0,reviewed,us,us,1990-11-15,31166,India,2
1990-11-29 10:20:32.790000+00:00,24.308,94.488,90.5,5.28,mw,,,,1.0,us,usp0004hj7,2014-11-07T00:47:29.256Z,"53 km SE of W?ngjing, India",earthquake,,7.4,,12.0,reviewed,us,us,1990-11-29,31216,India,2
1990-12-11 06:46:26.920000+00:00,12.248,94.331,78.6,4.77,mw,,,,1.0,us,usp0004hz3,2014-11-07T00:47:36.021Z,"184 km ENE of Port Blair, India",earthquake,,26.5,,6.0,reviewed,us,us,1990-12-11,31297,India,1
1990-12-11 18:38:56.050000+00:00,27.667,92.236,33.0,4.68,mw,,,,0.4,us,usp0004hzs,2014-11-07T00:47:36.219Z,"32 km ENE of Tawang, India",earthquake,,,,2.0,reviewed,us,us,1990-12-11,31306,India,2
1990-12-13 08:28:55.760000+00:00,31.573,77.438,33.0,5.03,mw,,,,1.0,us,usp0004j2e,2014-11-07T00:47:36.571Z,"11 km SE of Banj?r, India",earthquake,,,,15.0,reviewed,us,us,1990-12-13,31253,India,3
1990-12-18 02:40:49.760000+00:00,30.336,79.117,18.7,5.2,mw,,,,1.1,us,usp0004j9c,2014-11-07T00:47:37.759Z,"14 km ENE of Rudrapray?g, India",earthquake,,,,30.0,reviewed,us,us,1990-12-18,31228,India,3
1990-12-20 05:46:49.120000+00:00,34.845,75.078,33.0,4.6,mw,,,,1.5,us,usp0004jcr,2014-11-07T00:47:38.146Z,"61 km NE of Bandipura, India",earthquake,,,,4.0,reviewed,us,us,1990-12-20,31316,India,-1
1990-12-23 00:21:36.950000+00:00,35.66,78.475,33.0,4.51,mw,,,,0.5,us,usp0004jmp,2014-11-07T00:47:38.919Z,"173 km ENE of Thang, India",earthquake,,,,3.0,reviewed,us,us,1990-12-23,31316,India,-1
1990-12-25 03:56:46.130000+00:00,33.331,75.712,51.1,5.54,mw,,,,1.0,us,usp0004jrn,2022-04-28T19:32:24.999Z,"5 km WNW of Kishtw?r, India",earthquake,,10.6,,69.0,reviewed,us,us,1990-12-25,31169,India,3
1990-12-30 04:04:30.330000+00:00,7.814,93.067,33.0,4.68,mw,,,,1.2,us,usp0004jz6,2014-11-07T00:47:40.538Z,"Nicobar Islands, India region",earthquake,,,,1.0,reviewed,us,us,1990-12-30,31311,India,1
1990-12-30 09:36:43.760000+00:00,8.419,94.123,33.0,4.94,mw,,,,1.3,us,usp0004jze,2014-11-07T00:47:40.564Z,"Nicobar Islands, India region",earthquake,,,,9.0,reviewed,us,us,1990-12-30,31297,India,1
1991-01-06 22:13:22.400000+00:00,17.263,73.896,80.2,4.77,mw,,,,0.9,us,usp0004kap,2014-11-07T00:47:47.325Z,"12 km S of P?tan, India",earthquake,,17.2,,3.0,reviewed,us,us,1991-01-06,31477,India,-1
1991-01-20 12:43:17.070000+00:00,31.532,77.463,33.0,5.2,mw,,,,1.0,us,usp0004ky1,2022-04-28T19:27:45.102Z,"16 km SE of Banj?r, India",earthquake,,,,26.0,reviewed,us,us,1991-01-20,31350,India,3
1991-01-20 19:44:58.890000+00:00,23.399,69.708,33.0,5.2,mw,,,,1.4,us,usp0004kyn,2020-08-29T00:28:05.337Z,"16 km NNE of Bhuj, India",earthquake,,,,5.0,reviewed,us,us,1991-01-20,31360,India,-1
1991-01-23 06:07:08.270000+00:00,24.733,95.232,115.2,5.54,mw,,,,1.1,us,usp0004m23,2014-11-07T00:47:52.232Z,"119 km E of W?ngjing, India",earthquake,,,,83.0,reviewed,us,us,1991-01-23,31337,India,2
1991-01-28 22:24:46.690000+00:00,26.029,95.292,33.0,5.28,mw,,,,1.0,us,usp0004m9u,2014-11-07T00:47:53.493Z,"53 km ESE of Tuensang, India",earthquake,,,,1.0,reviewed,us,us,1991-01-28,31348,India,2
1991-01-31 12:09:08.720000+00:00,23.574,93.037,33.0,4.94,mw,,,,0.6,us,usp0004md1,2014-11-07T00:47:53.884Z,"23 km NNW of Khawhai, India",earthquake,,,,2.0,reviewed,us,us,1991-01-31,31455,India,2
1991-02-02 00:15:40.410000+00:00,25.541,91.293,33.0,5.2,mw,,,,1.0,us,usp0004mf9,2022-04-28T19:22:30.661Z,"3 km NE of Nongstoin, India",earthquake,,,,18.0,reviewed,us,us,1991-02-02,31373,India,2
1991-02-12 14:02:56.300000+00:00,30.614,79.288,33.0,4.51,mw,,,,1.2,us,usp0004mvf,2014-11-07T00:47:59.639Z,"24 km NNW of P?palkoti, India",earthquake,,,,2.0,reviewed,us,us,1991-02-12,31491,India,3
1991-02-25 10:52:33.900000+00:00,34.695,79.059,33.0,4.94,mw,,,,0.9,us,usp0004ndb,2014-11-07T00:48:05.062Z,"147 km ENE of Leh, India",earthquake,,,,6.0,reviewed,us,us,1991-02-25,31429,India,-1
1991-03-05 00:34:54.690000+00:00,9.819,93.208,33.0,5.11,mw,,,,1.3,us,usp0004npn,2014-11-07T00:48:09.673Z,"210 km SSE of Port Blair, India",earthquake,,,,14.0,reviewed,us,us,1991-03-05,31399,India,1
1991-03-06 00:29:52.890000+00:00,10.643,94.339,33.0,5.11,mw,,,,1.0,us,usp0004nqy,2014-11-07T00:48:10.085Z,"207 km ESE of Port Blair, India",earthquake,,,,14.0,reviewed,us,us,1991-03-06,31382,India,1
1991-03-08 01:42:00.330000+00:00,7.23,93.447,52.7,5.3,mw,,,,1.1,us,usp0004nsz,2022-04-28T19:21:03.078Z,"Nicobar Islands, India region",earthquake,,,,,reviewed,us,hrv,1991-03-08,31345,India,-1
1991-03-23 20:33:34.940000+00:00,34.325,79.73,33.0,4.85,mw,,,,0.8,us,usp0004pef,2014-11-07T00:48:13.753Z,"198 km E of Leh, India",earthquake,,,,9.0,reviewed,us,us,1991-03-23,31465,India,-1
1991-03-27 22:08:04.870000+00:00,26.318,97.226,33.0,4.43,mw,,,,1.5,us,usp0004pn4,2014-11-07T00:48:14.725Z,"43 km ENE of Sarupathar, India",earthquake,,,,5.0,reviewed,us,us,1991-03-27,31491,India,2
1991-04-11 08:50:03.700000+00:00,11.809,92.578,33.0,5.03,mw,,,,0.9,us,usp0004q6g,2014-11-07T00:48:20.918Z,"Andaman Islands, India region",earthquake,,,,2.0,reviewed,us,us,1991-04-11,31403,India,1
1991-04-22 08:48:29.990000+00:00,30.08,79.72,33.0,4.94,mw,,,,0.8,us,usp0004qns,2014-11-07T00:48:26.107Z,"27 km N of B?geshwar, India",earthquake,,,,20.0,reviewed,us,us,1991-04-22,31448,India,3
1991-04-22 11:11:59.720000+00:00,13.004,94.032,33.0,4.6,mw,,,,0.4,us,usp0004qnv,2014-11-07T00:48:26.116Z,"203 km NE of Bamboo Flat, India",earthquake,,,,2.0,reviewed,us,us,1991-04-22,31478,India,1
1991-04-27 10:04:56.500000+00:00,29.703,94.755,33.0,4.77,mw,,,,0.8,us,usp0004qwu,2014-11-07T00:48:27.702Z,"135 km NNE of Shi Yomi, India",earthquake,,,,10.0,reviewed,us,us,1991-04-27,31476,India,-1
1991-05-11 02:15:24+00:00,24.249,93.705,62.7,5.4,mw,,,,0.9,us,usp0004rg2,2022-04-28T19:14:02.743Z,"10 km SSE of Chur?ch?ndpur, India",earthquake,,,,,reviewed,us,hrv,1991-05-11,31340,India,2
1991-05-11 17:34:08.350000+00:00,26.456,96.237,107.1,5.2,mw,,,,1.3,us,usp0004rh3,2014-11-07T00:48:34.029Z,"63 km WNW of Sarupathar, India",earthquake,,12.5,,8.0,reviewed,us,us,1991-05-11,31381,India,2
1991-05-18 04:52:19.070000+00:00,31.654,80.092,24.0,4.94,mw,,,,1.3,us,usp0004rsv,2014-11-07T00:48:35.790Z,"131 km NNE of Josh?math, India",earthquake,,15.1,,19.0,reviewed,us,us,1991-05-18,31462,India,-1
1991-05-25 17:07:34.190000+00:00,25.263,95.17,85.8,4.94,mw,,,,1.1,us,usp0004s2n,2014-11-07T00:48:37.394Z,"80 km ESE of Phek, India",earthquake,,15.9,,7.0,reviewed,us,us,1991-05-25,31429,India,2
1991-05-28 20:04:50.010000+00:00,24.649,94.364,142.3,5.03,mw,,,,0.1,us,usp0004s76,2014-11-07T00:48:37.870Z,"31 km ENE of W?ngjing, India",earthquake,,21.1,,5.0,reviewed,us,us,1991-05-28,31418,India,2
1991-06-08 00:27:53.520000+00:00,29.295,96.578,33.0,5.11,mw,,,,1.5,us,usp0004sng,2014-11-07T00:48:43.526Z,"135 km N of Hayuliang, India",earthquake,,,,1.0,reviewed,us,us,1991-06-08,31384,India,-1
1991-06-09 20:39:33.830000+00:00,12.627,95.11,24.3,5.5,mw,,,,1.0,us,usp0004sqt,2025-12-19T20:53:59.582Z,"278 km ENE of Port Blair, India",earthquake,,,,,reviewed,us,hrv,1991-06-09,31337,India,1
1991-06-10 21:30:11.950000+00:00,29.266,80.281,58.1,4.94,mw,,,,1.2,us,usp0004sry,2014-11-07T00:48:44.091Z,"21 km ESE of Champawat, India",earthquake,,10.8,,11.0,reviewed,us,us,1991-06-10,31448,India,-1
1991-06-23 02:45:41.200000+00:00,32.306,76.716,33.0,4.94,mw,,,,1.5,us,usp0004t9x,2014-11-07T00:48:46.726Z,"26 km NE of P?lampur, India",earthquake,,,,17.0,reviewed,us,us,1991-06-23,31434,India,3
1991-06-23 10:04:00.330000+00:00,26.637,93.187,33.2,5.54,mw,,,,0.9,us,usp0004tab,2022-04-28T19:12:05.499Z,"Assam, India",earthquake,,,,94.0,reviewed,us,us,1991-06-23,31323,India,2
1991-07-02 14:04:37.090000+00:00,10.276,93.657,29.2,5.03,mw,,,,1.4,us,usp0004tpt,2014-11-07T00:48:51.034Z,"183 km SSE of Port Blair, India",earthquake,,,,22.0,reviewed,us,us,1991-07-02,31629,India,1
1991-07-10 09:49:25.700000+00:00,12.525,93.874,116.9,5.5,mw,,,,1.1,us,usp0004tz1,2025-12-19T20:52:33.117Z,"155 km NE of Port Blair, India",earthquake,,,,,reviewed,us,hrv,1991-07-10,31516,India,1
1991-07-18 13:24:59.900000+00:00,30.363,94.87,33.0,5.28,mw,,,,1.0,us,usp0004uap,2022-04-28T19:07:51.663Z,"208 km NNE of Shi Yomi, India",earthquake,,,,36.0,reviewed,us,us,1991-07-18,31549,India,-1
1991-07-19 07:05:29.570000+00:00,25.149,95.259,121.0,5.11,mw,,,,0.9,us,usp0004ubu,2014-11-07T00:48:55.977Z,"95 km SE of Phek, India",earthquake,,9.1,,42.0,reviewed,us,us,1991-07-19,31579,India,2
1991-07-29 00:40:19.290000+00:00,24.563,95.12,119.4,4.94,mw,,,,1.1,us,usp0004ur5,2014-11-07T00:48:59.212Z,"107 km E of W?ngjing, India",earthquake,,8.0,,13.0,reviewed,us,us,1991-07-29,31655,India,2
1991-08-07 11:36:30.840000+00:00,25.099,88.791,33.0,5.28,mw,,,,1.6,us,usp0004v31,2020-08-29T00:56:15.813Z,"13 km S of B?lurgh?t, India",earthquake,,,,6.0,reviewed,us,us,1991-08-07,31541,India,-1
1991-08-12 16:41:06.100000+00:00,18.387,71.615,33.0,4.51,mw,,,,1.3,us,usp0004v92,2014-11-07T00:49:04.880Z,"136 km WSW of Al?b?g, India",earthquake,,,,1.0,reviewed,us,us,1991-08-12,31676,India,-1
1991-08-20 05:06:25.860000+00:00,30.63,79.767,33.0,4.6,mw,,,,1.5,us,usp0004vm7,2014-11-07T00:49:06.888Z,"21 km ENE of Joshīmath, India",earthquake,,,,5.0,reviewed,us,us,1991-08-20,31672,India,3
1991-08-30 04:03:48.830000+00:00,13.48,93.32,33.0,5.03,mw,,,,1.0,us,usp0004w1f,2014-11-07T00:49:09.061Z,"207 km NNE of Bamboo Flat, India",earthquake,,,,1.0,reviewed,us,us,1991-08-30,31654,India,1
1991-09-04 08:32:33.520000+00:00,10.746,92.843,33.0,5.37,mw,,,,1.4,us,usp0004w80,2014-11-07T00:49:13.270Z,"102 km S of Port Blair, India",earthquake,,,,27.0,reviewed,us,us,1991-09-04,31536,India,1
1991-09-09 21:54:50.560000+00:00,28.879,94.937,33.0,5.11,mw,,,,1.2,us,usp0004wf4,2014-11-07T00:49:14.547Z,"67 km NE of Shi Yomi, India",earthquake,,,,23.0,reviewed,us,us,1991-09-09,31569,India,-1
1991-09-12 23:06:30.180000+00:00,29.698,95.688,34.4,4.94,mw,,,,1.0,us,usp0004wjs,2014-11-07T00:49:14.957Z,"182 km NE of Shi Yomi, India",earthquake,,11.0,,9.0,reviewed,us,us,1991-09-12,31663,India,-1
1991-09-19 04:23:56.770000+00:00,26.323,92.211,33.0,5.03,mw,,,,1.7,us,usp0004wsy,2014-11-07T00:49:15.879Z,"15 km WNW of Morigaon, India",earthquake,,,,11.0,reviewed,us,us,1991-09-19,31642,India,2
1991-09-20 12:26:53.010000+00:00,9.827,93.411,33.0,5.03,mw,,,,0.9,us,usp0004wuc,2014-11-07T00:49:16.004Z,"216 km SSE of Port Blair, India",earthquake,,,,3.0,reviewed,us,us,1991-09-20,31638,India,1
1991-10-19 21:23:14.300000+00:00,30.78,78.774,10.3,6.8,mwb,,,,1.2,us,usp0004y1r,2022-04-28T19:02:24.458Z,"32 km E of Uttark?shi, India",earthquake,,,,,reviewed,us,us,1991-10-19,31500,India,3
1991-11-08 15:13:44.180000+00:00,26.323,70.607,22.1,5.4,mw,,,,1.0,us,usp0004yxu,2022-04-28T18:59:14.253Z,"72 km SSW of Jaisalmer, India",earthquake,,,,,reviewed,us,hrv,1991-11-08,31527,India,-1
1991-11-11 13:42:45.050000+00:00,26.377,93.005,33.0,4.77,mw,,,,0.7,us,usp0004z1s,2014-11-07T00:49:33.926Z,"34 km SE of Tezpur, India",earthquake,,,,4.0,reviewed,us,us,1991-11-11,31671,India,2
1991-11-17 00:42:14.180000+00:00,9.939,92.901,82.9,5.03,mw,,,,1.2,us,usp0004z84,2014-11-07T00:49:35.004Z,"191 km S of Port Blair, India",earthquake,,25.6,,10.0,reviewed,us,us,1991-11-17,31580,India,1
1991-11-21 04:07:19.420000+00:00,26.642,96.446,83.8,5.2,mw,,,,0.8,us,usp0004zdn,2014-11-07T00:49:35.628Z,"60 km NW of Sarupathar, India",earthquake,,,,55.0,reviewed,us,us,1991-11-21,31564,India,2
1991-12-03 13:16:44.150000+00:00,9.095,92.47,36.9,5.03,mw,,,,1.0,us,usp0004zzb,2014-11-07T00:49:41.347Z,"285 km S of Port Blair, India",earthquake,,,,17.0,reviewed,us,us,1991-12-03,31609,India,1
1991-12-04 03:27:24.260000+00:00,24.015,93.986,72.1,5.5,mw,,,,1.0,us,usp000500b,2022-04-28T18:57:07.450Z,"47 km SE of Chur?ch?ndpur, India",earthquake,,,,,reviewed,us,hrv,1991-12-04,31508,India,2
1991-12-12 18:55:00.590000+00:00,34.511,79.653,57.4,4.85,mw,,,,1.4,us,usp00050bb,2014-11-07T00:49:43.691Z,"194 km E of Leh, India",earthquake,,14.2,,12.0,reviewed,us,us,1991-12-12,31666,India,-1
1991-12-15 15:59:32.830000+00:00,29.97,93.928,33.0,5.11,mw,,,,1.6,us,usp00050gg,2014-11-07T00:49:44.722Z,"165 km NNW of Shi Yomi, India",earthquake,,,,7.0,reviewed,us,us,1991-12-15,31572,India,-1
1991-12-20 02:06:05.300000+00:00,24.72,93.103,40.7,5.4,mw,,,,1.0,us,usp00050pq,2022-04-28T18:58:04.336Z,"12 km SE of Lakhipur, India",earthquake,,,,,reviewed,us,hrv,1991-12-20,31517,India,2
1991-12-21 19:52:45.500000+00:00,27.904,88.139,57.1,5.2,mw,,,,1.2,us,usp00050rs,2014-11-07T00:49:46.277Z,"57 km NW of Mangan, India",earthquake,,8.9,,27.0,reviewed,us,us,1991-12-21,31559,India,-1
1991-12-25 12:13:22.330000+00:00,10.607,93.906,40.3,5.03,mw,,,,1.1,us,usp00050y7,2014-11-07T00:49:47.114Z,"172 km SE of Port Blair, India",earthquake,,12.7,,24.0,reviewed,us,us,1991-12-25,31632,India,1
1992-01-06 19:07:13.560000+00:00,33.993,73.926,63.6,4.68,mw,,,,1.4,us,usp00051fn,2014-11-07T00:49:53.517Z,"15 km SW of Uri, India",earthquake,,19.9,,8.0,reviewed,us,us,1992-01-06,31833,India,3
1992-01-13 18:36:32.150000+00:00,24.439,92.557,33.0,4.85,mw,,,,1.2,us,usp00051ry,2014-11-07T00:49:54.783Z,"14 km SSW of L?la, India",earthquake,,,,13.0,reviewed,us,us,1992-01-13,31777,India,2
1992-01-26 23:48:56.100000+00:00,32.282,76.415,33.0,4.85,mw,,,,1.2,us,usp000529u,2014-11-07T00:49:57.123Z,"11 km NE of Dharamsala, India",earthquake,,,,8.0,reviewed,us,us,1992-01-26,31793,India,3
1992-02-04 21:51:36.840000+00:00,11.085,92.921,33.0,5.03,mw,,,,1.0,us,usp00052mm,2014-11-07T00:50:02.834Z,"67 km SSE of Port Blair, India",earthquake,,,,11.0,reviewed,us,us,1992-02-04,31759,India,1
1992-02-05 02:07:40.280000+00:00,34.224,78.729,33.0,4.68,mw,,,,1.3,us,usp00052mr,2014-11-07T00:50:02.852Z,"105 km E of Leh, India",earthquake,,,,7.0,reviewed,us,us,1992-02-05,31844,India,-1
1992-02-06 03:35:15.320000+00:00,29.61,95.521,15.0,5.76,mw,,,,0.9,us,usp00052pg,2022-04-28T18:54:32.214Z,"163 km NE of Shi Yomi, India",earthquake,,,,92.0,reviewed,us,us,1992-02-06,31688,India,-1
1992-02-13 22:43:34.180000+00:00,32.637,76.514,33.0,4.94,mw,,,,1.1,us,usp000531d,2014-11-07T00:50:05.808Z,"37 km ENE of Chamba, India",earthquake,,,,10.0,reviewed,us,us,1992-02-13,31765,India,3
1992-02-25 01:57:25.870000+00:00,25.195,92.225,33.0,5.28,mw,,,,0.6,us,usp00053fk,2014-11-07T00:50:08.124Z,"38 km NNW of Kar?mganj, India",earthquake,,,,2.0,reviewed,us,us,1992-02-25,31695,India,2
1992-03-14 12:40:26.030000+00:00,30.664,78.829,30.3,5.11,mw,,,,0.8,us,usp000548q,2014-11-07T00:50:15.925Z,"37 km ESE of Uttark?shi, India",earthquake,,,,28.0,reviewed,us,us,1992-03-14,31726,India,3
1992-03-17 02:14:49.640000+00:00,9.216,92.833,66.6,5.1,mw,,,,0.8,us,usp00054cz,2022-04-28T18:52:31.528Z,"271 km S of Port Blair, India",earthquake,,,,,reviewed,us,hrv,1992-03-17,31756,India,1
1992-03-21 23:04:56.350000+00:00,13.457,94.458,33.0,4.94,mw,,,,0.9,us,usp00054n8,2014-11-07T00:50:18.064Z,"271 km NE of Bamboo Flat, India",earthquake,,,,3.0,reviewed,us,us,1992-03-21,31764,India,1
1992-03-22 01:47:55.020000+00:00,10.553,93.904,33.0,5.2,mw,,,,1.2,us,usp00054nk,2014-11-07T00:50:18.100Z,"176 km SE of Port Blair, India",earthquake,,,,25.0,reviewed,us,us,1992-03-22,31708,India,1
1992-03-22 14:28:24+00:00,25.971,95.613,33.0,4.68,mw,,,,0.8,us,usp00054pa,2014-11-07T00:50:18.169Z,"85 km ESE of Tuensang, India",earthquake,,,,2.0,reviewed,us,us,1992-03-22,31846,India,2
1992-03-22 18:59:29.910000+00:00,14.05,92.894,33.0,4.77,mw,,,,1.0,us,usp00054ps,2014-11-07T00:50:18.217Z,"260 km N of Bamboo Flat, India",earthquake,,,,5.0,reviewed,us,us,1992-03-22,31795,India,1
1992-03-23 08:21:44.220000+00:00,26.784,97.399,33.0,5.2,mw,,,,0.9,us,usp00054qn,2014-11-07T00:50:18.414Z,"86 km NE of Sarupathar, India",earthquake,,,,2.0,reviewed,us,us,1992-03-23,31719,India,2
1992-03-25 22:32:34.850000+00:00,24.874,95.231,106.0,5.2,mw,,,,1.0,us,usp00054ud,2025-12-19T22:36:30.726Z,"114 km SE of Phek, India",earthquake,,,,,reviewed,us,hrv,1992-03-25,31718,India,2
1992-04-04 17:43:20.710000+00:00,28.147,87.979,33.0,5.2,mw,,,,1.1,us,usp00055b6,2014-11-07T00:50:24.619Z,"88 km NW of Mangan, India",earthquake,,,,41.0,reviewed,us,us,1992-04-04,31717,India,-1
1992-04-09 16:30:33.070000+00:00,27.95,96.434,33.0,4.68,mw,,,,1.3,us,usp00055jc,2014-11-07T00:50:25.959Z,"17 km SW of Hayuliang, India",earthquake,,,,2.0,reviewed,us,us,1992-04-09,31842,India,2
1992-04-20 07:29:41.980000+00:00,26.676,95.229,47.4,4.94,mw,,,,1.4,us,usp000561s,2014-11-07T00:50:28.402Z,"18 km ESE of Mon, India",earthquake,,17.4,,5.0,reviewed,us,us,1992-04-20,31764,India,2
1992-04-20 18:50:28.300000+00:00,27.256,92.077,33.0,4.94,mw,,,,1.4,us,usp000562a,2014-11-07T00:50:28.470Z,"34 km W of Bomdila, India",earthquake,,,,20.0,reviewed,us,us,1992-04-20,31767,India,2
1992-04-20 19:22:59.720000+00:00,25.842,90.569,54.7,4.6,mw,,,,1.4,us,usp000562d,2014-11-07T00:50:28.485Z,"33 km SE of Lakhipur, India",earthquake,,14.0,,4.0,reviewed,us,us,1992-04-20,31847,India,2
1992-04-22 06:08:49.070000+00:00,30.968,78.242,33.0,4.85,mw,,,,1.2,us,usp000564r,2014-11-07T00:50:28.680Z,"18 km N of Barkot, India",earthquake,,,,13.0,reviewed,us,us,1992-04-22,31782,India,3
1992-05-06 11:17:30.560000+00:00,8.877,93.817,33.0,4.6,mw,,,,0.9,us,usp00056zm,2014-11-07T00:50:35.846Z,"Nicobar Islands, India region",earthquake,,,,7.0,reviewed,us,us,1992-05-06,31853,India,1
1992-05-30 18:10:58.200000+00:00,10.205,92.604,33.0,4.85,mw,,,,0.7,us,usp00058e2,2014-11-07T00:50:42.943Z,"162 km S of Port Blair, India",earthquake,,,,16.0,reviewed,us,us,1992-05-30,31793,India,1
1992-06-08 00:25:59.120000+00:00,28.501,94.05,10.0,4.85,mw,,,,0.5,us,usp00058th,2014-11-07T00:50:48.552Z,"31 km W of Shi Yomi, India",earthquake,,,,7.0,reviewed,us,us,1992-06-08,31793,India,-1
1992-06-10 13:41:24.950000+00:00,25.66,96.758,33.0,5.03,mw,,,,1.2,us,usp00058x5,2014-11-07T00:50:49.061Z,"60 km S of Sarupathar, India",earthquake,,,,33.0,reviewed,us,us,1992-06-10,31763,India,2
1992-06-12 11:45:34.430000+00:00,30.125,78.885,33.0,5.11,mw,,,,1.6,us,usp00058zs,2014-11-07T00:50:49.453Z,"10 km ESE of Pauri, India",earthquake,,,,3.0,reviewed,us,us,1992-06-12,31738,India,-1
1992-06-13 22:44:04.770000+00:00,21.63,93.019,33.0,4.77,mw,,,,1.1,us,usp0005929,2014-11-07T00:50:49.751Z,"95 km S of Saiha, India",earthquake,,,,6.0,reviewed,us,us,1992-06-13,31809,India,2
1992-06-19 14:01:55.590000+00:00,34.669,75.16,33.0,4.6,mw,,,,1.5,us,usp00059ax,2014-11-07T00:50:50.916Z,"55 km ENE of Bandipura, India",earthquake,,,,3.0,reviewed,us,us,1992-06-19,31859,India,-1
1992-06-25 15:46:13.550000+00:00,11.833,92.381,35.1,4.94,mw,,,,0.9,us,usp00059nd,2014-11-07T00:50:53.127Z,"39 km WNW of Bamboo Flat, India",earthquake,,11.1,,13.0,reviewed,us,us,1992-06-25,31764,India,1
1992-07-06 12:23:48.910000+00:00,11.709,92.509,25.0,5.37,mw,,,,1.3,us,usp0005acm,2014-11-07T00:51:01.193Z,"22 km W of Bamboo Flat, India",earthquake,,,,33.0,reviewed,us,us,1992-07-06,31903,India,1
1992-07-30 09:14:24.260000+00:00,26.543,92.218,33.0,4.43,mw,,,,1.4,us,usp0005bqy,2014-11-07T00:51:08.641Z,"7 km ENE of Kh?rupatia, India",earthquake,,,,1.0,reviewed,us,us,1992-07-30,32033,India,2
1992-08-08 12:07:48.710000+00:00,25.394,91.912,49.5,4.68,mw,,,,1.1,us,usp0005c5t,2014-11-07T00:51:14.551Z,"19 km S of Shillong, India",earthquake,,8.2,,7.0,reviewed,us,us,1992-08-08,31998,India,2
1992-08-09 15:16:30.650000+00:00,30.931,78.487,33.0,4.43,mw,,,,0.5,us,usp0005c7b,2014-11-07T00:51:14.712Z,"22 km N of Uttark?shi, India",earthquake,,,,3.0,reviewed,us,us,1992-08-09,32029,India,3
1992-09-03 00:58:38.320000+00:00,34.66,80.122,33.0,6.18,mw,,,,1.1,us,usp0005dgu,2014-11-07T00:51:24.383Z,"239 km ENE of Leh, India",earthquake,,,,1.0,reviewed,us,us,1992-09-03,31870,India,-1
1992-09-06 14:10:55.980000+00:00,32.436,76.338,33.0,4.94,mw,,,,0.9,us,usp0005dnf,2014-11-07T00:51:25.196Z,"Himachal Pradesh, India",earthquake,,,,7.0,reviewed,us,us,1992-09-06,31934,India,3
1992-09-06 23:07:34.680000+00:00,24.554,94.999,122.2,4.85,mw,,,,1.0,us,usp0005dp3,2014-11-07T00:51:25.295Z,"94 km E of W?ngjing, India",earthquake,,,,34.0,reviewed,us,us,1992-09-06,31942,India,2
1992-09-08 15:19:14.380000+00:00,28.725,95.004,10.0,5.03,mw,,,,1.0,us,usp0005drm,2014-11-07T00:51:26.331Z,"64 km NNE of Along, India",earthquake,,,,3.0,reviewed,us,us,1992-09-08,31932,India,-1
1992-09-16 04:23:16.170000+00:00,11.645,93.59,149.4,5.3,mw,,,,1.0,us,usp0005e24,2025-12-19T22:56:57.865Z,"92 km E of Port Blair, India",earthquake,,,,,reviewed,us,hrv,1992-09-16,31904,India,1
1992-09-16 18:25:50.530000+00:00,34.211,79.326,33.0,4.77,mw,,,,1.4,us,usp0005e30,2014-11-07T00:51:29.171Z,"160 km E of Leh, India",earthquake,,,,4.0,reviewed,us,us,1992-09-16,31960,India,-1
1992-09-21 12:17:19.830000+00:00,23.388,93.149,32.9,5.11,mw,,,,1.1,us,usp0005e9c,2014-11-07T00:51:29.885Z,"2 km ENE of Khawhai, India",earthquake,,8.1,,15.0,reviewed,us,us,1992-09-21,31932,India,2
1992-09-24 21:48:42.730000+00:00,9.826,92.794,72.9,4.68,mw,,,,1.0,us,usp0005efa,2014-11-07T00:51:30.639Z,"203 km S of Port Blair, India",earthquake,,16.6,,2.0,reviewed,us,us,1992-09-24,31974,India,1
1992-09-28 17:22:50.170000+00:00,10.365,94.559,33.0,4.6,mw,,,,0.8,us,usp0005enk,2014-11-07T00:51:31.884Z,"244 km SE of Port Blair, India",earthquake,,,,2.0,reviewed,us,us,1992-09-28,32025,India,1
1992-10-04 21:18:58.390000+00:00,24.376,94.353,60.0,4.77,mw,,,,0.4,us,usp0005eyb,2014-11-07T00:51:37.793Z,"37 km SE of W?ngjing, India",earthquake,,15.0,,2.0,reviewed,us,us,1992-10-04,31971,India,2
1992-10-15 20:11:34.480000+00:00,10.994,93.55,33.0,4.77,mw,,,,1.4,us,usp0005fcn,2014-11-07T00:51:40.032Z,"114 km SE of Port Blair, India",earthquake,,,,7.0,reviewed,us,us,1992-10-15,31950,India,1
1992-10-18 17:33:03.240000+00:00,18.069,76.856,33.0,4.77,mw,,,,1.1,us,usp0005fht,2014-11-07T00:51:41.344Z,"12 km ESE of Nilanga, India",earthquake,,,,6.0,reviewed,us,us,1992-10-18,31954,India,-1
1992-11-11 05:27:31.050000+00:00,27.638,92.852,68.4,4.85,mw,,,,1.5,us,usp0005gpd,2014-11-07T00:51:51.243Z,"59 km NE of Bomdila, India",earthquake,,13.8,,8.0,reviewed,us,us,1992-11-11,31942,India,2
1992-12-08 07:08:39.920000+00:00,9.291,93.479,66.0,6.0,mw,,,,1.1,us,usp0005hyu,2022-04-28T18:25:23.564Z,"274 km SSE of Port Blair, India",earthquake,,,,,reviewed,us,hrv,1992-12-08,31894,India,1
1992-12-08 23:22:04.560000+00:00,17.791,86.478,33.0,4.85,mw,,,,0.9,us,usp0005j01,2014-11-07T00:52:01.384Z,"232 km SE of Ganj?m, India",earthquake,,,,2.0,reviewed,us,us,1992-12-08,31947,India,-1
1992-12-12 14:20:56.740000+00:00,25.473,91.414,40.7,5.28,mw,,,,0.9,us,usp0005j69,2022-04-28T18:25:37.026Z,"15 km ESE of Nongstoin, India",earthquake,,,,65.0,reviewed,us,us,1992-12-12,31929,India,2
1992-12-16 14:38:31.220000+00:00,23.444,92.562,33.0,4.51,mw,,,,0.8,us,usp0005jcb,2014-11-07T00:52:02.929Z,"23 km NW of Thenzawl, India",earthquake,,,,2.0,reviewed,us,us,1992-12-16,32025,India,2
1992-12-30 13:55:18.680000+00:00,10.753,94.413,33.0,4.77,mw,,,,0.6,us,usp0005k2p,2014-11-07T00:52:06.387Z,"208 km ESE of Port Blair, India",earthquake,,,,3.0,reviewed,us,us,1992-12-30,32156,India,1
1993-01-12 06:19:19.940000+00:00,34.435,80.544,33.0,5.03,mw,,,,1.3,us,usp0005kn7,2014-11-07T00:52:13.439Z,"274 km E of Leh, India",earthquake,,,,20.0,reviewed,us,us,1993-01-12,32096,India,-1
1993-01-12 08:52:43.010000+00:00,31.169,80.309,33.0,5.11,mw,,,,1.3,us,usp0005knb,2014-11-07T00:52:13.450Z,"98 km NE of Josh?math, India",earthquake,,,,22.0,reviewed,us,us,1993-01-12,32091,India,-1
1993-01-23 09:39:28.930000+00:00,25.79,95.662,108.7,4.85,mw,,,,1.0,us,usp0005m4m,2014-11-07T00:52:16.268Z,"99 km ESE of Tuensang, India",earthquake,,5.6,,46.0,reviewed,us,us,1993-01-23,32150,India,2
1993-01-27 00:39:07.150000+00:00,24.076,93.731,64.8,4.51,mw,,,,1.3,us,usp0005m9q,2014-11-07T00:52:16.813Z,"29 km SSE of Chur?ch?ndpur, India",earthquake,,20.1,,4.0,reviewed,us,us,1993-01-27,32213,India,2
1993-02-01 21:39:47.650000+00:00,10.943,93.741,163.8,4.6,mw,,,,0.8,us,usp0005mhb,2014-11-07T00:52:20.093Z,"134 km SE of Port Blair, India",earthquake,,10.3,,17.0,reviewed,us,us,1993-02-01,32192,India,1
1993-02-10 00:28:26.770000+00:00,12.598,93.563,79.7,4.94,mw,,,,1.2,us,usp0005mv5,2014-11-07T00:52:23.273Z,"135 km NE of Bamboo Flat, India",earthquake,,,,13.0,reviewed,us,us,1993-02-10,32134,India,1
1993-02-12 12:44:19.140000+00:00,23.507,92.337,33.0,4.68,mw,,,,1.4,us,usp0005mz6,2014-11-07T00:52:23.748Z,"45 km WSW of Aizawl, India",earthquake,,,,8.0,reviewed,us,us,1993-02-12,32184,India,2
1993-02-15 14:29:40.870000+00:00,25.85,87.473,29.7,5.28,mw,,,,1.4,us,usp0005n4k,2022-04-28T18:20:15.354Z,"6 km W of Kasba, India",earthquake,,,,37.0,reviewed,us,us,1993-02-15,32071,India,-1
1993-02-17 23:27:41.490000+00:00,26.258,92.805,27.7,4.6,mw,,,,1.7,us,usp0005n8n,2014-11-07T00:52:24.958Z,"28 km N of Hoj?i, India",earthquake,,13.4,,4.0,reviewed,us,us,1993-02-17,32196,India,2
1993-02-21 06:32:31.600000+00:00,10.11,93.1,77.6,5.11,mw,,,,1.1,us,usp0005ndz,2014-11-07T00:52:26.071Z,"176 km SSE of Port Blair, India",earthquake,,20.7,,5.0,reviewed,us,us,1993-02-21,32094,India,1
1993-03-03 05:17:31.010000+00:00,25.419,90.23,33.0,4.85,mw,,,,0.9,us,usp0005nx8,2014-11-07T00:52:31.218Z,"10 km SSE of Tura, India",earthquake,,,,1.0,reviewed,us,us,1993-03-03,32152,India,2
1993-03-14 14:50:18.440000+00:00,11.733,92.312,33.0,4.94,mw,,,,1.3,us,usp0005pgg,2014-11-07T00:52:35.410Z,"44 km W of Bamboo Flat, India",earthquake,,,,18.0,reviewed,us,us,1993-03-14,32100,India,1
1993-03-19 15:53:52.840000+00:00,12.147,95.082,24.7,5.3,mw,,,,1.0,us,usp0005ptg,2025-12-19T22:55:00.021Z,"259 km ENE of Port Blair, India",earthquake,,,,,reviewed,us,hrv,1993-03-19,32060,India,1
1993-03-27 09:42:59.110000+00:00,24.68,95.1,114.7,5.28,mw,,,,0.9,us,usp0005q75,2014-11-07T00:52:39.586Z,"105 km E of W?ngjing, India",earthquake,,,,77.0,reviewed,us,us,1993-03-27,32075,India,2
1993-04-08 03:49:33.230000+00:00,35.653,77.652,41.7,5.2,mw,,,,1.1,us,usp0005quq,2022-04-28T18:15:30.550Z,"112 km NE of Thang, India",earthquake,,8.0,,,reviewed,us,hrv,1993-04-08,32080,India,-1
1993-04-09 16:24:15.100000+00:00,13.181,92.941,33.0,4.85,mw,,,,1.2,us,usp0005qxk,2014-11-07T00:52:48.129Z,"165 km N of Bamboo Flat, India",earthquake,,,,15.0,reviewed,us,us,1993-04-09,32146,India,1
1993-04-12 03:48:10.640000+00:00,28.704,95.38,17.3,4.85,mw,,,,1.2,us,usp0005r1p,2014-11-07T00:52:48.671Z,"Arunachal Pradesh, India",earthquake,,,,6.0,reviewed,us,us,1993-04-12,32147,India,-1
1993-04-14 20:04:09.990000+00:00,26.519,96.479,22.8,4.94,mw,,,,1.3,us,usp0005r67,2014-11-07T00:52:49.159Z,"47 km NW of Sarupathar, India",earthquake,,,,38.0,reviewed,us,us,1993-04-14,32121,India,2
1993-04-18 03:33:29.400000+00:00,13.06,95.193,27.1,5.2,mw,,,,0.9,us,usp0005rbx,2014-11-07T00:52:50.151Z,"Andaman Islands, India region",earthquake,,,,31.0,reviewed,us,us,1993-04-18,32089,India,1
1993-05-16 09:05:58.650000+00:00,23.101,86.982,33.0,4.94,mw,,,,1.5,us,usp0005sw0,2020-08-29T02:14:26.736Z,"17 km SSW of B?nkura, India",earthquake,,,,7.0,reviewed,us,us,1993-05-16,32126,India,-1
1993-05-24 05:02:28.720000+00:00,28.835,96.082,33.0,5.28,mw,,,,0.8,us,usp0005tcj,2022-04-28T18:13:44.013Z,"95 km NNW of Hayuliang, India",earthquake,,,,52.0,reviewed,us,us,1993-05-24,32060,India,-1
1993-05-28 14:20:28.620000+00:00,26.795,93.301,33.0,4.94,mw,,,,0.4,us,usp0005tmx,2014-11-07T00:53:05.312Z,"32 km WSW of Gohpur, India",earthquake,,,,3.0,reviewed,us,us,1993-05-28,32110,India,2
1993-06-14 07:30:17.480000+00:00,35.568,78.407,33.0,5.37,mw,,,,1.0,us,usp0005uj6,2022-04-28T18:09:05.965Z,"163 km ENE of Thang, India",earthquake,,,,75.0,reviewed,us,us,1993-06-14,32047,India,-1
1993-06-23 17:19:26.750000+00:00,27.529,92.616,33.0,4.94,mw,,,,0.8,us,usp0005v2d,2014-11-07T00:53:18.789Z,"34 km NNE of Bomdila, India",earthquake,,,,26.0,reviewed,us,us,1993-06-23,32343,India,2
1993-06-28 08:08:36.510000+00:00,14.129,93.766,33.0,5.11,mw,,,,1.3,us,usp0005van,2014-11-07T00:53:20.085Z,"291 km NNE of Bamboo Flat, India",earthquake,,,,10.0,reviewed,us,us,1993-06-28,32295,India,1
1993-07-31 19:29:21.770000+00:00,27.976,91.944,33.0,4.77,mw,,,,0.5,us,usp0005xre,2014-11-07T00:53:34.935Z,"44 km N of Tawang, India",earthquake,,,,9.0,reviewed,us,us,1993-07-31,32378,India,2
1993-08-16 02:09:14.700000+00:00,30.955,78.955,33.0,4.43,mw,,,,1.0,us,usp0005ymr,2014-11-07T00:53:44.596Z,"54 km ENE of Uttark?shi, India",earthquake,,,,3.0,reviewed,us,us,1993-08-16,32394,India,3
1993-08-17 22:56:44.450000+00:00,26.089,95.665,105.7,4.68,mw,,,,1.1,us,usp0005yrp,2014-11-07T00:53:45.688Z,"86 km ESE of Tuensang, India",earthquake,,8.4,,18.0,reviewed,us,us,1993-08-17,32388,India,2
1993-08-19 03:49:27.210000+00:00,30.085,80.037,33.0,4.77,mw,,,,1.2,us,usp0005ytm,2014-11-07T00:53:45.985Z,"37 km NE of B?geshwar, India",earthquake,,,,22.0,reviewed,us,us,1993-08-19,32384,India,3
1993-08-23 23:20:35.050000+00:00,10.418,94.179,20.4,5.11,mw,,,,1.2,us,usp0005z3d,2014-11-07T00:53:48.044Z,"208 km SE of Port Blair, India",earthquake,,,,15.0,reviewed,us,us,1993-08-23,32306,India,1
1993-08-24 17:47:30.490000+00:00,20.641,71.365,24.8,5.28,mw,,,,1.1,us,usp0005z4v,2020-07-08T00:12:01.850Z,"36 km ESE of Delv?da, India",earthquake,,,,62.0,reviewed,us,us,1993-08-24,32283,India,-1
1993-08-24 22:52:21.300000+00:00,10.209,93.847,22.9,5.2,mw,,,,0.9,us,usp0005z59,2014-11-07T00:53:48.316Z,"201 km SE of Port Blair, India",earthquake,,,,44.0,reviewed,us,us,1993-08-24,32284,India,1
1993-08-28 04:26:23.910000+00:00,17.173,73.672,5.0,5.2,mw,,,,1.0,us,usp0005zc7,2020-09-15T16:35:41.953Z,"21 km ESE of M?khjan, India",earthquake,,,,51.0,reviewed,us,us,1993-08-28,32284,India,-1
1993-09-01 08:22:43.330000+00:00,27.546,97.152,59.2,5.03,mw,,,,1.2,us,usp0005zjp,2014-11-07T00:53:52.731Z,"83 km SE of Hayuliang, India",earthquake,,17.4,,5.0,reviewed,us,us,1993-09-01,32316,India,2
1993-09-04 17:25:10.110000+00:00,30.34,94.831,10.0,5.37,mw,,,,1.1,us,usp0005zrk,2014-11-07T00:53:55.090Z,"205 km NNE of Shi Yomi, India",earthquake,,,,51.0,reviewed,us,us,1993-09-04,32260,India,-1
1993-09-15 15:08:13.480000+00:00,33.322,75.74,33.0,5.28,mw,,,,0.9,us,usp00060ds,2022-04-28T18:00:45.255Z,"2 km WNW of Kishtw?r, India",earthquake,,,,55.0,reviewed,us,us,1993-09-15,32279,India,3
1993-09-20 07:40:54.980000+00:00,27.821,92.938,33.0,5.03,mw,,,,0.8,us,usp00060p3,2014-11-07T00:53:59.422Z,"79 km NE of Bomdila, India",earthquake,,,,13.0,reviewed,us,us,1993-09-20,32320,India,2
1993-09-25 23:24:36.470000+00:00,32.122,80.635,33.0,4.85,mw,,,,0.8,us,usp000611v,2014-11-07T00:54:02.748Z,"201 km NNE of Josh?math, India",earthquake,,,,5.0,reviewed,us,us,1993-09-25,32366,India,-1
1993-09-29 22:25:48.620000+00:00,18.066,76.451,6.8,6.2,mwb,,,,1.0,us,usp000618c,2022-04-28T18:01:41.087Z,"20 km SSW of Ausa, India",earthquake,,,,,reviewed,us,us,1993-09-29,32222,India,-1
1993-09-30 17:04:45.810000+00:00,11.815,92.529,22.5,5.3,mw,,,,0.9,us,usp000619g,2022-04-28T18:01:46.929Z,"24 km WNW of Bamboo Flat, India",earthquake,,,,,reviewed,us,hrv,1993-09-30,32276,India,1
1993-10-22 01:14:28.860000+00:00,17.438,73.965,33.0,4.77,mw,,,,1.4,us,usp00062dz,2014-11-07T00:54:14.176Z,"9 km NE of P?tan, India",earthquake,,,,2.0,reviewed,us,us,1993-10-22,32382,India,-1
1993-10-29 23:45:07.340000+00:00,17.369,77.468,10.0,5.28,mw,,,,1.5,us,usp00062wu,2020-09-15T16:46:13.687Z,"11 km SSE of Chincholi, India",earthquake,,,,10.0,reviewed,us,us,1993-10-29,32277,India,-1
1993-11-14 13:20:37.670000+00:00,30.658,80.356,33.0,4.77,mw,,,,0.9,us,usp00063pv,2014-11-07T00:54:24.850Z,"76 km E of Josh?math, India",earthquake,,,,6.0,reviewed,us,us,1993-11-14,32369,India,-1
1993-11-17 19:26:12.160000+00:00,24.385,94.703,112.5,4.51,mw,,,,0.3,us,usp00063ub,2014-11-07T00:54:25.350Z,"68 km ESE of W?ngjing, India",earthquake,,13.9,,2.0,reviewed,us,us,1993-11-17,32391,India,2
1993-11-26 03:58:27.420000+00:00,13.552,93.669,67.1,5.11,mw,,,,1.2,us,usp0006488,2014-11-07T00:54:27.408Z,"229 km NNE of Bamboo Flat, India",earthquake,,10.7,,13.0,reviewed,us,us,1993-11-26,32311,India,1
1993-11-30 11:27:10.520000+00:00,11.136,95.185,33.0,4.94,mw,,,,1.1,us,usp00064fc,2014-11-07T00:54:28.208Z,"272 km ESE of Port Blair, India",earthquake,,,,23.0,reviewed,us,us,1993-11-30,32350,India,1
1993-12-02 22:04:38.490000+00:00,24.868,95.794,33.0,5.2,mw,,,,0.9,us,usp00064jv,2014-11-07T00:54:31.927Z,"157 km SE of Phek, India",earthquake,,,,4.0,reviewed,us,us,1993-12-02,32288,India,2
1993-12-06 20:54:45.430000+00:00,6.818,78.301,10.0,5.45,mw,,,,1.1,us,usp00064sj,2014-11-07T00:54:34.146Z,"163 km SSE of Kanniy?kum?ri, India",earthquake,,,,75.0,reviewed,us,us,1993-12-06,32227,India,-1
1993-12-09 18:26:18.210000+00:00,25.955,96.504,33.0,5.03,mw,,,,1.4,us,usp00064x5,2014-11-07T00:54:34.872Z,"41 km SW of Sarupathar, India",earthquake,,,,35.0,reviewed,us,us,1993-12-09,32321,India,2
1993-12-12 23:34:18.050000+00:00,27.263,92.076,33.0,5.2,mw,,,,0.8,us,usp000652a,2014-11-07T00:54:35.607Z,"34 km W of Bomdila, India",earthquake,,,,41.0,reviewed,us,us,1993-12-12,32292,India,2
1993-12-21 23:05:38.280000+00:00,8.727,94.363,33.0,4.85,mw,,,,0.4,us,usp00065eq,2014-11-07T00:54:37.597Z,"Nicobar Islands, India region",earthquake,,,,1.0,reviewed,us,us,1993-12-21,32513,India,1
1993-12-22 04:09:55.170000+00:00,24.414,94.361,132.5,4.94,mw,,,,0.1,us,usp00065ey,2014-11-07T00:54:37.616Z,"35 km ESE of W?ngjing, India",earthquake,,18.0,,5.0,reviewed,us,us,1993-12-22,32500,India,2
1994-01-04 16:51:22.250000+00:00,26.37,95.939,88.1,4.85,mw,,,,1.4,us,usp000660n,2014-11-07T00:54:43.363Z,"80 km SSE of Khonsa, India",earthquake,,12.1,,7.0,reviewed,us,us,1994-01-04,32539,India,2
1994-01-20 23:30:41.800000+00:00,25.17,93.513,33.0,5.03,mw,,,,1.5,us,usp000673s,2014-11-07T00:54:49.369Z,"40 km E of Mahur, India",earthquake,,,,6.0,reviewed,us,us,1994-01-20,32493,India,2
1994-02-01 09:30:55.180000+00:00,17.228,73.523,10.0,5.28,mw,,,,1.2,us,usp00067up,2022-04-28T17:48:46.473Z,"5 km SSE of M?khjan, India",earthquake,,,,57.0,reviewed,us,us,1994-02-01,32417,India,-1
1994-02-08 05:36:45.340000+00:00,10.533,93.76,27.2,5.11,mw,,,,1.0,us,usp0006874,2014-11-07T00:54:57.516Z,"167 km SE of Port Blair, India",earthquake,,,,36.0,reviewed,us,us,1994-02-08,32445,India,1
1994-03-11 06:23:30.660000+00:00,22.166,93.111,34.1,4.94,mw,,,,1.2,us,usp00069ht,2014-11-07T00:55:08.218Z,"38 km SSE of Saiha, India",earthquake,,9.2,,20.0,reviewed,us,us,1994-03-11,32509,India,2
1994-03-21 06:13:33.800000+00:00,11.592,95.027,33.0,5.03,mw,,,,0.9,us,usp00069z5,2014-11-07T00:55:10.291Z,"248 km E of Port Blair, India",earthquake,,,,13.0,reviewed,us,us,1994-03-21,32496,India,1
1994-03-24 13:51:31.430000+00:00,26.371,91.27,33.0,4.68,mw,,,,1.0,us,usp0006a3z,2014-11-07T00:55:10.732Z,"26 km ENE of Barpeta, India",earthquake,,,,6.0,reviewed,us,us,1994-03-24,32565,India,2
1994-03-28 15:43:59.340000+00:00,10.644,91.595,33.0,4.85,mw,,,,0.8,us,usp0006aaj,2014-11-07T00:55:11.379Z,"169 km SW of Port Blair, India",earthquake,,,,6.0,reviewed,us,us,1994-03-28,32538,India,1
1994-03-29 00:25:59.280000+00:00,30.612,79.502,33.0,4.51,mw,,,,0.8,us,usp0006ab5,2014-11-07T00:55:11.416Z,"8 km NW of Josh?math, India",earthquake,,,,5.0,reviewed,us,us,1994-03-29,32573,India,3
1994-03-29 06:54:21.830000+00:00,26.687,96.508,94.4,4.85,mw,,,,0.8,us,usp0006ab9,2014-11-07T00:55:11.422Z,"61 km NNW of Sarupathar, India",earthquake,,11.1,,17.0,reviewed,us,us,1994-03-29,32518,India,2
1994-04-06 07:03:27.610000+00:00,26.188,96.867,33.0,5.9,mw,,,,1.0,us,usp0006aqe,2022-04-28T17:44:13.992Z,"6 km ESE of Sarupathar, India",earthquake,,,,,reviewed,us,hrv,1994-04-06,32403,India,2
1994-04-09 11:19:30.400000+00:00,24.639,94.788,90.3,5.37,mw,,,,0.9,us,usp0006avq,2014-11-07T00:55:17.216Z,"73 km E of W?ngjing, India",earthquake,,,,87.0,reviewed,us,us,1994-04-09,32404,India,2
1994-04-10 06:58:15.310000+00:00,11.86,92.888,33.0,4.68,mw,,,,0.6,us,usp0006awc,2014-11-07T00:55:17.309Z,"25 km NE of Bamboo Flat, India",earthquake,,,,6.0,reviewed,us,us,1994-04-10,32559,India,1
1994-04-10 10:11:23.130000+00:00,10.196,94.291,33.0,4.85,mw,,,,1.5,us,usp0006awp,2014-11-07T00:55:17.336Z,"234 km SE of Port Blair, India",earthquake,,,,5.0,reviewed,us,us,1994-04-10,32518,India,1
1994-04-15 09:44:18.780000+00:00,34.566,74.072,33.0,4.85,mw,,,,0.9,us,usp0006b4h,2014-11-07T00:55:18.460Z,"46 km NNW of B?ram?la, India",earthquake,,,,18.0,reviewed,us,us,1994-04-15,32513,India,3
1994-04-15 14:28:48.780000+00:00,25.927,90.488,33.0,4.6,mw,,,,1.3,us,usp0006b52,2014-11-07T00:55:18.504Z,"21 km ESE of Lakhipur, India",earthquake,,,,10.0,reviewed,us,us,1994-04-15,32566,India,2
1994-05-05 06:04:02.290000+00:00,25.895,95.643,104.0,5.11,mw,,,,1.2,us,usp0006c43,2014-11-07T00:55:26.663Z,"91 km ESE of Tuensang, India",earthquake,,14.1,,7.0,reviewed,us,us,1994-05-05,32433,India,2
1994-05-06 17:52:39.610000+00:00,26.382,93.609,33.0,4.68,mw,,,,1.5,us,usp0006c6j,2014-11-07T00:55:26.908Z,"28 km S of Bok?kh?t, India",earthquake,,,,5.0,reviewed,us,us,1994-05-06,32558,India,2
1994-05-13 09:19:53.250000+00:00,32.493,75.53,33.0,4.77,mw,,,,1.3,us,usp0006cg4,2014-11-07T00:55:28.249Z,"13 km N of Kathua, India",earthquake,,,,11.0,reviewed,us,us,1994-05-13,32546,India,3
1994-05-20 10:13:53.050000+00:00,30.115,95.004,33.0,4.68,mw,,,,1.1,us,usp0006cup,2014-11-07T00:55:29.772Z,"186 km NNE of Shi Yomi, India",earthquake,,,,1.0,reviewed,us,us,1994-05-20,32558,India,-1
1994-05-21 23:15:13.920000+00:00,8.607,93.635,10.0,5.11,mw,,,,0.9,us,usp0006cwp,2014-11-07T00:55:30.022Z,"Nicobar Islands, India region",earthquake,,,,24.0,reviewed,us,us,1994-05-21,32483,India,1
1994-05-25 07:38:53.710000+00:00,27.65,87.792,47.9,4.94,mw,,,,0.7,us,usp0006d2t,2014-11-07T00:55:31.315Z,"60 km NW of Gyalshing, India",earthquake,,17.0,,5.0,reviewed,us,us,1994-05-25,32501,India,-1
1994-05-25 19:39:32.920000+00:00,10.599,94.931,41.7,5.11,mw,,,,0.7,us,usp0006d49,2014-11-07T00:55:31.610Z,"266 km ESE of Port Blair, India",earthquake,,21.5,,4.0,reviewed,us,us,1994-05-25,32452,India,1
1994-05-26 06:13:58.540000+00:00,10.632,94.219,33.0,4.94,mw,,,,0.7,us,usp0006d5d,2014-11-07T00:55:31.796Z,"197 km SE of Port Blair, India",earthquake,,,,9.0,reviewed,us,us,1994-05-26,32501,India,1
1994-06-01 02:15:21.410000+00:00,22.916,92.868,33.0,4.77,mw,,,,1.2,us,usp0006dfk,2014-11-07T00:55:34.782Z,"13 km ENE of Lunglei, India",earthquake,,,,5.0,reviewed,us,us,1994-06-01,32553,India,2
1994-06-02 13:26:08.870000+00:00,25.21,94.961,102.3,4.85,mw,,,,1.1,us,usp0006dj8,2014-11-07T00:55:36.582Z,"68 km SE of Phek, India",earthquake,,10.9,,8.0,reviewed,us,us,1994-06-02,32512,India,2
1994-06-09 22:53:03.730000+00:00,24.375,92.282,33.0,4.77,mw,,,,1.4,us,usp0006e0t,2014-11-07T00:55:40.596Z,"11 km E of Dharmanagar, India",earthquake,,,,7.0,reviewed,us,us,1994-06-09,32554,India,2
1994-06-18 02:55:45.780000+00:00,8.57,93.297,33.0,4.94,mw,,,,0.7,us,usp0006efs,2014-11-07T00:55:42.998Z,"Nicobar Islands, India region",earthquake,,,,19.0,reviewed,us,us,1994-06-18,32724,India,1
1994-06-25 04:18:20.940000+00:00,28.345,94.673,33.0,4.43,mw,,,,1.1,us,usp0006esr,2014-11-07T00:55:44.459Z,"23 km NNW of Along, India",earthquake,,,,3.0,reviewed,us,us,1994-06-25,32755,India,-1
1994-07-24 23:39:06.650000+00:00,25.018,92.641,33.0,5.03,mw,,,,0.8,us,usp0006g38,2014-11-07T00:55:54.682Z,"17 km NNE of Badarpur, India",earthquake,,,,32.0,reviewed,us,us,1994-07-24,32684,India,2
1994-07-31 23:53:36.580000+00:00,31.682,80.266,35.1,5.11,mw,,,,0.9,us,usp0006gck,2014-11-07T00:55:55.990Z,"141 km NNE of Josh?math, India",earthquake,,19.3,,15.0,reviewed,us,us,1994-07-31,32634,India,-1
1994-08-05 11:19:10.410000+00:00,26.651,92.522,33.0,5.11,mw,,,,0.9,us,usp0006gjn,2014-11-07T00:56:00.515Z,"7 km SE of Dhekiajuli, India",earthquake,,,,28.0,reviewed,us,us,1994-08-05,32645,India,2
1994-08-08 21:08:31.660000+00:00,24.721,95.2,121.7,6.1,mw,,,,1.0,us,usp0006gqk,2022-04-28T17:33:44.966Z,"115 km E of W?ngjing, India",earthquake,,,,,reviewed,us,hrv,1994-08-08,32582,India,2
1994-08-09 23:34:56.700000+00:00,10.634,94.382,33.0,5.5,mw,,,,1.1,us,usp0006gs1,2022-04-28T17:33:46.225Z,"212 km ESE of Port Blair, India",earthquake,,,,,reviewed,us,hrv,1994-08-09,32618,India,1
1994-08-20 21:11:31.710000+00:00,33.822,76.418,33.0,4.85,mw,,,,1.0,us,usp0006h8f,2014-11-07T00:56:06.636Z,"58 km NW of Padam, India",earthquake,,,,18.0,reviewed,us,us,1994-08-20,32742,India,3
1994-08-31 23:29:54.570000+00:00,25.851,78.566,33.0,5.03,mw,,,,0.8,us,usp0006hru,2020-09-15T17:22:56.581Z,"22 km NW of Bh?nder, India",earthquake,,,,29.0,reviewed,us,us,1994-08-31,32683,India,-1
1994-09-03 15:46:13.060000+00:00,24.805,94.564,86.3,5.03,mw,,,,1.1,us,usp0006hx6,2014-11-07T00:56:13.264Z,"54 km ENE of Yairipok, India",earthquake,,10.4,,4.0,reviewed,us,us,1994-09-03,32684,India,2
1994-09-27 18:11:04.200000+00:00,8.573,94.889,190.0,4.85,mw,,,,1.0,us,usp0006k3j,2014-11-07T00:56:20.633Z,"Nicobar Islands, India region",earthquake,,,,35.0,reviewed,us,us,1994-09-27,32731,India,-1
1994-09-28 04:04:30.370000+00:00,25.63,90.647,10.0,4.43,mw,,,,1.4,us,usp0006k4c,2014-11-07T00:56:20.749Z,"46 km ENE of Tura, India",earthquake,,,,5.0,reviewed,us,us,1994-09-28,32753,India,2
1994-09-28 16:46:06.410000+00:00,23.337,88.547,33.0,4.94,mw,,,,1.3,us,usp0006k57,2020-09-15T17:24:58.765Z,"9 km SE of Krishnanagar, India",earthquake,,,,2.0,reviewed,us,us,1994-09-28,32688,India,-1
1994-10-02 12:58:49.390000+00:00,34.17,74.598,33.0,4.85,mw,,,,0.5,us,usp0006kan,2014-11-07T00:56:25.756Z,"3 km ENE of Pattan, India",earthquake,,,,14.0,reviewed,us,us,1994-10-02,32738,India,3
1994-10-25 07:29:06.150000+00:00,27.136,92.295,33.0,5.2,mw,,,,0.9,us,usp0006mp8,2014-11-07T00:56:33.610Z,"19 km SW of Bomdila, India",earthquake,,,,24.0,reviewed,us,us,1994-10-25,32630,India,2
1994-11-07 10:59:22.440000+00:00,10.215,93.774,33.0,5.1,mw,,,,1.0,us,usp0006n7e,2025-12-19T22:28:41.657Z,"195 km SE of Port Blair, India",earthquake,,,,,reviewed,us,hrv,1994-11-07,32656,India,1
1994-11-14 23:53:06.210000+00:00,11.934,93.766,140.7,4.94,mw,,,,0.7,us,usp0006nnc,2014-11-07T00:56:47.419Z,"115 km ENE of Port Blair, India",earthquake,,,,41.0,reviewed,us,us,1994-11-14,32711,India,1
1994-11-21 08:16:34.070000+00:00,25.54,96.657,14.0,5.9,mw,,,,1.2,us,usp0006p03,2022-04-28T17:21:09.001Z,"75 km SSW of Sarupathar, India",earthquake,,,,,reviewed,us,hrv,1994-11-21,32589,India,2
1994-11-25 21:02:08.280000+00:00,21.509,93.27,33.0,5.03,mw,,,,1.0,us,usp0006p86,2014-11-07T00:56:50.614Z,"112 km SSE of Saiha, India",earthquake,,,,17.0,reviewed,us,us,1994-11-25,32659,India,2
1994-12-06 23:35:15.160000+00:00,28.964,94.654,10.0,5.2,mw,,,,1.0,us,usp0006prj,2014-11-07T00:56:55.521Z,"55 km NNE of Shi Yomi, India",earthquake,,,,35.0,reviewed,us,us,1994-12-06,32633,India,-1
1994-12-08 13:01:32.760000+00:00,30.439,79.686,67.9,5.2,mw,,,,0.7,us,usp0006pta,2014-11-07T00:56:56.015Z,"17 km SE of Josh?math, India",earthquake,,24.1,,4.0,reviewed,us,us,1994-12-08,32625,India,3
1994-12-29 02:03:27.870000+00:00,13.004,93.473,33.0,5.37,mw,,,,0.9,us,usp0006qjy,2014-11-07T00:57:00.567Z,"166 km NNE of Bamboo Flat, India",earthquake,,,,3.0,reviewed,us,us,1994-12-29,32795,India,1
1994-12-29 19:39:35.120000+00:00,12.281,92.287,33.0,4.94,mw,,,,0.2,us,usp0006qku,2014-11-07T00:57:00.688Z,"79 km NW of Bamboo Flat, India",earthquake,,,,4.0,reviewed,us,us,1994-12-29,32886,India,1
1995-01-17 11:18:22.830000+00:00,24.124,93.581,61.5,5.03,mw,,,,1.3,us,usp0006rg3,2014-11-07T00:57:09.059Z,"24 km SSW of Chur?ch?ndpur, India",earthquake,,,,18.0,reviewed,us,us,1995-01-17,32856,India,2
1995-01-22 11:48:01.160000+00:00,11.503,92.377,33.0,4.94,mw,,,,0.8,us,usp0006rqx,2014-11-07T00:57:10.429Z,"42 km WSW of Bamboo Flat, India",earthquake,,,,11.0,reviewed,us,us,1995-01-22,32898,India,1
1995-02-10 05:43:45.850000+00:00,26.103,96.193,93.4,4.43,mw,,,,1.2,us,usp0006spk,2014-11-07T00:57:18.612Z,"62 km W of Sarupathar, India",earthquake,,14.1,,7.0,reviewed,us,us,1995-02-10,32932,India,2
1995-02-17 02:44:25.050000+00:00,27.635,92.371,39.3,5.5,mw,,,,1.0,us,usp0006t34,2022-04-29T17:40:42.377Z,"41 km N of Bomdila, India",earthquake,,,,,reviewed,us,hrv,1995-02-17,32776,India,2
1995-03-08 05:10:58.130000+00:00,9.277,93.749,112.8,4.85,mw,,,,0.8,us,usp0006txg,2014-11-07T00:57:29.164Z,"286 km SSE of Port Blair, India",earthquake,,10.8,,27.0,reviewed,us,us,1995-03-08,32901,India,1
1995-03-12 08:22:54.690000+00:00,17.644,73.772,10.0,5.03,mw,,,,0.9,us,usp0006u36,2020-09-15T17:46:28.972Z,"23 km W of Satara, India",earthquake,,,,26.0,reviewed,us,us,1995-03-12,32857,India,-1
1995-03-16 22:00:14.840000+00:00,11.008,93.639,137.8,4.85,mw,,,,0.9,us,usp0006u9s,2014-11-07T00:57:31.398Z,"121 km SE of Port Blair, India",earthquake,,,,29.0,reviewed,us,us,1995-03-16,32904,India,1
1995-03-19 16:44:48.860000+00:00,9.876,92.902,33.0,4.68,mw,,,,1.5,us,usp0006udv,2014-11-07T00:57:31.951Z,"198 km S of Port Blair, India",earthquake,,,,7.0,reviewed,us,us,1995-03-19,32911,India,1
1995-03-20 22:32:57.440000+00:00,10.261,93.428,33.0,5.03,mw,,,,1.3,us,usp0006ug7,2014-11-07T00:57:32.491Z,"172 km SSE of Port Blair, India",earthquake,,,,2.0,reviewed,us,us,1995-03-20,32853,India,1
1995-03-24 11:52:32.950000+00:00,32.564,75.998,33.0,5.2,mw,,,,0.8,us,usp0006unn,2022-04-29T17:33:00.158Z,"4 km ENE of Dalhousie, India",earthquake,,,,49.0,reviewed,us,us,1995-03-24,32819,India,3
1995-03-27 07:52:10.600000+00:00,21.671,84.565,10.0,4.94,mw,,,,0.9,us,usp0006utd,2020-09-15T17:49:06.788Z,"22 km NW of Deogarh, India",earthquake,,,,15.0,reviewed,us,us,1995-03-27,32877,India,-1
1995-03-29 02:46:23.720000+00:00,24.655,94.273,33.0,4.94,mw,,,,1.1,us,usp0006uvx,2014-11-07T00:57:34.210Z,"22 km ENE of W?ngjing, India",earthquake,,,,20.0,reviewed,us,us,1995-03-29,32866,India,2
1995-04-09 10:16:39.080000+00:00,24.44,94.607,38.6,4.94,mw,,,,0.9,us,usp0006vdt,2014-11-07T00:57:40.879Z,"57 km ESE of W?ngjing, India",earthquake,,,,27.0,reviewed,us,us,1995-04-09,32864,India,2
1995-04-18 15:05:28.610000+00:00,9.001,94.044,26.3,5.11,mw,,,,1.0,us,usp0006vv9,2014-11-07T00:57:43.448Z,"Nicobar Islands, India region",earthquake,,,,31.0,reviewed,us,us,1995-04-18,32826,India,1
1995-04-30 12:26:08.360000+00:00,10.321,94.155,16.9,4.6,mw,,,,0.7,us,usp0006wm1,2014-11-07T00:57:47.534Z,"214 km SE of Port Blair, India",earthquake,,,,7.0,reviewed,us,us,1995-04-30,32922,India,1
1995-04-30 19:22:39.310000+00:00,12.41,95.421,33.0,4.51,mw,,,,1.4,us,usp0006wmp,2014-11-07T00:57:47.579Z,"Andaman Islands, India region",earthquake,,,,8.0,reviewed,us,us,1995-04-30,32928,India,1
1995-05-03 02:06:14.310000+00:00,11.806,92.878,33.0,4.85,mw,,,,0.9,us,usp0006wrg,2014-11-07T00:57:51.509Z,"21 km NE of Port Blair, India",earthquake,,,,26.0,reviewed,us,us,1995-05-03,32898,India,1
1995-05-06 01:59:07.130000+00:00,24.987,95.294,117.5,6.4,mwb,,,,1.0,us,usp0006wyk,2022-04-29T16:51:35.739Z,"109 km SE of Phek, India",earthquake,,,,,reviewed,us,us,1995-05-06,32776,India,2
1995-05-13 11:57:12.830000+00:00,10.31,92.935,33.0,5.11,mw,,,,1.2,us,usp0006x9k,2014-11-07T00:57:54.968Z,"151 km S of Port Blair, India",earthquake,,,,18.0,reviewed,us,us,1995-05-13,32849,India,1
1995-05-24 13:46:45.280000+00:00,16.517,79.679,33.0,4.94,mw,,,,1.2,us,usp0006xyg,2020-09-15T18:00:19.138Z,"26 km E of M?cherla, India",earthquake,,,,3.0,reviewed,us,us,1995-05-24,32861,India,-1
1995-05-30 23:43:51.820000+00:00,27.141,95.659,33.0,5.2,mw,,,,1.5,us,usp0006ybu,2014-11-07T00:58:01.313Z,"15 km S of Margherita, India",earthquake,,,,2.0,reviewed,us,us,1995-05-30,32800,India,-1
1995-06-03 11:58:30.920000+00:00,8.049,92.081,33.0,5.11,mw,,,,0.5,us,usp0006yh3,2014-11-07T00:58:05.093Z,"Nicobar Islands, India region",earthquake,,,,3.0,reviewed,us,us,1995-06-03,32845,India,1
1995-06-17 10:06:06.230000+00:00,34.203,76.209,39.6,4.94,mw,,,,1.1,us,usp0006z8y,2014-11-07T00:58:09.581Z,"40 km S of Kargil, India",earthquake,,8.2,,40.0,reviewed,us,us,1995-06-17,32975,India,3
1995-06-21 18:35:41.230000+00:00,21.78,85.327,33.0,5.03,mw,,,,1.0,us,usp0006zgy,2020-09-15T18:03:06.990Z,"33 km S of Kiri Buru, India",earthquake,,,,24.0,reviewed,us,us,1995-06-21,32957,India,-1
1995-06-24 21:22:03.840000+00:00,9.439,93.128,33.0,4.77,mw,,,,1.1,us,usp0006znd,2014-11-07T00:58:11.473Z,"249 km S of Port Blair, India",earthquake,,,,18.0,reviewed,us,us,1995-06-24,33059,India,1
1995-06-27 05:48:25.150000+00:00,26.209,96.342,33.0,4.94,mw,,,,0.4,us,usp0006zsa,2014-11-07T00:58:12.062Z,"46 km W of Sarupathar, India",earthquake,,,,4.0,reviewed,us,us,1995-06-27,33003,India,2
1995-06-28 20:04:28.380000+00:00,28.362,91.893,28.4,4.77,mw,,,,1.2,us,usp0006zur,2014-11-07T00:58:12.355Z,"87 km N of Tawang, India",earthquake,,,,15.0,reviewed,us,us,1995-06-28,33061,India,-1
1995-07-03 00:59:47.960000+00:00,27.361,92.42,33.0,5.03,mw,,,,1.0,us,usp000701u,2014-11-07T00:58:16.566Z,"10 km N of Bomdila, India",earthquake,,,,44.0,reviewed,us,us,1995-07-03,32962,India,2
1995-07-16 09:27:12.550000+00:00,30.317,94.828,33.0,5.2,mw,,,,1.1,us,usp00070nf,2014-11-07T00:58:21.598Z,"202 km NNE of Shi Yomi, India",earthquake,,,,63.0,reviewed,us,us,1995-07-16,32953,India,-1
1995-07-19 18:10:13.690000+00:00,24.801,95.139,119.9,4.68,mw,,,,1.0,us,usp00070s5,2014-11-07T00:58:22.193Z,"111 km E of Yairipok, India",earthquake,,9.4,,10.0,reviewed,us,us,1995-07-19,33090,India,2
1995-07-27 15:16:29.280000+00:00,8.845,93.678,28.1,5.2,mw,,,,1.0,us,usp000711k,2022-04-29T20:16:11.142Z,"Nicobar Islands, India region",earthquake,,,,,reviewed,us,hrv,1995-07-27,32950,India,1
1995-07-30 12:54:10.190000+00:00,26.94,92.647,33.0,4.68,mw,,,,1.1,us,usp000716m,2014-11-07T00:58:24.395Z,"11 km N of Rang?p?ra, India",earthquake,,,,8.0,reviewed,us,us,1995-07-30,33091,India,2
1995-08-08 16:52:48.010000+00:00,26.223,90.202,28.1,4.77,mw,,,,1.1,us,usp00071ky,2014-11-07T00:58:30.373Z,"3 km WSW of Bil?sip?ra, India",earthquake,,,,10.0,reviewed,us,us,1995-08-08,33065,India,2
1995-08-13 22:15:48.920000+00:00,24.421,94.486,82.3,4.77,mw,,,,1.2,us,usp00071tq,2014-11-07T00:58:31.463Z,"46 km ESE of W?ngjing, India",earthquake,,6.8,,23.0,reviewed,us,us,1995-08-13,33062,India,2
1995-08-17 17:47:51.850000+00:00,33.849,76.369,33.0,4.51,mw,,,,0.5,us,usp00071zr,2014-11-07T00:58:33.019Z,"63 km NW of Padam, India",earthquake,,,,6.0,reviewed,us,us,1995-08-17,33111,India,3
1995-08-25 05:47:03.790000+00:00,9.287,94.525,33.0,4.43,mw,,,,1.5,us,usp00072d6,2014-11-07T00:58:35.346Z,"Nicobar Islands, India region",earthquake,,,,3.0,reviewed,us,us,1995-08-25,33113,India,1
1995-08-30 06:19:45.630000+00:00,25.304,95.047,56.0,4.68,mw,,,,1.1,us,usp00072nr,2014-11-07T00:58:36.685Z,"68 km SE of Phek, India",earthquake,,11.4,,12.0,reviewed,us,us,1995-08-30,33072,India,2
1995-08-30 21:12:39.630000+00:00,13.033,92.393,33.0,4.6,mw,,,,0.8,us,usp00072pm,2014-11-07T00:58:36.772Z,"151 km NNW of Bamboo Flat, India",earthquake,,,,7.0,reviewed,us,us,1995-08-30,33108,India,1
1995-09-05 07:44:02.160000+00:00,31.214,77.863,45.7,4.6,mw,,,,0.9,us,usp00072xw,2014-11-07T00:58:41.239Z,"10 km E of Rohru, India",earthquake,,11.9,,12.0,reviewed,us,us,1995-09-05,33100,India,3
1995-09-09 18:22:36.570000+00:00,21.504,93.543,48.3,4.6,mw,,,,1.0,us,usp000735c,2014-11-07T00:58:42.513Z,"123 km SSE of Saiha, India",earthquake,,,,9.0,reviewed,us,us,1995-09-09,33109,India,2
1995-09-24 22:51:52.540000+00:00,28.967,97.595,33.0,4.94,mw,,,,1.3,us,usp00073xv,2014-11-07T00:58:46.802Z,"142 km NE of Hayuliang, India",earthquake,,,,15.0,reviewed,us,us,1995-09-24,32989,India,-1
1995-09-26 04:56:56.030000+00:00,27.138,96.832,33.0,4.94,mw,,,,1.2,us,usp000740b,2014-11-07T00:58:47.229Z,"103 km N of Sarupathar, India",earthquake,,,,36.0,reviewed,us,us,1995-09-26,32978,India,2
1995-10-04 16:35:50.310000+00:00,35.549,77.601,16.3,4.94,mw,,,,1.1,us,usp00074gn,2014-11-07T00:58:53.763Z,"100 km NE of Thang, India",earthquake,,,,44.0,reviewed,us,us,1995-10-04,32986,India,-1
1995-10-08 18:22:59.830000+00:00,10.488,92.815,48.9,5.11,mw,,,,0.8,us,usp00074u1,2014-11-07T00:58:55.311Z,"130 km S of Port Blair, India",earthquake,,7.0,,62.0,reviewed,us,us,1995-10-08,32956,India,1
1995-10-10 05:43:28.930000+00:00,12.655,95.426,33.0,4.43,mw,,,,1.4,us,usp00074wt,2014-11-07T00:58:56.166Z,"Andaman Islands, India region",earthquake,,,,8.0,reviewed,us,us,1995-10-10,33119,India,1
1995-10-11 20:46:16.940000+00:00,10.326,93.581,24.0,4.77,mw,,,,1.2,us,usp00074zp,2014-11-07T00:58:56.731Z,"174 km SSE of Port Blair, India",earthquake,,,,33.0,reviewed,us,us,1995-10-11,33045,India,1
1995-10-14 02:04:14.640000+00:00,10.667,93.805,22.8,4.77,mw,,,,1.0,us,usp000753u,2014-11-07T00:58:57.333Z,"159 km SE of Port Blair, India",earthquake,,,,18.0,reviewed,us,us,1995-10-14,33030,India,1
1995-10-17 09:48:36.950000+00:00,10.447,92.325,33.0,4.85,mw,,,,1.0,us,usp000759t,2014-11-07T00:58:58.541Z,"142 km SSW of Port Blair, India",earthquake,,,,22.0,reviewed,us,us,1995-10-17,33015,India,1
1995-10-21 19:39:39.830000+00:00,31.432,78.963,33.0,5.2,mw,,,,0.5,us,usp00075hk,2014-11-07T00:58:59.941Z,"92 km NNE of Uttark?shi, India",earthquake,,,,1.0,reviewed,us,us,1995-10-21,32946,India,3
1995-11-08 20:55:15.460000+00:00,11.2,95.109,33.0,4.77,mw,,,,0.5,us,usp00076gt,2014-11-07T00:59:08.621Z,"262 km ESE of Port Blair, India",earthquake,,,,13.0,reviewed,us,us,1995-11-08,33020,India,1
1995-11-09 19:35:46.960000+00:00,27.503,96.816,65.8,4.68,mw,,,,1.0,us,usp00076j7,2014-11-07T00:59:08.760Z,"68 km SSE of Hayuliang, India",earthquake,,17.5,,2.0,reviewed,us,us,1995-11-09,33068,India,2
1995-11-15 21:44:15.930000+00:00,29.058,76.791,24.9,4.43,mw,,,,1.0,us,usp00076xc,2014-11-07T00:59:11.155Z,"12 km SE of Goh?na, India",earthquake,,10.6,,7.0,reviewed,us,us,1995-11-15,33113,India,-1
1995-11-18 03:41:38.290000+00:00,23.867,93.083,33.0,4.85,mw,,,,0.8,us,usp000771m,2014-11-07T00:59:11.657Z,"22 km SE of Darlawn, India",earthquake,,,,2.0,reviewed,us,us,1995-11-18,33020,India,2
1995-11-26 20:21:29.890000+00:00,31.999,78.534,30.4,4.6,mw,,,,0.7,us,usp00077k7,2014-11-07T00:59:14.111Z,"88 km NE of Sar?han, India",earthquake,,7.0,,16.0,reviewed,us,us,1995-11-26,33097,India,3
1995-11-27 21:44:02.090000+00:00,30.693,79.232,37.5,4.94,mw,,,,0.9,us,usp00077nd,2014-11-07T00:59:14.394Z,"35 km NNW of P?palkoti, India",earthquake,,8.0,,32.0,reviewed,us,us,1995-11-27,32998,India,3
1995-11-29 20:53:13.580000+00:00,34.07,80.65,33.0,4.43,mw,,,,0.7,us,usp00077s2,2014-11-07T00:59:14.701Z,"283 km E of Leh, India",earthquake,,,,7.0,reviewed,us,us,1995-11-29,33115,India,-1
1995-12-01 02:28:40.600000+00:00,24.206,91.815,20.0,4.43,mw,,,,1.2,us,usp00077v3,2014-11-07T00:59:17.195Z,"2 km WNW of Kamalpur, India",earthquake,,,,6.0,reviewed,us,us,1995-12-01,33116,India,2
1995-12-01 20:09:21.400000+00:00,26.195,92.237,57.6,4.77,mw,,,,1.0,us,usp00077x9,2014-11-07T00:59:18.549Z,"12 km WSW of Morigaon, India",earthquake,,10.7,,26.0,reviewed,us,us,1995-12-01,33026,India,2
1995-12-03 23:15:38.260000+00:00,10.773,93.459,100.0,4.77,mw,,,,1.1,us,usp000785x,2014-11-07T00:59:21.482Z,"125 km SE of Port Blair, India",earthquake,,,,11.0,reviewed,us,us,1995-12-03,33047,India,1
1995-12-04 17:54:56.490000+00:00,27.26,92.01,62.3,4.94,mw,,,,0.8,us,usp000788b,2014-11-07T00:59:21.830Z,"35 km SSE of Tawang, India",earthquake,,13.5,,18.0,reviewed,us,us,1995-12-04,33007,India,2
1995-12-07 05:49:42.600000+00:00,10.356,94.04,33.0,4.77,mw,,,,1.4,us,usp00078g9,2014-11-07T00:59:23.595Z,"202 km SE of Port Blair, India",earthquake,,,,12.0,reviewed,us,us,1995-12-07,33055,India,1
1995-12-10 14:44:52.290000+00:00,34.761,80.127,33.0,4.51,mw,,,,1.3,us,usp00078r8,2014-11-07T00:59:24.988Z,"242 km ENE of Leh, India",earthquake,,,,7.0,reviewed,us,us,1995-12-10,33228,India,-1
1995-12-12 05:42:32.260000+00:00,26.852,96.059,33.0,5.37,mw,,,,1.0,us,usp00078v5,2014-11-07T00:59:25.719Z,"52 km ESE of Khonsa, India",earthquake,,,,2.0,reviewed,us,us,1995-12-12,33126,India,2
1995-12-14 04:09:32.100000+00:00,18.131,76.543,10.0,4.68,mw,,,,1.0,us,usp00078yg,2020-07-08T00:22:34.327Z,"13 km SSE of Ausa, India",earthquake,,,,5.0,reviewed,us,us,1995-12-14,33190,India,-1
1996-01-03 23:13:55.360000+00:00,7.021,91.322,33.0,5.2,mw,,,,0.9,us,usp0007a9s,2014-11-07T00:59:36.451Z,"Nicobar Islands, India region",earthquake,,,,66.0,reviewed,us,us,1996-01-03,33153,India,1
1996-01-10 10:37:36.080000+00:00,22.174,77.666,10.0,4.43,mw,,,,0.8,us,usp0007at2,2014-11-07T00:59:38.775Z,"24 km W of Sh?hpur, India",earthquake,,,,8.0,reviewed,us,us,1996-01-10,33285,India,-1
1996-01-16 15:18:28.880000+00:00,12.113,92.662,33.0,4.51,mw,,,,1.1,us,usp0007b6m,2014-11-07T00:59:41.097Z,"46 km N of Bamboo Flat, India",earthquake,,,,5.0,reviewed,us,us,1996-01-16,33259,India,1
1996-01-17 00:22:18.810000+00:00,33.148,76.176,33.0,4.51,mw,,,,1.3,us,usp0007b7f,2014-11-07T00:59:41.193Z,"42 km ESE of Kishtw?r, India",earthquake,,,,8.0,reviewed,us,us,1996-01-17,33229,India,3
1996-01-18 08:05:35.800000+00:00,24.093,82.624,33.0,4.31,mw,,,,0.5,us,usp0007b9s,2014-11-07T00:59:41.479Z,"12 km SSW of Singrauli, India",earthquake,,,,,reviewed,us,dmn,1996-01-18,33298,India,-1
1996-01-20 09:40:36.350000+00:00,10.934,92.688,33.0,4.68,mw,,,,0.6,us,usp0007bdp,2014-11-07T00:59:42.157Z,"81 km S of Port Blair, India",earthquake,,,,5.0,reviewed,us,us,1996-01-20,33187,India,1
1996-01-30 17:53:29.600000+00:00,35.604,77.533,76.8,4.85,mw,,,,0.9,us,usp0007c0e,2014-11-07T00:59:44.759Z,"100 km NE of Thang, India",earthquake,,17.3,,18.0,reviewed,us,us,1996-01-30,33163,India,-1
1996-02-06 05:07:15.720000+00:00,11.16,92.264,24.2,4.68,mw,,,,0.2,us,usp0007ceb,2014-11-07T00:59:51.083Z,"76 km SW of Port Blair, India",earthquake,,,,6.0,reviewed,us,us,1996-02-06,33186,India,1
1996-02-08 15:54:01.130000+00:00,23.835,93.328,33.0,4.68,mw,,,,1.4,us,usp0007ck7,2014-11-07T00:59:51.790Z,"45 km ESE of Darlawn, India",earthquake,,,,6.0,reviewed,us,us,1996-02-08,33180,India,2
1996-02-12 20:39:54.380000+00:00,22.616,82.893,33.0,4.38,mw,,,,0.4,us,usp0007cu8,2014-11-07T00:59:53.188Z,"36 km NE of Korba, India",earthquake,,,,,reviewed,us,dmn,1996-02-12,33297,India,-1
1996-02-13 18:09:36.350000+00:00,10.431,94.208,33.0,4.43,mw,,,,1.2,us,usp0007cve,2014-11-07T00:59:53.289Z,"210 km SE of Port Blair, India",earthquake,,,,3.0,reviewed,us,us,1996-02-13,33262,India,1
1996-02-16 03:02:23.500000+00:00,28.634,91.934,33.0,4.77,mw,,,,1.3,us,usp0007d03,2014-11-07T00:59:53.907Z,"117 km N of Tawang, India",earthquake,,,,7.0,reviewed,us,us,1996-02-16,33173,India,-1
1996-02-17 06:59:56.980000+00:00,26.138,90.687,50.0,4.68,mw,,,,0.5,us,usp0007d2d,2014-11-07T00:59:54.345Z,"7 km SE of Go?lp?ra, India",earthquake,,,,3.0,reviewed,us,us,1996-02-17,33182,India,2
1996-02-19 16:04:42.860000+00:00,14.04,93.119,33.0,4.6,mw,,,,1.1,us,usp0007dg3,2014-11-07T00:59:56.328Z,"262 km N of Bamboo Flat, India",earthquake,,,,6.0,reviewed,us,us,1996-02-19,33208,India,1
1996-02-29 11:55:49.360000+00:00,10.475,92.698,27.9,5.45,mw,,,,0.8,us,usp0007e5j,2014-11-07T00:59:59.662Z,"131 km S of Port Blair, India",earthquake,,,,92.0,reviewed,us,us,1996-02-29,33124,India,1
1996-03-05 09:27:33.610000+00:00,26.48,92.96,33.0,4.51,mw,,,,1.0,us,usp0007ebz,2014-11-07T01:00:03.877Z,"23 km SE of Tezpur, India",earthquake,,,,6.0,reviewed,us,us,1996-03-05,33226,India,2
1996-03-05 14:47:52.030000+00:00,35.685,78.497,33.0,5.54,mw,,,,1.0,us,usp0007ec8,2022-04-29T20:12:48.203Z,"176 km ENE of Thang, India",earthquake,,,,79.0,reviewed,us,us,1996-03-05,33122,India,-1
1996-03-23 16:07:34.230000+00:00,27.167,88.302,33.0,4.43,mw,,,,0.3,us,usp0007f6e,2014-11-07T01:00:08.154Z,"6 km W of Namchi, India",earthquake,,,,7.0,reviewed,us,us,1996-03-23,33260,India,-1
1996-03-25 03:35:18.290000+00:00,8.776,93.786,33.0,4.68,mw,,,,1.0,us,usp0007f8n,2014-11-07T01:00:08.413Z,"Nicobar Islands, India region",earthquake,,,,20.0,reviewed,us,us,1996-03-25,33191,India,1
1996-03-26 08:30:25.270000+00:00,30.651,79.102,47.4,5.11,mw,,,,0.8,us,usp0007fab,2022-04-29T20:14:45.212Z,"40 km NW of P?palkoti, India",earthquake,,,,46.0,reviewed,us,us,1996-03-26,33159,India,3
1996-04-25 19:37:34.280000+00:00,24.822,95.197,117.7,4.94,mw,,,,0.8,us,usp0007gkp,2014-11-07T01:00:19.113Z,"116 km SE of Phek, India",earthquake,,9.1,,35.0,reviewed,us,us,1996-04-25,33161,India,2
1996-04-26 12:19:33.350000+00:00,17.161,73.556,22.8,4.6,mw,,,,1.0,us,usp0007gmk,2014-11-07T01:00:19.243Z,"13 km SSE of M?khjan, India",earthquake,,,,15.0,reviewed,us,us,1996-04-26,33193,India,-1
1996-04-26 16:30:58.490000+00:00,27.825,87.821,33.0,5.28,mw,,,,0.9,us,usp0007gmx,2022-04-29T20:18:25.790Z,"73 km NW of Gyalshing, India",earthquake,,,,35.0,reviewed,us,us,1996-04-26,33146,India,-1
1996-04-28 08:17:32.170000+00:00,25.187,94.924,96.2,4.43,mw,,,,0.8,us,usp0007gpg,2014-11-07T01:00:19.481Z,"68 km SE of Phek, India",earthquake,,17.4,,11.0,reviewed,us,us,1996-04-28,33265,India,2
1996-05-01 12:56:24.320000+00:00,6.319,90.911,33.0,4.43,mw,,,,1.0,us,usp0007gte,2014-11-07T01:00:22.373Z,"Nicobar Islands, India region",earthquake,,,,12.0,reviewed,us,us,1996-05-01,33278,India,-1
1996-05-14 19:05:30.550000+00:00,26.551,92.397,36.8,4.94,mw,,,,1.4,us,usp0007hdj,2014-11-07T01:00:27.356Z,"11 km NW of Dhing, India",earthquake,,,,34.0,reviewed,us,us,1996-05-14,33160,India,2
1996-05-21 19:51:38.140000+00:00,26.794,92.77,33.0,4.6,mw,,,,1.0,us,usp0007hne,2014-11-07T01:00:28.352Z,"11 km ESE of Rang?p?ra, India",earthquake,,,,12.0,reviewed,us,us,1996-05-21,33203,India,2
1996-05-23 23:51:13.650000+00:00,32.707,76.492,34.8,4.6,mw,,,,1.2,us,usp0007hqt,2014-11-07T01:00:28.944Z,"38 km ENE of Chamba, India",earthquake,,17.8,,13.0,reviewed,us,us,1996-05-23,33208,India,3
1996-06-02 00:02:19.060000+00:00,10.141,93.779,33.0,4.43,mw,,,,1.2,us,usp0007j14,2014-11-07T01:00:32.378Z,"202 km SSE of Port Blair, India",earthquake,,,,13.0,reviewed,us,us,1996-06-02,33287,India,1
1996-06-03 04:17:01.370000+00:00,27.92,93.79,33.0,4.51,mw,,,,1.4,us,usp0007j33,2014-11-07T01:00:33.475Z,"36 km N of Ziro, India",earthquake,,,,15.0,reviewed,us,us,1996-06-03,33260,India,-1
1996-06-09 23:25:18.500000+00:00,28.325,92.201,83.2,5.2,mwc,,,,0.9,us,usp0007jcg,2025-12-19T22:39:54.661Z,"87 km NNE of Tawang, India",earthquake,,,,,reviewed,us,hrv,1996-06-09,33345,India,-1
1996-06-15 08:24:02.960000+00:00,21.659,93.378,34.0,4.51,mw,,,,0.9,us,usp0007jsu,2014-11-07T01:00:37.952Z,"100 km SSE of Saiha, India",earthquake,,,,17.0,reviewed,us,us,1996-06-15,33465,India,2
1996-06-18 02:46:10.970000+00:00,30.525,79.266,33.0,4.43,mw,,,,0.6,us,usp0007jxd,2014-11-07T01:00:38.609Z,"19 km NW of P?palkoti, India",earthquake,,,,2.0,reviewed,us,us,1996-06-18,33468,India,3
1996-07-17 05:23:47.620000+00:00,26.039,91.935,33.0,4.68,mw,,,,0.9,us,usp0007m5c,2014-11-07T01:00:48.175Z,"16 km NNE of Nongpoh, India",earthquake,,,,7.0,reviewed,us,us,1996-07-17,33444,India,2
1996-07-17 06:56:06.950000+00:00,31.391,78.551,33.0,4.94,mw,,,,1.4,us,usp0007m5d,2014-11-07T01:00:48.177Z,"72 km NNE of Barkot, India",earthquake,,,,6.0,reviewed,us,us,1996-07-17,33399,India,3
1996-07-20 16:59:19.950000+00:00,9.929,92.953,33.0,4.94,mw,,,,1.1,us,usp0007max,2014-11-07T01:00:48.908Z,"193 km S of Port Blair, India",earthquake,,,,46.0,reviewed,us,us,1996-07-20,33398,India,1
1996-07-27 08:16:46.880000+00:00,18.208,87.433,33.0,5.03,mw,,,,1.2,us,usp0007mp1,2014-11-07T01:00:50.557Z,"233 km SE of Kon?rka, India",earthquake,,,,18.0,reviewed,us,us,1996-07-27,33360,India,-1
1996-07-28 14:26:30.030000+00:00,25.938,95.465,90.9,4.85,mw,,,,0.8,us,usp0007ms2,2014-11-07T01:00:50.916Z,"73 km ESE of Tuensang, India",earthquake,,,,28.0,reviewed,us,us,1996-07-28,33411,India,2
1996-08-04 13:51:28.330000+00:00,26.419,93.064,33.0,4.68,mw,,,,0.9,us,usp0007n3m,2014-11-07T01:00:55.640Z,"35 km SE of Tezpur, India",earthquake,,,,12.0,reviewed,us,us,1996-08-04,33452,India,2
1996-08-04 21:51:55.050000+00:00,16.008,79.851,10.0,4.51,mw,,,,0.8,us,usp0007n3w,2014-11-07T01:00:55.737Z,"12 km ESE of Vinukonda, India",earthquake,,,,4.0,reviewed,us,us,1996-08-04,33467,India,-1
1996-08-06 03:04:32.170000+00:00,24.898,95.279,125.0,4.85,mw,,,,0.7,us,usp0007n62,2014-11-07T01:00:56.467Z,"115 km SE of Phek, India",earthquake,,,,48.0,reviewed,us,us,1996-08-06,33412,India,2
1996-08-11 11:48:27.940000+00:00,14.087,93.817,33.0,4.6,mw,,,,0.9,us,usp0007ne5,2014-11-07T01:00:58.279Z,"289 km NNE of Bamboo Flat, India",earthquake,,,,7.0,reviewed,us,us,1996-08-11,33458,India,1
1996-08-16 23:39:38.460000+00:00,24.42,94.973,33.0,4.51,mw,,,,0.5,us,usp0007np7,2014-11-07T01:00:59.439Z,"94 km ESE of W?ngjing, India",earthquake,,,,8.0,reviewed,us,us,1996-08-16,33467,India,2
1996-08-18 02:48:00.920000+00:00,25.875,90.156,17.8,4.77,mw,,,,1.0,us,usp0007nqr,2014-11-07T01:00:59.658Z,"22 km SW of Lakhipur, India",earthquake,,7.8,,19.0,reviewed,us,us,1996-08-18,33420,India,2
1996-09-11 03:41:26.610000+00:00,10.017,93.824,33.0,5.11,mw,,,,0.96,us,usp0007ptj,2014-11-07T01:01:09.824Z,"217 km SSE of Port Blair, India",earthquake,,,,27.0,reviewed,us,us,1996-09-11,33352,India,1
1996-09-12 18:04:47.760000+00:00,27.007,92.492,48.9,4.94,mw,,,,0.77,us,usp0007pvs,2014-11-07T01:01:10.101Z,"25 km NW of Rang?p?ra, India",earthquake,,,,31.0,reviewed,us,us,1996-09-12,33400,India,2
1996-09-13 03:41:08.660000+00:00,27.033,88.234,33.0,4.85,mw,,,,0.84,us,usp0007pwa,2014-11-07T01:01:10.167Z,"3 km W of D?rjiling, India",earthquake,,,,3.0,reviewed,us,us,1996-09-13,33412,India,-1
1996-09-14 00:22:57.200000+00:00,32.834,76.371,33.0,4.94,mw,,,,1.11,us,usp0007px7,2014-11-07T01:01:10.290Z,"38 km NE of Chamba, India",earthquake,,,,5.0,reviewed,us,us,1996-09-14,33374,India,3
1996-09-14 02:09:19.180000+00:00,27.635,92.638,33.0,5.03,mw,,,,0.85,us,usp0007px9,2014-11-07T01:01:10.295Z,"46 km NNE of Bomdila, India",earthquake,,,,21.0,reviewed,us,us,1996-09-14,33360,India,2
1996-09-14 02:12:07.230000+00:00,30.748,78.307,33.0,5.11,mw,,,,0.9,us,usp0007pxa,2014-11-07T01:01:10.299Z,"11 km SE of Barkot, India",earthquake,,,,2.0,reviewed,us,us,1996-09-14,33353,India,3
1996-09-21 00:09:21.930000+00:00,24.192,93.905,100.0,4.43,mw,,,,0.94,us,usp0007q7p,2014-11-07T01:01:12.286Z,"28 km ESE of Chur?ch?ndpur, India",earthquake,,,,2.0,reviewed,us,us,1996-09-21,33468,India,2
1996-09-24 03:28:01.860000+00:00,23.342,88.586,36.4,4.94,mw,,,,1.54,us,usp0007qd8,2020-09-15T19:03:06.231Z,"5 km W of Bagul?, India",earthquake,,,,3.0,reviewed,us,us,1996-09-24,33372,India,-1
1996-09-25 07:12:23.060000+00:00,30.44,78.584,33.0,4.94,mw,,,,1.2,us,usp0007qep,2014-11-07T01:01:13.140Z,"11 km ENE of Tehri, India",earthquake,,,,4.0,reviewed,us,us,1996-09-25,33367,India,3
1996-09-25 17:41:17.240000+00:00,27.433,88.552,33.0,5.28,mw,,,,1.12,us,usp0007qfr,2022-04-29T20:34:39.904Z,"8 km SSE of Mangan, India",earthquake,,,,22.0,reviewed,us,us,1996-09-25,33342,India,-1
1996-10-03 18:58:36.790000+00:00,12.864,93.86,100.0,4.85,mw,,,,0.38,us,usp0007qws,2014-11-07T01:01:19.370Z,"179 km NE of Bamboo Flat, India",earthquake,,,,1.0,reviewed,us,us,1996-10-03,33401,India,1
1996-10-11 00:05:08.220000+00:00,33.55,76.299,33.0,4.94,mw,,,,0.94,us,usp0007r8q,2014-11-07T01:01:22.000Z,"55 km W of Padam, India",earthquake,,,,1.0,reviewed,us,us,1996-10-11,33362,India,3
1996-10-27 01:54:10.490000+00:00,30.051,94.98,33.0,4.85,mw,,,,0.81,us,usp0007s04,2014-11-07T01:01:26.291Z,"178 km NNE of Shi Yomi, India",earthquake,,,,14.0,reviewed,us,us,1996-10-27,33408,India,-1
1996-11-04 16:42:27.230000+00:00,13.274,93.814,33.0,5.2,mw,,,,0.85,us,usp0007se6,2014-11-07T01:01:32.282Z,"211 km NE of Bamboo Flat, India",earthquake,,,,42.0,reviewed,us,us,1996-11-04,33342,India,1
1996-11-09 04:11:59.320000+00:00,10.229,92.714,33.0,4.85,mw,,,,0.79,us,usp0007sqg,2014-11-07T01:01:33.930Z,"159 km S of Port Blair, India",earthquake,,,,2.0,reviewed,us,us,1996-11-09,33401,India,1
1996-11-10 09:00:04.160000+00:00,18.301,76.695,33.0,4.51,mw,,,,1.21,us,usp0007ssr,2014-11-07T01:01:34.172Z,"17 km SE of Latur, India",earthquake,,,,4.0,reviewed,us,us,1996-11-10,33460,India,-1
1996-11-12 04:20:58.770000+00:00,29.919,77.172,53.7,4.85,mw,,,,0.79,us,usp0007svu,2020-09-15T19:11:54.864Z,"11 km ENE of Indri, India",earthquake,,9.6,,3.0,reviewed,us,us,1996-11-12,33401,India,-1
1996-11-17 18:12:26.620000+00:00,21.471,73.042,10.0,4.6,mw,,,,1.47,us,usp0007t5c,2014-11-07T01:01:36.203Z,"8 km E of Kosamba, India",earthquake,,,,3.0,reviewed,us,us,1996-11-17,33457,India,-1
1996-11-19 00:12:18.680000+00:00,24.498,92.641,49.7,5.4,mwc,,,,0.77,us,usp0007t74,2022-04-29T20:40:10.232Z,India-Bangladesh border region,earthquake,,,,,reviewed,us,hrv,1996-11-19,33310,India-Bangladesh border region,2
1996-11-19 10:44:46.060000+00:00,35.345,78.133,33.0,6.9,mwc,,,,1.12,us,usp0007t7m,2022-04-29T20:40:11.657Z,"130 km ENE of Thang, India",earthquake,,,,,reviewed,us,hrv,1996-11-19,33304,India,-1
1996-11-20 19:12:25.730000+00:00,11.449,92.838,33.0,4.68,mw,,,,1.16,us,usp0007t9w,2014-11-07T01:01:37.036Z,"26 km SSE of Port Blair, India",earthquake,,,,2.0,reviewed,us,us,1996-11-20,33428,India,1
1996-11-20 23:27:07.350000+00:00,28.853,96.021,33.0,5.28,mw,,,,0.98,us,usp0007tad,2022-04-29T20:40:21.357Z,"100 km NNW of Hayuliang, India",earthquake,,,,20.0,reviewed,us,us,1996-11-20,33313,India,-1
1996-12-05 20:29:43.080000+00:00,11.601,92.742,33.0,4.94,mw,,,,0.84,us,usp0007u0d,2014-11-07T01:01:44.635Z,"7 km S of Port Blair, India",earthquake,,,,20.0,reviewed,us,us,1996-12-05,33539,India,1
1996-12-10 12:08:34.290000+00:00,25.285,94.995,105.2,5.03,mw,,,,1.32,us,usp0007u7h,2014-11-07T01:01:46.164Z,Myanmar-India border region,earthquake,,12.0,,1.0,reviewed,us,us,1996-12-10,33520,Myanmar-India border region,2
1996-12-14 18:34:02.790000+00:00,35.305,77.65,66.5,4.77,mw,,,,1.36,us,usp0007uf7,2014-11-07T01:01:47.086Z,"88 km ENE of Thang, India",earthquake,,,,6.0,reviewed,us,us,1996-12-14,33648,India,-1
1996-12-29 21:52:08.930000+00:00,11.642,93.523,33.0,4.85,mw,,,,0.51,us,usp0007v5x,2014-11-07T01:01:50.781Z,"84 km E of Port Blair, India",earthquake,,,,4.0,reviewed,us,us,1996-12-29,33578,India,1
1997-01-02 10:52:35.030000+00:00,10.568,92.742,33.0,5.37,mw,,,,0.95,us,usp0007vbh,2014-11-07T01:01:54.216Z,"121 km S of Port Blair, India",earthquake,,,,57.0,reviewed,us,us,1997-01-02,33507,India,1
1997-01-05 08:47:25.400000+00:00,29.845,80.532,33.0,5.6,mwc,,,,0.9,us,usp0007vgp,2022-04-29T16:40:01.014Z,"1 km E of Dh?rchula, India",earthquake,,,,,reviewed,us,hrv,1997-01-05,33492,India,3
1997-01-11 14:35:12.060000+00:00,8.858,93.695,33.0,5.3,mwc,,,,1.08,us,usp0007vrj,2022-04-29T16:40:27.514Z,"Nicobar Islands, India region",earthquake,,,,,reviewed,us,hrv,1997-01-11,33511,India,1
1997-01-22 01:56:32.670000+00:00,10.549,93.647,128.5,4.85,mw,,,,1.02,us,usp0007w6h,2014-11-07T01:01:59.196Z,"157 km SE of Port Blair, India",earthquake,,27.4,,2.0,reviewed,us,us,1997-01-22,33595,India,1
1997-01-30 15:55:04.170000+00:00,24.941,94.385,100.0,4.51,mw,,,,1.1,us,usp0007wj3,2014-11-07T01:02:01.170Z,"44 km NE of Yairipok, India",earthquake,,,,4.0,reviewed,us,us,1997-01-30,33650,India,2
1997-03-10 17:55:14.440000+00:00,27.217,92.417,33.0,4.85,mw,,,,1.36,us,usp0007ymt,2014-11-07T01:02:18.984Z,"5 km S of Bomdila, India",earthquake,,,,19.0,reviewed,us,us,1997-03-10,33634,India,2
1997-03-27 17:48:41.790000+00:00,35.353,78.253,33.0,4.94,mw,,,,0.96,us,usp0007zjq,2014-11-07T01:02:23.349Z,"141 km ENE of Thang, India",earthquake,,,,19.0,reviewed,us,us,1997-03-27,33531,India,-1
1997-04-25 01:45:08.660000+00:00,26.521,96.202,100.0,4.85,mw,,,,0.84,us,usp0008175,2014-11-07T01:02:38.205Z,"70 km WNW of Sarupathar, India",earthquake,,,,7.0,reviewed,us,us,1997-04-25,33624,India,2
1997-05-05 01:18:40.990000+00:00,10.012,93.587,100.0,4.77,mw,,,,1.53,us,usp00081sf,2014-11-07T01:02:44.261Z,"204 km SSE of Port Blair, India",earthquake,,,,6.0,reviewed,us,us,1997-05-05,33637,India,1
1997-05-06 22:17:58.750000+00:00,12.249,93.357,71.8,5.28,mw,,,,0.87,us,usp00081vq,2014-11-07T01:02:44.929Z,"92 km NE of Bamboo Flat, India",earthquake,,13.9,,9.0,reviewed,us,us,1997-05-06,33514,India,1
1997-05-08 02:53:14.730000+00:00,24.894,92.25,34.9,6.0,mwb,,,,0.96,us,usp00081x0,2022-04-29T16:52:54.183Z,"11 km WNW of Kar?mganj, India",earthquake,,,,,reviewed,us,us,1997-05-08,33483,India,2
1997-05-19 15:32:57.940000+00:00,25.088,93.959,65.9,4.77,mw,,,,1.4,us,usp00082hy,2014-11-07T01:02:48.137Z,"31 km N of Imph?l, India",earthquake,,,,3.0,reviewed,us,us,1997-05-19,33635,India,2
1997-05-21 22:51:28.730000+00:00,23.083,80.041,36.0,5.8,mwc,,,,1.0,us,usp00082nd,2022-04-29T16:54:46.385Z,"1 km SSW of Barela, India",earthquake,,,,,reviewed,us,hrv,1997-05-21,33488,India,-1
1997-06-02 19:30:09.670000+00:00,28.045,92.625,33.0,5.11,mw,,,,1.3,us,usp000832z,2014-11-07T01:02:52.976Z,"86 km NE of Tawang, India",earthquake,,,,1.0,reviewed,us,us,1997-06-02,33727,India,2
1997-06-27 01:23:59.940000+00:00,8.44,93.142,100.0,5.03,mw,,,,1.14,us,usp000840z,2014-11-07T01:03:00.138Z,"Nicobar Islands, India region",earthquake,,,,16.0,reviewed,us,us,1997-06-27,33807,India,1
1997-07-10 13:59:54.780000+00:00,29.814,94.923,33.0,5.11,mw,,,,0.92,us,usp00084nh,2022-04-29T16:57:36.693Z,"152 km NNE of Shi Yomi, India",earthquake,,,,27.0,reviewed,us,us,1997-07-10,33739,India,-1
1997-07-29 18:00:18.760000+00:00,31.554,76.817,33.0,5.03,mw,,,,0.82,us,usp00085hs,2014-11-07T01:03:11.868Z,"8 km WNW of Sundarnagar, India",earthquake,,,,18.0,reviewed,us,us,1997-07-29,33796,India,3
1997-07-31 15:59:37.030000+00:00,23.887,93.159,33.0,5.3,mwc,,,,0.86,us,usp00085mv,2022-04-29T16:59:18.555Z,"27 km ESE of Darlawn, India",earthquake,,,,,reviewed,us,hrv,1997-07-31,33687,India,2
1997-08-06 08:58:21.390000+00:00,25.632,92.185,41.3,5.2,mw,,,,1.08,us,usp00085vg,2014-11-07T01:03:16.412Z,"31 km ENE of Shillong, India",earthquake,,,,1.0,reviewed,us,us,1997-08-06,33721,India,2
1997-08-18 06:37:37.890000+00:00,24.826,95.038,102.1,4.68,mw,,,,0.68,us,usp00086d0,2014-11-07T01:03:19.298Z,"101 km E of Yairipok, India",earthquake,,,,3.0,reviewed,us,us,1997-08-18,33834,India,2
1997-09-04 02:02:54.710000+00:00,24.485,94.495,100.0,4.77,mw,,,,0.83,us,usp000873u,2014-11-07T01:03:26.823Z,"45 km ESE of W?ngjing, India",earthquake,,,,3.0,reviewed,us,us,1997-09-04,33824,India,2
1997-09-28 14:32:39.500000+00:00,25.235,94.917,128.7,4.94,mw,,,,0.59,us,usp000886u,2014-11-07T01:03:32.388Z,"63 km SE of Phek, India",earthquake,,9.2,,9.0,reviewed,us,us,1997-09-28,33812,India,2
1997-10-08 03:02:44.710000+00:00,24.962,93.333,52.3,4.85,mw,,,,1.17,us,usp00088qs,2014-11-07T01:03:39.735Z,"33 km SE of Mahur, India",earthquake,,,,14.0,reviewed,us,us,1997-10-08,33821,India,2
1997-10-14 18:13:44.560000+00:00,8.269,93.675,33.0,5.2,mw,,,,1.14,us,usp000891s,2014-11-07T01:03:41.929Z,"Nicobar Islands, India region",earthquake,,,,29.0,reviewed,us,us,1997-10-14,33700,India,1
1997-10-25 18:40:17.780000+00:00,10.948,92.524,33.0,5.11,mw,,,,0.88,us,usp00089km,2014-11-07T01:03:45.549Z,"83 km SSW of Port Blair, India",earthquake,,,,19.0,reviewed,us,us,1997-10-25,33756,India,1
1997-10-30 06:30:28.400000+00:00,11.605,93.021,56.1,5.2,mw,,,,0.99,us,usp00089sn,2014-11-07T01:03:46.978Z,"30 km ESE of Port Blair, India",earthquake,,,,56.0,reviewed,us,us,1997-10-30,33719,India,1
1997-11-03 00:41:47.830000+00:00,9.697,93.852,150.0,4.68,mw,,,,0.62,us,usp00089zv,2014-11-07T01:03:50.656Z,"249 km SSE of Port Blair, India",earthquake,,,,28.0,reviewed,us,us,1997-11-03,33835,India,1
1997-11-08 09:04:46.850000+00:00,28.774,95.853,57.6,5.03,mw,,,,0.89,us,usp0008a94,2014-11-07T01:03:52.635Z,"93 km NNE of P?sigh?t, India",earthquake,,,,12.0,reviewed,us,us,1997-11-08,33780,India,-1
1997-11-11 03:47:09.840000+00:00,26.423,95.194,102.5,4.43,mw,,,,0.82,us,usp0008afe,2014-11-07T01:03:53.441Z,"37 km SSE of Mon, India",earthquake,,18.6,,2.0,reviewed,us,us,1997-11-11,33836,India,2
1997-11-21 11:23:06.310000+00:00,22.212,92.702,54.4,6.1,mwc,,,,0.97,us,usp0008b2r,2022-04-29T17:08:49.556Z,"42 km SW of Saiha, India",earthquake,,,,,reviewed,us,hrv,1997-11-21,33662,India,2
1997-11-22 11:27:47.770000+00:00,35.388,78.368,33.0,4.94,mw,,,,1.33,us,usp0008b4f,2014-11-07T01:03:56.626Z,"152 km ENE of Thang, India",earthquake,,,,14.0,reviewed,us,us,1997-11-22,33816,India,-1
1997-11-23 12:57:56.590000+00:00,26.192,96.064,54.7,5.03,mw,,,,0.83,us,usp0008b7e,2014-11-07T01:03:56.950Z,"74 km W of Sarupathar, India",earthquake,,7.5,,25.0,reviewed,us,us,1997-11-23,33790,India,2
1997-12-19 04:17:53.600000+00:00,7.634,94.306,19.6,4.43,mw,,,,1.01,us,usp0008cwq,2014-11-07T01:04:08.710Z,"Nicobar Islands, India region",earthquake,,,,1.0,reviewed,us,us,1997-12-19,34009,India,-1
1997-12-23 04:15:05.200000+00:00,33.84,75.209,33.0,4.6,mw,,,,1.4,us,usp0008d2c,2014-11-07T01:04:09.422Z,"10 km ENE of Bijbehara, India",earthquake,,,,4.0,reviewed,us,us,1997-12-23,33996,India,3
1997-12-28 12:22:24.940000+00:00,26.43,96.237,100.0,4.43,mw,,,,1.14,us,usp0008dba,2014-11-07T01:04:11.508Z,"62 km WNW of Sarupathar, India",earthquake,,,,7.0,reviewed,us,us,1997-12-28,34010,India,2
1998-01-06 03:09:47.510000+00:00,26.045,91.839,33.0,4.85,mw,,,,1.2,us,usp0008dtu,2014-11-07T01:04:17.593Z,"10 km SSE of Dispur, India",earthquake,,,,8.0,reviewed,us,us,1998-01-06,33916,India,2
1998-01-10 20:26:20.010000+00:00,26.462,96.827,150.0,4.43,mw,,,,1.44,us,usp0008e2e,2014-11-07T01:04:19.118Z,"28 km N of Sarupathar, India",earthquake,,,,1.0,reviewed,us,us,1998-01-10,34009,India,2
1998-01-12 22:39:58.100000+00:00,9.354,93.618,121.8,5.4,mwc,,,,0.92,us,usp0008e72,2025-12-19T22:21:45.348Z,"272 km SSE of Port Blair, India",earthquake,,,,,reviewed,us,hrv,1998-01-12,33871,India,1
1998-01-13 07:03:30.920000+00:00,8.44,93.639,33.0,4.94,mw,,,,1.16,us,usp0008e81,2014-11-07T01:04:19.815Z,"Nicobar Islands, India region",earthquake,,,,3.0,reviewed,us,us,1998-01-13,33887,India,1
1998-01-13 12:18:36.670000+00:00,35.36,78.298,33.0,5.03,mw,,,,1.07,us,usp0008e8p,2014-11-07T01:04:19.891Z,"145 km ENE of Thang, India",earthquake,,,,18.0,reviewed,us,us,1998-01-13,33884,India,-1
1998-01-13 20:48:43.460000+00:00,28.655,93.668,33.0,4.85,mw,,,,1.39,us,usp0008e9e,2014-11-07T01:04:19.969Z,"70 km W of Shi Yomi, India",earthquake,,,,3.0,reviewed,us,us,1998-01-13,33906,India,-1
1998-01-18 10:37:57.490000+00:00,14.001,93.862,33.0,4.94,mw,,,,1.01,us,usp0008ek0,2014-11-07T01:04:21.080Z,"283 km NNE of Bamboo Flat, India",earthquake,,,,1.0,reviewed,us,us,1998-01-18,33892,India,1
1998-01-21 19:16:57.490000+00:00,10.201,92.868,33.0,4.51,mw,,,,0.46,us,usp0008es8,2014-11-07T01:04:22.026Z,"Andaman Islands, India region",earthquake,,,,1.0,reviewed,us,us,1998-01-21,34005,India,1
1998-02-01 02:44:59.540000+00:00,11.638,93.083,33.0,4.68,mw,,,,0.85,us,usp0008f9b,2014-11-07T01:04:26.579Z,"36 km E of Port Blair, India",earthquake,,,,1.0,reviewed,us,us,1998-02-01,33989,India,1
1998-02-11 01:08:49.250000+00:00,17.16,73.795,33.0,4.85,mw,,,,1.17,us,usp0008ftb,2020-04-16T18:27:45.166Z,"26 km SSW of P?tan, India",earthquake,,,,3.0,reviewed,us,us,1998-02-11,33930,India,-1
1998-02-25 07:41:05.980000+00:00,12.656,95.144,28.6,5.03,mw,,,,0.93,us,usp0008gjk,2014-11-07T01:04:35.280Z,"282 km ENE of Port Blair, India",earthquake,,,,3.0,reviewed,us,us,1998-02-25,33887,India,1
1998-03-06 12:50:11.770000+00:00,24.539,94.478,66.5,5.03,mw,,,,0.95,us,usp0008h1n,2022-04-29T17:21:07.362Z,"42 km E of W?ngjing, India",earthquake,,,,28.0,reviewed,us,us,1998-03-06,33886,India,2
1998-03-09 07:41:17.900000+00:00,22.487,78.016,10.0,4.68,mw,,,,1.1,us,usp0008h72,2014-11-07T01:04:44.140Z,"25 km SSE of B?bai, India",earthquake,,,,2.0,reviewed,us,us,1998-03-09,33975,India,-1
1998-03-15 21:16:13.370000+00:00,8.954,93.809,100.0,4.43,mw,,,,1.39,us,usp0008hhp,2014-11-07T01:04:46.156Z,"Nicobar Islands, India region",earthquake,,,,1.0,reviewed,us,us,1998-03-15,34009,India,1
1998-03-18 18:12:18.930000+00:00,27.368,88.334,33.0,4.43,mw,,,,1.1,us,usp0008hnn,2014-11-07T01:04:46.662Z,"11 km NE of Gyalshing, India",earthquake,,,,1.0,reviewed,us,us,1998-03-18,34008,India,-1
1998-04-11 12:31:01.550000+00:00,13.047,92.969,10.0,4.94,mw,,,,1.33,us,usp0008jvr,2014-11-07T01:04:58.459Z,"151 km N of Bamboo Flat, India",earthquake,,,,11.0,reviewed,us,us,1998-04-11,33895,India,1
1998-04-25 22:50:58.300000+00:00,28.945,95.343,33.0,4.6,mw,,,,0.98,us,usp0008kyr,2014-11-07T01:05:04.560Z,"97 km N of P?sigh?t, India",earthquake,,,,6.0,reviewed,us,us,1998-04-25,33995,India,-1
1998-05-01 11:57:36.440000+00:00,30.04,79.537,41.9,4.77,mw,,,,1.43,us,usp0008m8j,2014-11-07T01:05:08.339Z,"30 km NNE of Dw?r?h?t, India",earthquake,,,,8.0,reviewed,us,us,1998-05-01,33951,India,3
1998-05-02 08:36:50.180000+00:00,24.932,95.311,121.5,5.5,mwc,,,,0.83,us,usp0008maa,2022-04-29T17:25:54.181Z,"115 km SE of Phek, India",earthquake,,,,,reviewed,us,hrv,1998-05-02,33862,India,2
1998-05-04 20:18:52.810000+00:00,29.341,96.763,33.0,4.94,mw,,,,0.78,us,usp0008mfn,2014-11-07T01:05:10.361Z,"142 km N of Hayuliang, India",earthquake,,,,2.0,reviewed,us,us,1998-05-04,33887,India,-1
1998-05-11 10:13:41.780000+00:00,27.105,71.802,0.0,5.45,mw,,,,1.01,us,usp0008mw6,2014-11-07T01:05:12.350Z,"23 km NNW of Pokaran, India",nuclear explosion,,,,104.0,reviewed,us,us,1998-05-11,33866,India,-1
1998-05-14 03:03:30.500000+00:00,12.759,93.914,111.6,4.85,mw,,,,0.76,us,usp0008n0t,2014-11-07T01:05:12.923Z,"175 km NE of Bamboo Flat, India",earthquake,,,,4.0,reviewed,us,us,1998-05-14,33939,India,1
1998-05-15 01:50:03.620000+00:00,10.028,93.296,65.5,4.77,mw,,,,1.1,us,usp0008n34,2014-11-07T01:05:13.286Z,"190 km SSE of Port Blair, India",earthquake,,,,4.0,reviewed,us,us,1998-05-15,33942,India,1
1998-05-15 08:41:24.780000+00:00,10.151,93.957,33.0,5.2,mwc,,,,1.09,us,usp0008n3p,2025-12-19T22:23:54.956Z,"213 km SE of Port Blair, India",earthquake,,,,,reviewed,us,hrv,1998-05-15,33880,India,1
1998-05-15 08:47:16.350000+00:00,9.192,93.074,33.0,4.77,mw,,,,1.28,us,usp0008n3q,2014-11-07T01:05:13.360Z,"276 km S of Port Blair, India",earthquake,,,,6.0,reviewed,us,us,1998-05-15,33948,India,1
1998-05-16 10:31:01.250000+00:00,26.644,84.667,33.0,4.6,mw,,,,0.62,us,usp0008n6e,2014-11-07T01:05:13.667Z,"15 km SSW of Sagauli, India",earthquake,,,,4.0,reviewed,us,us,1998-05-16,33998,India,-1
1998-06-18 23:13:17.570000+00:00,25.035,95.109,127.9,4.43,mw,,,,0.77,us,usp0008q3y,2014-11-07T01:05:25.490Z,"93 km SE of Phek, India",earthquake,,13.0,,19.0,reviewed,us,us,1998-06-18,34197,India,2
1998-06-19 03:54:50.290000+00:00,23.813,93.821,100.0,4.51,mw,,,,1.04,us,usp0008q4a,2014-11-07T01:05:25.522Z,"59 km SSE of Chur?ch?ndpur, India",earthquake,,,,2.0,reviewed,us,us,1998-06-19,34184,India,2
1998-07-02 05:09:09.040000+00:00,1.396,90.282,10.0,5.03,mw,,,,1.04,us,usp0008qu0,2014-11-07T01:05:31.031Z,North Indian Ocean,earthquake,,,,17.0,reviewed,us,us,1998-07-02,34093,North Indian Ocean,-1
1998-07-06 10:24:08.840000+00:00,32.987,75.629,82.8,4.6,mw,,,,0.94,us,usp0008r1r,2014-11-07T01:05:33.248Z,"8 km W of Bhadarw?h, India",earthquake,,16.5,,1.0,reviewed,us,us,1998-07-06,34173,India,3
1998-07-18 06:21:17.010000+00:00,35.357,78.378,33.0,5.11,mw,,,,1.31,us,usp0008rsg,2022-04-29T17:35:32.635Z,"150 km NNE of Leh, India",earthquake,,,,62.0,reviewed,us,us,1998-07-18,34057,India,-1
1998-07-27 19:03:18.750000+00:00,24.219,93.548,58.4,5.11,mw,,,,0.89,us,usp0008s8y,2022-04-29T17:36:14.888Z,"17 km SW of Chur?ch?ndpur, India",earthquake,,,,47.0,reviewed,us,us,1998-07-27,34061,India,2
1998-08-07 12:58:54.430000+00:00,35.245,77.817,66.0,4.51,mw,,,,0.86,us,usp0008swx,2014-11-07T01:05:47.536Z,"99 km ENE of Thang, India",earthquake,,23.3,,2.0,reviewed,us,us,1998-08-07,34192,India,-1
1998-08-29 19:52:29.010000+00:00,30.283,94.73,33.0,4.51,mw,,,,0.6,us,usp0008u24,2014-11-07T01:05:54.401Z,"197 km N of Shi Yomi, India",earthquake,,,,1.0,reviewed,us,us,1998-08-29,34186,India,-1
1998-09-10 22:57:16.900000+00:00,27.199,88.341,33.0,5.03,mw,,,,1.37,us,usp0008urc,2014-11-07T01:06:01.784Z,"4 km NNW of Namchi, India",earthquake,,,,14.0,reviewed,us,us,1998-09-10,34073,India,-1
1998-09-28 21:31:05.610000+00:00,27.742,92.709,33.0,5.03,mw,,,,0.98,us,usp0008vp9,2014-11-07T01:06:06.873Z,"59 km NNE of Bomdila, India",earthquake,,,,33.0,reviewed,us,us,1998-09-28,34082,India,2
1998-10-17 09:24:45.010000+00:00,32.217,76.545,33.0,4.85,mw,,,,1.33,us,usp0008wn2,2014-11-07T01:06:15.696Z,"11 km N of P?lampur, India",earthquake,,,,8.0,reviewed,us,us,1998-10-17,34145,India,3
1998-10-23 11:45:11.530000+00:00,10.131,93.158,116.2,4.94,mw,,,,0.94,us,usp0008wy2,2014-11-07T01:06:16.830Z,"175 km SSE of Port Blair, India",earthquake,,28.1,,8.0,reviewed,us,us,1998-10-23,34115,India,1
1998-10-26 23:19:00.720000+00:00,9.132,93.813,100.0,4.68,mw,,,,1.05,us,usp0008x3y,2014-11-07T01:06:17.924Z,"Nicobar Islands, India region",earthquake,,,,1.0,reviewed,us,us,1998-10-26,34170,India,1
1998-11-06 20:29:24.180000+00:00,11.061,92.461,33.0,5.28,mw,,,,1.03,us,usp0008xr2,2014-11-07T01:06:24.397Z,"73 km SSW of Port Blair, India",earthquake,,,,45.0,reviewed,us,us,1998-11-06,34044,India,1
1998-11-08 09:59:14.830000+00:00,9.814,93.886,141.9,4.85,mw,,,,0.85,us,usp0008xu6,2014-11-07T01:06:24.979Z,"239 km SSE of Port Blair, India",earthquake,,14.6,,9.0,reviewed,us,us,1998-11-08,34127,India,1
1998-11-14 04:38:19.420000+00:00,8.698,93.95,33.0,5.37,mw,,,,0.84,us,usp0008y5z,2014-11-07T01:06:26.949Z,"Nicobar Islands, India region",earthquake,,,,68.0,reviewed,us,us,1998-11-14,34043,India,1
1998-11-19 16:34:16.350000+00:00,30.42,79.163,33.0,4.85,mw,,,,1.11,us,usp0008yf7,2014-11-07T01:06:28.067Z,"22 km NE of Rudrapray?g, India",earthquake,,,,16.0,reviewed,us,us,1998-11-19,34164,India,3
1998-11-24 16:22:15.210000+00:00,26.377,94.634,60.2,4.51,mw,,,,0.82,us,usp0008ypd,2014-11-07T01:06:28.812Z,"Assam - Nagaland region, India",earthquake,,15.1,,4.0,reviewed,us,us,1998-11-24,34336,India,-1
1998-11-26 10:14:27.630000+00:00,27.753,87.894,73.1,5.37,mw,,,,0.76,us,usp0008ys2,2014-11-07T01:06:29.427Z,"62 km NW of Gyalshing, India",earthquake,,,,102.0,reviewed,us,us,1998-11-26,34210,India,-1
1998-12-02 01:04:28.110000+00:00,25.028,95.156,135.8,4.68,mw,,,,0.74,us,usp0008z1s,2014-11-07T01:06:34.952Z,"96 km SE of Phek, India",earthquake,,10.0,,18.0,reviewed,us,us,1998-12-02,34323,India,2
1998-12-02 13:25:04.240000+00:00,26.345,93.499,33.0,5.28,mw,,,,0.7,us,usp0008z2e,2022-04-29T17:57:37.538Z,"34 km SSW of Bok?kh?t, India",earthquake,,,,46.0,reviewed,us,us,1998-12-02,34218,India,2
1998-12-10 08:14:54.480000+00:00,10.552,93.804,150.0,4.94,mw,,,,0.67,us,usp0008zdh,2014-11-07T01:06:38.090Z,"168 km SE of Port Blair, India",earthquake,,,,11.0,reviewed,us,us,1998-12-10,34273,India,1
1999-01-16 09:24:48.890000+00:00,8.576,92.952,45.0,4.85,mw,,,,0.94,us,usp000916c,2014-11-07T01:06:49.325Z,"Nicobar Islands, India region",earthquake,,,,6.0,reviewed,us,us,1999-01-16,34292,India,1
1999-01-20 07:58:55.060000+00:00,26.495,92.725,33.0,4.85,mw,,,,0.61,us,usp00091cy,2014-11-07T01:06:50.033Z,"17 km SSW of Tezpur, India",earthquake,,,,3.0,reviewed,us,us,1999-01-20,34293,India,2
1999-02-03 12:46:32.430000+00:00,28.85,95.914,110.9,4.77,mw,,,,0.76,us,usp000926m,2014-11-07T01:06:57.042Z,"104 km NNE of P?sigh?t, India",earthquake,,,,8.0,reviewed,us,us,1999-02-03,34295,India,-1
1999-02-08 09:02:56.950000+00:00,22.067,92.784,33.0,4.77,mw,,,,1.17,us,usp00092fm,2014-11-07T01:07:00.433Z,"51 km SSW of Saiha, India",earthquake,,,,6.0,reviewed,us,us,1999-02-08,34309,India,2
1999-02-11 06:01:15.520000+00:00,22.378,93.074,64.0,4.43,mw,,,,1.15,us,usp00092me,2014-11-07T01:07:00.961Z,"15 km SE of Saiha, India",earthquake,,23.6,,3.0,reviewed,us,us,1999-02-11,34365,India,2
1999-02-17 03:02:18.820000+00:00,33.2,74.125,33.0,4.43,mw,,,,1.13,us,usp00092ya,2014-11-07T01:07:02.167Z,"24 km SSW of R?mgarh, India",earthquake,,,,2.0,reviewed,us,us,1999-02-17,34373,India,-1
1999-02-19 09:45:53.410000+00:00,25.362,94.673,105.3,4.6,mw,,,,0.36,us,usp0009326,2014-11-07T01:07:02.767Z,"37 km SSE of Phek, India",earthquake,,16.8,,4.0,reviewed,us,us,1999-02-19,34334,India,2
1999-02-22 10:50:33.080000+00:00,35.804,77.572,43.7,4.6,mw,,,,1.18,us,usp000937d,2014-11-07T01:07:03.421Z,"120 km NE of Thang, India",earthquake,,,,6.0,reviewed,us,us,1999-02-22,34330,India,-1
1999-02-23 00:26:24.760000+00:00,7.914,93.379,33.0,4.68,mw,,,,1.44,us,usp000938k,2014-11-07T01:07:04.071Z,"Nicobar Islands, India region",earthquake,,,,2.0,reviewed,us,us,1999-02-23,34320,India,1
1999-02-23 06:56:14.860000+00:00,34.059,74.443,33.0,5.2,mw,,,,0.92,us,usp0009395,2022-04-29T18:02:06.026Z,"14 km WSW of M?g?m, India",earthquake,,,,34.0,reviewed,us,us,1999-02-23,34255,India,3
1999-02-23 13:51:59.750000+00:00,12.138,95.829,33.0,4.77,mw,,,,1.11,us,usp000939u,2014-11-07T01:07:04.195Z,"Andaman Islands, India region",earthquake,,,,3.0,reviewed,us,us,1999-02-23,34314,India,1
1999-02-25 09:18:22.210000+00:00,11.085,93.356,118.1,4.68,mw,,,,1.26,us,usp00093d6,2014-11-07T01:07:04.825Z,"92 km SE of Port Blair, India",earthquake,,30.5,,3.0,reviewed,us,us,1999-02-25,34324,India,1
1999-03-11 22:12:42.460000+00:00,25.635,94.317,105.7,4.85,mw,,,,0.93,us,usp00094b0,2014-11-07T01:07:13.083Z,"18 km W of Phek, India",earthquake,,24.8,,2.0,reviewed,us,us,1999-03-11,34293,India,2
1999-03-16 22:27:52.740000+00:00,28.517,78.229,33.0,4.6,mw,,,,0.52,us,usp00094mv,2014-11-07T01:07:14.137Z,"16 km E of Kh?npur, India",earthquake,,,,1.0,reviewed,us,us,1999-03-16,34336,India,-1
1999-03-22 09:56:16.680000+00:00,29.257,76.94,207.6,4.51,mw,,,,1.26,us,usp00094z2,2014-11-07T01:07:15.637Z,"7 km WNW of Sam?lkha, India",earthquake,,20.6,,2.0,reviewed,us,us,1999-03-22,34343,India,-1
1999-03-25 16:31:55.640000+00:00,9.963,93.013,90.9,4.85,mw,,,,0.78,us,usp000955u,2014-11-07T01:07:16.279Z,"190 km S of Port Blair, India",earthquake,,24.7,,11.0,reviewed,us,us,1999-03-25,34278,India,1
1999-03-26 20:41:37.630000+00:00,9.812,93.942,26.2,4.43,mw,,,,1.12,us,usp0009589,2014-11-07T01:07:16.511Z,"243 km SSE of Port Blair, India",earthquake,,,,2.0,reviewed,us,us,1999-03-26,34375,India,1
1999-03-28 19:05:11.030000+00:00,30.512,79.403,15.0,6.6,mwb,,,,1.03,us,usp00095cb,2022-04-29T18:05:29.400Z,"9 km NNW of P?palkoti, India",earthquake,,,,,reviewed,us,us,1999-03-28,34202,India,3
1999-04-01 04:49:07.470000+00:00,10.185,93.65,134.5,4.51,mw,,,,0.74,us,usp00095kb,2014-11-07T01:07:19.710Z,"191 km SSE of Port Blair, India",earthquake,,47.8,,3.0,reviewed,us,us,1999-04-01,34344,India,1
1999-04-05 22:32:56.510000+00:00,24.908,93.678,66.4,5.6,mwc,,,,0.83,us,usp00095uy,2022-04-29T18:06:34.626Z,"29 km WNW of Imph?l, India",earthquake,,,,,reviewed,us,hrv,1999-04-05,34204,India,2
1999-04-07 06:42:31.850000+00:00,11.781,94.987,33.0,5.3,mwc,,,,0.73,us,usp00095xh,2025-12-19T22:18:05.778Z,"244 km E of Port Blair, India",earthquake,,,,,reviewed,us,hrv,1999-04-07,34210,India,1
1999-04-07 17:17:33.410000+00:00,26.607,96.474,100.0,4.85,mw,,,,0.66,us,usp00095y2,2014-11-07T01:07:25.214Z,"55 km NW of Sarupathar, India",earthquake,,,,9.0,reviewed,us,us,1999-04-07,34287,India,2
1999-04-14 06:09:39.790000+00:00,24.574,93.972,58.1,4.77,mw,,,,1.01,us,usp0009693,2014-11-07T01:07:28.144Z,"7 km SSW of Thoub?l, India",earthquake,,,,7.0,reviewed,us,us,1999-04-14,34293,India,2
1999-04-15 06:48:11.850000+00:00,25.617,93.673,43.6,4.94,mw,,,,1.09,us,usp00096b1,2014-11-07T01:07:28.323Z,"33 km S of Dim?pur, India",earthquake,,,,4.0,reviewed,us,us,1999-04-15,34259,India,2
1999-05-06 18:34:58.830000+00:00,12.347,92.809,56.0,4.85,mw,,,,0.73,us,usp00097f7,2014-11-07T01:07:38.122Z,"72 km N of Bamboo Flat, India",earthquake,,,,23.0,reviewed,us,us,1999-05-06,34281,India,1
1999-05-14 08:57:43.340000+00:00,11.743,92.704,33.0,4.68,mw,,,,0.87,us,usp00097xt,2014-11-07T01:07:40.401Z,"4 km NNW of Bamboo Flat, India",earthquake,,,,1.0,reviewed,us,us,1999-05-14,34326,India,1
1999-05-16 05:41:43.580000+00:00,32.505,78.425,54.8,4.85,mw,,,,1.36,us,usp000982p,2014-11-07T01:07:40.892Z,"120 km ENE of Man?li, India",earthquake,,21.6,,10.0,reviewed,us,us,1999-05-16,34289,India,3
1999-05-22 08:50:53.300000+00:00,9.243,93.932,33.0,4.6,mw,,,,1.17,us,usp00098gx,2014-11-07T01:07:42.280Z,"297 km SSE of Port Blair, India",earthquake,,,,2.0,reviewed,us,us,1999-05-22,34531,India,1
1999-05-28 22:52:22.760000+00:00,12.643,95.09,33.0,5.11,mw,,,,0.99,us,usp00098y1,2014-11-07T01:07:44.025Z,"277 km ENE of Port Blair, India",earthquake,,,,15.0,reviewed,us,us,1999-05-28,34392,India,1
1999-05-29 06:03:04.050000+00:00,35.403,77.51,33.0,4.94,mw,,,,0.95,us,usp00098yg,2014-11-07T01:07:44.059Z,"83 km NE of Thang, India",earthquake,,,,25.0,reviewed,us,us,1999-05-29,34399,India,-1
1999-06-02 13:19:07.220000+00:00,8.761,93.882,59.8,4.85,mw,,,,0.97,us,usp000996a,2014-11-07T01:07:48.966Z,"Nicobar Islands, India region",earthquake,,17.6,,8.0,reviewed,us,us,1999-06-02,34399,India,1
1999-06-09 00:31:01.870000+00:00,34.564,80.077,33.0,4.85,mw,,,,0.88,us,usp00099j1,2014-11-07T01:07:52.682Z,"233 km E of Leh, India",earthquake,,,,18.0,reviewed,us,us,1999-06-09,34410,India,-1
1999-06-09 15:21:53.200000+00:00,25.147,95.123,121.8,4.6,mw,,,,0.77,us,usp00099k4,2014-11-07T01:07:52.814Z,"85 km SE of Phek, India",earthquake,,15.9,,5.0,reviewed,us,us,1999-06-09,34522,India,2
1999-06-20 01:14:55.470000+00:00,26.204,92.779,33.0,4.68,mw,,,,0.95,us,usp0009a6j,2014-11-07T01:07:55.134Z,"23 km NNW of Hoj?i, India",earthquake,,,,11.0,reviewed,us,us,1999-06-20,34503,India,2
1999-06-26 21:36:31.100000+00:00,26.796,91.806,51.6,4.77,mw,,,,1.22,us,usp0009akz,2014-11-07T01:07:57.386Z,"29 km W of Udalguri, India",earthquake,,15.5,,4.0,reviewed,us,us,1999-06-26,34451,India,2
1999-06-27 15:30:58.060000+00:00,12.201,93.049,33.0,4.51,mw,,,,1.32,us,usp0009anu,2014-11-07T01:07:57.611Z,"66 km NNE of Bamboo Flat, India",earthquake,,,,2.0,reviewed,us,us,1999-06-27,34551,India,1
1999-07-05 21:57:36.670000+00:00,10.474,93.393,149.9,4.77,mw,,,,0.71,us,usp0009b4j,2014-11-07T01:08:03.251Z,"149 km SSE of Port Blair, India",earthquake,,17.5,,4.0,reviewed,us,us,1999-07-05,34480,India,1
1999-07-12 22:51:23.980000+00:00,9.284,94.748,33.0,4.85,mw,,,,0.56,us,usp0009bhc,2014-11-07T01:08:05.553Z,"Nicobar Islands, India region",earthquake,,,,2.0,reviewed,us,us,1999-07-12,34432,India,1
1999-07-25 09:02:31.330000+00:00,12.67,92.987,33.0,4.85,mw,,,,0.57,us,usp0009c3a,2014-11-07T01:08:08.114Z,"111 km NNE of Bamboo Flat, India",earthquake,,,,24.0,reviewed,us,us,1999-07-25,34445,India,1
1999-07-28 17:55:04.340000+00:00,25.771,93.435,72.8,4.6,mw,,,,0.85,us,usp0009c7w,2014-11-07T01:08:08.733Z,"8 km S of Diphu, India",earthquake,,21.4,,10.0,reviewed,us,us,1999-07-28,34517,India,2
1999-07-31 08:06:18.200000+00:00,9.436,92.858,33.0,4.68,mw,,,,1.49,us,usp0009cbx,2014-11-07T01:08:09.240Z,"246 km S of Port Blair, India",earthquake,,,,3.0,reviewed,us,us,1999-07-31,34502,India,1
1999-08-29 03:44:52.050000+00:00,8.355,93.826,33.0,5.2,mwc,,,,1.15,us,usp0009dse,2022-04-29T18:17:02.134Z,"Nicobar Islands, India region",earthquake,,,,,reviewed,us,hrv,1999-08-29,34387,India,1
1999-09-12 09:00:08.160000+00:00,31.049,77.672,33.0,4.85,mw,,,,1.03,us,usp0009ec3,2014-11-07T01:08:28.305Z,"6 km SSE of Jubbal, India",earthquake,,,,16.0,reviewed,us,us,1999-09-12,34417,India,3
1999-09-14 02:30:42.130000+00:00,10.945,93.416,10.0,4.51,mw,,,,1.0,us,usp0009edy,2014-11-07T01:08:28.623Z,"108 km SE of Port Blair, India",earthquake,,,,1.0,reviewed,us,us,1999-09-14,34537,India,1
1999-09-18 16:30:04.740000+00:00,33.182,75.22,33.0,4.68,mw,,,,1.43,us,usp0009ekv,2014-11-07T01:08:30.001Z,"6 km SSW of R?mban, India",earthquake,,,,2.0,reviewed,us,us,1999-09-18,34500,India,3
1999-09-20 05:45:55.600000+00:00,10.459,92.879,33.0,4.77,mw,,,,0.72,us,usp0009epb,2014-11-07T01:08:30.358Z,"134 km S of Port Blair, India",earthquake,,,,2.0,reviewed,us,us,1999-09-20,34494,India,1
1999-09-21 07:48:00.930000+00:00,9.366,93.512,33.0,4.85,mw,,,,1.14,us,usp0009esz,2014-11-07T01:08:30.948Z,"267 km SSE of Port Blair, India",earthquake,,,,5.0,reviewed,us,us,1999-09-21,34425,India,1
1999-10-05 17:04:44.890000+00:00,26.26,91.926,33.0,5.2,mwc,,,,0.84,us,usp0009fg3,2022-04-29T18:08:02.031Z,"18 km NE of Dispur, India",earthquake,,,,,reviewed,us,hrv,1999-10-05,34388,India,2
1999-10-10 05:20:18.640000+00:00,27.538,97.399,72.2,4.85,mw,,,,0.8,us,usp0009fnf,2014-11-07T01:08:41.139Z,"103 km SE of Hayuliang, India",earthquake,,11.5,,20.0,reviewed,us,us,1999-10-10,34416,India,2
1999-10-19 17:34:18.840000+00:00,24.797,95.239,145.4,4.68,mw,,,,0.86,us,usp0009g8e,2014-11-07T01:08:44.555Z,"121 km E of W?ngjing, India",earthquake,,16.4,,3.0,reviewed,us,us,1999-10-19,34496,India,2
1999-10-25 17:33:17.590000+00:00,10.176,93.673,33.0,4.43,mw,,,,1.27,us,usp0009gkm,2014-11-07T01:08:46.251Z,"193 km SSE of Port Blair, India",earthquake,,,,2.0,reviewed,us,us,1999-10-25,34552,India,1
1999-11-08 21:45:15.640000+00:00,31.309,77.294,33.0,4.77,mw,,,,1.25,us,usp0009h9p,2014-11-07T01:08:56.109Z,"17 km ENE of Seoni, India",earthquake,,,,11.0,reviewed,us,us,1999-11-08,34448,India,3
1999-11-09 16:35:35.310000+00:00,13.111,92.265,33.0,5.28,mw,,,,0.9,us,usp0009har,2014-11-07T01:08:56.327Z,"163 km NNW of Bamboo Flat, India",earthquake,,,,34.0,reviewed,us,us,1999-11-09,34381,India,1
1999-11-29 14:31:19.960000+00:00,33.144,75.569,33.0,5.03,mw,,,,0.69,us,usp0009ja5,2014-11-07T01:09:01.569Z,"2 km ESE of Doda, India",earthquake,,,,4.0,reviewed,us,us,1999-11-29,34612,India,3
1999-12-07 12:09:40.410000+00:00,12.593,95.136,33.0,5.28,mw,,,,1.33,us,usp0009jk0,2014-11-07T01:09:07.809Z,"279 km ENE of Port Blair, India",earthquake,,,,4.0,reviewed,us,us,1999-12-07,34580,India,1
1999-12-25 20:50:38.930000+00:00,9.115,93.078,33.0,4.51,mw,,,,1.35,us,usp0009k9z,2014-11-07T01:09:11.607Z,"284 km S of Port Blair, India",earthquake,,,,2.0,reviewed,us,us,1999-12-25,34726,India,1
2000-01-03 22:34:12.640000+00:00,22.132,92.771,33.0,4.94,mw,,,,1.08,us,usp0009kqm,2021-10-20T18:04:49.845Z,"45 km SSW of Saiha, India",earthquake,,,,10.0,reviewed,us,us,2000-01-03,34654,India,2
2000-01-08 02:21:16.030000+00:00,34.542,78.468,35.7,5.03,mw,,,,1.03,us,usp0009kvw,2014-11-07T01:09:18.355Z,"91 km ENE of Leh, India",earthquake,,11.2,,20.0,reviewed,us,us,2000-01-08,34637,India,-1
2000-01-16 12:00:59.110000+00:00,33.53,76.484,33.0,4.43,mw,,,,0.65,us,usp0009m7p,2014-11-07T01:09:19.917Z,"37 km W of Padam, India",earthquake,,,,2.0,reviewed,us,us,2000-01-16,34736,India,3
2000-01-23 10:11:21.030000+00:00,35.806,77.128,81.3,4.68,mw,,,,1.22,us,usp0009mjx,2014-11-07T01:09:21.661Z,"102 km NNE of Thang, India",earthquake,,16.1,,4.0,reviewed,us,us,2000-01-23,34682,India,-1
2000-01-25 16:37:33.930000+00:00,27.208,92.018,33.0,4.68,mw,,,,1.01,us,usp0009mnb,2014-11-07T01:09:21.937Z,"Arunachal Pradesh, India",earthquake,,,,1.0,reviewed,us,us,2000-01-25,34694,India,2
2000-01-25 16:43:22.950000+00:00,27.663,92.631,33.0,5.45,mw,,,,0.77,us,usp0009mnc,2022-04-29T18:29:55.984Z,"48 km NNE of Bomdila, India",earthquake,,,,73.0,reviewed,us,us,2000-01-25,34572,India,2
2000-02-02 10:41:50.650000+00:00,12.832,92.992,33.0,5.03,mw,,,,0.79,us,usp0009myj,2014-11-07T01:09:25.564Z,"128 km NNE of Bamboo Flat, India",earthquake,,,,12.0,reviewed,us,us,2000-02-02,34620,India,1
2000-02-03 08:33:44.930000+00:00,26.435,96.758,122.4,4.68,mw,,,,1.05,us,usp0009mzt,2014-11-07T01:09:26.101Z,"25 km NNW of Sarupathar, India",earthquake,,18.7,,9.0,reviewed,us,us,2000-02-03,34701,India,2
2000-02-04 15:10:41.570000+00:00,12.142,93.635,134.4,4.6,mw,,,,1.15,us,usp0009n1s,2014-11-07T01:09:26.664Z,"110 km ENE of Port Blair, India",earthquake,,19.1,,6.0,reviewed,us,us,2000-02-04,34717,India,1
2000-02-19 18:55:19.160000+00:00,10.348,93.817,177.2,5.03,mw,,,,1.06,us,usp0009nph,2014-11-07T01:09:31.718Z,"186 km SE of Port Blair, India",earthquake,,18.2,,2.0,reviewed,us,us,2000-02-19,34629,India,1
2000-03-09 21:29:28.950000+00:00,12.167,95.234,33.0,5.11,mw,,,,1.01,us,usp0009pgc,2014-11-07T01:09:40.454Z,"276 km ENE of Port Blair, India",earthquake,,,,9.0,reviewed,us,us,2000-03-09,34607,India,1
2000-03-13 20:44:31.520000+00:00,27.656,87.852,33.0,4.68,mw,,,,1.16,us,usp0009pnw,2014-11-07T01:09:41.300Z,"57 km NW of Gyalshing, India",earthquake,,,,5.0,reviewed,us,us,2000-03-13,34681,India,-1
2000-03-17 15:44:04.800000+00:00,26.684,91.89,33.0,4.51,mw,,,,0.8,us,usp0009pu7,2014-11-07T01:09:42.693Z,"22 km WSW of Udalguri, India",earthquake,,,,6.0,reviewed,us,us,2000-03-17,34723,India,2
2000-03-18 16:38:23.180000+00:00,25.18,95.139,116.1,5.03,mw,,,,1.15,us,usp0009pvn,2014-11-07T01:09:42.995Z,"83 km SE of Phek, India",earthquake,,23.0,,2.0,reviewed,us,us,2000-03-18,34629,India,2
2000-03-30 15:12:27.010000+00:00,24.7,94.712,65.9,4.6,mw,,,,1.09,us,usp0009qh9,2014-11-07T01:09:46.343Z,"66 km E of W?ngjing, India",earthquake,,,,11.0,reviewed,us,us,2000-03-30,34704,India,2
2000-04-06 22:30:10.410000+00:00,17.147,73.637,10.0,5.2,mw,,,,1.11,us,usp0009qxd,2022-04-29T18:36:35.476Z,"19 km SE of M?khjan, India",earthquake,,,,43.0,reviewed,us,us,2000-04-06,34598,India,-1
2000-04-09 12:00:10.760000+00:00,30.211,95.007,33.0,4.94,mw,,,,1.2,us,usp0009r23,2014-11-07T01:09:52.646Z,"196 km NNE of Shi Yomi, India",earthquake,,,,6.0,reviewed,us,us,2000-04-09,34639,India,-1
2000-04-09 21:48:57.100000+00:00,26.735,97.022,65.7,4.6,mw,,,,1.16,us,usp0009r2p,2014-11-07T01:09:52.705Z,"62 km NNE of Sarupathar, India",earthquake,,24.1,,5.0,reviewed,us,us,2000-04-09,34716,India,2
2000-04-21 06:35:56.880000+00:00,26.145,93.009,33.0,4.43,mw,,,,0.49,us,usp0009rmx,2014-11-07T01:09:55.440Z,"21 km NE of Hoj?i, India",earthquake,,,,3.0,reviewed,us,us,2000-04-21,34736,India,2
2000-04-22 15:41:32.030000+00:00,25.815,95.016,74.3,4.77,mw,,,,1.34,us,usp0009rpz,2014-11-07T01:09:55.710Z,"52 km ESE of Zunheboto, India",earthquake,,,,28.0,reviewed,us,us,2000-04-22,34677,India,2
2000-04-28 00:17:17.980000+00:00,31.601,78.305,33.0,4.94,mw,,,,0.98,us,usp0009rz9,2014-11-07T01:09:57.403Z,"49 km ENE of Sar?han, India",earthquake,,,,8.0,reviewed,us,us,2000-04-28,34638,India,3
2000-05-01 10:30:28.180000+00:00,13.242,92.412,33.0,5.03,mw,,,,0.83,us,usp0009s5q,2014-11-07T01:10:00.195Z,"173 km N of Bamboo Flat, India",earthquake,,,,49.0,reviewed,us,us,2000-05-01,34627,India,1
2000-05-11 15:52:55.300000+00:00,26.003,96.952,47.8,4.77,mw,,,,1.26,us,usp0009ssw,2014-11-07T01:10:07.024Z,"26 km SSE of Sarupathar, India",earthquake,,15.2,,21.0,reviewed,us,us,2000-05-11,34673,India,2
2000-05-11 16:51:53.860000+00:00,25.381,94.414,58.7,4.68,mw,,,,1.26,us,usp0009ssy,2014-11-07T01:10:07.191Z,"32 km SSW of Phek, India",earthquake,,,,10.0,reviewed,us,us,2000-05-11,34704,India,2
2000-05-28 14:52:01.130000+00:00,33.743,74.711,59.2,4.43,mw,,,,0.74,us,usp0009tk8,2014-11-07T01:10:12.119Z,"11 km WNW of Shup?yan, India",earthquake,,18.2,,1.0,reviewed,us,us,2000-05-28,34918,India,3
2000-05-30 10:12:10.060000+00:00,6.923,91.524,33.0,4.85,mw,,,,1.16,us,usp0009tnm,2014-11-07T01:10:12.513Z,"Nicobar Islands, India region",earthquake,,,,7.0,reviewed,us,us,2000-05-30,34853,India,1
2000-06-05 13:51:56.320000+00:00,9.568,92.221,54.9,4.85,mw,36.0,,,0.76,us,usp0009u28,2014-11-07T01:10:19.240Z,"239 km SSW of Port Blair, India",earthquake,,,,15.0,reviewed,us,us,2000-06-05,34833,India,1
2000-06-07 21:46:55.900000+00:00,26.856,97.238,33.0,6.3,mwc,402.0,,,0.86,us,usp0009u6j,2022-04-29T18:40:16.269Z,"83 km NNE of Sarupathar, India",earthquake,,,,,reviewed,us,hrv,2000-06-07,34753,India,2
2000-06-10 08:40:39.110000+00:00,8.93,90.431,33.0,4.77,mw,24.0,,,1.23,us,usp0009uc6,2014-11-07T01:10:21.192Z,"Nicobar Islands, India region",earthquake,,,,12.0,reviewed,us,us,2000-06-10,34858,India,-1
2000-06-17 02:47:09.390000+00:00,32.86,79.214,33.0,4.77,mw,6.0,,,0.64,us,usp0009uqv,2014-11-07T01:10:23.074Z,"200 km NE of Sar?han, India",earthquake,,,,1.0,reviewed,us,us,2000-06-17,34874,India,-1
2000-06-17 16:34:12.960000+00:00,32.024,78.437,33.0,5.11,mw,71.0,,,0.85,us,usp0009urn,2022-04-29T18:42:01.065Z,"83 km NE of Sar?han, India",earthquake,,,,29.0,reviewed,us,us,2000-06-17,34775,India,3
2000-06-19 08:22:06.620000+00:00,18.014,76.487,33.0,4.77,mw,25.0,,,0.94,us,usp0009uuj,2014-11-07T01:10:23.584Z,"24 km NW of Umarga, India",earthquake,,,,6.0,reviewed,us,us,2000-06-19,34865,India,-1
2000-06-28 08:16:17.810000+00:00,24.866,94.065,33.0,4.51,mw,7.0,,,0.56,us,usp0009v9p,2014-11-07T01:10:25.543Z,"13 km ENE of Imph?l, India",earthquake,,,,1.0,reviewed,us,us,2000-06-28,34903,India,2
2000-07-02 04:27:56.990000+00:00,24.51,94.686,82.5,5.2,mwc,203.0,,,0.86,us,usp0009vk3,2025-12-19T22:44:12.113Z,"63 km E of W?ngjing, India",earthquake,,,,,reviewed,us,hrv,2000-07-02,34766,India,2
2000-07-05 03:48:23.950000+00:00,13.99,93.578,33.0,4.43,mw,16.0,,,0.45,us,usp0009vt5,2014-11-07T01:10:32.162Z,"270 km NNE of Bamboo Flat, India",earthquake,,,,2.0,reviewed,us,us,2000-07-05,34913,India,1
2000-07-05 18:50:20.490000+00:00,33.974,79.758,33.0,5.03,mw,68.0,,,0.84,us,usp0009vub,2014-11-07T01:10:32.288Z,"201 km E of Leh, India",earthquake,,,,40.0,reviewed,us,us,2000-07-05,34784,India,-1
2000-07-14 19:09:09.620000+00:00,7.763,94.075,33.0,4.43,mw,19.0,,,0.73,us,usp0009wgq,2014-11-07T01:10:36.486Z,"Nicobar Islands, India region",earthquake,,,,3.0,reviewed,us,us,2000-07-14,34911,India,-1
2000-07-14 19:34:28.900000+00:00,8.89,93.626,33.0,4.85,mw,12.0,,,1.21,us,usp0009wgv,2014-11-07T01:10:36.554Z,"Nicobar Islands, India region",earthquake,,,,1.0,reviewed,us,us,2000-07-14,34830,India,1
2000-07-17 06:52:11.620000+00:00,27.071,92.304,33.0,4.68,mw,31.0,,,1.23,us,usp0009wnh,2014-11-07T01:10:37.101Z,"24 km SSW of Bomdila, India",earthquake,,,,3.0,reviewed,us,us,2000-07-17,34890,India,2
2000-07-19 14:27:36.020000+00:00,12.339,92.66,51.3,4.94,mw,35.0,,,0.99,us,usp0009wst,2014-11-07T01:10:38.140Z,"70 km N of Bamboo Flat, India",earthquake,,,,4.0,reviewed,us,us,2000-07-19,34800,India,1
2000-07-20 05:54:04.180000+00:00,25.648,95.139,92.6,4.68,mw,15.0,,,0.57,us,usp0009wut,2014-11-07T01:10:38.593Z,"64 km E of Phek, India",earthquake,,17.7,,3.0,reviewed,us,us,2000-07-20,34888,India,2
2000-07-22 13:35:54.650000+00:00,9.99,93.787,33.0,4.68,mw,12.0,,,1.21,us,usp0009wyu,2014-11-07T01:10:39.164Z,"217 km SSE of Port Blair, India",earthquake,,,,1.0,reviewed,us,us,2000-07-22,34887,India,1
2000-08-13 13:28:22.890000+00:00,21.458,71.123,14.3,5.03,mw,67.0,,,1.34,us,usp0009ycx,2020-09-15T21:35:34.580Z,"6 km NW of Chal?la, India",earthquake,,,,34.0,reviewed,us,us,2000-08-13,34791,India,-1
2000-08-15 12:23:35.580000+00:00,8.103,93.492,122.3,4.94,mw,40.0,,,1.13,us,usp0009yg5,2014-11-07T01:10:51.836Z,"Nicobar Islands, India region",earthquake,,19.4,,11.0,reviewed,us,us,2000-08-15,34805,India,1
2000-08-16 23:06:29.210000+00:00,26.535,92.416,33.0,4.77,mw,28.0,,,1.42,us,usp0009ym3,2014-11-07T01:10:52.295Z,"9 km NW of Dhing, India",earthquake,,,,4.0,reviewed,us,us,2000-08-16,34874,India,2
2000-08-30 05:39:47.940000+00:00,10.539,93.47,95.1,5.11,mw,47.0,,,0.8,us,usp0009zct,2014-11-07T01:10:56.431Z,"147 km SSE of Port Blair, India",earthquake,,,,13.0,reviewed,us,us,2000-08-30,34773,India,1
2000-09-05 00:32:42.900000+00:00,17.367,73.849,10.0,5.2,mwc,250.0,,,1.3,us,usp0009zr1,2022-04-29T18:51:52.509Z,"5 km W of P?tan, India",earthquake,,,,,reviewed,us,hrv,2000-09-05,34763,India,-1
2000-09-10 23:32:37.960000+00:00,28.402,92.726,33.0,4.6,mw,33.0,,,1.29,us,usp000a01s,2014-11-07T01:11:04.179Z,"120 km NE of Tawang, India",earthquake,,,,6.0,reviewed,us,us,2000-09-10,34891,India,2
2000-09-17 19:46:40.340000+00:00,26.275,91.496,33.0,4.43,mw,8.0,,,0.54,us,usp000a0e5,2014-11-07T01:11:05.783Z,"4 km NW of H?jo, India",earthquake,,,,2.0,reviewed,us,us,2000-09-17,34904,India,2
2000-09-26 07:22:44.060000+00:00,30.998,78.13,33.0,4.85,mw,17.0,,,0.73,us,usp000a0u8,2014-11-07T01:11:07.660Z,"22 km NNW of Barkot, India",earthquake,,,,4.0,reviewed,us,us,2000-09-26,34847,India,3
2000-09-26 13:39:45.480000+00:00,11.137,92.414,33.0,4.94,mw,36.0,,,0.99,us,usp000a0uu,2014-11-07T01:11:07.703Z,"68 km SSW of Port Blair, India",earthquake,,,,11.0,reviewed,us,us,2000-09-26,34806,India,1
2000-09-26 19:39:28.410000+00:00,33.377,75.614,33.0,4.94,mw,28.0,,,0.95,us,usp000a0vc,2014-11-07T01:11:07.763Z,"15 km WNW of Kishtw?r, India",earthquake,,,,7.0,reviewed,us,us,2000-09-26,34803,India,3
2000-10-01 10:59:18.860000+00:00,9.554,93.078,86.0,4.85,mw,16.0,,,0.49,us,usp000a13g,2014-11-07T01:11:10.595Z,"236 km S of Port Blair, India",earthquake,,23.0,,3.0,reviewed,us,us,2000-10-01,34832,India,1
2000-10-09 02:30:00.570000+00:00,10.002,92.952,33.0,5.9,mwb,261.0,,,0.99,us,usp000a1gk,2022-04-29T18:54:39.113Z,"185 km S of Port Blair, India",earthquake,,,,,reviewed,us,us,2000-10-09,34755,India,1
2000-10-10 06:11:32.700000+00:00,23.08,82.728,33.0,4.85,mw,16.0,,,1.01,us,usp000a1j4,2020-09-15T21:43:36.090Z,"26 km SE of Baikunthpur, India",earthquake,,,,1.0,reviewed,us,us,2000-10-10,34808,India,-1
2000-10-12 00:08:00.620000+00:00,32.572,78.17,33.0,5.03,mw,11.0,,,1.37,us,usp000a1n1,2014-11-07T01:11:16.063Z,"99 km ENE of Man?li, India",earthquake,,,,3.0,reviewed,us,us,2000-10-12,34788,India,3
2000-10-13 02:38:47.340000+00:00,32.632,76.23,33.0,4.51,mw,10.0,,,0.57,us,usp000a1ps,2014-11-07T01:11:16.268Z,"12 km NE of Chamba, India",earthquake,,,,1.0,reviewed,us,us,2000-10-13,34894,India,3
2000-10-13 23:52:31.380000+00:00,35.255,77.59,33.0,5.03,mw,14.0,,,1.21,us,usp000a1r7,2014-11-07T01:11:16.399Z,"81 km ENE of Thang, India",earthquake,,,,7.0,reviewed,us,us,2000-10-13,34791,India,-1
2000-10-16 22:33:09.530000+00:00,23.28,80.3,33.0,5.03,mw,39.0,,,0.84,us,usp000a1xv,2020-09-15T21:44:19.202Z,"30 km SE of Sihor?, India",earthquake,,,,15.0,reviewed,us,us,2000-10-16,34800,India,-1
2000-10-25 13:22:17.920000+00:00,28.78,95.894,33.0,4.77,mw,6.0,,,0.6,us,usp000a2cy,2014-11-07T01:11:18.856Z,"96 km NE of P?sigh?t, India",earthquake,,,,1.0,reviewed,us,us,2000-10-25,34879,India,-1
2000-10-26 08:54:30.770000+00:00,10.516,92.782,48.4,5.11,mw,91.0,,,0.86,us,usp000a2er,2014-11-07T01:11:19.005Z,"127 km S of Port Blair, India",earthquake,,14.6,,38.0,reviewed,us,us,2000-10-26,34773,India,1
2000-11-02 17:08:49.100000+00:00,12.688,95.282,33.0,5.28,mw,34.0,,,0.89,us,usp000a2vw,2014-11-07T01:11:24.731Z,"298 km ENE of Port Blair, India",earthquake,,,,23.0,reviewed,us,us,2000-11-02,34761,India,1
2000-11-04 23:17:58.890000+00:00,35.569,78.532,55.5,4.77,mw,24.0,,,1.12,us,usp000a2yn,2014-11-07T01:11:25.474Z,"173 km ENE of Thang, India",earthquake,,13.2,,8.0,reviewed,us,us,2000-11-04,34874,India,-1
2000-11-09 17:31:50.040000+00:00,25.376,91.426,37.5,4.6,mw,22.0,,,1.0,us,usp000a3ac,2014-11-07T01:11:27.130Z,"22 km SE of Nongstoin, India",earthquake,,,,4.0,reviewed,us,us,2000-11-09,34891,India,2
2000-11-13 08:56:49.030000+00:00,21.692,92.908,33.0,5.5,mwc,68.0,,,1.1,us,usp000a3hq,2022-04-29T18:57:25.220Z,"88 km S of Saiha, India",earthquake,,,,,reviewed,us,hrv,2000-11-13,34947,India,2
2000-11-23 21:06:49.130000+00:00,9.9,92.804,33.0,4.43,mw,13.0,,,1.24,us,usp000a4sf,2014-11-07T01:11:33.322Z,"195 km S of Port Blair, India",earthquake,,,,1.0,reviewed,us,us,2000-11-23,35095,India,1
2000-12-08 13:23:07.490000+00:00,17.041,73.508,33.0,4.6,mw,11.0,,,0.54,us,usp000a5qe,2014-11-07T01:11:41.758Z,"20 km NNW of L?nja, India",earthquake,,,,1.0,reviewed,us,us,2000-12-08,35087,India,-1
2001-01-24 23:57:18.740000+00:00,27.439,92.491,20.9,4.68,mw,22.0,,,0.88,us,usp000a8bt,2014-11-07T01:11:58.731Z,"20 km NNE of Bomdila, India",earthquake,,,,4.0,reviewed,us,us,2001-01-24,35059,India,2
2001-01-25 00:39:19.900000+00:00,33.837,75.766,33.0,4.77,mw,11.0,,,1.35,us,usp000a8bw,2014-11-07T01:11:58.737Z,"45 km ESE of Pahlg?m, India",earthquake,,,,1.0,reviewed,us,us,2001-01-25,35044,India,-1
2001-01-26 03:16:40.500000+00:00,23.419,70.232,16.0,7.7,mwc,472.0,,,1.25,us,usp000a8ds,2022-04-29T19:06:14.319Z,"17 km NW of Bhach?u, India",earthquake,,,,,reviewed,us,hrv,2001-01-26,34922,India,-1
2001-01-26 08:42:25.120000+00:00,23.223,71.165,10.0,5.03,mw,9.0,,,1.81,us,usp000a8em,2020-09-18T18:08:34.782Z,"23 km N of Halvad, India",earthquake,,,,5.0,reviewed,us,us,2001-01-26,35032,India,-1
2001-01-27 10:51:42.050000+00:00,36.04,77.521,113.4,5.11,mw,33.0,,,1.41,us,usp000a8gn,2022-04-29T19:06:36.140Z,"139 km NNE of Thang, India",earthquake,,20.8,,38.0,reviewed,us,us,2001-01-27,35010,India,-1
2001-02-04 10:14:07.800000+00:00,33.205,75.805,18.2,5.03,mw,29.0,,,1.31,us,usp000a91w,2014-11-07T01:12:05.402Z,"12 km SSE of Kishtw?r, India",earthquake,,,,9.0,reviewed,us,us,2001-02-04,35028,India,3
2001-02-09 13:24:52.450000+00:00,34.054,79.626,33.0,4.6,mw,16.0,,,1.06,us,usp000a9bg,2014-11-07T01:12:07.221Z,"188 km E of Leh, India",earthquake,,,,5.0,reviewed,us,us,2001-02-09,35066,India,-1
2001-02-11 01:20:54.340000+00:00,24.742,92.143,38.7,4.6,mw,11.0,,,1.35,us,usp000a9em,2014-11-07T01:12:07.671Z,"25 km WSW of Kar?mganj, India",earthquake,,,,4.0,reviewed,us,us,2001-02-11,35080,India,2
2001-02-14 22:18:30.700000+00:00,10.792,94.193,33.0,4.6,mw,11.0,,,1.14,us,usp000a9ng,2014-11-07T01:12:08.763Z,"185 km ESE of Port Blair, India",earthquake,,,,1.0,reviewed,us,us,2001-02-14,35070,India,1
2001-02-23 22:54:32.560000+00:00,30.998,78.066,21.2,4.85,mw,24.0,,,1.07,us,usp000aa7m,2014-11-07T01:12:11.316Z,"24 km NNW of Barkot, India",earthquake,,,,9.0,reviewed,us,us,2001-02-23,35033,India,3
2001-02-27 01:46:05.310000+00:00,26.486,90.616,20.2,5.2,mw,84.0,,,0.75,us,usp000aaff,2014-11-07T01:12:12.386Z,"5 km E of Bongaigaon, India",earthquake,,,,38.0,reviewed,us,us,2001-02-27,34996,India,2
2001-03-03 22:55:59.160000+00:00,23.896,93.695,55.3,5.2,mwc,211.0,,,0.76,us,usp000aavb,2022-04-29T19:10:01.230Z,"48 km S of Chur?ch?ndpur, India",earthquake,,,,,reviewed,us,hrv,2001-03-03,34996,India,2
2001-03-04 08:34:37.360000+00:00,0.348,90.204,10.0,4.68,mw,15.0,,,0.99,us,usp000aaw8,2014-11-07T01:12:18.174Z,North Indian Ocean,earthquake,,,,2.0,reviewed,us,us,2001-03-04,35045,North Indian Ocean,-1
2001-03-10 00:20:17.350000+00:00,27.878,91.826,33.0,5.03,mw,40.0,,,0.81,us,usp000ab61,2014-11-07T01:12:19.786Z,"35 km NNW of Tawang, India",earthquake,,,,21.0,reviewed,us,us,2001-03-10,35012,India,2
2001-03-12 11:34:18.010000+00:00,30.406,79.022,33.0,4.85,mw,25.0,,,1.12,us,usp000ab9e,2014-11-07T01:12:20.222Z,"13 km NNE of Rudrapray?g, India",earthquake,,,,11.0,reviewed,us,us,2001-03-12,35039,India,3
2001-03-14 23:49:04.990000+00:00,22.587,69.846,10.0,4.43,mw,11.0,,,1.32,us,usp000abdv,2014-11-07T01:12:21.163Z,"17 km N of Sikka, India",earthquake,,,,2.0,reviewed,us,us,2001-03-14,35094,India,-1
2001-03-15 01:22:43.370000+00:00,8.656,94.013,33.0,6.0,mwc,324.0,,,1.04,us,usp000abdy,2022-04-29T19:09:15.909Z,"Nicobar Islands, India region",earthquake,,,,,reviewed,us,hrv,2001-03-15,34932,India,1
2001-03-15 01:30:46.860000+00:00,8.537,93.148,33.0,5.2,mw,15.0,,,1.01,us,usp000abe0,2014-11-07T01:12:21.220Z,"Nicobar Islands, India region",earthquake,,,,3.0,reviewed,us,us,2001-03-15,34995,India,1
2001-03-16 04:38:18.560000+00:00,30.337,94.881,33.0,5.2,mw,59.0,,,0.84,us,usp000abgj,2022-04-29T19:15:00.766Z,"206 km NNE of Shi Yomi, India",earthquake,,,,25.0,reviewed,us,us,2001-03-16,34997,India,-1
2001-03-21 13:56:42.480000+00:00,12.254,92.709,33.0,5.03,mw,6.0,,,1.17,us,usp000abtu,2014-11-07T01:12:23.310Z,"61 km N of Bamboo Flat, India",earthquake,,,,1.0,reviewed,us,us,2001-03-21,35024,India,1
2001-03-30 16:43:54.480000+00:00,11.472,95.091,10.0,5.03,mw,45.0,,,0.91,us,usp000ac8k,2014-11-07T01:12:26.674Z,"256 km E of Port Blair, India",earthquake,,,,19.0,reviewed,us,us,2001-03-30,35015,India,1
2001-04-06 03:32:07.930000+00:00,26.385,92.69,42.7,4.77,mw,49.0,,,0.82,us,usp000acp4,2014-11-07T01:12:32.317Z,"23 km ESE of Dhing, India",earthquake,,,,16.0,reviewed,us,us,2001-04-06,35043,India,2
2001-04-10 22:08:15.540000+00:00,24.627,95.042,113.4,5.3,mwc,181.0,,,0.76,us,usp000aczq,2025-12-19T22:47:23.130Z,"99 km E of W?ngjing, India",earthquake,,,,,reviewed,us,hrv,2001-04-10,34994,India,2
2001-04-20 18:35:02.590000+00:00,25.878,90.595,33.0,4.85,mw,43.0,,,1.27,us,usp000adpg,2014-11-07T01:12:37.027Z,"33 km S of Go?lp?ra, India",earthquake,,,,17.0,reviewed,us,us,2001-04-20,35041,India,2
2001-04-27 12:28:34.410000+00:00,26.09,91.489,33.0,4.51,mw,16.0,,,1.42,us,usp000ae1g,2014-11-07T01:12:38.587Z,"6 km SW of Pal?sb?ri, India",earthquake,,,,4.0,reviewed,us,us,2001-04-27,35092,India,2
2001-05-02 22:34:37.480000+00:00,12.277,93.525,92.8,5.2,mwc,252.0,,,0.83,us,usp000aeb6,2025-12-19T22:54:44.925Z,"108 km NE of Port Blair, India",earthquake,,,,,reviewed,us,hrv,2001-05-02,35005,India,1
2001-05-04 06:26:41.750000+00:00,34.443,74.213,33.0,4.68,mw,22.0,,,0.97,us,usp000aedj,2014-11-07T01:12:44.266Z,"28 km NNW of B?ram?la, India",earthquake,,,,3.0,reviewed,us,us,2001-05-04,35044,India,3
2001-05-05 16:18:37.900000+00:00,35.205,77.685,38.2,4.68,mw,25.0,,,1.31,us,usp000aefh,2014-11-07T01:12:45.758Z,"86 km ENE of Thang, India",earthquake,,12.2,,5.0,reviewed,us,us,2001-05-05,35050,India,-1
2001-05-19 19:28:02.340000+00:00,13.818,93.936,33.0,4.85,mw,18.0,,,1.05,us,usp000af71,2014-11-07T01:12:49.109Z,"269 km NNE of Bamboo Flat, India",earthquake,,,,7.0,reviewed,us,us,2001-05-19,35211,India,1
2001-05-26 14:51:45.550000+00:00,25.411,95.126,84.5,5.03,mw,142.0,,,0.76,us,usp000afkg,2014-11-07T01:12:51.194Z,"68 km ESE of Phek, India",earthquake,,,,64.0,reviewed,us,us,2001-05-26,35180,India,2
2001-06-08 15:07:05.730000+00:00,11.012,92.541,33.0,5.11,mw,77.0,,,1.11,us,usp000ag94,2014-11-07T01:13:00.582Z,"75 km SSW of Port Blair, India",earthquake,,,,45.0,reviewed,us,us,2001-06-08,35151,India,1
2001-06-12 12:41:01.540000+00:00,22.223,83.948,33.0,5.11,mw,67.0,,,1.0,us,usp000aggd,2020-07-08T01:08:48.696Z,"14 km NW of Sundargarh, India",earthquake,,,,38.0,reviewed,us,us,2001-06-12,35151,India,-1
2001-06-14 17:25:31.550000+00:00,11.754,92.967,68.5,4.85,mw,20.0,,,0.75,us,usp000agn4,2014-11-07T01:13:03.892Z,"25 km ENE of Port Blair, India",earthquake,,,,5.0,reviewed,us,us,2001-06-14,35215,India,1
2001-06-17 01:49:45.330000+00:00,32.479,78.31,57.7,4.94,mw,40.0,,,0.99,us,usp000agtg,2014-11-07T01:13:04.619Z,"109 km ENE of Man?li, India",earthquake,,10.5,,11.0,reviewed,us,us,2001-06-17,35189,India,3
2001-06-21 14:19:19.830000+00:00,22.93,69.553,10.0,4.77,mw,20.0,,,1.03,us,usp000ah0y,2014-11-07T01:13:06.228Z,"20 km WNW of Mundra, India",earthquake,,,,7.0,reviewed,us,us,2001-06-21,35242,India,-1
2001-06-22 23:37:52.200000+00:00,8.532,92.278,35.2,5.11,mw,47.0,,,1.39,us,usp000ah30,2014-11-07T01:13:06.454Z,"Nicobar Islands, India region",earthquake,,,,30.0,reviewed,us,us,2001-06-22,35138,India,1
2001-06-30 00:21:08.540000+00:00,24.836,95.439,160.6,4.94,mw,85.0,,,0.8,us,usp000ahq9,2014-11-07T01:13:09.013Z,"131 km SE of Phek, India",earthquake,,6.5,,40.0,reviewed,us,us,2001-06-30,35194,India,2
2001-06-30 20:19:48.490000+00:00,23.365,70.06,10.0,4.85,mw,38.0,,,1.03,us,usp000ahry,2020-09-18T18:26:18.147Z,"28 km N of Anj?r, India",earthquake,,,,14.0,reviewed,us,us,2001-06-30,35226,India,-1
2001-07-25 16:35:12.810000+00:00,10.561,93.007,33.0,5.2,mw,123.0,,,0.78,us,usp000ak50,2014-11-07T01:13:21.002Z,"125 km SSE of Port Blair, India",earthquake,,,,61.0,reviewed,us,us,2001-07-25,35133,India,1
2001-07-29 16:48:53.470000+00:00,30.008,95.315,33.0,4.77,mw,26.0,,,1.08,us,usp000akf1,2014-11-07T01:13:22.937Z,"187 km NNE of Shi Yomi, India",earthquake,,,,8.0,reviewed,us,us,2001-07-29,35238,India,-1
2001-08-05 05:16:16.890000+00:00,12.224,93.352,96.4,5.9,mwc,351.0,,,0.73,us,usp000akv5,2022-04-29T19:30:25.442Z,"90 km NE of Bamboo Flat, India",earthquake,,,,,reviewed,us,hrv,2001-08-05,35116,India,1
2001-08-07 21:21:56.580000+00:00,26.432,96.346,111.7,4.85,mw,19.0,,,0.9,us,usp000am07,2014-11-07T01:13:30.549Z,"52 km WNW of Sarupathar, India",earthquake,,,,1.0,reviewed,us,us,2001-08-07,35236,India,2
2001-08-09 05:56:22.860000+00:00,30.486,79.167,39.3,4.68,mw,31.0,,,0.93,us,usp000am34,2014-11-07T01:13:30.914Z,"Uttaranchal, India",earthquake,,8.8,,6.0,reviewed,us,us,2001-08-09,35260,India,3
2001-08-12 01:57:59.740000+00:00,24.432,94.992,121.4,5.1,mwc,244.0,,,0.86,us,usp000am9h,2025-12-19T22:50:44.881Z,"95 km E of W?ngjing, India",earthquake,,,,,reviewed,us,hrv,2001-08-12,35176,India,2
2001-08-12 13:17:41.910000+00:00,24.391,92.109,33.0,4.94,mw,64.0,,,0.72,us,usp000amat,2014-11-07T01:13:32.009Z,"6 km WNW of Dharmanagar, India",earthquake,,,,25.0,reviewed,us,us,2001-08-12,35194,India,2
2001-08-12 14:04:27.700000+00:00,10.161,93.03,33.0,4.94,mw,63.0,,,1.21,us,usp000amay,2014-11-07T01:13:32.022Z,"169 km S of Port Blair, India",earthquake,,,,30.0,reviewed,us,us,2001-08-12,35191,India,1
2001-08-24 12:33:02.590000+00:00,22.979,70.543,10.0,4.77,mw,11.0,,,0.95,us,usp000amyy,2014-11-07T01:13:36.333Z,"33 km E of K?ndla, India",earthquake,,,,4.0,reviewed,us,us,2001-08-24,35251,India,-1
2001-08-29 19:26:40.450000+00:00,27.083,92.201,50.1,4.68,mw,36.0,,,1.15,us,usp000an92,2014-11-07T01:13:39.186Z,"29 km SW of Bomdila, India",earthquake,,9.8,,7.0,reviewed,us,us,2001-08-29,35257,India,2
2001-08-31 06:30:15.250000+00:00,26.641,95.936,51.2,4.85,mw,33.0,,,1.01,us,usp000anbk,2014-11-07T01:13:39.517Z,"55 km SE of Khonsa, India",earthquake,,,,10.0,reviewed,us,us,2001-08-31,35223,India,2
2001-09-02 02:25:54.090000+00:00,0.889,82.501,10.0,6.1,mwc,281.0,,,0.96,us,usp000anf6,2022-04-29T19:30:44.974Z,North Indian Ocean,earthquake,,,,,reviewed,us,hrv,2001-09-02,35109,North Indian Ocean,-1
2001-09-10 08:16:34.480000+00:00,28.885,96.856,33.0,4.77,mw,37.0,,,1.25,us,usp000any2,2014-11-07T01:13:45.951Z,"95 km NNE of Hayuliang, India",earthquake,,,,8.0,reviewed,us,us,2001-09-10,35250,India,-1
2001-09-13 10:18:58.180000+00:00,28.851,77.22,10.0,4.51,mw,23.0,,,1.22,us,usp000ap3n,2014-11-07T01:13:47.691Z,"6 km WSW of Khekra, India",earthquake,,,,3.0,reviewed,us,us,2001-09-13,35274,India,-1
2001-09-23 12:25:45.140000+00:00,12.458,95.187,33.0,5.03,mw,28.0,,,1.24,us,usp000apnr,2014-11-07T01:13:50.089Z,"279 km ENE of Port Blair, India",earthquake,,,,11.0,reviewed,us,us,2001-09-23,35187,India,1
2001-09-24 11:16:07.390000+00:00,10.625,94.464,33.0,4.6,mw,6.0,,,1.07,us,usp000apq7,2014-11-07T01:13:50.383Z,"220 km ESE of Port Blair, India",earthquake,,,,1.0,reviewed,us,us,2001-09-24,35263,India,1
2001-09-25 14:56:44.250000+00:00,11.956,80.214,10.0,5.2,mwc,244.0,,,0.98,us,usp000apsa,2022-04-29T17:50:46.834Z,"39 km SE of Marakkanam, India",earthquake,,,,,reviewed,us,hrv,2001-09-25,35129,India,-1
2001-09-28 04:37:56.290000+00:00,33.265,75.738,33.0,4.9,mwc,179.0,,,0.9,us,usp000apx9,2016-11-09T23:35:26.595Z,"6 km SSW of Kishtw?r, India",earthquake,,,,,reviewed,us,hrv,2001-09-28,35194,India,3
2001-09-29 12:11:58.480000+00:00,13.073,93.192,10.0,4.85,mw,14.0,,,0.59,us,usp000apzr,2014-11-07T01:13:51.752Z,"160 km NNE of Bamboo Flat, India",earthquake,,,,1.0,reviewed,us,us,2001-09-29,35213,India,1
2001-10-07 13:56:12.050000+00:00,23.58,93.356,43.0,5.11,mw,18.0,,,1.01,us,usp000aqcw,2014-11-07T01:13:57.215Z,"32 km NE of Khawhai, India",earthquake,,,,1.0,reviewed,us,us,2001-10-07,35143,India,2
2001-10-08 11:04:42.070000+00:00,12.31,92.844,33.0,4.77,mw,9.0,,,1.07,us,usp000aqfc,2014-11-07T01:13:57.503Z,"68 km NNE of Bamboo Flat, India",earthquake,,,,1.0,reviewed,us,us,2001-10-08,35241,India,1
2001-10-14 21:14:41.370000+00:00,32.564,76.065,33.0,5.11,mw,55.0,,,1.3,us,usp000aqy1,2014-11-07T01:13:59.765Z,"5 km W of Chamba, India",earthquake,,,,35.0,reviewed,us,us,2001-10-14,35142,India,3
2001-10-17 05:32:11.690000+00:00,9.8,93.825,155.0,4.77,mw,15.0,,,0.61,us,usp000ar34,2014-11-07T01:14:00.364Z,"237 km SSE of Port Blair, India",earthquake,,22.5,,2.0,reviewed,us,us,2001-10-17,35237,India,1
2001-10-20 21:42:00.490000+00:00,33.664,76.318,78.6,4.51,mw,14.0,,,1.22,us,usp000ara6,2014-11-07T01:14:01.133Z,"57 km WNW of Padam, India",earthquake,,,,1.0,reviewed,us,us,2001-10-20,35269,India,3
2001-10-26 08:22:54.660000+00:00,26.273,92.985,10.0,4.85,mw,26.0,,,1.22,us,usp000arnt,2014-11-07T01:14:03.654Z,"32 km NNE of Hoj?i, India",earthquake,,,,8.0,reviewed,us,us,2001-10-26,35206,India,2
2001-10-31 09:17:47.290000+00:00,23.766,70.086,10.0,5.11,mw,15.0,,,0.81,us,usp000arz6,2020-09-18T18:33:55.974Z,"58 km NNW of Bhach?u, India",earthquake,,,,1.0,reviewed,us,us,2001-10-31,35135,India,-1
2001-11-06 14:09:25.390000+00:00,27.268,91.919,33.0,5.45,mw,144.0,,,0.85,us,usp000asbg,2022-04-29T19:45:37.849Z,"33 km S of Tawang, India",earthquake,,,,75.0,reviewed,us,us,2001-11-06,35280,India,2
2001-11-06 16:09:19.730000+00:00,34.065,79.693,33.0,5.11,mw,94.0,,,0.76,us,usp000asbk,2022-04-29T19:39:44.349Z,"194 km E of Leh, India",earthquake,,,,48.0,reviewed,us,us,2001-11-06,35334,India,-1
2001-12-02 22:41:13.790000+00:00,27.15,88.171,33.0,5.37,mw,147.0,,,0.95,us,usp000atwn,2022-04-29T19:42:41.626Z,"7 km WNW of Naya B?z?r, India",earthquake,,,,63.0,reviewed,us,us,2001-12-02,35280,India,-1
2001-12-24 05:49:41.310000+00:00,25.297,94.762,100.0,4.77,mw,21.0,,,1.51,us,usp000av5u,2014-11-07T01:14:31.328Z,"48 km SSE of Phek, India",earthquake,,,,5.0,reviewed,us,us,2001-12-24,35406,India,2
2001-12-30 13:56:42.580000+00:00,35.224,76.862,33.0,5.03,mw,21.0,,,1.12,us,usp000avj6,2014-11-07T01:14:33.285Z,"33 km N of Thang, India",earthquake,,,,7.0,reviewed,us,us,2001-12-30,35362,India,-1
2002-01-07 13:04:13.860000+00:00,33.785,74.785,33.0,4.51,mw,12.0,,,1.38,us,usp000aw0f,2014-11-07T01:14:39.420Z,"8 km NNW of Shup?yan, India",earthquake,,,,1.0,reviewed,us,us,2002-01-07,35444,India,3
2002-01-09 23:52:41.930000+00:00,23.557,70.203,10.0,5.11,mw,73.0,,,0.81,us,usp000aw4u,2020-09-18T18:40:00.789Z,"31 km NNW of Bhach?u, India",earthquake,,,,50.0,reviewed,us,us,2002-01-09,35342,India,-1
2002-01-17 14:42:56.900000+00:00,26.276,96.41,96.0,4.85,mw,44.0,,,0.68,us,usp000awnc,2014-11-07T01:14:42.386Z,"40 km W of Sarupathar, India",earthquake,,9.5,,22.0,reviewed,us,us,2002-01-17,35403,India,2
2002-01-18 13:44:45.350000+00:00,23.148,69.757,10.0,4.6,mw,11.0,,,1.44,us,usp000awq7,2014-11-07T01:14:42.626Z,"14 km SE of Bhuj, India",earthquake,,,,3.0,reviewed,us,us,2002-01-18,35431,India,-1
2002-01-27 22:22:21.520000+00:00,31.245,74.519,43.5,4.6,mw,26.0,,,1.07,us,usp000axa5,2014-11-07T01:14:45.717Z,"11 km NNW of Khem Karan, India",earthquake,,,,6.0,reviewed,us,us,2002-01-27,35421,India,-1
2002-01-27 22:33:43.630000+00:00,33.123,75.91,40.0,5.3,mwc,97.0,,,0.94,us,usp000axa6,2022-05-02T15:43:18.749Z,"24 km NE of Bhadarw?h, India",earthquake,,8.2,,,reviewed,us,hrv,2002-01-27,35306,India,3
2002-02-06 21:09:47.760000+00:00,11.15,92.415,33.0,5.11,mw,23.0,,,0.68,us,usp000axxx,2014-11-07T01:14:53.123Z,"67 km SSW of Port Blair, India",earthquake,,,,8.0,reviewed,us,us,2002-02-06,35353,India,1
2002-02-26 01:50:41.760000+00:00,3.407,86.381,10.0,5.11,mw,10.0,,,1.1,us,usp000az6u,2014-11-07T01:14:58.074Z,North Indian Ocean,earthquake,,,,1.0,reviewed,us,us,2002-02-26,35352,North Indian Ocean,-1
2002-03-09 18:43:02.360000+00:00,29.955,79.966,33.0,4.94,mw,20.0,,,0.68,us,usp000b00g,2014-11-07T01:15:07.088Z,"22 km NE of B?geshwar, India",earthquake,,,,4.0,reviewed,us,us,2002-03-09,35362,India,3
2002-03-12 07:33:00.290000+00:00,25.178,92.234,33.0,4.51,mw,15.0,,,1.03,us,usp000b05s,2014-11-07T01:15:07.820Z,"Meghalaya - Assam region, India",earthquake,,,,2.0,reviewed,us,us,2002-03-12,35442,India,2
2002-03-12 20:51:13.940000+00:00,13.853,93.198,33.0,5.11,mw,113.0,,,0.85,us,usp000b06s,2014-11-07T01:15:07.900Z,"243 km NNE of Bamboo Flat, India",earthquake,,,,57.0,reviewed,us,us,2002-03-12,35344,India,1
2002-03-17 12:39:16.850000+00:00,34.221,80.723,33.0,4.85,mw,38.0,,,0.85,us,usp000b0gz,2014-11-07T01:15:11.375Z,"289 km E of Leh, India",earthquake,,,,13.0,reviewed,us,us,2002-03-17,35392,India,-1
2002-03-27 16:49:03.740000+00:00,26.514,93.041,43.7,4.85,mw,55.0,,,0.9,us,usp000b16k,2014-11-07T01:15:14.741Z,"27 km ESE of Tezpur, India",earthquake,,,,25.0,reviewed,us,us,2002-03-27,35372,India,2
2002-04-06 04:40:25.450000+00:00,34.366,76.259,44.5,4.77,mw,12.0,,,1.17,us,usp000b1u8,2014-11-07T01:15:21.805Z,"24 km SSE of Kargil, India",earthquake,,18.1,,1.0,reviewed,us,us,2002-04-06,35406,India,3
2002-04-11 17:16:54.900000+00:00,35.592,76.55,33.0,4.51,mw,8.0,,,0.89,us,usp000b276,2014-11-07T01:15:24.032Z,"76 km NNW of Thang, India",earthquake,,,,1.0,reviewed,us,us,2002-04-11,35436,India,-1
2002-04-17 20:17:51.470000+00:00,24.648,94.886,33.0,4.68,mw,18.0,,,1.12,us,usp000b2m0,2014-11-07T01:15:26.022Z,"83 km E of W?ngjing, India",earthquake,,,,2.0,reviewed,us,us,2002-04-17,35411,India,2
2002-04-19 00:16:49.360000+00:00,9.835,93.592,33.0,5.28,mw,201.0,,,0.78,us,usp000b2qw,2014-11-07T01:15:26.542Z,"222 km SSE of Port Blair, India",earthquake,,,,86.0,reviewed,us,us,2002-04-19,35328,India,1
2002-05-02 14:29:45.930000+00:00,27.696,75.81,33.0,4.51,mw,18.0,,,1.52,us,usp000b3ku,2014-11-07T01:15:33.193Z,"5 km SSE of Neem ka Thana, India",earthquake,,,,6.0,reviewed,us,us,2002-05-02,35457,India,-1
2002-05-17 23:05:49.320000+00:00,11.766,92.371,33.0,5.03,mw,82.0,,,0.92,us,usp000b4h0,2014-11-07T01:15:38.203Z,"38 km W of Bamboo Flat, India",earthquake,,,,37.0,reviewed,us,us,2002-05-17,35485,India,1
2002-05-23 05:03:55.040000+00:00,34.32,76.426,33.0,4.77,mw,21.0,,,0.91,us,usp000b4tv,2014-11-07T01:15:39.244Z,"38 km SE of Kargil, India",earthquake,,,,8.0,reviewed,us,us,2002-05-23,35579,India,3
2002-05-30 02:50:40.960000+00:00,10.822,93.657,154.5,4.68,mw,48.0,,,0.87,us,usp000b576,2014-11-07T01:15:41.197Z,"136 km SE of Port Blair, India",earthquake,,,,26.0,reviewed,us,us,2002-05-30,35613,India,1
2002-05-30 08:39:15.830000+00:00,9.663,93.285,81.8,4.94,mw,74.0,,,1.0,us,usp000b57t,2014-11-07T01:15:41.289Z,"229 km SSE of Port Blair, India",earthquake,,,,37.0,reviewed,us,us,2002-05-30,35537,India,1
2002-06-05 16:06:35+00:00,10.91,92.659,33.0,4.85,mw,11.0,,,1.14,us,usp000b5k4,2014-11-07T01:15:46.421Z,"84 km S of Port Blair, India",earthquake,,,,1.0,reviewed,us,us,2002-06-05,35553,India,1
2002-06-21 14:15:54.600000+00:00,34.267,80.768,33.0,5.03,mw,45.0,,,0.96,us,usp000b6nc,2014-11-07T01:15:52.292Z,"293 km E of Leh, India",earthquake,,,,21.0,reviewed,us,us,2002-06-21,35491,India,-1
2002-06-27 12:39:59.210000+00:00,12.484,93.466,65.9,4.68,mw,15.0,,,1.15,us,usp000b71p,2014-11-07T01:15:54.220Z,"119 km NE of Bamboo Flat, India",earthquake,,,,5.0,reviewed,us,us,2002-06-27,35582,India,1
2002-07-20 07:37:31.370000+00:00,25.091,92.139,33.0,4.68,mw,12.0,,,1.39,us,usp000b8eq,2014-11-07T01:16:05.240Z,"32 km NW of Kar?mganj, India",earthquake,,,,2.0,reviewed,us,us,2002-07-20,35591,India,2
2002-07-21 13:02:09.040000+00:00,9.316,93.667,33.0,5.03,mw,9.0,,,0.75,us,usp000b8gs,2014-11-07T01:16:05.419Z,"278 km SSE of Port Blair, India",earthquake,,,,1.0,reviewed,us,us,2002-07-21,35507,India,1
2002-08-03 02:14:13.140000+00:00,12.458,95.419,33.0,4.77,mw,12.0,,,0.98,us,usp000b977,2014-11-07T01:16:12.079Z,"Andaman Islands, India region",earthquake,,,,9.0,reviewed,us,us,2002-08-03,35567,India,1
2002-08-06 06:05:58.310000+00:00,8.337,93.432,79.2,5.1,mwc,190.0,,,0.95,us,usp000b9d7,2025-12-19T23:02:00.641Z,"Nicobar Islands, India region",earthquake,,8.2,,,reviewed,us,hrv,2002-08-06,35485,India,1
2002-08-09 21:00:55.890000+00:00,23.409,70.306,10.0,4.94,mw,32.0,,,1.12,us,usp000b9kq,2020-09-18T18:59:16.296Z,"12 km NNW of Bhach?u, India",earthquake,,,,15.0,reviewed,us,us,2002-08-09,35513,India,-1
2002-08-20 08:46:26.900000+00:00,27.287,92.86,86.1,4.77,mw,22.0,,,0.69,us,usp000ba8w,2014-11-07T01:16:17.987Z,"43 km E of Bomdila, India",earthquake,,9.5,,8.0,reviewed,us,us,2002-08-20,35556,India,2
2002-09-01 03:07:56.790000+00:00,12.201,93.719,153.1,4.94,mw,104.0,,,0.89,us,usp000bb1e,2014-11-07T01:16:23.759Z,"121 km ENE of Port Blair, India",earthquake,,,,56.0,reviewed,us,us,2002-09-01,35536,India,1
2002-09-04 16:11:57.360000+00:00,31.23,77.76,33.0,4.51,mw,13.0,,,0.76,us,usp000bb8c,2014-11-07T01:16:26.609Z,"3 km N of Rohru, India",earthquake,,,,1.0,reviewed,us,us,2002-09-04,35630,India,3
2002-09-10 01:27:03.620000+00:00,26.605,96.19,100.1,4.51,mw,21.0,,,0.86,us,usp000bbvd,2014-11-07T01:16:29.478Z,"76 km NW of Sarupathar, India",earthquake,,11.9,,4.0,reviewed,us,us,2002-09-10,35631,India,2
2002-09-13 22:28:29.460000+00:00,13.036,93.068,21.0,6.5,mwc,646.0,,,0.9,us,usp000bc65,2022-05-02T16:08:09.383Z,"152 km NNE of Bamboo Flat, India",earthquake,,,,,reviewed,us,hrv,2002-09-13,35472,India,1
2002-10-05 05:18:53.360000+00:00,24.368,94.637,43.8,4.68,mw,35.0,,,0.85,us,usp000bdue,2014-11-07T01:16:42.232Z,"63 km ESE of W?ngjing, India",earthquake,,,,14.0,reviewed,us,us,2002-10-05,35588,India,2
2002-10-05 12:14:40.990000+00:00,24.786,95.334,184.8,4.6,mw,11.0,,,0.56,us,usp000bdv2,2014-11-07T01:16:42.343Z,"128 km SE of Phek, India",earthquake,,17.5,,2.0,reviewed,us,us,2002-10-05,35616,India,2
2002-10-08 04:48:17.200000+00:00,31.73,77.21,33.0,4.85,mw,12.0,,,1.39,us,usp000be16,2014-11-07T01:16:43.240Z,"15 km NW of Banj?r, India",earthquake,,,,1.0,reviewed,us,us,2002-10-08,35550,India,3
2002-10-22 09:44:02.770000+00:00,22.381,93.031,33.0,4.68,mw,10.0,,,1.47,us,usp000bf0p,2014-11-07T01:16:47.578Z,"13 km SSE of Saiha, India",earthquake,,,,1.0,reviewed,us,us,2002-10-22,35613,India,2
2002-10-23 11:49:44.980000+00:00,11.192,92.979,33.0,5.11,mw,16.0,,,0.93,us,usp000bf32,2014-11-07T01:16:47.990Z,"58 km SSE of Port Blair, India",earthquake,,,,6.0,reviewed,us,us,2002-10-23,35478,India,1
2002-11-02 04:47:42.200000+00:00,12.701,92.856,33.0,6.05,mw,358.0,,,0.74,us,usp000bfvv,2022-05-02T16:14:54.119Z,"111 km N of Bamboo Flat, India",earthquake,,,,126.0,reviewed,us,us,2002-11-02,35641,India,1
2002-11-10 03:19:01.680000+00:00,34.306,80.828,33.0,5.11,mw,64.0,,,0.93,us,usp000bh98,2014-11-07T01:17:06.014Z,"299 km E of Leh, India",earthquake,,,,27.0,reviewed,us,us,2002-11-10,35654,India,-1
2002-11-12 00:32:08.570000+00:00,24.511,94.718,109.7,4.6,mw,14.0,,,0.64,us,usp000bhfy,2014-11-07T01:17:06.868Z,"66 km E of W?ngjing, India",earthquake,,10.8,,4.0,reviewed,us,us,2002-11-12,35764,India,2
2002-11-14 02:59:22.370000+00:00,27.552,92.639,61.0,4.94,mw,27.0,,,0.93,us,usp000bhn4,2014-11-07T01:17:07.923Z,"38 km NNE of Bomdila, India",earthquake,,12.2,,11.0,reviewed,us,us,2002-11-14,35712,India,2
2002-11-15 12:46:56.380000+00:00,10.675,91.852,33.0,4.85,mw,6.0,,,0.38,us,usp000bhqm,2014-11-07T01:17:08.177Z,"146 km SW of Port Blair, India",earthquake,,,,1.0,reviewed,us,us,2002-11-15,35747,India,1
2002-11-30 02:11:11.990000+00:00,5.822,89.121,33.0,4.94,mw,18.0,,,1.24,us,usp000bjre,2014-11-07T01:17:12.425Z,North Indian Ocean,earthquake,,,,6.0,reviewed,us,us,2002-11-30,35709,North Indian Ocean,-1
2002-11-30 02:52:03.510000+00:00,28.64,95.082,38.2,5.37,mw,164.0,,,0.66,us,usp000bjrf,2022-05-02T16:18:20.983Z,"58 km NNE of Along, India",earthquake,,5.7,,85.0,reviewed,us,us,2002-11-30,35649,India,-1
2002-12-03 12:27:09.700000+00:00,10.429,93.687,33.0,5.03,mw,10.0,,,1.24,us,usp000bk1a,2014-11-07T01:17:18.212Z,"171 km SE of Port Blair, India",earthquake,,,,3.0,reviewed,us,us,2002-12-03,35669,India,1
2002-12-13 01:45:35.770000+00:00,8.844,94.065,33.0,5.0,mwc,68.0,,,0.97,us,usp000bkkj,2024-01-17T20:48:07.992Z,"Nicobar Islands, India region",earthquake,,,,,reviewed,us,hrv,2002-12-13,35697,India,1
2002-12-21 22:31:13.620000+00:00,12.985,93.271,33.0,5.03,mw,15.0,,,1.17,us,usp000bm4p,2014-11-07T01:17:24.219Z,"154 km NNE of Bamboo Flat, India",earthquake,,,,5.0,reviewed,us,us,2002-12-21,35682,India,1
2002-12-28 10:57:29.130000+00:00,24.654,95.171,127.9,4.43,mw,23.0,,,0.56,us,usp000bmk8,2014-11-07T01:17:26.448Z,"112 km E of W?ngjing, India",earthquake,,7.7,,2.0,reviewed,us,us,2002-12-28,35817,India,2
2003-01-01 16:52:45.750000+00:00,26.478,96.292,98.0,4.51,mw,27.0,,,1.02,us,usp000bmwb,2014-11-07T01:17:30.479Z,"59 km WNW of Sarupathar, India",earthquake,,14.4,,8.0,reviewed,us,us,2003-01-01,35778,India,2
2003-01-09 23:14:34.480000+00:00,11.63,92.978,56.3,5.11,mw,46.0,,,1.01,us,usp000bnay,2014-11-07T01:17:34.031Z,"25 km E of Port Blair, India",earthquake,,13.5,,24.0,reviewed,us,us,2003-01-09,35653,India,1
2003-01-12 20:17:18.340000+00:00,11.104,92.721,33.0,4.68,mw,21.0,,,0.91,us,usp000bnf7,2014-11-07T01:17:35.034Z,"62 km S of Port Blair, India",earthquake,,,,3.0,reviewed,us,us,2003-01-12,35761,India,1
2003-01-13 16:35:02.910000+00:00,12.922,95.552,33.0,5.3,mwc,50.0,,,0.9,us,usp000bngj,2025-12-19T22:36:58.871Z,"Andaman Islands, India region",earthquake,,,,,reviewed,us,hrv,2003-01-13,35651,India,1
2003-01-19 22:57:26.600000+00:00,23.149,70.636,10.0,4.51,mw,16.0,,,1.24,us,usp000bnv1,2014-11-07T01:17:36.554Z,"34 km ESE of Bhach?u, India",earthquake,,,,1.0,reviewed,us,us,2003-01-19,35774,India,-1
2003-01-23 10:35:08.260000+00:00,12.991,93.704,83.7,5.03,mw,39.0,,,0.94,us,usp000bp1s,2014-11-07T01:17:37.429Z,"178 km NE of Bamboo Flat, India",earthquake,,,,13.0,reviewed,us,us,2003-01-23,35672,India,1
2003-02-11 01:15:06.990000+00:00,35.529,76.582,100.0,4.43,mw,9.0,,,1.38,us,usp000bqe2,2014-11-07T01:17:47.053Z,"69 km NNW of Thang, India",earthquake,,,,1.0,reviewed,us,us,2003-02-11,35806,India,-1
2003-02-11 19:27:14.670000+00:00,23.386,70.218,10.0,4.85,mw,23.0,,,1.13,us,usp000bqg0,2020-09-18T19:17:02.214Z,"16 km NW of Bhach?u, India",earthquake,,,,11.0,reviewed,us,us,2003-02-11,35719,India,-1
2003-02-16 09:22:09.230000+00:00,10.494,92.833,33.0,4.51,mw,17.0,,,0.91,us,usp000bqtf,2014-11-07T01:17:48.892Z,"130 km S of Port Blair, India",earthquake,,,,4.0,reviewed,us,us,2003-02-16,35777,India,1
2003-02-19 02:59:42.990000+00:00,9.77,92.495,33.0,4.85,mw,22.0,,,0.85,us,usp000bqzy,2014-11-07T01:17:49.578Z,"211 km S of Port Blair, India",earthquake,,,,3.0,reviewed,us,us,2003-02-19,35723,India,1
2003-03-02 15:23:33.400000+00:00,33.375,75.689,33.0,4.94,mw,70.0,65.6,,0.88,us,usp000brte,2014-11-07T01:17:57.579Z,"9 km NW of Kishtw?r, India",earthquake,,,,41.0,reviewed,us,us,2003-03-02,35701,India,3
2003-03-05 08:22:35.710000+00:00,31.519,78.62,18.9,5.03,mw,18.0,195.1,,0.91,us,usp000brzn,2014-11-07T01:17:59.387Z,"78 km E of Sar?han, India",earthquake,,,,4.0,reviewed,us,us,2003-03-05,35690,India,3
2003-03-15 03:59:27.400000+00:00,24.25,94.388,73.2,4.43,mw,21.0,185.2,,0.83,us,usp000bsp0,2014-11-07T01:18:04.719Z,"49 km SE of Kakching, India",earthquake,,,,5.0,reviewed,us,us,2003-03-15,35798,India,2
2003-03-18 08:20:16.950000+00:00,25.239,95.135,104.4,4.85,mw,69.0,66.5,,0.74,us,usp000bsy9,2014-11-07T01:18:06.270Z,"79 km SE of Phek, India",earthquake,,6.5,,39.0,reviewed,us,us,2003-03-18,35742,India,2
2003-03-19 21:13:12.210000+00:00,9.783,93.548,140.2,4.85,mw,46.0,145.8,,1.06,us,usp000bt22,2014-11-07T01:18:06.760Z,"226 km SSE of Port Blair, India",earthquake,,15.6,,25.0,reviewed,us,us,2003-03-19,35742,India,1
2003-04-04 07:02:32.020000+00:00,30.026,80.008,33.0,5.03,mw,51.0,80.1,,0.83,us,usp000bub0,2014-11-07T01:18:16.473Z,"30 km NE of B?geshwar, India",earthquake,,,,22.0,reviewed,us,us,2003-04-04,35669,India,3
2003-04-08 16:55:08.370000+00:00,26.128,93.193,40.5,4.94,mw,72.0,70.6,,0.98,us,usp000buqn,2014-11-07T01:18:18.799Z,"36 km ENE of Hoj?i, India",earthquake,,,,43.0,reviewed,us,us,2003-04-08,35713,India,2
2003-04-16 13:54:55.790000+00:00,33.493,76.582,33.0,4.77,mw,14.0,196.3,,0.79,us,usp000bvan,2014-11-07T01:18:21.159Z,"28 km W of Padam, India",earthquake,,,,2.0,reviewed,us,us,2003-04-16,35750,India,3
2003-04-27 19:17:24.140000+00:00,32.874,76.761,33.0,4.51,mw,14.0,151.1,,0.82,us,usp000bw3f,2014-11-07T01:18:26.622Z,"41 km NW of Kyelang, India",earthquake,,,,1.0,reviewed,us,us,2003-04-27,35794,India,3
2003-05-02 09:34:39.970000+00:00,35.784,78.325,33.0,4.51,mw,14.0,193.6,,0.9,us,usp000bweq,2014-11-07T01:18:31.547Z,"168 km NE of Thang, India",earthquake,,,,2.0,reviewed,us,us,2003-05-02,35984,India,-1
2003-05-05 06:55:23.450000+00:00,9.734,93.147,31.1,4.6,mw,6.0,198.1,,0.24,us,usp000bwnb,2014-11-07T01:18:34.552Z,"218 km SSE of Port Blair, India",earthquake,,,,1.0,reviewed,us,us,2003-05-05,35973,India,1
2003-05-11 16:34:51.710000+00:00,33.107,75.937,33.0,4.77,mw,61.0,105.6,,0.81,us,usp000bx1p,2014-11-07T01:18:36.254Z,"24 km NE of Bhadarw?h, India",earthquake,,,,27.0,reviewed,us,us,2003-05-11,35935,India,3
2003-05-20 14:16:39.670000+00:00,10.48,93.089,54.2,4.85,mw,16.0,122.3,,0.58,us,usp000bxkg,2014-11-07T01:18:39.086Z,"136 km SSE of Port Blair, India",earthquake,,13.5,,4.0,reviewed,us,us,2003-05-20,35923,India,1
2003-05-27 04:23:28.960000+00:00,30.547,79.293,33.0,5.2,mw,151.0,108.7,,0.73,us,usp000by91,2022-05-02T16:34:52.179Z,"18 km NW of P?palkoti, India",earthquake,,,,98.0,reviewed,us,us,2003-05-27,35869,India,3
2003-05-29 00:33:29.090000+00:00,27.272,92.772,76.1,4.51,mw,36.0,97.7,,0.9,us,usp000byed,2014-11-07T01:18:44.163Z,"34 km E of Bomdila, India",earthquake,,11.1,,18.0,reviewed,us,us,2003-05-29,35993,India,2
2003-06-18 19:42:03.870000+00:00,35.24,76.813,33.0,4.6,mw,18.0,175.3,,0.97,us,usp000c06e,2014-11-07T01:18:57.352Z,"34 km N of Thang, India",earthquake,,,,3.0,reviewed,us,us,2003-06-18,35972,India,-1
2003-06-23 12:30:54.080000+00:00,27.79,88.168,80.3,4.6,mw,22.0,82.2,,0.9,us,usp000c0rf,2014-11-07T01:18:59.140Z,"46 km NW of Mangan, India",earthquake,,,,2.0,reviewed,us,us,2003-06-23,35943,India,-1
2003-07-06 04:04:58.060000+00:00,12.185,95.176,26.5,5.2,mw,87.0,73.3,,0.63,us,usp000c1s9,2014-11-07T01:19:08.629Z,"270 km ENE of Port Blair, India",earthquake,,,,47.0,reviewed,us,us,2003-07-06,35849,India,1
2003-07-12 02:42:45.030000+00:00,12.643,94.981,33.0,5.3,mwc,176.0,59.1,,0.88,us,usp000c28u,2025-12-19T23:06:54.498Z,"266 km ENE of Port Blair, India",earthquake,,,,,reviewed,us,hrv,2003-07-12,35840,India,1
2003-07-13 23:38:51.410000+00:00,12.563,95.627,33.0,5.0,mwc,177.0,74.6,,1.17,us,usp000c2ed,2025-12-19T23:06:58.111Z,"Andaman Islands, India region",earthquake,,,,,reviewed,us,hrv,2003-07-13,35887,India,1
2003-07-27 12:07:29.430000+00:00,22.825,92.343,10.0,5.5,mwc,142.0,35.4,,0.83,us,usp000c3gj,2022-05-02T16:39:56.797Z,"41 km W of Lunglei, India",earthquake,,,,,reviewed,us,hrv,2003-07-27,35831,India,2
2003-07-29 06:25:40.190000+00:00,26.213,96.004,63.5,5.03,mw,49.0,85.1,,0.91,us,usp000c3mr,2014-11-07T01:19:19.309Z,"80 km W of Sarupathar, India",earthquake,,12.7,,20.0,reviewed,us,us,2003-07-29,35874,India,2
2003-08-05 11:08:01.910000+00:00,23.689,70.435,10.0,5.0,mwc,256.0,51.0,,0.95,us,usp000c467,2020-07-08T01:26:53.142Z,"25 km WNW of R?par, India",earthquake,,,,,reviewed,us,hrv,2003-08-05,35893,India,-1
2003-08-08 09:59:23.530000+00:00,26.687,97.036,11.5,5.28,mw,130.0,64.7,,1.1,us,usp000c4dx,2022-05-02T16:40:20.117Z,"57 km NNE of Sarupathar, India",earthquake,,,,71.0,reviewed,us,us,2003-08-08,35847,India,2
2003-08-10 11:17:54.380000+00:00,27.216,75.739,10.0,4.85,mw,19.0,116.0,,1.48,us,usp000c4je,2020-09-18T19:33:06.577Z,"22 km WSW of Manoharpur, India",earthquake,,,,2.0,reviewed,us,us,2003-08-10,35930,India,-1
2003-08-11 21:22:30.420000+00:00,12.124,93.53,100.2,6.0,mwb,533.0,20.4,,0.94,us,usp000c4nb,2022-05-02T16:40:31.380Z,"99 km ENE of Port Blair, India",earthquake,,,,,reviewed,us,us,2003-08-11,35822,India,1
2003-08-18 09:03:03.520000+00:00,29.573,95.605,33.0,5.5,mwb,344.0,34.7,,0.92,us,usp000c58m,2022-05-02T16:41:13.182Z,"166 km NE of Shi Yomi, India",earthquake,,,,,reviewed,us,us,2003-08-18,35825,India,-1
2003-08-21 03:56:30.630000+00:00,12.848,93.074,33.0,4.94,mw,41.0,61.1,,0.98,us,usp000c5gf,2014-11-07T01:19:33.806Z,"132 km NNE of Bamboo Flat, India",earthquake,,,,17.0,reviewed,us,us,2003-08-21,35894,India,1
2003-08-23 20:25:31.100000+00:00,36.073,77.815,33.0,4.85,mw,21.0,161.9,,1.45,us,usp000c5rq,2014-11-07T01:19:34.837Z,"157 km NE of Thang, India",earthquake,,,,7.0,reviewed,us,us,2003-08-23,35920,India,-1
2003-08-24 19:07:04.730000+00:00,24.806,94.95,86.1,4.94,mw,119.0,46.9,,0.74,us,usp000c5up,2014-11-07T01:19:35.066Z,"92 km E of Yairipok, India",earthquake,,,,61.0,reviewed,us,us,2003-08-24,35917,India,2
2003-08-26 20:54:15.390000+00:00,24.94,93.642,45.3,4.85,mw,51.0,103.3,,0.66,us,usp000c60b,2014-11-07T01:19:35.626Z,"33 km WNW of Imph?l, India",earthquake,,,,17.0,reviewed,us,us,2003-08-26,35922,India,2
2003-08-31 16:48:21.050000+00:00,24.821,92.92,33.0,4.6,mw,12.0,176.1,,0.68,us,usp000c6d2,2014-11-07T01:19:37.335Z,"9 km WNW of Lakhipur, India",earthquake,,,,1.0,reviewed,us,us,2003-08-31,35961,India,2
2003-09-18 17:27:46.320000+00:00,11.161,93.748,175.7,4.68,mw,13.0,122.7,,0.79,us,usp000c7y0,2014-11-07T01:19:51.490Z,"122 km ESE of Port Blair, India",earthquake,,15.6,,8.0,reviewed,us,us,2003-09-18,35936,India,1
2003-09-29 13:40:30.450000+00:00,27.358,87.738,33.0,4.94,mw,35.0,97.1,,0.68,us,usp000c927,2014-11-07T01:19:59.493Z,"51 km W of Gyalshing, India",earthquake,,,,15.0,reviewed,us,us,2003-09-29,35908,India,-1
2003-09-30 20:37:23.660000+00:00,9.202,92.842,46.9,4.94,mw,35.0,168.4,,0.89,us,usp000c967,2014-11-07T01:20:00.686Z,"272 km S of Port Blair, India",earthquake,,,,12.0,reviewed,us,us,2003-09-30,35910,India,1
2003-10-11 09:47:53.620000+00:00,23.375,69.916,10.0,4.77,mw,37.0,126.4,,0.97,us,usp000ca4v,2014-11-07T01:20:11.030Z,"28 km ENE of Bhuj, India",earthquake,,,,12.0,reviewed,us,us,2003-10-11,35933,India,-1
2003-10-20 00:39:54.440000+00:00,23.316,86.448,33.0,4.68,mw,8.0,100.9,,1.18,us,usp000cauf,2014-11-07T01:20:13.953Z,"8 km E of Puruliya, India",earthquake,,,,1.0,reviewed,us,us,2003-10-20,35938,India,-1
2003-10-29 10:02:51.500000+00:00,26.037,95.93,70.9,5.03,mw,20.0,114.0,,0.87,us,usp000cbhx,2014-11-07T01:20:17.084Z,"89 km WSW of Sarupathar, India",earthquake,,13.9,,1.0,reviewed,us,us,2003-10-29,36033,India,2
2003-11-07 02:34:33.600000+00:00,10.506,93.82,161.1,4.94,mw,148.0,61.6,,0.8,us,usp000cc8h,2014-11-07T01:20:25.428Z,"173 km SE of Port Blair, India",earthquake,,7.1,,73.0,reviewed,us,us,2003-11-07,36047,India,1
2003-11-08 05:58:56.550000+00:00,23.63,93.664,33.0,5.2,mw,96.0,105.8,,0.79,us,usp000ccbf,2022-05-02T16:53:17.567Z,"61 km ENE of Khawhai, India",earthquake,,,,47.0,reviewed,us,us,2003-11-08,36012,India,2
2003-11-09 05:27:56.620000+00:00,8.151,93.755,100.0,4.68,mw,16.0,192.7,,0.73,us,usp000ccdq,2014-11-07T01:20:25.953Z,"Nicobar Islands, India region",earthquake,,,,5.0,reviewed,us,us,2003-11-09,36130,India,1
2003-11-09 19:36:42.810000+00:00,21.897,92.955,37.9,4.77,mw,52.0,116.9,,0.63,us,usp000ccfz,2014-11-07T01:20:26.228Z,"65 km S of Saiha, India",earthquake,,,,14.0,reviewed,us,us,2003-11-09,36096,India,2
2003-11-29 18:34:42.620000+00:00,25.696,93.216,35.5,4.6,mw,18.0,169.8,,0.86,us,usp000ce5b,2014-11-07T01:20:34.507Z,"7 km SE of Lumding Railway Colony, India",earthquake,,,,4.0,reviewed,us,us,2003-11-29,36131,India,2
2003-12-06 09:53:03.960000+00:00,25.596,90.25,26.7,4.77,mw,8.0,201.0,,1.89,us,usp000cenk,2014-11-07T01:20:42.022Z,"10 km NNE of Tura, India",earthquake,,,,1.0,reviewed,us,us,2003-12-06,36098,India,2
2003-12-13 07:29:11.350000+00:00,11.231,93.769,139.7,4.94,mw,29.0,113.1,,0.79,us,usp000cf59,2014-11-07T01:20:44.804Z,"121 km ESE of Port Blair, India",earthquake,,,,12.0,reviewed,us,us,2003-12-13,36069,India,1
2003-12-15 22:54:20.320000+00:00,31.622,78.203,33.0,4.85,mw,20.0,125.8,,1.35,us,usp000cfbq,2014-11-07T01:20:46.062Z,"40 km ENE of Sar?han, India",earthquake,,,,2.0,reviewed,us,us,2003-12-15,36095,India,3
2003-12-21 02:14:07.450000+00:00,32.548,76.626,33.0,4.6,mw,8.0,224.3,,0.7,us,usp000cfq2,2014-11-07T01:20:47.425Z,"37 km W of Kyelang, India",earthquake,,,,1.0,reviewed,us,us,2003-12-21,36149,India,3
2003-12-30 10:49:54+00:00,11.643,92.805,33.0,4.68,mw,8.0,119.8,,1.46,us,usp000cghz,2014-11-07T01:20:51.580Z,"6 km ESE of Port Blair, India",earthquake,,,,2.0,reviewed,us,us,2003-12-30,36126,India,1
2004-01-04 07:14:56.100000+00:00,10.274,93.084,90.0,4.6,mw,11.0,201.2,,0.84,us,usp000ch2f,2014-11-07T01:20:58.965Z,"158 km SSE of Port Blair, India",earthquake,,,,1.0,reviewed,us,us,2004-01-04,36152,India,1
2004-01-30 03:05:12.770000+00:00,12.083,92.614,34.5,4.77,mw,16.0,198.1,,0.99,us,usp000cjzh,2014-11-07T01:21:10.332Z,"43 km NNW of Bamboo Flat, India",earthquake,,,,5.0,reviewed,us,us,2004-01-30,36114,India,1
2004-01-31 15:51:11.160000+00:00,10.734,93.368,128.0,4.94,mw,11.0,143.3,,1.31,us,usp000ck3y,2014-11-07T01:21:10.909Z,"Andaman Islands, India region",earthquake,,24.1,,5.0,reviewed,us,us,2004-01-31,36064,India,1
2004-02-02 12:42:03.600000+00:00,26.504,96.564,108.7,4.77,mw,26.0,90.4,,0.66,us,usp000ck8b,2014-11-07T01:21:16.036Z,"41 km NW of Sarupathar, India",earthquake,,,,7.0,reviewed,us,us,2004-02-02,36100,India,2
2004-02-04 18:46:58.400000+00:00,33.947,75.149,23.8,4.51,mw,28.0,98.3,,0.56,us,usp000ckdm,2014-11-07T01:21:17.954Z,"3 km NE of Tr?l, India",earthquake,,18.1,,8.0,reviewed,us,us,2004-02-04,36172,India,3
2004-02-18 01:23:43.820000+00:00,27.361,87.758,20.7,5.03,mw,40.0,88.3,,0.55,us,usp000cmew,2014-11-07T01:21:22.123Z,"50 km W of Gyalshing, India",earthquake,,14.4,,12.0,reviewed,us,us,2004-02-18,36040,India,-1
2004-03-01 17:41:18.600000+00:00,30.368,80.496,58.6,5.11,mw,52.0,71.5,,0.8,us,usp000cnuh,2014-11-07T01:21:35.724Z,"57 km N of Dh?rchula, India",earthquake,,14.8,,27.0,reviewed,us,us,2004-03-01,36013,India,3
2004-03-05 02:33:48.420000+00:00,12.438,92.685,43.5,4.51,mw,15.0,176.2,,0.49,us,usp000cp48,2014-11-07T01:21:38.451Z,"81 km N of Bamboo Flat, India",earthquake,,,,2.0,reviewed,us,us,2004-03-05,36171,India,1
2004-03-06 10:21:32+00:00,12.959,93.135,38.2,5.5,mwc,247.0,54.1,,0.84,us,usp000cp7x,2022-05-02T17:04:48.088Z,"146 km NNE of Bamboo Flat, India",earthquake,,,,,reviewed,us,hrv,2004-03-06,36011,India,1
2004-03-24 10:56:51.860000+00:00,24.489,94.855,142.6,4.51,mw,9.0,107.6,,1.07,us,usp000cqsc,2014-11-07T01:21:46.608Z,"80 km E of W?ngjing, India",earthquake,,,,1.0,reviewed,us,us,2004-03-24,36169,India,2
2004-03-27 18:28:38.880000+00:00,25.269,95.471,113.9,4.51,mw,9.0,160.5,,1.09,us,usp000cr1h,2014-11-07T01:21:47.665Z,"107 km ESE of Phek, India",earthquake,,12.6,,3.0,reviewed,us,us,2004-03-27,36168,India,2
2004-04-05 11:29:00.590000+00:00,11.973,95.145,24.8,4.94,mw,16.0,194.3,,1.24,us,usp000crrz,2014-11-07T01:21:54.861Z,"263 km E of Port Blair, India",earthquake,,,,3.0,reviewed,us,us,2004-04-05,36055,India,1
2004-04-07 09:02:28.230000+00:00,28.858,78.418,10.0,4.6,mw,13.0,182.8,,0.67,us,usp000crww,2014-11-07T01:21:55.584Z,"7 km SW of Amroha, India",earthquake,,0.0,,1.0,reviewed,us,us,2004-04-07,36161,India,-1
2004-04-12 15:07:00.600000+00:00,22.418,70.474,10.0,4.6,mw,12.0,170.0,,1.33,us,usp000csbb,2014-11-07T01:21:58.139Z,"13 km W of Paddhari, India",earthquake,,,,2.0,reviewed,us,us,2004-04-12,36163,India,-1
2004-04-13 21:10:08.070000+00:00,24.696,95.249,128.9,5.03,mw,131.0,95.7,,0.74,us,usp000cse3,2014-11-07T01:21:58.403Z,"120 km E of W?ngjing, India",earthquake,,6.2,,64.0,reviewed,us,us,2004-04-13,36013,India,2
2004-04-15 05:55:50.480000+00:00,9.232,93.728,41.2,4.94,mw,22.0,103.9,,1.25,us,usp000cshm,2014-11-07T01:21:59.891Z,"289 km SSE of Port Blair, India",earthquake,,16.0,,11.0,reviewed,us,us,2004-04-15,36049,India,1
2004-04-16 02:06:13.740000+00:00,8.904,94.022,29.2,5.6,mwb,177.0,39.1,,1.27,us,usp000csma,2022-05-02T17:08:24.459Z,"Nicobar Islands, India region",earthquake,,,,,reviewed,us,us,2004-04-16,36002,India,1
2004-04-20 08:17:53.590000+00:00,28.912,94.462,26.8,4.51,mw,17.0,113.1,,1.2,us,usp000csz9,2014-11-07T01:22:03.566Z,"43 km NNE of Shi Yomi, India",earthquake,,33.8,,3.0,reviewed,us,us,2004-04-20,36176,India,-1
2004-05-01 07:08:12.940000+00:00,35.73,78.366,26.3,4.85,mw,59.0,94.0,,1.08,us,usp000ctwt,2014-11-07T01:22:11.567Z,"168 km ENE of Thang, India",earthquake,,15.9,,17.0,reviewed,us,us,2004-05-01,36248,India,-1
2004-05-02 00:48:14.490000+00:00,9.084,94.081,26.4,4.94,mw,49.0,94.1,,0.87,us,usp000ctyz,2014-11-07T01:22:12.301Z,"Nicobar Islands, India region",earthquake,,,,20.0,reviewed,us,us,2004-05-02,36243,India,1
2004-05-03 02:34:56.340000+00:00,11.133,95.062,24.4,5.03,mw,86.0,97.9,,0.66,us,usp000cu1u,2014-11-07T01:22:13.541Z,"259 km ESE of Port Blair, India",earthquake,,,,40.0,reviewed,us,us,2004-05-03,36213,India,1
2004-05-03 17:41:29.200000+00:00,13.089,93.187,31.1,5.2,mwb,251.0,37.4,,0.84,us,usp000cu3f,2022-05-02T17:10:24.884Z,"161 km NNE of Bamboo Flat, India",earthquake,,,,,reviewed,us,us,2004-05-03,36188,India,1
2004-05-12 20:26:43.350000+00:00,25.228,93.438,57.9,4.85,mw,26.0,101.9,,0.62,us,usp000cuvp,2014-11-07T01:22:17.879Z,"31 km ESE of Maibong, India",earthquake,,7.9,,5.0,reviewed,us,us,2004-05-12,36269,India,2
2004-05-24 01:39:54.110000+00:00,24.685,95.19,104.0,4.94,mw,148.0,50.1,,0.92,us,usp000cw1t,2014-11-07T01:22:23.591Z,"114 km E of W?ngjing, India",earthquake,,,,86.0,reviewed,us,us,2004-05-24,36243,India,2
2004-05-24 22:01:02.400000+00:00,27.099,97.219,35.0,5.0,mwc,124.0,70.5,,1.03,us,usp000cw44,2016-11-10T00:35:51.855Z,"106 km NNE of Sarupathar, India",earthquake,,,,,reviewed,us,hrv,2004-05-24,36219,India,2
2004-05-27 00:22:17.300000+00:00,26.301,89.521,10.0,4.85,mw,25.0,102.6,,1.09,us,usp000cwb3,2014-11-07T01:22:24.917Z,India-Bangladesh border region,earthquake,,,,9.0,reviewed,us,us,2004-05-27,36274,India-Bangladesh border region,-1
2004-06-02 22:10:36.120000+00:00,10.188,93.625,26.8,5.03,mw,86.0,77.3,,0.71,us,usp000cwyj,2014-11-07T01:22:31.820Z,"189 km SSE of Port Blair, India",earthquake,,,,23.0,reviewed,us,us,2004-06-02,36198,India,1
2004-06-03 13:01:21.660000+00:00,25.212,95.12,103.0,5.11,mw,139.0,58.8,,0.73,us,usp000cx00,2014-11-07T01:22:32.106Z,"80 km SE of Phek, India",earthquake,,5.5,,65.0,reviewed,us,us,2004-06-03,36189,India,2
2004-06-15 04:53:58.890000+00:00,26.242,96.163,35.9,4.85,mw,23.0,119.3,,0.53,us,usp000cxy1,2014-11-07T01:22:37.899Z,"64 km W of Sarupathar, India",earthquake,,10.2,,2.0,reviewed,us,us,2004-06-15,36260,India,2
2004-06-19 07:55:53.500000+00:00,24.394,94.744,95.3,4.94,mw,16.0,171.2,,1.0,us,usp000cy82,2014-11-07T01:22:38.954Z,"72 km ESE of W?ngjing, India",earthquake,,11.7,,1.0,reviewed,us,us,2004-06-19,36236,India,2
2004-06-20 08:34:44.990000+00:00,27.815,96.67,28.5,4.77,mw,44.0,75.1,,0.92,us,usp000cyag,2014-11-07T01:22:39.266Z,"31 km SSE of Hayuliang, India",earthquake,,,,12.0,reviewed,us,us,2004-06-20,36282,India,2
2004-06-26 23:39:38.260000+00:00,12.671,93.925,10.0,4.51,mw,8.0,269.4,,1.42,us,usp000cyx9,2014-11-07T01:22:42.125Z,"169 km NE of Port Blair, India",earthquake,,,,1.0,reviewed,us,us,2004-06-26,36351,India,1
2004-06-26 23:44:15.670000+00:00,11.275,94.296,10.0,5.11,mw,65.0,117.2,,1.27,us,usp000cyxc,2014-11-07T01:22:42.131Z,"174 km ESE of Port Blair, India",earthquake,,,,21.0,reviewed,us,us,2004-06-26,36189,India,1
2004-06-28 06:00:56.040000+00:00,10.751,94.677,24.2,4.6,mw,17.0,177.4,,0.54,us,usp000cz1h,2014-11-07T01:22:42.970Z,"233 km ESE of Port Blair, India",earthquake,,,,6.0,reviewed,us,us,2004-06-28,36301,India,1
2004-06-28 08:18:33.330000+00:00,26.54,96.457,89.4,5.03,mw,100.0,59.4,,0.91,us,usp000cz1u,2014-11-07T01:22:43.002Z,"51 km NW of Sarupathar, India",earthquake,,,,41.0,reviewed,us,us,2004-06-28,36210,India,2
2004-07-01 09:19:40.650000+00:00,6.335,92.118,10.0,4.94,mw,30.0,71.0,,1.19,us,usp000czb5,2014-11-07T01:22:47.731Z,"Nicobar Islands, India region",earthquake,,,,12.0,reviewed,us,us,2004-07-01,36232,India,1
2004-07-13 19:31:33.840000+00:00,26.208,92.784,71.5,4.6,mw,9.0,195.5,,0.54,us,usp000d03w,2014-11-07T01:22:53.625Z,"23 km NNW of Hoj?i, India",earthquake,,,,1.0,reviewed,us,us,2004-07-13,36336,India,2
2004-07-22 23:24:18.500000+00:00,9.798,92.923,99.2,4.6,mw,32.0,157.8,,0.63,us,usp000d0qb,2014-11-07T01:22:57.102Z,"207 km S of Port Blair, India",earthquake,,20.9,,11.0,reviewed,us,us,2004-07-22,36327,India,1
2004-07-27 00:10:21.620000+00:00,29.25,77.23,75.7,4.51,mw,24.0,164.1,,1.05,us,usp000d0xu,2014-11-07T01:22:59.367Z,"6 km NE of Chhaprauli, India",earthquake,,17.0,,5.0,reviewed,us,us,2004-07-27,36347,India,-1
2004-07-29 01:44:06.910000+00:00,12.455,94.997,22.4,5.9,mwb,373.0,23.5,,0.77,us,usp000d11k,2022-05-02T17:18:25.628Z,"260 km ENE of Port Blair, India",earthquake,,,,,reviewed,us,us,2004-07-29,36187,India,1
2004-07-29 11:38:07.050000+00:00,12.72,94.569,20.9,4.6,mw,10.0,153.6,,0.82,us,usp000d12m,2014-11-07T01:23:01.625Z,"230 km ENE of Port Blair, India",earthquake,,,,2.0,reviewed,us,us,2004-07-29,36318,India,-1
2004-07-29 18:11:12.180000+00:00,12.273,94.55,10.0,4.43,mw,8.0,188.7,,1.43,us,usp000d137,2014-11-07T01:23:01.750Z,"207 km ENE of Port Blair, India",earthquake,,,,3.0,reviewed,us,us,2004-07-29,36356,India,1
2004-08-04 02:09:21.280000+00:00,25.923,90.262,61.7,4.6,mw,16.0,98.8,,0.59,us,usp000d1e1,2014-11-07T01:23:08.280Z,"12 km SSW of Lakhipur, India",earthquake,,10.8,,3.0,reviewed,us,us,2004-08-04,36287,India,2
2004-08-05 22:22:59.520000+00:00,11.967,94.425,10.0,4.6,mw,10.0,173.6,,1.09,us,usp000d1k5,2014-11-07T01:23:09.418Z,"185 km E of Port Blair, India",earthquake,,,,3.0,reviewed,us,us,2004-08-05,36298,India,1
2004-08-09 08:18:18.490000+00:00,27.58,91.797,16.1,4.51,mw,19.0,90.6,,1.04,us,usp000d1th,2014-11-07T01:23:10.417Z,"12 km W of Tawang, India",earthquake,,,,2.0,reviewed,us,us,2004-08-09,36347,India,2
2004-08-20 06:54:26.110000+00:00,12.536,92.766,41.4,4.77,mw,17.0,144.6,,0.41,us,usp000d2gr,2014-11-07T01:23:14.484Z,"92 km N of Bamboo Flat, India",earthquake,,,,4.0,reviewed,us,us,2004-08-20,36276,India,1
2004-08-23 09:27:13.060000+00:00,10.231,92.991,10.0,4.6,mw,11.0,179.4,,0.75,us,usp000d2q6,2014-11-07T01:23:15.317Z,"160 km S of Port Blair, India",earthquake,,,,1.0,reviewed,us,us,2004-08-23,36333,India,1
2004-09-09 05:55:46.100000+00:00,29.466,80.281,5.5,4.77,mw,18.0,123.1,,1.12,us,usp000d3yr,2014-11-07T01:23:27.518Z,"14 km SSE of Pithor?garh, India",earthquake,,36.2,,6.0,reviewed,us,us,2004-09-09,36276,India,-1
2004-09-18 12:37:36.270000+00:00,23.866,93.313,40.8,4.94,mw,12.0,161.2,,0.3,us,usp000d4j8,2014-11-07T01:23:30.561Z,"42 km ESE of Darlawn, India",earthquake,,11.6,,1.0,reviewed,us,us,2004-09-18,36237,India,2
2004-09-24 04:19:32.450000+00:00,27.463,96.34,70.8,4.77,mw,20.0,108.7,,1.41,us,usp000d4yp,2014-11-07T01:23:33.127Z,"53 km SSE of Tezu, India",earthquake,,14.1,,2.0,reviewed,us,us,2004-09-24,36276,India,2
2004-09-27 02:23:02.960000+00:00,26.134,92.149,37.4,4.6,mw,9.0,153.3,,0.68,us,usp000d54n,2014-11-07T01:23:33.833Z,"23 km WSW of Morigaon, India",earthquake,,,,4.0,reviewed,us,us,2004-09-27,36336,India,2
2004-09-27 17:05:37.970000+00:00,29.773,95.515,13.9,5.0,mwc,219.0,37.6,,0.71,us,usp000d55p,2016-11-10T00:47:03.476Z,"176 km NE of Shi Yomi, India",earthquake,,9.4,,,reviewed,us,hrv,2004-09-27,36220,India,-1
2004-10-08 06:28:28.290000+00:00,25.314,95.775,56.5,5.03,mw,72.0,63.1,,0.85,us,usp000d5zu,2014-11-07T01:23:43.363Z,"134 km ESE of Phek, India",earthquake,,8.7,,26.0,reviewed,us,us,2004-10-08,36210,India,2
2004-10-08 21:48:05.450000+00:00,24.304,94.298,69.3,4.9,mwc,118.0,53.6,,0.88,us,usp000d619,2016-11-10T00:48:17.975Z,"38 km SE of Kakching, India",earthquake,,,,,reviewed,us,hrv,2004-10-08,36245,India,2
2004-10-12 07:18:24.650000+00:00,29.527,97.268,49.7,4.85,mw,15.0,81.4,,0.99,us,usp000d686,2014-11-07T01:23:44.636Z,"176 km NNE of Hayuliang, India",earthquake,,15.6,,4.0,reviewed,us,us,2004-10-12,36245,India,-1
2004-10-17 15:35:45.840000+00:00,35.204,77.669,15.0,4.68,mw,29.0,161.7,,1.18,us,usp000d6jh,2014-11-07T01:23:46.648Z,"85 km ENE of Thang, India",earthquake,,0.0,,8.0,reviewed,us,us,2004-10-17,36283,India,-1
2004-10-20 06:11:01.470000+00:00,26.513,96.991,69.4,4.43,mw,7.0,134.2,,0.22,us,usp000d6qc,2014-11-07T01:23:47.210Z,"38 km NNE of Sarupathar, India",earthquake,,23.8,,3.0,reviewed,us,us,2004-10-20,36359,India,2
2004-10-28 10:30:29.340000+00:00,12.701,95.458,55.5,4.85,mw,19.0,105.1,,1.22,us,usp000d784,2014-11-07T01:23:50.047Z,"Andaman Islands, India region",earthquake,,22.9,,7.0,reviewed,us,us,2004-10-28,36471,India,1
2004-11-02 00:48:52.330000+00:00,23.509,93.148,51.5,4.6,mw,44.0,109.7,,0.67,us,usp000d7gb,2014-11-07T01:23:53.969Z,"14 km N of Khawhai, India",earthquake,,13.2,,18.0,reviewed,us,us,2004-11-02,36502,India,2
2004-11-02 08:23:24.050000+00:00,26.442,92.584,48.3,4.6,mw,17.0,121.2,,0.79,us,usp000d7gt,2014-11-07T01:23:54.131Z,"11 km ESE of Dhing, India",earthquake,,16.9,,6.0,reviewed,us,us,2004-11-02,36496,India,2
2004-11-05 21:15:41.330000+00:00,24.092,93.714,56.2,5.03,mw,79.0,86.5,,0.6,us,usp000d7ry,2014-11-07T01:23:56.467Z,"27 km S of Chur?ch?ndpur, India",earthquake,,,,42.0,reviewed,us,us,2004-11-05,36439,India,2
2004-11-11 02:13:45.040000+00:00,32.442,76.512,34.6,5.2,mw,71.0,107.9,,0.88,us,usp000d849,2022-05-02T17:32:16.275Z,"30 km NE of Dharamsala, India",earthquake,,19.1,,29.0,reviewed,us,us,2004-11-11,36429,India,3
2004-11-12 01:59:10.850000+00:00,27.274,92.076,45.0,4.43,mw,7.0,157.4,,0.45,us,usp000d872,2014-11-07T01:23:59.387Z,"34 km W of Bomdila, India",earthquake,,,,2.0,reviewed,us,us,2004-11-12,36520,India,2
2004-12-09 08:49:00.240000+00:00,24.757,92.539,34.7,5.4,mwb,236.0,43.8,,0.74,us,usp000dabz,2022-05-02T17:36:22.780Z,"8 km NNW of Hail?k?ndi, India",earthquake,,,,,reviewed,us,us,2004-12-09,36427,India,2
2004-12-26 02:52:01.830000+00:00,12.504,92.604,30.0,6.05,mw,244.0,47.8,,1.18,us,usp000dbf6,2022-05-02T17:38:54.422Z,"89 km N of Bamboo Flat, India",earthquake,,,,94.0,reviewed,us,us,2004-12-26,36426,India,1
2004-12-26 04:46:23.440000+00:00,8.532,93.88,32.6,5.62,mw,121.0,75.4,,1.11,us,usp000dbga,2014-11-07T01:24:22.321Z,"Nicobar Islands, India region",earthquake,,,,43.0,reviewed,us,us,2004-12-26,36426,India,1
2004-12-26 04:58:04.020000+00:00,11.068,92.0,29.2,5.54,mw,79.0,48.1,,0.9,us,usp000dbge,2014-11-07T01:24:22.341Z,"104 km SW of Bamboo Flat, India",earthquake,,,,30.0,reviewed,us,us,2004-12-26,36426,India,1
2004-12-26 05:01:21.370000+00:00,9.456,92.175,30.0,5.62,mw,55.0,75.9,,1.07,us,usp000dbgh,2014-11-07T01:24:22.356Z,"252 km SSW of Port Blair, India",earthquake,,,,21.0,reviewed,us,us,2004-12-26,36426,India,-1
2004-12-26 07:07:10.270000+00:00,10.363,93.747,19.5,5.76,mw,140.0,50.0,,1.02,us,usp000dbhc,2022-05-02T17:39:36.228Z,"180 km SE of Port Blair, India",earthquake,,,,47.0,reviewed,us,us,2004-12-26,36426,India,1
2004-12-26 09:20:01.610000+00:00,8.879,92.375,16.1,6.6,mwc,353.0,31.9,,1.07,us,usp000dbj1,2022-05-02T17:39:40.888Z,"Nicobar Islands, India region",earthquake,,16.7,,,reviewed,us,hrv,2004-12-26,36367,India,1
2004-12-26 10:12:10.150000+00:00,10.253,94.305,30.0,5.37,mw,27.0,100.3,,1.22,us,usp000dbje,2014-11-07T01:24:22.884Z,"231 km SE of Port Blair, India",earthquake,,,,15.0,reviewed,us,us,2004-12-26,36427,India,1
2004-12-26 10:19:31.730000+00:00,13.462,92.738,26.4,6.3,mwc,389.0,43.2,,0.86,us,usp000dbjg,2022-05-02T17:39:43.292Z,"194 km N of Bamboo Flat, India",earthquake,,,,,reviewed,us,hrv,2004-12-26,36372,India,1
2004-12-26 11:03:53.290000+00:00,11.097,93.949,30.0,5.11,mw,27.0,102.3,,1.08,us,usp000dbjv,2014-11-07T01:24:23.002Z,"145 km ESE of Port Blair, India",earthquake,,,,16.0,reviewed,us,us,2004-12-26,36435,India,1
2004-12-26 12:11:57.660000+00:00,11.57,92.41,25.5,5.62,mw,109.0,57.8,,0.79,us,usp000dbk2,2014-11-07T01:24:23.077Z,"36 km WSW of Bamboo Flat, India",earthquake,,,,44.0,reviewed,us,us,2004-12-26,36426,India,1
2004-12-26 13:16:45.980000+00:00,12.887,92.97,30.0,5.03,mw,43.0,116.9,,0.87,us,usp000dbkd,2014-11-07T01:24:23.123Z,"134 km NNE of Bamboo Flat, India",earthquake,,,,28.0,reviewed,us,us,2004-12-26,36442,India,1
2004-12-26 14:39:07.370000+00:00,8.298,92.357,30.0,5.37,mw,81.0,49.7,,0.75,us,usp000dbkn,2014-11-07T01:24:23.185Z,"Nicobar Islands, India region",earthquake,,,,44.0,reviewed,us,us,2004-12-26,36427,India,1
2004-12-26 18:55:46.100000+00:00,11.98,91.974,30.0,5.2,mw,35.0,96.2,,0.81,us,usp000dbnh,2014-11-07T01:24:23.555Z,"86 km WNW of Bamboo Flat, India",earthquake,,,,15.0,reviewed,us,us,2004-12-26,36428,India,1
2004-12-26 21:43:57.760000+00:00,6.494,94.293,30.0,4.68,mw,16.0,182.1,,1.59,us,usp000dbq0,2014-11-07T01:24:23.840Z,"Nicobar Islands, India region",earthquake,,,,4.0,reviewed,us,us,2004-12-26,36488,India,-1
2004-12-27 00:49:28.590000+00:00,12.982,92.395,23.7,5.8,mwc,430.0,25.1,,0.85,us,usp000dbs0,2022-05-02T17:40:00.433Z,"146 km NNW of Bamboo Flat, India",earthquake,,,,,reviewed,us,hrv,2004-12-27,36426,India,1
2004-12-27 01:34:04.580000+00:00,13.374,93.453,30.0,4.85,mw,40.0,148.6,,0.84,us,usp000dbs8,2014-11-07T01:24:24.355Z,"201 km NNE of Bamboo Flat, India",earthquake,,,,12.0,reviewed,us,us,2004-12-27,36471,India,1
2004-12-27 14:20:53.870000+00:00,8.096,92.715,39.4,5.11,mw,57.0,64.8,,0.86,us,usp000dbws,2014-11-07T01:24:25.516Z,"Nicobar Islands, India region",earthquake,,,,31.0,reviewed,us,us,2004-12-27,36435,India,1
2004-12-27 17:52:38.580000+00:00,7.352,91.44,30.0,4.51,mw,9.0,204.8,,1.14,us,usp000dby9,2014-11-07T01:24:25.725Z,"Nicobar Islands, India region",earthquake,,,,2.0,reviewed,us,us,2004-12-27,36516,India,1
2004-12-27 19:28:38.630000+00:00,9.706,92.59,28.1,5.2,mw,30.0,123.6,,1.22,us,usp000dbyz,2014-11-07T01:24:25.824Z,"217 km S of Port Blair, India",earthquake,,,,12.0,reviewed,us,us,2004-12-27,36429,India,1
2004-12-27 20:23:44.610000+00:00,7.064,91.786,28.7,5.7,mwc,73.0,49.8,,0.89,us,usp000dbzb,2022-05-02T17:40:24.919Z,"Nicobar Islands, India region",earthquake,,16.0,,,reviewed,us,hrv,2004-12-27,36426,India,1
2004-12-27 21:29:50.820000+00:00,7.884,92.349,29.3,4.6,mw,22.0,178.4,,1.06,us,usp000dbzw,2014-11-07T01:24:26.114Z,"Nicobar Islands, India region",earthquake,,,,4.0,reviewed,us,us,2004-12-27,36509,India,1
2004-12-27 22:03:01.220000+00:00,6.391,92.164,30.0,5.2,mwc,28.0,123.6,,0.78,us,usp000dc07,2025-12-19T23:18:18.993Z,"Nicobar Islands, India region",earthquake,,,,,reviewed,us,hrv,2004-12-27,36427,India,1
2004-12-27 22:19:41.610000+00:00,12.027,92.423,30.0,5.03,mw,27.0,96.0,,1.17,us,usp000dc0c,2014-11-07T01:24:26.162Z,"48 km NW of Bamboo Flat, India",earthquake,,,,7.0,reviewed,us,us,2004-12-27,36446,India,1
2004-12-27 23:58:00.490000+00:00,7.994,91.89,8.3,5.4,mwc,109.0,64.9,,0.95,us,usp000dc0x,2025-12-19T23:18:19.816Z,"Nicobar Islands, India region",earthquake,,17.4,,,reviewed,us,hrv,2004-12-27,36427,India,1
2004-12-28 07:20:59.330000+00:00,11.39,92.883,30.0,5.11,mw,33.0,88.0,,1.13,us,usp000dc1m,2014-11-07T01:24:26.347Z,"33 km SSE of Port Blair, India",earthquake,,,,22.0,reviewed,us,us,2004-12-28,36432,India,1
2004-12-28 14:08:43.630000+00:00,10.419,93.023,30.0,5.45,mw,68.0,59.8,,0.84,us,usp000dc23,2014-11-07T01:24:26.518Z,"141 km SSE of Port Blair, India",earthquake,,,,41.0,reviewed,us,us,2004-12-28,36426,India,1
2004-12-29 01:50:52.570000+00:00,9.109,93.756,8.0,6.1,mwb,442.0,51.7,,0.9,us,usp000dc3b,2022-05-02T17:40:44.154Z,"Nicobar Islands, India region",earthquake,,,,,reviewed,us,us,2004-12-29,36409,India,1
2004-12-29 05:56:47.540000+00:00,8.791,93.198,12.0,6.2,mwb,364.0,58.8,,0.97,us,usp000dc3q,2022-05-02T17:40:52.194Z,"Nicobar Islands, India region",earthquake,,,,,reviewed,us,us,2004-12-29,36375,India,1
2004-12-29 06:19:05.790000+00:00,9.606,93.602,30.0,5.4,mwc,71.0,185.8,,0.88,us,usp000dc3s,2025-12-19T23:18:24.755Z,"246 km SSE of Port Blair, India",earthquake,,,,,reviewed,us,hrv,2004-12-29,36427,India,1
2004-12-30 08:12:26.770000+00:00,9.537,94.207,30.0,5.2,mw,13.0,109.0,,1.13,us,usp000dc6t,2014-11-07T01:24:27.417Z,"284 km SE of Port Blair, India",earthquake,,,,18.0,reviewed,us,us,2004-12-30,36430,India,1
2004-12-30 14:57:25.760000+00:00,8.118,93.694,30.0,4.94,mw,22.0,101.1,,1.35,us,usp000dc7a,2014-11-07T01:24:27.514Z,"Nicobar Islands, India region",earthquake,,,,20.0,reviewed,us,us,2004-12-30,36456,India,1
2005-01-01 02:54:20.770000+00:00,8.411,91.517,30.0,5.2,mw,19.0,162.8,,1.13,us,usp000dcb9,2014-11-07T01:24:30.541Z,"Nicobar Islands, India region",earthquake,,,,16.0,reviewed,us,us,2005-01-01,36429,India,1
2005-01-01 14:29:11.220000+00:00,8.115,93.218,27.0,5.5,mwc,142.0,52.5,,0.96,us,usp000dcc6,2022-05-02T17:41:43.593Z,"Nicobar Islands, India region",earthquake,,14.5,,,reviewed,us,hrv,2005-01-01,36426,India,1
2005-01-01 17:06:32.930000+00:00,11.279,91.43,30.0,4.94,mw,17.0,87.1,,1.56,us,usp000dccg,2014-11-07T01:24:31.523Z,"147 km WSW of Bamboo Flat, India",earthquake,,,,18.0,reviewed,us,us,2005-01-01,36455,India,1
2005-01-01 19:08:07.800000+00:00,7.336,94.455,55.4,6.1,mwb,279.0,56.1,,0.96,us,usp000dccn,2022-05-02T17:41:44.991Z,"Nicobar Islands, India region",earthquake,,10.4,,,reviewed,us,us,2005-01-01,36381,India,-1
2005-01-04 09:13:12.250000+00:00,10.672,92.362,23.2,6.1,mwb,321.0,46.4,,0.84,us,usp000dchh,2022-05-02T17:42:13.662Z,"Andaman Islands, India region",earthquake,,,,,reviewed,us,us,2005-01-04,36382,India,1
2005-01-04 19:14:49.130000+00:00,10.556,91.727,10.0,5.7,mwb,204.0,45.6,,0.88,us,usp000dcja,2022-05-02T17:42:15.981Z,"165 km SW of Port Blair, India",earthquake,,0.0,,,reviewed,us,us,2005-01-04,36426,India,1
2005-01-06 07:54:25.250000+00:00,10.804,93.606,107.0,5.3,mwc,123.0,48.1,,0.74,us,usp000dcn9,2025-12-19T23:18:59.018Z,"133 km SE of Port Blair, India",earthquake,,,,,reviewed,us,hrv,2005-01-06,36427,India,1
2005-01-08 02:48:15.610000+00:00,11.894,93.189,30.0,5.03,mw,10.0,211.0,,1.01,us,usp000dcrz,2014-11-07T01:24:35.608Z,"Andaman Islands, India region",earthquake,,,,4.0,reviewed,us,us,2005-01-08,36444,India,1
2005-01-08 08:37:09.210000+00:00,11.798,94.342,40.6,4.94,mw,14.0,173.8,,0.55,us,usp000dcss,2014-11-07T01:24:35.797Z,"174 km E of Port Blair, India",earthquake,,27.7,,3.0,reviewed,us,us,2005-01-08,36448,India,1
2005-01-08 13:33:19.750000+00:00,8.324,90.825,30.0,4.94,mw,27.0,103.2,,1.1,us,usp000dct8,2014-11-07T01:24:35.841Z,"Nicobar Islands, India region",earthquake,,,,6.0,reviewed,us,us,2005-01-08,36449,India,-1
2005-01-11 23:03:50.800000+00:00,13.949,91.728,30.0,4.43,mw,9.0,180.6,,1.27,us,usp000dd48,2014-11-07T01:24:37.743Z,"270 km NNW of Bamboo Flat, India",earthquake,,,,3.0,reviewed,us,us,2005-01-11,36517,India,-1
2005-01-13 05:51:47.900000+00:00,10.126,91.849,29.6,4.94,mw,22.0,167.4,,0.82,us,usp000dd7k,2014-11-07T01:24:38.305Z,"196 km SSW of Port Blair, India",earthquake,,,,7.0,reviewed,us,us,2005-01-13,36448,India,1
2005-01-15 07:46:53.260000+00:00,14.57,92.387,25.7,5.5,mwb,174.0,36.9,,0.89,us,usp000ddck,2022-05-02T17:42:43.340Z,"Andaman Islands, India region",earthquake,,,,,reviewed,us,us,2005-01-15,36426,India,-1
2005-01-17 00:49:32.030000+00:00,34.273,80.005,38.6,4.77,mw,42.0,87.9,,0.96,us,usp000ddhe,2014-11-07T01:24:40.105Z,"223 km E of Leh, India",earthquake,,11.6,,16.0,reviewed,us,us,2005-01-17,36476,India,-1
2005-01-17 13:32:50.610000+00:00,12.944,93.975,30.0,4.6,mw,12.0,175.8,,0.41,us,usp000ddkf,2014-11-07T01:24:40.437Z,"194 km NE of Bamboo Flat, India",earthquake,,,,3.0,reviewed,us,us,2005-01-17,36500,India,1
2005-01-18 23:47:26.770000+00:00,12.728,91.956,21.9,5.11,mw,55.0,71.8,,0.86,us,usp000ddqy,2014-11-07T01:24:41.580Z,"140 km NW of Bamboo Flat, India",earthquake,,,,21.0,reviewed,us,us,2005-01-18,36432,India,1
2005-01-19 14:02:53.310000+00:00,13.583,94.367,43.3,4.68,mw,15.0,153.1,,0.85,us,usp000ddsw,2014-11-07T01:24:41.927Z,"274 km NE of Bamboo Flat, India",earthquake,,23.2,,8.0,reviewed,us,us,2005-01-19,36488,India,1
2005-01-22 18:38:14+00:00,14.554,92.938,30.0,5.5,mwb,152.0,55.4,,1.04,us,usp000de14,2022-05-02T17:44:16.414Z,"Andaman Islands, India region",earthquake,,,,,reviewed,us,us,2005-01-22,36426,India,1
2005-01-24 04:16:47.440000+00:00,7.33,92.482,30.0,6.3,mwb,557.0,32.1,,0.89,us,usp000de5v,2022-05-02T17:45:11.074Z,"Nicobar Islands, India region",earthquake,,,,,reviewed,us,us,2005-01-24,36372,India,1
2005-01-24 22:02:46.070000+00:00,14.385,91.866,30.0,4.68,mw,19.0,106.2,,1.44,us,usp000de8d,2014-11-07T01:24:44.167Z,"Andaman Islands, India region",earthquake,,,,4.0,reviewed,us,us,2005-01-24,36487,India,-1
2005-01-25 15:30:29.460000+00:00,12.105,91.367,30.0,4.43,mw,8.0,201.3,,1.08,us,usp000deb3,2014-11-07T01:24:44.522Z,"153 km WNW of Bamboo Flat, India",earthquake,,,,2.0,reviewed,us,us,2005-01-25,36532,India,-1
2005-01-28 09:16:31.450000+00:00,7.753,94.072,30.0,5.11,mw,28.0,138.3,,1.41,us,usp000dewg,2014-11-07T01:24:48.097Z,"Nicobar Islands, India region",earthquake,,,,7.0,reviewed,us,us,2005-01-28,36432,India,-1
2005-01-29 00:42:29.840000+00:00,7.311,94.973,30.0,4.51,mw,7.0,206.5,,1.34,us,usp000df1e,2014-11-07T01:24:48.791Z,"Nicobar Islands, India region",earthquake,,,,3.0,reviewed,us,us,2005-01-29,36516,India,-1
2005-02-02 01:30:22.280000+00:00,9.962,93.96,39.5,5.5,mwc,176.0,62.0,,0.98,us,usp000dfct,2022-05-02T17:47:40.659Z,"230 km SE of Port Blair, India",earthquake,,9.0,,,reviewed,us,hrv,2005-02-02,36426,India,1
2005-02-02 14:58:08.630000+00:00,6.428,90.377,17.9,5.1,mwc,61.0,71.9,,1.05,us,usp000dfdr,2025-12-19T23:20:26.488Z,"Nicobar Islands, India region",earthquake,,,,,reviewed,us,hrv,2005-02-02,36437,India,-1
2005-02-05 04:18:54.970000+00:00,10.011,92.982,30.0,5.28,mw,29.0,86.0,,1.07,us,usp000dfhg,2014-11-07T01:24:56.143Z,"184 km S of Port Blair, India",earthquake,,,,17.0,reviewed,us,us,2005-02-05,36427,India,1
2005-02-06 04:24:18.630000+00:00,13.855,93.58,35.6,5.4,mwb,429.0,49.5,,0.77,us,usp000dfkd,2022-05-02T17:47:58.771Z,"256 km NNE of Bamboo Flat, India",earthquake,,,,,reviewed,us,us,2005-02-06,36427,India,1
2005-02-09 02:45:57.780000+00:00,6.801,92.618,25.1,5.1,mwc,224.0,54.1,,0.75,us,usp000dfrh,2025-12-19T23:20:37.188Z,"Nicobar Islands, India region",earthquake,,,,,reviewed,us,hrv,2005-02-09,36439,India,1
2005-02-09 12:49:26.670000+00:00,10.822,93.165,30.0,4.94,mw,9.0,282.1,,0.69,us,usp000dfsj,2014-11-07T01:24:57.620Z,"103 km SSE of Port Blair, India",earthquake,,,,1.0,reviewed,us,us,2005-02-09,36453,India,1
2005-02-14 15:30:16.100000+00:00,6.91,91.342,19.8,4.94,mw,27.0,126.5,,0.77,us,usp000dg4n,2014-11-07T01:24:59.539Z,"Nicobar Islands, India region",earthquake,,23.3,,7.0,reviewed,us,us,2005-02-14,36450,India,1
2005-02-14 16:04:52.610000+00:00,12.934,91.519,24.3,4.6,mw,26.0,177.3,,1.33,us,usp000dg4q,2014-11-07T01:24:59.545Z,"188 km NW of Bamboo Flat, India",earthquake,,,,9.0,reviewed,us,us,2005-02-14,36513,India,1
2005-02-15 13:05:49.840000+00:00,24.428,94.537,69.7,5.2,mwc,199.0,61.4,,0.9,us,usp000dg6x,2025-12-19T22:38:38.621Z,"51 km ESE of W?ngjing, India",earthquake,,,,,reviewed,us,hrv,2005-02-15,36428,India,2
2005-02-15 21:48:38.440000+00:00,31.85,74.991,50.4,4.6,mw,19.0,170.4,,0.52,us,usp000dg7z,2014-11-07T01:25:00.130Z,"3 km ESE of Fatehgarh Ch?ri?n, India",earthquake,,9.3,,2.0,reviewed,us,us,2005-02-15,36504,India,-1
2005-02-18 05:53:52.040000+00:00,13.324,91.569,24.0,4.94,mw,34.0,69.6,,1.15,us,usp000dgdt,2014-11-07T01:25:00.907Z,"218 km NW of Bamboo Flat, India",earthquake,,,,18.0,reviewed,us,us,2005-02-18,36455,India,1
2005-02-23 09:33:48.210000+00:00,6.552,91.512,30.0,4.77,mw,10.0,110.0,,0.56,us,usp000dgt1,2014-11-07T01:25:02.899Z,"Nicobar Islands, India region",earthquake,,,,4.0,reviewed,us,us,2005-02-23,36476,India,-1
2005-02-24 02:13:06.470000+00:00,8.539,90.446,30.0,4.77,mw,20.0,108.6,,1.27,us,usp000dgus,2014-11-07T01:25:03.098Z,"Nicobar Islands, India region",earthquake,,,,7.0,reviewed,us,us,2005-02-24,36477,India,-1
2005-02-25 02:46:08.760000+00:00,10.056,93.402,30.0,4.43,mw,11.0,179.2,,0.49,us,usp000dgwx,2014-11-07T01:25:03.439Z,"191 km SSE of Port Blair, India",earthquake,,,,2.0,reviewed,us,us,2005-02-25,36527,India,1
2005-02-26 01:42:19.910000+00:00,7.709,91.447,30.0,4.68,mw,7.0,211.4,,0.67,us,usp000dgz8,2014-11-07T01:25:03.802Z,"Nicobar Islands, India region",earthquake,,,,1.0,reviewed,us,us,2005-02-26,36486,India,1
2005-02-26 14:19:55.160000+00:00,11.917,93.602,41.9,4.68,mw,10.0,185.5,,1.06,us,usp000dh0r,2014-11-07T01:25:04.170Z,"97 km ENE of Port Blair, India",earthquake,,39.2,,3.0,reviewed,us,us,2005-02-26,36480,India,1
2005-02-26 14:24:58.270000+00:00,9.38,93.112,30.0,5.37,mw,112.0,58.4,,1.05,us,usp000dh0s,2014-11-07T01:25:04.172Z,"Nicobar Islands, India region",earthquake,,,,41.0,reviewed,us,us,2005-02-26,36427,India,1
2005-02-27 18:32:14.240000+00:00,25.371,91.553,24.9,4.6,mw,10.0,177.4,,0.63,us,usp000dh3u,2014-11-07T01:25:04.886Z,"16 km WNW of Cherrapunji, India",earthquake,,31.0,,1.0,reviewed,us,us,2005-02-27,36489,India,2
2005-03-04 23:06:59.760000+00:00,8.592,94.466,30.0,4.68,mw,9.0,189.7,,0.84,us,usp000dhhx,2014-11-07T01:25:11.061Z,"Nicobar Islands, India region",earthquake,,,,2.0,reviewed,us,us,2005-03-04,36485,India,1
2005-03-06 10:18:50.080000+00:00,7.535,91.997,30.0,4.85,mw,18.0,194.4,,0.71,us,usp000dhng,2014-11-07T01:25:11.702Z,"Nicobar Islands, India region",earthquake,,,,11.0,reviewed,us,us,2005-03-06,36467,India,1
2005-03-10 19:50:40.870000+00:00,9.886,94.572,30.0,4.43,mw,11.0,199.8,,1.28,us,usp000dhyb,2014-11-07T01:25:13.196Z,"280 km SE of Port Blair, India",earthquake,,,,3.0,reviewed,us,us,2005-03-10,36525,India,-1
2005-03-12 22:43:32.710000+00:00,9.735,91.634,30.0,5.2,mwc,96.0,52.9,,0.8,us,usp000dj2v,2025-12-19T23:21:06.596Z,"245 km SSW of Port Blair, India",earthquake,,,,,reviewed,us,hrv,2005-03-12,36430,India,1
2005-03-14 09:43:49.120000+00:00,17.145,73.73,10.0,4.9,mwc,98.0,86.2,,0.96,us,usp000dj6d,2024-06-16T05:45:03.193Z,"28 km ESE of M?khjan, India",earthquake,,,,,reviewed,us,hrv,2005-03-14,36459,India,-1
2005-03-19 04:00:15.980000+00:00,9.16,91.831,30.0,4.6,mw,8.0,181.5,,1.06,us,usp000djhg,2014-11-07T01:25:16.392Z,"294 km SSW of Port Blair, India",earthquake,,,,2.0,reviewed,us,us,2005-03-19,36494,India,-1
2005-03-23 05:59:07.920000+00:00,26.08,95.285,68.9,4.9,mwc,177.0,49.7,,0.65,us,usp000djvc,2016-11-10T01:03:12.232Z,"50 km ESE of Tuensang, India",earthquake,,,,,reviewed,us,hrv,2005-03-23,36460,India,2
2005-03-25 13:34:40.020000+00:00,25.477,94.842,67.2,5.2,mwc,282.0,34.9,,0.71,us,usp000dk17,2025-12-19T23:21:28.386Z,"40 km ESE of Phek, India",earthquake,,,,,reviewed,us,hrv,2005-03-25,36432,India,2
2005-03-26 00:56:34.670000+00:00,16.822,73.276,10.0,4.38,mw,11.0,189.1,,1.24,us,usp000dk2f,2014-11-07T01:25:19.425Z,"19 km S of Ratnagiri, India",earthquake,,,,,reviewed,us,meri,2005-03-26,36538,India,-1
2005-03-26 02:02:45.300000+00:00,6.403,92.56,30.0,4.6,mw,8.0,190.5,,1.25,us,usp000dk2q,2014-11-07T01:25:19.445Z,"Nicobar Islands, India region",earthquake,,,,2.0,reviewed,us,us,2005-03-26,36516,India,1
2005-03-26 20:32:13.420000+00:00,28.259,87.926,70.7,4.7,mwc,159.0,94.9,,0.73,us,usp000dk47,2016-11-10T01:03:24.491Z,"101 km NW of Mangan, India",earthquake,,9.4,,,reviewed,us,hrv,2005-03-26,36477,India,-1
2005-03-27 13:04:08.020000+00:00,10.622,91.276,26.7,4.85,mw,23.0,119.9,,0.59,us,usp000dk5s,2014-11-07T01:25:19.805Z,"197 km SW of Bamboo Flat, India",earthquake,,,,6.0,reviewed,us,us,2005-03-27,36464,India,1
2005-03-30 08:34:09.330000+00:00,11.81,94.926,23.9,4.68,mw,13.0,176.1,,0.76,us,usp000dkmx,2014-11-07T01:25:21.747Z,"238 km E of Port Blair, India",earthquake,,,,7.0,reviewed,us,us,2005-03-30,36488,India,1
2005-04-04 15:12:24.730000+00:00,14.704,93.47,25.3,4.85,mw,33.0,146.8,,1.05,us,usp000dm7u,2014-11-07T01:25:29.207Z,"Andaman Islands, India region",earthquake,,,,15.0,reviewed,us,us,2005-04-04,36464,India,-1
2005-04-06 04:56:48.980000+00:00,7.535,93.157,30.0,4.85,mw,26.0,194.3,,1.02,us,usp000dmcy,2014-11-07T01:25:29.835Z,"Nicobar Islands, India region",earthquake,,,,9.0,reviewed,us,us,2005-04-06,36468,India,1
2005-04-11 09:25:14.650000+00:00,11.301,90.992,30.0,4.6,mw,21.0,186.9,,0.56,us,usp000dn18,2014-11-07T01:25:33.131Z,"193 km WSW of Bamboo Flat, India",earthquake,,,,11.0,reviewed,us,us,2005-04-11,36515,India,-1
2005-04-17 17:09:47.720000+00:00,13.845,93.156,29.4,5.03,mw,35.0,77.1,,1.04,us,usp000dnkv,2014-11-07T01:25:37.215Z,"242 km NNE of Bamboo Flat, India",earthquake,,17.4,,9.0,reviewed,us,us,2005-04-17,36439,India,1
2005-04-23 05:19:07.720000+00:00,8.93,93.679,30.0,5.03,mw,22.0,73.6,,1.08,us,usp000dp1e,2014-11-07T01:25:39.712Z,"Nicobar Islands, India region",earthquake,,,,3.0,reviewed,us,us,2005-04-23,36599,India,1
2005-05-01 21:36:38.160000+00:00,13.575,92.849,30.0,5.03,mw,47.0,69.3,,0.82,us,usp000dpqm,2014-11-07T01:25:46.979Z,"207 km N of Bamboo Flat, India",earthquake,,,,9.0,reviewed,us,us,2005-05-01,36596,India,1
2005-05-03 00:38:57.730000+00:00,25.764,91.059,33.6,4.68,mw,14.0,90.4,,1.65,us,usp000dptb,2014-11-07T01:25:48.156Z,"34 km NW of Nongstoin, India",earthquake,,,,4.0,reviewed,us,us,2005-05-03,36657,India,2
2005-05-04 02:32:41.250000+00:00,9.291,91.688,19.8,5.3,mwb,273.0,36.6,,0.76,us,usp000dpw0,2025-12-19T23:14:50.010Z,"287 km SSW of Port Blair, India",earthquake,,,,,reviewed,us,us,2005-05-04,36567,India,-1
2005-05-07 01:47:46.160000+00:00,9.925,92.82,35.1,4.77,mw,11.0,184.1,,0.85,us,usp000dq3h,2014-11-07T01:25:49.871Z,"192 km S of Port Blair, India",earthquake,,,,3.0,reviewed,us,us,2005-05-07,36638,India,1
2005-05-07 08:24:19.420000+00:00,12.504,91.62,30.0,4.6,mw,15.0,177.7,,1.11,us,usp000dq4a,2014-11-07T01:25:49.967Z,"148 km NW of Bamboo Flat, India",earthquake,,,,1.0,reviewed,us,us,2005-05-07,36686,India,-1
2005-05-08 00:01:48.260000+00:00,9.749,90.066,30.0,4.85,mw,10.0,200.1,,1.12,us,usp000dq5r,2014-11-07T01:25:50.088Z,"Nicobar Islands, India region",earthquake,,,,2.0,reviewed,us,us,2005-05-08,36629,India,-1
2005-05-13 03:05:14.260000+00:00,12.842,92.311,30.0,4.6,mw,11.0,176.6,,0.51,us,usp000dqp1,2014-11-07T01:25:52.801Z,"133 km NNW of Bamboo Flat, India",earthquake,,,,2.0,reviewed,us,us,2005-05-13,36669,India,1
2005-05-16 10:33:55.960000+00:00,10.084,92.482,30.0,4.77,mw,12.0,184.2,,0.73,us,usp000dqym,2014-11-07T01:25:55.057Z,"177 km S of Port Blair, India",earthquake,,,,1.0,reviewed,us,us,2005-05-16,36634,India,1
2005-05-16 16:03:23.980000+00:00,9.894,92.031,30.0,4.6,mw,11.0,128.4,,1.02,us,usp000dqz3,2014-11-07T01:25:55.115Z,"211 km SSW of Port Blair, India",earthquake,,,,3.0,reviewed,us,us,2005-05-16,36659,India,1
2005-05-17 08:17:00.010000+00:00,9.69,93.925,30.0,4.77,mw,15.0,167.9,,1.28,us,usp000dr0q,2014-11-07T01:25:55.271Z,"253 km SSE of Port Blair, India",earthquake,,,,4.0,reviewed,us,us,2005-05-17,36636,India,1
2005-05-19 05:43:30.790000+00:00,35.632,78.375,97.6,4.6,mw,31.0,149.1,,0.97,us,usp000dr4z,2014-11-07T01:25:55.972Z,"163 km ENE of Thang, India",earthquake,,14.1,,10.0,reviewed,us,us,2005-05-19,36681,India,-1
2005-05-24 21:06:33.600000+00:00,22.845,92.331,24.6,4.6,mw,18.0,167.5,,0.85,us,usp000drh7,2014-11-07T01:25:57.944Z,"42 km W of Lunglei, India",earthquake,,17.1,,2.0,reviewed,us,us,2005-05-24,36681,India,2
2005-05-29 10:46:16.440000+00:00,26.934,92.423,56.0,4.68,mw,9.0,170.2,,0.61,us,usp000drtf,2014-11-07T01:25:59.111Z,"26 km NNW of Dhekiajuli, India",earthquake,,12.1,,1.0,reviewed,us,us,2005-05-29,36646,India,2
2005-05-29 13:45:44.350000+00:00,12.739,92.688,29.6,4.6,mw,11.0,129.0,,0.66,us,usp000drtt,2014-11-07T01:25:59.154Z,"114 km N of Bamboo Flat, India",earthquake,,,,2.0,reviewed,us,us,2005-05-29,36679,India,1
2005-05-31 00:33:30.510000+00:00,10.007,91.462,30.0,5.11,mw,33.0,103.5,,1.13,us,usp000drxh,2014-11-07T01:25:59.985Z,"231 km SW of Port Blair, India",earthquake,,,,22.0,reviewed,us,us,2005-05-31,36583,India,1
2005-05-31 18:18:23.220000+00:00,8.823,94.261,24.5,4.85,mw,19.0,107.1,,0.94,us,usp000drz0,2014-11-07T01:26:00.663Z,"Nicobar Islands, India region",earthquake,,,,9.0,reviewed,us,us,2005-05-31,36619,India,1
2005-06-01 20:06:41.450000+00:00,28.881,94.626,25.8,5.8,mwc,362.0,35.9,,0.72,us,usp000ds10,2022-05-02T16:45:28.551Z,"46 km NNE of Shi Yomi, India",earthquake,,,,,reviewed,us,hrv,2005-06-01,36552,India,-1
2005-06-07 05:03:19.150000+00:00,12.697,93.155,30.0,4.85,mw,33.0,103.6,,0.84,us,usp000dsdh,2014-11-07T01:26:09.047Z,"120 km NNE of Bamboo Flat, India",earthquake,,,,8.0,reviewed,us,us,2005-06-07,36619,India,1
2005-06-09 12:40:26+00:00,10.987,91.798,43.9,4.68,mw,19.0,118.7,,1.09,us,usp000dsk8,2014-11-07T01:26:09.724Z,"127 km SW of Bamboo Flat, India",earthquake,,24.5,,8.0,reviewed,us,us,2005-06-09,36646,India,1
2005-06-10 01:29:10.540000+00:00,8.291,93.535,30.0,4.6,mw,11.0,185.3,,1.19,us,usp000dsmg,2014-11-07T01:26:09.903Z,"Nicobar Islands, India region",earthquake,,,,1.0,reviewed,us,us,2005-06-10,36673,India,1
2005-06-11 04:46:47.210000+00:00,12.217,94.696,18.1,5.03,mw,15.0,180.0,,0.68,us,usp000dsq5,2014-11-07T01:26:10.239Z,"220 km ENE of Port Blair, India",earthquake,,,,4.0,reviewed,us,us,2005-06-11,36595,India,1
2005-06-12 03:42:33.350000+00:00,26.454,96.249,91.3,4.51,mw,21.0,105.2,,1.13,us,usp000dss2,2014-11-07T01:26:10.954Z,"62 km WNW of Sarupathar, India",earthquake,,9.9,,2.0,reviewed,us,us,2005-06-12,36692,India,2
2005-06-13 05:48:20.120000+00:00,8.731,92.717,30.8,4.85,mw,25.0,264.7,,0.86,us,usp000dsum,2014-11-07T01:26:11.514Z,"Nicobar Islands, India region",earthquake,,,,12.0,reviewed,us,us,2005-06-13,36625,India,1
2005-06-13 16:13:56.870000+00:00,11.275,95.098,30.0,4.51,mw,19.0,172.4,,0.87,us,usp000dsvb,2014-11-07T01:26:11.597Z,"260 km E of Port Blair, India",earthquake,,,,5.0,reviewed,us,us,2005-06-13,36701,India,1
2005-06-14 11:37:19.420000+00:00,26.072,95.691,83.7,5.2,mw,49.0,54.9,,1.04,us,usp000dsye,2014-11-07T01:26:12.316Z,"89 km ESE of Tuensang, India",earthquake,,7.4,,15.0,reviewed,us,us,2005-06-14,36570,India,2
2005-06-14 14:23:18.470000+00:00,27.205,87.92,44.4,4.94,mw,48.0,70.4,,0.89,us,usp000dsz4,2014-11-07T01:26:12.404Z,"32 km WNW of Naya B?z?r, India",earthquake,,5.6,,10.0,reviewed,us,us,2005-06-14,36608,India,-1
2005-06-17 00:11:18.920000+00:00,11.043,94.805,30.0,4.68,mw,6.0,181.2,,1.22,us,usp000dt7r,2014-11-07T01:26:14.389Z,"235 km ESE of Port Blair, India",earthquake,,,,2.0,reviewed,us,us,2005-06-17,36647,India,1
2005-06-19 02:09:32.460000+00:00,7.427,93.08,36.0,4.85,mw,19.0,141.4,,0.95,us,usp000dtdg,2014-11-07T01:26:15.256Z,"Nicobar Islands, India region",earthquake,,16.4,,6.0,reviewed,us,us,2005-06-19,36632,India,-1
2005-06-25 20:57:03.890000+00:00,33.871,80.81,10.0,4.43,mw,16.0,93.9,,1.24,us,usp000dtwx,2014-11-07T01:26:17.488Z,"299 km E of Leh, India",earthquake,,0.0,,6.0,reviewed,us,us,2005-06-25,36715,India,-1
2005-06-26 05:03:43.050000+00:00,11.988,95.008,30.0,4.68,mw,18.0,169.3,,1.2,us,usp000dtxm,2014-11-07T01:26:17.551Z,"249 km E of Port Blair, India",earthquake,,,,10.0,reviewed,us,us,2005-06-26,36648,India,1
2005-06-28 13:53:12.140000+00:00,6.034,92.688,30.0,4.85,mw,17.0,179.6,,1.05,us,usp000du37,2014-11-07T01:26:18.160Z,"Nicobar Islands, India region",earthquake,,,,3.0,reviewed,us,us,2005-06-28,36617,India,-1
2005-07-02 10:01:12.820000+00:00,28.794,96.089,46.1,4.94,mw,23.0,100.0,,0.95,us,usp000duc5,2014-11-07T01:26:22.956Z,"91 km NNW of Hayuliang, India",earthquake,,8.3,,3.0,reviewed,us,us,2005-07-02,36610,India,-1
2005-07-02 18:12:21.880000+00:00,13.849,93.607,39.7,5.1,mwc,210.0,42.4,,0.7,us,usp000ducs,2022-05-02T17:15:00.049Z,"256 km NNE of Bamboo Flat, India",earthquake,,,,,reviewed,us,hrv,2005-07-02,36593,India,1
2005-07-04 16:07:36.040000+00:00,10.251,93.582,36.8,5.3,mwc,96.0,50.5,,1.06,us,usp000duhe,2025-12-19T23:13:36.465Z,"181 km SSE of Port Blair, India",earthquake,,,,,reviewed,us,hrv,2005-07-04,36564,India,1
2005-07-04 19:44:05.760000+00:00,32.729,76.312,20.0,5.11,mw,93.0,98.2,,0.83,us,usp000duhq,2014-11-07T01:26:25.680Z,"25 km NE of Chamba, India",earthquake,,0.0,,36.0,reviewed,us,us,2005-07-04,36580,India,3
2005-07-05 05:03:07.240000+00:00,10.465,92.239,30.0,4.94,mw,8.0,218.2,,0.59,us,usp000dujm,2014-11-07T01:26:25.891Z,"143 km SSW of Port Blair, India",earthquake,,,,2.0,reviewed,us,us,2005-07-05,36614,India,1
2005-07-07 13:13:23.980000+00:00,4.189,84.784,10.0,4.94,mw,22.0,66.8,,1.2,us,usp000duq5,2014-11-07T01:26:26.938Z,North Indian Ocean,earthquake,,,,7.0,reviewed,us,us,2005-07-07,36614,North Indian Ocean,-1
2005-07-07 17:41:10.890000+00:00,26.938,97.254,36.0,4.77,mw,29.0,70.5,,1.13,us,usp000duqm,2014-11-07T01:26:26.987Z,"92 km NNE of Sarupathar, India",earthquake,,10.5,,10.0,reviewed,us,us,2005-07-07,36641,India,2
2005-07-09 23:47:27.950000+00:00,9.315,93.013,41.1,5.11,mw,87.0,74.9,,0.85,us,usp000duvv,2014-11-07T01:26:27.995Z,"261 km S of Port Blair, India",earthquake,,,,47.0,reviewed,us,us,2005-07-09,36589,India,1
2005-07-13 00:29:29.810000+00:00,10.351,92.903,49.6,5.5,mwb,331.0,45.3,,0.89,us,usp000dv38,2022-05-02T17:15:28.610Z,"146 km S of Port Blair, India",earthquake,,,,,reviewed,us,us,2005-07-13,36555,India,1
2005-07-17 06:12:40.710000+00:00,26.413,93.388,26.1,5.11,mw,157.0,41.3,,0.81,us,usp000dvcc,2014-11-07T01:26:30.436Z,"32 km SW of Bok?kh?t, India",earthquake,,,,78.0,reviewed,us,us,2005-07-17,36582,India,2
2005-07-20 10:54:49.520000+00:00,35.34,77.791,10.0,4.6,mw,22.0,145.5,,1.02,us,usp000dvjs,2014-11-07T01:26:31.200Z,"101 km ENE of Thang, India",earthquake,,,,4.0,reviewed,us,us,2005-07-20,36678,India,-1
2005-07-22 22:45:38.460000+00:00,13.027,93.307,33.9,4.94,mw,85.0,77.9,,0.71,us,usp000dvq3,2014-11-07T01:26:31.736Z,"Andaman Islands, India region",earthquake,,12.1,,36.0,reviewed,us,us,2005-07-22,36616,India,1
2005-07-24 15:42:06.210000+00:00,7.92,92.19,16.0,7.2,mwc,636.0,26.4,,0.93,us,usp000dvtc,2022-07-14T15:22:28.618Z,"Nicobar Islands, India region",earthquake,,,,,reviewed,us,hrv,2005-07-24,36544,India,1
2005-07-25 12:43:46.450000+00:00,8.02,93.002,30.9,5.2,mwc,42.0,174.8,,0.95,us,usp000dvwa,2025-12-19T23:25:46.580Z,"Nicobar Islands, India region",earthquake,,,,,reviewed,us,hrv,2005-07-25,36568,India,1
2005-07-26 06:32:11.440000+00:00,8.372,91.639,25.5,5.3,mwc,207.0,36.3,,0.85,us,usp000dvyd,2025-12-19T23:13:57.263Z,"Nicobar Islands, India region",earthquake,,,,,reviewed,us,hrv,2005-07-26,36567,India,1
2005-07-26 18:27:05.300000+00:00,23.273,91.406,38.1,4.43,mw,16.0,177.7,,1.16,us,usp000dw06,2014-11-07T01:26:34.127Z,"5 km WNW of Belonia, India",earthquake,,27.4,,4.0,reviewed,us,us,2005-07-26,36719,India,-1
2005-07-26 20:59:04.580000+00:00,11.427,92.229,23.8,5.11,mw,62.0,57.1,,0.78,us,usp000dw0d,2014-11-07T01:26:34.163Z,"61 km WSW of Bamboo Flat, India",earthquake,,,,28.0,reviewed,us,us,2005-07-26,36580,India,1
2005-07-29 21:46:20.740000+00:00,10.84,93.091,30.0,4.94,mw,39.0,85.9,,0.97,us,usp000dw86,2014-11-07T01:26:36.013Z,"98 km SSE of Port Blair, India",earthquake,,,,15.0,reviewed,us,us,2005-07-29,36607,India,1
2005-07-31 19:29:57.550000+00:00,13.875,93.216,30.0,5.11,mw,95.0,43.7,,0.72,us,usp000dwda,2014-11-07T01:26:37.785Z,"246 km NNE of Bamboo Flat, India",earthquake,,,,33.0,reviewed,us,us,2005-07-31,36582,India,1
2005-08-03 07:20:23.050000+00:00,7.201,92.164,36.1,4.77,mw,13.0,109.6,,0.47,us,usp000dwjd,2014-11-07T01:26:42.963Z,"Nicobar Islands, India region",earthquake,,,,3.0,reviewed,us,us,2005-08-03,36638,India,1
2005-08-03 07:33:10.630000+00:00,11.429,92.775,30.0,5.03,mw,23.0,177.0,,0.89,us,usp000dwjf,2014-11-07T01:26:42.970Z,"26 km S of Port Blair, India",earthquake,,,,4.0,reviewed,us,us,2005-08-03,36595,India,1
2005-08-03 23:43:47.150000+00:00,6.725,92.667,5.1,5.4,mwb,236.0,47.5,,1.11,us,usp000dwm0,2025-12-19T23:25:47.696Z,"Nicobar Islands, India region",earthquake,,22.2,,,reviewed,us,us,2005-08-03,36558,India,1
2005-08-04 03:09:01.460000+00:00,12.857,91.799,30.0,4.85,mw,18.0,104.2,,0.72,us,usp000dwmk,2014-11-07T01:26:43.587Z,"Andaman Islands, India region",earthquake,,,,6.0,reviewed,us,us,2005-08-04,36621,India,1
2005-08-05 06:12:25.220000+00:00,10.762,91.448,28.9,5.03,mw,40.0,64.3,,1.38,us,usp000dwqg,2014-11-07T01:26:44.330Z,"173 km SW of Bamboo Flat, India",earthquake,,26.1,,17.0,reviewed,us,us,2005-08-05,36594,India,1
2005-08-14 06:33:32.500000+00:00,17.398,74.118,35.0,4.77,mw,16.0,222.7,,0.99,us,usp000dxa6,2021-10-20T18:09:27.231Z,"13 km NNW of Kar?d, India",earthquake,,,,2.0,reviewed,us,us,2005-08-14,36638,India,-1
2005-08-14 20:18:07.070000+00:00,13.244,92.544,30.0,5.11,mw,59.0,71.6,,1.17,us,usp000dxba,2014-11-07T01:26:49.073Z,"171 km N of Bamboo Flat, India",earthquake,,,,22.0,reviewed,us,us,2005-08-14,36591,India,1
2005-08-16 03:45:54.190000+00:00,30.924,78.56,42.6,4.77,mw,49.0,157.4,,0.81,us,usp000dxe6,2021-10-20T18:09:38.786Z,"24 km NNE of Uttark?shi, India",earthquake,,7.7,,12.0,reviewed,us,us,2005-08-16,36646,India,3
2005-08-26 16:39:43.960000+00:00,9.005,92.342,30.7,5.03,mw,98.0,65.0,,0.81,us,usp000dy3t,2014-11-07T01:26:52.854Z,"297 km S of Port Blair, India",earthquake,,,,47.0,reviewed,us,us,2005-08-26,36596,India,1
2005-08-30 08:53:17.460000+00:00,17.067,73.773,10.0,5.03,mw,44.0,82.1,,0.92,us,usp000dyb2,2020-09-18T20:39:39.588Z,"23 km NW of Malk?pur, India",earthquake,,,,18.0,reviewed,us,us,2005-08-30,36601,India,-1
2005-09-04 00:00:30.740000+00:00,10.302,91.778,30.0,4.77,mw,16.0,183.5,,0.97,us,usp000dyqd,2014-11-07T01:27:00.123Z,"184 km SW of Port Blair, India",earthquake,,,,5.0,reviewed,us,us,2005-09-04,36637,India,1
2005-09-05 01:45:43+00:00,30.406,79.151,10.0,4.94,mw,37.0,116.1,,0.76,us,usp000dysq,2014-11-07T01:27:00.528Z,"20 km NE of Rudrapray?g, India",earthquake,,,,16.0,reviewed,us,us,2005-09-05,36616,India,3
2005-09-07 02:57:47.920000+00:00,33.025,80.698,10.0,4.43,mw,10.0,207.0,,0.84,us,usp000dyx3,2014-11-07T01:27:01.491Z,"294 km NNE of Josh?math, India",earthquake,,0.0,,3.0,reviewed,us,us,2005-09-07,36715,India,-1
2005-09-07 21:42:46.430000+00:00,11.914,93.206,30.0,5.2,mw,18.0,105.6,,1.1,us,usp000dyyq,2014-11-07T01:27:01.828Z,"57 km ENE of Port Blair, India",earthquake,,,,5.0,reviewed,us,us,2005-09-07,36575,India,1
2005-09-12 16:59:52.130000+00:00,25.881,90.529,35.0,4.6,mw,14.0,175.0,,1.27,us,usp000dzay,2014-11-07T01:27:03.670Z,"27 km SE of Lakhipur, India",earthquake,,,,2.0,reviewed,us,us,2005-09-12,36657,India,2
2005-09-18 07:25:59.460000+00:00,24.561,94.781,84.0,5.7,mwb,490.0,16.9,,0.78,us,usp000dznh,2022-07-14T14:48:58.676Z,"72 km E of W?ngjing, India",earthquake,,,,,reviewed,us,us,2005-09-18,36554,India,2
2005-09-27 11:31:42.840000+00:00,6.751,93.138,30.0,4.77,mw,9.0,135.5,,1.23,us,usp000e0cc,2014-11-07T01:27:10.730Z,"Nicobar Islands, India region",earthquake,,,,1.0,reviewed,us,us,2005-09-27,36643,India,-1
2005-10-09 18:41:00.390000+00:00,25.374,95.692,82.7,4.43,mw,10.0,142.3,,1.07,us,usp000e1ee,2014-11-07T01:27:20.667Z,"124 km ESE of Phek, India",earthquake,,21.4,,1.0,reviewed,us,us,2005-10-09,36713,India,2
2005-10-11 03:37:56.850000+00:00,10.894,92.296,22.8,5.4,mwb,319.0,19.6,,0.74,us,usp000e1jz,2022-05-02T18:04:02.423Z,"98 km SSW of Port Blair, India",earthquake,,,,,reviewed,us,us,2005-10-11,36559,India,1
2005-10-11 14:21:03.140000+00:00,12.144,92.39,20.5,5.11,mw,41.0,174.9,,0.66,us,usp000e1ky,2014-11-07T01:27:22.564Z,"60 km NW of Bamboo Flat, India",earthquake,,,,19.0,reviewed,us,us,2005-10-11,36592,India,1
2005-10-15 04:24:06.250000+00:00,34.014,74.003,10.0,5.45,mw,222.0,94.5,,0.77,us,usp000e1vp,2022-05-02T18:04:11.080Z,"8 km SSW of Uri, India",earthquake,,,,117.0,reviewed,us,us,2005-10-15,36558,India,3
2005-10-16 07:18:59.480000+00:00,7.66,92.772,30.0,5.11,mw,47.0,58.4,,0.99,us,usp000e1y0,2014-11-07T01:27:25.011Z,"Nicobar Islands, India region",earthquake,,,,20.0,reviewed,us,us,2005-10-16,36753,India,-1
2005-10-16 09:59:29.710000+00:00,10.562,92.297,26.4,5.03,mw,63.0,64.0,,0.94,us,usp000e1y6,2014-11-07T01:27:25.025Z,"131 km SSW of Port Blair, India",earthquake,,,,21.0,reviewed,us,us,2005-10-16,36777,India,1
2005-10-21 14:45:36.030000+00:00,34.458,73.981,10.0,4.43,mw,18.0,196.6,,0.78,us,usp000e2ep,2014-11-07T01:27:27.480Z,"42 km N of Uri, India",earthquake,,,,3.0,reviewed,us,us,2005-10-21,36898,India,3
2005-10-22 13:45:20.400000+00:00,25.568,96.05,102.8,5.28,mw,20.0,117.0,,1.14,us,usp000e2hs,2014-11-07T01:27:27.770Z,"103 km SW of Sarupathar, India",earthquake,,9.9,,10.0,reviewed,us,us,2005-10-22,36749,India,2
2005-10-31 17:57:42.780000+00:00,9.19,93.521,30.0,5.11,mw,107.0,66.9,,0.97,us,usp000e37v,2014-11-07T01:27:30.870Z,"286 km SSE of Port Blair, India",earthquake,,,,45.0,reviewed,us,us,2005-10-31,36757,India,1
2005-11-02 06:51:46.740000+00:00,9.425,93.159,30.0,5.03,mw,34.0,108.2,,1.27,us,usp000e3bk,2014-11-07T01:27:34.182Z,"251 km S of Port Blair, India",earthquake,,,,10.0,reviewed,us,us,2005-11-02,36788,India,1
2005-11-03 21:08:56.700000+00:00,7.416,92.396,23.2,5.03,mw,31.0,91.1,,0.94,us,usp000e3en,2014-11-07T01:27:35.419Z,"Nicobar Islands, India region",earthquake,,,,10.0,reviewed,us,us,2005-11-03,36780,India,1
2005-11-09 13:22:12.680000+00:00,10.056,91.491,30.0,4.85,mw,16.0,150.4,,1.05,us,usp000e3ub,2014-11-07T01:27:37.540Z,"224 km SW of Port Blair, India",earthquake,,,,3.0,reviewed,us,us,2005-11-09,36822,India,1
2005-11-14 18:44:05.100000+00:00,9.904,92.141,30.0,4.68,mw,6.0,215.5,,0.63,us,usp000e45v,2014-11-07T01:27:39.368Z,"205 km SSW of Port Blair, India",earthquake,,,,2.0,reviewed,us,us,2005-11-14,36862,India,1
2005-11-15 00:23:21.640000+00:00,12.352,90.639,30.0,4.94,mw,25.0,110.1,,1.25,us,usp000e46c,2014-11-07T01:27:39.477Z,"237 km WNW of Bamboo Flat, India",earthquake,,,,10.0,reviewed,us,us,2005-11-15,36792,India,-1
2005-11-16 02:26:54.990000+00:00,34.507,75.563,10.0,5.03,mw,110.0,78.5,,0.79,us,usp000e49j,2014-11-07T01:27:39.848Z,"52 km W of Kargil, India",earthquake,,,,41.0,reviewed,us,us,2005-11-16,36779,India,-1
2005-11-18 18:56:55.530000+00:00,26.466,96.379,90.7,5.11,mw,141.0,34.6,,0.91,us,usp000e4f1,2014-11-07T01:27:40.601Z,"51 km WNW of Sarupathar, India",earthquake,,,,65.0,reviewed,us,us,2005-11-18,36760,India,2
2005-11-19 04:05:55.520000+00:00,12.843,92.473,30.0,4.85,mw,13.0,176.4,,0.29,us,usp000e4fv,2014-11-07T01:27:41.055Z,"129 km NNW of Bamboo Flat, India",earthquake,,,,1.0,reviewed,us,us,2005-11-19,36817,India,1
2005-11-20 18:50:40.740000+00:00,17.65,73.721,10.0,4.6,mw,9.0,246.3,,1.53,us,usp000e4kb,2014-11-07T01:27:41.644Z,"25 km ENE of Chipl?n, India",earthquake,,,,3.0,reviewed,us,us,2005-11-20,36864,India,-1
2005-11-22 15:28:31.640000+00:00,25.43,94.289,10.0,4.54,mw,7.0,266.0,,0.72,us,usp000e4qf,2014-11-07T01:27:42.382Z,"32 km SSE of Koh?ma, India",earthquake,,,,,reviewed,us,dmn,2005-11-22,36867,India,2
2005-11-25 20:47:45.730000+00:00,6.979,92.385,25.5,5.11,mw,55.0,105.2,,0.82,us,usp000e4wh,2014-11-07T01:27:43.392Z,"Nicobar Islands, India region",earthquake,,,,17.0,reviewed,us,us,2005-11-25,36755,India,1
2005-11-26 01:07:24.200000+00:00,10.547,91.66,30.0,5.03,mw,50.0,71.2,,0.71,us,usp000e4wv,2014-11-07T01:27:43.467Z,"171 km SW of Port Blair, India",earthquake,,,,20.0,reviewed,us,us,2005-11-26,36774,India,1
2005-11-28 16:57:13.040000+00:00,21.015,89.158,10.0,5.03,mw,13.0,176.2,,0.86,us,usp000e53j,2014-11-07T01:27:44.849Z,"125 km SE of Kultali, India",earthquake,,,,2.0,reviewed,us,us,2005-11-28,36764,India,-1
2005-11-29 09:27:22.810000+00:00,34.748,80.073,35.0,4.85,mw,39.0,109.8,,1.02,us,usp000e54u,2014-11-07T01:27:44.962Z,"237 km ENE of Leh, India",earthquake,,,,11.0,reviewed,us,us,2005-11-29,36838,India,-1
2005-12-09 14:15:18.210000+00:00,9.111,92.615,30.0,4.68,mw,14.0,90.9,,0.92,us,usp000e5uy,2014-11-07T01:27:52.110Z,"282 km S of Port Blair, India",earthquake,,,,2.0,reviewed,us,us,2005-12-09,36858,India,1
2005-12-12 07:12:44.940000+00:00,25.961,92.313,35.0,4.68,mw,17.0,121.4,,1.3,us,usp000e60t,2014-11-07T01:27:53.023Z,"32 km S of Morigaon, India",earthquake,,,,2.0,reviewed,us,us,2005-12-12,36841,India,2
2005-12-14 07:09:54.190000+00:00,30.476,79.255,44.0,5.1,mwc,194.0,86.8,,0.68,us,usp000e647,2022-05-02T18:10:00.475Z,"17 km WNW of P?palkoti, India",earthquake,,8.2,,,reviewed,us,hrv,2005-12-14,36761,India,3
2005-12-15 01:19:56.780000+00:00,34.806,77.471,10.0,4.43,mw,9.0,166.8,,1.42,us,usp000e65g,2014-11-07T01:27:53.838Z,"63 km ESE of Thang, India",earthquake,,0.0,,1.0,reviewed,us,us,2005-12-15,36898,India,-1
2005-12-22 14:35:10.870000+00:00,6.571,91.808,30.0,4.85,mw,17.0,151.1,,0.62,us,usp000e6mj,2014-11-07T01:27:55.773Z,"Nicobar Islands, India region",earthquake,,,,5.0,reviewed,us,us,2005-12-22,36832,India,1
2005-12-23 19:45:19.910000+00:00,8.102,93.206,30.0,4.51,mw,12.0,318.8,,0.73,us,usp000e6qe,2014-11-07T01:27:56.034Z,"Nicobar Islands, India region",earthquake,,,,5.0,reviewed,us,us,2005-12-23,36873,India,1
2005-12-24 01:46:12.560000+00:00,8.837,93.698,30.0,4.77,mw,20.0,103.8,,0.9,us,usp000e6rb,2014-11-07T01:27:56.184Z,"Nicobar Islands, India region",earthquake,,,,9.0,reviewed,us,us,2005-12-24,36839,India,1
2005-12-26 00:54:50.930000+00:00,13.893,92.672,27.2,4.85,mw,29.0,150.1,,1.13,us,usp000e6wh,2014-11-07T01:27:57.016Z,"242 km N of Bamboo Flat, India",earthquake,,,,11.0,reviewed,us,us,2005-12-26,36830,India,1
2005-12-26 10:46:06.950000+00:00,17.285,73.884,10.0,4.51,mw,20.0,117.6,,1.18,us,usp000e6y7,2014-11-07T01:27:57.193Z,"10 km S of P?tan, India",earthquake,,,,8.0,reviewed,us,us,2005-12-26,36872,India,-1
2005-12-27 12:06:05.630000+00:00,12.161,92.913,30.0,4.51,mw,8.0,189.9,,0.36,us,usp000e714,2014-11-07T01:27:57.547Z,"55 km NNE of Bamboo Flat, India",earthquake,,,,2.0,reviewed,us,us,2005-12-27,36871,India,1
2005-12-27 16:19:15.760000+00:00,24.783,93.991,86.5,5.03,mw,107.0,112.5,,0.63,us,usp000e71f,2014-11-07T01:27:57.566Z,"5 km ESE of Imph?l, India",earthquake,,,,50.0,reviewed,us,us,2005-12-27,36791,India,2
2006-01-02 14:00:30.160000+00:00,12.44,92.63,30.0,4.94,mw,12.0,194.5,,1.02,us,usp000e7e0,2014-11-07T01:28:02.197Z,"82 km N of Bamboo Flat, India",earthquake,,,,4.0,reviewed,us,us,2006-01-02,36791,India,1
2006-01-06 04:25:05.750000+00:00,12.235,95.2,25.1,5.4,mwc,254.0,53.1,,1.08,us,usp000e7pm,2025-12-22T16:14:28.554Z,"274 km ENE of Port Blair, India",earthquake,,,,,reviewed,us,hrv,2006-01-06,36735,India,1
2006-01-11 05:48:41.370000+00:00,34.083,73.927,10.0,5.03,mw,97.0,78.7,,0.94,us,usp000e814,2014-11-07T01:28:05.695Z,"11 km W of Uri, India",earthquake,,,,36.0,reviewed,us,us,2006-01-11,36789,India,3
2006-01-17 17:26:52.040000+00:00,32.791,78.581,10.0,4.94,mw,31.0,113.8,,0.92,us,usp000e8cd,2014-11-07T01:28:06.801Z,"144 km ENE of Man?li, India",earthquake,,,,13.0,reviewed,us,us,2006-01-17,36792,India,3
2006-01-20 01:39:47.700000+00:00,6.938,91.963,30.0,4.94,mw,27.0,132.3,,0.86,us,usp000e8gy,2014-11-07T01:28:07.299Z,"Nicobar Islands, India region",earthquake,,,,5.0,reviewed,us,us,2006-01-20,36802,India,1
2006-01-21 04:07:03.710000+00:00,13.002,93.245,44.0,5.6,mwb,577.0,20.4,,0.75,us,usp000e8jv,2022-05-02T18:11:38.245Z,"155 km NNE of Bamboo Flat, India",earthquake,,,,,reviewed,us,us,2006-01-21,36720,India,1
2006-01-26 13:32:45.890000+00:00,8.487,92.627,30.0,4.68,mw,12.0,212.2,,0.68,us,usp000e8wb,2014-11-07T01:28:09.733Z,"Nicobar Islands, India region",earthquake,,,,1.0,reviewed,us,us,2006-01-26,36843,India,1
2006-02-03 20:34:10.980000+00:00,11.86,92.372,19.0,6.1,mwc,442.0,18.4,,0.89,us,usp000e9dn,2022-07-14T12:33:20.311Z,"41 km WNW of Bamboo Flat, India",earthquake,,,,,reviewed,us,hrv,2006-02-03,36720,India,1
2006-02-05 13:27:26.590000+00:00,10.365,94.319,30.0,4.77,mw,9.0,183.0,,1.41,us,usp000e9hw,2014-11-07T01:28:16.568Z,"224 km SE of Port Blair, India",earthquake,,,,1.0,reviewed,us,us,2006-02-05,36841,India,1
2006-02-11 05:04:21.270000+00:00,27.233,92.145,49.3,5.03,mw,50.0,46.8,,0.83,us,usp000e9x4,2014-11-07T01:28:17.938Z,"27 km W of Bomdila, India",earthquake,,6.6,,20.0,reviewed,us,us,2006-02-11,36787,India,2
2006-02-12 04:54:40.780000+00:00,23.889,91.634,50.1,4.6,mw,23.0,109.4,,0.77,us,usp000e9yh,2014-11-07T01:28:18.072Z,"21 km S of Khowai, India",earthquake,,,,2.0,reviewed,us,us,2006-02-12,36864,India,2
2006-02-14 00:55:25.060000+00:00,27.382,88.388,30.0,5.3,mwc,260.0,45.6,,0.81,us,usp000ea1q,2022-07-14T12:29:57.071Z,"16 km NE of Gyalshing, India",earthquake,,,,,reviewed,us,hrv,2006-02-14,36744,India,-1
2006-02-14 19:17:33.260000+00:00,30.265,80.528,62.5,4.85,mw,48.0,95.5,,1.06,us,usp000ea2m,2014-11-07T01:28:18.517Z,"46 km N of Dh?rchula, India",earthquake,,10.1,,17.0,reviewed,us,us,2006-02-14,36816,India,3
2006-02-16 00:47:22.010000+00:00,8.572,93.968,30.0,4.68,mw,17.0,178.6,,0.38,us,usp000ea4m,2014-11-07T01:28:18.748Z,"Nicobar Islands, India region",earthquake,,,,6.0,reviewed,us,us,2006-02-16,36854,India,1
2006-02-27 12:49:55.600000+00:00,27.438,96.791,68.6,4.51,mw,18.0,137.4,,1.26,us,usp000eazp,2014-11-07T01:28:22.666Z,"74 km SSE of Hayuliang, India",earthquake,,,,3.0,reviewed,us,us,2006-02-27,36880,India,2
2006-03-01 22:06:06.880000+00:00,11.102,92.123,26.8,5.2,mw,13.0,125.9,,1.1,us,usp000eb4r,2014-11-07T01:28:25.966Z,"92 km SW of Port Blair, India",earthquake,,,,2.0,reviewed,us,us,2006-03-01,36750,India,1
2006-03-02 17:16:59.970000+00:00,24.268,94.526,77.9,4.9,mwc,92.0,52.2,,1.15,us,usp000eb6g,2016-11-10T01:18:11.377Z,"58 km SE of W?ngjing, India",earthquake,,,,,reviewed,us,hrv,2006-03-02,36813,India,2
2006-03-03 07:22:56.210000+00:00,29.099,95.275,10.0,4.51,mw,7.0,139.9,,0.36,us,usp000eb93,2014-11-07T01:28:27.512Z,"108 km NE of Shi Yomi, India",earthquake,,,,2.0,reviewed,us,us,2006-03-03,36889,India,-1
2006-03-07 18:20:46.110000+00:00,23.777,70.899,10.0,5.5,mwb,199.0,42.2,,1.08,us,usp000ebma,2022-07-14T12:17:55.188Z,"34 km NE of R?par, India",earthquake,,,,,reviewed,us,us,2006-03-07,36725,India,-1
2006-03-09 14:57:09.390000+00:00,10.698,93.901,15.1,5.1,mwc,16.0,181.7,,0.97,us,usp000ebra,2025-12-22T14:59:59.988Z,"165 km SE of Port Blair, India",earthquake,,,,,reviewed,us,hrv,2006-03-09,36763,India,1
2006-03-09 15:00:40.840000+00:00,8.922,94.599,18.6,5.37,mw,29.0,167.6,,1.55,us,usp000ebrb,2014-11-07T01:28:29.872Z,"Nicobar Islands, India region",earthquake,,,,23.0,reviewed,us,us,2006-03-09,36738,India,1
2006-03-09 18:51:51.220000+00:00,10.968,94.856,10.0,4.94,mw,23.0,140.4,,0.93,us,usp000ebt2,2014-11-07T01:28:30.102Z,"242 km ESE of Port Blair, India",earthquake,,,,10.0,reviewed,us,us,2006-03-09,36798,India,1
2006-03-09 19:53:23.810000+00:00,11.92,94.123,10.0,4.6,mw,7.0,304.3,,1.27,us,usp000ebta,2014-11-07T01:28:30.130Z,"152 km E of Port Blair, India",earthquake,,,,2.0,reviewed,us,us,2006-03-09,36865,India,1
2006-03-10 00:49:19.910000+00:00,9.978,92.945,10.0,4.6,mw,7.0,209.9,,0.52,us,usp000ebu7,2014-11-07T01:28:30.233Z,"187 km S of Port Blair, India",earthquake,,,,2.0,reviewed,us,us,2006-03-10,36865,India,1
2006-03-10 19:29:15.100000+00:00,9.958,93.322,10.0,4.51,mw,11.0,203.3,,1.07,us,usp000ebwy,2014-11-07T01:28:30.581Z,"199 km SSE of Port Blair, India",earthquake,,,,4.0,reviewed,us,us,2006-03-10,36876,India,1
2006-03-12 22:59:20.940000+00:00,13.879,93.638,44.1,5.2,mwc,110.0,49.4,,0.83,us,usp000ec1g,2022-05-02T15:26:36.592Z,"260 km NNE of Bamboo Flat, India",earthquake,,,,,reviewed,us,hrv,2006-03-12,36751,India,1
2006-03-16 13:59:22+00:00,10.798,94.426,23.4,5.4,mwc,80.0,51.0,,1.23,us,usp000ec9h,2025-12-22T15:01:28.752Z,"207 km ESE of Port Blair, India",earthquake,,,,,reviewed,us,hrv,2006-03-16,36737,India,1
2006-03-17 00:03:19.930000+00:00,13.516,92.808,30.0,4.94,mw,8.0,176.2,,0.56,us,usp000ecae,2014-11-07T01:28:32.212Z,"201 km N of Bamboo Flat, India",earthquake,,,,2.0,reviewed,us,us,2006-03-17,36807,India,1
2006-03-18 10:56:39.370000+00:00,6.856,92.782,12.8,4.68,mw,18.0,179.9,,0.79,us,usp000ecdg,2014-11-07T01:28:32.518Z,"Nicobar Islands, India region",earthquake,,31.4,,4.0,reviewed,us,us,2006-03-18,36856,India,1
2006-03-21 06:10:04.980000+00:00,7.872,91.92,35.2,4.68,mw,23.0,134.6,,0.69,us,usp000ecm9,2014-11-07T01:28:33.985Z,"Nicobar Islands, India region",earthquake,,9.6,,7.0,reviewed,us,us,2006-03-21,36857,India,1
2006-03-25 05:51:51.410000+00:00,26.788,92.242,10.0,5.11,mw,110.0,99.1,,0.63,us,usp000ecw1,2014-11-07T01:28:35.011Z,"14 km ENE of Udalguri, India",earthquake,,,,59.0,reviewed,us,us,2006-03-25,36754,India,2
2006-04-03 05:55:16.220000+00:00,11.693,93.784,30.0,4.6,mw,18.0,119.5,,1.4,us,usp000edkd,2014-11-07T01:28:42.689Z,"113 km E of Port Blair, India",earthquake,,,,5.0,reviewed,us,us,2006-04-03,36864,India,1
2006-04-06 17:59:16.440000+00:00,23.322,70.477,10.0,5.5,mwb,255.0,27.7,,1.05,us,usp000eduw,2022-07-14T11:59:02.935Z,"13 km E of Bhach?u, India",earthquake,,,,,reviewed,us,us,2006-04-06,36726,India,-1
2006-04-12 07:55:44.070000+00:00,11.87,93.339,30.0,4.68,mw,16.0,183.1,,1.27,us,usp000ee9a,2014-11-07T01:28:47.071Z,"68 km ENE of Port Blair, India",earthquake,,,,4.0,reviewed,us,us,2006-04-12,36864,India,1
2006-04-12 23:51:45.920000+00:00,9.932,93.809,30.0,4.43,mw,19.0,113.3,,1.08,us,usp000eebs,2014-11-07T01:28:48.484Z,"224 km SSE of Port Blair, India",earthquake,,,,6.0,reviewed,us,us,2006-04-12,36892,India,1
2006-04-14 16:24:56.620000+00:00,24.241,94.628,106.4,5.11,mw,36.0,80.3,,1.26,us,usp000eeh8,2014-11-07T01:28:50.308Z,"69 km SE of W?ngjing, India",earthquake,,,,5.0,reviewed,us,us,2006-04-14,36938,India,2
2006-04-17 16:39:58.870000+00:00,17.069,73.689,10.0,5.03,mw,50.0,92.9,,1.0,us,usp000eesr,2020-07-08T02:03:44.034Z,"27 km NNE of L?nja, India",earthquake,,,,17.0,reviewed,us,us,2006-04-17,36968,India,-1
2006-04-21 09:46:14.930000+00:00,30.347,94.97,38.7,5.2,mw,97.0,51.1,,0.68,us,usp000ef5d,2022-05-02T18:16:32.215Z,"209 km NNE of Shi Yomi, India",earthquake,,7.2,,48.0,reviewed,us,us,2006-04-21,36924,India,-1
2006-04-29 03:36:36.680000+00:00,7.58,91.962,30.4,4.77,mw,27.0,105.4,,0.83,us,usp000efr4,2014-11-07T01:28:55.952Z,"Nicobar Islands, India region",earthquake,,,,6.0,reviewed,us,us,2006-04-29,37020,India,1
2006-05-07 16:01:01.880000+00:00,28.975,76.561,10.0,4.68,mw,26.0,127.3,,1.17,us,usp000eggx,2014-11-07T01:29:04.154Z,"9 km NNW of Rohtak, India",earthquake,,0.0,,5.0,reviewed,us,us,2006-05-07,37028,India,-1
2006-05-08 22:36:33.750000+00:00,10.078,92.094,30.0,4.77,mw,12.0,202.0,,0.33,us,usp000egme,2014-11-07T01:29:04.575Z,"189 km SSW of Port Blair, India",earthquake,,,,2.0,reviewed,us,us,2006-05-08,37017,India,1
2006-05-09 13:30:19.390000+00:00,32.661,76.686,14.3,4.77,mw,35.0,70.8,,0.88,us,usp000egp1,2014-11-07T01:29:04.869Z,"33 km WNW of Kyelang, India",earthquake,,,,12.0,reviewed,us,us,2006-05-09,37011,India,3
2006-05-09 23:17:40.960000+00:00,26.029,95.756,106.3,4.94,mw,41.0,85.1,,0.95,us,usp000egq1,2014-11-07T01:29:04.934Z,"96 km ESE of Tuensang, India",earthquake,,,,13.0,reviewed,us,us,2006-05-09,36974,India,2
2006-05-11 09:49:58.500000+00:00,24.805,95.239,106.2,5.11,mw,36.0,75.8,,1.04,us,usp000egv1,2014-11-07T01:29:05.563Z,"121 km SE of Phek, India",earthquake,,,,12.0,reviewed,us,us,2006-05-11,36942,India,2
2006-05-22 10:09:50.440000+00:00,12.78,92.242,30.0,4.68,mw,20.0,176.7,,1.0,us,usp000ehpa,2014-11-07T01:29:09.525Z,"130 km NNW of Bamboo Flat, India",earthquake,,,,5.0,reviewed,us,us,2006-05-22,37030,India,1
2006-05-26 00:41:41.660000+00:00,33.148,76.241,66.8,5.28,mw,199.0,44.6,,0.73,us,usp000ehyz,2022-05-02T15:30:58.672Z,"47 km ESE of Kishtw?r, India",earthquake,,,,106.0,reviewed,us,us,2006-05-26,36915,India,3
2006-05-26 04:52:09.510000+00:00,26.209,96.858,27.2,4.94,mw,67.0,64.7,,1.07,us,usp000ehzt,2014-11-07T01:29:11.296Z,"4 km E of Sarupathar, India",earthquake,,14.5,,35.0,reviewed,us,us,2006-05-26,36970,India,2
2006-06-01 18:54:31.950000+00:00,10.888,92.82,37.4,5.11,mw,66.0,64.1,,0.91,us,usp000ejfx,2014-11-07T01:29:16.845Z,"86 km S of Port Blair, India",earthquake,,8.6,,22.0,reviewed,us,us,2006-06-01,36927,India,1
2006-06-03 13:01:14.730000+00:00,13.033,92.51,38.6,5.03,mw,88.0,47.4,,0.78,us,usp000ejky,2014-11-07T01:29:18.690Z,"149 km N of Bamboo Flat, India",earthquake,,,,40.0,reviewed,us,us,2006-06-03,36948,India,1
2006-06-19 16:57:35.960000+00:00,25.529,90.676,40.9,4.6,mw,36.0,106.7,,0.66,us,usp000ektv,2014-11-07T01:29:25.330Z,"47 km E of Tura, India",earthquake,,6.8,,7.0,reviewed,us,us,2006-06-19,37055,India,2
2006-06-21 00:18:47.480000+00:00,7.079,91.728,30.0,4.51,mw,14.0,109.5,,1.0,us,usp000ekwe,2014-11-07T01:29:25.798Z,"Nicobar Islands, India region",earthquake,,,,1.0,reviewed,us,us,2006-06-21,37063,India,1
2006-06-21 12:34:52.680000+00:00,6.938,92.454,16.0,6.0,mwc,411.0,21.2,,0.85,us,usp000ekxx,2022-05-02T15:31:23.440Z,"Nicobar Islands, India region",earthquake,,,,,reviewed,us,hrv,2006-06-21,36900,India,1
2006-06-22 03:57:30.510000+00:00,13.014,93.279,30.0,4.68,mw,13.0,135.9,,0.46,us,usp000ekzs,2014-11-07T01:29:26.188Z,"157 km NNE of Bamboo Flat, India",earthquake,,,,2.0,reviewed,us,us,2006-06-22,37033,India,1
2006-06-22 19:16:04.560000+00:00,24.822,94.29,58.8,4.94,mw,124.0,74.0,,0.76,us,usp000em0u,2014-11-07T01:29:26.361Z,"29 km ENE of Yairipok, India",earthquake,,,,52.0,reviewed,us,us,2006-06-22,36989,India,2
2006-06-23 05:34:06.400000+00:00,23.462,70.116,10.0,4.8,mwc,141.0,56.6,,0.97,us,usp000em1v,2020-07-08T02:05:06.414Z,"29 km NW of Bhach?u, India",earthquake,,,,,reviewed,us,hrv,2006-06-23,37004,India,-1
2006-06-27 15:02:16.090000+00:00,8.811,93.596,15.4,5.0,mwc,143.0,46.8,,0.86,us,usp000emdn,2022-05-02T18:22:34.660Z,"Nicobar Islands, India region",earthquake,,,,,reviewed,us,hrv,2006-06-27,36969,India,1
2006-07-12 21:43:08.970000+00:00,9.975,92.864,30.0,4.77,mw,18.0,184.1,,0.53,us,usp000enfr,2014-11-07T01:29:38.212Z,"187 km S of Port Blair, India",earthquake,,,,4.0,reviewed,us,us,2006-07-12,37010,India,1
2006-07-17 13:47:48.360000+00:00,26.744,89.432,10.0,4.51,mw,18.0,127.9,,0.99,us,usp000enu7,2014-11-07T01:29:41.581Z,"7 km E of H?sim?ra, India",earthquake,,,,1.0,reviewed,us,us,2006-07-17,37064,India,-1
2006-07-18 10:42:29.530000+00:00,32.783,77.38,31.1,4.6,mw,19.0,145.2,,0.88,us,usp000enzn,2014-11-07T01:29:42.679Z,"40 km NE of Kyelang, India",earthquake,,45.4,,3.0,reviewed,us,us,2006-07-18,37051,India,-1
2006-07-20 00:10:58.240000+00:00,31.642,78.038,35.0,4.43,mw,21.0,104.2,,1.03,us,usp000ep50,2014-11-07T01:29:43.508Z,"27 km ENE of Sar?han, India",earthquake,,,,9.0,reviewed,us,us,2006-07-20,37067,India,3
2006-07-24 15:50:09.940000+00:00,11.062,92.002,26.4,4.85,mw,36.0,98.0,,0.9,us,usp000epg3,2014-11-07T01:29:45.620Z,"105 km SW of Bamboo Flat, India",earthquake,,,,8.0,reviewed,us,us,2006-07-24,36994,India,1
2006-07-27 08:02:06.390000+00:00,11.631,92.894,30.0,5.11,mw,28.0,85.0,,0.83,us,usp000epp9,2014-11-07T01:29:46.910Z,"16 km ESE of Port Blair, India",earthquake,,,,5.0,reviewed,us,us,2006-07-27,36925,India,1
2006-08-02 13:11:57.780000+00:00,8.632,91.926,17.3,5.37,mw,105.0,53.3,,0.82,us,usp000eq2z,2014-11-07T01:29:52.776Z,"Nicobar Islands, India region",earthquake,,,,51.0,reviewed,us,us,2006-08-02,36907,India,1
2006-08-03 12:32:20.020000+00:00,23.773,93.614,57.2,4.51,mw,18.0,158.4,,0.55,us,usp000eq5y,2014-11-07T01:29:53.672Z,Myanmar-India border region,earthquake,,,,3.0,reviewed,us,us,2006-08-03,37067,Myanmar-India border region,2
2006-08-05 07:33:02.490000+00:00,29.887,80.098,10.0,4.85,mw,61.0,57.1,,0.87,us,usp000eq9d,2014-11-07T01:29:54.485Z,"32 km E of B?geshwar, India",earthquake,,,,19.0,reviewed,us,us,2006-08-05,36997,India,3
2006-08-09 14:37:18.010000+00:00,26.467,96.325,88.0,4.85,mw,98.0,74.5,,0.78,us,usp000eqkg,2014-11-07T01:29:56.280Z,"56 km WNW of Sarupathar, India",earthquake,,,,43.0,reviewed,us,us,2006-08-09,36995,India,2
2006-08-12 20:46:11.300000+00:00,24.662,92.71,42.8,5.0,mwc,141.0,51.9,,0.68,us,usp000eqtx,2022-05-02T15:34:49.855Z,"15 km NE of L?la, India",earthquake,,,,,reviewed,us,hrv,2006-08-12,36969,India,2
2006-08-13 19:22:41.050000+00:00,26.854,97.105,38.6,4.68,mw,17.0,140.5,,0.51,us,usp000eqvy,2014-11-07T01:29:57.718Z,"77 km NNE of Sarupathar, India",earthquake,,13.8,,2.0,reviewed,us,us,2006-08-13,37021,India,2
2006-08-15 16:33:08.290000+00:00,11.685,91.747,30.0,4.6,mw,9.0,178.6,,0.29,us,usp000er0c,2014-11-07T01:29:58.335Z,"105 km W of Bamboo Flat, India",earthquake,,,,3.0,reviewed,us,us,2006-08-15,37060,India,1
2006-08-20 02:37:17.930000+00:00,23.26,70.72,10.0,4.77,mw,53.0,153.3,,0.96,us,usp000erbv,2014-11-07T01:29:59.988Z,"35 km SSE of R?par, India",earthquake,,,,20.0,reviewed,us,us,2006-08-20,37013,India,-1
2006-08-22 12:32:11.290000+00:00,29.418,95.358,10.0,4.6,mw,11.0,142.5,,0.3,us,usp000ergw,2014-11-07T01:30:00.640Z,"137 km NE of Shi Yomi, India",earthquake,,,,1.0,reviewed,us,us,2006-08-22,37050,India,-1
2006-08-25 08:03:06.810000+00:00,12.149,95.489,30.0,5.2,mw,109.0,45.4,,1.31,us,usp000erq4,2014-11-07T01:30:01.596Z,"Andaman Islands, India region",earthquake,,,,71.0,reviewed,us,us,2006-08-25,36923,India,1
2006-09-08 09:16:36.250000+00:00,10.582,91.731,30.0,5.03,mw,35.0,58.0,,1.1,us,usp000espf,2014-11-07T01:30:10.813Z,"163 km SW of Port Blair, India",earthquake,,,,8.0,reviewed,us,us,2006-09-08,36950,India,1
2006-09-11 16:10:00.010000+00:00,10.187,94.439,30.0,4.43,mw,9.0,171.9,,0.73,us,usp000esxb,2014-11-07T01:30:12.011Z,"246 km SE of Port Blair, India",earthquake,,,,3.0,reviewed,us,us,2006-09-11,37078,India,1
2006-09-11 18:12:22.330000+00:00,35.472,78.225,14.9,5.5,mwc,416.0,24.0,,0.82,us,usp000esxc,2022-05-02T15:36:31.446Z,"143 km ENE of Thang, India",earthquake,,,,,reviewed,us,gcmt,2006-09-11,36903,India,-1
2006-09-12 21:10:24.740000+00:00,11.069,93.6,141.8,4.68,mw,29.0,67.5,,0.93,us,usp000eszh,2014-11-07T01:30:12.581Z,"114 km SE of Port Blair, India",earthquake,,14.9,,12.0,reviewed,us,us,2006-09-12,37047,India,1
2006-09-16 00:48:34.100000+00:00,6.364,95.471,169.3,4.51,mw,9.0,129.2,,0.47,us,usp000et5d,2014-11-07T01:30:13.743Z,"Nicobar Islands, India region",earthquake,,14.4,,1.0,reviewed,us,us,2006-09-16,37064,India,-1
2006-09-21 22:43:22.950000+00:00,26.803,96.735,61.7,4.6,mw,13.0,160.7,,0.84,us,usp000etj0,2014-11-07T01:30:15.690Z,"66 km N of Sarupathar, India",earthquake,,18.5,,3.0,reviewed,us,us,2006-09-21,37050,India,2
2006-09-24 19:55:24.760000+00:00,8.196,92.092,30.0,4.68,mw,12.0,137.3,,0.51,us,usp000etre,2014-11-07T01:30:16.382Z,"Nicobar Islands, India region",earthquake,,,,3.0,reviewed,us,us,2006-09-24,37023,India,1
2006-09-25 00:27:45.780000+00:00,28.389,96.518,35.0,4.43,mw,18.0,145.5,,0.63,us,usp000etrt,2014-11-07T01:30:16.488Z,"35 km N of Hayuliang, India",earthquake,,,,6.0,reviewed,us,us,2006-09-25,37072,India,-1
2006-09-25 11:40:49.820000+00:00,10.55,92.324,30.0,5.11,mw,68.0,53.8,,0.91,us,usp000etst,2014-11-07T01:30:16.592Z,"131 km SSW of Port Blair, India",earthquake,,,,23.0,reviewed,us,us,2006-09-25,36942,India,1
2006-09-28 13:22:47.130000+00:00,11.746,95.014,23.2,5.2,mw,111.0,55.2,,0.75,us,usp000eu07,2014-11-07T01:30:19.732Z,"247 km E of Port Blair, India",earthquake,,,,61.0,reviewed,us,us,2006-09-28,36925,India,1
2006-09-28 20:47:13.920000+00:00,33.227,75.493,10.0,4.43,mw,17.0,106.9,,0.77,us,usp000eu0x,2014-11-07T01:30:19.838Z,"10 km NNW of Doda, India",earthquake,,,,2.0,reviewed,us,us,2006-09-28,37074,India,3
2006-10-03 09:42:14.820000+00:00,9.417,93.055,68.5,5.03,mw,65.0,55.9,,1.08,us,usp000eudp,2014-11-07T01:30:29.792Z,"251 km S of Port Blair, India",earthquake,,9.0,,28.0,reviewed,us,us,2006-10-03,36966,India,1
2006-10-05 04:53:01.340000+00:00,13.251,92.188,27.3,5.03,mw,85.0,52.9,,0.83,us,usp000eugz,2014-11-07T01:30:30.413Z,"180 km NNW of Bamboo Flat, India",earthquake,,,,33.0,reviewed,us,us,2006-10-05,36968,India,1
2006-10-09 09:32:38.460000+00:00,13.823,93.075,48.6,4.85,mw,28.0,82.3,,1.1,us,usp000eurw,2014-11-07T01:30:31.483Z,"238 km N of Bamboo Flat, India",earthquake,,14.7,,7.0,reviewed,us,us,2006-10-09,37001,India,1
2006-10-13 07:18:26.600000+00:00,34.659,80.203,10.0,4.77,mw,26.0,129.5,,0.94,us,usp000ev3u,2014-11-07T01:30:33.637Z,"246 km ENE of Leh, India",earthquake,,,,10.0,reviewed,us,us,2006-10-13,37176,India,-1
2006-10-13 17:39:59.550000+00:00,13.595,92.705,30.0,4.68,mw,34.0,82.6,,1.03,us,usp000ev4q,2014-11-07T01:30:33.799Z,"209 km N of Bamboo Flat, India",earthquake,,,,8.0,reviewed,us,us,2006-10-13,37209,India,1
2006-10-17 07:59:16.970000+00:00,10.441,91.755,28.2,5.28,mw,103.0,68.0,,1.1,us,usp000evcn,2014-11-07T01:30:35.050Z,"173 km SW of Port Blair, India",earthquake,,,,46.0,reviewed,us,us,2006-10-17,37088,India,1
2006-10-19 19:53:58.480000+00:00,10.251,93.729,25.1,5.03,mw,82.0,58.9,,0.8,us,usp000evj5,2014-11-07T01:30:36.022Z,"189 km SE of Port Blair, India",earthquake,,,,16.0,reviewed,us,us,2006-10-19,37152,India,1
2006-10-20 06:12:29.530000+00:00,11.588,92.695,30.0,4.85,mw,16.0,151.2,,1.3,us,usp000evk9,2014-11-07T01:30:36.140Z,"10 km SSW of Port Blair, India",earthquake,,,,2.0,reviewed,us,us,2006-10-20,37169,India,1
2006-10-22 22:24:08.730000+00:00,10.639,93.879,30.0,4.43,mw,11.0,186.8,,0.86,us,usp000evts,2014-11-07T01:30:37.042Z,"167 km SE of Port Blair, India",earthquake,,,,3.0,reviewed,us,us,2006-10-22,37258,India,1
2006-10-27 01:07:32.960000+00:00,29.854,80.545,38.8,4.51,mw,16.0,87.3,,0.83,us,usp000ew3p,2014-11-07T01:30:38.199Z,"2 km ENE of Dh?rchula, India",earthquake,,12.7,,1.0,reviewed,us,us,2006-10-27,37221,India,3
2006-10-27 07:55:01.980000+00:00,29.875,80.035,10.0,4.6,mw,22.0,69.4,,1.09,us,usp000ew43,2014-11-07T01:30:38.246Z,"25 km E of B?geshwar, India",earthquake,,,,3.0,reviewed,us,us,2006-10-27,37213,India,3
2006-11-03 14:43:10.270000+00:00,22.104,93.351,49.3,5.0,mwc,91.0,57.9,,0.82,us,usp000ewja,2022-05-02T18:31:30.467Z,"57 km SE of Saiha, India",earthquake,,,,,reviewed,us,gcmt,2006-11-03,37155,India,2
2006-11-06 01:19:57.480000+00:00,24.694,95.146,120.0,5.11,mw,202.0,51.0,,0.66,us,usp000ewqd,2014-11-07T01:30:45.767Z,"110 km E of W?ngjing, India",earthquake,,5.1,,119.0,reviewed,us,us,2006-11-06,37091,India,2
2006-11-10 13:21:24.340000+00:00,24.536,92.326,42.5,4.9,mwc,127.0,25.9,,0.68,us,usp000ex3b,2016-11-10T01:30:46.374Z,"24 km NE of Dharmanagar, India",earthquake,,,,,reviewed,us,gcmt,2006-11-10,37167,India,2
2006-11-25 08:50:34.530000+00:00,35.703,78.199,10.0,4.51,mw,21.0,174.6,,1.13,us,usp000eysv,2014-11-07T01:30:56.861Z,"154 km ENE of Thang, India",earthquake,,,,6.0,reviewed,us,us,2006-11-25,37231,India,-1
2006-11-28 23:28:38.630000+00:00,13.124,93.234,30.0,4.85,mw,56.0,53.4,,1.09,us,usp000ez35,2014-11-07T01:30:58.503Z,"167 km NNE of Bamboo Flat, India",earthquake,,,,15.0,reviewed,us,us,2006-11-28,37173,India,1
2006-11-29 05:41:14.180000+00:00,27.348,76.83,10.0,4.43,mw,9.0,206.0,,1.32,us,usp000ez42,2014-11-07T01:30:58.701Z,"23 km ENE of R?jgarh, India",earthquake,,,,3.0,reviewed,us,us,2006-11-29,37233,India,-1
2006-12-10 08:19:25.950000+00:00,31.507,77.027,8.2,4.43,mw,18.0,244.2,,0.87,us,usp000ezya,2014-11-07T01:31:06.798Z,"12 km ESE of Sundarnagar, India",earthquake,,68.7,,3.0,reviewed,us,us,2006-12-10,37236,India,3
2006-12-22 19:50:44.630000+00:00,10.653,92.361,24.0,6.2,mwc,358.0,18.4,,0.9,us,usp000f0t4,2022-05-02T18:33:58.518Z,"Andaman Islands, India region",earthquake,,,,,reviewed,us,gcmt,2006-12-22,37082,India,1
2006-12-24 22:43:26.730000+00:00,26.881,76.154,10.0,4.6,mw,6.0,228.3,,0.68,us,usp000f0xp,2021-10-20T18:11:28.873Z,"11 km ENE of Basi, India",earthquake,,,,2.0,reviewed,us,us,2006-12-24,37213,India,-1
2006-12-25 00:28:21.060000+00:00,12.774,93.244,30.0,4.68,mw,49.0,86.1,,0.76,us,usp000f0xu,2014-11-07T01:31:11.282Z,"131 km NNE of Bamboo Flat, India",earthquake,,,,13.0,reviewed,us,us,2006-12-25,37194,India,1
2007-01-04 01:00:34.150000+00:00,13.777,93.174,30.0,4.77,mw,19.0,98.3,,0.86,us,usp000f1nx,2014-11-07T01:31:18.201Z,"235 km NNE of Bamboo Flat, India",earthquake,,,,2.0,reviewed,us,us,2007-01-04,37185,India,1
2007-01-04 17:03:51.600000+00:00,6.734,92.48,26.7,4.43,mw,11.0,186.1,,1.35,us,usp000f1q5,2014-11-07T01:31:18.438Z,"Nicobar Islands, India region",earthquake,,,,3.0,reviewed,us,us,2007-01-04,37245,India,1
2007-01-06 07:46:26.700000+00:00,9.385,93.148,30.0,5.11,mw,12.0,152.9,,0.46,us,usp000f1tc,2014-11-07T01:31:19.081Z,"256 km S of Port Blair, India",earthquake,,,,1.0,reviewed,us,us,2007-01-06,37096,India,1
2007-01-08 12:48:40.510000+00:00,8.077,92.437,11.0,6.1,mwb,252.0,37.6,,0.91,us,usp000f1z8,2022-05-02T19:33:03.558Z,"Nicobar Islands, India region",earthquake,,,,,reviewed,us,us,2007-01-08,37082,India,1
2007-01-12 04:41:24.360000+00:00,8.847,92.247,31.1,5.2,mw,67.0,51.3,,0.94,us,usp000f28d,2014-11-07T01:31:21.063Z,"Nicobar Islands, India region",earthquake,,,,20.0,reviewed,us,us,2007-01-12,37089,India,1
2007-01-15 06:13:38.940000+00:00,12.598,92.704,30.0,5.03,mw,47.0,66.1,,0.97,us,usp000f2n6,2014-11-07T01:31:23.043Z,"99 km N of Bamboo Flat, India",earthquake,,,,13.0,reviewed,us,us,2007-01-15,37125,India,1
2007-01-17 07:58:40.970000+00:00,1.978,89.69,10.0,5.0,mwc,68.0,67.5,,1.15,us,usp000f2uw,2025-12-22T14:59:22.905Z,North Indian Ocean,earthquake,,,,,reviewed,us,gcmt,2007-01-17,37165,North Indian Ocean,-1
2007-01-17 20:05:04.340000+00:00,11.411,92.152,10.0,5.11,mw,38.0,84.2,,0.64,us,usp000f2w7,2014-11-07T01:31:24.069Z,"69 km WSW of Bamboo Flat, India",earthquake,,,,12.0,reviewed,us,us,2007-01-17,37096,India,1
2007-01-21 02:48:24.460000+00:00,22.56,93.065,50.5,4.43,mw,23.0,115.5,,0.97,us,usp000f33s,2014-11-07T01:31:25.035Z,"11 km NE of Saiha, India",earthquake,,11.6,,5.0,reviewed,us,us,2007-01-21,37252,India,2
2007-01-24 10:29:27.290000+00:00,25.686,89.86,19.6,4.51,mw,17.0,145.8,,1.0,us,usp000f3fu,2014-11-07T01:31:27.004Z,"16 km N of Mank?char, India",earthquake,,59.9,,2.0,reviewed,us,us,2007-01-24,37233,India,2
2007-01-24 11:03:31.440000+00:00,24.702,94.491,71.4,5.03,mw,19.0,146.2,,1.06,us,usp000f3fz,2014-11-07T01:31:27.012Z,"44 km E of Yairipok, India",earthquake,,12.2,,3.0,reviewed,us,us,2007-01-24,37129,India,2
2007-01-29 19:48:34.440000+00:00,8.359,93.595,30.0,5.4,mwc,254.0,27.2,,0.79,us,usp000f3ww,2025-12-22T14:59:40.211Z,"Nicobar Islands, India region",earthquake,,,,,reviewed,us,gcmt,2007-01-29,37086,India,1
2007-02-02 00:41:16.240000+00:00,28.272,94.224,36.7,4.68,mw,22.0,100.4,,0.74,us,usp000f443,2014-11-07T01:31:32.426Z,"32 km SSW of Shi Yomi, India",earthquake,,11.0,,6.0,reviewed,us,us,2007-02-02,37195,India,-1
2007-02-03 00:47:59.770000+00:00,13.949,93.862,30.0,5.11,mw,43.0,81.4,,0.66,us,usp000f45x,2014-11-07T01:31:33.164Z,"278 km NNE of Bamboo Flat, India",earthquake,,,,15.0,reviewed,us,us,2007-02-03,37106,India,1
2007-02-03 00:51:15.610000+00:00,32.098,78.582,35.0,5.03,mw,17.0,119.1,,0.81,us,usp000f45y,2014-11-07T01:31:33.179Z,"99 km NE of Sar?han, India",earthquake,,,,2.0,reviewed,us,us,2007-02-03,37154,India,3
2007-02-11 09:53:55.920000+00:00,27.087,96.821,73.7,4.77,mw,7.0,120.8,,1.2,us,usp000f4nw,2014-11-07T01:31:36.546Z,"97 km N of Sarupathar, India",earthquake,,31.0,,1.0,reviewed,us,us,2007-02-11,37178,India,2
2007-02-17 23:52:39.950000+00:00,24.415,94.811,110.0,4.77,mw,13.0,177.4,,0.78,us,usp000f528,2014-11-07T01:31:39.352Z,"78 km ESE of W?ngjing, India",earthquake,,10.5,,3.0,reviewed,us,us,2007-02-17,37178,India,2
2007-02-20 02:45:14.940000+00:00,10.692,94.653,10.0,4.77,mw,11.0,177.5,,0.8,us,usp000f56w,2014-11-07T01:31:40.099Z,"234 km ESE of Port Blair, India",earthquake,,,,2.0,reviewed,us,us,2007-02-20,37182,India,1
2007-02-20 04:20:37.710000+00:00,6.513,90.669,10.0,5.03,mw,22.0,143.5,,0.45,us,usp000f574,2014-11-07T01:31:40.110Z,"Nicobar Islands, India region",earthquake,,,,5.0,reviewed,us,us,2007-02-20,37128,India,-1
2007-02-21 00:33:25.880000+00:00,31.373,77.752,36.6,4.51,mw,34.0,97.5,,0.97,us,usp000f59e,2014-11-07T01:31:40.436Z,"14 km SE of R?mpur, India",earthquake,,8.0,,5.0,reviewed,us,us,2007-02-21,37214,India,3
2007-02-21 09:23:09.910000+00:00,12.506,95.116,28.9,5.11,mw,90.0,76.5,,0.84,us,usp000f5ac,2014-11-07T01:31:40.579Z,"274 km ENE of Port Blair, India",earthquake,,,,31.0,reviewed,us,us,2007-02-21,37103,India,1
2007-02-22 14:41:34.340000+00:00,10.129,92.189,30.0,4.68,mw,11.0,215.3,,0.86,us,usp000f5da,2014-11-07T01:31:40.876Z,"180 km SSW of Port Blair, India",earthquake,,,,1.0,reviewed,us,us,2007-02-22,37195,India,1
2007-03-01 05:08:20.740000+00:00,10.292,93.059,78.9,5.0,mwc,221.0,39.8,,0.77,us,usp000f5vr,2025-12-22T15:12:20.365Z,"155 km SSE of Port Blair, India",earthquake,,,,,reviewed,us,gcmt,2007-03-01,37165,India,1
2007-03-11 06:09:00.330000+00:00,13.009,93.593,28.2,4.77,mw,20.0,174.7,,0.93,us,usp000f6fy,2014-11-07T01:31:51.298Z,"173 km NNE of Bamboo Flat, India",earthquake,,,,4.0,reviewed,us,us,2007-03-11,37185,India,1
2007-03-13 00:12:16.410000+00:00,10.791,92.994,30.0,4.77,mw,21.0,93.5,,0.93,us,usp000f6kk,2014-11-07T01:31:52.027Z,"100 km SSE of Port Blair, India",earthquake,,,,6.0,reviewed,us,us,2007-03-13,37190,India,1
2007-03-13 20:42:49.410000+00:00,7.169,92.178,30.0,4.6,mw,13.0,143.0,,1.04,us,usp000f6nm,2014-11-07T01:31:52.303Z,"Nicobar Islands, India region",earthquake,,,,7.0,reviewed,us,us,2007-03-13,37212,India,1
2007-03-16 07:19:42.830000+00:00,12.892,91.863,30.0,5.03,mw,9.0,111.0,,1.03,us,usp000f6th,2014-11-07T01:31:52.912Z,"161 km NW of Bamboo Flat, India",earthquake,,,,1.0,reviewed,us,us,2007-03-16,37140,India,1
2007-03-25 18:27:09.410000+00:00,8.777,93.604,30.0,4.68,mw,9.0,200.4,,0.55,us,usp000f7dv,2014-11-07T01:31:55.804Z,"Nicobar Islands, India region",earthquake,,,,1.0,reviewed,us,us,2007-03-25,37203,India,1
2007-03-28 20:39:59.200000+00:00,12.914,92.471,30.0,4.43,mw,13.0,112.0,,1.06,us,usp000f7qy,2014-11-07T01:31:57.323Z,"136 km NNW of Bamboo Flat, India",earthquake,,,,3.0,reviewed,us,us,2007-03-28,37248,India,1
2007-04-01 07:08:59.890000+00:00,9.203,91.516,30.0,5.1,mwc,79.0,62.2,,1.16,us,usp000f81q,2025-12-22T15:13:55.264Z,"Nicobar Islands, India region",earthquake,,,,,reviewed,us,gcmt,2007-04-01,37110,India,-1
2007-04-07 11:46:33.370000+00:00,28.614,96.418,30.0,4.43,mw,9.0,220.4,,1.06,us,usp000f8zh,2014-11-07T01:32:08.393Z,"61 km NNW of Hayuliang, India",earthquake,,,,3.0,reviewed,us,us,2007-04-07,37259,India,-1
2007-04-08 16:20:13.550000+00:00,23.083,70.187,10.0,4.6,mw,11.0,150.2,,0.43,us,usp000f93d,2014-11-07T01:32:08.853Z,"5 km E of G?ndh?dh?m, India",earthquake,,,,1.0,reviewed,us,us,2007-04-08,37212,India,-1
2007-04-10 13:56:53.890000+00:00,12.99,92.525,30.0,5.5,mwc,400.0,36.3,,0.76,us,usp000f9bb,2022-05-02T20:10:13.143Z,"144 km N of Bamboo Flat, India",earthquake,,,,,reviewed,us,gcmt,2007-04-10,37282,India,1
2007-05-01 16:40:57.470000+00:00,8.385,92.375,42.9,4.77,mw,31.0,132.4,,0.73,us,usp000fb13,2014-11-07T01:32:21.850Z,"Nicobar Islands, India region",earthquake,,7.2,,8.0,reviewed,us,us,2007-05-01,37377,India,1
2007-05-02 09:08:33.310000+00:00,13.34,93.359,93.4,4.85,mw,14.0,155.1,,1.15,us,usp000fb2m,2014-11-07T01:32:22.360Z,"194 km NNE of Bamboo Flat, India",earthquake,,18.3,,1.0,reviewed,us,us,2007-05-02,37367,India,1
2007-05-15 23:23:24.920000+00:00,26.182,95.817,114.2,4.68,mw,19.0,138.4,,0.9,us,usp000fc1y,2014-11-07T01:32:28.492Z,"95 km SSE of Khonsa, India",earthquake,,11.8,,8.0,reviewed,us,us,2007-05-15,37393,India,2
2007-05-18 12:40:01.190000+00:00,27.276,88.147,15.4,5.03,mw,83.0,70.7,,1.04,us,usp000fc7u,2014-11-07T01:32:29.290Z,"11 km W of Gyalshing, India",earthquake,,18.2,,40.0,reviewed,us,us,2007-05-18,37337,India,-1
2007-05-30 03:58:06.750000+00:00,10.59,92.52,36.3,4.68,mw,24.0,106.7,,0.63,us,usp000fd16,2014-11-07T01:32:33.522Z,"121 km SSW of Port Blair, India",earthquake,,,,9.0,reviewed,us,us,2007-05-30,37389,India,1
2007-05-31 23:18:05.060000+00:00,8.305,93.864,35.0,5.4,mwc,271.0,33.9,,1.11,us,usp000fd4b,2022-05-02T20:18:45.590Z,"Nicobar Islands, India region",earthquake,,,,,reviewed,us,gcmt,2007-05-31,37283,India,1
2007-06-04 01:22:14.910000+00:00,9.378,93.864,123.1,5.28,mw,50.0,99.2,,0.67,us,usp000fdar,2014-11-07T01:32:38.732Z,"281 km SSE of Port Blair, India",earthquake,,8.4,,24.0,reviewed,us,us,2007-06-04,37299,India,1
2007-06-10 19:41:26.150000+00:00,26.065,96.823,46.1,4.6,mw,45.0,120.1,,0.84,us,usp000fdsj,2014-11-07T01:32:40.952Z,"15 km S of Sarupathar, India",earthquake,,7.9,,16.0,reviewed,us,us,2007-06-10,37421,India,2
2007-06-14 19:52:38.600000+00:00,32.112,76.823,10.0,4.68,mw,16.0,259.2,,1.4,us,usp000fe0s,2014-11-07T01:32:42.535Z,"14 km NNE of Jogindarnagar, India",earthquake,,,,4.0,reviewed,us,us,2007-06-14,37383,India,3
2007-06-21 08:57:46.280000+00:00,10.338,92.889,72.7,4.94,mw,71.0,55.6,,1.03,us,usp000fefy,2014-11-07T01:32:44.376Z,"147 km S of Port Blair, India",earthquake,,7.8,,27.0,reviewed,us,us,2007-06-21,37339,India,1
2007-06-25 18:09:50.350000+00:00,25.946,94.24,15.4,5.11,mw,78.0,67.2,,1.1,us,usp000fev8,2014-11-07T01:32:45.999Z,"16 km S of Wokha, India",earthquake,,,,33.0,reviewed,us,us,2007-06-25,37326,India,-1
2007-06-26 08:26:33.620000+00:00,11.295,95.432,30.0,4.77,mw,15.0,184.7,,0.89,us,usp000fewv,2014-11-07T01:32:46.107Z,"295 km E of Port Blair, India",earthquake,,,,4.0,reviewed,us,us,2007-06-26,37370,India,1
2007-06-27 18:40:24.150000+00:00,28.892,95.024,49.2,4.43,mw,14.0,142.8,,1.05,us,usp000fezg,2014-11-07T01:32:46.464Z,"75 km ENE of Shi Yomi, India",earthquake,,22.1,,1.0,reviewed,us,us,2007-06-27,37426,India,-1
2007-07-03 14:47:31.180000+00:00,10.121,91.505,30.0,4.77,mw,28.0,71.3,,0.79,us,usp000ffcp,2014-11-07T01:32:53.550Z,"218 km SW of Port Blair, India",earthquake,,,,7.0,reviewed,us,us,2007-07-03,37379,India,1
2007-07-05 07:14:19.520000+00:00,9.823,92.733,30.0,4.94,mw,35.0,113.7,,1.19,us,usp000ffh9,2014-11-07T01:32:54.592Z,"203 km S of Port Blair, India",earthquake,,,,14.0,reviewed,us,us,2007-07-05,37345,India,1
2007-07-13 06:18:55.550000+00:00,23.641,70.639,10.0,4.6,mw,20.0,186.1,,0.84,us,usp000fg2t,2014-11-07T01:32:57.137Z,"7 km N of R?par, India",earthquake,,,,5.0,reviewed,us,us,2007-07-13,37420,India,-1
2007-07-22 23:02:14.790000+00:00,30.881,78.239,19.0,5.37,mw,179.0,52.0,,0.74,us,usp000fgwd,2022-05-02T20:22:28.209Z,"Uttaranchal, India",earthquake,,14.9,,88.0,reviewed,us,us,2007-07-22,37296,India,3
2007-07-24 23:55:21.240000+00:00,13.579,92.766,30.0,4.85,mw,34.0,101.2,,0.85,us,usp000fh13,2014-11-07T01:33:03.143Z,"207 km N of Bamboo Flat, India",earthquake,,,,8.0,reviewed,us,us,2007-07-24,37355,India,1
2007-07-25 01:19:33.440000+00:00,10.961,91.67,30.0,4.6,mw,14.0,152.7,,0.86,us,usp000fh1a,2014-11-07T01:33:03.316Z,"140 km SW of Bamboo Flat, India",earthquake,,,,2.0,reviewed,us,us,2007-07-25,37423,India,1
2007-07-25 23:37:31.520000+00:00,7.157,92.518,15.0,6.1,mwb,442.0,32.3,,1.04,us,usp000fh38,2022-07-14T05:29:11.318Z,"Nicobar Islands, India region",earthquake,,,,,reviewed,us,us,2007-07-25,37261,India,1
2007-07-28 01:00:33.540000+00:00,22.83,92.359,32.0,4.43,mw,7.0,190.4,,0.26,us,usp000fh8c,2014-11-07T01:33:04.603Z,"39 km W of Lunglei, India",earthquake,,45.8,,1.0,reviewed,us,us,2007-07-28,37423,India,2
2007-08-04 06:14:46.750000+00:00,9.468,93.301,44.2,5.2,mw,158.0,56.4,,0.91,us,usp000fhum,2014-11-07T01:33:11.619Z,"250 km SSE of Port Blair, India",earthquake,,,,64.0,reviewed,us,us,2007-08-04,37312,India,1
2007-08-06 14:38:12.850000+00:00,6.691,90.998,30.0,5.0,mwc,115.0,42.7,,0.87,us,usp000fj1c,2025-12-22T15:27:53.117Z,"Nicobar Islands, India region",earthquake,,,,,reviewed,us,gcmt,2007-08-06,37338,India,-1
2007-08-09 20:33:46.250000+00:00,31.343,80.155,10.0,4.85,mw,17.0,89.2,,0.89,us,usp000fj9j,2014-11-07T01:33:13.821Z,"103 km NNE of Josh?math, India",earthquake,,,,3.0,reviewed,us,us,2007-08-09,37366,India,-1
2007-08-10 01:47:11.210000+00:00,24.344,94.79,100.8,4.43,mw,15.0,116.8,,0.54,us,usp000fja4,2014-11-07T01:33:13.889Z,"78 km ESE of W?ngjing, India",earthquake,,9.6,,6.0,reviewed,us,us,2007-08-10,37438,India,2
2007-08-10 12:35:17.330000+00:00,26.752,97.274,35.0,4.77,mw,13.0,115.1,,0.83,us,usp000fjb0,2014-11-07T01:33:14.000Z,"76 km NE of Sarupathar, India",earthquake,,,,1.0,reviewed,us,us,2007-08-10,37367,India,2
2007-08-16 19:38:56.300000+00:00,7.834,92.176,44.5,5.2,mw,131.0,59.8,,0.79,us,usp000fjyr,2014-11-07T01:33:17.509Z,"Nicobar Islands, India region",earthquake,,,,52.0,reviewed,us,us,2007-08-16,37311,India,1
2007-08-20 19:15:53.500000+00:00,17.2,73.7,5.0,4.77,mw,28.0,194.4,,,us,usp000fkam,2021-10-20T18:13:09.732Z,"22 km ESE of M?khjan, India",earthquake,,,,7.0,reviewed,ndi,us,2007-08-20,37382,India,-1
2007-09-01 01:33:16.100000+00:00,27.853,87.873,73.1,4.43,mw,24.0,73.6,,0.75,us,usp000fm3z,2014-11-07T01:33:27.181Z,"73 km NNW of Gyalshing, India",earthquake,,6.7,,1.0,reviewed,us,us,2007-09-01,37423,India,-1
2007-09-07 20:14:56.970000+00:00,23.005,92.707,38.6,4.6,mw,19.0,103.1,,0.97,us,usp000fmn9,2014-11-07T01:33:31.607Z,"12 km NNW of Lunglei, India",earthquake,,13.0,,8.0,reviewed,us,us,2007-09-07,37405,India,2
2007-09-13 23:24:25.860000+00:00,12.955,93.144,35.0,4.6,mw,16.0,149.9,,0.7,us,usp000fn6p,2014-11-07T01:33:34.824Z,"146 km NNE of Bamboo Flat, India",earthquake,,,,2.0,reviewed,us,us,2007-09-13,37417,India,1
2007-09-16 01:09:03.830000+00:00,11.063,95.034,24.9,4.85,mw,45.0,101.6,,0.68,us,usp000fnd8,2014-11-07T01:33:35.751Z,"258 km ESE of Port Blair, India",earthquake,,,,22.0,reviewed,us,us,2007-09-16,37364,India,1
2007-09-17 00:33:42.670000+00:00,30.039,95.182,75.7,4.6,mw,14.0,124.7,,1.35,us,usp000fng9,2014-11-07T01:33:36.202Z,"184 km NNE of Shi Yomi, India",earthquake,,22.6,,1.0,reviewed,us,us,2007-09-17,37411,India,-1
2007-09-18 19:49:04.900000+00:00,25.241,91.13,40.0,4.68,mw,21.0,106.3,,0.82,us,usp000fnmg,2014-11-07T01:33:37.076Z,"33 km SSW of Nongstoin, India",earthquake,,9.8,,5.0,reviewed,us,us,2007-09-18,37383,India,2
2007-09-19 12:43:58.330000+00:00,10.019,93.629,115.5,5.11,mw,36.0,85.1,,0.77,us,usp000fnpp,2014-11-07T01:33:37.369Z,"206 km SSE of Port Blair, India",earthquake,,18.9,,14.0,reviewed,us,us,2007-09-19,37322,India,1
2007-09-19 17:18:11.980000+00:00,10.715,91.986,45.3,5.11,mw,22.0,93.9,,0.63,us,usp000fnq8,2014-11-07T01:33:37.431Z,"134 km SW of Port Blair, India",earthquake,,21.9,,4.0,reviewed,us,us,2007-09-19,37316,India,1
2007-09-19 17:20:13.570000+00:00,10.532,91.584,38.5,5.03,mw,16.0,120.7,,0.62,us,usp000fnq9,2014-11-07T01:33:37.434Z,"178 km SW of Port Blair, India",earthquake,,12.0,,1.0,reviewed,us,us,2007-09-19,37333,India,1
2007-09-22 22:57:08.640000+00:00,25.019,95.489,53.3,4.6,mw,17.0,130.3,,0.83,us,usp000fnx8,2014-11-07T01:33:38.346Z,"122 km SE of Phek, India",earthquake,,10.9,,2.0,reviewed,us,us,2007-09-22,37422,India,2
2007-10-04 05:14:18.150000+00:00,32.685,76.336,10.0,4.94,mw,20.0,116.9,,1.44,us,usp000fpup,2014-11-07T01:33:50.345Z,"24 km NE of Chamba, India",earthquake,,,,3.0,reviewed,us,us,2007-10-04,37347,India,3
2007-10-06 01:39:05.380000+00:00,34.517,74.396,51.2,4.6,mw,16.0,144.6,,1.05,us,usp000fpz7,2014-11-07T01:33:51.409Z,"25 km WNW of Bandipura, India",earthquake,,15.0,,1.0,reviewed,us,us,2007-10-06,37571,India,3
2007-10-08 01:12:34.710000+00:00,23.104,69.983,10.0,4.85,mw,33.0,98.6,,0.89,us,usp000fq37,2020-09-18T21:49:55.064Z,"4 km WSW of Anj?r, India",earthquake,,,,14.0,reviewed,us,us,2007-10-08,37505,India,-1
2007-10-08 18:10:43.980000+00:00,13.681,93.14,64.3,4.77,mw,23.0,79.8,,1.28,us,usp000fq4x,2014-11-07T01:33:52.223Z,"223 km NNE of Bamboo Flat, India",earthquake,,16.5,,5.0,reviewed,us,us,2007-10-08,37506,India,1
2007-10-09 02:35:40.310000+00:00,9.645,93.049,30.0,4.85,mw,61.0,94.6,,0.79,us,usp000fq5w,2014-11-07T01:33:52.364Z,"226 km S of Port Blair, India",earthquake,,,,25.0,reviewed,us,us,2007-10-09,37490,India,1
2007-10-10 12:25:36.670000+00:00,9.702,91.8,36.6,5.2,mwc,89.0,54.1,,1.35,us,usp000fq8r,2025-12-22T15:29:41.735Z,"240 km SSW of Port Blair, India",earthquake,,18.8,,,reviewed,us,gcmt,2007-10-10,37451,India,1
2007-10-17 23:04:05.660000+00:00,12.699,92.554,35.0,4.68,mw,33.0,103.9,,0.91,us,usp000fqsz,2014-11-07T01:33:56.961Z,"111 km N of Bamboo Flat, India",earthquake,,,,13.0,reviewed,us,us,2007-10-17,37540,India,1
2007-10-18 05:54:42.400000+00:00,27.794,77.614,10.0,4.69,mw,12.0,220.7,,,us,usp000fqtm,2020-09-18T21:51:05.400Z,"13 km NE of Chh?ta, India",earthquake,,,,,reviewed,dmn,dmn,2007-10-18,37537,India,-1
2007-10-24 23:14:22.580000+00:00,35.649,77.428,81.9,4.6,mw,18.0,158.6,,0.57,us,usp000fr70,2014-11-07T01:33:59.084Z,"98 km NE of Thang, India",earthquake,,12.1,,3.0,reviewed,us,us,2007-10-24,37582,India,-1
2007-10-26 06:50:06.660000+00:00,35.304,76.753,10.0,5.2,mwc,228.0,78.3,,1.16,us,usp000fr9g,2022-05-02T20:48:17.482Z,"41 km N of Thang, India",earthquake,,,,,reviewed,us,gcmt,2007-10-26,37443,India,-1
2007-10-26 13:12:44.180000+00:00,8.769,93.086,35.0,4.85,mw,18.0,218.6,,1.35,us,usp000fra3,2014-11-07T01:33:59.588Z,"Nicobar Islands, India region",earthquake,,,,9.0,reviewed,us,us,2007-10-26,37494,India,1
2007-11-06 00:27:31.720000+00:00,21.229,70.898,10.0,5.2,mw,35.0,89.5,,1.29,us,usp000fs18,2020-09-18T21:52:33.065Z,"17 km SW of Dh?ri, India",earthquake,,,,17.0,reviewed,us,us,2007-11-06,37444,India,-1
2007-11-10 19:36:24.430000+00:00,29.387,95.481,24.3,5.28,mw,148.0,73.1,,0.94,us,usp000fsb1,2014-11-07T01:34:09.294Z,"143 km NE of Shi Yomi, India",earthquake,,9.5,,55.0,reviewed,us,us,2007-11-10,37442,India,-1
2007-11-17 03:59:40.460000+00:00,26.329,93.25,35.0,4.6,mw,15.0,137.5,,1.3,us,usp000fsrn,2014-11-07T01:34:11.340Z,"49 km SW of Bok?kh?t, India",earthquake,,,,2.0,reviewed,us,us,2007-11-17,37584,India,2
2007-11-21 16:54:12.760000+00:00,10.911,91.267,35.0,4.6,mw,8.0,219.8,,1.34,us,usp000ft1j,2014-11-07T01:34:13.290Z,"180 km WSW of Bamboo Flat, India",earthquake,,,,1.0,reviewed,us,us,2007-11-21,37591,India,1
2007-11-24 10:57:46.980000+00:00,16.878,73.735,10.0,5.11,mw,14.0,143.9,,1.13,us,usp000ft71,2020-09-18T21:55:50.719Z,"19 km E of L?nja, India",earthquake,,,,8.0,reviewed,us,us,2007-11-24,37452,India,-1
2007-11-25 23:12:17.020000+00:00,28.555,77.057,10.0,5.03,mw,71.0,52.9,,1.02,us,usp000ftab,2022-07-14T00:47:28.381Z,"9 km SE of Najafgarh, India",earthquake,,,,18.0,reviewed,us,us,2007-11-25,37460,India,-1
2007-11-29 22:36:51.500000+00:00,10.831,93.418,114.7,4.43,mw,20.0,92.5,,0.82,us,usp000ftje,2014-11-07T01:34:16.149Z,"117 km SE of Port Blair, India",earthquake,,21.5,,1.0,reviewed,us,us,2007-11-29,37604,India,1
2007-11-30 08:44:23.800000+00:00,26.031,95.307,93.2,4.77,mw,32.0,123.2,,0.98,us,usp000ftk1,2014-11-07T01:34:16.217Z,"54 km ESE of Tuensang, India",earthquake,,9.4,,5.0,reviewed,us,us,2007-11-30,37511,India,2
2007-12-02 15:49:29.100000+00:00,12.829,92.084,35.0,4.6,mw,23.0,177.5,,1.13,us,usp000ftqq,2014-11-07T01:34:20.188Z,"142 km NNW of Bamboo Flat, India",earthquake,,,,7.0,reviewed,us,us,2007-12-02,37594,India,1
2007-12-10 04:07:18.280000+00:00,8.086,93.568,100.9,4.51,mw,36.0,80.7,,0.69,us,usp000fu62,2014-11-07T01:34:23.388Z,"Nicobar Islands, India region",earthquake,,10.0,,3.0,reviewed,us,us,2007-12-10,37599,India,1
2007-12-11 13:45:11.910000+00:00,24.307,94.314,76.3,4.68,mw,25.0,115.7,,0.71,us,usp000fu8w,2014-11-07T01:34:23.746Z,"39 km ESE of Kakching, India",earthquake,,6.8,,2.0,reviewed,us,us,2007-12-11,37538,India,2
2007-12-11 15:56:38.640000+00:00,34.99,77.478,15.5,5.1,mwc,230.0,25.9,,0.91,us,usp000fu90,2025-12-22T15:31:32.926Z,"62 km E of Thang, India",earthquake,,,,,reviewed,us,gcmt,2007-12-11,37458,India,-1
2007-12-16 23:31:52.060000+00:00,11.189,93.499,132.1,4.94,mw,43.0,75.8,,0.96,us,usp000fukk,2014-11-07T01:34:26.047Z,"97 km ESE of Port Blair, India",earthquake,,14.5,,14.0,reviewed,us,us,2007-12-16,37486,India,1
2007-12-29 00:47:12.740000+00:00,7.055,91.989,35.0,4.94,mw,18.0,143.8,,1.03,us,usp000fvhv,2014-11-07T01:34:30.848Z,"Nicobar Islands, India region",earthquake,,,,4.0,reviewed,us,us,2007-12-29,37475,India,1
2008-01-11 20:12:58.270000+00:00,11.936,93.336,102.3,4.77,mw,36.0,81.3,,0.72,us,usp000fwge,2014-11-07T01:34:40.490Z,"70 km ENE of Port Blair, India",earthquake,,10.8,,14.0,reviewed,us,us,2008-01-11,37506,India,1
2008-01-12 16:40:37.460000+00:00,26.486,96.355,35.0,4.68,mw,17.0,132.7,,0.9,us,usp000fwjw,2014-11-07T01:34:41.137Z,"55 km NW of Sarupathar, India",earthquake,,,,4.0,reviewed,us,us,2008-01-12,37555,India,2
2008-01-12 20:15:24.640000+00:00,13.584,92.687,35.0,4.43,mw,16.0,150.7,,0.88,us,usp000fwkc,2014-11-07T01:34:41.166Z,"208 km N of Bamboo Flat, India",earthquake,,,,3.0,reviewed,us,us,2008-01-12,37616,India,1
2008-01-14 13:38:35.990000+00:00,10.413,92.869,34.0,5.9,mwc,373.0,37.9,,0.8,us,usp000fwqa,2022-05-02T20:57:53.999Z,"139 km S of Port Blair, India",earthquake,,,,,reviewed,us,us,2008-01-14,37440,India,1
2008-01-17 19:21:55.880000+00:00,29.052,95.963,53.8,4.94,mw,42.0,115.0,,0.83,us,usp000fwx0,2014-11-07T01:34:43.212Z,"122 km NNW of Hayuliang, India",earthquake,,8.9,,11.0,reviewed,us,us,2008-01-17,37489,India,-1
2008-01-25 15:10:28.860000+00:00,28.018,94.453,35.0,4.43,mw,25.0,127.2,,1.35,us,usp000fxes,2014-11-07T01:34:45.926Z,"23 km W of B?s?r, India",earthquake,,,,5.0,reviewed,us,us,2008-01-25,37603,India,-1
2008-01-29 12:23:53.810000+00:00,27.528,92.728,45.1,4.51,mw,18.0,120.3,,1.38,us,usp000fxpt,2014-11-07T01:34:46.684Z,"41 km NE of Bomdila, India",earthquake,,28.3,,5.0,reviewed,us,us,2008-01-29,37598,India,2
2008-01-31 13:22:18.760000+00:00,22.787,92.403,45.1,5.2,mw,70.0,61.5,,0.72,us,usp000fxv7,2014-11-07T01:34:47.371Z,"36 km WSW of Lunglei, India",earthquake,,6.3,,27.0,reviewed,us,us,2008-01-31,37442,India,2
2008-02-04 10:15:05.160000+00:00,8.192,91.467,10.0,4.68,mw,12.0,205.5,,0.91,us,usp000fy4z,2014-11-07T01:34:53.667Z,"Nicobar Islands, India region",earthquake,,,,2.0,reviewed,us,us,2008-02-04,37551,India,1
2008-02-06 06:09:40.420000+00:00,23.433,87.111,10.0,4.68,mw,34.0,80.5,,1.06,us,usp000fy9n,2021-10-20T17:34:07.315Z,"16 km NW of Beli?tor, India",earthquake,,,,13.0,reviewed,us,us,2008-02-06,37561,India,-1
2008-02-14 01:35:13.530000+00:00,25.73,94.871,63.4,4.85,mw,59.0,116.6,,0.86,us,usp000fyv8,2014-11-07T01:34:56.793Z,"37 km E of Phek, India",earthquake,,6.5,,23.0,reviewed,us,us,2008-02-14,37495,India,2
2008-02-25 07:25:06.430000+00:00,33.706,74.941,28.3,4.68,mw,40.0,94.7,,1.06,us,usp000fzx0,2014-11-07T01:35:03.328Z,"9 km NW of Kulgam, India",earthquake,,13.5,,3.0,reviewed,us,us,2008-02-25,37543,India,3
2008-02-27 15:39:15.650000+00:00,10.499,91.658,35.0,4.51,mw,18.0,203.9,,0.66,us,usp000g04v,2014-11-07T01:35:04.519Z,"175 km SW of Port Blair, India",earthquake,,,,5.0,reviewed,us,us,2008-02-27,37600,India,1
2008-03-05 13:17:26.290000+00:00,10.115,91.457,35.0,4.68,mw,22.0,85.0,,0.77,us,usp000g0s1,2014-11-07T01:35:11.443Z,"222 km SW of Port Blair, India",earthquake,,,,12.0,reviewed,us,us,2008-03-05,37538,India,1
2008-03-08 16:51:26.750000+00:00,24.8,94.838,35.0,4.68,mw,55.0,115.9,,0.67,us,usp000g0zq,2014-11-07T01:35:12.970Z,"81 km E of Yairipok, India",earthquake,,,,16.0,reviewed,us,us,2008-03-08,37563,India,2
2008-03-09 11:10:41.030000+00:00,23.33,70.592,10.0,4.85,mw,40.0,95.8,,1.23,us,usp000g11k,2020-09-18T22:08:53.650Z,"25 km E of Bhach?u, India",earthquake,,,,13.0,reviewed,us,us,2008-03-09,37497,India,-1
2008-03-09 13:56:47.320000+00:00,8.847,93.759,41.2,4.94,mw,45.0,86.6,,0.81,us,usp000g11x,2014-11-07T01:35:13.279Z,"Nicobar Islands, India region",earthquake,,7.3,,13.0,reviewed,us,us,2008-03-09,37482,India,1
2008-03-11 06:13:34.480000+00:00,34.127,73.9,47.4,4.51,mw,29.0,104.1,,1.03,us,usp000g17a,2014-11-07T01:35:13.831Z,"14 km WNW of Uri, India",earthquake,,9.7,,5.0,reviewed,us,us,2008-03-11,37595,India,3
2008-03-12 03:18:48.830000+00:00,27.133,96.977,17.2,5.03,mw,104.0,68.9,,0.88,us,usp000g19n,2014-11-07T01:35:14.107Z,"104 km N of Sarupathar, India",earthquake,,13.3,,38.0,reviewed,us,us,2008-03-12,37460,India,2
2008-03-13 15:42:33.180000+00:00,26.784,91.937,38.0,4.77,mw,57.0,95.2,,0.92,us,usp000g1dk,2014-11-07T01:35:15.068Z,"16 km WNW of Udalguri, India",earthquake,,6.4,,21.0,reviewed,us,us,2008-03-13,37524,India,2
2008-03-14 00:11:09.860000+00:00,13.284,93.047,35.0,4.43,mw,7.0,217.1,,0.78,us,usp000g1eb,2014-11-07T01:35:15.179Z,"178 km NNE of Bamboo Flat, India",earthquake,,0.0,,2.0,reviewed,us,us,2008-03-14,37612,India,1
2008-03-17 17:50:33.110000+00:00,12.075,92.503,3.9,4.68,mw,33.0,116.8,,0.71,us,usp000g1pn,2014-11-07T01:35:16.313Z,"47 km NNW of Bamboo Flat, India",earthquake,,16.6,,9.0,reviewed,us,us,2008-03-17,37557,India,1
2008-03-18 15:31:55.160000+00:00,26.472,92.841,56.2,4.51,mw,18.0,141.1,,0.82,us,usp000g1ra,2014-11-07T01:35:16.523Z,"18 km SSE of Tezpur, India",earthquake,,16.8,,1.0,reviewed,us,us,2008-03-18,37597,India,2
2008-03-26 04:38:47.520000+00:00,24.041,93.295,35.0,4.51,mw,13.0,161.1,,0.83,us,usp000g2cn,2014-11-07T01:35:19.368Z,"37 km E of Darlawn, India",earthquake,,,,1.0,reviewed,us,us,2008-03-26,37595,India,2
2008-03-30 13:10:27.150000+00:00,13.067,93.928,35.0,5.03,mw,59.0,70.4,,0.84,us,usp000g2qk,2014-11-07T01:35:21.300Z,"200 km NE of Bamboo Flat, India",earthquake,,,,27.0,reviewed,us,us,2008-03-30,37471,India,1
2008-04-03 19:05:28.120000+00:00,26.312,92.982,45.6,4.68,mw,27.0,139.9,,0.95,us,usp000g31z,2014-11-07T01:35:29.787Z,"36 km NNE of Hoj?i, India",earthquake,,,,7.0,reviewed,us,us,2008-04-03,37734,India,2
2008-04-03 22:12:54.710000+00:00,26.106,96.915,30.2,4.94,mw,117.0,102.2,,0.61,us,usp000g32d,2014-11-07T01:35:29.863Z,"15 km SE of Sarupathar, India",earthquake,,8.1,,55.0,reviewed,us,us,2008-04-03,37687,India,2
2008-04-08 19:10:26.210000+00:00,22.768,92.428,39.5,4.6,mw,26.0,76.2,,1.0,us,usp000g3cy,2014-11-07T01:35:33.966Z,"35 km WSW of Lunglei, India",earthquake,,12.0,,6.0,reviewed,us,us,2008-04-08,37766,India,2
2008-04-10 03:16:47.470000+00:00,14.505,92.891,10.0,4.68,mw,8.0,148.8,,0.98,us,usp000g3hc,2014-11-07T01:35:34.680Z,"Andaman Islands, India region",earthquake,,,,1.0,reviewed,us,us,2008-04-10,37749,India,1
2008-04-17 01:12:24.330000+00:00,26.07,92.244,43.8,4.94,mw,89.0,95.1,,0.77,us,usp000g449,2014-11-07T01:35:38.887Z,"22 km SSW of Morigaon, India",earthquake,,,,41.0,reviewed,us,us,2008-04-17,37679,India,2
2008-04-17 08:31:27.220000+00:00,8.338,91.86,35.0,5.37,mw,98.0,90.8,,0.67,us,usp000g456,2014-11-07T01:35:39.307Z,"Nicobar Islands, India region",earthquake,,,,43.0,reviewed,us,us,2008-04-17,37620,India,1
2008-04-28 03:34:41.290000+00:00,12.221,92.551,35.0,4.85,mw,13.0,150.8,,0.76,us,usp000g50a,2014-11-07T01:35:44.578Z,"60 km NNW of Bamboo Flat, India",earthquake,,,,1.0,reviewed,us,us,2008-04-28,37710,India,1
2008-05-04 05:54:44.110000+00:00,11.398,92.52,35.0,4.77,mw,12.0,200.4,,0.74,us,usp000g5f9,2014-11-07T01:35:50.903Z,"38 km SW of Port Blair, India",earthquake,,,,1.0,reviewed,us,us,2008-05-04,37728,India,1
2008-05-10 05:58:56.470000+00:00,27.622,92.758,67.5,4.68,mw,42.0,97.3,,0.78,us,usp000g5zm,2014-11-07T01:35:54.758Z,"51 km NE of Bomdila, India",earthquake,,7.8,,16.0,reviewed,us,us,2008-05-10,37743,India,2
2008-05-10 06:35:55.860000+00:00,33.06,76.116,44.7,4.77,mw,56.0,107.3,,0.93,us,usp000g5zr,2014-11-07T01:35:54.769Z,"38 km ENE of Bhadarw?h, India",earthquake,,9.2,,25.0,reviewed,us,us,2008-05-10,37727,India,3
2008-05-15 23:38:17.110000+00:00,10.077,92.829,63.4,4.77,mw,45.0,58.8,,1.07,us,usp000g6x4,2014-11-07T01:36:00.996Z,"176 km S of Port Blair, India",earthquake,,16.1,,19.0,reviewed,us,us,2008-05-15,37712,India,1
2008-05-21 07:35:25.380000+00:00,12.271,93.205,32.3,4.77,mw,30.0,176.3,,0.6,us,usp000g7cu,2014-11-07T01:36:04.068Z,"82 km NE of Bamboo Flat, India",earthquake,,23.4,,4.0,reviewed,us,us,2008-05-21,37715,India,1
2008-05-29 10:34:46.710000+00:00,26.308,91.791,45.5,4.85,mw,33.0,124.7,,0.93,us,usp000g81k,2014-11-07T01:36:07.566Z,"14 km NNE of North Guw?h?ti, India",earthquake,,,,7.0,reviewed,us,us,2008-05-29,37697,India,2
2008-05-30 02:46:29.770000+00:00,13.257,95.292,35.0,4.43,mw,8.0,194.3,,0.84,us,usp000g838,2014-11-07T01:36:07.767Z,"Andaman Islands, India region",earthquake,,,,3.0,reviewed,us,us,2008-05-30,37786,India,1
2008-06-01 07:38:59.560000+00:00,10.234,91.573,21.1,5.11,mw,114.0,47.5,,0.83,us,usp000g89k,2014-11-07T01:36:11.754Z,"203 km SW of Port Blair, India",earthquake,,,,57.0,reviewed,us,us,2008-06-01,37645,India,1
2008-06-09 08:27:11.200000+00:00,28.218,93.346,31.8,4.68,mw,33.0,110.9,,1.11,us,usp000g8zs,2014-11-07T01:36:16.948Z,"84 km NW of Ziro, India",earthquake,,,,8.0,reviewed,us,us,2008-06-09,37744,India,-1
2008-06-12 13:22:11.490000+00:00,11.078,92.864,10.0,4.6,mw,14.0,197.9,,0.71,us,usp000g9bn,2014-11-07T01:36:20.198Z,"66 km S of Port Blair, India",earthquake,,,,3.0,reviewed,us,us,2008-06-12,37762,India,1
2008-06-13 11:16:04.110000+00:00,28.379,95.245,10.0,4.51,mw,29.0,109.0,,0.98,us,usp000g9f8,2014-11-07T01:36:20.625Z,"35 km NNW of P?sigh?t, India",earthquake,,,,1.0,reviewed,us,us,2008-06-13,37774,India,-1
2008-06-19 00:35:33.370000+00:00,6.791,92.701,35.3,5.1,mwc,146.0,59.7,,0.9,us,usp000ga1c,2025-12-22T15:00:32.246Z,"Nicobar Islands, India region",earthquake,,7.9,,,reviewed,us,gcmt,2008-06-19,37657,India,1
2008-06-25 05:40:44.170000+00:00,9.418,93.122,85.1,5.11,mw,25.0,190.8,,1.13,us,usp000gagy,2014-11-07T01:36:25.890Z,"252 km S of Port Blair, India",earthquake,,16.0,,7.0,reviewed,us,us,2008-06-25,37634,India,1
2008-06-27 11:40:13.990000+00:00,11.005,91.824,17.0,6.6,mwc,630.0,18.4,,0.85,us,usp000gapt,2022-07-13T04:45:24.191Z,"124 km SW of Bamboo Flat, India",earthquake,,,,,reviewed,us,us,2008-06-27,37620,India,1
2008-06-27 15:01:58+00:00,9.853,90.178,10.0,4.43,mw,9.0,200.6,,1.18,us,usp000gaqx,2014-11-07T01:36:27.059Z,"Nicobar Islands, India region",earthquake,,,,2.0,reviewed,us,us,2008-06-27,37790,India,-1
2008-07-02 00:34:03.110000+00:00,12.259,94.344,35.0,4.51,mw,10.0,171.7,,0.8,us,usp000gb46,2014-11-07T01:36:32.300Z,"185 km ENE of Port Blair, India",earthquake,,,,2.0,reviewed,us,us,2008-07-02,37777,India,1
2008-07-04 21:35:27.800000+00:00,29.325,96.321,35.0,5.03,mw,99.0,69.6,,0.83,us,usp000gbbc,2014-11-07T01:36:34.277Z,"140 km N of Hayuliang, India",earthquake,,,,56.0,reviewed,us,us,2008-07-04,37668,India,-1
2008-07-07 02:50:36.670000+00:00,25.972,95.33,72.0,4.9,mwc,112.0,65.0,,0.78,us,usp000gbh9,2016-11-10T01:58:24.424Z,"60 km ESE of Tuensang, India",earthquake,,,,,reviewed,us,gcmt,2008-07-07,37690,India,2
2008-07-18 13:10:02.090000+00:00,25.049,95.066,103.8,4.77,mw,15.0,173.5,,1.18,us,usp000gcgq,2014-11-07T01:36:39.926Z,"89 km SE of Phek, India",earthquake,,13.4,,7.0,reviewed,us,us,2008-07-18,37726,India,2
2008-07-19 13:39:55.500000+00:00,13.017,93.262,28.3,4.43,mw,22.0,104.2,,0.9,us,usp000gcm5,2014-11-07T01:36:40.491Z,"157 km NNE of Bamboo Flat, India",earthquake,,33.8,,3.0,reviewed,us,us,2008-07-19,37786,India,1
2008-07-20 23:06:37.570000+00:00,28.836,95.845,39.1,4.51,mw,18.0,119.0,,0.54,us,usp000gcrk,2014-11-07T01:36:41.032Z,"99 km NNE of P?sigh?t, India",earthquake,,10.4,,5.0,reviewed,us,us,2008-07-20,37776,India,-1
2008-07-22 21:26:03.650000+00:00,29.93,95.204,10.0,5.03,mw,62.0,79.8,,0.87,us,usp000gcxg,2014-11-07T01:36:41.605Z,"174 km NNE of Shi Yomi, India",earthquake,,,,20.0,reviewed,us,us,2008-07-22,37662,India,-1
2008-07-24 12:19:02.260000+00:00,12.784,92.026,35.0,4.85,mw,12.0,198.7,,0.61,us,usp000gd1z,2014-11-07T01:36:42.588Z,"141 km NNW of Bamboo Flat, India",earthquake,,,,2.0,reviewed,us,us,2008-07-24,37703,India,1
2008-07-26 05:35:33.750000+00:00,11.611,91.659,11.6,5.1,mwc,295.0,53.3,,0.82,us,usp000gd5x,2025-12-22T15:00:47.691Z,"115 km W of Bamboo Flat, India",earthquake,,8.8,,,reviewed,us,gcmt,2008-07-26,37657,India,1
2008-07-26 16:49:53.120000+00:00,10.326,93.138,84.4,5.11,mw,123.0,44.3,,0.78,us,usp000gd6q,2014-11-07T01:36:43.215Z,"154 km SSE of Port Blair, India",earthquake,,,,72.0,reviewed,us,us,2008-07-26,37651,India,1
2008-08-04 23:28:17.940000+00:00,13.694,93.145,72.7,4.68,mw,32.0,53.9,,0.6,us,usp000gdv1,2014-11-07T01:36:50.221Z,"225 km NNE of Bamboo Flat, India",earthquake,,7.6,,5.0,reviewed,us,us,2008-08-04,37734,India,1
2008-08-05 10:08:11.950000+00:00,13.865,93.581,35.0,5.2,mwc,276.0,36.8,,0.79,us,usp000gdw8,2022-05-02T21:01:52.786Z,"257 km NNE of Bamboo Flat, India",earthquake,,,,,reviewed,us,gcmt,2008-08-05,37627,India,1
2008-08-10 14:57:38.210000+00:00,10.566,91.072,10.0,4.85,mw,9.0,216.8,,1.05,us,usp000gebz,2014-11-07T01:36:52.476Z,"219 km SW of Bamboo Flat, India",earthquake,,,,1.0,reviewed,us,us,2008-08-10,37705,India,1
2008-08-12 09:18:59.140000+00:00,26.795,97.093,35.0,4.85,mw,16.0,142.8,,1.11,us,usp000geg9,2014-11-07T01:36:53.353Z,"71 km NNE of Sarupathar, India",earthquake,,,,2.0,reviewed,us,us,2008-08-12,37705,India,2
2008-08-23 23:11:15.420000+00:00,8.961,92.209,25.7,4.68,mw,19.0,79.0,,0.84,us,usp000gfc7,2014-11-07T01:36:58.258Z,"Nicobar Islands, India region",earthquake,,19.2,,4.0,reviewed,us,us,2008-08-23,37730,India,1
2008-08-27 05:35:18.100000+00:00,27.149,92.012,50.7,4.6,mw,28.0,154.0,,1.08,us,usp000gfp1,2014-11-07T01:36:59.932Z,"42 km WSW of Bomdila, India",earthquake,,11.7,,2.0,reviewed,us,us,2008-08-27,37751,India,2
2008-09-04 12:53:11.290000+00:00,30.279,80.349,10.0,5.0,mwc,176.0,48.2,,0.9,us,usp000ggda,2025-12-22T15:34:06.490Z,"50 km NNW of Dh?rchula, India",earthquake,,,,,reviewed,us,gcmt,2008-09-04,37677,India,3
2008-09-05 18:54:21.290000+00:00,10.301,93.737,33.4,4.51,mw,23.0,175.4,,0.82,us,usp000ggg0,2014-11-07T01:37:08.046Z,"185 km SE of Port Blair, India",earthquake,,36.2,,6.0,reviewed,us,us,2008-09-05,37775,India,1
2008-09-06 11:37:54.660000+00:00,8.565,93.453,35.0,4.68,mw,14.0,180.7,,0.72,us,usp000gghh,2014-11-07T01:37:08.374Z,"Nicobar Islands, India region",earthquake,,,,2.0,reviewed,us,us,2008-09-06,37732,India,1
2008-09-07 09:00:28.530000+00:00,12.943,92.389,40.3,5.0,mwc,195.0,37.8,,0.77,us,usp000ggka,2016-11-10T02:01:21.217Z,"142 km NNW of Bamboo Flat, India",earthquake,,5.1,,,reviewed,us,gcmt,2008-09-07,37676,India,1
2008-09-16 01:20:00.550000+00:00,13.494,92.724,10.0,5.2,mw,29.0,108.6,,0.76,us,usp000gh4f,2014-11-07T01:37:12.373Z,"198 km N of Bamboo Flat, India",earthquake,,,,9.0,reviewed,us,us,2008-09-16,37634,India,1
2008-09-16 21:47:14.540000+00:00,17.438,73.915,10.0,5.28,mw,116.0,41.5,,1.21,us,usp000gh63,2024-06-11T01:46:58.823Z,"7 km NNE of P?tan, India",earthquake,,,,65.0,reviewed,us,us,2008-09-16,37625,India,-1
2008-09-20 17:35:49.300000+00:00,8.443,93.891,51.1,4.85,mw,28.0,66.4,,1.11,us,usp000ghe8,2014-11-07T01:37:13.840Z,"Nicobar Islands, India region",earthquake,,10.2,,6.0,reviewed,us,us,2008-09-20,37691,India,1
2008-10-03 21:20:23.760000+00:00,10.764,91.659,19.0,5.6,mwb,243.0,18.5,,1.02,us,usp000gj8t,2025-12-22T15:34:19.209Z,"155 km SW of Port Blair, India",earthquake,,12.8,,,reviewed,us,us,2008-10-03,37803,India,1
2008-10-10 00:45:23.940000+00:00,9.727,92.608,35.0,4.77,mw,16.0,106.9,,0.62,us,usp000gjtv,2014-11-07T01:37:26.637Z,"215 km S of Port Blair, India",earthquake,,,,2.0,reviewed,us,us,2008-10-10,37897,India,1
2008-10-10 03:24:06.130000+00:00,8.409,92.327,35.0,4.51,mw,13.0,204.5,,0.5,us,usp000gju5,2014-11-07T01:37:26.705Z,"Nicobar Islands, India region",earthquake,,,,5.0,reviewed,us,us,2008-10-10,37968,India,1
2008-10-14 19:51:35.340000+00:00,4.027,68.838,10.0,5.0,mwc,152.0,47.3,,1.05,us,usp000gk8u,2025-12-22T15:08:45.360Z,North Indian Ocean,earthquake,,,,,reviewed,us,gcmt,2008-10-14,37870,North Indian Ocean,-1
2008-10-17 19:12:32.060000+00:00,12.309,94.849,10.0,4.6,mw,16.0,153.6,,0.9,us,usp000gkfj,2014-11-07T01:37:30.013Z,"239 km ENE of Port Blair, India",earthquake,,,,6.0,reviewed,us,us,2008-10-17,37948,India,1
2008-10-18 14:14:47.240000+00:00,13.767,93.615,79.6,5.11,mw,21.0,104.5,,1.36,us,usp000gkha,2014-11-07T01:37:30.225Z,"248 km NNE of Bamboo Flat, India",earthquake,,13.3,,9.0,reviewed,us,us,2008-10-18,37831,India,1
2008-10-21 15:09:10.500000+00:00,31.655,77.465,17.1,4.85,mw,67.0,65.0,,1.04,us,usp000gkrq,2014-11-07T01:37:31.062Z,"11 km E of Banj?r, India",earthquake,,14.7,,16.0,reviewed,us,us,2008-10-21,37896,India,3
2008-10-29 05:16:20.090000+00:00,10.941,92.195,10.0,4.68,mw,10.0,216.1,,0.47,us,usp000gm9h,2014-11-07T01:37:33.803Z,"100 km SW of Port Blair, India",earthquake,,,,1.0,reviewed,us,us,2008-10-29,37923,India,1
2008-10-31 20:00:53.870000+00:00,12.772,92.234,30.0,4.51,mw,29.0,150.6,,1.36,us,usp000gmhw,2014-11-07T01:37:34.817Z,"129 km NNW of Bamboo Flat, India",earthquake,,0.0,,4.0,reviewed,us,us,2008-10-31,37968,India,1
2008-11-02 18:07:27.940000+00:00,11.271,95.032,10.0,4.68,mw,31.0,145.7,,0.44,us,usp000gmq9,2014-11-07T01:37:39.572Z,"253 km E of Port Blair, India",earthquake,,,,8.0,reviewed,us,us,2008-11-02,37926,India,1
2008-11-08 16:51:37.950000+00:00,23.636,87.36,10.0,4.6,mw,17.0,183.1,,1.38,us,usp000gn8d,2014-11-07T01:37:42.250Z,"14 km NNE of Durgapur, India",earthquake,,0.0,,2.0,reviewed,us,us,2008-11-08,37943,India,-1
2008-11-11 17:15:00.560000+00:00,13.127,92.555,38.3,4.94,mw,40.0,106.5,,0.89,us,usp000gnfs,2014-11-07T01:37:43.471Z,"158 km N of Bamboo Flat, India",earthquake,,9.2,,10.0,reviewed,us,us,2008-11-11,37884,India,1
2008-12-02 05:11:42.030000+00:00,27.373,88.051,24.7,5.45,mw,103.0,93.6,,0.82,us,usp000gpsw,2014-11-07T01:37:52.109Z,"22 km WNW of Gyalshing, India",earthquake,,5.4,,35.0,reviewed,us,us,2008-12-02,37810,India,-1
2008-12-06 00:43:08.790000+00:00,8.723,93.984,38.2,5.3,mwc,146.0,47.0,,0.93,us,usp000gq0f,2022-05-02T21:06:34.505Z,"Nicobar Islands, India region",earthquake,,7.6,,,reviewed,us,gcmt,2008-12-06,37814,India,1
2008-12-08 17:08:40.610000+00:00,6.633,68.636,10.0,4.77,mw,17.0,150.8,,0.63,us,usp000gq6w,2014-11-07T01:37:55.850Z,North Indian Ocean,earthquake,,,,2.0,reviewed,us,us,2008-12-08,37920,North Indian Ocean,-1
2008-12-09 21:00:52.430000+00:00,7.665,92.217,43.1,5.1,mwc,132.0,40.2,,0.92,us,usp000gqa1,2025-12-22T15:21:52.372Z,"Nicobar Islands, India region",earthquake,,8.0,,,reviewed,us,gcmt,2008-12-09,37839,India,1
2008-12-23 08:34:59.160000+00:00,7.919,91.907,35.0,4.6,mw,16.0,182.7,,0.81,us,usp000gr89,2014-11-07T01:38:01.385Z,"Nicobar Islands, India region",earthquake,,,,5.0,reviewed,us,us,2008-12-23,37950,India,1
2008-12-23 16:02:22.370000+00:00,24.612,94.729,87.2,4.77,mw,16.0,112.8,,0.74,us,usp000gr9a,2014-11-07T01:38:01.565Z,"67 km E of W?ngjing, India",earthquake,,8.6,,1.0,reviewed,us,us,2008-12-23,37901,India,2
2008-12-25 00:26:36.210000+00:00,27.235,88.631,49.2,5.11,mw,93.0,90.1,,0.83,us,usp000grdq,2014-11-07T01:38:02.409Z,"10 km S of Gangtok, India",earthquake,,4.5,,32.0,reviewed,us,us,2008-12-25,37821,India,-1
2009-01-02 01:56:46.200000+00:00,6.805,92.217,35.0,4.51,mw,14.0,190.4,,0.55,us,usp000grzs,2014-11-07T01:38:07.692Z,"Nicobar Islands, India region",earthquake,,,,4.0,reviewed,us,us,2009-01-02,37967,India,1
2009-01-04 05:20:06.550000+00:00,21.585,75.332,10.0,4.51,mw,34.0,132.3,,1.0,us,usp000gs4n,2014-11-07T01:38:09.862Z,"26 km ESE of Sendhwa, India",earthquake,,,,5.0,reviewed,us,us,2009-01-04,37962,India,-1
2009-01-04 13:22:15.580000+00:00,10.251,93.937,35.0,5.2,mw,28.0,102.8,,0.73,us,usp000gs5u,2014-11-07T01:38:10.007Z,"203 km SE of Port Blair, India",earthquake,,,,4.0,reviewed,us,us,2009-01-04,37817,India,1
2009-01-05 07:04:10.330000+00:00,23.011,88.706,35.0,4.6,mw,35.0,147.4,,1.25,us,usp000gs72,2014-11-07T01:38:10.268Z,"10 km NE of Nagarukhra, India",earthquake,,,,5.0,reviewed,us,us,2009-01-05,37954,India,-1
2009-01-07 10:27:06.710000+00:00,27.692,92.756,19.7,5.03,mw,34.0,105.3,,0.6,us,usp000gsat,2014-11-07T01:38:10.772Z,"57 km NE of Bomdila, India",earthquake,,,,5.0,reviewed,us,us,2009-01-07,37869,India,2
2009-01-09 12:40:20.960000+00:00,31.807,78.343,28.2,4.6,mw,39.0,144.5,,1.07,us,usp000gsdg,2014-11-07T01:38:11.184Z,"61 km ENE of Sar?han, India",earthquake,,14.2,,4.0,reviewed,us,us,2009-01-09,37947,India,3
2009-01-28 20:29:56.860000+00:00,13.727,92.819,35.0,5.1,mwc,177.0,42.9,,0.86,us,usp000gt79,2022-05-02T21:09:05.569Z,"224 km N of Bamboo Flat, India",earthquake,,,,,reviewed,us,gcmt,2009-01-28,37863,India,1
2009-01-31 04:27:35.840000+00:00,11.803,94.962,26.4,5.1,mwc,147.0,58.1,,0.79,us,usp000gt9w,2025-12-22T15:35:36.643Z,"241 km E of Port Blair, India",earthquake,,,,,reviewed,us,gcmt,2009-01-31,37842,India,1
2009-02-03 04:30:34.190000+00:00,8.475,93.339,86.9,4.77,mw,27.0,158.4,,0.95,us,usp000gtdp,2014-11-07T01:38:19.715Z,"Nicobar Islands, India region",earthquake,,16.6,,9.0,reviewed,us,us,2009-02-03,37899,India,1
2009-02-20 03:48:48.520000+00:00,34.203,73.9,12.0,5.5,mwc,220.0,36.0,,0.96,us,usp000gu73,2022-07-15T04:39:06.554Z,"19 km NW of Uri, India",earthquake,,,,,reviewed,us,gcmt,2009-02-20,37810,India,3
2009-02-24 17:46:16.120000+00:00,25.836,94.67,33.0,5.11,mw,74.0,66.4,,1.01,us,usp000guc8,2014-11-07T01:38:26.791Z,"21 km SE of Zunheboto, India",earthquake,,,,40.0,reviewed,us,us,2009-02-24,37829,India,2
2009-02-25 23:51:35.040000+00:00,23.291,92.82,35.0,4.85,mw,31.0,94.4,,0.71,us,usp000guda,2014-11-07T01:38:27.147Z,"2 km W of Serchh?p, India",earthquake,,,,7.0,reviewed,us,us,2009-02-25,37886,India,2
2009-02-27 10:42:38.010000+00:00,20.473,89.107,10.0,5.11,mw,92.0,63.5,,0.79,us,usp000guef,2014-11-07T01:38:27.582Z,"174 km SSE of Kultali, India",earthquake,,,,27.0,reviewed,us,us,2009-02-27,37818,India,-1
2009-03-03 01:27:41.800000+00:00,24.823,95.179,115.5,5.03,mw,96.0,65.8,,0.95,us,usp000gujq,2014-11-07T01:38:31.607Z,"115 km E of Yairipok, India",earthquake,,,,45.0,reviewed,us,us,2009-03-03,37867,India,2
2009-03-11 14:31:52.520000+00:00,11.178,92.526,35.0,4.85,mw,10.0,175.6,,1.42,us,usp000guv2,2014-11-07T01:38:33.883Z,"59 km SSW of Port Blair, India",earthquake,,,,3.0,reviewed,us,us,2009-03-11,37894,India,1
2009-03-16 18:40:55.570000+00:00,36.12,77.091,20.0,4.94,mw,46.0,107.4,,1.23,us,usp000gv1u,2014-11-07T01:38:35.616Z,"135 km NNE of Thang, India",earthquake,,20.5,,13.0,reviewed,us,us,2009-03-16,37884,India,-1
2009-03-17 01:03:10.280000+00:00,9.822,91.839,38.6,5.11,mw,47.0,106.5,,0.77,us,usp000gv28,2014-11-07T01:38:35.693Z,"226 km SSW of Port Blair, India",earthquake,,,,20.0,reviewed,us,us,2009-03-17,37833,India,1
2009-03-17 05:46:14.230000+00:00,6.427,92.355,35.0,4.85,mw,23.0,104.3,,0.88,us,usp000gv2m,2014-11-07T01:38:35.740Z,"Nicobar Islands, India region",earthquake,,,,6.0,reviewed,us,us,2009-03-17,37896,India,1
2009-03-26 04:44:11.650000+00:00,22.399,85.903,10.0,4.51,mw,17.0,131.8,,1.11,us,usp000gveb,2021-10-20T17:52:20.146Z,"19 km SSE of Ch??b?sa, India",earthquake,,,,3.0,reviewed,us,us,2009-03-26,37977,India,-1
2009-04-09 01:46:58.260000+00:00,27.143,70.749,44.3,5.1,mwc,202.0,76.7,,0.87,us,usp000gvy3,2025-12-22T15:36:07.475Z,"29 km NNW of Jaisalmer, India",earthquake,,,,,reviewed,us,gcmt,2009-04-09,38090,India,-1
2009-04-19 18:07:10.190000+00:00,12.499,95.134,10.0,5.03,mw,20.0,103.8,,0.68,us,usp000gwck,2014-11-07T01:38:48.510Z,"275 km ENE of Port Blair, India",earthquake,,,,12.0,reviewed,us,us,2009-04-19,38099,India,1
2009-04-25 14:29:28.110000+00:00,26.112,91.446,37.8,4.77,mw,27.0,100.1,,0.73,us,usp000gwjv,2014-11-07T01:38:49.822Z,"9 km W of Pal?sb?ri, India",earthquake,,9.0,,2.0,reviewed,us,us,2009-04-25,38138,India,2
2009-05-09 02:51:17.340000+00:00,11.737,92.013,29.1,5.11,mw,123.0,48.5,,0.88,us,usp000gwye,2014-11-07T01:38:55.999Z,"76 km W of Bamboo Flat, India",earthquake,,,,46.0,reviewed,us,us,2009-05-09,38065,India,1
2009-05-19 19:29:48.900000+00:00,33.198,75.787,20.8,5.2,mw,172.0,44.0,,0.83,us,usp000gxap,2022-05-02T20:37:50.659Z,"12 km S of Kishtw?r, India",earthquake,,10.7,,57.0,reviewed,us,us,2009-05-19,38058,India,3
2009-05-30 01:55:10.420000+00:00,10.018,93.541,27.4,4.85,mw,67.0,72.1,,0.95,us,usp000gxp7,2014-11-07T01:39:02.145Z,"Andaman Islands, India region",earthquake,,,,18.0,reviewed,us,us,2009-05-30,38134,India,1
2009-06-03 18:42:59.810000+00:00,23.356,93.21,45.3,4.68,mw,39.0,143.0,,1.28,us,usp000gxu6,2014-11-07T01:39:06.145Z,"8 km ESE of Khawhai, India",earthquake,,8.0,,10.0,reviewed,us,us,2009-06-03,38144,India,2
2009-06-09 05:38:23.020000+00:00,10.823,91.722,35.0,5.45,mw,158.0,57.2,,0.75,us,usp000gy0m,2014-11-07T01:39:08.152Z,"145 km SW of Bamboo Flat, India",earthquake,,,,72.0,reviewed,us,us,2009-06-09,38007,India,1
2009-06-11 03:17:19.350000+00:00,13.072,93.295,51.6,4.77,mw,30.0,76.7,,0.71,us,usp000gy2r,2014-11-07T01:39:08.559Z,"164 km NNE of Bamboo Flat, India",earthquake,,13.0,,5.0,reviewed,us,us,2009-06-11,38137,India,1
2009-06-15 12:05:26.750000+00:00,9.045,93.624,42.6,5.2,mwc,250.0,34.4,,0.79,us,usp000gy80,2025-12-22T15:33:22.682Z,"Nicobar Islands, India region",earthquake,,4.8,,,reviewed,us,gcmt,2009-06-15,38054,India,1
2009-06-22 13:26:20.520000+00:00,25.668,93.276,32.8,4.68,mw,32.0,92.3,,1.15,us,usp000gyfn,2014-11-07T01:39:10.945Z,"13 km SE of Lumding Railway Colony, India",earthquake,,,,8.0,reviewed,us,us,2009-06-22,38140,India,2
2009-06-22 23:10:04.920000+00:00,12.14,94.996,26.9,5.2,mwc,129.0,41.7,,0.6,us,usp000gygu,2025-12-22T15:16:46.674Z,"250 km ENE of Port Blair, India",earthquake,,7.8,,,reviewed,us,gcmt,2009-06-22,38046,India,1
2009-06-30 09:12:57.030000+00:00,10.59,92.284,35.0,5.11,mw,46.0,65.4,,0.79,us,usp000gysn,2014-11-07T01:39:12.656Z,"129 km SSW of Port Blair, India",earthquake,,,,13.0,reviewed,us,us,2009-06-30,38073,India,1
2009-07-17 11:07:52.400000+00:00,32.716,76.709,35.0,4.94,mw,39.0,143.6,,1.22,us,usp000gzck,2014-11-07T01:39:20.166Z,"33 km WNW of Kyelang, India",earthquake,,,,9.0,reviewed,us,us,2009-07-17,38116,India,3
2009-07-26 08:11:15.880000+00:00,10.769,94.374,10.0,5.2,mwc,59.0,50.9,,0.93,us,usp000gzn9,2025-12-22T15:38:05.702Z,"203 km ESE of Port Blair, India",earthquake,,,,,reviewed,us,gcmt,2009-07-26,38052,India,1
2009-07-26 09:06:45.190000+00:00,11.279,94.65,10.0,5.0,mwc,41.0,136.1,,1.45,us,usp000gzne,2025-12-22T15:39:29.809Z,"212 km ESE of Port Blair, India",earthquake,,,,,reviewed,us,gcmt,2009-07-26,38101,India,1
2009-07-28 13:09:00.030000+00:00,12.281,92.51,26.4,4.94,mw,39.0,73.1,,1.43,us,usp000gzrs,2014-11-07T01:39:22.927Z,"Andaman Islands, India region",earthquake,,22.8,,6.0,reviewed,us,us,2009-07-28,38123,India,1
2009-08-10 19:55:38.730000+00:00,14.099,92.902,24.0,7.5,mwc,303.0,18.2,,1.03,us,usp000h05x,2022-07-15T15:33:51.153Z,"266 km N of Bamboo Flat, India",earthquake,,,,,reviewed,us,us,2009-08-10,37991,India,1
2009-08-12 05:25:15.610000+00:00,13.7,93.84,35.0,4.51,mw,16.0,148.8,,0.99,us,usp000h086,2014-11-07T01:39:29.928Z,"252 km NNE of Bamboo Flat, India",earthquake,,,,2.0,reviewed,us,us,2009-08-12,38147,India,1
2009-08-19 10:45:13.870000+00:00,26.556,92.47,10.0,5.28,mw,85.0,32.4,,1.02,us,usp000h0n0,2022-07-15T16:11:17.314Z,"9 km N of Dhing, India",earthquake,,,,27.0,reviewed,us,us,2009-08-19,38042,India,2
2009-08-30 19:27:48.840000+00:00,25.28,95.101,82.2,5.3,mwc,194.0,22.5,,0.96,us,usp000h12d,2025-12-22T15:39:15.383Z,"74 km SE of Phek, India",earthquake,,,,,reviewed,us,gcmt,2009-08-30,38021,India,2
2009-09-02 17:21:55.570000+00:00,11.027,93.603,123.7,5.11,mw,48.0,74.9,,0.67,us,usp000h15m,2014-11-07T01:39:38.805Z,"117 km SE of Port Blair, India",earthquake,,7.9,,16.0,reviewed,us,us,2009-09-02,38065,India,1
2009-09-03 19:51:06.960000+00:00,24.332,94.669,95.0,5.9,mwc,358.0,14.3,,0.83,us,usp000h16n,2022-05-02T22:23:53.979Z,"67 km ESE of W?ngjing, India",earthquake,,,,,reviewed,us,gcmt,2009-09-03,38001,India,2
2009-09-05 06:40:03.570000+00:00,23.123,70.249,10.0,4.43,mw,20.0,151.7,,1.21,us,usp000h18d,2014-11-07T01:39:40.553Z,"10 km NNE of K?ndla, India",earthquake,,,,5.0,reviewed,us,us,2009-09-05,38156,India,-1
2009-09-09 00:07:16.720000+00:00,10.261,93.82,169.9,5.03,mw,108.0,61.0,,0.58,us,usp000h1by,2014-11-07T01:39:41.408Z,"194 km SE of Port Blair, India",earthquake,,5.4,,42.0,reviewed,us,us,2009-09-09,38099,India,1
2009-09-12 04:43:29.490000+00:00,8.572,93.901,28.7,4.94,mw,61.0,48.0,,0.8,us,usp000h1f7,2014-11-07T01:39:42.001Z,"Nicobar Islands, India region",earthquake,,,,13.0,reviewed,us,us,2009-09-12,38114,India,1
2009-09-21 09:43:50.990000+00:00,30.879,79.057,52.3,5.28,mw,78.0,85.3,,0.79,us,usp000h1r8,2022-07-15T17:58:23.193Z,"Uttaranchal, India",earthquake,,7.4,,24.0,reviewed,us,us,2009-09-21,38031,India,3
2009-10-03 05:20:58.720000+00:00,29.996,79.849,36.1,5.11,mw,81.0,97.5,,0.59,us,usp000h29z,2014-11-07T01:39:51.859Z,"19 km NNE of B?geshwar, India",earthquake,,5.6,,28.0,reviewed,us,us,2009-10-03,38202,India,3
2009-10-05 09:46:59.360000+00:00,10.696,91.566,10.0,4.85,mw,12.0,176.7,,0.61,us,usp000h2df,2014-11-07T01:39:52.590Z,"167 km SW of Bamboo Flat, India",earthquake,,,,2.0,reviewed,us,us,2009-10-05,38268,India,1
2009-10-20 09:28:45.820000+00:00,12.047,94.943,11.6,5.2,mw,75.0,53.7,,0.79,us,usp000h36s,2014-11-07T01:39:57.401Z,"243 km E of Port Blair, India",earthquake,,13.9,,19.0,reviewed,us,us,2009-10-20,38194,India,1
2009-10-28 13:40:10.480000+00:00,23.65,69.843,10.0,4.77,mw,22.0,151.4,,0.82,us,usp000h3gw,2014-11-07T01:39:58.975Z,"47 km NNE of Bhuj, India",earthquake,,,,7.0,reviewed,us,us,2009-10-28,38330,India,-1
2009-10-29 19:57:01.280000+00:00,26.548,90.018,30.4,5.11,mw,76.0,96.6,,0.6,us,usp000h3j9,2014-11-07T01:39:59.698Z,"13 km NNE of Goshaingaon, India",earthquake,,11.2,,29.0,reviewed,us,us,2009-10-29,38207,India,2
2009-11-02 21:35:44.360000+00:00,14.032,92.968,15.7,5.4,mwc,263.0,32.2,,0.96,us,usp000h3pb,2022-05-02T21:24:57.173Z,"259 km N of Bamboo Flat, India",earthquake,,11.4,,,reviewed,us,gcmt,2009-11-02,38185,India,1
2009-11-06 02:26:12.360000+00:00,13.116,92.486,37.4,4.77,mw,45.0,91.3,,0.88,us,usp000h3sw,2014-11-07T01:40:04.784Z,"158 km N of Bamboo Flat, India",earthquake,,,,16.0,reviewed,us,us,2009-11-06,38329,India,1
2009-11-10 02:48:46.790000+00:00,8.082,91.899,23.0,6.0,mwc,355.0,18.6,,0.84,us,usp000h3xe,2022-05-02T21:26:00.199Z,"Nicobar Islands, India region",earthquake,,7.3,,,reviewed,us,us,2009-11-10,38168,India,1
2009-11-11 05:09:59.670000+00:00,10.282,93.803,35.0,4.85,mw,24.0,92.9,,0.8,us,usp000h3yh,2014-11-07T01:40:05.923Z,"191 km SE of Port Blair, India",earthquake,,,,5.0,reviewed,us,us,2009-11-11,38307,India,1
2009-11-17 17:39:40.380000+00:00,27.647,92.823,44.4,5.03,mw,91.0,97.0,,0.76,us,usp000h44w,2014-11-07T01:40:07.246Z,"Arunachal Pradesh, India",earthquake,,4.4,,22.0,reviewed,us,us,2009-11-17,38227,India,2
2009-12-01 11:40:45.670000+00:00,13.622,92.793,33.6,5.3,mwc,191.0,42.9,,0.78,us,usp000h4mx,2022-05-02T21:27:46.426Z,"212 km N of Bamboo Flat, India",earthquake,,8.0,,,reviewed,us,gcmt,2009-12-01,38193,India,1
2009-12-06 04:33:16.880000+00:00,35.778,77.352,72.2,5.2,mwc,202.0,33.1,,0.81,us,usp000h4sz,2025-12-22T15:42:12.402Z,"107 km NNE of Thang, India",earthquake,,4.9,,,reviewed,us,gcmt,2009-12-06,38198,India,-1
2009-12-12 11:51:25.780000+00:00,17.134,73.773,10.0,4.8,mwc,117.0,73.1,,0.93,us,usp000h4zh,2022-07-15T22:25:46.678Z,"29 km NW of Malk?pur, India",earthquake,,,,,reviewed,us,gcmt,2009-12-12,38311,India,-1
2009-12-23 15:23:06.410000+00:00,7.3,92.502,73.2,4.85,mw,17.0,205.0,,1.3,us,usp000h59s,2014-11-07T01:40:18.148Z,"Nicobar Islands, India region",earthquake,,23.5,,9.0,reviewed,us,us,2009-12-23,38255,India,1
2009-12-29 09:01:55.310000+00:00,24.357,94.807,124.8,5.6,mwb,206.0,17.3,,0.77,us,usp000h5f4,2022-07-15T23:24:57.370Z,"79 km ESE of W?ngjing, India",earthquake,,,,,reviewed,us,us,2009-12-29,38170,India,2
2010-01-11 03:38:43.300000+00:00,14.243,93.505,66.4,4.43,mw,18.0,181.4,,0.85,us,usp000h5y6,2014-11-07T01:40:26.412Z,"294 km NNE of Bamboo Flat, India",earthquake,,22.2,,2.0,reviewed,us,us,2010-01-11,38339,India,1
2010-02-02 05:54:56.350000+00:00,10.768,92.07,38.3,5.03,mw,39.0,101.7,,1.02,us,usp000h6ve,2014-11-07T01:40:38.494Z,"123 km SW of Port Blair, India",earthquake,,8.8,,13.0,reviewed,us,us,2010-02-02,38232,India,1
2010-02-19 02:15:29.850000+00:00,12.957,93.656,105.5,5.11,mw,116.0,56.8,,0.86,us,usp000h7er,2014-11-07T01:40:43.468Z,"172 km NE of Bamboo Flat, India",earthquake,,5.8,,58.0,reviewed,us,us,2010-02-19,38206,India,1
2010-02-23 06:55:45.560000+00:00,25.818,93.282,53.9,5.03,mw,78.0,65.7,,0.83,us,usp000h7kn,2014-11-07T01:40:44.404Z,"Assam-Nagaland-Manipur region, India",earthquake,,4.5,,21.0,reviewed,us,us,2010-02-23,38213,India,2
2010-03-13 16:45:07+00:00,34.292,75.71,56.6,5.03,mw,52.0,63.1,,1.13,us,usp000h9aw,2014-11-07T01:40:59.776Z,"47 km NE of Pahlg?m, India",earthquake,,9.1,,16.0,reviewed,us,us,2010-03-13,38249,India,-1
2010-03-14 02:43:26.370000+00:00,8.756,92.296,37.7,5.03,mw,74.0,85.8,,0.85,us,usp000h9bv,2014-11-07T01:40:59.948Z,"Nicobar Islands, India region",earthquake,,6.3,,33.0,reviewed,us,us,2010-03-14,38238,India,1
2010-03-14 06:53:21.790000+00:00,31.677,76.105,30.0,4.85,mw,46.0,156.3,,0.63,us,usp000h9c9,2020-07-08T02:24:52.491Z,"4 km ENE of Gagret, India",earthquake,,,,5.0,reviewed,us,us,2010-03-14,38290,India,-1
2010-03-21 07:49:41.830000+00:00,24.827,95.377,125.4,4.77,mw,16.0,97.7,,0.93,us,usp000h9sm,2014-11-07T01:41:04.028Z,"128 km SE of Phek, India",earthquake,,11.4,,10.0,reviewed,us,us,2010-03-21,38330,India,2
2010-03-23 09:59:56.620000+00:00,33.78,75.151,39.8,4.6,mw,20.0,144.9,,0.79,us,usp000h9w9,2014-11-07T01:41:04.842Z,"4 km ESE of Bijbehara, India",earthquake,,11.4,,1.0,reviewed,us,us,2010-03-23,38337,India,3
2010-03-30 16:54:46.730000+00:00,13.667,92.831,34.0,6.6,mwc,413.0,16.7,,0.86,us,usp000ha59,2022-07-16T09:18:20.862Z,"217 km N of Bamboo Flat, India",earthquake,,7.0,,,reviewed,us,us,2010-03-30,38351,India,1
2010-04-04 02:40:58.600000+00:00,10.855,92.134,34.8,4.43,mw,29.0,123.0,,0.75,us,usp000haar,2014-11-07T01:41:10.802Z,"111 km SW of Port Blair, India",earthquake,,17.4,,9.0,reviewed,us,us,2010-04-04,38488,India,1
2010-04-23 00:02:33.690000+00:00,35.99,76.923,102.1,4.94,mw,17.0,267.7,,0.63,us,usp000hbsz,2014-11-07T01:41:18.606Z,"118 km N of Thang, India",earthquake,,13.0,,5.0,reviewed,us,us,2010-04-23,38440,India,-1
2010-05-01 22:36:29.370000+00:00,30.099,80.026,35.5,4.85,mw,61.0,62.3,,0.88,us,usp000hc68,2020-09-21T16:47:42.322Z,"37 km NE of B?geshwar, India",earthquake,,7.5,,23.0,reviewed,us,us,2010-05-01,38448,India,3
2010-05-02 21:23:25.880000+00:00,7.22,92.332,36.6,4.94,mw,33.0,128.2,,0.92,us,usp000hc83,2014-11-07T01:41:25.772Z,"Nicobar Islands, India region",earthquake,,7.9,,7.0,reviewed,us,us,2010-05-02,38433,India,1
2010-05-03 17:15:08+00:00,30.27,78.314,13.5,4.43,mw,39.0,93.4,,1.14,us,usp000hc9a,2014-11-07T01:41:26.281Z,"12 km NNE of Narendranagar, India",earthquake,,20.7,,4.0,reviewed,us,us,2010-05-03,38502,India,3
2010-05-07 17:58:36.760000+00:00,9.396,93.073,70.2,5.11,mw,86.0,54.6,,1.03,us,usp000hcf1,2014-11-07T01:41:27.696Z,"253 km S of Port Blair, India",earthquake,,6.3,,24.0,reviewed,us,us,2010-05-07,38408,India,1
2010-05-16 08:55:46.290000+00:00,14.423,93.18,38.7,5.3,mwb,213.0,31.0,,0.82,us,usp000hctw,2022-05-02T21:55:49.622Z,"Andaman Islands, India region",earthquake,,,,,reviewed,us,us,2010-05-16,38395,India,1
2010-05-18 09:32:23.950000+00:00,12.559,95.107,36.1,4.43,mw,21.0,181.4,,0.7,us,usp000hcwg,2014-11-07T01:41:30.167Z,"275 km ENE of Port Blair, India",earthquake,,21.8,,3.0,reviewed,us,us,2010-05-18,38511,India,1
2010-05-25 00:52:01.360000+00:00,11.219,92.178,35.0,4.94,mw,42.0,141.7,,0.93,us,usp000hd52,2014-11-07T01:41:32.719Z,"79 km SW of Bamboo Flat, India",earthquake,,,,14.0,reviewed,us,us,2010-05-25,38430,India,1
2010-05-28 07:25:02.580000+00:00,31.135,77.839,18.8,5.28,mw,106.0,48.5,,0.74,us,usp000hd9n,2014-11-07T01:41:33.663Z,"10 km SE of Rohru, India",earthquake,,11.3,,44.0,reviewed,us,us,2010-05-28,38402,India,3
2010-05-31 19:51:45.870000+00:00,11.132,93.471,112.0,6.5,mwc,422.0,19.2,,1.09,us,usp000hde8,2022-07-16T14:38:14.176Z,"98 km SE of Port Blair, India",earthquake,,,,,reviewed,us,gcmt,2010-05-31,38370,India,1
2010-06-02 08:05:22.880000+00:00,31.406,80.251,35.0,4.43,mw,24.0,144.0,,0.74,us,usp000hdg6,2014-11-07T01:41:37.408Z,"114 km NE of Josh?math, India",earthquake,,,,2.0,reviewed,us,us,2010-06-02,38511,India,-1
2010-06-04 11:58:10.100000+00:00,33.243,76.297,35.0,4.85,mw,27.0,94.9,,1.17,us,usp000hdk2,2014-11-07T01:41:38.577Z,"49 km E of Kishtw?r, India",earthquake,,,,6.0,reviewed,us,us,2010-06-04,38444,India,3
2010-06-12 19:26:50.460000+00:00,7.881,91.936,35.0,7.5,mwc,514.0,18.6,,1.1,us,usp000hdwb,2022-07-16T15:24:55.383Z,"Nicobar Islands, India region",earthquake,,,,,reviewed,us,gcmt,2010-06-12,38346,India,1
2010-06-12 20:22:00.280000+00:00,24.55,94.81,113.9,4.77,mw,48.0,114.2,,0.8,us,usp000hdwe,2014-11-07T01:41:40.480Z,"75 km E of W?ngjing, India",earthquake,,9.6,,16.0,reviewed,us,us,2010-06-12,38460,India,2
2010-06-22 23:14:10.840000+00:00,29.872,80.428,16.3,5.45,mw,174.0,48.2,,0.95,us,usp000hed7,2022-05-02T22:00:00.088Z,"9 km WNW of Dh?rchula, India",earthquake,,10.2,,87.0,reviewed,us,us,2010-06-22,38378,India,3
2010-06-23 01:57:33.240000+00:00,25.673,95.12,87.6,4.43,mw,23.0,143.6,,0.58,us,usp000hedf,2014-11-07T01:41:43.667Z,"62 km E of Phek, India",earthquake,,42.5,,5.0,reviewed,us,us,2010-06-23,38516,India,2
2010-06-25 13:21:30.820000+00:00,6.8,91.607,35.0,4.68,mw,14.0,145.5,,1.22,us,usp000heh3,2014-11-07T01:41:44.185Z,"Nicobar Islands, India region",earthquake,,,,6.0,reviewed,us,us,2010-06-25,38474,India,1
2010-07-02 18:23:09.050000+00:00,10.227,92.249,24.8,5.4,mwc,204.0,36.1,,1.05,us,usp000heu1,2022-05-02T22:01:13.245Z,"168 km SSW of Port Blair, India",earthquake,,2.8,,,reviewed,us,gcmt,2010-07-02,38379,India,1
2010-07-04 11:16:46.190000+00:00,10.49,93.742,35.4,4.77,mw,18.0,115.8,,0.62,us,usp000hew7,2014-11-07T01:41:50.509Z,"169 km SE of Port Blair, India",earthquake,,12.6,,2.0,reviewed,us,us,2010-07-04,38458,India,1
2010-07-06 09:31:44.090000+00:00,27.682,92.674,69.7,4.68,mw,12.0,175.1,,0.72,us,usp000heym,2014-11-07T01:41:51.007Z,"52 km NNE of Bomdila, India",earthquake,,16.0,,2.0,reviewed,us,us,2010-07-06,38478,India,2
2010-07-10 03:16:18.770000+00:00,30.075,79.608,13.1,4.94,mw,40.0,52.2,,0.86,us,usp000hf3c,2014-11-07T01:41:51.852Z,"30 km NNW of B?geshwar, India",earthquake,,22.9,,11.0,reviewed,us,us,2010-07-10,38431,India,3
2010-07-16 17:28:35.140000+00:00,9.975,93.965,35.0,4.43,mw,11.0,211.6,,0.97,us,usp000hfc3,2014-11-07T01:41:53.617Z,"229 km SE of Port Blair, India",earthquake,,,,4.0,reviewed,us,us,2010-07-16,38499,India,1
2010-07-20 15:00:55.890000+00:00,8.314,92.576,39.1,4.6,mw,29.0,132.7,,1.11,us,usp000hg64,2014-11-07T01:41:57.275Z,"Nicobar Islands, India region",earthquake,,,,5.0,reviewed,us,us,2010-07-20,38483,India,1
2010-07-22 06:20:28.340000+00:00,10.95,91.774,35.0,4.94,mw,19.0,113.8,,1.06,us,usp000hgex,2014-11-07T01:41:58.791Z,"132 km SW of Bamboo Flat, India",earthquake,,,,2.0,reviewed,us,us,2010-07-22,38420,India,1
2010-07-25 09:35:02.540000+00:00,6.601,76.775,10.0,4.43,mw,20.0,105.9,,1.01,us,usp000hgsb,2014-11-07T01:42:01.230Z,"180 km SSW of Manav?lakurichi, India",earthquake,,,,4.0,reviewed,us,us,2010-07-25,38495,India,-1
2010-08-05 18:17:46.990000+00:00,26.329,96.998,25.8,4.94,mw,42.0,79.3,,1.09,us,usp000hhm3,2014-11-07T01:42:11.412Z,"23 km NE of Sarupathar, India",earthquake,,19.9,,10.0,reviewed,us,us,2010-08-05,38420,India,2
2010-08-09 02:54:50.810000+00:00,30.309,94.829,44.8,5.28,mw,82.0,70.4,,0.84,us,usp000hhsx,2022-05-02T22:07:29.380Z,"202 km NNE of Shi Yomi, India",earthquake,,7.0,,40.0,reviewed,us,us,2010-08-09,38405,India,-1
2010-08-14 03:08:17.630000+00:00,34.124,78.735,67.9,4.51,mw,19.0,144.3,,0.8,us,usp000hj3a,2014-11-07T01:42:14.208Z,"106 km E of Leh, India",earthquake,,12.6,,1.0,reviewed,us,us,2010-08-14,38486,India,-1
2010-08-17 01:39:28.500000+00:00,11.602,94.973,13.8,5.4,mwc,98.0,42.0,,0.87,us,usp000hjar,2025-12-22T15:49:34.674Z,"242 km E of Port Blair, India",earthquake,,13.3,,,reviewed,us,gcmt,2010-08-17,38380,India,1
2010-08-19 22:19:18.580000+00:00,11.141,95.071,20.0,5.37,mw,75.0,69.9,,0.87,us,usp000hjft,2014-11-07T01:42:16.084Z,"260 km ESE of Port Blair, India",earthquake,,14.8,,25.0,reviewed,us,us,2010-08-19,38384,India,1
2010-08-26 04:04:41.540000+00:00,10.137,93.636,77.6,4.68,mw,18.0,160.3,,0.74,us,usp000hjsg,2014-11-07T01:42:17.977Z,"195 km SSE of Port Blair, India",earthquake,,13.8,,4.0,reviewed,us,us,2010-08-26,38463,India,1
2010-08-30 09:39:26.180000+00:00,25.148,95.176,111.6,5.03,mw,50.0,104.3,,0.8,us,usp000hjy8,2022-07-18T19:16:18.406Z,"89 km SE of Phek, India",earthquake,,7.0,,12.0,reviewed,us,us,2010-08-30,38410,India,2
2010-09-02 00:16:39.460000+00:00,12.788,92.563,24.7,5.37,mw,112.0,44.7,,1.15,us,usp000hk1h,2022-07-18T19:24:03.146Z,"121 km N of Bamboo Flat, India",earthquake,,3.0,,34.0,reviewed,us,us,2010-09-02,38393,India,1
2010-09-02 03:09:06.700000+00:00,23.625,71.898,10.0,4.43,mw,15.0,141.2,,1.4,us,usp000hk1r,2014-11-07T01:42:21.838Z,"7 km S of H?rij, India",earthquake,,,,4.0,reviewed,us,us,2010-09-02,38502,India,-1
2010-09-11 03:10:40.870000+00:00,33.718,75.368,25.8,5.03,mw,108.0,54.4,,1.0,us,usp000hkjd,2014-11-07T01:42:26.133Z,"19 km E of Anantnag, India",earthquake,,11.5,,41.0,reviewed,us,us,2010-09-11,38412,India,3
2010-09-11 07:02:09.110000+00:00,25.72,90.205,22.3,4.85,mw,55.0,49.5,,1.18,us,usp000hkjm,2020-07-08T02:27:37.575Z,"22 km N of Tura, India",earthquake,,,,20.0,reviewed,us,us,2010-09-11,38454,India,2
2010-09-16 00:13:31.210000+00:00,5.19,88.714,10.0,4.85,mw,30.0,157.8,,0.95,us,usp000hkt1,2014-11-07T01:42:28.177Z,North Indian Ocean,earthquake,,,,7.0,reviewed,us,us,2010-09-16,38442,North Indian Ocean,-1
2010-09-27 04:36:53.110000+00:00,12.34,92.573,23.9,4.94,mw,70.0,68.8,,0.86,us,usp000hm89,2014-11-07T01:42:31.172Z,"72 km NNW of Bamboo Flat, India",earthquake,,5.3,,18.0,reviewed,us,us,2010-09-27,38603,India,1
2010-10-03 02:58:10.800000+00:00,14.014,93.019,38.7,5.11,mw,77.0,93.7,,0.72,us,usp000hmh3,2014-11-07T01:42:37.457Z,"258 km N of Bamboo Flat, India",earthquake,,6.1,,26.0,reviewed,us,us,2010-10-03,38570,India,1
2010-10-17 05:32:31.040000+00:00,10.74,91.115,10.0,5.2,mw,21.0,103.3,,0.37,us,usp000hn6q,2014-11-07T01:42:42.990Z,"204 km WSW of Bamboo Flat, India",earthquake,,,,4.0,reviewed,us,us,2010-10-17,38558,India,1
2010-10-17 10:15:11.730000+00:00,12.964,92.355,35.0,5.28,mw,84.0,55.4,,1.11,us,usp000hn73,2014-11-07T01:42:43.058Z,"145 km NNW of Bamboo Flat, India",earthquake,,,,34.0,reviewed,us,us,2010-10-17,38547,India,1
2010-10-28 07:41:01.710000+00:00,28.397,92.896,79.4,4.94,mw,37.0,109.7,,0.67,us,usp000hnpr,2014-11-07T01:42:46.565Z,"128 km NW of Ziro, India",earthquake,,,,9.0,reviewed,us,us,2010-10-28,38620,India,2
2010-11-07 03:40:26.820000+00:00,34.388,74.081,70.9,4.77,mw,34.0,90.8,,1.03,us,usp000hp7v,2014-11-07T01:42:52.963Z,"31 km NW of B?ram?la, India",earthquake,,14.5,,8.0,reviewed,us,us,2010-11-07,38642,India,3
2010-11-09 15:01:41.600000+00:00,10.808,92.044,42.3,4.77,mw,13.0,123.2,,0.9,us,usp000hpaz,2014-11-07T01:42:53.466Z,"122 km SW of Port Blair, India",earthquake,,,,2.0,reviewed,us,us,2010-11-09,38654,India,1
2010-11-09 22:46:20.170000+00:00,25.23,73.649,13.5,4.94,mw,45.0,114.0,,1.13,us,usp000hpbm,2020-09-21T17:05:40.772Z,"20 km ENE of S?dri, India",earthquake,,22.6,,13.0,reviewed,us,us,2010-11-09,38614,India,-1
2010-11-15 00:29:23.370000+00:00,13.85,93.555,40.0,5.2,mw,73.0,54.7,,0.89,us,usp000hpnn,2014-11-07T01:42:55.390Z,"254 km NNE of Bamboo Flat, India",earthquake,,4.7,,28.0,reviewed,us,us,2010-11-15,38568,India,1
2010-11-15 19:38:12.900000+00:00,7.897,91.644,9.7,4.6,mw,18.0,117.1,,0.64,us,usp000hpq9,2014-11-07T01:42:55.639Z,"Nicobar Islands, India region",earthquake,,19.8,,2.0,reviewed,us,us,2010-11-15,38663,India,1
2010-11-17 04:37:15.670000+00:00,28.469,94.174,35.6,4.94,mw,46.0,103.6,,1.0,us,usp000hpsm,2014-11-07T01:42:56.039Z,"20 km WSW of Shi Yomi, India",earthquake,,9.6,,10.0,reviewed,us,us,2010-11-17,38620,India,-1
2010-12-12 01:40:06.960000+00:00,24.792,93.304,47.4,5.11,mw,95.0,50.5,,0.83,us,usp000hqu1,2014-11-07T01:43:06.397Z,"29 km E of Lakhipur, India",earthquake,,,,45.0,reviewed,us,us,2010-12-12,38576,India,2
2010-12-23 23:24:14.440000+00:00,10.641,93.333,20.0,4.43,mw,16.0,169.1,,0.8,us,usp000hrrq,2014-11-07T01:43:13.436Z,"130 km SSE of Port Blair, India",earthquake,,0.0,,6.0,reviewed,us,us,2010-12-23,38687,India,1
2010-12-29 09:10:41.300000+00:00,6.857,92.703,10.0,4.68,mw,30.0,99.8,,0.97,us,usp000hs8c,2014-11-07T01:43:16.342Z,"Nicobar Islands, India region",earthquake,,,,3.0,reviewed,us,us,2010-12-29,38657,India,1
2010-12-29 14:03:57.700000+00:00,25.488,92.432,29.8,4.51,mw,21.0,139.8,,0.98,us,usp000hs8t,2014-11-07T01:43:16.383Z,"55 km E of Shillong, India",earthquake,,,,6.0,reviewed,us,us,2010-12-29,38663,India,-1
2011-01-01 17:36:11.140000+00:00,14.385,93.165,37.5,5.03,mw,43.0,82.9,,0.96,us,usp000hsdq,2014-11-07T01:43:19.615Z,"Andaman Islands, India region",earthquake,,8.2,,7.0,reviewed,us,us,2011-01-01,38576,India,1
2011-01-06 21:02:14.530000+00:00,10.299,92.468,36.5,4.43,mw,23.0,122.7,,0.63,us,usp000hsp2,2014-11-07T01:43:22.688Z,"154 km SSW of Port Blair, India",earthquake,,8.4,,8.0,reviewed,us,us,2011-01-06,38690,India,1
2011-01-12 23:54:32.180000+00:00,11.295,91.971,30.6,4.77,mw,27.0,117.0,,1.13,us,usp000hszv,2014-11-07T01:43:25.829Z,"92 km WSW of Bamboo Flat, India",earthquake,,4.2,,7.0,reviewed,us,us,2011-01-12,38649,India,1
2011-01-20 20:32:15.180000+00:00,7.482,91.797,37.2,4.85,mw,19.0,141.4,,0.67,us,usp000hte0,2014-11-07T01:43:28.069Z,"Nicobar Islands, India region",earthquake,,11.2,,8.0,reviewed,us,us,2011-01-20,38623,India,1
2011-01-27 06:10:40.930000+00:00,23.811,92.9,10.0,4.51,mw,23.0,118.9,,1.04,us,usp000htpt,2014-11-07T01:43:30.247Z,"20 km ENE of Aizawl, India",earthquake,,,,4.0,reviewed,us,us,2011-01-27,38667,India,2
2011-02-01 13:39:47+00:00,10.622,94.109,21.8,5.6,mwb,145.0,40.6,,1.14,us,usp000htye,2022-04-08T21:32:40.472Z,"188 km SE of Port Blair, India",earthquake,,11.9,,,reviewed,us,us,2011-02-01,38533,India,1
2011-02-04 13:53:46.260000+00:00,24.618,94.68,85.0,6.2,mww,555.0,11.8,,1.04,us,usp000hu2t,2022-07-19T03:29:27.801Z,"62 km E of W?ngjing, India",earthquake,,,,,reviewed,us,us,2011-02-04,38527,India,2
2011-02-10 03:51:44.230000+00:00,27.215,88.211,46.2,4.43,mw,31.0,145.6,,0.79,us,usp000hu9w,2014-11-07T01:43:38.647Z,"9 km SSW of Gyalshing, India",earthquake,,10.4,,7.0,reviewed,us,us,2011-02-10,38669,India,-1
2011-02-10 19:27:20.190000+00:00,9.12,92.554,28.4,4.77,mw,39.0,69.4,,0.92,us,usp000huau,2014-11-07T01:43:38.919Z,"282 km S of Port Blair, India",earthquake,,16.3,,9.0,reviewed,us,us,2011-02-10,38628,India,1
2011-02-14 23:44:33.550000+00:00,26.114,96.326,59.1,5.11,mw,99.0,59.3,,0.88,us,usp000huhr,2022-07-19T04:24:50.730Z,"49 km WSW of Sarupathar, India",earthquake,,6.9,,36.0,reviewed,us,us,2011-02-14,38570,India,2
2011-02-16 10:55:26.180000+00:00,10.578,91.741,21.0,5.03,mw,61.0,57.1,,0.7,us,usp000hukt,2014-11-07T01:43:40.700Z,"162 km SW of Port Blair, India",earthquake,,,,21.0,reviewed,us,us,2011-02-16,38578,India,1
2011-03-06 00:18:24.470000+00:00,23.946,93.989,63.3,4.77,mw,51.0,96.5,,0.72,us,usp000hvd7,2014-11-07T01:43:51.939Z,"53 km SE of Chur?ch?ndpur, India",earthquake,,6.7,,14.0,reviewed,us,us,2011-03-06,38634,India,2
2011-03-09 13:57:28.050000+00:00,8.655,92.411,23.7,5.54,mw,179.0,36.0,,0.88,us,usp000hvk1,2014-11-07T01:43:53.661Z,"Nicobar Islands, India region",earthquake,,2.3,,80.0,reviewed,us,us,2011-03-09,38547,India,1
2011-03-19 12:42:41.210000+00:00,12.95,92.42,30.4,5.11,mw,111.0,55.8,,0.97,us,usp000hxxu,2014-11-07T01:44:14.710Z,"141 km NNW of Bamboo Flat, India",earthquake,,,,34.0,reviewed,us,us,2011-03-19,38738,India,1
2011-04-18 01:06:52.620000+00:00,12.972,93.306,55.1,4.77,mw,25.0,82.8,,0.67,us,usp000j05q,2014-11-07T01:44:34.939Z,"154 km NNE of Bamboo Flat, India",earthquake,,15.9,,5.0,reviewed,us,us,2011-04-18,38776,India,1
2011-04-18 09:33:31.550000+00:00,26.119,95.279,85.1,4.51,mw,27.0,146.0,,0.55,us,usp000j06h,2014-11-07T01:44:35.019Z,"48 km ESE of Tuensang, India",earthquake,,7.2,,3.0,reviewed,us,us,2011-04-18,38857,India,2
2011-04-19 03:34:07.100000+00:00,24.487,94.561,84.9,4.85,mw,69.0,58.1,,0.69,us,usp000j07t,2014-11-07T01:44:35.235Z,"51 km ESE of W?ngjing, India",earthquake,,5.3,,28.0,reviewed,us,us,2011-04-19,38746,India,2
2011-04-19 13:39:37.350000+00:00,23.772,92.866,38.1,4.51,mw,26.0,106.3,,0.47,us,usp000j08n,2014-11-07T01:44:35.388Z,"15 km ENE of Aizawl, India",earthquake,,7.5,,4.0,reviewed,us,us,2011-04-19,38831,India,2
2011-04-26 17:00:35.530000+00:00,25.076,93.044,60.1,4.77,mw,50.0,113.8,,0.79,us,usp000j0mz,2014-11-07T01:44:38.355Z,"10 km SSE of H?flong, India",earthquake,,7.7,,15.0,reviewed,us,us,2011-04-26,38782,India,2
2011-04-29 02:39:20.980000+00:00,25.361,95.099,105.0,4.68,mw,50.0,110.9,,0.6,us,usp000j0r9,2014-11-07T01:44:38.993Z,"69 km ESE of Phek, India",earthquake,,7.9,,19.0,reviewed,us,us,2011-04-29,38796,India,2
2011-04-29 14:25:48.840000+00:00,26.027,97.045,35.0,4.43,mw,21.0,139.9,,1.18,us,usp000j0s1,2014-11-07T01:44:39.197Z,"30 km SE of Sarupathar, India",earthquake,,,,5.0,reviewed,us,us,2011-04-29,38872,India,2
2011-05-02 20:32:01.070000+00:00,14.357,93.246,35.0,4.51,mw,22.0,147.5,,0.73,us,usp000j0xc,2014-11-07T01:44:43.907Z,"299 km N of Bamboo Flat, India",earthquake,,,,1.0,reviewed,us,us,2011-05-02,38839,India,1
2011-05-04 20:57:19.260000+00:00,30.323,80.433,25.4,4.94,mw,61.0,95.8,,0.93,us,usp000j10a,2014-11-07T01:44:44.949Z,"53 km N of Dh?rchula, India",earthquake,,18.1,,19.0,reviewed,us,us,2011-05-04,38744,India,3
2011-05-15 15:32:46.360000+00:00,26.073,96.621,25.7,4.6,mw,27.0,120.2,,1.07,us,usp000j1n8,2014-11-07T01:44:51.444Z,"23 km SW of Sarupathar, India",earthquake,,23.2,,7.0,reviewed,us,us,2011-05-15,38817,India,2
2011-05-24 03:14:22.990000+00:00,25.102,92.307,47.0,4.51,mw,20.0,123.9,,0.63,us,usp000j24a,2014-11-07T01:44:54.568Z,"26 km N of Kar?mganj, India",earthquake,,10.2,,2.0,reviewed,us,us,2011-05-24,38847,India,2
2011-05-28 06:22:12.600000+00:00,10.77,91.77,35.0,4.94,mw,12.0,119.7,,0.42,us,usp000j2b7,2014-11-07T01:44:55.751Z,"145 km SW of Port Blair, India",earthquake,,,,2.0,reviewed,us,us,2011-05-28,38741,India,1
2011-06-03 00:53:27.280000+00:00,27.529,88.019,45.7,5.28,mw,118.0,33.7,,0.99,us,usp000j2m5,2022-07-19T16:41:08.905Z,"35 km NW of Gyalshing, India",earthquake,,,,48.0,reviewed,us,us,2011-06-03,38730,India,-1
2011-06-03 07:27:11.820000+00:00,9.635,92.459,45.0,5.5,mww,440.0,16.3,,0.98,us,usp000j2mw,2022-07-19T16:44:13.155Z,"226 km S of Port Blair, India",earthquake,,,,,reviewed,us,us,2011-06-03,38700,India,1
2011-06-03 12:08:31.660000+00:00,7.576,91.875,35.0,5.03,mw,51.0,96.4,,0.75,us,usp000j2n3,2014-11-07T01:45:01.355Z,"Nicobar Islands, India region",earthquake,,,,19.0,reviewed,us,us,2011-06-03,38741,India,1
2011-06-09 09:51:03.850000+00:00,14.123,92.876,39.6,5.2,mw,108.0,81.0,,0.95,us,usp000j2wn,2014-11-07T01:45:03.362Z,"268 km N of Bamboo Flat, India",earthquake,,6.1,,37.0,reviewed,us,us,2011-06-09,38731,India,1
2011-06-18 10:03:49.080000+00:00,13.57,92.894,16.8,4.85,mw,24.0,82.5,,0.46,us,usp000j3c9,2014-11-07T01:45:06.773Z,"207 km N of Bamboo Flat, India",earthquake,,17.5,,5.0,reviewed,us,us,2011-06-18,38757,India,1
2011-06-20 06:27:18.430000+00:00,30.61,79.338,14.3,5.2,mw,103.0,50.1,,0.85,us,usp000j3fb,2022-07-19T18:13:43.971Z,"22 km NNW of P?palkoti, India",earthquake,,11.8,,61.0,reviewed,us,us,2011-06-20,38731,India,3
2011-06-23 12:39:39.910000+00:00,23.887,91.484,35.0,4.77,mw,28.0,120.2,,1.02,us,usp000j3m2,2014-11-07T01:45:09.367Z,"13 km ENE of R?n?r B?z?r, India",earthquake,,,,5.0,reviewed,us,us,2011-06-23,38776,India,2
2011-07-14 22:48:10.830000+00:00,27.123,97.061,35.0,4.77,mw,16.0,85.9,,0.79,us,usp000j4xa,2014-11-07T01:45:21.988Z,"104 km NNE of Sarupathar, India",earthquake,,,,2.0,reviewed,us,us,2011-07-14,38776,India,2
2011-07-22 00:58:52.770000+00:00,24.532,92.072,43.7,4.43,mw,9.0,186.2,,0.53,us,usp000j59u,2014-11-07T01:45:24.907Z,"20 km NNW of Dharmanagar, India",earthquake,,13.3,,3.0,reviewed,us,us,2011-07-22,38862,India,2
2011-07-28 18:42:35.260000+00:00,33.32,75.998,33.3,4.85,mw,53.0,54.7,,0.78,us,usp000j5mm,2014-11-07T01:45:27.609Z,"21 km E of Kishtw?r, India",earthquake,,17.8,,11.0,reviewed,us,us,2011-07-28,38770,India,3
2011-08-05 16:23:44.810000+00:00,24.805,95.156,114.6,4.6,mw,14.0,152.0,,0.61,us,usp000j60v,2014-11-07T01:45:34.070Z,"112 km E of Yairipok, India",earthquake,,9.3,,2.0,reviewed,us,us,2011-08-05,38825,India,2
2011-08-13 02:59:12.930000+00:00,23.321,70.242,10.0,4.68,mw,15.0,149.2,,0.81,us,usp000j6d7,2014-11-07T01:45:36.101Z,"10 km WNW of Bhach?u, India",earthquake,,,,4.0,reviewed,us,us,2011-08-13,38791,India,-1
2011-08-23 01:22:56.280000+00:00,33.095,76.858,14.6,5.37,mw,148.0,29.4,,0.77,us,usp000j6w9,2022-04-08T22:00:00.233Z,"41 km S of Padam, India",earthquake,,10.5,,73.0,reviewed,us,us,2011-08-23,38730,India,3
2011-08-28 04:40:45.350000+00:00,26.521,96.748,121.7,4.85,mw,54.0,74.1,,0.62,us,usp000j75n,2014-11-07T01:45:44.242Z,"35 km N of Sarupathar, India",earthquake,,6.9,,18.0,reviewed,us,us,2011-08-28,38766,India,2
2011-09-07 17:58:18.700000+00:00,28.724,77.189,10.0,4.68,mw,20.0,183.6,,1.09,us,usp000j7rt,2021-10-20T17:58:35.601Z,"6 km NE of Pitampura, India",earthquake,,,,5.0,reviewed,us,us,2011-09-07,38793,India,-1
2011-09-18 12:40:51.830000+00:00,27.73,88.155,50.0,6.9,mww,383.0,13.0,,0.96,us,usp000j88b,2025-03-03T10:37:14.677Z,"43 km NW of Mangan, India",earthquake,,,,,reviewed,us,us,2011-09-18,38883,India,-1
2011-09-18 19:20:54.830000+00:00,25.759,91.178,37.1,4.43,mw,23.0,145.3,,1.15,us,usp000j88t,2014-11-07T01:45:55.225Z,"28 km NNW of Nongstoin, India",earthquake,,9.5,,2.0,reviewed,us,us,2011-09-18,39057,India,2
2011-09-19 00:52:03.990000+00:00,17.92,76.564,10.0,4.43,mw,12.0,108.7,,0.88,us,usp000j894,2014-11-07T01:45:55.263Z,"11 km NW of Umarga, India",earthquake,,,,2.0,reviewed,us,us,2011-09-19,39054,India,-1
2011-09-23 13:23:19.430000+00:00,24.307,93.994,56.4,4.77,mw,25.0,75.5,,1.23,us,usp000j8f8,2014-11-07T01:45:56.741Z,"21 km S of Kakching, India",earthquake,,12.7,,5.0,reviewed,us,us,2011-09-23,38992,India,2
2011-09-24 15:21:34.660000+00:00,34.042,75.249,61.0,4.6,mw,16.0,156.9,,0.96,us,usp000j8gq,2015-03-24T02:36:39.970Z,"7 km WNW of Pahlg?m, India",earthquake,,15.7,,4.0,reviewed,us,us,2011-09-24,39045,India,3
2011-09-25 11:22:18.580000+00:00,12.745,92.424,37.3,5.37,mw,46.0,129.8,,1.01,us,usp000j8hs,2014-11-07T01:45:57.079Z,"119 km NNW of Bamboo Flat, India",earthquake,,10.7,,17.0,reviewed,us,us,2011-09-25,38889,India,1
2011-10-11 13:40:29.360000+00:00,13.721,93.823,73.1,5.2,mw,60.0,77.2,,0.84,us,usp000j97v,2014-11-07T01:46:06.072Z,"253 km NNE of Bamboo Flat, India",earthquake,,,,11.0,reviewed,us,us,2011-10-11,38906,India,1
2011-10-20 17:18:34.170000+00:00,21.211,70.533,10.0,5.1,mwc,89.0,72.0,,0.81,us,usp000j9m2,2022-04-08T22:08:27.463Z,"15 km SE of Mendarda, India",earthquake,,,,,reviewed,us,gcmt,2011-10-20,38924,India,-1
2011-10-21 14:40:36.320000+00:00,24.884,94.211,65.9,4.85,mw,47.0,70.1,,0.94,us,usp000j9nb,2015-03-24T02:29:37.907Z,"28 km NE of Yairipok, India",earthquake,,8.3,,19.0,reviewed,us,us,2011-10-21,38988,India,2
2011-10-22 21:07:39.230000+00:00,32.939,75.811,10.0,4.6,mw,25.0,143.7,,0.74,us,usp000j9qr,2014-11-07T01:46:09.011Z,"9 km ESE of Bhadarw?h, India",earthquake,,,,4.0,reviewed,us,us,2011-10-22,39028,India,3
2011-10-29 07:51:37.070000+00:00,24.19,93.516,35.0,5.03,mw,30.0,154.8,,0.79,us,usp000ja2s,2014-11-07T01:46:12.352Z,"22 km SW of Chur?ch?ndpur, India",earthquake,,,,13.0,reviewed,us,us,2011-10-29,38958,India,2
2011-11-10 15:15:07.110000+00:00,7.781,91.95,39.6,5.11,mw,17.0,130.8,,0.75,us,usp000jany,2014-11-07T01:46:19.890Z,"Nicobar Islands, India region",earthquake,,8.9,,5.0,reviewed,us,us,2011-11-10,38916,India,1
2011-11-15 10:18:41.330000+00:00,11.143,93.648,143.0,5.03,mw,42.0,103.7,,0.59,us,usp000jawm,2014-11-07T01:46:21.352Z,"114 km ESE of Port Blair, India",earthquake,,6.0,,15.0,reviewed,us,us,2011-11-15,38941,India,1
2011-11-21 03:15:41.560000+00:00,24.96,95.232,107.0,5.7,mww,370.0,14.5,,0.99,us,usp000jb6k,2024-06-17T18:28:32.070Z,"107 km SE of Phek, India",earthquake,,,,,reviewed,us,us,2011-11-21,38883,India,2
2011-12-02 19:59:45.920000+00:00,7.854,94.061,41.2,4.85,mw,47.0,86.9,,0.87,us,usp000jbr6,2014-11-07T01:46:30.021Z,"Nicobar Islands, India region",earthquake,,6.8,,8.0,reviewed,us,us,2011-12-02,38991,India,-1
2011-12-05 05:59:09.350000+00:00,12.484,93.256,81.1,4.94,mw,40.0,85.8,,0.94,us,usp000jbuh,2014-11-07T01:46:31.197Z,"104 km NE of Bamboo Flat, India",earthquake,,7.5,,5.0,reviewed,us,us,2011-12-05,38988,India,1
2011-12-06 01:22:27.860000+00:00,12.213,91.857,37.9,5.03,mw,60.0,75.8,,0.82,us,usp000jbvs,2014-11-07T01:46:31.455Z,"109 km WNW of Bamboo Flat, India",earthquake,,7.8,,20.0,reviewed,us,us,2011-12-06,38936,India,1
2011-12-07 06:10:42.680000+00:00,12.48,93.745,121.7,4.68,mw,32.0,70.3,,0.5,us,usp000jbx6,2014-11-07T01:46:31.765Z,"141 km NE of Port Blair, India",earthquake,,12.3,,5.0,reviewed,us,us,2011-12-07,39024,India,1
2011-12-15 04:51:02.120000+00:00,14.045,93.148,54.3,5.03,mw,23.0,100.9,,0.91,us,usp000jc79,2014-11-07T01:46:34.122Z,"263 km N of Bamboo Flat, India",earthquake,,23.4,,5.0,reviewed,us,us,2011-12-15,38947,India,1
2012-01-01 02:35:21.110000+00:00,23.472,91.834,27.8,4.94,mw,74.0,77.2,,0.65,us,usp000jcwj,2015-03-24T02:28:01.440Z,"18 km ESE of Amarpur, India",earthquake,,10.4,,27.0,reviewed,us,us,2012-01-01,38962,India,-1
2012-01-01 05:19:34.930000+00:00,10.632,91.737,10.0,4.94,mw,27.0,84.9,,1.28,us,usp000jcwr,2014-11-07T01:46:41.131Z,"158 km SW of Port Blair, India",earthquake,,,,13.0,reviewed,us,us,2012-01-01,38963,India,1
2012-01-03 20:36:48.120000+00:00,35.776,77.346,62.9,4.94,mw,42.0,136.1,,1.03,us,usp000jd02,2014-11-07T01:46:42.866Z,"106 km NNE of Thang, India",earthquake,,9.6,,18.0,reviewed,us,us,2012-01-03,38971,India,-1
2012-01-04 16:31:25.020000+00:00,33.624,74.892,22.8,4.6,mw,35.0,96.2,,1.33,us,usp000jd1d,2014-11-07T01:46:43.313Z,"11 km SSE of Shup?yan, India",earthquake,,24.3,,9.0,reviewed,us,us,2012-01-04,39053,India,3
2012-01-05 05:27:21.400000+00:00,12.841,95.505,10.0,4.6,mw,12.0,192.0,,1.16,us,usp000jd2d,2014-11-07T01:46:43.630Z,"Andaman Islands, India region",earthquake,,,,3.0,reviewed,us,us,2012-01-05,39052,India,1
2012-01-21 07:11:05.730000+00:00,12.977,93.284,54.4,4.77,mw,36.0,108.5,,0.62,us,usp000jdsq,2014-11-07T01:46:49.073Z,"154 km NNE of Bamboo Flat, India",earthquake,,12.6,,7.0,reviewed,us,us,2012-01-21,39008,India,1
2012-02-06 23:16:53.560000+00:00,13.645,93.027,35.0,5.11,mw,33.0,101.2,,0.82,us,usp000jem5,2014-11-07T01:46:58.833Z,"217 km N of Bamboo Flat, India",earthquake,,,,3.0,reviewed,us,us,2012-02-06,38917,India,1
2012-02-09 19:17:30.550000+00:00,30.986,78.282,6.2,5.37,mw,177.0,46.0,,0.85,us,usp000jerg,2022-05-03T15:30:07.973Z,"20 km NNE of Barkot, India",earthquake,,11.8,,96.0,reviewed,us,us,2012-02-09,38888,India,3
2012-02-10 19:10:01.850000+00:00,26.146,94.253,52.3,5.11,mw,45.0,140.2,,0.87,us,usp000jet4,2014-11-07T01:47:00.182Z,"5 km N of Wokha, India",earthquake,,8.9,,14.0,reviewed,us,us,2012-02-10,38915,India,-1
2012-02-27 05:19:03.980000+00:00,12.249,92.683,39.8,4.94,mw,58.0,82.2,,0.62,us,usp000jfg2,2014-11-07T01:47:05.108Z,"60 km N of Bamboo Flat, India",earthquake,,5.7,,9.0,reviewed,us,us,2012-02-27,38961,India,1
2012-03-05 07:41:04.530000+00:00,28.809,76.649,10.0,5.37,mw,177.0,45.6,,1.08,us,usp000jfth,2020-09-21T17:59:29.372Z,"11 km SSE of Rohtak, India",earthquake,,,,89.0,reviewed,us,us,2012-03-05,38890,India,-1
2012-03-06 02:52:41.960000+00:00,8.571,93.691,16.8,5.4,mwc,280.0,36.4,,1.03,us,usp000jfus,2022-05-03T15:32:55.337Z,"Nicobar Islands, India region",earthquake,,10.5,,,reviewed,us,gcmt,2012-03-06,38884,India,1
2012-03-07 13:18:23.400000+00:00,32.029,78.109,55.6,4.68,mw,28.0,145.4,,0.87,us,usp000jfwp,2014-11-07T01:47:12.366Z,"64 km NNE of Sar?han, India",earthquake,,10.9,,7.0,reviewed,us,us,2012-03-07,39027,India,3
2012-03-10 12:18:29.480000+00:00,11.517,92.036,35.0,4.85,mw,33.0,148.9,,1.02,us,usp000jg1f,2014-11-07T01:47:13.312Z,"76 km WSW of Bamboo Flat, India",earthquake,,,,11.0,reviewed,us,us,2012-03-10,38990,India,1
2012-03-14 17:41:10.140000+00:00,10.535,93.854,58.2,5.28,mw,24.0,95.7,,0.75,us,usp000jg8m,2014-11-07T01:47:14.883Z,"174 km SE of Port Blair, India",earthquake,,13.1,,3.0,reviewed,us,us,2012-03-14,39089,India,1
2012-03-19 17:46:02.200000+00:00,29.434,94.873,35.0,5.03,mw,39.0,115.3,,0.73,us,usp000jgfz,2014-11-07T01:47:16.680Z,"111 km NNE of Shi Yomi, India",earthquake,,,,5.0,reviewed,us,us,2012-03-19,39104,India,-1
2012-03-20 10:18:52.030000+00:00,9.481,93.423,53.1,5.2,mw,65.0,75.6,,0.8,us,usp000jgh3,2014-11-07T01:47:16.953Z,"252 km SSE of Port Blair, India",earthquake,,5.7,,24.0,reviewed,us,us,2012-03-20,39092,India,1
2012-03-23 19:16:55.320000+00:00,10.161,91.865,35.0,4.68,mw,18.0,200.7,,0.61,us,usp000jgpe,2014-11-07T01:47:18.246Z,"192 km SSW of Port Blair, India",earthquake,,,,6.0,reviewed,us,us,2012-03-23,39177,India,1
2012-03-27 23:40:12.600000+00:00,26.087,87.777,28.8,5.28,mw,167.0,31.8,,0.86,us,usp000jgw0,2024-06-17T19:04:17.506Z,"17 km W of Kishanganj, India",earthquake,,,,91.0,reviewed,us,us,2012-03-27,39089,India,-1
2012-04-11 09:01:06.750000+00:00,2.199,89.441,10.0,6.19,mw,59.0,147.1,,1.14,us,usp000jhh6,2014-11-07T01:47:27.973Z,North Indian Ocean,earthquake,,,,22.0,reviewed,us,us,2012-04-11,39066,North Indian Ocean,-1
2012-04-11 09:20:29.450000+00:00,2.555,89.909,10.0,5.11,mw,22.0,119.0,,0.75,us,usp000jhhd,2014-11-07T01:47:27.992Z,North Indian Ocean,earthquake,,,,1.0,reviewed,us,us,2012-04-11,39103,North Indian Ocean,-1
2012-04-11 09:27:56.760000+00:00,1.254,91.735,10.0,6.34,mw,205.0,60.8,,1.05,us,usp000jhhg,2022-05-03T15:35:48.954Z,North Indian Ocean,earthquake,,,,63.0,reviewed,us,us,2012-04-11,39061,North Indian Ocean,-1
2012-04-11 11:53:36.160000+00:00,2.913,89.544,10.0,5.9,mw,326.0,19.2,,0.87,us,usp000jhju,2022-05-03T15:35:52.115Z,North Indian Ocean,earthquake,,,,151.0,reviewed,us,us,2012-04-11,39067,North Indian Ocean,-1
2012-04-11 13:58:04.720000+00:00,1.495,90.854,5.0,5.71,mw,168.0,47.8,,0.83,us,usp000jhkf,2014-11-07T01:47:28.918Z,North Indian Ocean,earthquake,,11.5,,70.0,reviewed,us,us,2012-04-11,39070,North Indian Ocean,-1
2012-04-11 14:30:29.640000+00:00,2.033,88.506,10.0,4.51,mw,9.0,185.8,,1.37,us,usp000jhkp,2014-11-07T01:47:29.006Z,North Indian Ocean,earthquake,,0.0,,1.0,reviewed,us,us,2012-04-11,39219,North Indian Ocean,-1
2012-04-11 16:09:37.230000+00:00,1.156,89.915,10.0,4.68,mw,20.0,180.8,,1.3,us,usp000jhmp,2014-11-07T01:47:29.114Z,North Indian Ocean,earthquake,,0.0,,3.0,reviewed,us,us,2012-04-11,39170,North Indian Ocean,-1
2012-04-11 16:37:50.800000+00:00,1.982,90.211,10.0,4.94,mw,23.0,190.3,,1.19,us,usp000jhmv,2014-11-07T01:47:29.139Z,North Indian Ocean,earthquake,,0.0,,3.0,reviewed,us,us,2012-04-11,39119,North Indian Ocean,-1
2012-04-11 17:22:20.830000+00:00,0.775,91.032,10.0,4.77,mw,15.0,179.1,,0.88,us,usp000jhn3,2014-11-07T01:47:29.169Z,North Indian Ocean,earthquake,,,,1.0,reviewed,us,us,2012-04-11,39163,North Indian Ocean,-1
2012-04-11 21:02:39.410000+00:00,0.306,91.662,10.0,5.45,mw,70.0,191.9,,1.41,us,usp000jhp3,2014-11-07T01:47:29.433Z,North Indian Ocean,earthquake,,,,29.0,reviewed,us,us,2012-04-11,39089,North Indian Ocean,-1
2012-04-13 10:11:53.520000+00:00,25.244,94.983,85.1,4.85,mw,36.0,54.4,,0.74,us,usp000jhuu,2014-11-07T01:47:30.789Z,"67 km SE of Phek, India",earthquake,,6.7,,18.0,reviewed,us,us,2012-04-13,39138,India,2
2012-04-13 12:48:11.800000+00:00,3.398,89.943,10.0,5.2,mw,90.0,62.7,,0.92,us,usp000jhv3,2014-11-07T01:47:30.832Z,North Indian Ocean,earthquake,,,,48.0,reviewed,us,us,2012-04-13,39091,North Indian Ocean,-1
2012-04-14 03:22:59.690000+00:00,23.239,70.439,10.0,4.43,mw,17.0,125.8,,1.01,us,usp000jhx2,2014-11-07T01:47:31.121Z,"11 km SE of Bhach?u, India",earthquake,,,,4.0,reviewed,us,us,2012-04-14,39237,India,-1
2012-04-14 05:27:39.580000+00:00,17.247,73.601,10.0,4.77,mw,54.0,95.0,,1.12,us,usp000jhxg,2015-03-24T01:45:26.983Z,"11 km ESE of M?khjan, India",earthquake,,,,18.0,reviewed,us,us,2012-04-14,39138,India,-1
2012-04-14 20:50:52.680000+00:00,34.189,79.768,30.1,4.43,mw,59.0,135.8,,1.14,us,usp000jhzb,2014-11-07T01:47:32.027Z,"201 km E of Leh, India",earthquake,,14.1,,12.0,reviewed,us,us,2012-04-14,39224,India,-1
2012-04-20 02:16:10.610000+00:00,7.48,91.807,35.0,4.6,mw,19.0,113.4,,1.06,us,usp000jj8v,2014-11-07T01:47:34.471Z,"Nicobar Islands, India region",earthquake,,,,6.0,reviewed,us,us,2012-04-20,39205,India,1
2012-04-25 07:42:23.380000+00:00,9.011,93.945,9.0,5.7,mww,433.0,34.1,,0.86,us,usp000jjjm,2022-05-03T15:37:36.811Z,"Nicobar Islands, India region",earthquake,,,,,reviewed,us,us,2012-04-25,39074,India,1
2012-04-25 17:33:25.220000+00:00,11.61,92.482,10.0,4.68,mw,13.0,119.1,,0.87,us,usp000jjkr,2014-11-07T01:47:37.286Z,"27 km WSW of Bamboo Flat, India",earthquake,,,,1.0,reviewed,us,us,2012-04-25,39202,India,1
2012-04-26 03:17:41.600000+00:00,3.585,87.903,10.0,4.68,mw,22.0,153.8,,1.1,us,usp000jjm8,2014-11-07T01:47:37.359Z,North Indian Ocean,earthquake,,,,5.0,reviewed,us,us,2012-04-26,39195,North Indian Ocean,-1
2012-04-29 11:34:49.870000+00:00,1.641,89.41,10.0,4.94,mw,41.0,113.4,,0.98,us,usp000jjsb,2014-11-07T01:47:38.425Z,North Indian Ocean,earthquake,,,,9.0,reviewed,us,us,2012-04-29,39113,North Indian Ocean,-1
2012-04-30 13:06:58.740000+00:00,14.405,93.327,35.0,5.2,mwb,233.0,20.6,,0.97,us,usp000jjtm,2022-05-03T15:38:13.539Z,"Andaman Islands, India region",earthquake,,,,,reviewed,us,us,2012-04-30,39091,India,1
2012-05-01 14:30:43.850000+00:00,10.037,93.633,29.0,5.03,mw,67.0,68.1,,0.81,us,usp000jjv0,2014-11-07T01:47:41.896Z,"204 km SSE of Port Blair, India",earthquake,,10.1,,21.0,reviewed,us,us,2012-05-01,39108,India,1
2012-05-01 22:43:12.350000+00:00,26.252,92.274,35.0,4.6,mw,23.0,144.7,,1.06,us,usp000jjvy,2014-11-07T01:47:42.652Z,"7 km W of Morigaon, India",earthquake,,,,6.0,reviewed,us,us,2012-05-01,39202,India,2
2012-05-04 20:09:28.020000+00:00,27.403,95.395,45.9,4.77,mw,30.0,118.5,,1.2,us,usp000jk0a,2014-11-07T01:47:44.364Z,"9 km ENE of Duli?gaon, India",earthquake,,10.9,,18.0,reviewed,us,us,2012-05-04,39138,India,-1
2012-05-05 03:34:00.850000+00:00,3.559,86.713,10.0,4.94,mw,89.0,108.5,,0.98,us,usp000jk0y,2026-02-04T20:28:13.814Z,North Indian Ocean,earthquake,,,,25.0,reviewed,us,us,2012-05-05,39113,North Indian Ocean,-1
2012-05-05 12:08:43.640000+00:00,4.812,87.907,10.0,5.2,mw,96.0,86.4,,0.78,us,usp000jk1h,2014-11-07T01:47:44.563Z,North Indian Ocean,earthquake,,,,36.0,reviewed,us,us,2012-05-05,39089,North Indian Ocean,-1
2012-05-11 12:41:35.300000+00:00,26.175,92.889,43.3,5.4,mwb,164.0,33.3,,0.95,us,usp000jka9,2025-12-22T16:28:49.347Z,"19 km N of Hoj?i, India",earthquake,,,,,reviewed,us,us,2012-05-11,39089,India,2
2012-05-15 00:25:39.690000+00:00,1.53,89.979,10.0,5.03,mw,40.0,115.8,,1.24,us,usp000jked,2014-11-07T01:47:47.584Z,North Indian Ocean,earthquake,,,,13.0,reviewed,us,us,2012-05-15,39103,North Indian Ocean,-1
2012-05-22 22:50:02.760000+00:00,3.11,87.833,10.0,4.77,mw,29.0,114.2,,0.8,us,usp000jkt1,2014-11-07T01:47:51.463Z,North Indian Ocean,earthquake,,,,5.0,reviewed,us,us,2012-05-22,39158,North Indian Ocean,-1
2012-05-26 04:21:05.700000+00:00,12.902,92.007,26.7,4.68,mw,27.0,91.6,,0.74,us,usp000jkxx,2014-11-07T01:47:52.948Z,"153 km NNW of Bamboo Flat, India",earthquake,,16.0,,3.0,reviewed,us,us,2012-05-26,39176,India,1
2012-05-27 15:01:27.040000+00:00,26.491,91.1,34.7,4.68,mw,41.0,156.7,,1.18,us,usp000jm05,2015-03-24T01:29:48.987Z,"13 km E of Barpeta Road, India",earthquake,,20.7,,9.0,reviewed,us,us,2012-05-27,39186,India,2
2012-05-30 09:28:14.190000+00:00,24.517,95.085,108.7,4.85,mw,45.0,66.2,,0.96,us,usp000jm4d,2014-11-07T01:47:55.200Z,"103 km E of W?ngjing, India",earthquake,,6.7,,10.0,reviewed,us,us,2012-05-30,39123,India,2
2012-05-30 13:23:01.490000+00:00,8.217,91.782,16.2,5.2,mw,94.0,43.7,,0.83,us,usp000jm4e,2014-11-07T01:47:55.204Z,"Nicobar Islands, India region",earthquake,,12.3,,33.0,reviewed,us,us,2012-05-30,39092,India,1
2012-05-30 17:21:18.250000+00:00,3.352,88.292,10.0,5.11,mw,24.0,142.3,,0.9,us,usp000jm4s,2014-11-07T01:47:55.239Z,North Indian Ocean,earthquake,,,,8.0,reviewed,us,us,2012-05-30,39098,North Indian Ocean,-1
2012-06-04 16:14:49.900000+00:00,2.136,68.818,10.0,4.94,mw,20.0,71.4,,1.24,us,usp000jmb2,2014-11-07T01:48:00.706Z,North Indian Ocean,earthquake,,,,1.0,reviewed,us,us,2012-06-04,39109,North Indian Ocean,-1
2012-06-11 04:35:59.960000+00:00,27.306,88.13,51.5,4.85,mw,74.0,97.6,,0.75,us,usp000jmm9,2014-11-07T01:48:03.155Z,"12 km W of Gyalshing, India",earthquake,,9.1,,17.0,reviewed,us,us,2012-06-11,39130,India,-1
2012-06-19 14:00:07.610000+00:00,28.728,76.685,10.0,4.51,mw,33.0,98.0,,1.12,us,usp000jmz6,2014-11-07T01:48:06.946Z,"10 km WSW of Kheri S?mpla, India",earthquake,,0.0,,4.0,reviewed,us,us,2012-06-19,39206,India,-1
2012-06-19 20:14:05.720000+00:00,23.647,70.252,28.6,5.28,mw,192.0,87.5,,1.01,us,usp000jmzk,2024-06-17T19:35:03.132Z,"39 km NNW of Bhach?u, India",earthquake,,4.2,,111.0,reviewed,us,us,2012-06-19,39089,India,-1
2012-06-24 12:13:02.520000+00:00,34.318,80.248,41.1,4.68,mw,60.0,114.7,,1.12,us,usp000jn6d,2014-11-07T01:48:08.624Z,"245 km E of Leh, India",earthquake,,6.9,,23.0,reviewed,us,us,2012-06-24,39169,India,-1
2012-06-30 19:43:25.210000+00:00,28.638,96.393,43.1,5.03,mw,120.0,50.6,,0.73,us,usp000jned,2014-11-07T01:48:10.628Z,"64 km NNW of Hayuliang, India",earthquake,,4.7,,51.0,reviewed,us,us,2012-06-30,39109,India,-1
2012-07-01 04:13:52.090000+00:00,25.592,94.696,58.0,5.6,mwb,279.0,17.6,,1.08,us,usp000jnev,2022-05-03T15:43:32.385Z,"21 km ESE of Phek, India",earthquake,,,,,reviewed,us,us,2012-07-01,39089,India,2
2012-07-07 09:01:52.080000+00:00,3.05,86.573,10.0,4.77,mw,28.0,112.2,,0.81,us,usp000jnq6,2014-11-07T01:48:16.958Z,North Indian Ocean,earthquake,,,,4.0,reviewed,us,us,2012-07-07,39143,North Indian Ocean,-1
2012-07-08 10:28:10.240000+00:00,12.69,91.311,36.2,5.03,mw,28.0,112.9,,0.48,us,usp000jnrt,2014-11-07T01:48:17.243Z,"188 km NW of Bamboo Flat, India",earthquake,,7.2,,6.0,reviewed,us,us,2012-07-08,39107,India,-1
2012-07-11 14:48:32.820000+00:00,35.622,76.512,68.1,4.6,mw,33.0,133.8,,1.3,us,usp000jnvx,2014-11-07T01:48:18.622Z,"81 km NNW of Thang, India",earthquake,,11.1,,5.0,reviewed,us,us,2012-07-11,39205,India,-1
2012-07-17 06:00:41.110000+00:00,23.054,93.074,47.6,4.77,mw,41.0,86.9,,0.75,us,usp000jp3e,2014-11-07T01:48:20.597Z,"8 km S of North Vanlaiphai, India",earthquake,,5.9,,10.0,reviewed,us,us,2012-07-17,39158,India,2
2012-07-26 05:31:38.020000+00:00,33.466,76.105,56.2,4.77,mw,13.0,145.0,,0.77,us,usp000jpfg,2014-11-07T01:48:24.006Z,"35 km ENE of Kishtw?r, India",earthquake,,13.2,,2.0,reviewed,us,us,2012-07-26,39150,India,3
2012-08-02 18:00:26.210000+00:00,33.731,75.446,10.0,4.51,mw,15.0,132.4,,0.99,us,usp000jpsx,2014-11-07T01:48:29.370Z,"27 km E of Anantnag, India",earthquake,,,,2.0,reviewed,us,us,2012-08-02,39219,India,3
2012-08-02 19:06:12.700000+00:00,26.103,96.324,55.6,5.37,mw,164.0,61.2,,1.02,us,usp000jpsz,2022-05-03T15:45:01.044Z,"49 km WSW of Sarupathar, India",earthquake,,4.8,,92.0,reviewed,us,us,2012-08-02,39089,India,2
2012-08-05 14:10:30.330000+00:00,30.352,94.849,24.1,5.28,mw,121.0,51.1,,0.78,us,usp000jpxf,2022-05-03T15:45:29.604Z,"207 km NNE of Shi Yomi, India",earthquake,,8.8,,58.0,reviewed,us,us,2012-08-05,39089,India,-1
2012-08-05 14:29:10.420000+00:00,13.936,93.099,23.3,4.85,mw,42.0,58.8,,0.76,us,usp000jpxh,2014-11-07T01:48:31.001Z,"250 km N of Bamboo Flat, India",earthquake,,14.0,,6.0,reviewed,us,us,2012-08-05,39134,India,1
2012-08-06 14:15:46.550000+00:00,35.804,77.712,72.7,4.94,mw,60.0,108.9,,0.88,us,usp000jpyw,2014-11-07T01:48:31.344Z,"128 km NE of Thang, India",earthquake,,5.1,,19.0,reviewed,us,us,2012-08-06,39112,India,-1
2012-08-19 09:24:49.380000+00:00,26.599,92.57,48.9,5.11,mw,212.0,42.5,,0.68,us,usp000jqgm,2022-05-03T15:47:01.368Z,"14 km SE of Dhekiajuli, India",earthquake,,2.4,,92.0,reviewed,us,us,2012-08-19,39092,India,2
2012-08-19 12:13:30.950000+00:00,10.539,91.705,7.8,4.68,mw,32.0,124.3,,0.55,us,usp000jqgv,2014-11-07T01:48:35.894Z,"168 km SW of Port Blair, India",earthquake,,17.6,,6.0,reviewed,us,us,2012-08-19,39180,India,1
2012-08-24 18:35:04.910000+00:00,13.432,93.443,10.0,4.43,mw,24.0,86.1,,1.5,us,usp000jqp7,2014-11-07T01:48:36.900Z,"207 km NNE of Bamboo Flat, India",earthquake,,,,1.0,reviewed,us,us,2012-08-24,39227,India,1
2012-08-27 12:05:23.410000+00:00,10.21,92.802,57.6,5.45,mw,186.0,38.3,,0.86,us,usp000jqwz,2014-11-07T01:48:38.215Z,"161 km S of Port Blair, India",earthquake,,4.1,,47.0,reviewed,us,us,2012-08-27,39089,India,1
2012-09-06 18:27:11.800000+00:00,25.455,91.208,45.1,4.85,mw,28.0,64.5,,0.79,us,usp000jrvu,2014-11-07T01:48:48.114Z,"8 km SW of Nongstoin, India",earthquake,,8.5,,2.0,reviewed,us,us,2012-09-06,39135,India,2
2012-09-10 06:19:20.580000+00:00,13.643,92.848,30.5,5.2,mw,146.0,44.0,,0.69,us,usp000js2z,2022-05-03T17:02:55.657Z,"215 km N of Bamboo Flat, India",earthquake,,7.5,,70.0,reviewed,us,us,2012-09-10,39279,India,1
2012-09-10 14:35:42.810000+00:00,10.459,93.616,38.7,5.45,mw,219.0,23.2,,0.72,us,usp000js3m,2025-12-22T16:32:50.471Z,"163 km SE of Port Blair, India",earthquake,,3.8,,91.0,reviewed,us,us,2012-09-10,39241,India,1
2012-09-11 18:09:49.790000+00:00,24.41,93.53,60.4,4.85,mw,17.0,156.2,,0.78,us,usp000js60,2014-11-07T01:48:50.576Z,"16 km WNW of Chur?ch?ndpur, India",earthquake,,8.2,,6.0,reviewed,us,us,2012-09-11,39330,India,2
2012-09-18 12:26:25.280000+00:00,27.33,88.642,42.2,4.94,mw,56.0,115.1,,0.74,us,usp000jshq,2014-11-07T01:48:52.702Z,"2 km E of Gangtok, India",earthquake,,6.4,,16.0,reviewed,us,us,2012-09-18,39318,India,-1
2012-09-30 01:52:25.740000+00:00,2.61,89.701,10.0,5.2,mw,120.0,46.2,,0.81,us,usp000jt93,2014-11-07T01:48:56.696Z,North Indian Ocean,earthquake,,,,43.0,reviewed,us,us,2012-09-30,39269,North Indian Ocean,-1
2012-10-02 08:34:54.360000+00:00,32.471,76.632,10.0,5.11,mw,65.0,95.1,,1.15,us,usp000jtd8,2015-03-24T02:21:59.034Z,"38 km WSW of Kyelang, India",earthquake,,,,21.0,reviewed,us,us,2012-10-02,39281,India,3
2012-10-02 18:37:38.700000+00:00,26.879,92.818,36.8,5.45,mw,258.0,22.5,,0.84,us,usp000jte2,2015-03-24T01:33:08.698Z,"15 km ENE of Rang?p?ra, India",earthquake,,,,149.0,reviewed,us,us,2012-10-02,39242,India,2
2012-10-03 10:04:50.650000+00:00,33.498,75.963,35.0,4.51,mw,15.0,154.2,,1.25,us,usp000jtfn,2014-11-07T01:49:01.997Z,"27 km NE of Kishtw?r, India",earthquake,,,,4.0,reviewed,us,us,2012-10-03,39395,India,3
2012-10-08 17:46:20.670000+00:00,31.832,78.444,10.0,5.2,mw,61.0,51.3,,0.98,us,usp000jtrg,2022-05-03T15:51:41.767Z,"71 km ENE of Sar?han, India",earthquake,,,,16.0,reviewed,us,us,2012-10-08,39264,India,3
2012-10-10 05:29:56.710000+00:00,26.064,96.368,52.6,4.6,mw,28.0,114.3,,0.65,us,usp000jttc,2014-11-07T01:49:04.291Z,"46 km WSW of Sarupathar, India",earthquake,,9.1,,6.0,reviewed,us,us,2012-10-10,39384,India,2
2012-10-12 23:16:14.620000+00:00,24.548,94.017,35.0,4.43,mw,16.0,114.1,,0.99,us,usp000jtx5,2014-11-07T01:49:04.915Z,"6 km SW of W?ngjing, India",earthquake,,,,2.0,reviewed,us,us,2012-10-12,39408,India,2
2012-10-18 02:33:27.970000+00:00,23.769,81.314,10.0,5.28,mw,153.0,39.7,,0.86,us,usp000ju41,2024-06-17T20:22:17.842Z,"12 km NW of Jaisinghnagar, India",earthquake,,,,75.0,reviewed,us,us,2012-10-18,39261,India,-1
2012-10-19 08:36:24.640000+00:00,1.153,91.04,10.0,4.6,mw,26.0,195.8,,1.2,us,usp000ju5q,2014-11-07T01:49:06.950Z,North Indian Ocean,earthquake,,,,6.0,reviewed,us,us,2012-10-19,39388,North Indian Ocean,-1
2012-10-20 10:38:19.600000+00:00,7.381,91.799,25.9,4.85,mw,34.0,67.8,,0.76,us,usp000ju77,2014-11-07T01:49:07.173Z,"Nicobar Islands, India region",earthquake,,,,10.0,reviewed,us,us,2012-10-20,39337,India,1
2012-10-20 18:27:09.840000+00:00,28.319,91.838,25.9,4.6,mw,27.0,114.3,,0.99,us,usp000ju7f,2014-11-07T01:49:07.219Z,"82 km N of Tawang, India",earthquake,,20.3,,7.0,reviewed,us,us,2012-10-20,39364,India,-1
2012-10-24 21:07:40.670000+00:00,28.858,94.39,10.0,4.43,mw,19.0,112.9,,1.02,us,usp000judc,2014-11-07T01:49:08.448Z,"36 km N of Shi Yomi, India",earthquake,,,,5.0,reviewed,us,us,2012-10-24,39408,India,-1
2012-10-28 03:08:52.410000+00:00,10.345,92.575,58.3,5.28,mw,56.0,54.4,,1.02,us,usp000juj1,2014-11-07T01:49:09.419Z,"147 km S of Port Blair, India",earthquake,,6.7,,10.0,reviewed,us,us,2012-10-28,39263,India,1
2012-10-30 01:40:26.490000+00:00,26.117,92.337,62.0,4.94,mw,36.0,102.0,,0.67,us,usp000jus2,2014-11-07T01:49:11.684Z,"14 km S of Morigaon, India",earthquake,,6.2,,6.0,reviewed,us,us,2012-10-30,39317,India,2
2012-10-31 19:53:56.140000+00:00,8.305,93.974,76.0,4.68,mw,17.0,163.8,,0.91,us,usp000juux,2014-11-07T01:49:12.342Z,"Nicobar Islands, India region",earthquake,,23.3,,4.0,reviewed,us,us,2012-10-31,39360,India,1
2012-11-25 06:01:45.530000+00:00,23.62,91.482,39.8,4.85,mw,59.0,60.3,,0.65,us,usp000jw1n,2014-11-07T01:49:26.257Z,"9 km N of Udaipur, India",earthquake,,5.0,,15.0,reviewed,us,us,2012-11-25,39322,India,2
2012-11-26 23:13:52.470000+00:00,13.85,93.637,53.7,5.37,mw,133.0,47.3,,0.81,us,usp000jw44,2014-11-07T01:49:26.694Z,"257 km NNE of Bamboo Flat, India",earthquake,,4.4,,74.0,reviewed,us,us,2012-11-26,39249,India,1
2012-11-30 03:52:20.700000+00:00,25.683,95.998,97.2,4.77,mw,18.0,113.2,,0.64,us,usp000jw8p,2014-11-07T01:49:27.767Z,"99 km SW of Sarupathar, India",earthquake,,15.0,,8.0,reviewed,us,us,2012-11-30,39359,India,2
2012-11-30 19:39:30.580000+00:00,27.22,88.2,25.0,5.03,mw,84.0,116.4,,0.92,us,usp000jw9j,2015-03-24T02:15:46.918Z,"9 km SW of Gyalshing, India",earthquake,,11.3,,30.0,reviewed,us,us,2012-11-30,39281,India,-1
2012-12-08 07:06:10.080000+00:00,22.96,70.302,10.0,4.51,mw,40.0,128.1,,0.87,us,usp000jwp1,2014-11-07T01:49:34.337Z,"11 km SE of K?ndla, India",earthquake,,,,16.0,reviewed,us,us,2012-12-08,39403,India,-1
2012-12-15 21:17:29.410000+00:00,4.195,89.783,10.0,4.77,mw,13.0,168.7,,1.1,us,usp000jx09,2014-11-07T01:49:36.847Z,North Indian Ocean,earthquake,,,,2.0,reviewed,us,us,2012-12-15,39352,North Indian Ocean,-1
2012-12-18 21:19:45.620000+00:00,1.238,91.707,10.0,4.6,mw,25.0,175.1,,0.71,us,usp000jx49,2014-11-07T01:49:37.667Z,North Indian Ocean,earthquake,,,,1.0,reviewed,us,us,2012-12-18,39390,North Indian Ocean,-1
2012-12-30 08:16:43.130000+00:00,24.209,91.782,22.5,4.68,mw,19.0,119.5,,1.08,us,usp000jxkz,2014-11-07T01:49:41.012Z,"5 km WNW of Kamalpur, India",earthquake,,22.7,,4.0,reviewed,us,us,2012-12-30,39362,India,2
2013-01-03 05:47:27.730000+00:00,24.886,94.002,73.8,4.77,mw,55.0,86.6,,0.8,us,usp000jxs4,2014-11-07T01:49:45.407Z,"10 km NE of Imph?l, India",earthquake,,5.7,,18.0,reviewed,us,us,2013-01-03,39356,India,2
2013-01-06 10:25:07.880000+00:00,1.884,89.682,8.4,5.11,mw,88.0,137.5,,0.86,us,usp000jxz5,2014-11-07T01:49:47.115Z,North Indian Ocean,earthquake,,16.4,,35.0,reviewed,us,us,2013-01-06,39280,North Indian Ocean,-1
2013-01-07 05:32:42.820000+00:00,28.216,94.242,10.0,4.6,mw,35.0,63.6,,0.84,us,usp000jy0m,2014-11-07T01:49:47.391Z,"37 km SSW of Shi Yomi, India",earthquake,,,,10.0,reviewed,us,us,2013-01-07,39371,India,-1
2013-01-09 01:41:53.260000+00:00,25.329,95.048,93.0,5.8,mww,482.0,14.7,,0.99,us,usp000jy3c,2024-06-17T20:55:42.290Z,"66 km SE of Phek, India",earthquake,,,,,reviewed,us,us,2013-01-09,39241,India,2
2013-01-11 09:10:14.980000+00:00,13.304,92.342,35.0,5.2,mw,114.0,51.7,,0.63,us,usp000jy7t,2014-11-07T01:49:48.893Z,"182 km NNW of Bamboo Flat, India",earthquake,,,,77.0,reviewed,us,us,2013-01-11,39263,India,1
2013-01-18 06:24:14.380000+00:00,2.37,89.187,10.0,4.85,mw,34.0,154.0,,1.03,us,usp000jyhs,2014-11-07T01:49:51.238Z,North Indian Ocean,earthquake,,,,7.0,reviewed,us,us,2013-01-18,39322,North Indian Ocean,-1
2013-01-31 20:31:00.640000+00:00,13.975,93.088,46.3,4.94,mw,30.0,58.6,,1.12,us,usc000ezb1,2014-11-07T01:49:55.362Z,"254 km N of Bamboo Flat, India",earthquake,,11.6,,6.0,reviewed,us,us,2013-01-31,39289,India,1
2013-02-04 01:19:28.890000+00:00,11.724,92.699,44.8,4.94,mw,112.0,56.5,,0.93,us,usp000jyzk,2014-11-07T01:50:00.441Z,"3 km NW of Bamboo Flat, India",earthquake,,4.4,,37.0,reviewed,us,us,2013-02-04,39291,India,1
2013-02-06 19:01:45.700000+00:00,34.247,80.424,16.6,5.2,mw,147.0,47.5,,0.95,us,usc000f2iq,2014-11-07T01:50:02.961Z,"261 km E of Leh, India",earthquake,,9.4,,64.0,reviewed,us,us,2013-02-06,39273,India,-1
2013-02-11 10:48:52.100000+00:00,30.969,78.268,10.0,4.94,mw,105.0,84.6,,0.94,us,usc000f5fv,2022-07-24T17:54:13.828Z,"18 km NNE of Barkot, India",earthquake,,,,35.0,reviewed,us,us,2013-02-11,39292,India,3
2013-02-19 17:16:47.680000+00:00,7.92,91.913,37.9,4.77,mw,37.0,98.2,,0.67,us,usp000jzeu,2014-11-07T01:50:09.844Z,"Nicobar Islands, India region",earthquake,,6.4,,12.0,reviewed,us,us,2013-02-19,39340,India,1
2013-02-24 14:33:21.710000+00:00,11.011,91.998,19.9,5.03,mw,58.0,74.2,,0.82,us,us2013maan,2014-11-07T01:50:11.342Z,"109 km SW of Port Blair, India",earthquake,,14.5,,17.0,reviewed,us,us,2013-02-24,39285,India,1
2013-02-24 15:16:42.440000+00:00,29.945,94.95,35.0,4.43,mw,14.0,212.9,,0.95,us,us2013maat,2014-11-07T01:50:11.380Z,"166 km NNE of Shi Yomi, India",earthquake,,,,7.0,reviewed,us,us,2013-02-24,39414,India,-1
2013-03-02 01:30:38.630000+00:00,24.677,92.222,38.7,5.2,mwb,268.0,18.8,,0.63,us,usc000ff4h,2022-07-24T19:30:33.038Z,"25 km SSW of Kar?mganj, India",earthquake,,,,,reviewed,us,us,2013-03-02,39271,India,2
2013-03-17 04:17:39.470000+00:00,29.101,95.869,27.0,4.77,mw,46.0,67.7,,0.75,us,us2013mwaf,2014-11-07T01:50:21.146Z,"126 km NNE of P?sigh?t, India",earthquake,,,,11.0,reviewed,us,us,2013-03-17,39532,India,-1
2013-03-20 02:10:26.630000+00:00,12.599,93.703,103.6,5.03,mw,79.0,73.0,,0.99,us,usb000fpdb,2014-11-07T01:50:21.836Z,"146 km NE of Bamboo Flat, India",earthquake,,5.3,,47.0,reviewed,us,us,2013-03-20,39462,India,1
2013-03-20 23:02:05.960000+00:00,14.37,93.123,32.0,4.68,mw,26.0,84.0,,1.39,us,us2013mza2,2014-11-07T01:50:22.119Z,"298 km N of Bamboo Flat, India",earthquake,,6.3,,15.0,reviewed,us,us,2013-03-20,39542,India,1
2013-04-15 11:34:39.540000+00:00,1.364,90.812,10.0,4.6,mw,18.0,181.8,,0.65,us,us2013pacj,2014-11-07T01:50:34.181Z,North Indian Ocean,earthquake,,,,4.0,reviewed,us,us,2013-04-15,39563,North Indian Ocean,-1
2013-04-16 01:23:23.420000+00:00,26.06,91.979,43.8,4.77,mw,61.0,63.0,,1.14,us,usb000g7ns,2022-07-24T23:37:52.889Z,"19 km ESE of Dispur, India",earthquake,,8.9,,34.0,reviewed,us,us,2013-04-16,39530,India,2
2013-04-16 08:34:14.090000+00:00,28.887,95.15,39.5,5.45,mw,230.0,15.0,,0.57,us,usb000g7uy,2014-11-07T01:50:34.430Z,"Arunachal Pradesh, India",earthquake,,3.4,,180.0,reviewed,us,us,2013-04-16,39432,India,-1
2013-04-17 03:01:38.230000+00:00,33.249,76.663,42.2,4.43,mw,35.0,145.0,,1.2,us,usp000k08v,2014-11-07T01:50:34.886Z,"31 km SW of Padam, India",earthquake,,10.5,,7.0,reviewed,us,us,2013-04-17,39594,India,3
2013-04-19 06:35:52.970000+00:00,27.333,87.853,47.1,4.6,mw,17.0,169.0,,1.03,us,us2013pedr,2014-11-07T01:50:35.824Z,"40 km W of Gyalshing, India",earthquake,,9.5,,6.0,reviewed,us,us,2013-04-19,39571,India,-1
2013-04-26 20:51:21.680000+00:00,1.145,91.849,15.1,4.43,mw,11.0,211.0,,1.77,us,us2013plcd,2014-11-07T01:50:38.997Z,North Indian Ocean,earthquake,,7.5,,2.0,reviewed,us,us,2013-04-26,39586,North Indian Ocean,-1
2013-04-27 05:16:56.250000+00:00,27.513,92.644,28.3,4.77,mw,43.0,74.0,,0.9,us,us2013pmce,2014-11-07T01:50:39.021Z,"35 km NE of Bomdila, India",earthquake,,6.0,,33.0,reviewed,us,us,2013-04-27,39540,India,2
2013-05-01 06:57:13.480000+00:00,33.061,75.863,15.0,5.7,mww,137.0,25.0,,1.11,us,usb000gjhz,2022-07-25T01:04:28.396Z,"16 km ENE of Bhadarw?h, India",earthquake,,,,,reviewed,us,us,2013-05-01,39429,India,3
2013-05-06 20:53:55.860000+00:00,13.151,92.244,32.6,4.77,mw,11.0,165.1,,0.83,us,usc000gpk4,2014-11-07T01:50:45.242Z,"168 km NNW of Bamboo Flat, India",earthquake,,31.4,,7.0,reviewed,us,us,2013-05-06,39508,India,1
2013-05-15 17:33:12.100000+00:00,8.385,92.298,43.9,4.43,mw,18.0,136.2,,1.37,us,usp000k0q5,2014-11-07T01:50:48.676Z,"Nicobar Islands, India region",earthquake,,15.6,,5.0,reviewed,us,us,2013-05-15,39586,India,1
2013-06-01 13:28:53.880000+00:00,22.02,88.572,10.0,4.51,mw,21.0,102.0,,1.0,us,usb000hbd2,2022-07-25T04:14:50.015Z,"22 km NE of Kultali, India",earthquake,,,,16.0,reviewed,us,us,2013-06-01,39580,India,-1
2013-06-04 17:24:20.240000+00:00,19.884,68.094,15.2,4.51,mw,27.0,154.0,,0.57,us,us2013rade,2014-11-07T01:51:00.787Z,"250 km SW of Porbandar, India",earthquake,,5.5,,18.0,reviewed,us,us,2013-06-04,39581,India,-1
2013-06-04 17:34:50.750000+00:00,32.672,76.601,41.1,5.2,mw,165.0,45.0,,0.99,us,usb000hd78,2022-07-25T04:25:18.105Z,"41 km WNW of Kyelang, India",earthquake,,5.7,,149.0,reviewed,us,us,2013-06-04,39459,India,3
2013-06-06 13:03:26+00:00,10.549,91.699,24.2,4.94,mw,50.0,57.0,,0.89,us,usc000hh4l,2014-11-07T01:51:01.732Z,"168 km SW of Port Blair, India",earthquake,,4.3,,40.0,reviewed,us,us,2013-06-06,39470,India,1
2013-06-26 05:48:47.180000+00:00,9.379,91.246,30.5,5.54,mw,107.0,46.0,,0.88,us,usc000i0ki,2014-11-07T01:51:07.554Z,"Nicobar Islands, India region",earthquake,,3.2,,109.0,reviewed,us,us,2013-06-26,39432,India,-1
2013-06-28 15:35:55.270000+00:00,10.623,93.507,109.7,5.11,mw,96.0,27.0,,1.01,us,usb000i2kc,2014-11-07T01:51:07.993Z,"142 km SE of Port Blair, India",earthquake,,3.7,,89.0,reviewed,us,us,2013-06-28,39459,India,1
2013-07-06 21:41:53.420000+00:00,25.937,93.412,48.9,4.51,mw,14.0,113.0,,0.55,us,usp000k1s8,2014-11-07T01:51:14.019Z,"10 km N of Diphu, India",earthquake,,5.7,,4.0,reviewed,us,us,2013-07-06,39581,India,2
2013-07-08 03:44:20.050000+00:00,23.84,91.359,10.1,4.51,mw,19.0,100.0,,1.15,us,usp000k1tj,2014-11-07T01:51:14.269Z,"0 km NW of R?n?r B?z?r, India",earthquake,,5.4,,12.0,reviewed,us,us,2013-07-08,39582,India,2
2013-07-09 13:49:18.870000+00:00,32.765,78.197,49.9,5.28,mw,144.0,41.0,,0.99,us,usb000i9y4,2014-11-07T01:51:14.566Z,"111 km ENE of Man?li, India",earthquake,,2.9,,110.0,reviewed,us,us,2013-07-09,39458,India,3
2013-07-11 04:34:46.260000+00:00,2.549,89.688,15.8,4.85,mw,16.0,179.0,,0.95,us,usp000k1w1,2014-11-07T01:51:15.433Z,North Indian Ocean,earthquake,,6.3,,6.0,reviewed,us,us,2013-07-11,39505,North Indian Ocean,-1
2013-07-11 23:25:59.490000+00:00,10.913,91.681,30.7,4.6,mw,41.0,104.0,,0.52,us,usp000k1x3,2014-11-07T01:51:15.589Z,"142 km SW of Bamboo Flat, India",earthquake,,5.9,,25.0,reviewed,us,us,2013-07-11,39563,India,1
2013-07-12 07:01:32.200000+00:00,26.267,90.7,48.2,4.51,mw,12.0,166.0,,0.63,us,usp000k1xk,2014-11-07T01:51:15.636Z,"6 km SSE of Abhay?puri, India",earthquake,,13.3,,8.0,reviewed,us,us,2013-07-12,39578,India,2
2013-07-24 19:51:54.990000+00:00,12.978,93.235,34.5,5.03,mw,44.0,148.0,,0.57,us,usb000ilwn,2014-11-07T01:51:20.090Z,"152 km NNE of Bamboo Flat, India",earthquake,,6.1,,33.0,reviewed,us,us,2013-07-24,39460,India,1
2013-07-29 02:26:29.740000+00:00,14.038,92.892,29.1,4.85,mw,32.0,68.0,,1.02,us,usc000ircx,2014-11-07T01:51:21.234Z,"259 km N of Bamboo Flat, India",earthquake,,5.2,,23.0,reviewed,us,us,2013-07-29,39479,India,1
2013-07-29 13:07:03+00:00,23.2863,70.4026,20.0,4.43,mw,,126.0,10.628,0.95,us,usb000iztl,2015-06-22T20:11:47.742Z,"6 km ESE of Bhach?u, India",earthquake,7.4,6.2,0.157,,reviewed,us,us,2013-07-29,39596,India,-1
2013-08-06 18:36:30.500000+00:00,23.3104,88.4902,35.88,4.85,mw,,112.0,3.802,0.76,us,usb000j2w5,2020-07-10T18:14:55.244Z,"9 km NE of Sh?ntipur, India",earthquake,,8.6,0.383,,reviewed,us,us,2013-08-06,39488,India,-1
2013-08-13 21:25:27.690000+00:00,25.5549,96.2594,57.67,4.68,mw,,111.0,3.977,0.69,us,usb000j2ka,2013-10-19T02:41:41.000Z,"90 km SW of Sarupathar, India",earthquake,,8.7,0.177,,reviewed,us,us,2013-08-13,39543,India,2
2013-08-15 16:34:04.620000+00:00,2.0602,89.7043,14.37,4.6,mw,,182.0,7.883,0.99,us,usb000ja9b,2013-10-19T02:41:43.000Z,North Indian Ocean,earthquake,,5.5,0.236,,reviewed,us,us,2013-08-15,39546,North Indian Ocean,-1
2013-08-15 16:51:35.710000+00:00,11.0299,95.039,22.65,4.94,mw,,56.0,2.335,0.8,us,usb000j3xu,2013-10-19T02:41:43.000Z,"259 km ESE of Port Blair, India",earthquake,,4.4,0.071,,reviewed,us,us,2013-08-15,39469,India,1
2013-08-16 05:04:37.140000+00:00,1.5925,89.3618,14.64,4.51,mw,,180.0,8.216,0.64,us,usb000ja9u,2013-10-19T02:41:46.000Z,North Indian Ocean,earthquake,,6.4,0.213,,reviewed,us,us,2013-08-16,39580,North Indian Ocean,-1
2013-08-16 19:22:24.190000+00:00,0.5451,91.7496,15.44,4.6,mw,,178.0,5.873,0.71,us,usb000j56f,2013-10-19T02:41:47.000Z,North Indian Ocean,earthquake,,5.0,0.121,,reviewed,us,us,2013-08-16,39558,North Indian Ocean,-1
2013-08-17 14:41:18.980000+00:00,11.183,93.3084,62.42,4.94,mw,,105.0,6.925,0.83,us,usb000j5jv,2013-10-19T02:41:48.000Z,"81 km SE of Port Blair, India",earthquake,,5.6,0.105,,reviewed,us,us,2013-08-17,39474,India,1
2013-08-21 08:41:51.110000+00:00,26.6379,92.5235,53.17,4.6,mw,,98.0,1.223,0.93,us,usb000j81c,2013-10-25T20:09:27.000Z,"8 km SSE of Dhekiajuli, India",earthquake,,8.4,0.159,,reviewed,us,us,2013-08-21,39545,India,2
2013-08-21 12:56:30.410000+00:00,24.5651,94.7308,95.01,4.6,mw,,117.0,2.791,1.44,us,usb000jc6e,2013-10-25T20:09:29.000Z,"67 km E of W?ngjing, India",earthquake,,6.8,0.215,,reviewed,us,us,2013-08-21,39545,India,2
2013-08-29 10:13:24.110000+00:00,31.4785,76.2727,38.33,4.77,mw,,146.0,3.335,0.84,us,usb000jd2p,2022-07-25T21:22:14.603Z,"1 km NNE of Una, India",earthquake,,6.6,0.139,,reviewed,us,us,2013-08-29,39510,India,-1
2013-08-31 21:06:34.490000+00:00,28.7788,94.4454,29.91,4.85,mw,,72.0,3.042,0.73,us,usb000jehx,2013-11-06T01:33:37.000Z,"28 km NNE of Shi Yomi, India",earthquake,,5.3,0.061,,reviewed,us,us,2013-08-31,39508,India,-1
2013-09-05 01:13:34.180000+00:00,9.3496,93.852,46.16,4.6,mw,,144.0,2.537,0.51,us,usb000ji46,2013-11-15T03:20:24.000Z,"283 km SSE of Port Blair, India",earthquake,,13.1,0.147,,reviewed,us,us,2013-09-05,39755,India,1
2013-09-05 18:11:28.600000+00:00,33.2221,75.404,10.24,4.85,mw,,116.0,1.836,0.8,us,usb000jirl,2013-11-15T03:20:25.000Z,"14 km NE of Batoti, India",earthquake,,2.8,0.156,,reviewed,us,us,2013-09-05,39660,India,3
2013-09-07 03:24:56.240000+00:00,25.3564,95.0718,81.93,4.85,mw,,73.0,2.914,0.74,us,usb000jkq0,2013-11-15T03:20:26.000Z,"66 km ESE of Phek, India",earthquake,,6.5,0.099,,reviewed,us,us,2013-09-07,39662,India,2
2013-09-09 11:58:16.360000+00:00,27.1438,92.3593,10.0,4.85,mw,,53.0,1.634,0.9,us,usb000jm0y,2013-11-15T03:20:29.000Z,"14 km SSW of Bomdila, India",earthquake,,1.8,0.088,,reviewed,us,us,2013-09-09,39662,India,2
2013-09-11 10:09:40.650000+00:00,10.4984,92.3039,27.68,4.85,mw,,94.0,1.228,0.95,us,usc000jrh5,2013-11-19T17:37:23.000Z,"137 km SSW of Port Blair, India",earthquake,,5.3,0.097,,reviewed,us,us,2013-09-11,39663,India,1
2013-09-26 05:30:05.660000+00:00,23.8621,93.2795,55.92,4.94,mw,,162.0,6.127,0.58,us,usb000k60p,2013-12-13T09:00:33.000Z,"39 km ESE of Darlawn, India",earthquake,,7.7,0.146,,reviewed,us,us,2013-09-26,39652,India,2
2013-09-28 19:50:32.960000+00:00,24.8368,94.7407,91.29,4.6,mw,,108.0,2.712,0.63,us,usb000k1re,2013-12-13T09:00:36.000Z,"72 km ENE of Yairipok, India",earthquake,,6.6,0.105,,reviewed,us,us,2013-09-28,39737,India,2
2013-09-29 19:55:15.100000+00:00,2.7257,89.5044,10.0,4.77,mw,,159.0,8.188,0.68,us,usb000k63d,2013-12-13T09:00:36.000Z,North Indian Ocean,earthquake,,1.6,0.139,,reviewed,us,us,2013-09-29,39694,North Indian Ocean,-1
2013-10-01 13:30:59.420000+00:00,3.1757,89.4949,14.3,4.94,mw,,115.0,7.706,0.67,us,usb000k3my,2013-12-19T02:51:32.000Z,North Indian Ocean,earthquake,,4.3,0.097,,reviewed,us,us,2013-10-01,39647,North Indian Ocean,-1
2013-10-03 06:12:39.140000+00:00,27.2898,88.4022,9.87,5.45,mw,,37.0,3.395,0.61,us,usb000k57j,2022-07-25T23:12:46.780Z,"11 km WNW of Singtam, India",earthquake,,2.4,0.044,,reviewed,us,us,2013-10-03,39605,India,-1
2013-10-06 06:59:11.030000+00:00,12.9734,92.981,35.19,4.85,mw,,93.0,1.33,1.14,us,usb000k7lw,2013-12-19T02:51:36.000Z,"143 km NNE of Bamboo Flat, India",earthquake,,3.0,0.118,,reviewed,us,us,2013-10-06,39673,India,1
2013-10-07 08:43:40.260000+00:00,1.6948,91.3403,10.0,4.94,mw,,174.0,6.245,1.1,us,usb000kdfc,2013-12-19T02:51:37.000Z,North Indian Ocean,earthquake,,2.0,0.316,,reviewed,us,us,2013-10-07,39654,North Indian Ocean,-1
2013-10-07 20:53:58.620000+00:00,26.2602,92.9225,7.87,4.6,mw,,64.0,1.183,1.04,us,usb000kdfs,2013-12-19T02:51:38.000Z,"29 km NNE of Hoj?i, India",earthquake,,4.7,0.175,,reviewed,us,us,2013-10-07,39728,India,2
2013-10-08 09:31:11+00:00,9.7794,93.8132,35.0,4.94,mw,,71.0,8.112,0.99,us,usb000kdg7,2013-12-24T01:42:56.000Z,"239 km SSE of Port Blair, India",earthquake,,1.9,0.105,,reviewed,us,us,2013-10-08,39650,India,1
2013-10-15 00:41:03.450000+00:00,10.6106,91.4722,10.0,4.94,mw,,124.0,1.623,0.92,us,usb000kiwf,2013-12-30T23:41:07.000Z,"181 km SW of Bamboo Flat, India",earthquake,,1.9,0.158,,reviewed,us,us,2013-10-15,39646,India,1
2013-10-20 19:45:07.850000+00:00,35.7595,77.4189,96.76,5.62,mw,,47.0,4.014,0.72,us,usb000khnw,2025-12-22T17:16:10.043Z,"108 km NNE of Thang, India",earthquake,,5.1,0.047,,reviewed,us,us,2013-10-20,39601,India,-1
2013-10-21 02:27:13.710000+00:00,35.3406,77.0837,48.7,5.4,mwb,,20.0,3.573,1.13,us,usb000khr2,2022-05-03T17:54:28.260Z,"52 km NNE of Thang, India",earthquake,,4.6,0.065,,reviewed,us,us,2013-10-21,39607,India,-1
2013-10-24 17:57:36.970000+00:00,14.2917,93.0654,23.0,5.4,mwb,,19.0,2.638,0.91,us,usc000kmdj,2022-05-03T16:30:26.250Z,"289 km N of Bamboo Flat, India",earthquake,,1.7,0.042,,reviewed,us,us,2013-10-24,39622,India,1
2013-10-26 00:05:03.550000+00:00,33.1049,75.9359,41.6,4.85,mw,,101.0,2.297,0.68,us,usc000knei,2014-01-03T00:32:54.000Z,"24 km NE of Bhadarw?h, India",earthquake,,6.9,0.084,,reviewed,us,us,2013-10-26,39677,India,3
2013-10-28 01:08:09.480000+00:00,25.2388,95.5348,44.81,4.43,mw,,166.0,3.343,0.75,us,usb000ky9i,2014-01-03T00:32:56.000Z,"114 km ESE of Phek, India",earthquake,,16.3,0.299,,reviewed,us,us,2013-10-28,39778,India,2
2013-10-28 07:34:46.900000+00:00,8.5861,93.4763,36.19,4.85,mw,,98.0,3.134,1.15,us,usc000kpkb,2014-01-03T00:32:56.000Z,"Nicobar Islands, India region",earthquake,,6.8,0.121,,reviewed,us,us,2013-10-28,39669,India,1
2013-11-03 06:54:07.290000+00:00,10.5493,92.8679,54.51,5.11,mw,,46.0,1.106,0.87,us,usb000kry8,2014-01-10T10:03:44.000Z,"124 km S of Port Blair, India",earthquake,,6.0,0.065,,reviewed,us,us,2013-11-03,39629,India,1
2013-11-05 13:53:08.110000+00:00,1.8498,90.9985,17.26,4.85,mw,,179.0,6.596,0.86,us,usb000kyj8,2014-01-17T00:29:09.000Z,North Indian Ocean,earthquake,,5.6,0.312,,reviewed,us,us,2013-11-05,39663,North Indian Ocean,-1
2013-11-05 20:47:06.510000+00:00,1.8252,89.6563,9.66,5.1,mwb,,35.0,9.3,0.83,us,usb000kt4b,2025-12-22T16:44:18.957Z,North Indian Ocean,earthquake,,3.2,0.071,,reviewed,us,us,2013-11-05,39632,North Indian Ocean,-1
2013-11-06 04:16:16.060000+00:00,26.4118,93.6451,34.32,5.62,mw,,25.0,1.816,0.96,us,usb000ktbm,2022-07-26T01:04:27.812Z,"24 km SSW of Num?ligarh, India",earthquake,,2.4,0.045,,reviewed,us,us,2013-11-06,39601,India,2
2013-11-06 14:53:14.040000+00:00,31.726,76.1301,41.11,4.77,mw,,120.0,3.082,0.97,us,usb000ktgz,2022-07-26T01:06:56.194Z,"9 km NE of Gagret, India",earthquake,,6.3,0.112,,reviewed,us,us,2013-11-06,39691,India,-1
2013-11-12 19:52:14.180000+00:00,24.4844,94.6661,88.79,4.77,mw,,35.0,2.767,1.18,us,usb000kwcc,2014-01-31T21:22:17.000Z,"62 km E of W?ngjing, India",earthquake,,6.7,0.082,,reviewed,us,us,2013-11-12,39693,India,2
2013-11-15 22:21:08.700000+00:00,34.5371,77.7468,30.76,4.6,mw,,104.0,3.819,1.34,us,usb000kzjv,2014-01-31T21:22:21.000Z,"43 km NNE of Leh, India",earthquake,,6.3,0.146,,reviewed,us,us,2013-11-15,39740,India,-1
2013-11-16 01:00:05.550000+00:00,2.2304,89.7107,9.94,4.68,mw,,115.0,7.81,0.65,us,usb000l3l9,2014-01-31T21:22:21.000Z,North Indian Ocean,earthquake,,2.7,0.126,,reviewed,us,us,2013-11-16,39716,North Indian Ocean,-1
2013-11-20 10:09:18.430000+00:00,12.3975,95.1481,10.26,5.5,mwb,,32.0,7.0,0.86,us,usb000l2rk,2022-05-03T16:33:54.354Z,"273 km ENE of Port Blair, India",earthquake,,2.2,0.048,,reviewed,us,us,2013-11-20,39603,India,1
2013-11-27 17:29:33.670000+00:00,26.2586,96.153,89.8,4.85,mw,,95.0,3.93,0.81,us,usb000la0x,2014-02-12T01:08:35.000Z,"65 km W of Sarupathar, India",earthquake,,10.3,0.181,,reviewed,us,us,2013-11-27,39686,India,2
2013-11-29 01:54:49.070000+00:00,28.8721,95.8701,35.15,5.28,mw,,40.0,4.225,0.63,us,usb000l7uv,2022-07-26T02:40:25.125Z,"103 km NNE of P?sigh?t, India",earthquake,,3.8,0.056,,reviewed,us,us,2013-11-29,39624,India,-1
2013-12-04 03:59:16.650000+00:00,13.8291,92.9508,32.44,5.03,mw,,81.0,6.269,0.85,us,usb000lb11,2014-02-15T01:32:08.000Z,"236 km N of Bamboo Flat, India",earthquake,,5.0,0.082,,reviewed,us,us,2013-12-04,39633,India,1
2013-12-04 13:05:19.880000+00:00,26.5885,89.5628,13.6,5.03,mw,,73.0,2.299,0.87,us,usb000lb7b,2022-07-26T02:59:33.636Z,"12 km NNE of Al?pur Du?r, India",earthquake,,2.0,0.076,,reviewed,us,us,2013-12-04,39633,India,-1
2013-12-06 10:09:01.050000+00:00,32.8918,78.6622,41.12,4.68,mw,,99.0,4.581,1.0,us,usb000lcjj,2014-02-15T01:32:11.000Z,"156 km ENE of Man?li, India",earthquake,,8.4,0.178,,reviewed,us,us,2013-12-06,39696,India,3
2013-12-07 01:06:38.870000+00:00,11.4417,93.7452,154.3,4.94,mw,,53.0,1.004,0.72,us,usb000ld6f,2014-02-15T01:32:11.000Z,"111 km ESE of Port Blair, India",earthquake,,4.9,0.095,,reviewed,us,us,2013-12-07,39634,India,1
2013-12-09 07:39:37.860000+00:00,9.6129,92.9987,34.98,5.2,mw,,70.0,2.045,0.89,us,usb000ldyr,2014-02-15T01:32:14.000Z,"228 km S of Port Blair, India",earthquake,,1.8,0.061,,reviewed,us,us,2013-12-09,39625,India,1
2013-12-29 11:49:53.110000+00:00,11.7702,95.5246,21.93,4.51,mw,,135.0,2.725,0.48,us,usc000m09m,2014-02-28T08:44:12.000Z,"Andaman Islands, India region",earthquake,,2.1,0.303,,reviewed,us,us,2013-12-29,39757,India,1
2014-01-10 21:40:36+00:00,28.2474,93.3721,15.05,4.51,mw,,65.0,2.444,1.19,us,usb000m7f8,2014-03-15T03:39:02.000Z,"85 km NNW of Ziro, India",earthquake,,4.3,0.127,19.0,reviewed,us,us,2014-01-10,39770,India,-1
2014-01-19 07:17:10.460000+00:00,1.3452,91.5139,10.04,5.2,mw,,33.0,6.06,0.85,us,usb000m44r,2014-03-22T00:05:23.000Z,North Indian Ocean,earthquake,,2.3,0.058,99.0,reviewed,us,us,2014-01-19,39627,North Indian Ocean,-1
2014-01-20 13:18:26.930000+00:00,22.1231,92.7127,32.08,4.51,mw,,124.0,1.133,0.43,us,usc000mi0d,2014-03-22T00:05:26.000Z,"49 km SW of Saiha, India",earthquake,,5.8,0.37,2.0,reviewed,us,us,2014-01-20,39756,India,2
2014-01-22 05:22:01.180000+00:00,34.2849,79.7826,43.74,4.6,mw,,135.0,5.449,0.72,us,usb000m63t,2014-03-27T18:15:34.000Z,"203 km E of Leh, India",earthquake,,7.0,0.186,8.0,reviewed,us,us,2014-01-22,39738,India,-1
2014-02-06 15:07:53.130000+00:00,27.4652,96.9988,47.88,4.85,mw,,75.0,4.98,0.94,us,usc000mj84,2014-04-22T18:30:06.000Z,"80 km SSE of Hayuliang, India",earthquake,,7.8,0.106,28.0,reviewed,us,us,2014-02-06,39672,India,2
2014-02-07 03:15:20.800000+00:00,11.8466,94.8755,61.21,4.85,mw,,109.0,2.096,1.2,us,usc000mjuy,2014-04-22T18:30:07.000Z,"232 km E of Port Blair, India",earthquake,,6.5,0.105,35.0,reviewed,us,us,2014-02-07,39684,India,1
2014-02-08 04:26:42.540000+00:00,8.7287,92.067,30.02,4.43,mw,,206.0,2.983,0.51,us,usc000mvj2,2014-04-22T18:30:09.000Z,"Nicobar Islands, India region",earthquake,,8.0,0.211,8.0,reviewed,us,us,2014-02-08,39775,India,1
2014-02-21 06:46:47.260000+00:00,30.0104,76.1747,16.02,4.94,mw,,146.0,4.391,0.82,us,usb000n1g8,2020-07-10T18:27:37.267Z,"18 km ESE of Dirba, India",earthquake,,4.9,0.223,6.0,reviewed,us,us,2014-02-21,39654,India,-1
2014-02-26 20:58:55.070000+00:00,24.4736,93.7131,59.51,4.77,mw,,94.0,2.005,0.68,us,usc000mypg,2014-05-13T21:36:42.000Z,"7 km WSW of Moir?ng, India",earthquake,,7.7,0.109,24.0,reviewed,us,us,2014-02-26,39691,India,2
2014-03-01 06:06:28.310000+00:00,11.0427,91.8594,29.74,4.94,mw,,232.0,1.06,1.2,us,usc000n8xu,2014-05-13T21:36:46.000Z,"118 km SW of Bamboo Flat, India",earthquake,,10.4,0.222,6.0,reviewed,us,us,2014-03-01,39641,India,1
2014-03-08 13:09:02.340000+00:00,34.452,80.1638,36.09,4.77,mw,,133.0,5.779,1.18,us,usc000nnq9,2014-05-15T02:23:42.000Z,"239 km E of Leh, India",earthquake,,7.7,0.17,12.0,reviewed,us,us,2014-03-08,39847,India,-1
2014-03-11 11:23:54.090000+00:00,13.6975,92.9178,35.0,5.11,mw,,56.0,2.036,1.08,us,usc000n7lq,2014-05-15T02:24:25.000Z,"222 km N of Bamboo Flat, India",earthquake,,1.9,0.071,67.0,reviewed,us,us,2014-03-11,39805,India,1
2014-03-15 05:09:12.070000+00:00,23.8952,93.8661,63.44,4.68,mw,,115.0,2.377,1.07,us,usc000nnyl,2014-05-16T21:51:41.000Z,"52 km SSE of Chur?ch?ndpur, India",earthquake,,8.5,0.217,8.0,reviewed,us,us,2014-03-15,39921,India,2
2014-03-18 12:48:43.290000+00:00,12.8824,95.5253,35.0,4.6,mw,,107.0,6.418,0.82,us,usc000nswq,2014-05-16T21:51:48.000Z,"Andaman Islands, India region",earthquake,,2.0,0.236,6.0,reviewed,us,us,2014-03-18,39928,India,1
2014-03-19 14:02:13.300000+00:00,13.9102,94.0153,34.2,4.77,mw,,194.0,6.281,0.69,us,usc000nujm,2014-05-24T00:54:33.000Z,"282 km NNE of Bamboo Flat, India",earthquake,,6.7,0.24,6.0,reviewed,us,us,2014-03-19,39882,India,1
2014-03-21 12:39:54.180000+00:00,24.1764,94.2542,60.59,4.43,mw,,159.0,6.171,0.46,us,usc000njr9,2014-05-24T00:54:36.000Z,"45 km SE of Kakching, India",earthquake,,9.2,0.134,16.0,reviewed,us,us,2014-03-21,39953,India,2
2014-03-21 13:52:20.150000+00:00,7.6135,94.4067,10.0,5.11,mw,,79.0,6.641,1.16,us,usc000nuyg,2014-05-24T00:54:36.000Z,"Nicobar Islands, India region",earthquake,,1.5,0.168,14.0,reviewed,us,us,2014-03-21,39804,India,-1
2014-03-21 14:05:07.740000+00:00,7.2328,94.1691,10.0,4.94,mw,,178.0,6.539,0.65,us,usc000nuzg,2014-05-24T00:54:37.000Z,"Nicobar Islands, India region",earthquake,,2.0,0.385,2.0,reviewed,us,us,2014-03-21,39822,India,-1
2014-03-26 14:31:25.890000+00:00,25.9277,96.7983,50.45,4.51,mw,,121.0,6.273,1.0,us,usc000p5a5,2014-05-29T23:32:05.000Z,"30 km S of Sarupathar, India",earthquake,,5.8,0.198,9.0,reviewed,us,us,2014-03-26,39932,India,2
2014-03-27 04:00:15.540000+00:00,4.1909,86.7252,12.96,5.62,mw,,90.0,10.239,1.04,us,usc000nsgu,2025-12-22T16:53:53.376Z,North Indian Ocean,earthquake,,4.5,0.083,50.0,reviewed,us,us,2014-03-27,39795,North Indian Ocean,-1
2014-03-28 03:09:53.690000+00:00,26.4089,95.8483,97.33,4.51,mw,,114.0,3.689,0.83,us,usc000nu6m,2014-05-29T23:32:06.000Z,"72 km SSE of Khonsa, India",earthquake,,7.5,0.157,20.0,reviewed,us,us,2014-03-28,39942,India,2
2014-04-01 17:45:04.700000+00:00,26.2313,92.9947,41.23,4.77,mw,,78.0,3.746,0.96,us,usc000nz4i,2014-05-29T23:32:12.000Z,"28 km NNE of Hoj?i, India",earthquake,,8.1,0.082,47.0,reviewed,us,us,2014-04-01,39879,India,2
2014-04-04 06:57:43.460000+00:00,23.0504,93.1676,41.45,4.6,mw,,102.0,1.454,1.24,us,usc000p4ip,2014-06-11T06:06:07.000Z,"13 km SE of North Vanlaiphai, India",earthquake,,8.0,0.125,20.0,reviewed,us,us,2014-04-04,39931,India,2
2014-04-06 06:37:58.910000+00:00,25.461,93.8616,52.33,4.77,mw,,60.0,3.434,1.03,us,usc000p7dd,2014-06-11T06:06:10.000Z,"34 km SW of Koh?ma, India",earthquake,,7.4,0.102,32.0,reviewed,us,us,2014-04-06,39883,India,2
2014-04-11 00:45:05.810000+00:00,12.2036,93.1363,68.97,5.11,mw,,90.0,7.886,1.03,us,usc000pfib,2014-07-01T02:37:55.000Z,"72 km NE of Bamboo Flat, India",earthquake,,6.4,0.067,72.0,reviewed,us,us,2014-04-11,39809,India,1
2014-04-14 11:07:21.110000+00:00,11.0186,93.4677,148.61,4.6,mw,,179.0,0.951,0.67,us,usb000qq46,2014-07-01T02:38:08.000Z,"106 km SE of Port Blair, India",earthquake,,8.4,0.186,9.0,reviewed,us,us,2014-04-14,39930,India,1
2014-04-19 08:29:20.330000+00:00,34.1021,76.2379,34.0,4.51,mw,,133.0,2.511,1.1,us,usb000pr2b,2014-07-04T01:33:55.000Z,"51 km SSE of Kargil, India",earthquake,,6.2,0.185,8.0,reviewed,us,us,2014-04-19,39944,India,3
2014-05-09 20:23:23.760000+00:00,13.4908,93.505,51.61,4.68,mw,,83.0,1.969,0.57,us,usb000r6k6,2014-08-06T00:55:28.000Z,"215 km NNE of Bamboo Flat, India",earthquake,,8.2,0.116,23.0,reviewed,us,us,2014-05-09,39887,India,1
2014-05-21 16:21:54.350000+00:00,18.2012,88.0376,47.23,6.0,mww,,38.0,5.59,0.63,us,usb000qy82,2022-07-26T15:30:47.952Z,"276 km SE of Kon?rka, India",earthquake,,3.7,,,reviewed,us,us,2014-05-21,39785,India,-1
2014-05-28 03:19:11.050000+00:00,25.2405,95.1224,97.0,4.77,mw,,90.0,4.079,0.86,us,usb000r69q,2014-08-26T01:21:01.000Z,"78 km SE of Phek, India",earthquake,,5.0,0.085,40.0,reviewed,us,us,2014-05-28,39885,India,2
2014-05-30 06:37:48.980000+00:00,26.5567,90.227,10.0,4.43,mw,,146.0,1.766,1.15,us,usc000rgqv,2014-08-26T01:21:04.000Z,"17 km NNW of Kokrajhar, India",earthquake,,1.9,0.129,16.0,reviewed,us,us,2014-05-30,39951,India,2
2014-06-01 10:07:12.510000+00:00,2.017,89.7759,20.0,5.7,mww,,14.0,7.828,0.95,us,usc000r9t0,2022-05-03T16:53:17.438Z,North Indian Ocean,earthquake,,1.7,,,reviewed,us,us,2014-06-01,39792,North Indian Ocean,-1
2014-06-09 17:40:23.230000+00:00,24.1878,91.5293,31.79,4.51,mw,,127.0,1.404,0.78,us,usc000rn31,2014-08-30T17:02:54.000Z,"13 km NNW of Khowai, India",earthquake,,5.8,0.158,11.0,reviewed,us,us,2014-06-09,39947,India,2
2014-06-10 19:45:45.760000+00:00,10.9021,91.8209,27.97,4.43,mw,,197.0,1.175,0.38,us,usc000rlqs,2014-08-30T17:02:52.000Z,"131 km SW of Port Blair, India",earthquake,,7.4,0.183,8.0,reviewed,us,us,2014-06-10,39957,India,1
2014-06-13 13:32:52.870000+00:00,33.292,75.5807,42.74,5.28,mw,,91.0,1.965,1.14,us,usc000rf2p,2022-05-03T16:54:36.331Z,"16 km N of Doda, India",earthquake,,5.2,0.062,87.0,reviewed,us,us,2014-06-13,39798,India,3
2014-06-14 05:24:27.440000+00:00,26.8748,92.5167,10.0,4.68,mw,,91.0,3.072,1.21,us,usc000rfff,2014-09-12T15:47:28.000Z,"15 km WNW of Rang?p?ra, India",earthquake,,1.9,0.142,18.0,reviewed,us,us,2014-06-14,39900,India,2
2014-06-16 21:30:01.230000+00:00,10.3833,93.925,73.8,4.77,mw,,136.0,5.931,0.76,us,usc000rmsq,2014-09-12T15:48:06.000Z,"191 km SE of Port Blair, India",earthquake,,10.0,0.127,20.0,reviewed,us,us,2014-06-16,39859,India,1
2014-06-18 03:04:09.550000+00:00,24.7211,95.1007,101.17,4.68,mw,,86.0,3.058,1.19,us,usc000rh4v,2014-09-19T17:22:41.000Z,"105 km E of W?ngjing, India",earthquake,,7.8,0.169,13.0,reviewed,us,us,2014-06-18,39924,India,2
2014-07-01 20:06:29.070000+00:00,25.0114,94.1629,69.7,4.68,mw,,118.0,2.16,0.72,us,usb000rvv3,2014-09-26T11:49:52.000Z,"31 km NE of Imph?l, India",earthquake,,7.9,0.168,10.0,reviewed,us,us,2014-07-01,39905,India,2
2014-07-06 14:48:13.060000+00:00,30.3227,80.3415,43.73,4.51,mw,,146.0,6.862,1.11,us,usc000rqyt,2014-10-04T19:59:57.000Z,"55 km NNW of Dh?rchula, India",earthquake,,6.9,0.213,7.0,reviewed,us,us,2014-07-06,39950,India,3
2014-07-22 23:35:15.370000+00:00,26.2364,89.5355,14.91,4.43,mw,,146.0,2.193,1.26,us,usb000rwbx,2014-10-17T21:12:15.000Z,"13 km SE of Koch Bih?r, India",earthquake,,5.2,0.156,16.0,reviewed,us,us,2014-07-22,39956,India,-1
2014-07-25 04:56:16.680000+00:00,33.1264,76.3749,17.03,4.43,mw,,148.0,2.65,0.83,us,usb000rx2e,2014-10-25T01:49:35.000Z,"60 km ESE of Kishtw?r, India",earthquake,,5.0,0.298,5.0,reviewed,us,us,2014-07-25,39954,India,3
2014-07-29 07:07:07.130000+00:00,14.3603,93.0904,12.0,5.3,mwb,,28.0,2.709,1.18,us,usb000ry7u,2022-05-03T16:57:35.039Z,"297 km N of Bamboo Flat, India",earthquake,,1.7,0.046,46.0,reviewed,us,us,2014-07-29,39796,India,1
2014-07-31 13:41:00.830000+00:00,12.4337,95.2033,10.0,5.8,mww,,61.0,2.527,0.98,us,usb000ryuh,2022-05-03T17:17:22.968Z,"280 km ENE of Port Blair, India",earthquake,,1.8,,,reviewed,us,us,2014-07-31,39788,India,1
2014-08-01 16:20:21.740000+00:00,12.0898,95.6271,25.63,4.51,mw,,174.0,5.229,0.89,us,usb000s2pg,2014-10-29T19:52:53.000Z,"Andaman Islands, India region",earthquake,,8.7,0.262,4.0,reviewed,us,us,2014-08-01,39946,India,1
2014-08-02 16:18:59.530000+00:00,11.8708,93.6433,129.36,5.03,mw,,40.0,0.906,0.78,us,usb000rzhf,2014-10-29T19:52:54.000Z,"100 km ENE of Port Blair, India",earthquake,,5.2,0.069,63.0,reviewed,us,us,2014-08-02,39812,India,1
2014-08-09 22:18:37.270000+00:00,10.5702,91.7169,29.52,4.77,mw,,60.0,1.476,0.65,us,usb000s4ws,2014-11-07T21:47:37.000Z,"165 km SW of Port Blair, India",earthquake,,5.2,0.099,31.0,reviewed,us,us,2014-08-09,39870,India,1
2014-08-10 15:36:29.400000+00:00,1.6087,89.3284,14.97,4.77,mw,,181.0,10.274,0.17,us,usb000s507,2014-11-07T21:47:38.000Z,North Indian Ocean,earthquake,,6.1,0.379,6.0,reviewed,us,us,2014-08-10,39866,North Indian Ocean,-1
2014-08-12 20:52:06.470000+00:00,9.2284,93.5937,105.45,5.2,mw,,38.0,2.552,0.82,us,usb000s28b,2014-11-07T21:47:41.000Z,"285 km SSE of Port Blair, India",earthquake,,4.3,0.053,116.0,reviewed,us,us,2014-08-12,39803,India,1
2014-08-14 06:02:36.050000+00:00,1.4047,91.5381,10.0,4.85,mw,,175.0,6.036,0.23,us,usb000s69v,2014-11-15T04:07:07.000Z,North Indian Ocean,earthquake,,1.9,0.384,5.0,reviewed,us,us,2014-08-14,39827,North Indian Ocean,-1
2014-08-16 16:39:55.170000+00:00,24.593,94.5693,91.24,5.28,mw,,32.0,2.644,0.95,us,usb000s3dx,2022-07-26T22:23:46.385Z,"51 km E of W?ngjing, India",earthquake,,5.6,0.057,104.0,reviewed,us,us,2014-08-16,39798,India,2
2014-08-17 20:34:32.440000+00:00,23.6717,91.4071,38.0,4.51,mw,,111.0,1.93,1.14,us,usc000s7yq,2014-11-15T04:07:13.000Z,"7 km NE of Barjala, India",earthquake,,7.1,0.213,8.0,reviewed,us,us,2014-08-17,39940,India,2
2014-08-20 08:05:03.110000+00:00,27.5614,92.5625,38.3,4.51,mw,,110.0,2.084,0.66,us,usc000s8xh,2014-11-22T02:06:23.000Z,"Arunachal Pradesh, India",earthquake,11.6,9.6,0.214,11.0,reviewed,us,us,2014-08-20,39939,India,2
2014-08-21 08:11:18.820000+00:00,32.3289,76.4266,10.0,5.2,mw,,45.0,2.963,0.75,us,usb000s4v3,2022-07-26T22:54:51.614Z,"15 km NE of Dharamsala, India",earthquake,7.6,1.8,0.05,134.0,reviewed,us,us,2014-08-21,39798,India,3
2014-08-23 19:58:43.750000+00:00,8.4186,93.4851,88.46,5.03,mw,,39.0,3.298,0.81,us,usb000s5qq,2014-11-22T02:06:30.000Z,"Nicobar Islands, India region",earthquake,7.8,5.8,0.069,63.0,reviewed,us,us,2014-08-23,39814,India,1
2014-08-24 08:29:31.740000+00:00,30.0384,79.9591,10.0,4.77,mw,,68.0,6.734,0.81,us,usb000s5ta,2014-11-22T02:06:32.000Z,"28 km NE of B?geshwar, India",earthquake,8.7,1.9,0.11,24.0,reviewed,us,us,2014-08-24,39868,India,3
2014-08-26 18:05:02.680000+00:00,8.2661,91.8534,29.61,4.94,mw,,170.0,3.48,0.91,us,usb000s9rx,2014-11-22T02:06:37.000Z,"Nicobar Islands, India region",earthquake,10.9,6.6,0.244,6.0,reviewed,us,us,2014-08-26,39819,India,1
2014-08-27 13:15:43.480000+00:00,2.5322,89.7118,14.83,4.77,mw,,169.0,7.699,0.62,us,usb000sads,2014-11-29T00:09:16.000Z,North Indian Ocean,earthquake,10.2,4.5,0.162,12.0,reviewed,us,us,2014-08-27,39878,North Indian Ocean,-1
2014-09-08 13:11:00.360000+00:00,14.2877,92.8678,27.77,4.94,mw,,66.0,2.618,0.81,us,usb000sabl,2014-12-05T23:36:39.040Z,"286 km N of Bamboo Flat, India",earthquake,7.9,4.2,0.098,44.0,reviewed,us,us,2014-09-08,40015,India,1
2014-09-09 01:47:40.080000+00:00,7.9281,91.9296,29.83,4.85,mw,,52.0,8.656,0.49,us,usb000sdza,2014-12-05T23:36:40.040Z,"Nicobar Islands, India region",earthquake,7.3,5.1,0.11,29.0,reviewed,us,us,2014-09-09,40052,India,1
2014-09-09 09:28:22.190000+00:00,22.1989,93.244,10.0,5.4,mwb,,24.0,3.585,0.87,us,usb000samy,2022-07-27T01:19:59.293Z,"42 km SE of Saiha, India",earthquake,7.2,1.7,0.089,12.0,reviewed,us,us,2014-09-09,39970,India,2
2014-09-09 23:11:50.690000+00:00,10.6033,91.7456,27.11,4.43,mw,,87.0,1.433,0.52,us,usb000se03,2014-12-05T23:36:41.040Z,"160 km SW of Port Blair, India",earthquake,7.8,6.8,0.211,9.0,reviewed,us,us,2014-09-09,40137,India,1
2014-09-12 07:56:41.570000+00:00,25.6524,89.9947,15.0,4.51,mw,,132.0,1.682,0.68,us,usb000sf6i,2014-12-08T23:30:57.040Z,"18 km NE of Mank?char, India",earthquake,6.0,6.4,0.174,10.0,reviewed,us,us,2014-09-12,40125,India,2
2014-09-12 13:06:33.630000+00:00,8.5661,92.5561,39.08,5.28,mw,,92.0,3.075,0.93,us,usb000sbrr,2014-12-08T23:30:58.040Z,"Nicobar Islands, India region",earthquake,8.1,6.2,0.084,56.0,reviewed,us,us,2014-09-12,39973,India,1
2014-09-13 03:31:26.050000+00:00,27.737,92.9356,51.18,4.51,mw,,59.0,2.367,0.68,us,usb000sfhk,2014-12-08T23:30:58.040Z,"72 km NE of Bomdila, India",earthquake,8.4,8.2,0.185,14.0,reviewed,us,us,2014-09-13,40124,India,2
2014-09-15 05:16:35.060000+00:00,6.7624,91.8773,35.0,4.85,mw,,99.0,4.936,0.64,us,usb000scek,2014-12-08T23:31:01.040Z,"Nicobar Islands, India region",earthquake,8.3,1.9,0.089,40.0,reviewed,us,us,2014-09-15,40042,India,1
2014-09-21 01:46:09.280000+00:00,29.8495,95.2495,26.68,4.51,mw,,114.0,3.586,0.95,us,usb000shqs,2014-12-19T00:05:24.040Z,"169 km NNE of Shi Yomi, India",earthquake,13.8,7.3,0.175,12.0,reviewed,us,us,2014-09-21,40123,India,-1
2014-09-22 20:49:10.820000+00:00,34.2939,73.9193,26.73,5.03,mw,,94.0,0.839,0.75,us,usb000sf2b,2022-07-27T02:56:46.145Z,"26 km NNW of Uri, India",earthquake,7.2,5.0,0.076,57.0,reviewed,us,us,2014-09-22,40008,India,3
2014-09-24 00:59:17.040000+00:00,14.0956,93.1949,40.58,4.68,mw,,93.0,2.464,0.74,us,usb000sff0,2014-12-20T00:53:55.040Z,"270 km N of Bamboo Flat, India",earthquake,8.1,5.7,0.129,22.0,reviewed,us,us,2014-09-24,40071,India,1
2014-09-26 04:21:24.080000+00:00,12.5193,95.2254,20.22,5.5,mwc,,18.0,2.574,0.69,us,usb000sg5e,2022-05-03T17:02:37.866Z,"285 km ENE of Port Blair, India",earthquake,6.2,2.6,,,reviewed,us,gcmt,2014-09-26,39970,India,1
2014-10-08 00:22:53.570000+00:00,10.8841,92.7316,49.34,4.43,mw,,217.0,0.766,0.88,us,usb000sngr,2015-01-06T23:49:46.040Z,"86 km S of Port Blair, India",earthquake,15.1,11.6,0.519,5.0,reviewed,us,us,2014-10-08,40137,India,1
2014-10-11 08:13:37.870000+00:00,34.3887,79.2005,35.0,4.85,mw,,115.0,4.98,0.59,us,usb000sl0g,2015-01-06T23:49:51.040Z,"150 km E of Leh, India",earthquake,8.5,2.0,0.131,19.0,reviewed,us,us,2014-10-11,40039,India,-1
2014-10-12 03:32:46.310000+00:00,12.8728,93.8655,136.26,5.2,mw,,19.0,1.632,0.8,us,usb000sl7f,2025-12-22T16:49:49.383Z,"180 km NE of Bamboo Flat, India",earthquake,7.5,4.1,0.054,127.0,reviewed,us,us,2014-10-12,39974,India,1
2014-10-14 18:36:06.270000+00:00,7.5569,94.2408,10.0,5.28,mw,,32.0,3.547,0.84,us,usb000sm3q,2025-12-22T16:49:50.140Z,"Nicobar Islands, India region",earthquake,7.6,1.8,0.06,95.0,reviewed,us,us,2014-10-14,39973,India,-1
2014-10-17 09:44:50.750000+00:00,27.1694,97.0744,10.0,5.03,mw,,84.0,4.945,0.74,us,usb000snbu,2015-01-15T20:03:29.040Z,"109 km NNE of Sarupathar, India",earthquake,6.5,1.7,0.076,56.0,reviewed,us,us,2014-10-17,39987,India,2
2014-10-18 13:59:41.940000+00:00,6.9551,92.3706,31.9,5.03,mw,,59.0,4.685,0.87,us,usb000sntc,2015-01-15T20:03:31.040Z,"Nicobar Islands, India region",earthquake,7.9,4.9,0.126,22.0,reviewed,us,us,2014-10-18,40005,India,1
2014-10-24 05:56:45.470000+00:00,27.8491,91.8364,10.0,4.68,mw,,63.0,1.949,0.84,us,usb000sq9f,2015-01-17T01:25:35.040Z,"31 km NNW of Tawang, India",earthquake,6.3,1.9,0.117,22.0,reviewed,us,us,2014-10-24,40093,India,2
2014-10-24 11:57:22.880000+00:00,2.5989,89.6595,10.0,4.85,mw,,99.0,7.725,0.7,us,usc000sv14,2015-01-17T01:25:35.040Z,North Indian Ocean,earthquake,8.3,1.9,0.204,8.0,reviewed,us,us,2014-10-24,40040,North Indian Ocean,-1
2014-11-02 05:41:04.300000+00:00,26.7052,94.045,57.37,4.68,mw,,56.0,2.27,0.66,us,usc000sx9z,2015-01-20T09:03:10.040Z,"7 km E of Dergaon, India",earthquake,7.3,4.8,0.154,15.0,reviewed,us,us,2014-11-02,40098,India,-1
2014-11-08 18:19:39.990000+00:00,24.8744,94.866,87.48,5.11,mw,,29.0,2.812,0.79,us,usc000svq2,2015-01-31T02:50:11.040Z,"85 km ENE of Yairipok, India",earthquake,5.6,5.7,0.059,96.0,reviewed,us,us,2014-11-08,39982,India,2
2014-11-13 21:29:29.760000+00:00,24.8093,95.2728,129.63,4.77,mw,,114.0,3.186,0.64,us,usb000t0gn,2015-02-12T01:42:40.040Z,"122 km SE of Phek, India",earthquake,5.1,8.1,0.11,27.0,reviewed,us,us,2014-11-13,40063,India,2
2014-11-17 08:59:44+00:00,35.359,77.1167,35.0,4.77,mw,,97.0,3.605,0.92,us,usc000sy2n,2015-02-12T01:42:53.040Z,"56 km NNE of Thang, India",earthquake,5.1,2.0,0.144,17.0,reviewed,us,us,2014-11-17,40060,India,-1
2014-11-18 15:55:32.580000+00:00,32.9378,76.059,60.82,4.68,mw,,115.0,2.442,1.07,us,usc000syhy,2015-02-12T01:42:59.040Z,"32 km E of Bhadarw?h, India",earthquake,9.3,7.8,0.147,18.0,reviewed,us,us,2014-11-18,40072,India,3
2014-11-20 18:14:37.790000+00:00,23.5081,93.5148,49.0,5.6,mwb,,10.0,2.546,0.78,us,usb000sybr,2022-07-27T08:17:12.248Z,"42 km ENE of Khawhai, India",earthquake,7.3,1.8,0.049,40.0,reviewed,us,us,2014-11-20,39969,India,2
2014-11-28 01:18:45.610000+00:00,12.5135,92.7957,43.76,5.54,mw,,24.0,0.854,0.64,us,usb000t0sq,2022-07-27T08:58:31.772Z,"90 km N of Bamboo Flat, India",earthquake,7.0,4.2,0.048,170.0,reviewed,us,us,2014-11-28,39970,India,1
2014-11-30 02:51:12.240000+00:00,35.696,78.0392,10.0,4.43,mw,,193.0,4.429,1.1,us,usc000t6sv,2015-02-24T00:35:13.040Z,"141 km NE of Thang, India",earthquake,12.1,1.9,0.232,7.0,reviewed,us,us,2014-11-30,40129,India,-1
2014-12-04 23:53:51.870000+00:00,26.886,92.6206,53.1,4.94,mw,,61.0,1.482,0.73,us,usc000t3w5,2022-07-27T09:35:33.509Z,"7 km NW of Rang?p?ra, India",earthquake,4.4,6.5,0.047,136.0,reviewed,us,us,2014-12-04,40024,India,2
2014-12-08 05:39:01.540000+00:00,11.8283,93.5972,126.47,4.85,mw,,103.0,0.853,0.62,us,usc000t4jd,2015-02-28T02:16:13.040Z,"94 km E of Port Blair, India",earthquake,12.1,9.0,0.164,11.0,reviewed,us,us,2014-12-08,40035,India,1
2014-12-11 19:27:36.410000+00:00,24.405,94.5261,79.9,5.03,mw,,108.0,2.684,0.64,us,usc000t9t1,2015-03-04T21:54:58.040Z,"51 km ESE of W?ngjing, India",earthquake,11.4,8.3,0.129,19.0,reviewed,us,us,2014-12-11,40003,India,2
2014-12-19 23:15:00.550000+00:00,1.608,90.0873,10.0,4.94,mw,,178.0,7.491,1.01,us,usc000tctn,2015-03-06T02:59:04.040Z,North Indian Ocean,earthquake,13.2,2.0,0.194,8.0,reviewed,us,us,2014-12-19,40015,North Indian Ocean,-1
2014-12-20 02:45:35.170000+00:00,1.5486,90.8368,10.0,4.94,mw,,113.0,6.741,0.66,us,usc000t8m5,2015-03-06T02:59:05.040Z,North Indian Ocean,earthquake,9.8,1.9,0.092,43.0,reviewed,us,us,2014-12-20,40009,North Indian Ocean,-1
2014-12-29 17:26:57.600000+00:00,26.2946,91.6204,45.02,4.43,mw,,131.0,0.755,0.68,us,usc000taqh,2022-07-27T11:58:39.837Z,"10 km ENE of H?jo, India",earthquake,8.8,4.9,0.13,16.0,reviewed,us,us,2014-12-29,40128,India,2
2015-01-10 13:06:35.640000+00:00,10.9378,93.5415,123.96,4.94,mw,,175.0,1.058,0.66,us,usc000tegh,2015-04-10T18:56:28.040Z,"118 km SE of Port Blair, India",earthquake,10.5,8.4,0.123,22.0,reviewed,us,us,2015-01-10,40030,India,1
2015-01-15 01:33:04.600000+00:00,22.6215,92.6144,50.37,4.68,mw,,144.0,3.012,0.79,us,usc000tfx6,2015-04-20T15:34:40.040Z,"32 km SSW of Lunglei, India",earthquake,9.6,8.6,0.133,17.0,reviewed,us,us,2015-01-15,40081,India,2
2015-01-18 13:09:51.220000+00:00,26.0195,95.5982,78.99,4.6,mw,,110.0,3.403,0.9,us,usc000tgy8,2015-04-20T16:05:33.040Z,"82 km ESE of Tuensang, India",earthquake,8.8,14.5,0.167,10.0,reviewed,us,us,2015-01-18,40105,India,2
2015-01-22 07:43:14.270000+00:00,12.8591,93.048,35.0,4.43,mw,,83.0,1.232,0.52,us,usc000tkcy,2015-04-24T16:55:47.040Z,"Andaman Islands, India region",earthquake,7.0,2.0,0.211,7.0,reviewed,us,us,2015-01-22,40126,India,1
2015-02-01 16:00:48.230000+00:00,26.4166,93.3551,45.22,4.6,mw,,100.0,1.592,0.86,us,usc000tkr7,2022-07-27T22:11:33.935Z,"34 km SW of Bok?kh?t, India",earthquake,9.7,7.3,0.124,22.0,reviewed,us,us,2015-02-01,40115,India,2
2015-02-09 14:13:06.360000+00:00,10.1025,92.9256,43.86,5.03,mw,,96.0,1.553,0.81,us,usc000tncd,2015-05-04T22:47:50.040Z,"174 km S of Port Blair, India",earthquake,8.7,7.0,0.11,26.0,reviewed,us,us,2015-02-09,39999,India,1
2015-02-10 18:57:33.110000+00:00,2.1256,89.8518,16.5,5.11,mw,,181.0,7.722,0.62,us,usb000tpq6,2015-05-04T22:47:53.040Z,North Indian Ocean,earthquake,6.9,6.2,0.277,5.0,reviewed,us,us,2015-02-10,39976,North Indian Ocean,-1
2015-02-11 03:30:11.780000+00:00,13.2332,92.3474,20.15,5.1,mwb,,46.0,8.1,0.47,us,usc000tnwj,2022-07-27T20:22:21.063Z,"174 km NNW of Bamboo Flat, India",earthquake,8.1,3.6,0.061,26.0,reviewed,us,us,2015-02-11,39985,India,1
2015-02-12 14:33:07.830000+00:00,23.9982,93.923,65.84,5.11,mw,,66.0,2.443,0.72,us,usb000tnl7,2025-12-22T17:03:43.134Z,"45 km SE of Chur?ch?ndpur, India",earthquake,3.7,7.8,0.083,48.0,reviewed,us,us,2015-02-12,39983,India,2
2015-02-14 00:44:36.430000+00:00,31.3449,80.3877,32.72,4.6,mw,,111.0,6.438,0.64,us,usc000trhi,2015-05-11T23:20:13.040Z,"117 km NE of Josh?math, India",earthquake,4.7,6.0,0.128,20.0,reviewed,us,us,2015-02-14,40101,India,-1
2015-02-15 14:14:20.990000+00:00,34.4283,76.2031,48.05,5.03,mw,,84.0,2.557,0.65,us,usb000tpit,2022-07-27T21:16:35.775Z,"15 km SSE of Kargil, India",earthquake,8.1,7.2,0.059,97.0,reviewed,us,us,2015-02-15,40002,India,3
2015-02-15 20:51:40.490000+00:00,9.9607,91.7393,35.0,4.43,mw,,192.0,1.952,0.46,us,usb000tpkl,2015-05-11T23:20:17.040Z,"218 km SSW of Port Blair, India",earthquake,14.4,2.0,0.232,8.0,reviewed,us,us,2015-02-15,40129,India,1
2015-02-19 09:18:19.650000+00:00,26.5563,96.7339,56.84,4.43,mw,,121.0,4.496,0.88,us,usc000trec,2015-05-12T20:29:32.040Z,"39 km N of Sarupathar, India",earthquake,11.8,11.2,0.157,11.0,reviewed,us,us,2015-02-19,40133,India,2
2015-02-23 06:32:07.690000+00:00,10.8233,92.0612,29.72,4.85,mw,,120.0,1.064,0.9,us,usc000tses,2015-05-12T20:29:41.040Z,"119 km SW of Port Blair, India",earthquake,8.3,4.3,0.113,25.0,reviewed,us,us,2015-02-23,40050,India,1
2015-02-23 06:36:34.870000+00:00,25.7707,95.1743,94.12,4.77,mw,,93.0,3.001,0.64,us,usc000tseu,2015-05-12T20:29:41.040Z,"65 km SSE of Tuensang, India",earthquake,3.7,7.8,0.098,30.0,reviewed,us,us,2015-02-23,40056,India,2
2015-02-26 18:52:32.790000+00:00,9.6585,90.326,29.47,4.77,mw,,133.0,3.096,1.31,us,usc000ttet,2015-05-19T00:28:45.040Z,"Nicobar Islands, India region",earthquake,9.6,6.6,0.149,14.0,reviewed,us,us,2015-02-26,40246,India,-1
2015-03-02 20:51:54.570000+00:00,35.6466,76.799,10.0,4.85,mw,,78.0,3.526,1.02,us,usc000tuf6,2015-05-19T00:29:42.040Z,"79 km N of Thang, India",earthquake,6.7,1.9,0.093,34.0,reviewed,us,us,2015-03-02,40221,India,-1
2015-03-08 15:43:47.220000+00:00,13.4596,92.7483,40.08,4.94,mw,,123.0,1.792,0.82,us,us10001ll4,2015-05-28T00:48:38.040Z,"194 km N of Bamboo Flat, India",earthquake,10.7,7.9,0.129,18.0,reviewed,us,us,2015-03-08,40204,India,1
2015-03-17 15:28:39.650000+00:00,24.3192,94.6817,98.9,4.68,mw,,101.0,2.85,0.71,us,us10001p7g,2015-06-04T00:46:24.040Z,"69 km ESE of W?ngjing, India",earthquake,12.6,9.2,0.178,9.0,reviewed,us,us,2015-03-17,40265,India,2
2015-03-19 02:18:11.460000+00:00,1.1904,91.8787,13.21,4.85,mw,,175.0,5.696,0.77,us,us10001q62,2015-06-09T21:29:57.040Z,North Indian Ocean,earthquake,7.1,5.7,0.272,6.0,reviewed,us,us,2015-03-19,40230,North Indian Ocean,-1
2015-03-22 18:12:27.380000+00:00,1.9506,89.6231,15.1,5.37,mw,,58.0,7.975,0.63,us,us10001pl1,2025-12-22T17:05:14.774Z,North Indian Ocean,earthquake,7.5,4.4,0.08,51.0,reviewed,us,us,2015-03-22,40164,North Indian Ocean,-1
2015-03-25 10:13:10.700000+00:00,13.474,91.9212,29.3,4.68,mw,,81.0,1.977,0.45,us,us10001s9z,2015-06-09T21:30:06.040Z,"214 km NNW of Bamboo Flat, India",earthquake,5.0,6.1,0.117,21.0,reviewed,us,us,2015-03-25,40267,India,-1
2015-03-26 03:20:42.950000+00:00,7.5207,91.6389,29.98,4.94,mw,,105.0,4.25,0.53,us,us10001qu2,2015-06-12T01:53:22.040Z,"Nicobar Islands, India region",earthquake,9.1,5.5,0.107,26.0,reviewed,us,us,2015-03-26,40203,India,1
2015-03-27 18:51:49.170000+00:00,9.891,93.3838,89.84,5.2,mw,,33.0,1.863,1.0,us,us10001rae,2015-06-12T01:53:25.040Z,"208 km SSE of Port Blair, India",earthquake,5.9,4.6,0.048,137.0,reviewed,us,us,2015-03-27,40167,India,1
2015-04-01 21:23:54.400000+00:00,30.3521,79.5107,10.0,5.2,mw,,31.0,6.238,0.52,us,us10001sx7,2022-07-28T05:43:36.289Z,"11 km SE of P?palkoti, India",earthquake,6.9,1.8,0.05,124.0,reviewed,us,us,2015-04-01,40169,India,3
2015-04-03 12:45:21.710000+00:00,10.5197,93.3413,104.21,4.94,mw,,128.0,1.272,1.08,us,us10001tkc,2015-06-16T01:00:25.040Z,"142 km SSE of Port Blair, India",earthquake,9.6,5.8,0.082,44.0,reviewed,us,us,2015-04-03,40196,India,1
2015-04-09 22:49:42.590000+00:00,14.0702,92.8474,27.94,5.37,mw,,19.0,2.401,0.61,us,us200025i0,2015-06-22T23:18:54.040Z,"262 km N of Bamboo Flat, India",earthquake,5.8,3.1,0.046,153.0,reviewed,us,us,2015-04-09,40159,India,1
2015-04-14 22:01:59.150000+00:00,10.8469,93.8077,138.56,4.51,mw,,98.0,9.05,0.51,us,us2000283r,2015-06-22T23:19:02.040Z,"147 km SE of Port Blair, India",earthquake,5.1,10.4,0.145,13.0,reviewed,us,us,2015-04-14,40300,India,1
2015-04-16 22:05:49.650000+00:00,26.7924,92.7714,35.0,5.11,mw,,48.0,1.471,0.64,us,us20002763,2022-07-30T23:34:06.008Z,"11 km ESE of Rang?p?ra, India",earthquake,7.5,1.9,0.045,152.0,reviewed,us,us,2015-04-16,40182,India,2
2015-04-23 23:58:22.380000+00:00,12.2983,94.9874,34.43,5.2,mw,,51.0,2.286,0.77,us,us200028p4,2015-07-03T00:23:37.040Z,"253 km ENE of Port Blair, India",earthquake,6.9,3.2,0.052,115.0,reviewed,us,us,2015-04-23,40168,India,1
2015-04-30 19:21:18.100000+00:00,26.2401,94.7996,10.0,5.11,mw,,45.0,2.734,1.23,us,us20002aid,2022-07-31T03:10:42.284Z,"3 km SW of Tuensang, India",earthquake,7.2,1.9,0.049,129.0,reviewed,us,us,2015-04-30,40174,India,-1
2015-05-01 08:58:41.800000+00:00,10.7112,91.9645,29.31,5.54,mw,,62.0,1.21,0.75,us,us20002aml,2022-07-31T03:24:38.959Z,"135 km SW of Port Blair, India",earthquake,6.8,4.1,0.056,108.0,reviewed,us,us,2015-05-01,40140,India,1
2015-05-18 13:05:35.290000+00:00,8.4736,93.4951,58.52,4.85,mw,,129.0,3.247,0.15,us,us20002k1r,2015-07-23T01:04:07.040Z,"Nicobar Islands, India region",earthquake,4.8,10.1,0.271,4.0,reviewed,us,us,2015-05-18,40242,India,1
2015-05-18 16:46:36.840000+00:00,34.1771,73.7435,32.32,4.68,mw,,73.0,0.657,1.16,us,us10002a88,2015-07-23T01:04:08.040Z,"30 km WNW of Uri, India",earthquake,4.6,5.6,0.087,37.0,reviewed,us,us,2015-05-18,40268,India,3
2015-05-25 15:59:02.060000+00:00,22.1323,93.2059,53.29,4.85,mw,,246.0,5.261,0.48,us,us20002m1h,2015-07-29T01:35:43.040Z,"46 km SSE of Saiha, India",earthquake,19.9,12.7,0.222,6.0,reviewed,us,us,2015-05-25,40235,India,2
2015-05-26 17:24:13.450000+00:00,24.2488,93.9733,64.58,4.68,mw,,130.0,2.327,1.01,us,us10002c8y,2015-07-29T01:35:46.040Z,"27 km S of Kakching, India",earthquake,9.2,8.9,0.08,45.0,reviewed,us,us,2015-05-26,40273,India,2
2015-05-27 07:30:41.910000+00:00,27.3256,84.6635,10.0,4.43,mw,,168.0,0.695,1.4,us,us10002cpp,2015-07-29T01:35:48.040Z,"38 km ENE of R?mnagar, India",earthquake,7.4,1.9,0.099,30.0,reviewed,us,us,2015-05-27,40307,India,-1
2015-06-01 07:12:08.970000+00:00,26.2683,95.7989,114.83,4.68,mw,,148.0,3.618,0.46,us,us20002pay,2015-08-08T00:49:40.040Z,"86 km SSE of Khonsa, India",earthquake,13.5,10.4,0.16,11.0,reviewed,us,us,2015-06-01,40267,India,2
2015-06-08 15:21:14.840000+00:00,6.6741,91.9733,34.82,4.85,mw,,142.0,5.008,0.59,us,us10002k1u,2015-08-10T13:08:25.040Z,"Nicobar Islands, India region",earthquake,4.0,4.9,0.115,22.0,reviewed,us,us,2015-06-08,40229,India,1
2015-06-12 18:29:30.290000+00:00,14.0119,93.5776,48.57,5.45,mw,,37.0,2.479,1.13,us,us20002pfu,2022-05-03T17:25:58.592Z,"272 km NNE of Bamboo Flat, India",earthquake,6.4,2.6,0.046,153.0,reviewed,us,us,2015-06-12,40150,India,1
2015-06-28 01:05:28.560000+00:00,26.6384,90.41,26.0,5.1,mwb,,36.0,1.682,0.99,us,us10002m67,2022-07-31T15:28:46.020Z,"18 km N of B?sugaon, India",earthquake,6.7,1.8,0.083,14.0,reviewed,us,us,2015-06-28,40187,India,2
2015-06-30 13:15:57.200000+00:00,26.0436,90.7596,42.34,4.43,mw,,141.0,1.096,1.17,us,us20002xmg,2015-09-02T22:37:25.040Z,"19 km SE of Go?lp?ra, India",earthquake,9.0,11.3,0.183,9.0,reviewed,us,us,2015-06-30,40310,India,2
2015-07-01 14:49:14.280000+00:00,2.7959,89.3335,12.45,4.51,mw,,174.0,7.97,0.24,us,us20002xqp,2015-09-02T22:37:27.040Z,North Indian Ocean,earthquake,12.2,4.7,0.157,12.0,reviewed,us,us,2015-07-01,40285,North Indian Ocean,-1
2015-07-03 00:37:45.350000+00:00,13.1543,93.2895,50.79,5.11,mw,,64.0,1.582,0.56,us,us10002n4u,2015-09-30T00:20:52.040Z,"172 km NNE of Bamboo Flat, India",earthquake,8.7,7.5,0.06,86.0,reviewed,us,us,2015-07-03,40176,India,1
2015-07-03 03:16:35.510000+00:00,11.4234,95.032,8.71,5.5,mww,,30.0,2.254,0.76,us,us10002n5q,2022-05-03T17:26:44.535Z,"250 km E of Port Blair, India",earthquake,3.9,3.0,,,reviewed,us,us,2015-07-03,40144,India,1
2015-07-04 23:08:20.420000+00:00,24.7918,95.3332,131.72,4.77,mw,,74.0,3.243,0.83,us,us20002z7t,2015-09-30T00:20:56.040Z,"128 km SE of Phek, India",earthquake,9.2,7.8,0.105,26.0,reviewed,us,us,2015-07-04,40264,India,2
2015-07-09 03:30:01.840000+00:00,34.6941,74.1123,63.07,4.6,mw,,87.0,1.254,0.74,us,us20002w84,2015-10-09T20:19:09.040Z,"55 km NW of Sopur, India",earthquake,5.5,8.4,0.152,12.0,reviewed,us,us,2015-07-09,40282,India,3
2015-07-10 01:53:14.730000+00:00,27.4318,94.1447,14.66,4.51,mw,,141.0,3.487,0.86,us,us200031b2,2015-10-09T20:19:10.040Z,"22 km N of North Lakhimpur, India",earthquake,12.3,4.9,0.117,20.0,reviewed,us,us,2015-07-10,40298,India,-1
2015-07-13 11:03:03.810000+00:00,26.4644,96.5118,101.35,4.85,mw,,102.0,4.283,0.35,us,us20002x3y,2015-10-09T20:19:15.040Z,"41 km NW of Sarupathar, India",earthquake,6.8,9.1,0.091,35.0,reviewed,us,us,2015-07-13,40221,India,2
2015-07-18 05:41:26.540000+00:00,30.4,94.8689,10.0,5.37,mw,,45.0,3.317,0.58,us,us20002ybg,2022-05-03T19:03:49.577Z,"212 km NNE of Shi Yomi, India",earthquake,5.9,1.7,0.063,82.0,reviewed,us,us,2015-07-18,40161,India,-1
2015-07-21 08:21:37.980000+00:00,24.0249,93.694,59.71,4.6,mw,,174.0,2.268,0.29,us,us1000312b,2015-10-14T21:05:48.040Z,"34 km S of Chur?ch?ndpur, India",earthquake,15.6,5.2,0.175,9.0,reviewed,us,us,2015-07-21,40274,India,2
2015-07-28 21:29:07.560000+00:00,13.1078,92.4848,30.23,4.6,mw,,117.0,8.18,0.98,us,us100032vy,2015-10-22T20:05:11.040Z,"157 km N of Bamboo Flat, India",earthquake,12.5,4.8,0.176,9.0,reviewed,us,us,2015-07-28,40277,India,1
2015-08-03 20:47:48.290000+00:00,11.7006,92.3479,30.39,5.03,mw,,96.0,0.39,0.83,us,us10002xlp,2015-10-30T02:47:46.040Z,"40 km W of Bamboo Flat, India",earthquake,9.2,5.1,0.061,81.0,reviewed,us,us,2015-08-03,40189,India,1
2015-08-05 19:15:56.760000+00:00,30.3652,80.3368,10.0,4.51,mw,,176.0,5.097,0.73,us,us10002y84,2015-10-30T02:47:51.040Z,"60 km NNW of Dh?rchula, India",earthquake,6.5,1.9,0.145,13.0,reviewed,us,us,2015-08-05,40292,India,3
2015-08-12 02:44:51.250000+00:00,24.6339,94.8588,42.8,4.85,mw,,88.0,2.876,0.58,us,us100031bx,2022-07-31T23:42:04.616Z,"80 km E of W?ngjing, India",earthquake,9.7,4.1,0.083,43.0,reviewed,us,us,2015-08-12,40228,India,2
2015-08-15 05:42:20.300000+00:00,27.3759,87.8566,10.0,4.77,mw,,129.0,1.093,0.75,us,us100032ju,2015-11-17T00:13:29.040Z,"40 km WNW of Gyalshing, India",earthquake,7.2,1.9,0.088,37.0,reviewed,us,us,2015-08-15,40262,India,-1
2015-08-29 02:05:17.340000+00:00,13.8085,92.9054,28.8,4.6,mw,,141.0,2.145,1.01,us,us20003htb,2015-12-01T00:36:01.040Z,"234 km N of Bamboo Flat, India",earthquake,7.5,6.4,0.158,11.0,reviewed,us,us,2015-08-29,40463,India,1
2015-08-29 16:31:16.400000+00:00,24.8239,95.143,113.11,4.51,mw,,94.0,3.068,0.82,us,us20003htp,2015-12-01T00:36:02.040Z,"111 km E of Yairipok, India",earthquake,10.3,5.0,0.112,22.0,reviewed,us,us,2015-08-29,40483,India,2
2015-08-31 00:27:50.150000+00:00,35.8299,77.451,76.73,4.68,mw,,118.0,4.072,1.24,us,us1000367z,2015-12-01T00:36:05.040Z,"116 km NNE of Thang, India",earthquake,8.6,9.0,0.095,31.0,reviewed,us,us,2015-08-31,40433,India,-1
2015-09-02 10:52:03.500000+00:00,8.7191,92.4425,30.78,4.77,mw,,119.0,8.965,0.5,us,us20003jmt,2015-12-01T00:36:10.040Z,"Nicobar Islands, India region",earthquake,10.7,5.6,0.112,23.0,reviewed,us,us,2015-09-02,40414,India,1
2015-09-03 17:57:47.570000+00:00,27.3767,75.4937,14.2,4.43,mw,,101.0,6.541,0.76,us,us20003g1d,2022-08-01T03:27:19.431Z,"7 km W of R?ngas, India",earthquake,11.3,6.7,0.156,11.0,reviewed,us,us,2015-09-03,40483,India,-1
2015-09-05 22:19:23.340000+00:00,7.3479,91.1856,10.0,4.6,mw,,137.0,4.548,0.92,us,us20003kqt,2015-12-05T01:40:30.040Z,"Nicobar Islands, India region",earthquake,6.6,1.9,0.186,8.0,reviewed,us,us,2015-09-05,40475,India,1
2015-09-11 23:56:59.380000+00:00,26.0549,89.5568,18.5,4.43,mw,,191.0,2.128,0.88,us,us20003n08,2022-08-01T09:33:22.535Z,"13 km SE of D?nh?ta, India",earthquake,7.0,6.1,0.134,15.0,reviewed,us,us,2015-09-11,40495,India,-1
2015-09-16 11:10:08.400000+00:00,35.3339,78.5062,10.0,5.2,mw,,77.0,4.639,0.8,us,us20003jxe,2022-05-03T17:30:35.170Z,"154 km NNE of Leh, India",earthquake,7.6,1.8,0.059,89.0,reviewed,us,us,2015-09-16,40328,India,-1
2015-09-17 18:34:17.230000+00:00,24.5969,94.6668,80.13,5.03,mw,,32.0,2.725,0.86,us,us20003kra,2022-08-01T06:05:42.108Z,"61 km E of W?ngjing, India",earthquake,7.0,6.2,0.059,88.0,reviewed,us,us,2015-09-17,40348,India,2
2015-09-22 09:33:46.950000+00:00,12.1895,95.0107,28.09,5.03,mw,,99.0,2.281,1.3,us,us10003lcs,2015-12-21T23:16:31.040Z,"253 km ENE of Port Blair, India",earthquake,8.7,5.6,0.099,31.0,reviewed,us,us,2015-09-22,40343,India,1
2015-09-23 04:51:32.590000+00:00,13.0849,92.4507,28.2,4.77,mw,,114.0,1.449,0.51,us,us10003ldq,2015-12-21T23:16:33.040Z,"155 km N of Bamboo Flat, India",earthquake,6.8,6.2,0.139,15.0,reviewed,us,us,2015-09-23,40395,India,1
2015-09-25 16:57:41.390000+00:00,26.5308,91.6928,48.82,4.77,mw,,118.0,0.971,1.07,us,us20003p4y,2022-08-01T07:55:42.227Z,"11 km NE of Rangia, India",earthquake,8.0,7.0,0.103,27.0,reviewed,us,us,2015-09-25,40392,India,2
2015-09-29 09:27:17.090000+00:00,29.996,80.3737,35.0,4.94,mw,,126.0,4.895,1.05,us,us10003iqz,2015-12-28T23:08:49.040Z,"21 km NW of Dh?rchula, India",earthquake,8.8,1.5,0.083,43.0,reviewed,us,us,2015-09-29,40364,India,3
2015-10-08 01:04:21.950000+00:00,31.5958,76.9677,36.04,4.6,mw,,148.0,3.733,0.71,us,us10003l2c,2016-01-11T21:07:15.040Z,"8 km NE of Sundarnagar, India",earthquake,8.8,6.6,0.167,10.0,reviewed,us,us,2015-10-08,40451,India,3
2015-10-10 01:48:45.570000+00:00,27.2548,88.8009,48.22,4.68,mw,,129.0,1.899,0.63,us,us10003mmv,2022-08-01T10:21:33.717Z,"20 km ESE of Gangtok, India",earthquake,11.9,7.7,0.103,27.0,reviewed,us,us,2015-10-10,40434,India,-1
2015-10-28 23:54:49.660000+00:00,24.1002,92.8262,38.49,4.68,mw,,146.0,1.705,0.68,us,us200040cl,2016-01-22T23:41:22.040Z,"13 km NW of Darlawn, India",earthquake,4.8,9.9,0.119,20.0,reviewed,us,us,2015-10-28,40434,India,2
2015-10-29 22:15:56.450000+00:00,24.6819,92.4488,36.31,5.11,mw,,48.0,1.032,0.69,us,us200040l5,2022-08-01T14:38:07.351Z,"11 km W of Hail?k?ndi, India",earthquake,5.4,7.2,0.064,75.0,reviewed,us,us,2015-10-29,40331,India,2
2015-10-31 02:05:19.820000+00:00,26.6982,96.7414,29.65,4.68,mw,,91.0,4.533,0.54,us,us2000411q,2016-01-30T02:10:58.040Z,"54 km N of Sarupathar, India",earthquake,7.8,5.2,0.122,19.0,reviewed,us,us,2015-10-31,40436,India,2
2015-11-05 13:09:39.660000+00:00,1.713,89.4813,15.36,4.94,mw,,62.0,8.101,1.05,us,us10003uvq,2016-02-05T03:16:30.040Z,North Indian Ocean,earthquake,10.1,5.0,0.119,21.0,reviewed,us,us,2015-11-05,40351,North Indian Ocean,-1
2015-11-08 16:47:02.160000+00:00,6.8431,94.648,10.0,6.6,mww,,31.0,2.792,1.23,us,us10003vry,2022-08-01T16:48:48.245Z,"Nicobar Islands, India region",earthquake,5.6,1.7,,,reviewed,us,us,2015-11-08,40324,India,-1
2015-11-25 16:15:10.640000+00:00,26.4076,92.9745,54.52,5.03,mw,,60.0,3.666,0.77,us,us1000419g,2022-08-01T20:22:27.918Z,"30 km SE of Tezpur, India",earthquake,8.1,4.1,0.065,72.0,reviewed,us,us,2015-11-25,40342,India,2
2015-11-27 18:58:53.130000+00:00,10.2874,91.622,26.52,4.77,mw,,122.0,1.75,0.99,us,us20004fz6,2016-02-25T22:32:57.040Z,"195 km SW of Port Blair, India",earthquake,8.7,6.4,0.11,24.0,reviewed,us,us,2015-11-27,40387,India,1
2015-11-29 02:47:52.820000+00:00,31.373,78.7325,35.0,4.51,mw,,156.0,5.143,1.33,us,us100041zf,2016-02-25T22:33:00.040Z,"76 km NNE of Uttark?shi, India",earthquake,4.9,2.0,0.197,7.0,reviewed,us,us,2015-11-29,40482,India,3
2015-12-05 23:13:32.200000+00:00,18.4361,71.1922,10.0,4.68,mw,,85.0,12.678,1.24,us,us20004fsq,2016-03-02T03:36:33.040Z,"179 km W of Al?b?g, India",earthquake,11.5,1.9,0.122,19.0,reviewed,us,us,2015-12-05,40422,India,-1
2015-12-09 12:00:19.910000+00:00,10.4689,93.9392,10.0,4.85,mw,,79.0,1.663,0.38,us,us20004ggj,2016-03-02T03:36:41.040Z,"185 km SE of Port Blair, India",earthquake,6.5,1.9,0.14,15.0,reviewed,us,us,2015-12-09,40384,India,1
2015-12-11 22:09:40.200000+00:00,29.6312,95.7458,24.84,4.68,mw,,51.0,4.02,0.76,us,us20004gm1,2016-03-05T01:42:03.040Z,"178 km NNE of P?sigh?t, India",earthquake,9.5,5.9,0.09,35.0,reviewed,us,us,2015-12-11,40416,India,-1
2015-12-15 02:35:15.500000+00:00,23.8301,86.5783,14.79,4.85,mw,,171.0,5.101,0.5,us,us10004846,2020-07-10T14:53:57.468Z,"6 km E of Gobindpur, India",earthquake,12.3,5.6,0.144,14.0,reviewed,us,us,2015-12-15,40385,India,-1
2015-12-16 04:48:19.990000+00:00,12.6843,93.4126,72.62,5.03,mw,,92.0,1.213,0.67,us,us20004hhu,2016-03-05T01:42:09.040Z,"132 km NE of Bamboo Flat, India",earthquake,9.5,7.2,0.115,23.0,reviewed,us,us,2015-12-16,40337,India,1
2015-12-17 03:04:44.760000+00:00,9.4948,93.7925,55.42,4.94,mw,,111.0,2.382,0.7,us,us100048r3,2016-03-12T02:29:14.040Z,"266 km SSE of Port Blair, India",earthquake,9.8,8.5,0.122,20.0,reviewed,us,us,2015-12-17,40366,India,1
2015-12-17 16:42:57.020000+00:00,8.3257,92.0565,30.67,4.6,mw,,137.0,3.377,0.46,us,us100048rx,2016-03-12T02:29:14.040Z,"Nicobar Islands, India region",earthquake,12.2,6.1,0.141,14.0,reviewed,us,us,2015-12-17,40444,India,1
2015-12-19 00:42:07.830000+00:00,1.8837,90.9476,10.0,5.11,mw,,104.0,6.65,0.72,us,us1000489c,2016-03-12T02:29:16.040Z,North Indian Ocean,earthquake,9.0,1.8,0.065,72.0,reviewed,us,us,2015-12-19,40329,North Indian Ocean,-1
2015-12-27 11:34:24.100000+00:00,7.5136,91.7745,29.06,4.68,mw,,141.0,4.225,0.45,us,us10004bie,2016-03-18T01:13:03.040Z,"Nicobar Islands, India region",earthquake,7.6,6.1,0.202,7.0,reviewed,us,us,2015-12-27,40432,India,1
2016-01-03 23:05:22.270000+00:00,24.8036,93.6505,55.0,6.7,mww,,16.0,1.794,1.01,us,us10004b2n,2023-08-14T15:00:53.325Z,"29 km W of Imph?l, India",earthquake,4.5,1.8,,,reviewed,us,us,2016-01-03,40324,India,2
2016-01-04 02:28:04.870000+00:00,12.0291,93.1309,68.01,4.6,mw,,94.0,0.53,0.13,us,us10004dzl,2016-03-28T22:09:35.040Z,"57 km NE of Bamboo Flat, India",earthquake,11.0,9.9,0.215,6.0,reviewed,us,us,2016-01-04,40452,India,1
2016-01-15 19:24:52.540000+00:00,11.7568,92.8636,50.41,4.68,mw,,82.0,0.154,1.22,us,us10004g1b,2016-04-06T17:30:21.040Z,"16 km NE of Port Blair, India",earthquake,7.7,4.0,0.129,22.0,reviewed,us,us,2016-01-15,40426,India,1
2016-01-27 22:09:56.710000+00:00,13.7261,93.8004,88.89,4.94,mw,,72.0,2.301,0.48,us,us20004v6u,2016-04-08T23:06:18.040Z,"253 km NNE of Bamboo Flat, India",earthquake,4.8,8.7,0.129,18.0,reviewed,us,us,2016-01-27,40355,India,1
2016-02-03 15:24:07.060000+00:00,10.3608,93.3475,96.08,4.77,mw,,106.0,1.416,1.31,us,us20004y5a,2016-04-14T22:51:42.040Z,"158 km SSE of Port Blair, India",earthquake,7.7,8.7,0.112,23.0,reviewed,us,us,2016-02-03,40412,India,1
2016-02-04 07:10:36.880000+00:00,32.8455,76.043,58.67,4.68,mw,,105.0,2.459,0.92,us,us20004x0r,2022-08-02T11:49:03.526Z,"33 km NNW of Chamba, India",earthquake,11.0,9.5,0.168,10.0,reviewed,us,us,2016-02-04,40428,India,3
2016-02-04 15:30:49.930000+00:00,14.2933,93.204,10.0,5.37,mw,,47.0,2.659,1.06,us,us20004x3a,2016-04-14T22:51:44.040Z,"291 km N of Bamboo Flat, India",earthquake,7.2,1.7,0.048,142.0,reviewed,us,us,2016-02-04,40326,India,1
2016-02-16 23:06:59.690000+00:00,26.196,93.4977,39.72,5.03,mw,,63.0,1.606,0.71,us,us200050p4,2022-08-02T10:17:44.838Z,"34 km NW of Bokaj?n, India",earthquake,10.5,6.2,0.061,81.0,reviewed,us,us,2016-02-16,40349,India,2
2016-02-21 03:39:38.190000+00:00,6.9364,92.4103,23.56,5.11,mw,,95.0,4.7,0.62,us,us10004rgq,2016-05-03T23:44:14.040Z,"Nicobar Islands, India region",earthquake,8.2,4.9,0.083,44.0,reviewed,us,us,2016-02-21,40528,India,1
2016-02-27 00:31:05.120000+00:00,13.4762,93.915,98.7,4.85,mw,,61.0,2.14,0.81,us,us10004t24,2016-05-06T23:34:15.040Z,"235 km NNE of Bamboo Flat, India",earthquake,6.4,6.0,0.071,57.0,reviewed,us,us,2016-02-27,40576,India,1
2016-03-02 04:03:50.420000+00:00,26.4817,95.4216,21.67,4.51,mw,,117.0,3.334,0.47,us,us10004ur6,2016-05-06T23:34:22.040Z,"45 km SE of Mon, India",earthquake,10.5,7.6,0.186,8.0,reviewed,us,us,2016-03-02,40647,India,2
2016-03-08 09:55:34.760000+00:00,9.5751,93.4345,10.0,4.77,mw,,176.0,2.176,1.27,us,us10004ws1,2016-05-16T18:01:48.040Z,"243 km SSE of Port Blair, India",earthquake,10.0,1.9,0.13,17.0,reviewed,us,us,2016-03-08,40593,India,1
2016-03-12 09:39:37.700000+00:00,10.3914,92.4579,27.86,4.6,mw,,116.0,1.287,0.59,us,us20005a7q,2016-05-21T00:05:26.040Z,"144 km SSW of Port Blair, India",earthquake,9.2,7.3,0.187,8.0,reviewed,us,us,2016-03-12,40643,India,1
2016-03-13 10:30:11.160000+00:00,26.245,92.2565,53.71,4.85,mw,,41.0,0.765,0.74,us,us10004x9h,2022-08-07T10:16:02.019Z,"9 km W of Morigaon, India",earthquake,7.9,1.2,0.079,47.0,reviewed,us,us,2016-03-13,40576,India,2
2016-03-17 16:47:01.810000+00:00,34.044,78.0686,31.9,4.51,mw,,101.0,6.262,1.27,us,us20005ai2,2016-05-21T00:05:35.040Z,"46 km ESE of Leh, India",earthquake,9.8,5.3,0.114,23.0,reviewed,us,us,2016-03-17,40645,India,-1
2016-03-20 16:08:18.010000+00:00,5.5806,88.0678,16.03,4.68,mw,,104.0,7.51,0.65,us,us20005c1t,2016-06-09T21:41:53.040Z,North Indian Ocean,earthquake,4.5,4.5,0.109,24.0,reviewed,us,us,2016-03-20,40631,North Indian Ocean,-1
2016-03-20 16:54:13.110000+00:00,29.9569,93.1989,10.0,5.03,mw,,46.0,1.818,0.68,us,us20005b94,2016-06-09T21:41:53.040Z,"195 km NW of Shi Yomi, India",earthquake,6.9,1.9,0.049,125.0,reviewed,us,us,2016-03-20,40552,India,-1
2016-04-05 07:42:24.390000+00:00,25.7595,90.5452,10.0,5.28,mw,,37.0,1.198,0.81,us,us20005fj8,2022-08-07T10:46:12.440Z,"38 km SE of Lakhipur, India",earthquake,5.1,1.7,0.048,140.0,reviewed,us,us,2016-04-05,40510,India,2
2016-04-13 14:14:03.240000+00:00,12.5623,95.1787,10.0,5.2,mw,,95.0,2.546,0.56,us,us20005kel,2016-06-21T01:14:11.040Z,"282 km ENE of Port Blair, India",earthquake,7.9,1.9,0.149,14.0,reviewed,us,us,2016-04-13,40520,India,1
2016-04-18 15:29:54.930000+00:00,12.9466,92.3335,37.35,5.03,mw,,58.0,1.344,0.85,us,us20005ji4,2016-06-27T23:02:09.040Z,"144 km NNW of Bamboo Flat, India",earthquake,8.2,6.1,0.074,55.0,reviewed,us,us,2016-04-18,40528,India,1
2016-04-19 20:32:57.090000+00:00,10.2153,93.6895,10.0,5.54,mw,,36.0,1.706,0.91,us,us20005jx7,2025-12-22T17:14:23.644Z,"190 km SSE of Port Blair, India",earthquake,6.7,1.7,0.045,167.0,reviewed,us,us,2016-04-19,40500,India,1
2016-04-24 21:55:42.770000+00:00,10.2055,91.5917,22.65,4.68,mw,,71.0,1.832,0.89,us,us10005dnx,2016-07-08T02:49:21.040Z,"205 km SW of Port Blair, India",earthquake,6.3,5.2,0.143,14.0,reviewed,us,us,2016-04-24,40611,India,1
2016-05-07 09:43:39.640000+00:00,25.4013,91.7893,37.62,4.51,mw,,99.0,2.715,0.5,us,us10005h6s,2022-08-03T00:38:41.339Z,"14 km NE of Cherrapunji, India",earthquake,7.3,7.6,0.123,18.0,reviewed,us,us,2016-05-07,40654,India,2
2016-05-07 15:15:37.680000+00:00,2.9203,89.4681,10.0,5.2,mw,,119.0,7.804,0.89,us,us10005fqx,2016-07-20T18:10:47.040Z,North Indian Ocean,earthquake,11.0,1.9,0.145,15.0,reviewed,us,us,2016-05-07,40516,North Indian Ocean,-1
2016-05-09 16:03:47.250000+00:00,11.3506,91.5047,10.0,5.45,mw,,36.0,8.122,0.77,us,us10005g2n,2025-12-22T17:14:45.259Z,"137 km WSW of Bamboo Flat, India",earthquake,7.6,1.7,0.046,155.0,reviewed,us,us,2016-05-09,40506,India,1
2016-05-12 07:54:19.140000+00:00,24.2716,94.3125,71.48,5.11,mw,,52.0,2.92,0.68,us,us10005gr5,2022-08-02T22:22:23.725Z,"41 km SE of Kakching, India",earthquake,8.1,7.0,0.066,72.0,reviewed,us,us,2016-05-12,40525,India,2
2016-05-19 23:10:24.720000+00:00,22.7638,93.9152,42.42,5.11,mw,,61.0,3.365,0.58,us,us10005inb,2022-05-03T18:52:36.213Z,Myanmar-India border region,earthquake,5.5,6.5,0.044,162.0,reviewed,us,us,2016-05-19,40521,Myanmar-India border region,-1
2016-05-24 10:17:59.320000+00:00,33.0759,76.0936,35.0,4.51,mw,,148.0,2.432,0.73,us,us10005jjq,2016-08-03T22:33:43.040Z,"36 km ENE of Bhadarw?h, India",earthquake,10.2,2.0,0.165,10.0,reviewed,us,us,2016-05-24,40643,India,3
2016-05-27 05:03:10.200000+00:00,26.5252,96.4968,64.3,4.94,mw,,49.0,4.282,0.77,us,us20005yf1,2016-08-10T22:30:23.040Z,"47 km NW of Sarupathar, India",earthquake,9.5,7.0,0.081,45.0,reviewed,us,us,2016-05-27,40563,India,2
2016-06-11 18:12:23.380000+00:00,25.7858,95.2245,83.12,4.85,mw,,78.0,3.463,0.59,us,us200063uf,2016-08-25T01:22:51.040Z,"66 km SE of Tuensang, India",earthquake,5.0,6.7,0.054,100.0,reviewed,us,us,2016-06-11,40588,India,2
2016-07-01 19:22:40.040000+00:00,24.9691,95.3737,132.35,5.03,mw,,41.0,1.223,0.74,us,us10005zam,2016-09-02T21:36:33.040Z,"117 km SE of Phek, India",earthquake,7.4,4.3,0.066,69.0,reviewed,us,us,2016-07-01,40544,India,2
2016-07-13 09:33:32+00:00,24.5435,94.8081,91.5,4.43,mw,,91.0,0.558,0.77,us,us20006fts,2016-09-08T01:50:30.040Z,"75 km E of W?ngjing, India",earthquake,7.8,9.3,0.3,3.0,reviewed,us,us,2016-07-13,40679,India,2
2016-07-13 17:56:32.830000+00:00,12.0821,95.1704,10.0,4.85,mw,,132.0,2.412,1.19,us,us20006fub,2016-09-08T01:50:30.040Z,"268 km E of Port Blair, India",earthquake,9.0,1.9,0.113,23.0,reviewed,us,us,2016-07-13,40578,India,1
2016-07-15 23:20:48.360000+00:00,2.0652,89.8331,10.0,5.03,mw,,91.0,7.763,0.54,us,us20006g6a,2016-09-17T01:27:46.040Z,North Indian Ocean,earthquake,9.1,1.9,0.084,43.0,reviewed,us,us,2016-07-15,40557,North Indian Ocean,-1
2016-07-17 03:54:57.560000+00:00,21.4276,71.5526,10.0,4.51,mw,,153.0,12.271,0.63,us,us20006far,2016-09-17T01:27:48.040Z,"12 km SSW of Gariadhar, India",earthquake,14.5,1.9,0.117,20.0,reviewed,us,us,2016-07-17,40660,India,-1
2016-07-24 15:33:07.260000+00:00,12.7303,93.3143,62.76,4.77,mw,,105.0,1.204,0.82,us,us20006h9w,2016-09-24T22:47:18.040Z,"Andaman Islands, India region",earthquake,8.4,4.5,0.087,38.0,reviewed,us,us,2016-07-24,40596,India,1
2016-07-30 11:58:56.360000+00:00,29.068,94.6895,28.23,4.51,mw,,106.0,3.172,0.9,us,us100069uf,2016-10-19T04:51:49.040Z,"67 km NNE of Shi Yomi, India",earthquake,9.1,6.3,0.184,8.0,reviewed,us,us,2016-07-30,40662,India,-1
2016-08-01 13:38:32.850000+00:00,31.3148,76.9876,35.06,4.85,mw,,118.0,3.911,1.38,us,us10006acy,2016-10-19T04:52:06.040Z,"15 km WNW of Seoni, India",earthquake,8.8,6.9,0.164,11.0,reviewed,us,us,2016-08-01,40581,India,3
2016-08-18 18:23:56.270000+00:00,11.9017,93.5881,107.98,4.94,mw,,81.0,5.931,0.3,us,us10006gdk,2016-11-15T02:21:53.040Z,"95 km ENE of Port Blair, India",earthquake,10.9,4.1,0.173,11.0,reviewed,us,us,2016-08-18,40558,India,1
2016-08-26 18:20:45.580000+00:00,9.2319,93.9606,10.0,5.03,mw,,46.0,2.689,1.21,us,us20006ubt,2016-11-29T01:28:41.040Z,"Nicobar Islands, India region",earthquake,7.4,1.9,0.077,51.0,reviewed,us,us,2016-08-26,40703,India,1
2016-08-26 18:22:55.880000+00:00,9.1191,94.4457,10.0,4.77,mw,,95.0,3.026,0.58,us,us20006ves,2016-11-29T01:28:41.040Z,"Nicobar Islands, India region",earthquake,12.5,1.9,0.162,11.0,reviewed,us,us,2016-08-26,40786,India,1
2016-08-27 01:14:30.110000+00:00,31.4746,77.7102,10.0,4.94,mw,,106.0,4.332,0.8,us,us20006ufk,2016-11-29T01:28:41.040Z,"8 km ENE of R?mpur, India",earthquake,7.5,1.3,0.066,69.0,reviewed,us,us,2016-08-27,40726,India,3
2016-09-02 14:31:00.980000+00:00,28.6255,94.9397,23.69,4.94,mw,,66.0,3.503,0.95,us,us10006jnm,2016-12-03T02:54:35.040Z,"52 km NNE of Along, India",earthquake,7.8,3.7,0.084,42.0,reviewed,us,us,2016-09-02,40710,India,-1
2016-09-03 21:38:58.200000+00:00,27.2224,96.8182,43.69,4.85,mw,,46.0,3.746,0.67,us,us10006k6e,2016-12-03T02:54:39.040Z,"98 km SSE of Hayuliang, India",earthquake,7.6,7.2,0.068,64.0,reviewed,us,us,2016-09-03,40748,India,2
2016-09-04 13:05:48.740000+00:00,28.0653,92.032,28.78,4.43,mw,,154.0,1.814,0.4,us,us10006mr6,2016-12-03T02:54:41.040Z,"55 km N of Tawang, India",earthquake,9.5,6.0,0.232,5.0,reviewed,us,us,2016-09-04,40857,India,2
2016-09-04 22:28:38.650000+00:00,13.5061,92.7137,31.34,4.6,mw,,151.0,1.839,0.57,us,us10006kdx,2016-12-03T02:54:42.040Z,"199 km N of Bamboo Flat, India",earthquake,6.2,6.9,0.199,7.0,reviewed,us,us,2016-09-04,40832,India,1
2016-09-08 23:35:06.290000+00:00,8.6016,93.8842,80.77,4.85,mw,,102.0,3.235,0.67,us,us10006n7k,2016-12-03T02:54:50.040Z,"Nicobar Islands, India region",earthquake,7.1,8.0,0.088,38.0,reviewed,us,us,2016-09-08,40751,India,1
2016-09-10 15:27:23.480000+00:00,28.7684,76.5733,10.0,4.51,mw,,202.0,5.629,0.9,us,us10006nsd,2016-12-07T02:56:09.040Z,"7 km N of Beri Kh?s, India",earthquake,11.2,2.0,0.157,11.0,reviewed,us,us,2016-09-10,40851,India,-1
2016-09-11 05:07:48.670000+00:00,9.8342,93.2204,75.1,4.94,mw,,108.0,1.869,0.68,us,us10006nsf,2016-12-07T02:56:10.040Z,"209 km SSE of Port Blair, India",earthquake,8.4,6.5,0.074,54.0,reviewed,us,us,2016-09-11,40707,India,1
2016-09-15 02:30:46.460000+00:00,10.1636,91.7111,20.94,5.28,mw,,102.0,1.796,0.8,us,us10006pnx,2016-12-07T02:56:16.040Z,"201 km SW of Port Blair, India",earthquake,7.4,4.6,0.077,54.0,reviewed,us,us,2016-09-15,40688,India,1
2016-09-16 05:18:49.780000+00:00,12.8909,92.492,29.95,4.68,mw,,90.0,1.252,0.91,us,us10006s0d,2016-12-12T23:01:25.040Z,"133 km N of Bamboo Flat, India",earthquake,7.5,5.7,0.133,16.0,reviewed,us,us,2016-09-16,40806,India,1
2016-09-17 02:46:23.340000+00:00,24.368,93.9151,63.47,4.68,mw,,83.0,0.377,0.88,us,us10006sux,2016-12-12T23:01:26.040Z,"15 km SSW of Kakching, India",earthquake,6.3,7.8,0.178,9.0,reviewed,us,us,2016-09-17,40810,India,2
2016-09-18 23:39:09.760000+00:00,8.1628,92.2383,30.06,4.68,mw,,195.0,3.506,0.76,us,us10006t9z,2016-12-12T23:01:30.040Z,"Nicobar Islands, India region",earthquake,10.3,7.6,0.142,14.0,reviewed,us,us,2016-09-18,40817,India,1
2016-09-19 12:57:31.930000+00:00,10.3504,92.6927,33.56,4.94,mw,,145.0,1.298,0.62,us,us10006ttk,2016-12-12T23:01:31.040Z,"145 km S of Port Blair, India",earthquake,12.0,6.9,0.145,14.0,reviewed,us,us,2016-09-19,40708,India,1
2016-09-19 21:11:27+00:00,29.1247,97.8313,66.57,4.6,mw,,71.0,5.808,0.68,us,us10006qxc,2016-12-12T23:01:32.040Z,"171 km NE of Hayuliang, India",earthquake,11.0,8.3,0.11,23.0,reviewed,us,us,2016-09-19,40832,India,-1
2016-09-22 13:23:43.950000+00:00,25.2601,95.6127,141.47,4.94,mw,,57.0,1.573,0.95,us,us10006rn5,2016-12-12T23:01:37.040Z,"120 km ESE of Phek, India",earthquake,8.9,8.4,0.097,32.0,reviewed,us,us,2016-09-22,40714,India,2
2016-10-04 14:19:21.580000+00:00,33.7459,75.6917,35.0,4.68,mw,,140.0,2.022,0.53,us,us20007dpw,2017-01-03T21:10:44.040Z,"45 km SE of Pahlg?m, India",earthquake,8.5,1.9,0.201,7.0,reviewed,us,us,2016-10-04,40817,India,3
2016-10-06 14:47:57.210000+00:00,26.443,92.773,56.85,4.68,mw,,129.0,2.601,0.41,us,us20007dug,2017-01-03T21:10:47.040Z,"21 km S of Tezpur, India",earthquake,12.0,10.5,0.137,15.0,reviewed,us,us,2016-10-06,40823,India,2
2016-10-11 07:30:14.280000+00:00,25.2519,95.0006,95.33,5.03,mw,,57.0,1.2,1.08,us,us20007d7h,2017-01-07T00:20:50.040Z,"68 km SE of Phek, India",earthquake,5.6,7.2,0.083,44.0,reviewed,us,us,2016-10-11,40702,India,2
2016-10-23 15:56:41.960000+00:00,26.0659,90.2619,24.31,4.94,mw,,127.0,1.52,0.7,us,us20007g8h,2017-01-20T00:31:03.040Z,"5 km NW of Lakhipur, India",earthquake,9.6,6.3,0.088,38.0,reviewed,us,us,2016-10-23,40711,India,2
2016-10-25 22:00:26.020000+00:00,7.0673,92.4518,10.0,5.2,mw,,61.0,4.568,0.6,us,us20007gqu,2017-01-20T00:31:06.040Z,"Nicobar Islands, India region",earthquake,7.1,1.8,0.06,88.0,reviewed,us,us,2016-10-25,40694,India,1
2016-10-26 06:29:09.950000+00:00,23.1261,92.8708,50.3,5.03,mw,,68.0,0.826,0.61,us,us20007gsu,2017-01-20T00:31:07.040Z,"18 km S of Serchh?p, India",earthquake,5.6,8.0,0.097,32.0,reviewed,us,us,2016-10-26,40700,India,2
2016-10-29 17:47:11.680000+00:00,21.7014,93.4678,61.66,4.77,mw,,140.0,0.944,1.2,us,us100073s9,2017-01-24T02:02:09.040Z,"100 km SSE of Saiha, India",earthquake,7.7,10.5,0.239,6.0,reviewed,us,us,2016-10-29,40784,India,2
2016-11-11 16:20:10.360000+00:00,7.1537,92.0147,28.66,4.51,mw,,123.0,4.531,0.55,us,us100079ba,2017-02-09T03:02:19.040Z,"Nicobar Islands, India region",earthquake,12.3,7.2,0.123,18.0,reviewed,us,us,2016-11-11,40833,India,1
2016-11-13 21:22:24.700000+00:00,10.6904,93.6834,8.78,4.94,mw,,99.0,1.33,0.68,us,us100077fm,2017-02-09T03:02:24.040Z,"148 km SE of Port Blair, India",earthquake,6.8,6.1,0.108,26.0,reviewed,us,us,2016-11-13,40728,India,1
2016-11-15 02:10:21.120000+00:00,24.6475,92.3284,32.42,4.94,mw,,72.0,1.01,0.76,us,us1000781i,2017-02-09T03:02:28.040Z,"23 km W of Hail?k?ndi, India",earthquake,6.4,4.9,0.083,44.0,reviewed,us,us,2016-11-15,40711,India,2
2016-11-16 22:59:24.610000+00:00,28.0012,76.7017,10.0,4.77,mw,,98.0,6.357,0.7,us,us1000793m,2017-02-09T03:02:32.040Z,"14 km SE of B?wal, India",earthquake,10.5,1.9,0.089,36.0,reviewed,us,us,2016-11-16,40769,India,-1
2016-11-25 11:17:10.660000+00:00,13.1382,93.0599,32.79,4.94,mw,,92.0,7.738,0.86,us,us10007c91,2017-02-23T00:11:47.040Z,"163 km NNE of Bamboo Flat, India",earthquake,9.7,5.9,0.069,64.0,reviewed,us,us,2016-11-25,40709,India,1
2016-12-01 16:52:50.110000+00:00,29.979,80.6321,31.96,5.45,mw,,41.0,4.687,0.76,us,us10007e1x,2023-01-12T12:54:08.773Z,"18 km NE of Dh?rchula, India",earthquake,7.0,4.4,0.047,152.0,reviewed,us,us,2016-12-01,40687,India,3
2016-12-03 19:42:11.180000+00:00,10.9345,91.886,10.0,5.03,mw,,112.0,7.565,0.95,us,us10007emp,2017-03-03T07:06:01.040Z,"123 km SW of Port Blair, India",earthquake,8.8,1.9,0.071,60.0,reviewed,us,us,2016-12-03,40696,India,1
2016-12-23 04:56:16.820000+00:00,12.3232,91.9315,27.78,4.77,mw,,102.0,8.616,0.76,us,us10007sbb,2017-03-23T22:51:59.040Z,"109 km NW of Bamboo Flat, India",earthquake,9.0,5.9,0.144,14.0,reviewed,us,us,2016-12-23,40768,India,-1
2016-12-27 10:50:19.090000+00:00,12.763,92.9305,35.0,4.68,mw,,181.0,9.051,0.24,us,us10007t4j,2017-03-23T22:52:04.040Z,"119 km N of Bamboo Flat, India",earthquake,10.6,1.9,0.178,9.0,reviewed,us,us,2016-12-27,40826,India,1
2016-12-27 21:21:53.720000+00:00,13.341,92.327,28.8,4.77,mw,,83.0,8.146,0.91,us,us10007n39,2017-03-23T22:52:05.040Z,"186 km NNW of Bamboo Flat, India",earthquake,8.7,5.4,0.098,30.0,reviewed,us,us,2016-12-27,40766,India,1
2017-01-03 09:09:02.080000+00:00,24.0151,92.0177,32.0,5.7,mww,,20.0,1.375,0.86,us,us10007pfk,2022-05-03T18:56:46.324Z,"18 km ENE of ?mb?sa, India",earthquake,6.7,1.8,0.071,19.0,reviewed,us,us,2017-01-03,40687,India,2
2017-01-03 19:32:26.800000+00:00,27.9089,93.8486,18.03,4.77,mw,,76.0,2.935,0.79,us,us10007ud9,2017-03-27T23:53:20.040Z,"34 km N of Ziro, India",earthquake,8.0,4.0,0.075,51.0,reviewed,us,us,2017-01-03,40764,India,-1
2017-01-09 20:25:53.280000+00:00,35.679,77.8343,82.09,4.51,mw,,112.0,4.272,0.56,us,us10007s65,2017-04-01T00:26:06.040Z,"126 km NE of Thang, India",earthquake,8.0,12.3,0.139,14.0,reviewed,us,us,2017-01-09,40838,India,-1
2017-01-12 09:32:08.120000+00:00,26.4049,95.364,68.8,4.85,mw,,84.0,2.37,1.01,us,us10007ssz,2017-04-01T00:26:10.040Z,"47 km SE of Mon, India",earthquake,7.4,7.3,0.093,34.0,reviewed,us,us,2017-01-12,40745,India,2
2017-01-18 03:03:21.970000+00:00,24.559,94.5655,63.0,4.85,mw,,58.0,0.407,0.92,us,us10007tuu,2017-04-12T02:29:00.040Z,"50 km E of W?ngjing, India",earthquake,7.7,6.0,0.113,23.0,reviewed,us,us,2017-01-18,40733,India,2
2017-01-18 15:42:40.480000+00:00,12.2,94.9698,27.49,5.2,mw,,99.0,2.244,0.71,us,us10007tz3,2017-04-12T02:29:00.040Z,"249 km ENE of Port Blair, India",earthquake,7.9,5.6,0.08,49.0,reviewed,us,us,2017-01-18,40695,India,1
2017-01-19 19:18:36.830000+00:00,28.1784,92.6836,40.21,4.51,mw,,104.0,2.041,0.8,us,us10007u64,2017-04-12T02:29:01.040Z,"100 km NE of Tawang, India",earthquake,5.8,9.7,0.127,17.0,reviewed,us,us,2017-01-19,40843,India,2
2017-01-24 12:25:38.780000+00:00,25.6419,91.8799,35.0,4.68,mw,,115.0,0.077,1.08,us,us20008ih1,2017-04-19T18:30:58.040Z,"8 km N of Shillong, India",earthquake,14.2,2.0,0.177,9.0,reviewed,us,us,2017-01-24,40810,India,2
2017-01-29 21:36:08.190000+00:00,25.9321,96.4968,41.14,4.85,mw,,71.0,2.615,0.59,us,us10007w3d,2017-04-27T01:38:37.040Z,"43 km SW of Sarupathar, India",earthquake,8.2,7.3,0.081,45.0,reviewed,us,us,2017-01-29,40747,India,2
2017-02-06 17:03:06.530000+00:00,30.6544,79.1645,16.05,5.1,mwb,,39.0,5.823,0.67,us,us20008hyg,2023-01-12T12:46:11.081Z,"36 km NW of P?palkoti, India",earthquake,7.9,3.2,0.059,28.0,reviewed,us,us,2017-02-06,40696,India,3
2017-02-12 04:05:33.570000+00:00,25.548,91.1035,36.94,4.77,mw,,66.0,0.68,0.66,us,us20008j9t,2017-05-13T01:03:17.040Z,"16 km WNW of Nongstoin, India",earthquake,4.6,8.0,0.102,28.0,reviewed,us,us,2017-02-12,40778,India,2
2017-02-24 12:02:50.650000+00:00,24.0437,93.4825,59.8,5.28,mw,,43.0,0.769,0.81,us,us20008m0e,2022-05-03T18:11:40.054Z,"37 km SSW of Chur?ch?ndpur, India",earthquake,5.1,5.0,0.048,137.0,reviewed,us,us,2017-02-24,40874,India,2
2017-02-28 10:42:06.570000+00:00,10.1937,92.501,32.34,4.6,mw,,192.0,1.472,0.62,us,us100087qh,2017-05-24T02:48:10.040Z,"165 km S of Port Blair, India",earthquake,14.6,8.1,0.152,12.0,reviewed,us,us,2017-02-28,41007,India,1
2017-03-01 03:16:52.370000+00:00,12.2124,93.2046,67.58,4.85,mw,,68.0,0.713,0.97,us,us100085w3,2017-05-24T02:48:11.040Z,"77 km NE of Bamboo Flat, India",earthquake,8.0,2.1,0.09,36.0,reviewed,us,us,2017-03-01,40939,India,1
2017-03-01 16:21:04.660000+00:00,11.6696,92.2347,29.78,4.51,mw,,119.0,0.499,0.48,us,us10008848,2017-05-24T02:48:12.040Z,"52 km W of Bamboo Flat, India",earthquake,10.7,8.3,0.151,12.0,reviewed,us,us,2017-03-01,41016,India,1
2017-03-04 02:11:53.820000+00:00,25.1865,94.6658,74.07,5.37,mw,,27.0,1.009,0.95,us,us100086x4,2025-12-22T17:32:58.366Z,"55 km SSE of Phek, India",earthquake,6.5,5.1,0.042,181.0,reviewed,us,us,2017-03-04,40874,India,2
2017-03-10 12:39:35.300000+00:00,8.3783,91.8219,32.13,4.68,mw,,97.0,5.974,1.32,us,us20008srl,2017-05-31T01:59:00.040Z,"Nicobar Islands, India region",earthquake,8.6,5.9,0.111,23.0,reviewed,us,us,2017-03-10,40983,India,1
2017-03-14 02:51:16.770000+00:00,6.1457,92.3044,10.0,6.0,mww,,29.0,4.709,0.69,us,us100088sf,2022-05-03T18:57:44.793Z,"Nicobar Islands, India region",earthquake,7.5,1.8,,,reviewed,us,us,2017-03-14,40869,India,1
2017-03-14 16:39:56.790000+00:00,27.2997,96.7901,54.22,4.77,mw,,116.0,3.792,0.77,us,us100088wt,2017-06-07T00:33:39.040Z,"89 km SSE of Hayuliang, India",earthquake,7.8,8.7,0.127,18.0,reviewed,us,us,2017-03-14,40966,India,2
2017-03-17 14:01:43.070000+00:00,11.1741,92.8778,46.01,5.11,mw,,61.0,0.496,1.31,us,us20008spa,2017-06-07T00:33:42.040Z,"56 km SSE of Port Blair, India",earthquake,8.9,6.6,0.109,26.0,reviewed,us,us,2017-03-17,40887,India,1
2017-03-19 08:57:06.970000+00:00,9.9624,93.5567,35.85,4.94,mw,,116.0,1.862,0.69,us,us20008t5c,2017-06-12T19:46:49.040Z,"208 km SSE of Port Blair, India",earthquake,7.5,8.0,0.079,48.0,reviewed,us,us,2017-03-19,40929,India,1
2017-03-21 15:40:45.410000+00:00,25.3798,92.5623,34.67,4.77,mw,,98.0,0.665,1.36,us,us20008vc0,2017-06-12T19:46:52.040Z,"51 km WNW of H?flong, India",earthquake,3.5,5.8,0.19,8.0,reviewed,us,us,2017-03-21,40964,India,-1
2017-03-26 21:42:11.940000+00:00,27.1419,88.5534,24.39,4.85,mw,,116.0,2.934,0.81,us,us20008uvs,2017-06-16T23:07:58.040Z,"4 km SSE of Rangpo, India",earthquake,6.6,5.5,0.069,62.0,reviewed,us,us,2017-03-26,40963,India,-1
2017-04-02 15:02:21.580000+00:00,1.1234,88.7199,10.0,4.85,mw,,90.0,8.855,0.78,us,us10008dy9,2017-06-23T07:26:27.040Z,North Indian Ocean,earthquake,9.0,1.9,0.116,22.0,reviewed,us,us,2017-04-02,40950,North Indian Ocean,-1
2017-04-05 16:44:36.740000+00:00,14.4592,93.0491,31.8,5.54,mw,,49.0,3.829,0.85,us,us10008ep4,2022-05-03T18:15:18.906Z,"Andaman Islands, India region",earthquake,7.3,4.1,0.052,126.0,reviewed,us,us,2017-04-05,40873,India,1
2017-04-18 05:11:55.400000+00:00,33.9575,76.422,51.3,4.94,mw,,107.0,2.643,0.95,us,us10008ii5,2017-07-11T01:48:36.040Z,Kashmir-India border region,earthquake,4.2,7.5,0.083,43.0,reviewed,us,us,2017-04-18,40894,Kashmir-India border region,3
2017-04-25 16:14:55.930000+00:00,25.6263,90.8833,31.19,4.68,mw,,154.0,0.88,0.71,us,us10008na7,2017-07-21T02:32:06.040Z,"40 km WNW of Nongstoin, India",earthquake,8.2,5.8,0.111,23.0,reviewed,us,us,2017-04-25,40984,India,2
2017-05-01 18:59:31.990000+00:00,11.7813,94.8399,28.01,5.03,mw,,71.0,2.056,0.86,us,us10008mp9,2017-07-29T03:16:13.040Z,"228 km E of Port Blair, India",earthquake,7.5,4.9,0.072,58.0,reviewed,us,us,2017-05-01,40892,India,1
2017-05-05 17:58:35.880000+00:00,13.7401,92.548,19.13,5.28,mw,,68.0,2.08,0.63,us,us10008puy,2017-07-29T03:16:23.040Z,"226 km N of Bamboo Flat, India",earthquake,6.9,3.8,0.05,129.0,reviewed,us,us,2017-05-05,40877,India,1
2017-05-16 22:13:19.060000+00:00,27.3266,88.1714,10.0,4.6,mw,,164.0,3.739,0.62,us,us10008udz,2017-08-05T03:32:09.040Z,"9 km WNW of Gyalshing, India",earthquake,5.5,1.9,0.107,24.0,reviewed,us,us,2017-05-16,41012,India,-1
2017-05-17 17:45:54.770000+00:00,12.7126,93.5971,100.98,4.94,mw,,68.0,1.341,0.67,us,us10008t21,2017-08-05T03:32:10.040Z,"147 km NE of Bamboo Flat, India",earthquake,8.7,6.2,0.067,66.0,reviewed,us,us,2017-05-17,40922,India,1
2017-05-20 05:48:44.460000+00:00,32.8696,76.2986,35.36,4.6,mw,,148.0,2.655,1.01,us,us10008tqh,2017-08-05T03:32:13.040Z,"38 km NNE of Chamba, India",earthquake,10.6,9.0,0.146,13.0,reviewed,us,us,2017-05-20,41005,India,3
2017-05-29 13:53:29.160000+00:00,33.2999,75.9276,35.9,4.85,mw,,165.0,5.472,0.7,us,us10008w1v,2017-08-15T02:26:45.040Z,"15 km E of Kishtw?r, India",earthquake,10.0,8.5,0.064,71.0,reviewed,us,us,2017-05-29,40935,India,3
2017-05-30 22:24:43.880000+00:00,10.3004,93.2343,82.18,4.77,mw,,84.0,1.43,0.88,us,us10008wqa,2017-08-15T02:26:48.040Z,"160 km SSE of Port Blair, India",earthquake,9.6,7.3,0.088,37.0,reviewed,us,us,2017-05-30,40968,India,1
2017-06-01 22:55:54.880000+00:00,28.9744,76.7797,10.0,5.03,mw,,69.0,5.545,0.76,us,us20009j48,2020-07-10T16:43:09.412Z,"16 km NW of Kharkhauda, India",earthquake,8.3,1.8,0.045,150.0,reviewed,us,us,2017-06-01,40890,India,-1
2017-06-03 18:14:50.550000+00:00,16.6688,73.576,15.46,4.68,mw,,106.0,8.351,1.29,us,us20009lhc,2017-08-15T02:26:52.040Z,"6 km ENE of R?j?pur, India",earthquake,8.2,5.8,0.087,37.0,reviewed,us,us,2017-06-03,40997,India,-1
2017-06-09 11:48:06.920000+00:00,25.2784,95.1091,92.06,4.94,mw,,68.0,1.277,0.99,us,us20009mr4,2017-08-16T02:42:21.040Z,"74 km SE of Phek, India",earthquake,4.8,8.8,0.146,14.0,reviewed,us,us,2017-06-09,40909,India,2
2017-06-13 23:42:13.960000+00:00,7.0025,64.0192,10.0,4.43,mw,,211.0,19.347,0.73,us,us20009n3n,2017-08-18T23:13:26.040Z,North Indian Ocean,earthquake,10.2,2.0,0.183,8.0,reviewed,us,us,2017-06-13,41038,North Indian Ocean,-1
2017-06-16 21:43:11.230000+00:00,29.9367,95.1768,24.75,4.6,mw,,150.0,3.526,0.58,us,us20009n6t,2017-08-18T23:13:31.040Z,"174 km NNE of Shi Yomi, India",earthquake,6.5,9.0,0.115,21.0,reviewed,us,us,2017-06-16,41004,India,-1
2017-06-18 22:35:46.460000+00:00,24.6306,93.9674,21.47,4.94,mw,,89.0,0.501,0.63,us,us20009nhw,2017-08-23T16:35:44.040Z,"3 km WSW of Thoub?l, India",earthquake,6.0,5.9,0.071,59.0,reviewed,us,us,2017-06-18,40906,India,2
2017-06-19 02:52:07.760000+00:00,1.8825,90.9994,10.92,4.94,mw,,95.0,6.598,0.86,us,us20009nie,2017-08-23T16:35:44.040Z,North Indian Ocean,earthquake,9.7,4.6,0.079,48.0,reviewed,us,us,2017-06-19,40899,North Indian Ocean,-1
2017-07-02 05:27:45.280000+00:00,24.3592,94.7001,83.62,5.2,mw,,45.0,0.386,0.67,us,us100095u3,2017-10-03T00:47:44.040Z,"69 km ESE of W?ngjing, India",earthquake,3.9,5.1,0.07,64.0,reviewed,us,us,2017-07-02,40887,India,2
2017-07-09 07:59:49.770000+00:00,29.0249,95.7052,19.48,4.85,mw,,74.0,4.052,0.56,us,us100098ci,2017-10-06T23:56:10.040Z,"112 km NNE of P?sigh?t, India",earthquake,8.2,5.1,0.089,37.0,reviewed,us,us,2017-07-09,40951,India,-1
2017-07-10 10:44:46.240000+00:00,10.4269,93.8907,42.73,4.85,mw,,170.0,1.66,0.57,us,us20009xxd,2017-10-06T23:56:12.040Z,"185 km SE of Port Blair, India",earthquake,11.9,10.0,0.163,11.0,reviewed,us,us,2017-07-10,40954,India,1
2017-07-12 22:33:37.170000+00:00,9.8244,93.9746,10.0,4.68,mw,,186.0,2.185,0.56,us,us20009xhw,2017-10-06T23:56:16.040Z,"244 km SSE of Port Blair, India",earthquake,15.6,2.0,0.169,10.0,reviewed,us,us,2017-07-12,40981,India,1
2017-07-17 20:20:25.590000+00:00,24.8683,95.1618,122.77,4.68,mw,,152.0,1.009,1.12,us,us20009z1c,2017-10-11T01:03:51.040Z,"110 km SE of Phek, India",earthquake,5.9,10.2,0.161,11.0,reviewed,us,us,2017-07-17,40978,India,2
2017-07-21 00:23:42.350000+00:00,24.1789,92.2002,38.77,4.77,mw,,164.0,1.416,1.01,us,us2000a1bp,2022-08-07T13:26:17.269Z,"21 km S of Dharmanagar, India",earthquake,6.1,11.3,0.203,7.0,reviewed,us,us,2017-07-21,40974,India,2
2017-08-12 17:10:01.370000+00:00,30.3422,94.8528,28.2,5.28,mw,,38.0,3.293,0.57,us,us2000a7lp,2022-05-03T18:35:21.638Z,"206 km NNE of Shi Yomi, India",earthquake,8.4,4.9,0.051,120.0,reviewed,us,us,2017-08-12,40883,India,-1
2017-08-16 03:26:53.080000+00:00,32.8724,76.2437,44.78,4.77,mw,,158.0,5.971,0.77,us,us2000a8n7,2017-11-14T01:42:09.040Z,"36 km NNE of Chamba, India",earthquake,10.6,8.6,0.106,26.0,reviewed,us,us,2017-08-16,41173,India,3
2017-08-17 07:38:33.100000+00:00,25.8288,94.5263,61.1,4.94,mw,,74.0,1.605,1.12,us,us2000a90q,2022-08-07T14:57:39.710Z,"15 km S of Zunheboto, India",earthquake,8.3,8.9,0.119,21.0,reviewed,us,us,2017-08-17,41154,India,2
2017-08-19 16:52:26.120000+00:00,16.3657,73.3863,10.0,4.51,mw,,131.0,8.041,0.92,us,us2000abbd,2022-08-07T16:24:25.129Z,"34 km NNW of M?lvan, India",earthquake,14.9,2.0,0.1,27.0,reviewed,us,us,2017-08-19,41203,India,-1
2017-08-21 01:14:35.080000+00:00,30.4658,94.704,10.0,4.94,mw,,118.0,3.192,0.81,us,us2000aa26,2017-11-22T03:43:26.040Z,"216 km N of Shi Yomi, India",earthquake,11.3,1.9,0.101,29.0,reviewed,us,us,2017-08-21,41110,India,-1
2017-09-03 06:52:17.790000+00:00,9.2814,93.1142,60.53,5.2,mw,,64.0,2.387,0.62,us,us2000aewh,2017-12-07T20:00:06.040Z,"266 km S of Port Blair, India",earthquake,7.7,2.9,0.058,94.0,reviewed,us,us,2017-09-03,41074,India,1
2017-09-04 19:43:15.140000+00:00,1.1741,91.8862,10.0,5.37,mw,,49.0,5.689,0.82,us,us2000afm1,2017-12-07T20:00:11.040Z,North Indian Ocean,earthquake,9.4,1.8,0.052,119.0,reviewed,us,us,2017-09-04,41047,North Indian Ocean,-1
2017-09-05 18:06:36.970000+00:00,7.8519,93.2674,51.55,5.2,mw,,174.0,3.814,1.03,us,us2000arp4,2017-12-07T20:00:14.040Z,"Nicobar Islands, India region",earthquake,8.3,8.4,0.086,46.0,reviewed,us,us,2017-09-05,41062,India,1
2017-09-06 00:10:55.750000+00:00,10.2437,93.1611,83.98,5.0,mww,,43.0,1.461,0.95,us,us2000agg9,2025-12-22T17:26:06.675Z,"163 km SSE of Port Blair, India",earthquake,8.3,4.5,0.089,12.0,reviewed,us,us,2017-09-06,41106,India,1
2017-09-07 14:32:03.630000+00:00,25.275,90.2279,36.67,4.51,mw,,172.0,1.5,1.33,us,us2000ahj3,2022-08-07T16:42:47.259Z,"26 km S of Tura, India",earthquake,10.6,8.8,0.175,9.0,reviewed,us,us,2017-09-07,41199,India,2
2017-09-11 16:44:54.180000+00:00,11.1912,93.763,135.46,4.77,mw,,58.0,1.1,0.83,us,us2000ak6r,2017-12-13T02:29:38.040Z,"122 km ESE of Port Blair, India",earthquake,10.3,7.3,0.114,22.0,reviewed,us,us,2017-09-11,41167,India,1
2017-09-17 14:48:11.340000+00:00,12.8183,92.0967,26.18,5.28,mw,,81.0,1.317,0.62,us,us2000at5x,2017-12-19T01:54:02.040Z,"140 km NNW of Bamboo Flat, India",earthquake,8.4,4.6,0.08,50.0,reviewed,us,us,2017-09-17,41061,India,1
2017-09-23 00:14:11.480000+00:00,34.2131,74.5944,35.0,4.94,mw,,109.0,4.078,0.61,us,us2000atf6,2022-08-07T18:20:27.830Z,"5 km WSW of Sumbal, India",earthquake,7.9,1.9,0.061,80.0,reviewed,us,us,2017-09-23,41154,India,3
2017-09-25 20:27:11.320000+00:00,13.0038,92.9286,32.08,4.6,mw,,138.0,1.352,1.01,us,us2000b0he,2017-12-22T21:56:22.040Z,"146 km N of Bamboo Flat, India",earthquake,12.6,8.3,0.2,7.0,reviewed,us,us,2017-09-25,41193,India,1
2017-10-01 12:18:17.300000+00:00,28.6799,96.3197,34.7,4.43,mw,,118.0,4.653,0.8,us,us2000b22r,2018-01-03T01:54:41.040Z,"70 km NNW of Hayuliang, India",earthquake,8.0,5.9,0.156,11.0,reviewed,us,us,2017-10-01,41204,India,-1
2017-10-06 14:00:31.480000+00:00,11.9798,95.0763,10.08,5.0,mww,,89.0,2.306,0.98,us,us2000b1zv,2025-12-22T17:27:05.482Z,"256 km E of Port Blair, India",earthquake,2.6,4.4,0.068,21.0,reviewed,us,us,2017-10-06,41101,India,1
2017-10-06 20:59:02.460000+00:00,11.0125,94.7724,38.49,4.51,mw,,154.0,2.089,1.18,us,us1000arju,2018-01-03T01:54:48.040Z,"232 km ESE of Port Blair, India",earthquake,8.3,11.9,0.185,8.0,reviewed,us,us,2017-10-06,41197,India,1
2017-10-10 14:42:26.530000+00:00,13.032,93.3537,52.75,4.94,mw,,126.0,1.492,0.82,us,us1000atp9,2018-01-09T02:14:54.040Z,"162 km NNE of Bamboo Flat, India",earthquake,8.0,9.9,0.152,13.0,reviewed,us,us,2017-10-10,41115,India,1
2017-10-14 11:45:51.540000+00:00,6.174,91.3087,25.96,4.77,mw,,139.0,5.688,0.62,us,us1000aumx,2018-01-09T02:15:00.040Z,"Nicobar Islands, India region",earthquake,13.9,6.1,0.138,15.0,reviewed,us,us,2017-10-14,41159,India,-1
2017-10-19 01:10:25+00:00,33.5105,76.2599,32.12,4.94,mw,,79.0,2.501,0.95,us,us1000atxi,2018-01-11T02:22:07.040Z,"50 km ENE of Kishtw?r, India",earthquake,7.3,5.1,0.056,94.0,reviewed,us,us,2017-10-19,41135,India,3
2017-10-23 14:23:42.660000+00:00,6.8047,92.5032,10.0,4.85,mw,,80.0,4.688,0.71,us,us1000avwb,2018-01-17T21:50:30.040Z,"Nicobar Islands, India region",earthquake,8.5,1.9,0.097,31.0,reviewed,us,us,2017-10-23,41159,India,1
2017-10-25 18:20:47.790000+00:00,13.7225,92.9359,32.74,5.03,mw,,51.0,2.062,0.93,us,us1000awth,2018-01-17T21:50:33.040Z,"225 km N of Bamboo Flat, India",earthquake,6.0,5.2,0.066,70.0,reviewed,us,us,2017-10-25,41097,India,1
2017-10-27 02:37:45.580000+00:00,31.9508,77.4341,14.96,4.51,mw,,224.0,3.895,0.74,us,us1000axdn,2018-01-17T21:50:35.040Z,"30 km E of Kulu, India",earthquake,8.8,6.5,0.198,7.0,reviewed,us,us,2017-10-27,41195,India,-1
2017-10-28 14:17:46.560000+00:00,12.7959,95.4699,10.0,4.85,mw,,112.0,2.895,1.33,us,us2000bhyw,2018-01-17T21:50:37.040Z,"Andaman Islands, India region",earthquake,8.9,2.0,0.192,8.0,reviewed,us,us,2017-10-28,41157,India,1
2017-11-08 04:50:51.960000+00:00,24.0923,91.2855,29.51,5.2,mw,,69.0,1.446,0.76,us,us2000bk8n,2022-08-07T20:57:44.126Z,"28 km N of Agartala, India",earthquake,4.0,4.4,0.057,96.0,reviewed,us,us,2017-11-08,41080,India,2
2017-11-17 22:34:19.450000+00:00,29.8333,94.9838,8.0,6.4,mww,,13.0,3.355,0.76,us,us2000bqsn,2022-05-03T20:02:37.973Z,"156 km NNE of Shi Yomi, India",earthquake,7.0,1.7,0.043,52.0,reviewed,us,us,2017-11-17,41042,India,-1
2017-12-02 23:43:44.930000+00:00,27.2856,88.0806,10.0,4.6,mw,,146.0,3.604,0.77,us,us1000bkfr,2018-02-20T09:06:12.040Z,"17 km W of Gyalshing, India",earthquake,9.5,1.9,0.098,29.0,reviewed,us,us,2017-12-02,41186,India,-1
2017-12-06 15:19:49.970000+00:00,30.6339,79.1601,10.0,5.37,mw,,50.0,5.831,0.75,us,us1000bmru,2022-05-03T19:01:49.119Z,"34 km NW of P?palkoti, India",earthquake,8.1,1.8,0.04,199.0,reviewed,us,us,2017-12-06,41060,India,3
2017-12-06 23:29:03.790000+00:00,35.7238,77.5618,74.3,5.2,mww,,30.0,4.097,0.82,us,us2000c1ea,2025-12-22T17:34:08.714Z,"112 km NE of Thang, India",earthquake,7.1,4.3,0.086,13.0,reviewed,us,us,2017-12-06,41064,India,-1
2017-12-09 10:43:07.020000+00:00,33.4204,76.9149,20.3,5.03,mw,,83.0,3.054,1.0,us,us2000c2cc,2018-02-28T02:32:34.040Z,"5 km SSE of Padam, India",earthquake,7.3,3.2,0.064,74.0,reviewed,us,us,2017-12-09,41093,India,3
2017-12-09 11:02:34.040000+00:00,25.6097,96.3486,10.0,4.77,mw,,97.0,2.312,0.89,us,us2000c2cj,2018-02-28T02:32:34.040Z,"80 km SW of Sarupathar, India",earthquake,5.4,1.8,0.123,19.0,reviewed,us,us,2017-12-09,41165,India,2
2017-12-10 22:58:55.730000+00:00,34.3183,78.5677,35.55,4.94,mw,,80.0,4.452,0.48,us,us2000c2q3,2018-03-06T00:49:35.040Z,"92 km E of Leh, India",earthquake,8.1,6.2,0.091,36.0,reviewed,us,us,2017-12-10,41150,India,-1
2017-12-11 03:35:13.720000+00:00,25.725,90.8605,10.0,4.94,mw,,80.0,0.912,0.94,us,us2000c2rj,2022-08-07T22:07:12.107Z,"46 km WNW of Nongstoin, India",earthquake,5.7,1.9,0.078,49.0,reviewed,us,us,2017-12-11,41114,India,2
2017-12-11 16:49:48.970000+00:00,11.8055,93.8373,136.55,4.94,mw,,84.0,5.755,0.99,us,us2000c2v8,2018-03-06T00:49:36.040Z,"119 km E of Port Blair, India",earthquake,9.5,7.7,0.074,54.0,reviewed,us,us,2017-12-11,41126,India,1
2017-12-17 06:20:41.840000+00:00,27.6391,94.2556,15.94,4.94,mw,,113.0,2.979,0.65,us,us2000c5d1,2022-08-07T22:16:15.784Z,"36 km WNW of Dhem?ji, India",earthquake,5.2,4.9,0.087,40.0,reviewed,us,us,2017-12-17,41112,India,-1
2017-12-19 13:23:32.100000+00:00,9.7595,93.5468,15.89,5.2,mw,,49.0,2.042,0.71,us,us1000bt2a,2018-03-14T00:58:22.040Z,"228 km SSE of Port Blair, India",earthquake,6.5,4.3,0.074,57.0,reviewed,us,us,2017-12-19,41063,India,1
2017-12-25 23:51:21.620000+00:00,34.2442,73.8406,10.0,4.6,mw,,67.0,0.759,0.65,us,us1000bw6p,2022-08-07T22:30:20.023Z,"26 km NW of Uri, India",earthquake,4.7,2.0,0.187,8.0,reviewed,us,us,2017-12-25,41181,India,3
2017-12-29 11:29:37.610000+00:00,8.4361,92.415,17.07,5.1,mww,,58.0,3.215,0.8,us,us1000bxm9,2025-12-22T16:53:03.237Z,"Nicobar Islands, India region",earthquake,7.4,3.9,0.086,13.0,reviewed,us,us,2017-12-29,41082,India,1
2017-12-29 16:19:14.310000+00:00,26.6901,96.1232,76.88,5.03,mw,,55.0,2.952,0.92,us,us1000bxqd,2018-03-17T01:54:38.040Z,"66 km ESE of Khonsa, India",earthquake,7.6,7.2,0.06,83.0,reviewed,us,us,2017-12-29,41093,India,2
2018-01-02 20:47:43.780000+00:00,7.1265,92.1669,29.62,5.2,mw,,94.0,4.536,0.81,us,us1000bz3y,2022-08-07T22:46:21.453Z,"Nicobar Islands, India region",earthquake,7.5,5.0,0.064,76.0,reviewed,us,us,2018-01-02,41068,India,1
2018-01-07 06:47:15.780000+00:00,24.7382,94.9055,33.0,5.6,mww,,17.0,0.748,0.63,us,us1000c1my,2022-08-07T22:50:54.685Z,"86 km E of W?ngjing, India",earthquake,6.2,1.8,0.054,33.0,reviewed,us,us,2018-01-07,41045,India,2
2018-01-14 15:48:09.590000+00:00,12.1779,92.4336,32.95,5.03,mw,,107.0,6.873,0.72,us,us2000cjih,2018-04-03T01:40:30.040Z,"61 km NNW of Bamboo Flat, India",earthquake,9.3,6.2,0.086,41.0,reviewed,us,us,2018-01-14,41088,India,1
2018-01-16 03:51:47.580000+00:00,4.239,86.5553,10.0,4.68,mw,,164.0,6.557,0.2,us,us2000cqxa,2018-04-10T01:11:41.040Z,North Indian Ocean,earthquake,10.2,1.9,0.218,6.0,reviewed,us,us,2018-01-16,41177,North Indian Ocean,-1
2018-01-18 02:03:30.260000+00:00,25.2304,95.0332,83.69,4.85,mw,,45.0,1.198,0.74,us,us2000ckm4,2018-04-10T01:11:44.040Z,"72 km SE of Phek, India",earthquake,7.6,6.5,0.088,38.0,reviewed,us,us,2018-01-18,41158,India,2
2018-01-19 14:41:17.890000+00:00,36.4289,76.9152,10.0,4.51,mw,,113.0,4.078,0.92,us,us2000cl6a,2018-04-10T01:11:47.040Z,"166 km N of Thang, India",earthquake,9.7,2.0,0.233,5.0,reviewed,us,us,2018-01-19,41198,India,-1
2018-01-20 01:14:27.260000+00:00,26.1323,89.8746,11.47,4.85,mw,,67.0,1.872,0.79,us,us2000clmv,2018-04-10T01:11:48.040Z,"6 km ENE of Golakganj, India",earthquake,6.8,4.6,0.075,53.0,reviewed,us,us,2018-01-20,41157,India,2
2018-01-24 11:01:46.430000+00:00,14.6681,92.6095,10.0,4.68,mw,,151.0,2.997,0.88,us,us1000ceib,2018-04-20T07:05:17.040Z,"Andaman Islands, India region",earthquake,5.3,1.9,0.216,6.0,reviewed,us,us,2018-01-24,41177,India,-1
2018-01-25 01:15:58.290000+00:00,8.2527,91.7665,10.0,5.8,mww,,22.0,5.957,0.76,us,us2000cp4g,2022-08-07T23:29:43.642Z,"Nicobar Islands, India region",earthquake,7.6,1.7,0.053,34.0,reviewed,us,us,2018-01-25,41043,India,1
2018-02-13 02:39:51.940000+00:00,12.3508,93.1579,57.51,5.2,mww,,27.0,6.148,0.83,us,us2000d1a1,2025-12-22T17:34:30.318Z,"86 km NE of Bamboo Flat, India",earthquake,7.8,4.6,0.089,12.0,reviewed,us,us,2018-02-13,41254,India,1
2018-02-15 03:28:07.070000+00:00,28.3621,97.5473,15.08,4.6,mw,,166.0,5.042,0.89,us,us2000d2hu,2018-05-15T06:29:07.040Z,"103 km ENE of Hayuliang, India",earthquake,8.4,5.9,0.136,15.0,reviewed,us,us,2018-02-15,41350,India,-1
2018-03-15 02:26:05.630000+00:00,24.4242,93.5687,55.55,4.85,mw,,122.0,0.695,0.7,us,us1000d4k8,2018-06-11T21:53:45.040Z,"14 km NW of Chur?ch?ndpur, India",earthquake,6.1,8.0,0.102,28.0,reviewed,us,us,2018-03-15,41292,India,2
2018-03-15 14:53:24.170000+00:00,33.0311,76.0989,39.8,4.85,mw,,99.0,2.448,1.21,us,us1000d4p8,2022-08-08T01:14:41.708Z,"36 km E of Bhadarw?h, India",earthquake,4.4,9.1,0.085,41.0,reviewed,us,us,2018-03-15,41320,India,3
2018-03-15 17:07:05.630000+00:00,11.9132,92.2633,42.36,4.68,mw,,200.0,7.12,1.42,us,us1000d7wy,2018-06-11T21:53:46.040Z,"54 km WNW of Bamboo Flat, India",earthquake,6.5,9.5,0.178,9.0,reviewed,us,us,2018-03-15,41344,India,1
2018-03-16 19:58:33.840000+00:00,12.5671,93.7551,109.07,4.68,mw,,83.0,5.526,0.72,us,us1000d5cv,2018-06-11T21:53:48.040Z,"148 km NE of Bamboo Flat, India",earthquake,10.0,4.4,0.089,36.0,reviewed,us,us,2018-03-16,41344,India,1
2018-03-21 22:58:23.210000+00:00,26.3137,89.9018,10.0,4.43,mw,,163.0,3.204,0.9,us,us1000d7b4,2022-08-08T02:24:04.273Z,"15 km SSW of Goshaingaon, India",earthquake,7.7,1.6,0.116,20.0,reviewed,us,us,2018-03-21,41397,India,2
2018-03-28 22:33:05.980000+00:00,23.1716,70.4448,10.0,4.6,mw,,76.0,10.731,0.9,us,us1000dagp,2022-08-08T01:36:37.563Z,"17 km SE of Bhach?u, India",earthquake,9.1,1.9,0.089,35.0,reviewed,us,us,2018-03-28,41351,India,-1
2018-03-28 23:58:28.800000+00:00,6.4627,92.411,10.0,4.51,mw,,213.0,11.653,0.37,us,us2000dv2d,2018-06-22T21:32:13.040Z,"Nicobar Islands, India region",earthquake,14.8,2.0,0.117,20.0,reviewed,us,us,2018-03-28,41363,India,1
2018-03-30 22:33:27.350000+00:00,22.1644,92.8036,32.09,4.51,mw,,158.0,0.876,0.61,us,us2000dvjw,2018-06-22T21:32:17.040Z,"40 km SSW of Saiha, India",earthquake,5.6,5.2,0.127,17.0,reviewed,us,us,2018-03-30,41361,India,2
2018-04-02 11:42:10.860000+00:00,26.4448,96.9676,10.0,5.2,mw,,64.0,3.269,0.95,us,us1000dcdk,2018-06-30T01:11:24.040Z,"30 km NNE of Sarupathar, India",earthquake,4.9,1.9,0.066,72.0,reviewed,us,us,2018-04-02,41253,India,2
2018-04-03 16:59:30.030000+00:00,29.8972,95.0012,25.59,4.51,mw,,114.0,3.372,0.41,us,us1000ddqf,2018-06-30T01:11:26.040Z,"163 km NNE of Shi Yomi, India",earthquake,8.9,5.4,0.117,20.0,reviewed,us,us,2018-04-03,41364,India,-1
2018-04-10 14:14:20.670000+00:00,24.1313,82.5522,10.0,4.94,mw,,66.0,5.403,0.86,us,us2000dxj3,2020-07-10T17:11:29.041Z,"14 km WSW of Singrauli, India",earthquake,8.8,1.9,0.073,56.0,reviewed,us,us,2018-04-10,41266,India,-1
2018-04-16 06:07:57.040000+00:00,6.882,92.0916,10.0,4.77,mw,,137.0,4.786,0.97,us,us1000dpas,2018-07-17T02:05:27.040Z,"Nicobar Islands, India region",earthquake,5.9,1.9,0.11,24.0,reviewed,us,us,2018-04-16,41340,India,1
2018-04-19 22:52:37.900000+00:00,31.2589,80.4048,29.83,4.43,mw,,163.0,6.474,0.98,us,us1000dnx9,2018-07-17T02:05:32.040Z,"111 km NE of Josh?math, India",earthquake,6.3,8.8,0.134,15.0,reviewed,us,us,2018-04-19,41377,India,-1
2018-04-20 08:28:01.480000+00:00,25.2066,95.4783,147.11,4.68,mw,,53.0,1.447,1.0,us,us1000dp3g,2018-07-17T02:05:32.040Z,"110 km ESE of Phek, India",earthquake,8.2,7.8,0.092,34.0,reviewed,us,us,2018-04-20,41350,India,2
2018-04-23 18:01:26.520000+00:00,13.1779,92.3513,26.74,5.2,mw,,36.0,1.56,0.87,us,us1000dqt3,2018-07-25T21:36:07.040Z,"168 km NNW of Bamboo Flat, India",earthquake,6.7,4.5,0.062,83.0,reviewed,us,us,2018-04-23,41253,India,1
2018-04-26 18:47:36.090000+00:00,7.2912,92.2936,10.0,4.68,mw,,117.0,4.359,0.62,us,us1000dsw8,2018-07-25T21:37:06.040Z,"Nicobar Islands, India region",earthquake,9.8,1.9,0.083,41.0,reviewed,us,us,2018-04-26,41347,India,1
2018-05-05 17:50:39.760000+00:00,8.5569,94.0233,72.33,4.77,mw,,65.0,3.327,1.0,us,us1000dywp,2018-07-27T20:20:29.040Z,"Nicobar Islands, India region",earthquake,4.3,8.0,0.106,29.0,reviewed,us,us,2018-05-05,41336,India,1
2018-05-21 10:51:02.750000+00:00,31.7412,78.4799,10.0,4.85,mw,,104.0,4.788,0.82,us,us1000e99b,2018-08-21T21:23:47.040Z,"69 km ENE of Sar?han, India",earthquake,5.2,1.8,0.097,31.0,reviewed,us,us,2018-05-21,41324,India,3
2018-05-25 12:43:55.610000+00:00,26.4604,94.3715,59.43,4.77,mw,,86.0,2.222,1.2,us,us1000eek1,2018-08-21T21:23:55.040Z,"20 km NW of Mokokch?ng, India",earthquake,8.1,6.5,0.12,20.0,reviewed,us,us,2018-05-25,41335,India,-1
2018-05-25 17:41:54.090000+00:00,10.8902,93.6517,140.2,5.03,mw,,103.0,1.171,0.86,us,us1000ec8d,2018-08-21T21:23:52.040Z,"130 km SE of Port Blair, India",earthquake,9.6,7.4,0.068,65.0,reviewed,us,us,2018-05-25,41266,India,1
2018-05-25 20:25:46.260000+00:00,26.3926,93.5059,49.17,4.43,mw,,61.0,1.697,1.07,us,us1000eek9,2018-08-21T21:23:55.040Z,"29 km SSW of Bok?kh?t, India",earthquake,7.7,8.5,0.122,19.0,reviewed,us,us,2018-05-25,41381,India,2
2018-05-28 02:00:00.470000+00:00,9.5212,93.4269,88.88,5.45,mw,,39.0,2.224,0.98,us,us1000ed54,2018-08-28T16:27:27.040Z,"248 km SSE of Port Blair, India",earthquake,7.6,3.7,0.043,178.0,reviewed,us,us,2018-05-28,41223,India,1
2018-06-02 05:46:07.210000+00:00,27.1823,96.9851,38.89,4.9,mww,,26.0,3.809,0.66,us,us1000ehai,2022-05-03T19:15:02.911Z,"107 km SSE of Hayuliang, India",earthquake,7.2,5.2,0.103,9.0,reviewed,us,us,2018-06-02,41272,India,2
2018-06-05 16:33:54.700000+00:00,24.5969,95.1002,110.91,5.11,mw,,25.0,0.815,1.02,us,us1000ej24,2018-08-29T16:34:11.040Z,"104 km E of W?ngjing, India",earthquake,6.6,2.2,0.04,190.0,reviewed,us,us,2018-06-05,41259,India,2
2018-06-06 17:41:24.020000+00:00,30.7553,78.9228,10.0,4.85,mw,,151.0,5.594,1.19,us,us1000ejt1,2018-08-29T16:34:38.040Z,"45 km E of Uttark?shi, India",earthquake,10.2,1.9,0.081,44.0,reviewed,us,us,2018-06-06,41304,India,3
2018-06-07 06:51:17.700000+00:00,34.2276,78.0514,10.0,4.77,mw,,98.0,4.017,0.54,us,us1000ek9l,2018-08-29T16:35:03.040Z,"43 km E of Leh, India",earthquake,7.8,1.9,0.079,47.0,reviewed,us,us,2018-06-07,41342,India,-1
2018-06-10 22:38:27.380000+00:00,13.5505,92.9769,22.79,4.85,mw,,106.0,1.897,0.77,us,us1000emwz,2018-08-29T16:36:51.040Z,"206 km N of Bamboo Flat, India",earthquake,10.4,6.2,0.115,22.0,reviewed,us,us,2018-06-10,41289,India,1
2018-06-11 04:53:50.390000+00:00,26.3263,92.6686,47.34,5.2,mw,,36.0,1.052,0.8,us,us1000en44,2022-05-03T19:16:40.235Z,"18 km NE of Rah?, India",earthquake,7.1,6.6,0.049,131.0,reviewed,us,us,2018-06-11,41253,India,2
2018-06-12 13:08:45.390000+00:00,26.3289,96.4714,116.86,4.6,mw,,75.0,2.869,0.67,us,us1000erl8,2018-09-07T17:47:03.040Z,"36 km WNW of Sarupathar, India",earthquake,10.2,9.2,0.099,28.0,reviewed,us,us,2018-06-12,41358,India,2
2018-06-14 00:42:07.560000+00:00,30.8612,78.2815,10.0,4.77,mw,,166.0,5.075,0.76,us,us1000ewlh,2018-09-07T17:47:09.040Z,"9 km NE of Barkot, India",earthquake,4.9,1.9,0.12,20.0,reviewed,us,us,2018-06-14,41332,India,3
2018-06-14 10:15:49.470000+00:00,32.5602,76.3615,10.0,4.85,mw,,154.0,2.814,1.24,us,us1000erd6,2018-09-07T17:47:03.040Z,"22 km E of Chamba, India",earthquake,7.1,1.9,0.089,37.0,reviewed,us,us,2018-06-14,41285,India,3
2018-06-17 15:07:37.130000+00:00,27.4201,88.4739,49.76,4.77,mw,,126.0,1.568,0.65,us,us1000etxu,2018-09-07T17:47:08.040Z,"11 km SSW of Mangan, India",earthquake,4.9,7.4,0.071,57.0,reviewed,us,us,2018-06-17,41327,India,-1
2018-06-20 07:44:26.920000+00:00,24.6071,94.3727,67.38,4.85,mw,,95.0,0.381,0.79,us,us1000ew9i,2022-08-08T05:04:04.824Z,"31 km E of W?ngjing, India",earthquake,4.5,6.4,0.099,30.0,reviewed,us,us,2018-06-20,41279,India,2
2018-06-20 19:04:15.790000+00:00,10.1921,93.0909,70.72,4.85,mw,,141.0,1.493,0.69,us,us1000f229,2018-09-19T15:15:59.040Z,"167 km SSE of Port Blair, India",earthquake,11.3,8.5,0.079,47.0,reviewed,us,us,2018-06-20,41288,India,1
2018-06-21 03:31:23.360000+00:00,23.927,93.8741,59.13,4.94,mw,,70.0,0.492,0.63,us,us1000ex34,2018-09-19T15:15:51.040Z,"49 km SSE of Chur?ch?ndpur, India",earthquake,7.0,7.3,0.098,31.0,reviewed,us,us,2018-06-21,41271,India,2
2018-06-28 19:03:21.900000+00:00,14.0705,92.8391,27.05,4.77,mw,,126.0,2.402,0.49,us,us2000fx10,2018-09-21T16:25:46.040Z,"262 km N of Bamboo Flat, India",earthquake,10.7,5.9,0.096,31.0,reviewed,us,us,2018-06-28,41337,India,1
2018-07-01 10:07:02.900000+00:00,29.0928,76.9296,10.0,4.85,mw,,150.0,5.517,1.03,us,us2000fsyl,2020-07-10T17:12:12.662Z,"13 km NW of Son?pat, India",earthquake,11.9,1.9,0.131,17.0,reviewed,us,us,2018-07-01,41295,India,-1
2018-07-03 23:55:23.540000+00:00,13.276,93.5947,74.65,4.77,mw,,97.0,1.812,1.06,us,us2000g18z,2018-09-27T14:03:46.040Z,"198 km NNE of Bamboo Flat, India",earthquake,8.8,8.6,0.11,24.0,reviewed,us,us,2018-07-03,41341,India,1
2018-07-04 17:54:56.190000+00:00,11.3442,93.0558,97.52,4.43,mw,,116.0,0.435,0.82,us,us2000g1dj,2018-09-27T14:03:46.040Z,"49 km SE of Port Blair, India",earthquake,12.4,4.8,0.231,5.0,reviewed,us,us,2018-07-04,41370,India,1
2018-07-10 07:36:30.940000+00:00,12.9343,93.4058,79.64,4.85,mw,,102.0,1.425,1.15,us,us2000g465,2018-10-02T16:40:38.040Z,"155 km NNE of Bamboo Flat, India",earthquake,11.9,12.2,0.171,10.0,reviewed,us,us,2018-07-10,41324,India,1
2018-07-17 14:42:22.060000+00:00,10.9238,91.8114,10.0,4.94,mw,,127.0,1.168,0.52,us,us2000g728,2018-10-04T14:15:22.040Z,"130 km SW of Bamboo Flat, India",earthquake,8.1,1.9,0.087,39.0,reviewed,us,us,2018-07-17,41268,India,1
2018-07-21 09:19:36.900000+00:00,34.2911,74.0789,40.06,4.85,mw,,108.0,0.928,0.81,us,us2000gakd,2019-02-05T17:23:58.085Z,"23 km N of Uri, India",earthquake,7.2,8.4,0.08,46.0,reviewed,us,us,2018-07-21,41324,India,3
2018-08-06 04:35:50.040000+00:00,7.4174,91.7686,26.49,5.28,mw,,127.0,4.319,0.69,us,us1000g3zs,2025-12-22T18:28:33.136Z,"Nicobar Islands, India region",earthquake,7.9,4.3,0.055,108.0,reviewed,us,us,2018-08-06,41225,India,1
2018-08-13 16:07:11.430000+00:00,14.0665,93.2233,30.48,5.2,mw,,114.0,2.441,0.74,us,us1000g835,2018-10-27T16:22:02.040Z,"267 km NNE of Bamboo Flat, India",earthquake,8.4,6.2,0.092,37.0,reviewed,us,us,2018-08-13,41423,India,1
2018-08-16 08:12:03.180000+00:00,6.7561,92.593,21.5,5.2,mw,,134.0,4.588,0.98,us,us1000gaay,2018-10-27T16:22:04.040Z,"Nicobar Islands, India region",earthquake,9.6,5.8,0.085,44.0,reviewed,us,us,2018-08-16,41419,India,1
2018-08-24 10:49:27.510000+00:00,10.5407,91.7115,10.0,5.71,mw,,29.0,1.501,0.95,us,us1000ggp5,2022-08-08T07:26:10.819Z,"168 km SW of Port Blair, India",earthquake,6.7,1.7,0.032,337.0,reviewed,us,us,2018-08-24,41404,India,1
2018-08-24 11:29:32.600000+00:00,10.9995,91.5782,10.0,4.77,mw,,114.0,1.316,1.2,us,us2000h63y,2018-11-01T17:51:04.040Z,"146 km WSW of Bamboo Flat, India",earthquake,7.0,1.9,0.117,21.0,reviewed,us,us,2018-08-24,41539,India,1
2018-08-28 13:03:27.670000+00:00,22.6926,87.7938,10.0,4.85,mw,,93.0,4.685,0.6,us,us1000gj5k,2020-07-10T15:55:29.511Z,"6 km ENE of Gh?t?l, India",earthquake,9.1,1.9,0.139,15.0,reviewed,us,us,2018-08-28,41514,India,-1
2018-09-01 18:09:55.250000+00:00,23.4903,82.446,10.0,5.03,mw,,78.0,9.928,0.97,us,us2000h6kg,2022-08-08T07:46:06.472Z,"27 km NNW of Baikunthpur, India",earthquake,9.2,1.9,0.061,81.0,reviewed,us,us,2018-09-01,41434,India,-1
2018-09-01 19:19:46.550000+00:00,24.7558,95.3651,149.33,4.94,mw,,43.0,1.102,0.64,us,us2000h6kw,2018-11-07T18:37:08.040Z,"132 km E of W?ngjing, India",earthquake,7.0,5.4,0.059,85.0,reviewed,us,us,2018-09-01,41493,India,2
2018-09-09 11:07:02.910000+00:00,28.6531,76.8101,10.0,4.94,mw,,95.0,8.843,1.05,us,us2000hgq4,2020-07-10T17:18:09.647Z,"13 km WSW of Bah?durgarh, India",earthquake,6.5,1.9,0.182,9.0,reviewed,us,us,2018-09-09,41485,India,-1
2018-09-11 12:05:41.830000+00:00,33.6364,76.2087,35.0,4.77,mw,,95.0,2.452,0.95,us,us2000hckv,2018-11-21T18:19:09.040Z,"54 km NE of Kishtw?r, India",earthquake,9.5,2.0,0.085,40.0,reviewed,us,us,2018-09-11,41536,India,3
2018-09-12 04:50:46.570000+00:00,26.3711,90.1611,10.0,5.3,mww,,18.0,1.723,0.64,us,us2000hd8v,2022-05-03T19:29:55.826Z,"5 km NE of Sapatgr?m, India",earthquake,6.3,1.7,0.078,16.0,reviewed,us,us,2018-09-12,41415,India,2
2018-09-25 03:47:30.020000+00:00,26.0547,90.8859,10.0,4.77,mw,,89.0,1.0,0.74,us,us2000hjlb,2022-08-08T08:35:27.325Z,"29 km ESE of Go?lp?ra, India",earthquake,4.8,1.9,0.117,21.0,reviewed,us,us,2018-09-25,41526,India,2
2018-09-27 13:35:47.410000+00:00,25.777,95.0062,80.14,4.6,mw,,116.0,1.668,0.65,us,us1000h6dw,2018-12-01T16:44:01.040Z,"52 km ENE of Phek, India",earthquake,11.3,5.4,0.264,4.0,reviewed,us,us,2018-09-27,41571,India,2
2018-09-27 21:13:19.900000+00:00,34.2169,80.6903,10.0,5.0,mww,,29.0,6.194,0.66,us,us1000h3gn,2022-05-03T19:32:00.059Z,"286 km E of Leh, India",earthquake,6.9,1.8,0.11,8.0,reviewed,us,us,2018-09-27,41455,India,-1
2018-10-01 13:24:44.800000+00:00,12.9046,92.2347,25.65,5.37,mw,,77.0,1.337,0.88,us,us1000h4z5,2018-12-14T20:32:38.040Z,"143 km NNW of Bamboo Flat, India",earthquake,6.7,3.9,0.055,106.0,reviewed,us,us,2018-10-01,41415,India,1
2018-10-03 04:09:41.220000+00:00,9.3012,93.8022,54.7,4.94,mw,,84.0,2.56,0.91,us,us1000h62y,2018-12-14T20:32:40.040Z,"285 km SSE of Port Blair, India",earthquake,9.2,7.7,0.095,33.0,reviewed,us,us,2018-10-03,41480,India,1
2018-10-28 16:53:43.460000+00:00,8.791,93.8375,10.0,5.11,mw,,157.0,3.043,0.65,us,us1000hi90,2019-01-10T17:18:41.040Z,"Nicobar Islands, India region",earthquake,9.4,1.9,0.1,31.0,reviewed,us,us,2018-10-28,41433,India,1
2018-10-29 16:02:48.200000+00:00,34.0313,77.9427,10.0,4.51,mw,,140.0,3.908,0.61,us,us2000i61q,2019-01-21T14:29:38.040Z,"36 km ESE of Leh, India",earthquake,8.4,2.0,0.521,4.0,reviewed,us,us,2018-10-29,41571,India,-1
2018-10-30 03:05:35.670000+00:00,2.3695,68.185,10.0,5.03,mw,,163.0,10.609,0.45,us,us2000i7jg,2019-01-21T14:29:39.040Z,North Indian Ocean,earthquake,15.1,2.0,0.147,14.0,reviewed,us,us,2018-10-30,41449,North Indian Ocean,-1
2018-11-02 10:31:55.700000+00:00,29.964,95.158,10.0,4.68,mw,,82.0,3.512,0.86,us,us1000hpqv,2019-01-21T14:29:43.040Z,"176 km NNE of Shi Yomi, India",earthquake,10.0,1.9,0.107,25.0,reviewed,us,us,2018-11-02,41554,India,-1
2018-11-10 17:15:46.730000+00:00,23.9724,93.3925,52.39,5.2,mww,,60.0,0.868,0.7,us,us1000hqbh,2022-05-03T19:38:44.891Z,"47 km E of Darlawn, India",earthquake,2.5,5.2,0.078,16.0,reviewed,us,us,2018-11-10,41423,India,2
2018-11-28 10:17:06.970000+00:00,27.1986,96.9185,11.0,5.4,mww,,18.0,3.783,0.83,us,us1000hxdh,2022-08-08T10:19:18.314Z,"103 km SSE of Hayuliang, India",earthquake,7.1,1.7,0.058,29.0,reviewed,us,us,2018-11-28,41407,India,2
2018-12-01 15:07:26.550000+00:00,28.0036,92.6174,10.0,5.11,mw,,75.0,2.139,1.31,us,us1000hznd,2022-05-03T19:40:33.569Z,"83 km NE of Tawang, India",earthquake,4.4,1.9,0.072,60.0,reviewed,us,us,2018-12-01,41431,India,2
2018-12-04 09:44:47.480000+00:00,24.5152,94.8152,10.0,4.85,mw,,72.0,2.172,0.74,us,us1000i4ai,2019-02-16T19:52:18.040Z,"76 km E of W?ngjing, India",earthquake,5.7,1.9,0.108,25.0,reviewed,us,us,2018-12-04,41511,India,2
2018-12-13 00:50:26.380000+00:00,8.6753,94.6116,117.35,4.94,mw,,109.0,4.135,0.76,us,us2000it3d,2019-02-16T22:29:06.040Z,"Nicobar Islands, India region",earthquake,8.7,5.7,0.092,35.0,reviewed,us,us,2018-12-13,41482,India,1
2018-12-23 11:21:00.090000+00:00,27.4151,96.382,10.0,4.68,mw,,110.0,3.685,0.7,us,us2000iwn3,2019-02-23T20:22:39.040Z,"60 km SSE of Tezu, India",earthquake,9.6,1.9,0.09,35.0,reviewed,us,us,2018-12-23,41547,India,2
2018-12-23 20:32:19.670000+00:00,26.4496,96.6002,115.7,5.03,mw,,32.0,3.035,1.36,us,us2000iwsy,2022-08-08T10:55:49.554Z,"34 km NW of Sarupathar, India",earthquake,7.7,7.9,0.058,91.0,reviewed,us,us,2018-12-23,41447,India,2
2018-12-26 14:36:21.170000+00:00,8.0837,93.6636,88.19,4.68,mw,,180.0,3.663,0.6,us,us2000j3sq,2019-03-05T17:46:34.040Z,"Nicobar Islands, India region",earthquake,11.8,9.3,0.122,19.0,reviewed,us,us,2018-12-26,41555,India,1
2018-12-27 16:46:09.310000+00:00,12.8155,93.5007,75.11,4.77,mw,,111.0,1.369,0.86,us,us2000iy4l,2019-03-05T17:46:36.040Z,"150 km NE of Bamboo Flat, India",earthquake,8.0,8.5,0.139,18.0,reviewed,us,us,2018-12-27,41536,India,1
2019-01-03 14:03:44.980000+00:00,11.7558,93.3604,111.1,4.85,mw,,94.0,6.195,1.04,us,us2000j01m,2019-03-08T17:50:14.040Z,"67 km E of Port Blair, India",earthquake,10.2,8.6,0.093,34.0,reviewed,us,us,2019-01-03,41517,India,1
2019-01-10 02:52:04.640000+00:00,34.3645,78.2373,34.51,4.94,mw,,86.0,4.188,0.65,us,us2000j2bz,2019-04-02T20:51:50.040Z,"64 km ENE of Leh, India",earthquake,8.2,5.1,0.114,23.0,reviewed,us,us,2019-01-10,41481,India,-1
2019-01-11 14:46:33.830000+00:00,13.0839,91.6733,10.0,4.77,mw,,97.0,1.763,0.88,us,us2000j8vw,2019-04-02T20:53:34.040Z,"190 km NW of Bamboo Flat, India",earthquake,5.2,1.9,0.143,14.0,reviewed,us,us,2019-01-11,41540,India,1
2019-01-27 04:49:20.490000+00:00,24.8046,94.3026,67.97,5.03,mw,,142.0,0.572,1.1,us,us2000j9cu,2019-04-12T17:15:39.040Z,"29 km ENE of Yairipok, India",earthquake,4.0,7.0,0.12,21.0,reviewed,us,us,2019-01-27,41449,India,2
2019-01-27 23:45:56.850000+00:00,24.4032,94.0239,65.34,5.03,mw,,69.0,0.305,0.81,us,us2000j9j5,2022-08-08T11:52:31.010Z,"11 km SSE of Kakching, India",earthquake,7.4,5.7,0.076,52.0,reviewed,us,us,2019-01-27,41453,India,2
2019-02-02 17:32:35.330000+00:00,25.2277,95.2123,101.16,4.51,mw,,65.0,1.294,0.73,us,us2000jcfu,2019-04-18T19:09:33.040Z,"86 km SE of Phek, India",earthquake,6.9,8.2,0.103,29.0,reviewed,us,us,2019-02-02,41577,India,2
2019-02-05 16:47:06.750000+00:00,35.103,74.1694,20.67,5.2,mww,,19.0,1.629,0.85,us,us2000jdp4,2025-12-22T18:02:45.781Z,"87 km NNW of Bandipura, India",earthquake,6.6,3.6,0.059,28.0,reviewed,us,us,2019-02-05,41592,India,3
2019-02-07 08:49:37.010000+00:00,26.0047,96.8478,10.0,4.68,mw,,72.0,2.907,0.74,us,us2000jenq,2019-04-25T15:31:49.040Z,"22 km S of Sarupathar, India",earthquake,9.0,1.9,0.114,22.0,reviewed,us,us,2019-02-07,41715,India,2
2019-02-10 03:22:05.370000+00:00,27.3345,96.3645,10.0,5.0,mww,,35.0,3.608,1.25,us,us2000jfur,2025-12-22T18:03:11.879Z,"68 km SSE of Tezu, India",earthquake,7.4,1.8,0.069,20.0,reviewed,us,us,2019-02-10,41619,India,2
2019-02-12 20:21:21.610000+00:00,13.4538,91.7532,10.0,4.77,mw,,82.0,2.032,0.66,us,us2000jgu3,2019-05-01T22:00:36.040Z,"220 km NNW of Bamboo Flat, India",earthquake,4.3,1.9,0.1,32.0,reviewed,us,us,2019-02-12,41688,India,1
2019-02-15 22:11:33.610000+00:00,25.5862,95.6268,48.48,4.51,mw,,188.0,1.809,1.0,us,us2000jnzs,2019-05-01T22:01:12.040Z,"110 km SE of Tuensang, India",earthquake,10.8,19.3,0.233,5.0,reviewed,us,us,2019-02-15,41744,India,2
2019-02-17 02:58:32.530000+00:00,22.4139,92.8472,10.0,5.11,mw,,39.0,0.731,1.16,us,us2000jj1j,2022-08-08T12:20:27.762Z,"16 km WSW of Saiha, India",earthquake,5.8,1.5,0.062,82.0,reviewed,us,us,2019-02-17,41599,India,2
2019-02-17 22:53:30.280000+00:00,33.4367,76.7294,23.88,4.85,mw,,83.0,2.898,0.74,us,us2000jjcb,2019-05-01T22:01:00.040Z,"14 km WSW of Padam, India",earthquake,7.9,5.9,0.1,29.0,reviewed,us,us,2019-02-17,41686,India,3
2019-02-20 02:29:34.520000+00:00,29.3387,77.3166,10.0,4.43,mw,,198.0,5.515,0.61,us,us2000jkem,2019-05-11T17:40:41.040Z,"4 km ENE of K?ndhla, India",earthquake,12.9,2.0,0.26,4.0,reviewed,us,us,2019-02-20,41754,India,-1
2019-02-24 17:12:11.420000+00:00,10.2536,93.7785,10.0,4.68,mw,,175.0,5.977,1.14,us,us2000jmh9,2019-05-11T17:40:50.040Z,"192 km SE of Port Blair, India",earthquake,4.3,1.9,0.129,17.0,reviewed,us,us,2019-02-24,41716,India,1
2019-03-01 05:44:26.440000+00:00,20.2344,72.8943,10.0,4.43,mw,,162.0,13.368,1.11,us,us1000j959,2019-05-14T18:36:14.040Z,"11 km WSW of Silvassa, India",earthquake,9.8,1.8,0.119,19.0,reviewed,us,us,2019-03-01,41749,India,-1
2019-03-05 04:12:48.810000+00:00,2.6909,89.2382,10.0,4.85,mw,,72.0,8.445,0.96,us,us1000jfii,2019-05-24T21:21:34.040Z,North Indian Ocean,earthquake,10.5,1.9,0.131,17.0,reviewed,us,us,2019-03-05,41671,North Indian Ocean,-1
2019-03-05 15:34:04.070000+00:00,26.5453,98.3488,10.69,4.51,mw,,134.0,7.205,0.99,us,us1000jfjm,2019-05-24T21:21:36.040Z,"158 km ENE of Sarupathar, India",earthquake,13.8,5.0,0.174,9.0,reviewed,us,us,2019-03-05,41734,India,-1
2019-03-10 13:20:06.945000+00:00,9.9158,92.8115,35.0,5.03,mw,,125.0,1.73,1.43,us,us1000jimq,2019-05-24T21:21:42.040Z,"193 km S of Port Blair, India",earthquake,10.2,2.0,0.152,16.0,reviewed,us,us,2019-03-10,41614,India,1
2019-03-11 01:14:29.020000+00:00,11.8129,93.6513,115.85,4.85,mw,,83.0,0.902,1.01,us,us1000jddw,2019-05-24T21:21:29.040Z,"99 km E of Port Blair, India",earthquake,7.9,6.7,0.089,37.0,reviewed,us,us,2019-03-11,41668,India,1
2019-03-16 04:13:00.548000+00:00,7.3401,94.6742,206.47,4.51,mw,,98.0,3.082,0.77,us,us1000jgxv,2019-06-01T21:24:17.040Z,"Nicobar Islands, India region",earthquake,7.1,7.2,0.12,19.0,reviewed,us,us,2019-03-16,41742,India,-1
2019-03-16 23:41:28.160000+00:00,27.4854,76.867,10.0,4.43,mw,,98.0,6.883,0.74,us,us1000jh8z,2019-06-01T21:24:20.040Z,"13 km W of Govindgarh, India",earthquake,12.1,1.0,0.119,19.0,reviewed,us,us,2019-03-16,41757,India,-1
2019-03-21 14:30:52.863000+00:00,25.6452,90.9083,10.0,4.77,mw,,160.0,0.859,0.75,us,us1000jjsb,2019-06-06T18:54:10.040Z,"38 km WNW of Nongstoin, India",earthquake,7.0,1.9,0.098,30.0,reviewed,us,us,2019-03-21,41690,India,2
2019-03-25 12:41:25.406000+00:00,24.3186,93.5079,56.65,4.94,mw,,76.0,0.728,0.82,us,us1000jl91,2019-06-06T18:54:27.040Z,"16 km W of Chur?ch?ndpur, India",earthquake,6.4,5.3,0.085,41.0,reviewed,us,us,2019-03-25,41642,India,2
2019-03-27 07:28:21.164000+00:00,1.7964,89.6346,10.0,4.85,mw,,183.0,7.953,1.31,us,us1000jmas,2019-06-08T20:51:15.040Z,North Indian Ocean,earthquake,9.3,1.9,0.097,31.0,reviewed,us,us,2019-03-27,41670,North Indian Ocean,-1
2019-03-28 03:08:13.487000+00:00,11.1534,95.1558,10.0,5.45,mw,,35.0,5.034,0.88,us,us2000k69x,2019-06-08T20:51:18.040Z,"268 km ESE of Port Blair, India",earthquake,7.8,1.8,0.039,221.0,reviewed,us,us,2019-03-28,41587,India,1
2019-04-04 07:45:30.378000+00:00,25.4467,94.4235,61.78,5.1,mww,,23.0,1.217,0.52,us,us2000ka3r,2025-12-22T18:07:09.171Z,"25 km SSW of Phek, India",earthquake,6.5,6.3,0.093,11.0,reviewed,us,us,2019-04-04,41608,India,2
2019-04-08 01:54:52.330000+00:00,13.1345,95.4198,10.0,5.1,mww,,31.0,2.999,0.98,us,us2000kc24,2025-12-22T18:07:23.362Z,"Andaman Islands, India region",earthquake,2.8,1.8,0.052,35.0,reviewed,us,us,2019-04-08,41604,India,1
2019-04-09 21:53:42.524000+00:00,7.5335,94.3612,10.0,4.68,mw,,102.0,3.442,0.73,us,us700037nj,2019-06-20T19:03:09.040Z,"Nicobar Islands, India region",earthquake,10.3,1.9,0.128,17.0,reviewed,us,us,2019-04-09,41716,India,-1
2019-04-23 14:14:41.025000+00:00,10.2311,92.3966,10.0,4.85,mw,,183.0,1.456,0.91,us,us70003ft8,2019-07-13T18:42:53.040Z,"Andaman Islands, India region",earthquake,12.7,1.9,0.271,7.0,reviewed,us,us,2019-04-23,41657,India,1
2019-04-23 20:15:50.777000+00:00,28.4073,94.5605,14.0,5.9,mww,,20.0,3.271,0.85,us,us70003axc,2025-12-22T17:54:15.702Z,"22 km SE of Shi Yomi, India",earthquake,7.0,1.8,0.062,25.0,reviewed,us,us,2019-04-23,41580,India,-1
2019-04-27 06:27:02.999000+00:00,26.4403,93.0258,43.81,4.94,mw,,63.0,1.365,0.71,us,us70003cvu,2019-07-13T18:42:42.040Z,"31 km SE of Tezpur, India",earthquake,6.8,4.8,0.076,52.0,reviewed,us,us,2019-04-27,41624,India,2
2019-05-04 11:04:01.133000+00:00,26.2288,95.7216,85.93,5.2,mww,,16.0,2.37,0.94,us,us70003gm1,2025-12-22T18:09:06.546Z,"86 km SE of Mon, India",earthquake,7.3,4.7,0.063,24.0,reviewed,us,us,2019-05-04,41592,India,2
2019-05-06 14:53:18.268000+00:00,12.5345,93.2991,86.56,4.77,mw,,109.0,1.028,0.67,us,us70003lln,2019-07-25T18:54:26.040Z,"111 km NE of Bamboo Flat, India",earthquake,12.3,10.0,0.162,11.0,reviewed,us,us,2019-05-06,41712,India,1
2019-05-07 08:24:12.464000+00:00,10.737,93.5702,77.47,4.94,mw,,94.0,1.221,0.95,us,us70003hv8,2019-08-01T17:15:03.040Z,"136 km SE of Port Blair, India",earthquake,9.1,6.0,0.083,43.0,reviewed,us,us,2019-05-07,41628,India,1
2019-05-22 00:39:34.963000+00:00,13.8921,92.9916,29.0,5.6,mww,,21.0,7.195,1.05,us,us60003qg7,2025-12-22T18:14:41.284Z,"244 km N of Bamboo Flat, India",earthquake,7.3,1.8,0.048,41.0,reviewed,us,us,2019-05-22,41582,India,1
2019-05-24 23:19:53.388000+00:00,10.8163,91.6187,10.0,5.03,mw,,99.0,7.657,0.51,us,us70003ts3,2019-08-13T14:30:50.040Z,"154 km SW of Bamboo Flat, India",earthquake,10.8,1.9,0.117,22.0,reviewed,us,us,2019-05-24,41613,India,1
2019-05-26 05:09:10.629000+00:00,23.2123,86.8925,10.0,5.03,mw,,99.0,6.208,0.66,us,us60003sb2,2020-07-10T17:28:32.242Z,"18 km W of B?nkura, India",earthquake,6.5,1.9,0.066,69.0,reviewed,us,us,2019-05-26,41608,India,-1
2019-06-04 13:27:33.983000+00:00,25.0414,94.8689,65.32,4.94,mw,,62.0,0.959,0.87,us,us70003v97,2019-08-27T17:47:28.040Z,"78 km SSE of Phek, India",earthquake,7.7,7.9,0.051,113.0,reviewed,us,us,2019-06-04,41638,India,2
2019-06-05 17:01:12.400000+00:00,24.537,72.7357,10.0,4.43,mw,,112.0,9.093,0.84,us,us70003vv0,2019-08-27T17:47:36.040Z,"6 km SSE of ?bu, India",earthquake,5.4,2.0,0.111,22.0,reviewed,us,us,2019-06-05,41753,India,-1
2019-06-17 22:19:59.453000+00:00,12.1229,92.709,30.0,5.2,mw,,36.0,0.465,1.11,us,us6000424m,2019-09-06T14:25:18.040Z,"46 km N of Bamboo Flat, India",earthquake,7.2,4.2,0.05,127.0,reviewed,us,us,2019-06-17,41590,India,1
2019-06-20 02:17:06.749000+00:00,17.1576,73.7769,10.0,4.68,mw,,48.0,11.927,0.75,us,us700046ng,2019-09-11T15:19:18.040Z,"26 km S of Koynanagar, India",earthquake,9.5,1.6,0.1,28.0,reviewed,us,us,2019-06-20,41727,India,-1
2019-06-21 16:42:25.085000+00:00,25.812,95.8922,132.99,4.6,mw,,96.0,2.137,0.97,us,us600044cg,2019-09-11T15:19:26.040Z,"101 km WSW of Sarupathar, India",earthquake,10.8,10.0,0.146,13.0,reviewed,us,us,2019-06-21,41734,India,2
2019-06-21 19:12:21.424000+00:00,1.2191,91.9065,10.0,5.03,mw,,194.0,5.668,0.66,us,us700046s6,2019-09-11T15:19:27.040Z,North Indian Ocean,earthquake,11.0,2.0,0.195,8.0,reviewed,us,us,2019-06-21,41619,North Indian Ocean,-1
2019-07-02 00:08:32.929000+00:00,27.7834,94.8947,10.0,4.77,mw,,172.0,3.502,0.98,us,us70004i8m,2019-09-26T14:31:03.040Z,"26 km NE of Silapathar, India",earthquake,9.2,2.0,0.127,18.0,reviewed,us,us,2019-07-02,41699,India,-1
2019-07-09 09:26:14.233000+00:00,8.7112,94.0263,79.63,4.94,mw,,97.0,4.513,0.73,us,us70004nuz,2019-09-28T20:01:27.040Z,"Nicobar Islands, India region",earthquake,9.3,7.0,0.067,66.0,reviewed,us,us,2019-07-09,41631,India,1
2019-07-09 11:40:23.909000+00:00,8.4582,93.7163,10.0,4.94,mw,,128.0,5.823,0.62,us,us70004nv4,2019-09-28T20:01:27.040Z,"Nicobar Islands, India region",earthquake,3.9,1.9,0.129,18.0,reviewed,us,us,2019-07-09,41630,India,1
2019-07-17 16:55:35.141000+00:00,11.8122,94.8487,10.0,5.2,mw,,151.0,5.666,0.6,us,us70004me9,2019-10-04T16:37:09.040Z,"229 km E of Port Blair, India",earthquake,7.4,1.6,0.071,63.0,reviewed,us,us,2019-07-17,41595,India,1
2019-07-19 09:22:15.514000+00:00,27.7188,92.8302,15.0,5.5,mww,,17.0,2.313,0.54,us,us70004nrn,2025-12-22T18:13:38.404Z,"64 km NE of Bomdila, India",earthquake,7.6,1.7,0.062,25.0,reviewed,us,us,2019-07-19,41585,India,2
2019-07-23 06:56:57.384000+00:00,28.8184,95.9771,10.0,4.85,mw,,55.0,4.328,0.64,us,us60004y1s,2019-10-11T20:12:22.040Z,"99 km NW of Hayuliang, India",earthquake,3.6,1.9,0.096,32.0,reviewed,us,us,2019-07-23,41643,India,-1
2019-07-24 19:33:09.919000+00:00,19.578,72.508,10.0,4.51,mw,,158.0,12.746,1.39,us,us600055sf,2022-03-10T13:24:37.915Z,"25 km WSW of Shirgaon, India",earthquake,12.5,2.0,0.145,13.0,reviewed,us,us,2019-07-24,41748,India,-1
2019-07-28 21:25:03.314000+00:00,22.5443,86.4405,10.0,4.85,mw,,182.0,4.808,0.86,us,us60004wux,2020-07-10T17:32:18.340Z,"4 km NNW of Mush?bani, India",earthquake,6.4,1.9,0.118,21.0,reviewed,us,us,2019-07-28,41657,India,-1
2019-07-29 03:33:52.069000+00:00,32.8856,76.7183,10.0,4.77,mw,,164.0,2.989,0.93,us,us60004wwv,2019-10-11T20:12:47.040Z,"45 km NW of Kyelang, India",earthquake,8.6,1.8,0.085,40.0,reviewed,us,us,2019-07-29,41700,India,3
2019-08-01 00:43:18.690000+00:00,14.1694,93.4565,10.0,4.85,mw,,82.0,6.694,0.82,us,us600052t0,2019-10-19T21:42:17.040Z,"284 km NNE of Bamboo Flat, India",earthquake,8.9,1.9,0.106,26.0,reviewed,us,us,2019-08-01,41661,India,1
2019-08-04 01:26:14.607000+00:00,11.9126,95.0085,10.0,5.28,mw,,101.0,5.594,1.05,us,us600050es,2022-08-08T15:26:23.807Z,"248 km E of Port Blair, India",earthquake,5.3,1.8,0.08,50.0,reviewed,us,us,2019-08-04,41774,India,1
2019-08-05 09:43:03.209000+00:00,25.6762,96.6433,10.0,5.03,mw,,79.0,2.568,1.18,us,us600050ru,2019-10-19T21:42:13.040Z,"61 km SSW of Sarupathar, India",earthquake,9.5,1.9,0.08,47.0,reviewed,us,us,2019-08-05,41813,India,2
2019-08-11 02:13:26.332000+00:00,30.3447,94.8731,10.0,5.28,mw,,68.0,3.311,1.11,us,us600053la,2019-10-29T20:33:57.040Z,"206 km NNE of Shi Yomi, India",earthquake,8.0,1.9,0.037,239.0,reviewed,us,us,2019-08-11,41777,India,-1
2019-08-18 06:28:34.730000+00:00,24.0196,93.858,63.38,5.28,mw,,43.0,1.391,0.78,us,us600056lz,2019-11-02T15:26:13.040Z,"39 km SSE of Chur?ch?ndpur, India",earthquake,6.2,3.8,0.046,151.0,reviewed,us,us,2019-08-18,41779,India,2
2019-08-21 09:19:12.149000+00:00,9.1171,93.5712,10.0,5.2,mw,,154.0,2.65,0.77,us,us600057v8,2019-11-08T22:13:37.040Z,"296 km SSE of Port Blair, India",earthquake,4.9,1.9,0.084,45.0,reviewed,us,us,2019-08-21,41782,India,1
2019-08-22 11:51:45.748000+00:00,6.8089,92.2392,10.0,4.77,mw,,145.0,7.509,0.78,us,us70005979,2019-11-08T22:13:52.040Z,"Nicobar Islands, India region",earthquake,11.3,1.9,0.17,10.0,reviewed,us,us,2019-08-22,41874,India,1
2019-08-23 14:54:59.945000+00:00,8.5293,93.8713,65.3,4.6,mw,,192.0,3.299,0.38,us,us700059q0,2019-11-08T22:13:53.040Z,"Nicobar Islands, India region",earthquake,4.8,9.5,0.175,9.0,reviewed,us,us,2019-08-23,41934,India,1
2019-08-26 02:49:16.737000+00:00,26.4642,96.1069,105.63,5.03,mw,,48.0,2.76,0.68,us,us7000585z,2019-11-08T22:13:48.040Z,"75 km WNW of Sarupathar, India",earthquake,7.0,6.0,0.051,115.0,reviewed,us,us,2019-08-26,41796,India,2
2019-08-28 13:40:06.063000+00:00,13.092,93.2507,47.93,4.9,mww,,67.0,1.511,0.69,us,us7000595a,2019-11-15T17:19:17.040Z,"164 km NNE of Bamboo Flat, India",earthquake,8.6,7.4,0.11,8.0,reviewed,us,us,2019-08-28,41860,India,1
2019-08-29 11:25:11.964000+00:00,8.3335,92.1961,10.0,4.68,mw,,200.0,3.345,1.11,us,us70005bxw,2019-11-15T17:20:00.040Z,"Nicobar Islands, India region",earthquake,9.6,2.0,0.189,8.0,reviewed,us,us,2019-08-29,41897,India,1
2019-09-03 19:18:39.698000+00:00,25.0899,95.0419,88.22,4.85,mw,,66.0,1.09,0.84,us,us70005blu,2019-11-30T19:37:27.040Z,"84 km SE of Phek, India",earthquake,7.1,6.5,0.11,24.0,reviewed,us,us,2019-09-03,41861,India,2
2019-09-09 06:40:33.517000+00:00,32.9804,76.181,43.93,5.2,mw,,61.0,2.528,0.6,us,us70005dl7,2019-11-30T19:36:37.040Z,"43 km E of Bhadarw?h, India",earthquake,8.0,6.7,0.042,177.0,reviewed,us,us,2019-09-09,41785,India,3
2019-09-09 18:31:51.690000+00:00,1.1792,91.613,10.0,4.6,mw,,180.0,5.962,1.34,us,us70005hu4,2019-11-30T19:36:08.040Z,North Indian Ocean,earthquake,8.0,1.9,0.186,8.0,reviewed,us,us,2019-09-09,41937,North Indian Ocean,-1
2019-09-16 18:49:44.136000+00:00,14.0514,93.5854,35.0,4.43,mw,,187.0,6.706,0.49,us,us60005mvl,2019-12-05T18:30:52.040Z,"276 km NNE of Bamboo Flat, India",earthquake,10.2,1.9,0.196,7.0,reviewed,us,us,2019-09-16,41938,India,1
2019-09-23 09:36:26.024000+00:00,29.4512,95.0638,10.0,4.68,mw,,158.0,3.438,0.52,us,us60005m5l,2019-12-10T17:27:05.040Z,"122 km NNE of Shi Yomi, India",earthquake,12.1,1.9,0.133,16.0,reviewed,us,us,2019-09-23,41888,India,-1
2019-09-26 19:15:33.160000+00:00,10.8407,91.6606,10.0,5.03,mw,,80.0,1.336,0.95,us,us70005lxa,2019-12-20T19:02:58.040Z,"149 km SW of Bamboo Flat, India",earthquake,9.2,1.9,0.083,44.0,reviewed,us,us,2019-09-26,41796,India,1
2019-10-03 06:24:43.382000+00:00,24.8695,94.1024,59.2,5.11,mw,,50.0,0.662,0.63,us,us70005q55,2020-07-10T17:49:41.683Z,"17 km ENE of Imph?l, India",earthquake,5.3,7.0,0.071,61.0,reviewed,us,us,2019-10-03,41790,India,2
2019-10-13 05:06:33.866000+00:00,28.1573,73.1834,14.98,4.43,mw,,146.0,5.476,0.56,us,us70005ttj,2019-12-28T20:46:01.040Z,"20 km NW of B?kaner, India",earthquake,6.9,6.5,0.183,8.0,reviewed,us,us,2019-10-13,41938,India,-1
2019-11-12 02:00:26.426000+00:00,30.0659,80.2927,10.0,4.68,mw,,94.0,6.082,0.51,us,us60006ag4,2020-02-07T20:20:14.040Z,"32 km NW of Dh?rchula, India",earthquake,8.7,1.9,0.113,22.0,reviewed,us,us,2019-11-12,41908,India,3
2019-11-13 13:10:54.879000+00:00,26.1728,93.3051,51.25,5.03,mw,,70.0,1.438,0.65,us,us60006b1v,2020-10-10T18:03:57.799Z,"38 km NNW of Diphu, India",earthquake,5.6,7.5,0.093,35.0,reviewed,us,us,2019-11-13,41810,India,2
2019-11-17 23:05:55.674000+00:00,11.2863,92.9571,53.39,5.37,mw,,85.0,0.422,0.95,us,us7000699n,2025-12-22T18:21:57.285Z,"47 km SSE of Port Blair, India",earthquake,6.8,5.5,0.051,124.0,reviewed,us,us,2019-11-17,41760,India,1
2019-11-18 13:31:08.384000+00:00,23.5799,70.4585,10.0,4.94,mw,,109.0,10.332,0.68,us,us70006d8k,2020-07-10T17:55:11.612Z,"19 km W of R?par, India",earthquake,9.5,1.7,0.125,19.0,reviewed,us,us,2019-11-18,41830,India,-1
2019-11-20 14:06:55.919000+00:00,10.9867,95.1124,10.0,4.94,mw,,124.0,2.416,0.49,us,us70006aek,2020-02-14T22:02:06.040Z,"269 km ESE of Port Blair, India",earthquake,5.5,1.9,0.109,25.0,reviewed,us,us,2019-11-20,41820,India,1
2019-11-21 14:11:09.692000+00:00,26.145,91.1372,48.16,4.68,mw,,163.0,0.866,0.34,us,us70006b0f,2020-02-14T22:02:09.040Z,"23 km SSE of Barpeta, India",earthquake,11.9,9.0,0.147,13.0,reviewed,us,us,2019-11-21,41894,India,2
2019-11-26 03:53:46.675000+00:00,24.155,94.3136,70.19,4.85,mw,,102.0,0.075,0.7,us,us70006d1q,2020-02-19T18:58:04.040Z,"50 km SE of Kakching, India",earthquake,5.6,3.5,0.108,25.0,reviewed,us,us,2019-11-26,41865,India,2
2019-11-27 00:18:32.422000+00:00,28.1658,87.8728,64.65,4.77,mw,,105.0,0.96,0.58,us,us70006diu,2020-02-19T18:58:09.040Z,"96 km NW of Mangan, India",earthquake,3.0,6.5,0.075,52.0,reviewed,us,us,2019-11-27,41875,India,-1
2019-11-27 10:07:13.425000+00:00,14.2308,93.0511,10.0,4.85,mw,,76.0,2.577,0.57,us,us70006dps,2020-02-19T18:58:11.040Z,"282 km N of Bamboo Flat, India",earthquake,7.4,1.9,0.157,12.0,reviewed,us,us,2019-11-27,41868,India,1
2019-11-29 17:50:18.088000+00:00,13.692,93.3959,49.27,5.2,mw,,43.0,2.121,0.76,us,us70006ek4,2020-02-19T18:58:20.040Z,"232 km NNE of Bamboo Flat, India",earthquake,6.0,5.8,0.059,97.0,reviewed,us,us,2019-11-29,41784,India,1
2019-12-10 03:51:46.613000+00:00,12.2739,95.2155,10.0,4.77,mw,,99.0,2.495,0.71,us,us60006pn9,2020-03-04T21:26:50.040Z,"277 km ENE of Port Blair, India",earthquake,9.6,1.8,0.127,18.0,reviewed,us,us,2019-12-10,41875,India,1
2019-12-13 23:52:40.214000+00:00,20.0829,73.1729,10.0,4.68,mw,,103.0,13.231,1.21,us,us60006rxd,2020-03-04T21:27:07.040Z,"19 km NNW of Jawh?r, India",earthquake,8.7,1.9,0.137,15.0,reviewed,us,us,2019-12-13,41891,India,-1
2019-12-16 06:08:42.593000+00:00,8.5479,91.8576,10.0,4.6,mw,,208.0,17.215,0.49,us,us70006tsa,2020-03-04T21:27:24.040Z,"Nicobar Islands, India region",earthquake,12.0,2.0,0.159,11.0,reviewed,us,us,2019-12-16,41921,India,1
2019-12-19 22:16:20.980000+00:00,34.6953,79.7421,10.0,4.85,mw,,109.0,5.466,0.75,us,us70006nu2,2020-03-07T17:47:36.040Z,"206 km ENE of Leh, India",earthquake,8.7,1.9,0.093,34.0,reviewed,us,us,2019-12-19,41866,India,-1
2019-12-30 00:52:30.193000+00:00,35.8128,77.6114,10.0,4.51,mw,,111.0,4.176,0.84,us,us70006sb0,2020-03-14T22:23:21.040Z,"123 km NE of Thang, India",earthquake,9.2,1.9,0.093,32.0,reviewed,us,us,2019-12-30,41938,India,-1
2020-01-12 05:23:56.526000+00:00,35.0149,74.474,10.0,5.37,mw,,68.0,1.687,0.67,us,us70006ymh,2025-12-22T18:26:16.874Z,"68 km NNW of Bandipura, India",earthquake,4.4,1.4,0.036,244.0,reviewed,us,us,2020-01-12,41767,India,3
2020-01-25 21:07:34.332000+00:00,16.6775,79.8979,10.0,4.85,mw,,83.0,9.38,0.63,us,us60007fyl,2022-03-10T05:03:06.731Z,"32 km SW of Jaggayyapeta, India",earthquake,9.5,1.9,0.084,42.0,reviewed,us,us,2020-01-25,41869,India,-1
2020-01-28 20:29:36.992000+00:00,7.3115,92.0905,10.0,5.37,mw,,98.0,4.364,1.09,us,us60007ifv,2020-04-11T18:21:03.040Z,"Nicobar Islands, India region",earthquake,8.9,1.4,0.067,71.0,reviewed,us,us,2020-01-28,41761,India,1
2020-01-29 09:37:21.114000+00:00,0.5049,91.8613,10.0,5.03,mw,,110.0,5.768,0.57,us,us60007iyx,2020-04-18T22:09:52.040Z,North Indian Ocean,earthquake,8.4,1.9,0.093,35.0,reviewed,us,us,2020-01-29,41803,North Indian Ocean,-1
2020-01-29 13:43:05.740000+00:00,24.4383,94.9928,115.32,4.68,mw,,70.0,0.664,0.97,us,us70007kw7,2020-04-18T22:10:28.040Z,"95 km E of W?ngjing, India",earthquake,6.1,8.3,0.148,13.0,reviewed,us,us,2020-01-29,41877,India,2
2020-01-29 15:10:53.203000+00:00,10.3105,93.7827,10.0,5.28,mw,,58.0,1.681,0.88,us,us60007j4e,2020-04-18T22:09:53.040Z,"187 km SE of Port Blair, India",earthquake,7.3,1.8,0.067,72.0,reviewed,us,us,2020-01-29,41778,India,1
2020-02-01 09:43:55.801000+00:00,28.9807,95.7207,10.0,5.2,mw,,37.0,4.074,0.58,us,us60007m2e,2025-12-22T17:56:51.476Z,"108 km NNE of P?sigh?t, India",earthquake,7.5,1.9,0.051,120.0,reviewed,us,us,2020-02-01,41951,India,-1
2020-02-04 01:53:21.111000+00:00,1.0382,91.8243,10.0,5.2,mw,,71.0,18.669,0.66,us,us70007pf0,2020-04-18T22:10:36.040Z,North Indian Ocean,earthquake,14.0,1.7,0.149,14.0,reviewed,us,us,2020-02-04,41950,North Indian Ocean,-1
2020-02-07 11:00:40.151000+00:00,11.1225,93.5904,129.96,4.77,mw,,73.0,0.984,0.81,us,us70007ksx,2020-04-25T22:18:27.040Z,"110 km ESE of Port Blair, India",earthquake,8.4,4.8,0.087,38.0,reviewed,us,us,2020-02-07,42058,India,1
2020-02-08 01:01:46.831000+00:00,30.0278,79.9831,18.78,5.03,mw,,97.0,6.758,0.66,us,us70007lc7,2022-03-10T05:05:12.187Z,"29 km NE of B?geshwar, India",earthquake,8.9,4.4,0.063,76.0,reviewed,us,us,2020-02-08,41982,India,3
2020-02-08 12:47:01.887000+00:00,26.3386,90.7847,10.0,5.28,mw,,73.0,1.233,0.82,us,us70007li1,2025-12-22T18:30:21.703Z,"10 km E of Abhay?puri, India",earthquake,7.7,1.8,0.057,99.0,reviewed,us,us,2020-02-08,41948,India,2
2020-02-10 18:20:09.252000+00:00,13.1329,93.2938,39.6,5.2,mw,,58.0,1.563,1.08,us,us70007mpw,2020-04-25T22:19:13.040Z,"170 km NNE of Bamboo Flat, India",earthquake,7.2,5.2,0.062,83.0,reviewed,us,us,2020-02-10,41952,India,1
2020-02-10 19:47:29.234000+00:00,8.5032,92.5426,10.0,4.77,mw,,120.0,3.139,0.69,us,us70007rxk,2020-04-25T22:19:50.040Z,"Nicobar Islands, India region",earthquake,8.8,1.9,0.117,21.0,reviewed,us,us,2020-02-10,42055,India,1
2020-02-11 21:04:16.379000+00:00,4.5074,83.4591,10.0,5.03,mw,,87.0,3.881,1.0,us,us70007ndd,2020-04-25T22:19:28.040Z,North Indian Ocean,earthquake,8.5,1.8,0.077,51.0,reviewed,us,us,2020-02-11,41992,North Indian Ocean,-1
2020-02-12 19:17:55.089000+00:00,10.5177,94.0622,10.0,4.68,mw,,103.0,1.718,0.96,us,us70007nyd,2020-05-02T22:09:42.040Z,"191 km SE of Port Blair, India",earthquake,8.3,1.8,0.105,26.0,reviewed,us,us,2020-02-12,42075,India,1
2020-02-26 15:04:08.953000+00:00,32.9752,76.2474,10.0,5.28,mw,,37.0,2.583,0.85,us,us600084lt,2025-12-22T18:30:04.841Z,"47 km NNE of Chamba, India",earthquake,4.7,1.7,0.041,189.0,reviewed,us,us,2020-02-26,41950,India,3
2020-02-29 20:05:26.893000+00:00,26.4904,92.1052,45.39,4.6,mw,,95.0,0.946,0.6,us,us60008735,2020-05-19T22:14:13.040Z,"5 km SW of Kh?rupatia, India",earthquake,5.3,7.9,0.083,41.0,reviewed,us,us,2020-02-29,42098,India,2
2020-03-05 06:59:54.541000+00:00,25.8362,96.7751,10.0,4.85,mw,,65.0,2.756,0.74,us,us600089zy,2020-05-23T22:03:14.040Z,"41 km S of Sarupathar, India",earthquake,4.3,1.9,0.104,27.0,reviewed,us,us,2020-03-05,42039,India,2
2020-03-11 14:19:31.898000+00:00,32.568,78.4627,10.0,4.43,mw,,139.0,4.49,1.0,us,us60008dp6,2020-05-30T22:17:02.040Z,"125 km ENE of Man?li, India",earthquake,5.9,2.0,0.156,11.0,reviewed,us,us,2020-03-11,42110,India,3
2020-03-13 10:48:10.217000+00:00,6.4531,92.6013,10.0,4.68,mw,,87.0,7.125,0.6,us,us70008gwf,2020-05-30T22:17:23.040Z,"Nicobar Islands, India region",earthquake,5.3,1.9,0.117,21.0,reviewed,us,us,2020-03-13,42075,India,1
2020-03-19 12:58:56.455000+00:00,8.8588,93.9589,10.0,5.11,mw,,71.0,3.025,0.66,us,us70008c5d,2020-06-06T20:53:53.040Z,"Nicobar Islands, India region",earthquake,7.4,1.6,0.101,30.0,reviewed,us,us,2020-03-19,41969,India,1
2020-03-23 08:08:12.704000+00:00,25.0857,95.0671,101.49,4.85,mw,,61.0,1.101,0.54,us,us70008hem,2020-06-06T20:54:09.040Z,"86 km SE of Phek, India",earthquake,9.4,8.5,0.118,21.0,reviewed,us,us,2020-03-23,42041,India,2
2020-03-24 15:00:31.941000+00:00,7.969,92.5087,10.0,4.85,mw,,125.0,3.67,0.93,us,us70008f3x,2020-06-06T20:54:14.040Z,"Nicobar Islands, India region",earthquake,7.7,1.8,0.113,23.0,reviewed,us,us,2020-03-24,42031,India,1
2020-03-27 10:27:01.109000+00:00,7.4016,92.2583,10.0,4.68,mw,,134.0,11.464,0.32,us,us70008k9z,2020-06-13T18:44:44.040Z,"Nicobar Islands, India region",earthquake,5.8,1.9,0.153,12.0,reviewed,us,us,2020-03-27,42082,India,1
2020-04-02 17:35:31.963000+00:00,26.1416,97.037,10.0,4.6,mw,,121.0,4.703,1.18,us,us70008rid,2020-06-21T00:54:43.040Z,"23 km ESE of Sarupathar, India",earthquake,10.7,1.9,0.115,21.0,reviewed,us,us,2020-04-02,42103,India,2
2020-04-05 17:50:30.477000+00:00,26.4085,92.7724,46.31,4.85,mw,,80.0,1.176,0.88,us,us70008pdi,2020-06-21T00:55:06.040Z,"25 km S of Tezpur, India",earthquake,8.0,7.1,0.078,48.0,reviewed,us,us,2020-04-05,42021,India,2
2020-04-07 10:39:02.233000+00:00,29.2723,95.1896,10.0,4.77,mw,,114.0,3.567,0.41,us,us70008qir,2020-06-21T00:55:16.040Z,"114 km NE of Shi Yomi, India",earthquake,11.4,1.9,0.096,31.0,reviewed,us,us,2020-04-07,42059,India,-1
2020-04-08 05:53:57.175000+00:00,23.4203,86.989,10.0,4.43,mw,,209.0,4.522,0.91,us,us70008s0k,2020-06-30T14:02:47.040Z,"22 km NNW of B?nkura, India",earthquake,8.1,2.0,0.232,5.0,reviewed,us,us,2020-04-08,42108,India,-1
2020-04-17 10:59:11.292000+00:00,28.1205,93.9189,10.0,4.51,mw,,110.0,2.911,0.56,us,us60009as6,2020-07-09T14:31:19.040Z,"58 km N of Ziro, India",earthquake,9.1,1.9,0.131,16.0,reviewed,us,us,2020-04-17,42107,India,-1
2020-04-21 00:09:10.636000+00:00,9.3687,92.9668,48.51,5.11,mw,,65.0,2.283,0.88,us,us700090si,2020-07-09T14:31:37.040Z,"255 km S of Port Blair, India",earthquake,8.1,7.9,0.092,36.0,reviewed,us,us,2020-04-21,41974,India,1
2020-04-27 19:54:31.054000+00:00,12.1157,92.936,32.59,4.77,mw,,82.0,0.494,0.69,us,us60009dff,2020-07-11T22:19:12.040Z,"51 km NNE of Bamboo Flat, India",earthquake,8.4,5.1,0.1,29.0,reviewed,us,us,2020-04-27,42060,India,1
2020-05-01 12:38:14.179000+00:00,2.0448,89.623,10.0,4.77,mw,,91.0,7.963,0.37,us,us70009b4m,2020-07-18T21:57:43.040Z,North Indian Ocean,earthquake,7.5,1.9,0.149,13.0,reviewed,us,us,2020-05-01,42070,North Indian Ocean,-1
2020-05-09 10:06:46.736000+00:00,22.1166,68.963,10.0,4.51,mw,,256.0,12.039,0.44,us,us70009d7u,2020-07-29T22:14:23.040Z,"13 km S of Dw?rka, India",earthquake,13.7,2.0,0.103,26.0,reviewed,us,us,2020-05-09,42107,India,-1
2020-05-11 22:39:35.471000+00:00,24.8084,94.1112,63.54,4.94,mw,,100.0,0.601,0.72,us,us70009edv,2020-07-29T22:14:34.040Z,"15 km NNE of Yairipok, India",earthquake,4.0,6.0,0.071,60.0,reviewed,us,us,2020-05-11,42007,India,2
2020-05-17 05:22:09.081000+00:00,29.9346,94.9732,10.0,4.94,mw,,77.0,3.35,0.49,us,us70009iml,2020-08-02T00:29:39.040Z,"166 km NNE of Shi Yomi, India",earthquake,6.9,1.9,0.089,37.0,reviewed,us,us,2020-05-17,42008,India,-1
2020-05-25 14:42:17.395000+00:00,24.3856,93.9197,57.89,5.1,mww,,25.0,0.38,0.51,us,us70009q28,2025-12-22T18:34:52.374Z,"13 km SSW of Kakching, India",earthquake,5.8,4.5,0.093,11.0,reviewed,us,us,2020-05-25,41980,India,2
2020-05-28 08:05:58.316000+00:00,32.5421,79.491,10.0,4.77,mw,,162.0,7.806,0.6,us,us6000a0vp,2020-08-15T20:19:42.040Z,"196 km NE of Sar?han, India",earthquake,6.4,1.8,0.112,23.0,reviewed,us,us,2020-05-28,42072,India,-1
2020-05-29 00:30:29.301000+00:00,11.7257,92.3273,10.0,4.85,mw,,63.0,0.413,0.84,us,us6000a1f4,2020-08-15T20:19:46.040Z,"42 km W of Bamboo Flat, India",earthquake,4.4,1.9,0.092,35.0,reviewed,us,us,2020-05-29,42027,India,1
2020-05-29 15:38:41.657000+00:00,29.1724,77.0219,10.0,4.6,mw,,185.0,8.64,1.09,us,us6000a1wn,2020-08-15T20:19:48.040Z,"Uttar Pradesh, India",earthquake,10.2,2.0,0.152,12.0,reviewed,us,us,2020-05-29,42094,India,-1
2020-05-30 23:12:23.543000+00:00,12.6084,93.2388,59.16,4.77,mw,,113.0,8.001,0.7,us,us6000a6h3,2020-08-15T20:19:54.040Z,"115 km NNE of Bamboo Flat, India",earthquake,11.6,9.0,0.126,18.0,reviewed,us,us,2020-05-30,42059,India,1
2020-05-31 13:03:58.927000+00:00,10.8899,92.5217,8.42,5.03,mw,,65.0,0.791,0.61,us,us6000a6l9,2020-08-15T20:19:57.040Z,"89 km SSW of Port Blair, India",earthquake,4.1,4.6,0.13,24.0,reviewed,us,us,2020-05-31,41988,India,1
2020-06-09 20:47:32.885000+00:00,14.151,91.6101,10.0,4.94,mw,,52.0,2.715,0.76,us,us6000a8x5,2020-08-18T17:59:11.040Z,"296 km NNW of Bamboo Flat, India",earthquake,6.6,1.8,0.063,82.0,reviewed,us,us,2020-06-09,42005,India,-1
2020-06-11 10:48:34.653000+00:00,10.2409,93.6808,10.0,4.94,mw,,103.0,1.68,0.63,us,us6000a9x1,2020-08-22T19:14:44.040Z,"187 km SSE of Port Blair, India",earthquake,5.3,1.9,0.107,26.0,reviewed,us,us,2020-06-11,41996,India,1
2020-06-14 02:39:43.149000+00:00,26.6545,97.0594,10.0,5.11,mw,,59.0,3.471,0.76,us,us6000abjj,2020-08-22T19:14:50.040Z,"55 km NNE of Sarupathar, India",earthquake,4.3,1.8,0.042,176.0,reviewed,us,us,2020-06-14,41966,India,2
2020-06-14 14:43:08.390000+00:00,23.3821,70.3548,10.0,5.37,mw,,40.0,11.178,0.74,us,us6000abp7,2025-12-22T18:36:23.212Z,"9 km N of Bhach?u, India",earthquake,8.9,1.8,0.036,255.0,reviewed,us,us,2020-06-14,41947,India,-1
2020-06-21 10:46:25.514000+00:00,23.9075,93.1135,41.6,4.9,mww,,49.0,1.131,0.54,us,us6000afvf,2020-08-30T00:00:59.040Z,"22 km ESE of Darlawn, India",earthquake,6.8,6.6,0.098,10.0,reviewed,us,us,2020-06-21,42017,India,2
2020-06-21 22:40:52.633000+00:00,23.1449,93.2856,10.84,5.6,mww,,23.0,0.578,0.64,us,us6000ag4u,2025-12-22T18:36:52.154Z,"22 km E of North Vanlaiphai, India",earthquake,4.0,3.0,0.068,21.0,reviewed,us,us,2020-06-21,41944,India,2
2020-07-03 13:30:49.114000+00:00,28.142,76.5366,30.38,4.68,mw,,169.0,6.166,0.74,us,us7000ahde,2020-09-11T22:14:00.040Z,"9 km NNW of B?wal, India",earthquake,10.2,5.6,0.116,21.0,reviewed,us,us,2020-07-03,42082,India,-1
2020-07-07 23:49:28.057000+00:00,12.9785,92.4828,10.0,4.94,mw,,80.0,1.339,0.87,us,us7000ajsm,2020-09-11T22:14:27.040Z,"143 km N of Bamboo Flat, India",earthquake,5.8,1.8,0.083,43.0,reviewed,us,us,2020-07-07,42002,India,1
2020-07-12 21:06:47.720000+00:00,14.3503,92.992,10.0,4.94,mw,,75.0,2.689,0.4,us,us7000amfk,2020-09-19T20:58:14.040Z,"294 km N of Bamboo Flat, India",earthquake,8.6,1.9,0.116,22.0,reviewed,us,us,2020-07-12,41993,India,1
2020-07-16 01:21:55.852000+00:00,24.606,94.8877,30.68,4.77,mw,,64.0,0.653,0.52,us,us6000b2q0,2020-09-26T16:58:23.040Z,"83 km E of W?ngjing, India",earthquake,6.1,6.5,0.149,13.0,reviewed,us,us,2020-07-16,42047,India,2
2020-07-16 02:10:29.094000+00:00,22.2558,70.9928,10.0,4.51,mw,,112.0,11.529,0.54,us,us7000apfs,2020-09-26T16:58:31.040Z,"20 km E of R?jkot, India",earthquake,13.7,2.0,0.151,12.0,reviewed,us,us,2020-07-16,42107,India,-1
2020-07-16 02:27:38.675000+00:00,24.6068,92.3957,39.62,4.77,mw,,69.0,1.073,0.48,us,us6000b54f,2020-09-26T16:58:27.040Z,"18 km WSW of Hail?k?ndi, India",earthquake,5.6,7.4,0.144,14.0,reviewed,us,us,2020-07-16,42061,India,2
2020-07-17 14:03:40.437000+00:00,11.8485,94.9362,10.0,6.1,mww,,61.0,2.155,0.84,us,us7000aqaw,2025-12-22T18:38:12.579Z,"239 km E of Port Blair, India",earthquake,6.1,1.8,0.043,53.0,reviewed,us,us,2020-07-17,41941,India,1
2020-07-19 10:15:47.711000+00:00,30.412,94.8613,10.0,5.28,mw,,31.0,3.313,0.6,us,us7000ar7l,2020-09-26T16:58:38.040Z,"213 km NNE of Shi Yomi, India",earthquake,7.8,1.8,0.053,116.0,reviewed,us,us,2020-07-19,41948,India,-1
2020-07-29 17:27:54.128000+00:00,30.3366,94.7909,10.0,5.2,mw,,49.0,3.239,0.82,us,us6000b69f,2020-10-10T17:11:01.040Z,"204 km NNE of Shi Yomi, India",earthquake,5.9,1.8,0.045,155.0,reviewed,us,us,2020-07-29,42145,India,-1
2020-07-29 20:54:26.858000+00:00,28.4107,88.3259,10.0,4.51,mw,,113.0,1.41,1.24,us,us6000b6f4,2020-10-10T17:11:01.040Z,"101 km N of Mangan, India",earthquake,8.9,1.9,0.13,16.0,reviewed,us,us,2020-07-29,42270,India,-1
2020-08-07 17:36:20.411000+00:00,24.5305,94.8553,103.06,4.68,mw,,147.0,0.588,0.84,us,us6000baqp,2020-10-21T22:03:56.040Z,"80 km E of W?ngjing, India",earthquake,9.3,6.6,0.238,5.0,reviewed,us,us,2020-08-07,42250,India,2
2020-08-12 15:58:08.257000+00:00,29.8985,95.1615,10.0,5.11,mw,,42.0,3.512,0.82,us,us6000bdee,2020-10-24T20:08:46.040Z,"169 km NNE of Shi Yomi, India",earthquake,7.9,1.8,0.042,178.0,reviewed,us,us,2020-08-12,42149,India,-1
2020-08-19 20:53:04.563000+00:00,9.5672,93.3607,71.13,5.2,mw,,55.0,2.162,1.24,us,us6000bhed,2020-10-31T19:06:09.040Z,"241 km SSE of Port Blair, India",earthquake,9.1,5.7,0.074,58.0,reviewed,us,us,2020-08-19,42148,India,1
2020-08-23 13:18:15.229000+00:00,26.0998,95.5832,86.9,4.94,mw,,57.0,2.195,0.6,us,us6000bje2,2020-10-31T19:06:20.040Z,"78 km ESE of Tuensang, India",earthquake,7.4,6.2,0.079,48.0,reviewed,us,us,2020-08-23,42179,India,2
2020-08-26 02:24:03.662000+00:00,23.965,88.4834,10.0,4.43,mw,,195.0,3.174,0.63,us,us7000bd2a,2020-11-07T18:48:28.040Z,"13 km W of Kar?mpur, India",earthquake,5.7,2.0,0.298,3.0,reviewed,us,us,2020-08-26,42291,India,-1
2020-08-27 12:07:15.628000+00:00,23.1636,93.3258,10.0,5.3,mww,,23.0,0.577,1.04,us,us7000bdnu,2025-12-22T18:41:07.453Z,"26 km E of North Vanlaiphai, India",earthquake,6.3,1.8,0.08,15.0,reviewed,us,us,2020-08-27,42134,India,2
2020-08-30 16:10:06.882000+00:00,6.8607,92.0497,10.0,4.43,mw,,110.0,4.813,0.73,us,us7000bh5n,2020-11-07T18:48:50.040Z,"Nicobar Islands, India region",earthquake,10.2,1.7,0.182,8.0,reviewed,us,us,2020-08-30,42292,India,1
2020-08-31 21:09:33.636000+00:00,24.8788,95.2425,123.46,5.2,mw,,33.0,1.074,0.77,us,us7000bfgi,2020-11-07T18:48:40.040Z,"114 km SE of Phek, India",earthquake,5.9,3.5,0.052,117.0,reviewed,us,us,2020-08-31,42141,India,2
2020-09-07 11:34:47.141000+00:00,1.7233,90.95,10.0,5.11,mw,,48.0,6.636,0.55,us,us7000bj9j,2020-11-17T19:44:51.040Z,North Indian Ocean,earthquake,8.7,1.8,0.088,40.0,reviewed,us,us,2020-09-07,42152,North Indian Ocean,-1
2020-09-07 21:37:50.432000+00:00,13.1472,93.1904,41.16,5.03,mw,,70.0,7.649,0.83,us,us7000bjex,2020-11-17T19:44:53.040Z,"168 km NNE of Bamboo Flat, India",earthquake,8.1,6.5,0.09,37.0,reviewed,us,us,2020-09-07,42160,India,1
2020-09-21 19:58:34.584000+00:00,26.2803,91.3167,39.62,4.77,mw,,76.0,3.386,1.17,us,us6000bzfi,2020-11-28T21:32:02.040Z,"21 km W of H?jo, India",earthquake,8.8,6.3,0.107,25.0,reviewed,us,us,2020-09-21,42216,India,2
2020-09-22 03:46:51.500000+00:00,35.7041,77.8313,62.17,4.51,mw,,110.0,4.281,0.97,us,us6000bzjp,2020-11-28T21:32:03.040Z,"127 km NE of Thang, India",earthquake,5.2,11.0,0.233,5.0,reviewed,us,us,2020-09-22,42284,India,-1
2020-09-22 16:10:29.177000+00:00,34.0837,74.7947,10.0,4.77,mw,,134.0,1.341,0.29,us,us6000bzub,2021-05-30T11:35:26.998Z,"1 km WSW of Srinagar, India",earthquake,5.9,2.0,0.309,3.0,reviewed,us,us,2020-09-22,42203,India,3
2020-09-25 10:57:13.221000+00:00,34.2487,78.2058,10.0,5.3,mww,,38.0,4.146,0.61,us,us6000c13w,2025-12-22T18:42:50.044Z,"58 km E of Leh, India",earthquake,6.4,1.8,0.073,18.0,reviewed,us,us,2020-09-25,42129,India,-1
2020-09-26 06:32:00.651000+00:00,34.7214,74.4055,10.0,4.94,mw,,74.0,1.424,0.74,us,us6000c1ja,2022-08-09T00:33:15.577Z,"40 km NNW of Bandipura, India",earthquake,6.3,1.9,0.087,44.0,reviewed,us,us,2020-09-26,42178,India,3
2020-09-30 13:44:06.357000+00:00,12.2219,93.7095,75.77,4.77,mw,,82.0,1.099,0.72,us,us6000c64x,2020-12-12T22:28:43.040Z,"121 km ENE of Port Blair, India",earthquake,7.5,6.8,0.11,24.0,reviewed,us,us,2020-09-30,42197,India,1
2020-10-06 06:13:39.363000+00:00,34.0992,79.1272,10.0,5.03,mw,,82.0,4.894,0.55,us,us6000c5zr,2020-12-12T22:28:41.040Z,"142 km E of Leh, India",earthquake,7.2,1.8,0.07,64.0,reviewed,us,us,2020-10-06,42160,India,-1
2020-10-06 22:02:54.378000+00:00,25.643,94.7776,61.51,4.94,mw,,54.0,1.472,0.84,us,us6000c688,2020-12-12T22:28:43.040Z,"27 km E of Phek, India",earthquake,3.7,6.3,0.062,78.0,reviewed,us,us,2020-10-06,42174,India,2
2020-10-07 16:18:08.290000+00:00,32.3518,80.5666,10.0,4.77,mw,,145.0,6.266,0.84,us,us6000c6hc,2020-12-19T17:22:38.040Z,"220 km NNE of Josh?math, India",earthquake,9.5,1.9,0.115,22.0,reviewed,us,us,2020-10-07,42193,India,-1
2020-10-10 17:38:00.765000+00:00,24.6661,93.4997,53.0,5.5,mww,,22.0,0.849,0.65,us,us6000c7ce,2025-12-22T17:59:03.200Z,"33 km WNW of Moir?ng, India",earthquake,4.5,1.9,0.083,14.0,reviewed,us,us,2020-10-10,42120,India,2
2020-10-14 23:39:01.108000+00:00,12.1851,95.7845,10.0,4.68,mw,,153.0,6.94,1.0,us,us6000c9yq,2020-12-29T23:07:21.040Z,"Andaman Islands, India region",earthquake,6.2,1.9,0.16,11.0,reviewed,us,us,2020-10-14,42254,India,1
2020-10-20 19:55:49.959000+00:00,27.2257,96.1444,57.98,4.43,mw,,45.0,3.415,0.74,us,us6000caa9,2020-12-29T23:08:05.040Z,"47 km E of Margherita, India",earthquake,5.1,8.1,0.098,33.0,reviewed,us,us,2020-10-20,42286,India,2
2020-11-02 19:43:17.105000+00:00,25.7773,91.1728,10.0,4.85,mw,,60.0,0.651,0.68,us,us7000c9e3,2021-04-28T03:02:11.407Z,"30 km NNW of Nongstoin, India",earthquake,5.4,1.8,0.078,48.0,reviewed,us,us,2020-11-02,42189,India,2
2020-11-07 06:19:11.529000+00:00,13.9453,92.9836,10.0,4.85,mw,,77.0,2.287,0.69,us,us7000cdfr,2021-01-23T22:25:44.040Z,"250 km N of Bamboo Flat, India",earthquake,8.7,1.9,0.118,21.0,reviewed,us,us,2020-11-07,42183,India,1
2020-11-08 09:12:23.801000+00:00,28.6287,96.3987,10.0,4.68,mw,,75.0,4.732,0.6,us,us7000cc28,2021-01-23T22:25:36.040Z,"63 km NNW of Hayuliang, India",earthquake,8.9,1.9,0.095,34.0,reviewed,us,us,2020-11-08,42268,India,-1
2020-11-08 09:32:42.842000+00:00,24.2021,94.1977,65.34,4.68,mw,,65.0,0.097,0.43,us,us7000cduh,2021-01-23T22:25:44.040Z,"39 km SE of Kakching, India",earthquake,6.5,3.9,0.177,9.0,reviewed,us,us,2020-11-08,42250,India,2
2020-11-17 03:28:22.737000+00:00,13.7389,92.4013,10.0,4.68,mw,,89.0,2.097,0.64,us,us6000cqrt,2021-01-27T17:28:26.040Z,"228 km N of Bamboo Flat, India",earthquake,5.7,1.9,0.154,12.0,reviewed,us,us,2020-11-17,42221,India,1
2020-11-21 20:15:03.902000+00:00,22.1407,79.6342,10.0,4.68,mw,,123.0,8.71,0.57,us,us6000crc4,2021-02-03T17:49:49.040Z,"10 km NE of Seoni, India",earthquake,9.5,1.8,0.088,37.0,reviewed,us,us,2020-11-21,42236,India,-1
2020-11-22 03:29:20.994000+00:00,26.2945,94.7728,60.63,4.68,mw,,99.0,2.1,0.94,us,us6000crdq,2021-02-03T17:49:58.040Z,"5 km WNW of Tuensang, India",earthquake,8.1,6.8,0.154,12.0,reviewed,us,us,2020-11-22,42231,India,-1
2020-11-26 02:00:31.329000+00:00,10.1668,93.6071,10.0,4.68,mw,,94.0,1.705,0.38,us,us7000cl6l,2021-02-06T18:29:13.040Z,"190 km SSE of Port Blair, India",earthquake,4.1,1.9,0.153,12.0,reviewed,us,us,2020-11-26,42222,India,1
2020-12-06 13:35:41.171000+00:00,12.619,93.2653,62.26,4.94,mw,,92.0,1.084,0.47,us,us7000cpsf,2021-02-12T22:40:55.040Z,"117 km NNE of Bamboo Flat, India",earthquake,7.8,7.7,0.096,34.0,reviewed,us,us,2020-12-06,42175,India,1
2020-12-06 14:39:13.789000+00:00,21.8358,93.4233,52.56,4.94,mw,,141.0,0.818,0.33,us,us7000cpsj,2021-02-12T22:40:56.040Z,"85 km SSE of Saiha, India",earthquake,5.5,7.4,0.146,16.0,reviewed,us,us,2020-12-06,42175,India,2
2020-12-10 16:56:47.765000+00:00,26.1291,90.5453,10.0,4.68,mw,,88.0,1.307,0.64,us,us7000cptt,2021-02-20T16:11:09.040Z,"9 km WSW of Go?lp?ra, India",earthquake,6.2,1.9,0.102,32.0,reviewed,us,us,2020-12-10,42222,India,2
2020-12-24 08:09:48.075000+00:00,25.6397,96.6534,10.0,5.11,mw,,45.0,2.556,0.74,us,us6000d2hz,2021-03-06T23:18:15.040Z,"64 km SSW of Sarupathar, India",earthquake,7.2,1.9,0.066,74.0,reviewed,us,us,2020-12-24,42153,India,2
2020-12-26 21:48:15.074000+00:00,27.3034,96.9396,10.0,4.85,mw,,113.0,3.876,0.66,us,us6000d65h,2021-03-06T23:19:18.040Z,"93 km SSE of Hayuliang, India",earthquake,10.2,1.9,0.139,15.0,reviewed,us,us,2020-12-26,42190,India,2
2021-01-09 14:51:50.407000+00:00,32.521,76.6552,22.64,4.85,mw,,152.0,3.058,0.72,us,us6000d71u,2021-03-20T21:23:19.040Z,"35 km W of Kyelang, India",earthquake,10.0,6.7,0.096,32.0,reviewed,us,us,2021-01-09,42189,India,3
2021-01-11 14:02:03.048000+00:00,33.3042,75.5872,10.0,5.37,mw,,66.0,1.968,0.47,us,us6000d7f5,2025-12-22T18:48:11.706Z,"16 km W of Kishtw?r, India",earthquake,6.2,1.5,0.051,127.0,reviewed,us,us,2021-01-11,42120,India,3
2021-01-16 20:48:12.888000+00:00,23.6359,93.5159,61.32,4.68,mw,,66.0,0.929,0.63,us,us7000d0pu,2021-03-27T21:04:54.040Z,"48 km NE of Khawhai, India",earthquake,3.9,7.6,0.097,30.0,reviewed,us,us,2021-01-16,42235,India,2
2021-01-17 06:59:48.217000+00:00,26.0588,96.3433,10.0,4.68,mw,,78.0,2.597,0.45,us,us7000d3f8,2021-03-27T21:06:13.040Z,"49 km WSW of Sarupathar, India",earthquake,9.2,1.9,0.097,30.0,reviewed,us,us,2021-01-17,42240,India,2
2021-01-31 20:04:24.547000+00:00,24.9512,94.4749,47.39,4.51,mw,,90.0,0.735,1.02,us,us6000ddgp,2021-04-16T19:02:42.040Z,"52 km NE of Yairipok, India",earthquake,7.7,5.0,0.144,13.0,reviewed,us,us,2021-01-31,42465,India,2
2021-02-09 01:50:07.207000+00:00,28.0331,87.8568,35.0,4.68,mw,,146.0,4.336,0.65,us,us6000dfsj,2021-04-22T21:51:47.040Z,"87 km NW of Mangan, India",earthquake,9.9,2.0,0.087,38.0,reviewed,us,us,2021-02-09,42444,India,-1
2021-02-15 13:53:17.275000+00:00,9.1314,93.8707,10.0,4.77,mw,,152.0,2.742,0.8,us,us6000djgm,2021-04-23T21:04:40.040Z,"Nicobar Islands, India region",earthquake,8.0,1.9,0.219,8.0,reviewed,us,us,2021-02-15,42428,India,1
2021-02-16 20:36:52.158000+00:00,11.9865,94.5033,10.0,5.03,mw,,45.0,5.193,0.83,us,us6000di5y,2021-04-23T21:04:48.040Z,"194 km E of Port Blair, India",earthquake,7.9,1.8,0.057,99.0,reviewed,us,us,2021-02-16,42343,India,1
2021-03-04 17:57:31.975000+00:00,34.1448,80.3638,10.0,5.03,mw,,105.0,5.92,0.82,us,us7000dhsz,2021-05-13T22:45:26.040Z,"256 km E of Leh, India",earthquake,8.3,1.8,0.13,18.0,reviewed,us,us,2021-03-04,42356,India,-1
2021-03-09 11:15:01.099000+00:00,25.3809,95.0793,89.49,4.94,mw,,51.0,1.347,0.64,us,us7000dhef,2021-05-21T19:48:45.040Z,"66 km ESE of Phek, India",earthquake,7.6,7.2,0.05,119.0,reviewed,us,us,2021-03-09,42398,India,2
2021-03-22 15:40:44.570000+00:00,28.2935,93.7808,10.0,4.94,mw,,138.0,2.715,0.7,us,us6000dxmx,2021-06-02T15:23:21.040Z,"63 km WSW of Shi Yomi, India",earthquake,11.8,1.9,0.223,8.0,reviewed,us,us,2021-03-22,42393,India,-1
2021-03-26 19:02:07.885000+00:00,27.6289,92.6692,29.81,5.0,mww,,25.0,2.179,0.53,us,us6000dwue,2021-06-08T17:58:37.040Z,"47 km NNE of Bomdila, India",earthquake,5.6,4.2,0.098,10.0,reviewed,us,us,2021-03-26,42360,India,2
2021-03-29 08:24:59.963000+00:00,10.9343,91.7787,10.0,4.94,mw,,70.0,1.187,0.53,us,us6000dzn2,2021-06-08T18:00:02.040Z,"132 km SW of Bamboo Flat, India",earthquake,9.2,1.9,0.133,19.0,reviewed,us,us,2021-03-29,42386,India,1
2021-03-29 20:50:02.361000+00:00,2.8478,89.7687,10.0,4.6,mw,,113.0,7.95,0.84,us,us6000dznf,2021-06-08T18:00:04.040Z,North Indian Ocean,earthquake,10.7,2.0,0.199,7.0,reviewed,us,us,2021-03-29,42463,North Indian Ocean,-1
2021-03-30 04:45:32.047000+00:00,6.7972,92.1365,10.0,4.85,mw,,67.0,4.864,0.41,us,us6000dzrb,2021-06-08T18:00:06.040Z,"Nicobar Islands, India region",earthquake,8.6,1.5,0.135,16.0,reviewed,us,us,2021-03-30,42420,India,1
2021-04-15 22:26:24.010000+00:00,32.4789,78.7499,10.0,4.94,mw,,51.0,4.748,0.79,us,us6000e1yd,2022-08-09T04:37:07.387Z,"140 km NE of Sar?han, India",earthquake,7.7,1.8,0.051,117.0,reviewed,us,us,2021-04-15,42386,India,3
2021-04-21 19:34:42.963000+00:00,10.5902,94.2339,26.06,4.94,mw,,146.0,1.805,1.09,us,us7000dxx6,2021-07-03T16:49:58.040Z,"201 km SE of Port Blair, India",earthquake,6.7,6.3,0.098,31.0,reviewed,us,us,2021-04-21,42380,India,1
2021-04-21 19:39:01.812000+00:00,9.9295,93.1765,8.01,4.77,mw,,165.0,1.767,0.96,us,us7000dxx4,2021-07-03T16:49:57.040Z,"197 km SSE of Port Blair, India",earthquake,13.6,6.7,0.149,13.0,reviewed,us,us,2021-04-21,42427,India,1
2021-04-21 19:45:11.093000+00:00,10.4547,93.8204,10.0,4.68,mw,,178.0,8.489,1.17,us,us7000dxx5,2021-07-03T16:49:57.040Z,"178 km SE of Port Blair, India",earthquake,10.4,1.9,0.122,19.0,reviewed,us,us,2021-04-21,42441,India,1
2021-04-28 02:21:26.212000+00:00,26.7813,92.4565,34.0,6.0,mww,,11.0,1.324,0.79,us,us7000dy3b,2025-12-22T18:57:22.181Z,"8 km NNW of Dhekiajuli, India",earthquake,6.6,1.7,0.066,22.0,reviewed,us,us,2021-04-28,42306,India,2
2021-04-30 13:40:06.220000+00:00,24.2389,94.513,95.31,4.68,mw,,94.0,2.751,0.63,us,us7000e0qx,2021-07-10T20:15:44.040Z,"59 km SE of W?ngjing, India",earthquake,7.0,10.0,0.16,11.0,reviewed,us,us,2021-04-30,42448,India,2
2021-05-03 10:41:09.136000+00:00,25.8803,96.7988,55.36,4.6,mw,,113.0,2.799,0.86,us,us7000e1tg,2021-07-10T20:16:01.040Z,"36 km S of Sarupathar, India",earthquake,6.3,9.7,0.158,12.0,reviewed,us,us,2021-05-03,42460,India,2
2021-05-04 22:31:15.831000+00:00,8.6376,94.1922,10.0,5.2,mw,,72.0,3.32,1.14,us,us7000e06d,2021-07-10T20:15:25.040Z,"Nicobar Islands, India region",earthquake,7.9,1.8,0.069,67.0,reviewed,us,us,2021-05-04,42321,India,1
2021-05-12 03:58:23.483000+00:00,9.0163,92.2062,10.0,4.94,mw,,167.0,2.675,0.97,us,us7000e4dc,2021-07-23T18:08:48.040Z,"299 km SSW of Port Blair, India",earthquake,9.7,1.9,0.146,14.0,reviewed,us,us,2021-05-12,42364,India,1
2021-05-14 23:39:52.005000+00:00,26.418,95.5047,85.91,4.6,mw,,120.0,2.436,0.76,us,us7000e38n,2021-07-24T21:06:59.040Z,"56 km SE of Mon, India",earthquake,9.4,5.9,0.14,14.0,reviewed,us,us,2021-05-14,42454,India,2
2021-05-16 22:07:22.008000+00:00,20.6607,71.4793,10.0,4.51,mw,,73.0,13.037,0.99,us,us7000e51v,2021-07-24T21:07:26.040Z,"41 km S of R?jula, India",earthquake,6.9,1.9,0.114,21.0,reviewed,us,us,2021-05-16,42468,India,-1
2021-05-23 19:01:39.963000+00:00,30.8764,79.2707,10.0,4.85,mw,,81.0,5.787,0.57,us,us7000e5kt,2021-07-31T22:08:59.040Z,"45 km NW of Josh?math, India",earthquake,7.4,1.8,0.094,33.0,reviewed,us,us,2021-05-23,42411,India,3
2021-05-24 03:49:09.973000+00:00,11.7799,94.876,10.0,4.85,mw,,104.0,2.091,0.73,us,us6000efhl,2021-07-31T22:09:07.040Z,"232 km E of Port Blair, India",earthquake,8.6,1.9,0.099,30.0,reviewed,us,us,2021-05-24,42418,India,1
2021-05-25 14:14:37.433000+00:00,13.2087,92.8437,10.0,4.85,mw,,145.0,7.853,0.43,us,us6000efkb,2021-07-31T22:09:37.040Z,"167 km N of Bamboo Flat, India",earthquake,15.1,2.0,0.311,4.0,reviewed,us,us,2021-05-25,42419,India,1
2021-06-01 01:09:21.812000+00:00,12.8061,93.3096,49.57,4.85,mw,,98.0,7.81,0.54,us,us7000e9p6,2021-08-07T22:06:48.040Z,"138 km NNE of Bamboo Flat, India",earthquake,10.6,8.1,0.124,19.0,reviewed,us,us,2021-06-01,42409,India,1
2021-06-02 19:45:34.358000+00:00,10.2844,91.567,10.0,4.94,mw,,122.0,10.274,1.11,us,us7000e94a,2021-08-07T22:07:19.040Z,"199 km SW of Port Blair, India",earthquake,4.4,1.9,0.103,28.0,reviewed,us,us,2021-06-02,42363,India,1
2021-06-15 14:46:08.092000+00:00,26.6187,97.0854,36.12,5.11,mw,,57.0,3.464,0.48,us,us7000ed8l,2021-08-26T21:59:23.040Z,"53 km NNE of Sarupathar, India",earthquake,8.5,6.7,0.059,91.0,reviewed,us,us,2021-06-15,42338,India,2
2021-06-18 11:42:45.117000+00:00,12.9872,92.3504,10.0,4.94,mw,,81.0,8.357,0.4,us,us6000ep3z,2021-08-27T18:57:16.040Z,"147 km NNW of Bamboo Flat, India",earthquake,8.7,1.9,0.101,29.0,reviewed,us,us,2021-06-18,42407,India,1
2021-06-22 16:44:36.534000+00:00,28.0137,92.2097,65.76,4.94,mw,,97.0,1.932,0.6,us,us7000ef9z,2021-08-27T18:58:25.040Z,"56 km NNE of Tawang, India",earthquake,7.0,3.7,0.075,53.0,reviewed,us,us,2021-06-22,42363,India,2
2021-06-28 00:40:35.259000+00:00,34.2781,78.2208,10.0,5.11,mw,,78.0,6.763,0.97,us,us6000eqdp,2021-09-09T22:05:30.040Z,"60 km ENE of Leh, India",earthquake,7.7,1.9,0.052,115.0,reviewed,us,us,2021-06-28,42322,India,-1
2021-07-04 16:57:10.269000+00:00,26.608,96.5397,10.0,4.94,mw,,65.0,3.115,0.69,us,us7000eip3,2021-09-10T20:07:33.040Z,"52 km NNW of Sarupathar, India",earthquake,3.2,1.9,0.109,27.0,reviewed,us,us,2021-07-04,42386,India,2
2021-07-07 03:15:24.246000+00:00,25.9603,90.3499,10.0,5.54,mw,,18.0,1.413,0.59,us,us7000ej9c,2025-12-22T18:01:13.177Z,"8 km SSE of Lakhipur, India",earthquake,7.4,1.7,0.033,302.0,reviewed,us,us,2021-07-07,42315,India,2
2021-07-07 20:21:09.465000+00:00,11.0785,93.4623,96.69,4.6,mw,,199.0,10.227,0.45,us,us7000elju,2021-09-10T20:06:42.040Z,"101 km SE of Port Blair, India",earthquake,15.2,9.8,0.141,14.0,reviewed,us,us,2021-07-07,42463,India,1
2021-07-09 00:26:26.477000+00:00,25.0311,95.2274,102.19,4.94,mw,,71.0,1.161,0.77,us,us6000etec,2022-08-09T05:49:17.255Z,"101 km SE of Phek, India",earthquake,8.6,7.4,0.091,36.0,reviewed,us,us,2021-07-09,42395,India,2
2021-07-12 20:14:51.023000+00:00,13.6942,92.7449,24.67,4.94,mw,,101.0,6.227,0.84,us,us7000elb3,2021-09-17T22:50:00.040Z,"220 km N of Bamboo Flat, India",earthquake,9.1,5.8,0.112,24.0,reviewed,us,us,2021-07-12,42399,India,1
2021-07-25 15:09:21.630000+00:00,27.3429,88.3092,10.0,4.85,mw,,79.0,3.417,0.69,us,us6000eyy4,2021-11-07T16:36:56.248Z,"7 km NE of Gyalshing, India",earthquake,4.9,1.9,0.068,65.0,reviewed,us,us,2021-07-25,42586,India,-1
2021-08-03 03:42:38.345000+00:00,8.8809,94.0192,10.0,6.1,mww,,50.0,4.648,0.95,us,us6000f1r4,2025-12-22T22:13:55.945Z,"Nicobar Islands, India region",earthquake,7.7,1.8,0.069,20.0,reviewed,us,us,2021-08-03,42481,India,1
2021-08-04 04:09:22.378000+00:00,8.726,93.2725,10.0,4.94,mw,,170.0,6.259,0.39,us,us6000f4ih,2021-10-14T01:09:25.040Z,"Nicobar Islands, India region",earthquake,9.3,1.9,0.157,12.0,reviewed,us,us,2021-08-04,42559,India,1
2021-08-09 13:06:44.772000+00:00,29.7653,94.5571,10.0,4.6,mw,,126.0,7.145,0.79,us,us6000f7z6,2021-10-23T15:46:48.040Z,"138 km N of Shi Yomi, India",earthquake,10.7,1.9,0.2,9.0,reviewed,us,us,2021-08-09,42648,India,-1
2021-08-14 19:50:17.185000+00:00,12.3093,95.038,10.0,5.03,mw,,80.0,2.336,0.43,us,us6000f6aw,2021-10-29T14:46:14.040Z,"259 km ENE of Port Blair, India",earthquake,6.6,1.9,0.093,35.0,reviewed,us,us,2021-08-14,42537,India,1
2021-08-17 15:32:24.925000+00:00,24.6509,94.4519,63.33,5.2,mw,,33.0,0.441,1.19,us,us6000f7jj,2021-10-29T14:46:25.040Z,"39 km E of W?ngjing, India",earthquake,6.2,4.9,0.056,108.0,reviewed,us,us,2021-08-17,42511,India,2
2021-08-22 07:57:01.741000+00:00,10.7582,94.4328,10.0,4.51,mw,,122.0,5.521,0.54,us,us7000f6ry,2021-11-02T14:55:57.040Z,"209 km ESE of Port Blair, India",earthquake,6.7,1.9,0.198,9.0,reviewed,us,us,2021-08-22,42657,India,1
2021-08-23 05:16:52.648000+00:00,10.5565,92.1981,10.0,5.03,mw,,55.0,7.557,0.47,us,us6000f9ya,2021-11-02T14:54:36.040Z,"136 km SSW of Port Blair, India",earthquake,8.2,1.8,0.075,55.0,reviewed,us,us,2021-08-23,42537,India,1
2021-08-24 07:05:53.043000+00:00,14.4654,83.0456,10.0,5.37,mw,,50.0,13.581,0.71,us,us7000f2x8,2021-12-02T01:09:45.327Z,"257 km SSE of R?zole, India",earthquake,10.0,1.7,0.051,122.0,reviewed,us,us,2021-08-24,42496,India,-1
2021-08-24 16:48:13.463000+00:00,32.0551,78.7955,10.0,5.03,mw,,46.0,4.915,0.58,us,us7000f3a5,2021-11-02T14:54:59.040Z,"112 km ENE of Sar?han, India",earthquake,8.9,1.8,0.067,72.0,reviewed,us,us,2021-08-24,42532,India,3
2021-09-04 12:53:31.787000+00:00,10.1164,91.5131,10.0,4.77,mw,,119.0,8.124,0.82,us,us7000fa1e,2021-11-17T17:21:03.040Z,"218 km SW of Port Blair, India",earthquake,6.6,1.9,0.127,18.0,reviewed,us,us,2021-09-04,42602,India,1
2021-09-11 00:28:30.709000+00:00,30.4791,79.282,10.0,5.03,mw,,81.0,6.003,0.49,us,us7000fa6y,2021-11-23T15:09:30.040Z,"15 km WNW of P?palkoti, India",earthquake,9.1,1.9,0.057,95.0,reviewed,us,us,2021-09-11,42531,India,3
2021-09-11 03:20:17.235000+00:00,14.1061,92.9896,10.0,5.45,mw,,31.0,2.447,0.9,us,us7000fa7j,2021-11-23T15:09:34.040Z,"267 km N of Bamboo Flat, India",earthquake,4.8,1.7,0.046,162.0,reviewed,us,us,2021-09-11,42490,India,1
2021-09-13 03:46:47.551000+00:00,33.7409,76.4233,10.0,4.68,mw,,141.0,2.631,0.99,us,us7000fanp,2021-11-23T15:11:04.040Z,"52 km NW of Padam, India",earthquake,7.2,1.8,0.117,21.0,reviewed,us,us,2021-09-13,42638,India,3
2021-09-14 18:47:12.873000+00:00,10.4507,93.2806,87.8,4.77,mw,,91.0,1.308,0.58,us,us7000fb56,2021-11-23T15:12:02.040Z,"146 km SSE of Port Blair, India",earthquake,8.3,6.8,0.086,44.0,reviewed,us,us,2021-09-14,42630,India,1
2021-09-15 13:29:41.879000+00:00,23.4599,93.4042,10.0,4.94,mw,,68.0,0.833,0.38,us,us7000fbf3,2021-11-23T15:12:33.040Z,"29 km ENE of Khawhai, India",earthquake,4.7,1.6,0.078,50.0,reviewed,us,us,2021-09-15,42567,India,2
2021-09-19 09:36:30.254000+00:00,28.7353,96.4223,10.0,5.03,mw,,72.0,4.873,0.5,us,us7000fcme,2021-12-03T15:01:32.040Z,"74 km N of Hayuliang, India",earthquake,7.5,1.9,0.056,95.0,reviewed,us,us,2021-09-19,42533,India,-1
2021-09-19 19:24:04.697000+00:00,25.2256,94.8803,80.05,5.28,mw,,48.0,1.123,0.68,us,us7000fcq5,2021-12-03T15:01:34.040Z,"62 km SE of Phek, India",earthquake,7.8,6.6,0.041,185.0,reviewed,us,us,2021-09-19,42509,India,2
2021-09-30 13:05:36.409000+00:00,11.7507,95.2935,24.04,4.77,mw,,186.0,4.458,0.66,us,us6000fqf0,2021-12-04T14:28:22.040Z,"277 km E of Port Blair, India",earthquake,8.0,6.2,0.139,18.0,reviewed,us,us,2021-09-30,42607,India,1
2021-10-01 03:49:28.961000+00:00,30.3214,94.8247,31.64,5.28,mw,,73.0,5.415,0.64,us,us6000fqn3,2025-12-22T22:17:18.325Z,"203 km NNE of Shi Yomi, India",earthquake,7.9,2.5,0.069,70.0,reviewed,us,us,2021-10-01,42501,India,-1
2021-10-01 04:57:33.206000+00:00,25.4614,95.3035,102.96,4.77,mw,,64.0,1.528,0.91,us,us6000fqnb,2021-12-10T21:14:01.040Z,"83 km ESE of Phek, India",earthquake,6.9,7.1,0.203,10.0,reviewed,us,us,2021-10-01,42630,India,2
2021-10-05 01:12:16.228000+00:00,13.7634,93.7206,62.81,5.2,mw,,74.0,5.277,0.59,us,us6000frr8,2021-12-10T21:14:09.040Z,"252 km NNE of Bamboo Flat, India",earthquake,11.5,7.2,0.141,16.0,reviewed,us,us,2021-10-05,42511,India,1
2021-10-11 16:24:38.865000+00:00,17.1543,77.0051,10.0,4.68,mw,,74.0,10.463,0.62,us,us6000fuwm,2021-12-18T19:58:54.040Z,"7 km ENE of Sh?h?b?d, India",earthquake,14.4,1.9,0.147,16.0,reviewed,us,us,2021-10-11,42638,India,-1
2021-10-16 01:46:25.233000+00:00,24.3171,93.8462,45.78,4.43,mw,,121.0,0.423,0.74,us,us6000fw6m,2021-12-25T22:58:53.040Z,"17 km E of Chur?ch?ndpur, India",earthquake,4.1,9.3,0.258,4.0,reviewed,us,us,2021-10-16,42658,India,2
2021-10-19 00:44:09.237000+00:00,22.5257,92.7906,35.0,5.11,mw,,121.0,0.756,0.73,us,us6000fwrl,2021-12-25T22:58:59.040Z,"19 km W of Saiha, India",earthquake,3.2,2.0,0.175,10.0,reviewed,us,us,2021-10-19,42529,India,2
2021-10-24 05:48:39.663000+00:00,12.9223,92.488,10.0,4.68,mw,,183.0,30.252,0.56,us,us7000fprf,2022-01-08T17:43:38.040Z,"137 km N of Bamboo Flat, India",earthquake,6.8,1.9,0.161,15.0,reviewed,us,us,2021-10-24,42644,India,1
2021-10-26 00:32:08.893000+00:00,33.2123,76.8049,10.0,4.94,mw,,53.0,2.989,0.77,us,us6000fxih,2022-01-08T17:42:34.040Z,"29 km SSW of Padam, India",earthquake,7.4,1.9,0.058,89.0,reviewed,us,us,2021-10-26,42564,India,3
2021-10-31 07:38:04.425000+00:00,10.9014,91.8348,10.0,4.77,mw,,83.0,7.913,0.64,us,us7000frgl,2022-01-14T17:59:01.040Z,"130 km SW of Port Blair, India",earthquake,11.5,1.9,0.17,12.0,reviewed,us,us,2021-10-31,42632,India,1
2021-11-02 13:29:31.927000+00:00,26.6453,96.7986,10.0,5.11,mw,,39.0,3.299,0.48,us,us7000fqu2,2025-12-22T22:19:22.130Z,"48 km N of Sarupathar, India",earthquake,7.9,1.8,0.061,91.0,reviewed,us,us,2021-11-02,42522,India,2
2021-11-04 04:49:04.009000+00:00,26.7969,92.5824,10.0,4.77,mw,,76.0,1.388,0.56,us,us7000fsqj,2022-01-14T17:59:07.040Z,"9 km WSW of Rang?p?ra, India",earthquake,7.1,1.6,0.144,14.0,reviewed,us,us,2021-11-04,42628,India,2
2021-11-07 16:20:46.399000+00:00,27.271,88.7826,10.0,4.94,mw,,76.0,1.878,0.66,us,us7000fs8a,2022-01-15T20:51:38.040Z,"17 km ESE of Gangtok, India",earthquake,6.7,1.8,0.059,89.0,reviewed,us,us,2021-11-07,42572,India,-1
2021-11-19 20:56:16.978000+00:00,25.1721,72.5323,10.0,4.77,mw,,68.0,8.473,0.79,us,us7000fvkc,2022-01-29T22:55:03.040Z,"20 km SSW of Jalor, India",earthquake,9.4,1.9,0.075,55.0,reviewed,us,us,2021-11-19,42607,India,-1
2021-11-20 07:42:09.082000+00:00,25.9374,91.4838,10.0,4.6,mw,,153.0,3.068,0.64,us,us7000fvpf,2022-01-29T22:55:07.040Z,"21 km SSW of Pal?sb?ri, India",earthquake,10.3,1.9,0.132,17.0,reviewed,us,us,2021-11-20,42656,India,2
2021-11-20 11:12:18.811000+00:00,24.637,95.1196,128.95,4.94,mw,,52.0,0.849,0.69,us,us7000fvq9,2022-01-29T22:55:08.040Z,"107 km E of W?ngjing, India",earthquake,7.6,5.5,0.064,73.0,reviewed,us,us,2021-11-20,42549,India,2
2021-11-23 16:31:58.690000+00:00,31.3163,77.1736,10.0,4.68,mw,,97.0,4.038,0.6,us,us7000fwgt,2022-01-29T22:55:33.040Z,"9 km NNE of Seoni, India",earthquake,9.3,1.9,0.122,19.0,reviewed,us,us,2021-11-23,42646,India,3
2021-11-28 01:32:51.010000+00:00,27.0398,96.3025,10.0,4.94,mw,,44.0,6.064,1.24,us,us7000fxlf,2022-02-05T23:04:23.040Z,"68 km ESE of Margherita, India",earthquake,3.8,1.9,0.103,28.0,reviewed,us,us,2021-11-28,42549,India,2
2021-11-28 17:21:20.764000+00:00,24.2296,94.5821,71.92,4.77,mw,,74.0,4.123,1.17,us,us7000fxsg,2022-02-05T23:04:28.040Z,"65 km SE of W?ngjing, India",earthquake,9.5,7.5,0.108,25.0,reviewed,us,us,2021-11-28,42599,India,2
2021-12-19 03:19:46.151000+00:00,13.7358,92.7495,10.0,5.1,mww,,54.0,2.067,0.85,us,us6000gdim,2025-12-22T22:23:11.222Z,"225 km N of Bamboo Flat, India",earthquake,6.7,1.8,0.098,10.0,reviewed,us,us,2021-12-19,42529,India,1
2021-12-21 05:04:14.782000+00:00,27.6752,96.9853,43.61,4.85,mw,,44.0,4.196,0.53,us,us6000ge34,2022-03-01T16:38:47.040Z,"61 km SE of Hayuliang, India",earthquake,4.5,8.6,0.099,30.0,reviewed,us,us,2021-12-21,42583,India,2
2021-12-21 21:08:33.831000+00:00,10.2993,94.0416,10.0,5.28,mw,,43.0,5.741,0.84,us,us6000ge9v,2022-03-01T16:39:02.040Z,"Andaman Islands, India region",earthquake,7.6,1.8,0.065,75.0,reviewed,us,us,2021-12-21,42504,India,1
2021-12-23 22:39:06.686000+00:00,7.1248,92.5432,10.0,4.9,mww,,82.0,4.506,0.73,us,us6000gexl,2022-03-01T16:40:00.040Z,"Nicobar Islands, India region",earthquake,7.7,1.8,0.078,16.0,reviewed,us,us,2021-12-23,42579,India,1
2021-12-29 00:01:00.663000+00:00,9.8601,93.4354,92.37,5.28,mw,,56.0,1.909,0.97,us,us6000gfza,2022-03-05T23:10:50.040Z,"213 km SSE of Port Blair, India",earthquake,5.6,4.9,0.06,89.0,reviewed,us,us,2021-12-29,42510,India,1
2021-12-29 19:08:19.232000+00:00,29.9056,80.3449,10.0,4.85,mw,,152.0,4.809,0.65,us,us7000gakz,2022-03-05T23:11:09.040Z,"18 km WNW of Dh?rchula, India",earthquake,9.0,1.9,0.098,30.0,reviewed,us,us,2021-12-29,42581,India,3
2022-01-04 01:14:27.164000+00:00,13.0711,93.0237,35.0,5.03,mw,,109.0,1.433,0.55,us,us7000gbng,2022-03-12T22:19:20.040Z,"155 km NNE of Bamboo Flat, India",earthquake,8.7,2.0,0.224,6.0,reviewed,us,us,2022-01-04,42548,India,1
2022-01-04 15:02:42.007000+00:00,11.9077,93.6061,131.6,4.94,mw,,53.0,5.913,0.61,us,us7000g8xx,2022-03-12T22:19:07.040Z,"97 km ENE of Port Blair, India",earthquake,9.2,5.7,0.089,39.0,reviewed,us,us,2022-01-04,42553,India,1
2022-01-04 17:15:52.331000+00:00,33.0339,76.074,40.06,4.68,mw,,105.0,2.427,0.77,us,us7000g8yg,2022-03-12T22:19:07.040Z,Kashmir-India border region,earthquake,7.9,7.5,0.09,38.0,reviewed,us,us,2022-01-04,42644,Kashmir-India border region,3
2022-01-06 18:29:13.484000+00:00,27.8305,82.8074,10.0,4.77,mw,,105.0,2.189,1.08,us,us7000g9pj,2022-03-12T22:19:13.040Z,"38 km NNE of Pachperwa, India",earthquake,7.8,2.0,0.101,28.0,reviewed,us,us,2022-01-06,42599,India,-1
2022-01-08 05:42:01.889000+00:00,11.0371,93.2253,88.26,4.68,mw,,90.0,0.775,0.75,us,us7000ga4l,2022-03-19T22:07:27.040Z,"87 km SE of Port Blair, India",earthquake,8.8,6.9,0.133,16.0,reviewed,us,us,2022-01-08,42644,India,1
2022-01-16 21:09:22.262000+00:00,25.2468,93.8695,10.0,4.94,mw,,64.0,3.27,0.96,us,us7000gez7,2022-04-01T17:40:30.040Z,"49 km N of Imph?l, India",earthquake,4.1,1.9,0.173,10.0,reviewed,us,us,2022-01-16,42574,India,2
2022-01-17 22:59:23.843000+00:00,29.2819,94.1513,10.0,5.37,mw,,48.0,6.953,1.24,us,us7000gcr6,2022-04-01T17:40:15.040Z,"86 km NNW of Shi Yomi, India",earthquake,7.2,1.8,0.046,155.0,reviewed,us,us,2022-01-17,42491,India,-1
2022-01-18 02:22:15.803000+00:00,24.0361,93.5196,60.79,4.85,mw,,69.0,2.192,0.48,us,us7000gcs1,2022-04-01T17:40:15.040Z,"36 km SSW of Chur?ch?ndpur, India",earthquake,8.1,8.0,0.104,27.0,reviewed,us,us,2022-01-18,42598,India,2
2022-01-21 21:23:38.467000+00:00,33.2225,75.9072,10.0,4.51,mw,,87.0,2.247,0.94,us,us7000ge0w,2022-04-01T17:40:27.040Z,"16 km SE of Kishtw?r, India",earthquake,7.6,1.9,0.117,20.0,reviewed,us,us,2022-01-21,42837,India,3
2022-01-22 08:46:23.113000+00:00,17.562,84.9267,10.0,4.6,mw,,120.0,10.06,0.89,us,us7000gfxf,2022-04-09T20:18:48.040Z,"132 km SE of Narasannapeta, India",earthquake,8.5,2.0,0.187,8.0,reviewed,us,us,2022-01-22,42826,India,-1
2022-02-06 05:57:32.293000+00:00,31.5122,78.0555,10.0,4.6,mw,,137.0,4.568,0.56,us,us7000gidp,2022-04-19T17:38:43.040Z,"24 km E of Sar?han, India",earthquake,9.1,1.9,0.118,21.0,reviewed,us,us,2022-02-06,42825,India,3
2022-02-08 07:49:43.255000+00:00,10.7745,92.8626,33.09,4.85,mw,,179.0,7.089,1.04,us,us7000gk1q,2022-04-19T17:40:03.040Z,"99 km S of Port Blair, India",earthquake,8.7,5.8,0.204,7.0,reviewed,us,us,2022-02-08,42760,India,1
2022-02-11 19:16:50.015000+00:00,26.0883,96.4951,10.0,5.11,mw,,38.0,5.318,0.67,us,us7000gk3y,2022-04-19T17:40:12.040Z,"34 km WSW of Sarupathar, India",earthquake,6.9,1.8,0.047,155.0,reviewed,us,us,2022-02-11,42682,India,2
2022-02-16 19:16:24.141000+00:00,8.0859,91.9122,10.0,5.03,mw,,100.0,3.64,1.05,us,us7000gleq,2022-04-30T14:18:20.040Z,"Nicobar Islands, India region",earthquake,7.8,1.8,0.077,52.0,reviewed,us,us,2022-02-16,42702,India,1
2022-02-20 11:43:42.215000+00:00,10.8986,94.8857,10.0,4.68,mw,,156.0,2.231,0.62,us,us7000gmew,2022-05-04T13:38:54.040Z,"248 km ESE of Port Blair, India",earthquake,8.0,1.9,0.161,11.0,reviewed,us,us,2022-02-20,42796,India,1
2022-03-03 08:47:06.403000+00:00,29.9082,95.0011,10.0,4.77,mw,,39.0,5.69,0.45,us,us6000h1p1,2022-05-07T21:32:45.040Z,"164 km NNE of Shi Yomi, India",earthquake,8.2,1.9,0.082,43.0,reviewed,us,us,2022-03-03,42771,India,-1
2022-03-14 06:46:59.632000+00:00,35.9455,76.8204,10.0,4.6,mw,,48.0,3.712,0.4,us,us6000h4d6,2022-05-27T14:55:23.040Z,"112 km N of Thang, India",earthquake,7.4,1.9,0.085,40.0,reviewed,us,us,2022-03-14,42813,India,-1
2022-03-17 13:41:18.468000+00:00,35.9998,77.9099,10.0,5.1,mww,,33.0,4.479,0.88,us,us6000h5el,2022-05-27T14:55:32.040Z,"156 km NE of Thang, India",earthquake,7.2,1.8,0.093,11.0,reviewed,us,us,2022-03-17,42687,India,-1
2022-03-18 05:40:18.475000+00:00,24.8691,93.6502,40.97,4.77,mw,,97.0,2.217,0.6,us,us7000gwn4,2022-05-27T14:55:45.040Z,"30 km WNW of Imph?l, India",earthquake,11.0,8.9,0.219,7.0,reviewed,us,us,2022-03-18,42773,India,2
2022-03-28 21:22:33.266000+00:00,14.6269,93.0229,10.0,5.03,mw,,49.0,5.91,0.81,us,us7000gxy0,2022-06-04T20:42:15.040Z,"Andaman Islands, India region",earthquake,6.8,1.8,0.061,83.0,reviewed,us,us,2022-03-28,42691,India,1
2022-04-09 11:22:33.744000+00:00,30.9544,78.2383,10.0,4.68,mw,,167.0,4.992,0.39,us,us7000h0w1,2022-06-20T22:07:34.040Z,"16 km N of Barkot, India",earthquake,5.4,1.9,0.119,20.0,reviewed,us,us,2022-04-09,42775,India,3
2022-04-16 23:51:26.153000+00:00,25.3875,94.8228,74.41,4.51,mw,,107.0,3.966,0.28,us,us6000hfc6,2022-06-26T01:18:38.040Z,Myanmar-India border region,earthquake,11.4,8.7,0.135,15.0,reviewed,us,us,2022-04-16,42829,Myanmar-India border region,2
2022-04-17 22:31:39.157000+00:00,25.9974,95.9133,79.64,4.68,mw,,134.0,5.305,0.61,us,us6000hfkv,2022-06-26T01:19:02.040Z,"92 km WSW of Sarupathar, India",earthquake,12.8,9.5,0.142,14.0,reviewed,us,us,2022-04-17,42773,India,2
2022-04-22 03:51:27.747000+00:00,13.9992,92.9511,10.0,5.2,mw,,82.0,5.996,0.81,us,us6000hfgp,2022-08-09T06:27:02.187Z,"255 km N of Bamboo Flat, India",earthquake,9.0,1.8,0.077,54.0,reviewed,us,us,2022-04-22,42677,India,1
2022-04-30 17:34:05.382000+00:00,13.1672,93.0378,42.04,4.85,mw,66.0,47.0,1.529,0.88,us,us7000h63j,2022-07-09T21:39:44.040Z,"166 km NNE of Bamboo Flat, India",earthquake,7.6,6.9,0.082,53.0,reviewed,us,us,2022-04-30,42752,India,1
2022-05-04 20:36:17.083000+00:00,10.3401,92.4602,30.51,4.94,mw,26.0,93.0,1.336,0.62,us,us7000h8mi,2022-07-09T21:39:59.040Z,"149 km SSW of Port Blair, India",earthquake,9.0,6.1,0.164,11.0,reviewed,us,us,2022-05-04,42739,India,1
2022-05-09 17:16:16.683000+00:00,13.4647,94.0795,10.0,4.6,mw,28.0,92.0,2.221,1.02,us,us7000h85q,2022-07-22T18:31:09.040Z,"245 km NE of Bamboo Flat, India",earthquake,4.1,1.9,0.158,11.0,reviewed,us,us,2022-05-09,42829,India,1
2022-05-09 22:06:30.273000+00:00,9.7019,93.498,10.0,4.85,mw,24.0,197.0,2.078,0.79,us,us6000hli4,2022-07-22T18:30:57.040Z,"232 km SSE of Port Blair, India",earthquake,8.1,1.9,0.15,13.0,reviewed,us,us,2022-05-09,42769,India,1
2022-05-11 04:33:11.628000+00:00,29.9682,80.4219,33.06,5.2,mw,59.0,100.0,4.775,0.4,us,us7000h8ii,2022-07-22T18:31:12.040Z,"16 km NW of Dh?rchula, India",earthquake,8.2,3.9,0.044,163.0,reviewed,us,us,2022-05-11,42679,India,3
2022-05-13 02:16:42.668000+00:00,32.7165,76.2415,10.0,4.94,mw,19.0,169.0,2.661,0.8,us,us6000hmcp,2022-07-22T18:31:00.040Z,"20 km NNE of Chamba, India",earthquake,8.2,2.0,0.173,11.0,reviewed,us,us,2022-05-13,42727,India,3
2022-05-13 07:09:28.657000+00:00,25.7111,96.8176,10.0,4.77,mw,37.0,72.0,4.239,0.51,us,us6000hksn,2022-07-22T18:30:53.040Z,"54 km S of Sarupathar, India",earthquake,6.2,1.7,0.123,20.0,reviewed,us,us,2022-05-13,42769,India,2
2022-05-15 16:17:04.821000+00:00,26.3342,92.3725,10.0,4.51,mw,35.0,94.0,3.701,0.72,us,us6000hld3,2022-07-24T02:38:53.040Z,"9 km NNE of Morigaon, India",earthquake,8.4,1.9,0.127,17.0,reviewed,us,us,2022-05-15,42832,India,2
2022-05-27 02:20:15.367000+00:00,12.9434,93.4548,77.17,4.85,mw,49.0,64.0,1.456,0.8,us,us7000hcwe,2022-08-02T19:50:56.040Z,"159 km NNE of Bamboo Flat, India",earthquake,9.0,6.0,0.068,65.0,reviewed,us,us,2022-05-27,42764,India,1
2022-05-29 10:52:56.176000+00:00,7.7406,91.7514,10.0,4.68,mw,22.0,137.0,4.011,0.43,us,us7000hedv,2022-08-06T22:13:18.040Z,"Nicobar Islands, India region",earthquake,6.0,1.9,0.169,10.0,reviewed,us,us,2022-05-29,42791,India,1
2022-05-31 04:39:39.616000+00:00,26.3635,95.6051,95.69,4.68,mw,23.0,90.0,4.13,0.95,us,us7000hdq8,2022-08-06T22:13:08.040Z,"68 km SE of Mon, India",earthquake,9.7,7.2,0.169,10.0,reviewed,us,us,2022-05-31,42789,India,2
2022-06-05 09:11:46.078000+00:00,8.9674,93.6949,73.24,5.28,mw,84.0,54.0,4.92,0.58,us,us7000hf4j,2022-08-13T21:52:19.040Z,"Nicobar Islands, India region",earthquake,9.68,5.707,0.05,127.0,reviewed,us,us,2022-06-05,42662,India,1
2022-06-22 14:25:32.357000+00:00,10.5852,91.6122,10.0,4.94,mw,83.0,46.0,1.538,0.32,us,us7000hjal,2022-08-28T03:20:14.040Z,"172 km SW of Port Blair, India",earthquake,6.2,1.8,0.076,52.0,reviewed,us,us,2022-06-22,42716,India,1
2022-07-04 19:16:36.014000+00:00,10.3725,93.6866,10.0,4.94,mw,29.0,153.0,1.576,0.9,us,us6000hzua,2022-09-13T06:22:09.040Z,"176 km SE of Port Blair, India",earthquake,7.53,1.911,0.107,26.0,reviewed,us,us,2022-07-04,42713,India,1
2022-07-05 00:26:56.477000+00:00,10.3277,94.2534,10.0,5.4,mww,68.0,85.0,1.985,0.74,us,us6000hzwa,2023-07-28T22:06:30.430Z,"Andaman Islands, India region",earthquake,6.32,1.836,0.068,21.0,reviewed,us,us,2022-07-05,42661,India,1
2022-07-08 04:30:25.912000+00:00,27.8815,94.1134,10.0,4.68,mw,23.0,108.0,5.237,0.65,us,us6000i2nr,2022-09-13T06:26:17.040Z,"41 km NE of Ziro, India",earthquake,8.4,1.7,0.169,11.0,reviewed,us,us,2022-07-08,42787,India,-1
2022-07-08 21:23:56.176000+00:00,9.921,94.2657,10.0,4.51,mw,18.0,160.0,2.281,0.31,us,us6000i2pp,2022-09-13T06:26:29.040Z,"Nicobar Islands, India region",earthquake,7.5,2.0,0.234,5.0,reviewed,us,us,2022-07-08,42830,India,1
2022-07-09 00:52:02.519000+00:00,16.9254,75.7188,10.0,4.85,mw,66.0,77.0,9.694,0.57,us,us6000i13p,2022-09-24T21:26:10.040Z,"Karnataka, India",earthquake,10.91,1.841,0.077,50.0,reviewed,us,us,2022-07-09,42746,India,-1
2022-07-11 02:40:01.281000+00:00,23.3845,82.4802,10.0,4.94,mw,69.0,85.0,5.071,0.62,us,us6000i1hw,2022-09-24T21:25:58.040Z,"15 km NNW of Baikunthpur, India",earthquake,10.19,1.863,0.073,56.0,reviewed,us,us,2022-07-11,42717,India,-1
2022-07-16 18:12:48.028000+00:00,24.1883,94.4481,76.459,4.85,mw,79.0,57.0,2.984,0.89,us,us6000i32w,2022-09-27T16:56:54.040Z,"58 km SE of Kakching, India",earthquake,7.63,6.042,0.075,59.0,reviewed,us,us,2022-07-16,42747,India,2
2022-07-26 15:13:43.440000+00:00,23.5693,93.2709,42.7,4.94,mw,72.0,56.0,1.742,0.57,us,us7000htji,2022-10-01T22:09:55.040Z,"25 km NE of Khawhai, India",earthquake,7.89,6.553,0.074,57.0,reviewed,us,us,2022-07-26,42898,India,2
2022-08-19 19:42:42.048000+00:00,28.0619,81.1968,10.0,5.2,mw,114.0,80.0,3.621,0.73,us,us6000ic7w,2022-10-28T02:27:12.040Z,"12 km NE of Dhaurahra, India",earthquake,8.51,1.804,0.057,103.0,reviewed,us,us,2022-08-19,42878,India,-1
2022-08-24 17:34:21.884000+00:00,33.1509,75.7219,10.0,4.6,mw,42.0,156.0,2.112,0.68,us,us7000i23w,2022-11-01T15:14:03.040Z,"16 km E of Doda, India",earthquake,8.01,1.838,0.121,19.0,reviewed,us,us,2022-08-24,42986,India,3
2022-08-26 04:52:25.244000+00:00,25.0099,95.2338,91.384,4.94,mw,45.0,53.0,2.792,0.67,us,us7000i2i8,2022-11-01T15:14:14.040Z,"103 km SE of Phek, India",earthquake,10.18,9.25,0.1,32.0,reviewed,us,us,2022-08-26,42911,India,2
2022-08-28 03:16:16.963000+00:00,10.3923,93.8489,10.0,4.94,mw,22.0,94.0,1.659,1.38,us,us7000i5ec,2022-11-06T04:39:04.040Z,"185 km SE of Port Blair, India",earthquake,9.13,1.916,0.173,10.0,reviewed,us,us,2022-08-28,42902,India,1
2022-08-28 13:37:52.142000+00:00,1.1868,91.7639,10.0,4.77,mw,30.0,175.0,5.811,0.43,us,us7000i33y,2022-11-06T04:38:46.040Z,North Indian Ocean,earthquake,10.45,1.928,0.169,12.0,reviewed,us,us,2022-08-28,42953,North Indian Ocean,-1
2022-09-02 07:13:05.499000+00:00,13.9359,93.6367,55.814,5.0,mww,123.0,45.0,5.339,0.74,us,us7000i4kj,2022-11-06T04:36:03.040Z,"Andaman Islands, India region",earthquake,8.49,6.619,0.083,14.0,reviewed,us,us,2022-09-02,42885,India,1
2022-09-13 21:35:13.787000+00:00,26.6232,96.133,10.0,4.77,mw,36.0,110.0,5.886,0.59,us,us7000i7sb,2022-11-19T23:03:02.040Z,"71 km SE of Khonsa, India",earthquake,13.13,1.896,0.105,26.0,reviewed,us,us,2022-09-13,42953,India,2
2022-09-15 22:49:37.729000+00:00,35.907,77.7506,10.0,4.9,mww,108.0,47.0,4.321,0.63,us,us7000i8e9,2022-11-19T23:03:21.040Z,"139 km NE of Thang, India",earthquake,7.16,1.815,0.098,10.0,reviewed,us,us,2022-09-15,42916,India,-1
2022-09-17 02:15:17.988000+00:00,7.7191,91.4602,10.0,4.85,mw,20.0,88.0,4.111,0.93,us,us7000iaey,2022-11-26T20:57:56.040Z,"Nicobar Islands, India region",earthquake,8.64,1.875,0.221,6.0,reviewed,us,us,2022-09-17,42945,India,1
2022-09-18 12:57:55.916000+00:00,28.8975,95.861,10.0,4.85,mw,54.0,92.0,8.163,0.51,us,us7000i935,2022-11-26T20:57:39.040Z,"105 km NNE of P?sigh?t, India",earthquake,10.13,1.885,0.092,34.0,reviewed,us,us,2022-09-18,42943,India,-1
2022-09-19 16:28:27.802000+00:00,34.6729,80.1671,10.0,5.03,mw,77.0,68.0,5.809,0.54,us,us7000i9bf,2022-11-26T20:57:42.040Z,"244 km ENE of Leh, India",earthquake,3.18,1.826,0.059,89.0,reviewed,us,us,2022-09-19,42880,India,-1
2022-09-28 12:13:36.124000+00:00,14.4837,92.9479,10.0,4.94,mw,30.0,59.0,2.818,0.55,us,us6000iqru,2024-01-18T16:55:38.278Z,"Andaman Islands, India region",earthquake,7.78,1.822,0.141,15.0,reviewed,us,us,2022-09-28,42901,India,1
2022-09-30 02:23:15.751000+00:00,24.7823,94.9256,10.0,4.94,mw,33.0,112.0,0.792,1.05,us,us6000iphx,2022-12-03T22:02:43.040Z,"89 km E of Yairipok, India",earthquake,6.57,1.889,0.182,11.0,reviewed,us,us,2022-09-30,42913,India,2
2022-10-03 15:44:49.369000+00:00,8.3607,91.1987,10.0,4.51,mw,21.0,77.0,3.611,0.44,us,us6000irv4,2022-12-10T22:53:53.040Z,"Nicobar Islands, India region",earthquake,10.49,1.925,0.151,12.0,reviewed,us,us,2022-10-03,43008,India,-1
2022-10-11 01:35:49.776000+00:00,9.9577,93.911,10.0,4.51,mw,27.0,119.0,2.04,0.39,us,us6000iubs,2022-12-17T22:54:14.040Z,"227 km SE of Port Blair, India",earthquake,8.06,1.891,0.157,11.0,reviewed,us,us,2022-10-11,43007,India,1
2022-10-13 23:58:22.572000+00:00,23.3661,82.4336,10.0,5.2,mw,102.0,42.0,5.108,0.75,us,us6000itig,2022-12-17T22:54:04.040Z,"17 km NW of Baikunthpur, India",earthquake,8.49,1.812,0.048,137.0,reviewed,us,us,2022-10-13,42876,India,-1
2022-10-14 13:19:13.983000+00:00,9.1283,94.0138,10.0,4.85,mw,33.0,81.0,2.805,0.57,us,us6000itm8,2022-12-17T22:54:08.040Z,"Nicobar Islands, India region",earthquake,4.17,1.891,0.144,17.0,reviewed,us,us,2022-10-14,42931,India,1
2022-10-18 12:09:45.297000+00:00,32.3641,78.6637,10.0,4.85,mw,77.0,88.0,4.711,0.61,us,us6000iuid,2022-12-31T23:03:38.040Z,"125 km NE of Sar?han, India",earthquake,7.79,1.842,0.077,50.0,reviewed,us,us,2022-10-18,42927,India,3
2022-10-20 06:46:55.511000+00:00,11.5884,93.1518,90.086,5.37,mw,101.0,45.0,6.556,0.62,us,us6000iv38,2022-12-31T23:03:40.040Z,"45 km E of Port Blair, India",earthquake,8.24,6.45,0.057,100.0,reviewed,us,us,2022-10-20,42871,India,1
2022-10-30 14:45:06.392000+00:00,25.1215,92.205,10.0,4.6,mw,28.0,157.0,5.596,0.77,us,us7000ilc3,2023-01-12T23:10:39.040Z,"31 km NNW of Kar?mganj, India",earthquake,6.84,1.913,0.152,14.0,reviewed,us,us,2022-10-30,42983,India,2
2022-10-30 23:02:28.181000+00:00,13.5414,94.2712,10.0,4.85,mw,23.0,89.0,2.395,0.75,us,us7000ildw,2023-01-12T23:10:42.040Z,"264 km NE of Bamboo Flat, India",earthquake,8.65,1.891,0.191,8.0,reviewed,us,us,2022-10-30,42926,India,1
2022-11-01 03:13:53.303000+00:00,23.0012,80.1303,10.0,4.68,mw,15.0,125.0,6.67,0.86,us,us7000imin,2023-01-12T23:11:30.040Z,"13 km SE of Barela, India",earthquake,8.08,1.821,0.188,8.0,reviewed,us,us,2022-11-01,42960,India,-1
2022-11-06 03:03:03.944000+00:00,30.7102,78.5669,22.322,4.94,mw,53.0,100.0,5.364,0.75,us,us7000imtm,2023-01-21T19:27:09.040Z,"Uttaranchal, India",earthquake,8.67,1.881,0.098,31.0,reviewed,us,us,2022-11-06,42900,India,3
2022-11-06 16:28:40.298000+00:00,27.9764,88.2153,10.0,4.43,mw,27.0,66.0,1.242,0.52,us,us7000imxk,2023-01-21T19:27:10.040Z,"59 km NNW of Mangan, India",earthquake,9.6,1.911,0.143,13.0,reviewed,us,us,2022-11-06,43015,India,-1
2022-11-09 00:57:14.321000+00:00,29.9803,80.2903,22.974,4.77,mw,22.0,166.0,4.884,0.63,us,us7000ine2,2023-01-21T19:27:15.040Z,"26 km WNW of Dh?rchula, India",earthquake,9.97,6.418,0.117,21.0,reviewed,us,us,2022-11-09,42954,India,3
2022-11-09 20:59:12.045000+00:00,7.3617,94.2277,9.31,5.03,mw,73.0,77.0,3.435,0.61,us,us7000inn2,2023-01-21T19:27:17.040Z,"Nicobar Islands, India region",earthquake,4.0,3.626,0.076,52.0,reviewed,us,us,2022-11-09,42880,India,-1
2022-11-10 05:01:05.611000+00:00,28.3835,94.4118,15.0,5.5,mww,182.0,35.0,6.722,0.5,us,us7000inqd,2023-01-21T19:27:18.040Z,"16 km SSE of Shi Yomi, India",earthquake,8.34,1.843,0.089,12.0,reviewed,us,us,2022-11-10,42847,India,-1
2022-11-16 16:02:53.870000+00:00,31.8986,76.9792,10.0,4.77,mw,46.0,87.0,3.581,0.56,us,us7000iq4z,2023-01-28T19:58:19.040Z,"13 km WSW of Kulu, India",earthquake,3.67,1.816,0.102,28.0,reviewed,us,us,2022-11-16,42950,India,3
2022-11-30 14:39:32.589000+00:00,12.4347,93.9585,135.727,4.43,mw,17.0,104.0,1.418,0.73,us,us6000j733,2023-02-05T23:25:34.040Z,"156 km ENE of Port Blair, India",earthquake,10.18,10.735,0.231,6.0,reviewed,us,us,2022-11-30,43015,India,1
2022-12-06 19:54:42.494000+00:00,5.5405,89.8244,10.0,4.85,mw,45.0,100.0,6.727,0.8,us,us6000j86n,2023-02-11T23:03:21.040Z,North Indian Ocean,earthquake,5.74,1.827,0.104,30.0,reviewed,us,us,2022-12-06,42924,North Indian Ocean,-1
2022-12-09 15:40:44.925000+00:00,26.0254,95.3931,99.202,4.85,mw,41.0,110.0,5.445,0.64,us,us6000j86w,2023-02-11T23:03:21.040Z,Myanmar-India border region,earthquake,11.76,7.041,0.1,29.0,reviewed,us,us,2022-12-09,42933,Myanmar-India border region,2
2022-12-12 07:18:46.401000+00:00,12.736,93.633,85.927,4.85,mw,53.0,61.0,1.381,0.41,us,us6000j8qb,2023-02-18T22:04:05.040Z,"151 km NE of Bamboo Flat, India",earthquake,7.83,2.206,0.1,29.0,reviewed,us,us,2022-12-12,42943,India,1
2022-12-26 01:12:37.749000+00:00,2.7999,89.4628,10.0,4.43,mw,12.0,173.0,8.242,0.84,us,us7000j2kl,2023-03-07T19:00:05.040Z,North Indian Ocean,earthquake,6.4,1.964,0.367,2.0,reviewed,us,us,2022-12-26,43012,North Indian Ocean,-1
2022-12-27 02:29:38.069000+00:00,11.4848,95.0,10.0,4.51,mw,19.0,176.0,4.791,0.29,us,us7000j359,2023-03-07T19:00:06.040Z,"246 km E of Port Blair, India",earthquake,11.58,1.953,0.197,7.0,reviewed,us,us,2022-12-27,43000,India,1
2023-01-02 20:11:27.547000+00:00,10.8119,91.5945,10.0,4.77,mw,40.0,71.0,1.405,0.59,us,us7000j1nn,2023-03-11T22:51:33.040Z,"157 km SW of Bamboo Flat, India",earthquake,6.5,1.86,0.117,21.0,reviewed,us,us,2023-01-02,42950,India,1
2023-01-03 01:05:36.386000+00:00,10.7847,95.0957,10.0,4.68,mw,20.0,135.0,2.464,0.47,us,us7000j455,2023-03-11T22:51:48.040Z,"274 km ESE of Port Blair, India",earthquake,5.93,1.92,0.217,6.0,reviewed,us,us,2023-01-03,42974,India,1
2023-01-07 21:18:36.723000+00:00,11.9253,92.6851,40.216,4.6,mw,42.0,81.0,0.274,0.68,us,us7000j2v1,2023-03-11T22:51:45.040Z,"25 km N of Bamboo Flat, India",earthquake,4.37,6.627,0.146,13.0,reviewed,us,us,2023-01-07,42980,India,1
2023-01-10 01:42:57.492000+00:00,26.705,96.5576,10.0,4.94,mw,66.0,95.0,6.905,0.65,us,us7000j3bs,2023-03-20T06:03:10.040Z,"60 km NNW of Sarupathar, India",earthquake,6.92,1.738,0.085,42.0,reviewed,us,us,2023-01-10,42896,India,2
2023-01-10 23:00:07.145000+00:00,11.2892,91.8207,20.942,4.51,mw,14.0,120.0,0.976,0.63,us,us7000j5k6,2023-03-20T06:03:54.040Z,"107 km WSW of Bamboo Flat, India",earthquake,8.15,6.375,0.235,5.0,reviewed,us,us,2023-01-10,43001,India,1
2023-01-16 20:20:12.456000+00:00,23.5913,92.4156,10.0,4.51,mw,43.0,85.0,1.155,0.99,us,us7000j4s0,2023-03-31T19:44:41.040Z,India-Bangladesh border region,earthquake,3.89,1.884,0.12,19.0,reviewed,us,us,2023-01-16,43193,India-Bangladesh border region,2
2023-01-18 01:46:55.643000+00:00,11.5023,95.1809,10.0,4.77,mw,26.0,81.0,2.393,0.54,us,us6000jjdm,2023-03-31T19:43:21.040Z,"Andaman Islands, India region",earthquake,6.04,1.796,0.162,11.0,reviewed,us,us,2023-01-18,43154,India,1
2023-01-19 01:17:56.519000+00:00,12.1121,94.4701,10.0,4.77,mw,17.0,74.0,5.215,0.93,us,us6000jjgr,2023-03-31T19:43:32.040Z,"194 km ENE of Port Blair, India",earthquake,11.26,1.907,0.267,8.0,reviewed,us,us,2023-01-19,43128,India,1
2023-01-19 11:34:03.747000+00:00,10.0936,93.5847,10.0,5.11,mw,33.0,76.0,5.871,0.82,us,us6000jjhd,2023-03-31T19:43:37.040Z,"Andaman Islands, India region",earthquake,9.61,1.819,0.184,12.0,reviewed,us,us,2023-01-19,43052,India,1
2023-01-23 13:42:02.771000+00:00,24.8836,93.079,10.0,5.37,mw,110.0,42.0,2.561,0.91,us,us7000j6c8,2023-04-11T18:51:54.040Z,"12 km NE of Lakhipur, India",earthquake,6.02,1.551,0.042,184.0,reviewed,us,us,2023-01-23,43023,India,2
2023-01-27 15:34:13.818000+00:00,7.7778,93.1089,70.612,4.77,mw,22.0,92.0,3.87,1.0,us,us6000jjrt,2024-01-18T19:16:16.203Z,"Nicobar Islands, India region",earthquake,9.74,3.824,0.17,10.0,reviewed,us,us,2023-01-27,43134,India,1
2023-01-30 18:45:37.506000+00:00,12.1363,93.5873,107.401,5.28,mw,93.0,48.0,5.837,0.69,us,us6000jkdx,2023-04-13T21:53:11.040Z,"105 km ENE of Port Blair, India",earthquake,6.09,4.575,0.061,89.0,reviewed,us,us,2023-01-30,43032,India,1
2023-01-31 04:49:06.032000+00:00,24.5866,94.459,69.006,4.94,mw,76.0,75.0,3.207,0.8,us,us6000jkh1,2023-04-13T21:53:12.040Z,"40 km E of W?ngjing, India",earthquake,7.54,5.868,0.053,105.0,reviewed,us,us,2023-01-31,43098,India,2
2023-02-12 10:48:14.855000+00:00,26.3749,92.9259,10.0,4.6,mw,20.0,128.0,5.67,0.47,us,us6000jngh,2023-04-22T21:33:02.040Z,"31 km SSE of Tezpur, India",earthquake,10.21,1.952,0.176,9.0,reviewed,us,us,2023-02-12,43186,India,2
2023-02-12 22:45:05.505000+00:00,27.986,88.0003,60.903,4.43,mw,40.0,66.0,2.416,0.81,us,us6000jni5,2023-04-22T21:33:03.040Z,"73 km NW of Mangan, India",earthquake,9.32,9.377,0.102,26.0,reviewed,us,us,2023-02-12,43198,India,-1
2023-02-16 03:56:28.218000+00:00,25.1917,91.8394,57.099,4.68,mw,39.0,111.0,2.51,1.02,us,us6000jpaj,2023-04-22T21:33:12.040Z,"18 km SE of Cherrapunji, India",earthquake,3.6,8.331,0.129,18.0,reviewed,us,us,2023-02-16,43169,India,2
2023-02-24 07:03:16.393000+00:00,9.7878,92.6004,35.0,4.68,mw,19.0,180.0,7.013,0.86,us,us7000jh1x,2023-04-29T21:57:32.040Z,"208 km S of Port Blair, India",earthquake,12.66,1.937,0.169,10.0,reviewed,us,us,2023-02-24,43172,India,1
2023-03-03 01:13:47.387000+00:00,29.8612,94.9521,10.0,4.6,mw,39.0,110.0,7.746,0.86,us,us7000jgyk,2023-05-08T02:00:30.040Z,"157 km NNE of Shi Yomi, India",earthquake,7.97,1.906,0.118,21.0,reviewed,us,us,2023-03-03,43190,India,-1
2023-03-05 23:37:11.420000+00:00,7.6244,91.7592,10.0,5.1,mww,82.0,65.0,5.678,0.54,us,us7000jhj3,2023-05-15T02:50:33.040Z,"Nicobar Islands, India region",earthquake,8.29,1.808,0.086,13.0,reviewed,us,us,2023-03-05,43060,India,1
2023-03-07 11:11:46.454000+00:00,13.3077,92.4291,10.0,5.2,mw,98.0,82.0,6.589,0.5,us,us7000jhvh,2023-05-15T02:50:20.040Z,"180 km N of Bamboo Flat, India",earthquake,6.36,1.85,0.067,71.0,reviewed,us,us,2023-03-07,43048,India,1
2023-03-12 11:43:43.297000+00:00,24.276,94.7151,113.11,4.94,mw,77.0,48.0,4.097,0.43,us,us7000jjbm,2023-05-20T23:20:17.040Z,"74 km ESE of Wāngjing, India",earthquake,2.94,6.734,0.06,83.0,reviewed,us,us,2023-03-12,43076,India,2
2023-03-24 03:22:42.572000+00:00,24.1675,93.794,78.995,4.77,mw,32.0,73.0,2.471,0.52,us,us6000k0lk,2023-05-26T21:54:02.040Z,"Manipur, India region",earthquake,9.67,8.197,0.155,12.0,reviewed,us,us,2023-03-24,43147,India,2
2023-04-03 08:22:04.572000+00:00,25.8896,90.446,10.0,4.77,mw,59.0,85.0,4.993,0.31,us,us6000k2fw,2023-06-13T03:13:16.040Z,"20 km SE of Lakhipur, India",earthquake,5.95,1.78,0.084,41.0,reviewed,us,us,2023-04-03,43136,India,2
2023-04-09 12:17:33.607000+00:00,8.966,93.9695,10.0,5.7,mww,115.0,40.0,4.745,0.7,us,us6000k314,2023-06-17T21:36:40.040Z,"Nicobar Islands, India region",earthquake,7.64,1.836,0.071,19.0,reviewed,us,us,2023-04-09,43021,India,1
2023-04-09 19:37:44.546000+00:00,13.2395,93.1777,43.596,4.68,mw,63.0,58.0,1.63,0.67,us,us6000k347,2023-06-17T21:36:41.040Z,"Andaman Islands, India region",earthquake,7.43,7.077,0.087,37.0,reviewed,us,us,2023-04-09,43154,India,1
2023-04-12 00:05:08.100000+00:00,26.0018,87.3828,10.0,4.43,mw,38.0,97.0,2.015,0.6,us,us6000k3n5,2023-06-17T21:36:47.040Z,Nepal-India border region,earthquake,8.95,1.917,0.089,34.0,reviewed,us,us,2023-04-12,43199,Nepal-India border region,-1
2023-05-03 23:48:53.606000+00:00,27.3244,97.0318,10.0,4.94,mw,104.0,60.0,6.448,0.59,us,us6000k9cr,2023-07-15T22:09:33.040Z,"95 km SSE of Hayuliang, India",earthquake,7.47,1.813,0.067,67.0,reviewed,us,us,2023-05-03,43069,India,2
2023-05-04 04:20:30.480000+00:00,30.5173,79.0377,27.66,4.6,mw,18.0,166.0,6.092,0.57,us,us6000kau8,2023-07-15T22:10:22.040Z,"Uttaranchal, India",earthquake,12.55,5.644,0.264,4.0,reviewed,us,us,2023-05-04,43182,India,3
2023-05-09 13:42:18.282000+00:00,10.972,92.0333,10.0,5.37,mw,110.0,64.0,0.973,1.01,us,us6000kalp,2023-07-22T19:16:30.040Z,"109 km SW of Port Blair, India",earthquake,5.93,1.623,0.057,99.0,reviewed,us,us,2023-05-09,43024,India,1
2023-05-11 20:44:56.551000+00:00,21.6539,93.1376,51.123,4.85,mw,69.0,54.0,1.72,0.98,us,us6000kb7z,2023-07-22T19:16:53.040Z,"94 km S of Saiha, India",earthquake,7.61,6.093,0.068,63.0,reviewed,us,us,2023-05-11,43104,India,2
2023-05-22 02:45:35.828000+00:00,26.8674,97.023,10.0,5.28,mw,159.0,35.0,5.916,0.52,us,us6000kdsy,2023-07-29T22:00:27.040Z,"76 km NNE of Sarupathar, India",earthquake,7.84,1.741,0.05,125.0,reviewed,us,us,2023-05-22,43028,India,2
2023-05-29 02:18:17.682000+00:00,13.407,94.1485,10.0,4.94,mw,73.0,70.0,4.928,0.41,us,us7000k4px,2023-08-05T22:07:38.040Z,"244 km NE of Bamboo Flat, India",earthquake,7.46,1.733,0.075,52.0,reviewed,us,us,2023-05-29,43071,India,1
2023-05-29 02:33:31.480000+00:00,26.7587,92.4485,10.0,5.2,mw,143.0,80.0,3.157,0.74,us,us7000k4q0,2023-08-14T15:18:58.836Z,"6 km NNW of Dhekiajuli, India",earthquake,8.19,1.808,0.051,122.0,reviewed,us,us,2023-05-29,43036,India,2
2023-06-05 02:09:45.778000+00:00,12.8765,95.4751,10.0,4.94,mw,43.0,69.0,3.853,0.96,us,us7000k6bt,2023-08-12T17:15:02.040Z,"Andaman Islands, India region",earthquake,9.92,1.888,0.096,32.0,reviewed,us,us,2023-06-05,43088,India,1
2023-06-12 21:23:08.724000+00:00,26.1093,95.2775,77.469,4.68,mw,32.0,134.0,5.129,0.69,us,us7000k82d,2023-08-21T04:18:45.040Z,"48 km ESE of Tuensang, India",earthquake,7.95,8.954,0.138,15.0,reviewed,us,us,2023-06-12,43182,India,2
2023-06-13 08:03:40.348000+00:00,33.1191,75.9074,10.0,5.2,mww,121.0,23.0,2.271,0.79,us,us7000k850,2023-08-21T04:18:46.040Z,"23 km NE of Bhadarwāh, India",earthquake,7.16,1.72,0.069,20.0,reviewed,us,us,2023-06-13,43035,India,3
2023-06-16 04:46:11.360000+00:00,24.7339,92.0224,10.0,5.28,mw,79.0,60.0,5.014,0.91,us,us7000k8uw,2023-08-21T04:19:04.040Z,India-Bangladesh border region,earthquake,6.71,1.839,0.061,86.0,reviewed,us,us,2023-06-16,43024,India-Bangladesh border region,2
2023-06-26 12:52:59.977000+00:00,13.7408,92.7235,10.0,5.03,mw,53.0,92.0,7.597,0.43,us,us7000kb4r,2023-09-08T14:18:42.040Z,"225 km N of Bamboo Flat, India",earthquake,9.43,1.863,0.073,56.0,reviewed,us,us,2023-06-26,43067,India,1
2023-06-26 13:32:03.058000+00:00,9.2868,93.5555,10.0,5.2,mw,86.0,62.0,5.251,0.59,us,us7000kb4v,2023-09-08T14:18:42.040Z,"277 km SSE of Port Blair, India",earthquake,4.17,1.802,0.072,61.0,reviewed,us,us,2023-06-26,43048,India,1
2023-06-30 05:44:02.011000+00:00,26.9851,96.6035,10.0,4.77,mw,34.0,132.0,5.534,0.64,us,us6000kp19,2023-09-08T14:18:29.040Z,"88 km NNW of Sarupathar, India",earthquake,9.51,1.919,0.12,21.0,reviewed,us,us,2023-06-30,43129,India,2
2023-07-04 07:25:32.260000+00:00,26.5274,96.3583,89.642,4.94,mw,75.0,59.0,5.599,0.68,us,us6000kpzu,2023-09-09T21:54:45.040Z,"57 km NW of Sarupathar, India",earthquake,8.46,5.346,0.053,105.0,reviewed,us,us,2023-07-04,43104,India,2
2023-07-07 05:20:53.879000+00:00,31.536,78.3517,10.0,4.68,mw,29.0,123.0,4.78,0.82,us,us6000kqna,2023-09-09T21:54:54.040Z,"53 km E of Sarāhan, India",earthquake,8.02,1.857,0.147,13.0,reviewed,us,us,2023-07-07,43168,India,3
2023-07-12 12:26:47.093000+00:00,25.0831,95.4345,9.904,4.68,mw,21.0,128.0,4.54,0.52,us,us7000kh27,2023-09-16T19:16:22.040Z,"114 km SE of Phek, India",earthquake,10.41,4.073,0.16,11.0,reviewed,us,us,2023-07-12,43161,India,2
2023-07-13 05:02:32.249000+00:00,13.792,94.1092,39.377,4.85,mw,36.0,109.0,6.564,0.48,us,us7000kh4e,2023-09-16T19:16:23.040Z,"276 km NNE of Bamboo Flat, India",earthquake,11.75,7.683,0.106,27.0,reviewed,us,us,2023-07-13,43107,India,1
2023-07-16 14:23:32.031000+00:00,25.722,91.3559,10.0,4.68,mw,39.0,94.0,3.971,0.76,us,us7000kg5v,2023-09-28T21:33:30.040Z,"24 km NNE of Nongstoin, India",earthquake,4.1,1.874,0.101,28.0,reviewed,us,us,2023-07-16,43325,India,2
2023-07-20 22:39:44.949000+00:00,26.8685,75.8906,10.0,4.68,mw,37.0,199.0,7.129,0.44,us,us7000kh99,2024-06-08T19:58:22.813Z,"11 km ESE of Jaipur, India",earthquake,9.9,1.99,0.125,18.0,reviewed,us,us,2023-07-20,43338,India,-1
2023-07-21 20:05:46.184000+00:00,25.1642,95.008,86.88,4.43,mw,45.0,83.0,3.951,0.56,us,us7000khhf,2023-09-28T21:34:05.040Z,"75 km SE of Phek, India",earthquake,6.94,6.875,0.1,30.0,reviewed,us,us,2023-07-21,43378,India,2
2023-07-28 19:23:46.487000+00:00,10.5368,93.5418,88.891,5.9,mww,261.0,17.0,6.26,0.88,us,us6000kwam,2023-09-30T21:36:33.040Z,"152 km SE of Port Blair, India",earthquake,7.42,1.35,0.047,44.0,reviewed,us,us,2023-07-28,43202,India,1
2023-08-02 00:10:11.622000+00:00,9.3458,93.9282,10.0,5.3,mww,159.0,45.0,5.069,0.89,us,us6000kx7b,2023-10-07T21:38:56.040Z,"287 km SSE of Port Blair, India",earthquake,3.32,1.746,0.075,17.0,reviewed,us,us,2023-08-02,43207,India,1
2023-08-02 22:47:31.055000+00:00,8.4732,92.8663,51.605,4.6,mw,14.0,115.0,5.177,0.72,us,us6000kzcf,2023-10-07T21:39:01.040Z,"Nicobar Islands, India region",earthquake,13.5,6.858,0.186,8.0,reviewed,us,us,2023-08-02,43339,India,1
2023-08-03 11:39:02.737000+00:00,9.0897,93.5963,10.0,5.11,mw,47.0,89.0,7.95,0.87,us,us6000kxif,2023-10-07T21:38:57.040Z,"Nicobar Islands, India region",earthquake,6.18,1.825,0.105,28.0,reviewed,us,us,2023-08-03,43226,India,1
2023-08-05 09:09:25.957000+00:00,11.8507,92.0472,10.0,5.11,mw,64.0,77.0,9.35,0.53,us,us6000ky2x,2023-10-07T21:38:59.040Z,"74 km WNW of Bamboo Flat, India",earthquake,9.55,1.827,0.064,77.0,reviewed,us,us,2023-08-05,43222,India,1
2023-08-09 17:44:20.929000+00:00,32.5435,78.602,14.338,5.03,mw,81.0,87.0,7.466,0.53,us,us6000kywl,2023-10-17T22:01:29.040Z,"137 km NE of Sarāhan, India",earthquake,8.28,4.099,0.055,101.0,reviewed,us,us,2023-08-09,43236,India,3
2023-08-14 10:33:27.596000+00:00,11.2401,91.8215,18.719,4.94,mw,52.0,109.0,9.941,0.56,us,us7000kqfc,2023-10-27T21:39:05.040Z,"110 km WSW of Bamboo Flat, India",earthquake,9.35,4.608,0.092,35.0,reviewed,us,us,2023-08-14,43275,India,1
2023-08-14 14:49:48.667000+00:00,24.9796,92.2481,36.648,5.3,mww,153.0,16.0,2.358,0.75,us,us6000kzvl,2023-12-02T03:54:13.016Z,"16 km NW of Karīmganj, India",earthquake,6.48,4.095,0.093,11.0,reviewed,us,us,2023-08-14,43206,India,2
2023-08-19 14:46:08.434000+00:00,30.3522,94.7507,10.0,5.28,mw,56.0,47.0,3.208,0.92,us,us7000kpgp,2023-10-27T21:39:04.040Z,"205 km N of Shi Yomi, India",earthquake,9.08,1.857,0.048,140.0,reviewed,us,us,2023-08-19,43214,India,-1
2023-08-19 15:20:35.313000+00:00,26.3499,92.845,35.0,5.11,mw,47.0,70.0,3.669,0.76,us,us7000kpgy,2024-05-29T13:27:55.290Z,"31 km S of Tezpur, India",earthquake,9.29,1.898,0.059,89.0,reviewed,us,us,2023-08-19,43219,India,2
2023-08-28 22:20:12.739000+00:00,11.1246,93.6704,125.227,4.68,mw,56.0,165.0,6.142,0.52,us,us7000ksnc,2023-11-04T21:36:13.040Z,"117 km ESE of Port Blair, India",earthquake,12.44,7.897,0.086,39.0,reviewed,us,us,2023-08-28,43329,India,1
2023-09-09 10:18:30.146000+00:00,24.6464,92.7849,47.764,5.11,mw,115.0,36.0,5.249,0.5,us,us7000kuka,2023-11-17T19:47:51.040Z,"19 km ENE of Lāla, India",earthquake,7.91,5.251,0.043,165.0,reviewed,us,us,2023-09-09,43220,India,2
2023-09-11 17:32:00.809000+00:00,24.3645,94.8511,110.242,5.0,mww,126.0,29.0,3.39,0.87,us,us7000kv42,2023-11-18T22:29:33.040Z,"83 km ESE of Wāngjing, India",earthquake,7.72,5.096,0.089,12.0,reviewed,us,us,2023-09-11,43245,India,2
2023-09-27 23:46:44.280000+00:00,29.7208,94.6666,10.0,4.43,mw,25.0,115.0,3.079,0.98,us,us6000lcge,2023-12-09T22:00:42.040Z,"135 km NNE of Shi Yomi, India",earthquake,8.6,1.973,0.125,17.0,reviewed,us,us,2023-09-27,43364,India,-1
2023-10-02 12:45:15.979000+00:00,25.9206,90.5798,10.0,4.9,mww,119.0,36.0,3.799,0.6,us,us6000lc8t,2023-12-14T21:26:51.040Z,"28 km S of Goālpāra, India",earthquake,7.21,1.834,0.098,10.0,reviewed,us,us,2023-10-02,43286,India,2
2023-10-02 14:29:30.012000+00:00,26.0535,97.0376,10.0,4.77,mw,35.0,93.0,5.203,0.65,us,us6000lc9d,2023-12-14T21:26:51.040Z,"28 km SE of Sarupathar, India",earthquake,9.02,1.891,0.134,18.0,reviewed,us,us,2023-10-02,43316,India,2
2023-10-08 00:03:03.557000+00:00,8.7033,94.2213,10.369,4.77,mw,20.0,196.0,6.635,0.66,us,us6000lf3c,2023-12-16T22:13:07.040Z,"Nicobar Islands, India region",earthquake,7.91,5.958,0.202,7.0,reviewed,us,us,2023-10-08,43312,India,1
2023-10-08 13:37:04.576000+00:00,31.7268,79.3465,10.0,4.85,mw,34.0,161.0,5.471,0.99,us,us6000le17,2023-12-16T22:13:05.040Z,"131 km N of Joshīmath, India",earthquake,8.96,1.91,0.131,17.0,reviewed,us,us,2023-10-08,43298,India,-1
2023-10-20 00:20:08.653000+00:00,13.9893,92.8694,15.998,4.77,mw,29.0,107.0,6.077,0.83,us,us7000l66u,2023-12-26T21:24:59.040Z,"253 km N of Bamboo Flat, India",earthquake,9.75,2.378,0.138,15.0,reviewed,us,us,2023-10-20,43310,India,1
2023-10-26 18:29:02.059000+00:00,26.7385,96.8669,52.637,4.68,mw,61.0,55.0,5.789,0.58,us,us7000l6lg,2024-01-04T04:22:19.040Z,"59 km N of Sarupathar, India",earthquake,7.77,4.325,0.091,34.0,reviewed,us,us,2023-10-26,43335,India,2
2023-10-27 23:23:47.733000+00:00,26.2481,95.5087,79.962,5.11,mw,112.0,60.0,5.005,0.57,us,us7000l70z,2024-01-04T04:22:29.040Z,"68 km E of Tuensang, India",earthquake,7.87,4.061,0.056,100.0,reviewed,us,us,2023-10-27,43219,India,2
2023-11-01 12:51:15.409000+00:00,10.9291,93.063,93.275,4.9,mww,160.0,49.0,6.768,0.65,us,us7000l828,2024-01-10T06:01:33.040Z,"88 km SSE of Port Blair, India",earthquake,9.18,6.471,0.098,10.0,reviewed,us,us,2023-11-01,43286,India,1
2023-11-03 19:39:09.153000+00:00,26.4186,96.6025,118.316,4.6,mw,38.0,109.0,5.414,0.92,us,us7000l8qp,2024-01-18T21:13:23.509Z,"31 km NW of Sarupathar, India",earthquake,12.01,8.618,0.132,20.0,reviewed,us,us,2023-11-03,43352,India,2
2023-11-07 00:02:12.657000+00:00,7.3119,91.6874,10.0,4.94,mw,61.0,61.0,5.623,0.31,us,us7000l995,2024-01-18T21:16:21.636Z,"Nicobar Islands, India region",earthquake,8.45,1.846,0.083,43.0,reviewed,us,us,2023-11-07,43280,India,1
2023-11-08 23:21:32.691000+00:00,13.4736,92.909,18.383,4.85,mw,30.0,93.0,6.101,0.53,us,us7000laqx,2024-01-13T23:11:49.040Z,"197 km N of Bamboo Flat, India",earthquake,12.95,4.826,0.122,20.0,reviewed,us,us,2023-11-08,43305,India,1
2023-11-10 15:49:15.815000+00:00,12.5428,91.7107,10.0,4.77,mw,26.0,143.0,7.44,0.68,us,us7000la3q,2024-01-13T23:11:12.040Z,"143 km NW of Bamboo Flat, India",earthquake,6.79,1.919,0.112,23.0,reviewed,us,us,2023-11-10,43319,India,-1
2023-11-16 04:04:18.591000+00:00,33.0154,76.2091,16.68,4.6,mw,52.0,157.0,2.542,1.23,us,us6000lnrg,2024-01-26T16:37:44.040Z,"46 km E of Bhadarwāh, India",earthquake,8.31,4.993,0.121,23.0,reviewed,us,us,2023-11-16,43338,India,3
2023-11-20 08:17:56.844000+00:00,27.257,96.995,10.0,5.03,mw,40.0,37.0,5.711,0.38,us,us6000lpkj,2024-02-01T15:13:41.040Z,"100 km SSE of Hayuliang, India",earthquake,9.82,1.875,0.102,18.0,reviewed,us,us,2023-11-20,43236,India,2
2023-11-26 19:24:22.473000+00:00,12.6576,95.2787,10.0,4.85,mw,34.0,152.0,4.117,0.47,us,us6000lqwy,2024-02-06T21:53:52.040Z,"296 km ENE of Port Blair, India",earthquake,8.39,1.922,0.113,23.0,reviewed,us,us,2023-11-26,43304,India,1
2023-11-29 01:41:52.476000+00:00,24.4108,94.4578,73.909,4.6,mw,24.0,132.0,3.218,0.52,us,us7000lg65,2024-02-06T21:53:59.040Z,"44 km ESE of Wāngjing, India",earthquake,6.79,11.724,0.128,17.0,reviewed,us,us,2023-11-29,43357,India,2
2023-11-29 08:12:24.794000+00:00,12.1737,95.2346,10.0,5.11,mw,56.0,89.0,4.381,0.5,us,us7000lei7,2024-02-06T21:53:54.040Z,"276 km ENE of Port Blair, India",earthquake,9.79,1.879,0.086,45.0,reviewed,us,us,2023-11-29,43231,India,1
2023-11-30 13:42:32.361000+00:00,25.0005,95.5436,166.34,4.94,mw,42.0,110.0,3.821,0.82,us,us7000les7,2024-02-06T21:53:55.040Z,"128 km SE of Phek, India",earthquake,6.91,8.677,0.087,39.0,reviewed,us,us,2023-11-30,43257,India,2
2023-12-04 19:04:15.283000+00:00,27.8117,87.8388,70.467,4.77,mw,46.0,111.0,3.447,0.69,us,us7000lg75,2024-02-10T23:47:31.040Z,"71 km NW of Gyalshing, India",earthquake,10.51,2.233,0.08,45.0,reviewed,us,us,2023-12-04,43317,India,-1
2023-12-08 03:16:57.576000+00:00,25.2901,91.786,46.386,4.6,mw,37.0,111.0,2.605,0.66,us,us7000lh84,2024-02-10T23:47:41.040Z,"9 km E of Cherrapunji, India",earthquake,7.71,5.262,0.115,21.0,reviewed,us,us,2023-12-08,43347,India,2
2023-12-13 16:22:04.474000+00:00,8.2884,91.1737,10.0,4.6,mw,12.0,135.0,9.442,0.56,us,us7000lk32,2024-02-17T22:43:13.040Z,"Nicobar Islands, India region",earthquake,10.07,1.915,0.216,6.0,reviewed,us,us,2023-12-13,43343,India,-1
2023-12-18 10:18:52.984000+00:00,33.1836,76.8401,10.0,5.1,mww,119.0,32.0,3.023,0.97,us,us7000ljty,2024-02-27T22:57:00.040Z,"31 km S of Padam, India",earthquake,2.84,1.76,0.08,15.0,reviewed,us,us,2023-12-18,43231,India,3
2023-12-25 23:03:56.507000+00:00,34.7111,76.7782,34.705,4.94,mw,100.0,79.0,3.096,0.4,us,us7000llf2,2024-03-02T21:39:40.040Z,"24 km S of Thang, India",earthquake,5.88,5.172,0.059,85.0,reviewed,us,us,2023-12-25,43280,India,-1
2024-01-08 05:05:30.301000+00:00,11.7568,92.6708,35.31,4.94,mw,70.0,136.0,6.809,0.63,us,us6000m2f9,2024-03-16T18:59:59.040Z,"8 km NW of Bamboo Flat, India",earthquake,9.33,7.147,0.081,53.0,reviewed,us,us,2024-01-08,43259,India,1
2024-01-10 02:23:44.173000+00:00,11.7494,93.2401,85.164,4.85,mw,64.0,48.0,6.304,0.55,us,us6000m2ux,2024-03-16T19:00:11.040Z,"54 km E of Port Blair, India",earthquake,7.69,3.637,0.089,37.0,reviewed,us,us,2024-01-10,43445,India,1
2024-01-15 13:42:34.566000+00:00,25.6032,93.2892,10.0,4.51,mw,22.0,96.0,3.278,0.65,us,us7000lsyb,2024-03-29T17:37:55.040Z,"20 km SE of Lumding Railway Colony, India",earthquake,8.33,1.727,0.151,13.0,reviewed,us,us,2024-01-15,43548,India,2
2024-01-19 13:40:10.115000+00:00,9.7925,93.8927,10.0,4.68,mw,32.0,115.0,6.373,1.21,us,us6000m4nk,2024-03-29T17:37:54.040Z,"242 km SSE of Port Blair, India",earthquake,9.93,1.914,0.119,20.0,reviewed,us,us,2024-01-19,43530,India,1
2024-01-20 01:36:11.203000+00:00,9.4409,94.0987,10.0,5.28,mw,59.0,69.0,5.049,1.0,us,us6000m4vw,2024-03-29T17:37:54.040Z,"287 km SSE of Port Blair, India",earthquake,4.14,1.832,0.077,56.0,reviewed,us,us,2024-01-20,43389,India,1
2024-01-21 00:22:24.977000+00:00,8.793,94.0472,10.0,4.77,mw,19.0,128.0,4.563,0.25,us,us7000lu0k,2024-03-29T17:37:57.040Z,"Nicobar Islands, India region",earthquake,9.94,1.92,0.202,7.0,reviewed,us,us,2024-01-21,43465,India,1
2024-01-25 21:58:08.234000+00:00,22.1702,93.1736,41.343,4.77,mw,57.0,55.0,1.504,0.7,us,us7000ltu7,2024-03-30T22:33:37.040Z,"40 km SSE of Saiha, India",earthquake,6.07,8.141,0.091,35.0,reviewed,us,us,2024-01-25,43498,India,2
2024-02-02 05:56:41.722000+00:00,6.6914,92.5268,10.0,4.94,mw,34.0,80.0,7.51,0.56,us,us7000lxjp,2024-04-13T19:34:36.040Z,"Nicobar Islands, India region",earthquake,9.26,1.896,0.114,23.0,reviewed,us,us,2024-02-02,43441,India,1
2024-02-02 19:27:58.362000+00:00,24.3685,94.6019,99.291,4.85,mw,113.0,45.0,3.161,0.55,us,us7000lwi2,2024-04-13T19:35:19.040Z,"59 km ESE of Wāngjing, India",earthquake,7.94,5.116,0.054,107.0,reviewed,us,us,2024-02-02,43451,India,2
2024-02-04 22:43:12.502000+00:00,12.0638,93.6037,123.195,5.03,mw,120.0,35.0,5.851,0.57,us,us7000lwzl,2024-04-13T19:37:59.040Z,"103 km ENE of Port Blair, India",earthquake,8.85,5.525,0.058,89.0,reviewed,us,us,2024-02-04,43395,India,1
2024-02-09 06:51:55.718000+00:00,24.6542,94.86,105.99,4.43,mw,27.0,112.0,3.433,0.84,us,us7000lz6j,2024-04-20T19:34:29.040Z,"80 km E of Wāngjing, India",earthquake,10.57,9.034,0.116,20.0,reviewed,us,us,2024-02-09,43557,India,2
2024-03-08 07:37:33.068000+00:00,10.504,93.8051,165.285,4.77,mw,36.0,64.0,6.095,0.55,us,us7000m42z,2024-05-15T17:35:02.040Z,"172 km SE of Port Blair, India",earthquake,10.27,6.585,0.107,25.0,reviewed,us,us,2024-03-08,43490,India,1
2024-03-11 17:07:19.912000+00:00,9.5188,93.5747,10.0,4.77,mw,60.0,95.0,5.417,0.48,us,us6000mj44,2024-05-18T21:23:10.040Z,"254 km SSE of Port Blair, India",earthquake,5.62,1.882,0.082,43.0,reviewed,us,us,2024-03-11,43517,India,1
2024-03-12 08:57:52.678000+00:00,25.7414,90.2866,10.0,4.77,mw,59.0,78.0,3.292,0.79,us,us7000m4tz,2024-05-18T21:24:40.040Z,"26 km NNE of Tura, India",earthquake,8.18,1.845,0.081,44.0,reviewed,us,us,2024-03-12,43477,India,2
2024-03-14 06:13:01.910000+00:00,11.2699,95.1326,10.0,5.11,mw,51.0,96.0,4.716,0.55,us,us6000misc,2024-05-18T21:22:48.040Z,"264 km E of Port Blair, India",earthquake,9.19,1.886,0.09,38.0,reviewed,us,us,2024-03-14,43391,India,1
2024-03-15 19:26:08.490000+00:00,13.7525,92.896,22.068,4.77,mw,38.0,97.0,6.074,0.87,us,us6000mk21,2024-05-18T21:24:12.040Z,"227 km N of Bamboo Flat, India",earthquake,9.72,4.053,0.115,26.0,reviewed,us,us,2024-03-15,43479,India,1
2024-03-21 00:38:31.223000+00:00,19.4899,77.2545,10.0,4.94,mw,68.0,75.0,11.064,0.52,us,us6000mk51,2024-05-27T14:19:20.040Z,"20 km NNE of Basmat, India",earthquake,6.69,1.784,0.075,53.0,reviewed,us,us,2024-03-21,43442,India,-1
2024-03-31 07:56:33.664000+00:00,28.6316,95.9137,10.0,4.85,mw,24.0,103.0,4.32,1.04,us,us7000ma7x,2024-06-01T21:55:52.040Z,"82 km NNW of Tezu, India",earthquake,4.71,1.903,0.15,13.0,reviewed,us,us,2024-03-31,43444,India,-1
2024-04-04 16:04:32.601000+00:00,33.1698,76.816,32.436,5.0,mww,88.0,53.0,3.005,0.78,us,us7000m9w5,2024-06-12T21:51:54.040Z,"33 km S of Padam, India",earthquake,4.56,4.205,0.078,16.0,reviewed,us,us,2024-04-04,43405,India,3
2024-04-05 12:45:38.655000+00:00,26.4924,96.9139,69.136,5.9,mw,157.0,22.0,5.571,0.71,us,us7000ma59,2024-06-12T21:51:54.040Z,"33 km NNE of Sarupathar, India",earthquake,8.38,6.269,0.031,379.0,reviewed,us,us,2024-04-05,43380,India,2
2024-04-08 01:20:12.604000+00:00,10.7532,91.5769,10.0,4.6,mw,29.0,57.0,7.641,0.54,us,us7000mcn5,2024-06-17T02:14:48.040Z,"162 km SW of Bamboo Flat, India",earthquake,8.86,1.89,0.136,15.0,reviewed,us,us,2024-04-08,43532,India,1
2024-04-10 18:45:49.997000+00:00,10.0467,72.9404,10.0,4.94,mw,29.0,74.0,3.261,0.7,us,us7000mcym,2024-06-17T02:15:05.040Z,"66 km SSE of Kavaratti, India",earthquake,10.45,1.897,0.141,15.0,reviewed,us,us,2024-04-10,43438,India,-1
2024-04-16 23:01:24.137000+00:00,11.3815,92.9599,57.532,5.0,mww,168.0,34.0,6.712,0.69,us,us7000mcjj,2024-06-25T21:02:52.040Z,"39 km SE of Port Blair, India",earthquake,8.29,5.486,0.093,11.0,reviewed,us,us,2024-04-16,43403,India,1
2024-04-18 21:33:57.064000+00:00,10.5366,92.3326,10.0,4.77,mw,20.0,87.0,6.978,0.34,us,us6000mts6,2024-06-25T21:02:29.040Z,"132 km SSW of Port Blair, India",earthquake,6.22,1.861,0.179,9.0,reviewed,us,us,2024-04-18,43469,India,1
2024-04-29 13:55:48.298000+00:00,28.1382,92.6067,10.0,4.43,mw,27.0,165.0,2.028,0.84,us,us6000mwzs,2024-07-15T03:58:55.040Z,"91 km NE of Tawang, India",earthquake,8.15,1.93,0.134,17.0,reviewed,us,us,2024-04-29,43556,India,2
2024-05-07 00:17:49.295000+00:00,13.2783,92.7568,21.301,4.68,mw,18.0,72.0,6.28,0.66,us,us6000myil,2024-07-20T22:20:01.040Z,"174 km N of Bamboo Flat, India",earthquake,9.09,6.073,0.178,9.0,reviewed,us,us,2024-05-07,43531,India,1
2024-05-26 17:50:23.054000+00:00,0.9883,91.2789,10.0,4.77,mw,24.0,177.0,6.303,0.48,us,us7000mpa7,2024-08-06T02:10:21.040Z,North Indian Ocean,earthquake,8.1,1.911,0.162,11.0,reviewed,us,us,2024-05-26,43466,North Indian Ocean,-1
2024-05-31 02:20:09.465000+00:00,25.7318,91.0047,41.021,4.51,mw,16.0,124.0,3.096,1.12,us,us7000mqqy,2024-08-06T20:32:51.040Z,"35 km NW of Nongstoin, India",earthquake,7.0,10.081,0.197,7.0,reviewed,us,us,2024-05-31,43548,India,2
2024-06-08 18:17:19.165000+00:00,27.8429,75.3219,10.714,4.43,mw,12.0,184.0,6.052,1.1,us,us7000mr80,2024-08-16T21:59:23.040Z,"4 km ESE of Nawalgarh, India",earthquake,12.82,5.448,0.164,10.0,reviewed,us,us,2024-06-08,43550,India,-1
2024-06-09 04:35:09.641000+00:00,27.4645,93.088,39.251,4.68,mw,29.0,126.0,2.819,1.15,us,us7000mrac,2024-08-16T21:59:17.040Z,"66 km NW of Itānagar, India",earthquake,10.55,8.674,0.137,16.0,reviewed,us,us,2024-06-09,43522,India,2
2024-06-10 10:10:36.968000+00:00,7.3748,92.0633,10.0,5.03,mw,53.0,100.0,8.264,0.9,us,us7000mrgb,2024-08-23T18:03:07.040Z,"Nicobar Islands, India region",earthquake,9.5,1.852,0.102,29.0,reviewed,us,us,2024-06-10,43403,India,1
2024-06-26 01:24:13.616000+00:00,8.0633,90.4103,10.0,5.6,mww,124.0,35.0,7.077,0.51,us,us6000n877,2024-09-04T21:57:41.040Z,"Nicobar Islands, India region",earthquake,4.75,1.706,0.066,22.0,reviewed,us,us,2024-06-26,43385,India,-1
2024-06-26 13:39:33.305000+00:00,24.3949,93.8041,57.577,4.94,mw,104.0,66.0,2.619,0.52,us,us6000n89d,2025-05-29T05:48:49.301Z,"11 km SSE of Moirāng, India",earthquake,8.7,6.656,0.059,86.0,reviewed,us,us,2024-06-26,43410,India,2
2024-06-28 17:16:45.100000+00:00,10.1256,93.6765,10.0,5.28,mw,119.0,43.0,5.845,0.63,us,us6000n8zg,2024-09-04T21:57:43.040Z,"198 km SSE of Port Blair, India",earthquake,8.87,1.793,0.058,103.0,reviewed,us,us,2024-06-28,43390,India,1
2024-07-04 21:12:27.022000+00:00,24.3726,92.6936,35.0,4.77,mw,60.0,88.0,1.944,0.68,us,us7000mx4s,2024-09-12T21:52:28.040Z,"16 km N of Kolasib, India",earthquake,5.94,1.901,0.087,38.0,reviewed,us,us,2024-07-04,43461,India,2
2024-07-05 17:14:36.604000+00:00,24.997,95.2533,130.497,4.77,mw,65.0,63.0,6.187,0.41,us,us7000mxba,2024-09-12T21:52:29.040Z,"106 km SE of Phek, India",earthquake,5.35,6.621,0.073,60.0,reviewed,us,us,2024-07-05,43471,India,2
2024-07-10 01:44:52.060000+00:00,19.4402,77.2915,10.0,4.77,mw,46.0,144.0,11.079,0.59,us,us7000my69,2024-09-20T16:00:53.040Z,"18 km NE of Basmat, India",earthquake,10.94,1.891,0.102,28.0,reviewed,us,us,2024-07-10,43687,India,-1
2024-07-20 12:04:59.754000+00:00,33.456,76.6373,43.578,4.51,mw,25.0,144.0,2.82,0.31,us,us7000n0gq,2024-09-28T22:42:42.040Z,"23 km W of Padam, India",earthquake,10.65,8.969,0.15,12.0,reviewed,us,us,2024-07-20,43723,India,3
2024-07-27 15:24:26.026000+00:00,9.1069,92.742,36.503,4.77,mw,14.0,218.0,7.692,0.51,us,us6000njna,2024-10-08T21:49:15.005Z,"283 km S of Port Blair, India",earthquake,8.48,10.105,0.241,5.0,reviewed,us,us,2024-07-27,43690,India,1
2024-07-30 01:33:35.216000+00:00,13.2054,93.5461,47.094,4.85,mw,26.0,132.0,5.543,0.56,us,us7000n76l,2024-10-11T19:39:11.040Z,"189 km NNE of Bamboo Flat, India",earthquake,11.33,7.69,0.135,16.0,reviewed,us,us,2024-07-30,43643,India,1
2024-08-09 01:27:10.980000+00:00,27.1586,88.1937,35.0,4.85,mw,68.0,77.0,2.667,0.88,us,us6000nj06,2024-10-24T17:57:38.040Z,"5 km NW of Naya Bāzār, India",earthquake,8.52,1.557,0.053,108.0,reviewed,us,us,2024-08-09,43644,India,-1
2024-08-20 01:15:55.090000+00:00,34.1613,74.2677,14.076,5.37,mw,112.0,33.0,0.975,0.64,us,us7000n823,2024-11-02T21:28:28.040Z,"8 km SW of Bāramūla, India",earthquake,6.04,1.842,0.039,209.0,reviewed,us,us,2024-08-20,43562,India,3
2024-08-21 13:16:15.518000+00:00,11.3998,93.7376,117.226,4.68,mw,31.0,85.0,8.632,0.81,us,us7000ndja,2024-11-02T21:29:24.040Z,"112 km ESE of Port Blair, India",earthquake,8.87,8.218,0.126,18.0,reviewed,us,us,2024-08-21,43703,India,1
2024-08-21 16:45:24.944000+00:00,13.3206,93.1216,27.18,4.85,mw,40.0,53.0,5.924,0.99,us,us7000ndjh,2024-11-02T21:29:26.040Z,"184 km NNE of Bamboo Flat, India",earthquake,9.32,5.572,0.107,26.0,reviewed,us,us,2024-08-21,43637,India,1
2024-08-25 09:21:25.503000+00:00,10.2045,93.8221,10.0,5.03,mw,25.0,164.0,6.274,0.69,us,us7000n9ak,2024-11-02T21:29:03.040Z,"199 km SE of Port Blair, India",earthquake,11.64,1.915,0.159,12.0,reviewed,us,us,2024-08-25,43604,India,1
2024-08-28 03:55:42.946000+00:00,8.7146,93.8405,87.199,4.94,mw,38.0,64.0,3.115,0.95,us,us6000nn5y,2024-11-09T21:18:33.040Z,"Nicobar Islands, India region",earthquake,6.85,7.528,0.105,27.0,reviewed,us,us,2024-08-28,43627,India,1
2024-09-01 03:42:49.557000+00:00,8.1965,91.7229,10.0,5.2,mww,113.0,62.0,5.967,0.9,us,us6000nnzf,2024-11-09T21:18:59.040Z,"Nicobar Islands, India region",earthquake,6.83,1.68,0.069,20.0,reviewed,us,us,2024-09-01,43603,India,1
2024-09-13 09:22:52.460000+00:00,11.6903,95.0031,10.0,5.03,mw,74.0,43.0,2.213,0.47,us,us7000ndh5,2024-11-21T22:58:56.040Z,"246 km E of Port Blair, India",earthquake,7.01,1.841,0.073,58.0,reviewed,us,us,2024-09-13,43611,India,1
2024-09-14 10:56:45.207000+00:00,6.185,92.1763,10.0,5.2,mw,67.0,74.0,4.841,0.79,us,us7000nds7,2024-11-21T22:58:57.040Z,"Nicobar Islands, India region",earthquake,9.34,1.863,0.067,69.0,reviewed,us,us,2024-09-14,43592,India,1
2024-09-17 04:22:57.909000+00:00,8.8806,90.5829,10.0,4.94,mw,35.0,103.0,9.729,0.72,us,us6000nt2g,2024-11-23T23:26:06.040Z,"Nicobar Islands, India region",earthquake,8.0,1.844,0.145,15.0,reviewed,us,us,2024-09-17,43635,India,-1
2024-09-21 16:41:36.445000+00:00,10.5828,91.6213,10.0,5.2,mw,130.0,35.0,7.49,0.66,us,us6000nti2,2024-11-23T23:26:36.040Z,"171 km SW of Port Blair, India",earthquake,8.52,1.747,0.054,114.0,reviewed,us,us,2024-09-21,43582,India,1
2024-09-23 19:03:59.562000+00:00,20.7407,89.4934,10.0,4.6,mw,29.0,171.0,8.009,0.83,us,us7000nguk,2024-12-06T19:30:17.040Z,"173 km SSE of Gosāba, India",earthquake,8.87,1.785,0.121,19.0,reviewed,us,us,2024-09-23,43712,India,-1
2024-09-24 09:24:24.060000+00:00,12.6154,93.5592,86.076,4.94,mw,75.0,67.0,5.691,0.36,us,us6000nu1i,2024-12-06T19:30:13.040Z,"136 km NE of Bamboo Flat, India",earthquake,10.11,6.557,0.071,60.0,reviewed,us,us,2024-09-24,43631,India,1
2024-09-26 11:00:47.109000+00:00,25.9261,92.5119,10.0,4.68,mw,31.0,146.0,5.191,1.2,us,us7000ngj5,2025-09-14T11:32:14.211Z,"34 km S of Rahā, India",earthquake,13.69,1.914,0.107,25.0,reviewed,us,us,2024-09-26,43698,India,2
2024-09-29 08:39:06.984000+00:00,10.1076,92.9732,78.618,4.68,mw,24.0,145.0,1.555,0.57,us,us6000p02u,2024-12-06T19:30:14.040Z,"174 km S of Port Blair, India",earthquake,13.02,8.111,0.126,18.0,reviewed,us,us,2024-09-29,43695,India,1
2024-09-30 08:06:58.239000+00:00,21.343,77.2016,10.0,4.77,mw,44.0,118.0,9.762,0.41,us,us7000nmel,2024-12-14T14:51:04.040Z,"22 km NNW of Anjangaon, India",earthquake,11.38,1.918,0.098,32.0,reviewed,us,us,2024-09-30,43692,India,-1
2024-10-02 09:12:03.300000+00:00,24.4783,94.5004,111.078,4.77,mw,26.0,94.0,3.28,0.5,us,us7000nmmz,2024-12-14T14:51:15.040Z,"45 km ESE of Wāngjing, India",earthquake,8.68,9.114,0.114,22.0,reviewed,us,us,2024-10-02,43689,India,2
2024-10-07 03:12:19.394000+00:00,9.257,93.9723,9.961,4.6,mw,13.0,257.0,6.549,0.26,us,us7000nn60,2024-12-23T15:47:37.040Z,"298 km SSE of Port Blair, India",earthquake,19.72,8.448,0.187,8.0,reviewed,us,us,2024-10-07,43719,India,1
2024-10-10 01:10:38.951000+00:00,12.2283,93.8736,156.02,4.6,mw,34.0,91.0,1.243,1.03,us,us6000nxqc,2024-12-23T15:46:28.040Z,"137 km ENE of Port Blair, India",earthquake,8.41,8.508,0.121,19.0,reviewed,us,us,2024-10-10,43710,India,1
2024-10-13 02:17:29.478000+00:00,26.7107,92.2692,10.0,4.77,mw,35.0,74.0,6.316,0.62,us,us6000nyde,2025-01-24T02:12:44.006Z,"17 km ESE of Udalguri, India",earthquake,12.45,1.929,0.092,34.0,reviewed,us,us,2024-10-13,43664,India,2
2024-10-20 10:00:01.194000+00:00,13.8634,92.8425,17.641,5.03,mw,24.0,102.0,6.114,1.06,us,us7000nqmm,2024-12-26T23:03:53.040Z,"239 km N of Bamboo Flat, India",earthquake,9.86,4.143,0.147,14.0,reviewed,us,us,2024-10-20,43615,India,1
2024-10-28 13:08:36.561000+00:00,27.8841,94.0163,10.0,5.03,mw,57.0,98.0,6.699,0.61,us,us7000nnml,2025-01-16T18:44:24.040Z,"36 km NNE of Ziro, India",earthquake,9.78,1.891,0.076,52.0,reviewed,us,us,2024-10-28,43604,India,-1
2024-11-12 10:42:41.806000+00:00,10.4607,92.691,35.0,4.77,mw,28.0,120.0,6.692,0.46,us,us7000nus8,2025-01-26T16:30:51.040Z,"133 km S of Port Blair, India",earthquake,10.61,1.946,0.13,22.0,reviewed,us,us,2024-11-12,43672,India,1
2024-11-14 09:37:05.117000+00:00,11.9804,92.8301,56.21,4.94,mw,26.0,96.0,6.58,0.27,us,us7000nuy3,2025-01-26T16:31:01.040Z,"33 km NNE of Bamboo Flat, India",earthquake,11.52,8.713,0.14,16.0,reviewed,us,us,2024-11-14,43628,India,1
2024-11-15 16:45:36.582000+00:00,23.6308,72.0385,10.0,4.51,mw,30.0,162.0,15.179,0.81,us,us7000nsad,2025-01-26T16:30:38.040Z,"11 km SW of Chānasma, India",earthquake,11.69,1.917,0.109,23.0,reviewed,us,us,2024-11-15,43721,India,-1
2024-11-17 18:39:54.444000+00:00,3.2614,88.6924,10.0,4.85,mw,29.0,65.0,8.46,0.65,us,us7000nvp4,2025-01-26T16:31:16.040Z,North Indian Ocean,earthquake,6.55,1.734,0.121,20.0,reviewed,us,us,2024-11-17,43638,North Indian Ocean,-1
2024-11-17 19:00:06.698000+00:00,35.9951,77.0783,10.0,4.6,mw,30.0,237.0,5.176,0.74,us,us7000nsb1,2025-01-26T16:30:40.040Z,"121 km NNE of Thang, India",earthquake,12.52,1.999,0.152,12.0,reviewed,us,us,2024-11-17,43712,India,-1
2024-11-18 06:27:31.689000+00:00,26.3299,96.0,123.626,4.43,mw,33.0,113.0,5.196,0.78,us,us7000nvux,2025-01-30T17:00:35.040Z,"82 km W of Sarupathar, India",earthquake,12.55,6.881,0.113,22.0,reviewed,us,us,2024-11-18,43727,India,2
2024-11-20 04:21:33.100000+00:00,12.4768,93.1336,74.037,5.03,mw,24.0,136.0,6.129,0.57,us,us7000nw5n,2025-01-30T17:00:36.040Z,"97 km NNE of Bamboo Flat, India",earthquake,13.7,8.209,0.126,19.0,reviewed,us,us,2024-11-20,43608,India,1
2024-11-23 17:35:06.040000+00:00,25.0441,92.7769,59.18,4.6,mw,47.0,111.0,4.298,0.86,us,us6000p7ad,2025-01-30T17:00:33.040Z,"24 km N of Silchar, India",earthquake,11.2,6.792,0.089,39.0,reviewed,us,us,2024-11-23,43710,India,2
2024-11-27 12:50:07.302000+00:00,24.6737,93.5219,57.065,4.68,mw,36.0,75.0,3.683,0.55,us,us7000nuhz,2025-02-02T00:52:31.040Z,"32 km NW of Moirāng, India",earthquake,9.84,5.834,0.109,24.0,reviewed,us,us,2024-11-27,43709,India,2
2024-11-28 01:52:59.710000+00:00,25.3723,94.8209,105.396,4.68,mw,35.0,109.0,4.148,0.66,us,us7000numd,2025-02-02T00:52:53.040Z,"45 km SE of Phek, India",earthquake,9.32,7.472,0.114,22.0,reviewed,us,us,2024-11-28,43692,India,2
2024-12-04 01:56:58.775000+00:00,18.4471,80.3296,10.0,5.28,mw,108.0,51.0,9.992,0.65,us,us7000nvs3,2025-02-15T18:29:21.040Z,"49 km NE of Mulugu, India",earthquake,7.19,1.862,0.059,92.0,reviewed,us,us,2024-12-04,43579,India,-1
2024-12-05 04:30:48.822000+00:00,11.1885,93.2077,81.873,4.68,mw,21.0,183.0,6.572,0.52,us,us7000nztg,2025-02-15T18:31:33.040Z,"72 km SE of Port Blair, India",earthquake,7.27,9.391,0.154,12.0,reviewed,us,us,2024-12-05,43693,India,1
2024-12-05 07:58:38.172000+00:00,12.3831,92.1816,10.0,4.77,mw,15.0,74.0,7.042,0.42,us,us7000nzth,2025-02-15T18:31:33.040Z,"95 km NW of Bamboo Flat, India",earthquake,10.36,1.952,0.241,5.0,reviewed,us,us,2024-12-05,43654,India,1
2024-12-07 17:08:36.129000+00:00,30.2844,80.3295,35.0,4.43,mw,38.0,118.0,4.99,0.88,us,us7000nwwm,2025-02-15T18:30:47.040Z,"51 km NNW of Dhārchula, India",earthquake,8.65,1.94,0.102,28.0,reviewed,us,us,2024-12-07,43725,India,3
2024-12-07 22:07:48.222000+00:00,29.4107,94.8752,37.112,4.85,mw,58.0,81.0,3.278,0.85,us,us7000nwya,2025-02-15T18:30:52.040Z,"109 km NNE of Shi Yomi, India",earthquake,7.9,8.05,0.087,39.0,reviewed,us,us,2024-12-07,43646,India,-1
2024-12-14 01:05:29.137000+00:00,25.9364,96.5936,10.0,4.77,mw,40.0,111.0,4.954,0.46,us,us7000nyrk,2025-02-18T20:02:58.040Z,"36 km SW of Sarupathar, India",earthquake,7.37,1.906,0.101,28.0,reviewed,us,us,2024-12-14,43657,India,2
2024-12-16 14:10:33.722000+00:00,25.6193,90.5843,10.0,4.68,mw,32.0,158.0,4.097,0.79,us,us7000nz9t,2025-02-27T17:30:50.040Z,"40 km ENE of Tura, India",earthquake,6.76,1.752,0.114,22.0,reviewed,us,us,2024-12-16,43702,India,2
2024-12-18 10:53:06.485000+00:00,34.2703,78.7475,10.0,4.77,mw,36.0,106.0,4.595,0.69,us,us7000nzs7,2025-02-27T17:30:52.040Z,"107 km E of Leh, India",earthquake,10.13,1.906,0.106,26.0,reviewed,us,us,2024-12-18,43651,India,-1
2024-12-20 15:42:43.959000+00:00,10.8051,95.5221,10.0,4.85,mw,18.0,89.0,4.5,0.83,us,us7000p0cq,2025-02-27T17:30:53.040Z,"Andaman Islands, India region",earthquake,7.51,1.869,0.139,19.0,reviewed,us,us,2024-12-20,43640,India,-1
2024-12-22 22:37:37.577000+00:00,29.1852,95.1793,10.0,4.43,mw,19.0,166.0,3.571,0.89,us,us7000p0t5,2025-02-27T17:30:55.040Z,"107 km NE of Shi Yomi, India",earthquake,13.41,1.947,0.13,16.0,reviewed,us,us,2024-12-22,43739,India,-1
2025-01-03 04:32:38.138000+00:00,24.9577,95.5118,154.635,5.28,mw,84.0,63.0,3.775,0.69,us,us6000phdf,2025-03-17T21:34:23.040Z,"128 km SE of Phek, India",earthquake,7.39,6.46,0.069,68.0,reviewed,us,us,2025-01-03,43572,India,2
2025-01-06 07:34:21.777000+00:00,26.7009,96.9229,10.0,4.85,mw,100.0,40.0,5.77,0.56,us,us6000pkn9,2025-03-17T21:34:53.040Z,"55 km NNE of Sarupathar, India",earthquake,8.43,1.863,0.06,81.0,reviewed,us,us,2025-01-06,43795,India,2
2025-01-20 05:57:10.327000+00:00,10.0412,91.6307,10.0,5.28,mw,114.0,85.0,7.114,0.46,us,us6000pl6c,2025-03-29T22:12:44.040Z,"217 km SW of Port Blair, India",earthquake,9.09,1.863,0.058,93.0,reviewed,us,us,2025-01-20,43758,India,1
2025-01-20 11:20:36.839000+00:00,7.4323,91.5683,10.0,5.3,mww,109.0,33.0,5.777,0.63,us,us6000pl7f,2025-03-29T22:12:44.040Z,"Nicobar Islands, India region",earthquake,6.85,1.731,0.093,11.0,reviewed,us,us,2025-01-20,43757,India,1
2025-01-20 18:39:46.595000+00:00,34.0562,78.5487,10.0,4.68,mw,49.0,95.0,5.544,0.71,us,us6000plaw,2025-03-29T22:12:44.040Z,"89 km E of Leh, India",earthquake,8.5,1.866,0.099,29.0,reviewed,us,us,2025-01-20,43837,India,-1
2025-01-21 07:04:00.391000+00:00,25.2695,91.2966,10.0,4.77,mw,54.0,97.0,4.419,0.86,us,us6000plds,2025-03-29T22:12:45.040Z,"27 km S of Nongstoin, India",earthquake,8.83,1.882,0.085,40.0,reviewed,us,us,2025-01-21,43827,India,2
2025-01-22 15:27:46.576000+00:00,24.6742,93.1241,35.0,4.77,mw,57.0,85.0,3.827,0.51,us,us6000pll1,2025-04-08T22:00:57.040Z,"17 km SE of Lakhipur, India",earthquake,10.18,1.933,0.083,42.0,reviewed,us,us,2025-01-22,43824,India,2
2025-01-22 17:12:37.363000+00:00,33.4365,75.8244,10.0,4.6,mw,30.0,165.0,5.016,0.61,us,us6000plmk,2025-04-08T22:00:57.040Z,"14 km NNE of Kishtwār, India",earthquake,10.96,1.936,0.153,12.0,reviewed,us,us,2025-01-22,43883,India,3
2025-01-31 09:40:38.181000+00:00,30.0361,94.1474,10.0,4.77,mw,48.0,60.0,2.644,0.69,us,us7000pc3s,2025-04-15T20:55:33.040Z,"168 km N of Shi Yomi, India",earthquake,5.93,1.877,0.089,36.0,reviewed,us,us,2025-01-31,43814,India,-1
2025-02-01 12:41:00.066000+00:00,23.9786,93.7854,58.87,4.85,mw,27.0,157.0,2.951,0.65,us,us7000pc5s,2025-04-15T20:55:33.040Z,"41 km SSE of Churāchāndpur, India",earthquake,13.11,9.315,0.131,17.0,reviewed,us,us,2025-02-01,43800,India,2
2025-02-10 15:45:17.514000+00:00,34.0791,77.9906,10.0,4.77,mw,36.0,142.0,7.342,0.48,us,us7000pcnh,2025-04-26T14:47:06.040Z,"38 km ESE of Leh, India",earthquake,6.26,1.927,0.117,21.0,reviewed,us,us,2025-02-10,43808,India,-1
2025-02-17 00:06:52.349000+00:00,28.5887,77.1025,10.0,4.6,mw,32.0,204.0,7.258,0.61,us,us7000pe5z,2025-07-22T14:18:57.743Z,"10 km SSE of Nāngloi Jāt, India",earthquake,7.96,1.946,0.128,17.0,reviewed,us,us,2025-02-17,43903,India,-1
2025-02-20 06:02:58.563000+00:00,25.7977,90.6738,10.0,4.68,mw,34.0,154.0,3.911,0.99,us,us7000pewd,2025-05-06T21:39:16.040Z,"42 km S of Goālpāra, India",earthquake,7.77,1.852,0.106,25.0,reviewed,us,us,2025-02-20,43877,India,2
2025-02-22 20:25:23.131000+00:00,13.2754,91.4476,10.0,4.77,mw,26.0,94.0,2.048,0.73,us,us6000pwme,2025-05-06T21:39:14.040Z,"222 km NW of Bamboo Flat, India",earthquake,7.85,1.899,0.156,12.0,reviewed,us,us,2025-02-22,43807,India,1
2025-02-25 00:40:20.779000+00:00,19.2977,88.4613,10.0,5.1,mww,130.0,95.0,6.35,0.85,us,us6000pv8n,2025-11-21T05:07:32.284Z,"224 km ESE of Parādīp Garh, India",earthquake,10.7,1.902,0.098,10.0,reviewed,us,us,2025-02-25,43777,India,-1
2025-02-26 20:55:36.821000+00:00,26.3002,92.3408,10.0,5.54,mw,117.0,71.0,3.556,0.66,us,us6000pvpc,2025-05-08T19:24:41.040Z,"5 km N of Morigaon, India",earthquake,9.24,1.771,0.034,284.0,reviewed,us,us,2025-02-26,43756,India,2
2025-02-28 10:05:45.867000+00:00,27.4538,92.6469,49.904,4.77,mw,60.0,95.0,2.609,0.54,us,us6000pw15,2025-05-08T19:24:42.040Z,"30 km NE of Bomdila, India",earthquake,7.99,6.961,0.075,52.0,reviewed,us,us,2025-02-28,43809,India,2
2025-03-05 05:36:35.568000+00:00,24.5491,94.6954,88.157,5.4,mww,133.0,43.0,3.334,0.7,us,us6000pwz6,2025-05-16T17:30:01.040Z,"64 km E of Wāngjing, India",earthquake,6.73,4.711,0.071,19.0,reviewed,us,us,2025-03-05,43756,India,2
2025-03-09 07:55:14.441000+00:00,24.9377,95.3301,133.124,4.68,mw,40.0,138.0,3.734,0.91,us,us6000pxru,2025-05-16T17:30:03.040Z,"116 km SE of Phek, India",earthquake,11.06,8.143,0.095,31.0,reviewed,us,us,2025-03-09,43836,India,2
2025-03-12 05:42:11.676000+00:00,6.9701,92.5548,23.0,6.0,mww,139.0,41.0,4.659,1.0,us,us6000py97,2025-05-17T19:19:56.040Z,"Nicobar Islands, India region",earthquake,7.33,1.798,0.062,25.0,reviewed,us,us,2025-03-12,43742,India,1
2025-03-13 21:20:05.314000+00:00,33.0503,76.6596,10.0,5.1,mww,107.0,44.0,5.607,0.56,us,us6000pyp3,2025-05-17T19:19:57.040Z,"50 km SSW of Padam, India",earthquake,7.35,1.811,0.127,6.0,reviewed,us,us,2025-03-13,43768,India,3
2025-03-14 00:31:26.002000+00:00,27.145,92.2691,10.0,4.6,mw,42.0,143.0,2.74,0.95,us,us6000pyqh,2025-05-17T19:19:57.040Z,"20 km SW of Bomdila, India",earthquake,7.53,1.917,0.085,39.0,reviewed,us,us,2025-03-14,43911,India,2
2025-03-19 03:38:19.177000+00:00,13.2595,93.5415,83.064,4.68,mw,21.0,102.0,1.774,0.55,us,us7000pn3v,2025-05-29T17:36:34.040Z,"194 km NNE of Bamboo Flat, India",earthquake,6.52,9.14,0.161,11.0,reviewed,us,us,2025-03-19,43854,India,1
2025-03-24 04:29:29.100000+00:00,10.1202,93.7118,10.0,5.1,mww,154.0,35.0,1.798,0.62,us,us7000pm5g,2025-05-29T17:36:30.040Z,"200 km SSE of Port Blair, India",earthquake,7.45,1.755,0.086,13.0,reviewed,us,us,2025-03-24,43767,India,1
2025-03-24 04:38:32.700000+00:00,29.1888,93.7471,10.0,4.6,mw,36.0,101.0,2.341,0.73,us,us6000q3p6,2025-05-29T17:36:25.040Z,"95 km NW of Shi Yomi, India",earthquake,8.66,1.917,0.117,20.0,reviewed,us,us,2025-03-24,43912,India,-1
2025-03-29 06:25:04.470000+00:00,27.2366,96.9662,10.0,4.77,mw,21.0,137.0,5.696,0.77,us,us6000q4rz,2025-06-06T21:12:22.040Z,"101 km SSE of Hayuliang, India",earthquake,5.56,1.954,0.138,15.0,reviewed,us,us,2025-03-29,43819,India,2
2025-04-01 12:08:32.333000+00:00,35.1682,77.1309,10.0,4.77,mw,41.0,122.0,5.993,0.36,us,us7000pp84,2025-06-06T21:12:29.040Z,"40 km NE of Thang, India",earthquake,9.85,1.909,0.105,26.0,reviewed,us,us,2025-04-01,43804,India,-1
2025-04-10 13:35:18.852000+00:00,35.9736,78.0063,85.564,4.77,mw,47.0,126.0,3.891,0.94,us,us6000q548,2025-06-14T18:26:39.040Z,"159 km NE of Thang, India",earthquake,10.73,6.239,0.086,39.0,reviewed,us,us,2025-04-10,43819,India,-1
2025-04-11 10:52:56.066000+00:00,24.043,91.3615,10.0,4.51,mw,22.0,92.0,4.331,0.96,us,us6000q5cs,2025-06-14T18:26:40.040Z,"23 km N of Rānīr Bāzār, India",earthquake,10.14,1.944,0.123,18.0,reviewed,us,us,2025-04-11,43912,India,2
2025-04-28 03:39:25.294000+00:00,13.0733,92.5283,10.0,4.94,mw,73.0,62.0,6.54,0.46,us,us7000pvhl,2025-07-11T15:46:22.040Z,"153 km N of Bamboo Flat, India",earthquake,9.06,1.859,0.07,61.0,reviewed,us,us,2025-04-28,43789,India,1
2025-05-21 14:21:16.769000+00:00,8.9268,93.8553,10.0,5.03,mw,47.0,77.0,4.786,0.62,us,us7000q0jb,2025-08-13T15:14:29.040Z,"Nicobar Islands, India region",earthquake,10.05,1.876,0.085,42.0,reviewed,us,us,2025-05-21,43787,India,1
2025-05-27 20:24:28.119000+00:00,24.4467,93.8427,49.996,5.1,mww,111.0,27.0,5.768,0.82,us,us6000qg9r,2025-08-13T15:14:25.040Z,"8 km SE of Moirāng, India",earthquake,8.05,5.034,0.073,18.0,reviewed,us,us,2025-05-27,43784,India,2
2025-06-16 09:14:03.334000+00:00,10.8873,93.5681,124.708,5.11,mw,96.0,64.0,1.112,0.88,us,us6000qkjz,2025-08-22T20:26:02.040Z,"124 km SE of Port Blair, India",earthquake,7.95,6.125,0.046,144.0,reviewed,us,us,2025-06-16,43758,India,1
2025-06-24 10:03:44.892000+00:00,9.5201,93.4167,10.0,4.85,mw,31.0,118.0,6.177,0.53,us,us7000qawb,2025-09-02T21:23:47.040Z,"248 km SSE of Port Blair, India",earthquake,7.82,1.772,0.121,20.0,reviewed,us,us,2025-06-24,43792,India,1
2025-06-25 01:33:28.230000+00:00,9.4363,93.8934,10.0,5.4,mww,150.0,45.0,5.162,0.94,us,us7000q8l7,2025-09-04T20:39:57.040Z,"276 km SSE of Port Blair, India",earthquake,8.45,1.844,0.083,14.0,reviewed,us,us,2025-06-25,43756,India,1
2025-06-25 16:13:43.675000+00:00,9.2702,94.3342,10.0,4.51,mw,15.0,183.0,4.779,1.16,us,us7000qb18,2025-09-04T20:40:04.040Z,"Nicobar Islands, India region",earthquake,10.26,1.94,0.185,8.0,reviewed,us,us,2025-06-25,43918,India,1
2025-07-01 21:29:15.203000+00:00,28.3833,97.3521,10.0,4.85,mw,21.0,137.0,9.265,0.45,us,us7000qc28,2025-09-04T20:40:07.040Z,"86 km ENE of Hayuliang, India",earthquake,7.98,1.913,0.145,14.0,reviewed,us,us,2025-07-01,43793,India,-1
2025-07-07 10:16:02.145000+00:00,9.3716,93.9749,10.0,5.37,mw,93.0,28.0,5.612,0.99,us,us7000qb4a,2025-09-12T16:23:10.040Z,"287 km SSE of Port Blair, India",earthquake,8.72,1.81,0.064,79.0,reviewed,us,us,2025-07-07,43927,India,1
2025-07-08 03:52:14.019000+00:00,26.5812,93.2884,10.0,4.6,mw,40.0,94.0,3.649,1.2,us,us7000qba0,2025-09-12T16:23:11.040Z,"31 km WSW of Bokākhāt, India",earthquake,10.89,1.926,0.1,28.0,reviewed,us,us,2025-07-08,44074,India,2
2025-07-10 03:34:48.870000+00:00,28.6735,76.6889,10.0,4.85,mw,75.0,101.0,7.627,0.77,us,us7000qbqu,2025-11-28T20:00:21.090Z,"8 km NNE of Jhajjar, India",earthquake,9.86,1.894,0.069,62.0,reviewed,us,us,2025-07-10,43993,India,-1
2025-07-11 00:26:07.414000+00:00,25.5376,95.3851,121.537,4.68,mw,35.0,112.0,4.333,0.68,us,us7000qby2,2025-11-28T20:46:21.190Z,"90 km E of Phek, India",earthquake,7.59,7.434,0.108,26.0,reviewed,us,us,2025-07-11,44023,India,2
2025-07-21 18:00:56.801000+00:00,11.0639,93.0478,92.727,4.85,mw,40.0,69.0,0.659,0.94,us,us6000qtz9,2025-10-03T18:41:23.040Z,"74 km SSE of Port Blair, India",earthquake,5.94,6.84,0.106,26.0,reviewed,us,us,2025-07-21,43982,India,1
2025-07-26 04:00:07.669000+00:00,32.9053,76.1506,10.0,4.6,mw,29.0,171.0,5.602,0.44,us,us6000qv9f,2025-10-11T20:57:16.040Z,"38 km N of Chamba, India",earthquake,8.73,1.94,0.141,14.0,reviewed,us,us,2025-07-26,44088,India,3
2025-07-27 09:13:10.017000+00:00,33.8262,79.4981,10.0,4.68,mw,47.0,124.0,6.24,0.94,us,us6000qz4u,2025-10-11T20:57:47.040Z,"180 km ESE of Leh, India",earthquake,10.96,1.928,0.103,27.0,reviewed,us,us,2025-07-27,44049,India,-1
2025-08-04 21:38:27.704000+00:00,13.9342,92.3481,10.0,4.6,mw,14.0,214.0,6.585,0.53,us,us7000qrdu,2025-10-17T22:51:42.040Z,"250 km N of Bamboo Flat, India",earthquake,8.19,1.963,0.215,6.0,reviewed,us,us,2025-08-04,44083,India,1
2025-08-18 06:39:32.542000+00:00,26.3136,92.7974,35.0,4.68,mw,43.0,146.0,3.685,0.64,us,us7000qvhh,2025-11-04T16:44:22.040Z,"29 km ENE of Rahā, India",earthquake,9.54,1.94,0.103,27.0,reviewed,us,us,2025-08-18,44025,India,2
2025-08-18 15:58:32.250000+00:00,32.3157,76.638,10.0,4.51,mw,47.0,163.0,6.289,0.94,us,us6000r1wg,2025-11-04T16:43:57.040Z,"23 km NNE of Pālampur, India",earthquake,9.93,1.92,0.103,26.0,reviewed,us,us,2025-08-18,44096,India,3
2025-09-03 13:52:50.487000+00:00,9.7118,93.6542,10.0,4.77,mw,46.0,121.0,5.522,0.42,us,us6000rd5j,2025-11-30T23:39:37.040Z,"237 km SSE of Port Blair, India",earthquake,8.8,1.911,0.102,28.0,reviewed,us,us,2025-09-03,44009,India,1
2025-09-14 02:54:00.585000+00:00,34.37,75.2787,10.0,4.51,mw,27.0,117.0,3.999,0.6,us,us6000rfds,2025-12-03T03:58:27.040Z,"39 km N of Pahlgām, India",earthquake,10.96,1.979,0.165,10.0,reviewed,us,us,2025-09-14,44095,India,-1
2025-09-14 11:11:51.373000+00:00,26.7097,92.2103,29.0,5.5,mww,215.0,20.0,3.132,0.81,us,us7000qw56,2025-12-03T03:58:30.040Z,"11 km ESE of Udalguri, India",earthquake,7.83,1.8,0.103,9.0,reviewed,us,us,2025-09-14,43924,India,2
2025-09-16 00:37:45.488000+00:00,27.3684,96.9813,10.0,4.51,mw,12.0,164.0,5.65,0.26,us,us6000rfty,2025-12-03T03:58:42.040Z,"89 km SSE of Hayuliang, India",earthquake,14.85,1.955,0.198,7.0,reviewed,us,us,2025-09-16,44094,India,2
2025-09-18 12:41:52.979000+00:00,12.2024,95.3077,10.0,5.11,mw,46.0,69.0,4.391,0.84,us,us7000qwyi,2025-12-06T16:00:19.040Z,"285 km ENE of Port Blair, India",earthquake,7.47,1.624,0.1,31.0,reviewed,us,us,2025-09-18,43952,India,1
2025-09-22 19:43:32.444000+00:00,36.3077,77.0619,10.0,4.77,mw,37.0,115.0,3.084,0.89,us,us6000rc5n,2025-12-06T16:00:08.040Z,"155 km N of Thang, India",earthquake,9.14,1.916,0.112,23.0,reviewed,us,us,2025-09-22,44001,India,-1
2025-09-30 00:40:03.656000+00:00,24.6798,94.7389,93.408,5.2,mw,80.0,49.0,5.602,0.94,us,us6000rdpe,2025-12-11T21:40:39.040Z,"69 km E of Wāngjing, India",earthquake,8.61,5.744,0.054,110.0,reviewed,us,us,2025-09-30,43938,India,2
2025-10-04 20:31:03.053000+00:00,10.575,92.8178,58.539,4.85,mw,26.0,89.0,9.825,0.7,us,us6000rj7d,2025-12-19T22:50:44.040Z,"120 km S of Port Blair, India",earthquake,13.3,5.629,0.14,16.0,reviewed,us,us,2025-10-04,43993,India,1
2025-10-14 14:00:07.728000+00:00,30.9115,77.3908,15.386,4.77,mw,39.0,119.0,7.829,0.82,us,us6000rlfx,2026-01-01T23:11:18.040Z,"10 km NE of Rājgarh, India",earthquake,14.28,4.824,0.108,25.0,reviewed,us,us,2025-10-14,44013,India,-1
2025-10-16 06:57:54.913000+00:00,24.7905,95.4782,191.422,5.11,mw,77.0,53.0,3.605,0.57,us,us6000rhhd,2026-01-09T15:38:37.040Z,"138 km SE of Phek, India",earthquake,8.16,6.283,0.069,65.0,reviewed,us,us,2025-10-16,43944,India,2
2025-10-16 22:10:23.971000+00:00,13.3577,92.5564,15.163,5.28,mw,89.0,65.0,4.921,0.85,us,us6000rhnm,2026-01-09T15:38:38.040Z,"184 km N of Bamboo Flat, India",earthquake,9.59,4.409,0.056,105.0,reviewed,us,us,2025-10-16,43928,India,1
2025-11-09 06:38:31.475000+00:00,12.4989,93.7511,132.652,5.4,mww,103.0,50.0,4.923,0.78,us,us6000rmdj,2026-01-29T22:05:30.040Z,"143 km NE of Port Blair, India",earthquake,8.62,5.589,0.05,39.0,reviewed,us,us,2025-11-09,43925,India,1
2025-11-10 20:16:45.573000+00:00,8.0905,91.8312,10.0,4.85,mw,40.0,171.0,5.822,0.94,us,us6000rmnf,2026-01-29T22:05:34.040Z,"Nicobar Islands, India region",earthquake,10.74,1.914,0.102,28.0,reviewed,us,us,2025-11-10,43997,India,1
2025-11-16 19:56:07.660000+00:00,35.7267,76.9374,10.0,4.85,mw,64.0,96.0,4.399,0.49,us,us6000rnmh,2026-02-10T15:55:11.040Z,"89 km N of Thang, India",earthquake,9.04,1.905,0.078,49.0,reviewed,us,us,2025-11-16,43995,India,-1
2025-11-30 04:57:07.984000+00:00,30.2518,79.4611,25.331,4.68,mw,22.0,177.0,9.893,0.78,us,us6000rvhu,2026-02-25T16:18:39.040Z,"19 km S of Pīpalkoti, India",earthquake,12.89,6.51,0.138,15.0,reviewed,us,us,2025-11-30,44025,India,3
2025-12-04 00:21:31.583000+00:00,35.2286,76.6052,10.0,4.6,mw,21.0,171.0,4.518,0.69,us,us7000rffd,2026-03-04T18:44:24.040Z,"37 km NNW of Thang, India",earthquake,8.87,1.974,0.159,11.0,reviewed,us,us,2025-12-04,44050,India,-1
2025-12-13 06:18:09.957000+00:00,10.9166,93.7806,167.634,4.6,mw,21.0,80.0,9.006,0.57,us,us6000rwg8,2026-03-10T22:18:45.040Z,"140 km SE of Port Blair, India",earthquake,15.46,9.262,0.137,15.0,reviewed,us,us,2025-12-13,44056,India,1
2025-12-18 00:34:32.270000+00:00,26.1352,97.1858,10.0,4.94,mw,81.0,91.0,5.306,0.52,us,us6000rvkv,2026-03-19T13:56:01.040Z,"38 km ESE of Sarupathar, India",earthquake,9.87,1.878,0.068,64.0,reviewed,us,us,2025-12-18,43966,India,2
2025-12-24 04:09:47.901000+00:00,12.6319,92.7492,35.0,5.11,mw,46.0,64.0,6.44,1.07,us,us7000rkiw,2026-04-01T22:48:00.040Z,"103 km N of Bamboo Flat, India",earthquake,12.1,1.911,0.087,41.0,reviewed,us,us,2025-12-24,43943,India,1
2025-12-25 23:00:05.553000+00:00,23.7096,70.4196,10.0,4.94,mw,61.0,75.0,13.02,0.69,us,us7000rktm,2026-04-01T22:48:11.040Z,"27 km WNW of Rāpar, India",earthquake,7.38,1.854,0.063,74.0,reviewed,us,us,2025-12-25,43966,India,-1
2025-12-26 16:10:19.195000+00:00,23.3943,82.5615,10.0,4.6,mw,28.0,159.0,9.911,1.15,us,us7000rkwm,2026-04-01T22:48:16.040Z,"14 km N of Baikunthpur, India",earthquake,12.41,1.936,0.115,21.0,reviewed,us,us,2025-12-26,44070,India,-1
2026-01-04 22:47:39.427000+00:00,26.3621,92.3991,41.098,5.45,mw,114.0,27.0,3.513,0.41,us,us7000rmhd,2026-04-07T22:11:54.040Z,"13 km NNE of Morigaon, India",earthquake,9.02,4.951,0.04,207.0,reviewed,us,us,2026-01-04,44105,India,2
2026-01-06 13:30:04.484000+00:00,10.4383,92.1484,10.0,4.68,mw,21.0,179.0,7.027,1.04,us,us6000s4jg,2026-04-07T22:11:46.040Z,"150 km SSW of Port Blair, India",earthquake,8.95,1.918,0.154,15.0,reviewed,us,us,2026-01-06,44237,India,1
2026-01-20 17:58:33.446000+00:00,35.4911,78.4072,10.0,4.85,mw,61.0,176.0,5.518,0.67,us,us6000s6mc,2026-04-18T14:46:37.040Z,"159 km ENE of Thang, India",earthquake,7.77,1.923,0.081,45.0,reviewed,us,us,2026-01-20,44227,India,-1
2026-01-21 21:43:05.761000+00:00,27.3134,96.9254,29.916,5.45,mw,187.0,29.0,5.629,0.61,us,us7000rr7m,2026-04-18T14:47:43.040Z,"92 km SSE of Hayuliang, India",earthquake,8.3,3.784,0.045,163.0,reviewed,us,us,2026-01-21,44107,India,2
2026-01-24 16:38:52.515000+00:00,25.964,90.6263,10.0,4.6,mw,39.0,156.0,3.751,0.86,us,us7000rrtz,2026-04-21T16:28:02.040Z,"23 km S of Goālpāra, India",earthquake,9.7,1.905,0.098,29.0,reviewed,us,us,2026-01-24,44254,India,2
2026-02-02 00:05:53.083000+00:00,33.9389,74.6227,10.0,5.11,mw,54.0,84.0,4.583,0.58,us,us6000s5we,2026-04-23T20:43:19.040Z,"15 km WNW of Tsrār Sharīf, India",earthquake,9.93,1.816,0.073,58.0,reviewed,us,us,2026-02-02,44155,India,3
2026-02-04 18:39:44.492000+00:00,24.7625,95.2248,132.44,4.85,mw,66.0,70.0,3.551,0.78,us,us6000s6h9,2026-04-23T20:43:23.040Z,"119 km E of Wāngjing, India",earthquake,11.79,6.958,0.077,49.0,reviewed,us,us,2026-02-04,44212,India,2
2026-02-23 05:02:10.879000+00:00,11.642,91.7328,10.0,5.11,mw,69.0,64.0,7.702,0.32,us,us6000sayu,2026-05-12T17:28:09.040Z,"107 km W of Bamboo Flat, India",earthquake,8.68,1.867,0.082,46.0,reviewed,us,us,2026-02-23,44170,India,1
2026-02-26 06:04:05.847000+00:00,27.2253,88.1573,10.0,5.11,mw,62.0,98.0,3.596,0.63,us,us7000s0ec,2026-05-15T22:02:27.040Z,"12 km SW of Gyalshing, India",earthquake,10.46,1.872,0.07,63.0,reviewed,us,us,2026-02-26,44136,India,-1
2026-03-10 06:16:59.995000+00:00,35.7749,77.1749,10.0,4.68,mw,50.0,158.0,5.571,0.81,us,us7000s3c2,2026-05-22T21:58:43.040Z,"100 km NNE of Thang, India",earthquake,11.01,1.966,0.091,34.0,reviewed,us,us,2026-03-10,44233,India,-1
2026-04-05 00:05:48.007000+00:00,6.2934,92.4536,10.0,4.43,mw,14.0,148.0,4.594,0.57,us,us6000sqcj,2026-06-20T17:05:26.040Z,"Nicobar Islands, India region",earthquake,13.09,1.961,0.196,7.0,reviewed,us,us,2026-04-05,44273,India,1
2026-04-07 08:48:27.692000+00:00,24.768,92.8187,10.0,5.2,mw,52.0,59.0,4.038,0.78,us,us6000sn6y,2026-06-20T17:05:19.040Z,"6 km SSE of Silchar, India",earthquake,8.86,1.862,0.065,73.0,reviewed,us,us,2026-04-07,44134,India,2
2026-04-08 22:13:51.268000+00:00,10.4649,93.722,10.0,4.94,mw,58.0,64.0,6.089,0.62,us,us6000snkz,2026-06-20T17:05:19.040Z,"170 km SE of Port Blair, India",earthquake,10.33,1.864,0.083,43.0,reviewed,us,us,2026-04-08,44198,India,1
2026-04-09 20:02:23.844000+00:00,25.1876,95.136,113.502,4.6,mw,57.0,114.0,3.968,0.6,us,us6000snr8,2026-06-24T16:34:29.040Z,"83 km SE of Phek, India",earthquake,7.2,8.161,0.085,39.0,reviewed,us,us,2026-04-09,44270,India,2
2026-04-10 03:36:01.376000+00:00,9.0424,94.003,10.0,4.68,mw,24.0,105.0,5.551,0.5,us,us6000srl9,2026-06-24T16:34:40.040Z,"Nicobar Islands, India region",earthquake,10.99,1.9,0.137,16.0,reviewed,us,us,2026-04-10,44252,India,1
2026-04-11 03:15:24.100000+00:00,19.4358,77.2433,10.0,4.85,mw,56.0,68.0,11.43,0.73,us,us6000sp95,2026-06-24T16:34:31.040Z,"14 km NE of Basmat, India",earthquake,11.69,1.864,0.081,45.0,reviewed,us,us,2026-04-11,44222,India,-1
2026-04-11 22:52:27.066000+00:00,33.0628,76.2039,10.0,4.94,mw,62.0,78.0,6.049,1.06,us,us6000spdm,2026-06-24T16:34:32.040Z,"46 km ENE of Bhadarwāh, India",earthquake,10.3,1.864,0.06,82.0,reviewed,us,us,2026-04-11,44199,India,3
2026-04-17 08:53:37.462000+00:00,26.4175,96.0185,112.016,4.68,mw,47.0,106.0,5.285,0.88,us,us6000sqr4,2026-07-03T01:38:00.040Z,"80 km SE of Khonsa, India",earthquake,8.47,6.128,0.094,32.0,reviewed,us,us,2026-04-17,44250,India,2
2026-04-21 00:29:35.307000+00:00,24.6319,94.6985,95.116,5.28,mw,98.0,20.0,3.416,0.71,us,us6000srqj,2026-07-03T01:38:38.040Z,"64 km E of Wāngjing, India",earthquake,9.52,5.153,0.044,164.0,reviewed,us,us,2026-04-21,44121,India,2
2026-05-01 03:12:50.564000+00:00,8.076,91.8795,10.0,5.11,mw,67.0,102.0,5.774,0.46,us,us7000shgu,2026-05-26T05:03:07.040Z,"Nicobar Islands, India region",earthquake,9.56,1.872,0.082,49.0,reviewed,us,us,2026-05-01,44158,India,1
2026-05-06 15:17:33.655000+00:00,28.8263,95.9696,10.0,4.94,mw,90.0,58.0,4.32,0.74,us,us6000svp7,2026-05-20T15:34:56.823Z,"100 km NW of Hayuliang, India",earthquake,8.0,1.864,0.067,65.0,reviewed,us,us,2026-05-06,44200,India,-1
2026-05-08 03:53:33.205000+00:00,10.1728,91.4911,10.0,4.94,mw,61.0,83.0,8.155,0.55,us,us6000sw5i,2026-06-02T03:17:09.040Z,"214 km SW of Port Blair, India",earthquake,9.8,1.886,0.08,47.0,reviewed,us,us,2026-05-08,44201,India,1
2026-05-09 09:10:05.675000+00:00,26.0613,89.8969,10.0,4.77,mw,40.0,161.0,3.788,1.07,us,us6000swg5,2026-05-20T06:04:40.040Z,"6 km WSW of Gauripur, India",earthquake,13.19,1.937,0.096,31.0,reviewed,us,us,2026-05-09,44230,India,2
2026-05-12 05:18:57.354000+00:00,6.9852,92.3567,10.0,5.2,mw,69.0,65.0,4.886,0.73,us,us6000sx36,2026-06-02T11:25:39.040Z,"Nicobar Islands, India region",earthquake,9.77,1.864,0.068,68.0,reviewed,us,us,2026-05-12,44125,India,1
2026-05-16 21:16:16.654000+00:00,13.0167,93.7021,96.882,5.03,mw,72.0,51.0,5.967,0.75,us,us6000sy9z,2026-05-31T23:52:37.040Z,"180 km NE of Bamboo Flat, India",earthquake,8.97,5.923,0.062,80.0,reviewed,us,us,2026-05-16,44196,India,1
2026-05-17 09:38:20.742000+00:00,11.0619,95.1269,10.0,4.94,mw,53.0,130.0,4.779,0.52,us,us6000syd2,2026-06-09T15:07:08.414Z,"268 km ESE of Port Blair, India",earthquake,8.57,1.882,0.087,39.0,reviewed,us,us,2026-05-17,44202,India,1
2026-05-29 12:22:53.455000+00:00,23.5653,93.6978,51.183,4.6,mw,38.0,123.0,2.605,0.74,us,us7000sp9a,2026-06-23T13:27:03.040Z,"61 km ENE of Khawhai, India",earthquake,10.41,4.051,0.113,22.0,reviewed,us,us,2026-05-29,44257,India,2
2026-05-31 15:03:32.086000+00:00,7.5739,91.812,10.0,4.85,mw,32.0,96.0,5.61,0.74,us,us7000spp6,2026-06-07T13:57:30.040Z,"Nicobar Islands, India region",earthquake,8.74,1.786,0.135,17.0,reviewed,us,us,2026-05-31,44202,India,1
2026-06-02 02:13:16.466000+00:00,13.8636,92.8447,10.0,4.85,mw,48.0,103.0,6.112,0.67,us,us7000sri5,2026-06-24T02:14:17.040Z,"239 km N of Bamboo Flat, India",earthquake,10.22,1.862,0.087,39.0,reviewed,us,us,2026-06-02,44208,India,1
2026-06-05 16:34:36.164000+00:00,32.405,76.5913,10.0,5.2,mw,58.0,98.0,6.781,0.96,us,us7000sqxa,2026-07-09T14:37:38.040Z,"32 km N of Pālampur, India",earthquake,9.23,1.886,0.055,106.0,reviewed,us,us,2026-06-05,44122,India,3
2026-06-18 15:29:24.907000+00:00,24.3478,94.0847,52.125,4.85,mw,42.0,131.0,3.22,0.9,us,us7000suc2,2026-06-28T18:49:51.040Z,"19 km SSE of Kakching, India",earthquake,11.55,7.646,0.088,38.0,reviewed,us,us,2026-06-18,44229,India,2
2026-06-21 00:52:54.610000+00:00,27.4598,92.0424,10.0,4.68,mw,40.0,129.0,9.759,0.97,us,us6000t8gi,2026-07-05T05:11:55.040Z,"17 km SE of Tawang, India",earthquake,12.41,1.929,0.105,26.0,reviewed,us,us,2026-06-21,44238,India,2
2026-06-28 15:51:09.984000+00:00,12.1405,93.5465,99.885,4.6,mw,20.0,144.0,6.113,0.44,us,us6000tagw,2026-07-06T21:30:37.040Z,"101 km ENE of Port Blair, India",earthquake,13.61,7.874,0.175,9.0,reviewed,us,us,2026-06-28,44293,India,1
2026-07-08 20:07:25.081000+00:00,19.2225,76.829,10.0,4.6,mw,24.0,133.0,11.348,0.81,us,us7000sz2t,2026-07-09T02:30:47.434Z,"7 km SE of Parbhani, India",earthquake,15.48,1.937,0.132,16.0,reviewed,us,us,2026-07-08,44294,India,-1
2026-07-11 23:35:45.479000+00:00,16.4995,84.5232,10.0,4.85,mw,27.0,73.0,8.941,0.79,us,us7000szsn,2026-07-12T02:52:34.346Z,"184 km SE of Yārāda, India",earthquake,11.7,1.904,0.136,16.0,reviewed,us,us,2026-07-11,44280,India,-1
2026-07-12 06:30:39.013000+00:00,25.5695,90.7428,10.0,4.68,mw,33.0,165.0,5.793,0.78,us,us7000sztw,2026-07-12T11:23:41.040Z,"52 km W of Nongstoin, India",earthquake,12.58,1.872,0.101,28.0,reviewed,us,us,2026-07-12,44290,India,2
