time,latitude,longitude,depth,mag,magType,nst,gap,dmin,rms,net,id,updated,place,type,horizontalError,depthError,magError,magNst,status,locationSource,magSource,Date,Day_Number,country,cluster
1905-09-29 11:52:08.890000+00:00,-8.277,127.465,35.0,7.16,mw,,,,,iscgem,iscgem16957874,2022-04-25T20:24:25.349Z,"58 km ENE of Lospalos, Timor Leste",earthquake,,25.0,0.38,,reviewed,iscgem,iscgem,1905-09-29,0,Timor Leste,1
1908-03-23 12:23:41.010000+00:00,-9.04,125.42,35.0,6.79,mw,,,,,iscgem,iscgem610643056,2022-04-25T20:41:58.466Z,"11 km WSW of Ainaro, Timor Leste",earthquake,,25.0,0.38,,reviewed,iscgem,iscgem,1908-03-23,906,Timor Leste,1
1909-05-30 21:01:15.680000+00:00,-7.899,129.508,15.0,6.72,mw,,,,,iscgemsup,iscgemsup16958036,2022-05-09T15:13:06.714Z,"284 km ENE of Lospalos, Timor Leste",earthquake,,25.0,0.88,,reviewed,iscgemsup,iscgemsup,1909-05-30,1339,Timor Leste,1
1923-03-28 04:28:30.050000+00:00,-8.376,124.019,35.0,6.57,mw,,,,,iscgem,iscgem911324,2022-04-25T23:35:05.421Z,"99 km NNW of Pante Makasar, Timor Leste",earthquake,,37.9,0.57,,reviewed,iscgem,iscgem,1923-03-28,6389,Timor Leste,1
1928-02-13 16:35:03.710000+00:00,-8.295,123.846,15.0,5.81,mw,,,,,iscgem,iscgem908495,2022-04-25T22:47:58.004Z,"116 km NNW of Pante Makasar, Timor Leste",earthquake,,37.9,0.2,,reviewed,iscgem,iscgem,1928-02-13,8172,Timor Leste,1
1928-05-22 13:23:06.550000+00:00,-8.931,127.685,15.0,5.62,mw,,,,,iscgem,iscgem908688,2022-04-25T22:52:54.184Z,"88 km ESE of Lospalos, Timor Leste",earthquake,,25.0,0.2,,reviewed,iscgem,iscgem,1928-05-22,8271,Timor Leste,1
1928-06-18 12:59:15.030000+00:00,-8.824,125.384,35.0,5.8,mw,,,,,iscgem,iscgem908748,2022-04-25T22:53:45.120Z,"12 km SSW of Gleno, Timor Leste",earthquake,,25.0,0.2,,reviewed,iscgem,iscgem,1928-06-18,8298,Timor Leste,1
1930-03-26 07:12:07.910000+00:00,-7.765,125.793,10.0,6.88,mw,,,,,iscgem,iscgem907286,2022-04-25T22:26:16.368Z,"84 km N of Metinaro, Timor Leste",earthquake,,25.0,0.43,,reviewed,iscgem,iscgem,1930-03-26,8944,Timor Leste,1
1931-01-19 12:24:12.070000+00:00,-7.363,126.634,15.0,5.89,mw,,,,,iscgem,iscgem906578,2022-04-25T22:11:59.875Z,"124 km N of Baukau, Timor Leste",earthquake,,25.0,0.2,,reviewed,iscgem,iscgem,1931-01-19,9243,Timor Leste,1
1936-02-27 10:03:56.300000+00:00,-7.535,127.1,25.0,6.41,mw,,,,,iscgem,iscgem903490,2022-04-25T21:20:43.784Z,"109 km N of Lospalos, Timor Leste",earthquake,,12.5,0.27,,reviewed,iscgem,iscgem,1936-02-27,11108,Timor Leste,1
1937-12-25 01:09:57.900000+00:00,-7.839,127.082,25.0,5.93,mw,,,,,iscgem,iscgem903408,2022-04-25T21:08:09.350Z,"76 km N of Lospalos, Timor Leste",earthquake,,25.0,0.2,,reviewed,iscgem,iscgem,1937-12-25,11778,Timor Leste,1
1937-12-28 03:09:22.680000+00:00,-8.344,125.905,25.0,6.17,mw,,,,,iscgem,iscgem903413,2022-04-25T21:19:08.913Z,"22 km NNW of Manatutu, Timor Leste",earthquake,,25.0,0.22,,reviewed,iscgem,iscgem,1937-12-28,11775,Timor Leste,1
1939-10-07 20:43:03.180000+00:00,-6.668,128.469,15.0,6.15,mw,,,,,iscgem,iscgem902182,2022-04-25T20:49:54.120Z,"261 km NE of Lospalos, Timor Leste",earthquake,,18.5,0.2,,reviewed,iscgem,iscgem,1939-10-07,12426,Timor Leste,1
1940-06-11 08:42:14.180000+00:00,-8.237,125.338,25.0,6.09,mw,,,,,iscgem,iscgem901419,2022-04-26T19:35:29.336Z,"38 km N of Likisá, Timor Leste",earthquake,,10.4,0.2,,reviewed,iscgem,iscgem,1940-06-11,12674,Timor Leste,1
1941-09-14 13:33:21.470000+00:00,-7.15,126.124,25.0,5.94,mw,,,,,iscgem,iscgem901000,2022-04-26T19:30:05.111Z,"151 km N of Manatutu, Timor Leste",earthquake,,26.0,0.2,,reviewed,iscgem,iscgem,1941-09-14,13134,Timor Leste,1
1951-03-09 19:44:23.900000+00:00,-8.931,124.027,35.0,6.71,mw,,,,,iscgem,iscgem894164,2022-04-26T18:13:23.468Z,"49 km NW of Pante Makasar, Timor Leste",earthquake,,6.0,0.23,,reviewed,iscgem,iscgem,1951-03-09,16597,Timor Leste,1
1952-02-14 03:38:17.380000+00:00,-7.78,126.493,25.0,7.02,mw,,,,,iscgem,iscgem892487,2022-04-26T17:59:49.158Z,"77 km N of Baukau, Timor Leste",earthquake,,25.0,0.29,,reviewed,iscgem,iscgem,1952-02-14,16939,Timor Leste,1
1953-06-25 10:45:05.420000+00:00,-8.552,123.897,25.0,6.84,mw,,,,,iscgem,iscgem17280592,2022-04-26T16:04:47.171Z,"89 km NW of Pante Makasar, Timor Leste",earthquake,,37.9,0.37,,reviewed,iscgem,iscgem,1953-06-25,17436,Timor Leste,1
1954-10-14 01:35:08.560000+00:00,-7.538,127.683,35.0,6.31,mw,,,,,iscgemsup,iscgemsup891164,2022-05-09T20:08:08.561Z,"132 km NE of Lospalos, Timor Leste",earthquake,,16.5,0.77,,reviewed,iscgemsup,iscgemsup,1954-10-14,17912,Timor Leste,1
1955-07-23 12:48:35.560000+00:00,-7.363,128.065,35.0,6.45,mw,,,,,iscgem,iscgem889778,2022-04-26T17:35:22.950Z,"173 km NE of Lospalos, Timor Leste",earthquake,,5.1,0.57,,reviewed,iscgem,iscgem,1955-07-23,18194,Timor Leste,1
1956-07-17 07:34:11.660000+00:00,-6.856,126.245,450.8,6.8,mw,,,,,iscgem,iscgem888489,2022-04-26T17:25:16.455Z,"180 km N of Baukau, Timor Leste",earthquake,,6.7,0.2,,reviewed,iscgem,iscgem,1956-07-17,18554,Timor Leste,1
1959-01-20 16:46:16.770000+00:00,-8.594,126.693,35.0,5.99,mw,,,,,iscgem,iscgem881234,2022-04-26T16:40:10.251Z,"29 km ESE of Baukau, Timor Leste",earthquake,,25.0,0.29,,reviewed,iscgem,iscgem,1959-01-20,19512,Timor Leste,1
1959-03-02 09:13:50.060000+00:00,-8.143,127.824,35.0,6.07,mw,,,,,iscgem,iscgem881512,2022-04-26T16:41:53.192Z,"100 km ENE of Lospalos, Timor Leste",earthquake,,25.0,0.25,,reviewed,iscgem,iscgem,1959-03-02,19471,Timor Leste,1
1962-05-15 05:23:49.090000+00:00,-7.351,128.218,30.2,7.1,mw,,,,,iscgem,iscgem874743,2022-04-26T16:09:50.749Z,"186 km NE of Lospalos, Timor Leste",earthquake,,3.7,0.2,,reviewed,iscgem,iscgem,1962-05-15,20682,Timor Leste,1
1963-02-14 07:04:46.560000+00:00,-7.403,128.286,220.0,6.61,mw,,,,,iscgem,iscgem17293345,2022-04-26T20:28:16.085Z,"188 km NE of Lospalos, Timor Leste",earthquake,,6.1,0.1,,reviewed,iscgem,iscgem,1963-02-14,20957,Timor Leste,1
1963-04-10 07:50:31.880000+00:00,-9.169,125.178,35.0,6.03,mw,,,,,iscgem,iscgem872130,2022-04-27T00:20:04.943Z,"18 km NNW of Suai, Timor Leste",earthquake,,25.0,0.2,,reviewed,iscgem,iscgem,1963-04-10,21012,Timor Leste,1
1964-03-21 03:42:19.980000+00:00,-6.441,127.892,357.8,6.77,mw,,,,,iscgem,iscgem869655,2022-04-27T00:12:46.936Z,"250 km NNE of Lospalos, Timor Leste",earthquake,,6.5,0.1,,reviewed,iscgem,iscgem,1964-03-21,21358,Timor Leste,1
1964-10-18 12:32:26.290000+00:00,-7.22,123.832,586.3,6.94,mw,,,,,iscgem,iscgem863666,2022-04-26T23:56:05.758Z,"215 km NW of Maubara, Timor Leste",earthquake,,6.8,0.1,,reviewed,iscgem,iscgem,1964-10-18,21569,Timor Leste,1
1965-02-18 22:39:48.390000+00:00,-7.251,126.715,35.0,5.92,mw,,,,,iscgem,iscgem860339,2022-04-26T23:47:37.778Z,"138 km NNE of Baukau, Timor Leste",earthquake,,25.0,0.33,,reviewed,iscgem,iscgem,1965-02-18,21692,Timor Leste,1
1965-05-31 11:38:30.060000+00:00,-7.515,128.583,47.3,5.9,mw,,,,,iscgem,iscgem857305,2025-12-19T18:16:10.771Z,"207 km ENE of Lospalos, Timor Leste",earthquake,,17.1,0.2,,reviewed,iscgem,iscgem,1965-05-31,21794,Timor Leste,1
1966-06-22 20:29:07.410000+00:00,-7.24,124.583,531.8,6.98,mw,,,,,iscgem,iscgem846755,2022-04-26T23:16:22.718Z,"166 km NNW of Maubara, Timor Leste",earthquake,,6.5,0.1,,reviewed,iscgem,iscgem,1966-06-22,22181,Timor Leste,1
1967-06-29 16:36:20.020000+00:00,-7.249,128.596,150.0,5.55,mw,,,,,iscgem,iscgem835041,2022-04-26T22:53:33.021Z,"225 km NE of Lospalos, Timor Leste",earthquake,,25.0,0.46,,reviewed,iscgem,iscgem,1967-06-29,22553,Timor Leste,1
1967-11-09 02:18:48.620000+00:00,-7.163,123.752,584.2,6.18,mw,,,,,iscgem,iscgem829200,2022-04-26T22:43:17.545Z,"226 km NW of Maubara, Timor Leste",earthquake,,7.6,0.1,,reviewed,iscgem,iscgem,1967-11-09,22686,Timor Leste,1
1968-01-14 12:25:11.780000+00:00,-7.552,127.871,116.0,5.98,mw,,,,,iscgemsup,iscgemsup827261,2022-05-09T19:21:00.897Z,"144 km NE of Lospalos, Timor Leste",earthquake,,5.2,1.1,,reviewed,iscgemsup,iscgemsup,1968-01-14,22752,Timor Leste,1
1968-07-17 05:24:15.820000+00:00,-8.614,124.999,13.4,5.9,mw,,,,,iscgem,iscgem819094,2025-12-19T19:14:34.094Z,"22 km W of Maubara, Timor Leste",earthquake,,3.8,0.2,,reviewed,iscgem,iscgem,1968-07-17,23009,Timor Leste,1
1968-09-27 03:58:58.530000+00:00,-6.909,129.083,150.6,6.05,mw,,,,,iscgem,iscgem817421,2022-04-26T22:22:46.342Z,"291 km NE of Lospalos, Timor Leste",earthquake,,5.2,0.39,,reviewed,iscgem,iscgem,1968-09-27,22937,Timor Leste,1
1969-02-11 22:16:13.050000+00:00,-6.784,126.581,430.5,7.22,mw,,,,,iscgem,iscgem812115,2022-04-26T22:12:00.903Z,"187 km N of Baukau, Timor Leste",earthquake,,6.6,0.1,,reviewed,iscgem,iscgem,1969-02-11,23146,Timor Leste,1
1969-09-29 16:19:59.930000+00:00,-7.195,128.747,131.0,5.79,mw,,,,,iscgem,iscgem804997,2022-04-26T21:58:18.002Z,"242 km NE of Lospalos, Timor Leste",earthquake,,5.3,0.47,,reviewed,iscgem,iscgem,1969-09-29,23376,Timor Leste,1
1970-06-17 07:57:56.560000+00:00,-7.539,128.62,55.0,5.53,mw,,,,,iscgem,iscgem794657,2022-04-26T21:37:59.027Z,"209 km ENE of Lospalos, Timor Leste",earthquake,,17.1,0.49,,reviewed,iscgem,iscgem,1970-06-17,23648,Timor Leste,1
1970-06-28 01:30:19.190000+00:00,-8.724,124.017,87.5,6.6,mw,,,,,iscgem,iscgem794912,2025-12-19T19:04:52.495Z,"66 km NW of Pante Makasar, Timor Leste",earthquake,,5.3,0.2,,reviewed,iscgem,iscgem,1970-06-28,23637,Timor Leste,1
1970-11-18 02:13:41.920000+00:00,-6.476,125.627,15.0,5.6,mw,,,,,iscgem,iscgem790300,2022-04-26T21:29:22.265Z,"227 km N of Metinaro, Timor Leste",earthquake,,15.3,0.2,,reviewed,iscgem,iscgem,1970-11-18,23791,Timor Leste,1
1971-08-08 16:37:20.030000+00:00,-7.132,129.129,183.1,5.65,mw,,,,,iscgem,iscgem781046,2022-04-26T21:07:59.543Z,"280 km ENE of Lospalos, Timor Leste",earthquake,,6.4,0.2,,reviewed,iscgem,iscgem,1971-08-08,24054,Timor Leste,1
1972-04-04 22:43:10.390000+00:00,-7.446,125.532,404.6,6.78,mw,,,,,iscgem,iscgem774129,2025-12-19T19:48:09.587Z,"122 km N of Metinaro, Timor Leste",earthquake,,6.8,0.1,,reviewed,iscgem,iscgem,1972-04-04,24294,Timor Leste,1
1972-06-08 07:55:20.580000+00:00,-7.278,126.684,325.0,5.6,mw,,,,,iscgem,iscgem772319,2022-04-26T20:47:51.393Z,"134 km N of Baukau, Timor Leste",earthquake,,25.0,0.34,,reviewed,iscgem,iscgem,1972-06-08,24359,Timor Leste,1
1972-10-18 18:18:24.300000+00:00,-8.513,124.863,14.5,5.9,mw,,,,,iscgem,iscgem768494,2025-12-19T19:43:29.810Z,"39 km WNW of Maubara, Timor Leste",earthquake,,4.5,0.2,,reviewed,iscgem,iscgem,1972-10-18,24491,Timor Leste,1
1973-02-18 03:45:11+00:00,-7.31,128.358,78.0,5.71,mw,,,,,us,usp00000jt,2014-11-06T23:21:09.079Z,"201 km NE of Lospalos, Timor Leste",earthquake,,,,,reviewed,us,us,1973-02-18,24614,Timor Leste,1
1973-06-17 11:43:01.500000+00:00,-6.909,129.134,154.0,5.62,mw,,,,,us,usp000027r,2014-11-06T23:21:13.374Z,"295 km NE of Lospalos, Timor Leste",earthquake,,,,,reviewed,us,us,1973-06-17,24733,Timor Leste,1
1973-07-27 01:29:13.500000+00:00,-8.028,128.962,33.0,5.45,mw,,,,,us,usp00002vk,2014-11-06T23:21:16.539Z,"223 km ENE of Lospalos, Timor Leste",earthquake,,,,,reviewed,us,us,1973-07-27,24773,Timor Leste,1
1973-08-24 09:07:42.900000+00:00,-9.54,124.996,33.0,4.77,mw,,,,,us,usp000036j,2014-11-06T23:21:18.233Z,"38 km SW of Suai, Timor Leste",earthquake,,,,,reviewed,us,us,1973-08-24,24807,Timor Leste,1
1973-08-30 05:40:15.400000+00:00,-7.554,128.276,159.0,5.11,mw,,,,,us,usp000039a,2014-11-06T23:21:19.613Z,"176 km NE of Lospalos, Timor Leste",earthquake,,,,,reviewed,us,us,1973-08-30,24801,Timor Leste,1
1973-10-28 06:16:01.200000+00:00,-7.26,129.378,73.0,5.11,mw,,,,,us,usp00003yy,2014-11-06T23:21:21.051Z,"297 km ENE of Lospalos, Timor Leste",earthquake,,,,,reviewed,us,us,1973-10-28,25014,Timor Leste,1
1973-11-23 03:41:26.200000+00:00,-8.408,127.937,160.0,5.03,mw,,,,,us,usp000048a,2014-11-06T23:21:21.510Z,"104 km E of Lospalos, Timor Leste",earthquake,,,,,reviewed,us,us,1973-11-23,25017,Timor Leste,1
1973-12-23 11:18:25.300000+00:00,-7.974,126.709,196.0,5.71,mw,,,,,us,usp00004mm,2022-03-10T00:36:23.249Z,"62 km NNE of Baukau, Timor Leste",earthquake,,,,,reviewed,us,us,1973-12-23,24922,Timor Leste,1
1974-01-13 13:20:51.100000+00:00,-7.421,127.145,20.0,5.71,mw,,,,,us,usp00004x8,2022-04-27T18:31:35.348Z,"122 km N of Lospalos, Timor Leste",earthquake,,,,,reviewed,us,us,1974-01-13,24943,Timor Leste,1
1974-01-23 03:19:49.700000+00:00,-7.036,124.749,545.0,5.54,mw,,,,,us,usp000050b,2014-11-06T23:21:22.505Z,"181 km NNW of Maubara, Timor Leste",earthquake,,,,,reviewed,us,us,1974-01-23,24953,Timor Leste,1
1974-01-29 18:57:13.100000+00:00,-7.422,128.578,154.0,5.9,mw,,,,,us,usp000052u,2022-05-09T19:13:26.966Z,"212 km NE of Lospalos, Timor Leste",earthquake,,,,,reviewed,us,us,1974-01-29,24892,Timor Leste,1
1974-02-19 01:23:49.200000+00:00,-8.978,123.946,33.0,6.25,mw,,,,,us,usp00005be,2022-04-27T18:29:10.745Z,"53 km WNW of Pante Makasar, Timor Leste",earthquake,,,,,reviewed,us,us,1974-02-19,24866,Timor Leste,1
1974-03-25 10:35:49.400000+00:00,-7.333,125.453,445.0,5.54,mw,,,,,us,usp00005rd,2014-11-06T23:21:23.459Z,"136 km NNW of Metinaro, Timor Leste",earthquake,,,,,reviewed,us,us,1974-03-25,24959,Timor Leste,1
1974-03-28 05:57:09.300000+00:00,-7.581,127.65,130.0,5.54,mw,,,,,us,usp00005sg,2014-11-06T23:21:23.494Z,"126 km NE of Lospalos, Timor Leste",earthquake,,,,,reviewed,us,us,1974-03-28,24980,Timor Leste,1
1974-04-27 18:05:41.100000+00:00,-7.749,128.714,191.0,4.94,mw,,,,,us,usp0000647,2014-11-06T23:21:23.965Z,"207 km ENE of Lospalos, Timor Leste",earthquake,,,,,reviewed,us,us,1974-04-27,25178,Timor Leste,1
1974-05-17 20:41:34.200000+00:00,-7.885,128.365,129.0,5.11,mw,,,,,us,usp00006dv,2014-11-06T23:21:24.283Z,"166 km ENE of Lospalos, Timor Leste",earthquake,,,,,reviewed,us,us,1974-05-17,25165,Timor Leste,1
1974-07-20 19:17:40.400000+00:00,-8.73,128.447,99.0,5.37,mw,,,,,us,usp0000786,2014-11-06T23:21:25.330Z,"161 km E of Lospalos, Timor Leste",earthquake,,,,,reviewed,us,us,1974-07-20,25141,Timor Leste,1
1974-07-30 22:21:36.500000+00:00,-8.987,123.818,33.0,5.54,mw,,,,,us,usp00007dd,2014-11-06T23:21:25.558Z,"66 km WNW of Pante Makasar, Timor Leste",earthquake,,,,,reviewed,us,us,1974-07-30,25131,Timor Leste,1
1974-08-23 04:50:34.600000+00:00,-7.49,127.505,136.0,6.05,mw,,,,,us,usp00007r2,2025-12-19T19:28:17.457Z,"127 km NNE of Lospalos, Timor Leste",earthquake,,,,,reviewed,us,us,1974-08-23,25047,Timor Leste,1
1974-09-01 05:11:30.200000+00:00,-7.32,128.974,176.0,5.11,mw,,,,,us,usp00007w2,2014-11-06T23:21:26.105Z,"255 km ENE of Lospalos, Timor Leste",earthquake,,,,,reviewed,us,us,1974-09-01,25174,Timor Leste,1
1974-09-05 13:55:50.500000+00:00,-7.253,128.32,94.0,5.76,mw,,,,,us,usp00007xu,2022-04-27T18:07:19.226Z,"202 km NE of Lospalos, Timor Leste",earthquake,,,,,reviewed,us,us,1974-09-05,25067,Timor Leste,1
1974-10-10 19:01:48.300000+00:00,-7.381,128.423,94.0,5.54,mw,,,,,us,usp00008bq,2014-11-06T23:21:26.773Z,"201 km NE of Lospalos, Timor Leste",earthquake,,,,,reviewed,us,us,1974-10-10,25225,Timor Leste,1
1974-10-22 08:28:53.100000+00:00,-8.16,128.576,155.0,4.94,mw,,,,,us,usp00008h6,2014-11-06T23:21:26.968Z,"178 km ENE of Lospalos, Timor Leste",earthquake,,,,,reviewed,us,us,1974-10-22,25350,Timor Leste,1
1974-10-24 08:26:07.800000+00:00,-7.571,123.792,270.0,5.37,mw,,,,,us,usp00008j6,2014-11-06T23:21:27.003Z,"191 km NNW of Pante Makasar, Timor Leste",earthquake,,,,,reviewed,us,us,1974-10-24,25241,Timor Leste,1
1974-11-07 03:50:47.200000+00:00,-7.173,127.501,224.0,5.2,mw,,,,,us,usp00008q4,2014-11-06T23:21:27.301Z,"159 km NNE of Lospalos, Timor Leste",earthquake,,,,,reviewed,us,us,1974-11-07,25329,Timor Leste,1
1975-02-01 16:18:50.800000+00:00,-7.571,127.934,33.0,4.85,mw,,,,,us,usp00009rp,2014-11-06T23:21:28.691Z,"147 km NE of Lospalos, Timor Leste",earthquake,,,,,reviewed,us,us,1975-02-01,25371,Timor Leste,1
1975-02-03 15:48:01.900000+00:00,-7.136,126.743,338.0,5.54,mw,,,,,us,usp00009se,2014-11-06T23:21:28.714Z,"151 km NNE of Baukau, Timor Leste",earthquake,,,,,reviewed,us,us,1975-02-03,25227,Timor Leste,1
1975-02-24 18:22:02.100000+00:00,-8.221,127.976,33.0,5.62,mw,,,,,us,usp0000a0u,2022-04-27T17:54:07.833Z,"112 km ENE of Lospalos, Timor Leste",earthquake,,,,,reviewed,us,us,1975-02-24,25213,Timor Leste,1
1975-03-17 10:49:01.700000+00:00,-6.957,124.616,538.0,5.28,mw,,,,,us,usp0000a97,2014-11-06T23:21:29.395Z,"194 km NNW of Maubara, Timor Leste",earthquake,,,,,reviewed,us,us,1975-03-17,25327,Timor Leste,1
1975-03-28 08:07:05.700000+00:00,-7.585,128.401,33.0,5.62,mw,,,,,us,usp0000adb,2014-11-06T23:21:29.533Z,"186 km NE of Lospalos, Timor Leste",earthquake,,,,,reviewed,us,us,1975-03-28,25382,Timor Leste,1
1975-05-22 20:50:03.400000+00:00,-7.599,127.439,146.0,5.54,mw,,,,,us,usp0000b4k,2014-11-06T23:21:30.403Z,"113 km NNE of Lospalos, Timor Leste",earthquake,,,,,reviewed,us,us,1975-05-22,25437,Timor Leste,1
1975-06-04 19:22:01+00:00,-6.661,125.702,526.0,5.2,mw,,,,,us,usp0000bat,2014-11-06T23:21:30.535Z,"206 km N of Metinaro, Timor Leste",earthquake,,,,,reviewed,us,us,1975-06-04,25483,Timor Leste,1
1975-06-18 02:53:08.900000+00:00,-7.87,124.761,11.0,5.54,mw,,,,,us,usp0000bmw,2014-11-06T23:21:30.926Z,"95 km NNW of Maubara, Timor Leste",earthquake,,,,,reviewed,us,us,1975-06-18,25450,Timor Leste,1
1975-07-07 18:02:25.600000+00:00,-7.477,124.929,363.0,4.68,mw,,,,,us,usp0000bxm,2014-11-06T23:21:31.133Z,"129 km NNW of Maubara, Timor Leste",earthquake,,,,,reviewed,us,us,1975-07-07,25544,Timor Leste,1
1975-09-06 14:08:51.700000+00:00,-9.081,124.071,42.0,5.28,mw,,,,,us,usp0000cqn,2014-11-06T23:21:31.878Z,"36 km WNW of Pante Makasar, Timor Leste",earthquake,,,,,reviewed,us,us,1975-09-06,25464,Timor Leste,1
1975-09-25 12:34:09.400000+00:00,-7.204,127.922,33.0,5.76,mw,,,,,us,usp0000cy1,2025-12-19T20:27:16.602Z,"177 km NE of Lospalos, Timor Leste",earthquake,,,,,reviewed,us,us,1975-09-25,25585,Timor Leste,1
1975-09-27 07:32:43.300000+00:00,-7.465,126.595,306.0,5.45,mw,,,,,us,usp0000cyp,2014-11-06T23:21:32.136Z,"112 km N of Baukau, Timor Leste",earthquake,,,,,reviewed,us,us,1975-09-27,25651,Timor Leste,1
1975-10-16 17:38:55.100000+00:00,-7.521,124.647,359.0,5.45,mw,,,,,us,usp0000d5d,2014-11-06T23:21:32.268Z,"135 km NNW of Maubara, Timor Leste",earthquake,,,,,reviewed,us,us,1975-10-16,25666,Timor Leste,1
1975-10-17 03:31:52.200000+00:00,-7.473,128.726,109.0,6.78,mw,,,,,us,usp0000d5n,2026-01-07T18:59:11.296Z,"222 km ENE of Lospalos, Timor Leste",earthquake,,,,,reviewed,us,us,1975-10-17,25563,Timor Leste,1
1975-11-16 14:30:00.200000+00:00,-6.989,129.194,136.0,5.54,mw,,,,,us,usp0000dm7,2014-11-06T23:21:32.721Z,"295 km NE of Lospalos, Timor Leste",earthquake,,,,,reviewed,us,us,1975-11-16,25634,Timor Leste,1
1975-12-05 14:27:19.800000+00:00,-6.285,124.755,576.0,5.9,mw,,,,,us,usp0000du7,2025-12-19T20:24:20.026Z,"262 km N of Maubara, Timor Leste",earthquake,,,,,reviewed,us,us,1975-12-05,25565,Timor Leste,1
1975-12-22 16:36:17.500000+00:00,-6.753,127.103,366.0,4.94,mw,,,,,us,usp0000e0p,2014-11-06T23:21:33.008Z,"195 km N of Lospalos, Timor Leste",earthquake,,,,,reviewed,us,us,1975-12-22,25728,Timor Leste,1
1975-12-25 06:21:53.100000+00:00,-7.32,125.474,497.0,5.9,mw,,,,,us,usp0000e1y,2014-11-06T23:21:33.033Z,"137 km NNW of Metinaro, Timor Leste",earthquake,,,,,reviewed,us,us,1975-12-25,25584,Timor Leste,1
1975-12-30 07:35:07.800000+00:00,-8.113,125.353,69.0,5.45,mw,,,,,us,usp0000e5t,2022-04-27T17:26:10.066Z,"52 km N of Likisá, Timor Leste",earthquake,,,,,reviewed,us,us,1975-12-30,25654,Timor Leste,1
1976-01-06 04:24:31.100000+00:00,-6.743,128.227,267.0,5.28,mw,,,,,us,usp0000eaa,2014-11-06T23:21:33.400Z,"238 km NE of Lospalos, Timor Leste",earthquake,,,,,reviewed,us,us,1976-01-06,25694,Timor Leste,1
1976-02-01 07:59:22.400000+00:00,-7.633,127.518,193.0,5.71,mw,,,,,us,usp0000ev2,2022-03-10T00:37:14.073Z,"113 km NNE of Lospalos, Timor Leste",earthquake,,,,,reviewed,us,us,1976-02-01,25615,Timor Leste,1
1976-02-03 10:45:58.100000+00:00,-7.059,123.743,611.0,5.45,mw,,,,,us,usp0000ewh,2025-12-19T20:22:13.173Z,"235 km NW of Maubara, Timor Leste",earthquake,,,,,reviewed,us,us,1976-02-03,25659,Timor Leste,1
1976-03-08 19:48:09+00:00,-8.632,123.589,33.0,5.45,mw,,,,,us,usp0000fc6,2014-11-06T23:21:34.307Z,"107 km NW of Pante Makasar, Timor Leste",earthquake,,,,,reviewed,us,us,1976-03-08,25692,Timor Leste,1
1976-05-22 16:03:08.100000+00:00,-7.704,127.67,171.0,5.11,mw,,,,,us,usp0000gfy,2014-11-06T23:21:35.376Z,"116 km NE of Lospalos, Timor Leste",earthquake,,,,,reviewed,us,us,1976-05-22,25865,Timor Leste,1
1976-07-08 16:58:00.700000+00:00,-8.005,125.388,67.0,5.2,mw,,,,,us,usp0000h7x,2014-11-06T23:21:36.116Z,"64 km NNW of Dili, Timor Leste",earthquake,,,,,reviewed,us,us,1976-07-08,25803,Timor Leste,1
1976-07-23 13:34:01.400000+00:00,-7.487,128.71,126.0,5.03,mw,,,,,us,usp0000hgb,2014-11-06T23:21:36.330Z,"220 km ENE of Lospalos, Timor Leste",earthquake,,,,,reviewed,us,us,1976-07-23,25866,Timor Leste,1
1976-07-24 01:31:19.700000+00:00,-7.247,129.015,158.0,5.2,mw,,,,,us,usp0000hgn,2014-11-06T23:21:36.336Z,"263 km ENE of Lospalos, Timor Leste",earthquake,,,,,reviewed,us,us,1976-07-24,25850,Timor Leste,1
1976-10-20 17:08:28.500000+00:00,-7.03,125.297,492.0,5.45,mw,,,,,us,usp0000jyv,2014-11-06T23:21:37.796Z,"171 km N of Dili, Timor Leste",earthquake,,,,,reviewed,us,us,1976-10-20,25958,Timor Leste,1
1976-10-22 01:54:11+00:00,-7.587,129.16,176.0,5.11,mw,,,,,us,usp0000jzm,2014-11-06T23:21:37.814Z,"259 km ENE of Lospalos, Timor Leste",earthquake,,,,,reviewed,us,us,1976-10-22,26045,Timor Leste,1
1976-10-24 02:14:50.700000+00:00,-8.646,127.875,31.0,5.28,mw,,,,,us,usp0000k0q,2014-11-06T23:21:37.841Z,"97 km E of Lospalos, Timor Leste",earthquake,,,,,reviewed,us,us,1976-10-24,26000,Timor Leste,1
1976-12-05 14:24:36.200000+00:00,-7.079,123.815,596.0,5.03,mw,,,,,us,usp0000kn1,2014-11-06T23:21:38.492Z,"228 km NW of Maubara, Timor Leste",earthquake,,,,,reviewed,us,us,1976-12-05,26084,Timor Leste,1
1977-01-19 15:58:32.700000+00:00,-10.52,125.747,33.0,5.03,mw,,,,,us,usp0000m8n,2014-11-06T23:21:39.400Z,"143 km SSE of Suai, Timor Leste",earthquake,,,,,reviewed,us,us,1977-01-19,26091,Timor Leste,-1
1977-02-20 06:45:46.900000+00:00,-7.112,129.097,186.0,5.62,mw,,,,,us,usp0000mn8,2014-11-06T23:21:39.925Z,"279 km NE of Lospalos, Timor Leste",earthquake,,,,,reviewed,us,us,1977-02-20,25956,Timor Leste,1
1977-02-27 10:24:56.800000+00:00,-7.358,128.485,175.0,5.11,mw,,,,,us,usp0000mrd,2014-11-06T23:21:40.007Z,"208 km NE of Lospalos, Timor Leste",earthquake,,,,,reviewed,us,us,1977-02-27,26077,Timor Leste,1
1977-03-06 12:47:18.300000+00:00,-8.295,123.601,39.0,6.52,mw,,,,,us,usp0000mty,2022-04-27T16:31:59.748Z,"132 km NW of Pante Makasar, Timor Leste",earthquake,,,,,reviewed,us,us,1977-03-06,25954,Timor Leste,1
1977-03-06 23:08:14.100000+00:00,-8.564,124.156,85.0,4.94,mw,,,,,us,usp0000mu1,2014-11-06T23:21:40.078Z,"74 km NNW of Pante Makasar, Timor Leste",earthquake,,,,,reviewed,us,us,1977-03-06,26097,Timor Leste,1
1977-03-12 09:23:58.900000+00:00,-6.455,128.147,331.0,5.03,mw,,,,,us,usp0000mw4,2014-11-06T23:21:40.134Z,"261 km NNE of Lospalos, Timor Leste",earthquake,,,,,reviewed,us,us,1977-03-12,26091,Timor Leste,1
1977-04-08 12:20:23.800000+00:00,-7.01,127.674,269.0,5.11,mw,,,,,us,usp0000na7,2014-11-06T23:21:40.739Z,"183 km NNE of Lospalos, Timor Leste",earthquake,,,,,reviewed,us,us,1977-04-08,26206,Timor Leste,1
1977-04-22 15:05:39.900000+00:00,-6.52,128.104,350.0,5.03,mw,,,,,us,usp0000njv,2014-11-06T23:21:41.352Z,"252 km NNE of Lospalos, Timor Leste",earthquake,,,,,reviewed,us,us,1977-04-22,26250,Timor Leste,1
1977-05-19 16:38:31.400000+00:00,-8.375,123.893,33.0,4.85,mw,,,,,us,usp0000nya,2014-11-06T23:21:41.996Z,"105 km NNW of Pante Makasar, Timor Leste",earthquake,,,,,reviewed,us,us,1977-05-19,26265,Timor Leste,1
1977-05-22 09:43:02+00:00,-8.394,127.428,33.0,4.77,mw,,,,,us,usp0000nzq,2014-11-06T23:21:42.053Z,"49 km ENE of Lospalos, Timor Leste",earthquake,,,,,reviewed,us,us,1977-05-22,26269,Timor Leste,1
1977-06-02 02:12:19.800000+00:00,-7.055,125.205,522.0,5.11,mw,,,,,us,usp0000p4b,2014-11-06T23:21:42.200Z,"170 km N of Likisá, Timor Leste",earthquake,,,,,reviewed,us,us,1977-06-02,26240,Timor Leste,1
1977-06-24 11:40:15.800000+00:00,-8.092,127.864,184.0,5.37,mw,,,,,us,usp0000pey,2014-11-06T23:21:42.681Z,"106 km ENE of Lospalos, Timor Leste",earthquake,,,,,reviewed,us,us,1977-06-24,26168,Timor Leste,1
1977-06-29 07:24:24.800000+00:00,-7.599,127.654,58.0,6.34,mw,,,,,us,usp0000pht,2025-12-19T20:11:35.037Z,"125 km NE of Lospalos, Timor Leste",earthquake,,,,,reviewed,us,us,1977-06-29,26138,Timor Leste,1
1977-08-02 23:51:48+00:00,-6.798,126.506,328.0,5.54,mw,,,,,us,usp0000pyv,2014-11-06T23:21:43.330Z,"185 km N of Baukau, Timor Leste",earthquake,,,,,reviewed,us,us,1977-08-02,26165,Timor Leste,1
1977-08-12 22:08:25+00:00,-7.377,128.998,198.0,5.37,mw,,,,,us,usp0000q2f,2014-11-06T23:21:43.472Z,"254 km ENE of Lospalos, Timor Leste",earthquake,,,,,reviewed,us,us,1977-08-12,26179,Timor Leste,1
1977-08-17 18:10:18.900000+00:00,-7.716,128.223,102.0,5.03,mw,,,,,us,usp0000q58,2014-11-06T23:21:43.569Z,"161 km ENE of Lospalos, Timor Leste",earthquake,,,,,reviewed,us,us,1977-08-17,26255,Timor Leste,1
1977-08-27 07:12:22.500000+00:00,-8.062,125.3,25.0,6.81,mw,,,,,us,usp0000qbn,2025-12-19T20:09:31.180Z,"58 km N of Likisá, Timor Leste",earthquake,,,,,reviewed,us,us,1977-08-27,26124,Timor Leste,1
1977-08-31 23:58:15+00:00,-8.72,125.641,43.0,5.11,mw,,,,,us,usp0000qeh,2014-11-06T23:21:43.865Z,"8 km E of Aileu, Timor Leste",earthquake,,,,,reviewed,us,us,1977-08-31,26201,Timor Leste,1
1977-09-24 19:50:32.300000+00:00,-7.317,128.547,155.0,5.54,mw,,,,,us,usp0000qss,2014-11-06T23:21:44.332Z,"216 km NE of Lospalos, Timor Leste",earthquake,,,,,reviewed,us,us,1977-09-24,26366,Timor Leste,1
1977-10-02 11:33:37.200000+00:00,-7.543,128.062,153.0,5.03,mw,,,,,us,usp0000qvq,2014-11-06T23:21:44.428Z,"159 km NE of Lospalos, Timor Leste",earthquake,,,,,reviewed,us,us,1977-10-02,26442,Timor Leste,1
1977-10-03 19:18:19.900000+00:00,-8.235,125.119,63.0,5.54,mw,,,,,us,usp0000qw8,2014-11-06T23:21:44.448Z,"42 km NNW of Maubara, Timor Leste",earthquake,,,,,reviewed,us,us,1977-10-03,26338,Timor Leste,1
1977-10-09 19:07:41.600000+00:00,-7.256,126.731,339.0,5.62,mw,,,,,us,usp0000qza,2025-12-19T20:06:22.739Z,"138 km NNE of Baukau, Timor Leste",earthquake,,,,,reviewed,us,us,1977-10-09,26308,Timor Leste,1
1977-11-03 16:15:13+00:00,-6.753,127.122,415.0,5.11,mw,,,,,us,usp0000rbx,2014-11-06T23:21:45.064Z,"196 km N of Lospalos, Timor Leste",earthquake,,,,,reviewed,us,us,1977-11-03,26406,Timor Leste,1
1977-11-08 15:30:04.500000+00:00,-6.533,128.19,361.0,5.37,mw,,,,,us,usp0000re4,2014-11-06T23:21:45.133Z,"256 km NNE of Lospalos, Timor Leste",earthquake,,,,,reviewed,us,us,1977-11-08,26399,Timor Leste,1
1977-12-06 14:25:08.200000+00:00,-6.069,125.183,548.0,5.11,mw,,,,,us,usp0000ryh,2014-11-06T23:21:45.842Z,"278 km N of Dili, Timor Leste",earthquake,,,,,reviewed,us,us,1977-12-06,26407,Timor Leste,1
1977-12-09 14:37:44.800000+00:00,-7.175,129.341,141.0,5.76,mw,,,,,us,usp0000rzx,2025-12-19T20:04:44.338Z,"298 km ENE of Lospalos, Timor Leste",earthquake,,,,,reviewed,us,us,1977-12-09,26301,Timor Leste,1
1977-12-21 16:52:54.500000+00:00,-8.497,123.532,142.0,5.03,mw,,,,,us,usp0000s68,2014-11-06T23:21:46.060Z,"121 km NW of Pante Makasar, Timor Leste",earthquake,,,,,reviewed,us,us,1977-12-21,26434,Timor Leste,1
1978-01-08 18:41:28.500000+00:00,-8.06,127.581,26.0,5.62,mw,,,,,us,usp0000sdm,2014-11-06T23:21:46.295Z,"82 km NE of Lospalos, Timor Leste",earthquake,,,,,reviewed,us,us,1978-01-08,26333,Timor Leste,1
1978-01-15 21:50:22.100000+00:00,-7.27,127.72,34.0,5.45,mw,,,,,us,usp0000shu,2014-11-06T23:21:46.563Z,"159 km NNE of Lospalos, Timor Leste",earthquake,,,,,reviewed,us,us,1978-01-15,26369,Timor Leste,1
1978-01-16 20:04:16.400000+00:00,-7.354,125.925,33.0,5.37,mw,,,,,us,usp0000sjj,2014-11-06T23:21:46.586Z,"128 km N of Manatutu, Timor Leste",earthquake,,,,,reviewed,us,us,1978-01-16,26381,Timor Leste,1
1978-02-12 03:34:29.100000+00:00,-8.665,124.047,106.0,6.05,mw,,,,,us,usp0000sxx,2022-04-27T15:55:33.976Z,"69 km NNW of Pante Makasar, Timor Leste",earthquake,,,,,reviewed,us,us,1978-02-12,26293,Timor Leste,1
1978-02-20 23:51:48.500000+00:00,-7.04,128.901,33.0,5.76,mw,,,,,us,usp0000t2p,2022-04-27T15:56:48.670Z,"266 km NE of Lospalos, Timor Leste",earthquake,,,,,reviewed,us,us,1978-02-20,26302,Timor Leste,1
1978-03-27 10:36:06+00:00,-8.583,125.103,69.0,6.19,mw,,,,,us,usp0000tsp,2025-12-19T20:03:10.879Z,"11 km WNW of Maubara, Timor Leste",earthquake,,,,,reviewed,us,us,1978-03-27,26477,Timor Leste,1
1978-03-27 21:07:09.400000+00:00,-9.896,125.479,33.0,5.03,mw,,,,,us,usp0000tt1,2014-11-06T23:21:48.142Z,"68 km SSE of Suai, Timor Leste",earthquake,,,,,reviewed,us,us,1978-03-27,26564,Timor Leste,1
1978-04-27 06:39:54.700000+00:00,-6.731,128.957,208.0,5.28,mw,,,,,us,usp0000u9z,2014-11-06T23:21:48.758Z,"293 km NE of Lospalos, Timor Leste",earthquake,,,,,reviewed,us,us,1978-04-27,26553,Timor Leste,1
1978-06-11 07:26:25.600000+00:00,-7.125,123.815,583.0,5.2,mw,,,,,us,usp0000uzr,2014-11-06T23:21:49.616Z,"224 km NW of Maubara, Timor Leste",earthquake,,,,,reviewed,us,us,1978-06-11,26557,Timor Leste,1
1978-06-15 13:30:45.600000+00:00,-7.293,128.884,155.0,6.05,mw,,,,,us,usp0000v2d,2022-04-27T15:36:52.932Z,"248 km ENE of Lospalos, Timor Leste",earthquake,,,,,reviewed,us,us,1978-06-15,26477,Timor Leste,1
1978-06-22 09:16:03.900000+00:00,-7.777,128.414,162.0,4.94,mw,,,,,us,usp0000v7x,2014-11-06T23:21:49.973Z,"176 km ENE of Lospalos, Timor Leste",earthquake,,,,,reviewed,us,us,1978-06-22,26618,Timor Leste,1
1978-08-15 17:10:56.700000+00:00,-8.069,125.514,33.0,5.76,mw,,,,,us,usp0000w2y,2022-04-27T15:29:38.248Z,"54 km N of Dili, Timor Leste",earthquake,,,,,reviewed,us,us,1978-08-15,26508,Timor Leste,1
1978-11-19 05:47:51.100000+00:00,-6.786,128.552,245.0,5.11,mw,,,,,us,usp0000xh5,2014-11-06T23:21:53.876Z,"257 km NE of Lospalos, Timor Leste",earthquake,,,,,reviewed,us,us,1978-11-19,26744,Timor Leste,1
1978-11-21 11:55:44.600000+00:00,-7.652,127.41,173.0,5.45,mw,,,,,us,usp0000xjb,2014-11-06T23:21:53.917Z,"106 km NNE of Lospalos, Timor Leste",earthquake,,,,,reviewed,us,us,1978-11-21,26714,Timor Leste,1
1978-11-29 12:17:04.300000+00:00,-7.157,126.016,466.0,5.28,mw,,,,,us,usp0000xnz,2014-11-06T23:21:54.159Z,"149 km N of Manatutu, Timor Leste",earthquake,,,,,reviewed,us,us,1978-11-29,26724,Timor Leste,1
1978-12-13 20:40:39.600000+00:00,-7.345,129.257,102.0,5.03,mw,,,,,us,usp0000xx5,2014-11-06T23:21:54.908Z,"280 km ENE of Lospalos, Timor Leste",earthquake,,,,,reviewed,us,us,1978-12-13,26771,Timor Leste,1
1978-12-19 05:52:49.300000+00:00,-9.083,124.319,71.0,4.77,mw,,,,,us,usp0000xzr,2014-11-06T23:21:54.995Z,"14 km NNW of Pante Makasar, Timor Leste",earthquake,,,,,reviewed,us,us,1978-12-19,26815,Timor Leste,1
1979-01-15 08:23:39.900000+00:00,-7.689,128.183,139.0,4.94,mw,,,,,us,usp0000yek,2014-11-06T23:21:55.825Z,"159 km NE of Lospalos, Timor Leste",earthquake,,,,,reviewed,us,us,1979-01-15,26778,Timor Leste,1
1979-01-20 05:15:45.900000+00:00,-7.379,128.485,156.0,5.45,mw,,,,,us,usp0000ygw,2014-11-06T23:21:55.906Z,"206 km NE of Lospalos, Timor Leste",earthquake,,,,,reviewed,us,us,1979-01-20,26716,Timor Leste,1
1979-01-22 09:25:13.900000+00:00,-7.884,127.849,167.0,5.03,mw,,,,,us,usp0000yhu,2014-11-06T23:21:55.938Z,"117 km NE of Lospalos, Timor Leste",earthquake,,,,,reviewed,us,us,1979-01-22,26776,Timor Leste,1
1979-02-28 05:26:14.200000+00:00,-6.384,127.856,407.0,5.28,mw,,,,,us,usp0000z1y,2014-11-06T23:21:57.515Z,"254 km NNE of Lospalos, Timor Leste",earthquake,,,,,reviewed,us,us,1979-02-28,26738,Timor Leste,1
1979-03-18 16:44:15.700000+00:00,-8.251,125.238,33.0,5.45,mw,,,,,us,usp0000zfw,2022-04-27T15:12:26.614Z,"38 km NNW of Likisá, Timor Leste",earthquake,,,,,reviewed,us,us,1979-03-18,26877,Timor Leste,1
1979-03-26 07:21:03.600000+00:00,-7.351,128.548,152.0,5.54,mw,,,,,us,usp0000zpe,2022-04-27T15:12:53.075Z,"214 km NE of Lospalos, Timor Leste",earthquake,,,,,reviewed,us,us,1979-03-26,26841,Timor Leste,1
1979-04-17 18:42:20.100000+00:00,-7.47,129.228,89.0,5.11,mw,,,,,us,usp000103n,2014-11-06T23:22:00.248Z,"271 km ENE of Lospalos, Timor Leste",earthquake,,,,,reviewed,us,us,1979-04-17,26955,Timor Leste,1
1979-04-21 20:55:05.300000+00:00,-6.636,128.673,263.0,5.54,mw,,,,,us,usp0001072,2014-11-06T23:22:00.387Z,"278 km NE of Lospalos, Timor Leste",earthquake,,,,,reviewed,us,us,1979-04-21,26863,Timor Leste,1
1979-04-25 04:43:37.400000+00:00,-7.56,126.892,205.0,4.94,mw,,,,,us,usp0001098,2014-11-06T23:22:00.474Z,"107 km N of Lospalos, Timor Leste",earthquake,,,,,reviewed,us,us,1979-04-25,26959,Timor Leste,1
1979-05-01 04:36:28.300000+00:00,-9.068,123.877,33.0,5.54,mw,,,,,us,usp00010d0,2014-11-06T23:22:00.806Z,"57 km WNW of Pante Makasar, Timor Leste",earthquake,,,,,reviewed,us,us,1979-05-01,26867,Timor Leste,1
1979-05-03 16:42:15.200000+00:00,-6.849,125.244,529.0,5.28,mw,,,,,us,usp00010dy,2014-11-06T23:22:00.842Z,"192 km N of Dili, Timor Leste",earthquake,,,,,reviewed,us,us,1979-05-03,26887,Timor Leste,1
1979-05-11 20:39:50.400000+00:00,-7.042,127.927,33.0,4.77,mw,,,,,us,usp00010k0,2014-11-06T23:22:01.110Z,"193 km NNE of Lospalos, Timor Leste",earthquake,,,,,reviewed,us,us,1979-05-11,26985,Timor Leste,1
1979-07-18 07:57:45.300000+00:00,-7.526,127.495,171.0,5.71,mw,,,,,us,usp00011x2,2025-12-19T22:04:54.541Z,"122 km NNE of Lospalos, Timor Leste",earthquake,,,,,reviewed,us,us,1979-07-18,26833,Timor Leste,1
1979-07-22 12:13:47.600000+00:00,-7.668,128.004,107.0,5.37,mw,,,,,us,usp0001205,2014-11-06T23:22:04.037Z,"145 km NE of Lospalos, Timor Leste",earthquake,,,,,reviewed,us,us,1979-07-22,26879,Timor Leste,1
1979-08-17 00:01:11.800000+00:00,-6.145,124.897,615.0,5.45,mw,,,,,us,usp00012fr,2014-11-06T23:22:04.837Z,"274 km N of Likisá, Timor Leste",earthquake,,,,,reviewed,us,us,1979-08-17,26871,Timor Leste,1
1979-09-17 05:18:55.900000+00:00,-7.279,125.812,470.0,4.94,mw,,,,,us,usp00012zr,2014-11-06T23:22:05.599Z,"138 km N of Manatutu, Timor Leste",earthquake,,,,,reviewed,us,us,1979-09-17,27102,Timor Leste,1
1979-09-25 11:13:09.400000+00:00,-6.872,128.657,241.0,5.11,mw,,,,,us,usp000134f,2014-11-06T23:22:05.791Z,"258 km NE of Lospalos, Timor Leste",earthquake,,,,,reviewed,us,us,1979-09-25,27072,Timor Leste,1
1979-09-28 17:25:45.700000+00:00,-7.378,125.095,508.0,4.68,mw,,,,,us,usp000135h,2014-11-06T23:22:05.834Z,"136 km NNW of Likisá, Timor Leste",earthquake,,,,,reviewed,us,us,1979-09-28,27138,Timor Leste,1
1979-10-04 19:41:18.700000+00:00,-7.416,128.304,144.0,5.76,mw,,,,,us,usp000138d,2025-12-19T22:02:44.271Z,"188 km NE of Lospalos, Timor Leste",earthquake,,,,,reviewed,us,us,1979-10-04,27016,Timor Leste,1
1979-10-27 17:53:19+00:00,-7.333,129.306,121.0,5.28,mw,,,,,us,usp00013r4,2014-11-06T23:22:06.953Z,"286 km ENE of Lospalos, Timor Leste",earthquake,,,,,reviewed,us,us,1979-10-27,27027,Timor Leste,1
1979-11-07 17:01:36.900000+00:00,-6.881,124.94,555.0,5.2,mw,,,,,us,usp00013w4,2014-11-06T23:22:07.158Z,"193 km N of Maubara, Timor Leste",earthquake,,,,,reviewed,us,us,1979-11-07,27033,Timor Leste,1
1979-11-12 14:12:41.100000+00:00,-7.565,127.812,188.0,5.2,mw,,,,,us,usp00013zg,2014-11-06T23:22:07.291Z,"138 km NE of Lospalos, Timor Leste",earthquake,,,,,reviewed,us,us,1979-11-12,27056,Timor Leste,1
1979-12-12 23:56:44.900000+00:00,-7.547,128.825,170.0,5.2,mw,,,,,us,usp00014fk,2014-11-06T23:22:08.137Z,"228 km ENE of Lospalos, Timor Leste",earthquake,,,,,reviewed,us,us,1979-12-12,27067,Timor Leste,1
1980-01-17 03:24:53.200000+00:00,-7.808,127.323,44.0,5.37,mw,,,,,us,usp000151j,2014-11-06T23:24:16.707Z,"86 km NNE of Lospalos, Timor Leste",earthquake,,,,,reviewed,us,us,1980-01-17,27024,Timor Leste,1
1980-02-21 10:50:58.700000+00:00,-6.745,127.388,425.0,4.43,mw,,,,,us,usp00015kb,2014-11-06T23:24:18.073Z,"201 km NNE of Lospalos, Timor Leste",earthquake,,,,,reviewed,us,us,1980-02-21,27173,Timor Leste,1
1980-04-13 16:53:38.700000+00:00,-7.342,126.908,291.0,5.37,mw,,,,,us,usp00016m7,2014-11-06T23:24:20.372Z,"130 km N of Lospalos, Timor Leste",earthquake,,,,,reviewed,us,us,1980-04-13,27278,Timor Leste,1
1980-05-03 19:43:34.200000+00:00,-7.723,126.143,299.0,4.68,mw,,,,,us,usp000171b,2014-11-06T23:24:21.370Z,"88 km N of Manatutu, Timor Leste",earthquake,,,,,reviewed,us,us,1980-05-03,27323,Timor Leste,1
1980-05-15 18:58:25.300000+00:00,-6.197,125.76,33.0,6.79,mw,,,,,us,usp000177y,2025-12-19T21:58:41.627Z,"257 km N of Manatutu, Timor Leste",earthquake,,,,,reviewed,us,us,1980-05-15,27225,Timor Leste,1
1980-05-17 05:59:06.200000+00:00,-8.234,125.239,55.0,5.62,mw,,,,,us,usp0001794,2026-01-07T19:22:07.216Z,"40 km NNW of Likisá, Timor Leste",earthquake,,,,,reviewed,us,us,1980-05-17,27259,Timor Leste,1
1980-05-26 11:59:05.800000+00:00,-9.337,126.001,33.0,5.2,mw,,,,,us,usp00017jn,2014-11-06T23:24:22.317Z,"53 km SE of Same, Timor Leste",earthquake,,,,,reviewed,us,us,1980-05-26,27280,Timor Leste,1
1980-06-05 10:35:49.800000+00:00,-8.996,124.448,45.0,4.85,mw,,,,,us,usp00017z1,2014-11-06T23:24:22.928Z,"23 km NNE of Pante Makasar, Timor Leste",earthquake,,,,,reviewed,us,us,1980-06-05,27289,Timor Leste,1
1980-06-07 05:45:05.800000+00:00,-6.865,124.858,573.0,5.2,mw,,,,,us,usp000180b,2014-11-06T23:24:22.986Z,"196 km N of Maubara, Timor Leste",earthquake,,,,,reviewed,us,us,1980-06-07,27284,Timor Leste,1
1980-06-11 08:10:07.500000+00:00,-6.888,125.38,532.0,6.05,mw,,,,,us,usp000184k,2022-04-28T01:34:23.486Z,"185 km NNW of Metinaro, Timor Leste",earthquake,,,,,reviewed,us,us,1980-06-11,27257,Timor Leste,1
1980-06-16 20:48:58.800000+00:00,-7.348,128.542,167.0,6.34,mw,,,,,us,usp000189a,2022-04-28T01:34:46.453Z,"214 km NE of Lospalos, Timor Leste",earthquake,,,,,reviewed,us,us,1980-06-16,27245,Timor Leste,1
1980-07-20 21:51:10.900000+00:00,-6.861,127.511,394.0,5.54,mw,,,,,us,usp0001903,2014-11-06T23:24:24.448Z,"192 km NNE of Lospalos, Timor Leste",earthquake,,,,,reviewed,us,us,1980-07-20,27268,Timor Leste,1
1980-07-28 06:27:09.200000+00:00,-7.95,128.384,102.0,4.6,mw,,,,,us,usp0001945,2014-11-06T23:24:24.851Z,"165 km ENE of Lospalos, Timor Leste",earthquake,,,,,reviewed,us,us,1980-07-28,27331,Timor Leste,1
1980-09-10 08:47:40.700000+00:00,-7.215,124.788,514.0,5.37,mw,,,,,us,usp00019rw,2014-11-06T23:24:25.918Z,"161 km NNW of Maubara, Timor Leste",earthquake,,,,,reviewed,us,us,1980-09-10,27405,Timor Leste,1
1980-09-28 15:26:30.900000+00:00,-7.543,128.63,162.0,5.45,mw,,,,,us,usp0001a0t,2014-11-06T23:24:26.214Z,"209 km ENE of Lospalos, Timor Leste",earthquake,,,,,reviewed,us,us,1980-09-28,27393,Timor Leste,1
1980-09-28 20:57:01.700000+00:00,-7.628,124.899,383.0,5.03,mw,,,,,us,usp0001a0y,2014-11-06T23:24:26.219Z,"113 km NNW of Maubara, Timor Leste",earthquake,,,,,reviewed,us,us,1980-09-28,27506,Timor Leste,1
1980-10-02 14:17:16.100000+00:00,-7.234,126.236,452.0,5.03,mw,,,,,us,usp0001a27,2014-11-06T23:24:26.262Z,"139 km N of Baukau, Timor Leste",earthquake,,,,,reviewed,us,us,1980-10-02,27513,Timor Leste,1
1980-10-10 11:53:48.900000+00:00,-7.416,129.307,151.0,5.45,mw,,,,,us,usp0001a5u,2014-11-06T23:24:26.541Z,"282 km ENE of Lospalos, Timor Leste",earthquake,,,,,reviewed,us,us,1980-10-10,27397,Timor Leste,1
1980-11-04 17:39:01.900000+00:00,-8.557,123.651,151.0,5.28,mw,,,,,us,usp0001anq,2014-11-06T23:24:27.074Z,"107 km NW of Pante Makasar, Timor Leste",earthquake,,,,,reviewed,us,us,1980-11-04,27430,Timor Leste,1
1980-12-29 11:23:09+00:00,-9.165,123.976,33.0,5.03,mw,,,,,us,usp0001bgz,2014-11-06T23:24:28.455Z,"44 km W of Pante Makasar, Timor Leste",earthquake,,,,,reviewed,us,us,1980-12-29,27515,Timor Leste,1
1981-01-19 02:07:10.800000+00:00,-8.497,124.779,33.0,6.52,mw,,,,,us,usp0001bt1,2025-12-19T21:53:52.662Z,"48 km WNW of Maubara, Timor Leste",earthquake,,,,,reviewed,us,us,1981-01-19,27375,Timor Leste,1
1981-01-26 11:26:22.700000+00:00,-8.412,127.66,33.0,5.28,mw,,,,,us,usp0001bwn,2014-11-06T23:24:28.844Z,"73 km E of Lospalos, Timor Leste",earthquake,,,,,reviewed,us,us,1981-01-26,27485,Timor Leste,1
1981-01-28 02:49:37.600000+00:00,-7.624,127.556,186.0,5.62,mw,,,,,us,usp0001bx9,2025-12-19T21:43:23.576Z,"116 km NNE of Lospalos, Timor Leste",earthquake,,,,,reviewed,us,us,1981-01-28,27393,Timor Leste,1
1981-03-04 15:42:55.280000+00:00,-7.257,129.396,135.0,5.62,mw,,,,1.3,us,usp0001cgw,2022-04-28T01:08:13.435Z,"299 km ENE of Lospalos, Timor Leste",earthquake,,7.0,,16.0,reviewed,us,us,1981-03-04,27550,Timor Leste,1
1981-03-24 10:41:29.240000+00:00,-7.693,127.096,238.7,4.94,mw,,,,1.5,us,usp0001cuz,2014-11-07T00:29:05.858Z,"92 km N of Lospalos, Timor Leste",earthquake,,14.9,,2.0,reviewed,us,us,1981-03-24,27702,Timor Leste,1
1981-04-23 00:31:44.300000+00:00,-7.955,123.821,214.8,5.28,mw,,,,1.2,us,usp0001da2,2014-11-07T00:29:17.372Z,"150 km NNW of Pante Makasar, Timor Leste",earthquake,,7.0,,9.0,reviewed,us,us,1981-04-23,27600,Timor Leste,1
1981-05-25 03:20:02.820000+00:00,-7.514,128.57,151.4,4.68,mw,,,,1.5,us,usp0001duy,2014-11-07T00:29:31.017Z,"206 km ENE of Lospalos, Timor Leste",earthquake,,18.3,,3.0,reviewed,us,us,1981-05-25,27702,Timor Leste,1
1981-06-19 02:50:45.100000+00:00,-7.578,127.672,177.6,5.45,mw,,,,0.8,us,usp0001e7z,2014-11-07T00:29:38.344Z,"128 km NE of Lospalos, Timor Leste",earthquake,,1.9,,18.0,reviewed,us,us,1981-06-19,27570,Timor Leste,1
1981-06-23 15:59:22.540000+00:00,-8.016,128.367,58.9,5.2,mw,,,,1.2,us,usp0001eac,2014-11-07T00:29:39.492Z,"160 km ENE of Lospalos, Timor Leste",earthquake,,12.0,,3.0,reviewed,us,us,1981-06-23,27661,Timor Leste,1
1981-06-27 17:55:32.580000+00:00,-7.342,128.928,174.6,5.28,mw,,,,1.1,us,usp0001ecd,2014-11-07T00:29:40.138Z,"249 km ENE of Lospalos, Timor Leste",earthquake,,5.8,,11.0,reviewed,us,us,1981-06-27,27632,Timor Leste,1
1981-08-01 22:40:57.350000+00:00,-8.187,127.814,182.4,5.2,mw,,,,1.0,us,usp0001f2f,2014-11-07T00:29:52.691Z,"97 km ENE of Lospalos, Timor Leste",earthquake,,12.1,,1.0,reviewed,us,us,1981-08-01,27665,Timor Leste,1
1981-08-03 00:21:21.400000+00:00,-6.527,127.116,430.8,5.28,mw,,,,1.1,us,usp0001f33,2014-11-07T00:29:53.034Z,"220 km N of Lospalos, Timor Leste",earthquake,,5.0,,17.0,reviewed,us,us,1981-08-03,27657,Timor Leste,1
1981-08-03 14:43:25.280000+00:00,-7.683,128.076,99.3,5.2,mw,,,,1.4,us,usp0001f3b,2014-11-07T00:29:53.207Z,"150 km NE of Lospalos, Timor Leste",earthquake,,15.2,,2.0,reviewed,us,us,1981-08-03,27700,Timor Leste,1
1981-08-22 12:50:10.260000+00:00,-9.527,125.061,69.5,4.85,mw,,,,1.5,us,usp0001fe4,2014-11-07T00:29:57.265Z,"31 km SW of Suai, Timor Leste",earthquake,,13.9,,2.0,reviewed,us,us,1981-08-22,27870,Timor Leste,1
1981-09-02 09:39:28+00:00,-7.844,128.65,33.0,5.11,mw,,,,1.1,us,usp0001fmr,2014-11-07T00:30:02.155Z,"196 km ENE of Lospalos, Timor Leste",earthquake,,,,5.0,reviewed,us,us,1981-09-02,27805,Timor Leste,1
1981-09-17 06:19:08.840000+00:00,-6.489,127.927,33.0,6.59,mw,,,,1.0,us,usp0001fxq,2025-12-19T21:48:37.207Z,"247 km NNE of Lospalos, Timor Leste",earthquake,,,,6.0,reviewed,us,us,1981-09-17,27721,Timor Leste,1
1981-10-14 15:10:59.730000+00:00,-7.047,125.22,529.4,5.37,mw,,,,0.7,us,usp0001gf7,2014-11-07T00:30:13.895Z,"170 km N of Likisá, Timor Leste",earthquake,,5.4,,5.0,reviewed,us,us,1981-10-14,27778,Timor Leste,1
1981-10-17 06:44:55.150000+00:00,-7.101,128.974,179.0,6.49,mw,,,,1.1,us,usp0001ggu,2022-04-28T00:51:16.503Z,"268 km NE of Lospalos, Timor Leste",earthquake,,,,31.0,reviewed,us,us,1981-10-17,27732,Timor Leste,1
1981-10-18 02:47:59.040000+00:00,-7.654,126.759,217.8,5.45,mw,,,,1.1,us,usp0001ghj,2014-11-07T00:30:14.543Z,"96 km NNE of Baukau, Timor Leste",earthquake,,8.3,,2.0,reviewed,us,us,1981-10-18,27778,Timor Leste,1
1981-10-18 17:50:24.620000+00:00,-9.008,124.15,111.4,4.94,mw,,,,1.1,us,usp0001gj2,2014-11-07T00:30:14.954Z,"33 km NW of Pante Makasar, Timor Leste",earthquake,,7.4,,4.0,reviewed,us,us,1981-10-18,27820,Timor Leste,1
1981-10-20 22:40:00.140000+00:00,-7.235,126.636,352.0,5.28,mw,,,,1.1,us,usp0001gkh,2014-11-07T00:30:15.177Z,"138 km N of Baukau, Timor Leste",earthquake,,5.8,,6.0,reviewed,us,us,1981-10-20,27780,Timor Leste,1
1981-11-12 12:36:37.250000+00:00,-8.438,123.762,187.8,4.68,mw,,,,1.0,us,usp0001gxj,2014-11-07T00:30:23.134Z,"108 km NW of Pante Makasar, Timor Leste",earthquake,,5.0,,1.0,reviewed,us,us,1981-11-12,27888,Timor Leste,1
1981-11-14 03:05:57.440000+00:00,-7.56,128.001,124.0,5.62,mw,,,,1.2,us,usp0001gyp,2014-11-07T00:30:23.429Z,"153 km NE of Lospalos, Timor Leste",earthquake,,,,22.0,reviewed,us,us,1981-11-14,27747,Timor Leste,1
1981-11-29 13:22:43.140000+00:00,-7.137,127.66,272.2,5.54,mw,,,,1.3,us,usp0001h6n,2014-11-07T00:30:25.731Z,"169 km NNE of Lospalos, Timor Leste",earthquake,,8.6,,3.0,reviewed,us,us,1981-11-29,27777,Timor Leste,1
1981-11-29 23:30:48.190000+00:00,-7.655,127.373,186.7,5.54,mw,,,,1.0,us,usp0001h6t,2014-11-07T00:30:25.764Z,"104 km NNE of Lospalos, Timor Leste",earthquake,,3.4,,14.0,reviewed,us,us,1981-11-29,27774,Timor Leste,1
1982-01-18 01:15:29.140000+00:00,-7.295,128.387,144.1,5.11,mw,,,,1.4,us,usp0001j32,2014-11-07T00:30:41.160Z,"204 km NE of Lospalos, Timor Leste",earthquake,,16.6,,2.0,reviewed,us,us,1982-01-18,27803,Timor Leste,1
1982-02-05 19:04:27.990000+00:00,-7.82,123.813,233.2,5.03,mw,,,,0.8,us,usp0001jgd,2014-11-07T00:30:49.128Z,"165 km NNW of Pante Makasar, Timor Leste",earthquake,,6.5,,1.0,reviewed,us,us,1982-02-05,27820,Timor Leste,1
1982-03-14 21:29:17.720000+00:00,-9.734,125.191,94.1,4.85,mw,,,,1.3,us,usp0001k4j,2014-11-07T00:31:00.189Z,"47 km S of Suai, Timor Leste",earthquake,,9.2,,2.0,reviewed,us,us,1982-03-14,28077,Timor Leste,1
1982-05-10 14:04:19.410000+00:00,-7.379,123.749,570.8,5.54,mw,,,,1.0,us,usp0001m7b,2025-12-19T21:41:35.408Z,"210 km NW of Maubara, Timor Leste",earthquake,,1.4,,36.0,reviewed,us,us,1982-05-10,27991,Timor Leste,1
1982-05-11 20:46:59.480000+00:00,-7.706,128.452,33.0,5.9,mw,,,,1.3,us,usp0001m87,2025-12-19T21:41:36.316Z,"183 km ENE of Lospalos, Timor Leste",earthquake,,,,32.0,reviewed,us,us,1982-05-11,27982,Timor Leste,1
1982-05-19 06:39:04+00:00,-7.263,128.801,158.2,5.28,mw,,,,1.1,us,usp0001mdv,2014-11-07T00:31:19.226Z,"242 km NE of Lospalos, Timor Leste",earthquake,,3.6,,8.0,reviewed,us,us,1982-05-19,28001,Timor Leste,1
1982-05-29 22:29:35.130000+00:00,-7.14,129.301,166.5,4.94,mw,,,,1.2,us,usp0001mk8,2014-11-07T00:31:20.690Z,"296 km ENE of Lospalos, Timor Leste",earthquake,,14.4,,2.0,reviewed,us,us,1982-05-29,28075,Timor Leste,1
1982-06-22 04:18:40.500000+00:00,-7.339,126.043,450.0,6.78,mw,,,,1.1,us,usp0001n2e,2022-04-28T00:35:41.443Z,"129 km N of Manatutu, Timor Leste",earthquake,,,,36.0,reviewed,us,us,1982-06-22,27925,Timor Leste,1
1982-07-16 22:36:03.550000+00:00,-7.648,124.894,372.6,5.2,mw,,,,1.2,us,usp0001nfd,2014-11-07T00:31:37.251Z,"112 km NNW of Maubara, Timor Leste",earthquake,,3.6,,16.0,reviewed,us,us,1982-07-16,28025,Timor Leste,1
1982-08-11 10:28:42.300000+00:00,-8.777,123.985,33.0,5.71,mw,,,,1.2,us,usp0001nyz,2020-08-26T22:09:13.611Z,"64 km NW of Pante Makasar, Timor Leste",earthquake,,,,7.0,reviewed,us,us,1982-08-11,27983,Timor Leste,1
1982-08-13 05:27:31.850000+00:00,-7.615,127.981,148.9,5.03,mw,,,,1.4,us,usp0001p0p,2014-11-07T00:31:46.178Z,"147 km NE of Lospalos, Timor Leste",earthquake,,8.7,,3.0,reviewed,us,us,1982-08-13,28049,Timor Leste,1
1982-08-25 14:04:33.250000+00:00,-6.559,128.855,245.9,5.62,mw,,,,1.2,us,usp0001p88,2014-11-07T00:31:47.456Z,"298 km NE of Lospalos, Timor Leste",earthquake,,6.9,,2.0,reviewed,us,us,1982-08-25,28111,Timor Leste,1
1982-09-16 12:27:38.590000+00:00,-7.303,127.062,307.5,5.28,mw,,,,1.2,us,usp0001pn8,2014-11-07T00:31:53.774Z,"134 km N of Lospalos, Timor Leste",earthquake,,6.4,,3.0,reviewed,us,us,1982-09-16,28160,Timor Leste,1
1982-09-24 22:19:00.460000+00:00,-7.443,128.171,33.0,5.2,mw,,,,1.4,us,usp0001pta,2014-11-07T00:31:54.667Z,"175 km NE of Lospalos, Timor Leste",earthquake,,,,5.0,reviewed,us,us,1982-09-24,28185,Timor Leste,1
1982-10-07 07:15:56.630000+00:00,-7.156,125.876,515.2,6.63,mw,,,,1.0,us,usp0001q2u,2022-04-28T00:23:12.641Z,"150 km N of Manatutu, Timor Leste",earthquake,,0.9,,42.0,reviewed,us,us,1982-10-07,28089,Timor Leste,1
1982-11-04 13:40:22.880000+00:00,-7.616,126.511,285.3,4.85,mw,,,,1.2,us,usp0001qq7,2014-11-07T00:32:09.035Z,"95 km N of Baukau, Timor Leste",earthquake,,5.5,,2.0,reviewed,us,us,1982-11-04,28253,Timor Leste,1
1982-11-07 12:29:15.410000+00:00,-7.4,129.239,142.8,5.11,mw,,,,1.4,us,usp0001qrz,2014-11-07T00:32:09.755Z,"276 km ENE of Lospalos, Timor Leste",earthquake,,9.8,,1.0,reviewed,us,us,1982-11-07,28232,Timor Leste,1
1982-11-29 13:32:25.580000+00:00,-7.546,127.683,115.2,5.28,mw,,,,1.4,us,usp0001r6m,2014-11-07T00:32:15.039Z,"131 km NE of Lospalos, Timor Leste",earthquake,,4.7,,4.0,reviewed,us,us,1982-11-29,28132,Timor Leste,1
1982-12-12 04:21:14.950000+00:00,-7.908,128.31,33.0,5.28,mw,,,,1.2,us,usp0001rd8,2014-11-07T00:32:19.746Z,"159 km ENE of Lospalos, Timor Leste",earthquake,,,,8.0,reviewed,us,us,1982-12-12,28163,Timor Leste,1
1982-12-18 21:11:36.250000+00:00,-6.827,125.134,557.0,5.03,mw,,,,1.1,us,usp0001rhf,2014-11-07T00:32:21.193Z,"196 km N of Likisá, Timor Leste",earthquake,,7.1,,3.0,reviewed,us,us,1982-12-18,28235,Timor Leste,1
1982-12-26 03:24:14.890000+00:00,-8.267,127.414,33.0,4.94,mw,,,,1.5,us,usp0001rra,2014-11-07T00:32:22.204Z,"53 km ENE of Lospalos, Timor Leste",earthquake,,,,2.0,reviewed,us,us,1982-12-26,28248,Timor Leste,1
1983-01-15 19:40:07.860000+00:00,-8.959,124.199,111.0,5.2,mw,,,,1.3,us,usp0001s8g,2014-11-07T00:32:29.511Z,"33 km NW of Pante Makasar, Timor Leste",earthquake,,9.2,,9.0,reviewed,us,us,1983-01-15,28198,Timor Leste,1
1983-01-18 17:42:04.100000+00:00,-6.829,128.096,308.0,4.68,mw,,,,1.2,us,usp0001sc8,2014-11-07T00:32:31.683Z,"222 km NNE of Lospalos, Timor Leste",earthquake,,6.3,,8.0,reviewed,us,us,1983-01-18,28255,Timor Leste,1
1983-01-31 05:32:20.640000+00:00,-7.344,128.724,175.0,5.45,mw,,,,1.1,us,usp0001srn,2025-12-19T21:35:10.054Z,"230 km NE of Lospalos, Timor Leste",earthquake,,2.8,,20.0,reviewed,us,us,1983-01-31,28119,Timor Leste,1
1983-02-05 03:06:58.050000+00:00,-8.319,128.377,33.0,5.11,mw,,,,1.0,us,usp0001suk,2014-11-07T00:32:38.188Z,"153 km E of Lospalos, Timor Leste",earthquake,,,,3.0,reviewed,us,us,1983-02-05,28204,Timor Leste,1
1983-02-07 16:56:33.790000+00:00,-7.03,129.004,181.9,5.11,mw,,,,1.1,us,usp0001sw6,2014-11-07T00:32:38.826Z,"275 km NE of Lospalos, Timor Leste",earthquake,,5.8,,5.0,reviewed,us,us,1983-02-07,28212,Timor Leste,1
1983-03-21 07:57:19.350000+00:00,-7.275,128.912,151.3,5.76,mw,,,,1.0,us,usp0001ttf,2022-04-28T00:10:41.592Z,"252 km ENE of Lospalos, Timor Leste",earthquake,,2.6,,20.0,reviewed,us,us,1983-03-21,28297,Timor Leste,1
1983-04-09 16:24:51.790000+00:00,-7.084,127.789,302.6,5.2,mw,,,,0.8,us,usp0001ua8,2014-11-07T00:32:58.219Z,"181 km NNE of Lospalos, Timor Leste",earthquake,,4.0,,2.0,reviewed,us,us,1983-04-09,28414,Timor Leste,1
1983-04-15 01:34:33.780000+00:00,-8.671,127.831,33.0,5.03,mw,,,,1.4,us,usp0001ufm,2014-11-07T00:32:59.092Z,"93 km E of Lospalos, Timor Leste",earthquake,,,,8.0,reviewed,us,us,1983-04-15,28437,Timor Leste,1
1983-05-06 16:40:11.510000+00:00,-6.663,127.78,404.1,4.68,mw,,,,1.2,us,usp0001v3t,2014-11-07T00:33:08.084Z,"222 km NNE of Lospalos, Timor Leste",earthquake,,6.2,,5.0,reviewed,us,us,1983-05-06,28438,Timor Leste,1
1983-05-10 06:13:10.870000+00:00,-7.957,127.14,96.9,5.28,mw,,,,0.9,us,usp0001v77,2014-11-07T00:33:09.204Z,"64 km NNE of Lospalos, Timor Leste",earthquake,,6.1,,6.0,reviewed,us,us,1983-05-10,28351,Timor Leste,1
1983-05-14 11:14:35.670000+00:00,-6.764,129.015,199.9,4.85,mw,,,,1.4,us,usp0001vb8,2014-11-07T00:33:10.434Z,"295 km NE of Lospalos, Timor Leste",earthquake,,10.8,,2.0,reviewed,us,us,1983-05-14,28437,Timor Leste,1
1983-06-05 00:43:13.710000+00:00,-7.565,127.594,178.8,5.45,mw,,,,0.9,us,usp0001vx5,2014-11-07T00:33:17.363Z,"124 km NNE of Lospalos, Timor Leste",earthquake,,2.3,,14.0,reviewed,us,us,1983-06-05,28316,Timor Leste,1
1983-07-16 11:25:12.250000+00:00,-7.73,126.653,175.8,5.45,mw,,,,1.0,us,usp0001wum,2014-11-07T00:33:29.266Z,"85 km NNE of Baukau, Timor Leste",earthquake,,2.8,,11.0,reviewed,us,us,1983-07-16,28322,Timor Leste,1
1983-07-21 11:59:04.370000+00:00,-7.565,129.481,33.0,5.28,mw,,,,0.4,us,usp0001wzs,2014-11-07T00:33:30.160Z,"293 km ENE of Lospalos, Timor Leste",earthquake,,,,1.0,reviewed,us,us,1983-07-21,28347,Timor Leste,1
1983-08-03 00:44:29.940000+00:00,-5.944,125.91,539.1,5.03,mw,,,,0.5,us,usp0001xa7,2014-11-07T00:33:34.995Z,"284 km N of Manatutu, Timor Leste",earthquake,,3.1,,6.0,reviewed,us,us,1983-08-03,28433,Timor Leste,1
1983-08-04 15:15:13.840000+00:00,-8.127,128.333,33.0,5.45,mw,,,,1.0,us,usp0001xb8,2022-04-27T23:52:31.357Z,"153 km ENE of Lospalos, Timor Leste",earthquake,,,,10.0,reviewed,us,us,1983-08-04,28343,Timor Leste,1
1983-08-08 07:48:04.070000+00:00,-6.642,125.41,532.9,5.11,mw,,,,0.2,us,usp0001xgh,2014-11-07T00:33:36.981Z,"211 km N of Metinaro, Timor Leste",earthquake,,3.3,,4.0,reviewed,us,us,1983-08-08,28419,Timor Leste,1
1983-08-08 12:00:59.400000+00:00,-7.558,124.996,409.5,5.11,mw,,,,0.9,us,usp0001xgs,2014-11-07T00:33:37.025Z,"118 km N of Maubara, Timor Leste",earthquake,,5.0,,5.0,reviewed,us,us,1983-08-08,28432,Timor Leste,1
1983-08-09 00:23:58.820000+00:00,-7.53,128.282,178.0,5.2,mw,,,,1.4,us,usp0001xhf,2014-11-07T00:33:37.132Z,"179 km NE of Lospalos, Timor Leste",earthquake,,9.1,,5.0,reviewed,us,us,1983-08-09,28373,Timor Leste,1
1983-08-17 16:41:38.400000+00:00,-8.631,123.944,33.0,5.45,mw,,,,1.3,us,usp0001xra,2014-11-07T00:33:38.873Z,"79 km NW of Pante Makasar, Timor Leste",earthquake,,,,3.0,reviewed,us,us,1983-08-17,28503,Timor Leste,1
1983-08-30 23:16:36.070000+00:00,-6.384,127.915,379.9,4.6,mw,,,,1.2,us,usp0001y27,2014-11-07T00:33:40.677Z,"257 km NNE of Lospalos, Timor Leste",earthquake,,6.1,,3.0,reviewed,us,us,1983-08-30,28607,Timor Leste,1
1983-09-17 16:25:39.280000+00:00,-8.178,128.044,33.0,5.03,mw,,,,1.5,us,usp0001yep,2014-11-07T00:33:49.279Z,"121 km ENE of Lospalos, Timor Leste",earthquake,,,,2.0,reviewed,us,us,1983-09-17,28547,Timor Leste,1
1983-10-13 05:02:41.510000+00:00,-6.38,125.26,571.6,5.54,mw,,,,0.9,us,usp0001yyk,2014-11-07T00:33:58.924Z,"243 km N of Dili, Timor Leste",earthquake,,1.7,,20.0,reviewed,us,us,1983-10-13,28503,Timor Leste,1
1983-10-13 15:23:19.180000+00:00,-7.856,123.594,242.1,4.68,mw,,,,1.0,us,usp0001yza,2014-11-07T00:33:59.338Z,"172 km NNW of Pante Makasar, Timor Leste",earthquake,,6.1,,4.0,reviewed,us,us,1983-10-13,28589,Timor Leste,1
1983-10-15 03:43:31.860000+00:00,-6.495,128.368,322.5,4.85,mw,,,,0.9,us,usp0001z0d,2014-11-07T00:33:59.557Z,"270 km NE of Lospalos, Timor Leste",earthquake,,8.7,,2.0,reviewed,us,us,1983-10-15,28584,Timor Leste,1
1983-11-19 10:13:45.180000+00:00,-6.869,126.771,414.3,4.68,mw,,,,1.1,us,usp0001zxp,2014-11-07T00:34:08.798Z,"181 km N of Baukau, Timor Leste",earthquake,,7.7,,3.0,reviewed,us,us,1983-11-19,28593,Timor Leste,1
1983-11-24 05:30:34.230000+00:00,-7.481,128.168,178.5,7.3,mw,,,,1.2,us,usp000200r,2022-04-27T23:45:57.945Z,"172 km NE of Lospalos, Timor Leste",earthquake,,2.2,,,reviewed,us,nc,1983-11-24,28446,Timor Leste,1
1983-11-24 08:28:55.300000+00:00,-8.482,127.733,33.0,5.28,mw,,,,1.3,us,usp000200x,2014-11-07T00:34:09.338Z,East Timor region,earthquake,,,,8.0,reviewed,us,us,1983-11-24,28545,Timor Leste,1
1983-11-26 18:24:39.850000+00:00,-7.086,128.744,165.8,4.94,mw,,,,1.5,us,usp0002037,2014-11-07T00:34:09.615Z,"249 km NE of Lospalos, Timor Leste",earthquake,,35.2,,1.0,reviewed,us,us,1983-11-26,28568,Timor Leste,1
1983-12-12 09:26:07+00:00,-7.583,127.288,136.9,6.4,mw,,,,1.1,us,usp00020eu,2022-04-27T23:40:39.228Z,"108 km NNE of Lospalos, Timor Leste",earthquake,,1.1,,,reviewed,us,nc,1983-12-12,28459,Timor Leste,1
1983-12-17 08:56:13.040000+00:00,-7.019,129.188,198.0,5.62,mw,,,,1.1,us,usp00020jq,2014-11-07T00:34:15.657Z,"293 km NE of Lospalos, Timor Leste",earthquake,,3.4,,17.0,reviewed,us,us,1983-12-17,28477,Timor Leste,1
1984-01-02 21:31:02.410000+00:00,-8.072,129.025,33.0,5.37,mw,,,,1.3,us,usp00020zy,2014-11-07T00:34:20.826Z,"228 km ENE of Lospalos, Timor Leste",earthquake,,,,8.0,reviewed,us,us,1984-01-02,28540,Timor Leste,1
1984-01-07 03:30:06.660000+00:00,-7.461,129.494,62.1,5.37,mw,,,,1.4,us,usp000212y,2022-04-27T23:37:44.014Z,"299 km ENE of Lospalos, Timor Leste",earthquake,,6.6,,7.0,reviewed,us,us,1984-01-07,28505,Timor Leste,1
1984-01-11 00:27:03.430000+00:00,-8.081,125.701,33.0,5.03,mw,,,,1.2,us,usp000214t,2014-11-07T00:34:22.435Z,"49 km N of Metinaro, Timor Leste",earthquake,,,,4.0,reviewed,us,us,1984-01-11,28563,Timor Leste,1
1984-01-25 23:09:13.700000+00:00,-9.618,127.682,33.0,5.11,mw,,,,1.4,us,usp00021jf,2014-11-07T00:34:24.227Z,"142 km SSE of Lospalos, Timor Leste",earthquake,,,,1.0,reviewed,us,us,1984-01-25,28545,Timor Leste,1
1984-02-10 13:32:50.520000+00:00,-6.95,125.093,518.9,4.94,mw,,,,0.9,us,usp00021vg,2014-11-07T00:34:29.766Z,"183 km N of Likisá, Timor Leste",earthquake,,5.6,,5.0,reviewed,us,us,1984-02-10,28776,Timor Leste,1
1984-02-21 16:15:14.080000+00:00,-7.096,128.616,258.5,4.68,mw,,,,0.6,us,usp000225n,2014-11-07T00:34:31.467Z,"238 km NE of Lospalos, Timor Leste",earthquake,,9.7,,1.0,reviewed,us,us,1984-02-21,28777,Timor Leste,1
1984-03-02 04:22:58.870000+00:00,-7.572,127.452,107.3,5.11,mw,,,,1.4,us,usp00022d5,2014-11-07T00:34:34.919Z,"116 km NNE of Lospalos, Timor Leste",earthquake,,10.0,,5.0,reviewed,us,us,1984-03-02,28716,Timor Leste,1
1984-03-13 12:22:01.900000+00:00,-7.192,129.16,167.8,5.2,mw,,,,1.3,us,usp00022mm,2025-12-19T21:25:23.005Z,"280 km ENE of Lospalos, Timor Leste",earthquake,,5.7,,,reviewed,us,hrv,1984-03-13,28685,Timor Leste,1
1984-03-26 04:22:53.280000+00:00,-7.637,127.834,164.9,4.94,mw,,,,1.2,us,usp0002309,2014-11-07T00:34:40.010Z,"134 km NE of Lospalos, Timor Leste",earthquake,,9.7,,3.0,reviewed,us,us,1984-03-26,28748,Timor Leste,1
1984-04-05 14:16:04.990000+00:00,-6.45,128.232,378.6,5.28,mw,,,,1.1,us,usp000239t,2014-11-07T00:34:44.259Z,"266 km NNE of Lospalos, Timor Leste",earthquake,,5.0,,3.0,reviewed,us,us,1984-04-05,28678,Timor Leste,1
1984-04-07 23:56:44.310000+00:00,-7.411,128.306,33.0,5.45,mw,,,,1.3,us,usp00023b5,2014-11-07T00:34:44.829Z,"189 km NE of Lospalos, Timor Leste",earthquake,,,,11.0,reviewed,us,us,1984-04-07,28668,Timor Leste,1
1984-04-12 04:20:05.830000+00:00,-7.134,127.18,378.2,4.94,mw,,,,0.5,us,usp00023fz,2014-11-07T00:34:45.641Z,"154 km N of Lospalos, Timor Leste",earthquake,,6.2,,2.0,reviewed,us,us,1984-04-12,28728,Timor Leste,1
1984-04-17 14:16:49.360000+00:00,-6.654,126.76,452.4,5.7,mw,,,,0.9,us,usp00023mj,2022-04-27T23:26:11.366Z,"204 km N of Baukau, Timor Leste",earthquake,,1.0,,,reviewed,us,hrv,1984-04-17,28623,Timor Leste,1
1984-05-06 12:14:28.800000+00:00,-8.567,127.53,33.0,5.54,mw,,,,1.3,us,usp0002462,2014-11-07T00:34:52.680Z,"58 km E of Lospalos, Timor Leste",earthquake,,,,9.0,reviewed,us,us,1984-05-06,28644,Timor Leste,1
1984-05-13 14:33:47.860000+00:00,-8.788,127.965,33.0,4.85,mw,,,,1.2,us,usp00024br,2014-11-07T00:34:54.223Z,"110 km ESE of Lospalos, Timor Leste",earthquake,,,,1.0,reviewed,us,us,1984-05-13,28777,Timor Leste,1
1984-05-16 02:43:37.680000+00:00,-9.049,124.558,97.8,5.03,mw,,,,1.7,us,usp00024du,2014-11-07T00:34:55.096Z,"25 km NE of Pante Makasar, Timor Leste",earthquake,,10.4,,6.0,reviewed,us,us,1984-05-16,28719,Timor Leste,1
1984-05-25 11:14:41.980000+00:00,-9.209,126.428,85.7,5.11,mw,,,,1.4,us,usp00024md,2014-11-07T00:34:56.154Z,"39 km S of Viqueque, Timor Leste",earthquake,,11.0,,6.0,reviewed,us,us,1984-05-25,28709,Timor Leste,1
1984-06-14 16:39:02.760000+00:00,-7.244,127.83,33.0,5.2,mw,,,,1.4,us,usp0002512,2014-11-07T00:35:02.494Z,"168 km NNE of Lospalos, Timor Leste",earthquake,,,,4.0,reviewed,us,us,1984-06-14,28690,Timor Leste,1
1984-06-25 12:57:12.970000+00:00,-8.441,128.889,186.7,4.51,mw,,,,1.1,us,usp0002597,2014-11-07T00:35:04.758Z,"208 km E of Lospalos, Timor Leste",earthquake,,21.9,,1.0,reviewed,us,us,1984-06-25,28788,Timor Leste,1
1984-07-12 17:20:26.660000+00:00,-7.32,126.026,469.7,5.5,mw,,,,1.1,us,usp00025q8,2025-12-19T21:24:22.295Z,"131 km N of Manatutu, Timor Leste",earthquake,,2.8,,,reviewed,us,hrv,1984-07-12,28655,Timor Leste,1
1984-07-13 08:52:15.080000+00:00,-7.956,128.342,216.8,4.94,mw,,,,1.5,us,usp00025qh,2014-11-07T00:35:11.365Z,"160 km ENE of Lospalos, Timor Leste",earthquake,,30.2,,2.0,reviewed,us,us,1984-07-13,28759,Timor Leste,1
1984-07-13 14:31:40.010000+00:00,-10.355,127.62,33.0,5.62,mw,,,,1.5,us,usp00025qq,2014-11-07T00:35:11.376Z,"213 km SSE of Lospalos, Timor Leste",earthquake,,,,1.0,reviewed,us,us,1984-07-13,28634,Timor Leste,-1
1984-07-24 04:23:29.770000+00:00,-7.204,124.057,554.0,5.28,mw,,,,1.0,us,usp00025yf,2014-11-07T00:35:12.700Z,"200 km NW of Maubara, Timor Leste",earthquake,,4.6,,7.0,reviewed,us,us,1984-07-24,28680,Timor Leste,1
1984-08-10 15:32:11.040000+00:00,-7.016,125.265,516.6,5.28,mw,,,,1.0,us,usp00026am,2014-11-07T00:35:17.930Z,"173 km NNW of Dili, Timor Leste",earthquake,,4.4,,4.0,reviewed,us,us,1984-08-10,28851,Timor Leste,1
1984-08-30 21:47:15.020000+00:00,-6.693,128.926,226.7,4.77,mw,,,,1.4,us,usp00026w0,2014-11-07T00:35:20.843Z,"293 km NE of Lospalos, Timor Leste",earthquake,,7.1,,2.0,reviewed,us,us,1984-08-30,28936,Timor Leste,1
1984-08-31 00:50:04.150000+00:00,-10.698,126.349,33.0,5.37,mw,,,,0.5,us,usp00026w4,2014-11-07T00:35:20.855Z,"194 km SE of Suai, Timor Leste",earthquake,,,,1.0,reviewed,us,us,1984-08-31,28829,Timor Leste,-1
1984-09-03 02:08:48.950000+00:00,-7.741,124.559,387.8,4.85,mw,,,,1.1,us,usp0002701,2014-11-07T00:35:24.139Z,"119 km NW of Maubara, Timor Leste",earthquake,,4.7,,7.0,reviewed,us,us,1984-09-03,28922,Timor Leste,1
1984-09-11 14:17:00.940000+00:00,-7.275,127.48,33.0,5.45,mw,,,,1.1,us,usp000279z,2022-04-27T23:12:33.852Z,"147 km NNE of Lospalos, Timor Leste",earthquake,,,,22.0,reviewed,us,us,1984-09-11,28825,Timor Leste,1
1984-09-25 08:19:57.520000+00:00,-8.731,124.219,160.6,5.11,mw,,,,1.2,us,usp00027pv,2014-11-07T00:35:28.867Z,"54 km NNW of Pante Makasar, Timor Leste",earthquake,,19.5,,3.0,reviewed,us,us,1984-09-25,28897,Timor Leste,1
1984-09-26 07:36:27.960000+00:00,-8.04,127.682,195.2,5.11,mw,,,,1.2,us,usp00027qd,2014-11-07T00:35:28.932Z,"92 km NE of Lospalos, Timor Leste",earthquake,,22.0,,2.0,reviewed,us,us,1984-09-26,28885,Timor Leste,1
1984-09-26 10:35:50.850000+00:00,-7.563,129.387,148.9,4.51,mw,,,,1.5,us,usp00027qj,2014-11-07T00:35:28.953Z,"283 km ENE of Lospalos, Timor Leste",earthquake,,32.3,,1.0,reviewed,us,us,1984-09-26,28949,Timor Leste,1
1984-09-27 01:24:11.020000+00:00,-6.536,128.298,341.8,5.4,mw,,,,1.0,us,usp00027r1,2025-12-19T21:23:56.417Z,"262 km NNE of Lospalos, Timor Leste",earthquake,,2.9,,,reviewed,us,hrv,1984-09-27,28826,Timor Leste,1
1984-10-03 01:04:34.480000+00:00,-9.702,125.52,33.0,5.28,mw,,,,1.5,us,usp00027vt,2014-11-07T00:35:32.239Z,"51 km SE of Suai, Timor Leste",earthquake,,,,2.0,reviewed,us,us,1984-10-03,28852,Timor Leste,1
1984-10-08 16:28:21.580000+00:00,-7.327,125.872,447.7,5.03,mw,,,,0.9,us,usp0002809,2014-11-07T00:35:33.598Z,"131 km N of Manatutu, Timor Leste",earthquake,,7.3,,3.0,reviewed,us,us,1984-10-08,28900,Timor Leste,1
1984-10-24 16:49:30.980000+00:00,-7.125,124.166,617.4,4.94,mw,,,,0.6,us,usp00028fn,2014-11-07T00:35:36.298Z,"200 km NW of Maubara, Timor Leste",earthquake,,4.6,,5.0,reviewed,us,us,1984-10-24,28918,Timor Leste,1
1984-10-29 11:35:35.720000+00:00,-6.981,126.765,425.7,4.85,mw,,,,1.1,us,usp00028m4,2014-11-07T00:35:36.950Z,"168 km NNE of Baukau, Timor Leste",earthquake,,6.8,,6.0,reviewed,us,us,1984-10-29,28933,Timor Leste,1
1984-11-10 06:21:05.390000+00:00,-7.321,128.569,154.8,5.71,mw,,,,1.1,us,usp00028y8,2022-04-27T23:06:50.640Z,"218 km NE of Lospalos, Timor Leste",earthquake,,3.0,,34.0,reviewed,us,us,1984-11-10,28805,Timor Leste,1
1984-11-12 00:42:35.380000+00:00,-6.714,127.325,417.1,5.03,mw,,,,1.2,us,usp00028zm,2014-11-07T00:35:42.339Z,"203 km N of Lospalos, Timor Leste",earthquake,,5.4,,8.0,reviewed,us,us,1984-11-12,28900,Timor Leste,1
1984-11-13 10:59:52.730000+00:00,-9.598,124.938,43.9,5.03,mw,,,,0.8,us,usp0002916,2014-11-07T00:35:42.554Z,"47 km SW of Suai, Timor Leste",earthquake,,9.7,,4.0,reviewed,us,us,1984-11-13,28899,Timor Leste,1
1984-11-13 13:29:45.010000+00:00,-7.66,128.26,163.9,5.11,mw,,,,0.6,us,usp0002919,2014-11-07T00:35:42.564Z,"168 km NE of Lospalos, Timor Leste",earthquake,,13.4,,3.0,reviewed,us,us,1984-11-13,28880,Timor Leste,1
1984-12-01 13:31:07.820000+00:00,-8.057,128.548,33.0,5.2,mw,,,,0.9,us,usp00029p6,2014-11-07T00:35:47.679Z,"178 km ENE of Lospalos, Timor Leste",earthquake,,,,2.0,reviewed,us,us,1984-12-01,28859,Timor Leste,1
1984-12-05 09:14:09.770000+00:00,-9.331,128.947,33.0,5.11,mw,,,,0.8,us,usp00029t5,2014-11-07T00:35:49.561Z,Timor Sea,earthquake,,,,1.0,reviewed,us,us,1984-12-05,28864,Timor Leste,-1
1984-12-16 20:18:30.140000+00:00,-7.34,125.033,522.7,4.6,mw,,,,0.8,us,usp0002a45,2014-11-07T00:35:52.892Z,"141 km N of Maubara, Timor Leste",earthquake,,5.5,,2.0,reviewed,us,us,1984-12-16,28939,Timor Leste,1
1984-12-19 04:47:01.140000+00:00,-7.465,126.605,348.0,5.28,mw,,,,0.7,us,usp0002a7g,2014-11-07T00:35:53.406Z,"112 km N of Baukau, Timor Leste",earthquake,,4.3,,9.0,reviewed,us,us,1984-12-19,28852,Timor Leste,1
1984-12-22 10:50:29.340000+00:00,-9.179,123.983,33.0,5.37,mw,,,,1.3,us,usp0002aar,2014-11-07T00:35:53.788Z,"44 km W of Pante Makasar, Timor Leste",earthquake,,,,17.0,reviewed,us,us,1984-12-22,28837,Timor Leste,1
1985-01-01 06:14:44.140000+00:00,-7.168,129.161,182.1,5.2,mw,,,,0.9,us,usp0002am7,2014-11-07T00:35:57.225Z,"281 km ENE of Lospalos, Timor Leste",earthquake,,12.8,,6.0,reviewed,us,us,1985-01-01,28853,Timor Leste,1
1985-02-03 11:03:23.580000+00:00,-7.025,125.114,553.5,5.4,mw,,,,1.1,us,usp0002bkj,2025-12-19T21:21:58.865Z,"174 km N of Likisá, Timor Leste",earthquake,,5.1,,,reviewed,us,hrv,1985-02-03,29019,Timor Leste,1
1985-02-06 18:11:49.340000+00:00,-8.524,128.255,121.5,4.85,mw,,,,1.5,us,usp0002bp7,2014-11-07T00:36:08.926Z,"138 km E of Lospalos, Timor Leste",earthquake,,48.7,,3.0,reviewed,us,us,1985-02-06,29138,Timor Leste,1
1985-02-20 21:20:55.350000+00:00,-7.433,124.475,467.9,5.3,mw,,,,1.1,us,usp0002c2h,2025-12-19T21:22:16.372Z,"153 km NNW of Maubara, Timor Leste",earthquake,,6.7,,,reviewed,us,hrv,1985-02-20,29039,Timor Leste,1
1985-02-22 15:48:04.970000+00:00,-7.345,128.507,193.6,5.4,mw,,,,0.9,us,usp0002c4s,2025-12-19T21:22:17.558Z,"211 km NE of Lospalos, Timor Leste",earthquake,,,,,reviewed,us,hrv,1985-02-22,29015,Timor Leste,1
1985-03-08 18:50:42.890000+00:00,-7.79,129.098,87.0,5.03,mw,,,,1.4,us,usp0002ckj,2014-11-07T00:36:17.561Z,"245 km ENE of Lospalos, Timor Leste",earthquake,,17.8,,3.0,reviewed,us,us,1985-03-08,29105,Timor Leste,1
1985-03-12 18:02:08.900000+00:00,-7.691,123.662,278.7,5.11,mw,,,,1.2,us,usp0002csr,2014-11-07T00:36:18.560Z,"184 km NNW of Pante Makasar, Timor Leste",earthquake,,7.7,,14.0,reviewed,us,us,1985-03-12,29078,Timor Leste,1
1985-03-17 14:13:33.060000+00:00,-8.153,124.045,181.1,5.03,mw,,,,1.5,us,usp0002czh,2014-11-07T00:36:19.260Z,"121 km NNW of Pante Makasar, Timor Leste",earthquake,,23.9,,2.0,reviewed,us,us,1985-03-17,29102,Timor Leste,1
1985-03-26 04:51:30.120000+00:00,-7.213,125.503,505.0,5.45,mw,,,,1.0,us,usp0002d7b,2014-11-07T00:36:20.278Z,"148 km N of Metinaro, Timor Leste",earthquake,,15.0,,2.0,reviewed,us,us,1985-03-26,28999,Timor Leste,1
1985-04-01 04:54:28.640000+00:00,-8.407,123.647,33.0,5.28,mw,,,,1.3,us,usp0002dbv,2014-11-07T00:36:22.482Z,"119 km NW of Pante Makasar, Timor Leste",earthquake,,,,1.0,reviewed,us,us,1985-04-01,29068,Timor Leste,1
1985-04-30 00:43:21.920000+00:00,-7.461,128.07,179.3,5.54,mw,,,,0.9,us,usp0002e9z,2014-11-07T00:36:29.230Z,"166 km NE of Lospalos, Timor Leste",earthquake,,3.3,,15.0,reviewed,us,us,1985-04-30,28985,Timor Leste,1
1985-05-03 04:01:56.530000+00:00,-8.451,126.629,97.3,4.85,mw,,,,1.2,us,usp0002edm,2014-11-07T00:36:32.336Z,"19 km E of Baukau, Timor Leste",earthquake,,13.7,,6.0,reviewed,us,us,1985-05-03,29138,Timor Leste,1
1985-05-10 04:30:08.920000+00:00,-7.222,129.128,111.6,5.45,mw,,,,1.0,us,usp0002emj,2014-11-07T00:36:34.154Z,"275 km ENE of Lospalos, Timor Leste",earthquake,,5.6,,25.0,reviewed,us,us,1985-05-10,29001,Timor Leste,1
1985-06-03 15:16:19.190000+00:00,-8.781,123.902,33.0,5.37,mw,,,,1.3,us,usp0002ffz,2014-11-07T00:36:41.446Z,"70 km NW of Pante Makasar, Timor Leste",earthquake,,,,4.0,reviewed,us,us,1985-06-03,29033,Timor Leste,1
1985-06-06 17:42:43.500000+00:00,-7.038,128.145,33.6,5.62,mw,,,,1.3,us,usp0002fkh,2022-04-27T22:45:56.085Z,"207 km NE of Lospalos, Timor Leste",earthquake,,12.1,,10.0,reviewed,us,us,1985-06-06,28982,Timor Leste,1
1985-06-23 01:06:30.610000+00:00,-8.038,127.338,33.0,4.94,mw,,,,0.7,us,usp0002g2g,2014-11-07T00:36:45.125Z,"65 km NE of Lospalos, Timor Leste",earthquake,,,,1.0,reviewed,us,us,1985-06-23,29122,Timor Leste,1
1985-07-09 04:09:44.940000+00:00,-9.296,124.223,33.0,5.37,mw,,,,1.5,us,usp0002gmh,2014-11-07T00:36:51.322Z,"20 km WSW of Pante Makasar, Timor Leste",earthquake,,,,4.0,reviewed,us,us,1985-07-09,29024,Timor Leste,1
1985-07-09 07:15:33.580000+00:00,-10.709,128.285,118.9,4.43,mw,,,,1.5,us,usp0002gmm,2014-11-07T00:36:51.342Z,"280 km SSE of Lospalos, Timor Leste",earthquake,,35.1,,1.0,reviewed,us,us,1985-07-09,29153,Timor Leste,-1
1985-07-24 10:30:02.700000+00:00,-6.393,127.276,33.0,4.43,mw,,,,0.8,us,usp0002h1s,2014-11-07T00:36:53.418Z,"237 km N of Lospalos, Timor Leste",earthquake,,,,2.0,reviewed,us,us,1985-07-24,29157,Timor Leste,1
1985-07-28 00:00:22.010000+00:00,-7.545,127.504,33.0,5.28,mw,,,,1.4,us,usp0002h4v,2014-11-07T00:36:53.787Z,"121 km NNE of Lospalos, Timor Leste",earthquake,,,,7.0,reviewed,us,us,1985-07-28,29071,Timor Leste,1
1985-08-01 05:37:53.480000+00:00,-7.566,127.585,129.1,5.2,mw,,,,0.9,us,usp0002h9p,2014-11-07T00:36:56.037Z,"123 km NNE of Lospalos, Timor Leste",earthquake,,8.5,,12.0,reviewed,us,us,1985-08-01,29196,Timor Leste,1
1985-08-17 20:42:58.260000+00:00,-6.948,125.406,523.7,5.2,mw,,,,1.3,us,usp0002hvb,2014-11-07T00:37:01.759Z,"178 km NNW of Metinaro, Timor Leste",earthquake,,14.9,,5.0,reviewed,us,us,1985-08-17,29246,Timor Leste,1
1985-09-05 03:53:12.040000+00:00,-7.364,128.472,142.8,5.2,mw,,,,0.9,us,usp0002jek,2025-12-19T21:20:13.833Z,"206 km NE of Lospalos, Timor Leste",earthquake,,3.7,,,reviewed,us,hrv,1985-09-05,29249,Timor Leste,1
1985-10-25 18:12:19.580000+00:00,-7.077,124.284,595.5,6.0,mw,,,,1.0,us,usp0002m4c,2022-04-27T22:34:32.476Z,"197 km NNW of Maubara, Timor Leste",earthquake,,,,,reviewed,us,hrv,1985-10-25,29161,Timor Leste,1
1985-10-28 04:39:42.760000+00:00,-8.472,123.87,136.8,4.6,mw,,,,0.9,us,usp0002m6y,2014-11-07T00:37:21.650Z,"98 km NW of Pante Makasar, Timor Leste",earthquake,,34.6,,3.0,reviewed,us,us,1985-10-28,29319,Timor Leste,1
1985-11-03 21:13:36.280000+00:00,-7.596,129.222,124.1,5.03,mw,,,,1.4,us,usp0002mek,2014-11-07T00:37:25.867Z,"265 km ENE of Lospalos, Timor Leste",earthquake,,22.1,,3.0,reviewed,us,us,1985-11-03,29255,Timor Leste,1
1985-11-10 20:46:02.950000+00:00,-6.966,129.189,160.2,5.45,mw,,,,1.1,us,usp0002mn3,2014-11-07T00:37:27.751Z,"296 km NE of Lospalos, Timor Leste",earthquake,,8.1,,17.0,reviewed,us,us,1985-11-10,29177,Timor Leste,1
1985-11-13 17:23:17.760000+00:00,-8.0,127.719,148.2,4.77,mw,,,,1.4,us,usp0002mrm,2014-11-07T00:37:28.102Z,"98 km NE of Lospalos, Timor Leste",earthquake,,42.9,,1.0,reviewed,us,us,1985-11-13,29265,Timor Leste,1
1985-11-15 05:00:15.350000+00:00,-8.739,127.825,33.0,4.94,mw,,,,1.4,us,usp0002msw,2014-11-07T00:37:28.533Z,"94 km ESE of Lospalos, Timor Leste",earthquake,,,,2.0,reviewed,us,us,1985-11-15,29262,Timor Leste,1
1985-11-23 14:04:57.130000+00:00,-9.077,124.403,120.7,4.77,mw,,,,1.3,us,usp0002n49,2014-11-07T00:37:30.207Z,Timor region,earthquake,,12.2,,8.0,reviewed,us,us,1985-11-23,29267,Timor Leste,1
1985-12-22 17:57:40.770000+00:00,-8.07,124.799,33.0,4.68,mw,,,,1.2,us,usp0002p8j,2014-11-07T00:37:39.460Z,"74 km NW of Maubara, Timor Leste",earthquake,,,,3.0,reviewed,us,us,1985-12-22,29304,Timor Leste,1
1985-12-22 21:22:10.200000+00:00,-6.968,128.622,33.0,4.77,mw,,,,1.3,us,usp0002p8v,2014-11-07T00:37:39.519Z,"248 km NE of Lospalos, Timor Leste",earthquake,,,,1.0,reviewed,us,us,1985-12-22,29275,Timor Leste,1
1986-01-06 18:46:25.680000+00:00,-6.843,127.607,418.7,4.77,mw,,,,1.0,us,usp0002ptz,2014-11-07T00:37:45.382Z,"197 km NNE of Lospalos, Timor Leste",earthquake,,18.3,,2.0,reviewed,us,us,1986-01-06,29304,Timor Leste,1
1986-02-05 05:37:16.970000+00:00,-7.205,126.662,390.6,5.2,mw,,,,1.1,us,usp0002qqt,2014-11-07T00:37:53.159Z,"142 km N of Baukau, Timor Leste",earthquake,,10.3,,11.0,reviewed,us,us,1986-02-05,29429,Timor Leste,1
1986-02-12 13:38:19.180000+00:00,-9.184,126.686,33.0,5.11,mw,,,,1.5,us,usp0002qxx,2014-11-07T00:37:54.845Z,"50 km SE of Viqueque, Timor Leste",earthquake,,,,1.0,reviewed,us,us,1986-02-12,29429,Timor Leste,1
1986-02-15 23:08:32.690000+00:00,-8.361,128.13,33.0,4.94,mw,,,,1.4,us,usp0002r1f,2014-11-07T00:37:55.330Z,"125 km E of Lospalos, Timor Leste",earthquake,,,,4.0,reviewed,us,us,1986-02-15,29491,Timor Leste,1
1986-02-19 05:23:22+00:00,-8.061,123.775,195.0,5.11,mw,,,,1.3,us,usp0002r42,2014-11-07T00:37:56.004Z,"142 km NNW of Pante Makasar, Timor Leste",earthquake,,11.3,,9.0,reviewed,us,us,1986-02-19,29434,Timor Leste,1
1986-02-27 23:26:19.900000+00:00,-7.021,128.555,317.4,5.11,mw,,,,1.0,us,usp0002rcb,2014-11-07T00:37:56.966Z,"238 km NE of Lospalos, Timor Leste",earthquake,,39.7,,2.0,reviewed,us,us,1986-02-27,29440,Timor Leste,1
1986-04-03 22:45:16.060000+00:00,-7.362,128.934,236.3,4.94,mw,,,,1.2,us,usp0002sms,2014-11-07T00:38:11.090Z,"248 km ENE of Lospalos, Timor Leste",earthquake,,20.8,,3.0,reviewed,us,us,1986-04-03,29504,Timor Leste,1
1986-04-22 21:36:06.980000+00:00,-7.422,129.411,33.0,5.03,mw,,,,1.3,us,usp0002t4a,2014-11-07T00:38:15.300Z,"292 km ENE of Lospalos, Timor Leste",earthquake,,,,2.0,reviewed,us,us,1986-04-22,29460,Timor Leste,1
1986-04-26 09:52:42.700000+00:00,-7.436,128.516,189.6,5.03,mw,,,,1.5,us,usp0002t77,2014-11-07T00:38:15.681Z,"205 km NE of Lospalos, Timor Leste",earthquake,,27.4,,5.0,reviewed,us,us,1986-04-26,29445,Timor Leste,1
1986-04-26 12:13:51.850000+00:00,-8.365,129.589,33.0,4.77,mw,,,,1.5,us,usp0002t7b,2014-11-07T00:38:15.688Z,"285 km E of Lospalos, Timor Leste",earthquake,,,,1.0,reviewed,us,us,1986-04-26,29507,Timor Leste,1
1986-05-01 12:20:04.990000+00:00,-7.56,127.991,193.9,5.62,mw,,,,1.5,us,usp0002tdd,2014-11-07T00:38:18.404Z,"152 km NE of Lospalos, Timor Leste",earthquake,,21.6,,2.0,reviewed,us,us,1986-05-01,29356,Timor Leste,1
1986-05-07 16:28:23.710000+00:00,-7.067,127.139,376.3,5.03,mw,,,,0.7,us,usp0002tm7,2014-11-07T00:38:20.911Z,"161 km N of Lospalos, Timor Leste",earthquake,,11.7,,5.0,reviewed,us,us,1986-05-07,29476,Timor Leste,1
1986-05-12 11:12:09.760000+00:00,-7.695,127.338,176.2,5.28,mw,,,,1.0,us,usp0002txn,2014-11-07T00:38:23.219Z,"98 km NNE of Lospalos, Timor Leste",earthquake,,9.9,,10.0,reviewed,us,us,1986-05-12,29363,Timor Leste,1
1986-05-27 08:54:06.800000+00:00,-7.072,124.152,627.9,6.0,mw,,,,1.3,us,usp0002ug4,2022-04-27T22:18:09.814Z,"206 km NW of Maubara, Timor Leste",earthquake,,2.8,,,reviewed,us,hrv,1986-05-27,29349,Timor Leste,1
1986-06-12 15:10:33.450000+00:00,-8.454,123.619,131.2,5.45,mw,,,,1.4,us,usp0002v05,2014-11-07T00:38:32.586Z,"117 km NW of Pante Makasar, Timor Leste",earthquake,,21.6,,5.0,reviewed,us,us,1986-06-12,29359,Timor Leste,1
1986-06-27 09:41:47.910000+00:00,-5.867,125.316,558.4,5.2,mw,,,,0.6,us,usp0002vf6,2014-11-07T00:38:35.201Z,"298 km N of Metinaro, Timor Leste",earthquake,,9.5,,5.0,reviewed,us,us,1986-06-27,29425,Timor Leste,1
1986-07-10 05:43:16.630000+00:00,-8.954,124.295,33.0,5.2,mw,,,,1.3,us,usp0002vwd,2014-11-07T00:38:40.811Z,"28 km NNW of Pante Makasar, Timor Leste",earthquake,,,,9.0,reviewed,us,us,1986-07-10,29406,Timor Leste,1
1986-07-13 18:11:14.140000+00:00,-8.625,127.613,33.0,5.2,mw,,,,1.3,us,usp0002w02,2014-11-07T00:38:41.431Z,"68 km E of Lospalos, Timor Leste",earthquake,,,,6.0,reviewed,us,us,1986-07-13,29371,Timor Leste,1
1986-08-05 18:26:50.530000+00:00,-7.191,129.232,126.2,5.54,mw,,,,1.1,us,usp0002wwq,2014-11-07T00:38:48.956Z,"286 km ENE of Lospalos, Timor Leste",earthquake,,6.0,,18.0,reviewed,us,us,1986-08-05,29587,Timor Leste,1
1986-08-14 05:45:13.150000+00:00,-6.728,128.664,229.4,4.68,mw,,,,1.3,us,usp0002x4j,2014-11-07T00:38:51.412Z,"270 km NE of Lospalos, Timor Leste",earthquake,,14.7,,1.0,reviewed,us,us,1986-08-14,29635,Timor Leste,1
1986-08-15 00:41:20.470000+00:00,-8.689,124.212,107.6,6.05,mw,,,,1.4,us,usp0002x5t,2022-04-27T22:07:18.410Z,"59 km NNW of Pante Makasar, Timor Leste",earthquake,,,,31.0,reviewed,us,us,1986-08-15,29530,Timor Leste,1
1986-09-23 05:56:19.790000+00:00,-7.469,128.509,137.2,5.71,mw,,,,1.1,us,usp0002y9z,2022-04-27T22:06:14.902Z,"203 km NE of Lospalos, Timor Leste",earthquake,,5.2,,24.0,reviewed,us,us,1986-09-23,29539,Timor Leste,1
1986-10-01 04:42:27.150000+00:00,-9.183,124.342,72.7,4.77,mw,,,,1.5,us,usp0002yja,2014-11-07T00:39:05.399Z,"4 km WNW of Pante Makasar, Timor Leste",earthquake,,13.0,,7.0,reviewed,us,us,1986-10-01,29618,Timor Leste,1
1986-10-04 09:10:35.100000+00:00,-6.951,123.796,641.3,5.62,mw,,,,1.0,us,usp0002yny,2022-04-27T22:01:27.081Z,"240 km NW of Maubara, Timor Leste",earthquake,,5.6,,15.0,reviewed,us,us,1986-10-04,29579,Timor Leste,1
1986-10-07 17:54:00.140000+00:00,-6.828,124.876,569.0,4.6,mw,,,,1.0,us,usp0002yrx,2014-11-07T00:39:08.052Z,"200 km N of Maubara, Timor Leste",earthquake,,10.0,,4.0,reviewed,us,us,1986-10-07,29640,Timor Leste,1
1986-11-01 18:56:27.740000+00:00,-7.662,127.822,118.1,5.7,mw,,,,1.2,us,usp0002zk4,2022-04-27T21:59:10.585Z,"131 km NE of Lospalos, Timor Leste",earthquake,,,,,reviewed,us,hrv,1986-11-01,29540,Timor Leste,1
1986-11-18 02:23:34.330000+00:00,-7.095,127.304,377.6,5.45,mw,,,,1.5,us,usp0003049,2014-11-07T00:39:21.564Z,"161 km NNE of Lospalos, Timor Leste",earthquake,,15.1,,1.0,reviewed,us,us,1986-11-18,29590,Timor Leste,1
1986-11-23 11:48:24.130000+00:00,-7.032,125.196,527.3,5.03,mw,,,,1.4,us,usp00030b1,2014-11-07T00:39:22.676Z,"172 km N of Likisá, Timor Leste",earthquake,,16.8,,2.0,reviewed,us,us,1986-11-23,29593,Timor Leste,1
1987-01-29 08:48:46.880000+00:00,-9.094,123.888,33.0,4.85,mw,,,,0.9,us,usp000320k,2014-11-07T00:39:41.224Z,"55 km WNW of Pante Makasar, Timor Leste",earthquake,,,,3.0,reviewed,us,us,1987-01-29,29806,Timor Leste,1
1987-02-10 14:20:30.200000+00:00,-6.878,126.602,347.9,4.77,mw,,,,1.3,us,usp00032c5,2014-11-07T00:39:50.791Z,"177 km N of Baukau, Timor Leste",earthquake,,33.0,,3.0,reviewed,us,us,1987-02-10,29820,Timor Leste,1
1987-02-26 04:05:27.050000+00:00,-6.811,125.841,484.6,5.28,mw,,,,0.9,us,usp00032se,2014-11-07T00:39:53.959Z,"189 km N of Manatutu, Timor Leste",earthquake,,5.5,,13.0,reviewed,us,us,1987-02-26,29776,Timor Leste,1
1987-03-22 15:24:42.430000+00:00,-7.352,128.514,145.8,5.28,mw,,,,0.9,us,usp00033hv,2014-11-07T00:40:06.394Z,"211 km NE of Lospalos, Timor Leste",earthquake,,5.2,,17.0,reviewed,us,us,1987-03-22,29781,Timor Leste,1
1987-04-08 16:52:34.490000+00:00,-7.949,128.316,33.0,4.77,mw,,,,1.3,us,usp000340k,2014-11-07T00:40:13.489Z,"158 km ENE of Lospalos, Timor Leste",earthquake,,,,2.0,reviewed,us,us,1987-04-08,29819,Timor Leste,1
1987-04-13 17:18:43.180000+00:00,-7.163,124.629,516.6,5.28,mw,,,,1.0,us,usp000344t,2014-11-07T00:40:14.216Z,"172 km NNW of Maubara, Timor Leste",earthquake,,17.2,,8.0,reviewed,us,us,1987-04-13,29759,Timor Leste,1
1987-04-22 05:19:18.920000+00:00,-9.093,124.578,181.3,4.51,mw,,,,0.7,us,usp00034c2,2014-11-07T00:40:16.560Z,"24 km ENE of Pante Makasar, Timor Leste",earthquake,,39.7,,1.0,reviewed,us,us,1987-04-22,29862,Timor Leste,1
1987-04-27 11:35:50.840000+00:00,-9.471,125.152,33.0,5.37,mw,,,,1.4,us,usp00034ha,2014-11-07T00:40:17.619Z,"20 km SSW of Suai, Timor Leste",earthquake,,,,6.0,reviewed,us,us,1987-04-27,29719,Timor Leste,1
1987-05-08 18:43:43.140000+00:00,-6.298,128.241,336.7,4.6,mw,,,,1.1,us,usp00034uc,2014-11-07T00:40:23.879Z,"281 km NNE of Lospalos, Timor Leste",earthquake,,10.0,,5.0,reviewed,us,us,1987-05-08,29835,Timor Leste,1
1987-05-12 07:54:43.340000+00:00,-8.674,123.853,107.5,4.6,mw,,,,1.6,us,usp00034y7,2014-11-07T00:40:24.617Z,"82 km NW of Pante Makasar, Timor Leste",earthquake,,16.7,,2.0,reviewed,us,us,1987-05-12,29835,Timor Leste,1
1987-05-16 03:34:52.160000+00:00,-7.451,128.113,117.8,5.4,mw,,,,1.1,us,usp000351g,2025-12-19T20:57:34.463Z,"170 km NE of Lospalos, Timor Leste",earthquake,,4.7,,,reviewed,us,hrv,1987-05-16,29707,Timor Leste,1
1987-05-21 12:35:59.020000+00:00,-7.008,129.243,160.2,5.11,mw,,,,1.3,us,usp000355k,2014-11-07T00:40:25.778Z,"298 km NE of Lospalos, Timor Leste",earthquake,,10.9,,9.0,reviewed,us,us,1987-05-21,29790,Timor Leste,1
1987-05-22 17:22:36+00:00,-7.637,126.252,315.0,4.94,mw,,,,1.2,us,usp000356k,2014-11-07T00:40:25.861Z,"95 km NNW of Baukau, Timor Leste",earthquake,,17.5,,2.0,reviewed,us,us,1987-05-22,29795,Timor Leste,1
1987-06-06 16:13:32.570000+00:00,-8.532,128.503,208.7,4.51,mw,,,,1.3,us,usp00035k2,2014-11-07T00:40:31.103Z,"165 km E of Lospalos, Timor Leste",earthquake,,43.5,,2.0,reviewed,us,us,1987-06-06,29866,Timor Leste,1
1987-06-06 18:37:39.530000+00:00,-6.76,128.733,33.0,4.85,mw,,,,1.5,us,usp00035k5,2014-11-07T00:40:31.119Z,"273 km NE of Lospalos, Timor Leste",earthquake,,,,2.0,reviewed,us,us,1987-06-06,29810,Timor Leste,1
1987-07-03 17:54:13.740000+00:00,-8.329,123.499,215.4,4.85,mw,,,,1.0,us,usp00036a1,2014-11-07T00:40:37.787Z,"136 km NW of Pante Makasar, Timor Leste",earthquake,,11.5,,1.0,reviewed,us,us,1987-07-03,29814,Timor Leste,1
1987-07-07 15:04:46.900000+00:00,-7.642,127.665,130.0,5.37,mw,,,,1.0,us,usp00036eg,2014-11-07T00:40:39.761Z,"121 km NE of Lospalos, Timor Leste",earthquake,,5.1,,26.0,reviewed,us,us,1987-07-07,29735,Timor Leste,1
1987-08-01 12:13:11.820000+00:00,-7.941,129.522,182.6,4.43,mw,,,,1.0,us,usp000374u,2014-11-07T00:40:44.955Z,"285 km ENE of Lospalos, Timor Leste",earthquake,,49.4,,2.0,reviewed,us,us,1987-08-01,30047,Timor Leste,1
1987-08-04 04:54:05.490000+00:00,-6.847,127.139,407.7,5.03,mw,,,,1.3,us,usp0003781,2014-11-07T00:40:46.582Z,"185 km N of Lospalos, Timor Leste",earthquake,,27.1,,3.0,reviewed,us,us,1987-08-04,29939,Timor Leste,1
1987-08-06 13:09:37.020000+00:00,-7.707,127.56,157.7,5.37,mw,,,,1.1,us,usp00037a0,2014-11-07T00:40:47.070Z,"109 km NE of Lospalos, Timor Leste",earthquake,,,,13.0,reviewed,us,us,1987-08-06,29896,Timor Leste,1
1987-08-06 15:54:36.520000+00:00,-6.85,125.161,542.5,4.85,mw,,,,1.1,us,usp00037a5,2014-11-07T00:40:47.151Z,"193 km N of Likisá, Timor Leste",earthquake,,15.5,,5.0,reviewed,us,us,1987-08-06,29949,Timor Leste,1
1987-08-07 12:53:37.760000+00:00,-7.102,129.115,178.2,5.28,mw,,,,1.1,us,usp00037b1,2014-11-07T00:40:47.402Z,"281 km NE of Lospalos, Timor Leste",earthquake,,7.8,,13.0,reviewed,us,us,1987-08-07,29904,Timor Leste,1
1987-08-14 09:18:42.270000+00:00,-7.786,127.96,142.3,5.37,mw,,,,1.4,us,usp00037h9,2014-11-07T00:40:48.642Z,"133 km NE of Lospalos, Timor Leste",earthquake,,13.1,,2.0,reviewed,us,us,1987-08-14,29896,Timor Leste,1
1987-08-21 18:19:27.990000+00:00,-8.559,127.716,194.3,4.68,mw,,,,1.4,us,usp00037pu,2014-11-07T00:40:49.354Z,"79 km E of Lospalos, Timor Leste",earthquake,,44.7,,1.0,reviewed,us,us,1987-08-21,29972,Timor Leste,1
1987-08-23 08:55:10.120000+00:00,-8.125,128.26,186.9,4.43,mw,,,,1.4,us,usp00037rg,2014-11-07T00:40:49.583Z,"145 km ENE of Lospalos, Timor Leste",earthquake,,44.1,,1.0,reviewed,us,us,1987-08-23,30028,Timor Leste,1
1987-08-26 21:08:52.280000+00:00,-8.206,129.115,163.8,4.68,mw,,,,1.3,us,usp00037uv,2014-11-07T00:40:49.939Z,"235 km E of Lospalos, Timor Leste",earthquake,,40.3,,1.0,reviewed,us,us,1987-08-26,29956,Timor Leste,1
1987-08-28 07:47:41.610000+00:00,-6.515,128.071,392.7,5.2,mw,,,,1.1,us,usp00037we,2014-11-07T00:40:50.079Z,"251 km NNE of Lospalos, Timor Leste",earthquake,,8.5,,7.0,reviewed,us,us,1987-08-28,29916,Timor Leste,1
1987-09-06 00:46:18.460000+00:00,-8.804,128.385,33.0,4.77,mw,,,,1.0,us,usp000384p,2014-11-07T00:40:54.752Z,"155 km ESE of Lospalos, Timor Leste",earthquake,,,,2.0,reviewed,us,us,1987-09-06,29951,Timor Leste,1
1987-09-16 12:16:03.590000+00:00,-7.288,126.11,455.0,5.03,mw,,,,1.1,us,usp00038eq,2014-11-07T00:40:56.945Z,"135 km N of Manatutu, Timor Leste",earthquake,,8.6,,6.0,reviewed,us,us,1987-09-16,29937,Timor Leste,1
1987-09-18 09:29:17.160000+00:00,-7.319,126.806,285.8,5.2,mw,,,,0.9,us,usp00038gb,2014-11-07T00:40:57.172Z,"133 km NNE of Baukau, Timor Leste",earthquake,,20.9,,2.0,reviewed,us,us,1987-09-18,29911,Timor Leste,1
1987-09-26 08:02:30.680000+00:00,-7.499,129.296,158.5,4.94,mw,,,,1.4,us,usp00038qx,2014-11-07T00:40:58.206Z,"277 km ENE of Lospalos, Timor Leste",earthquake,,34.7,,2.0,reviewed,us,us,1987-09-26,29947,Timor Leste,1
1987-09-28 15:06:30.870000+00:00,-10.676,125.517,33.0,5.03,mw,,,,0.8,us,usp00038tj,2014-11-07T00:40:58.555Z,"153 km S of Suai, Timor Leste",earthquake,,,,2.0,reviewed,us,us,1987-09-28,29927,Timor Leste,2
1987-09-30 11:32:56.240000+00:00,-8.924,124.467,184.3,4.68,mw,,,,0.6,us,usp00038ux,2014-11-07T00:40:58.712Z,"31 km NNE of Pante Makasar, Timor Leste",earthquake,,49.2,,2.0,reviewed,us,us,1987-09-30,29990,Timor Leste,1
1987-10-05 14:22:41.640000+00:00,-9.082,126.871,33.0,4.43,mw,,,,1.3,us,usp0003900,2014-11-07T00:41:03.302Z,"60 km ESE of Viqueque, Timor Leste",earthquake,,,,1.0,reviewed,us,us,1987-10-05,30008,Timor Leste,1
1987-10-21 07:25:18.170000+00:00,-7.262,128.699,128.2,5.4,mw,,,,1.0,us,usp00039f5,2025-12-19T20:57:25.051Z,"233 km NE of Lospalos, Timor Leste",earthquake,,,,,reviewed,us,hrv,1987-10-21,29894,Timor Leste,1
1987-11-08 12:05:39.340000+00:00,-7.233,125.287,524.6,5.2,mw,,,,0.9,us,usp00039zf,2014-11-07T00:41:12.716Z,"149 km N of Likisá, Timor Leste",earthquake,,9.9,,6.0,reviewed,us,us,1987-11-08,29913,Timor Leste,1
1987-11-22 05:00:09.670000+00:00,-7.84,128.419,148.3,4.6,mw,,,,1.3,us,usp0003abn,2014-11-07T00:41:14.759Z,"173 km ENE of Lospalos, Timor Leste",earthquake,,51.6,,2.0,reviewed,us,us,1987-11-22,30004,Timor Leste,1
1987-11-26 01:43:14.050000+00:00,-8.247,124.155,33.0,6.7,mw,,,,1.3,us,usp0003ajq,2022-04-27T21:30:37.114Z,"108 km NNW of Pante Makasar, Timor Leste",earthquake,,,,,reviewed,us,nc,1987-11-26,29891,Timor Leste,1
1987-12-16 20:03:46.800000+00:00,-9.146,124.011,33.0,5.11,mw,,,,1.0,us,usp0003bbf,2014-11-07T00:41:24.054Z,"41 km W of Pante Makasar, Timor Leste",earthquake,,,,1.0,reviewed,us,us,1987-12-16,29918,Timor Leste,1
1988-01-04 17:20:02.560000+00:00,-7.448,128.222,141.5,5.37,mw,,,,1.2,us,usp0003btj,2014-11-07T00:41:29.013Z,"179 km NE of Lospalos, Timor Leste",earthquake,,,,15.0,reviewed,us,us,1988-01-04,29897,Timor Leste,1
1988-01-17 02:47:16.740000+00:00,-7.761,127.756,33.0,5.2,mw,,,,1.2,us,usp0003c46,2014-11-07T00:41:31.235Z,"118 km NE of Lospalos, Timor Leste",earthquake,,,,6.0,reviewed,us,us,1988-01-17,30106,Timor Leste,1
1988-01-24 22:49:55.970000+00:00,-6.436,127.464,428.8,5.11,mw,,,,1.2,us,usp0003cc7,2014-11-07T00:41:32.377Z,"236 km NNE of Lospalos, Timor Leste",earthquake,,22.1,,1.0,reviewed,us,us,1988-01-24,30125,Timor Leste,1
1988-02-05 03:25:32.260000+00:00,-9.171,124.111,78.7,5.7,mw,,,,1.2,us,usp0003crc,2022-04-28T20:53:18.879Z,"30 km W of Pante Makasar, Timor Leste",earthquake,,,,,reviewed,us,hrv,1988-02-05,30079,Timor Leste,1
1988-02-20 01:25:58.190000+00:00,-7.14,127.004,314.5,6.5,mw,,,,1.1,us,usp0003d64,2022-04-28T17:27:47.367Z,"152 km N of Lospalos, Timor Leste",earthquake,,,,,reviewed,us,nc,1988-02-20,30067,Timor Leste,1
1988-02-21 10:21:50.410000+00:00,-8.86,127.123,33.0,5.2,mw,,,,0.7,us,usp0003d7p,2014-11-07T00:41:40.682Z,"39 km SSE of Lospalos, Timor Leste",earthquake,,,,3.0,reviewed,us,us,1988-02-21,30121,Timor Leste,1
1988-03-03 00:28:34.540000+00:00,-7.145,129.31,145.3,5.2,mw,,,,1.1,us,usp0003dhy,2025-12-19T21:11:47.045Z,"296 km ENE of Lospalos, Timor Leste",earthquake,,,,,reviewed,us,hrv,1988-03-03,30125,Timor Leste,1
1988-03-18 00:38:29.460000+00:00,-7.826,128.864,161.6,4.6,mw,,,,1.2,us,usp0003e2a,2014-11-07T00:41:48.704Z,"219 km ENE of Lospalos, Timor Leste",earthquake,,31.2,,1.0,reviewed,us,us,1988-03-18,30232,Timor Leste,1
1988-03-22 10:03:34.900000+00:00,-6.909,124.971,529.4,5.45,mw,,,,0.9,us,usp0003e6y,2014-11-07T00:41:49.234Z,"190 km NNW of Likisá, Timor Leste",earthquake,,5.9,,17.0,reviewed,us,us,1988-03-22,30094,Timor Leste,1
1988-03-22 15:30:09.170000+00:00,-7.5,129.122,147.7,4.94,mw,,,,1.4,us,usp0003e75,2014-11-07T00:41:49.250Z,"259 km ENE of Lospalos, Timor Leste",earthquake,,13.8,,2.0,reviewed,us,us,1988-03-22,30174,Timor Leste,1
1988-03-26 21:43:18.070000+00:00,-7.561,124.761,386.1,4.94,mw,,,,1.3,us,usp0003ec4,2014-11-07T00:41:49.940Z,"126 km NNW of Maubara, Timor Leste",earthquake,,14.2,,4.0,reviewed,us,us,1988-03-26,30192,Timor Leste,1
1988-04-14 09:52:30.810000+00:00,-6.84,127.579,412.1,5.11,mw,,,,1.3,us,usp0003f15,2014-11-07T00:41:57.542Z,"196 km NNE of Lospalos, Timor Leste",earthquake,,29.4,,1.0,reviewed,us,us,1988-04-14,30129,Timor Leste,1
1988-05-10 10:04:12.480000+00:00,-7.202,123.871,577.6,5.3,mw,,,,1.0,us,usp0003fu6,2025-12-19T21:11:25.067Z,"214 km NW of Maubara, Timor Leste",earthquake,,4.0,,,reviewed,us,hrv,1988-05-10,30095,Timor Leste,1
1988-05-11 15:46:06.840000+00:00,-7.869,129.587,178.7,5.11,mw,,,,1.4,us,usp0003fvk,2014-11-07T00:42:08.085Z,"294 km ENE of Lospalos, Timor Leste",earthquake,,23.1,,2.0,reviewed,us,us,1988-05-11,30148,Timor Leste,1
1988-05-18 23:32:40.850000+00:00,-8.807,128.546,33.0,4.85,mw,,,,1.1,us,usp0003g34,2014-11-07T00:42:09.759Z,"173 km E of Lospalos, Timor Leste",earthquake,,,,1.0,reviewed,us,us,1988-05-18,30208,Timor Leste,1
1988-05-21 17:57:38.310000+00:00,-9.86,127.481,33.0,4.85,mw,,,,0.2,us,usp0003g6j,2014-11-07T00:42:10.820Z,"157 km SSE of Lospalos, Timor Leste",earthquake,,,,1.0,reviewed,us,us,1988-05-21,30213,Timor Leste,1
1988-05-27 13:03:02.580000+00:00,-8.631,124.348,84.5,4.85,mw,,,,1.1,us,usp0003ges,2014-11-07T00:42:11.751Z,"63 km N of Pante Makasar, Timor Leste",earthquake,,33.7,,3.0,reviewed,us,us,1988-05-27,30207,Timor Leste,1
1988-05-28 08:08:02.070000+00:00,-6.702,128.327,91.7,4.94,mw,,,,1.4,us,usp0003gfm,2014-11-07T00:42:11.842Z,"248 km NE of Lospalos, Timor Leste",earthquake,,46.4,,3.0,reviewed,us,us,1988-05-28,30182,Timor Leste,1
1988-05-30 21:11:11.310000+00:00,-7.501,128.325,86.3,6.9,mw,,,,1.1,us,usp0003gj3,2022-04-28T20:48:26.382Z,"184 km NE of Lospalos, Timor Leste",earthquake,,,,,reviewed,us,nc,1988-05-30,30060,Timor Leste,1
1988-06-12 01:56:41.780000+00:00,-9.261,126.74,155.0,4.94,mw,,,,1.5,us,usp0003gwz,2014-11-07T00:42:19.162Z,"60 km SE of Viqueque, Timor Leste",earthquake,,40.9,,1.0,reviewed,us,us,1988-06-12,30175,Timor Leste,1
1988-06-13 15:52:41.460000+00:00,-7.989,124.072,145.1,4.94,mw,,,,1.3,us,usp0003gyn,2014-11-07T00:42:19.434Z,"138 km NNW of Pante Makasar, Timor Leste",earthquake,,31.0,,4.0,reviewed,us,us,1988-06-13,30185,Timor Leste,1
1988-06-18 23:55:11.640000+00:00,-8.291,128.122,254.1,4.85,mw,,,,1.5,us,usp0003h36,2014-11-07T00:42:19.962Z,"126 km ENE of Lospalos, Timor Leste",earthquake,,22.0,,1.0,reviewed,us,us,1988-06-18,30194,Timor Leste,1
1988-07-07 00:55:14.310000+00:00,-9.522,125.162,33.0,4.94,mw,,,,1.4,us,usp0003hnr,2014-11-07T00:42:29.641Z,"25 km SSW of Suai, Timor Leste",earthquake,,,,2.0,reviewed,us,us,1988-07-07,30191,Timor Leste,1
1988-07-16 15:35:13.980000+00:00,-7.021,129.09,119.7,5.2,mw,,,,1.3,us,usp0003hxc,2014-11-07T00:42:30.980Z,"284 km NE of Lospalos, Timor Leste",earthquake,,26.1,,4.0,reviewed,us,us,1988-07-16,30287,Timor Leste,1
1988-07-18 16:43:12.190000+00:00,-6.785,128.637,54.1,6.18,mw,,,,1.2,us,usp0003hz0,2014-11-07T00:42:31.276Z,"263 km NE of Lospalos, Timor Leste",earthquake,,12.8,,1.0,reviewed,us,us,1988-07-18,30241,Timor Leste,1
1988-08-02 00:00:16.310000+00:00,-8.141,129.04,193.5,5.03,mw,,,,1.1,us,usp0003jhn,2014-11-07T00:42:36.480Z,"228 km E of Lospalos, Timor Leste",earthquake,,39.8,,5.0,reviewed,us,us,1988-08-02,30302,Timor Leste,1
1988-08-08 17:15:05.140000+00:00,-7.941,128.375,80.6,5.4,mw,,,,1.1,us,usp0003jsm,2025-12-19T21:09:47.920Z,"164 km ENE of Lospalos, Timor Leste",earthquake,,,,,reviewed,us,hrv,1988-08-08,30264,Timor Leste,1
1988-08-24 03:03:33.030000+00:00,-9.486,124.955,109.8,4.6,mw,,,,1.1,us,usp0003kb2,2014-11-07T00:42:42.182Z,"38 km WSW of Suai, Timor Leste",earthquake,,33.8,,2.0,reviewed,us,us,1988-08-24,30367,Timor Leste,1
1988-08-24 15:26:46.680000+00:00,-9.33,125.258,104.5,4.6,mw,,,,1.0,us,usp0003kbz,2014-11-07T00:42:42.262Z,"1 km S of Suai, Timor Leste",earthquake,,27.4,,1.0,reviewed,us,us,1988-08-24,30375,Timor Leste,1
1988-08-31 08:40:16.890000+00:00,-7.044,127.949,33.0,5.11,mw,,,,1.5,us,usp0003khr,2014-11-07T00:42:42.870Z,"194 km NNE of Lospalos, Timor Leste",earthquake,,,,1.0,reviewed,us,us,1988-08-31,30295,Timor Leste,1
1988-09-08 17:04:34.330000+00:00,-7.927,127.86,147.2,4.85,mw,,,,1.2,us,usp0003kt9,2014-11-07T00:42:48.333Z,"115 km NE of Lospalos, Timor Leste",earthquake,,21.4,,2.0,reviewed,us,us,1988-09-08,30345,Timor Leste,1
1988-09-10 15:46:51.020000+00:00,-8.194,126.908,209.1,4.94,mw,,,,1.0,us,usp0003kvd,2014-11-07T00:42:48.703Z,"37 km NNW of Lospalos, Timor Leste",earthquake,,38.2,,2.0,reviewed,us,us,1988-09-10,30336,Timor Leste,1
1988-09-15 19:15:20.330000+00:00,-6.635,127.981,377.0,4.6,mw,,,,0.9,us,usp0003m03,2014-11-07T00:42:49.457Z,"235 km NNE of Lospalos, Timor Leste",earthquake,,15.4,,2.0,reviewed,us,us,1988-09-15,30391,Timor Leste,1
1988-09-30 08:27:53.560000+00:00,-7.406,128.371,145.6,5.7,mw,,,,1.0,us,usp0003mcz,2022-04-28T20:36:42.000Z,"195 km NE of Lospalos, Timor Leste",earthquake,,,,,reviewed,us,hrv,1988-09-30,30258,Timor Leste,1
1988-10-06 13:46:23.570000+00:00,-7.358,126.634,355.6,4.68,mw,,,,0.8,us,usp0003mjz,2014-11-07T00:42:56.193Z,"125 km N of Baukau, Timor Leste",earthquake,,22.0,,3.0,reviewed,us,us,1988-10-06,30355,Timor Leste,1
1988-10-19 19:08:54.770000+00:00,-7.551,127.95,178.8,5.03,mw,,,,1.2,us,usp0003mza,2014-11-07T00:42:58.684Z,"150 km NE of Lospalos, Timor Leste",earthquake,,11.2,,6.0,reviewed,us,us,1988-10-19,30317,Timor Leste,1
1988-10-27 09:50:55.540000+00:00,-7.422,128.994,128.4,5.28,mw,,,,1.2,us,usp0003n8x,2014-11-07T00:43:00.118Z,"251 km ENE of Lospalos, Timor Leste",earthquake,,11.0,,12.0,reviewed,us,us,1988-10-27,30280,Timor Leste,1
1988-10-28 15:22:19.830000+00:00,-9.011,129.673,199.7,5.2,mw,,,,1.2,us,usp0003na2,2014-11-07T00:43:00.266Z,"299 km E of Lospalos, Timor Leste",earthquake,,34.9,,1.0,reviewed,us,us,1988-10-28,30280,Timor Leste,1
1988-11-07 14:34:12.530000+00:00,-9.682,128.556,192.3,4.6,mw,,,,0.6,us,usp0003nnu,2014-11-07T00:43:05.448Z,"213 km SE of Lospalos, Timor Leste",earthquake,,27.1,,1.0,reviewed,us,us,1988-11-07,30378,Timor Leste,-1
1988-11-09 12:17:07.050000+00:00,-8.013,126.574,124.4,4.51,mw,,,,1.4,us,usp0003nqm,2014-11-07T00:43:05.645Z,"52 km NNE of Baukau, Timor Leste",earthquake,,36.8,,2.0,reviewed,us,us,1988-11-09,30415,Timor Leste,1
1988-11-14 04:29:08.540000+00:00,-7.468,125.765,10.0,5.71,mw,,,,1.3,us,usp0003nuq,2022-04-28T20:30:45.840Z,"117 km N of Metinaro, Timor Leste",earthquake,,,,18.0,reviewed,us,us,1988-11-14,30243,Timor Leste,1
1988-11-19 16:59:39.090000+00:00,-6.751,127.279,424.2,5.03,mw,,,,0.8,us,usp0003nzc,2014-11-07T00:43:07.409Z,"198 km N of Lospalos, Timor Leste",earthquake,,23.7,,2.0,reviewed,us,us,1988-11-19,30297,Timor Leste,1
1988-11-27 07:59:10.400000+00:00,-8.911,124.135,33.0,4.85,mw,,,,1.3,us,usp0003p8n,2014-11-07T00:43:10.251Z,"42 km NW of Pante Makasar, Timor Leste",earthquake,,,,5.0,reviewed,us,us,1988-11-27,30344,Timor Leste,1
1988-11-30 14:29:29.400000+00:00,-10.055,127.97,183.1,4.51,mw,,,,0.4,us,usp0003pd3,2014-11-07T00:43:10.850Z,"200 km SSE of Lospalos, Timor Leste",earthquake,,24.3,,1.0,reviewed,us,us,1988-11-30,30412,Timor Leste,-1
1988-12-13 14:01:06.200000+00:00,-9.556,126.717,33.0,4.68,mw,,,,1.0,us,usp0003ptv,2014-11-07T00:43:17.204Z,"86 km SSE of Viqueque, Timor Leste",earthquake,,,,2.0,reviewed,us,us,1988-12-13,30357,Timor Leste,-1
1989-01-03 15:00:22.930000+00:00,-9.982,127.196,362.1,4.6,mw,,,,0.6,us,usp0003qfh,2014-11-07T00:43:23.395Z,"154 km SE of Viqueque, Timor Leste",earthquake,,30.8,,3.0,reviewed,us,us,1989-01-03,30362,Timor Leste,1
1989-01-06 05:47:58.190000+00:00,-6.985,125.346,482.9,4.94,mw,,,,1.0,us,usp0003qju,2014-11-07T00:43:24.188Z,"175 km N of Dili, Timor Leste",earthquake,,11.0,,10.0,reviewed,us,us,1989-01-06,30323,Timor Leste,1
1989-02-15 05:50:20.190000+00:00,-6.438,127.86,33.0,5.11,mw,,,,1.2,us,usp0003rxu,2014-11-07T00:43:36.505Z,"249 km NNE of Lospalos, Timor Leste",earthquake,,,,6.0,reviewed,us,us,1989-02-15,30496,Timor Leste,1
1989-02-23 02:09:02.790000+00:00,-7.921,129.309,145.2,5.03,mw,,,,1.4,us,usp0003s75,2014-11-07T00:43:37.993Z,"263 km ENE of Lospalos, Timor Leste",earthquake,,26.7,,2.0,reviewed,us,us,1989-02-23,30508,Timor Leste,1
1989-02-28 13:48:57.030000+00:00,-7.624,127.399,196.4,6.2,mw,,,,0.9,us,usp0003sed,2022-04-28T20:27:08.640Z,"108 km NNE of Lospalos, Timor Leste",earthquake,,5.0,,,reviewed,us,hrv,1989-02-28,30455,Timor Leste,1
1989-03-04 14:45:43.190000+00:00,-7.007,125.295,528.7,4.85,mw,,,,0.9,us,usp0003skh,2014-11-07T00:43:46.282Z,"174 km N of Dili, Timor Leste",earthquake,,9.6,,7.0,reviewed,us,us,1989-03-04,30517,Timor Leste,1
1989-03-22 08:08:40.710000+00:00,-8.274,124.006,161.6,4.43,mw,,,,0.9,us,usp0003t6h,2014-11-07T00:43:50.621Z,"110 km NNW of Pante Makasar, Timor Leste",earthquake,,28.9,,1.0,reviewed,us,us,1989-03-22,30597,Timor Leste,1
1989-03-22 10:23:17.240000+00:00,-9.897,127.307,191.2,4.51,mw,,,,0.1,us,usp0003t6k,2014-11-07T00:43:50.624Z,"154 km SE of Viqueque, Timor Leste",earthquake,,39.5,,1.0,reviewed,us,us,1989-03-22,30543,Timor Leste,1
1989-03-27 23:33:16.560000+00:00,-7.543,129.388,190.9,4.43,mw,,,,1.1,us,usp0003tcb,2014-11-07T00:43:51.452Z,"284 km ENE of Lospalos, Timor Leste",earthquake,,30.5,,1.0,reviewed,us,us,1989-03-27,30567,Timor Leste,1
1989-03-28 11:46:01.770000+00:00,-7.926,128.431,145.0,4.51,mw,,,,1.2,us,usp0003tcu,2014-11-07T00:43:51.489Z,"171 km ENE of Lospalos, Timor Leste",earthquake,,51.8,,4.0,reviewed,us,us,1989-03-28,30554,Timor Leste,1
1989-04-02 09:25:21.470000+00:00,-8.846,127.134,33.0,5.2,mw,,,,0.9,us,usp0003tj3,2014-11-07T00:43:54.476Z,East Timor region,earthquake,,,,5.0,reviewed,us,us,1989-04-02,30490,Timor Leste,1
1989-04-09 02:32:00.200000+00:00,-9.532,129.004,209.4,4.77,mw,,,,0.7,us,usp0003trt,2014-11-07T00:43:59.154Z,"247 km ESE of Lospalos, Timor Leste",earthquake,,17.6,,3.0,reviewed,us,us,1989-04-09,30535,Timor Leste,-1
1989-04-15 02:24:00.680000+00:00,-7.193,126.935,325.0,5.11,mw,,,,1.0,us,usp0003tzf,2014-11-07T00:44:00.047Z,"147 km N of Lospalos, Timor Leste",earthquake,,15.3,,5.0,reviewed,us,us,1989-04-15,30495,Timor Leste,1
1989-04-18 07:58:11.020000+00:00,-9.788,127.882,249.8,4.94,mw,,,,0.9,us,usp0003u36,2014-11-07T00:44:00.575Z,"170 km SE of Lospalos, Timor Leste",earthquake,,14.7,,2.0,reviewed,us,us,1989-04-18,30514,Timor Leste,1
1989-04-24 16:32:45.880000+00:00,-8.94,123.843,33.0,4.51,mw,,,,1.4,us,usp0003ub7,2014-11-07T00:44:01.741Z,"65 km WNW of Pante Makasar, Timor Leste",earthquake,,,,3.0,reviewed,us,us,1989-04-24,30539,Timor Leste,1
1989-05-06 11:31:14.030000+00:00,-8.497,125.014,292.3,5.54,mw,,,,1.1,us,usp0003uye,2014-11-07T00:44:09.293Z,"24 km WNW of Maubara, Timor Leste",earthquake,,11.2,,6.0,reviewed,us,us,1989-05-06,30463,Timor Leste,1
1989-05-10 11:00:39.500000+00:00,-8.266,129.522,176.3,4.77,mw,,,,0.5,us,usp0003v40,2014-11-07T00:44:10.350Z,"279 km E of Lospalos, Timor Leste",earthquake,,20.2,,2.0,reviewed,us,us,1989-05-10,30523,Timor Leste,1
1989-05-14 17:05:05.140000+00:00,-7.439,128.048,111.7,5.3,mw,,,,1.2,us,usp0003v7y,2025-12-19T20:56:45.435Z,"166 km NE of Lospalos, Timor Leste",earthquake,,5.0,,,reviewed,us,hrv,1989-05-14,30490,Timor Leste,1
1989-05-25 11:56:21.670000+00:00,-7.332,128.539,171.3,5.5,mw,,,,0.8,us,usp0003vmr,2022-04-28T20:18:53.318Z,"214 km NE of Lospalos, Timor Leste",earthquake,,2.1,,,reviewed,us,hrv,1989-05-25,30468,Timor Leste,1
1989-06-07 02:48:08.990000+00:00,-7.085,129.195,69.2,5.37,mw,,,,1.1,us,usp0003w1h,2014-11-07T00:44:21.166Z,"289 km ENE of Lospalos, Timor Leste",earthquake,,19.0,,10.0,reviewed,us,us,1989-06-07,30472,Timor Leste,1
1989-07-07 19:14:58.650000+00:00,-8.019,127.749,33.0,5.03,mw,,,,1.4,us,usp0003x2r,2014-11-07T00:44:31.751Z,"99 km NE of Lospalos, Timor Leste",earthquake,,,,6.0,reviewed,us,us,1989-07-07,30501,Timor Leste,1
1989-07-14 20:42:40.060000+00:00,-8.081,125.129,9.8,6.7,mw,,,,1.2,us,usp0003xax,2022-04-28T20:14:27.917Z,"59 km N of Maubara, Timor Leste",earthquake,,,,,reviewed,us,hrv,1989-07-14,30604,Timor Leste,1
1989-07-15 08:30:25.080000+00:00,-8.549,125.627,81.4,4.51,mw,,,,1.6,us,usp0003xbd,2014-11-07T00:44:33.244Z,"5 km E of Dili, Timor Leste",earthquake,,23.8,,4.0,reviewed,us,us,1989-07-15,30765,Timor Leste,1
1989-07-18 16:44:05.700000+00:00,-11.854,127.055,33.0,4.85,mw,,,,1.3,us,usp0003xer,2014-11-07T00:44:33.549Z,Timor Sea,earthquake,,,,1.0,reviewed,us,us,1989-07-18,30745,Timor Leste,-1
1989-07-23 11:26:39+00:00,-7.444,126.204,33.0,5.11,mw,,,,1.0,us,usp0003xm2,2014-11-07T00:44:34.215Z,"117 km NNW of Baukau, Timor Leste",earthquake,,,,9.0,reviewed,us,us,1989-07-23,30679,Timor Leste,1
1989-08-07 17:30:55.640000+00:00,-8.402,128.707,152.3,4.43,mw,,,,1.4,us,usp0003y6z,2014-11-07T00:44:40.932Z,"188 km E of Lospalos, Timor Leste",earthquake,,38.6,,2.0,reviewed,us,us,1989-08-07,30775,Timor Leste,1
1989-08-29 00:34:39.120000+00:00,-7.814,128.626,154.3,4.94,mw,,,,0.7,us,usp0003z0p,2014-11-07T00:44:45.343Z,"195 km ENE of Lospalos, Timor Leste",earthquake,,38.4,,1.0,reviewed,us,us,1989-08-29,30691,Timor Leste,1
1989-09-03 21:16:53.500000+00:00,-9.397,126.201,33.0,4.51,mw,,,,1.1,us,usp0003z6x,2014-11-07T00:44:49.323Z,"62 km SSW of Viqueque, Timor Leste",earthquake,,,,2.0,reviewed,us,us,1989-09-03,30767,Timor Leste,1
1989-09-09 10:52:31.230000+00:00,-6.589,128.433,306.5,4.85,mw,,,,0.6,us,usp0003zcv,2014-11-07T00:44:51.032Z,"265 km NE of Lospalos, Timor Leste",earthquake,,32.6,,1.0,reviewed,us,us,1989-09-09,30736,Timor Leste,1
1989-09-20 01:29:12.220000+00:00,-7.457,129.366,141.0,5.11,mw,,,,1.5,us,usp0003ztb,2014-11-07T00:44:53.355Z,"286 km ENE of Lospalos, Timor Leste",earthquake,,18.1,,5.0,reviewed,us,us,1989-09-20,30672,Timor Leste,1
1989-09-20 23:28:11.820000+00:00,-6.327,128.047,366.3,5.2,mw,,,,1.1,us,usp0003zud,2014-11-07T00:44:53.462Z,"268 km NNE of Lospalos, Timor Leste",earthquake,,7.0,,13.0,reviewed,us,us,1989-09-20,30655,Timor Leste,1
1989-09-21 04:16:01.710000+00:00,-7.418,125.598,33.0,4.94,mw,,,,1.3,us,usp0003zuu,2014-11-07T00:44:53.495Z,"124 km N of Metinaro, Timor Leste",earthquake,,,,7.0,reviewed,us,us,1989-09-21,30699,Timor Leste,1
1989-09-27 10:57:47.840000+00:00,-8.246,127.983,181.9,4.85,mw,,,,1.5,us,usp000402u,2014-11-07T00:44:54.844Z,"112 km ENE of Lospalos, Timor Leste",earthquake,,22.2,,2.0,reviewed,us,us,1989-09-27,30724,Timor Leste,1
1989-10-02 10:36:41.350000+00:00,-8.879,124.571,33.0,5.11,mw,,,,0.8,us,usp000408h,2014-11-07T00:44:57.681Z,"41 km NNE of Pante Makasar, Timor Leste",earthquake,,,,5.0,reviewed,us,us,1989-10-02,30661,Timor Leste,1
1989-10-06 00:56:20.580000+00:00,-6.4,126.62,431.3,4.85,mw,,,,0.9,us,usp00040cf,2014-11-07T00:44:59.077Z,"230 km N of Baukau, Timor Leste",earthquake,,28.0,,3.0,reviewed,us,us,1989-10-06,30704,Timor Leste,1
1989-10-09 10:22:32.010000+00:00,-7.93,129.514,10.0,4.6,mw,,,,0.5,us,usp00040g7,2014-11-07T00:45:00.711Z,"284 km ENE of Lospalos, Timor Leste",earthquake,,,,1.0,reviewed,us,us,1989-10-09,30754,Timor Leste,1
1989-10-12 06:29:41.320000+00:00,-6.908,127.755,277.3,5.11,mw,,,,1.0,us,usp00040k8,2014-11-07T00:45:01.261Z,"197 km NNE of Lospalos, Timor Leste",earthquake,,10.7,,9.0,reviewed,us,us,1989-10-12,30672,Timor Leste,1
1989-10-17 03:48:19.240000+00:00,-6.159,125.349,33.0,5.03,mw,,,,1.4,us,usp00040sh,2014-11-07T00:45:02.198Z,"265 km N of Metinaro, Timor Leste",earthquake,,,,2.0,reviewed,us,us,1989-10-17,30684,Timor Leste,1
1989-10-17 21:28:10.590000+00:00,-7.331,127.863,242.1,5.11,mw,,,,0.8,us,usp00040t3,2014-11-07T00:45:02.247Z,"162 km NE of Lospalos, Timor Leste",earthquake,,30.9,,3.0,reviewed,us,us,1989-10-17,30673,Timor Leste,1
1989-10-22 19:01:40.770000+00:00,-8.471,129.093,119.9,4.85,mw,,,,1.3,us,usp0004141,2014-11-07T00:45:04.046Z,"230 km E of Lospalos, Timor Leste",earthquake,,35.1,,1.0,reviewed,us,us,1989-10-22,30704,Timor Leste,1
1989-10-22 20:35:40.870000+00:00,-7.358,128.598,155.7,5.6,mw,,,,1.0,us,usp0004144,2022-04-28T20:09:48.789Z,"218 km NE of Lospalos, Timor Leste",earthquake,,,,,reviewed,us,hrv,1989-10-22,30608,Timor Leste,1
1989-11-11 07:14:21.800000+00:00,-8.502,124.078,160.6,4.85,mw,,,,0.6,us,usp00041xy,2014-11-07T00:45:11.947Z,"84 km NNW of Pante Makasar, Timor Leste",earthquake,,24.3,,1.0,reviewed,us,us,1989-11-11,30699,Timor Leste,1
1989-11-23 11:37:32.190000+00:00,-7.722,128.236,115.8,5.03,mw,,,,1.3,us,usp00042bc,2014-11-07T00:45:13.823Z,"162 km ENE of Lospalos, Timor Leste",earthquake,,15.9,,6.0,reviewed,us,us,1989-11-23,30688,Timor Leste,1
1989-12-02 04:24:54.540000+00:00,-9.501,125.046,56.6,5.78,mw,,,,1.5,us,usp00042mz,2014-11-07T00:45:17.654Z,"31 km SW of Suai, Timor Leste",earthquake,,20.1,,2.0,reviewed,us,us,1989-12-02,30605,Timor Leste,1
1989-12-11 03:48:25.850000+00:00,-9.103,128.485,163.8,4.94,mw,,,,1.4,us,usp00042yf,2014-11-07T00:45:20.759Z,"175 km ESE of Lospalos, Timor Leste",earthquake,,40.0,,2.0,reviewed,us,us,1989-12-11,30694,Timor Leste,1
1989-12-22 21:09:38.060000+00:00,-6.99,124.807,551.5,5.3,mw,,,,0.9,us,usp00043fg,2025-12-19T21:03:35.151Z,"184 km NNW of Maubara, Timor Leste",earthquake,,5.3,,,reviewed,us,hrv,1989-12-22,30650,Timor Leste,1
1989-12-24 15:00:19.920000+00:00,-6.633,127.39,415.4,5.37,mw,,,,1.4,us,usp00043hd,2014-11-07T00:45:23.591Z,"213 km NNE of Lospalos, Timor Leste",earthquake,,12.9,,5.0,reviewed,us,us,1989-12-24,30613,Timor Leste,1
1990-01-01 16:07:27.320000+00:00,-7.183,125.242,527.1,5.3,mw,,,,1.1,us,usp00043tq,2025-12-19T21:02:55.332Z,"155 km N of Likisá, Timor Leste",earthquake,,4.7,,,reviewed,us,hrv,1990-01-01,30628,Timor Leste,1
1990-01-19 17:29:35.310000+00:00,-7.43,126.679,325.4,5.37,mw,,,,0.8,us,usp00044fe,2014-11-07T00:45:33.646Z,"118 km NNE of Baukau, Timor Leste",earthquake,,19.7,,3.0,reviewed,us,us,1990-01-19,30808,Timor Leste,1
1990-01-21 01:08:16.230000+00:00,-9.032,128.551,161.4,4.6,mw,,,,0.7,us,usp00044he,2014-11-07T00:45:33.867Z,"179 km ESE of Lospalos, Timor Leste",earthquake,,34.5,,1.0,reviewed,us,us,1990-01-21,30941,Timor Leste,1
1990-02-03 12:04:50.810000+00:00,-7.05,129.191,172.0,5.37,mw,,,,1.3,us,usp0004516,2014-11-07T00:45:39.416Z,"291 km NE of Lospalos, Timor Leste",earthquake,,10.2,,20.0,reviewed,us,us,1990-02-03,30816,Timor Leste,1
1990-02-11 06:34:52.560000+00:00,-8.564,128.106,317.8,4.6,mw,,,,0.4,us,usp00045av,2014-11-07T00:45:42.223Z,"122 km E of Lospalos, Timor Leste",earthquake,,21.6,,2.0,reviewed,us,us,1990-02-11,30933,Timor Leste,1
1990-02-27 13:16:14.390000+00:00,-8.641,126.669,188.2,4.85,mw,,,,0.0,us,usp00045z8,2014-11-07T00:45:48.287Z,"29 km SE of Baukau, Timor Leste",earthquake,,46.4,,1.0,reviewed,us,us,1990-02-27,30910,Timor Leste,1
1990-03-21 20:09:00.340000+00:00,-8.946,127.773,110.2,4.43,mw,,,,1.1,us,usp00046x1,2014-11-07T00:45:57.983Z,"97 km ESE of Lospalos, Timor Leste",earthquake,,46.1,,2.0,reviewed,us,us,1990-03-21,30954,Timor Leste,1
1990-04-05 06:09:05.300000+00:00,-8.868,124.397,180.9,4.68,mw,,,,1.3,us,usp00047fx,2014-11-07T00:46:06.450Z,"36 km N of Pante Makasar, Timor Leste",earthquake,,55.8,,2.0,reviewed,us,us,1990-04-05,30922,Timor Leste,1
1990-05-02 05:08:01.170000+00:00,-7.974,123.564,352.6,5.28,mw,,,,1.1,us,usp00048r2,2014-11-07T00:46:16.033Z,"162 km NNW of Pante Makasar, Timor Leste",earthquake,,11.1,,10.0,reviewed,us,us,1990-05-02,30832,Timor Leste,1
1990-05-02 12:30:17.270000+00:00,-9.474,129.091,185.5,4.6,mw,,,,0.7,us,usp00048rm,2014-11-07T00:46:16.200Z,"253 km ESE of Lospalos, Timor Leste",earthquake,,28.5,,2.0,reviewed,us,us,1990-05-02,30941,Timor Leste,-1
1990-05-15 02:57:26.410000+00:00,-8.472,124.015,150.7,4.77,mw,,,,1.1,us,usp00049aj,2014-11-07T00:46:21.945Z,"90 km NNW of Pante Makasar, Timor Leste",earthquake,,42.9,,2.0,reviewed,us,us,1990-05-15,30921,Timor Leste,1
1990-05-15 20:35:34.620000+00:00,-7.797,129.467,56.5,5.11,mw,,,,1.6,us,usp00049bg,2014-11-07T00:46:22.121Z,"283 km ENE of Lospalos, Timor Leste",earthquake,,14.6,,5.0,reviewed,us,us,1990-05-15,30896,Timor Leste,1
1990-05-16 18:38:59.320000+00:00,-8.339,129.57,181.8,4.6,mw,,,,1.3,us,usp00049cz,2014-11-07T00:46:22.351Z,"283 km E of Lospalos, Timor Leste",earthquake,,40.5,,1.0,reviewed,us,us,1990-05-16,30939,Timor Leste,1
1990-05-24 20:30:36.120000+00:00,-8.184,127.876,126.1,4.85,mw,,,,1.4,us,usp00049qh,2014-11-07T00:46:24.108Z,"103 km ENE of Lospalos, Timor Leste",earthquake,,54.2,,1.0,reviewed,us,us,1990-05-24,30909,Timor Leste,1
1990-05-27 23:55:31.080000+00:00,-7.739,127.893,97.4,5.2,mw,,,,1.3,us,usp00049vj,2014-11-07T00:46:24.719Z,"131 km NE of Lospalos, Timor Leste",earthquake,,13.3,,7.0,reviewed,us,us,1990-05-27,30869,Timor Leste,1
1990-05-28 15:12:00.170000+00:00,-7.139,127.309,329.0,5.4,mw,,,,1.1,us,usp00049wa,2025-12-19T21:01:50.606Z,"156 km NNE of Lospalos, Timor Leste",earthquake,,8.9,,,reviewed,us,hrv,1990-05-28,30795,Timor Leste,1
1990-06-08 00:24:19.720000+00:00,-9.06,124.026,33.0,4.85,mw,,,,1.3,us,usp0004a8e,2014-11-07T00:46:30.202Z,"42 km WNW of Pante Makasar, Timor Leste",earthquake,,,,4.0,reviewed,us,us,1990-06-08,30918,Timor Leste,1
1990-06-14 14:02:02.140000+00:00,-7.004,125.074,567.0,5.28,mw,,,,0.9,us,usp0004agr,2014-11-07T00:46:31.822Z,"177 km N of Likisá, Timor Leste",earthquake,,9.6,,5.0,reviewed,us,us,1990-06-14,30854,Timor Leste,1
1990-06-16 14:00:30.070000+00:00,-7.477,128.809,145.2,5.45,mw,,,,1.3,us,usp0004akg,2014-11-07T00:46:32.213Z,"230 km ENE of Lospalos, Timor Leste",earthquake,,29.0,,2.0,reviewed,us,us,1990-06-16,30793,Timor Leste,1
1990-06-16 21:02:16.160000+00:00,-8.84,127.271,176.6,4.43,mw,,,,1.3,us,usp0004aku,2014-11-07T00:46:32.232Z,"46 km SE of Lospalos, Timor Leste",earthquake,,44.9,,1.0,reviewed,us,us,1990-06-16,30943,Timor Leste,1
1990-06-18 23:10:11.630000+00:00,-6.909,128.154,33.0,5.03,mw,,,,1.0,us,usp0004apj,2014-11-07T00:46:32.543Z,"219 km NE of Lospalos, Timor Leste",earthquake,,,,3.0,reviewed,us,us,1990-06-18,30909,Timor Leste,1
1990-06-29 14:41:45.520000+00:00,-7.598,128.273,168.6,5.03,mw,,,,1.3,us,usp0004b4y,2014-11-07T00:46:34.403Z,"173 km NE of Lospalos, Timor Leste",earthquake,,17.7,,6.0,reviewed,us,us,1990-06-29,30896,Timor Leste,1
1990-07-26 04:18:28.910000+00:00,-7.504,127.76,130.5,5.5,mw,,,,1.1,us,usp0004cj1,2022-04-28T19:44:43.864Z,"140 km NE of Lospalos, Timor Leste",earthquake,,,,,reviewed,us,hrv,1990-07-26,31013,Timor Leste,1
1990-07-27 22:05:55.020000+00:00,-7.746,128.893,33.0,5.03,mw,,,,1.2,us,usp0004cmv,2014-11-07T00:46:46.711Z,"225 km ENE of Lospalos, Timor Leste",earthquake,,,,6.0,reviewed,us,us,1990-07-27,31074,Timor Leste,1
1990-08-09 13:08:50.380000+00:00,-6.555,127.476,426.6,4.94,mw,,,,1.0,us,usp0004d53,2014-11-07T00:46:55.387Z,"223 km NNE of Lospalos, Timor Leste",earthquake,,17.9,,9.0,reviewed,us,us,1990-08-09,31075,Timor Leste,1
1990-08-18 18:24:44.580000+00:00,-8.626,128.724,183.9,4.94,mw,,,,1.2,us,usp0004dkq,2014-11-07T00:46:57.814Z,"190 km E of Lospalos, Timor Leste",earthquake,,38.1,,3.0,reviewed,us,us,1990-08-18,31078,Timor Leste,1
1990-08-19 07:25:56.950000+00:00,-9.736,127.809,241.1,4.6,mw,,,,1.0,us,usp0004dmm,2014-11-07T00:46:58.112Z,"161 km SSE of Lospalos, Timor Leste",earthquake,,28.6,,1.0,reviewed,us,us,1990-08-19,31128,Timor Leste,1
1990-08-27 15:17:12.030000+00:00,-6.87,125.452,506.4,5.9,mw,,,,0.9,us,usp0004dz3,2022-04-28T19:41:47.772Z,"186 km N of Metinaro, Timor Leste",earthquake,,,,,reviewed,us,hrv,1990-08-27,30981,Timor Leste,1
1990-09-11 05:20:45.250000+00:00,-6.885,126.705,439.4,5.11,mw,,,,0.8,us,usp0004ek3,2014-11-07T00:47:06.497Z,"178 km N of Baukau, Timor Leste",earthquake,,15.9,,10.0,reviewed,us,us,1990-09-11,31073,Timor Leste,1
1990-09-16 10:54:58.540000+00:00,-7.015,124.913,546.5,5.28,mw,,,,0.8,us,usp0004esx,2014-11-07T00:47:07.245Z,"179 km N of Maubara, Timor Leste",earthquake,,11.8,,5.0,reviewed,us,us,1990-09-16,31028,Timor Leste,1
1990-09-18 15:48:51.910000+00:00,-6.853,129.015,200.3,5.28,mw,,,,0.9,us,usp0004euz,2014-11-07T00:47:07.514Z,"289 km NE of Lospalos, Timor Leste",earthquake,,11.3,,2.0,reviewed,us,us,1990-09-18,31035,Timor Leste,1
1990-10-18 03:06:52.330000+00:00,-7.348,129.279,47.6,5.54,mw,,,,0.9,us,usp0004fvs,2014-11-07T00:47:17.346Z,"282 km ENE of Lospalos, Timor Leste",earthquake,,10.5,,16.0,reviewed,us,us,1990-10-18,31005,Timor Leste,1
1990-10-26 13:40:39.550000+00:00,-8.017,129.473,190.9,5.62,mw,,,,1.4,us,usp0004g6n,2014-11-07T00:47:18.877Z,"278 km ENE of Lospalos, Timor Leste",earthquake,,40.9,,4.0,reviewed,us,us,1990-10-26,31004,Timor Leste,1
1990-10-27 14:49:00.570000+00:00,-8.451,128.127,62.9,4.77,mw,,,,1.3,us,usp0004g7y,2014-11-07T00:47:19.160Z,"124 km E of Lospalos, Timor Leste",earthquake,,22.2,,4.0,reviewed,us,us,1990-10-27,31124,Timor Leste,1
1990-10-28 15:57:24.660000+00:00,-7.44,128.379,156.2,5.62,mw,,,,1.1,us,usp0004g90,2022-04-28T19:36:42.025Z,"193 km NE of Lospalos, Timor Leste",earthquake,,5.6,,33.0,reviewed,us,us,1990-10-28,30995,Timor Leste,1
1990-10-31 20:53:28.540000+00:00,-8.734,123.973,75.5,5.62,mw,,,,1.2,us,usp0004gde,2014-11-07T00:47:20.149Z,"68 km NW of Pante Makasar, Timor Leste",earthquake,,17.7,,6.0,reviewed,us,us,1990-10-31,30982,Timor Leste,1
1990-12-16 10:06:55.710000+00:00,-7.021,127.231,279.0,5.28,mw,,,,1.0,us,usp0004j72,2014-11-07T00:47:37.181Z,"167 km N of Lospalos, Timor Leste",earthquake,,4.1,,13.0,reviewed,us,us,1990-12-16,31033,Timor Leste,1
1990-12-20 17:19:25.970000+00:00,-7.256,128.862,104.5,5.2,mw,,,,1.0,us,usp0004jd7,2014-11-07T00:47:38.226Z,"248 km NE of Lospalos, Timor Leste",earthquake,,31.8,,4.0,reviewed,us,us,1990-12-20,31065,Timor Leste,1
1991-01-07 11:19:19.420000+00:00,-7.523,127.668,104.6,5.28,mw,,,,1.4,us,usp0004kbr,2014-11-07T00:47:47.781Z,"132 km NNE of Lospalos, Timor Leste",earthquake,,39.5,,7.0,reviewed,us,us,1991-01-07,31178,Timor Leste,1
1991-01-14 15:39:24.500000+00:00,-8.462,123.582,163.3,4.94,mw,,,,0.9,us,usp0004kps,2014-11-07T00:47:50.178Z,"120 km NW of Pante Makasar, Timor Leste",earthquake,,13.0,,7.0,reviewed,us,us,1991-01-14,31285,Timor Leste,1
1991-01-19 08:18:11.910000+00:00,-8.452,123.947,33.0,4.94,mw,,,,1.3,us,usp0004kvy,2014-11-07T00:47:50.951Z,"95 km NNW of Pante Makasar, Timor Leste",earthquake,,,,2.0,reviewed,us,us,1991-01-19,31313,Timor Leste,1
1991-02-03 02:11:28.230000+00:00,-9.099,125.443,72.3,5.28,mw,,,,1.0,us,usp0004mgp,2014-11-07T00:47:57.089Z,"13 km SSW of Ainaro, Timor Leste",earthquake,,15.2,,8.0,reviewed,us,us,1991-02-03,31213,Timor Leste,1
1991-02-08 01:38:52.110000+00:00,-7.547,128.765,103.0,5.62,mw,,,,0.9,us,usp0004mph,2022-04-28T19:22:39.087Z,"222 km ENE of Lospalos, Timor Leste",earthquake,,5.1,,32.0,reviewed,us,us,1991-02-08,31158,Timor Leste,1
1991-02-10 17:29:40.730000+00:00,-8.864,124.308,138.8,5.28,mw,,,,1.1,us,usp0004msn,2014-11-07T00:47:59.266Z,"38 km NNW of Pante Makasar, Timor Leste",earthquake,,15.2,,14.0,reviewed,us,us,1991-02-10,31187,Timor Leste,1
1991-02-17 10:13:33.990000+00:00,-8.066,129.564,33.0,5.28,mw,,,,1.2,us,usp0004n1f,2014-11-07T00:48:01.091Z,"287 km E of Lospalos, Timor Leste",earthquake,,,,9.0,reviewed,us,us,1991-02-17,31180,Timor Leste,1
1991-03-15 12:00:16.160000+00:00,-9.228,125.984,33.0,4.51,mw,,,,1.6,us,usp0004p2z,2014-11-07T00:48:12.183Z,"44 km SE of Same, Timor Leste",earthquake,,,,3.0,reviewed,us,us,1991-03-15,31315,Timor Leste,1
1991-03-23 12:22:43.470000+00:00,-7.237,129.36,94.0,5.37,mw,,,,1.3,us,usp0004pe0,2014-11-07T00:48:13.692Z,"296 km ENE of Lospalos, Timor Leste",earthquake,,8.0,,15.0,reviewed,us,us,1991-03-23,31173,Timor Leste,1
1991-04-09 23:56:18.330000+00:00,-6.904,128.661,193.5,5.03,mw,,,,1.1,us,usp0004q52,2014-11-07T00:48:20.773Z,"256 km NE of Lospalos, Timor Leste",earthquake,,34.8,,1.0,reviewed,us,us,1991-04-09,31285,Timor Leste,1
1991-04-28 04:31:53.100000+00:00,-8.11,128.107,78.7,5.03,mw,,,,1.4,us,usp0004qy1,2014-11-07T00:48:27.849Z,"130 km ENE of Lospalos, Timor Leste",earthquake,,14.9,,8.0,reviewed,us,us,1991-04-28,31280,Timor Leste,1
1991-05-21 11:00:19.080000+00:00,-7.517,126.539,18.4,6.6,mw,,,,1.1,us,usp0004rxb,2022-04-28T19:14:50.012Z,"106 km N of Baukau, Timor Leste",earthquake,,3.4,,,reviewed,us,hrv,1991-05-21,31146,Timor Leste,1
1991-05-26 10:12:14.790000+00:00,-7.499,128.141,129.5,5.62,mw,,,,1.0,us,usp0004s3g,2014-11-07T00:48:37.461Z,"169 km NE of Lospalos, Timor Leste",earthquake,,4.7,,35.0,reviewed,us,us,1991-05-26,31153,Timor Leste,1
1991-05-26 14:12:14.440000+00:00,-9.288,127.298,105.9,5.11,mw,,,,0.9,us,usp0004s3z,2014-11-07T00:48:37.567Z,"90 km SSE of Lospalos, Timor Leste",earthquake,,31.5,,7.0,reviewed,us,us,1991-05-26,31238,Timor Leste,1
1991-06-23 22:59:20.940000+00:00,-8.528,127.675,102.0,5.11,mw,,,,0.9,us,usp0004tay,2014-11-07T00:48:46.957Z,"74 km E of Lospalos, Timor Leste",earthquake,,11.3,,7.0,reviewed,us,us,1991-06-23,31221,Timor Leste,1
1991-06-25 19:04:10.210000+00:00,-8.667,128.058,191.6,5.03,mw,,,,1.3,us,usp0004tde,2014-11-07T00:48:47.251Z,"117 km E of Lospalos, Timor Leste",earthquake,,43.4,,3.0,reviewed,us,us,1991-06-25,31257,Timor Leste,1
1991-07-04 11:43:10.490000+00:00,-8.099,124.681,28.8,6.9,mwb,,,,1.1,us,usp0004tse,2022-04-28T19:06:51.316Z,"81 km NW of Maubara, Timor Leste",earthquake,,1.5,,,reviewed,us,us,1991-07-04,31324,Timor Leste,1
1991-07-04 14:11:43.550000+00:00,-11.347,125.985,33.0,5.03,mw,,,,1.5,us,usp0004tsn,2014-11-07T00:48:52.112Z,"238 km SSE of Suai, Timor Leste",earthquake,,,,4.0,reviewed,us,us,1991-07-04,31414,Timor Leste,-1
1991-07-06 00:16:40.820000+00:00,-7.269,129.242,170.1,5.54,mw,,,,1.7,us,usp0004tu1,2014-11-07T00:48:52.732Z,"283 km ENE of Lospalos, Timor Leste",earthquake,,53.7,,2.0,reviewed,us,us,1991-07-06,31326,Timor Leste,1
1991-07-09 01:54:02.820000+00:00,-8.617,124.16,165.5,4.51,mw,,,,0.6,us,usp0004tx7,2014-11-07T00:48:53.211Z,"69 km NNW of Pante Makasar, Timor Leste",earthquake,,14.3,,2.0,reviewed,us,us,1991-07-09,31499,Timor Leste,1
1991-08-02 16:39:14.490000+00:00,-7.946,127.758,149.6,4.94,mw,,,,1.3,us,usp0004ux3,2014-11-07T00:49:02.140Z,"105 km NE of Lospalos, Timor Leste",earthquake,,39.3,,2.0,reviewed,us,us,1991-08-02,31468,Timor Leste,1
1991-08-07 13:35:53.230000+00:00,-9.527,125.264,99.7,5.28,mw,,,,1.0,us,usp0004v36,2014-11-07T00:49:03.922Z,"23 km S of Suai, Timor Leste",earthquake,,14.4,,6.0,reviewed,us,us,1991-08-07,31365,Timor Leste,1
1991-08-14 21:38:07.280000+00:00,-6.918,124.677,579.8,4.85,mw,,,,0.8,us,usp0004vc0,2014-11-07T00:49:05.396Z,"196 km NNW of Maubara, Timor Leste",earthquake,,19.1,,2.0,reviewed,us,us,1991-08-14,31472,Timor Leste,1
1991-09-07 04:14:25.470000+00:00,-7.22,123.769,604.4,5.37,mw,,,,0.8,us,usp0004wbr,2014-11-07T00:49:14.002Z,"220 km NW of Maubara, Timor Leste",earthquake,,4.8,,27.0,reviewed,us,us,1991-09-07,31329,Timor Leste,1
1991-09-07 08:00:11.210000+00:00,-9.051,124.392,94.4,5.03,mw,,,,1.4,us,usp0004wc0,2014-11-07T00:49:14.060Z,"16 km N of Pante Makasar, Timor Leste",earthquake,,28.5,,6.0,reviewed,us,us,1991-09-07,31408,Timor Leste,1
1991-09-12 01:16:13.430000+00:00,-6.32,128.227,367.1,4.68,mw,,,,1.1,us,usp0004whw,2014-11-07T00:49:14.880Z,"278 km NNE of Lospalos, Timor Leste",earthquake,,17.8,,2.0,reviewed,us,us,1991-09-12,31491,Timor Leste,1
1991-09-26 05:33:10.880000+00:00,-6.885,125.243,556.3,5.28,mw,,,,0.7,us,usp0004x2a,2014-11-07T00:49:17.484Z,"188 km N of Likisá, Timor Leste",earthquake,,20.9,,8.0,reviewed,us,us,1991-09-26,31358,Timor Leste,1
1991-10-02 06:38:58.960000+00:00,-7.517,127.476,66.9,5.2,mw,,,,1.2,us,usp0004x9u,2014-11-07T00:49:20.480Z,"122 km NNE of Lospalos, Timor Leste",earthquake,,22.6,,5.0,reviewed,us,us,1991-10-02,31389,Timor Leste,1
1991-10-07 04:35:36.320000+00:00,-6.732,127.328,420.8,4.94,mw,,,,1.2,us,usp0004xgp,2014-11-07T00:49:22.588Z,"201 km N of Lospalos, Timor Leste",earthquake,,13.1,,9.0,reviewed,us,us,1991-10-07,31450,Timor Leste,1
1991-10-08 19:53:12.410000+00:00,-8.169,125.774,20.4,5.03,mw,,,,1.1,us,usp0004xjh,2014-11-07T00:49:22.900Z,"40 km N of Metinaro, Timor Leste",earthquake,,,,5.0,reviewed,us,us,1991-10-08,31448,Timor Leste,1
1991-11-05 01:22:33.520000+00:00,-8.668,127.162,33.0,4.6,mw,,,,0.9,us,usp0004ytw,2014-11-07T00:49:32.395Z,"24 km SE of Lospalos, Timor Leste",earthquake,,,,3.0,reviewed,us,us,1991-11-05,31497,Timor Leste,1
1991-11-06 20:59:58.190000+00:00,-6.65,126.877,414.9,4.85,mw,,,,0.9,us,usp0004yvy,2014-11-07T00:49:33.059Z,"207 km NNE of Baukau, Timor Leste",earthquake,,20.0,,6.0,reviewed,us,us,1991-11-06,31470,Timor Leste,1
1991-11-07 09:21:23.720000+00:00,-7.32,128.55,140.2,6.3,mw,,,,1.0,us,usp0004ywe,2022-04-28T18:59:12.754Z,"216 km NE of Lospalos, Timor Leste",earthquake,,,,,reviewed,us,hrv,1991-11-07,31324,Timor Leste,1
1991-11-14 15:09:05.710000+00:00,-7.137,126.739,405.3,5.03,mw,,,,1.1,us,usp0004z57,2014-11-07T00:49:34.753Z,"151 km NNE of Baukau, Timor Leste",earthquake,,21.6,,2.0,reviewed,us,us,1991-11-14,31420,Timor Leste,1
1991-11-25 10:10:59.220000+00:00,-7.651,129.486,149.7,4.94,mw,,,,1.3,us,usp0004zmp,2014-11-07T00:49:36.240Z,"290 km ENE of Lospalos, Timor Leste",earthquake,,34.7,,1.0,reviewed,us,us,1991-11-25,31449,Timor Leste,1
1991-11-27 23:25:43.020000+00:00,-8.252,129.005,33.0,4.77,mw,,,,1.3,us,usp0004zru,2014-11-07T00:49:37.498Z,"223 km E of Lospalos, Timor Leste",earthquake,,,,4.0,reviewed,us,us,1991-11-27,31483,Timor Leste,1
1991-11-29 17:09:49.240000+00:00,-7.608,128.111,165.9,5.11,mw,,,,1.1,us,usp0004zu0,2014-11-07T00:49:37.723Z,"158 km NE of Lospalos, Timor Leste",earthquake,,11.1,,6.0,reviewed,us,us,1991-11-29,31394,Timor Leste,1
1991-12-10 23:40:18.400000+00:00,-7.993,128.207,162.2,4.94,mw,,,,1.1,us,usp0005096,2014-11-07T00:49:43.395Z,"145 km ENE of Lospalos, Timor Leste",earthquake,,23.1,,2.0,reviewed,us,us,1991-12-10,31457,Timor Leste,1
1991-12-18 06:58:42.530000+00:00,-6.644,128.866,266.6,5.03,mw,,,,0.6,us,usp00050m1,2014-11-07T00:49:45.205Z,"292 km NE of Lospalos, Timor Leste",earthquake,,14.6,,1.0,reviewed,us,us,1991-12-18,31419,Timor Leste,1
1991-12-24 19:10:42.360000+00:00,-7.11,127.629,269.3,5.2,mw,,,,1.1,us,usp00050xk,2014-11-07T00:49:47.056Z,"170 km NNE of Lospalos, Timor Leste",earthquake,,8.9,,14.0,reviewed,us,us,1991-12-24,31389,Timor Leste,1
1991-12-26 12:10:08.460000+00:00,-7.364,125.909,36.3,5.28,mw,,,,1.2,us,usp00050zx,2014-11-07T00:49:47.334Z,"127 km N of Manatutu, Timor Leste",earthquake,,11.6,,17.0,reviewed,us,us,1991-12-26,31353,Timor Leste,1
1991-12-28 05:35:29.750000+00:00,-7.963,125.576,36.4,5.54,mw,,,,1.1,us,usp000512n,2022-04-28T18:58:27.448Z,"65 km NNW of Metinaro, Timor Leste",earthquake,,9.6,,18.0,reviewed,us,us,1991-12-28,31501,Timor Leste,1
1992-01-12 18:29:02.150000+00:00,-8.948,124.298,62.6,5.54,mw,,,,1.1,us,usp00051qh,2014-11-07T00:49:54.567Z,"29 km NNW of Pante Makasar, Timor Leste",earthquake,,,,10.0,reviewed,us,us,1992-01-12,31516,Timor Leste,1
1992-01-21 23:30:40.450000+00:00,-9.51,125.878,60.5,4.68,mw,,,,0.3,us,usp0005222,2014-11-07T00:49:55.921Z,"61 km SSE of Same, Timor Leste",earthquake,,34.4,,3.0,reviewed,us,us,1992-01-21,31673,Timor Leste,1
1992-01-24 20:03:52.580000+00:00,-6.894,127.312,163.7,4.94,mw,,,,1.5,us,usp000526r,2014-11-07T00:49:56.620Z,"183 km N of Lospalos, Timor Leste",earthquake,,23.0,,1.0,reviewed,us,us,1992-01-24,31637,Timor Leste,1
1992-01-28 10:25:49.590000+00:00,-6.94,125.937,493.7,5.37,mw,,,,0.9,us,usp00052bj,2014-11-07T00:49:57.274Z,"173 km N of Manatutu, Timor Leste",earthquake,,3.2,,45.0,reviewed,us,us,1992-01-28,31532,Timor Leste,1
1992-02-25 16:27:48.610000+00:00,-7.04,126.781,305.7,4.77,mw,,,,1.3,us,usp00053g7,2014-11-07T00:50:08.158Z,"162 km NNE of Baukau, Timor Leste",earthquake,,32.7,,4.0,reviewed,us,us,1992-02-25,31647,Timor Leste,1
1992-02-29 19:07:26.540000+00:00,-6.676,127.791,306.1,4.94,mw,,,,0.8,us,usp00053ne,2014-11-07T00:50:08.948Z,"222 km NNE of Lospalos, Timor Leste",earthquake,,5.5,,22.0,reviewed,us,us,1992-02-29,31603,Timor Leste,1
1992-03-02 21:03:07.260000+00:00,-7.454,125.815,25.4,5.37,mw,,,,1.2,us,usp00053sh,2014-11-07T00:50:12.850Z,"118 km N of Manatutu, Timor Leste",earthquake,,,,18.0,reviewed,us,us,1992-03-02,31560,Timor Leste,1
1992-03-15 01:58:10.970000+00:00,-7.321,128.513,131.3,5.37,mw,,,,1.0,us,usp0005496,2014-11-07T00:50:16.000Z,"213 km NE of Lospalos, Timor Leste",earthquake,,6.7,,24.0,reviewed,us,us,1992-03-15,31566,Timor Leste,1
1992-03-17 06:22:18.590000+00:00,-6.916,128.699,206.9,4.43,mw,,,,0.3,us,usp00054d8,2014-11-07T00:50:16.879Z,"258 km NE of Lospalos, Timor Leste",earthquake,,24.8,,2.0,reviewed,us,us,1992-03-17,31679,Timor Leste,1
1992-03-17 10:51:22.140000+00:00,-7.445,124.732,386.7,5.1,mw,,,,1.0,us,usp00054de,2025-12-19T23:00:44.975Z,"139 km NNW of Maubara, Timor Leste",earthquake,,4.4,,,reviewed,us,hrv,1992-03-17,31585,Timor Leste,1
1992-03-20 02:00:34.060000+00:00,-7.677,128.314,169.6,4.77,mw,,,,1.9,us,usp00054hn,2014-11-07T00:50:17.559Z,"172 km ENE of Lospalos, Timor Leste",earthquake,,48.9,,2.0,reviewed,us,us,1992-03-20,31667,Timor Leste,1
1992-03-21 01:27:33.480000+00:00,-7.346,129.081,86.5,5.45,mw,,,,1.0,us,usp00054kd,2014-11-07T00:50:17.869Z,"263 km ENE of Lospalos, Timor Leste",earthquake,,5.4,,34.0,reviewed,us,us,1992-03-21,31525,Timor Leste,1
1992-03-26 13:27:39.590000+00:00,-7.099,124.195,610.7,5.2,mw,,,,1.0,us,usp00054vk,2025-12-19T23:00:50.588Z,"201 km NNW of Maubara, Timor Leste",earthquake,,3.7,,,reviewed,us,hrv,1992-03-26,31581,Timor Leste,1
1992-04-08 05:56:16.750000+00:00,-6.509,124.317,597.4,5.2,mw,,,,0.8,us,usp00055ge,2014-11-07T00:50:25.757Z,"252 km NNW of Maubara, Timor Leste",earthquake,,7.4,,17.0,reviewed,us,us,1992-04-08,31581,Timor Leste,1
1992-05-12 20:22:37.940000+00:00,-7.455,127.966,142.4,5.37,mw,,,,0.8,us,usp000578z,2014-11-07T00:50:37.207Z,"159 km NE of Lospalos, Timor Leste",earthquake,,,,10.0,reviewed,us,us,1992-05-12,31564,Timor Leste,1
1992-05-13 17:42:52.400000+00:00,-10.618,125.448,33.0,5.2,mw,,,,1.4,us,usp00057a3,2014-11-07T00:50:37.318Z,Timor Sea,earthquake,,,,1.0,reviewed,us,us,1992-05-13,31584,Timor Leste,2
1992-05-15 09:57:49.460000+00:00,-8.232,124.966,33.0,4.85,mw,,,,1.0,us,usp00057db,2014-11-07T00:50:37.732Z,"49 km NNW of Maubara, Timor Leste",earthquake,,,,5.0,reviewed,us,us,1992-05-15,31638,Timor Leste,1
1992-05-22 01:24:05.810000+00:00,-7.428,125.233,326.0,4.85,mw,,,,0.1,us,usp00057v9,2014-11-07T00:50:40.452Z,"128 km N of Likisá, Timor Leste",earthquake,,20.8,,2.0,reviewed,us,us,1992-05-22,31640,Timor Leste,1
1992-05-22 10:26:57.030000+00:00,-7.724,126.135,272.2,4.85,mw,,,,0.8,us,usp00057wj,2014-11-07T00:50:40.560Z,"88 km N of Manatutu, Timor Leste",earthquake,,29.1,,4.0,reviewed,us,us,1992-05-22,31647,Timor Leste,1
1992-06-11 11:09:50.280000+00:00,-6.963,125.33,555.7,5.45,mw,,,,1.0,us,usp00058ya,2014-11-07T00:50:49.220Z,"178 km N of Dili, Timor Leste",earthquake,,7.8,,16.0,reviewed,us,us,1992-06-11,31528,Timor Leste,1
1992-06-17 11:47:13.890000+00:00,-7.923,128.852,108.7,5.2,mw,,,,1.4,us,usp000597v,2014-11-07T00:50:50.642Z,"214 km ENE of Lospalos, Timor Leste",earthquake,,25.3,,18.0,reviewed,us,us,1992-06-17,31579,Timor Leste,1
1992-06-23 14:51:04.760000+00:00,-7.646,123.934,276.7,5.03,mw,,,,1.1,us,usp00059hm,2014-11-07T00:50:52.632Z,"176 km NW of Maubara, Timor Leste",earthquake,,13.3,,14.0,reviewed,us,us,1992-06-23,31590,Timor Leste,1
1992-07-07 22:35:53.390000+00:00,-8.883,126.593,33.0,5.28,mw,,,,1.2,us,usp0005afc,2014-11-07T00:51:01.897Z,"25 km E of Viqueque, Timor Leste",earthquake,,,,7.0,reviewed,us,us,1992-07-07,31745,Timor Leste,1
1992-07-16 13:33:31.470000+00:00,-6.841,128.458,33.0,4.85,mw,,,,1.7,us,usp0005ay5,2014-11-07T00:51:04.556Z,"245 km NE of Lospalos, Timor Leste",earthquake,,,,2.0,reviewed,us,us,1992-07-16,31819,Timor Leste,1
1992-07-28 01:40:04.810000+00:00,-7.113,125.063,492.4,5.45,mw,,,,1.4,us,usp0005bm2,2014-11-07T00:51:08.105Z,"165 km N of Likisá, Timor Leste",earthquake,,36.3,,2.0,reviewed,us,us,1992-07-28,31702,Timor Leste,1
1992-08-28 04:49:44.210000+00:00,-6.922,126.906,394.6,5.11,mw,,,,1.0,us,usp0005d6h,2014-11-07T00:51:19.618Z,"177 km N of Lospalos, Timor Leste",earthquake,,,,24.0,reviewed,us,us,1992-08-28,31759,Timor Leste,1
1992-08-28 11:25:13.310000+00:00,-8.458,127.593,33.0,5.28,mw,,,,0.9,us,usp0005d74,2014-11-07T00:51:19.676Z,"65 km E of Lospalos, Timor Leste",earthquake,,,,11.0,reviewed,us,us,1992-08-28,31745,Timor Leste,1
1992-08-28 17:49:50.120000+00:00,-8.584,126.295,33.0,4.68,mw,,,,0.9,us,usp0005d7n,2014-11-07T00:51:19.751Z,"11 km NW of Venilale, Timor Leste",earthquake,,,,1.0,reviewed,us,us,1992-08-28,31835,Timor Leste,1
1992-09-01 06:33:49.250000+00:00,-8.658,124.166,151.3,4.85,mw,,,,0.3,us,usp0005dcm,2014-11-07T00:51:21.921Z,"64 km NNW of Pante Makasar, Timor Leste",earthquake,,27.8,,3.0,reviewed,us,us,1992-09-01,31815,Timor Leste,1
1992-09-11 23:26:44+00:00,-8.161,128.307,146.5,4.51,mw,,,,0.5,us,usp0005dw3,2014-11-07T00:51:27.815Z,"149 km ENE of Lospalos, Timor Leste",earthquake,,28.5,,2.0,reviewed,us,us,1992-09-11,31838,Timor Leste,1
1992-09-19 19:59:26.220000+00:00,-7.395,126.455,346.9,5.03,mw,,,,0.8,us,usp0005e79,2014-11-07T00:51:29.635Z,"119 km N of Baukau, Timor Leste",earthquake,,26.1,,5.0,reviewed,us,us,1992-09-19,31778,Timor Leste,1
1992-09-22 14:15:08.780000+00:00,-7.254,128.529,49.2,5.45,mw,,,,1.0,us,usp0005ean,2014-11-07T00:51:30.045Z,"219 km NE of Lospalos, Timor Leste",earthquake,,,,37.0,reviewed,us,us,1992-09-22,31714,Timor Leste,1
1992-09-27 04:50:30.270000+00:00,-8.769,128.171,205.2,4.68,mw,,,,0.9,us,usp0005ek1,2014-11-07T00:51:31.088Z,"131 km ESE of Lospalos, Timor Leste",earthquake,,40.3,,2.0,reviewed,us,us,1992-09-27,31820,Timor Leste,1
1992-09-30 14:24:04.220000+00:00,-7.747,128.548,130.6,5.2,mw,,,,1.4,us,usp0005ert,2014-11-07T00:51:32.955Z,"191 km ENE of Lospalos, Timor Leste",earthquake,,34.4,,1.0,reviewed,us,us,1992-09-30,31749,Timor Leste,1
1992-10-31 01:42:31.890000+00:00,-7.501,128.087,177.8,5.45,mw,,,,1.4,us,usp0005g3k,2014-11-07T00:51:44.179Z,"164 km NE of Lospalos, Timor Leste",earthquake,,25.4,,5.0,reviewed,us,us,1992-10-31,31693,Timor Leste,1
1992-11-06 19:03:32.790000+00:00,-6.652,127.666,333.8,5.11,mw,,,,0.9,us,usp0005gds,2014-11-07T00:51:49.569Z,"219 km NNE of Lospalos, Timor Leste",earthquake,,6.6,,23.0,reviewed,us,us,1992-11-06,31767,Timor Leste,1
1992-11-10 10:30:53.540000+00:00,-7.204,129.178,170.7,5.4,mw,,,,1.0,us,usp0005gmv,2025-12-19T22:55:53.983Z,"281 km ENE of Lospalos, Timor Leste",earthquake,,4.6,,,reviewed,us,hrv,1992-11-10,31745,Timor Leste,1
1992-11-11 13:55:26.220000+00:00,-7.811,127.743,181.8,4.43,mw,,,,1.2,us,usp0005gq4,2014-11-07T00:51:51.297Z,"113 km NE of Lospalos, Timor Leste",earthquake,,18.2,,1.0,reviewed,us,us,1992-11-11,31857,Timor Leste,1
1992-11-26 08:58:47.830000+00:00,-8.11,129.121,112.0,5.03,mw,,,,0.8,us,usp0005hdn,2014-11-07T00:51:54.713Z,"238 km E of Lospalos, Timor Leste",earthquake,,16.2,,4.0,reviewed,us,us,1992-11-26,31775,Timor Leste,1
1992-11-29 15:57:49.990000+00:00,-6.381,128.288,327.6,5.11,mw,,,,0.9,us,usp0005hm6,2014-11-07T00:51:55.492Z,"276 km NNE of Lospalos, Timor Leste",earthquake,,8.8,,11.0,reviewed,us,us,1992-11-29,31770,Timor Leste,1
1992-12-18 18:58:12.470000+00:00,-8.772,125.046,121.0,4.85,mw,,,,1.0,us,usp0005jg9,2014-11-07T00:52:03.359Z,"24 km SW of Maubara, Timor Leste",earthquake,,32.7,,2.0,reviewed,us,us,1992-12-18,31809,Timor Leste,1
1992-12-26 00:55:39.930000+00:00,-10.418,127.392,33.0,5.11,mw,,,,0.5,us,usp0005jvf,2014-11-07T00:52:05.214Z,"206 km SSE of Viqueque, Timor Leste",earthquake,,,,1.0,reviewed,us,us,1992-12-26,31941,Timor Leste,-1
1993-01-15 08:21:14.170000+00:00,-7.677,129.306,33.0,4.43,mw,,,,0.9,us,usp0005ktc,2014-11-07T00:52:14.119Z,"270 km ENE of Lospalos, Timor Leste",earthquake,,,,1.0,reviewed,us,us,1993-01-15,31970,Timor Leste,1
1993-01-20 17:31:15.570000+00:00,-7.205,128.566,33.0,6.4,mw,,,,1.2,us,usp0005m0k,2022-04-28T18:23:47.834Z,"226 km NE of Lospalos, Timor Leste",earthquake,,,,,reviewed,us,hrv,1993-01-20,31865,Timor Leste,1
1993-01-28 18:25:10.200000+00:00,-8.083,129.083,33.0,5.45,mw,,,,0.9,us,usp0005mc7,2014-11-07T00:52:17.047Z,"234 km ENE of Lospalos, Timor Leste",earthquake,,,,43.0,reviewed,us,us,1993-01-28,31890,Timor Leste,1
1993-02-01 23:11:58.620000+00:00,-7.442,127.715,157.1,5.2,mw,,,,0.4,us,usp0005mhf,2014-11-07T00:52:20.140Z,"143 km NNE of Lospalos, Timor Leste",earthquake,,14.2,,6.0,reviewed,us,us,1993-02-01,31939,Timor Leste,1
1993-02-21 07:13:20.120000+00:00,-6.726,127.636,368.3,5.7,mw,,,,0.9,us,usp0005ne1,2022-04-28T18:21:02.054Z,"210 km NNE of Lospalos, Timor Leste",earthquake,,,,,reviewed,us,hrv,1993-02-21,31885,Timor Leste,1
1993-03-08 15:30:08.470000+00:00,-8.948,123.944,80.3,5.28,mw,,,,1.3,us,usp0005p66,2014-11-07T00:52:33.697Z,"55 km WNW of Pante Makasar, Timor Leste",earthquake,,,,22.0,reviewed,us,us,1993-03-08,31902,Timor Leste,1
1993-03-10 20:26:38.050000+00:00,-7.755,126.371,33.0,5.2,mw,,,,1.4,us,usp0005p9t,2014-11-07T00:52:34.401Z,"80 km N of Baukau, Timor Leste",earthquake,,,,4.0,reviewed,us,us,1993-03-10,31937,Timor Leste,1
1993-03-12 04:58:43.410000+00:00,-6.646,128.307,273.3,5.03,mw,,,,1.2,us,usp0005pcg,2014-11-07T00:52:34.838Z,"252 km NE of Lospalos, Timor Leste",earthquake,,19.7,,13.0,reviewed,us,us,1993-03-12,31950,Timor Leste,1
1993-03-18 07:00:06.080000+00:00,-7.19,129.326,104.1,4.85,mw,,,,1.4,us,usp0005pqr,2014-11-07T00:52:36.252Z,"295 km ENE of Lospalos, Timor Leste",earthquake,,28.1,,5.0,reviewed,us,us,1993-03-18,31960,Timor Leste,1
1993-03-21 17:09:39.010000+00:00,-8.707,129.52,33.0,4.85,mw,,,,1.2,us,usp0005px4,2014-11-07T00:52:37.673Z,"278 km E of Lospalos, Timor Leste",earthquake,,,,3.0,reviewed,us,us,1993-03-21,31955,Timor Leste,1
1993-03-25 18:50:21.790000+00:00,-8.939,128.381,217.1,5.2,mw,,,,1.2,us,usp0005q44,2014-11-07T00:52:38.574Z,"158 km ESE of Lospalos, Timor Leste",earthquake,,27.6,,4.0,reviewed,us,us,1993-03-25,31922,Timor Leste,1
1993-03-26 01:38:04.290000+00:00,-6.441,125.549,554.8,5.28,mw,,,,0.2,us,usp0005q4v,2014-11-07T00:52:39.065Z,"232 km N of Metinaro, Timor Leste",earthquake,,57.2,,4.0,reviewed,us,us,1993-03-26,31898,Timor Leste,1
1993-03-31 15:28:14.830000+00:00,-9.178,125.989,74.9,5.03,mw,,,,1.3,us,usp0005qf3,2014-11-07T00:52:40.739Z,"42 km ESE of Same, Timor Leste",earthquake,,24.9,,6.0,reviewed,us,us,1993-03-31,31954,Timor Leste,1
1993-04-06 02:47:14.470000+00:00,-8.844,125.604,22.1,5.11,mw,,,,1.2,us,usp0005qqu,2014-11-07T00:52:46.617Z,"13 km SSE of Aileu, Timor Leste",earthquake,,,,16.0,reviewed,us,us,1993-04-06,31947,Timor Leste,1
1993-04-10 08:42:49.240000+00:00,-9.052,124.445,33.0,4.68,mw,,,,1.1,us,usp0005qyw,2014-11-07T00:52:48.231Z,"17 km NNE of Pante Makasar, Timor Leste",earthquake,,,,1.0,reviewed,us,us,1993-04-10,31966,Timor Leste,1
1993-06-19 23:07:03.130000+00:00,-7.226,123.826,287.7,4.68,mw,,,,1.0,us,usp0005uwa,2014-11-07T00:53:17.291Z,"215 km NW of Maubara, Timor Leste",earthquake,,20.9,,3.0,reviewed,us,us,1993-06-19,32200,Timor Leste,1
1993-06-26 21:49:01.860000+00:00,-8.114,125.059,33.0,5.28,mw,,,,0.6,us,usp0005v7p,2014-11-07T00:53:19.826Z,"57 km NNW of Maubara, Timor Leste",earthquake,,,,2.0,reviewed,us,us,1993-06-26,32153,Timor Leste,1
1993-07-12 07:54:06.160000+00:00,-9.714,128.734,33.0,5.45,mw,,,,1.3,us,usp0005w06,2014-11-07T00:53:27.448Z,"231 km SE of Lospalos, Timor Leste",earthquake,,,,6.0,reviewed,us,us,1993-07-12,32047,Timor Leste,-1
1993-07-21 18:28:11.440000+00:00,-7.359,129.103,53.5,5.2,mw,,,,1.1,us,usp0005x43,2014-11-07T00:53:32.406Z,"265 km ENE of Lospalos, Timor Leste",earthquake,,17.6,,15.0,reviewed,us,us,1993-07-21,32164,Timor Leste,1
1993-08-04 13:02:20.770000+00:00,-7.445,125.814,26.1,5.54,mw,,,,1.0,us,usp0005xxz,2014-11-07T00:53:39.517Z,"119 km N of Manatutu, Timor Leste",earthquake,,,,44.0,reviewed,us,us,1993-08-04,32040,Timor Leste,1
1993-08-07 14:11:31.230000+00:00,-6.069,125.064,592.5,5.37,mw,,,,0.8,us,usp0005y2k,2014-11-07T00:53:40.361Z,"280 km N of Likisá, Timor Leste",earthquake,,17.5,,12.0,reviewed,us,us,1993-08-07,32116,Timor Leste,1
1993-09-03 23:09:42.970000+00:00,-7.97,127.285,58.9,5.37,mw,,,,1.0,us,usp0005zq8,2014-11-07T00:53:54.617Z,"68 km NNE of Lospalos, Timor Leste",earthquake,,12.5,,15.0,reviewed,us,us,1993-09-03,32089,Timor Leste,1
1993-09-04 23:08:33.560000+00:00,-7.439,126.656,273.9,5.37,mw,,,,0.9,us,usp0005zry,2014-11-07T00:53:55.284Z,"116 km N of Baukau, Timor Leste",earthquake,,12.1,,5.0,reviewed,us,us,1993-09-04,32086,Timor Leste,1
1993-09-17 11:01:16.540000+00:00,-6.818,125.246,525.4,5.11,mw,,,,0.7,us,usp00060h9,2014-11-07T00:53:58.748Z,"195 km N of Dili, Timor Leste",earthquake,,14.9,,17.0,reviewed,us,us,1993-09-17,32187,Timor Leste,1
1993-10-09 03:59:44.100000+00:00,-6.665,127.262,435.5,4.43,mw,,,,0.7,us,usp00061pr,2014-11-07T00:54:11.246Z,"207 km N of Lospalos, Timor Leste",earthquake,,25.1,,1.0,reviewed,us,us,1993-10-09,32205,Timor Leste,1
1993-10-10 14:33:11.020000+00:00,-7.288,126.274,449.1,5.11,mw,,,,0.9,us,usp00061rv,2014-11-07T00:54:11.484Z,"132 km N of Baukau, Timor Leste",earthquake,,9.0,,23.0,reviewed,us,us,1993-10-10,32171,Timor Leste,1
1993-10-21 22:59:18.710000+00:00,-7.988,128.26,67.4,4.6,mw,,,,0.9,us,usp00062dt,2014-11-07T00:54:14.164Z,"151 km ENE of Lospalos, Timor Leste",earthquake,,26.4,,1.0,reviewed,us,us,1993-10-21,32200,Timor Leste,1
1993-10-28 09:50:06.310000+00:00,-6.879,128.785,182.2,5.37,mw,,,,1.1,us,usp00062ue,2014-11-07T00:54:15.880Z,"268 km NE of Lospalos, Timor Leste",earthquake,,7.3,,26.0,reviewed,us,us,1993-10-28,32072,Timor Leste,1
1993-11-13 22:42:10.550000+00:00,-7.608,127.65,33.0,5.37,mw,,,,1.4,us,usp00063ny,2014-11-07T00:54:24.741Z,"123 km NE of Lospalos, Timor Leste",earthquake,,,,24.0,reviewed,us,us,1993-11-13,32117,Timor Leste,1
1993-11-26 12:08:05.550000+00:00,-8.765,123.953,35.5,5.28,mw,,,,1.1,us,usp000648s,2014-11-07T00:54:27.447Z,"67 km NW of Pante Makasar, Timor Leste",earthquake,,27.5,,6.0,reviewed,us,us,1993-11-26,32130,Timor Leste,1
1993-11-26 17:14:56.400000+00:00,-7.301,128.543,118.7,5.28,mw,,,,0.9,us,usp0006498,2014-11-07T00:54:27.483Z,"217 km NE of Lospalos, Timor Leste",earthquake,,25.6,,4.0,reviewed,us,us,1993-11-26,32152,Timor Leste,1
1993-12-01 08:21:54.360000+00:00,-6.276,127.988,361.1,5.4,mw,,,,1.2,us,usp00064gp,2025-12-19T22:49:48.756Z,"271 km NNE of Lospalos, Timor Leste",earthquake,,8.1,,,reviewed,us,hrv,1993-12-01,32063,Timor Leste,1
1993-12-16 03:12:01.240000+00:00,-9.183,127.618,33.0,5.28,mw,,,,1.3,us,usp000656h,2014-11-07T00:54:36.073Z,"99 km SE of Lospalos, Timor Leste",earthquake,,,,8.0,reviewed,us,us,1993-12-16,32260,Timor Leste,1
1993-12-28 05:34:23.600000+00:00,-7.08,128.196,116.4,4.68,mw,,,,0.6,us,usp00065r1,2014-11-07T00:54:38.705Z,"207 km NE of Lospalos, Timor Leste",earthquake,,25.6,,3.0,reviewed,us,us,1993-12-28,32375,Timor Leste,1
1994-01-14 09:07:28+00:00,-6.32,128.402,356.0,5.03,mw,,,,0.9,us,usp00066em,2014-11-07T00:54:46.807Z,"288 km NNE of Lospalos, Timor Leste",earthquake,,3.8,,24.0,reviewed,us,us,1994-01-14,32310,Timor Leste,1
1994-01-16 11:46:33.570000+00:00,-8.708,127.313,28.4,5.11,mw,,,,1.6,us,usp00066hr,2014-11-07T00:54:47.145Z,"40 km ESE of Lospalos, Timor Leste",earthquake,,,,10.0,reviewed,us,us,1994-01-16,32279,Timor Leste,1
1994-01-16 20:12:18.700000+00:00,-7.483,128.449,145.1,5.4,mw,,,,1.1,us,usp00066je,2025-12-19T22:49:16.087Z,"196 km NE of Lospalos, Timor Leste",earthquake,,,,,reviewed,us,hrv,1994-01-16,32251,Timor Leste,1
1994-01-25 04:17:05.090000+00:00,-8.049,128.102,140.0,4.94,mw,,,,0.5,us,usp00067d4,2014-11-07T00:54:50.360Z,"132 km ENE of Lospalos, Timor Leste",earthquake,,34.1,,2.0,reviewed,us,us,1994-01-25,32334,Timor Leste,1
1994-01-29 08:44:46.030000+00:00,-6.572,128.103,338.3,4.68,mw,,,,0.9,us,usp00067p6,2014-11-07T00:54:51.251Z,"247 km NNE of Lospalos, Timor Leste",earthquake,,8.8,,1.0,reviewed,us,us,1994-01-29,32393,Timor Leste,1
1994-02-09 22:38:21.540000+00:00,-7.831,128.656,179.1,4.94,mw,,,,1.4,us,usp000689r,2014-11-07T00:54:57.792Z,"197 km ENE of Lospalos, Timor Leste",earthquake,,38.1,,1.0,reviewed,us,us,1994-02-09,32352,Timor Leste,1
1994-02-13 01:13:02.410000+00:00,-6.892,126.788,377.2,5.03,mw,,,,1.2,us,usp00068ey,2014-11-07T00:54:58.773Z,"178 km NNE of Baukau, Timor Leste",earthquake,,6.6,,19.0,reviewed,us,us,1994-02-13,32328,Timor Leste,1
1994-03-16 08:38:36.430000+00:00,-6.75,127.265,391.8,4.94,mw,,,,1.1,us,usp00069s9,2014-11-07T00:55:09.561Z,"198 km N of Lospalos, Timor Leste",earthquake,,6.0,,8.0,reviewed,us,us,1994-03-16,32339,Timor Leste,1
1994-03-18 11:59:59.100000+00:00,-7.706,123.717,272.5,4.68,mw,,,,0.9,us,usp00069vf,2014-11-07T00:55:09.892Z,"180 km NNW of Pante Makasar, Timor Leste",earthquake,,16.5,,3.0,reviewed,us,us,1994-03-18,32382,Timor Leste,1
1994-04-03 07:53:18.430000+00:00,-9.728,128.341,188.4,4.77,mw,,,,1.5,us,usp0006ajt,2014-11-07T00:55:15.146Z,"198 km SE of Lospalos, Timor Leste",earthquake,,38.3,,1.0,reviewed,us,us,1994-04-03,32374,Timor Leste,-1
1994-04-09 23:26:05.800000+00:00,-6.448,126.76,470.9,5.2,mw,,,,1.0,us,usp0006aw3,2014-11-07T00:55:17.271Z,"226 km N of Baukau, Timor Leste",earthquake,,6.9,,19.0,reviewed,us,us,1994-04-09,32275,Timor Leste,1
1994-04-14 13:13:12.710000+00:00,-9.031,127.105,33.0,5.03,mw,,,,1.7,us,usp0006b34,2014-11-07T00:55:18.288Z,"57 km SSE of Lospalos, Timor Leste",earthquake,,,,8.0,reviewed,us,us,1994-04-14,32312,Timor Leste,1
1994-04-27 23:32:56.210000+00:00,-8.391,125.711,33.0,5.92,mw,,,,1.2,us,usp0006brf,2014-11-07T00:55:21.571Z,"15 km NNW of Metinaro, Timor Leste",earthquake,,,,1.0,reviewed,us,us,1994-04-27,32220,Timor Leste,1
1994-05-09 12:09:36.620000+00:00,-7.34,127.872,82.9,5.45,mw,,,,1.5,us,usp0006cae,2014-11-07T00:55:27.427Z,"162 km NE of Lospalos, Timor Leste",earthquake,,29.2,,6.0,reviewed,us,us,1994-05-09,32249,Timor Leste,1
1994-05-14 16:07:30.310000+00:00,-7.456,128.882,112.3,4.6,mw,,,,0.6,us,usp0006cjd,2014-11-07T00:55:28.588Z,"238 km ENE of Lospalos, Timor Leste",earthquake,,22.1,,1.0,reviewed,us,us,1994-05-14,32396,Timor Leste,1
1994-05-19 17:38:36.470000+00:00,-8.212,128.836,33.0,4.85,mw,,,,1.5,us,usp0006cte,2014-11-07T00:55:29.625Z,"205 km E of Lospalos, Timor Leste",earthquake,,,,1.0,reviewed,us,us,1994-05-19,32364,Timor Leste,1
1994-05-20 04:44:11.910000+00:00,-8.144,124.816,33.0,5.71,mw,,,,1.1,us,usp0006cu6,2022-04-28T17:42:26.842Z,"67 km NW of Maubara, Timor Leste",earthquake,,,,19.0,reviewed,us,us,1994-05-20,32232,Timor Leste,1
1994-05-27 14:47:03.690000+00:00,-7.469,129.421,206.5,5.37,mw,,,,1.2,us,usp0006d8p,2014-11-07T00:55:32.193Z,"291 km ENE of Lospalos, Timor Leste",earthquake,,39.1,,3.0,reviewed,us,us,1994-05-27,32251,Timor Leste,1
1994-06-07 11:03:27.240000+00:00,-7.017,129.089,176.9,5.28,mw,,,,0.4,us,usp0006dwn,2014-11-07T00:55:39.988Z,"284 km NE of Lospalos, Timor Leste",earthquake,,39.5,,6.0,reviewed,us,us,1994-06-07,32264,Timor Leste,1
1994-06-10 07:10:52.170000+00:00,-9.127,128.559,131.0,4.85,mw,,,,1.3,us,usp0006e1f,2014-11-07T00:55:40.699Z,"184 km ESE of Lospalos, Timor Leste",earthquake,,33.5,,2.0,reviewed,us,us,1994-06-10,32369,Timor Leste,1
1994-06-21 00:07:39.910000+00:00,-7.729,126.861,33.0,4.68,mw,,,,1.0,us,usp0006emh,2014-11-07T00:55:43.938Z,"88 km N of Lospalos, Timor Leste",earthquake,,,,1.0,reviewed,us,us,1994-06-21,32538,Timor Leste,1
1994-07-06 09:44:49.520000+00:00,-8.782,129.157,33.0,4.77,mw,,,,1.5,us,usp0006f9b,2014-11-07T00:55:50.315Z,"239 km E of Lospalos, Timor Leste",earthquake,,,,1.0,reviewed,us,us,1994-07-06,32534,Timor Leste,1
1994-07-13 11:45:23.360000+00:00,-7.532,127.77,158.8,6.5,mw,,,,1.1,us,usp0006fkv,2022-04-28T17:37:06.117Z,"138 km NE of Lospalos, Timor Leste",earthquake,,,,,reviewed,us,hrv,1994-07-13,32407,Timor Leste,1
1994-07-15 15:43:28.500000+00:00,-7.127,126.752,337.9,4.85,mw,,,,1.0,us,usp0006fqm,2014-11-07T00:55:52.254Z,"152 km NNE of Baukau, Timor Leste",earthquake,,28.2,,1.0,reviewed,us,us,1994-07-15,32522,Timor Leste,1
1994-07-29 22:56:28.390000+00:00,-8.972,124.253,74.2,5.2,mw,,,,1.4,us,usp0006ga0,2014-11-07T00:55:55.698Z,"29 km NNW of Pante Makasar, Timor Leste",earthquake,,25.0,,7.0,reviewed,us,us,1994-07-29,32475,Timor Leste,1
1994-08-26 22:35:25.660000+00:00,-6.068,125.744,536.3,5.2,mw,,,,0.8,us,usp0006hhv,2014-11-07T00:56:07.701Z,"271 km N of Manatutu, Timor Leste",earthquake,,16.5,,5.0,reviewed,us,us,1994-08-26,32486,Timor Leste,1
1994-08-28 06:24:12.620000+00:00,-7.256,129.239,146.8,5.71,mw,,,,1.1,us,usp0006hkd,2022-04-28T17:34:59.572Z,"283 km ENE of Lospalos, Timor Leste",earthquake,,7.3,,19.0,reviewed,us,us,1994-08-28,32429,Timor Leste,1
1994-08-30 19:42:46.510000+00:00,-6.965,124.111,595.6,6.2,mw,,,,1.0,us,usp0006hqe,2022-04-28T17:35:22.915Z,"218 km NNW of Maubara, Timor Leste",earthquake,,,,,reviewed,us,hrv,1994-08-30,32422,Timor Leste,1
1994-09-08 19:29:10.170000+00:00,-7.313,125.864,33.0,4.85,mw,,,,1.1,us,usp0006j4p,2014-11-07T00:56:14.726Z,"133 km N of Manatutu, Timor Leste",earthquake,,,,6.0,reviewed,us,us,1994-09-08,32514,Timor Leste,1
1994-09-20 05:46:37.790000+00:00,-9.114,127.712,33.0,4.85,mw,,,,1.6,us,usp0006jr3,2014-11-07T00:56:18.844Z,Timor Sea,earthquake,,,,3.0,reviewed,us,us,1994-09-20,32518,Timor Leste,1
1994-10-06 07:15:18.110000+00:00,-8.388,127.402,166.0,5.2,mw,,,,1.0,us,usp0006knb,2014-11-07T00:56:28.526Z,"46 km ENE of Lospalos, Timor Leste",earthquake,,40.5,,2.0,reviewed,us,us,1994-10-06,32477,Timor Leste,1
1994-10-10 16:27:47.480000+00:00,-7.753,129.423,211.2,5.2,mw,,,,0.2,us,usp0006kx9,2014-11-07T00:56:30.171Z,"280 km ENE of Lospalos, Timor Leste",earthquake,,32.4,,13.0,reviewed,us,us,1994-10-10,32473,Timor Leste,1
1994-10-14 07:01:15.450000+00:00,-8.325,128.418,182.0,4.85,mw,,,,1.3,us,usp0006m3k,2014-11-07T00:56:31.057Z,"157 km E of Lospalos, Timor Leste",earthquake,,35.6,,1.0,reviewed,us,us,1994-10-14,32526,Timor Leste,1
1994-10-18 03:43:49+00:00,-8.471,123.901,156.6,4.85,mw,,,,0.7,us,usp0006m9m,2014-11-07T00:56:31.803Z,"96 km NNW of Pante Makasar, Timor Leste",earthquake,,29.3,,1.0,reviewed,us,us,1994-10-18,32527,Timor Leste,1
1994-10-19 10:31:26.180000+00:00,-7.434,127.138,23.9,5.03,mw,,,,1.6,us,usp0006mc0,2014-11-07T00:56:32.089Z,"121 km N of Lospalos, Timor Leste",earthquake,,,,2.0,reviewed,us,us,1994-10-19,32498,Timor Leste,1
1994-10-26 16:03:37.830000+00:00,-7.255,124.853,495.3,4.51,mw,,,,0.7,us,usp0006mru,2014-11-07T00:56:33.880Z,"155 km NNW of Maubara, Timor Leste",earthquake,,31.2,,4.0,reviewed,us,us,1994-10-26,32570,Timor Leste,1
1994-10-30 17:21:08.250000+00:00,-6.868,129.023,190.9,5.28,mw,,,,1.1,us,usp0006mxh,2014-11-07T00:56:34.615Z,"288 km NE of Lospalos, Timor Leste",earthquake,,8.7,,23.0,reviewed,us,us,1994-10-30,32445,Timor Leste,1
1994-11-17 07:10:16.100000+00:00,-9.324,128.305,140.9,4.6,mw,,,,1.3,us,usp0006nt4,2014-11-07T00:56:47.936Z,"168 km ESE of Lospalos, Timor Leste",earthquake,,45.2,,1.0,reviewed,us,us,1994-11-17,32556,Timor Leste,1
1994-12-01 11:18:19.570000+00:00,-7.468,128.546,135.2,5.62,mw,,,,0.9,us,usp0006phn,2022-04-28T17:16:24.787Z,"206 km NE of Lospalos, Timor Leste",earthquake,,5.5,,19.0,reviewed,us,us,1994-12-01,32431,Timor Leste,1
1994-12-14 17:33:30.100000+00:00,-8.468,128.713,186.9,5.11,mw,,,,0.9,us,usp0006q20,2014-11-07T00:56:57.914Z,Timor Sea,earthquake,,30.0,,6.0,reviewed,us,us,1994-12-14,32678,Timor Leste,1
1995-01-02 20:39:31.710000+00:00,-6.738,128.58,190.3,5.37,mw,,,,1.2,us,usp0006qsb,2014-11-07T00:57:04.615Z,"263 km NE of Lospalos, Timor Leste",earthquake,,18.9,,2.0,reviewed,us,us,1995-01-02,32621,Timor Leste,1
1995-01-07 06:12:26.540000+00:00,-7.647,129.241,187.1,5.2,mw,,,,1.3,us,usp0006qzh,2014-11-07T00:57:06.568Z,"265 km ENE of Lospalos, Timor Leste",earthquake,,35.0,,4.0,reviewed,us,us,1995-01-07,32632,Timor Leste,1
1995-01-19 09:55:33.660000+00:00,-7.395,128.26,159.8,5.9,mw,,,,1.0,us,usp0006rkg,2022-04-29T17:46:14.334Z,"186 km NE of Lospalos, Timor Leste",earthquake,,,,,reviewed,us,hrv,1995-01-19,32602,Timor Leste,1
1995-01-21 16:01:23.940000+00:00,-7.046,129.113,176.5,5.6,mw,,,,0.9,us,usp0006rpq,2022-04-29T17:47:03.000Z,"284 km NE of Lospalos, Timor Leste",earthquake,,3.0,,,reviewed,us,hrv,1995-01-21,32607,Timor Leste,1
1995-01-29 17:55:05.010000+00:00,-9.159,123.937,33.0,5.28,mw,,,,0.8,us,usp0006s2m,2014-11-07T00:57:12.239Z,"49 km W of Pante Makasar, Timor Leste",earthquake,,,,10.0,reviewed,us,us,1995-01-29,32630,Timor Leste,1
1995-01-30 02:10:22.150000+00:00,-9.11,129.439,226.3,4.68,mw,,,,0.1,us,usp0006s35,2014-11-07T00:57:12.356Z,"276 km ESE of Lospalos, Timor Leste",earthquake,,17.7,,2.0,reviewed,us,us,1995-01-30,32736,Timor Leste,1
1995-02-01 11:28:53.130000+00:00,-8.505,127.547,33.0,4.85,mw,,,,1.2,us,usp0006s6y,2014-11-07T00:57:14.405Z,"60 km E of Lospalos, Timor Leste",earthquake,,,,4.0,reviewed,us,us,1995-02-01,32734,Timor Leste,1
1995-02-20 09:20:02.560000+00:00,-7.801,126.685,122.8,5.37,mw,,,,1.0,us,usp0006t8m,2014-11-07T00:57:21.278Z,"78 km NNE of Baukau, Timor Leste",earthquake,,8.2,,24.0,reviewed,us,us,1995-02-20,32629,Timor Leste,1
1995-02-22 10:07:53.800000+00:00,-9.757,125.013,33.0,5.45,mw,,,,1.1,us,usp0006tc1,2014-11-07T00:57:21.648Z,"55 km SSW of Suai, Timor Leste",earthquake,,,,14.0,reviewed,us,us,1995-02-22,32619,Timor Leste,1
1995-03-08 00:48:03.600000+00:00,-6.691,127.031,450.0,5.2,mw,,,,0.9,us,usp0006tx8,2014-11-07T00:57:29.020Z,"202 km N of Lospalos, Timor Leste",earthquake,,,,12.0,reviewed,us,us,1995-03-08,32653,Timor Leste,1
1995-03-09 23:58:25.580000+00:00,-8.85,128.348,150.0,4.85,mw,,,,1.3,us,usp0006tzx,2014-11-07T00:57:29.513Z,"152 km ESE of Lospalos, Timor Leste",earthquake,,,,1.0,reviewed,us,us,1995-03-09,32735,Timor Leste,1
1995-03-12 09:31:20.030000+00:00,-7.362,127.693,33.0,4.6,mw,,,,1.4,us,usp0006u39,2014-11-07T00:57:29.937Z,"149 km NNE of Lospalos, Timor Leste",earthquake,,,,4.0,reviewed,us,us,1995-03-12,32742,Timor Leste,1
1995-03-14 10:48:12.790000+00:00,-8.02,124.378,199.9,5.11,mw,,,,1.1,us,usp0006u6c,2014-11-07T00:57:30.641Z,"112 km NW of Maubara, Timor Leste",earthquake,,12.3,,6.0,reviewed,us,us,1995-03-14,32673,Timor Leste,1
1995-03-15 06:51:56.060000+00:00,-6.876,126.601,474.0,5.11,mw,,,,0.9,us,usp0006u78,2014-11-07T00:57:31.053Z,"177 km N of Baukau, Timor Leste",earthquake,,4.3,,9.0,reviewed,us,us,1995-03-15,32674,Timor Leste,1
1995-03-19 20:13:23+00:00,-7.329,126.62,331.2,5.03,mw,,,,0.7,us,usp0006ue8,2014-11-07T00:57:32.161Z,"128 km N of Baukau, Timor Leste",earthquake,,11.0,,7.0,reviewed,us,us,1995-03-19,32706,Timor Leste,1
1995-04-05 21:12:54.560000+00:00,-6.291,128.31,367.2,4.77,mw,,,,0.9,us,usp0006v7v,2014-11-07T00:57:39.860Z,"286 km NNE of Lospalos, Timor Leste",earthquake,,7.5,,9.0,reviewed,us,us,1995-04-05,32736,Timor Leste,1
1995-04-09 03:01:20.090000+00:00,-6.327,127.929,358.7,5.11,mw,,,,1.2,us,usp0006vdb,2014-11-07T00:57:40.819Z,"263 km NNE of Lospalos, Timor Leste",earthquake,,6.1,,13.0,reviewed,us,us,1995-04-09,32671,Timor Leste,1
1995-04-16 15:10:16.280000+00:00,-7.552,127.287,108.2,5.11,mw,,,,1.2,us,usp0006vs5,2014-11-07T00:57:42.824Z,"111 km NNE of Lospalos, Timor Leste",earthquake,,8.0,,8.0,reviewed,us,us,1995-04-16,32668,Timor Leste,1
1995-05-12 06:42:32.460000+00:00,-6.984,127.626,279.7,5.03,mw,,,,1.1,us,usp0006x77,2014-11-07T00:57:54.593Z,"183 km NNE of Lospalos, Timor Leste",earthquake,,15.0,,10.0,reviewed,us,us,1995-05-12,32699,Timor Leste,1
1995-05-14 11:33:18.870000+00:00,-8.378,125.127,11.2,6.9,mw,,,,1.4,us,usp0006xbu,2022-04-29T16:58:10.538Z,"27 km NNW of Maubara, Timor Leste",earthquake,,,,,reviewed,us,hrv,1995-05-14,32583,Timor Leste,1
1995-05-15 02:05:29.510000+00:00,-8.967,125.342,33.0,5.03,mw,,,,1.4,us,usp0006xcs,2014-11-07T00:57:55.657Z,"13 km ENE of Maliana, Timor Leste",earthquake,,,,12.0,reviewed,us,us,1995-05-15,32695,Timor Leste,1
1995-05-16 06:41:21.290000+00:00,-9.253,125.733,33.0,4.94,mw,,,,1.5,us,usp0006xf0,2014-11-07T00:57:56.138Z,"29 km SSE of Same, Timor Leste",earthquake,,,,2.0,reviewed,us,us,1995-05-16,32732,Timor Leste,1
1995-05-16 09:44:17.750000+00:00,-9.635,125.548,33.0,4.43,mw,,,,1.3,us,usp0006xf4,2014-11-07T00:57:56.163Z,"47 km SE of Suai, Timor Leste",earthquake,,,,2.0,reviewed,us,us,1995-05-16,32749,Timor Leste,1
1995-05-22 09:42:56.940000+00:00,-8.639,123.914,33.0,5.2,mw,,,,0.8,us,usp0006xur,2014-11-07T00:57:58.422Z,"80 km NW of Pante Makasar, Timor Leste",earthquake,,,,2.0,reviewed,us,us,1995-05-22,32667,Timor Leste,1
1995-05-29 20:28:51.190000+00:00,-7.08,125.117,520.6,5.2,mw,,,,0.6,us,usp0006y9n,2014-11-07T00:58:01.037Z,"168 km N of Likisá, Timor Leste",earthquake,,34.6,,7.0,reviewed,us,us,1995-05-29,32651,Timor Leste,1
1995-06-09 16:35:04.670000+00:00,-7.325,128.502,88.6,5.03,mw,,,,0.7,us,usp0006yuu,2014-11-07T00:58:07.592Z,"212 km NE of Lospalos, Timor Leste",earthquake,,13.9,,12.0,reviewed,us,us,1995-06-09,32798,Timor Leste,1
1995-06-15 06:36:10.620000+00:00,-6.264,125.748,533.8,5.28,mw,,,,0.8,us,usp0006z3y,2014-11-07T00:58:09.019Z,"250 km N of Manatutu, Timor Leste",earthquake,,2.3,,49.0,reviewed,us,us,1995-06-15,32786,Timor Leste,1
1995-06-15 17:58:30.880000+00:00,-8.383,125.828,33.0,4.77,mw,,,,1.1,us,usp0006z50,2014-11-07T00:58:09.125Z,East Timor region,earthquake,,,,1.0,reviewed,us,us,1995-06-15,32861,Timor Leste,1
1995-07-05 02:26:13.560000+00:00,-7.996,127.968,33.0,4.77,mw,,,,0.6,us,usp0007058,2014-11-07T00:58:17.917Z,"121 km ENE of Lospalos, Timor Leste",earthquake,,,,1.0,reviewed,us,us,1995-07-05,32872,Timor Leste,1
1995-07-11 11:09:50.900000+00:00,-6.863,124.369,626.1,4.51,mw,,,,1.2,us,usp00070fh,2014-11-07T00:58:20.132Z,"214 km NNW of Maubara, Timor Leste",earthquake,,7.4,,7.0,reviewed,us,us,1995-07-11,32937,Timor Leste,1
1995-07-17 08:15:31.240000+00:00,-7.462,127.721,122.4,5.28,mw,,,,1.0,us,usp00070pb,2014-11-07T00:58:21.711Z,"141 km NE of Lospalos, Timor Leste",earthquake,,,,18.0,reviewed,us,us,1995-07-17,32792,Timor Leste,1
1995-07-18 11:52:22.510000+00:00,-7.058,127.228,394.8,4.6,mw,,,,1.2,us,usp00070qp,2014-11-07T00:58:21.888Z,"163 km N of Lospalos, Timor Leste",earthquake,,26.8,,6.0,reviewed,us,us,1995-07-18,32929,Timor Leste,1
1995-07-25 15:13:47.150000+00:00,-6.273,128.255,346.2,4.94,mw,,,,1.4,us,usp00070z9,2014-11-07T00:58:23.108Z,"284 km NNE of Lospalos, Timor Leste",earthquake,,14.6,,12.0,reviewed,us,us,1995-07-25,32799,Timor Leste,1
1995-08-14 14:30:45.470000+00:00,-6.992,124.841,572.3,4.94,mw,,,,0.9,us,usp00071ub,2014-11-07T00:58:31.704Z,"183 km NNW of Maubara, Timor Leste",earthquake,,8.6,,11.0,reviewed,us,us,1995-08-14,32826,Timor Leste,1
1995-09-06 13:10:51.050000+00:00,-8.713,124.24,132.1,4.43,mw,,,,1.3,us,usp00072zw,2014-11-07T00:58:41.643Z,"56 km NNW of Pante Makasar, Timor Leste",earthquake,,17.0,,2.0,reviewed,us,us,1995-09-06,32937,Timor Leste,1
1995-09-18 06:56:31.290000+00:00,-6.925,128.968,180.6,6.0,mw,,,,1.2,us,usp00073ht,2022-04-29T19:56:54.542Z,"279 km NE of Lospalos, Timor Leste",earthquake,,,,,reviewed,us,hrv,1995-09-18,32760,Timor Leste,1
1995-09-18 17:13:20.360000+00:00,-8.887,123.787,33.0,5.7,mw,,,,1.0,us,usp00073j9,2022-04-29T19:56:55.601Z,"74 km WNW of Pante Makasar, Timor Leste",earthquake,,,,,reviewed,us,hrv,1995-09-18,32766,Timor Leste,1
1995-09-23 05:42:48.800000+00:00,-9.395,127.744,33.0,4.68,mw,,,,1.1,us,usp00073um,2014-11-07T00:58:46.370Z,"126 km SE of Lospalos, Timor Leste",earthquake,,,,1.0,reviewed,us,us,1995-09-23,32899,Timor Leste,1
1995-09-29 19:19:29.740000+00:00,-8.493,128.43,33.0,4.68,mw,,,,0.7,us,usp000745z,2014-11-07T00:58:48.006Z,"157 km E of Lospalos, Timor Leste",earthquake,,,,2.0,reviewed,us,us,1995-09-29,32879,Timor Leste,1
1995-10-06 23:08:23.980000+00:00,-7.543,129.055,33.0,4.51,mw,,,,0.9,us,usp00074py,2014-11-07T00:58:54.732Z,"251 km ENE of Lospalos, Timor Leste",earthquake,,,,7.0,reviewed,us,us,1995-10-06,32933,Timor Leste,1
1995-10-09 10:45:00.400000+00:00,-8.018,123.676,250.0,4.77,mw,,,,1.0,us,usp00074v0,2014-11-07T00:58:55.441Z,"152 km NNW of Pante Makasar, Timor Leste",earthquake,,,,4.0,reviewed,us,us,1995-10-09,32866,Timor Leste,1
1995-10-26 02:50:59.530000+00:00,-6.77,125.141,537.8,4.68,mw,,,,0.7,us,usp00075sv,2014-11-07T00:59:01.197Z,"202 km N of Likisá, Timor Leste",earthquake,,35.6,,10.0,reviewed,us,us,1995-10-26,32882,Timor Leste,1
1995-10-28 16:47:00.130000+00:00,-6.608,127.374,415.9,4.85,mw,,,,1.1,us,usp00075wv,2014-11-07T00:59:01.841Z,"215 km N of Lospalos, Timor Leste",earthquake,,4.1,,16.0,reviewed,us,us,1995-10-28,32861,Timor Leste,1
1995-11-25 04:31:03.990000+00:00,-7.979,128.533,133.5,4.68,mw,,,,1.1,us,usp00077f6,2014-11-07T00:59:13.656Z,"179 km ENE of Lospalos, Timor Leste",earthquake,,33.9,,5.0,reviewed,us,us,1995-11-25,32901,Timor Leste,1
1995-11-29 17:05:35.140000+00:00,-7.911,129.416,33.0,4.94,mw,,,,1.1,us,usp00077rh,2014-11-07T00:59:14.632Z,"274 km ENE of Lospalos, Timor Leste",earthquake,,,,13.0,reviewed,us,us,1995-11-29,32849,Timor Leste,1
1995-12-03 19:33:25.920000+00:00,-9.086,125.332,33.0,5.54,mw,,,,1.4,us,usp000783p,2014-11-07T00:59:21.008Z,"16 km SE of Maliana, Timor Leste",earthquake,,,,11.0,reviewed,us,us,1995-12-03,32766,Timor Leste,1
1995-12-03 21:15:56.680000+00:00,-10.25,125.5,33.0,4.43,mw,,,,1.4,us,usp000784r,2014-11-07T00:59:21.320Z,"107 km SSE of Suai, Timor Leste",earthquake,,,,3.0,reviewed,us,us,1995-12-03,32939,Timor Leste,1
1995-12-05 07:10:52.330000+00:00,-9.728,125.684,33.0,4.94,mw,,,,1.1,us,usp000789t,2014-11-07T00:59:22.589Z,"65 km SE of Suai, Timor Leste",earthquake,,,,1.0,reviewed,us,us,1995-12-05,32806,Timor Leste,1
1995-12-06 10:22:46+00:00,-8.967,125.506,33.0,5.28,mw,,,,1.2,us,usp00078e3,2014-11-07T00:59:23.139Z,"2 km N of Ainaro, Timor Leste",earthquake,,,,11.0,reviewed,us,us,1995-12-06,32943,Timor Leste,1
1995-12-07 09:17:27.360000+00:00,-10.377,125.674,33.0,4.51,mw,,,,1.3,us,usp00078gp,2014-11-07T00:59:23.630Z,"126 km SSE of Suai, Timor Leste",earthquake,,,,3.0,reviewed,us,us,1995-12-07,33114,Timor Leste,-1
1995-12-07 14:16:47.910000+00:00,-9.973,125.474,33.0,4.77,mw,,,,0.9,us,usp00078h9,2014-11-07T00:59:23.732Z,"76 km SSE of Suai, Timor Leste",earthquake,,,,2.0,reviewed,us,us,1995-12-07,33013,Timor Leste,1
1995-12-08 06:56:33.290000+00:00,-7.625,127.857,200.0,5.2,mw,,,,1.2,us,usp00078kd,2014-11-07T00:59:24.087Z,"137 km NE of Lospalos, Timor Leste",earthquake,,,,11.0,reviewed,us,us,1995-12-08,32966,Timor Leste,1
1995-12-09 12:01:07.070000+00:00,-8.056,129.527,200.0,4.6,mw,,,,1.4,us,usp00078nz,2014-11-07T00:59:24.475Z,"283 km E of Lospalos, Timor Leste",earthquake,,,,1.0,reviewed,us,us,1995-12-09,33036,Timor Leste,1
1995-12-25 04:43:24.460000+00:00,-6.903,129.151,141.9,7.1,mw,,,,1.0,us,usp00079k5,2022-04-29T19:51:19.805Z,"297 km NE of Lospalos, Timor Leste",earthquake,,,,,reviewed,us,hrv,1995-12-25,32940,Timor Leste,1
1995-12-27 02:07:21.860000+00:00,-8.684,129.515,90.8,4.77,mw,,,,1.1,us,usp00079pe,2014-11-07T00:59:29.693Z,"277 km E of Lospalos, Timor Leste",earthquake,,41.4,,2.0,reviewed,us,us,1995-12-27,33006,Timor Leste,1
1996-01-01 05:27:13.210000+00:00,-9.031,124.441,33.0,5.28,mw,,,,1.1,us,usp00079zk,2014-11-07T00:59:33.585Z,"19 km NNE of Pante Makasar, Timor Leste",earthquake,,,,21.0,reviewed,us,us,1996-01-01,32959,Timor Leste,1
1996-01-03 05:26:21.210000+00:00,-9.514,125.99,33.0,4.68,mw,,,,0.8,us,usp0007a7w,2014-11-07T00:59:36.135Z,"67 km SSE of Same, Timor Leste",earthquake,,,,2.0,reviewed,us,us,1996-01-03,33030,Timor Leste,1
1996-01-08 03:44:32.680000+00:00,-9.183,124.015,33.0,4.51,mw,,,,1.0,us,usp0007am8,2014-11-07T00:59:37.759Z,"40 km W of Pante Makasar, Timor Leste",earthquake,,,,7.0,reviewed,us,us,1996-01-08,33079,Timor Leste,1
1996-01-22 14:52:03.130000+00:00,-8.631,124.244,75.9,4.85,mw,,,,1.2,us,usp0007bhu,2014-11-07T00:59:42.615Z,"64 km NNW of Pante Makasar, Timor Leste",earthquake,,13.3,,17.0,reviewed,us,us,1996-01-22,32987,Timor Leste,1
1996-02-03 23:46:56.870000+00:00,-7.407,128.373,135.3,5.54,mw,,,,0.9,us,usp0007c9s,2014-11-07T00:59:50.342Z,"195 km NE of Lospalos, Timor Leste",earthquake,,3.9,,62.0,reviewed,us,us,1996-02-03,32941,Timor Leste,1
1996-02-10 14:21:56.520000+00:00,-7.855,123.919,266.9,4.85,mw,,,,1.1,us,usp0007cpy,2014-11-07T00:59:52.211Z,"157 km NNW of Pante Makasar, Timor Leste",earthquake,,9.9,,22.0,reviewed,us,us,1996-02-10,32973,Timor Leste,1
1996-02-17 10:18:02.870000+00:00,-6.945,125.194,532.1,6.05,mw,,,,0.9,us,usp0007d3y,2022-04-29T20:09:28.836Z,"182 km N of Likisá, Timor Leste",earthquake,,,,81.0,reviewed,us,us,1996-02-17,32941,Timor Leste,1
1996-02-24 16:20:17.380000+00:00,-6.999,127.348,374.4,4.51,mw,,,,0.8,us,usp0007du1,2014-11-07T00:59:57.690Z,"172 km NNE of Lospalos, Timor Leste",earthquake,,14.2,,8.0,reviewed,us,us,1996-02-24,33044,Timor Leste,1
1996-03-05 07:28:49.530000+00:00,-7.169,126.491,400.0,5.11,mw,,,,1.0,us,usp0007ebv,2014-11-07T01:00:03.860Z,"144 km N of Baukau, Timor Leste",earthquake,,,,13.0,reviewed,us,us,1996-03-05,32968,Timor Leste,1
1996-03-07 12:08:06.800000+00:00,-8.946,127.491,33.0,4.77,mw,,,,1.0,us,usp0007eeq,2014-11-07T01:00:04.699Z,"71 km SE of Lospalos, Timor Leste",earthquake,,,,6.0,reviewed,us,us,1996-03-07,33020,Timor Leste,1
1996-03-11 09:41:10.040000+00:00,-7.46,127.132,33.0,4.85,mw,,,,1.5,us,usp0007em6,2014-11-07T01:00:05.557Z,"118 km N of Lospalos, Timor Leste",earthquake,,,,12.0,reviewed,us,us,1996-03-11,32999,Timor Leste,1
1996-03-13 16:27:04.780000+00:00,-6.76,127.727,307.7,5.3,mwc,,,,0.9,us,usp0007epj,2025-12-19T23:28:03.899Z,"210 km NNE of Lospalos, Timor Leste",earthquake,,6.4,,,reviewed,us,hrv,1996-03-13,32942,Timor Leste,1
1996-03-19 04:28:44.020000+00:00,-9.283,125.741,33.0,4.68,mw,,,,1.3,us,usp0007ez2,2014-11-07T01:00:07.230Z,"32 km SSE of Same, Timor Leste",earthquake,,,,4.0,reviewed,us,us,1996-03-19,33032,Timor Leste,1
1996-04-23 10:30:38.390000+00:00,-8.415,128.171,33.0,4.43,mw,,,,1.0,us,usp0007ggs,2014-11-07T01:00:18.744Z,Timor Sea,earthquake,,,,3.0,reviewed,us,us,1996-04-23,33119,Timor Leste,1
1996-05-28 01:26:21.650000+00:00,-10.069,128.66,33.0,4.6,mw,,,,0.7,us,usp0007hvj,2014-11-07T01:00:29.393Z,"250 km SE of Lospalos, Timor Leste",earthquake,,,,12.0,reviewed,us,us,1996-05-28,33038,Timor Leste,-1
1996-05-29 10:57:18.060000+00:00,-9.304,128.663,33.0,4.43,mw,,,,1.4,us,usp0007hx4,2014-11-07T01:00:29.520Z,"202 km ESE of Lospalos, Timor Leste",earthquake,,,,3.0,reviewed,us,us,1996-05-29,33115,Timor Leste,1
1996-06-02 19:34:51.140000+00:00,-6.09,127.478,422.9,5.2,mw,,,,0.9,us,usp0007j2h,2014-11-07T01:00:33.312Z,"274 km N of Lospalos, Timor Leste",earthquake,,,,43.0,reviewed,us,us,1996-06-02,32961,Timor Leste,1
1996-06-03 02:27:17.400000+00:00,-8.616,126.829,100.0,4.43,mw,,,,1.4,us,usp0007j2z,2014-11-07T01:00:33.443Z,"21 km WSW of Lospalos, Timor Leste",earthquake,,,,8.0,reviewed,us,us,1996-06-03,33299,Timor Leste,1
1996-06-20 13:54:17.150000+00:00,-6.958,125.443,500.0,5.03,mw,,,,1.1,us,usp0007k13,2014-11-07T01:00:39.023Z,"176 km N of Metinaro, Timor Leste",earthquake,,,,21.0,reviewed,us,us,1996-06-20,33170,Timor Leste,1
1996-06-21 23:02:13.230000+00:00,-7.348,128.038,150.0,5.3,mwc,,,,0.9,us,usp0007k3f,2025-12-19T23:29:25.916Z,"173 km NE of Lospalos, Timor Leste",earthquake,,,,,reviewed,us,hrv,1996-06-21,33120,Timor Leste,1
1996-06-24 04:42:56.540000+00:00,-8.711,129.704,33.0,4.77,mw,,,,1.5,us,usp0007k6u,2014-11-07T01:00:40.182Z,"298 km E of Lospalos, Timor Leste",earthquake,,,,5.0,reviewed,us,us,1996-06-24,33202,Timor Leste,1
1996-06-27 09:25:59.150000+00:00,-8.97,128.375,33.0,4.77,mw,,,,1.3,us,usp0007kbu,2014-11-07T01:00:40.939Z,"159 km ESE of Lospalos, Timor Leste",earthquake,,,,5.0,reviewed,us,us,1996-06-27,33201,Timor Leste,1
1996-06-29 12:48:24.020000+00:00,-7.467,126.151,33.0,4.6,mw,,,,1.7,us,usp0007kek,2014-11-07T01:00:41.353Z,"116 km N of Manatutu, Timor Leste",earthquake,,,,12.0,reviewed,us,us,1996-06-29,33273,Timor Leste,1
1996-06-29 22:16:52.530000+00:00,-7.3,129.273,33.0,4.77,mw,,,,1.2,us,usp0007kfe,2014-11-07T01:00:41.443Z,"284 km ENE of Lospalos, Timor Leste",earthquake,,,,12.0,reviewed,us,us,1996-06-29,33198,Timor Leste,1
1996-07-01 03:57:10.270000+00:00,-8.399,123.911,100.0,4.68,mw,,,,0.8,us,usp0007khz,2014-11-07T01:00:43.464Z,"102 km NNW of Pante Makasar, Timor Leste",earthquake,,,,8.0,reviewed,us,us,1996-07-01,33232,Timor Leste,1
1996-07-04 11:47:08.370000+00:00,-6.678,127.236,400.0,4.51,mw,,,,0.8,us,usp0007kpz,2014-11-07T01:00:45.746Z,"205 km N of Lospalos, Timor Leste",earthquake,,,,7.0,reviewed,us,us,1996-07-04,33277,Timor Leste,1
1996-07-08 16:56:03.100000+00:00,-7.972,127.802,33.0,5.03,mw,,,,1.5,us,usp0007kv2,2014-11-07T01:00:47.010Z,"107 km NE of Lospalos, Timor Leste",earthquake,,,,9.0,reviewed,us,us,1996-07-08,33148,Timor Leste,1
1996-07-23 12:00:08.620000+00:00,-6.236,127.996,323.8,4.77,mw,,,,0.8,us,usp0007mg0,2014-11-07T01:00:49.915Z,"275 km NNE of Lospalos, Timor Leste",earthquake,,24.4,,11.0,reviewed,us,us,1996-07-23,33219,Timor Leste,1
1996-07-28 02:52:25.240000+00:00,-8.888,127.669,33.0,4.6,mw,,,,1.1,us,usp0007mqy,2014-11-07T01:00:50.786Z,"84 km ESE of Lospalos, Timor Leste",earthquake,,,,6.0,reviewed,us,us,1996-07-28,33245,Timor Leste,1
1996-08-03 22:04:14.420000+00:00,-8.766,125.292,33.0,4.85,mw,,,,1.1,us,usp0007n2w,2014-11-07T01:00:55.418Z,"16 km WSW of Gleno, Timor Leste",earthquake,,,,18.0,reviewed,us,us,1996-08-03,33192,Timor Leste,1
1996-08-11 15:01:08.150000+00:00,-6.782,126.625,350.0,5.11,mw,,,,1.0,us,usp0007ned,2014-11-07T01:00:58.320Z,"188 km N of Baukau, Timor Leste",earthquake,,,,25.0,reviewed,us,us,1996-08-11,33146,Timor Leste,1
1996-08-14 16:35:01.070000+00:00,-9.188,125.261,33.0,4.94,mw,,,,1.5,us,usp0007nk0,2014-11-07T01:00:58.988Z,"13 km N of Suai, Timor Leste",earthquake,,,,18.0,reviewed,us,us,1996-08-14,33181,Timor Leste,1
1996-08-16 11:58:44.280000+00:00,-11.91,127.215,33.0,4.51,mw,,,,0.9,us,usp0007nnf,2014-11-07T01:00:59.359Z,Timor Sea,earthquake,,,,3.0,reviewed,us,us,1996-08-16,33286,Timor Leste,-1
1996-08-20 07:42:25.220000+00:00,-7.701,127.308,133.9,5.11,mw,,,,1.1,us,usp0007nu1,2014-11-07T01:01:00.153Z,"96 km NNE of Lospalos, Timor Leste",earthquake,,,,14.0,reviewed,us,us,1996-08-20,33144,Timor Leste,1
1996-08-23 05:11:29.470000+00:00,-7.735,129.38,188.6,5.2,mw,,,,1.4,us,usp0007ny6,2014-11-07T01:01:01.085Z,"276 km ENE of Lospalos, Timor Leste",earthquake,,41.5,,6.0,reviewed,us,us,1996-08-23,33138,Timor Leste,1
1996-08-24 09:39:53.450000+00:00,-10.273,126.388,33.0,5.03,mw,,,,1.3,us,usp0007nzw,2014-11-07T01:01:01.273Z,"156 km S of Viqueque, Timor Leste",earthquake,,,,10.0,reviewed,us,us,1996-08-24,33151,Timor Leste,-1
1996-08-27 22:54:04.270000+00:00,-7.249,128.745,96.5,5.2,mw,,,,0.94,us,usp0007p4q,2014-11-07T01:01:01.948Z,"238 km NE of Lospalos, Timor Leste",earthquake,,13.0,,14.0,reviewed,us,us,1996-08-27,33137,Timor Leste,1
1996-09-10 02:06:03.270000+00:00,-7.65,126.625,190.0,5.11,mw,,,,0.6,us,usp0007pru,2014-11-07T01:01:09.377Z,"93 km NNE of Baukau, Timor Leste",earthquake,,15.9,,8.0,reviewed,us,us,1996-09-10,33141,Timor Leste,1
1996-09-23 11:21:04.900000+00:00,-9.941,125.056,33.0,4.6,mw,,,,1.55,us,usp0007qcb,2014-11-07T01:01:12.857Z,"72 km SSW of Suai, Timor Leste",earthquake,,,,4.0,reviewed,us,us,1996-09-23,33248,Timor Leste,1
1996-10-06 23:15:57.710000+00:00,-7.211,124.142,565.4,5.03,mw,,,,0.68,us,usp0007r18,2014-11-07T01:01:20.185Z,"194 km NW of Maubara, Timor Leste",earthquake,,21.8,,4.0,reviewed,us,us,1996-10-06,33155,Timor Leste,1
1996-10-09 23:13:05.070000+00:00,-7.603,128.551,150.0,4.77,mw,,,,0.71,us,usp0007r6d,2014-11-07T01:01:20.983Z,"199 km ENE of Lospalos, Timor Leste",earthquake,,,,6.0,reviewed,us,us,1996-10-09,33205,Timor Leste,1
1996-11-03 21:23:27.340000+00:00,-8.312,129.243,33.0,4.77,mw,,,,1.35,us,usp0007scr,2014-11-07T01:01:31.527Z,"248 km E of Lospalos, Timor Leste",earthquake,,,,6.0,reviewed,us,us,1996-11-03,33194,Timor Leste,1
1996-11-07 07:14:57.360000+00:00,-9.076,123.989,150.0,4.94,mw,,,,1.31,us,usp0007skf,2014-11-07T01:01:33.383Z,"45 km WNW of Pante Makasar, Timor Leste",earthquake,,,,8.0,reviewed,us,us,1996-11-07,33175,Timor Leste,1
1996-11-16 18:15:19.490000+00:00,-7.418,127.587,100.0,4.43,mw,,,,1.51,us,usp0007t40,2014-11-07T01:01:36.053Z,"138 km NNE of Lospalos, Timor Leste",earthquake,,,,4.0,reviewed,us,us,1996-11-16,33293,Timor Leste,1
1996-11-23 10:21:38.960000+00:00,-7.611,124.748,400.0,4.85,mw,,,,1.34,us,usp0007ted,2014-11-07T01:01:37.597Z,"121 km NNW of Maubara, Timor Leste",earthquake,,,,7.0,reviewed,us,us,1996-11-23,33189,Timor Leste,1
1996-11-29 10:15:04.500000+00:00,-6.736,128.032,334.6,5.03,mw,,,,0.89,us,usp0007tqw,2014-11-07T01:01:39.453Z,"228 km NNE of Lospalos, Timor Leste",earthquake,,8.5,,4.0,reviewed,us,us,1996-11-29,33146,Timor Leste,1
1996-12-02 22:01:35.640000+00:00,-9.237,125.319,50.0,4.51,mw,,,,1.14,us,usp0007tw4,2014-11-07T01:01:43.282Z,"10 km NE of Suai, Timor Leste",earthquake,,,,2.0,reviewed,us,us,1996-12-02,33471,Timor Leste,1
1996-12-16 23:18:16.590000+00:00,-7.89,128.988,33.0,5.2,mw,,,,1.24,us,usp0007ujp,2014-11-07T01:01:47.804Z,"230 km ENE of Lospalos, Timor Leste",earthquake,,,,12.0,reviewed,us,us,1996-12-16,33325,Timor Leste,1
1996-12-21 16:00:57.400000+00:00,-8.84,125.652,33.0,4.68,mw,,,,1.38,us,usp0007usm,2014-11-07T01:01:48.683Z,"15 km SE of Aileu, Timor Leste",earthquake,,,,4.0,reviewed,us,us,1996-12-21,33398,Timor Leste,1
1996-12-22 16:45:06.860000+00:00,-7.865,123.627,100.0,4.77,mw,,,,0.82,us,usp0007uum,2014-11-07T01:01:48.863Z,"169 km NNW of Pante Makasar, Timor Leste",earthquake,,,,8.0,reviewed,us,us,1996-12-22,33394,Timor Leste,1
1996-12-24 20:26:22.010000+00:00,-7.654,129.366,150.0,4.6,mw,,,,0.98,us,usp0007uyb,2014-11-07T01:01:49.349Z,"278 km ENE of Lospalos, Timor Leste",earthquake,,,,3.0,reviewed,us,us,1996-12-24,33442,Timor Leste,1
1996-12-25 03:48:12.330000+00:00,-6.126,127.327,400.0,4.94,mw,,,,1.0,us,usp0007uyv,2014-11-07T01:01:49.413Z,"267 km N of Lospalos, Timor Leste",earthquake,,,,9.0,reviewed,us,us,1996-12-25,33336,Timor Leste,1
1996-12-29 00:05:29.290000+00:00,-6.355,128.282,300.0,4.85,mw,,,,1.22,us,usp0007v4q,2014-11-07T01:01:50.641Z,"278 km NNE of Lospalos, Timor Leste",earthquake,,,,4.0,reviewed,us,us,1996-12-29,33364,Timor Leste,1
1997-01-02 14:26:40.770000+00:00,-7.031,124.117,500.0,5.11,mw,,,,1.26,us,usp0007vbs,2014-11-07T01:01:54.375Z,"212 km NW of Maubara, Timor Leste",earthquake,,,,9.0,reviewed,us,us,1997-01-02,33333,Timor Leste,1
1997-01-04 13:29:30.510000+00:00,-7.355,128.341,150.0,5.45,mw,,,,0.92,us,usp0007vfm,2014-11-07T01:01:55.767Z,"196 km NE of Lospalos, Timor Leste",earthquake,,,,21.0,reviewed,us,us,1997-01-04,33321,Timor Leste,1
1997-01-05 08:11:30.730000+00:00,-8.927,125.076,33.0,4.85,mw,,,,0.94,us,usp0007vgn,2014-11-07T01:01:56.044Z,"17 km WNW of Maliana, Timor Leste",earthquake,,,,11.0,reviewed,us,us,1997-01-05,33364,Timor Leste,1
1997-01-18 22:48:42.850000+00:00,-7.032,125.274,550.0,5.2,mw,,,,1.13,us,usp0007w1k,2014-11-07T01:01:58.595Z,"172 km N of Dili, Timor Leste",earthquake,,8.0,,12.0,reviewed,us,us,1997-01-18,33329,Timor Leste,1
1997-01-22 18:14:55.240000+00:00,-8.82,124.287,33.0,5.37,mw,,,,1.14,us,usp0007w7g,2014-11-07T01:01:59.354Z,"43 km NNW of Pante Makasar, Timor Leste",earthquake,,,,14.0,reviewed,us,us,1997-01-22,33324,Timor Leste,1
1997-02-02 04:12:43.430000+00:00,-6.879,127.559,100.0,4.94,mw,,,,1.1,us,usp0007wne,2014-11-07T01:02:04.065Z,"191 km NNE of Lospalos, Timor Leste",earthquake,,,,8.0,reviewed,us,us,1997-02-02,33349,Timor Leste,1
1997-02-02 23:37:04.080000+00:00,-6.935,128.088,100.0,4.85,mw,,,,1.39,us,usp0007wpn,2014-11-07T01:02:05.114Z,"212 km NE of Lospalos, Timor Leste",earthquake,,,,3.0,reviewed,us,us,1997-02-02,33353,Timor Leste,1
1997-03-03 14:42:15.680000+00:00,-7.514,127.809,150.0,5.45,mw,,,,0.7,us,usp0007y71,2014-11-07T01:02:16.482Z,"142 km NE of Lospalos, Timor Leste",earthquake,,,,2.0,reviewed,us,us,1997-03-03,33322,Timor Leste,1
1997-03-04 04:40:38.420000+00:00,-7.249,129.143,102.1,5.6,mwc,,,,0.79,us,usp0007y87,2022-04-29T16:44:35.825Z,"275 km ENE of Lospalos, Timor Leste",earthquake,,2.6,,,reviewed,us,hrv,1997-03-04,33316,Timor Leste,1
1997-03-08 20:42:33.120000+00:00,-5.925,126.417,574.9,4.68,mw,,,,1.38,us,usp0007yh6,2014-11-07T01:02:18.592Z,"282 km N of Baukau, Timor Leste",earthquake,,50.4,,4.0,reviewed,us,us,1997-03-08,33435,Timor Leste,1
1997-04-04 10:53:45.240000+00:00,-8.265,129.146,33.0,4.51,mw,,,,1.46,us,usp0007zy6,2014-11-07T01:02:30.064Z,"238 km E of Lospalos, Timor Leste",earthquake,,,,5.0,reviewed,us,us,1997-04-04,33443,Timor Leste,1
1997-04-14 05:58:21.360000+00:00,-7.905,127.375,200.0,4.68,mw,,,,1.18,us,usp00080ht,2014-11-07T01:02:34.100Z,"79 km NNE of Lospalos, Timor Leste",earthquake,,,,3.0,reviewed,us,us,1997-04-14,33439,Timor Leste,1
1997-04-16 16:47:45.370000+00:00,-7.225,126.737,391.0,4.68,mw,,,,0.83,us,usp00080p8,2014-11-07T01:02:35.434Z,"141 km NNE of Baukau, Timor Leste",earthquake,,10.3,,5.0,reviewed,us,us,1997-04-16,33437,Timor Leste,1
1997-04-18 12:43:22.850000+00:00,-8.741,129.426,168.5,4.6,mw,,,,1.41,us,usp00080sm,2014-11-07T01:02:35.750Z,"268 km E of Lospalos, Timor Leste",earthquake,,19.1,,6.0,reviewed,us,us,1997-04-18,33439,Timor Leste,1
1997-04-18 16:06:31.940000+00:00,-8.353,128.734,56.4,4.51,mw,,,,1.57,us,usp00080sw,2014-11-07T01:02:35.785Z,"192 km E of Lospalos, Timor Leste",earthquake,,21.6,,6.0,reviewed,us,us,1997-04-18,33462,Timor Leste,1
1997-04-21 14:01:24.350000+00:00,-7.382,125.715,432.3,6.19,mw,,,,0.93,us,usp00080xm,2022-04-29T16:50:36.978Z,"127 km N of Metinaro, Timor Leste",earthquake,,,,36.0,reviewed,us,us,1997-04-21,33302,Timor Leste,1
1997-04-22 21:18:48.700000+00:00,-9.246,124.467,33.0,4.68,mw,,,,1.2,us,usp000812c,2014-11-07T01:02:37.677Z,"10 km ESE of Pante Makasar, Timor Leste",earthquake,,,,6.0,reviewed,us,us,1997-04-22,33425,Timor Leste,1
1997-05-11 14:01:06.490000+00:00,-6.373,127.912,300.0,4.77,mw,,,,1.32,us,usp000823y,2014-11-07T01:02:46.003Z,"258 km NNE of Lospalos, Timor Leste",earthquake,,,,4.0,reviewed,us,us,1997-05-11,33393,Timor Leste,1
1997-05-20 10:05:38.550000+00:00,-6.591,128.587,281.6,4.94,mw,,,,0.72,us,usp00082k4,2014-11-07T01:02:48.249Z,"276 km NE of Lospalos, Timor Leste",earthquake,,20.9,,4.0,reviewed,us,us,1997-05-20,33335,Timor Leste,1
1997-06-04 13:19:58.720000+00:00,-8.318,126.021,33.0,4.43,mw,,,,1.02,us,usp000834q,2014-11-07T01:02:53.404Z,"21 km N of Manatutu, Timor Leste",earthquake,,,,3.0,reviewed,us,us,1997-06-04,33655,Timor Leste,1
1997-06-05 16:37:47.500000+00:00,-8.974,124.256,50.0,5.03,mw,,,,1.01,us,usp000835z,2014-11-07T01:02:53.749Z,"28 km NNW of Pante Makasar, Timor Leste",earthquake,,,,3.0,reviewed,us,us,1997-06-05,33532,Timor Leste,1
1997-06-22 11:40:34.940000+00:00,-8.054,129.225,33.0,4.43,mw,,,,0.99,us,usp00083u6,2014-11-07T01:02:59.244Z,"250 km ENE of Lospalos, Timor Leste",earthquake,,,,3.0,reviewed,us,us,1997-06-22,33645,Timor Leste,1
1997-07-02 19:48:56.230000+00:00,-6.555,128.377,398.1,4.77,mw,,,,1.44,us,usp0008490,2014-11-07T01:03:04.620Z,"265 km NE of Lospalos, Timor Leste",earthquake,,25.4,,5.0,reviewed,us,us,1997-07-02,33624,Timor Leste,1
1997-07-13 14:43:00.930000+00:00,-7.353,126.692,296.4,5.3,mwc,,,,0.95,us,usp00084tg,2025-12-19T22:20:01.690Z,"126 km NNE of Baukau, Timor Leste",earthquake,,,,,reviewed,us,hrv,1997-07-13,33525,Timor Leste,1
1997-07-16 14:35:27.860000+00:00,-7.468,129.44,33.0,5.2,mw,,,,1.12,us,usp00084xz,2014-11-07T01:03:08.887Z,"293 km ENE of Lospalos, Timor Leste",earthquake,,,,12.0,reviewed,us,us,1997-07-16,33528,Timor Leste,1
1997-07-20 14:46:11.450000+00:00,-9.207,127.096,100.0,4.6,mw,,,,1.65,us,usp000853m,2014-11-07T01:03:09.659Z,"76 km S of Lospalos, Timor Leste",earthquake,,,,8.0,reviewed,us,us,1997-07-20,33638,Timor Leste,1
1997-08-19 03:05:40.730000+00:00,-8.258,127.882,150.0,4.85,mw,,,,0.96,us,usp00086e4,2014-11-07T01:03:19.432Z,"101 km ENE of Lospalos, Timor Leste",earthquake,,,,8.0,reviewed,us,us,1997-08-19,33580,Timor Leste,1
1997-08-27 07:14:46.930000+00:00,-7.319,127.779,33.0,4.85,mw,,,,1.14,us,usp00086s3,2014-11-07T01:03:20.993Z,"158 km NNE of Lospalos, Timor Leste",earthquake,,,,10.0,reviewed,us,us,1997-08-27,33580,Timor Leste,1
1997-09-06 01:15:37.350000+00:00,-8.814,129.323,33.0,4.77,mw,,,,1.46,us,usp000876n,2014-11-07T01:03:27.516Z,"257 km E of Lospalos, Timor Leste",earthquake,,,,2.0,reviewed,us,us,1997-09-06,33621,Timor Leste,1
1997-09-06 19:55:57.410000+00:00,-10.028,125.189,33.0,4.43,mw,,,,1.41,us,usp000877h,2014-11-07T01:03:27.632Z,"79 km S of Suai, Timor Leste",earthquake,,,,2.0,reviewed,us,us,1997-09-06,33646,Timor Leste,1
1997-09-10 18:45:09.080000+00:00,-6.546,126.061,450.0,4.85,mw,,,,1.16,us,usp00087cr,2014-11-07T01:03:28.322Z,"217 km N of Manatutu, Timor Leste",earthquake,,,,6.0,reviewed,us,us,1997-09-10,33584,Timor Leste,1
1997-10-02 18:32:37.280000+00:00,-7.084,125.701,33.0,4.68,mw,,,,1.06,us,usp00088dn,2014-11-07T01:03:35.823Z,"159 km N of Metinaro, Timor Leste",earthquake,,,,6.0,reviewed,us,us,1997-10-02,33637,Timor Leste,1
1997-10-16 00:04:02.760000+00:00,-9.259,126.056,33.0,4.77,mw,,,,0.85,us,usp0008956,2014-11-07T01:03:42.446Z,"52 km ESE of Same, Timor Leste",earthquake,,,,2.0,reviewed,us,us,1997-10-16,33620,Timor Leste,1
1997-10-17 00:54:16.900000+00:00,-7.291,128.897,131.1,5.54,mw,,,,1.01,us,usp000896v,2014-11-07T01:03:42.675Z,"249 km ENE of Lospalos, Timor Leste",earthquake,,7.7,,20.0,reviewed,us,us,1997-10-17,33487,Timor Leste,1
1997-10-20 03:54:09.890000+00:00,-7.626,127.332,178.1,5.45,mw,,,,1.04,us,usp00089br,2014-11-07T01:03:44.455Z,"105 km NNE of Lospalos, Timor Leste",earthquake,,3.2,,27.0,reviewed,us,us,1997-10-20,33504,Timor Leste,1
1997-11-02 12:31:06.360000+00:00,-8.836,123.914,33.0,4.94,mw,,,,1.28,us,usp00089xz,2014-11-07T01:03:50.301Z,"65 km NW of Pante Makasar, Timor Leste",earthquake,,,,11.0,reviewed,us,us,1997-11-02,33570,Timor Leste,1
1997-11-03 19:17:58.910000+00:00,-6.736,129.021,215.6,6.1,mwc,,,,1.19,us,usp0008a1d,2022-04-29T17:06:57.017Z,"298 km NE of Lospalos, Timor Leste",earthquake,,4.1,,,reviewed,us,hrv,1997-11-03,33486,Timor Leste,1
1997-11-10 20:52:01.780000+00:00,-6.981,126.953,426.1,4.77,mw,,,,1.06,us,usp0008aer,2014-11-07T01:03:53.312Z,"170 km N of Lospalos, Timor Leste",earthquake,,12.8,,7.0,reviewed,us,us,1997-11-10,33606,Timor Leste,1
1997-11-11 16:27:03.340000+00:00,-6.624,127.843,387.5,5.03,mw,,,,0.89,us,usp0008ag3,2014-11-07T01:03:53.492Z,"229 km NNE of Lospalos, Timor Leste",earthquake,,7.9,,12.0,reviewed,us,us,1997-11-11,33562,Timor Leste,1
1997-11-20 10:40:38.010000+00:00,-7.429,128.184,142.4,5.37,mw,,,,1.32,us,usp0008b13,2014-11-07T01:03:56.229Z,"178 km NE of Lospalos, Timor Leste",earthquake,,6.7,,18.0,reviewed,us,us,1997-11-20,33514,Timor Leste,1
1997-11-26 04:21:58.910000+00:00,-9.052,124.4,83.8,5.2,mw,,,,1.17,us,usp0008bbp,2014-11-07T01:03:57.471Z,"16 km N of Pante Makasar, Timor Leste",earthquake,,10.4,,5.0,reviewed,us,us,1997-11-26,33709,Timor Leste,1
1997-11-29 15:17:41.750000+00:00,-8.285,128.171,24.5,5.45,mw,,,,0.83,us,usp0008bh4,2014-11-07T01:03:58.515Z,"131 km ENE of Lospalos, Timor Leste",earthquake,,2.3,,27.0,reviewed,us,us,1997-11-29,33668,Timor Leste,1
1997-12-03 07:40:45.150000+00:00,-8.747,129.636,33.0,4.94,mw,,,,1.53,us,usp0008bpc,2014-11-07T01:04:02.179Z,"291 km E of Lospalos, Timor Leste",earthquake,,,,6.0,reviewed,us,us,1997-12-03,33753,Timor Leste,1
1997-12-14 03:42:42.840000+00:00,-9.861,127.558,100.0,4.68,mw,,,,1.35,us,usp0008cm8,2014-11-07T01:04:07.503Z,"160 km SSE of Lospalos, Timor Leste",earthquake,,,,5.0,reviewed,us,us,1997-12-14,33784,Timor Leste,1
1997-12-23 23:48:57.500000+00:00,-8.732,127.127,33.0,4.68,mw,,,,1.34,us,usp0008d3p,2014-11-07T01:04:09.531Z,"27 km SSE of Lospalos, Timor Leste",earthquake,,,,1.0,reviewed,us,us,1997-12-23,33784,Timor Leste,1
1997-12-28 03:17:40.590000+00:00,-6.132,127.602,400.0,4.85,mw,,,,1.02,us,usp0008dav,2014-11-07T01:04:11.447Z,"272 km NNE of Lospalos, Timor Leste",earthquake,,,,7.0,reviewed,us,us,1997-12-28,33762,Timor Leste,1
1998-01-06 11:23:43.170000+00:00,-7.984,126.824,33.0,5.45,mw,,,,1.11,us,usp0008duk,2014-11-07T01:04:17.702Z,"62 km NNW of Lospalos, Timor Leste",earthquake,,,,23.0,reviewed,us,us,1998-01-06,33664,Timor Leste,1
1998-01-13 13:32:23.750000+00:00,-6.463,126.336,457.9,4.43,mw,,,,1.16,us,usp0008e8w,2014-11-07T01:04:19.910Z,"222 km N of Baukau, Timor Leste",earthquake,,29.6,,3.0,reviewed,us,us,1998-01-13,33834,Timor Leste,-1
1998-01-26 20:17:55.390000+00:00,-7.641,123.934,268.9,5.11,mw,,,,1.06,us,usp0008f0n,2014-11-07T01:04:23.065Z,"176 km NW of Maubara, Timor Leste",earthquake,,8.2,,14.0,reviewed,us,us,1998-01-26,33722,Timor Leste,1
1998-02-04 03:17:28.050000+00:00,-8.041,128.951,113.6,4.51,mw,,,,1.0,us,usp0008fdq,2014-11-07T01:04:28.718Z,"221 km ENE of Lospalos, Timor Leste",earthquake,,18.8,,4.0,reviewed,us,us,1998-02-04,33832,Timor Leste,1
1998-02-07 06:00:39.630000+00:00,-7.149,127.485,250.0,5.11,mw,,,,0.95,us,usp0008fkw,2014-11-07T01:04:30.902Z,"161 km NNE of Lospalos, Timor Leste",earthquake,,,,10.0,reviewed,us,us,1998-02-07,33731,Timor Leste,1
1998-02-09 13:47:48.570000+00:00,-7.453,125.045,473.8,4.6,mw,,,,0.75,us,usp0008fr0,2014-11-07T01:04:31.535Z,"129 km N of Maubara, Timor Leste",earthquake,,19.2,,6.0,reviewed,us,us,1998-02-09,33802,Timor Leste,1
1998-02-26 22:47:23.500000+00:00,-7.562,127.624,100.0,4.85,mw,,,,1.22,us,usp0008gne,2014-11-07T01:04:35.697Z,"126 km NNE of Lospalos, Timor Leste",earthquake,,,,6.0,reviewed,us,us,1998-02-26,33760,Timor Leste,1
1998-03-05 10:26:38.900000+00:00,-7.817,129.521,33.0,4.6,mw,,,,0.34,us,usp0008gze,2014-11-07T01:04:41.998Z,"288 km ENE of Lospalos, Timor Leste",earthquake,,,,2.0,reviewed,us,us,1998-03-05,33793,Timor Leste,1
1998-03-07 16:28:57.510000+00:00,-7.104,129.252,100.0,5.2,mw,,,,1.17,us,usp0008h48,2014-11-07T01:04:43.120Z,"293 km ENE of Lospalos, Timor Leste",earthquake,,,,12.0,reviewed,us,us,1998-03-07,33702,Timor Leste,1
1998-03-11 16:35:40.810000+00:00,-6.402,128.568,331.9,4.51,mw,,,,0.97,us,usp0008hba,2014-11-07T01:04:45.264Z,"291 km NE of Lospalos, Timor Leste",earthquake,,7.0,,8.0,reviewed,us,us,1998-03-11,33826,Timor Leste,1
1998-03-13 00:16:46.430000+00:00,-8.562,128.708,150.0,4.77,mw,,,,0.92,us,usp0008hd3,2014-11-07T01:04:45.473Z,"188 km E of Lospalos, Timor Leste",earthquake,,,,4.0,reviewed,us,us,1998-03-13,33768,Timor Leste,1
1998-03-25 02:44:16.920000+00:00,-7.349,128.68,150.0,5.62,mw,,,,0.83,us,usp0008hzc,2014-11-07T01:04:49.724Z,"226 km NE of Lospalos, Timor Leste",earthquake,,,,32.0,reviewed,us,us,1998-03-25,33661,Timor Leste,1
1998-03-29 15:55:58.230000+00:00,-6.516,128.167,325.6,5.4,mwc,,,,0.9,us,usp0008j7g,2025-12-19T22:22:57.316Z,"256 km NNE of Lospalos, Timor Leste",earthquake,,3.5,,,reviewed,us,hrv,1998-03-29,33688,Timor Leste,1
1998-03-29 23:29:36.380000+00:00,-6.986,126.633,418.6,4.77,mw,,,,0.86,us,usp0008j8e,2014-11-07T01:04:52.047Z,"165 km N of Baukau, Timor Leste",earthquake,,11.1,,7.0,reviewed,us,us,1998-03-29,33766,Timor Leste,1
1998-04-07 15:49:54.270000+00:00,-6.88,128.915,33.0,4.6,mw,,,,1.09,us,usp0008jq1,2014-11-07T01:04:57.642Z,"278 km NE of Lospalos, Timor Leste",earthquake,,,,2.0,reviewed,us,us,1998-04-07,33802,Timor Leste,1
1998-04-16 06:02:33.050000+00:00,-7.925,123.63,100.0,4.6,mw,,,,0.84,us,usp0008kbz,2014-11-07T01:05:00.147Z,"163 km NNW of Pante Makasar, Timor Leste",earthquake,,,,6.0,reviewed,us,us,1998-04-16,33804,Timor Leste,1
1998-04-16 10:29:18.750000+00:00,-8.486,129.055,33.0,4.51,mw,,,,1.18,us,usp0008kcc,2014-11-07T01:05:00.185Z,"226 km E of Lospalos, Timor Leste",earthquake,,,,4.0,reviewed,us,us,1998-04-16,33816,Timor Leste,1
1998-04-18 00:46:08.720000+00:00,-8.899,123.947,100.0,5.0,mwc,,,,0.99,us,usp0008kff,2025-12-19T22:23:16.985Z,"58 km NW of Pante Makasar, Timor Leste",earthquake,,,,,reviewed,us,hrv,1998-04-18,33734,Timor Leste,1
1998-04-30 12:18:49.290000+00:00,-7.36,127.982,150.0,4.77,mw,,,,1.4,us,usp0008m6d,2014-11-07T01:05:05.409Z,"168 km NE of Lospalos, Timor Leste",earthquake,,,,6.0,reviewed,us,us,1998-04-30,33780,Timor Leste,1
1998-05-10 03:39:59.150000+00:00,-9.025,125.427,33.0,5.2,mwc,,,,1.16,us,usp0008mt4,2022-04-29T17:26:40.370Z,"9 km WSW of Ainaro, Timor Leste",earthquake,,,,,reviewed,us,hrv,1998-05-10,33693,Timor Leste,1
1998-05-16 00:53:25.670000+00:00,-5.893,125.376,550.0,5.45,mw,,,,0.78,us,usp0008n5h,2014-11-07T01:05:13.527Z,"294 km N of Metinaro, Timor Leste",earthquake,,,,30.0,reviewed,us,us,1998-05-16,33679,Timor Leste,1
1998-05-18 07:27:19.600000+00:00,-7.688,128.178,184.4,4.94,mw,,,,1.08,us,usp0008nam,2014-11-07T01:05:14.096Z,"159 km NE of Lospalos, Timor Leste",earthquake,,23.7,,3.0,reviewed,us,us,1998-05-18,33736,Timor Leste,1
1998-05-28 05:35:23.660000+00:00,-9.12,125.76,100.0,4.68,mw,,,,1.25,us,usp0008num,2014-11-07T01:05:16.392Z,"17 km SE of Same, Timor Leste",earthquake,,,,3.0,reviewed,us,us,1998-05-28,33987,Timor Leste,1
1998-05-29 07:17:31.700000+00:00,-6.657,127.53,413.3,4.85,mw,,,,0.96,us,usp0008nxb,2014-11-07T01:05:16.795Z,"214 km NNE of Lospalos, Timor Leste",earthquake,,5.2,,11.0,reviewed,us,us,1998-05-29,33984,Timor Leste,1
1998-05-31 09:02:44.040000+00:00,-6.074,125.77,544.8,4.85,mw,,,,0.59,us,usp0008p2r,2014-11-07T01:05:17.383Z,"270 km N of Manatutu, Timor Leste",earthquake,,15.2,,4.0,reviewed,us,us,1998-05-31,33950,Timor Leste,1
1998-06-11 20:30:44.200000+00:00,-6.554,124.995,589.7,5.2,mw,,,,0.83,us,usp0008prn,2014-11-07T01:05:24.134Z,"228 km N of Likisá, Timor Leste",earthquake,,5.2,,22.0,reviewed,us,us,1998-06-11,33886,Timor Leste,1
1998-07-05 07:52:42.460000+00:00,-7.474,128.235,150.0,5.03,mw,,,,1.15,us,usp0008qzh,2014-11-07T01:05:32.795Z,"178 km NE of Lospalos, Timor Leste",earthquake,,,,7.0,reviewed,us,us,1998-07-05,33912,Timor Leste,1
1998-07-05 18:15:58.990000+00:00,-9.875,125.606,33.0,5.2,mw,,,,1.37,us,usp0008r04,2014-11-07T01:05:32.881Z,"73 km SSE of Suai, Timor Leste",earthquake,,,,7.0,reviewed,us,us,1998-07-05,33882,Timor Leste,1
1998-07-09 23:09:02.230000+00:00,-6.212,127.867,400.0,4.43,mw,,,,1.11,us,usp0008r8p,2014-11-07T01:05:34.490Z,"272 km NNE of Lospalos, Timor Leste",earthquake,,,,4.0,reviewed,us,us,1998-07-09,34009,Timor Leste,1
1998-07-12 08:22:30.020000+00:00,-7.136,124.77,565.3,4.85,mw,,,,0.91,us,usp0008rc9,2014-11-07T01:05:34.923Z,"170 km NNW of Maubara, Timor Leste",earthquake,,12.9,,10.0,reviewed,us,us,1998-07-12,33962,Timor Leste,1
1998-07-19 10:35:04.720000+00:00,-8.148,128.016,131.9,4.6,mw,,,,0.96,us,usp0008rv5,2014-11-07T01:05:37.156Z,"119 km ENE of Lospalos, Timor Leste",earthquake,,14.9,,8.0,reviewed,us,us,1998-07-19,33991,Timor Leste,1
1998-08-02 13:02:29.930000+00:00,-9.119,127.169,33.0,4.51,mw,,,,1.41,us,usp0008sn0,2014-11-07T01:05:43.588Z,"68 km SSE of Lospalos, Timor Leste",earthquake,,,,4.0,reviewed,us,us,1998-08-02,33996,Timor Leste,1
1998-08-04 22:01:06.520000+00:00,-9.048,124.579,33.0,5.03,mw,,,,1.05,us,usp0008ssm,2014-11-07T01:05:46.690Z,"27 km NE of Pante Makasar, Timor Leste",earthquake,,,,3.0,reviewed,us,us,1998-08-04,33896,Timor Leste,1
1998-08-12 19:12:17.280000+00:00,-7.914,128.637,169.1,4.51,mw,,,,1.09,us,usp0008t5n,2014-11-07T01:05:48.619Z,"192 km ENE of Lospalos, Timor Leste",earthquake,,13.9,,2.0,reviewed,us,us,1998-08-12,33993,Timor Leste,1
1998-08-18 12:24:19.450000+00:00,-7.547,126.403,346.2,4.94,mw,,,,0.99,us,usp0008tfa,2014-11-07T01:05:50.367Z,"102 km N of Baukau, Timor Leste",earthquake,,6.8,,11.0,reviewed,us,us,1998-08-18,33941,Timor Leste,1
1998-09-02 04:29:34.360000+00:00,-7.673,124.888,367.9,4.85,mw,,,,0.86,us,usp0008u8q,2014-11-07T01:05:58.298Z,"109 km NNW of Maubara, Timor Leste",earthquake,,6.8,,11.0,reviewed,us,us,1998-09-02,33947,Timor Leste,1
1998-09-08 18:48:43.760000+00:00,-8.15,129.137,33.0,5.03,mw,,,,1.19,us,usp0008umh,2014-11-07T01:06:01.359Z,"239 km E of Lospalos, Timor Leste",earthquake,,,,22.0,reviewed,us,us,1998-09-08,33920,Timor Leste,1
1998-09-11 07:16:45.820000+00:00,-6.726,128.132,268.4,5.11,mw,,,,0.89,us,usp0008ury,2014-11-07T01:06:01.844Z,"234 km NNE of Lospalos, Timor Leste",earthquake,,14.1,,9.0,reviewed,us,us,1998-09-11,33889,Timor Leste,1
1998-09-23 02:41:57.730000+00:00,-8.676,129.137,33.0,4.68,mw,,,,0.99,us,usp0008vcm,2014-11-07T01:06:05.571Z,"236 km E of Lospalos, Timor Leste",earthquake,,,,6.0,reviewed,us,us,1998-09-23,33989,Timor Leste,1
1998-10-05 21:43:18+00:00,-8.357,124.071,100.0,5.03,mw,,,,1.06,us,usp0008w1w,2014-11-07T01:06:12.370Z,"99 km NNW of Pante Makasar, Timor Leste",earthquake,,,,10.0,reviewed,us,us,1998-10-05,33910,Timor Leste,1
1998-10-15 09:01:19.880000+00:00,-7.56,128.873,57.7,5.28,mw,,,,1.33,us,usp0008wj3,2014-11-07T01:06:14.869Z,"232 km ENE of Lospalos, Timor Leste",earthquake,,12.1,,21.0,reviewed,us,us,1998-10-15,33858,Timor Leste,1
1998-10-18 16:16:51.140000+00:00,-7.572,127.569,100.0,4.77,mw,,,,0.74,us,usp0008wqk,2014-11-07T01:06:16.069Z,"122 km NNE of Lospalos, Timor Leste",earthquake,,,,2.0,reviewed,us,us,1998-10-18,33987,Timor Leste,1
1998-10-18 17:01:38.310000+00:00,-8.894,124.064,121.5,4.94,mw,,,,1.47,us,usp0008wqq,2014-11-07T01:06:16.079Z,"48 km NW of Pante Makasar, Timor Leste",earthquake,,11.9,,16.0,reviewed,us,us,1998-10-18,33926,Timor Leste,1
1998-10-20 19:07:31.590000+00:00,-6.346,128.289,382.9,4.43,mw,,,,0.93,us,usp0008wte,2014-11-07T01:06:16.390Z,"279 km NNE of Lospalos, Timor Leste",earthquake,,20.6,,4.0,reviewed,us,us,1998-10-20,34008,Timor Leste,1
1998-10-22 08:13:23.660000+00:00,-8.008,125.525,33.0,5.4,mwc,,,,1.19,us,usp0008wvy,2022-04-29T17:53:57.743Z,"61 km N of Dili, Timor Leste",earthquake,,,,,reviewed,us,hrv,1998-10-22,33847,Timor Leste,1
1998-10-24 07:54:10.540000+00:00,-6.844,125.449,449.4,5.2,mw,,,,1.04,us,usp0008wz9,2014-11-07T01:06:17.055Z,"189 km N of Metinaro, Timor Leste",earthquake,,23.7,,8.0,reviewed,us,us,1998-10-24,33882,Timor Leste,1
1998-10-27 00:25:52.250000+00:00,-7.206,127.545,242.9,4.85,mw,,,,1.01,us,usp0008x40,2014-11-07T01:06:17.927Z,"157 km NNE of Lospalos, Timor Leste",earthquake,,13.8,,4.0,reviewed,us,us,1998-10-27,33974,Timor Leste,1
1998-11-08 05:00:53.260000+00:00,-7.262,127.081,263.2,5.7,mwc,,,,1.03,us,usp0008xtu,2022-04-29T17:55:16.435Z,"139 km N of Lospalos, Timor Leste",earthquake,,,,,reviewed,us,hrv,1998-11-08,33845,Timor Leste,1
1998-11-09 05:38:44.220000+00:00,-6.92,128.946,33.0,7.0,mwc,,,,1.09,us,usp0008xw8,2022-04-29T17:55:28.041Z,"278 km NE of Lospalos, Timor Leste",earthquake,,,,,reviewed,us,hrv,1998-11-09,33844,Timor Leste,1
1998-12-15 16:15:10.320000+00:00,-9.028,123.94,52.0,4.94,mw,,,,0.89,us,usp0008znt,2014-11-07T01:06:39.360Z,"52 km WNW of Pante Makasar, Timor Leste",earthquake,,10.7,,10.0,reviewed,us,us,1998-12-15,34111,Timor Leste,1
1998-12-27 06:06:40.150000+00:00,-7.134,126.599,398.0,4.85,mw,,,,0.71,us,usp0009089,2014-11-07T01:06:42.035Z,"149 km N of Baukau, Timor Leste",earthquake,,13.1,,10.0,reviewed,us,us,1998-12-27,34128,Timor Leste,1
1999-01-12 02:59:24.440000+00:00,-6.152,126.517,486.0,4.6,mw,,,,0.88,us,usp00090z6,2014-11-07T01:06:48.573Z,"257 km N of Baukau, Timor Leste",earthquake,,17.0,,4.0,reviewed,us,us,1999-01-12,34160,Timor Leste,1
1999-02-09 08:53:42.500000+00:00,-6.803,125.152,542.7,5.03,mw,,,,0.89,us,usp00092h8,2014-11-07T01:07:00.594Z,"198 km N of Likisá, Timor Leste",earthquake,,6.7,,6.0,reviewed,us,us,1999-02-09,34073,Timor Leste,1
1999-02-19 22:41:25.150000+00:00,-6.75,126.901,427.9,4.77,mw,,,,0.95,us,usp0009330,2014-11-07T01:07:02.912Z,"196 km N of Lospalos, Timor Leste",earthquake,,8.9,,8.0,reviewed,us,us,1999-02-19,34159,Timor Leste,1
1999-03-07 00:08:08.730000+00:00,-7.448,128.247,125.6,5.28,mw,,,,1.08,us,usp00093zz,2014-11-07T01:07:11.133Z,"181 km NE of Lospalos, Timor Leste",earthquake,,4.6,,15.0,reviewed,us,us,1999-03-07,34057,Timor Leste,1
1999-03-08 16:08:59.800000+00:00,-7.495,126.717,239.9,4.77,mw,,,,0.88,us,usp000943s,2014-11-07T01:07:12.105Z,"112 km NNE of Baukau, Timor Leste",earthquake,,11.4,,10.0,reviewed,us,us,1999-03-08,34142,Timor Leste,1
1999-03-22 08:04:06.530000+00:00,-7.122,128.658,33.0,5.8,mwc,,,,1.19,us,usp00094yt,2022-04-29T18:04:37.092Z,"239 km NE of Lospalos, Timor Leste",earthquake,,,,,reviewed,us,hrv,1999-03-22,34045,Timor Leste,1
1999-04-08 14:09:54.260000+00:00,-7.701,129.448,86.1,4.43,mw,,,,0.83,us,usp00095za,2014-11-07T01:07:25.780Z,"284 km ENE of Lospalos, Timor Leste",earthquake,,40.9,,2.0,reviewed,us,us,1999-04-08,34186,Timor Leste,1
1999-04-08 20:06:03.300000+00:00,-6.411,127.61,394.2,4.68,mw,,,,1.11,us,usp00095zm,2014-11-07T01:07:26.090Z,"242 km NNE of Lospalos, Timor Leste",earthquake,,18.8,,5.0,reviewed,us,us,1999-04-08,34159,Timor Leste,1
1999-04-09 06:32:59.300000+00:00,-7.134,129.12,167.0,4.94,mw,,,,1.3,us,usp000960b,2014-11-07T01:07:26.551Z,"279 km ENE of Lospalos, Timor Leste",earthquake,,15.9,,11.0,reviewed,us,us,1999-04-09,34101,Timor Leste,1
1999-05-05 13:47:38.290000+00:00,-6.517,128.753,239.5,4.43,mw,,,,1.02,us,usp00097d7,2014-11-07T01:07:37.661Z,"294 km NE of Lospalos, Timor Leste",earthquake,,15.1,,3.0,reviewed,us,us,1999-05-05,34196,Timor Leste,1
1999-05-15 17:07:55.700000+00:00,-6.827,127.302,369.0,4.94,mw,,,,1.4,us,usp0009819,2014-11-07T01:07:40.723Z,"190 km N of Lospalos, Timor Leste",earthquake,,16.9,,5.0,reviewed,us,us,1999-05-15,34127,Timor Leste,1
1999-05-20 17:12:12+00:00,-7.281,128.399,114.2,5.45,mw,,,,0.78,us,usp00098dc,2014-11-07T01:07:41.951Z,"206 km NE of Lospalos, Timor Leste",earthquake,,2.9,,29.0,reviewed,us,us,1999-05-20,34201,Timor Leste,1
1999-05-30 09:44:30.500000+00:00,-7.7,129.075,33.0,4.68,mw,,,,1.4,us,usp000990y,2014-11-07T01:07:44.809Z,"246 km ENE of Lospalos, Timor Leste",earthquake,,,,6.0,reviewed,us,us,1999-05-30,34353,Timor Leste,1
1999-06-11 01:06:30.740000+00:00,-7.48,128.019,144.0,5.11,mw,,,,1.21,us,usp00099nq,2014-11-07T01:07:53.088Z,"161 km NE of Lospalos, Timor Leste",earthquake,,11.9,,9.0,reviewed,us,us,1999-06-11,34249,Timor Leste,1
1999-07-02 20:23:20.860000+00:00,-8.07,129.051,33.0,4.68,mw,,,,1.23,us,usp0009ayr,2014-11-07T01:08:01.792Z,"231 km ENE of Lospalos, Timor Leste",earthquake,,,,4.0,reviewed,us,us,1999-07-02,34351,Timor Leste,1
1999-07-02 22:17:30.790000+00:00,-6.58,128.597,33.0,4.94,mw,,,,1.18,us,usp0009ayu,2014-11-07T01:08:01.809Z,"277 km NE of Lospalos, Timor Leste",earthquake,,,,7.0,reviewed,us,us,1999-07-02,34337,Timor Leste,1
1999-07-07 17:55:46.100000+00:00,-7.623,127.354,148.8,5.4,mwc,,,,0.83,us,usp0009b82,2025-12-19T22:33:04.600Z,"106 km NNE of Lospalos, Timor Leste",earthquake,,2.4,,,reviewed,us,hrv,1999-07-07,34211,Timor Leste,1
1999-07-29 20:19:24.690000+00:00,-8.227,123.899,163.7,5.11,mw,,,,1.25,us,usp0009c9j,2014-11-07T01:08:08.892Z,"120 km NNW of Pante Makasar, Timor Leste",earthquake,,12.8,,3.0,reviewed,us,us,1999-07-29,34244,Timor Leste,1
1999-07-30 22:56:05.500000+00:00,-7.093,128.807,33.0,4.77,mw,,,,1.32,us,usp0009cb6,2014-11-07T01:08:09.179Z,"254 km NE of Lospalos, Timor Leste",earthquake,,,,6.0,reviewed,us,us,1999-07-30,34347,Timor Leste,1
1999-08-06 12:54:06.110000+00:00,-7.078,126.919,363.8,4.68,mw,,,,0.52,us,usp0009cq5,2014-11-07T01:08:14.862Z,"159 km N of Lospalos, Timor Leste",earthquake,,13.2,,3.0,reviewed,us,us,1999-08-06,34378,Timor Leste,1
1999-10-03 06:36:08.840000+00:00,-7.138,124.987,516.3,5.11,mw,,,,1.04,us,usp0009fch,2014-11-07T01:08:39.377Z,"164 km N of Maubara, Timor Leste",earthquake,,7.7,,7.0,reviewed,us,us,1999-10-03,34223,Timor Leste,1
1999-10-13 22:53:13.660000+00:00,-7.341,123.919,558.5,5.03,mw,,,,0.49,us,usp0009ft8,2014-11-07T01:08:41.718Z,"199 km NW of Maubara, Timor Leste",earthquake,,31.3,,5.0,reviewed,us,us,1999-10-13,34279,Timor Leste,1
1999-10-17 01:37:53.380000+00:00,-8.137,124.924,33.0,5.03,mw,,,,1.27,us,usp0009g15,2014-11-07T01:08:42.893Z,"61 km NNW of Maubara, Timor Leste",earthquake,,,,9.0,reviewed,us,us,1999-10-17,34272,Timor Leste,1
1999-10-19 04:03:44.940000+00:00,-9.242,124.0,33.0,5.03,mw,,,,0.93,us,usp0009g7a,2014-11-07T01:08:44.162Z,"42 km W of Pante Makasar, Timor Leste",earthquake,,,,4.0,reviewed,us,us,1999-10-19,34271,Timor Leste,1
1999-11-13 20:21:27.450000+00:00,-7.208,129.25,33.0,5.11,mw,,,,0.91,us,usp0009hj9,2014-11-07T01:08:57.932Z,"287 km ENE of Lospalos, Timor Leste",earthquake,,,,8.0,reviewed,us,us,1999-11-13,34244,Timor Leste,1
1999-12-09 20:31:50.470000+00:00,-8.478,123.941,149.5,4.68,mw,,,,1.16,us,usp0009jnt,2014-11-07T01:09:08.504Z,"93 km NNW of Pante Makasar, Timor Leste",earthquake,,13.9,,3.0,reviewed,us,us,1999-12-09,34524,Timor Leste,1
1999-12-17 07:58:01.550000+00:00,-8.407,125.186,33.0,5.28,mw,,,,1.39,us,usp0009jy3,2014-11-07T01:09:09.902Z,"22 km N of Maubara, Timor Leste",earthquake,,,,27.0,reviewed,us,us,1999-12-17,34459,Timor Leste,1
2000-02-02 02:11:03.430000+00:00,-6.371,128.068,397.9,4.68,mw,,,,0.66,us,usp0009my2,2014-11-07T01:09:25.329Z,"265 km NNE of Lospalos, Timor Leste",earthquake,,12.4,,7.0,reviewed,us,us,2000-02-02,34489,Timor Leste,1
2000-03-03 22:09:13.790000+00:00,-7.321,128.491,141.9,6.4,mwb,,,,0.91,us,usp0009p7z,2022-04-29T19:16:11.232Z,"211 km NE of Lospalos, Timor Leste",earthquake,,,,,reviewed,us,us,2000-03-03,34404,Timor Leste,1
2000-04-07 05:55:46.550000+00:00,-7.206,129.193,153.2,5.5,mwc,,,,1.19,us,usp0009qy1,2025-12-19T22:42:55.540Z,"282 km ENE of Lospalos, Timor Leste",earthquake,,5.7,,,reviewed,us,hrv,2000-04-07,34412,Timor Leste,1
2000-05-15 14:28:02.580000+00:00,-6.94,127.179,406.7,4.94,mw,,,,0.84,us,usp0009t0m,2014-11-07T01:10:08.517Z,"176 km N of Lospalos, Timor Leste",earthquake,,4.6,,24.0,reviewed,us,us,2000-05-15,34623,Timor Leste,1
2000-05-17 05:26:27.050000+00:00,-7.453,127.578,100.0,5.2,mw,,,,0.9,us,usp0009t2s,2014-11-07T01:10:09.623Z,"134 km NNE of Lospalos, Timor Leste",earthquake,,3.5,,21.0,reviewed,us,us,2000-05-17,34581,Timor Leste,1
2000-05-23 20:28:05.620000+00:00,-7.507,128.033,175.2,5.11,mw,,,,0.96,us,usp0009td1,2014-11-07T01:10:11.245Z,"160 km NE of Lospalos, Timor Leste",earthquake,,4.0,,26.0,reviewed,us,us,2000-05-23,34605,Timor Leste,1
2000-06-03 17:17:42.930000+00:00,-7.41,127.047,33.0,5.11,mw,26.0,,,0.73,us,usp0009twa,2014-11-07T01:10:17.858Z,"123 km N of Lospalos, Timor Leste",earthquake,,,,14.0,reviewed,us,us,2000-06-03,34593,Timor Leste,1
2000-06-13 11:08:32.990000+00:00,-8.894,129.464,33.0,4.94,mw,12.0,,,1.41,us,usp0009ugv,2014-11-07T01:10:22.161Z,"274 km E of Lospalos, Timor Leste",earthquake,,,,5.0,reviewed,us,us,2000-06-13,34630,Timor Leste,1
2000-06-15 10:14:12.340000+00:00,-6.87,126.508,400.0,4.77,mw,19.0,,,0.81,us,usp0009un2,2014-11-07T01:10:22.704Z,"177 km N of Baukau, Timor Leste",earthquake,,,,5.0,reviewed,us,us,2000-06-15,34658,Timor Leste,1
2000-06-27 11:37:05.800000+00:00,-7.096,125.906,496.1,5.8,mwc,260.0,,,0.88,us,usp0009v73,2022-04-29T18:42:51.632Z,"156 km N of Manatutu, Timor Leste",earthquake,,,,,reviewed,us,hrv,2000-06-27,34564,Timor Leste,1
2000-07-12 13:47:55.450000+00:00,-7.918,128.269,33.0,4.94,mw,11.0,,,0.87,us,usp0009wbp,2014-11-07T01:10:35.693Z,"155 km ENE of Lospalos, Timor Leste",earthquake,,,,5.0,reviewed,us,us,2000-07-12,34637,Timor Leste,1
2000-07-15 07:13:44.680000+00:00,-7.027,128.931,217.9,5.9,mwc,151.0,,,0.98,us,usp0009wjg,2022-04-29T18:44:57.218Z,"269 km NE of Lospalos, Timor Leste",earthquake,,,,,reviewed,us,hrv,2000-07-15,34562,Timor Leste,1
2000-07-22 05:56:05.230000+00:00,-6.554,128.309,238.3,4.85,mw,28.0,,,0.67,us,usp0009wy8,2014-11-07T01:10:39.105Z,"261 km NNE of Lospalos, Timor Leste",earthquake,,10.9,,16.0,reviewed,us,us,2000-07-22,34644,Timor Leste,1
2000-07-29 21:12:59.190000+00:00,-8.88,124.195,116.5,4.68,mw,35.0,,,1.42,us,usp0009xdv,2014-11-07T01:10:41.854Z,"41 km NNW of Pante Makasar, Timor Leste",earthquake,,13.3,,9.0,reviewed,us,us,2000-07-29,34734,Timor Leste,1
2000-08-05 02:55:00.360000+00:00,-7.234,128.489,100.3,5.45,mw,131.0,,,0.93,us,usp0009xxu,2014-11-07T01:10:49.123Z,"217 km NE of Lospalos, Timor Leste",earthquake,,3.5,,30.0,reviewed,us,us,2000-08-05,34570,Timor Leste,1
2000-08-19 18:10:03.540000+00:00,-7.168,126.702,345.3,4.68,mw,27.0,,,0.81,us,usp0009yt0,2014-11-07T01:10:53.510Z,"147 km N of Baukau, Timor Leste",earthquake,,15.9,,8.0,reviewed,us,us,2000-08-19,34718,Timor Leste,1
2000-10-17 11:50:36.030000+00:00,-7.113,124.826,558.8,5.11,mw,65.0,,,0.93,us,usp000a1ys,2014-11-07T01:11:16.990Z,"170 km NNW of Maubara, Timor Leste",earthquake,,4.3,,13.0,reviewed,us,us,2000-10-17,34591,Timor Leste,1
2000-10-18 06:29:00.880000+00:00,-8.478,128.02,33.0,4.77,mw,20.0,,,1.31,us,usp000a20p,2014-11-07T01:11:17.201Z,"112 km E of Lospalos, Timor Leste",earthquake,,,,1.0,reviewed,us,us,2000-10-18,34717,Timor Leste,1
2000-11-03 02:47:20.330000+00:00,-7.466,129.421,71.9,5.03,mw,20.0,,,1.34,us,usp000a2w9,2014-11-07T01:11:24.826Z,"291 km ENE of Lospalos, Timor Leste",earthquake,,18.4,,6.0,reviewed,us,us,2000-11-03,34620,Timor Leste,1
2000-11-08 09:32:33.780000+00:00,-9.131,127.219,33.0,4.43,mw,7.0,,,1.67,us,usp000a378,2014-11-07T01:11:26.777Z,"71 km SSE of Lospalos, Timor Leste",earthquake,,,,1.0,reviewed,us,us,2000-11-08,34739,Timor Leste,1
2000-11-24 19:57:14.230000+00:00,-8.709,124.006,33.0,5.11,mw,13.0,,,0.69,us,usp000a4v9,2014-11-07T01:11:33.611Z,"68 km NW of Pante Makasar, Timor Leste",earthquake,,,,3.0,reviewed,us,us,2000-11-24,34768,Timor Leste,1
2000-12-06 21:16:09.830000+00:00,-8.463,127.724,33.0,4.94,mw,9.0,,,1.37,us,usp000a5mj,2014-11-07T01:11:41.268Z,"80 km E of Lospalos, Timor Leste",earthquake,,,,2.0,reviewed,us,us,2000-12-06,34832,Timor Leste,1
2000-12-07 04:32:15.460000+00:00,-7.372,128.282,62.0,4.94,mw,18.0,,,0.96,us,usp000a5my,2014-11-07T01:11:41.374Z,"190 km NE of Lospalos, Timor Leste",earthquake,,22.1,,7.0,reviewed,us,us,2000-12-07,34829,Timor Leste,1
2000-12-18 20:13:57.120000+00:00,-7.169,124.87,471.0,4.77,mw,36.0,,,0.92,us,usp000a69u,2014-11-07T01:11:44.689Z,"163 km NNW of Maubara, Timor Leste",earthquake,,4.7,,11.0,reviewed,us,us,2000-12-18,34844,Timor Leste,1
2001-01-24 02:38:41.540000+00:00,-6.954,128.696,166.2,5.11,mw,29.0,,,0.87,us,usp000a899,2014-11-07T01:11:58.467Z,"255 km NE of Lospalos, Timor Leste",earthquake,,16.5,,8.0,reviewed,us,us,2001-01-24,34767,Timor Leste,1
2001-01-24 06:54:08.790000+00:00,-7.202,129.26,149.9,5.03,mw,47.0,,,1.05,us,usp000a89u,2014-11-07T01:11:58.523Z,"288 km ENE of Lospalos, Timor Leste",earthquake,,10.7,,13.0,reviewed,us,us,2001-01-24,34816,Timor Leste,1
2001-01-30 22:21:15.560000+00:00,-8.72,128.345,33.0,5.03,mw,9.0,,,1.08,us,usp000a8qr,2014-11-07T01:12:00.202Z,"149 km E of Lospalos, Timor Leste",earthquake,,,,2.0,reviewed,us,us,2001-01-30,34816,Timor Leste,1
2001-02-06 03:15:31.420000+00:00,-7.372,124.023,600.0,4.43,mw,18.0,,,0.98,us,usp000a94y,2014-11-07T01:12:05.895Z,"189 km NW of Maubara, Timor Leste",earthquake,,,,3.0,reviewed,us,us,2001-02-06,34914,Timor Leste,1
2001-02-09 16:21:30.090000+00:00,-9.126,125.977,33.0,4.6,mw,10.0,,,1.02,us,usp000a9bt,2014-11-07T01:12:07.261Z,"38 km ESE of Same, Timor Leste",earthquake,,,,2.0,reviewed,us,us,2001-02-09,34862,Timor Leste,1
2001-02-17 17:12:00.170000+00:00,-7.368,128.895,120.6,4.68,mw,16.0,,,1.36,us,usp000a9tg,2014-11-07T01:12:09.772Z,"244 km ENE of Lospalos, Timor Leste",earthquake,,23.0,,6.0,reviewed,us,us,2001-02-17,34844,Timor Leste,1
2001-02-19 15:46:05.890000+00:00,-7.59,127.569,200.0,4.85,mw,67.0,,,1.09,us,usp000a9y3,2014-11-07T01:12:10.335Z,"120 km NNE of Lospalos, Timor Leste",earthquake,,,,12.0,reviewed,us,us,2001-02-19,34842,Timor Leste,1
2001-02-21 18:54:11.190000+00:00,-6.819,125.166,569.9,5.03,mw,31.0,,,0.93,us,usp000aa2q,2014-11-07T01:12:10.792Z,"196 km N of Likisá, Timor Leste",earthquake,,8.1,,4.0,reviewed,us,us,2001-02-21,34779,Timor Leste,1
2001-02-21 19:40:05.600000+00:00,-6.892,127.078,412.5,4.43,mw,22.0,,,1.07,us,usp000aa2x,2014-11-07T01:12:10.804Z,"180 km N of Lospalos, Timor Leste",earthquake,,19.5,,8.0,reviewed,us,us,2001-02-21,34915,Timor Leste,1
2001-02-28 09:47:36.430000+00:00,-6.31,128.368,200.0,4.6,mw,10.0,,,0.87,us,usp000aajv,2014-11-07T01:12:13.040Z,"287 km NNE of Lospalos, Timor Leste",earthquake,,,,2.0,reviewed,us,us,2001-02-28,34853,Timor Leste,1
2001-03-02 20:04:42.040000+00:00,-6.324,127.951,387.9,4.51,mw,20.0,,,0.98,us,usp000aasj,2014-11-07T01:12:17.298Z,"264 km NNE of Lospalos, Timor Leste",earthquake,,15.5,,6.0,reviewed,us,us,2001-03-02,34877,Timor Leste,1
2001-03-11 15:20:35.010000+00:00,-7.547,127.948,117.2,4.51,mw,17.0,,,1.31,us,usp000ab80,2014-11-07T01:12:20.024Z,"150 km NE of Lospalos, Timor Leste",earthquake,,22.7,,4.0,reviewed,us,us,2001-03-11,34862,Timor Leste,1
2001-03-11 22:33:06.810000+00:00,-9.176,126.992,33.0,4.85,mw,11.0,,,1.39,us,usp000ab8p,2014-11-07T01:12:20.106Z,"72 km S of Lospalos, Timor Leste",earthquake,,,,3.0,reviewed,us,us,2001-03-11,34840,Timor Leste,1
2001-03-26 14:40:24.920000+00:00,-8.283,128.639,33.0,5.03,mw,6.0,,,1.14,us,usp000ac2e,2014-11-07T01:12:25.962Z,"182 km E of Lospalos, Timor Leste",earthquake,,,,2.0,reviewed,us,us,2001-03-26,34822,Timor Leste,1
2001-04-05 17:16:14.200000+00:00,-7.021,125.64,486.1,4.51,mw,20.0,,,0.77,us,usp000acn7,2014-11-07T01:12:32.105Z,"167 km N of Metinaro, Timor Leste",earthquake,,16.5,,11.0,reviewed,us,us,2001-04-05,34887,Timor Leste,1
2001-04-28 11:54:23.640000+00:00,-6.826,126.487,424.8,4.68,mw,9.0,,,0.77,us,usp000ae3f,2014-11-07T01:12:38.990Z,"182 km N of Baukau, Timor Leste",earthquake,,24.5,,1.0,reviewed,us,us,2001-04-28,34851,Timor Leste,1
2001-05-02 00:00:18.120000+00:00,-7.245,126.84,303.8,4.51,mw,12.0,,,1.16,us,usp000ae9t,2014-11-07T01:12:42.378Z,"142 km N of Lospalos, Timor Leste",earthquake,,22.8,,2.0,reviewed,us,us,2001-05-02,34910,Timor Leste,1
2001-05-03 05:13:27.960000+00:00,-7.741,124.792,33.0,5.3,mwc,86.0,,,0.94,us,usp000aebt,2022-04-29T19:23:14.194Z,"106 km NNW of Maubara, Timor Leste",earthquake,,,,,reviewed,us,hrv,2001-05-03,34755,Timor Leste,1
2001-05-27 17:15:39.040000+00:00,-8.903,128.632,33.0,4.77,mw,7.0,,,0.34,us,usp000afne,2014-11-07T01:12:51.531Z,"184 km ESE of Lospalos, Timor Leste",earthquake,,,,3.0,reviewed,us,us,2001-05-27,35082,Timor Leste,1
2001-06-04 02:58:41.880000+00:00,-6.948,124.825,537.5,5.4,mwc,185.0,,,0.8,us,usp000ag0h,2025-12-19T22:49:02.536Z,"188 km NNW of Maubara, Timor Leste",earthquake,,,,,reviewed,us,hrv,2001-06-04,34947,Timor Leste,1
2001-06-14 16:02:59.620000+00:00,-6.645,127.913,319.1,5.03,mw,77.0,,,0.72,us,usp000agmx,2014-11-07T01:13:03.839Z,"230 km NNE of Lospalos, Timor Leste",earthquake,,4.7,,38.0,reviewed,us,us,2001-06-14,34998,Timor Leste,1
2001-06-15 10:05:47+00:00,-7.38,128.986,61.3,5.28,mw,62.0,,,0.99,us,usp000agqp,2014-11-07T01:13:04.171Z,"252 km ENE of Lospalos, Timor Leste",earthquake,,,,27.0,reviewed,us,us,2001-06-15,34958,Timor Leste,1
2001-07-03 08:38:05.800000+00:00,-8.459,127.358,33.0,5.37,mw,67.0,,,0.97,us,usp000ahww,2014-11-07T01:13:13.293Z,"40 km E of Lospalos, Timor Leste",earthquake,,,,13.0,reviewed,us,us,2001-07-03,34957,Timor Leste,1
2001-07-03 21:50:34.440000+00:00,-8.928,127.389,33.0,4.85,mw,6.0,,,1.47,us,usp000ahxz,2014-11-07T01:13:13.635Z,"62 km SE of Lospalos, Timor Leste",earthquake,,,,2.0,reviewed,us,us,2001-07-03,35056,Timor Leste,1
2001-07-24 00:58:47.490000+00:00,-7.59,129.501,33.0,5.2,mw,45.0,,,1.15,us,usp000ak1u,2014-11-07T01:13:20.523Z,"294 km ENE of Lospalos, Timor Leste",earthquake,,,,9.0,reviewed,us,us,2001-07-24,34976,Timor Leste,1
2001-07-25 00:23:40.470000+00:00,-7.317,128.299,33.0,5.11,mw,13.0,,,0.76,us,usp000ak3w,2014-11-07T01:13:20.839Z,"195 km NE of Lospalos, Timor Leste",earthquake,,,,3.0,reviewed,us,us,2001-07-25,34997,Timor Leste,1
2001-09-08 06:58:54.050000+00:00,-6.278,128.271,353.1,4.51,mw,19.0,,,0.82,us,usp000anu7,2014-11-07T01:13:45.535Z,"285 km NNE of Lospalos, Timor Leste",earthquake,,16.7,,2.0,reviewed,us,us,2001-09-08,35092,Timor Leste,1
2001-09-14 02:46:20.060000+00:00,-6.934,126.559,400.0,4.94,mw,62.0,,,0.92,us,usp000ap4w,2014-11-07T01:13:47.898Z,"170 km N of Baukau, Timor Leste",earthquake,,,,21.0,reviewed,us,us,2001-09-14,35049,Timor Leste,1
2001-09-18 02:19:30.790000+00:00,-7.506,127.739,131.8,6.0,mwc,207.0,,,0.94,us,usp000apcx,2022-04-29T19:47:45.658Z,"138 km NE of Lospalos, Timor Leste",earthquake,,,,,reviewed,us,hrv,2001-09-18,34939,Timor Leste,1
2001-09-21 10:21:26.910000+00:00,-7.034,129.263,123.7,4.94,mw,26.0,,,0.96,us,usp000apj8,2014-11-07T01:13:49.586Z,"299 km ENE of Lospalos, Timor Leste",earthquake,,15.2,,9.0,reviewed,us,us,2001-09-21,35043,Timor Leste,1
2001-10-17 12:52:36.570000+00:00,-8.658,123.896,33.0,5.2,mw,37.0,,,1.13,us,usp000ar43,2014-11-07T01:14:00.447Z,"80 km NW of Pante Makasar, Timor Leste",earthquake,,,,9.0,reviewed,us,us,2001-10-17,34976,Timor Leste,1
2001-10-21 23:03:17.300000+00:00,-8.946,125.148,33.0,4.51,mw,7.0,,,1.1,us,usp000ard1,2014-11-07T01:14:02.061Z,"9 km WNW of Maliana, Timor Leste",earthquake,,,,2.0,reviewed,us,us,2001-10-21,35092,Timor Leste,1
2001-10-27 08:35:35.930000+00:00,-6.717,127.418,405.3,4.77,mw,12.0,,,0.78,us,usp000arqr,2014-11-07T01:14:03.942Z,"204 km NNE of Lospalos, Timor Leste",earthquake,,21.0,,4.0,reviewed,us,us,2001-10-27,35086,Timor Leste,1
2001-10-27 19:29:46.310000+00:00,-7.775,126.744,309.1,4.85,mw,12.0,,,0.9,us,usp000arru,2014-11-07T01:14:04.031Z,"83 km NNE of Baukau, Timor Leste",earthquake,,20.7,,6.0,reviewed,us,us,2001-10-27,35053,Timor Leste,1
2001-11-05 20:53:17.710000+00:00,-8.176,123.871,33.0,5.28,mw,24.0,,,1.15,us,usp000asa6,2014-11-07T01:14:12.324Z,"126 km NNW of Pante Makasar, Timor Leste",earthquake,,,,13.0,reviewed,us,us,2001-11-05,35110,Timor Leste,1
2001-11-11 06:03:03.130000+00:00,-7.705,124.906,27.9,5.03,mw,30.0,,,0.97,us,usp000asns,2014-11-07T01:14:13.777Z,"105 km NNW of Maubara, Timor Leste",earthquake,,,,11.0,reviewed,us,us,2001-11-11,35145,Timor Leste,1
2001-11-14 17:13:04.630000+00:00,-8.861,124.226,84.6,5.54,mw,107.0,,,0.83,us,usp000aswn,2014-11-07T01:14:15.109Z,"41 km NNW of Pante Makasar, Timor Leste",earthquake,,,,29.0,reviewed,us,us,2001-11-14,35107,Timor Leste,1
2001-11-19 21:03:58.310000+00:00,-8.52,123.675,33.0,5.03,mw,25.0,,,0.83,us,usp000at5h,2014-11-07T01:14:16.797Z,"108 km NW of Pante Makasar, Timor Leste",earthquake,,,,10.0,reviewed,us,us,2001-11-19,35186,Timor Leste,1
2001-11-20 21:08:18.430000+00:00,-6.88,128.921,33.0,6.2,mwc,122.0,,,1.04,us,usp000at7h,2022-04-29T19:41:56.885Z,"279 km NE of Lospalos, Timor Leste",earthquake,,,,,reviewed,us,hrv,2001-11-20,35101,Timor Leste,1
2001-11-20 23:25:39.410000+00:00,-9.471,125.577,33.0,5.03,mw,12.0,,,1.52,us,usp000at7p,2014-11-07T01:14:17.102Z,"39 km ESE of Suai, Timor Leste",earthquake,,,,4.0,reviewed,us,us,2001-11-20,35130,Timor Leste,1
2001-11-25 17:13:52.720000+00:00,-6.494,127.941,350.0,4.94,mw,20.0,,,0.91,us,usp000atfj,2014-11-07T01:14:18.203Z,"247 km NNE of Lospalos, Timor Leste",earthquake,,,,7.0,reviewed,us,us,2001-11-25,35196,Timor Leste,1
2001-12-04 11:11:16.610000+00:00,-8.36,128.388,33.0,4.85,mw,15.0,,,0.93,us,usp000atzu,2014-11-07T01:14:25.955Z,"154 km E of Lospalos, Timor Leste",earthquake,,,,3.0,reviewed,us,us,2001-12-04,35218,Timor Leste,1
2001-12-08 02:18:58.770000+00:00,-7.235,125.972,500.0,5.2,mw,26.0,,,1.35,us,usp000au7a,2014-11-07T01:14:26.964Z,"141 km N of Manatutu, Timor Leste",earthquake,,,,8.0,reviewed,us,us,2001-12-08,35116,Timor Leste,1
2001-12-19 22:16:58.160000+00:00,-7.504,124.098,33.0,4.85,mw,8.0,,,1.32,us,usp000aux5,2014-11-07T01:14:30.185Z,"173 km NW of Maubara, Timor Leste",earthquake,,,,1.0,reviewed,us,us,2001-12-19,35220,Timor Leste,1
2002-01-15 07:24:42.410000+00:00,-8.074,126.602,100.0,5.03,mw,7.0,,,1.08,us,usp000awh5,2014-11-07T01:14:41.942Z,"47 km NNE of Baukau, Timor Leste",earthquake,,,,1.0,reviewed,us,us,2002-01-15,35134,Timor Leste,1
2002-01-29 12:07:06.440000+00:00,-7.548,129.09,25.6,5.11,mw,77.0,,,0.89,us,usp000axdb,2014-11-07T01:14:46.353Z,"254 km ENE of Lospalos, Timor Leste",earthquake,,3.5,,14.0,reviewed,us,us,2002-01-29,35121,Timor Leste,1
2002-02-05 13:40:42.900000+00:00,-6.916,125.295,527.7,5.2,mw,51.0,,,1.01,us,usp000axuz,2014-11-07T01:14:52.869Z,"184 km N of Dili, Timor Leste",earthquake,,5.2,,14.0,reviewed,us,us,2002-02-05,35116,Timor Leste,1
2002-02-08 21:23:27.750000+00:00,-6.803,128.33,250.0,4.68,mw,8.0,,,0.74,us,usp000ay1q,2014-11-07T01:14:53.502Z,"240 km NE of Lospalos, Timor Leste",earthquake,,,,2.0,reviewed,us,us,2002-02-08,35243,Timor Leste,1
2002-02-14 10:33:42.450000+00:00,-7.114,127.575,244.1,4.6,mw,8.0,,,0.61,us,usp000ayf6,2014-11-07T01:14:54.953Z,"168 km NNE of Lospalos, Timor Leste",earthquake,,20.7,,3.0,reviewed,us,us,2002-02-14,35248,Timor Leste,1
2002-02-16 13:03:20.840000+00:00,-7.454,127.311,86.5,4.6,mw,10.0,,,1.43,us,usp000ayk8,2014-11-07T01:14:55.396Z,"123 km NNE of Lospalos, Timor Leste",earthquake,,36.1,,1.0,reviewed,us,us,2002-02-16,35246,Timor Leste,1
2002-03-02 19:29:23.560000+00:00,-6.938,127.264,429.5,4.68,mw,12.0,,,1.44,us,usp000azfn,2014-11-07T01:15:02.011Z,"177 km N of Lospalos, Timor Leste",earthquake,,25.9,,3.0,reviewed,us,us,2002-03-02,35235,Timor Leste,1
2002-03-04 23:01:00.390000+00:00,-5.977,126.979,33.0,4.94,mw,15.0,,,1.47,us,usp000azmp,2014-11-07T01:15:04.152Z,"281 km N of Lospalos, Timor Leste",earthquake,,,,4.0,reviewed,us,us,2002-03-04,35193,Timor Leste,-1
2002-03-11 10:05:44.850000+00:00,-9.295,125.147,33.0,5.03,mw,19.0,,,1.26,us,usp000b03s,2014-11-07T01:15:07.414Z,"12 km W of Suai, Timor Leste",earthquake,,,,6.0,reviewed,us,us,2002-03-11,35172,Timor Leste,1
2002-03-19 23:40:38.980000+00:00,-8.954,127.302,100.0,4.77,mw,7.0,,,0.98,us,usp000b0nv,2014-11-07T01:15:12.285Z,"58 km SE of Lospalos, Timor Leste",earthquake,,,,2.0,reviewed,us,us,2002-03-19,35227,Timor Leste,1
2002-03-27 05:18:36.240000+00:00,-7.043,124.897,488.0,4.85,mw,15.0,,,0.78,us,usp000b15a,2014-11-07T01:15:14.564Z,"176 km N of Maubara, Timor Leste",earthquake,,21.6,,4.0,reviewed,us,us,2002-03-27,35204,Timor Leste,1
2002-03-30 15:06:46.210000+00:00,-7.426,127.934,124.8,5.2,mwc,118.0,,,0.89,us,usp000b1cc,2025-12-19T22:59:56.482Z,"159 km NE of Lospalos, Timor Leste",earthquake,,,,,reviewed,us,hrv,2002-03-30,35115,Timor Leste,1
2002-04-01 12:03:05.790000+00:00,-7.434,128.368,107.6,4.94,mw,59.0,,,1.08,us,usp000b1h9,2014-11-07T01:15:19.241Z,"193 km NE of Lospalos, Timor Leste",earthquake,,5.1,,18.0,reviewed,us,us,2002-04-01,35202,Timor Leste,1
2002-06-05 10:13:31.200000+00:00,-6.632,127.903,312.5,5.11,mw,50.0,,,0.83,us,usp000b5jm,2014-11-07T01:15:46.228Z,"231 km NNE of Lospalos, Timor Leste",earthquake,,6.0,,23.0,reviewed,us,us,2002-06-05,35326,Timor Leste,1
2002-06-12 10:32:52.390000+00:00,-7.007,125.48,474.2,4.68,mw,37.0,,,0.82,us,usp000b60y,2014-11-07T01:15:49.300Z,"170 km N of Metinaro, Timor Leste",earthquake,,11.3,,16.0,reviewed,us,us,2002-06-12,35431,Timor Leste,1
2002-06-18 03:04:38.660000+00:00,-6.357,128.386,297.6,5.03,mw,31.0,,,0.91,us,usp000b6d1,2014-11-07T01:15:51.193Z,"284 km NNE of Lospalos, Timor Leste",earthquake,,13.4,,11.0,reviewed,us,us,2002-06-18,35360,Timor Leste,1
2002-07-09 15:06:40.950000+00:00,-7.259,128.473,150.0,5.37,mw,112.0,,,0.9,us,usp000b7tm,2014-11-07T01:16:02.115Z,"214 km NE of Lospalos, Timor Leste",earthquake,,,,27.0,reviewed,us,us,2002-07-09,35320,Timor Leste,1
2002-07-22 11:17:08.780000+00:00,-7.478,127.858,117.2,5.03,mw,36.0,,,1.09,us,usp000b8ju,2014-11-07T01:16:06.046Z,"149 km NE of Lospalos, Timor Leste",earthquake,,11.5,,10.0,reviewed,us,us,2002-07-22,35363,Timor Leste,1
2002-07-25 16:22:28.010000+00:00,-7.135,125.826,500.0,4.85,mw,10.0,,,0.93,us,usp000b8s4,2014-11-07T01:16:06.759Z,"153 km N of Manatutu, Timor Leste",earthquake,,,,2.0,reviewed,us,us,2002-07-25,35407,Timor Leste,1
2002-08-16 01:27:56.490000+00:00,-8.106,128.334,270.8,4.77,mw,10.0,,,1.09,us,usp000b9zm,2014-11-07T01:16:16.281Z,"154 km ENE of Lospalos, Timor Leste",earthquake,,20.1,,6.0,reviewed,us,us,2002-08-16,35431,Timor Leste,1
2002-08-19 13:30:42.520000+00:00,-7.072,129.105,157.2,5.45,mw,76.0,,,1.15,us,usp000ba74,2014-11-07T01:16:17.824Z,"282 km NE of Lospalos, Timor Leste",earthquake,,,,21.0,reviewed,us,us,2002-08-19,35313,Timor Leste,1
2002-08-25 11:46:40.130000+00:00,-7.215,126.362,400.0,4.94,mw,49.0,,,0.94,us,usp000bakw,2014-11-07T01:16:20.292Z,"139 km N of Baukau, Timor Leste",earthquake,,,,22.0,reviewed,us,us,2002-08-25,35388,Timor Leste,1
2002-09-04 19:39:41.160000+00:00,-6.691,127.143,420.3,4.43,mw,11.0,,,1.14,us,usp000bb8j,2014-11-07T01:16:26.639Z,"203 km N of Lospalos, Timor Leste",earthquake,,23.5,,2.0,reviewed,us,us,2002-09-04,35459,Timor Leste,1
2002-09-07 13:20:38.420000+00:00,-7.878,129.552,33.0,4.85,mw,10.0,,,0.55,us,usp000bbjb,2014-11-07T01:16:28.554Z,"290 km ENE of Lospalos, Timor Leste",earthquake,,,,7.0,reviewed,us,us,2002-09-07,35404,Timor Leste,1
2002-09-14 17:13:08.430000+00:00,-8.728,124.012,101.3,5.11,mw,71.0,,,1.19,us,usp000bc84,2014-11-07T01:16:31.128Z,"66 km NW of Pante Makasar, Timor Leste",earthquake,,12.3,,30.0,reviewed,us,us,2002-09-14,35347,Timor Leste,1
2002-09-20 21:55:05.110000+00:00,-7.524,126.804,300.0,4.85,mw,14.0,,,1.11,us,usp000bcrx,2014-11-07T01:16:33.119Z,"112 km NNE of Baukau, Timor Leste",earthquake,,,,7.0,reviewed,us,us,2002-09-20,35394,Timor Leste,1
2002-09-26 16:01:00.120000+00:00,-7.07,126.726,400.3,4.6,mw,34.0,,,0.73,us,usp000bd5w,2014-11-07T01:16:34.876Z,"158 km N of Baukau, Timor Leste",earthquake,,11.7,,20.0,reviewed,us,us,2002-09-26,35446,Timor Leste,1
2002-10-01 05:46:00.400000+00:00,-8.558,128.249,33.0,4.77,mw,5.0,,,0.72,us,usp000bdje,2014-11-07T01:16:39.015Z,"137 km E of Lospalos, Timor Leste",earthquake,,,,2.0,reviewed,us,us,2002-10-01,35431,Timor Leste,1
2002-10-01 13:29:58.790000+00:00,-7.382,127.231,33.0,4.6,mw,7.0,,,1.5,us,usp000bdk5,2014-11-07T01:16:39.648Z,"128 km NNE of Lospalos, Timor Leste",earthquake,,,,1.0,reviewed,us,us,2002-10-01,35451,Timor Leste,1
2002-10-01 21:57:33.470000+00:00,-8.26,128.73,33.0,4.77,mw,16.0,,,1.39,us,usp000bdku,2014-11-07T01:16:39.793Z,"192 km E of Lospalos, Timor Leste",earthquake,,,,9.0,reviewed,us,us,2002-10-01,35426,Timor Leste,1
2002-10-13 14:22:58.990000+00:00,-6.782,128.316,400.0,4.68,mw,10.0,,,1.53,us,usp000bef6,2014-11-07T01:16:45.088Z,"241 km NE of Lospalos, Timor Leste",earthquake,,,,5.0,reviewed,us,us,2002-10-13,35443,Timor Leste,1
2002-10-16 16:13:08.680000+00:00,-7.623,124.756,368.9,4.77,mw,13.0,,,1.02,us,usp000bepd,2014-11-07T01:16:45.890Z,"120 km NNW of Maubara, Timor Leste",earthquake,,16.1,,1.0,reviewed,us,us,2002-10-16,35420,Timor Leste,1
2002-10-21 02:13:31.120000+00:00,-6.833,125.096,500.0,4.77,mw,18.0,,,0.91,us,usp000bey9,2014-11-07T01:16:47.376Z,"195 km N of Likisá, Timor Leste",earthquake,,,,9.0,reviewed,us,us,2002-10-21,35414,Timor Leste,1
2002-10-29 14:12:17.330000+00:00,-7.054,124.036,600.0,4.94,mw,13.0,,,0.57,us,usp000bfku,2014-11-07T01:16:50.574Z,"215 km NW of Maubara, Timor Leste",earthquake,,,,3.0,reviewed,us,us,2002-10-29,35385,Timor Leste,1
2002-11-02 02:42:56.460000+00:00,-7.367,128.913,134.3,5.54,mw,163.0,,,1.04,us,usp000bfvd,2014-11-07T01:16:55.776Z,"246 km ENE of Lospalos, Timor Leste",earthquake,,3.2,,27.0,reviewed,us,us,2002-11-02,35469,Timor Leste,1
2002-11-08 19:23:00.140000+00:00,-7.206,124.766,500.0,4.68,mw,19.0,,,0.68,us,usp000bh3p,2014-11-07T01:17:04.495Z,"162 km NNW of Maubara, Timor Leste",earthquake,,,,4.0,reviewed,us,us,2002-11-08,35628,Timor Leste,1
2002-11-11 10:44:51.540000+00:00,-8.851,127.893,33.0,5.03,mw,14.0,,,1.27,us,usp000bhe0,2014-11-07T01:17:06.617Z,"104 km ESE of Lospalos, Timor Leste",earthquake,,,,4.0,reviewed,us,us,2002-11-11,35552,Timor Leste,1
2002-11-24 11:10:43.230000+00:00,-7.031,127.627,300.0,4.94,mw,8.0,,,0.57,us,usp000bj9t,2014-11-07T01:17:10.800Z,"178 km NNE of Lospalos, Timor Leste",earthquake,,,,3.0,reviewed,us,us,2002-11-24,35580,Timor Leste,1
2002-12-07 06:22:41.030000+00:00,-7.509,127.651,148.5,5.3,mwc,155.0,,,0.93,us,usp000bk8u,2025-12-19T23:04:02.917Z,"133 km NNE of Lospalos, Timor Leste",earthquake,,,,,reviewed,us,hrv,2002-12-07,35485,Timor Leste,1
2002-12-17 16:09:12.250000+00:00,-7.003,125.411,493.2,5.7,mwc,156.0,,,0.95,us,usp000bkvm,2022-05-02T16:19:56.981Z,"172 km NNW of Metinaro, Timor Leste",earthquake,,,,,reviewed,us,hrv,2002-12-17,35463,Timor Leste,1
2002-12-28 10:49:54.420000+00:00,-7.418,128.141,100.0,5.45,mw,90.0,,,0.89,us,usp000bmk7,2014-11-07T01:17:26.440Z,"175 km NE of Lospalos, Timor Leste",earthquake,,,,31.0,reviewed,us,us,2002-12-28,35472,Timor Leste,1
2003-01-01 17:23:26.390000+00:00,-7.186,126.425,400.0,4.94,mw,37.0,,,0.71,us,usp000bmwe,2014-11-07T01:17:30.501Z,"142 km N of Baukau, Timor Leste",earthquake,,,,19.0,reviewed,us,us,2003-01-01,35585,Timor Leste,1
2003-01-30 04:23:17.750000+00:00,-7.719,123.762,308.1,5.03,mw,11.0,,,0.78,us,usp000bpkq,2014-11-07T01:17:39.703Z,"177 km NNW of Pante Makasar, Timor Leste",earthquake,,21.6,,5.0,reviewed,us,us,2003-01-30,35554,Timor Leste,1
2003-02-01 21:33:45.850000+00:00,-8.697,124.132,33.0,4.94,mw,22.0,,,1.41,us,usp000bpsu,2014-11-07T01:17:43.551Z,"62 km NNW of Pante Makasar, Timor Leste",earthquake,,,,8.0,reviewed,us,us,2003-02-01,35577,Timor Leste,1
2003-02-24 19:57:00.810000+00:00,-6.762,128.19,292.5,5.2,mw,122.0,,,0.77,us,usp000brdj,2014-11-07T01:17:51.632Z,"234 km NE of Lospalos, Timor Leste",earthquake,,3.0,,31.0,reviewed,us,us,2003-02-24,35519,Timor Leste,1
2003-02-25 08:06:03.350000+00:00,-7.113,126.943,336.3,4.85,mw,39.0,,,0.99,us,usp000brew,2014-11-07T01:17:52.075Z,"155 km N of Lospalos, Timor Leste",earthquake,,6.5,,13.0,reviewed,us,us,2003-02-25,35598,Timor Leste,1
2003-02-27 11:40:31.290000+00:00,-7.736,125.018,33.0,5.3,mwc,65.0,,,0.96,us,usp000brkj,2022-05-02T16:26:18.660Z,"99 km NNW of Maubara, Timor Leste",earthquake,,,,,reviewed,us,hrv,2003-02-27,35498,Timor Leste,1
2003-03-04 00:43:31.800000+00:00,-7.61,125.834,33.0,4.77,mw,19.0,115.6,,0.79,us,usp000brx3,2014-11-07T01:17:58.627Z,"101 km N of Manatutu, Timor Leste",earthquake,,,,8.0,reviewed,us,us,2003-03-04,35607,Timor Leste,1
2003-03-17 00:29:32.600000+00:00,-6.289,126.909,450.0,4.77,mw,10.0,171.9,,1.14,us,usp000bsuc,2014-11-07T01:18:05.320Z,"246 km NNE of Baukau, Timor Leste",earthquake,,,,2.0,reviewed,us,us,2003-03-17,35601,Timor Leste,1
2003-03-20 03:23:28.200000+00:00,-7.061,129.273,33.0,5.2,mw,11.0,131.3,,0.57,us,usp000bt2m,2014-11-07T01:18:06.819Z,"298 km ENE of Lospalos, Timor Leste",earthquake,,,,3.0,reviewed,us,us,2003-03-20,35508,Timor Leste,1
2003-03-26 08:55:52.300000+00:00,-6.478,127.373,391.6,4.94,mw,10.0,151.0,,1.16,us,usp000bthn,2014-11-07T01:18:08.594Z,"229 km N of Lospalos, Timor Leste",earthquake,,20.5,,4.0,reviewed,us,us,2003-03-26,35578,Timor Leste,1
2003-04-16 01:15:41.720000+00:00,-9.73,124.966,33.0,5.03,mw,19.0,69.0,,1.34,us,usp000bv9g,2014-11-07T01:18:21.036Z,"56 km SW of Suai, Timor Leste",earthquake,,,,7.0,reviewed,us,us,2003-04-16,35523,Timor Leste,1
2003-05-05 19:58:02.470000+00:00,-6.493,128.026,400.0,4.77,mw,14.0,133.5,,1.27,us,usp000bwpd,2014-11-07T01:18:34.900Z,"251 km NNE of Lospalos, Timor Leste",earthquake,,,,8.0,reviewed,us,us,2003-05-05,35799,Timor Leste,1
2003-05-10 14:33:35.180000+00:00,-9.205,125.778,33.0,4.51,mw,17.0,118.7,,1.36,us,usp000bwz3,2014-11-07T01:18:36.018Z,"26 km SSE of Same, Timor Leste",earthquake,,,,5.0,reviewed,us,us,2003-05-10,35816,Timor Leste,1
2003-05-12 03:53:32.290000+00:00,-8.337,127.922,33.0,5.2,mw,79.0,67.5,,0.87,us,usp000bx2u,2014-11-07T01:18:36.402Z,"103 km ENE of Lospalos, Timor Leste",earthquake,,,,18.0,reviewed,us,us,2003-05-12,35680,Timor Leste,1
2003-05-14 03:40:26.190000+00:00,-7.109,126.678,399.3,5.11,mw,9.0,166.6,,0.99,us,usp000bx76,2014-11-07T01:18:36.808Z,"153 km N of Baukau, Timor Leste",earthquake,,24.2,,3.0,reviewed,us,us,2003-05-14,35694,Timor Leste,1
2003-06-07 21:19:57.830000+00:00,-7.566,125.61,33.0,5.11,mw,39.0,98.5,,1.09,us,usp000bzar,2014-11-07T01:18:52.356Z,"107 km N of Metinaro, Timor Leste",earthquake,,,,12.0,reviewed,us,us,2003-06-07,35685,Timor Leste,1
2003-06-12 15:51:33.800000+00:00,-8.887,124.274,33.0,5.03,mw,31.0,114.9,,1.15,us,usp000bzqj,2014-11-07T01:18:54.994Z,"36 km NNW of Pante Makasar, Timor Leste",earthquake,,,,9.0,reviewed,us,us,2003-06-12,35724,Timor Leste,1
2003-06-21 07:34:34.410000+00:00,-7.56,127.856,167.9,5.9,mwb,109.0,67.9,,1.07,us,usp000c0f8,2022-05-02T16:38:01.218Z,"142 km NE of Lospalos, Timor Leste",earthquake,,,,,reviewed,us,us,2003-06-21,35652,Timor Leste,1
2003-07-08 14:59:24.920000+00:00,-7.708,123.795,300.0,4.85,mw,9.0,151.1,,1.18,us,usp000c1zz,2014-11-07T01:19:09.771Z,"177 km NNW of Pante Makasar, Timor Leste",earthquake,,,,2.0,reviewed,us,us,2003-07-08,35762,Timor Leste,1
2003-07-10 10:17:51.440000+00:00,-7.674,127.332,152.4,4.68,mw,29.0,112.0,,1.17,us,usp000c24k,2014-11-07T01:19:10.661Z,"100 km NNE of Lospalos, Timor Leste",earthquake,,15.7,,8.0,reviewed,us,us,2003-07-10,35813,Timor Leste,1
2003-07-18 23:58:38.310000+00:00,-9.662,124.926,33.0,4.6,mw,6.0,143.2,,1.1,us,usp000c2ut,2014-11-07T01:19:15.103Z,"52 km SW of Suai, Timor Leste",earthquake,,,,1.0,reviewed,us,us,2003-07-18,35815,Timor Leste,1
2003-07-21 17:56:45.160000+00:00,-6.986,129.215,177.9,5.03,mw,33.0,98.6,,1.13,us,usp000c312,2014-11-07T01:19:16.469Z,"297 km NE of Lospalos, Timor Leste",earthquake,,14.4,,9.0,reviewed,us,us,2003-07-21,35729,Timor Leste,1
2003-07-26 03:21:39.340000+00:00,-7.515,126.95,172.7,5.11,mw,67.0,67.1,,0.84,us,usp000c3cn,2014-11-07T01:19:17.968Z,"111 km N of Lospalos, Timor Leste",earthquake,,,,12.0,reviewed,us,us,2003-07-26,35711,Timor Leste,1
2003-08-02 22:10:52.860000+00:00,-7.447,128.362,132.4,5.2,mw,79.0,86.6,,1.04,us,usp000c3y4,2014-11-07T01:19:26.150Z,"191 km NE of Lospalos, Timor Leste",earthquake,,5.9,,20.0,reviewed,us,us,2003-08-02,35656,Timor Leste,1
2003-08-15 23:07:49.110000+00:00,-7.086,128.575,33.0,4.94,mw,16.0,144.3,,1.18,us,usp000c50g,2014-11-07T01:19:31.831Z,"235 km NE of Lospalos, Timor Leste",earthquake,,,,1.0,reviewed,us,us,2003-08-15,35761,Timor Leste,1
2003-08-27 08:39:05.480000+00:00,-5.893,125.427,600.0,4.77,mw,12.0,123.5,,0.86,us,usp000c61s,2014-11-07T01:19:35.807Z,"293 km N of Metinaro, Timor Leste",earthquake,,,,3.0,reviewed,us,us,2003-08-27,35791,Timor Leste,1
2003-08-28 06:38:11.630000+00:00,-7.324,126.051,409.2,6.0,mwc,325.0,40.5,,0.86,us,usp000c63v,2022-05-02T16:41:44.728Z,"131 km N of Manatutu, Timor Leste",earthquake,,,,,reviewed,us,hrv,2003-08-28,35647,Timor Leste,1
2003-08-28 20:52:32.480000+00:00,-6.357,126.292,33.0,5.11,mw,24.0,74.3,,1.35,us,usp000c658,2014-11-07T01:19:36.216Z,"235 km N of Baukau, Timor Leste",earthquake,,,,16.0,reviewed,us,us,2003-08-28,35713,Timor Leste,-1
2003-09-17 00:02:54.270000+00:00,-8.673,123.967,33.0,5.03,mw,33.0,116.3,,0.95,us,usp000c7sc,2014-11-07T01:19:50.368Z,"74 km NW of Pante Makasar, Timor Leste",earthquake,,,,11.0,reviewed,us,us,2003-09-17,35749,Timor Leste,1
2003-09-26 18:48:23.010000+00:00,-7.847,128.42,200.0,5.03,mw,11.0,159.1,,1.31,us,usp000c8qn,2014-11-07T01:19:57.346Z,"173 km ENE of Lospalos, Timor Leste",earthquake,,,,2.0,reviewed,us,us,2003-09-26,35721,Timor Leste,1
2003-09-29 07:22:52.880000+00:00,-10.76,125.555,33.0,4.77,mw,8.0,168.4,,0.95,us,usp000c91d,2014-11-07T01:19:59.396Z,"163 km SSE of Suai, Timor Leste",earthquake,,,,2.0,reviewed,us,us,2003-09-29,35794,Timor Leste,2
2003-10-04 14:49:02.740000+00:00,-7.05,125.407,532.7,5.9,mwb,228.0,52.7,,0.93,us,usp000c9k0,2022-05-02T16:49:36.037Z,"167 km NNW of Metinaro, Timor Leste",earthquake,,1.7,,,reviewed,us,us,2003-10-04,35654,Timor Leste,1
2003-10-18 08:47:55.600000+00:00,-7.34,128.929,121.6,5.03,mw,18.0,114.9,,1.65,us,usp000cap9,2014-11-07T01:20:13.444Z,"249 km ENE of Lospalos, Timor Leste",earthquake,,31.5,,5.0,reviewed,us,us,2003-10-18,35736,Timor Leste,1
2003-10-20 07:21:14.310000+00:00,-6.891,128.185,270.4,4.94,mw,17.0,144.4,,0.58,us,usp000cauz,2014-11-07T01:20:14.015Z,"222 km NE of Lospalos, Timor Leste",earthquake,,14.9,,5.0,reviewed,us,us,2003-10-20,35762,Timor Leste,1
2003-10-21 15:18:32.060000+00:00,-8.79,129.71,33.0,4.77,mw,18.0,94.9,,1.38,us,usp000caya,2014-11-07T01:20:14.246Z,"299 km E of Lospalos, Timor Leste",earthquake,,,,7.0,reviewed,us,us,2003-10-21,35782,Timor Leste,1
2003-10-30 05:33:48.020000+00:00,-6.375,128.653,308.2,4.68,mw,32.0,119.1,,0.77,us,usp000cbm2,2014-11-07T01:20:17.286Z,"299 km NE of Lospalos, Timor Leste",earthquake,,11.9,,16.0,reviewed,us,us,2003-10-30,35998,Timor Leste,1
2003-10-30 07:06:10.630000+00:00,-7.38,127.569,100.0,5.03,mw,12.0,184.8,,1.22,us,usp000cbmb,2014-11-07T01:20:17.321Z,"141 km NNE of Lospalos, Timor Leste",earthquake,,,,7.0,reviewed,us,us,2003-10-30,35924,Timor Leste,1
2003-11-04 05:27:08.250000+00:00,-6.946,125.53,482.2,4.85,mw,48.0,111.2,,0.85,us,usp000cc14,2014-11-07T01:20:24.349Z,"176 km N of Metinaro, Timor Leste",earthquake,,13.3,,22.0,reviewed,us,us,2003-11-04,35972,Timor Leste,1
2003-11-05 17:05:32.270000+00:00,-7.224,128.856,76.1,5.28,mw,41.0,82.7,,0.72,us,usp000cc53,2014-11-07T01:20:24.985Z,"250 km NE of Lospalos, Timor Leste",earthquake,,12.8,,18.0,reviewed,us,us,2003-11-05,35831,Timor Leste,1
2003-11-14 16:42:12.640000+00:00,-8.762,124.028,104.2,5.11,mw,34.0,112.9,,1.34,us,usp000ccvd,2014-11-07T01:20:28.664Z,"62 km NW of Pante Makasar, Timor Leste",earthquake,,,,15.0,reviewed,us,us,2003-11-14,35889,Timor Leste,1
2003-11-17 23:15:53.390000+00:00,-7.164,126.562,150.0,5.11,mw,7.0,170.9,,0.43,us,usp000cd7f,2014-11-07T01:20:30.731Z,"145 km N of Baukau, Timor Leste",earthquake,,,,1.0,reviewed,us,us,2003-11-17,35885,Timor Leste,1
2003-12-01 12:31:15.570000+00:00,-10.821,126.204,33.0,5.2,mw,12.0,138.3,,1.15,us,usp000ce9n,2014-11-07T01:20:38.607Z,"196 km SSE of Suai, Timor Leste",earthquake,,,,2.0,reviewed,us,us,2003-12-01,35843,Timor Leste,-1
2003-12-29 12:14:04.840000+00:00,-7.735,127.046,150.0,5.03,mw,13.0,140.9,,0.89,us,usp000cgfd,2014-11-07T01:20:51.281Z,"87 km N of Lospalos, Timor Leste",earthquake,,,,3.0,reviewed,us,us,2003-12-29,35936,Timor Leste,1
2004-01-02 16:58:28.360000+00:00,-8.301,125.494,34.2,5.4,mwc,50.0,65.0,,1.31,us,usp000cgw1,2022-05-02T16:58:21.681Z,"29 km NNW of Dili, Timor Leste",earthquake,,17.4,,,reviewed,us,hrv,2004-01-02,35830,Timor Leste,1
2004-01-04 07:46:33.900000+00:00,-7.246,123.896,557.3,4.85,mw,11.0,153.7,,0.74,us,usp000ch2g,2014-11-07T01:20:58.966Z,"209 km NW of Maubara, Timor Leste",earthquake,,19.8,,5.0,reviewed,us,us,2004-01-04,35979,Timor Leste,1
2004-01-10 02:31:03.760000+00:00,-6.314,128.041,401.8,5.5,mwc,64.0,50.4,,1.04,us,usp000chja,2022-05-02T16:59:20.132Z,"269 km NNE of Lospalos, Timor Leste",earthquake,,,,,reviewed,us,hrv,2004-01-10,35825,Timor Leste,1
2004-01-29 04:33:38.470000+00:00,-9.188,124.194,95.0,5.2,mw,9.0,274.8,,1.2,us,usp000cjx9,2014-11-07T01:21:10.120Z,"20 km W of Pante Makasar, Timor Leste",earthquake,,,,1.0,reviewed,us,us,2004-01-29,35840,Timor Leste,1
2004-01-29 08:56:28.320000+00:00,-7.452,125.145,363.9,4.68,mw,28.0,86.8,,0.56,us,usp000cjxq,2014-11-07T01:21:10.147Z,"127 km N of Likisá, Timor Leste",earthquake,,10.0,,11.0,reviewed,us,us,2004-01-29,35995,Timor Leste,1
2004-02-06 18:34:24.470000+00:00,-7.227,129.321,116.6,5.03,mw,43.0,63.9,,0.91,us,usp000ckjq,2014-11-07T01:21:18.638Z,"293 km ENE of Lospalos, Timor Leste",earthquake,,11.8,,14.0,reviewed,us,us,2004-02-06,35916,Timor Leste,1
2004-02-18 21:32:21.720000+00:00,-6.888,126.918,405.6,4.43,mw,13.0,175.2,,0.38,us,usp000cmh0,2014-11-07T01:21:22.569Z,"180 km N of Lospalos, Timor Leste",earthquake,,25.0,,2.0,reviewed,us,us,2004-02-18,35998,Timor Leste,1
2004-03-23 22:03:59.510000+00:00,-7.104,124.864,541.4,5.11,mw,53.0,72.2,,0.8,us,usp000cqqj,2014-11-07T01:21:46.421Z,"170 km NNW of Maubara, Timor Leste",earthquake,,7.9,,19.0,reviewed,us,us,2004-03-23,35857,Timor Leste,1
2004-03-25 03:47:08.810000+00:00,-6.883,127.47,441.0,5.03,mw,9.0,185.5,,0.32,us,usp000cquc,2014-11-07T01:21:46.772Z,"188 km NNE of Lospalos, Timor Leste",earthquake,,41.6,,2.0,reviewed,us,us,2004-03-25,35897,Timor Leste,1
2004-04-01 11:04:11.280000+00:00,-7.846,128.754,30.0,4.68,mw,12.0,170.8,,1.37,us,usp000creh,2014-11-07T01:21:51.625Z,"207 km ENE of Lospalos, Timor Leste",earthquake,,0.0,,1.0,reviewed,us,us,2004-04-01,35982,Timor Leste,1
2004-04-04 04:01:09.270000+00:00,-7.107,125.948,491.4,4.94,mw,13.0,156.1,,0.68,us,usp000crn3,2014-11-07T01:21:54.170Z,"155 km N of Manatutu, Timor Leste",earthquake,,14.4,,1.0,reviewed,us,us,2004-04-04,35970,Timor Leste,1
2004-04-17 15:58:24.610000+00:00,-7.352,128.373,128.6,5.8,mwc,450.0,31.9,,0.84,us,usp000cssr,2022-05-02T17:08:50.172Z,"199 km NE of Lospalos, Timor Leste",earthquake,,5.2,,,reviewed,us,hrv,2004-04-17,35825,Timor Leste,1
2004-04-20 04:19:48.090000+00:00,-8.857,127.469,25.0,5.11,mw,20.0,113.6,,0.95,us,usp000csyv,2014-11-07T01:22:03.530Z,"63 km SE of Lospalos, Timor Leste",earthquake,,0.0,,6.0,reviewed,us,us,2004-04-20,35891,Timor Leste,1
2004-04-20 13:07:12.760000+00:00,-9.295,127.211,104.1,5.03,mw,10.0,148.8,,1.03,us,usp000cszk,2014-11-07T01:22:03.587Z,"88 km SSE of Lospalos, Timor Leste",earthquake,,29.2,,2.0,reviewed,us,us,2004-04-20,35916,Timor Leste,1
2004-04-28 16:31:40.790000+00:00,-7.487,125.122,389.0,4.85,mw,14.0,169.1,,0.45,us,usp000ctp3,2014-11-07T01:22:07.675Z,"124 km NNW of Likisá, Timor Leste",earthquake,,31.4,,3.0,reviewed,us,us,2004-04-28,36086,Timor Leste,1
2004-04-28 20:05:25.400000+00:00,-9.252,126.087,10.0,5.03,mw,21.0,116.4,,0.93,us,usp000ctpf,2014-11-07T01:22:08.211Z,"53 km SW of Viqueque, Timor Leste",earthquake,,0.0,,9.0,reviewed,us,us,2004-04-28,36055,Timor Leste,1
2004-05-08 00:01:21.200000+00:00,-7.595,127.41,131.6,5.11,mw,32.0,112.4,,1.14,us,usp000cudh,2014-11-07T01:22:15.751Z,"112 km NNE of Lospalos, Timor Leste",earthquake,,19.0,,11.0,reviewed,us,us,2004-05-08,36042,Timor Leste,1
2004-05-23 00:18:51.430000+00:00,-7.32,128.364,129.1,5.2,mwc,129.0,65.6,,0.95,us,usp000cvxz,2025-12-19T23:12:53.309Z,"200 km NE of Lospalos, Timor Leste",earthquake,,8.4,,,reviewed,us,hrv,2004-05-23,36031,Timor Leste,1
2004-05-28 22:38:22.320000+00:00,-6.522,127.425,401.8,4.77,mw,63.0,87.6,,0.81,us,usp000cwg7,2014-11-07T01:22:25.659Z,"226 km NNE of Lospalos, Timor Leste",earthquake,,8.2,,15.0,reviewed,us,us,2004-05-28,36120,Timor Leste,1
2004-06-03 07:46:44.530000+00:00,-9.373,127.843,10.0,4.43,mw,7.0,154.7,,1.01,us,usp000cwzc,2014-11-07T01:22:32.013Z,"132 km SE of Lospalos, Timor Leste",earthquake,,,,1.0,reviewed,us,us,2004-06-03,36153,Timor Leste,1
2004-06-08 04:38:36.270000+00:00,-8.078,123.764,26.2,5.4,mwc,82.0,68.7,,1.14,us,usp000cxdk,2022-05-02T17:13:48.317Z,"141 km NNW of Pante Makasar, Timor Leste",earthquake,,,,,reviewed,us,hrv,2004-06-08,36006,Timor Leste,1
2004-06-15 02:16:51.290000+00:00,-7.644,123.931,266.5,4.85,mw,53.0,53.5,,1.02,us,usp000cxxs,2014-11-07T01:22:37.877Z,"176 km NW of Maubara, Timor Leste",earthquake,,11.3,,22.0,reviewed,us,us,2004-06-15,36112,Timor Leste,1
2004-06-16 13:34:45.820000+00:00,-8.927,128.55,66.8,4.85,mw,17.0,116.1,,1.28,us,usp000cy0w,2014-11-07T01:22:38.226Z,"176 km ESE of Lospalos, Timor Leste",earthquake,,27.2,,2.0,reviewed,us,us,2004-06-16,36082,Timor Leste,1
2004-06-18 12:59:05.440000+00:00,-7.87,128.052,145.0,4.77,mw,7.0,155.6,,0.98,us,usp000cy67,2014-11-07T01:22:38.801Z,"136 km ENE of Lospalos, Timor Leste",earthquake,,,,1.0,reviewed,us,us,2004-06-18,36116,Timor Leste,1
2004-06-23 01:26:01.970000+00:00,-6.98,124.881,548.9,5.2,mwc,157.0,57.4,,0.95,us,usp000cyj4,2025-12-19T23:13:28.623Z,"184 km N of Maubara, Timor Leste",earthquake,,,,,reviewed,us,hrv,2004-06-23,36016,Timor Leste,1
2004-07-03 06:31:44.570000+00:00,-7.392,125.867,22.7,5.03,mw,10.0,133.2,,1.4,us,usp000czf7,2014-11-07T01:22:49.601Z,"124 km N of Manatutu, Timor Leste",earthquake,,44.3,,1.0,reviewed,us,us,2004-07-03,36047,Timor Leste,1
2004-07-03 18:16:39.540000+00:00,-6.692,128.05,299.1,4.85,mw,10.0,304.7,,0.89,us,usp000czg1,2014-11-07T01:22:49.879Z,"233 km NNE of Lospalos, Timor Leste",earthquake,,28.4,,5.0,reviewed,us,us,2004-07-03,36114,Timor Leste,1
2004-07-05 21:56:24.910000+00:00,-8.633,124.247,15.0,4.94,mw,26.0,134.6,,1.26,us,usp000czmk,2014-11-07T01:22:51.247Z,"64 km NNW of Pante Makasar, Timor Leste",earthquake,,0.0,,12.0,reviewed,us,us,2004-07-05,36062,Timor Leste,1
2004-07-13 03:57:03.410000+00:00,-9.039,124.179,102.0,5.03,mw,11.0,158.2,,0.96,us,usp000d02c,2014-11-07T01:22:53.482Z,"28 km NW of Pante Makasar, Timor Leste",earthquake,,21.4,,2.0,reviewed,us,us,2004-07-13,36054,Timor Leste,1
2004-07-17 18:20:05.450000+00:00,-9.232,124.506,10.0,4.94,mw,17.0,106.4,,1.2,us,usp000d0br,2014-11-07T01:22:55.190Z,"13 km ESE of Pante Makasar, Timor Leste",earthquake,,,,6.0,reviewed,us,us,2004-07-17,36072,Timor Leste,1
2004-08-12 22:13:57.930000+00:00,-8.827,127.862,107.0,4.68,mw,9.0,135.2,,1.39,us,usp000d21b,2014-11-07T01:23:12.200Z,"100 km ESE of Lospalos, Timor Leste",earthquake,,34.6,,4.0,reviewed,us,us,2004-08-12,36120,Timor Leste,1
2004-08-14 11:03:12.350000+00:00,-7.614,126.567,196.7,4.94,mw,16.0,140.9,,0.95,us,usp000d24s,2014-11-07T01:23:12.749Z,"96 km N of Baukau, Timor Leste",earthquake,,16.5,,1.0,reviewed,us,us,2004-08-14,36057,Timor Leste,1
2004-08-16 22:35:32.390000+00:00,-6.432,128.629,285.0,4.51,mw,14.0,133.5,,0.71,us,usp000d29y,2014-11-07T01:23:13.440Z,"292 km NE of Lospalos, Timor Leste",earthquake,,20.3,,5.0,reviewed,us,us,2004-08-16,36151,Timor Leste,1
2004-08-20 07:17:14.740000+00:00,-7.275,123.86,584.9,4.68,mw,35.0,72.1,,0.43,us,usp000d2gs,2014-11-07T01:23:14.487Z,"209 km NW of Maubara, Timor Leste",earthquake,,7.0,,14.0,reviewed,us,us,2004-08-20,36143,Timor Leste,1
2004-08-20 19:34:16.630000+00:00,-7.065,129.287,127.8,4.9,mwc,77.0,48.9,,1.06,us,usp000d2j6,2016-11-10T00:43:22.730Z,"299 km ENE of Lospalos, Timor Leste",earthquake,,9.5,,,reviewed,us,hrv,2004-08-20,36072,Timor Leste,1
2004-09-12 01:29:57.120000+00:00,-7.05,125.483,495.6,5.2,mw,107.0,62.2,,0.79,us,usp000d43z,2014-11-07T01:23:28.186Z,"166 km N of Metinaro, Timor Leste",earthquake,,4.6,,37.0,reviewed,us,us,2004-09-12,36006,Timor Leste,1
2004-09-12 13:51:41.670000+00:00,-7.43,129.129,133.0,4.85,mw,7.0,181.4,,1.18,us,usp000d450,2014-11-07T01:23:28.286Z,"264 km ENE of Lospalos, Timor Leste",earthquake,,30.2,,3.0,reviewed,us,us,2004-09-12,36074,Timor Leste,1
2004-09-16 17:31:29.250000+00:00,-7.633,128.782,196.3,4.51,mw,14.0,158.8,,1.07,us,usp000d4dd,2014-11-07T01:23:29.809Z,"219 km ENE of Lospalos, Timor Leste",earthquake,,57.8,,9.0,reviewed,us,us,2004-09-16,36147,Timor Leste,1
2004-09-20 20:21:01.940000+00:00,-7.138,126.771,438.7,4.6,mw,19.0,142.3,,0.83,us,usp000d4r6,2014-11-07T01:23:31.704Z,"151 km NNE of Baukau, Timor Leste",earthquake,,17.9,,8.0,reviewed,us,us,2004-09-20,36143,Timor Leste,1
2004-09-22 08:22:14.680000+00:00,-8.528,126.339,36.1,5.11,mw,28.0,106.5,,0.91,us,usp000d4um,2014-11-07T01:23:32.483Z,"13 km NNW of Venilale, Timor Leste",earthquake,,12.1,,14.0,reviewed,us,us,2004-09-22,36036,Timor Leste,1
2004-10-19 09:17:45.720000+00:00,-9.268,125.151,10.0,4.6,mw,12.0,155.6,,1.13,us,usp000d6nn,2014-11-07T01:23:47.081Z,"12 km WNW of Suai, Timor Leste",earthquake,,0.0,,3.0,reviewed,us,us,2004-10-19,36343,Timor Leste,1
2004-10-24 08:46:46.900000+00:00,-6.838,126.771,406.5,4.77,mw,30.0,64.1,,0.66,us,usp000d6z0,2014-11-07T01:23:48.566Z,"184 km N of Baukau, Timor Leste",earthquake,,13.1,,9.0,reviewed,us,us,2004-10-24,36260,Timor Leste,1
2004-10-25 01:51:02.100000+00:00,-8.861,124.343,99.5,5.5,mwc,92.0,35.1,,1.21,us,usp000d70z,2025-12-19T23:25:04.191Z,"37 km N of Pante Makasar, Timor Leste",earthquake,,9.2,,,reviewed,us,hrv,2004-10-25,36185,Timor Leste,1
2004-11-07 16:30:16.800000+00:00,-8.385,127.956,10.0,5.03,mw,8.0,199.2,,1.19,us,usp000d7we,2014-11-07T01:23:57.017Z,"106 km E of Lospalos, Timor Leste",earthquake,,,,1.0,reviewed,us,us,2004-11-07,36204,Timor Leste,1
2004-11-11 21:26:41.150000+00:00,-8.152,124.868,10.0,7.5,mwc,301.0,33.8,,1.07,us,usp000d85g,2022-07-14T19:45:32.524Z,"63 km NW of Maubara, Timor Leste",earthquake,,,,,reviewed,us,hrv,2004-11-11,36180,Timor Leste,1
2004-11-12 01:28:25.770000+00:00,-10.786,125.584,10.0,4.77,mw,15.0,109.8,,0.84,us,usp000d86w,2014-11-07T01:23:59.375Z,"166 km SSE of Suai, Timor Leste",earthquake,,,,3.0,reviewed,us,us,2004-11-12,36249,Timor Leste,2
2004-11-12 01:59:15.740000+00:00,-7.855,125.96,10.0,4.77,mw,19.0,130.0,,1.2,us,usp000d873,2014-11-07T01:23:59.388Z,"72 km N of Manatutu, Timor Leste",earthquake,,,,5.0,reviewed,us,us,2004-11-12,36219,Timor Leste,1
2004-11-12 06:42:31.770000+00:00,-7.274,128.378,10.0,5.37,mw,49.0,58.4,,1.39,us,usp000d88d,2014-11-07T01:23:59.537Z,"205 km NE of Lospalos, Timor Leste",earthquake,,,,22.0,reviewed,us,us,2004-11-12,36186,Timor Leste,1
2004-11-12 12:08:43.160000+00:00,-8.324,125.645,10.0,5.11,mw,24.0,112.0,,1.11,us,usp000d898,2014-11-07T01:23:59.732Z,"25 km NNW of Metinaro, Timor Leste",earthquake,,,,12.0,reviewed,us,us,2004-11-12,36203,Timor Leste,1
2004-11-24 19:48:03.080000+00:00,-8.249,128.644,33.7,4.94,mw,17.0,110.7,,0.68,us,usp000d94c,2014-11-07T01:24:04.784Z,Timor Sea,earthquake,,38.7,,5.0,reviewed,us,us,2004-11-24,36204,Timor Leste,1
2004-11-27 17:18:47.480000+00:00,-6.458,128.547,315.4,4.68,mw,21.0,101.4,,1.34,us,usp000d9dx,2014-11-07T01:24:06.349Z,"285 km NE of Lospalos, Timor Leste",earthquake,,22.6,,10.0,reviewed,us,us,2004-11-27,36305,Timor Leste,1
2004-11-30 05:37:14.770000+00:00,-7.422,129.379,169.0,4.43,mw,9.0,168.6,,1.37,us,usp000d9mx,2014-11-07T01:24:07.448Z,"289 km ENE of Lospalos, Timor Leste",earthquake,,29.4,,1.0,reviewed,us,us,2004-11-30,36357,Timor Leste,1
2004-12-03 21:28:33.160000+00:00,-6.584,127.405,412.2,4.77,mw,65.0,74.1,,0.61,us,usp000d9xs,2014-11-07T01:24:13.001Z,"218 km NNE of Lospalos, Timor Leste",earthquake,,7.1,,29.0,reviewed,us,us,2004-12-03,36222,Timor Leste,1
2004-12-27 01:43:41.460000+00:00,-6.945,125.609,485.2,4.77,mw,9.0,143.9,,0.36,us,usp000dbsb,2014-11-07T01:24:24.701Z,"175 km N of Metinaro, Timor Leste",earthquake,,32.6,,5.0,reviewed,us,us,2004-12-27,36225,Timor Leste,1
2005-01-07 14:17:12.710000+00:00,-7.603,127.975,109.7,5.2,mwc,79.0,59.1,,1.3,us,usp000dcqj,2025-12-19T23:19:04.648Z,"148 km NE of Lospalos, Timor Leste",earthquake,,12.3,,,reviewed,us,hrv,2005-01-07,36199,Timor Leste,1
2005-01-11 20:07:22.860000+00:00,-6.423,128.11,334.2,4.94,mw,18.0,116.9,,0.65,us,usp000dd3v,2014-11-07T01:24:37.708Z,"262 km NNE of Lospalos, Timor Leste",earthquake,,15.0,,7.0,reviewed,us,us,2005-01-11,36204,Timor Leste,1
2005-01-21 02:13:36.340000+00:00,-8.084,123.911,135.8,4.51,mw,16.0,134.6,,0.96,us,usp000ddwv,2014-11-07T01:24:42.431Z,"133 km NNW of Pante Makasar, Timor Leste",earthquake,,18.3,,5.0,reviewed,us,us,2005-01-21,36351,Timor Leste,1
2005-01-22 21:38:06.590000+00:00,-7.569,127.221,138.0,4.68,mw,25.0,105.7,,1.35,us,usp000de1f,2014-11-07T01:24:43.104Z,"108 km NNE of Lospalos, Timor Leste",earthquake,,24.1,,14.0,reviewed,us,us,2005-01-22,36274,Timor Leste,1
2005-02-19 08:18:17.290000+00:00,-7.785,127.588,174.3,4.68,mw,22.0,102.6,,0.83,us,usp000dggp,2014-11-07T01:25:01.330Z,"104 km NE of Lospalos, Timor Leste",earthquake,,20.3,,6.0,reviewed,us,us,2005-02-19,36303,Timor Leste,1
2005-02-21 07:39:22.630000+00:00,-6.636,125.843,503.4,4.6,mw,19.0,148.5,,0.52,us,usp000dgmz,2014-11-07T01:25:02.177Z,"208 km N of Manatutu, Timor Leste",earthquake,,20.7,,7.0,reviewed,us,us,2005-02-21,36323,Timor Leste,1
2005-03-11 04:52:06.610000+00:00,-7.244,129.037,77.3,5.11,mw,29.0,115.8,,0.81,us,usp000dhyx,2014-11-07T01:25:13.240Z,"265 km ENE of Lospalos, Timor Leste",earthquake,,15.6,,13.0,reviewed,us,us,2005-03-11,36204,Timor Leste,1
2005-03-31 05:17:52.720000+00:00,-6.877,128.288,333.3,4.68,mw,11.0,118.2,,0.85,us,usp000dkrs,2014-11-07T01:25:22.713Z,"230 km NE of Lospalos, Timor Leste",earthquake,,47.3,,5.0,reviewed,us,us,2005-03-31,36275,Timor Leste,1
2005-04-08 11:14:13.410000+00:00,-9.027,130.318,75.9,4.68,mw,11.0,174.7,,0.59,us,usp000dmmb,2014-11-07T01:25:31.287Z,Timor Sea,earthquake,,23.6,,1.0,reviewed,us,us,2005-04-08,36264,Timor Leste,-1
2005-04-14 10:47:01.750000+00:00,-8.188,129.032,40.0,4.94,mw,19.0,112.8,,1.22,us,usp000dnaw,2014-11-07T01:25:35.531Z,"227 km E of Lospalos, Timor Leste",earthquake,,0.0,,4.0,reviewed,us,us,2005-04-14,36216,Timor Leste,1
2005-04-29 22:10:44.720000+00:00,-8.686,124.988,130.7,4.6,mw,7.0,153.4,,0.48,us,usp000dphs,2014-11-07T01:25:42.364Z,"25 km WSW of Maubara, Timor Leste",earthquake,,40.4,,2.0,reviewed,us,us,2005-04-29,36514,Timor Leste,1
2005-05-02 05:18:50.110000+00:00,-6.819,125.324,521.0,4.85,mw,25.0,98.0,,0.68,us,usp000dpr7,2014-11-07T01:25:47.189Z,"194 km N of Dili, Timor Leste",earthquake,,12.3,,7.0,reviewed,us,us,2005-05-02,36489,Timor Leste,1
2005-05-04 17:44:51.970000+00:00,-6.959,124.614,34.9,5.11,mw,36.0,64.6,,1.15,us,usp000dpx3,2014-11-07T01:25:49.136Z,"194 km NNW of Maubara, Timor Leste",earthquake,,16.1,,13.0,reviewed,us,us,2005-05-04,36379,Timor Leste,1
2005-05-06 21:33:32.250000+00:00,-8.862,127.083,25.0,4.6,mw,8.0,172.9,,0.73,us,usp000dq31,2014-11-07T01:25:49.830Z,"38 km SSE of Lospalos, Timor Leste",earthquake,,0.0,,1.0,reviewed,us,us,2005-05-06,36502,Timor Leste,1
2005-05-26 07:34:48.660000+00:00,-7.429,126.617,300.7,4.77,mw,12.0,148.5,,0.61,us,usp000drkt,2014-11-07T01:25:58.289Z,"117 km N of Baukau, Timor Leste",earthquake,,18.2,,3.0,reviewed,us,us,2005-05-26,36502,Timor Leste,1
2005-05-28 14:04:41.320000+00:00,-6.355,128.334,394.0,4.94,mw,9.0,179.3,,0.3,us,usp000drr5,2014-11-07T01:25:58.827Z,"281 km NNE of Lospalos, Timor Leste",earthquake,,25.9,,1.0,reviewed,us,us,2005-05-28,36457,Timor Leste,1
2005-05-30 20:20:22.800000+00:00,-7.695,128.575,50.1,4.51,mw,11.0,149.2,,0.9,us,usp000drx4,2014-11-07T01:25:59.910Z,"196 km ENE of Lospalos, Timor Leste",earthquake,,30.3,,3.0,reviewed,us,us,2005-05-30,36516,Timor Leste,1
2005-06-03 18:45:05.030000+00:00,-7.076,126.86,150.0,4.85,mw,8.0,169.8,,1.06,us,usp000ds5d,2014-11-07T01:26:05.554Z,"160 km N of Lospalos, Timor Leste",earthquake,,,,1.0,reviewed,us,us,2005-06-03,36492,Timor Leste,1
2005-06-05 21:52:53.200000+00:00,-7.03,125.94,481.0,5.03,mw,60.0,37.8,,0.76,us,usp000dsad,2014-11-07T01:26:07.794Z,"164 km N of Manatutu, Timor Leste",earthquake,,,,17.0,reviewed,us,us,2005-06-05,36403,Timor Leste,1
2005-07-04 01:49:48.680000+00:00,-7.593,128.091,140.6,4.94,mw,16.0,86.1,,1.03,us,usp000dufg,2014-11-07T01:26:24.655Z,"158 km NE of Lospalos, Timor Leste",earthquake,,21.4,,3.0,reviewed,us,us,2005-07-04,36438,Timor Leste,1
2005-07-23 20:50:24.040000+00:00,-7.803,127.295,181.5,5.03,mw,14.0,112.5,,1.11,us,usp000dvs1,2014-11-07T01:26:32.178Z,"85 km NNE of Lospalos, Timor Leste",earthquake,,23.2,,6.0,reviewed,us,us,2005-07-23,36409,Timor Leste,1
2005-07-29 03:25:18.670000+00:00,-6.74,127.564,350.7,5.03,mw,74.0,65.7,,0.83,us,usp000dw5r,2014-11-07T01:26:35.034Z,"206 km NNE of Lospalos, Timor Leste",earthquake,,7.5,,21.0,reviewed,us,us,2005-07-29,36407,Timor Leste,1
2005-08-16 17:04:12.920000+00:00,-8.859,124.181,15.0,5.37,mw,49.0,43.3,,0.98,us,usp000dxfp,2014-11-07T01:26:49.660Z,"43 km NNW of Pante Makasar, Timor Leste",earthquake,,0.0,,26.0,reviewed,us,us,2005-08-16,36372,Timor Leste,1
2005-08-24 08:52:24.870000+00:00,-6.739,128.605,21.1,4.9,mwc,33.0,83.4,,1.05,us,usp000dxyb,2016-11-10T01:10:37.708Z,"265 km NE of Lospalos, Timor Leste",earthquake,,28.8,,,reviewed,us,hrv,2005-08-24,36463,Timor Leste,1
2005-08-27 04:43:34.360000+00:00,-8.131,125.283,28.5,4.8,mwc,51.0,69.9,,1.0,us,usp000dy4m,2016-11-10T01:10:47.282Z,"50 km N of Likisá, Timor Leste",earthquake,,,,,reviewed,us,hrv,2005-08-27,36501,Timor Leste,1
2005-09-05 00:24:42.620000+00:00,-7.066,128.222,30.0,5.03,mw,20.0,104.6,,1.31,us,usp000dysm,2014-11-07T01:27:00.519Z,"210 km NE of Lospalos, Timor Leste",earthquake,,,,12.0,reviewed,us,us,2005-09-05,36401,Timor Leste,1
2005-09-06 00:56:16.360000+00:00,-7.278,127.336,34.2,5.2,mwc,91.0,38.9,,1.16,us,usp000dyur,2022-05-02T17:56:19.008Z,"142 km NNE of Lospalos, Timor Leste",earthquake,,,,,reviewed,us,hrv,2005-09-06,36377,Timor Leste,1
2005-09-06 21:13:54.290000+00:00,-7.312,128.826,130.7,5.3,mwc,99.0,38.8,,1.01,us,usp000dywf,2025-12-19T23:22:27.604Z,"241 km ENE of Lospalos, Timor Leste",earthquake,,9.3,,,reviewed,us,hrv,2005-09-06,36375,Timor Leste,1
2005-09-18 02:33:20.890000+00:00,-7.651,125.59,20.7,5.11,mw,37.0,65.5,,0.79,us,usp000dzn4,2014-11-07T01:27:05.518Z,"98 km N of Metinaro, Timor Leste",earthquake,,18.9,,15.0,reviewed,us,us,2005-09-18,36399,Timor Leste,1
2005-09-20 09:54:00.300000+00:00,-6.556,126.767,407.0,4.85,mw,13.0,138.5,,0.56,us,usp000dzsv,2014-11-07T01:27:06.352Z,"215 km N of Baukau, Timor Leste",earthquake,,36.1,,4.0,reviewed,us,us,2005-09-20,36481,Timor Leste,1
2005-10-29 10:25:39.710000+00:00,-6.947,126.646,400.0,4.6,mw,12.0,166.7,,0.44,us,usp000e32w,2014-11-07T01:27:30.229Z,"170 km N of Baukau, Timor Leste",earthquake,,,,6.0,reviewed,us,us,2005-10-29,36693,Timor Leste,1
2005-11-15 02:13:57.600000+00:00,-6.603,127.891,317.6,4.77,mw,10.0,145.7,,0.71,us,usp000e46m,2014-11-07T01:27:39.506Z,"233 km NNE of Lospalos, Timor Leste",earthquake,,49.4,,3.0,reviewed,us,us,2005-11-15,36671,Timor Leste,1
2005-11-16 14:22:00+00:00,-6.141,127.693,410.0,4.85,mw,32.0,88.5,,0.73,us,usp000e4au,2014-11-07T01:27:39.991Z,"274 km NNE of Lospalos, Timor Leste",earthquake,,12.0,,14.0,reviewed,us,us,2005-11-16,36645,Timor Leste,1
2005-11-20 19:34:46.010000+00:00,-7.807,123.693,35.3,5.1,mwc,48.0,52.9,,1.18,us,usp000e4kg,2022-05-02T18:07:13.842Z,"171 km NNW of Pante Makasar, Timor Leste",earthquake,,,,,reviewed,us,hrv,2005-11-20,36598,Timor Leste,1
2005-11-28 03:14:22.530000+00:00,-8.754,124.166,35.0,5.28,mw,32.0,104.7,,0.82,us,usp000e526,2014-11-07T01:27:44.625Z,"54 km NNW of Pante Makasar, Timor Leste",earthquake,,,,12.0,reviewed,us,us,2005-11-28,36585,Timor Leste,1
2005-12-02 13:04:11.740000+00:00,-8.164,123.821,109.9,4.85,mw,17.0,150.9,,0.85,us,usp000e5c7,2014-11-07T01:27:49.052Z,"130 km NNW of Pante Makasar, Timor Leste",earthquake,,19.3,,11.0,reviewed,us,us,2005-12-02,36657,Timor Leste,1
2005-12-05 14:49:16.640000+00:00,-7.541,127.927,116.2,5.03,mw,32.0,87.1,,1.14,us,usp000e5k9,2014-11-07T01:27:51.079Z,"149 km NE of Lospalos, Timor Leste",earthquake,,15.2,,8.0,reviewed,us,us,2005-12-05,36612,Timor Leste,1
2005-12-11 05:55:12.950000+00:00,-7.872,129.022,35.0,5.5,mwc,223.0,43.6,,0.93,us,usp000e5yj,2022-05-02T18:08:20.186Z,"234 km ENE of Lospalos, Timor Leste",earthquake,,,,,reviewed,us,hrv,2005-12-11,36573,Timor Leste,1
2005-12-24 23:27:39.960000+00:00,-7.232,124.418,555.2,4.6,mw,18.0,139.4,,0.52,us,usp000e6t8,2014-11-07T01:27:56.398Z,"175 km NNW of Maubara, Timor Leste",earthquake,,22.7,,8.0,reviewed,us,us,2005-12-24,36689,Timor Leste,1
2005-12-25 01:58:27.440000+00:00,-8.067,124.423,10.0,5.03,mw,19.0,136.0,,0.89,us,usp000e6th,2014-11-07T01:27:56.424Z,"105 km NW of Maubara, Timor Leste",earthquake,,,,6.0,reviewed,us,us,2005-12-25,36633,Timor Leste,1
2006-01-06 00:53:34.960000+00:00,-8.515,123.537,100.0,4.43,mw,8.0,155.8,,1.12,us,usp000e7p6,2014-11-07T01:28:04.140Z,"120 km NW of Pante Makasar, Timor Leste",earthquake,,,,2.0,reviewed,us,us,2006-01-06,36704,Timor Leste,1
2006-01-15 01:19:44.930000+00:00,-7.863,127.38,150.0,4.6,mw,7.0,135.2,,1.67,us,usp000e88a,2014-11-07T01:28:06.394Z,"84 km NNE of Lospalos, Timor Leste",earthquake,,,,3.0,reviewed,us,us,2006-01-15,36694,Timor Leste,1
2006-01-25 03:30:36.380000+00:00,-7.258,127.207,337.0,4.51,mw,8.0,139.3,,0.84,us,usp000e8tt,2014-11-07T01:28:09.347Z,"141 km N of Lospalos, Timor Leste",earthquake,,41.3,,3.0,reviewed,us,us,2006-01-25,36703,Timor Leste,1
2006-01-27 08:10:51.290000+00:00,-7.181,128.891,30.0,5.11,mw,36.0,75.5,,1.06,us,usp000e8y5,2014-11-07T01:28:09.988Z,"256 km NE of Lospalos, Timor Leste",earthquake,,0.0,,12.0,reviewed,us,us,2006-01-27,36592,Timor Leste,1
2006-02-08 07:44:51.780000+00:00,-7.147,127.736,239.5,5.5,mwc,117.0,35.3,,0.87,us,usp000e9rq,2022-05-02T18:12:31.607Z,"172 km NNE of Lospalos, Timor Leste",earthquake,,,,,reviewed,us,hrv,2006-02-08,36572,Timor Leste,1
2006-02-13 18:19:09.230000+00:00,-7.448,126.516,291.2,5.1,mwc,73.0,35.2,,0.85,us,usp000ea14,2025-12-22T16:15:16.496Z,"113 km N of Baukau, Timor Leste",earthquake,,9.7,,,reviewed,us,hrv,2006-02-13,36611,Timor Leste,1
2006-02-15 01:46:04.080000+00:00,-9.943,126.402,36.9,4.8,mwc,40.0,59.9,,1.1,us,usp000ea2z,2016-11-10T01:17:41.719Z,"120 km S of Viqueque, Timor Leste",earthquake,,,,,reviewed,us,hrv,2006-02-15,36662,Timor Leste,-1
2006-02-22 07:25:21.650000+00:00,-8.531,127.834,34.3,4.77,mw,19.0,110.7,,1.47,us,usp000eak9,2014-11-07T01:28:20.916Z,"92 km E of Lospalos, Timor Leste",earthquake,,,,7.0,reviewed,us,us,2006-02-22,36684,Timor Leste,1
2006-02-26 19:27:27.210000+00:00,-6.991,125.115,525.5,5.3,mwc,252.0,39.7,,0.76,us,usp000eaxm,2025-12-22T16:15:13.589Z,"178 km N of Likisá, Timor Leste",earthquake,,,,,reviewed,us,hrv,2006-02-26,36577,Timor Leste,1
2006-02-28 05:57:40.580000+00:00,-6.424,128.715,300.0,4.77,mw,37.0,88.7,,1.03,us,usp000eb16,2014-11-07T01:28:22.817Z,"299 km NE of Lospalos, Timor Leste",earthquake,,,,15.0,reviewed,us,us,2006-02-28,36675,Timor Leste,1
2006-03-07 22:42:07.670000+00:00,-6.451,128.272,324.6,4.51,mw,15.0,117.5,,0.9,us,usp000ebmu,2014-11-07T01:28:29.341Z,"268 km NNE of Lospalos, Timor Leste",earthquake,,18.6,,4.0,reviewed,us,us,2006-03-07,36703,Timor Leste,1
2006-03-12 00:19:43.330000+00:00,-9.065,124.515,26.6,5.03,mw,37.0,82.6,,0.81,us,usp000ebze,2014-11-07T01:28:30.907Z,"20 km NE of Pante Makasar, Timor Leste",earthquake,,,,13.0,reviewed,us,us,2006-03-12,36643,Timor Leste,1
2006-03-16 21:50:18.180000+00:00,-7.138,125.758,470.5,5.11,mw,103.0,50.5,,0.72,us,usp000eca7,2014-11-07T01:28:32.192Z,"153 km N of Metinaro, Timor Leste",earthquake,,5.4,,25.0,reviewed,us,us,2006-03-16,36589,Timor Leste,1
2006-03-17 13:07:20.570000+00:00,-7.471,125.072,384.3,5.6,mwb,253.0,39.6,,0.78,us,usp000ecbk,2022-07-14T12:12:57.613Z,"127 km NNW of Likisá, Timor Leste",earthquake,,,,,reviewed,us,us,2006-03-17,36555,Timor Leste,1
2006-03-26 01:26:43.400000+00:00,-6.324,125.357,550.0,4.77,mw,27.0,118.0,,0.75,us,usp000ecyt,2014-11-07T01:28:35.635Z,"247 km N of Metinaro, Timor Leste",earthquake,,,,17.0,reviewed,us,us,2006-03-26,36677,Timor Leste,1
2006-03-26 09:22:01.590000+00:00,-7.396,128.488,144.4,5.03,mw,35.0,74.4,,1.0,us,usp000eczq,2014-11-07T01:28:35.752Z,"206 km NE of Lospalos, Timor Leste",earthquake,,14.2,,13.0,reviewed,us,us,2006-03-26,36624,Timor Leste,1
2006-03-26 18:52:03.840000+00:00,-6.66,127.33,414.8,4.77,mw,63.0,62.6,,0.81,us,usp000ed0p,2014-11-07T01:28:35.886Z,"209 km N of Lospalos, Timor Leste",earthquake,,8.2,,23.0,reviewed,us,us,2006-03-26,36664,Timor Leste,1
2006-03-27 23:05:48.830000+00:00,-8.726,127.377,35.0,4.6,mw,16.0,145.4,,1.04,us,usp000ed39,2014-11-07T01:28:36.238Z,"47 km ESE of Lospalos, Timor Leste",earthquake,,,,9.0,reviewed,us,us,2006-03-27,36703,Timor Leste,1
2006-04-16 08:12:06.260000+00:00,-8.919,125.183,163.4,4.68,mw,8.0,152.3,,0.51,us,usp000eep0,2014-11-07T01:28:50.831Z,"8 km NNW of Maliana, Timor Leste",earthquake,,29.1,,4.0,reviewed,us,us,2006-04-16,36850,Timor Leste,1
2006-04-22 01:47:49.070000+00:00,-7.165,127.237,30.0,4.6,mw,5.0,168.7,,0.45,us,usp000ef7z,2014-11-07T01:28:53.701Z,"152 km N of Lospalos, Timor Leste",earthquake,,,,1.0,reviewed,us,us,2006-04-22,36856,Timor Leste,1
2006-04-27 22:07:05.710000+00:00,-7.556,126.795,349.0,4.6,mw,16.0,118.7,,1.09,us,usp000efn7,2014-11-07T01:28:55.627Z,"108 km NNE of Baukau, Timor Leste",earthquake,,16.6,,5.0,reviewed,us,us,2006-04-27,36860,Timor Leste,1
2006-04-30 19:26:36.970000+00:00,-7.734,124.057,266.2,4.51,mw,15.0,125.7,,0.93,us,usp000efva,2014-11-07T01:28:56.609Z,"159 km NW of Maubara, Timor Leste",earthquake,,27.5,,3.0,reviewed,us,us,2006-04-30,36863,Timor Leste,1
2006-05-03 03:29:44.570000+00:00,-7.946,128.382,202.6,4.43,mw,12.0,157.6,,0.42,us,usp000eg49,2014-11-07T01:29:01.732Z,"165 km ENE of Lospalos, Timor Leste",earthquake,,28.8,,5.0,reviewed,us,us,2006-05-03,36897,Timor Leste,1
2006-05-14 15:25:40.350000+00:00,-7.55,125.878,49.0,4.94,mw,19.0,131.2,,0.67,us,usp000eh41,2014-11-07T01:29:07.006Z,"107 km N of Manatutu, Timor Leste",earthquake,,20.2,,7.0,reviewed,us,us,2006-05-14,36763,Timor Leste,1
2006-05-24 07:27:36.470000+00:00,-6.344,127.403,422.0,4.94,mw,9.0,296.4,,0.45,us,usp000ehua,2014-11-07T01:29:10.171Z,"244 km N of Lospalos, Timor Leste",earthquake,,31.3,,3.0,reviewed,us,us,2006-05-24,36762,Timor Leste,1
2006-05-24 12:11:23.300000+00:00,-7.876,127.975,15.0,5.03,mw,10.0,185.4,,1.37,us,usp000ehus,2014-11-07T01:29:10.238Z,"129 km ENE of Lospalos, Timor Leste",earthquake,,0.0,,2.0,reviewed,us,us,2006-05-24,36741,Timor Leste,1
2006-05-25 16:14:51.450000+00:00,-6.874,128.028,10.0,5.03,mw,8.0,141.6,,1.21,us,usp000ehxx,2014-11-07T01:29:11.061Z,"214 km NNE of Lospalos, Timor Leste",earthquake,,,,2.0,reviewed,us,us,2006-05-25,36735,Timor Leste,1
2006-05-27 15:07:04.090000+00:00,-7.481,127.749,96.4,4.6,mw,21.0,132.3,,0.97,us,usp000ej30,2014-11-07T01:29:11.805Z,"141 km NE of Lospalos, Timor Leste",earthquake,,,,9.0,reviewed,us,us,2006-05-27,36862,Timor Leste,1
2006-06-21 02:39:54.190000+00:00,-6.726,127.188,403.8,4.77,mw,41.0,86.3,,1.04,us,usp000ekwr,2014-11-07T01:29:25.853Z,"199 km N of Lospalos, Timor Leste",earthquake,,13.7,,22.0,reviewed,us,us,2006-06-21,36822,Timor Leste,1
2006-06-22 19:18:08.570000+00:00,-8.483,129.389,117.8,4.85,mw,6.0,177.6,,0.28,us,usp000em0v,2014-11-07T01:29:26.384Z,"263 km E of Lospalos, Timor Leste",earthquake,,30.9,,3.0,reviewed,us,us,2006-06-22,36805,Timor Leste,1
2006-06-23 01:51:11.830000+00:00,-6.748,127.564,455.6,4.85,mw,11.0,128.8,,0.49,us,usp000em1m,2014-11-07T01:29:26.475Z,"205 km NNE of Lospalos, Timor Leste",earthquake,,25.7,,1.0,reviewed,us,us,2006-06-23,36816,Timor Leste,1
2006-07-06 07:40:44.670000+00:00,-8.059,125.47,35.0,4.85,mw,15.0,159.9,,1.42,us,usp000emzr,2014-11-07T01:29:35.930Z,"56 km NNW of Dili, Timor Leste",earthquake,,,,4.0,reviewed,us,us,2006-07-06,36790,Timor Leste,1
2006-07-17 20:40:36.260000+00:00,-7.169,125.019,511.3,4.94,mw,14.0,142.5,,0.71,us,usp000enwg,2014-11-07T01:29:42.201Z,"160 km NNW of Likisá, Timor Leste",earthquake,,20.2,,6.0,reviewed,us,us,2006-07-17,36762,Timor Leste,1
2006-07-23 12:16:51.670000+00:00,-7.364,128.644,136.9,4.9,mwc,125.0,47.6,,0.85,us,usp000epd1,2016-11-10T01:26:02.513Z,"222 km NE of Lospalos, Timor Leste",earthquake,,7.7,,,reviewed,us,hrv,2006-07-23,36765,Timor Leste,1
2006-08-06 23:28:36.730000+00:00,-6.579,124.313,267.4,4.6,mw,9.0,172.7,,1.15,us,usp000eqcx,2014-11-07T01:29:55.072Z,"245 km NNW of Maubara, Timor Leste",earthquake,,40.9,,2.0,reviewed,us,us,2006-08-06,36861,Timor Leste,1
2006-08-11 03:18:02.940000+00:00,-6.342,128.028,340.5,4.94,mw,72.0,73.8,,0.78,us,usp000eqpq,2014-11-07T01:29:56.739Z,"266 km NNE of Lospalos, Timor Leste",earthquake,,7.1,,29.0,reviewed,us,us,2006-08-11,36752,Timor Leste,1
2006-08-20 11:10:11.760000+00:00,-7.518,125.174,369.3,5.03,mw,26.0,112.1,,0.4,us,usp000erce,2014-11-07T01:30:00.137Z,"119 km N of Likisá, Timor Leste",earthquake,,11.1,,11.0,reviewed,us,us,2006-08-20,36738,Timor Leste,1
2006-08-23 09:21:26.180000+00:00,-7.673,124.757,370.1,4.85,mw,15.0,132.4,,0.56,us,usp000erjm,2014-11-07T01:30:00.946Z,"115 km NNW of Maubara, Timor Leste",earthquake,,16.3,,5.0,reviewed,us,us,2006-08-23,36791,Timor Leste,1
2006-08-26 13:19:11.310000+00:00,-8.789,124.075,10.0,5.2,mw,37.0,104.5,,0.99,us,usp000ert4,2014-11-07T01:30:01.856Z,"56 km NW of Pante Makasar, Timor Leste",earthquake,,,,19.0,reviewed,us,us,2006-08-26,36730,Timor Leste,1
2006-08-30 13:20:44.510000+00:00,-6.326,128.448,331.4,4.85,mw,23.0,118.1,,0.9,us,usp000es3h,2014-11-07T01:30:03.315Z,"290 km NNE of Lospalos, Timor Leste",earthquake,,14.6,,8.0,reviewed,us,us,2006-08-30,36792,Timor Leste,1
2006-08-31 23:19:40.190000+00:00,-7.008,129.208,173.5,4.77,mw,13.0,143.2,,0.89,us,usp000es6u,2014-11-07T01:30:03.816Z,"295 km NE of Lospalos, Timor Leste",earthquake,,19.8,,5.0,reviewed,us,us,2006-08-31,36836,Timor Leste,1
2006-09-01 17:05:24.420000+00:00,-8.779,129.667,178.2,4.77,mw,8.0,303.2,,1.39,us,usp000es87,2014-11-07T01:30:07.852Z,"295 km E of Lospalos, Timor Leste",earthquake,,29.6,,2.0,reviewed,us,us,2006-09-01,36841,Timor Leste,1
2006-09-02 10:44:08.460000+00:00,-6.574,126.806,422.1,4.6,mw,10.0,142.7,,0.89,us,usp000esak,2014-11-07T01:30:08.558Z,"213 km N of Baukau, Timor Leste",earthquake,,46.4,,2.0,reviewed,us,us,2006-09-02,36853,Timor Leste,1
2006-10-06 17:37:48.070000+00:00,-7.519,128.206,126.1,5.2,mw,97.0,29.6,,0.98,us,usp000eukw,2014-11-07T01:30:30.788Z,"173 km NE of Lospalos, Timor Leste",earthquake,,8.6,,31.0,reviewed,us,us,2006-10-06,36724,Timor Leste,1
2006-10-10 03:22:52.490000+00:00,-9.019,127.446,10.0,5.03,mw,9.0,155.9,,1.1,us,usp000euuw,2014-11-07T01:30:31.871Z,"73 km SE of Lospalos, Timor Leste",earthquake,,,,1.0,reviewed,us,us,2006-10-10,36973,Timor Leste,1
2006-10-21 13:50:02.470000+00:00,-6.262,126.862,457.1,5.2,mw,10.0,142.4,,0.58,us,usp000evq7,2014-11-07T01:30:36.711Z,"248 km N of Baukau, Timor Leste",earthquake,,19.0,,2.0,reviewed,us,us,2006-10-21,36935,Timor Leste,1
2006-11-02 15:50:05.830000+00:00,-6.603,127.457,417.5,4.6,mw,51.0,74.8,,0.68,us,usp000ewg6,2014-11-07T01:30:44.060Z,"218 km NNE of Lospalos, Timor Leste",earthquake,,7.8,,28.0,reviewed,us,us,2006-11-02,37056,Timor Leste,1
2006-11-06 21:32:59.560000+00:00,-7.167,125.329,479.5,4.94,mw,8.0,159.8,,0.58,us,usp000ews5,2014-11-07T01:30:46.001Z,"156 km N of Dili, Timor Leste",earthquake,,23.5,,3.0,reviewed,us,us,2006-11-06,37004,Timor Leste,1
2006-11-09 19:42:16.730000+00:00,-7.908,124.586,2.0,5.03,mw,29.0,83.6,,1.1,us,usp000ex0y,2014-11-07T01:30:47.276Z,"103 km NW of Maubara, Timor Leste",earthquake,,33.7,,10.0,reviewed,us,us,2006-11-09,36978,Timor Leste,1
2006-11-13 06:23:31.300000+00:00,-7.636,127.116,137.2,5.03,mw,25.0,112.8,,1.39,us,usp000ex9a,2014-11-07T01:30:48.605Z,"98 km N of Lospalos, Timor Leste",earthquake,,17.1,,10.0,reviewed,us,us,2006-11-13,36952,Timor Leste,1
2006-11-14 14:21:01.320000+00:00,-6.39,127.998,345.0,6.1,mwb,286.0,32.2,,0.87,us,usp000exd5,2022-07-14T09:03:50.354Z,"260 km NNE of Lospalos, Timor Leste",earthquake,,,,,reviewed,us,us,2006-11-14,36901,Timor Leste,1
2006-11-14 19:06:16.020000+00:00,-7.155,129.325,113.9,4.85,mw,19.0,161.5,,1.03,us,usp000exdr,2014-11-07T01:30:49.101Z,"297 km ENE of Lospalos, Timor Leste",earthquake,,19.3,,7.0,reviewed,us,us,2006-11-14,37005,Timor Leste,1
2006-11-23 16:23:15.140000+00:00,-6.098,126.423,482.3,4.85,mw,52.0,70.1,,0.75,us,usp000eyn1,2014-11-07T01:30:56.152Z,"262 km N of Baukau, Timor Leste",earthquake,,7.3,,20.0,reviewed,us,us,2006-11-23,37026,Timor Leste,1
2006-11-24 13:04:20.910000+00:00,-6.605,128.521,211.1,4.68,mw,17.0,118.3,,0.88,us,usp000eyq2,2014-11-07T01:30:56.478Z,"270 km NE of Lospalos, Timor Leste",earthquake,,18.3,,5.0,reviewed,us,us,2006-11-24,37036,Timor Leste,1
2006-11-30 02:50:05.170000+00:00,-7.029,128.09,376.5,4.43,mw,10.0,208.5,,0.81,us,usp000ez6p,2014-11-07T01:30:59.394Z,"204 km NE of Lospalos, Timor Leste",earthquake,,23.4,,3.0,reviewed,us,us,2006-11-30,37073,Timor Leste,1
2006-12-07 06:34:54.320000+00:00,-8.801,126.704,5.5,5.7,mwc,193.0,33.9,,0.94,us,usp000ezqa,2022-07-14T08:39:48.769Z,"37 km E of Viqueque, Timor Leste",earthquake,,13.8,,,reviewed,us,gcmt,2006-12-07,36912,Timor Leste,1
2006-12-19 00:13:19.110000+00:00,-6.844,126.827,402.1,4.6,mw,31.0,68.3,,0.55,us,usp000f0hb,2014-11-07T01:31:09.849Z,"185 km NNE of Baukau, Timor Leste",earthquake,,10.3,,10.0,reviewed,us,us,2006-12-19,37060,Timor Leste,1
2006-12-21 03:54:56.900000+00:00,-8.205,126.053,39.9,4.43,mw,9.0,141.5,,0.21,us,usp000f0pf,2014-11-07T01:31:10.325Z,"34 km N of Manatutu, Timor Leste",earthquake,,37.2,,3.0,reviewed,us,us,2006-12-21,37068,Timor Leste,1
2006-12-26 09:48:41.140000+00:00,-9.649,125.666,10.0,4.94,mw,12.0,89.5,,1.35,us,usp000f10t,2014-11-07T01:31:11.635Z,"58 km SE of Suai, Timor Leste",earthquake,,0.0,,4.0,reviewed,us,us,2006-12-26,36998,Timor Leste,1
2007-01-12 16:19:08.820000+00:00,-6.923,128.989,146.7,5.2,mw,20.0,88.3,,1.27,us,usp000f29f,2014-11-07T01:31:21.153Z,"281 km NE of Lospalos, Timor Leste",earthquake,,22.0,,7.0,reviewed,us,us,2007-01-12,36928,Timor Leste,1
2007-01-15 08:45:20.690000+00:00,-8.813,123.836,30.0,5.11,mw,31.0,79.2,,1.01,us,usp000f2nu,2014-11-07T01:31:23.121Z,"73 km NW of Pante Makasar, Timor Leste",earthquake,,,,9.0,reviewed,us,us,2007-01-15,36946,Timor Leste,1
2007-01-21 07:08:47.520000+00:00,-8.633,127.317,25.0,4.6,mw,14.0,163.8,,1.25,us,usp000f341,2014-11-07T01:31:25.112Z,"37 km ESE of Lospalos, Timor Leste",earthquake,,0.0,,2.0,reviewed,us,us,2007-01-21,37063,Timor Leste,1
2007-01-22 23:16:32.040000+00:00,-8.046,128.739,35.0,4.85,mw,27.0,78.2,,0.99,us,usp000f3bq,2014-11-07T01:31:26.517Z,Timor Sea,earthquake,,,,10.0,reviewed,us,us,2007-01-22,37010,Timor Leste,1
2007-01-27 00:32:44.780000+00:00,-7.583,125.613,35.0,5.03,mw,15.0,111.6,,0.88,us,usp000f3pg,2014-11-07T01:31:27.765Z,"105 km N of Metinaro, Timor Leste",earthquake,,,,1.0,reviewed,us,us,2007-01-27,36959,Timor Leste,1
2007-01-29 06:14:55.230000+00:00,-8.944,125.342,10.0,5.03,mw,15.0,104.6,,1.44,us,usp000f3vj,2014-11-07T01:31:28.772Z,"14 km ENE of Maliana, Timor Leste",earthquake,,,,4.0,reviewed,us,us,2007-01-29,36971,Timor Leste,1
2007-02-12 17:38:03.400000+00:00,-8.296,125.236,35.0,4.51,mw,12.0,138.6,,1.43,us,usp000f4ra,2014-11-07T01:31:37.059Z,"34 km NNW of Likisá, Timor Leste",earthquake,,,,3.0,reviewed,us,us,2007-02-12,37064,Timor Leste,1
2007-02-22 15:48:09.200000+00:00,-7.94,129.278,90.4,4.6,mw,13.0,164.8,,1.05,us,usp000f5dd,2014-11-07T01:31:40.881Z,"259 km ENE of Lospalos, Timor Leste",earthquake,,21.3,,6.0,reviewed,us,us,2007-02-22,37060,Timor Leste,1
2007-03-14 05:32:21.050000+00:00,-6.998,125.873,500.1,4.43,mw,21.0,138.1,,0.63,us,usp000f6pa,2014-11-07T01:31:52.380Z,"168 km N of Manatutu, Timor Leste",earthquake,,15.5,,11.0,reviewed,us,us,2007-03-14,37068,Timor Leste,1
2007-03-18 07:00:39.750000+00:00,-7.848,126.809,89.0,5.03,mw,31.0,73.9,,1.19,us,usp000f6xh,2014-11-07T01:31:53.742Z,"77 km NNW of Lospalos, Timor Leste",earthquake,,13.7,,9.0,reviewed,us,us,2007-03-18,36995,Timor Leste,1
2007-03-18 09:56:21.370000+00:00,-9.481,124.978,25.0,5.11,mw,7.0,154.4,,1.31,us,usp000f6xu,2014-11-07T01:31:53.767Z,"35 km WSW of Suai, Timor Leste",earthquake,,0.0,,1.0,reviewed,us,us,2007-03-18,36945,Timor Leste,1
2007-03-21 11:12:20.400000+00:00,-8.161,123.908,159.0,4.85,mw,32.0,83.5,,1.14,us,usp000f73r,2014-11-07T01:31:54.357Z,"126 km NNW of Pante Makasar, Timor Leste",earthquake,,13.0,,7.0,reviewed,us,us,2007-03-21,37012,Timor Leste,1
2007-03-22 21:29:05.110000+00:00,-7.563,127.558,160.7,5.4,mwc,280.0,31.5,,0.75,us,usp000f76p,2025-12-22T15:12:49.973Z,"122 km NNE of Lospalos, Timor Leste",earthquake,,,,,reviewed,us,gcmt,2007-03-22,36924,Timor Leste,1
2007-03-26 04:52:57.210000+00:00,-7.365,128.789,128.6,5.11,mw,6.0,161.1,,0.85,us,usp000f7fc,2014-11-07T01:31:56.040Z,"235 km ENE of Lospalos, Timor Leste",earthquake,,25.7,,1.0,reviewed,us,us,2007-03-26,36936,Timor Leste,1
2007-03-26 22:37:06.040000+00:00,-9.162,124.28,35.0,5.11,mw,18.0,103.3,,1.23,us,usp000f7jc,2014-11-07T01:31:56.648Z,"12 km WNW of Pante Makasar, Timor Leste",earthquake,,,,10.0,reviewed,us,us,2007-03-26,36936,Timor Leste,1
2007-03-31 16:20:59.440000+00:00,-7.605,127.978,122.2,5.2,mw,6.0,164.8,,1.6,us,usp000f803,2014-11-07T01:31:58.501Z,"148 km NE of Lospalos, Timor Leste",earthquake,,39.3,,1.0,reviewed,us,us,2007-03-31,36931,Timor Leste,1
2007-04-18 23:54:37.710000+00:00,-9.007,124.187,146.8,4.94,mw,25.0,99.8,,0.99,us,usp000fa0k,2014-11-07T01:32:13.353Z,"30 km NW of Pante Makasar, Timor Leste",earthquake,,19.4,,8.0,reviewed,us,us,2007-04-18,37160,Timor Leste,1
2007-04-20 11:29:34.100000+00:00,-6.582,125.463,493.2,4.68,mw,9.0,163.1,,0.39,us,usp000fa5w,2014-11-07T01:32:14.478Z,"217 km N of Metinaro, Timor Leste",earthquake,,34.8,,2.0,reviewed,us,us,2007-04-20,37185,Timor Leste,1
2007-05-05 19:06:39.870000+00:00,-7.348,128.404,119.0,5.4,mwc,323.0,24.6,,0.78,us,usp000fbar,2025-12-22T15:16:01.222Z,"202 km NE of Lospalos, Timor Leste",earthquake,,,,,reviewed,us,gcmt,2007-05-05,37093,Timor Leste,1
2007-05-14 22:23:13.190000+00:00,-8.7,128.796,35.0,4.51,mw,15.0,151.2,,1.77,us,usp000fbz9,2014-11-07T01:32:28.149Z,"198 km E of Lospalos, Timor Leste",earthquake,,,,4.0,reviewed,us,us,2007-05-14,37234,Timor Leste,1
2007-05-15 08:38:06.750000+00:00,-7.633,127.036,136.8,4.85,mw,12.0,150.4,,1.02,us,usp000fc05,2014-11-07T01:32:28.239Z,"98 km N of Lospalos, Timor Leste",earthquake,,20.9,,4.0,reviewed,us,us,2007-05-15,37176,Timor Leste,1
2007-05-31 17:38:06.890000+00:00,-7.574,127.879,7.1,5.11,mw,39.0,73.5,,1.28,us,usp000fd3w,2014-11-07T01:32:34.058Z,"142 km NE of Lospalos, Timor Leste",earthquake,,31.9,,21.0,reviewed,us,us,2007-05-31,37118,Timor Leste,1
2007-06-02 07:10:02.060000+00:00,-8.023,127.942,131.3,4.94,mw,8.0,153.2,,1.63,us,usp000fd6x,2014-11-07T01:32:37.120Z,"117 km ENE of Lospalos, Timor Leste",earthquake,,47.2,,2.0,reviewed,us,us,2007-06-02,37158,Timor Leste,1
2007-06-08 13:16:24.410000+00:00,-7.725,129.259,28.1,5.37,mw,135.0,50.0,,0.77,us,usp000fdme,2014-11-07T01:32:40.305Z,"264 km ENE of Lospalos, Timor Leste",earthquake,,11.5,,31.0,reviewed,us,us,2007-06-08,37108,Timor Leste,1
2007-06-08 23:14:29.590000+00:00,-7.688,124.173,188.7,4.43,mw,8.0,157.5,,1.14,us,usp000fdnm,2014-11-07T01:32:40.542Z,"152 km NW of Maubara, Timor Leste",earthquake,,31.7,,3.0,reviewed,us,us,2007-06-08,37247,Timor Leste,1
2007-06-10 01:01:45.020000+00:00,-6.566,128.022,346.4,5.03,mw,10.0,133.2,,0.94,us,usp000fdr7,2014-11-07T01:32:40.815Z,"244 km NNE of Lospalos, Timor Leste",earthquake,,19.0,,3.0,reviewed,us,us,2007-06-10,37136,Timor Leste,1
2007-06-23 22:26:01.360000+00:00,-6.326,125.856,516.7,4.85,mw,24.0,120.5,,0.66,us,usp000fepb,2014-11-07T01:32:45.357Z,"242 km N of Manatutu, Timor Leste",earthquake,,15.1,,11.0,reviewed,us,us,2007-06-23,37176,Timor Leste,1
2007-06-24 03:08:04.510000+00:00,-9.16,126.055,10.0,4.85,mw,12.0,130.6,,1.03,us,usp000fepv,2014-11-07T01:32:45.432Z,"47 km SW of Viqueque, Timor Leste",earthquake,,,,1.0,reviewed,us,us,2007-06-24,37177,Timor Leste,1
2007-06-26 20:26:20.270000+00:00,-7.751,128.372,193.1,4.6,mw,7.0,171.9,,0.27,us,usp000fexe,2014-11-07T01:32:46.172Z,"173 km ENE of Lospalos, Timor Leste",earthquake,,24.6,,4.0,reviewed,us,us,2007-06-26,37225,Timor Leste,1
2007-06-28 14:41:35.200000+00:00,-9.357,125.533,10.0,5.03,mw,7.0,172.5,,1.14,us,usp000ff1e,2014-11-07T01:32:46.749Z,"30 km E of Suai, Timor Leste",earthquake,,,,2.0,reviewed,us,us,2007-06-28,37134,Timor Leste,1
2007-07-05 16:28:00.250000+00:00,-8.869,128.044,156.6,5.03,mw,9.0,279.7,,1.07,us,usp000ffj2,2014-11-07T01:32:54.674Z,"121 km ESE of Lospalos, Timor Leste",earthquake,,26.8,,2.0,reviewed,us,us,2007-07-05,37144,Timor Leste,1
2007-07-08 00:38:37.820000+00:00,-7.077,125.548,528.5,4.85,mw,34.0,85.4,,0.81,us,usp000ffq9,2014-11-07T01:32:55.346Z,"162 km N of Metinaro, Timor Leste",earthquake,,7.9,,8.0,reviewed,us,us,2007-07-08,37169,Timor Leste,1
2007-07-12 02:49:28.450000+00:00,-6.617,127.477,414.2,4.77,mw,37.0,74.1,,0.69,us,usp000fg0f,2014-11-07T01:32:56.635Z,"217 km NNE of Lospalos, Timor Leste",earthquake,,8.5,,22.0,reviewed,us,us,2007-07-12,37182,Timor Leste,1
2007-07-12 11:19:57.310000+00:00,-7.185,127.992,276.8,4.6,mw,7.0,310.2,,0.81,us,usp000fg12,2014-11-07T01:32:56.910Z,"184 km NE of Lospalos, Timor Leste",earthquake,,30.6,,1.0,reviewed,us,us,2007-07-12,37220,Timor Leste,1
2007-07-13 02:09:04.420000+00:00,-7.139,124.859,495.2,4.94,mw,72.0,53.6,,0.78,us,usp000fg2c,2014-11-07T01:32:57.100Z,"167 km NNW of Maubara, Timor Leste",earthquake,,5.9,,20.0,reviewed,us,us,2007-07-13,37157,Timor Leste,1
2007-07-14 14:08:45.700000+00:00,-7.886,128.759,217.5,4.51,mw,8.0,115.6,,1.57,us,usp000fg5e,2014-11-07T01:32:57.461Z,"206 km ENE of Lospalos, Timor Leste",earthquake,,45.0,,4.0,reviewed,us,us,2007-07-14,37233,Timor Leste,1
2007-07-18 10:24:51.120000+00:00,-6.999,128.642,170.2,4.68,mw,13.0,136.1,,1.01,us,usp000fghy,2014-11-07T01:32:59.844Z,"247 km NE of Lospalos, Timor Leste",earthquake,,26.3,,2.0,reviewed,us,us,2007-07-18,37216,Timor Leste,1
2007-07-21 17:17:36.150000+00:00,-7.045,126.624,400.4,4.77,mw,26.0,121.6,,0.79,us,usp000fgt7,2014-11-07T01:33:02.045Z,"159 km N of Baukau, Timor Leste",earthquake,,9.2,,17.0,reviewed,us,us,2007-07-21,37178,Timor Leste,1
2007-08-21 00:51:07.740000+00:00,-8.229,128.825,138.0,4.43,mw,17.0,115.3,,0.95,us,usp000fkbd,2014-11-07T01:33:20.196Z,"203 km E of Lospalos, Timor Leste",earthquake,,19.8,,6.0,reviewed,us,us,2007-08-21,37254,Timor Leste,1
2007-08-23 17:15:15.020000+00:00,-7.341,129.001,110.3,5.28,mw,28.0,142.2,,0.9,us,usp000fkhj,2014-11-07T01:33:22.073Z,"256 km ENE of Lospalos, Timor Leste",earthquake,,16.4,,15.0,reviewed,us,us,2007-08-23,37117,Timor Leste,1
2007-08-24 11:18:58.130000+00:00,-7.674,126.497,145.2,5.03,mw,27.0,104.9,,1.1,us,usp000fkkb,2014-11-07T01:33:22.472Z,"88 km N of Baukau, Timor Leste",earthquake,,21.8,,10.0,reviewed,us,us,2007-08-24,37142,Timor Leste,1
2007-08-25 08:33:58.690000+00:00,-8.392,129.326,35.0,4.51,mw,12.0,127.4,,1.3,us,usp000fknk,2014-11-07T01:33:22.679Z,"256 km E of Lospalos, Timor Leste",earthquake,,,,4.0,reviewed,us,us,2007-08-25,37235,Timor Leste,1
2007-08-30 00:18:23.320000+00:00,-8.265,129.682,206.2,4.51,mw,7.0,307.5,,1.21,us,usp000fkz8,2014-11-07T01:33:24.427Z,"296 km E of Lospalos, Timor Leste",earthquake,,30.4,,4.0,reviewed,us,us,2007-08-30,37234,Timor Leste,1
2007-09-07 11:00:19.330000+00:00,-7.685,127.49,107.5,4.85,mw,6.0,168.0,,1.09,us,usp000fmmn,2014-11-07T01:33:31.432Z,"107 km NNE of Lospalos, Timor Leste",earthquake,,26.5,,3.0,reviewed,us,us,2007-09-07,37162,Timor Leste,1
2007-09-08 12:04:20.170000+00:00,-7.394,123.83,564.6,4.6,mw,9.0,171.8,,0.7,us,usp000fmpw,2014-11-07T01:33:31.787Z,"202 km NW of Maubara, Timor Leste",earthquake,,18.1,,1.0,reviewed,us,us,2007-09-08,37218,Timor Leste,1
2007-09-08 13:39:05.610000+00:00,-9.433,127.25,87.2,4.43,mw,9.0,147.9,,0.69,us,usp000fmq0,2014-11-07T01:33:31.793Z,"104 km SSE of Lospalos, Timor Leste",earthquake,,30.6,,1.0,reviewed,us,us,2007-09-08,37238,Timor Leste,1
2007-09-09 07:08:33.440000+00:00,-7.259,129.385,169.5,4.6,mw,8.0,150.1,,1.21,us,usp000fmrt,2014-11-07T01:33:31.997Z,"297 km ENE of Lospalos, Timor Leste",earthquake,,31.5,,3.0,reviewed,us,us,2007-09-09,37219,Timor Leste,1
2007-09-12 17:04:42.750000+00:00,-7.481,125.872,392.5,5.54,mw,200.0,39.4,,0.75,us,usp000fn11,2022-05-02T20:34:02.480Z,"115 km N of Manatutu, Timor Leste",earthquake,,5.4,,30.0,reviewed,us,us,2007-09-12,37091,Timor Leste,1
2007-09-21 11:52:35.580000+00:00,-6.744,126.384,487.5,4.85,mw,31.0,82.8,,0.67,us,usp000fnu7,2014-11-07T01:33:37.919Z,"191 km N of Baukau, Timor Leste",earthquake,,8.8,,7.0,reviewed,us,us,2007-09-21,37172,Timor Leste,1
2007-09-28 10:42:51+00:00,-8.24,123.874,169.8,5.03,mw,16.0,102.2,,0.87,us,usp000fpbu,2014-11-07T01:33:41.650Z,"120 km NNW of Pante Makasar, Timor Leste",earthquake,,10.9,,2.0,reviewed,us,us,2007-09-28,37142,Timor Leste,1
2007-10-15 09:37:54.140000+00:00,-9.506,125.121,51.4,4.68,mw,9.0,170.6,,0.39,us,usp000fqkf,2014-11-07T01:33:56.100Z,"26 km SW of Suai, Timor Leste",earthquake,,14.4,,1.0,reviewed,us,us,2007-10-15,37410,Timor Leste,1
2007-10-26 22:33:37.270000+00:00,-7.634,123.742,269.7,4.77,mw,14.0,71.6,,0.59,us,usp000fraz,2014-11-07T01:33:59.709Z,"187 km NNW of Pante Makasar, Timor Leste",earthquake,,10.6,,4.0,reviewed,us,us,2007-10-26,37393,Timor Leste,1
2007-11-27 12:52:52.600000+00:00,-7.312,128.568,158.1,5.37,mw,99.0,61.3,,0.71,us,usp000ftdt,2014-11-07T01:34:15.537Z,"218 km NE of Lospalos, Timor Leste",earthquake,,7.3,,30.0,reviewed,us,us,2007-11-27,37314,Timor Leste,1
2007-12-05 22:35:07.250000+00:00,-8.717,127.419,39.7,5.11,mw,53.0,67.6,,0.85,us,usp000ftwn,2014-11-07T01:34:21.563Z,"51 km ESE of Lospalos, Timor Leste",earthquake,,10.4,,26.0,reviewed,us,us,2007-12-05,37332,Timor Leste,1
2007-12-07 20:59:56.830000+00:00,-7.603,124.796,402.8,4.68,mw,18.0,167.7,,0.95,us,usp000fu0h,2014-11-07T01:34:22.240Z,"120 km NNW of Maubara, Timor Leste",earthquake,,38.5,,7.0,reviewed,us,us,2007-12-07,37401,Timor Leste,1
2007-12-08 13:39:05.190000+00:00,-6.87,127.277,400.7,5.03,mw,52.0,46.0,,0.55,us,usp000fu1u,2014-11-07T01:34:22.432Z,"185 km N of Lospalos, Timor Leste",earthquake,,6.6,,23.0,reviewed,us,us,2007-12-08,37350,Timor Leste,1
2007-12-15 08:33:18.280000+00:00,-7.295,128.989,117.7,5.11,mw,21.0,109.8,,1.3,us,usp000fugc,2014-11-07T01:34:25.642Z,"258 km ENE of Lospalos, Timor Leste",earthquake,,25.0,,8.0,reviewed,us,us,2007-12-15,37336,Timor Leste,1
2007-12-19 06:12:25.030000+00:00,-9.188,123.945,39.4,5.3,mwc,103.0,39.7,,1.08,us,usp000fury,2022-05-02T20:54:47.614Z,"48 km W of Pante Makasar, Timor Leste",earthquake,,9.8,,,reviewed,us,gcmt,2007-12-19,37322,Timor Leste,1
2008-01-02 16:37:13.120000+00:00,-8.236,129.319,40.0,4.68,mw,11.0,142.2,,1.36,us,usp000fvv6,2014-11-07T01:34:35.749Z,"257 km E of Lospalos, Timor Leste",earthquake,,0.0,,1.0,reviewed,us,us,2008-01-02,37434,Timor Leste,1
2008-01-02 20:04:12.650000+00:00,-6.994,125.228,515.6,5.28,mw,21.0,114.5,,0.61,us,usp000fvvk,2014-11-07T01:34:35.809Z,"176 km N of Likisá, Timor Leste",earthquake,,14.9,,4.0,reviewed,us,us,2008-01-02,37324,Timor Leste,1
2008-01-08 00:39:10.900000+00:00,-8.622,124.808,42.6,5.03,mw,21.0,98.1,,0.87,us,usp000fw7k,2014-11-07T01:34:38.853Z,"43 km W of Maubara, Timor Leste",earthquake,,17.5,,3.0,reviewed,us,us,2008-01-08,37356,Timor Leste,1
2008-01-21 02:10:02.010000+00:00,-8.746,129.597,35.0,4.68,mw,7.0,238.2,,0.63,us,usp000fx4p,2014-11-07T01:34:44.325Z,"287 km E of Lospalos, Timor Leste",earthquake,,,,1.0,reviewed,us,us,2008-01-21,37422,Timor Leste,1
2008-01-30 07:32:42.800000+00:00,-7.302,127.688,8.0,6.2,mwc,321.0,31.6,,1.05,us,usp000fxrt,2022-05-02T20:58:50.644Z,"154 km NNE of Lospalos, Timor Leste",earthquake,,,,,reviewed,us,us,2008-01-30,37271,Timor Leste,1
2008-02-07 03:56:50.540000+00:00,-7.937,127.728,132.6,4.77,mw,11.0,113.5,,0.51,us,usp000fybq,2014-11-07T01:34:54.574Z,"103 km NE of Lospalos, Timor Leste",earthquake,,27.4,,1.0,reviewed,us,us,2008-02-07,37392,Timor Leste,1
2008-02-10 08:02:33.210000+00:00,-7.358,126.661,354.2,5.11,mw,9.0,123.6,,0.91,us,usp000fykg,2014-11-07T01:34:55.717Z,"125 km N of Baukau, Timor Leste",earthquake,,28.6,,1.0,reviewed,us,us,2008-02-10,37350,Timor Leste,1
2008-02-13 19:58:46.130000+00:00,-8.158,128.644,19.0,6.2,mwc,370.0,33.4,,0.93,us,usp000fyuj,2022-05-02T19:48:53.871Z,"185 km ENE of Lospalos, Timor Leste",earthquake,,,,,reviewed,us,us,2008-02-13,37282,Timor Leste,1
2008-02-14 08:58:00.330000+00:00,-8.983,128.843,134.9,5.2,mw,8.0,169.1,,0.76,us,usp000fyw1,2014-11-07T01:34:56.901Z,"209 km ESE of Lospalos, Timor Leste",earthquake,,32.6,,3.0,reviewed,us,us,2008-02-14,37325,Timor Leste,1
2008-02-22 17:05:21.420000+00:00,-8.989,126.705,35.0,4.43,mw,14.0,121.3,,1.18,us,usp000fzpp,2014-11-07T01:35:01.725Z,"40 km ESE of Viqueque, Timor Leste",earthquake,,,,3.0,reviewed,us,us,2008-02-22,37437,Timor Leste,1
2008-02-25 13:14:57.720000+00:00,-8.638,124.09,58.0,4.51,mw,10.0,168.2,,0.77,us,usp000fzxr,2014-11-07T01:35:03.513Z,"70 km NNW of Pante Makasar, Timor Leste",earthquake,,15.5,,1.0,reviewed,us,us,2008-02-25,37434,Timor Leste,1
2008-03-02 08:39:28.560000+00:00,-6.371,127.994,368.6,4.94,mw,13.0,106.0,,0.73,us,usp000g0fu,2014-11-07T01:35:09.814Z,"262 km NNE of Lospalos, Timor Leste",earthquake,,14.8,,1.0,reviewed,us,us,2008-03-02,37369,Timor Leste,1
2008-03-05 04:08:48.950000+00:00,-6.913,126.84,399.3,4.68,mw,34.0,76.0,,0.56,us,usp000g0r9,2014-11-07T01:35:11.384Z,"177 km NNE of Baukau, Timor Leste",earthquake,,6.8,,7.0,reviewed,us,us,2008-03-05,37413,Timor Leste,1
2008-03-05 17:17:33.610000+00:00,-8.161,123.672,130.7,4.43,mw,8.0,153.3,,0.58,us,usp000g0su,2014-11-07T01:35:11.563Z,"139 km NW of Pante Makasar, Timor Leste",earthquake,,25.8,,1.0,reviewed,us,us,2008-03-05,37437,Timor Leste,1
2008-03-14 21:10:06.410000+00:00,-6.522,127.441,417.3,4.68,mw,26.0,77.7,,0.6,us,usp000g1gd,2014-11-07T01:35:15.469Z,"226 km NNE of Lospalos, Timor Leste",earthquake,,9.9,,12.0,reviewed,us,us,2008-03-14,37413,Timor Leste,1
2008-03-26 06:39:28.890000+00:00,-7.358,125.426,407.2,4.85,mw,30.0,70.2,,0.52,us,usp000g2cz,2014-11-07T01:35:19.390Z,"133 km N of Dili, Timor Leste",earthquake,,6.2,,6.0,reviewed,us,us,2008-03-26,37386,Timor Leste,1
2008-03-26 17:49:17.250000+00:00,-7.649,128.33,156.1,4.85,mw,13.0,158.9,,0.99,us,usp000g2e1,2014-11-07T01:35:19.548Z,"175 km ENE of Lospalos, Timor Leste",earthquake,,27.0,,2.0,reviewed,us,us,2008-03-26,37378,Timor Leste,1
2008-03-29 00:02:29.020000+00:00,-7.749,129.357,20.0,4.77,mw,9.0,148.4,,1.23,us,usp000g2kh,2014-11-07T01:35:20.410Z,"273 km ENE of Lospalos, Timor Leste",earthquake,,0.0,,1.0,reviewed,us,us,2008-03-29,37389,Timor Leste,1
2008-03-29 23:22:48.750000+00:00,-9.214,125.694,10.0,4.68,mw,14.0,131.1,,1.23,us,usp000g2nv,2014-11-07T01:35:21.056Z,"23 km SSE of Same, Timor Leste",earthquake,,,,6.0,reviewed,us,us,2008-03-29,37404,Timor Leste,1
2008-04-02 19:10:19.420000+00:00,-7.046,129.203,180.7,5.7,mwc,230.0,22.6,,0.91,us,usp000g2z1,2022-07-13T20:21:54.871Z,"292 km NE of Lospalos, Timor Leste",earthquake,,,,,reviewed,us,us,2008-04-02,37458,Timor Leste,1
2008-04-15 06:59:20.180000+00:00,-8.526,128.594,35.0,5.2,mw,30.0,101.2,,1.1,us,usp000g3yv,2014-11-07T01:35:37.325Z,"175 km E of Lospalos, Timor Leste",earthquake,,,,18.0,reviewed,us,us,2008-04-15,37464,Timor Leste,1
2008-04-19 03:12:25.180000+00:00,-7.815,125.694,13.0,6.1,mwc,207.0,37.4,,1.17,us,usp000g49j,2022-07-13T19:53:26.376Z,"79 km N of Metinaro, Timor Leste",earthquake,,,,,reviewed,us,us,2008-04-19,37441,Timor Leste,1
2008-04-19 21:27:16.060000+00:00,-6.517,128.041,310.5,4.85,mw,15.0,98.3,,0.75,us,usp000g4bz,2014-11-07T01:35:40.825Z,"249 km NNE of Lospalos, Timor Leste",earthquake,,13.2,,1.0,reviewed,us,us,2008-04-19,37517,Timor Leste,1
2008-04-23 07:35:36.350000+00:00,-6.814,126.558,431.5,4.68,mw,10.0,130.6,,0.67,us,usp000g4mf,2014-11-07T01:35:41.775Z,"184 km N of Baukau, Timor Leste",earthquake,,26.6,,1.0,reviewed,us,us,2008-04-23,37557,Timor Leste,1
2008-04-25 13:16:49.400000+00:00,-7.482,129.104,58.4,4.85,mw,40.0,68.1,,1.01,us,usp000g4tu,2014-11-07T01:35:43.163Z,"259 km ENE of Lospalos, Timor Leste",earthquake,,10.6,,14.0,reviewed,us,us,2008-04-25,37550,Timor Leste,1
2008-04-26 07:53:04.460000+00:00,-8.227,124.87,35.9,5.03,mw,39.0,79.4,,0.84,us,usp000g4vz,2014-11-07T01:35:43.905Z,"56 km NW of Maubara, Timor Leste",earthquake,,8.5,,20.0,reviewed,us,us,2008-04-26,37468,Timor Leste,1
2008-04-27 00:55:26.940000+00:00,-7.08,125.278,523.1,4.85,mw,22.0,80.6,,0.71,us,usp000g4y3,2014-11-07T01:35:44.175Z,"166 km NNW of Dili, Timor Leste",earthquake,,9.1,,4.0,reviewed,us,us,2008-04-27,37543,Timor Leste,1
2008-04-29 19:10:02.150000+00:00,-6.108,127.484,404.7,5.9,mwc,222.0,29.6,,0.84,us,usp000g54s,2022-05-02T20:31:07.369Z,"272 km NNE of Lospalos, Timor Leste",earthquake,,5.0,,,reviewed,us,us,2008-04-29,37458,Timor Leste,1
2008-05-25 08:06:07.770000+00:00,-7.511,128.421,132.6,4.94,mw,10.0,133.5,,0.61,us,usp000g7r2,2014-11-07T01:36:06.109Z,"192 km NE of Lospalos, Timor Leste",earthquake,,18.8,,1.0,reviewed,us,us,2008-05-25,37505,Timor Leste,1
2008-06-05 03:56:50.540000+00:00,-8.84,124.471,35.0,4.85,mw,6.0,170.3,,0.25,us,usp000g8kn,2014-11-07T01:36:14.862Z,"40 km NNE of Pante Makasar, Timor Leste",earthquake,,,,1.0,reviewed,us,us,2008-06-05,37514,Timor Leste,1
2008-06-06 13:42:48.950000+00:00,-7.495,127.885,122.0,6.0,mwc,262.0,21.9,,0.86,us,usp000g8qr,2022-07-13T18:48:21.047Z,"149 km NE of Lospalos, Timor Leste",earthquake,,,,,reviewed,us,us,2008-06-06,37454,Timor Leste,1
2008-06-14 11:11:28.220000+00:00,-6.973,127.773,263.6,4.85,mw,13.0,119.8,,0.75,us,usp000g9kw,2014-11-07T01:36:21.235Z,"191 km NNE of Lospalos, Timor Leste",earthquake,,19.3,,4.0,reviewed,us,us,2008-06-14,37541,Timor Leste,1
2008-06-17 22:19:39.050000+00:00,-9.28,127.267,77.7,4.94,mw,33.0,94.3,,0.54,us,usp000g9xn,2014-11-07T01:36:22.542Z,"88 km SSE of Lospalos, Timor Leste",earthquake,,7.2,,9.0,reviewed,us,us,2008-06-17,37494,Timor Leste,1
2008-06-23 20:09:36.720000+00:00,-7.004,127.207,10.0,4.77,mw,12.0,131.5,,0.72,us,usp000gadj,2014-11-07T01:36:25.380Z,"169 km N of Lospalos, Timor Leste",earthquake,,,,1.0,reviewed,us,us,2008-06-23,37557,Timor Leste,1
2008-07-11 21:55:31.050000+00:00,-7.522,124.868,377.4,4.6,mw,31.0,89.7,,0.51,us,usp000gbxh,2014-11-07T01:36:36.941Z,"126 km NNW of Maubara, Timor Leste",earthquake,,9.6,,14.0,reviewed,us,us,2008-07-11,37605,Timor Leste,1
2008-07-13 16:24:26.670000+00:00,-8.912,124.007,75.9,5.2,mw,44.0,53.1,,1.11,us,usp000gc2g,2014-11-07T01:36:37.475Z,"52 km NW of Pante Makasar, Timor Leste",earthquake,,12.7,,20.0,reviewed,us,us,2008-07-13,37466,Timor Leste,1
2008-07-20 08:57:30.750000+00:00,-5.789,126.361,77.7,4.51,mw,7.0,164.3,,0.76,us,usp000gcpv,2014-11-07T01:36:40.842Z,"297 km N of Baukau, Timor Leste",earthquake,,26.4,,1.0,reviewed,us,us,2008-07-20,37608,Timor Leste,1
2008-07-27 10:01:11.580000+00:00,-6.591,127.445,406.2,4.51,mw,22.0,123.4,,0.62,us,usp000gd8d,2014-11-07T01:36:43.387Z,"219 km NNE of Lospalos, Timor Leste",earthquake,,14.1,,4.0,reviewed,us,us,2008-07-27,37607,Timor Leste,1
2008-07-27 19:30:50.800000+00:00,-7.358,126.493,314.5,5.2,mwc,121.0,88.0,,0.68,us,usp000gd9a,2025-12-22T15:06:57.495Z,"123 km N of Baukau, Timor Leste",earthquake,,5.9,,,reviewed,us,gcmt,2008-07-27,37465,Timor Leste,1
2008-08-13 11:39:58.580000+00:00,-8.361,125.856,117.9,4.68,mw,9.0,134.0,,1.23,us,usp000geju,2014-11-07T01:36:53.612Z,"22 km NE of Metinaro, Timor Leste",earthquake,,30.6,,1.0,reviewed,us,us,2008-08-13,37596,Timor Leste,1
2008-09-04 06:31:54+00:00,-7.072,125.999,492.0,4.85,mw,16.0,99.3,,0.71,us,usp000ggcg,2014-11-07T01:37:07.553Z,"159 km N of Manatutu, Timor Leste",earthquake,,9.9,,4.0,reviewed,us,us,2008-09-04,37523,Timor Leste,1
2008-09-10 12:25:27.280000+00:00,-7.414,125.403,447.3,4.6,mw,10.0,158.8,,0.5,us,usp000ggsr,2014-11-07T01:37:10.529Z,"127 km N of Dili, Timor Leste",earthquake,,13.5,,3.0,reviewed,us,us,2008-09-10,37602,Timor Leste,1
2008-09-13 15:30:10.630000+00:00,-10.093,125.343,45.6,4.68,mw,17.0,111.9,,1.27,us,usp000ggzs,2014-11-07T01:37:11.751Z,"86 km S of Suai, Timor Leste",earthquake,,17.5,,4.0,reviewed,us,us,2008-09-13,37574,Timor Leste,1
2008-09-15 15:39:56.540000+00:00,-8.851,125.608,35.0,4.94,mw,9.0,158.5,,0.67,us,usp000gh3m,2014-11-07T01:37:12.248Z,"14 km SSE of Aileu, Timor Leste",earthquake,,,,1.0,reviewed,us,us,2008-09-15,37506,Timor Leste,1
2008-09-16 11:15:41.270000+00:00,-8.779,126.844,35.0,5.7,mwc,325.0,38.8,,1.0,us,usp000gh59,2022-05-02T21:03:20.555Z,"33 km SSW of Lospalos, Timor Leste",earthquake,,,,,reviewed,us,us,2008-09-16,37462,Timor Leste,1
2008-10-03 22:26:17.980000+00:00,-8.99,126.97,35.0,4.94,mw,20.0,102.6,,1.07,us,usp000gj8y,2014-11-07T01:37:23.301Z,"51 km S of Lospalos, Timor Leste",earthquake,,,,4.0,reviewed,us,us,2008-10-03,37706,Timor Leste,1
2008-10-14 18:32:31.500000+00:00,-8.956,125.561,35.0,4.6,mw,18.0,163.8,,0.51,us,usp000gk8p,2014-11-07T01:37:29.210Z,"7 km NE of Ainaro, Timor Leste",earthquake,,,,8.0,reviewed,us,us,2008-10-14,37736,Timor Leste,1
2008-10-18 16:53:07.830000+00:00,-7.69,128.917,19.7,4.68,mw,38.0,70.2,,1.15,us,usp000gkhf,2014-11-07T01:37:30.234Z,"230 km ENE of Lospalos, Timor Leste",earthquake,,26.6,,19.0,reviewed,us,us,2008-10-18,37732,Timor Leste,1
2008-10-21 13:00:48.030000+00:00,-7.47,127.732,135.2,5.6,mwc,174.0,40.3,,0.88,us,usp000gkra,2022-05-02T19:46:28.914Z,"141 km NE of Lospalos, Timor Leste",earthquake,,,,,reviewed,us,gcmt,2008-10-21,37643,Timor Leste,1
2008-10-26 08:09:26.020000+00:00,-8.477,127.769,182.0,4.94,mw,8.0,262.2,,0.75,us,usp000gm26,2014-11-07T01:37:32.576Z,"84 km E of Lospalos, Timor Leste",earthquake,,23.8,,2.0,reviewed,us,us,2008-10-26,37694,Timor Leste,1
2008-10-26 15:34:56.770000+00:00,-6.988,125.887,482.6,4.94,mw,42.0,86.5,,0.66,us,usp000gm2v,2014-11-07T01:37:32.661Z,"169 km N of Manatutu, Timor Leste",earthquake,,,,15.0,reviewed,us,us,2008-10-26,37703,Timor Leste,1
2008-11-01 20:58:51.110000+00:00,-6.871,129.145,10.0,4.6,mw,22.0,84.9,,1.51,us,usp000gmmz,2014-11-07T01:37:38.361Z,"299 km NE of Lospalos, Timor Leste",earthquake,,0.0,,7.0,reviewed,us,us,2008-11-01,37738,Timor Leste,1
2008-11-26 20:24:32.460000+00:00,-6.176,125.538,10.0,4.6,mw,9.0,149.2,,0.98,us,usp000gpgr,2014-11-07T01:37:48.306Z,"261 km N of Metinaro, Timor Leste",earthquake,,,,2.0,reviewed,us,us,2008-11-26,37742,Timor Leste,1
2008-11-27 20:43:46.360000+00:00,-7.196,126.558,440.2,4.85,mw,31.0,76.2,,0.7,us,usp000gpjq,2014-11-07T01:37:48.509Z,"141 km N of Baukau, Timor Leste",earthquake,,9.9,,13.0,reviewed,us,us,2008-11-27,37716,Timor Leste,1
2008-12-06 10:55:26.350000+00:00,-7.393,124.745,398.0,6.4,mwc,416.0,35.2,,0.81,us,usp000gq1h,2022-05-02T19:49:31.711Z,"144 km NNW of Maubara, Timor Leste",earthquake,,,,,reviewed,us,us,2008-12-06,37625,Timor Leste,1
2008-12-09 14:56:17.480000+00:00,-8.582,129.371,40.0,4.85,mw,27.0,68.7,,1.01,us,usp000gq8z,2014-11-07T01:37:56.207Z,"261 km E of Lospalos, Timor Leste",earthquake,,0.0,,7.0,reviewed,us,us,2008-12-09,37707,Timor Leste,1
2008-12-11 19:44:19.270000+00:00,-6.939,127.694,302.1,5.03,mw,22.0,73.4,,0.94,us,usp000gqdp,2014-11-07T01:37:57.419Z,"191 km NNE of Lospalos, Timor Leste",earthquake,,20.9,,2.0,reviewed,us,us,2008-12-11,37689,Timor Leste,1
2008-12-15 21:45:38.800000+00:00,-6.612,127.511,429.6,4.51,mw,17.0,87.7,,0.66,us,usp000gqpb,2014-11-07T01:37:58.546Z,"218 km NNE of Lospalos, Timor Leste",earthquake,,19.4,,4.0,reviewed,us,us,2008-12-15,37780,Timor Leste,1
2008-12-20 20:44:41.820000+00:00,-6.913,126.976,411.2,4.77,mw,52.0,78.7,,0.8,us,usp000gr1v,2014-11-07T01:38:00.598Z,"177 km N of Lospalos, Timor Leste",earthquake,,9.6,,23.0,reviewed,us,us,2008-12-20,37716,Timor Leste,1
2008-12-23 13:28:42.330000+00:00,-6.793,128.115,322.3,4.94,mw,61.0,72.5,,0.69,us,usp000gr8u,2014-11-07T01:38:01.476Z,"227 km NNE of Lospalos, Timor Leste",earthquake,,7.6,,24.0,reviewed,us,us,2008-12-23,37692,Timor Leste,1
2008-12-24 06:14:09.860000+00:00,-6.834,125.387,529.8,5.11,mw,31.0,102.4,,0.56,us,usp000grbn,2014-11-07T01:38:02.160Z,"191 km NNW of Metinaro, Timor Leste",earthquake,,9.0,,14.0,reviewed,us,us,2008-12-24,37679,Timor Leste,1
2008-12-24 14:22:07.430000+00:00,-8.429,128.392,54.0,5.2,mw,40.0,78.7,,0.94,us,usp000grcm,2014-11-07T01:38:02.267Z,"153 km E of Lospalos, Timor Leste",earthquake,,13.6,,16.0,reviewed,us,us,2008-12-24,37654,Timor Leste,1
2009-01-02 10:54:51.260000+00:00,-6.556,128.426,15.0,4.94,mw,17.0,92.7,,1.06,us,usp000gs0e,2014-11-07T01:38:07.976Z,"268 km NE of Lospalos, Timor Leste",earthquake,,0.0,,5.0,reviewed,us,us,2009-01-02,37698,Timor Leste,1
2009-01-02 15:18:21.250000+00:00,-6.891,124.435,618.4,4.6,mw,34.0,75.6,,0.63,us,usp000gs0t,2014-11-07T01:38:08.382Z,"208 km NNW of Maubara, Timor Leste",earthquake,,5.4,,10.0,reviewed,us,us,2009-01-02,37748,Timor Leste,1
2009-01-18 06:31:23.860000+00:00,-7.259,129.193,90.9,5.2,mw,35.0,72.8,,0.82,us,usp000gssd,2014-11-07T01:38:13.304Z,"279 km ENE of Lospalos, Timor Leste",earthquake,,13.6,,6.0,reviewed,us,us,2009-01-18,37648,Timor Leste,1
2009-01-22 20:16:34.580000+00:00,-7.307,128.568,146.7,6.1,mwc,391.0,13.5,,0.94,us,usp000gszq,2022-07-15T03:12:52.642Z,"219 km NE of Lospalos, Timor Leste",earthquake,,,,,reviewed,us,us,2009-01-22,37636,Timor Leste,1
2009-01-24 13:52:28.140000+00:00,-8.412,125.014,21.8,5.1,mwc,72.0,39.0,,0.85,us,usp000gt20,2022-07-15T03:08:55.944Z,"30 km NW of Maubara, Timor Leste",earthquake,,,,,reviewed,us,gcmt,2009-01-24,37680,Timor Leste,1
2009-01-28 07:53:38.190000+00:00,-8.936,124.157,65.9,5.7,mwb,208.0,35.1,,0.96,us,usp000gt6q,2022-07-15T03:01:15.639Z,"38 km NW of Pante Makasar, Timor Leste",earthquake,,7.9,,,reviewed,us,us,2009-01-28,37640,Timor Leste,1
2009-02-03 14:03:32.460000+00:00,-7.884,125.563,35.0,4.85,mw,30.0,125.1,,0.66,us,usp000gte1,2014-11-07T01:38:19.825Z,"74 km NNW of Metinaro, Timor Leste",earthquake,,,,4.0,reviewed,us,us,2009-02-03,37707,Timor Leste,1
2009-03-07 16:27:20.090000+00:00,-8.352,123.592,172.0,5.3,mwc,182.0,36.9,,0.99,us,usp000gur0,2025-12-22T15:13:23.546Z,"127 km NW of Pante Makasar, Timor Leste",earthquake,,6.2,,,reviewed,us,gcmt,2009-03-07,37648,Timor Leste,1
2009-04-05 19:45:27.040000+00:00,-9.275,124.156,10.0,5.1,mwc,145.0,39.6,,0.79,us,usp000gvt9,2022-05-02T20:15:10.981Z,"26 km WSW of Pante Makasar, Timor Leste",earthquake,,,,,reviewed,us,gcmt,2009-04-05,37854,Timor Leste,1
2009-04-13 13:36:46.320000+00:00,-6.822,125.093,554.2,5.6,mwc,174.0,37.4,,0.82,us,usp000gw3c,2022-05-02T22:12:02.954Z,"197 km N of Likisá, Timor Leste",earthquake,,4.6,,,reviewed,us,gcmt,2009-04-13,37809,Timor Leste,1
2009-04-17 04:09:59.980000+00:00,-7.425,128.244,144.4,5.4,mwc,316.0,20.4,,0.77,us,usp000gw8m,2025-12-22T16:00:46.692Z,"183 km NE of Lospalos, Timor Leste",earthquake,,4.9,,,reviewed,us,gcmt,2009-04-17,37817,Timor Leste,1
2009-05-11 22:49:09.960000+00:00,-7.816,128.361,35.0,4.94,mw,18.0,90.0,,0.77,us,usp000gx1b,2014-11-07T01:38:56.804Z,"169 km ENE of Lospalos, Timor Leste",earthquake,,,,4.0,reviewed,us,us,2009-05-11,37931,Timor Leste,1
2009-05-16 02:16:50.940000+00:00,-7.081,125.563,468.3,4.77,mw,20.0,126.6,,0.53,us,usp000gx60,2014-11-07T01:38:57.584Z,"161 km N of Metinaro, Timor Leste",earthquake,,10.6,,15.0,reviewed,us,us,2009-05-16,37955,Timor Leste,1
2009-05-20 11:59:19.190000+00:00,-8.795,124.225,95.1,5.03,mw,42.0,72.3,,1.1,us,usp000gxbe,2014-11-07T01:38:59.438Z,"48 km NNW of Pante Makasar, Timor Leste",earthquake,,10.3,,18.0,reviewed,us,us,2009-05-20,37875,Timor Leste,1
2009-06-10 02:52:50.920000+00:00,-6.29,128.291,323.3,5.11,mw,91.0,42.4,,0.83,us,usp000gy1h,2014-11-07T01:39:08.321Z,"285 km NNE of Lospalos, Timor Leste",earthquake,,6.7,,34.0,reviewed,us,us,2009-06-10,37850,Timor Leste,1
2009-06-15 14:27:21.050000+00:00,-7.35,123.952,565.0,4.85,mw,54.0,52.2,,0.71,us,usp000gy84,2014-11-07T01:39:09.889Z,"196 km NW of Maubara, Timor Leste",earthquake,,6.3,,12.0,reviewed,us,us,2009-06-15,37934,Timor Leste,1
2009-06-18 13:11:17.690000+00:00,-8.416,123.833,138.8,5.2,mw,50.0,39.9,,1.13,us,usp000gybb,2014-11-07T01:39:10.366Z,"105 km NW of Pante Makasar, Timor Leste",earthquake,,10.5,,13.0,reviewed,us,us,2009-06-18,37821,Timor Leste,1
2009-06-23 05:55:21.360000+00:00,-6.759,127.053,403.9,5.03,mw,31.0,77.4,,0.68,us,usp000gyhb,2014-11-07T01:39:11.279Z,"195 km N of Lospalos, Timor Leste",earthquake,,10.1,,5.0,reviewed,us,us,2009-06-23,37880,Timor Leste,1
2009-08-05 18:20:01.680000+00:00,-7.303,129.32,149.4,5.11,mw,37.0,68.0,,1.05,us,usp000h00n,2014-11-07T01:39:28.102Z,"289 km ENE of Lospalos, Timor Leste",earthquake,,14.8,,9.0,reviewed,us,us,2009-08-05,37845,Timor Leste,1
2009-08-08 11:44:38.280000+00:00,-7.496,128.723,58.6,4.85,mw,24.0,119.5,,0.92,us,usp000h03k,2014-11-07T01:39:29.012Z,"221 km ENE of Lospalos, Timor Leste",earthquake,,15.0,,2.0,reviewed,us,us,2009-08-08,37937,Timor Leste,1
2009-08-11 06:52:00.670000+00:00,-8.548,126.803,35.0,4.6,mw,21.0,75.2,,1.12,us,usp000h06k,2014-11-07T01:39:29.688Z,"21 km W of Lospalos, Timor Leste",earthquake,,,,1.0,reviewed,us,us,2009-08-11,37964,Timor Leste,1
2009-08-22 22:00:29.360000+00:00,-7.714,127.85,156.4,4.94,mw,34.0,58.6,,1.38,us,usp000h0s0,2014-11-07T01:39:33.176Z,"129 km NE of Lospalos, Timor Leste",earthquake,,14.5,,11.0,reviewed,us,us,2009-08-22,37888,Timor Leste,1
2009-08-29 16:39:18.400000+00:00,-6.945,129.014,176.6,4.77,mw,28.0,73.7,,1.04,us,usp000h10s,2014-11-07T01:39:35.059Z,"282 km NE of Lospalos, Timor Leste",earthquake,,15.3,,7.0,reviewed,us,us,2009-08-29,37948,Timor Leste,1
2009-09-07 12:09:12.540000+00:00,-8.901,127.3,35.0,5.0,mwc,37.0,48.5,,1.25,us,usp000h1a9,2016-11-10T02:16:58.886Z,"53 km SE of Lospalos, Timor Leste",earthquake,,,,,reviewed,us,gcmt,2009-09-07,37883,Timor Leste,1
2009-10-07 15:48:36.120000+00:00,-8.227,127.719,35.0,5.1,mwc,84.0,42.3,,1.09,us,usp000h2fz,2022-05-02T21:22:10.218Z,"85 km ENE of Lospalos, Timor Leste",earthquake,,,,,reviewed,us,gcmt,2009-10-07,38064,Timor Leste,1
2009-10-16 09:07:38.650000+00:00,-7.567,129.445,35.0,4.9,mwc,57.0,40.4,,1.43,us,usp000h323,2016-11-10T02:19:06.871Z,"289 km ENE of Lospalos, Timor Leste",earthquake,,,,,reviewed,us,gcmt,2009-10-16,38084,Timor Leste,1
2009-10-17 16:16:45.330000+00:00,-9.153,127.094,53.6,5.11,mw,14.0,88.9,,0.94,us,usp000h33r,2014-11-07T01:39:56.744Z,"70 km S of Lospalos, Timor Leste",earthquake,,16.6,,1.0,reviewed,us,us,2009-10-17,38036,Timor Leste,1
2009-10-18 17:21:58.620000+00:00,-7.542,126.039,30.4,5.0,mwc,78.0,38.2,,1.08,us,usp000h352,2016-11-10T02:19:16.325Z,"107 km N of Manatutu, Timor Leste",earthquake,,,,,reviewed,us,gcmt,2009-10-18,38071,Timor Leste,1
2009-10-19 22:18:16.480000+00:00,-6.864,123.978,605.2,5.4,mwc,248.0,23.8,,0.83,us,usp000h368,2025-12-22T15:41:27.417Z,"236 km NW of Maubara, Timor Leste",earthquake,,,,,reviewed,us,gcmt,2009-10-19,38005,Timor Leste,1
2009-10-28 04:32:15.250000+00:00,-7.204,129.28,161.3,5.11,mw,31.0,60.0,,0.95,us,usp000h3gd,2014-11-07T01:39:58.906Z,"290 km ENE of Lospalos, Timor Leste",earthquake,,6.7,,12.0,reviewed,us,us,2009-10-28,38025,Timor Leste,1
2009-10-30 00:02:25.950000+00:00,-7.449,126.629,354.9,4.94,mw,28.0,56.0,,0.81,us,usp000h3je,2014-11-07T01:39:59.731Z,"115 km N of Baukau, Timor Leste",earthquake,,3.6,,18.0,reviewed,us,us,2009-10-30,38083,Timor Leste,1
2009-11-07 10:42:50.670000+00:00,-7.502,124.255,337.1,4.94,mw,51.0,80.1,,1.06,us,usp000h3u4,2014-11-07T01:40:05.042Z,"161 km NW of Maubara, Timor Leste",earthquake,,8.7,,13.0,reviewed,us,us,2009-11-07,38078,Timor Leste,1
2009-11-18 12:21:40.920000+00:00,-8.068,124.824,10.0,5.03,mw,32.0,80.2,,1.22,us,usp000h45y,2014-11-07T01:40:07.432Z,"73 km NW of Maubara, Timor Leste",earthquake,,0.0,,9.0,reviewed,us,us,2009-11-18,38066,Timor Leste,1
2009-12-16 22:51:55.540000+00:00,-8.539,128.173,35.0,4.6,mw,28.0,127.5,,0.79,us,usp000h53y,2014-11-07T01:40:16.972Z,"129 km E of Lospalos, Timor Leste",earthquake,,,,3.0,reviewed,us,us,2009-12-16,38149,Timor Leste,1
2009-12-18 05:30:16.370000+00:00,-6.682,127.743,403.1,4.68,mw,32.0,91.3,,0.87,us,usp000h553,2014-11-07T01:40:17.273Z,"219 km NNE of Lospalos, Timor Leste",earthquake,,12.2,,11.0,reviewed,us,us,2009-12-18,38125,Timor Leste,1
2009-12-23 05:42:01.810000+00:00,-6.813,125.676,527.7,5.7,mwc,128.0,39.6,,0.81,us,usp000h59k,2022-05-02T21:30:47.946Z,"190 km N of Metinaro, Timor Leste",earthquake,,4.6,,,reviewed,us,gcmt,2009-12-23,38003,Timor Leste,1
2009-12-30 05:40:01.440000+00:00,-8.306,126.892,35.0,5.37,mw,35.0,91.1,,1.11,us,usp000h5g6,2014-11-07T01:40:19.462Z,"26 km NNW of Lospalos, Timor Leste",earthquake,,,,10.0,reviewed,us,us,2009-12-30,38017,Timor Leste,1
2010-01-04 22:49:00.100000+00:00,-9.32,125.021,35.0,4.85,mw,15.0,137.0,,0.97,us,usp000h5r0,2014-11-07T01:40:25.045Z,"25 km W of Suai, Timor Leste",earthquake,,,,4.0,reviewed,us,us,2010-01-04,38106,Timor Leste,1
2010-01-05 10:54:20.350000+00:00,-8.45,124.85,35.0,4.85,mw,20.0,103.6,,1.03,us,usp000h5rj,2014-11-07T01:40:25.233Z,"43 km WNW of Maubara, Timor Leste",earthquake,,,,5.0,reviewed,us,us,2010-01-05,38103,Timor Leste,1
2010-01-24 05:38:26.830000+00:00,-8.205,129.029,19.0,5.5,mwc,169.0,25.3,,0.93,us,usp000h6j3,2022-05-02T21:35:37.553Z,"226 km E of Lospalos, Timor Leste",earthquake,,,,,reviewed,us,gcmt,2010-01-24,38004,Timor Leste,1
2010-01-27 19:00:33.080000+00:00,-7.156,125.031,530.7,5.37,mw,262.0,36.5,,0.84,us,usp000h6pn,2014-11-07T01:40:34.724Z,"161 km NNW of Likisá, Timor Leste",earthquake,,2.3,,63.0,reviewed,us,us,2010-01-27,38015,Timor Leste,1
2010-02-15 21:51:47.790000+00:00,-7.217,128.723,126.0,6.2,mwc,415.0,28.9,,0.87,us,usp000h7bg,2022-07-16T02:38:40.017Z,"238 km NE of Lospalos, Timor Leste",earthquake,,,,,reviewed,us,us,2010-02-15,37994,Timor Leste,1
2010-02-18 00:10:27.620000+00:00,-8.179,123.915,172.9,4.6,mw,15.0,96.2,,0.79,us,usp000h7dj,2014-11-07T01:40:43.205Z,"124 km NNW of Pante Makasar, Timor Leste",earthquake,,10.4,,2.0,reviewed,us,us,2010-02-18,38128,Timor Leste,1
2010-03-11 21:09:09.060000+00:00,-7.439,128.146,178.3,5.37,mw,136.0,28.0,,1.39,us,usp000h962,2014-11-07T01:40:58.817Z,"174 km NE of Lospalos, Timor Leste",earthquake,,4.7,,52.0,reviewed,us,us,2010-03-11,38006,Timor Leste,1
2010-03-22 06:30:51.960000+00:00,-7.794,125.946,35.0,4.85,mw,21.0,65.2,,1.12,us,usp000h9ue,2014-11-07T01:41:04.295Z,"79 km N of Manatutu, Timor Leste",earthquake,,,,1.0,reviewed,us,us,2010-03-22,38287,Timor Leste,1
2010-03-25 15:13:20.100000+00:00,-7.289,128.46,165.3,5.4,mwb,314.0,20.0,,1.09,us,usp000h9yy,2025-12-22T15:45:39.701Z,"211 km NE of Lospalos, Timor Leste",earthquake,,,,,reviewed,us,us,2010-03-25,38163,Timor Leste,1
2010-04-02 02:42:07.510000+00:00,-7.633,127.485,176.6,5.4,mwc,206.0,23.2,,0.81,us,usp000ha7t,2025-12-22T15:46:51.574Z,"111 km NNE of Lospalos, Timor Leste",earthquake,,3.3,,,reviewed,us,gcmt,2010-04-02,38171,Timor Leste,1
2010-04-12 09:48:41.420000+00:00,-8.85,124.065,107.7,5.28,mw,65.0,70.6,,1.07,us,usp000hb8j,2014-11-07T01:41:15.565Z,"52 km NW of Pante Makasar, Timor Leste",earthquake,,4.8,,16.0,reviewed,us,us,2010-04-12,38194,Timor Leste,1
2010-04-18 15:15:43.330000+00:00,-8.296,124.645,10.0,4.94,mw,12.0,140.6,,1.41,us,usp000hbm9,2014-11-07T01:41:17.448Z,"70 km WNW of Maubara, Timor Leste",earthquake,,0.0,,1.0,reviewed,us,us,2010-04-18,38251,Timor Leste,1
2010-04-25 23:23:25.560000+00:00,-7.079,128.896,26.4,4.94,mw,33.0,59.4,,1.02,us,usp000hbwp,2014-11-07T01:41:19.302Z,"263 km NE of Lospalos, Timor Leste",earthquake,,14.9,,12.0,reviewed,us,us,2010-04-25,38246,Timor Leste,1
2010-05-09 02:02:37.970000+00:00,-8.169,128.936,37.1,5.4,mwc,252.0,26.4,,0.75,us,usp000hcha,2022-05-02T21:55:11.021Z,"216 km E of Lospalos, Timor Leste",earthquake,,3.7,,,reviewed,us,gcmt,2010-05-09,38181,Timor Leste,1
2010-05-10 09:53:39.010000+00:00,-8.584,128.844,35.0,4.68,mw,27.0,86.0,,1.34,us,usp000hck4,2014-11-07T01:41:28.551Z,"203 km E of Lospalos, Timor Leste",earthquake,,,,4.0,reviewed,us,us,2010-05-10,38327,Timor Leste,1
2010-05-19 12:42:09.680000+00:00,-6.532,128.273,306.2,5.28,mw,151.0,22.0,,0.92,us,usp000hcxz,2014-11-07T01:41:30.496Z,"261 km NNE of Lospalos, Timor Leste",earthquake,,,,58.0,reviewed,us,us,2010-05-19,38187,Timor Leste,1
2010-06-16 21:04:43.230000+00:00,-8.702,129.574,41.2,5.03,mw,30.0,75.6,,1.16,us,usp000he5t,2014-11-07T01:41:42.140Z,"284 km E of Lospalos, Timor Leste",earthquake,,13.2,,14.0,reviewed,us,us,2010-06-16,38218,Timor Leste,1
2010-06-21 05:04:45.600000+00:00,-9.23,125.216,10.0,4.85,mw,16.0,156.0,,1.47,us,usp000hebd,2014-11-07T01:41:43.393Z,"10 km NNW of Suai, Timor Leste",earthquake,,,,1.0,reviewed,us,us,2010-06-21,38261,Timor Leste,1
2010-07-01 12:50:26.500000+00:00,-8.405,123.503,35.0,4.68,mw,13.0,91.5,,1.4,us,usp000hes8,2014-11-07T01:41:48.533Z,"130 km NW of Pante Makasar, Timor Leste",earthquake,,,,2.0,reviewed,us,us,2010-07-01,38306,Timor Leste,1
2010-07-02 20:39:36.240000+00:00,-9.108,125.652,10.0,4.77,mw,7.0,145.0,,0.7,us,usp000heu9,2014-11-07T01:41:49.820Z,"11 km S of Same, Timor Leste",earthquake,,,,1.0,reviewed,us,us,2010-07-02,38288,Timor Leste,1
2010-07-20 10:49:28.220000+00:00,-8.361,125.417,12.5,4.85,mw,45.0,55.0,,1.22,us,usp000hg51,2022-07-18T16:47:26.987Z,"26 km NNE of Likisá, Timor Leste",earthquake,,19.5,,10.0,reviewed,us,us,2010-07-20,38262,Timor Leste,1
2010-07-27 16:54:12.830000+00:00,-7.318,126.393,377.7,5.5,mwc,86.0,31.3,,0.86,us,usp000hgx5,2022-05-02T22:05:41.831Z,"128 km N of Baukau, Timor Leste",earthquake,,3.7,,,reviewed,us,gcmt,2010-07-27,38160,Timor Leste,1
2010-07-28 18:51:23.710000+00:00,-7.672,124.311,401.0,5.11,mw,56.0,44.2,,0.83,us,usp000hh1k,2014-11-07T01:42:04.050Z,"143 km NW of Maubara, Timor Leste",earthquake,,,,23.0,reviewed,us,us,2010-07-28,38209,Timor Leste,1
2010-08-15 08:04:34.320000+00:00,-6.613,126.803,458.3,5.2,mw,59.0,27.7,,0.87,us,usp000hj7x,2014-11-07T01:42:14.943Z,"209 km N of Baukau, Timor Leste",earthquake,,4.5,,16.0,reviewed,us,us,2010-08-15,38208,Timor Leste,1
2010-09-05 09:32:29.500000+00:00,-8.828,127.602,35.0,4.43,mw,15.0,50.2,,1.48,us,usp000hk9b,2014-11-07T01:42:24.146Z,"74 km ESE of Lospalos, Timor Leste",earthquake,,,,2.0,reviewed,us,us,2010-09-05,38339,Timor Leste,1
2010-09-10 07:13:00.380000+00:00,-7.719,129.188,89.7,4.68,mw,9.0,125.4,,1.48,us,usp000hkh7,2014-11-07T01:42:25.942Z,"257 km ENE of Lospalos, Timor Leste",earthquake,,16.6,,2.0,reviewed,us,us,2010-09-10,38332,Timor Leste,1
2010-09-10 14:33:47.740000+00:00,-8.081,123.859,20.0,4.51,mw,14.0,135.0,,1.3,us,usp000hkhr,2014-11-07T01:42:25.991Z,"136 km NNW of Pante Makasar, Timor Leste",earthquake,,0.0,,1.0,reviewed,us,us,2010-09-10,38335,Timor Leste,1
2010-09-13 11:48:53.850000+00:00,-9.158,126.356,10.0,4.85,mw,31.0,47.2,,0.94,us,usp000hkny,2014-11-07T01:42:27.425Z,"33 km S of Viqueque, Timor Leste",earthquake,,,,8.0,reviewed,us,us,2010-09-13,38280,Timor Leste,1
2010-09-17 13:31:34.090000+00:00,-7.382,129.089,111.7,4.68,mw,16.0,85.1,,1.18,us,usp000hkut,2014-11-07T01:42:28.640Z,"262 km ENE of Lospalos, Timor Leste",earthquake,,10.3,,2.0,reviewed,us,us,2010-09-17,38332,Timor Leste,1
2010-10-02 11:29:05.460000+00:00,-6.559,128.751,239.6,5.5,mwb,148.0,23.8,,0.92,us,usp000hmg5,2022-07-18T21:16:13.850Z,"290 km NE of Lospalos, Timor Leste",earthquake,,4.0,,,reviewed,us,us,2010-10-02,38386,Timor Leste,1
2010-10-16 15:44:30.290000+00:00,-7.366,125.699,7.0,5.9,mwb,242.0,32.7,,1.01,us,usp000hn60,2022-05-02T22:22:33.488Z,"128 km N of Metinaro, Timor Leste",earthquake,,,,,reviewed,us,us,2010-10-16,38368,Timor Leste,1
2010-10-26 11:19:44.450000+00:00,-7.576,128.403,191.5,5.03,mw,55.0,39.1,,1.14,us,usp000hnm8,2014-11-07T01:42:45.904Z,"186 km NE of Lospalos, Timor Leste",earthquake,,6.7,,23.0,reviewed,us,us,2010-10-26,38400,Timor Leste,1
2010-11-03 05:11:33.750000+00:00,-7.601,126.532,36.0,5.0,mwc,58.0,45.5,,1.29,us,usp000hnyj,2022-05-02T22:23:36.414Z,"97 km N of Baukau, Timor Leste",earthquake,,8.1,,,reviewed,us,gcmt,2010-11-03,38422,Timor Leste,1
2010-11-06 03:45:35.760000+00:00,-7.147,129.312,99.5,4.51,mw,10.0,94.7,,1.43,us,usp000hp6g,2014-11-07T01:42:52.739Z,"297 km ENE of Lospalos, Timor Leste",earthquake,,22.8,,1.0,reviewed,us,us,2010-11-06,38472,Timor Leste,1
2010-11-10 20:58:39.060000+00:00,-7.721,124.562,370.6,4.85,mw,42.0,47.6,,0.77,us,usp000hpcv,2014-11-07T01:42:53.747Z,"121 km NW of Maubara, Timor Leste",earthquake,,4.2,,14.0,reviewed,us,us,2010-11-10,38466,Timor Leste,1
2010-11-16 23:22:47.800000+00:00,-9.003,123.955,101.4,5.11,mw,71.0,63.0,,1.39,us,usp000hpsc,2014-11-07T01:42:56.003Z,"51 km WNW of Pante Makasar, Timor Leste",earthquake,,6.4,,29.0,reviewed,us,us,2010-11-16,38393,Timor Leste,1
2010-11-17 00:12:54.970000+00:00,-7.553,127.586,133.0,4.94,mw,36.0,113.5,,0.73,us,usp000hpsd,2014-11-07T01:42:56.013Z,"125 km NNE of Lospalos, Timor Leste",earthquake,,8.7,,17.0,reviewed,us,us,2010-11-17,38428,Timor Leste,1
2010-11-17 15:53:31.650000+00:00,-7.797,129.446,23.0,5.9,mwc,222.0,36.8,,1.01,us,usp000hpt2,2022-05-02T22:40:41.869Z,"281 km ENE of Lospalos, Timor Leste",earthquake,,,,,reviewed,us,us,2010-11-17,38378,Timor Leste,1
2010-12-06 01:55:38.300000+00:00,-8.912,127.081,22.6,5.1,mwc,92.0,47.6,,1.23,us,usp000hqjt,2022-05-02T22:28:17.251Z,"44 km SSE of Lospalos, Timor Leste",earthquake,,14.1,,,reviewed,us,gcmt,2010-12-06,38400,Timor Leste,1
2010-12-09 04:04:06.540000+00:00,-7.148,125.124,537.5,5.28,mw,149.0,35.1,,1.01,us,usp000hqq9,2014-11-07T01:43:05.795Z,"161 km N of Likisá, Timor Leste",earthquake,,3.5,,64.0,reviewed,us,us,2010-12-09,38389,Timor Leste,1
2010-12-15 11:29:30.840000+00:00,-7.268,128.786,134.9,6.0,mwc,364.0,15.4,,0.92,us,usp000hqyf,2022-05-02T22:29:27.181Z,"241 km NE of Lospalos, Timor Leste",earthquake,,3.3,,,reviewed,us,gcmt,2010-12-15,38354,Timor Leste,1
2011-01-18 11:15:09.170000+00:00,-7.976,124.11,207.1,5.11,mw,36.0,69.3,,1.05,us,usp000htak,2014-11-07T01:43:27.407Z,"138 km NNW of Pante Makasar, Timor Leste",earthquake,,6.4,,7.0,reviewed,us,us,2011-01-18,38399,Timor Leste,1
2011-01-22 15:18:49.970000+00:00,-8.263,128.059,38.9,5.03,mw,57.0,46.8,,1.13,us,usp000htgn,2014-11-07T01:43:28.595Z,"120 km ENE of Lospalos, Timor Leste",earthquake,,8.0,,14.0,reviewed,us,us,2011-01-22,38419,Timor Leste,1
2011-01-28 21:33:41.050000+00:00,-6.471,128.04,328.8,4.85,mw,75.0,29.1,,0.75,us,usp000htsd,2014-11-07T01:43:30.819Z,"254 km NNE of Lospalos, Timor Leste",earthquake,,3.8,,27.0,reviewed,us,us,2011-01-28,38462,Timor Leste,1
2011-02-18 04:39:24.670000+00:00,-8.826,127.549,35.0,4.51,mw,13.0,141.5,,1.34,us,usp000hupb,2014-11-07T01:43:41.012Z,"69 km ESE of Lospalos, Timor Leste",earthquake,,,,2.0,reviewed,us,us,2011-02-18,38493,Timor Leste,1
2011-03-22 19:40:44.510000+00:00,-7.606,127.635,149.8,5.0,mwc,130.0,22.6,,1.03,us,usp000hyam,2025-12-22T16:00:39.376Z,"123 km NE of Lospalos, Timor Leste",earthquake,,4.9,,,reviewed,us,gcmt,2011-03-22,38634,Timor Leste,1
2011-03-24 18:21:35.970000+00:00,-6.893,129.009,50.4,4.77,mw,10.0,182.1,,1.38,us,usp000hygm,2014-11-07T01:44:19.290Z,"285 km NE of Lospalos, Timor Leste",earthquake,,39.4,,1.0,reviewed,us,us,2011-03-24,38677,Timor Leste,1
2011-04-16 21:57:30.750000+00:00,-6.999,128.18,35.0,4.51,mw,9.0,181.1,,0.59,us,usp000j03a,2014-11-07T01:44:34.428Z,"212 km NE of Lospalos, Timor Leste",earthquake,,,,1.0,reviewed,us,us,2011-04-16,38686,Timor Leste,1
2011-04-26 21:43:47.550000+00:00,-8.81,125.659,9.8,5.3,mwc,323.0,31.3,,1.1,us,usp000j0nc,2022-07-19T13:43:04.986Z,"13 km SE of Aileu, Timor Leste",earthquake,,11.9,,,reviewed,us,gcmt,2011-04-26,38550,Timor Leste,1
2011-05-14 01:42:16.050000+00:00,-8.127,123.671,44.8,5.0,mwc,102.0,40.0,,1.29,us,usp000j1jt,2022-04-08T21:48:33.562Z,"142 km NNW of Pante Makasar, Timor Leste",earthquake,,6.2,,,reviewed,us,gcmt,2011-05-14,38641,Timor Leste,1
2011-05-30 17:55:02.650000+00:00,-7.164,129.279,168.8,5.2,mw,53.0,49.0,,1.02,us,usp000j2ey,2014-11-07T01:44:56.402Z,"292 km ENE of Lospalos, Timor Leste",earthquake,,6.9,,23.0,reviewed,us,us,2011-05-30,38594,Timor Leste,1
2011-06-22 01:59:15.240000+00:00,-9.374,125.51,40.3,4.6,mw,29.0,59.8,,1.19,us,usp000j3j3,2014-11-07T01:45:08.886Z,"28 km ESE of Suai, Timor Leste",earthquake,,8.5,,5.0,reviewed,us,us,2011-06-22,38686,Timor Leste,1
2011-06-26 23:27:46.910000+00:00,-7.627,125.26,364.5,4.85,mw,16.0,87.2,,0.5,us,usp000j3tk,2014-11-07T01:45:10.887Z,"106 km N of Likisá, Timor Leste",earthquake,,6.2,,6.0,reviewed,us,us,2011-06-26,38649,Timor Leste,1
2011-07-08 01:24:35.480000+00:00,-8.827,127.06,15.2,4.77,mw,14.0,109.3,,0.96,us,usp000j4by,2014-11-07T01:45:18.352Z,"34 km SSE of Lospalos, Timor Leste",earthquake,,35.4,,2.0,reviewed,us,us,2011-07-08,38678,Timor Leste,1
2011-07-09 13:57:20.490000+00:00,-7.313,128.871,130.0,5.2,mw,67.0,40.3,,1.19,us,usp000j4ex,2014-11-07T01:45:19.113Z,"245 km ENE of Lospalos, Timor Leste",earthquake,,6.7,,29.0,reviewed,us,us,2011-07-09,38617,Timor Leste,1
2011-07-16 17:06:39.030000+00:00,-7.089,127.585,249.0,5.9,mww,395.0,23.1,,1.01,us,usp000j51b,2022-04-08T21:54:56.944Z,"171 km NNE of Lospalos, Timor Leste",earthquake,,,,,reviewed,us,us,2011-07-16,38527,Timor Leste,1
2011-07-24 00:09:11.700000+00:00,-9.261,128.093,10.0,4.85,mw,14.0,110.7,,0.89,us,usp000j5d5,2014-11-07T01:45:25.607Z,"145 km SE of Lospalos, Timor Leste",earthquake,,,,8.0,reviewed,us,us,2011-07-24,38675,Timor Leste,1
2011-08-19 13:09:25.990000+00:00,-7.535,126.522,252.7,5.03,mw,40.0,30.1,,1.28,us,usp000j6pa,2014-11-07T01:45:38.371Z,"104 km N of Baukau, Timor Leste",earthquake,,8.6,,15.0,reviewed,us,us,2011-08-19,38633,Timor Leste,1
2011-08-21 15:28:11.770000+00:00,-7.868,128.581,70.9,5.03,mw,12.0,77.3,,1.51,us,usp000j6tt,2014-11-07T01:45:40.573Z,"188 km ENE of Lospalos, Timor Leste",earthquake,,16.8,,2.0,reviewed,us,us,2011-08-21,38621,Timor Leste,1
2011-08-22 14:55:33.070000+00:00,-7.447,128.114,170.8,5.2,mw,151.0,37.4,,0.86,us,usp000j6vc,2014-11-07T01:45:41.129Z,"171 km NE of Lospalos, Timor Leste",earthquake,,,,50.0,reviewed,us,us,2011-08-22,38578,Timor Leste,1
2011-08-30 06:57:41.610000+00:00,-6.362,126.752,469.8,6.9,mww,468.0,19.4,,0.9,us,usp000j78h,2022-04-08T22:00:36.416Z,"236 km N of Baukau, Timor Leste",earthquake,,2.9,,,reviewed,us,us,2011-08-30,38525,Timor Leste,1
2011-08-30 20:17:34.220000+00:00,-6.978,125.104,520.6,5.2,mw,117.0,40.0,,0.85,us,usp000j79d,2014-11-07T01:45:44.911Z,"179 km N of Likisá, Timor Leste",earthquake,,3.9,,76.0,reviewed,us,us,2011-08-30,38560,Timor Leste,1
2011-10-06 07:34:50.020000+00:00,-9.259,128.268,45.5,4.43,mw,26.0,49.2,,1.39,us,usp000j8zx,2014-11-07T01:46:04.430Z,"161 km ESE of Lospalos, Timor Leste",earthquake,,12.0,,6.0,reviewed,us,us,2011-10-06,38862,Timor Leste,1
2011-10-06 21:52:36.080000+00:00,-7.652,129.549,89.7,5.03,mw,72.0,33.6,,1.32,us,usp000j90w,2014-11-07T01:46:04.768Z,"297 km ENE of Lospalos, Timor Leste",earthquake,,6.1,,23.0,reviewed,us,us,2011-10-06,38774,Timor Leste,1
2011-10-08 04:26:56.360000+00:00,-8.095,123.521,40.6,4.77,mw,25.0,95.3,,0.9,us,usp000j92v,2014-11-07T01:46:05.124Z,"154 km NW of Pante Makasar, Timor Leste",earthquake,,10.1,,12.0,reviewed,us,us,2011-10-08,38813,Timor Leste,1
2011-11-01 23:21:19.660000+00:00,-7.103,129.124,172.8,5.45,mw,118.0,35.2,,0.99,us,usp000ja7g,2014-11-07T01:46:16.209Z,"282 km NE of Lospalos, Timor Leste",earthquake,,5.0,,62.0,reviewed,us,us,2011-11-01,38723,Timor Leste,1
2011-11-06 00:46:26.680000+00:00,-8.355,127.988,23.8,4.9,mwc,83.0,37.8,,1.47,us,usp000jadf,2014-11-07T01:46:18.162Z,"110 km E of Lospalos, Timor Leste",earthquake,,13.1,,,reviewed,us,gcmt,2011-11-06,38776,Timor Leste,1
2011-11-09 11:23:26.650000+00:00,-6.822,126.832,446.6,5.11,mw,32.0,59.6,,0.72,us,usp000jamd,2014-11-07T01:46:19.584Z,"187 km NNE of Baukau, Timor Leste",earthquake,,6.2,,11.0,reviewed,us,us,2011-11-09,38754,Timor Leste,1
2011-11-15 03:39:24.890000+00:00,-9.097,127.105,39.9,4.85,mw,25.0,60.1,,0.76,us,usp000jaw8,2014-11-07T01:46:21.257Z,"64 km S of Lospalos, Timor Leste",earthquake,,16.1,,8.0,reviewed,us,us,2011-11-15,38796,Timor Leste,1
2011-11-15 07:56:02.230000+00:00,-7.482,127.849,166.0,5.5,mww,464.0,22.1,,0.86,us,usp000jawe,2022-04-08T22:21:04.797Z,"148 km NE of Lospalos, Timor Leste",earthquake,,,,,reviewed,us,us,2011-11-15,38723,Timor Leste,1
2011-11-26 12:53:19.330000+00:00,-8.633,124.924,56.4,4.68,mw,31.0,59.6,,0.9,us,usp000jbe3,2014-11-07T01:46:24.911Z,"31 km W of Maubara, Timor Leste",earthquake,,6.6,,2.0,reviewed,us,us,2011-11-26,38840,Timor Leste,1
2011-11-26 22:53:52.170000+00:00,-6.903,128.516,12.4,4.77,mw,14.0,100.1,,0.61,us,usp000jbet,2014-11-07T01:46:24.981Z,"245 km NE of Lospalos, Timor Leste",earthquake,,24.1,,6.0,reviewed,us,us,2011-11-26,38805,Timor Leste,1
2011-11-28 14:58:54.790000+00:00,-7.82,128.376,87.5,4.85,mw,19.0,116.0,,1.05,us,usp000jbja,2014-11-07T01:46:25.550Z,"170 km ENE of Lospalos, Timor Leste",earthquake,,10.1,,2.0,reviewed,us,us,2011-11-28,38804,Timor Leste,1
2011-12-15 13:57:03.530000+00:00,-7.14,127.291,305.1,5.03,mw,53.0,39.4,,0.82,us,usp000jc7v,2014-11-07T01:46:34.593Z,"156 km NNE of Lospalos, Timor Leste",earthquake,,4.1,,10.0,reviewed,us,us,2011-12-15,38774,Timor Leste,1
2011-12-18 22:28:30.350000+00:00,-8.355,128.59,35.0,5.11,mw,57.0,72.3,,1.15,us,usp000jccr,2014-11-07T01:46:35.535Z,"176 km E of Lospalos, Timor Leste",earthquake,,,,30.0,reviewed,us,us,2011-12-18,38749,Timor Leste,1
2011-12-26 08:02:58.420000+00:00,-8.793,124.226,95.7,5.11,mw,57.0,46.4,,1.3,us,usp000jcnf,2014-11-07T01:46:37.638Z,"48 km NNW of Pante Makasar, Timor Leste",earthquake,,6.3,,23.0,reviewed,us,us,2011-12-26,38757,Timor Leste,1
2011-12-27 23:22:06.560000+00:00,-6.692,127.331,405.3,5.03,mw,54.0,43.2,,0.76,us,usp000jcqx,2014-11-07T01:46:38.164Z,"205 km N of Lospalos, Timor Leste",earthquake,,4.3,,35.0,reviewed,us,us,2011-12-27,38763,Timor Leste,1
2012-01-04 15:35:51.030000+00:00,-7.354,128.737,148.4,5.45,mw,175.0,28.3,,0.98,us,usp000jd19,2025-12-22T16:10:58.642Z,"231 km NE of Lospalos, Timor Leste",earthquake,,4.7,,87.0,reviewed,us,us,2012-01-04,38725,Timor Leste,1
2012-01-05 02:24:10.590000+00:00,-7.453,128.284,132.0,4.6,mw,32.0,69.9,,0.95,us,usp000jd2a,2014-11-07T01:46:43.616Z,"184 km NE of Lospalos, Timor Leste",earthquake,,13.1,,6.0,reviewed,us,us,2012-01-05,38847,Timor Leste,1
2012-01-11 00:20:22.510000+00:00,-8.15,125.629,52.9,5.11,mw,78.0,24.9,,1.09,us,usp000jdb6,2014-11-07T01:46:46.116Z,"43 km NNW of Metinaro, Timor Leste",earthquake,,6.6,,26.0,reviewed,us,us,2012-01-11,38763,Timor Leste,1
2012-01-31 15:46:18.100000+00:00,-9.357,125.447,13.2,4.68,mw,14.0,156.5,,0.64,us,usp000je7f,2014-11-07T01:46:52.307Z,"21 km ESE of Suai, Timor Leste",earthquake,,48.7,,2.0,reviewed,us,us,2012-01-31,38820,Timor Leste,1
2012-02-07 15:37:41.660000+00:00,-7.003,126.499,415.5,4.85,mw,60.0,43.7,,0.77,us,usp000jen5,2014-11-07T01:46:58.995Z,"162 km N of Baukau, Timor Leste",earthquake,,4.3,,25.0,reviewed,us,us,2012-02-07,38793,Timor Leste,1
2012-02-22 17:12:14.730000+00:00,-9.553,125.164,25.1,4.68,mw,37.0,105.3,,1.17,us,usp000jf7z,2014-11-07T01:47:03.414Z,"28 km SSW of Suai, Timor Leste",earthquake,,13.7,,8.0,reviewed,us,us,2012-02-22,38814,Timor Leste,1
2012-03-15 10:28:57.570000+00:00,-7.377,126.707,325.2,4.94,mw,65.0,54.1,,0.73,us,usp000jg9s,2014-11-07T01:47:15.124Z,"124 km NNE of Baukau, Timor Leste",earthquake,,3.9,,19.0,reviewed,us,us,2012-03-15,38957,Timor Leste,1
2012-03-21 18:54:48.640000+00:00,-7.76,127.249,160.5,5.2,mw,110.0,27.5,,1.08,us,usp000jgkw,2014-11-07T01:47:17.682Z,"88 km NNE of Lospalos, Timor Leste",earthquake,,4.7,,40.0,reviewed,us,us,2012-03-21,38923,Timor Leste,1
2012-04-03 11:26:59.610000+00:00,-7.035,125.367,472.8,5.28,mw,243.0,38.6,,0.85,us,usp000jh6g,2014-11-07T01:47:25.623Z,"170 km N of Dili, Timor Leste",earthquake,,3.3,,90.0,reviewed,us,us,2012-04-03,38903,Timor Leste,1
2012-04-12 05:34:57.320000+00:00,-7.604,129.499,65.1,5.03,mw,21.0,85.7,,0.91,us,usp000jhqv,2014-11-07T01:47:29.841Z,"293 km ENE of Lospalos, Timor Leste",earthquake,,11.8,,6.0,reviewed,us,us,2012-04-12,38951,Timor Leste,1
2012-04-23 14:54:54.620000+00:00,-7.22,129.226,127.6,5.2,mwb,178.0,37.7,,0.96,us,usp000jjfg,2025-12-22T16:25:50.461Z,"284 km ENE of Lospalos, Timor Leste",earthquake,,4.9,,,reviewed,us,us,2012-04-23,38912,Timor Leste,1
2012-05-05 00:04:15.240000+00:00,-6.364,124.966,560.5,4.6,mw,31.0,72.0,,0.49,us,usp000jk0j,2014-11-07T01:47:44.384Z,"249 km N of Likisá, Timor Leste",earthquake,,4.3,,17.0,reviewed,us,us,2012-05-05,39052,Timor Leste,1
2012-05-11 18:27:41.680000+00:00,-10.582,128.104,116.2,4.85,mw,14.0,135.9,,0.85,us,usp000jkag,2014-11-07T01:47:46.733Z,"258 km SSE of Lospalos, Timor Leste",earthquake,,22.6,,2.0,reviewed,us,us,2012-05-11,39041,Timor Leste,-1
2012-05-21 03:06:15.640000+00:00,-8.762,124.376,103.6,4.51,mw,33.0,67.2,,1.15,us,usp000jkqf,2014-11-07T01:47:50.641Z,"48 km N of Pante Makasar, Timor Leste",earthquake,,7.0,,6.0,reviewed,us,us,2012-05-21,39053,Timor Leste,1
2012-05-23 00:39:28.480000+00:00,-6.69,127.488,415.6,4.85,mw,105.0,23.1,,0.65,us,usp000jkt4,2014-11-07T01:47:51.513Z,"209 km NNE of Lospalos, Timor Leste",earthquake,,3.2,,33.0,reviewed,us,us,2012-05-23,39026,Timor Leste,1
2012-05-27 14:32:19.940000+00:00,-7.597,128.244,159.1,4.85,mw,50.0,38.4,,1.21,us,usp000jm04,2014-11-07T01:47:53.964Z,"171 km NE of Lospalos, Timor Leste",earthquake,,8.3,,13.0,reviewed,us,us,2012-05-27,39007,Timor Leste,1
2012-06-07 02:33:44.080000+00:00,-7.641,127.74,173.8,4.85,mw,38.0,58.8,,0.97,us,usp000jmez,2014-11-07T01:48:01.535Z,"127 km NE of Lospalos, Timor Leste",earthquake,,7.5,,10.0,reviewed,us,us,2012-06-07,39008,Timor Leste,1
2012-07-16 20:20:43.830000+00:00,-7.812,125.976,35.0,4.77,mw,18.0,126.7,,1.18,us,usp000jp2v,2014-11-07T01:48:20.512Z,"77 km N of Manatutu, Timor Leste",earthquake,,,,1.0,reviewed,us,us,2012-07-16,39042,Timor Leste,1
2012-07-17 16:56:47.650000+00:00,-7.323,128.673,196.3,5.11,mw,108.0,29.4,,0.88,us,usp000jp48,2025-12-22T16:31:02.021Z,"227 km NE of Lospalos, Timor Leste",earthquake,,,,46.0,reviewed,us,us,2012-07-17,38941,Timor Leste,1
2012-07-20 18:14:53.260000+00:00,-8.006,123.682,41.9,5.62,mw,183.0,23.5,,1.01,us,usp000jp7w,2022-05-03T15:44:14.469Z,"152 km NNW of Pante Makasar, Timor Leste",earthquake,,4.3,,97.0,reviewed,us,us,2012-07-20,38884,Timor Leste,1
2012-07-24 13:43:17.440000+00:00,-6.47,126.618,470.1,5.11,mw,111.0,29.4,,0.85,us,usp000jpd8,2014-11-07T01:48:23.404Z,"222 km N of Baukau, Timor Leste",earthquake,,3.2,,56.0,reviewed,us,us,2012-07-24,38935,Timor Leste,1
2012-08-04 19:31:34.950000+00:00,-6.938,126.882,412.1,4.85,mw,94.0,35.0,,0.87,us,usp000jpwm,2014-11-07T01:48:30.806Z,"175 km N of Lospalos, Timor Leste",earthquake,,4.8,,51.0,reviewed,us,us,2012-08-04,39011,Timor Leste,1
2012-08-19 02:34:31.360000+00:00,-8.832,127.08,35.0,4.85,mw,22.0,173.0,,0.68,us,usp000jqg6,2014-11-07T01:48:35.727Z,"35 km SSE of Lospalos, Timor Leste",earthquake,,,,1.0,reviewed,us,us,2012-08-19,39015,Timor Leste,1
2012-08-20 03:10:43.910000+00:00,-7.268,125.823,441.4,5.03,mw,89.0,35.9,,0.77,us,usp000jqhq,2014-11-07T01:48:36.042Z,"139 km N of Manatutu, Timor Leste",earthquake,,3.6,,33.0,reviewed,us,us,2012-08-20,38953,Timor Leste,1
2012-08-24 02:50:02.270000+00:00,-7.833,124.327,35.0,4.6,mw,10.0,145.7,,0.92,us,usp000jqnn,2014-11-07T01:48:36.759Z,"129 km NW of Maubara, Timor Leste",earthquake,,,,1.0,reviewed,us,us,2012-08-24,39046,Timor Leste,1
2012-08-30 19:00:08.440000+00:00,-7.806,128.647,52.5,5.37,mw,38.0,68.1,,0.93,us,usp000jr5q,2014-11-07T01:48:40.049Z,"198 km ENE of Lospalos, Timor Leste",earthquake,,13.7,,8.0,reviewed,us,us,2012-08-30,38890,Timor Leste,1
2012-08-31 20:41:24.450000+00:00,-9.169,124.223,113.7,4.85,mw,18.0,127.6,,1.32,us,usp000jray,2014-11-07T01:48:40.811Z,"17 km W of Pante Makasar, Timor Leste",earthquake,,9.7,,7.0,reviewed,us,us,2012-08-31,38968,Timor Leste,1
2012-09-07 17:59:11.270000+00:00,-7.679,129.069,156.5,4.94,mw,18.0,64.0,,1.58,us,usp000jry5,2014-11-07T01:48:48.604Z,"246 km ENE of Lospalos, Timor Leste",earthquake,,14.5,,8.0,reviewed,us,us,2012-09-07,39117,Timor Leste,1
2012-09-08 04:29:03.650000+00:00,-9.358,125.941,48.7,4.77,mw,41.0,42.9,,1.33,us,usp000jrz1,2014-11-07T01:48:48.791Z,"50 km SE of Same, Timor Leste",earthquake,,8.7,,8.0,reviewed,us,us,2012-09-08,39164,Timor Leste,1
2012-09-22 20:25:36.270000+00:00,-6.95,127.847,296.7,5.03,mw,96.0,23.4,,0.94,us,usp000jsr9,2014-11-07T01:48:53.983Z,"197 km NNE of Lospalos, Timor Leste",earthquake,,4.6,,40.0,reviewed,us,us,2012-09-22,39114,Timor Leste,1
2012-09-29 16:25:41.890000+00:00,-7.057,124.17,592.8,5.11,mw,115.0,29.9,,0.71,us,usp000jt8g,2014-11-07T01:48:56.589Z,"206 km NNW of Maubara, Timor Leste",earthquake,,3.0,,36.0,reviewed,us,us,2012-09-29,39090,Timor Leste,1
2012-10-07 11:34:14.240000+00:00,-7.436,124.931,383.4,4.85,mw,125.0,36.1,,0.84,us,usp000jtpj,2014-11-07T01:49:03.535Z,"134 km NNW of Maubara, Timor Leste",earthquake,,3.3,,36.0,reviewed,us,us,2012-10-07,39134,Timor Leste,1
2012-10-18 04:11:27.940000+00:00,-8.115,124.121,22.6,4.94,mw,23.0,137.7,,1.21,us,usp000ju42,2014-11-07T01:49:06.712Z,"123 km NNW of Pante Makasar, Timor Leste",earthquake,,25.0,,11.0,reviewed,us,us,2012-10-18,39125,Timor Leste,1
2012-10-18 04:14:32.390000+00:00,-8.059,123.671,43.0,5.37,mw,143.0,40.0,,1.12,us,usp000ju43,2014-11-07T01:49:06.715Z,"148 km NNW of Pante Makasar, Timor Leste",earthquake,,5.0,,41.0,reviewed,us,us,2012-10-18,39061,Timor Leste,1
2012-10-23 05:38:27.710000+00:00,-8.992,124.192,98.7,4.77,mw,39.0,76.5,,1.17,us,usp000jubg,2014-11-07T01:49:07.971Z,"31 km NW of Pante Makasar, Timor Leste",earthquake,,6.4,,12.0,reviewed,us,us,2012-10-23,39179,Timor Leste,1
2012-10-31 04:01:29.250000+00:00,-7.361,126.553,317.5,4.94,mw,72.0,28.1,,1.02,us,usp000juu7,2014-11-07T01:49:12.137Z,"123 km N of Baukau, Timor Leste",earthquake,,5.1,,24.0,reviewed,us,us,2012-10-31,39123,Timor Leste,1
2012-11-02 10:19:39.070000+00:00,-7.435,127.938,35.0,5.11,mw,53.0,38.4,,1.19,us,usp000juxn,2014-11-07T01:49:17.203Z,"158 km NE of Lospalos, Timor Leste",earthquake,,,,17.0,reviewed,us,us,2012-11-02,39082,Timor Leste,1
2012-11-03 03:58:29.340000+00:00,-6.331,127.96,360.3,5.03,mw,107.0,19.4,,0.79,us,usp000juyn,2014-11-07T01:49:17.528Z,"264 km NNE of Lospalos, Timor Leste",earthquake,,3.7,,25.0,reviewed,us,us,2012-11-03,39101,Timor Leste,1
2012-11-09 19:19:01.280000+00:00,-7.967,128.167,123.0,4.6,mw,13.0,136.1,,1.61,us,usp000jv9h,2014-11-07T01:49:19.886Z,"142 km ENE of Lospalos, Timor Leste",earthquake,,27.9,,3.0,reviewed,us,us,2012-11-09,39231,Timor Leste,1
2012-11-11 11:45:40.200000+00:00,-6.604,128.915,214.0,4.6,mw,21.0,91.8,,1.14,us,usp000jvct,2014-11-07T01:49:20.697Z,"299 km NE of Lospalos, Timor Leste",earthquake,,9.1,,5.0,reviewed,us,us,2012-11-11,39229,Timor Leste,1
2012-11-20 17:25:57.600000+00:00,-7.64,127.601,160.4,4.94,mw,44.0,50.7,,1.2,us,usp000jvw0,2014-11-07T01:49:24.706Z,"117 km NE of Lospalos, Timor Leste",earthquake,,7.2,,29.0,reviewed,us,us,2012-11-20,39116,Timor Leste,1
2012-11-26 16:33:24.630000+00:00,-7.442,125.791,45.6,5.03,mw,24.0,86.7,,1.1,us,usp000jw3n,2014-11-07T01:49:26.611Z,"120 km N of Metinaro, Timor Leste",earthquake,,16.4,,2.0,reviewed,us,us,2012-11-26,39101,Timor Leste,1
2012-12-20 02:11:20.270000+00:00,-7.392,128.648,155.8,5.03,mw,66.0,38.5,,0.99,us,usp000jx62,2014-11-07T01:49:37.977Z,"220 km NE of Lospalos, Timor Leste",earthquake,,7.5,,24.0,reviewed,us,us,2012-12-20,39106,Timor Leste,1
2013-01-04 04:06:33.350000+00:00,-8.57,128.449,36.3,4.51,mw,29.0,91.4,,0.9,us,usp000jxsz,2014-11-07T01:49:45.759Z,"159 km E of Lospalos, Timor Leste",earthquake,,9.2,,3.0,reviewed,us,us,2013-01-04,39233,Timor Leste,1
2013-01-28 19:33:17.560000+00:00,-7.099,129.24,156.7,5.11,mw,37.0,32.8,,1.47,us,usc000ewur,2014-11-07T01:49:54.188Z,"293 km ENE of Lospalos, Timor Leste",earthquake,,9.1,,6.0,reviewed,us,us,2013-01-28,39075,Timor Leste,1
2013-02-23 11:09:19.270000+00:00,-8.467,127.467,20.0,5.9,mww,267.0,19.3,,0.95,us,usc000fc5f,2022-07-24T18:50:42.105Z,"51 km E of Lospalos, Timor Leste",earthquake,,,,,reviewed,us,us,2013-02-23,39060,Timor Leste,1
2013-02-25 16:13:37.860000+00:00,-7.246,126.928,378.1,4.85,mw,69.0,26.7,,0.83,us,us2013mba5,2014-11-07T01:50:11.851Z,"141 km N of Lospalos, Timor Leste",earthquake,,3.8,,22.0,reviewed,us,us,2013-02-25,39140,Timor Leste,1
2013-02-27 09:55:24.530000+00:00,-6.957,128.232,258.4,4.68,mw,12.0,50.2,,1.06,us,usc000fdwh,2014-11-07T01:50:12.350Z,"220 km NE of Lospalos, Timor Leste",earthquake,,11.6,,3.0,reviewed,us,us,2013-02-27,39203,Timor Leste,1
2013-03-06 11:22:27.090000+00:00,-7.077,125.903,504.3,5.03,mw,18.0,84.8,,0.78,us,usp000jzns,2014-11-07T01:50:18.295Z,"159 km N of Manatutu, Timor Leste",earthquake,,9.6,,8.0,reviewed,us,us,2013-03-06,39298,Timor Leste,1
2013-03-15 22:11:02.950000+00:00,-8.52,127.478,20.5,4.94,mw,63.0,35.8,,1.6,us,usb000flmu,2014-11-07T01:50:20.642Z,"52 km E of Lospalos, Timor Leste",earthquake,,17.9,,24.0,reviewed,us,us,2013-03-15,39300,Timor Leste,1
2013-03-20 16:53:34.520000+00:00,-6.882,127.195,414.7,4.68,mw,27.0,50.9,,0.71,us,us2013mzax,2014-11-07T01:50:22.019Z,"182 km N of Lospalos, Timor Leste",earthquake,,6.1,,13.0,reviewed,us,us,2013-03-20,39379,Timor Leste,1
2013-04-25 15:05:14.320000+00:00,-8.026,129.174,159.7,4.6,mw,14.0,141.0,,1.19,us,us2013pkcj,2014-11-07T01:50:38.753Z,"245 km ENE of Lospalos, Timor Leste",earthquake,,34.9,,4.0,reviewed,us,us,2013-04-25,39400,Timor Leste,1
2013-04-27 16:12:24.510000+00:00,-8.08,127.962,90.9,4.6,mw,19.0,58.0,,1.33,us,usp000k0fd,2014-11-07T01:50:39.106Z,"116 km ENE of Lospalos, Timor Leste",earthquake,,7.9,,8.0,reviewed,us,us,2013-04-27,39388,Timor Leste,1
2013-05-03 12:15:37.780000+00:00,-6.318,127.95,369.8,4.85,mw,84.0,25.0,,0.55,us,usc000gmmz,2014-11-07T01:50:43.959Z,"265 km NNE of Lospalos, Timor Leste",earthquake,,7.8,,54.0,reviewed,us,us,2013-05-03,39328,Timor Leste,1
2013-05-05 20:37:12.940000+00:00,-9.101,125.727,10.0,5.03,mw,43.0,40.5,,1.45,us,usc000gnws,2014-11-07T01:50:44.899Z,"13 km SE of Same, Timor Leste",earthquake,,,,10.0,reviewed,us,us,2013-05-05,39254,Timor Leste,1
2013-05-14 09:18:36.810000+00:00,-7.428,129.382,134.2,4.43,mw,25.0,73.6,,1.52,us,usp000k0pn,2014-11-07T01:50:48.191Z,"289 km ENE of Lospalos, Timor Leste",earthquake,,11.0,,13.0,reviewed,us,us,2013-05-14,39419,Timor Leste,1
2013-05-18 15:35:57.720000+00:00,-9.03,124.074,95.5,5.2,mw,58.0,63.1,,1.41,us,usb000gybt,2014-11-07T01:50:49.881Z,"38 km WNW of Pante Makasar, Timor Leste",earthquake,,6.6,,32.0,reviewed,us,us,2013-05-18,39249,Timor Leste,1
2013-05-31 09:37:46.400000+00:00,-7.51,128.887,158.2,4.77,mw,16.0,83.8,,1.25,us,usp000k11n,2014-11-07T01:50:55.892Z,"236 km ENE of Lospalos, Timor Leste",earthquake,,10.7,,4.0,reviewed,us,us,2013-05-31,39345,Timor Leste,1
2013-06-02 18:14:27.880000+00:00,-7.07,129.277,191.3,4.68,mw,41.0,78.6,,1.32,us,usp000k12k,2014-11-07T01:50:59.775Z,"298 km ENE of Lospalos, Timor Leste",earthquake,,7.6,,31.0,reviewed,us,us,2013-06-02,39366,Timor Leste,1
2013-06-17 16:16:54.710000+00:00,-8.532,127.99,59.6,4.94,mw,40.0,38.1,,1.45,us,usc000hsrz,2014-11-07T01:51:05.474Z,"109 km E of Lospalos, Timor Leste",earthquake,,8.9,,18.0,reviewed,us,us,2013-06-17,39326,Timor Leste,1
2013-06-19 12:40:52.900000+00:00,-8.742,125.426,10.0,4.94,mw,37.0,77.0,,1.29,us,usc000huw0,2014-11-07T01:51:05.968Z,"2 km SSW of Gleno, Timor Leste",earthquake,,2.7,,16.0,reviewed,us,us,2013-06-19,39313,Timor Leste,1
2013-07-06 11:36:26.500000+00:00,-7.024,125.237,497.1,4.85,mw,25.0,48.0,,0.83,us,usb000i7qu,2014-11-07T01:51:13.943Z,"173 km N of Likisá, Timor Leste",earthquake,,13.1,,17.0,reviewed,us,us,2013-07-06,39343,Timor Leste,1
2013-07-10 18:06:51.360000+00:00,-6.785,128.636,283.2,4.77,mw,25.0,74.0,,0.86,us,usp000k1vq,2014-11-07T01:51:15.264Z,"263 km NE of Lospalos, Timor Leste",earthquake,,10.0,,19.0,reviewed,us,us,2013-07-10,39362,Timor Leste,1
2013-07-23 19:35:22.200000+00:00,-7.9,129.574,25.9,5.03,mw,70.0,25.0,,1.21,us,usb000ikxz,2014-11-07T01:51:19.819Z,"292 km ENE of Lospalos, Timor Leste",earthquake,,4.4,,53.0,reviewed,us,us,2013-07-23,39292,Timor Leste,1
2013-08-01 07:25:37.870000+00:00,-7.0226,123.7894,624.32,5.03,mw,,29.0,2.22,0.64,us,usb000it58,2013-09-25T17:45:49.000Z,"235 km NW of Maubara, Timor Leste",earthquake,,2.5,0.051,,reviewed,us,us,2013-08-01,39290,Timor Leste,1
2013-08-13 02:52:16.100000+00:00,-8.1888,126.7203,72.66,4.94,mw,,40.0,2.88,1.21,us,usb000j1wm,2013-10-19T02:41:41.000Z,"43 km NE of Baukau, Timor Leste",earthquake,,3.7,0.119,,reviewed,us,us,2013-08-13,39309,Timor Leste,1
2013-08-15 14:44:42.900000+00:00,-8.2324,123.9014,174.29,4.43,mw,,74.0,1.555,1.35,us,usb000ja9a,2013-10-19T02:41:43.000Z,"119 km NNW of Pante Makasar, Timor Leste",earthquake,,8.8,0.195,,reviewed,us,us,2013-08-15,39402,Timor Leste,1
2013-09-01 11:52:29.930000+00:00,-7.44,128.2209,112.0,6.5,mww,,11.0,3.097,1.12,us,usb000jelf,2022-07-25T21:33:31.917Z,"180 km NE of Lospalos, Timor Leste",earthquake,,1.7,,,reviewed,us,us,2013-09-01,39240,Timor Leste,1
2013-09-04 01:35:18.010000+00:00,-7.7985,128.7891,185.86,4.77,mw,,59.0,2.493,1.05,us,usc000jqwv,2013-11-15T03:20:23.000Z,"212 km ENE of Lospalos, Timor Leste",earthquake,,2.4,0.126,,reviewed,us,us,2013-09-04,39566,Timor Leste,1
2013-09-07 22:30:27.630000+00:00,-6.6983,127.8176,271.63,4.77,mw,,54.0,3.681,0.6,us,usc000jwvn,2013-11-15T03:20:27.000Z,"220 km NNE of Lospalos, Timor Leste",earthquake,,7.6,0.203,,reviewed,us,us,2013-09-07,39564,Timor Leste,1
2013-09-09 17:17:05.800000+00:00,-8.2614,123.8531,180.68,4.6,mw,,87.0,1.539,0.79,us,usc000jwwx,2013-11-15T03:20:30.000Z,"119 km NNW of Pante Makasar, Timor Leste",earthquake,,6.7,0.235,,reviewed,us,us,2013-09-09,39595,Timor Leste,1
2013-10-07 08:05:56.450000+00:00,-8.9885,127.3032,108.21,4.85,mw,,64.0,3.091,1.41,us,usb000k7vf,2013-12-19T02:51:37.000Z,"61 km SSE of Lospalos, Timor Leste",earthquake,,4.5,0.124,,reviewed,us,us,2013-10-07,39541,Timor Leste,1
2013-10-15 17:13:50.640000+00:00,-7.0695,125.756,502.56,4.85,mw,,40.0,3.048,0.86,us,usb000kduc,2013-12-30T23:41:09.000Z,"161 km N of Metinaro, Timor Leste",earthquake,,8.4,0.075,,reviewed,us,us,2013-10-15,39544,Timor Leste,1
2013-11-20 17:07:19.570000+00:00,-6.7306,129.009,183.15,4.94,mw,,140.0,6.242,1.41,us,usb000l6sv,2014-02-11T02:18:52.000Z,"297 km NE of Lospalos, Timor Leste",earthquake,,21.6,0.387,,reviewed,us,us,2013-11-20,39463,Timor Leste,1
2013-11-29 03:28:39.110000+00:00,-8.867,124.1031,85.58,4.6,mw,,117.0,0.897,1.09,us,usb000l7v2,2014-02-12T01:08:36.000Z,"48 km NW of Pante Makasar, Timor Leste",earthquake,,5.0,0.263,,reviewed,us,us,2013-11-29,39595,Timor Leste,1
2013-12-01 01:24:13.520000+00:00,-7.0269,128.3791,9.87,6.4,mww,,11.0,3.046,0.7,us,usb000l8mb,2022-07-26T02:43:33.244Z,"224 km NE of Lospalos, Timor Leste",earthquake,,2.1,,,reviewed,us,us,2013-12-01,39422,Timor Leste,1
2013-12-07 15:26:38.930000+00:00,-9.2582,124.1339,102.51,4.77,mw,,85.0,0.511,1.47,us,usc000lhy2,2014-02-15T01:32:12.000Z,"28 km WSW of Pante Makasar, Timor Leste",earthquake,,7.8,0.154,,reviewed,us,us,2013-12-07,39567,Timor Leste,1
2013-12-16 01:23:59.760000+00:00,-7.3761,128.814,118.36,4.94,mw,,60.0,2.535,0.81,us,usc000llah,2014-02-21T23:00:56.000Z,"236 km ENE of Lospalos, Timor Leste",earthquake,,6.7,0.091,,reviewed,us,us,2013-12-16,39455,Timor Leste,1
2013-12-29 18:22:19.510000+00:00,-7.2164,129.3253,144.96,4.68,mw,,96.0,2.099,1.47,us,usc000m0a1,2014-02-28T08:44:13.000Z,"294 km ENE of Lospalos, Timor Leste",earthquake,,13.8,0.178,,reviewed,us,us,2013-12-29,39581,Timor Leste,1
2014-01-01 11:24:39.050000+00:00,-7.6919,127.9629,180.54,4.6,mw,,74.0,3.317,1.31,us,usb000m2vu,2014-03-07T00:25:54.000Z,"140 km NE of Lospalos, Timor Leste",earthquake,,9.0,0.2,7.0,reviewed,us,us,2014-01-01,39595,Timor Leste,1
2014-01-04 08:43:55.650000+00:00,-6.0918,125.4872,545.62,4.85,mw,,63.0,3.835,0.9,us,usb000m4qp,2014-03-07T00:25:58.000Z,"271 km N of Metinaro, Timor Leste",earthquake,,9.7,0.135,17.0,reviewed,us,us,2014-01-04,39547,Timor Leste,1
2014-01-07 18:03:44.330000+00:00,-6.1998,127.5675,425.98,4.68,mw,,34.0,4.104,1.03,us,usb000m77m,2014-03-07T00:26:01.000Z,"264 km NNE of Lospalos, Timor Leste",earthquake,,11.0,0.099,32.0,reviewed,us,us,2014-01-07,39581,Timor Leste,1
2014-01-15 13:46:25.960000+00:00,-8.2824,128.0184,53.12,4.94,mw,,43.0,3.261,0.83,us,usb000m1gt,2014-03-22T00:05:14.000Z,"115 km ENE of Lospalos, Timor Leste",earthquake,,6.3,0.129,19.0,reviewed,us,us,2014-01-15,39499,Timor Leste,1
2014-01-23 02:36:34.120000+00:00,-7.7702,129.2931,78.63,5.37,mw,,27.0,1.998,0.69,us,usb000m6iq,2022-05-03T16:38:39.362Z,"266 km ENE of Lospalos, Timor Leste",earthquake,,4.7,0.065,76.0,reviewed,us,us,2014-01-23,39427,Timor Leste,1
2014-01-24 04:41:06.580000+00:00,-7.2996,125.2512,367.37,4.43,mw,,127.0,2.626,0.5,us,usb000m75c,2014-03-27T18:15:38.000Z,"142 km N of Likisá, Timor Leste",earthquake,,14.7,0.299,7.0,reviewed,us,us,2014-01-24,39599,Timor Leste,1
2014-01-26 16:26:23.480000+00:00,-7.5702,128.2937,163.51,4.85,mw,,57.0,3.005,0.92,us,usb000m8ed,2014-03-27T18:15:42.000Z,"177 km NE of Lospalos, Timor Leste",earthquake,,6.6,0.115,23.0,reviewed,us,us,2014-01-26,39516,Timor Leste,1
2014-01-27 09:52:28.790000+00:00,-6.8426,125.4245,523.14,4.68,mw,,129.0,3.112,0.74,us,usc000mnx7,2014-03-27T18:15:44.000Z,"189 km N of Metinaro, Timor Leste",earthquake,,12.0,0.202,7.0,reviewed,us,us,2014-01-27,39574,Timor Leste,1
2014-01-30 00:02:39.280000+00:00,-7.0416,126.1974,468.1,4.85,mw,,47.0,3.304,1.04,us,usc000mdbu,2014-04-08T01:43:16.000Z,"161 km N of Baukau, Timor Leste",earthquake,,7.3,0.083,46.0,reviewed,us,us,2014-01-30,39525,Timor Leste,1
2014-02-03 16:24:56.830000+00:00,-7.3508,126.7238,299.18,4.77,mw,,39.0,3.407,0.76,us,usc000mg83,2014-04-08T01:43:25.000Z,"127 km NNE of Baukau, Timor Leste",earthquake,,4.0,0.092,36.0,reviewed,us,us,2014-02-03,39555,Timor Leste,1
2014-02-10 18:06:17.930000+00:00,-8.2076,124.5284,18.6,5.5,mwb,,40.0,1.559,0.94,us,usc000mmb5,2022-05-03T16:41:41.938Z,"87 km WNW of Maubara, Timor Leste",earthquake,,2.4,0.052,35.0,reviewed,us,us,2014-02-10,39425,Timor Leste,1
2014-02-10 19:08:07.650000+00:00,-8.0376,124.9538,35.0,4.6,mw,,114.0,1.836,1.26,us,usc000mxsb,2014-04-22T18:30:12.000Z,"69 km NNW of Maubara, Timor Leste",earthquake,,2.0,0.304,4.0,reviewed,us,us,2014-02-10,39589,Timor Leste,1
2014-02-18 13:48:01.260000+00:00,-6.6497,127.3353,395.76,4.94,mw,,65.0,6.953,0.97,us,usc000msr7,2014-04-30T21:18:25.000Z,"210 km N of Lospalos, Timor Leste",earthquake,,7.4,0.081,45.0,reviewed,us,us,2014-02-18,39510,Timor Leste,1
2014-02-24 06:18:50.520000+00:00,-6.3711,128.5581,286.49,4.85,mw,,53.0,3.155,1.07,us,usc000mx6i,2014-05-07T00:03:09.000Z,"293 km NE of Lospalos, Timor Leste",earthquake,,6.2,0.098,30.0,reviewed,us,us,2014-02-24,39538,Timor Leste,1
2014-02-24 18:59:10.760000+00:00,-7.8071,127.5982,136.91,4.94,mw,,110.0,3.67,0.9,us,usc000n4ts,2014-05-07T00:03:09.000Z,"103 km NE of Lospalos, Timor Leste",earthquake,,10.6,0.547,1.0,reviewed,us,us,2014-02-24,39508,Timor Leste,1
2014-02-24 20:08:36.160000+00:00,-8.1259,125.3535,45.11,4.77,mw,,134.0,1.942,1.12,us,usc000mxfd,2014-05-07T00:03:10.000Z,"51 km N of Likisá, Timor Leste",earthquake,,9.6,0.162,11.0,reviewed,us,us,2014-02-24,39563,Timor Leste,1
2014-02-28 17:48:34.550000+00:00,-7.4835,124.8185,382.56,4.68,mw,,36.0,2.322,0.76,us,usb000myel,2014-05-13T21:36:45.000Z,"131 km NNW of Maubara, Timor Leste",earthquake,,8.1,0.084,41.0,reviewed,us,us,2014-02-28,39570,Timor Leste,1
2014-03-02 13:46:27.040000+00:00,-6.555,127.5381,394.8,4.6,mw,,47.0,3.991,0.35,us,usb000mzg6,2014-05-13T21:36:48.000Z,"225 km NNE of Lospalos, Timor Leste",earthquake,,9.6,0.137,15.0,reviewed,us,us,2014-03-02,39758,Timor Leste,1
2014-03-05 03:15:08.570000+00:00,-8.1975,128.4635,228.92,4.43,mw,,144.0,5.31,0.61,us,usc000nbgz,2014-05-15T02:23:04.000Z,"165 km ENE of Lospalos, Timor Leste",earthquake,,13.0,0.258,4.0,reviewed,us,us,2014-03-05,39775,Timor Leste,1
2014-03-07 11:07:27.610000+00:00,-7.0814,128.9953,188.38,4.94,mw,,33.0,2.453,0.66,us,usc000n4sg,2014-05-15T02:23:28.000Z,"271 km NE of Lospalos, Timor Leste",earthquake,,5.3,0.085,42.0,reviewed,us,us,2014-03-07,39645,Timor Leste,1
2014-03-07 20:17:57.130000+00:00,-6.0019,125.5838,555.08,5.03,mw,,44.0,3.95,1.01,us,usc000nbj1,2014-05-15T02:23:32.000Z,"280 km N of Metinaro, Timor Leste",earthquake,,9.5,0.09,39.0,reviewed,us,us,2014-03-07,39623,Timor Leste,1
2014-03-16 01:00:14.800000+00:00,-7.4475,126.0264,423.72,5.28,mw,,24.0,2.878,0.68,us,usc000nd2z,2014-05-16T21:51:43.000Z,"117 km N of Manatutu, Timor Leste",earthquake,,4.7,0.064,88.0,reviewed,us,us,2014-03-16,39606,Timor Leste,1
2014-03-16 15:56:30.440000+00:00,-8.5227,128.8203,29.12,4.68,mw,,52.0,2.511,1.23,us,usc000npui,2014-05-16T21:51:43.000Z,"200 km E of Lospalos, Timor Leste",earthquake,,6.7,0.265,4.0,reviewed,us,us,2014-03-16,39728,Timor Leste,1
2014-03-21 06:52:58.530000+00:00,-6.5923,128.7429,35.43,4.77,mw,,56.0,2.887,1.08,us,usc000njic,2014-05-24T00:54:36.000Z,"287 km NE of Lospalos, Timor Leste",earthquake,,8.0,0.123,20.0,reviewed,us,us,2014-03-21,39666,Timor Leste,1
2014-03-24 15:14:48.210000+00:00,-8.3221,127.7243,140.83,4.43,mw,,146.0,3.699,1.37,us,usc000p35s,2014-05-24T00:54:43.000Z,"82 km ENE of Lospalos, Timor Leste",earthquake,,21.0,0.259,5.0,reviewed,us,us,2014-03-24,39773,Timor Leste,1
2014-04-15 10:34:37.730000+00:00,-7.4605,125.1268,369.04,4.43,mw,,89.0,2.433,0.46,us,usb000qq6l,2014-07-01T02:38:10.000Z,"126 km N of Likisá, Timor Leste",earthquake,,9.6,0.172,10.0,reviewed,us,us,2014-04-15,39778,Timor Leste,1
2014-04-23 05:53:50.510000+00:00,-8.547,129.5145,140.49,4.6,mw,,105.0,1.852,0.44,us,usb000qqsj,2014-07-14T20:11:11.000Z,"277 km E of Lospalos, Timor Leste",earthquake,,7.3,0.372,2.0,reviewed,us,us,2014-04-23,39750,Timor Leste,1
2014-04-23 21:30:52.720000+00:00,-7.5692,124.5945,313.58,4.85,mw,,33.0,2.196,0.84,us,usb000px24,2014-07-14T20:11:12.000Z,"133 km NNW of Maubara, Timor Leste",earthquake,,7.8,0.128,20.0,reviewed,us,us,2014-04-23,39664,Timor Leste,1
2014-05-01 14:10:26.140000+00:00,-9.6237,125.0037,66.68,4.85,mw,,129.0,0.737,1.14,us,usb000qy10,2014-07-27T21:51:14.000Z,"44 km SW of Suai, Timor Leste",earthquake,,10.9,0.221,6.0,reviewed,us,us,2014-05-01,39661,Timor Leste,1
2014-05-04 07:09:18.440000+00:00,-8.1407,123.918,172.41,4.77,mw,,42.0,1.64,0.92,us,usb000r15u,2014-07-27T21:51:20.000Z,"127 km NNW of Pante Makasar, Timor Leste",earthquake,,4.4,0.135,18.0,reviewed,us,us,2014-05-04,39681,Timor Leste,1
2014-05-06 12:58:50.030000+00:00,-7.0706,124.8288,31.42,4.85,mw,,53.0,2.724,1.02,us,usb000qbyl,2014-07-27T21:51:25.000Z,"175 km NNW of Maubara, Timor Leste",earthquake,,4.2,0.139,15.0,reviewed,us,us,2014-05-06,39653,Timor Leste,1
2014-05-12 06:17:00.130000+00:00,-6.3088,128.0798,353.13,4.6,mw,,99.0,5.096,0.99,us,usc000r92i,2014-08-06T00:55:33.000Z,"272 km NNE of Lospalos, Timor Leste",earthquake,,13.9,0.306,3.0,reviewed,us,us,2014-05-12,39743,Timor Leste,1
2014-05-13 03:52:21.990000+00:00,-7.7318,128.5308,153.22,4.77,mw,,57.0,2.753,0.84,us,usb000qk4b,2014-08-06T00:55:34.000Z,"190 km ENE of Lospalos, Timor Leste",earthquake,,8.4,0.143,14.0,reviewed,us,us,2014-05-13,39683,Timor Leste,1
2014-05-21 08:21:54.120000+00:00,-8.791,125.3681,10.0,5.2,mw,,26.0,1.448,1.4,us,usb000qxw1,2022-07-26T15:25:47.774Z,"10 km SW of Gleno, Timor Leste",earthquake,,1.4,0.089,39.0,reviewed,us,us,2014-05-21,39615,Timor Leste,1
2014-05-23 13:07:15.680000+00:00,-7.6786,127.442,190.94,4.68,mw,,36.0,3.755,1.46,us,usb000r13j,2014-08-23T08:36:44.000Z,"105 km NNE of Lospalos, Timor Leste",earthquake,,10.1,0.142,14.0,reviewed,us,us,2014-05-23,39689,Timor Leste,1
2014-05-25 08:51:02.310000+00:00,-7.7914,127.8289,169.72,4.68,mw,,54.0,3.442,0.73,us,usb000r3c0,2014-08-23T08:36:46.000Z,"122 km NE of Lospalos, Timor Leste",earthquake,,4.9,0.147,13.0,reviewed,us,us,2014-05-25,39685,Timor Leste,1
2014-05-29 17:17:36.500000+00:00,-6.9763,127.5722,393.22,4.43,mw,,158.0,4.279,0.39,us,usc000rg3z,2014-08-26T01:21:03.000Z,"182 km NNE of Lospalos, Timor Leste",earthquake,,15.2,0.259,4.0,reviewed,us,us,2014-05-29,39778,Timor Leste,1
2014-06-13 16:46:02.280000+00:00,-7.22,129.3541,184.41,4.77,mw,,130.0,2.071,1.04,us,usb000rrrh,2014-09-12T15:47:09.000Z,"297 km ENE of Lospalos, Timor Leste",earthquake,,14.5,0.179,10.0,reviewed,us,us,2014-06-13,39672,Timor Leste,1
2014-06-17 11:17:31.330000+00:00,-8.5024,123.8038,117.7,4.68,mw,,65.0,1.326,1.39,us,usc000rmum,2014-09-12T15:48:07.000Z,"100 km NW of Pante Makasar, Timor Leste",earthquake,,9.3,0.148,14.0,reviewed,us,us,2014-06-17,39708,Timor Leste,1
2014-07-07 09:15:28.430000+00:00,-7.2928,123.7207,547.04,5.45,mw,,18.0,1.984,0.84,us,usc000rr4d,2025-12-22T16:57:14.231Z,"219 km NW of Maubara, Timor Leste",earthquake,,4.8,0.047,151.0,reviewed,us,us,2014-07-07,39606,Timor Leste,1
2014-07-16 23:39:09.040000+00:00,-9.0533,124.1269,100.34,4.68,mw,,105.0,0.711,1.08,us,usb000rtjt,2014-10-17T21:12:06.000Z,"32 km WNW of Pante Makasar, Timor Leste",earthquake,,5.3,0.201,7.0,reviewed,us,us,2014-07-16,39704,Timor Leste,1
2014-07-19 02:45:46.970000+00:00,-7.7272,126.755,206.92,4.85,mw,,55.0,3.179,0.96,us,usb000rugn,2014-10-17T21:12:09.000Z,"89 km NNE of Baukau, Timor Leste",earthquake,,5.9,0.115,33.0,reviewed,us,us,2014-07-19,39653,Timor Leste,1
2014-07-22 13:39:50.200000+00:00,-7.435,128.699,143.18,4.68,mw,,64.0,2.633,0.89,us,usb000rz76,2014-10-17T21:12:14.000Z,"222 km ENE of Lospalos, Timor Leste",earthquake,,7.0,0.16,14.0,reviewed,us,us,2014-07-22,39737,Timor Leste,1
2014-07-22 22:33:38.960000+00:00,-7.6034,129.1353,152.57,4.43,mw,,77.0,2.176,0.67,us,usb000rz7h,2014-10-17T21:12:15.000Z,"256 km ENE of Lospalos, Timor Leste",earthquake,,5.2,0.211,6.0,reviewed,us,us,2014-07-22,39769,Timor Leste,1
2014-07-29 06:07:09.710000+00:00,-8.6285,124.9501,75.52,4.6,mw,,199.0,1.307,1.23,us,usb000s1eq,2014-10-25T01:49:42.000Z,"28 km W of Maubara, Timor Leste",earthquake,,23.8,0.529,2.0,reviewed,us,us,2014-07-29,39740,Timor Leste,1
2014-08-06 11:45:22.680000+00:00,-7.2741,128.0364,10.0,6.2,mww,,16.0,3.309,0.89,us,usb000s0r6,2022-05-03T18:29:46.745Z,"179 km NE of Lospalos, Timor Leste",earthquake,,1.6,,,reviewed,us,us,2014-08-06,39601,Timor Leste,1
2014-08-17 02:38:26.640000+00:00,-7.0659,125.4574,490.4,5.54,mw,,22.0,2.92,0.68,us,usb000s3hi,2025-12-22T17:24:01.110Z,"164 km N of Metinaro, Timor Leste",earthquake,,3.4,0.046,175.0,reviewed,us,us,2014-08-17,39604,Timor Leste,1
2014-08-21 20:23:59.470000+00:00,-8.2619,125.0321,18.39,4.77,mw,,74.0,1.665,0.76,us,usc000s8zn,2014-11-22T02:06:25.000Z,"43 km NNW of Maubara, Timor Leste",earthquake,7.4,5.5,0.162,12.0,reviewed,us,us,2014-08-21,39673,Timor Leste,1
2014-08-23 14:26:18.170000+00:00,-6.7826,128.3641,307.51,4.6,mw,,78.0,5.016,0.48,us,usc000s9wz,2014-11-22T02:06:29.000Z,"244 km NE of Lospalos, Timor Leste",earthquake,10.0,9.1,0.167,10.0,reviewed,us,us,2014-08-23,39743,Timor Leste,1
2014-08-26 12:14:56.590000+00:00,-8.6907,124.2559,86.3,5.11,mw,,62.0,1.057,1.27,us,usb000s696,2014-11-22T02:06:37.000Z,"58 km NNW of Pante Makasar, Timor Leste",earthquake,5.1,4.5,0.069,67.0,reviewed,us,us,2014-08-26,39615,Timor Leste,1
2014-08-26 23:58:26.300000+00:00,-9.0971,125.7816,10.0,5.03,mw,,54.0,1.631,1.16,us,usc000s7ai,2014-11-22T02:06:37.000Z,"17 km SE of Same, Timor Leste",earthquake,6.6,1.7,0.096,46.0,reviewed,us,us,2014-08-26,39620,Timor Leste,1
2014-09-13 15:50:15.600000+00:00,-8.7576,126.9137,10.0,5.2,mw,,90.0,2.794,0.99,us,usb000sc49,2014-12-08T23:30:59.040Z,"27 km SSW of Lospalos, Timor Leste",earthquake,8.9,1.9,0.12,24.0,reviewed,us,us,2014-09-13,39827,Timor Leste,1
2014-09-25 21:28:42.240000+00:00,-7.0404,126.0336,482.85,4.68,mw,,56.0,3.214,1.13,us,usb000sg28,2014-12-20T00:53:58.040Z,"162 km N of Manatutu, Timor Leste",earthquake,7.1,16.2,0.147,14.0,reviewed,us,us,2014-09-25,39926,Timor Leste,1
2014-10-04 12:15:25.920000+00:00,-7.5105,128.8558,152.22,4.68,mw,,41.0,2.466,0.7,us,usb000sirg,2014-12-23T01:42:01.040Z,"233 km ENE of Lospalos, Timor Leste",earthquake,5.8,8.3,0.142,17.0,reviewed,us,us,2014-10-04,39897,Timor Leste,1
2014-10-11 22:13:15.100000+00:00,-6.0915,125.8423,523.69,4.68,mw,,45.0,3.96,0.9,us,usb000sq12,2015-01-06T23:49:51.040Z,"268 km N of Manatutu, Timor Leste",earthquake,8.6,11.3,0.117,22.0,reviewed,us,us,2014-10-11,39939,Timor Leste,1
2014-10-14 18:08:43.840000+00:00,-6.5747,128.7975,300.3,4.94,mw,,75.0,2.848,1.01,us,usb000sr45,2015-01-06T23:49:57.040Z,"292 km NE of Lospalos, Timor Leste",earthquake,8.5,10.2,0.193,9.0,reviewed,us,us,2014-10-14,39871,Timor Leste,1
2014-10-18 05:45:08.490000+00:00,-6.9899,126.742,416.75,4.68,mw,,105.0,3.68,0.36,us,usb000srzu,2015-01-15T20:03:31.040Z,"167 km N of Baukau, Timor Leste",earthquake,15.1,12.1,0.238,6.0,reviewed,us,us,2014-10-18,39896,Timor Leste,1
2014-11-01 16:37:53.470000+00:00,-9.5351,125.4508,64.09,4.77,mw,,80.0,1.187,1.21,us,usc000swyy,2015-01-20T09:03:09.040Z,"32 km SE of Suai, Timor Leste",earthquake,4.8,11.4,0.219,6.0,reviewed,us,us,2014-11-01,39892,Timor Leste,1
2014-11-03 10:02:48.250000+00:00,-6.4504,124.5128,609.96,5.03,mw,,33.0,3.13,0.66,us,usc000stmr,2015-01-20T09:03:14.040Z,"250 km NNW of Maubara, Timor Leste",earthquake,8.4,6.8,0.084,47.0,reviewed,us,us,2014-11-03,39845,Timor Leste,1
2014-11-22 17:18:29.320000+00:00,-7.555,124.0846,108.49,4.6,mw,,72.0,2.12,1.16,us,usb000sz1w,2015-02-18T03:30:54.040Z,"170 km NW of Maubara, Timor Leste",earthquake,8.3,19.7,0.2,8.0,reviewed,us,us,2014-11-22,39950,Timor Leste,1
2014-11-27 03:30:14.600000+00:00,-8.6986,124.3195,42.6,4.6,mw,,119.0,2.059,0.38,us,usc000t5kt,2015-02-24T00:35:07.040Z,"55 km N of Pante Makasar, Timor Leste",earthquake,8.7,5.4,0.236,5.0,reviewed,us,us,2014-11-27,39949,Timor Leste,1
2014-12-02 05:50:03.300000+00:00,-6.9585,127.1045,396.12,4.77,mw,,52.0,3.95,0.81,us,usc000t7bz,2015-02-24T00:35:16.040Z,"173 km N of Lospalos, Timor Leste",earthquake,6.7,7.2,0.139,15.0,reviewed,us,us,2014-12-02,39879,Timor Leste,1
2014-12-02 13:29:52.640000+00:00,-7.8395,128.0002,10.0,5.03,mw,,45.0,3.27,1.14,us,usb000t25z,2015-02-24T00:35:16.040Z,"133 km NE of Lospalos, Timor Leste",earthquake,7.3,1.9,0.12,24.0,reviewed,us,us,2014-12-02,39866,Timor Leste,1
2014-12-05 10:43:55.920000+00:00,-6.8394,128.316,251.48,5.37,mw,,14.0,3.168,1.07,us,usc000t3za,2025-12-22T17:02:10.157Z,"236 km NE of Lospalos, Timor Leste",earthquake,6.9,5.1,0.05,130.0,reviewed,us,us,2014-12-05,39808,Timor Leste,1
2014-12-11 19:39:43.560000+00:00,-7.5922,129.2851,124.65,4.77,mw,,63.0,2.032,1.27,us,usc000t5ny,2015-03-04T21:54:58.040Z,"272 km ENE of Lospalos, Timor Leste",earthquake,8.0,4.8,0.12,22.0,reviewed,us,us,2014-12-11,39876,Timor Leste,1
2014-12-18 07:24:20.650000+00:00,-8.5853,123.6384,164.62,4.68,mw,,200.0,1.317,1.11,us,usc000tcpr,2015-03-06T02:59:00.040Z,"106 km NW of Pante Makasar, Timor Leste",earthquake,6.6,11.7,0.188,8.0,reviewed,us,us,2014-12-18,39932,Timor Leste,1
2014-12-22 13:00:13.580000+00:00,-7.0867,129.1033,180.65,5.28,mw,,29.0,2.351,0.96,us,usc000t93d,2025-12-22T17:02:31.286Z,"281 km NE of Lospalos, Timor Leste",earthquake,6.8,3.8,0.06,91.0,reviewed,us,us,2014-12-22,39824,Timor Leste,1
2014-12-22 22:04:06.870000+00:00,-9.0538,124.0574,107.62,4.77,mw,,75.0,0.727,0.73,us,usc000t99n,2015-03-06T02:59:11.040Z,"39 km WNW of Pante Makasar, Timor Leste",earthquake,7.3,7.9,0.134,18.0,reviewed,us,us,2014-12-22,39885,Timor Leste,1
2014-12-23 15:40:23.920000+00:00,-6.9083,125.0139,546.25,5.11,mw,,25.0,2.923,0.68,us,usc000t9fj,2015-03-06T02:59:12.040Z,"189 km N of Likisá, Timor Leste",earthquake,9.3,5.7,0.051,123.0,reviewed,us,us,2014-12-23,39831,Timor Leste,1
2015-01-21 17:21:25.280000+00:00,-8.4072,128.7493,43.98,4.94,mw,,48.0,2.558,1.21,us,usc000thv3,2015-04-20T16:05:39.040Z,"193 km E of Lospalos, Timor Leste",earthquake,6.7,7.3,0.111,25.0,reviewed,us,us,2015-01-21,39876,Timor Leste,1
2015-01-27 18:30:41.140000+00:00,-9.1428,127.0033,49.94,4.51,mw,,82.0,2.767,0.99,us,usc000tlii,2015-04-24T16:56:14.040Z,Timor Sea,earthquake,5.5,10.9,0.197,8.0,reviewed,us,us,2015-01-27,39955,Timor Leste,1
2015-01-31 17:30:09.700000+00:00,-6.8277,127.5523,345.68,5.45,mw,,22.0,3.888,0.89,us,usc000tkm1,2022-07-27T18:10:08.284Z,"197 km NNE of Lospalos, Timor Leste",earthquake,6.0,2.6,0.059,99.0,reviewed,us,us,2015-01-31,39796,Timor Leste,1
2015-02-03 13:09:45.760000+00:00,-7.4734,124.4737,318.81,4.68,mw,,45.0,2.276,0.88,us,usc000tnr9,2015-05-02T14:05:33.040Z,"149 km NNW of Maubara, Timor Leste",earthquake,8.8,9.1,0.129,20.0,reviewed,us,us,2015-02-03,39936,Timor Leste,1
2015-02-05 18:19:27.830000+00:00,-7.5204,128.3724,138.78,5.28,mw,,38.0,2.936,0.74,us,usc000tmia,2015-05-04T22:47:41.040Z,"187 km NE of Lospalos, Timor Leste",earthquake,7.7,4.9,0.067,73.0,reviewed,us,us,2015-02-05,39817,Timor Leste,1
2015-02-13 04:57:10.980000+00:00,-6.953,125.6801,524.04,4.6,mw,,131.0,3.115,0.61,us,usb000tqc0,2015-05-11T23:20:11.040Z,"174 km N of Metinaro, Timor Leste",earthquake,20.9,22.0,0.236,6.0,reviewed,us,us,2015-02-13,39941,Timor Leste,1
2015-02-14 05:14:11.840000+00:00,-6.4865,127.818,372.76,4.68,mw,,62.0,3.759,0.4,us,usb000tpae,2015-05-11T23:20:13.040Z,"242 km NNE of Lospalos, Timor Leste",earthquake,8.0,6.6,0.178,10.0,reviewed,us,us,2015-02-14,39896,Timor Leste,1
2015-02-19 16:43:10.530000+00:00,-7.5851,127.663,154.54,5.03,mw,,52.0,3.624,1.02,us,usc000tsq8,2015-05-12T20:29:33.040Z,"126 km NE of Lospalos, Timor Leste",earthquake,7.6,7.3,0.106,29.0,reviewed,us,us,2015-02-19,39847,Timor Leste,1
2015-03-02 18:10:07.650000+00:00,-6.9941,125.3029,546.22,5.03,mw,,35.0,2.928,0.65,us,usc000tudh,2015-05-19T00:29:41.040Z,"175 km N of Dili, Timor Leste",earthquake,7.1,7.4,0.062,80.0,reviewed,us,us,2015-03-02,39983,Timor Leste,1
2015-03-05 14:32:22.360000+00:00,-7.3558,125.9573,43.96,4.77,mw,,57.0,2.911,1.13,us,usc000tv8b,2015-05-28T00:48:33.040Z,"127 km N of Manatutu, Timor Leste",earthquake,8.5,9.9,0.169,10.0,reviewed,us,us,2015-03-05,40058,Timor Leste,1
2015-03-06 08:58:40.420000+00:00,-8.0228,125.9182,30.41,4.85,mw,,42.0,2.371,1.05,us,us10001l8y,2015-05-28T00:48:34.040Z,"55 km N of Manatutu, Timor Leste",earthquake,3.6,7.1,0.156,12.0,reviewed,us,us,2015-03-06,40025,Timor Leste,1
2015-03-09 06:45:20.420000+00:00,-7.3075,128.7275,128.87,5.45,mw,,19.0,2.635,0.93,us,usc000twpw,2025-12-22T17:04:39.672Z,"233 km NE of Lospalos, Timor Leste",earthquake,2.2,4.4,0.052,124.0,reviewed,us,us,2015-03-09,39969,Timor Leste,1
2015-03-14 00:32:43.030000+00:00,-6.5962,128.5032,282.31,4.6,mw,,173.0,3.096,0.51,us,us10001nf2,2015-06-04T00:46:19.040Z,"270 km NE of Lospalos, Timor Leste",earthquake,11.1,17.9,0.264,4.0,reviewed,us,us,2015-03-14,40138,Timor Leste,1
2015-03-19 13:00:15.600000+00:00,-6.9173,125.7096,525.95,4.77,mw,,44.0,3.16,1.39,us,us10001ntv,2015-06-09T21:29:57.040Z,"178 km N of Metinaro, Timor Leste",earthquake,6.6,8.8,0.093,33.0,reviewed,us,us,2015-03-19,40071,Timor Leste,1
2015-04-08 04:00:33.130000+00:00,-9.5294,126.3257,66.72,4.68,mw,,72.0,2.042,0.93,us,us200024xu,2015-06-16T01:00:32.040Z,"74 km S of Viqueque, Timor Leste",earthquake,7.8,8.5,0.168,10.0,reviewed,us,us,2015-04-08,40091,Timor Leste,1
2015-04-13 01:29:16.640000+00:00,-6.8028,128.1514,289.23,4.85,mw,,107.0,3.334,0.73,us,us20002820,2015-06-22T23:18:59.040Z,"228 km NNE of Lospalos, Timor Leste",earthquake,10.0,7.8,0.243,5.0,reviewed,us,us,2015-04-13,40051,Timor Leste,1
2015-04-22 22:15:29.810000+00:00,-8.8054,126.066,10.0,4.94,mw,,46.0,2.01,1.01,us,us200028gj,2015-06-26T23:16:02.040Z,"33 km S of Manatutu, Timor Leste",earthquake,6.1,1.7,0.074,54.0,reviewed,us,us,2015-04-22,40008,Timor Leste,1
2015-04-26 13:14:26.480000+00:00,-8.1719,124.9692,47.18,4.94,mw,,56.0,1.719,0.9,us,us20002buc,2015-07-03T00:23:42.040Z,"55 km NNW of Maubara, Timor Leste",earthquake,7.9,13.6,0.193,8.0,reviewed,us,us,2015-04-26,40017,Timor Leste,1
2015-04-30 03:41:49.810000+00:00,-8.8878,124.0043,82.68,4.85,mw,,108.0,0.9,0.84,us,us20002dfj,2015-07-09T22:00:03.040Z,"54 km NW of Pante Makasar, Timor Leste",earthquake,11.2,11.5,0.312,3.0,reviewed,us,us,2015-04-30,40037,Timor Leste,1
2015-05-12 07:22:05.070000+00:00,-7.1493,129.2475,156.24,5.45,mw,,40.0,2.195,0.79,us,us20002ejv,2022-07-31T05:57:35.855Z,"290 km ENE of Lospalos, Timor Leste",earthquake,6.1,5.1,0.062,86.0,reviewed,us,us,2015-05-12,39970,Timor Leste,1
2015-05-24 14:13:03.630000+00:00,-6.7692,127.4444,26.37,4.6,mw,,94.0,4.323,1.27,us,us20002lnl,2015-07-29T01:35:39.040Z,"199 km NNE of Lospalos, Timor Leste",earthquake,3.4,7.3,0.167,10.0,reviewed,us,us,2015-05-24,40121,Timor Leste,1
2015-05-26 20:56:23.200000+00:00,-7.1409,123.7446,577.09,5.11,mw,,26.0,2.105,0.87,us,us10002cak,2015-07-29T01:35:46.040Z,"229 km NW of Maubara, Timor Leste",earthquake,8.6,3.1,0.058,92.0,reviewed,us,us,2015-05-26,39973,Timor Leste,1
2015-05-29 12:33:30.370000+00:00,-6.9973,127.0239,368.11,4.68,mw,,42.0,3.866,0.86,us,us20002kbn,2015-08-08T00:49:03.040Z,"168 km N of Lospalos, Timor Leste",earthquake,7.6,6.3,0.086,38.0,reviewed,us,us,2015-05-29,40075,Timor Leste,1
2015-06-02 19:24:39.190000+00:00,-9.2833,125.7952,61.85,4.68,mw,,43.0,1.578,1.15,us,us20002ldu,2015-08-08T00:50:04.040Z,"34 km SSE of Same, Timor Leste",earthquake,6.5,8.4,0.138,17.0,reviewed,us,us,2015-06-02,40083,Timor Leste,1
2015-06-09 04:06:56.700000+00:00,-8.4558,128.5135,19.7,4.68,mw,,46.0,2.796,0.79,us,us20002n5u,2015-08-10T13:08:26.040Z,"166 km E of Lospalos, Timor Leste",earthquake,6.2,5.5,0.201,7.0,reviewed,us,us,2015-06-09,40093,Timor Leste,1
2015-06-15 17:40:53.930000+00:00,-9.742,125.2517,20.0,5.8,mww,,53.0,0.97,1.26,us,us20002pyz,2022-07-31T13:17:12.685Z,"47 km S of Suai, Timor Leste",earthquake,7.2,0.8,,,reviewed,us,us,2015-06-15,39966,Timor Leste,1
2015-06-19 09:14:00.470000+00:00,-8.9664,127.0652,37.96,4.85,mw,,46.0,2.87,1.15,us,us10002k76,2015-09-01T00:53:50.040Z,"49 km S of Lospalos, Timor Leste",earthquake,4.4,7.8,0.124,20.0,reviewed,us,us,2015-06-19,40021,Timor Leste,1
2015-06-27 10:08:22.910000+00:00,-8.1499,125.3303,34.79,4.6,mw,,156.0,1.909,0.77,us,us20002wsz,2015-09-02T22:37:21.040Z,"48 km N of Likisá, Timor Leste",earthquake,7.0,8.1,0.265,4.0,reviewed,us,us,2015-06-27,40096,Timor Leste,1
2015-07-05 01:48:31.610000+00:00,-7.8664,128.9574,53.63,4.85,mw,,64.0,2.322,1.4,us,us10002nh4,2015-09-30T00:20:56.040Z,"227 km ENE of Lospalos, Timor Leste",earthquake,7.5,5.9,0.15,13.0,reviewed,us,us,2015-07-05,40049,Timor Leste,1
2015-07-07 04:23:27.130000+00:00,-7.5737,127.6999,50.22,5.11,mw,,108.0,4.027,0.5,us,us20002vlr,2015-09-30T00:21:00.040Z,"130 km NE of Lospalos, Timor Leste",earthquake,8.8,4.6,0.107,27.0,reviewed,us,us,2015-07-07,39978,Timor Leste,1
2015-07-10 20:15:30.700000+00:00,-7.2872,124.9083,544.82,4.85,mw,,37.0,2.532,0.98,us,us200031c0,2015-10-09T20:19:11.040Z,"150 km NNW of Maubara, Timor Leste",earthquake,9.3,5.2,0.091,35.0,reviewed,us,us,2015-07-10,40054,Timor Leste,1
2015-07-27 22:23:42.260000+00:00,-9.3022,124.0369,88.41,4.77,mw,,131.0,0.504,0.97,us,us100032c5,2015-10-22T20:05:08.040Z,"39 km WSW of Pante Makasar, Timor Leste",earthquake,7.7,7.8,0.138,15.0,reviewed,us,us,2015-07-27,40065,Timor Leste,1
2015-08-04 04:43:35.240000+00:00,-7.5364,128.2235,147.57,4.94,mw,,52.0,3.079,0.84,us,us10002xt4,2015-10-30T02:47:47.040Z,"173 km NE of Lospalos, Timor Leste",earthquake,6.7,5.6,0.101,29.0,reviewed,us,us,2015-08-04,40003,Timor Leste,1
2015-08-21 14:57:07.370000+00:00,-8.1166,123.9169,175.0,4.6,mw,,82.0,1.664,0.98,us,us20003gfi,2015-11-24T02:09:27.040Z,"130 km NNW of Pante Makasar, Timor Leste",earthquake,8.6,7.1,0.146,13.0,reviewed,us,us,2015-08-21,40113,Timor Leste,1
2015-09-02 02:18:03.610000+00:00,-6.8158,125.1218,535.37,4.68,mw,,90.0,3.04,0.82,us,us20003jnb,2015-12-01T00:36:09.040Z,"197 km N of Likisá, Timor Leste",earthquake,9.8,12.9,0.153,12.0,reviewed,us,us,2015-09-02,40280,Timor Leste,1
2015-09-15 16:10:25.100000+00:00,-7.5873,127.655,140.18,4.77,mw,,77.0,3.631,0.62,us,us20003p3m,2015-12-12T00:42:53.040Z,"126 km NE of Lospalos, Timor Leste",earthquake,10.4,11.0,0.149,13.0,reviewed,us,us,2015-09-15,40263,Timor Leste,1
2015-09-26 11:31:42.480000+00:00,-7.48,128.4485,156.77,5.03,mw,,55.0,2.868,0.94,us,us20003pbc,2015-12-28T23:08:41.040Z,"197 km NE of Lospalos, Timor Leste",earthquake,7.4,5.6,0.086,41.0,reviewed,us,us,2015-09-26,40209,Timor Leste,1
2015-10-05 12:56:18.440000+00:00,-6.5303,127.3422,406.17,4.6,mw,,105.0,4.182,0.18,us,us10003nl6,2016-01-04T22:29:13.040Z,"223 km N of Lospalos, Timor Leste",earthquake,16.5,15.7,0.305,3.0,reviewed,us,us,2015-10-05,40283,Timor Leste,1
2015-10-27 13:27:40.510000+00:00,-6.9788,125.4929,533.12,4.94,mw,,29.0,3.013,0.94,us,us10003rug,2016-01-22T23:41:20.040Z,"173 km N of Metinaro, Timor Leste",earthquake,10.2,6.4,0.07,61.0,reviewed,us,us,2015-10-27,40213,Timor Leste,1
2015-10-31 04:43:55.820000+00:00,-9.0587,124.0636,53.73,5.54,mw,,27.0,0.72,1.1,us,us2000410w,2025-12-22T17:10:21.130Z,"38 km WNW of Pante Makasar, Timor Leste",earthquake,5.6,4.5,0.059,96.0,reviewed,us,us,2015-10-31,40174,Timor Leste,1
2015-11-04 03:44:15.190000+00:00,-8.3381,124.8754,20.0,6.5,mww,,21.0,1.53,0.83,us,us200041ty,2022-08-01T15:47:12.391Z,"47 km NW of Maubara, Timor Leste",earthquake,5.4,1.8,,,reviewed,us,us,2015-11-04,40150,Timor Leste,1
2015-11-04 07:35:54.690000+00:00,-8.0161,125.3911,10.0,4.85,mw,,147.0,2.054,0.97,us,us200041vd,2016-01-30T02:11:06.040Z,"63 km NNW of Dili, Timor Leste",earthquake,8.6,1.9,0.241,5.0,reviewed,us,us,2015-11-04,40241,Timor Leste,1
2015-11-04 09:58:16.560000+00:00,-8.3354,125.5359,10.0,4.85,mw,,110.0,1.887,0.81,us,us10003v9i,2016-01-30T02:11:07.040Z,"25 km N of Dili, Timor Leste",earthquake,4.8,1.9,0.221,9.0,reviewed,us,us,2015-11-04,40262,Timor Leste,1
2015-12-02 08:34:59.750000+00:00,-7.4029,126.584,312.87,4.6,mw,,61.0,3.272,0.77,us,us100043cn,2016-02-25T22:33:05.040Z,"119 km N of Baukau, Timor Leste",earthquake,10.9,5.7,0.166,10.0,reviewed,us,us,2015-12-02,40281,Timor Leste,1
2015-12-11 15:28:51.800000+00:00,-6.9945,124.7599,561.84,4.6,mw,,71.0,2.786,1.0,us,us20004hcn,2016-03-05T01:42:02.040Z,"185 km NNW of Maubara, Timor Leste",earthquake,13.8,8.9,0.113,22.0,reviewed,us,us,2015-12-11,40286,Timor Leste,1
2015-12-23 21:39:01.600000+00:00,-7.3964,125.7648,23.91,5.11,mw,,41.0,2.772,0.64,us,us1000495m,2016-03-12T02:29:23.040Z,"125 km N of Metinaro, Timor Leste",earthquake,7.0,5.4,0.071,60.0,reviewed,us,us,2015-12-23,40205,Timor Leste,1
2015-12-24 23:10:58.170000+00:00,-7.2182,128.9775,119.0,5.8,mww,,13.0,2.423,1.32,us,us100049dq,2022-05-03T19:18:25.787Z,"261 km ENE of Lospalos, Timor Leste",earthquake,5.9,1.8,,,reviewed,us,us,2015-12-24,40163,Timor Leste,1
2016-01-10 06:01:53.680000+00:00,-7.9267,128.0329,10.0,4.85,mw,,37.0,3.235,1.12,us,us10004d91,2016-03-30T02:27:52.040Z,"131 km ENE of Lospalos, Timor Leste",earthquake,5.7,1.9,0.116,22.0,reviewed,us,us,2016-01-10,40213,Timor Leste,1
2016-01-11 23:39:33.480000+00:00,-6.9972,127.9935,252.07,5.2,mw,,21.0,3.42,0.98,us,us10004dn4,2025-12-22T17:35:17.522Z,"201 km NNE of Lospalos, Timor Leste",earthquake,6.7,5.1,0.05,124.0,reviewed,us,us,2016-01-11,40183,Timor Leste,1
2016-01-13 15:24:38.530000+00:00,-7.3535,124.5167,528.32,4.6,mw,,85.0,2.399,0.29,us,us10004fli,2016-03-30T02:27:58.040Z,"158 km NNW of Maubara, Timor Leste",earthquake,8.6,16.8,0.187,8.0,reviewed,us,us,2016-01-13,40284,Timor Leste,1
2016-01-14 23:27:08.540000+00:00,-7.2669,126.2605,434.55,4.43,mw,,44.0,3.162,0.73,us,us10004fnh,2016-03-30T02:28:01.040Z,"135 km N of Baukau, Timor Leste",earthquake,8.4,10.9,0.144,13.0,reviewed,us,us,2016-01-14,40317,Timor Leste,1
2016-01-16 19:24:31.820000+00:00,-6.9445,126.895,413.74,4.51,mw,,91.0,3.815,0.96,us,us10004g2j,2016-04-06T17:30:22.040Z,"174 km N of Lospalos, Timor Leste",earthquake,7.9,15.7,0.197,7.0,reviewed,us,us,2016-01-16,40300,Timor Leste,1
2016-01-30 08:34:59.800000+00:00,-9.916,126.848,10.0,5.03,mw,,54.0,2.548,1.07,us,us20004w0n,2016-04-14T22:51:35.040Z,"128 km SSE of Viqueque, Timor Leste",earthquake,7.0,1.9,0.117,22.0,reviewed,us,us,2016-01-30,40213,Timor Leste,3
2016-01-31 11:05:48.510000+00:00,-8.1584,124.2186,181.71,4.85,mw,,57.0,1.587,1.06,us,us20004w53,2016-04-14T22:51:37.040Z,"116 km N of Pante Makasar, Timor Leste",earthquake,8.5,7.1,0.115,22.0,reviewed,us,us,2016-01-31,40250,Timor Leste,1
2016-02-02 02:08:31.380000+00:00,-6.6357,128.3959,280.06,4.43,mw,,150.0,5.129,0.64,us,us20004y33,2016-04-14T22:51:39.040Z,"259 km NE of Lospalos, Timor Leste",earthquake,13.8,15.0,0.3,3.0,reviewed,us,us,2016-02-02,40310,Timor Leste,1
2016-02-09 21:26:38.350000+00:00,-7.7148,127.1303,181.62,4.51,mw,,47.0,3.481,0.85,us,us20004zrb,2016-04-19T01:33:27.040Z,"90 km N of Lospalos, Timor Leste",earthquake,8.6,9.2,0.145,13.0,reviewed,us,us,2016-02-09,40301,Timor Leste,1
2016-02-16 18:44:14.010000+00:00,-8.6825,128.369,84.62,4.43,mw,,58.0,2.981,1.35,us,us10004r1n,2016-04-26T23:28:24.040Z,"151 km E of Lospalos, Timor Leste",earthquake,6.4,10.4,0.183,10.0,reviewed,us,us,2016-02-16,40303,Timor Leste,1
2016-02-24 02:33:48.980000+00:00,-9.0552,127.1953,45.93,5.03,mw,,45.0,2.971,1.2,us,us10004s92,2016-05-03T23:44:19.040Z,"62 km SSE of Lospalos, Timor Leste",earthquake,7.3,7.8,0.133,17.0,reviewed,us,us,2016-02-24,40402,Timor Leste,1
2016-02-27 22:37:05.100000+00:00,-8.9347,124.1552,93.63,5.28,mw,,40.0,0.822,1.12,us,us10004t7q,2016-05-06T23:34:16.040Z,"38 km NW of Pante Makasar, Timor Leste",earthquake,5.8,5.3,0.062,85.0,reviewed,us,us,2016-02-27,40342,Timor Leste,1
2016-03-03 08:36:32.650000+00:00,-9.7645,125.316,29.5,5.76,mw,,77.0,1.686,0.68,us,us10004ua7,2024-06-16T23:44:55.304Z,"50 km S of Suai, Timor Leste",earthquake,8.0,5.6,0.079,56.0,reviewed,us,us,2016-03-03,40325,Timor Leste,1
2016-03-05 13:31:11.920000+00:00,-7.6416,128.6261,151.73,4.6,mw,,104.0,2.669,0.73,us,us10004uwy,2016-05-16T18:01:44.040Z,"204 km ENE of Lospalos, Timor Leste",earthquake,5.5,8.6,0.14,14.0,reviewed,us,us,2016-03-05,40472,Timor Leste,1
2016-03-07 18:51:00.840000+00:00,-7.0523,125.5847,522.12,4.6,mw,,66.0,3.664,0.94,us,us10004wk3,2016-05-16T18:01:47.040Z,"164 km N of Metinaro, Timor Leste",earthquake,14.3,11.2,0.107,24.0,reviewed,us,us,2016-03-07,40488,Timor Leste,1
2016-03-11 11:00:23.320000+00:00,-9.4482,126.2843,10.0,4.85,mw,,97.0,5.166,0.98,us,us200059zg,2016-05-21T00:05:25.040Z,"65 km S of Viqueque, Timor Leste",earthquake,10.8,2.0,0.243,5.0,reviewed,us,us,2016-03-11,40420,Timor Leste,1
2016-03-12 04:25:58.740000+00:00,-7.8806,125.7997,10.0,5.28,mw,,55.0,3.604,0.87,us,us10004wyc,2022-05-03T17:42:57.799Z,"72 km N of Metinaro, Timor Leste",earthquake,6.1,1.1,0.072,65.0,reviewed,us,us,2016-03-12,40357,Timor Leste,1
2016-03-25 17:01:57.320000+00:00,-8.3126,125.1542,26.95,5.03,mw,,67.0,1.68,1.17,us,us20005cg3,2022-08-02T15:47:11.545Z,"33 km N of Maubara, Timor Leste",earthquake,6.1,5.1,0.078,50.0,reviewed,us,us,2016-03-25,40372,Timor Leste,1
2016-03-27 15:10:47.190000+00:00,-7.276,129.3474,153.58,4.51,mw,,93.0,2.057,1.02,us,us20005dw9,2016-06-10T23:32:52.040Z,"293 km ENE of Lospalos, Timor Leste",earthquake,7.9,4.0,0.145,13.0,reviewed,us,us,2016-03-27,40492,Timor Leste,1
2016-04-05 14:07:44.560000+00:00,-8.1187,123.9284,162.76,4.85,mw,,75.0,1.75,1.15,us,us20005flc,2016-06-17T21:45:37.040Z,"129 km NNW of Pante Makasar, Timor Leste",earthquake,7.8,7.2,0.15,13.0,reviewed,us,us,2016-04-05,40417,Timor Leste,1
2016-04-11 14:20:08.850000+00:00,-7.6515,129.4908,123.22,4.68,mw,,75.0,1.821,0.97,us,us20005gym,2016-06-21T01:14:08.040Z,"291 km ENE of Lospalos, Timor Leste",earthquake,10.1,10.8,0.137,15.0,reviewed,us,us,2016-04-11,40470,Timor Leste,1
2016-04-14 23:15:07.910000+00:00,-7.459,128.1235,136.78,5.6,mww,,12.0,3.189,1.32,us,us20005i7m,2022-08-02T18:27:20.693Z,"170 km NE of Lospalos, Timor Leste",earthquake,5.2,3.1,,,reviewed,us,us,2016-04-14,40328,Timor Leste,1
2016-05-11 21:27:40.420000+00:00,-6.7577,127.5385,402.5,4.68,mw,,66.0,3.923,0.67,us,us10005gmr,2016-07-20T18:10:53.040Z,"203 km NNE of Lospalos, Timor Leste",earthquake,4.9,8.1,0.082,42.0,reviewed,us,us,2016-05-11,40464,Timor Leste,1
2016-05-13 03:36:15.600000+00:00,-7.0091,125.1132,501.13,4.94,mw,,40.0,2.854,1.13,us,us10005h01,2016-07-22T19:39:04.040Z,"176 km N of Likisá, Timor Leste",earthquake,11.3,6.4,0.071,58.0,reviewed,us,us,2016-05-13,40415,Timor Leste,1
2016-05-24 20:39:31.680000+00:00,-8.7308,125.5808,163.42,4.51,mw,,132.0,1.648,1.45,us,us20005z7v,2016-08-03T22:33:44.040Z,"1 km E of Aileu, Timor Leste",earthquake,12.9,10.4,0.214,6.0,reviewed,us,us,2016-05-24,40497,Timor Leste,1
2016-05-26 10:53:57.410000+00:00,-8.3052,128.5116,10.0,5.28,mw,,49.0,2.778,1.3,us,us20005y32,2016-08-03T22:33:45.040Z,"168 km E of Lospalos, Timor Leste",earthquake,6.2,1.9,0.07,65.0,reviewed,us,us,2016-05-26,40355,Timor Leste,1
2016-05-28 21:03:23.030000+00:00,-8.8415,126.6425,33.94,5.2,mw,,29.0,2.514,0.77,us,us20005ywn,2016-08-10T22:30:25.040Z,East Timor region,earthquake,6.5,4.5,0.06,88.0,reviewed,us,us,2016-05-28,40366,Timor Leste,1
2016-05-29 18:20:18.870000+00:00,-7.2692,128.9297,154.35,5.37,mw,,34.0,2.453,0.89,us,us20005z20,2025-12-22T17:15:13.828Z,"254 km ENE of Lospalos, Timor Leste",earthquake,8.1,5.8,0.052,119.0,reviewed,us,us,2016-05-29,40337,Timor Leste,1
2016-06-06 04:54:20.750000+00:00,-7.7701,124.3057,217.18,4.51,mw,,140.0,1.972,0.57,us,us200063k4,2016-08-18T00:36:32.040Z,"136 km NW of Maubara, Timor Leste",earthquake,10.9,12.6,0.174,9.0,reviewed,us,us,2016-06-06,40495,Timor Leste,1
2016-06-07 19:54:50.530000+00:00,-6.3351,127.9044,359.71,4.77,mw,,64.0,3.744,0.54,us,us2000644e,2016-08-18T00:36:34.040Z,"261 km NNE of Lospalos, Timor Leste",earthquake,8.8,14.6,0.24,5.0,reviewed,us,us,2016-06-07,40453,Timor Leste,1
2016-06-20 12:37:17.050000+00:00,-7.8223,127.3403,50.29,4.77,mw,,121.0,6.23,1.04,us,us200066ic,2016-08-27T02:15:31.040Z,"86 km NNE of Lospalos, Timor Leste",earthquake,8.0,9.6,0.162,11.0,reviewed,us,us,2016-06-20,40442,Timor Leste,1
2016-07-01 18:29:47.180000+00:00,-6.6904,128.4303,295.21,4.6,mw,,72.0,5.339,1.2,us,us100061e2,2016-09-02T21:36:32.040Z,"256 km NE of Lospalos, Timor Leste",earthquake,7.4,13.7,0.305,3.0,reviewed,us,us,2016-07-01,40473,Timor Leste,1
2016-07-07 09:55:55.400000+00:00,-7.8655,126.7823,21.87,5.54,mw,,30.0,3.115,1.41,us,us100061jt,2022-05-03T17:53:29.225Z,"76 km NNW of Lospalos, Timor Leste",earthquake,6.4,3.9,0.064,83.0,reviewed,us,us,2016-07-07,40333,Timor Leste,1
2016-07-12 07:40:20.660000+00:00,-7.3975,126.2481,290.1,4.85,mw,,109.0,3.053,0.33,us,us20006frl,2016-09-08T01:50:28.040Z,"121 km N of Baukau, Timor Leste",earthquake,10.0,11.9,0.243,5.0,reviewed,us,us,2016-07-12,40419,Timor Leste,1
2016-07-12 10:55:35.410000+00:00,-6.3507,128.2711,288.75,4.77,mw,,69.0,5.211,0.63,us,us20006frq,2016-09-08T01:50:28.040Z,"278 km NNE of Lospalos, Timor Leste",earthquake,9.0,10.7,0.219,6.0,reviewed,us,us,2016-07-12,40459,Timor Leste,1
2016-07-18 05:32:00.030000+00:00,-8.0846,129.2192,35.0,5.37,mw,,37.0,5.089,0.83,us,us20006fgp,2022-05-03T17:55:09.486Z,"249 km ENE of Lospalos, Timor Leste",earthquake,7.3,1.9,0.067,72.0,reviewed,us,us,2016-07-18,40335,Timor Leste,1
2016-07-20 22:48:50.600000+00:00,-7.6233,127.7189,14.62,5.28,mw,,32.0,5.519,0.89,us,us20006gaz,2022-05-03T17:55:31.574Z,"127 km NE of Lospalos, Timor Leste",earthquake,7.1,4.0,0.063,79.0,reviewed,us,us,2016-07-20,40341,Timor Leste,1
2016-07-21 16:50:15.780000+00:00,-7.0309,126.5808,372.39,4.94,mw,,65.0,4.589,0.94,us,us20006ggu,2016-09-17T01:27:53.040Z,"160 km N of Baukau, Timor Leste",earthquake,9.0,4.5,0.072,57.0,reviewed,us,us,2016-07-21,40404,Timor Leste,1
2016-07-23 16:35:46.330000+00:00,-8.4972,124.2721,10.0,5.03,mw,,53.0,2.016,0.85,us,us20006h44,2016-09-24T22:47:17.040Z,"78 km N of Pante Makasar, Timor Leste",earthquake,6.7,1.9,0.195,8.0,reviewed,us,us,2016-07-23,40375,Timor Leste,1
2016-08-05 03:44:35.200000+00:00,-8.1308,127.6278,111.5,4.85,mw,,140.0,3.691,0.7,us,us10006a83,2016-10-26T03:10:19.040Z,"81 km ENE of Lospalos, Timor Leste",earthquake,12.0,10.2,0.14,15.0,reviewed,us,us,2016-08-05,40428,Timor Leste,1
2016-08-09 16:01:13.830000+00:00,-7.8269,124.7969,10.0,4.6,mw,,101.0,2.616,1.13,us,us10006cz8,2016-10-26T03:10:24.040Z,"97 km NNW of Maubara, Timor Leste",earthquake,8.8,1.9,0.176,9.0,reviewed,us,us,2016-08-09,40475,Timor Leste,1
2016-08-12 18:59:41.890000+00:00,-6.886,128.1266,269.55,4.85,mw,,126.0,3.329,0.52,us,us10006eds,2016-11-15T02:21:46.040Z,"219 km NE of Lospalos, Timor Leste",earthquake,10.0,13.3,0.163,11.0,reviewed,us,us,2016-08-12,40429,Timor Leste,1
2016-08-14 21:56:18.080000+00:00,-6.6396,128.9333,215.43,4.68,mw,,123.0,2.699,0.59,us,us10006erl,2016-11-15T02:21:49.040Z,"298 km NE of Lospalos, Timor Leste",earthquake,6.9,11.7,0.188,8.0,reviewed,us,us,2016-08-14,40464,Timor Leste,1
2016-08-18 03:01:51.900000+00:00,-6.8795,128.1046,268.91,4.43,mw,,167.0,4.752,0.65,us,us10006gcb,2016-11-15T02:21:52.040Z,"218 km NE of Lospalos, Timor Leste",earthquake,13.7,17.0,0.196,7.0,reviewed,us,us,2016-08-18,40677,Timor Leste,1
2016-08-28 20:22:13.410000+00:00,-7.4535,125.4303,404.35,4.68,mw,,48.0,3.372,1.09,us,us20006uvd,2016-11-29T01:28:44.040Z,"123 km N of Dili, Timor Leste",earthquake,10.1,4.9,0.119,20.0,reviewed,us,us,2016-08-28,40626,Timor Leste,1
2016-09-02 04:23:03.690000+00:00,-6.9411,125.8999,509.94,4.77,mw,,56.0,3.229,0.93,us,us10006jjk,2016-12-03T02:54:34.040Z,"174 km N of Manatutu, Timor Leste",earthquake,11.6,9.3,0.093,34.0,reviewed,us,us,2016-09-02,40617,Timor Leste,1
2016-09-12 13:51:51.200000+00:00,-6.7631,127.132,402.5,4.68,mw,,53.0,4.306,0.66,us,us10006qvb,2016-12-07T02:56:12.040Z,"195 km N of Lospalos, Timor Leste",earthquake,7.3,7.3,0.148,13.0,reviewed,us,us,2016-09-12,40630,Timor Leste,1
2016-09-15 15:53:54.570000+00:00,-8.1151,126.7718,95.64,4.51,mw,,102.0,4.516,0.75,us,us10006rz3,2016-12-07T02:56:16.040Z,"51 km NNW of Lospalos, Timor Leste",earthquake,9.6,24.8,0.37,2.0,reviewed,us,us,2016-09-15,40656,Timor Leste,1
2016-09-17 09:02:56.730000+00:00,-7.1807,128.7918,148.52,4.51,mw,,188.0,2.61,1.2,us,us10006sw6,2016-12-12T23:01:27.040Z,"247 km NE of Lospalos, Timor Leste",earthquake,12.6,21.5,0.261,4.0,reviewed,us,us,2016-09-17,40655,Timor Leste,1
2016-09-20 00:11:47.110000+00:00,-7.528,128.5861,158.12,5.03,mw,,36.0,2.725,0.87,us,us10006qy7,2016-12-12T23:01:32.040Z,"206 km ENE of Lospalos, Timor Leste",earthquake,6.9,7.9,0.077,51.0,reviewed,us,us,2016-09-20,40537,Timor Leste,1
2016-09-23 06:30:11.570000+00:00,-9.5252,124.9967,10.0,5.2,mw,,58.0,0.754,0.96,us,us10006rwi,2016-12-14T03:17:43.040Z,"36 km SW of Suai, Timor Leste",earthquake,6.1,1.7,0.099,32.0,reviewed,us,us,2016-09-23,40534,Timor Leste,1
2016-09-24 11:27:44.470000+00:00,-6.6369,128.9159,236.17,5.28,mw,,32.0,2.715,0.94,us,us10006sb3,2025-12-22T17:18:18.517Z,"297 km NE of Lospalos, Timor Leste",earthquake,7.8,5.1,0.062,82.0,reviewed,us,us,2016-09-24,40526,Timor Leste,1
2016-09-29 21:49:09.080000+00:00,-6.2841,127.938,356.72,4.85,mw,,26.0,3.737,0.58,us,us10006tys,2016-12-14T03:17:57.040Z,"268 km NNE of Lospalos, Timor Leste",earthquake,7.1,6.8,0.054,101.0,reviewed,us,us,2016-09-29,40564,Timor Leste,1
2016-10-20 20:50:13.020000+00:00,-8.9584,123.947,95.85,5.45,mw,,31.0,0.852,1.06,us,us20007fqh,2025-12-22T17:19:08.795Z,"54 km WNW of Pante Makasar, Timor Leste",earthquake,6.0,3.8,0.057,103.0,reviewed,us,us,2016-10-20,40511,Timor Leste,1
2016-11-19 12:39:03.760000+00:00,-7.1444,127.1847,287.75,4.77,mw,,183.0,3.88,1.42,us,us10007dn4,2017-02-15T23:21:28.040Z,"153 km N of Lospalos, Timor Leste",earthquake,10.0,14.3,0.31,3.0,reviewed,us,us,2016-11-19,40604,Timor Leste,1
2016-11-21 10:34:08.210000+00:00,-8.6725,124.5183,32.09,5.2,mw,,61.0,1.104,1.46,us,us10007b3y,2022-05-03T19:49:21.607Z,"60 km NNE of Pante Makasar, Timor Leste",earthquake,5.8,5.5,0.096,34.0,reviewed,us,us,2016-11-21,40529,Timor Leste,1
2016-11-29 13:08:31.630000+00:00,-7.7973,123.6191,252.99,4.85,mw,,31.0,1.601,1.16,us,us10007d3t,2017-02-23T00:11:52.040Z,"176 km NNW of Pante Makasar, Timor Leste",earthquake,7.2,6.5,0.087,39.0,reviewed,us,us,2016-11-29,40543,Timor Leste,1
2016-12-04 07:19:19.210000+00:00,-7.9804,128.6356,54.68,4.85,mw,,61.0,2.637,1.08,us,us10007es7,2017-03-03T07:06:02.040Z,"190 km ENE of Lospalos, Timor Leste",earthquake,6.2,7.3,0.116,22.0,reviewed,us,us,2016-12-04,40538,Timor Leste,1
2016-12-12 16:23:28.500000+00:00,-7.2793,129.2942,150.51,5.2,mw,,34.0,2.106,0.64,us,us2000808c,2017-03-09T02:14:29.040Z,"288 km ENE of Lospalos, Timor Leste",earthquake,6.4,5.9,0.06,88.0,reviewed,us,us,2016-12-12,40531,Timor Leste,1
2016-12-12 18:28:18.450000+00:00,-7.5123,126.6828,236.1,4.85,mw,,73.0,3.266,0.68,us,us200082v9,2017-03-09T02:14:29.040Z,"109 km NNE of Baukau, Timor Leste",earthquake,11.1,12.6,0.312,3.0,reviewed,us,us,2016-12-12,40596,Timor Leste,1
2016-12-21 00:17:14.990000+00:00,-7.5082,127.9206,152.0,6.7,mww,,17.0,3.38,1.2,us,us10007lkw,2022-05-03T18:56:35.853Z,"151 km NE of Lospalos, Timor Leste",earthquake,5.3,1.8,,,reviewed,us,us,2016-12-21,40501,Timor Leste,1
2016-12-25 08:39:37.830000+00:00,-8.3402,128.7946,147.41,4.51,mw,,124.0,2.504,0.69,us,us10007mm0,2017-03-23T22:52:02.040Z,"198 km E of Lospalos, Timor Leste",earthquake,10.4,10.0,0.198,7.0,reviewed,us,us,2016-12-25,40666,Timor Leste,1
2016-12-25 22:27:00.020000+00:00,-6.6117,128.3416,274.72,4.77,mw,,132.0,3.234,0.83,us,us10007mr9,2017-03-23T22:52:03.040Z,"258 km NE of Lospalos, Timor Leste",earthquake,11.1,10.7,0.162,11.0,reviewed,us,us,2016-12-25,40609,Timor Leste,1
2017-01-10 23:37:24.690000+00:00,-6.1443,125.6028,537.5,4.77,mw,,44.0,3.823,0.84,us,us10007vkr,2017-04-01T00:26:08.040Z,"264 km N of Metinaro, Timor Leste",earthquake,11.0,9.8,0.101,28.0,reviewed,us,us,2017-01-10,40617,Timor Leste,1
2017-01-11 22:44:10.360000+00:00,-7.6011,124.906,368.21,4.6,mw,,36.0,2.231,0.71,us,us10007sp4,2017-04-01T00:26:09.040Z,"116 km NNW of Maubara, Timor Leste",earthquake,5.3,8.0,0.097,30.0,reviewed,us,us,2017-01-11,40646,Timor Leste,1
2017-01-19 19:49:45.630000+00:00,-8.0059,124.4433,181.2,4.43,mw,,217.0,1.747,0.84,us,us20008hct,2017-04-12T02:29:01.040Z,"107 km NW of Maubara, Timor Leste",earthquake,13.4,14.5,0.183,8.0,reviewed,us,us,2017-01-19,40667,Timor Leste,1
2017-01-20 17:40:32+00:00,-8.9569,125.0891,39.77,4.68,mw,,73.0,1.134,1.0,us,us20008hew,2017-04-12T02:29:03.040Z,"14 km WNW of Maliana, Timor Leste",earthquake,7.7,9.9,0.188,8.0,reviewed,us,us,2017-01-20,40630,Timor Leste,1
2017-01-30 08:14:45.730000+00:00,-7.0054,128.462,221.71,4.85,mw,,149.0,2.975,0.9,us,us20008jnh,2017-04-27T01:38:38.040Z,"232 km NE of Lospalos, Timor Leste",earthquake,11.1,21.0,0.312,3.0,reviewed,us,us,2017-01-30,40594,Timor Leste,1
2017-01-31 15:55:57.050000+00:00,-6.9967,125.4125,492.53,5.4,mww,,29.0,2.965,1.25,us,us10007wf4,2025-12-22T17:21:09.201Z,"173 km NNW of Metinaro, Timor Leste",earthquake,9.0,5.0,,,reviewed,us,us,2017-01-31,40516,Timor Leste,1
2017-02-10 11:26:14.860000+00:00,-8.1112,123.955,180.35,4.6,mw,,105.0,1.662,1.13,us,us20008ler,2017-05-09T01:24:33.040Z,"129 km NNW of Pante Makasar, Timor Leste",earthquake,8.3,6.9,0.152,12.0,reviewed,us,us,2017-02-10,40647,Timor Leste,1
2017-02-20 10:46:20+00:00,-6.9222,125.7839,524.25,4.68,mw,,55.0,3.19,0.66,us,us20008kvw,2017-05-17T01:19:33.040Z,"177 km N of Manatutu, Timor Leste",earthquake,10.7,7.2,0.093,33.0,reviewed,us,us,2017-02-20,40828,Timor Leste,1
2017-02-28 18:16:37.560000+00:00,-6.9992,125.4333,497.92,4.6,mw,,68.0,2.971,0.77,us,us100087qr,2017-05-24T02:48:11.040Z,"172 km NNW of Metinaro, Timor Leste",earthquake,8.4,12.9,0.166,10.0,reviewed,us,us,2017-02-28,40852,Timor Leste,1
2017-03-09 19:32:40.200000+00:00,-7.458,126.849,286.07,4.6,mw,,47.0,3.424,0.93,us,us100087yw,2017-05-31T01:59:00.040Z,"118 km N of Lospalos, Timor Leste",earthquake,8.7,8.4,0.093,33.0,reviewed,us,us,2017-03-09,40849,Timor Leste,1
2017-04-15 09:28:21.520000+00:00,-8.1467,123.9328,163.96,4.77,mw,,53.0,1.632,0.83,us,us10008huy,2017-07-05T18:10:01.040Z,"126 km NNW of Pante Makasar, Timor Leste",earthquake,7.8,7.2,0.092,34.0,reviewed,us,us,2017-04-15,40822,Timor Leste,1
2017-04-17 00:37:45.500000+00:00,-7.0583,124.8638,564.99,4.85,mw,,46.0,2.744,0.86,us,us10008i8h,2017-07-11T01:48:34.040Z,"175 km NNW of Maubara, Timor Leste",earthquake,9.5,7.6,0.058,86.0,reviewed,us,us,2017-04-17,40773,Timor Leste,1
2017-05-16 04:25:04.410000+00:00,-7.401,128.8228,153.02,4.94,mw,,87.0,5.866,0.71,us,us10008snk,2017-08-05T03:32:08.040Z,"236 km ENE of Lospalos, Timor Leste",earthquake,8.7,7.7,0.109,25.0,reviewed,us,us,2017-05-16,40743,Timor Leste,1
2017-05-17 13:46:10.540000+00:00,-6.0838,125.128,549.48,4.68,mw,,41.0,3.746,0.75,us,us10008t0l,2017-08-05T03:32:10.040Z,"277 km N of Likisá, Timor Leste",earthquake,9.0,12.3,0.122,19.0,reviewed,us,us,2017-05-17,40846,Timor Leste,1
2017-05-23 14:36:28.770000+00:00,-6.6673,128.0067,296.97,4.85,mw,,44.0,3.517,0.47,us,us10008wjg,2017-08-10T01:33:59.040Z,"233 km NNE of Lospalos, Timor Leste",earthquake,7.2,8.6,0.157,15.0,reviewed,us,us,2017-05-23,40772,Timor Leste,1
2017-05-26 19:29:45.400000+00:00,-7.4303,128.202,151.05,5.37,mw,,23.0,3.117,0.78,us,us10008vkq,2025-12-22T17:24:12.701Z,"179 km NE of Lospalos, Timor Leste",earthquake,7.3,4.8,0.053,115.0,reviewed,us,us,2017-05-26,40687,Timor Leste,1
2017-06-01 22:54:24.670000+00:00,-7.5212,129.3405,108.67,5.03,mw,,71.0,1.994,1.36,us,us20009j45,2017-08-15T02:26:50.040Z,"280 km ENE of Lospalos, Timor Leste",earthquake,7.9,6.4,0.142,15.0,reviewed,us,us,2017-06-01,40741,Timor Leste,1
2017-06-16 20:23:35.080000+00:00,-7.9107,129.4594,153.79,4.85,mw,,97.0,1.823,0.89,us,us20009p16,2017-08-18T23:13:30.040Z,"279 km ENE of Lospalos, Timor Leste",earthquake,7.6,13.2,0.191,8.0,reviewed,us,us,2017-06-16,40782,Timor Leste,1
2017-06-22 23:08:09+00:00,-6.8916,126.8728,389.52,4.68,mw,,73.0,3.839,0.43,us,us20009p5f,2017-08-23T16:35:47.040Z,"180 km N of Lospalos, Timor Leste",earthquake,9.0,9.8,0.119,20.0,reviewed,us,us,2017-06-22,40846,Timor Leste,1
2017-06-27 17:57:59.830000+00:00,-7.4823,125.8371,406.81,4.68,mw,,40.0,2.74,1.03,us,us100096q6,2017-09-27T02:03:15.040Z,"115 km N of Manatutu, Timor Leste",earthquake,8.6,9.4,0.125,18.0,reviewed,us,us,2017-06-27,40822,Timor Leste,1
2017-07-05 02:54:38.510000+00:00,-6.604,128.6066,243.78,4.85,mw,,88.0,3.001,0.62,us,us100096tb,2017-10-03T00:47:49.040Z,"276 km NE of Lospalos, Timor Leste",earthquake,9.2,8.0,0.108,25.0,reviewed,us,us,2017-07-05,40809,Timor Leste,1
2017-07-05 17:15:53.830000+00:00,-7.8233,128.6418,67.26,5.11,mw,,57.0,2.636,0.79,us,us10009703,2017-10-03T00:47:50.040Z,"196 km ENE of Lospalos, Timor Leste",earthquake,7.4,6.7,0.074,57.0,reviewed,us,us,2017-07-05,40704,Timor Leste,1
2017-07-05 18:01:27.210000+00:00,-8.1914,128.8042,52.07,4.68,mw,,68.0,2.478,0.93,us,us1000992r,2017-10-03T00:47:50.040Z,"202 km E of Lospalos, Timor Leste",earthquake,4.9,19.8,0.2,7.0,reviewed,us,us,2017-07-05,40832,Timor Leste,1
2017-07-11 19:17:52.940000+00:00,-6.9923,129.0979,153.36,4.77,mw,,85.0,2.393,0.99,us,us20009xep,2017-10-06T23:56:14.040Z,"286 km NE of Lospalos, Timor Leste",earthquake,5.1,16.6,0.22,6.0,reviewed,us,us,2017-07-11,40822,Timor Leste,1
2017-07-15 15:31:11.090000+00:00,-9.0969,126.7855,84.4,4.77,mw,,66.0,2.569,0.8,us,us20009wl5,2017-10-06T23:56:19.040Z,"53 km ESE of Viqueque, Timor Leste",earthquake,7.2,9.2,0.138,15.0,reviewed,us,us,2017-07-15,40814,Timor Leste,1
2017-07-17 08:49:32.230000+00:00,-7.5044,127.5552,143.31,5.2,mw,,19.0,3.74,1.48,us,us20009ww5,2025-12-22T17:25:17.315Z,"128 km NNE of Lospalos, Timor Leste",earthquake,6.9,4.3,0.077,53.0,reviewed,us,us,2017-07-17,40695,Timor Leste,1
2017-07-17 13:37:37.780000+00:00,-6.6518,127.435,410.45,4.68,mw,,47.0,4.054,0.72,us,us20009wxu,2017-10-11T01:03:51.040Z,"212 km NNE of Lospalos, Timor Leste",earthquake,10.4,6.2,0.099,29.0,reviewed,us,us,2017-07-17,40834,Timor Leste,1
2017-07-29 12:52:34.200000+00:00,-9.4984,125.8281,68.34,4.85,mw,,97.0,1.56,1.16,us,us2000a40i,2017-10-14T00:19:45.040Z,"58 km SSE of Same, Timor Leste",earthquake,9.5,9.3,0.243,5.0,reviewed,us,us,2017-07-29,40779,Timor Leste,1
2017-07-29 15:45:41.290000+00:00,-8.3289,124.3611,10.0,4.68,mw,,97.0,1.42,1.49,us,us2000a40s,2017-10-14T00:19:45.040Z,"96 km N of Pante Makasar, Timor Leste",earthquake,9.2,1.9,0.177,9.0,reviewed,us,us,2017-07-29,40834,Timor Leste,1
2017-08-01 10:30:50.800000+00:00,-6.337,125.5892,533.57,4.85,mw,,52.0,3.639,0.93,us,us2000a5jg,2017-10-18T01:54:13.040Z,"243 km N of Metinaro, Timor Leste",earthquake,14.6,14.0,0.132,17.0,reviewed,us,us,2017-08-01,40788,Timor Leste,1
2017-08-04 16:43:07.200000+00:00,-7.7606,123.8856,287.59,4.85,mw,,179.0,1.848,0.87,us,us2000a6d4,2017-10-18T01:54:18.040Z,"168 km NNW of Pante Makasar, Timor Leste",earthquake,14.3,13.9,0.171,10.0,reviewed,us,us,2017-08-04,40803,Timor Leste,1
2017-08-15 16:34:33.570000+00:00,-6.5265,127.4109,415.16,4.6,mw,,96.0,4.119,0.47,us,us2000a9fk,2017-11-14T01:42:09.040Z,"225 km NNE of Lospalos, Timor Leste",earthquake,8.6,14.9,0.304,3.0,reviewed,us,us,2017-08-15,40994,Timor Leste,1
2017-08-16 02:42:49.760000+00:00,-7.1269,129.1687,166.44,5.11,mw,,76.0,2.276,1.03,us,us2000a8my,2017-11-14T01:42:09.040Z,"284 km ENE of Lospalos, Timor Leste",earthquake,8.0,7.4,0.088,40.0,reviewed,us,us,2017-08-16,40869,Timor Leste,1
2017-08-17 22:55:00.580000+00:00,-7.6972,128.1569,155.06,4.68,mw,,159.0,3.125,1.17,us,us2000aaws,2017-11-14T01:42:12.040Z,"156 km NE of Lospalos, Timor Leste",earthquake,11.4,27.4,0.532,1.0,reviewed,us,us,2017-08-17,40983,Timor Leste,1
2017-08-18 21:00:49.210000+00:00,-6.2578,128.0493,13.7,5.5,mww,,24.0,3.651,0.72,us,us2000a9k7,2022-05-03T18:35:42.163Z,"275 km NNE of Lospalos, Timor Leste",earthquake,6.7,3.6,0.056,31.0,reviewed,us,us,2017-08-18,40863,Timor Leste,1
2017-08-21 15:06:13+00:00,-7.2366,128.0291,178.71,4.51,mw,,169.0,3.325,1.0,us,us2000abnp,2017-11-22T03:43:27.040Z,"181 km NE of Lospalos, Timor Leste",earthquake,12.3,10.5,0.262,4.0,reviewed,us,us,2017-08-21,41019,Timor Leste,1
2017-08-27 19:13:33.970000+00:00,-7.7563,128.6311,99.86,4.77,mw,,66.0,2.652,1.4,us,us2000acaa,2017-11-28T18:33:50.040Z,"198 km ENE of Lospalos, Timor Leste",earthquake,9.0,10.4,0.149,13.0,reviewed,us,us,2017-08-27,40965,Timor Leste,1
2017-08-27 21:18:20.710000+00:00,-7.1689,125.5093,538.08,5.03,mw,,73.0,2.848,0.85,us,us2000acbc,2017-11-28T18:33:50.040Z,"152 km N of Metinaro, Timor Leste",earthquake,12.6,10.0,0.138,16.0,reviewed,us,us,2017-08-27,40875,Timor Leste,1
2017-10-10 18:45:01.150000+00:00,-7.2957,126.052,423.91,4.85,mw,,59.0,3.014,0.8,us,us1000atpj,2018-01-09T02:14:54.040Z,"134 km N of Manatutu, Timor Leste",earthquake,13.1,10.2,0.163,11.0,reviewed,us,us,2017-10-10,40928,Timor Leste,1
2017-10-14 18:45:14.190000+00:00,-5.9924,125.2662,544.1,5.2,mw,,31.0,3.867,0.7,us,us1000as8f,2018-01-09T02:15:00.040Z,"285 km N of Metinaro, Timor Leste",earthquake,8.9,7.1,0.056,100.0,reviewed,us,us,2017-10-14,40866,Timor Leste,1
2017-10-19 07:09:01.550000+00:00,-7.3819,128.5135,145.72,4.94,mw,,57.0,4.816,0.73,us,us1000atzw,2018-01-11T02:22:07.040Z,"209 km NE of Lospalos, Timor Leste",earthquake,6.7,9.6,0.142,15.0,reviewed,us,us,2017-10-19,40919,Timor Leste,1
2017-10-22 23:16:01.560000+00:00,-7.4433,124.6825,543.48,4.51,mw,,84.0,2.333,0.8,us,us1000aymz,2018-01-17T21:50:30.040Z,"141 km NNW of Maubara, Timor Leste",earthquake,10.0,14.5,0.184,8.0,reviewed,us,us,2017-10-22,41035,Timor Leste,1
2017-11-06 09:22:13.350000+00:00,-6.5915,128.515,309.85,5.28,mw,,25.0,3.088,0.79,us,us2000bj51,2025-12-22T17:27:57.455Z,"271 km NE of Lospalos, Timor Leste",earthquake,7.7,5.2,0.045,158.0,reviewed,us,us,2017-11-06,40865,Timor Leste,1
2017-11-09 10:49:21.690000+00:00,-9.3978,125.2633,10.0,4.85,mw,,103.0,1.044,1.01,us,us2000bqft,2018-01-31T03:04:44.040Z,"9 km S of Suai, Timor Leste",earthquake,6.4,1.9,0.171,10.0,reviewed,us,us,2017-11-09,40931,Timor Leste,1
2017-11-21 00:14:41.330000+00:00,-7.3371,126.7684,333.73,4.77,mw,,87.0,3.448,0.79,us,us1000bjci,2018-02-14T02:01:08.040Z,"130 km NNE of Baukau, Timor Leste",earthquake,9.8,13.4,0.202,7.0,reviewed,us,us,2017-11-21,40949,Timor Leste,1
2017-11-25 20:32:57.660000+00:00,-6.637,125.614,540.87,4.77,mw,,52.0,3.372,0.89,us,us1000bjxh,2018-02-14T02:01:15.040Z,"209 km N of Metinaro, Timor Leste",earthquake,9.4,13.8,0.138,15.0,reviewed,us,us,2017-11-25,40969,Timor Leste,1
2017-11-29 12:54:37.770000+00:00,-8.6273,123.6156,119.52,4.77,mw,,58.0,1.292,0.86,us,us2000bvuk,2018-02-20T09:06:07.040Z,"105 km NW of Pante Makasar, Timor Leste",earthquake,6.1,7.2,0.081,44.0,reviewed,us,us,2017-11-29,40975,Timor Leste,1
2017-12-05 18:35:17.330000+00:00,-7.0312,127.4534,337.13,4.6,mw,,82.0,3.928,1.03,us,us2000c3ha,2018-02-28T02:32:27.040Z,"172 km NNE of Lospalos, Timor Leste",earthquake,10.2,10.4,0.159,13.0,reviewed,us,us,2017-12-05,40996,Timor Leste,1
2017-12-10 21:51:17.440000+00:00,-6.9198,126.5077,432.93,4.68,mw,,96.0,3.585,0.59,us,us2000c4zn,2018-03-06T00:49:35.040Z,"172 km N of Baukau, Timor Leste",earthquake,9.1,10.1,0.138,15.0,reviewed,us,us,2017-12-10,40980,Timor Leste,1
2017-12-13 00:55:17.480000+00:00,-8.1894,123.8602,163.38,4.68,mw,,68.0,1.607,1.38,us,us2000c3pp,2018-03-06T00:49:38.040Z,"125 km NNW of Pante Makasar, Timor Leste",earthquake,6.9,7.2,0.1,28.0,reviewed,us,us,2017-12-13,40985,Timor Leste,1
2017-12-15 21:02:10.090000+00:00,-6.7647,128.9867,10.0,4.68,mw,,165.0,2.592,1.16,us,us1000buih,2018-03-06T00:49:43.040Z,"293 km NE of Lospalos, Timor Leste",earthquake,7.6,2.0,0.266,4.0,reviewed,us,us,2017-12-15,40988,Timor Leste,1
2017-12-18 23:25:34.100000+00:00,-9.1053,123.8899,97.15,5.03,mw,,74.0,0.745,1.08,us,us1000bsuk,2018-03-14T00:58:22.040Z,"55 km W of Pante Makasar, Timor Leste",earthquake,7.0,7.0,0.101,30.0,reviewed,us,us,2017-12-18,40875,Timor Leste,1
2017-12-23 00:22:57.150000+00:00,-7.5158,129.2694,95.94,4.85,mw,,148.0,2.063,1.21,us,us1000c21t,2018-03-14T00:58:27.040Z,"273 km ENE of Lospalos, Timor Leste",earthquake,6.7,10.8,0.144,14.0,reviewed,us,us,2017-12-23,40946,Timor Leste,1
2017-12-24 18:10:58.110000+00:00,-7.4868,125.1966,363.13,4.6,mw,,46.0,2.434,1.1,us,us1000c2jz,2018-03-17T01:54:33.040Z,"122 km N of Likisá, Timor Leste",earthquake,10.0,9.6,0.141,14.0,reviewed,us,us,2017-12-24,40993,Timor Leste,1
2017-12-26 23:25:32.210000+00:00,-6.8751,125.2941,532.61,4.94,mw,,40.0,3.036,0.62,us,us1000bwjk,2018-03-17T01:54:36.040Z,"188 km N of Dili, Timor Leste",earthquake,6.3,7.7,0.067,66.0,reviewed,us,us,2017-12-26,40923,Timor Leste,1
2018-01-18 01:01:02.770000+00:00,-6.8477,127.0386,395.02,4.77,mw,,72.0,3.983,0.61,us,us2000crqv,2018-04-10T01:11:44.040Z,"185 km N of Lospalos, Timor Leste",earthquake,7.7,8.3,0.155,12.0,reviewed,us,us,2018-01-18,40961,Timor Leste,1
2018-01-29 04:35:13.510000+00:00,-6.954,127.8392,294.77,4.51,mw,,78.0,3.579,0.65,us,us2000czkd,2018-04-25T01:39:34.040Z,"196 km NNE of Lospalos, Timor Leste",earthquake,10.1,11.5,0.174,9.0,reviewed,us,us,2018-01-29,41030,Timor Leste,1
2018-02-03 13:37:00.720000+00:00,-7.5618,127.7524,153.74,5.37,mw,,52.0,3.539,1.11,us,us1000cfb0,2018-04-25T01:39:45.040Z,"134 km NE of Lospalos, Timor Leste",earthquake,7.5,6.2,0.082,48.0,reviewed,us,us,2018-02-03,40864,Timor Leste,1
2018-02-09 18:54:58.990000+00:00,-6.7631,125.227,541.1,4.68,mw,,69.0,3.121,0.83,us,us2000czsc,2018-05-03T22:15:07.040Z,"202 km N of Likisá, Timor Leste",earthquake,9.7,14.2,0.134,19.0,reviewed,us,us,2018-02-09,41132,Timor Leste,1
2018-02-12 15:19:53.110000+00:00,-6.588,128.7975,105.17,4.77,mw,,215.0,2.841,0.23,us,us2000d6f7,2018-05-15T06:29:03.040Z,"291 km NE of Lospalos, Timor Leste",earthquake,12.0,19.6,0.24,5.0,reviewed,us,us,2018-02-12,41085,Timor Leste,1
2018-02-13 00:50:54.960000+00:00,-9.2859,126.4461,35.0,4.94,mw,,65.0,2.199,0.91,us,us2000d18c,2018-05-15T06:29:03.040Z,"48 km S of Viqueque, Timor Leste",earthquake,6.1,2.0,0.109,25.0,reviewed,us,us,2018-02-13,41068,Timor Leste,1
2018-02-17 01:55:41.120000+00:00,-7.5551,128.0918,123.8,5.28,mw,,30.0,3.206,0.88,us,us2000d3q5,2018-05-15T06:29:11.040Z,"161 km NE of Lospalos, Timor Leste",earthquake,6.9,5.8,0.066,72.0,reviewed,us,us,2018-02-17,41044,Timor Leste,1
2018-02-19 08:31:02.610000+00:00,-8.1335,123.5608,193.4,4.51,mw,,75.0,1.401,1.17,us,us2000d9nb,2018-05-22T02:00:16.040Z,"148 km NW of Pante Makasar, Timor Leste",earthquake,7.8,7.5,0.135,15.0,reviewed,us,us,2018-02-19,41181,Timor Leste,1
2018-02-20 22:21:52.690000+00:00,-7.1125,125.4131,538.8,4.85,mw,,83.0,2.86,0.54,us,us2000d9pr,2018-05-22T02:00:19.040Z,"160 km NNW of Metinaro, Timor Leste",earthquake,14.0,8.1,0.171,10.0,reviewed,us,us,2018-02-20,41081,Timor Leste,1
2018-03-08 22:32:32.710000+00:00,-6.9573,129.1137,158.13,4.68,mw,,83.0,2.394,0.56,us,us1000d5a9,2018-06-08T05:12:16.040Z,"290 km NE of Lospalos, Timor Leste",earthquake,8.8,15.8,0.201,7.0,reviewed,us,us,2018-03-08,41134,Timor Leste,1
2018-03-17 09:23:48.440000+00:00,-9.7555,126.9091,10.0,5.11,mw,,62.0,2.604,0.45,us,us1000d5lq,2018-06-11T21:53:49.040Z,"115 km SSE of Viqueque, Timor Leste",earthquake,6.8,1.8,0.081,47.0,reviewed,us,us,2018-03-17,41049,Timor Leste,3
2018-03-18 16:38:19.650000+00:00,-7.2565,129.3664,138.38,4.51,mw,,77.0,2.046,0.9,us,us1000d83s,2018-06-11T21:53:51.040Z,"296 km ENE of Lospalos, Timor Leste",earthquake,9.6,7.4,0.234,5.0,reviewed,us,us,2018-03-18,41188,Timor Leste,1
2018-03-19 15:18:50.750000+00:00,-7.6237,127.5768,181.48,4.68,mw,,108.0,3.705,1.0,us,us1000d85c,2018-06-19T01:35:44.040Z,"118 km NNE of Lospalos, Timor Leste",earthquake,8.1,12.4,0.187,8.0,reviewed,us,us,2018-03-19,41135,Timor Leste,1
2018-03-21 14:36:21.890000+00:00,-7.5235,128.9645,109.5,4.77,mw,,40.0,2.357,0.86,us,us1000d71m,2018-06-19T01:35:46.040Z,"243 km ENE of Lospalos, Timor Leste",earthquake,6.7,7.6,0.095,32.0,reviewed,us,us,2018-03-21,41092,Timor Leste,1
2018-03-25 08:58:10.930000+00:00,-7.3049,128.4848,144.0,5.7,mww,,34.0,2.869,0.79,us,us1000d8u9,2022-05-03T19:45:06.715Z,"212 km NE of Lospalos, Timor Leste",earthquake,7.2,1.9,0.052,36.0,reviewed,us,us,2018-03-25,41041,Timor Leste,1
2018-04-01 13:33:45.040000+00:00,-9.5284,125.0985,43.62,4.43,mw,,78.0,0.85,0.93,us,us2000dwz1,2018-06-22T21:32:20.040Z,"29 km SW of Suai, Timor Leste",earthquake,4.5,13.3,0.259,4.0,reviewed,us,us,2018-04-01,41203,Timor Leste,1
2018-04-15 02:37:59.260000+00:00,-7.1337,124.6372,528.86,4.94,mw,,26.0,2.63,1.04,us,us2000e0gr,2018-07-07T02:25:23.040Z,"175 km NNW of Maubara, Timor Leste",earthquake,7.0,6.1,0.061,80.0,reviewed,us,us,2018-04-15,41077,Timor Leste,1
2018-04-21 05:06:47.820000+00:00,-7.4147,126.6606,334.9,5.11,mw,,25.0,3.318,0.74,us,us1000dpqq,2025-12-22T17:46:20.889Z,"119 km N of Baukau, Timor Leste",earthquake,7.9,7.2,0.066,71.0,reviewed,us,us,2018-04-21,41045,Timor Leste,1
2018-04-30 12:37:11.650000+00:00,-8.864,124.1353,116.87,4.43,mw,,157.0,0.895,1.04,us,us1000dxzc,2018-07-27T20:20:34.040Z,"46 km NW of Pante Makasar, Timor Leste",earthquake,9.6,8.4,0.233,5.0,reviewed,us,us,2018-04-30,41207,Timor Leste,1
2018-05-11 22:25:24.110000+00:00,-6.5497,127.4508,400.73,4.6,mw,,57.0,4.074,0.54,us,us1000e6kp,2018-08-08T15:22:12.040Z,"223 km NNE of Lospalos, Timor Leste",earthquake,9.2,7.5,0.159,11.0,reviewed,us,us,2018-05-11,41139,Timor Leste,1
2018-05-13 12:40:06.770000+00:00,-6.1422,124.869,601.58,5.03,mw,,40.0,3.598,0.76,us,us1000e43j,2018-08-08T15:21:36.040Z,"275 km N of Likisá, Timor Leste",earthquake,11.2,7.3,0.078,50.0,reviewed,us,us,2018-05-13,41051,Timor Leste,1
2018-05-14 23:10:44.220000+00:00,-6.8957,125.7531,521.19,4.6,mw,,80.0,3.199,0.67,us,us1000e7yh,2018-08-15T19:46:50.040Z,"180 km N of Metinaro, Timor Leste",earthquake,14.8,10.6,0.147,13.0,reviewed,us,us,2018-05-14,41168,Timor Leste,1
2018-05-18 09:03:57.170000+00:00,-7.2696,127.691,265.39,4.77,mw,,65.0,4.191,1.04,us,us1000eahl,2018-08-15T19:46:57.040Z,"158 km NNE of Lospalos, Timor Leste",earthquake,9.7,10.1,0.155,12.0,reviewed,us,us,2018-05-18,41112,Timor Leste,1
2018-06-16 13:52:49.350000+00:00,-6.8285,127.1048,409.03,4.94,mw,,53.0,4.042,0.75,us,us1000et7q,2018-09-07T17:47:06.040Z,"187 km N of Lospalos, Timor Leste",earthquake,9.9,9.0,0.123,20.0,reviewed,us,us,2018-06-16,41079,Timor Leste,1
2018-06-29 09:48:42.950000+00:00,-8.8029,127.5039,35.0,5.03,mw,,46.0,3.332,0.89,us,us2000fr4b,2018-09-21T16:25:47.040Z,"63 km ESE of Lospalos, Timor Leste",earthquake,6.5,1.9,0.073,57.0,reviewed,us,us,2018-06-29,41052,Timor Leste,1
2018-07-06 13:50:33.210000+00:00,-6.3076,128.2439,316.01,4.77,mw,,96.0,3.458,0.63,us,us2000g2zb,2018-09-27T14:03:47.040Z,"280 km NNE of Lospalos, Timor Leste",earthquake,11.7,23.3,0.269,4.0,reviewed,us,us,2018-07-06,41106,Timor Leste,1
2018-07-21 14:08:20.830000+00:00,-7.1602,127.3253,288.25,4.94,mw,,86.0,3.974,0.74,us,us2000ge9c,2018-10-04T14:15:30.040Z,"154 km NNE of Lospalos, Timor Leste",earthquake,7.3,16.5,0.206,7.0,reviewed,us,us,2018-07-21,41078,Timor Leste,1
2018-07-25 10:21:52.400000+00:00,-8.613,126.6934,134.1,4.43,mw,,108.0,2.65,1.25,us,us2000ghb1,2018-10-09T16:43:19.040Z,"30 km ESE of Baukau, Timor Leste",earthquake,8.4,14.1,0.365,2.0,reviewed,us,us,2018-07-25,41209,Timor Leste,1
2018-07-27 07:15:21.520000+00:00,-8.3266,123.8393,169.86,4.68,mw,,113.0,1.481,0.98,us,us2000gez7,2018-10-09T16:43:20.040Z,"113 km NNW of Pante Makasar, Timor Leste",earthquake,9.3,4.4,0.133,16.0,reviewed,us,us,2018-07-27,41121,Timor Leste,1
2018-07-30 16:38:26.450000+00:00,-9.1199,125.8392,35.0,4.43,mw,,73.0,1.674,1.04,us,us1000g2l8,2018-10-16T15:34:11.040Z,"24 km ESE of Same, Timor Leste",earthquake,7.0,2.0,0.366,2.0,reviewed,us,us,2018-07-30,41212,Timor Leste,1
2018-08-16 16:37:26.430000+00:00,-7.0088,125.5481,479.3,4.77,mw,,61.0,3.008,1.01,us,us1000geny,2018-10-27T16:22:08.040Z,"169 km N of Metinaro, Timor Leste",earthquake,10.8,9.0,0.107,28.0,reviewed,us,us,2018-08-16,41339,Timor Leste,1
2018-08-26 15:26:32.350000+00:00,-7.5939,127.9304,160.11,4.85,mw,,31.0,3.36,0.69,us,us1000ghln,2018-11-01T17:51:00.040Z,"145 km NE of Lospalos, Timor Leste",earthquake,8.1,7.3,0.11,24.0,reviewed,us,us,2018-08-26,41311,Timor Leste,1
2018-09-07 18:56:44.170000+00:00,-7.946,129.3449,10.0,4.6,mw,,140.0,1.935,0.69,us,us2000hgnf,2018-11-14T17:40:18.040Z,"266 km ENE of Lospalos, Timor Leste",earthquake,4.8,2.0,0.237,5.0,reviewed,us,us,2018-09-07,41385,Timor Leste,1
2018-09-11 15:05:47.130000+00:00,-8.9381,124.4588,77.58,4.77,mw,,192.0,0.833,0.92,us,us2000hh6x,2018-11-21T18:19:14.040Z,"30 km NNE of Pante Makasar, Timor Leste",earthquake,10.4,4.6,0.31,3.0,reviewed,us,us,2018-09-11,41340,Timor Leste,1
2018-09-18 09:25:29.210000+00:00,-7.4061,125.8215,10.0,5.45,mw,,38.0,2.794,0.98,us,us2000hgb0,2022-05-03T19:31:01.093Z,"124 km N of Manatutu, Timor Leste",earthquake,7.6,1.8,0.056,103.0,reviewed,us,us,2018-09-18,41251,Timor Leste,1
2018-09-22 05:32:25.850000+00:00,-7.5172,125.0791,356.3,4.68,mw,,48.0,2.364,0.88,us,us2000hik1,2018-11-27T15:52:02.040Z,"121 km NNW of Likisá, Timor Leste",earthquake,5.6,7.1,0.111,23.0,reviewed,us,us,2018-09-22,41347,Timor Leste,1
2018-09-29 13:26:53.480000+00:00,-8.2736,123.8324,175.97,4.51,mw,,161.0,1.533,0.4,us,us1000h7hl,2018-12-01T16:44:39.040Z,"119 km NNW of Pante Makasar, Timor Leste",earthquake,11.1,8.3,0.158,11.0,reviewed,us,us,2018-09-29,41397,Timor Leste,1
2018-10-01 14:11:47.080000+00:00,-9.1654,124.0673,94.18,4.94,mw,,73.0,0.618,1.07,us,us1000h4zj,2018-12-14T20:32:38.040Z,"34 km W of Pante Makasar, Timor Leste",earthquake,7.8,7.2,0.117,22.0,reviewed,us,us,2018-10-01,41275,Timor Leste,1
2018-10-16 05:02:29.880000+00:00,-6.66,124.0645,624.97,4.94,mw,,36.0,2.67,1.09,us,us1000hcqi,2018-12-21T22:27:01.040Z,"249 km NNW of Maubara, Timor Leste",earthquake,11.8,7.2,0.1,30.0,reviewed,us,us,2018-10-16,41290,Timor Leste,1
2018-10-20 09:47:52.920000+00:00,-6.5155,128.2714,358.83,5.6,mww,,18.0,3.338,0.6,us,us1000hexe,2022-05-03T19:50:28.461Z,"262 km NNE of Lospalos, Timor Leste",earthquake,7.6,3.8,0.047,44.0,reviewed,us,us,2018-10-20,41239,Timor Leste,1
2018-11-06 20:30:18.300000+00:00,-7.2266,123.8571,485.41,5.03,mw,,30.0,2.129,0.91,us,us2000i7pt,2019-01-21T16:42:59.040Z,"213 km NW of Maubara, Timor Leste",earthquake,7.7,6.3,0.061,80.0,reviewed,us,us,2018-11-06,41262,Timor Leste,1
2018-11-21 11:25:57.550000+00:00,-6.9748,126.9286,409.93,4.94,mw,,50.0,3.816,0.63,us,us1000huw7,2019-02-02T20:02:27.040Z,"171 km N of Lospalos, Timor Leste",earthquake,6.0,7.6,0.07,60.0,reviewed,us,us,2018-11-21,41273,Timor Leste,1
2018-11-23 21:15:24.660000+00:00,-6.7294,128.788,206.81,4.6,mw,,110.0,2.784,1.14,us,us1000hxxj,2019-02-02T20:02:32.040Z,"279 km NE of Lospalos, Timor Leste",earthquake,9.2,13.7,0.2,7.0,reviewed,us,us,2018-11-23,41358,Timor Leste,1
2018-12-01 13:27:21.080000+00:00,-7.3841,128.7065,136.0,6.4,mww,,20.0,2.637,0.93,us,us1000hzjp,2022-05-03T19:58:20.497Z,"226 km NE of Lospalos, Timor Leste",earthquake,7.2,1.9,0.043,52.0,reviewed,us,us,2018-12-01,41229,Timor Leste,1
2018-12-02 11:11:07.480000+00:00,-8.7129,127.4962,10.0,4.77,mw,,100.0,3.351,0.92,us,us1000i464,2019-02-09T19:02:23.040Z,"58 km ESE of Lospalos, Timor Leste",earthquake,8.9,1.9,0.178,9.0,reviewed,us,us,2018-12-02,41326,Timor Leste,1
2018-12-04 22:45:34.600000+00:00,-7.3404,129.3239,150.96,4.77,mw,,64.0,2.058,1.13,us,us1000i4b3,2019-02-16T19:52:20.040Z,"287 km ENE of Lospalos, Timor Leste",earthquake,8.0,9.6,0.149,13.0,reviewed,us,us,2018-12-04,41328,Timor Leste,1
2018-12-05 07:03:31.710000+00:00,-8.1353,127.7231,136.81,4.77,mw,,123.0,3.544,1.34,us,us1000i2k8,2019-02-16T19:52:21.040Z,"90 km ENE of Lospalos, Timor Leste",earthquake,9.2,15.9,0.17,10.0,reviewed,us,us,2018-12-05,41336,Timor Leste,1
2018-12-12 07:51:57.030000+00:00,-7.4054,126.8139,292.35,4.85,mw,,86.0,3.434,0.6,us,us2000isps,2019-02-16T22:29:05.040Z,"124 km NNE of Baukau, Timor Leste",earthquake,9.6,12.8,0.145,14.0,reviewed,us,us,2018-12-12,41294,Timor Leste,1
2018-12-23 23:03:23.470000+00:00,-6.2054,127.6882,394.41,4.6,mw,,62.0,3.994,0.85,us,us2000j2x7,2019-02-23T20:23:34.040Z,"267 km NNE of Lospalos, Timor Leste",earthquake,7.0,9.0,0.112,22.0,reviewed,us,us,2018-12-23,41388,Timor Leste,1
2019-01-06 14:25:34.930000+00:00,-7.2958,128.1373,45.95,4.6,mw,,72.0,4.541,0.97,us,us2000j7w2,2019-03-08T17:50:22.040Z,"184 km NE of Lospalos, Timor Leste",earthquake,7.6,10.6,0.2,7.0,reviewed,us,us,2019-01-06,41378,Timor Leste,1
2019-01-12 12:54:01.990000+00:00,-7.6083,127.4766,155.42,5.03,mw,,30.0,3.805,0.79,us,us2000j3bd,2019-04-02T20:52:23.040Z,"113 km NNE of Lospalos, Timor Leste",earthquake,7.2,7.0,0.061,83.0,reviewed,us,us,2019-01-12,41266,Timor Leste,1
2019-01-19 01:57:03.980000+00:00,-6.4612,125.3951,554.79,4.6,mw,,84.0,3.458,0.59,us,us2000jbzi,2019-04-05T21:41:04.040Z,"231 km N of Metinaro, Timor Leste",earthquake,13.3,9.7,0.167,10.0,reviewed,us,us,2019-01-19,41372,Timor Leste,1
2019-01-22 12:52:21.240000+00:00,-8.3051,128.7408,10.0,5.11,mw,,41.0,2.552,0.9,us,us2000j77s,2019-04-12T17:13:54.040Z,"193 km E of Lospalos, Timor Leste",earthquake,3.7,1.8,0.075,55.0,reviewed,us,us,2019-01-22,41255,Timor Leste,1
2019-01-25 09:44:19.980000+00:00,-6.6247,127.6538,385.45,4.51,mw,,64.0,3.859,0.62,us,us2000jerk,2019-04-12T17:17:02.040Z,"221 km NNE of Lospalos, Timor Leste",earthquake,10.1,10.3,0.158,11.0,reviewed,us,us,2019-01-25,41391,Timor Leste,1
2019-01-31 14:01:11.260000+00:00,-7.0919,124.9296,534.46,4.77,mw,,118.0,2.726,1.25,us,us2000jhfd,2019-04-18T19:09:42.040Z,"170 km N of Maubara, Timor Leste",earthquake,15.7,11.7,0.138,15.0,reviewed,us,us,2019-01-31,41337,Timor Leste,1
2019-02-12 04:58:24.470000+00:00,-7.0329,124.525,570.78,4.6,mw,,107.0,2.716,0.63,us,us2000jnji,2019-05-01T22:01:05.040Z,"190 km NNW of Maubara, Timor Leste",earthquake,13.0,11.6,0.152,12.0,reviewed,us,us,2019-02-12,41516,Timor Leste,1
2019-02-23 05:23:38.980000+00:00,-5.9574,125.3247,560.73,4.43,mw,,137.0,3.916,0.52,us,us1000javx,2019-05-11T17:40:34.040Z,"288 km N of Metinaro, Timor Leste",earthquake,11.4,12.3,0.149,12.0,reviewed,us,us,2019-02-23,41575,Timor Leste,1
2019-02-27 03:39:51.830000+00:00,-8.6828,123.8886,99.76,5.11,mw,,95.0,1.129,0.58,us,us1000jcdp,2019-05-14T18:36:23.040Z,"78 km NW of Pante Makasar, Timor Leste",earthquake,8.8,6.9,0.149,14.0,reviewed,us,us,2019-02-27,41426,Timor Leste,1
2019-03-01 05:39:07.470000+00:00,-7.8487,127.734,102.22,4.68,mw,,70.0,3.915,1.18,us,us1000jchu,2019-05-14T18:36:25.040Z,"110 km NE of Lospalos, Timor Leste",earthquake,10.6,9.9,0.161,11.0,reviewed,us,us,2019-03-01,41508,Timor Leste,1
2019-03-13 11:02:01.559000+00:00,-7.6194,129.3749,94.18,4.68,mw,,69.0,1.94,1.07,us,us1000jepe,2019-06-01T21:24:13.040Z,"280 km ENE of Lospalos, Timor Leste",earthquake,3.3,8.4,0.114,23.0,reviewed,us,us,2019-03-13,41511,Timor Leste,1
2019-03-13 14:42:44.900000+00:00,-9.1946,125.7594,10.0,4.94,mw,,61.0,1.574,1.05,us,us1000jk7w,2019-06-01T21:24:27.040Z,"24 km SSE of Same, Timor Leste",earthquake,7.2,1.9,0.145,14.0,reviewed,us,us,2019-03-13,41477,Timor Leste,1
2019-03-15 19:35:19.096000+00:00,-7.4569,128.1387,131.83,5.37,mw,,36.0,4.457,0.88,us,us1000jgqr,2019-06-01T21:24:16.040Z,"172 km NE of Lospalos, Timor Leste",earthquake,8.0,5.2,0.054,111.0,reviewed,us,us,2019-03-15,41420,Timor Leste,1
2019-03-23 22:06:11.360000+00:00,-7.3169,128.5675,145.82,4.77,mw,,64.0,2.786,0.8,us,us2000k787,2019-06-06T18:54:21.040Z,"218 km NE of Lospalos, Timor Leste",earthquake,7.0,7.6,0.096,31.0,reviewed,us,us,2019-03-23,41497,Timor Leste,1
2019-03-24 01:06:54.286000+00:00,-7.6073,125.0655,370.28,4.6,mw,,54.0,2.275,0.86,us,us2000k8m5,2019-06-06T18:54:21.040Z,"112 km N of Maubara, Timor Leste",earthquake,11.4,7.8,0.152,12.0,reviewed,us,us,2019-03-24,41535,Timor Leste,1
2019-04-06 21:55:01.660000+00:00,-6.8285,125.0416,539.0,6.3,mww,,20.0,3.007,0.93,us,us2000kbi1,2025-12-22T18:07:17.241Z,"197 km N of Likisá, Timor Leste",earthquake,8.8,1.9,0.034,84.0,reviewed,us,us,2019-04-06,41409,Timor Leste,1
2019-04-21 01:10:06.712000+00:00,-7.3303,123.9333,557.66,4.94,mw,,22.0,2.122,0.81,us,us700039u2,2019-06-26T20:55:03.040Z,"199 km NW of Maubara, Timor Leste",earthquake,9.6,6.3,0.046,140.0,reviewed,us,us,2019-04-21,41449,Timor Leste,1
2019-04-26 05:00:09.141000+00:00,-7.0361,125.5484,524.09,4.94,mw,,41.0,2.984,0.65,us,us70003cag,2019-07-13T18:42:40.040Z,"166 km N of Metinaro, Timor Leste",earthquake,11.5,9.3,0.085,41.0,reviewed,us,us,2019-04-26,41448,Timor Leste,1
2019-05-01 18:48:31.268000+00:00,-7.4447,126.6778,337.23,4.94,mw,,40.0,3.309,1.06,us,us70003f9y,2019-07-25T18:54:05.040Z,"116 km NNE of Baukau, Timor Leste",earthquake,9.3,14.0,0.206,7.0,reviewed,us,us,2019-05-01,41440,Timor Leste,1
2019-05-02 16:53:25.491000+00:00,-6.3352,127.7832,54.67,4.94,mw,,32.0,3.853,1.17,us,us70003ftz,2019-07-25T18:54:09.040Z,"256 km NNE of Lospalos, Timor Leste",earthquake,7.0,8.6,0.089,40.0,reviewed,us,us,2019-05-02,41482,Timor Leste,1
2019-05-02 18:56:50.268000+00:00,-6.696,127.2356,424.19,4.77,mw,,54.0,4.227,0.98,us,us70003fwa,2019-07-25T18:54:09.040Z,"203 km N of Lospalos, Timor Leste",earthquake,12.5,10.4,0.161,11.0,reviewed,us,us,2019-05-02,41490,Timor Leste,1
2019-05-04 01:49:10.662000+00:00,-8.1878,123.827,172.16,4.77,mw,,56.0,1.617,0.93,us,us70003kw4,2019-07-25T18:54:14.040Z,"127 km NNW of Pante Makasar, Timor Leste",earthquake,10.5,7.3,0.17,10.0,reviewed,us,us,2019-05-04,41507,Timor Leste,1
2019-05-11 05:09:05.679000+00:00,-7.0252,123.7373,597.28,4.51,mw,,107.0,2.183,0.67,us,us70003mly,2019-08-01T17:15:22.040Z,"238 km NW of Maubara, Timor Leste",earthquake,12.3,11.0,0.151,12.0,reviewed,us,us,2019-05-11,41544,Timor Leste,1
2019-05-21 07:02:37.793000+00:00,-9.0556,124.1585,121.51,4.6,mw,,101.0,0.703,0.43,us,us70003t4q,2019-08-13T14:30:47.040Z,"29 km WNW of Pante Makasar, Timor Leste",earthquake,9.7,8.6,0.186,8.0,reviewed,us,us,2019-05-21,41537,Timor Leste,1
2019-05-22 01:39:56.047000+00:00,-7.1561,129.1339,168.08,5.03,mw,,50.0,2.298,1.09,us,us60003qgi,2019-08-13T14:30:28.040Z,"279 km ENE of Lospalos, Timor Leste",earthquake,7.9,6.0,0.075,54.0,reviewed,us,us,2019-05-22,41438,Timor Leste,1
2019-05-25 14:56:53.262000+00:00,-7.813,128.4527,176.01,4.77,mw,,95.0,4.564,0.87,us,us70003tt3,2019-08-13T14:30:50.040Z,"178 km ENE of Lospalos, Timor Leste",earthquake,7.8,13.6,0.162,11.0,reviewed,us,us,2019-05-25,41488,Timor Leste,1
2019-05-28 10:35:55.930000+00:00,-8.5845,128.497,10.0,4.94,mw,,102.0,2.836,0.64,us,us70003wax,2019-08-24T21:17:28.040Z,"165 km E of Lospalos, Timor Leste",earthquake,11.7,1.9,0.109,25.0,reviewed,us,us,2019-05-28,41462,Timor Leste,1
2019-05-30 07:04:41.825000+00:00,-7.5214,127.5813,153.0,4.85,mw,,42.0,3.712,0.52,us,us70003t22,2019-08-24T21:17:36.040Z,"127 km NNE of Lospalos, Timor Leste",earthquake,8.7,7.4,0.089,37.0,reviewed,us,us,2019-05-30,41488,Timor Leste,1
2019-06-09 03:32:28.834000+00:00,-6.8264,128.8143,196.24,4.43,mw,,85.0,2.718,1.18,us,us600040qy,2019-08-27T17:47:58.040Z,"274 km NE of Lospalos, Timor Leste",earthquake,11.2,6.8,0.212,6.0,reviewed,us,us,2019-06-09,41556,Timor Leste,1
2019-06-16 15:42:36.355000+00:00,-8.5897,127.9242,10.0,4.6,mw,,117.0,3.393,0.41,us,us600044bf,2019-09-06T14:25:28.040Z,"102 km E of Lospalos, Timor Leste",earthquake,4.9,2.0,0.235,5.0,reviewed,us,us,2019-06-16,41533,Timor Leste,1
2019-06-18 14:27:18.290000+00:00,-7.5308,128.9007,114.84,5.2,mw,,31.0,2.418,0.77,us,us600042gq,2019-09-11T15:19:07.040Z,"236 km ENE of Lospalos, Timor Leste",earthquake,3.6,7.3,0.092,37.0,reviewed,us,us,2019-06-18,41424,Timor Leste,1
2019-06-20 16:30:00.948000+00:00,-7.4039,125.4898,438.36,5.0,mww,,35.0,2.63,0.72,us,us600043sa,2025-12-22T18:11:48.200Z,"127 km NNW of Metinaro, Timor Leste",earthquake,4.7,5.7,0.089,12.0,reviewed,us,us,2019-06-20,41438,Timor Leste,1
2019-06-27 05:46:23.333000+00:00,-6.2745,125.1305,551.82,4.94,mw,,62.0,3.562,0.68,us,us700045sf,2019-09-14T16:08:13.040Z,"256 km N of Likisá, Timor Leste",earthquake,5.0,11.4,0.084,42.0,reviewed,us,us,2019-06-27,41487,Timor Leste,1
2019-07-09 06:17:56.403000+00:00,-7.0056,124.1212,589.71,4.6,mw,,153.0,2.471,0.45,us,us70004nut,2019-09-28T20:01:27.040Z,"214 km NW of Maubara, Timor Leste",earthquake,10.4,14.1,0.186,8.0,reviewed,us,us,2019-07-09,41514,Timor Leste,1
2019-07-28 15:46:36.276000+00:00,-6.5483,128.5997,235.23,4.6,mw,,73.0,3.033,0.84,us,us600050vw,2019-10-11T20:12:45.040Z,"280 km NE of Lospalos, Timor Leste",earthquake,10.2,11.3,0.237,5.0,reviewed,us,us,2019-07-28,41526,Timor Leste,1
2019-08-12 01:06:57.983000+00:00,-8.0903,129.5952,34.65,4.77,mw,,87.0,4.959,0.36,us,us6000570f,2019-10-29T20:34:02.040Z,"290 km E of Lospalos, Timor Leste",earthquake,9.5,4.9,0.268,4.0,reviewed,us,us,2019-08-12,41693,Timor Leste,1
2019-08-14 07:56:33.957000+00:00,-8.4519,128.3307,10.0,5.03,mw,,56.0,2.974,1.07,us,us700058c7,2019-11-02T15:26:20.040Z,"146 km E of Lospalos, Timor Leste",earthquake,7.7,1.9,0.115,23.0,reviewed,us,us,2019-08-14,41628,Timor Leste,1
2019-08-17 04:41:00.462000+00:00,-8.1096,123.9327,165.81,4.6,mw,,89.0,1.668,0.47,us,us700058f7,2019-11-02T15:26:23.040Z,"130 km NNW of Pante Makasar, Timor Leste",earthquake,10.9,8.7,0.235,5.0,reviewed,us,us,2019-08-17,41738,Timor Leste,1
2019-08-19 17:30:49.485000+00:00,-7.1573,127.6603,216.56,4.77,mw,,50.0,3.699,0.59,us,us700058h1,2019-11-02T15:26:25.040Z,"167 km NNE of Lospalos, Timor Leste",earthquake,8.5,4.3,0.13,17.0,reviewed,us,us,2019-08-19,41675,Timor Leste,1
2019-08-30 09:18:32.803000+00:00,-7.7995,127.1271,90.25,4.94,mw,,64.0,3.43,0.59,us,us70005a4g,2019-11-15T17:20:29.040Z,"81 km N of Lospalos, Timor Leste",earthquake,5.4,8.2,0.116,22.0,reviewed,us,us,2019-08-30,41655,Timor Leste,1
2019-09-04 05:25:42.792000+00:00,-9.4519,125.2071,10.0,4.68,mw,,181.0,0.974,0.98,us,us70005eu6,2019-11-30T19:36:26.040Z,"16 km SSW of Suai, Timor Leste",earthquake,3.9,2.0,0.177,9.0,reviewed,us,us,2019-09-04,41696,Timor Leste,1
2019-09-16 00:36:28.201000+00:00,-6.4909,127.8704,340.81,4.77,mw,,88.0,3.71,0.62,us,us60005mv4,2019-12-05T18:30:52.040Z,"244 km NNE of Lospalos, Timor Leste",earthquake,7.8,9.1,0.179,9.0,reviewed,us,us,2019-09-16,41693,Timor Leste,1
2019-09-19 10:32:04.435000+00:00,-5.8859,125.9238,524.84,4.77,mw,,59.0,4.18,0.63,us,us60005kx8,2019-12-10T17:26:57.040Z,"290 km N of Manatutu, Timor Leste",earthquake,12.2,11.1,0.179,9.0,reviewed,us,us,2019-09-19,41694,Timor Leste,1
2019-09-25 14:39:28.245000+00:00,-7.1115,125.1051,558.37,4.94,mw,,78.0,2.754,0.88,us,us70005l5b,2019-12-20T19:02:33.040Z,"165 km N of Likisá, Timor Leste",earthquake,8.5,8.9,0.102,29.0,reviewed,us,us,2019-09-25,41634,Timor Leste,1
2019-10-14 21:26:32.056000+00:00,-9.0122,128.5791,10.0,4.68,mw,,57.0,2.878,0.79,us,us70005u6h,2019-12-28T20:46:02.040Z,"182 km ESE of Lospalos, Timor Leste",earthquake,4.3,1.9,0.177,9.0,reviewed,us,us,2019-10-14,41720,Timor Leste,1
2019-10-16 21:10:17.755000+00:00,-7.522,127.8765,10.0,5.2,mw,,31.0,3.422,0.82,us,us70005usg,2020-01-03T16:09:21.040Z,"146 km NE of Lospalos, Timor Leste",earthquake,6.2,1.8,0.065,74.0,reviewed,us,us,2019-10-16,41595,Timor Leste,1
2019-10-19 14:29:19.102000+00:00,-8.7197,127.5117,10.0,5.1,mww,,51.0,3.364,1.08,us,us70005vzl,2025-12-22T18:19:44.247Z,"60 km ESE of Lospalos, Timor Leste",earthquake,7.7,1.8,0.075,17.0,reviewed,us,us,2019-10-19,41625,Timor Leste,1
2019-10-27 02:25:32.452000+00:00,-7.4149,128.3043,161.7,4.68,mw,,66.0,3.021,1.09,us,us600063gi,2020-01-11T21:26:46.040Z,"188 km NE of Lospalos, Timor Leste",earthquake,9.8,8.3,0.133,16.0,reviewed,us,us,2019-10-27,41726,Timor Leste,1
2019-10-28 09:55:11.414000+00:00,-6.9023,126.532,430.17,4.51,mw,,66.0,3.613,0.51,us,us700063i7,2020-01-11T21:26:51.040Z,"174 km N of Baukau, Timor Leste",earthquake,12.8,9.8,0.145,13.0,reviewed,us,us,2019-10-28,41748,Timor Leste,1
2019-10-31 19:28:38.030000+00:00,-6.8213,128.0349,296.7,4.77,mw,,75.0,3.436,0.58,us,us6000698p,2020-01-18T20:00:43.040Z,"220 km NNE of Lospalos, Timor Leste",earthquake,8.8,6.5,0.143,14.0,reviewed,us,us,2019-10-31,41692,Timor Leste,1
2019-11-05 21:34:08.291000+00:00,-7.3181,126.7319,354.93,4.51,mw,,69.0,3.436,0.58,us,us60006b5s,2020-02-01T23:21:38.040Z,"131 km NNE of Baukau, Timor Leste",earthquake,9.1,4.5,0.151,12.0,reviewed,us,us,2019-11-05,41743,Timor Leste,1
2019-11-22 04:54:49.721000+00:00,-8.897,123.9883,92.62,5.28,mw,,77.0,0.896,0.94,us,us70006bea,2020-02-14T22:02:11.040Z,"54 km NW of Pante Makasar, Timor Leste",earthquake,7.3,6.4,0.11,26.0,reviewed,us,us,2019-11-22,41592,Timor Leste,1
2019-11-23 11:39:58.533000+00:00,-7.3594,128.7407,127.64,5.3,mww,,31.0,2.61,0.79,us,us70006c6h,2025-12-22T18:23:58.374Z,"231 km NE of Lospalos, Timor Leste",earthquake,7.2,6.4,0.055,32.0,reviewed,us,us,2019-11-23,41590,Timor Leste,1
2019-11-23 13:00:13.797000+00:00,-7.5536,124.9357,353.72,5.11,mw,,35.0,2.285,0.97,us,us70006c7c,2020-02-14T22:02:15.040Z,"120 km NNW of Maubara, Timor Leste",earthquake,6.4,5.4,0.076,54.0,reviewed,us,us,2019-11-23,41608,Timor Leste,1
2019-11-24 03:07:56.823000+00:00,-9.3237,124.1842,71.86,4.68,mw,,120.0,0.436,1.32,us,us70006ccn,2022-08-08T17:02:05.650Z,"25 km WSW of Pante Makasar, Timor Leste",earthquake,7.6,9.9,0.16,11.0,reviewed,us,us,2019-11-24,41713,Timor Leste,1
2019-11-26 03:17:49.923000+00:00,-6.7447,128.6547,217.84,5.11,mw,,44.0,2.896,0.73,us,us70006d15,2020-02-19T18:58:04.040Z,"268 km NE of Lospalos, Timor Leste",earthquake,2.6,6.1,0.094,35.0,reviewed,us,us,2019-11-26,41613,Timor Leste,1
2019-11-30 21:04:07.370000+00:00,-7.3322,123.9489,576.66,4.68,mw,,39.0,2.133,0.77,us,us60006pg1,2020-02-19T18:57:59.040Z,"198 km NW of Maubara, Timor Leste",earthquake,14.3,12.5,0.188,8.0,reviewed,us,us,2019-11-30,41700,Timor Leste,1
2019-12-13 12:43:16.999000+00:00,-7.1304,129.0926,164.4,5.2,mw,,38.0,2.345,0.81,us,us60006r0j,2020-03-04T21:26:58.040Z,"277 km NE of Lospalos, Timor Leste",earthquake,7.1,7.3,0.086,42.0,reviewed,us,us,2019-12-13,41597,Timor Leste,1
2019-12-20 09:35:25.914000+00:00,-7.626,127.4458,175.56,4.94,mw,,37.0,3.788,0.66,us,us70006p09,2020-03-07T17:47:37.040Z,"110 km NNE of Lospalos, Timor Leste",earthquake,7.8,6.2,0.084,43.0,reviewed,us,us,2019-12-20,41653,Timor Leste,1
2019-12-26 04:59:09.588000+00:00,-6.9834,125.6556,514.77,4.77,mw,,55.0,3.077,0.8,us,us70006xq0,2020-03-14T22:24:36.040Z,"171 km N of Metinaro, Timor Leste",earthquake,13.2,7.9,0.17,10.0,reviewed,us,us,2019-12-26,41670,Timor Leste,1
2020-01-07 09:39:10.926000+00:00,-7.4196,129.36,157.62,4.51,mw,,73.0,2.001,1.0,us,us70006vn9,2020-03-21T17:13:41.040Z,"287 km ENE of Lospalos, Timor Leste",earthquake,9.5,7.9,0.14,14.0,reviewed,us,us,2020-01-07,41743,Timor Leste,1
2020-01-10 15:06:32.157000+00:00,-8.3441,128.8291,10.0,4.8,mww,,45.0,2.471,1.16,us,us70006xju,2020-04-02T21:28:10.040Z,"202 km E of Lospalos, Timor Leste",earthquake,4.8,1.7,0.093,11.0,reviewed,us,us,2020-01-10,41667,Timor Leste,1
2020-01-12 10:21:25.715000+00:00,-6.6778,127.4896,406.36,4.85,mw,,47.0,3.994,0.77,us,us70006yp5,2020-04-02T21:28:19.040Z,"211 km NNE of Lospalos, Timor Leste",earthquake,9.3,8.9,0.085,40.0,reviewed,us,us,2020-01-12,41658,Timor Leste,1
2020-01-12 21:54:00.218000+00:00,-6.7162,126.8416,421.07,4.51,mw,,87.0,4.596,0.76,us,us60007etv,2020-04-02T21:27:34.040Z,"199 km NNE of Baukau, Timor Leste",earthquake,13.0,15.1,0.184,8.0,reviewed,us,us,2020-01-12,41741,Timor Leste,1
2020-01-17 01:42:57.221000+00:00,-7.9618,129.0411,35.0,4.85,mw,,123.0,2.236,0.8,us,us60007j7w,2020-04-08T19:40:02.040Z,"233 km ENE of Lospalos, Timor Leste",earthquake,5.9,2.0,0.221,6.0,reviewed,us,us,2020-01-17,41666,Timor Leste,1
2020-02-22 01:11:03.690000+00:00,-8.1132,129.0865,30.74,5.45,mw,,112.0,2.194,0.59,us,us600085a5,2020-05-09T21:40:48.040Z,"234 km ENE of Lospalos, Timor Leste",earthquake,7.7,7.2,0.096,36.0,reviewed,us,us,2020-02-22,41788,Timor Leste,1
2020-02-26 15:41:09.009000+00:00,-8.9934,126.1183,10.0,4.77,mw,,60.0,1.977,0.95,us,us600084m8,2020-05-19T22:13:58.040Z,"30 km WSW of Viqueque, Timor Leste",earthquake,3.2,1.9,0.12,20.0,reviewed,us,us,2020-02-26,41875,Timor Leste,1
2020-03-03 02:22:47.839000+00:00,-9.9541,126.9518,10.0,4.77,mw,,78.0,2.652,0.54,us,us60008b69,2020-05-19T22:14:32.040Z,"137 km SSE of Viqueque, Timor Leste",earthquake,4.6,1.9,0.162,11.0,reviewed,us,us,2020-03-03,41868,Timor Leste,3
2020-03-04 19:39:36.703000+00:00,-6.5817,124.1607,619.52,4.51,mw,,102.0,2.792,0.58,us,us60008ckj,2020-05-23T22:03:06.040Z,"252 km NNW of Maubara, Timor Leste",earthquake,11.1,13.5,0.14,14.0,reviewed,us,us,2020-03-04,41922,Timor Leste,1
2020-03-07 11:35:26.116000+00:00,-7.384,128.6984,165.2,5.2,mww,,25.0,2.645,0.75,us,us60008blz,2025-12-22T18:30:41.105Z,"225 km NE of Lospalos, Timor Leste",earthquake,7.3,4.6,0.053,34.0,reviewed,us,us,2020-03-07,41801,Timor Leste,1
2020-03-10 21:45:33.097000+00:00,-8.5106,128.5317,10.0,4.77,mw,,68.0,2.788,0.64,us,us60008f61,2020-05-23T22:03:30.040Z,"168 km E of Lospalos, Timor Leste",earthquake,8.0,1.9,0.155,12.0,reviewed,us,us,2020-03-10,41897,Timor Leste,1
2020-03-21 01:34:25.392000+00:00,-7.7289,128.4255,94.98,4.51,mw,,84.0,2.857,1.32,us,us70008h0n,2020-06-06T20:54:00.040Z,"180 km ENE of Lospalos, Timor Leste",earthquake,8.8,9.4,0.165,10.0,reviewed,us,us,2020-03-21,41920,Timor Leste,1
2020-03-28 23:10:38.495000+00:00,-7.137,124.0206,590.05,5.3,mww,,19.0,2.31,0.76,us,us70008hzy,2025-12-22T18:31:53.119Z,"209 km NW of Maubara, Timor Leste",earthquake,9.0,4.9,0.093,11.0,reviewed,us,us,2020-03-28,41794,Timor Leste,1
2020-03-31 08:05:33.080000+00:00,-7.6283,127.4063,167.45,5.11,mw,,29.0,3.754,0.81,us,us70008j34,2020-06-13T18:44:47.040Z,"108 km NNE of Lospalos, Timor Leste",earthquake,6.5,5.8,0.073,59.0,reviewed,us,us,2020-03-31,41812,Timor Leste,1
2020-04-02 02:13:11.964000+00:00,-7.9349,125.7018,16.19,5.5,mww,,27.0,2.298,0.95,us,us70008l5g,2025-12-22T18:32:01.156Z,"65 km N of Metinaro, Timor Leste",earthquake,6.6,3.2,0.066,22.0,reviewed,us,us,2020-04-02,41784,Timor Leste,1
2020-04-02 21:42:41.631000+00:00,-6.9666,126.6195,408.54,5.2,mww,,27.0,3.618,1.3,us,us70008m1n,2025-12-22T18:32:02.951Z,"167 km N of Baukau, Timor Leste",earthquake,6.4,4.0,0.08,15.0,reviewed,us,us,2020-04-02,41798,Timor Leste,1
2020-04-13 09:16:27.460000+00:00,-6.7538,126.0288,485.99,4.6,mw,,112.0,3.454,1.02,us,us700090h2,2020-06-30T14:03:16.040Z,"194 km N of Manatutu, Timor Leste",earthquake,17.5,21.1,0.187,8.0,reviewed,us,us,2020-04-13,41901,Timor Leste,1
2020-05-09 11:14:40.628000+00:00,-9.601,125.0443,10.0,4.94,mw,,71.0,0.781,0.81,us,us70009d96,2020-07-29T22:14:23.040Z,"39 km SW of Suai, Timor Leste",earthquake,6.8,1.9,0.111,24.0,reviewed,us,us,2020-05-09,41835,Timor Leste,1
2020-05-10 02:34:08.239000+00:00,-7.4434,128.0588,169.74,4.94,mw,,57.0,3.255,1.03,us,us70009dkm,2020-07-29T22:14:26.040Z,"167 km NE of Lospalos, Timor Leste",earthquake,6.4,5.6,0.105,27.0,reviewed,us,us,2020-05-10,41824,Timor Leste,1
2020-05-15 14:12:05.528000+00:00,-6.4563,128.2097,321.37,5.11,mw,,58.0,3.419,0.76,us,us70009gr1,2020-08-02T00:31:26.040Z,"264 km NNE of Lospalos, Timor Leste",earthquake,8.4,6.6,0.047,139.0,reviewed,us,us,2020-05-15,41819,Timor Leste,1
2020-05-16 21:51:27.236000+00:00,-6.7932,127.3042,10.0,4.85,mw,,62.0,4.206,0.69,us,us70009nam,2020-08-02T00:29:53.040Z,"194 km N of Lospalos, Timor Leste",earthquake,7.9,0.9,0.132,17.0,reviewed,us,us,2020-05-16,41867,Timor Leste,1
2020-05-23 00:13:38.002000+00:00,-7.1501,129.1447,124.95,5.3,mww,,16.0,2.29,1.35,us,us70009nva,2025-12-22T18:35:36.003Z,"281 km ENE of Lospalos, Timor Leste",earthquake,5.8,3.6,0.061,26.0,reviewed,us,us,2020-05-23,41795,Timor Leste,1
2020-06-14 03:35:19.479000+00:00,-8.9885,124.1321,71.8,4.9,mww,,40.0,0.773,1.07,us,us6000abjt,2025-12-22T18:36:25.714Z,"36 km NW of Pante Makasar, Timor Leste",earthquake,6.7,5.4,0.093,11.0,reviewed,us,us,2020-06-14,41861,Timor Leste,1
2020-06-16 02:53:40.437000+00:00,-9.3464,125.6428,10.0,4.68,mw,,172.0,1.416,0.55,us,us6000ah6l,2020-08-22T19:15:04.040Z,"37 km S of Same, Timor Leste",earthquake,9.5,1.9,0.267,4.0,reviewed,us,us,2020-06-16,41899,Timor Leste,1
2020-06-18 11:16:54.774000+00:00,-9.7384,127.6623,10.0,4.85,mw,,68.0,3.346,0.91,us,us6000ae37,2020-08-30T00:00:45.040Z,"153 km SSE of Lospalos, Timor Leste",earthquake,3.2,1.9,0.135,16.0,reviewed,us,us,2020-06-18,41862,Timor Leste,1
2020-06-21 22:29:36.462000+00:00,-7.2631,125.284,459.01,4.51,mw,,87.0,2.672,0.53,us,us7000ac7l,2020-08-30T00:01:22.040Z,"146 km N of Likisá, Timor Leste",earthquake,13.9,11.4,0.214,6.0,reviewed,us,us,2020-06-21,41914,Timor Leste,1
2020-07-01 03:33:00.144000+00:00,-8.0659,123.9755,200.0,4.51,mw,,139.0,1.703,1.04,us,us7000ajx7,2020-09-11T22:13:46.040Z,"133 km NNW of Pante Makasar, Timor Leste",earthquake,11.9,7.5,0.185,8.0,reviewed,us,us,2020-07-01,41904,Timor Leste,1
2020-07-07 09:56:10.405000+00:00,-7.011,124.9728,509.36,5.03,mw,,27.0,2.814,0.68,us,us7000ajef,2020-09-11T22:14:25.040Z,"178 km N of Maubara, Timor Leste",earthquake,10.6,7.1,0.054,106.0,reviewed,us,us,2020-07-07,41822,Timor Leste,1
2020-07-09 16:08:22.490000+00:00,-6.5678,128.7492,240.9,4.94,mw,,42.0,2.893,0.7,us,us7000aktz,2020-09-19T20:58:00.040Z,"289 km NE of Lospalos, Timor Leste",earthquake,7.2,6.3,0.063,80.0,reviewed,us,us,2020-07-09,41824,Timor Leste,1
2020-07-31 23:34:08.946000+00:00,-7.5514,127.5653,137.38,4.6,mw,,55.0,3.724,1.15,us,us6000b7qw,2020-10-10T17:11:06.040Z,"124 km NNE of Lospalos, Timor Leste",earthquake,8.4,7.8,0.152,12.0,reviewed,us,us,2020-07-31,42071,Timor Leste,1
2020-08-18 01:15:15.161000+00:00,-6.489,128.7678,247.97,4.77,mw,,77.0,2.916,0.59,us,us7000bclq,2020-10-24T20:09:12.040Z,"297 km NE of Lospalos, Timor Leste",earthquake,6.4,9.5,0.17,10.0,reviewed,us,us,2020-08-18,42064,Timor Leste,1
2020-08-27 15:21:01.665000+00:00,-8.4598,127.9646,20.97,4.77,mw,,63.0,3.334,0.81,us,us7000bgg0,2020-11-07T18:48:46.040Z,"106 km E of Lospalos, Timor Leste",earthquake,4.1,6.6,0.219,6.0,reviewed,us,us,2020-08-27,42066,Timor Leste,1
2020-08-31 19:52:27.783000+00:00,-7.8153,128.908,75.03,4.68,mw,,65.0,2.374,0.7,us,us7000bhsd,2020-11-07T18:48:51.040Z,"224 km ENE of Lospalos, Timor Leste",earthquake,5.5,9.6,0.201,7.0,reviewed,us,us,2020-08-31,42070,Timor Leste,1
2020-09-09 14:28:13.180000+00:00,-7.2862,127.9165,130.16,4.85,mw,,56.0,3.423,0.74,us,us7000bkcf,2020-11-21T20:10:33.040Z,"170 km NE of Lospalos, Timor Leste",earthquake,5.2,6.3,0.1,29.0,reviewed,us,us,2020-09-09,42037,Timor Leste,1
2020-09-10 03:58:31.936000+00:00,-7.6385,126.8541,42.38,4.85,mw,,46.0,3.311,0.65,us,us7000bkvk,2020-11-21T20:10:34.040Z,"98 km N of Lospalos, Timor Leste",earthquake,3.3,8.0,0.113,23.0,reviewed,us,us,2020-09-10,42029,Timor Leste,1
2020-09-12 20:26:19.258000+00:00,-7.3028,128.4334,138.93,5.2,mww,,11.0,2.919,0.98,us,us7000bmip,2025-12-22T18:44:06.588Z,"207 km NE of Lospalos, Timor Leste",earthquake,7.1,4.2,0.065,23.0,reviewed,us,us,2020-09-12,41975,Timor Leste,1
2020-09-22 10:02:12.465000+00:00,-6.8147,127.0007,409.82,4.6,mw,,99.0,3.981,0.62,us,us6000c17u,2020-11-28T21:32:04.040Z,"188 km N of Lospalos, Timor Leste",earthquake,12.2,15.3,0.264,4.0,reviewed,us,us,2020-09-22,42073,Timor Leste,1
2020-10-19 14:11:57.710000+00:00,-7.1522,126.6203,370.52,5.2,mww,,27.0,3.479,0.75,us,us6000c9f0,2025-12-22T18:43:53.261Z,"147 km N of Baukau, Timor Leste",earthquake,7.2,4.9,0.078,16.0,reviewed,us,us,2020-10-19,41971,Timor Leste,1
2020-10-24 11:14:01.745000+00:00,-6.9332,125.4996,536.37,4.68,mw,,65.0,3.057,0.79,us,us7000c7iv,2021-01-09T20:05:40.040Z,"178 km N of Metinaro, Timor Leste",earthquake,12.6,7.8,0.126,18.0,reviewed,us,us,2020-10-24,42070,Timor Leste,1
2020-10-31 13:41:44.019000+00:00,-6.6956,125.1462,563.97,4.85,mw,,37.0,3.162,1.0,us,us7000c8mf,2021-01-18T23:01:53.040Z,"210 km N of Likisá, Timor Leste",earthquake,10.8,3.1,0.088,38.0,reviewed,us,us,2020-10-31,42036,Timor Leste,1
2020-11-01 03:43:20.342000+00:00,-7.0719,129.2407,182.0,5.7,mww,,14.0,2.232,1.08,us,us7000c8va,2025-12-22T18:44:45.320Z,"294 km ENE of Lospalos, Timor Leste",earthquake,2.6,1.8,0.049,40.0,reviewed,us,us,2020-11-01,41944,Timor Leste,1
2020-11-05 00:32:02.195000+00:00,-7.4073,126.1196,423.3,4.85,mw,,24.0,2.966,0.47,us,us7000can0,2021-01-23T22:25:27.040Z,"122 km N of Manatutu, Timor Leste",earthquake,10.0,6.3,0.076,51.0,reviewed,us,us,2020-11-05,42041,Timor Leste,1
2020-11-05 17:21:56.481000+00:00,-7.2017,124.0654,600.56,4.77,mw,,37.0,2.303,1.16,us,us7000cawc,2021-01-23T22:25:29.040Z,"200 km NW of Maubara, Timor Leste",earthquake,11.8,8.5,0.109,24.0,reviewed,us,us,2020-11-05,42056,Timor Leste,1
2020-11-09 00:33:33.617000+00:00,-7.0414,125.8558,517.23,4.6,mw,,81.0,3.121,0.69,us,us7000ce8q,2021-01-23T22:25:45.040Z,"163 km N of Manatutu, Timor Leste",earthquake,14.6,13.4,0.187,8.0,reviewed,us,us,2020-11-09,42074,Timor Leste,1
2020-11-20 09:39:31.246000+00:00,-7.5841,129.1603,10.0,4.77,mw,,132.0,2.155,1.05,us,us6000cs0y,2021-02-03T17:49:43.040Z,"259 km ENE of Lospalos, Timor Leste",earthquake,6.5,1.9,0.203,7.0,reviewed,us,us,2020-11-20,42059,Timor Leste,1
2020-11-23 14:51:08.193000+00:00,-8.2384,123.89,171.58,4.43,mw,,86.0,1.552,0.57,us,us7000ck38,2021-02-03T17:50:08.040Z,"119 km NNW of Pante Makasar, Timor Leste",earthquake,9.2,8.2,0.183,8.0,reviewed,us,us,2020-11-23,42083,Timor Leste,1
2020-11-28 04:39:57.142000+00:00,-7.4618,127.2002,10.0,4.85,mw,,112.0,3.688,0.88,us,us7000cm59,2021-02-06T18:29:38.040Z,"119 km N of Lospalos, Timor Leste",earthquake,6.1,1.9,0.204,7.0,reviewed,us,us,2020-11-28,42024,Timor Leste,1
2020-11-30 09:17:33.789000+00:00,-6.6679,128.226,302.27,4.85,mw,,119.0,3.316,1.25,us,us7000cl40,2021-02-06T18:29:08.040Z,"245 km NNE of Lospalos, Timor Leste",earthquake,5.6,13.2,0.271,4.0,reviewed,us,us,2020-11-30,42045,Timor Leste,1
2020-12-04 05:26:01.094000+00:00,-7.6124,123.8756,330.29,4.85,mw,,37.0,1.914,0.88,us,us7000cmun,2021-02-12T22:38:49.040Z,"183 km NW of Maubara, Timor Leste",earthquake,8.4,7.2,0.094,33.0,reviewed,us,us,2020-12-04,42041,Timor Leste,1
2020-12-04 09:57:20.757000+00:00,-6.5401,127.3818,405.49,5.11,mw,,21.0,4.141,0.67,us,us7000cmye,2021-02-12T22:38:51.040Z,"223 km N of Lospalos, Timor Leste",earthquake,8.1,7.5,0.061,83.0,reviewed,us,us,2020-12-04,41984,Timor Leste,1
2020-12-04 18:54:53.110000+00:00,-9.1213,124.0302,105.05,4.94,mw,,103.0,0.672,1.12,us,us7000cp82,2021-02-12T22:40:38.040Z,"39 km WNW of Pante Makasar, Timor Leste",earthquake,7.4,6.4,0.316,3.0,reviewed,us,us,2020-12-04,41987,Timor Leste,1
2020-12-05 08:08:28.986000+00:00,-7.7162,128.324,91.67,4.9,mww,,56.0,2.959,0.83,us,us7000cnd4,2025-12-22T18:46:34.410Z,"171 km ENE of Lospalos, Timor Leste",earthquake,6.1,6.9,0.083,14.0,reviewed,us,us,2020-12-05,41997,Timor Leste,1
2020-12-07 16:17:40.583000+00:00,-9.6146,125.0344,10.0,4.6,mw,,99.0,0.769,0.64,us,us7000cpv4,2021-02-12T22:41:04.040Z,"41 km SW of Suai, Timor Leste",earthquake,5.0,1.8,0.372,5.0,reviewed,us,us,2020-12-07,42070,Timor Leste,1
2020-12-08 02:21:33.381000+00:00,-8.8064,127.3894,35.46,4.94,mw,,30.0,3.222,0.83,us,us7000cp0u,2021-02-12T22:40:18.040Z,"53 km SE of Lospalos, Timor Leste",earthquake,6.9,6.5,0.129,18.0,reviewed,us,us,2020-12-08,41985,Timor Leste,1
2020-12-17 04:28:06.989000+00:00,-6.7558,126.6528,420.95,4.43,mw,,99.0,3.802,0.56,us,us6000d1v3,2021-02-27T23:23:32.040Z,"191 km N of Baukau, Timor Leste",earthquake,9.8,12.8,0.149,12.0,reviewed,us,us,2020-12-17,42116,Timor Leste,1
2021-01-19 05:01:03.820000+00:00,-7.3486,125.2798,428.11,5.4,mww,,22.0,2.592,0.82,us,us7000d1a0,2021-03-27T21:05:26.040Z,"137 km N of Likisá, Timor Leste",earthquake,8.9,5.7,0.098,10.0,reviewed,us,us,2021-01-19,41962,Timor Leste,1
2021-01-26 02:30:44.357000+00:00,-6.788,127.4986,390.53,4.68,mw,,41.0,3.951,0.69,us,us7000d3b8,2021-04-13T17:04:11.040Z,"199 km NNE of Lospalos, Timor Leste",earthquake,8.3,7.0,0.116,21.0,reviewed,us,us,2021-01-26,42261,Timor Leste,1
2021-01-26 20:53:07.277000+00:00,-8.1371,129.4758,10.0,4.77,mw,,63.0,1.811,1.13,us,us7000d3i7,2021-04-13T17:05:35.040Z,"276 km E of Lospalos, Timor Leste",earthquake,5.8,1.9,0.138,17.0,reviewed,us,us,2021-01-26,42239,Timor Leste,1
2021-02-19 15:23:54.678000+00:00,-10.156,126.6991,10.0,4.94,mw,,89.0,2.428,1.22,us,us6000diyc,2021-05-04T14:15:00.040Z,"148 km SSE of Viqueque, Timor Leste",earthquake,4.3,1.9,0.193,8.0,reviewed,us,us,2021-02-19,42162,Timor Leste,-1
2021-02-23 23:04:24.746000+00:00,-8.6001,127.5341,10.0,4.77,mw,,80.0,3.423,0.99,us,us6000dkiz,2021-05-04T14:16:44.040Z,"59 km E of Lospalos, Timor Leste",earthquake,7.1,1.9,0.17,10.0,reviewed,us,us,2021-02-23,42231,Timor Leste,1
2021-02-26 02:41:18.725000+00:00,-8.0529,124.2369,161.2,4.51,mw,,196.0,1.691,0.99,us,us7000df6f,2021-05-13T22:34:33.040Z,"123 km WNW of Maubara, Timor Leste",earthquake,12.0,13.9,0.26,5.0,reviewed,us,us,2021-02-26,42299,Timor Leste,1
2021-03-06 03:24:29.003000+00:00,-8.1745,128.9889,10.0,5.03,mw,,124.0,2.295,0.89,us,us7000dinx,2021-05-21T19:50:42.040Z,"222 km E of Lospalos, Timor Leste",earthquake,10.1,1.5,0.195,8.0,reviewed,us,us,2021-03-06,42151,Timor Leste,1
2021-03-08 20:20:10.489000+00:00,-6.0393,125.1734,572.48,4.85,mw,,70.0,3.799,0.6,us,us7000dh6y,2021-05-21T19:48:34.040Z,"282 km N of Dili, Timor Leste",earthquake,13.4,10.3,0.136,16.0,reviewed,us,us,2021-03-08,42171,Timor Leste,1
2021-03-15 15:33:02.825000+00:00,-6.86,126.8519,415.86,4.68,mw,,50.0,3.849,0.54,us,us7000djj8,2021-05-26T22:07:39.040Z,"183 km NNE of Baukau, Timor Leste",earthquake,10.5,7.3,0.093,33.0,reviewed,us,us,2021-03-15,42273,Timor Leste,1
2021-03-17 12:56:57.659000+00:00,-7.5227,128.6616,116.85,4.77,mw,,62.0,2.653,0.6,us,us7000dk9u,2021-05-26T22:08:31.040Z,"214 km ENE of Lospalos, Timor Leste",earthquake,8.2,8.2,0.114,22.0,reviewed,us,us,2021-03-17,42215,Timor Leste,1
2021-04-14 23:55:23.899000+00:00,-7.3643,126.823,300.99,4.6,mw,,102.0,3.468,1.01,us,us6000e3a6,2021-06-19T21:26:26.040Z,"129 km NNE of Baukau, Timor Leste",earthquake,9.6,9.0,0.187,8.0,reviewed,us,us,2021-04-14,42287,Timor Leste,1
2021-04-28 00:49:54.152000+00:00,-6.9531,127.9782,272.11,4.68,mw,,89.0,3.448,1.1,us,us7000e0c0,2021-07-07T18:36:45.040Z,"204 km NNE of Lospalos, Timor Leste",earthquake,9.4,9.5,0.188,8.0,reviewed,us,us,2021-04-28,42257,Timor Leste,1
2021-05-06 12:11:07.691000+00:00,-7.478,127.8291,149.43,5.2,mw,,29.0,3.475,1.15,us,us7000e0lt,2021-07-10T20:15:39.040Z,"147 km NE of Lospalos, Timor Leste",earthquake,5.6,5.6,0.069,67.0,reviewed,us,us,2021-05-06,42123,Timor Leste,1
2021-05-14 16:18:20.206000+00:00,-6.0584,126.0936,496.9,4.6,mw,,91.0,4.094,0.54,us,us7000e4qa,2021-07-24T21:06:54.040Z,"270 km N of Baukau, Timor Leste",earthquake,15.7,13.6,0.199,8.0,reviewed,us,us,2021-05-14,42299,Timor Leste,1
2021-05-22 19:32:47.349000+00:00,-8.3751,128.2797,10.0,4.6,mw,,70.0,3.014,0.96,us,us6000ef76,2021-07-31T22:08:35.040Z,"142 km E of Lospalos, Timor Leste",earthquake,7.2,2.0,0.214,6.0,reviewed,us,us,2021-05-22,42280,Timor Leste,1
2021-05-30 21:35:26.763000+00:00,-6.7721,128.6502,242.03,4.77,mw,,44.0,2.889,0.74,us,us6000eg2r,2021-08-07T22:06:24.040Z,"265 km NE of Lospalos, Timor Leste",earthquake,6.4,8.7,0.12,20.0,reviewed,us,us,2021-05-30,42223,Timor Leste,1
2021-06-09 22:11:49.765000+00:00,-7.365,123.7594,524.77,4.6,mw,,82.0,1.966,0.82,us,us7000eczv,2021-08-24T21:33:08.040Z,"210 km NW of Maubara, Timor Leste",earthquake,8.3,16.2,0.304,3.0,reviewed,us,us,2021-06-09,42279,Timor Leste,1
2021-06-12 19:35:11.894000+00:00,-8.2563,125.7518,89.13,4.94,mw,,55.0,2.09,0.72,us,us7000echi,2021-08-26T21:59:12.040Z,"30 km N of Metinaro, Timor Leste",earthquake,7.4,6.8,0.07,61.0,reviewed,us,us,2021-06-12,42164,Timor Leste,1
2021-06-13 11:37:47.571000+00:00,-7.7453,127.1879,159.94,4.77,mw,,69.0,3.51,0.47,us,us7000ecpi,2021-08-26T21:59:14.040Z,"88 km NNE of Lospalos, Timor Leste",earthquake,8.3,8.5,0.135,16.0,reviewed,us,us,2021-06-13,42201,Timor Leste,1
2021-06-25 23:03:53.463000+00:00,-8.2181,123.8901,169.23,4.68,mw,,60.0,0.882,0.73,us,us6000epus,2021-09-09T22:04:58.040Z,"121 km NNW of Pante Makasar, Timor Leste",earthquake,6.5,8.2,0.188,8.0,reviewed,us,us,2021-06-25,42260,Timor Leste,1
2021-06-30 03:04:25.437000+00:00,-6.954,125.1884,493.72,4.94,mw,,97.0,2.928,0.68,us,us7000eivg,2021-09-09T22:06:49.040Z,"181 km N of Likisá, Timor Leste",earthquake,14.7,11.7,0.151,13.0,reviewed,us,us,2021-06-30,42154,Timor Leste,1
2021-07-01 02:20:55.782000+00:00,-6.3122,128.0764,348.7,4.6,mw,,71.0,5.092,0.61,us,us7000ej3r,2021-09-09T22:06:54.040Z,"271 km NNE of Lospalos, Timor Leste",earthquake,5.5,10.5,0.303,3.0,reviewed,us,us,2021-07-01,42278,Timor Leste,1
2021-07-02 10:05:51.730000+00:00,-8.8293,124.1215,110.96,4.68,mw,,198.0,0.931,0.31,us,us7000ejcp,2021-09-10T20:07:35.040Z,"50 km NW of Pante Makasar, Timor Leste",earthquake,11.5,9.7,0.189,8.0,reviewed,us,us,2021-07-02,42247,Timor Leste,1
2021-07-09 01:53:32.778000+00:00,-7.2505,126.1701,437.57,4.85,mw,,46.0,3.12,0.67,us,us6000etfv,2021-09-17T22:48:32.040Z,"139 km NNW of Baukau, Timor Leste",earthquake,4.0,6.7,0.064,72.0,reviewed,us,us,2021-07-09,42173,Timor Leste,1
2021-07-21 03:27:54.273000+00:00,-7.084,129.2064,94.66,5.03,mw,,118.0,2.258,0.82,us,us6000ezip,2021-09-25T21:08:24.040Z,"290 km ENE of Lospalos, Timor Leste",earthquake,9.8,8.4,0.184,9.0,reviewed,us,us,2021-07-21,42147,Timor Leste,1
2021-07-21 04:33:36.504000+00:00,-7.4139,128.2905,138.41,5.2,mw,,55.0,3.034,0.61,us,us6000exj7,2021-09-25T21:08:25.040Z,"187 km NE of Lospalos, Timor Leste",earthquake,7.9,6.2,0.104,29.0,reviewed,us,us,2021-07-21,42123,Timor Leste,1
2021-07-24 07:17:26.303000+00:00,-7.2984,126.7001,348.04,4.68,mw,,58.0,3.427,0.93,us,us6000eylm,2021-10-03T05:21:37.040Z,"132 km NNE of Baukau, Timor Leste",earthquake,8.3,6.8,0.102,27.0,reviewed,us,us,2021-07-24,42400,Timor Leste,1
2021-07-25 14:39:39.845000+00:00,-7.195,129.2387,136.12,4.94,mw,,76.0,2.187,0.92,us,us6000f0m9,2021-10-03T05:23:59.040Z,"287 km ENE of Lospalos, Timor Leste",earthquake,5.8,9.6,0.194,11.0,reviewed,us,us,2021-07-25,42351,Timor Leste,1
2021-07-25 16:45:29.448000+00:00,-6.6911,128.3161,273.63,4.51,mw,,67.0,3.224,0.93,us,us6000f0m8,2021-10-03T05:23:58.040Z,"249 km NE of Lospalos, Timor Leste",earthquake,8.6,7.4,0.12,21.0,reviewed,us,us,2021-07-25,42456,Timor Leste,1
2021-08-04 04:54:22.079000+00:00,-8.6365,127.4978,10.0,5.11,mw,,84.0,3.377,0.62,us,us6000f22v,2022-08-09T06:24:00.439Z,"56 km ESE of Lospalos, Timor Leste",earthquake,6.8,1.9,0.083,45.0,reviewed,us,us,2021-08-04,42320,Timor Leste,1
2021-08-05 03:29:01.319000+00:00,-9.0821,125.4365,10.0,4.85,mw,,126.0,1.333,0.97,us,us6000f5jy,2021-10-14T01:10:28.040Z,"12 km SW of Ainaro, Timor Leste",earthquake,4.5,1.9,0.172,10.0,reviewed,us,us,2021-08-05,42374,Timor Leste,1
2021-08-11 04:23:59.536000+00:00,-8.955,126.1753,10.0,4.77,mw,,83.0,2.044,0.42,us,us6000f8ui,2021-10-23T15:46:54.040Z,"23 km WSW of Viqueque, Timor Leste",earthquake,8.6,1.9,0.189,8.0,reviewed,us,us,2021-08-11,42382,Timor Leste,1
2021-08-20 16:45:03.148000+00:00,-9.0759,124.2399,80.44,4.9,mww,,29.0,0.675,1.23,us,us6000f8vf,2025-12-22T22:14:03.384Z,"20 km NW of Pante Makasar, Timor Leste",earthquake,2.7,5.5,0.093,11.0,reviewed,us,us,2021-08-20,42358,Timor Leste,1
2021-08-26 11:31:32.291000+00:00,-5.8267,125.7385,41.04,4.68,mw,,78.0,4.166,0.79,us,us7000f7ik,2021-11-02T14:56:44.040Z,"298 km N of Manatutu, Timor Leste",earthquake,4.9,12.6,0.2,7.0,reviewed,us,us,2021-08-26,42430,Timor Leste,1
2021-08-31 01:04:39.311000+00:00,-6.3729,128.3623,324.74,4.6,mw,,46.0,3.323,0.8,us,us7000f5z3,2021-11-06T20:28:43.040Z,"281 km NNE of Lospalos, Timor Leste",earthquake,8.4,8.3,0.102,27.0,reviewed,us,us,2021-08-31,42447,Timor Leste,1
2021-09-11 09:40:12.035000+00:00,-6.9777,124.9878,538.69,5.11,mw,,37.0,2.85,0.53,us,us7000fa9t,2021-11-23T15:09:47.040Z,"182 km NNW of Likisá, Timor Leste",earthquake,10.3,3.2,0.049,131.0,reviewed,us,us,2021-09-11,42329,Timor Leste,1
2021-09-18 14:33:42.344000+00:00,-7.5157,128.9862,121.33,4.68,mw,,83.0,2.338,0.9,us,us7000fdsd,2021-12-03T15:01:54.040Z,"245 km ENE of Lospalos, Timor Leste",earthquake,10.0,12.8,0.266,4.0,reviewed,us,us,2021-09-18,42436,Timor Leste,1
2021-10-04 10:02:13.731000+00:00,-8.2664,127.7518,10.0,5.03,mw,,44.0,3.746,0.71,us,us6000frit,2021-12-10T21:14:07.040Z,"87 km ENE of Lospalos, Timor Leste",earthquake,7.0,1.9,0.117,22.0,reviewed,us,us,2021-10-04,42340,Timor Leste,1
2021-10-12 11:51:15.346000+00:00,-8.155,128.8116,51.63,4.43,mw,,77.0,2.468,0.38,us,us6000fuxn,2021-12-18T19:58:58.040Z,"203 km ENE of Lospalos, Timor Leste",earthquake,6.8,8.1,0.195,7.0,reviewed,us,us,2021-10-12,42471,Timor Leste,1
2021-10-27 05:50:44.322000+00:00,-9.5664,124.9568,38.38,5.11,mw,,52.0,0.705,0.91,us,us7000fp4c,2022-01-08T17:43:09.040Z,"43 km SW of Suai, Timor Leste",earthquake,6.4,7.2,0.105,37.0,reviewed,us,us,2021-10-27,42335,Timor Leste,1
2021-10-28 02:32:05.662000+00:00,-7.476,128.4376,128.08,5.37,mw,,20.0,2.879,0.83,us,us7000fpbe,2022-01-08T17:43:18.040Z,"196 km NE of Lospalos, Timor Leste",earthquake,6.7,4.4,0.052,119.0,reviewed,us,us,2021-10-28,42313,Timor Leste,1
2021-10-30 11:11:42.064000+00:00,-7.7093,125.4591,17.43,5.5,mww,,34.0,2.349,0.54,us,us7000fq2q,2025-12-22T22:19:11.986Z,"94 km N of Dili, Timor Leste",earthquake,6.4,4.0,0.065,23.0,reviewed,us,us,2021-10-30,42303,Timor Leste,1
2021-11-18 18:27:02.076000+00:00,-7.541,124.4565,414.39,4.77,mw,,69.0,2.208,0.86,us,us7000fv8i,2022-01-22T20:52:06.040Z,"144 km NW of Maubara, Timor Leste",earthquake,12.7,10.4,0.169,10.0,reviewed,us,us,2021-11-18,42397,Timor Leste,1
2021-11-28 13:51:16.088000+00:00,-6.7714,125.4315,537.93,5.2,mw,,32.0,3.18,0.75,us,us7000fxr9,2022-02-05T23:04:27.040Z,"197 km N of Metinaro, Timor Leste",earthquake,7.4,5.9,0.052,118.0,reviewed,us,us,2021-11-28,42314,Timor Leste,1
2021-11-29 03:17:25.609000+00:00,-6.8507,127.2082,388.47,4.68,mw,,28.0,4.098,0.62,us,us7000fxv5,2022-02-05T23:04:30.040Z,"186 km N of Lospalos, Timor Leste",earthquake,5.5,6.9,0.087,37.0,reviewed,us,us,2021-11-29,42429,Timor Leste,1
2021-12-05 05:51:14.564000+00:00,-8.9192,123.9155,109.14,4.6,mw,,75.0,0.9,0.57,us,us6000gaxf,2022-02-12T23:07:21.040Z,"60 km WNW of Pante Makasar, Timor Leste",earthquake,6.9,8.0,0.153,15.0,reviewed,us,us,2021-12-05,42453,Timor Leste,1
2021-12-10 19:45:05.215000+00:00,-6.3883,127.4162,404.05,4.68,mw,,66.0,4.572,0.81,us,us6000gcfv,2022-02-24T21:01:14.040Z,"240 km N of Lospalos, Timor Leste",earthquake,10.0,11.3,0.168,10.0,reviewed,us,us,2021-12-10,42419,Timor Leste,1
2021-12-16 04:26:06.982000+00:00,-7.0438,128.6847,10.0,5.6,mww,,30.0,2.754,0.85,us,us6000gcnj,2025-12-22T22:22:57.663Z,"247 km NE of Lospalos, Timor Leste",earthquake,5.8,1.6,0.073,18.0,reviewed,us,us,2021-12-16,42303,Timor Leste,1
2021-12-22 00:30:32.866000+00:00,-7.0668,124.065,605.86,4.77,mw,,66.0,2.389,0.85,us,us6000gec0,2022-03-01T16:39:06.040Z,"212 km NW of Maubara, Timor Leste",earthquake,11.2,6.5,0.088,37.0,reviewed,us,us,2021-12-22,42398,Timor Leste,1
2021-12-22 14:37:10.391000+00:00,-8.6997,124.3008,84.2,4.6,mw,,172.0,1.049,0.41,us,us7000g98p,2022-03-01T16:39:26.040Z,"56 km N of Pante Makasar, Timor Leste",earthquake,11.8,13.0,0.186,8.0,reviewed,us,us,2021-12-22,42453,Timor Leste,1
2021-12-25 23:39:13.575000+00:00,-6.3187,128.0261,344.95,4.51,mw,,66.0,3.644,0.72,us,us6000gfb1,2022-03-05T23:10:40.040Z,"268 km NNE of Lospalos, Timor Leste",earthquake,8.4,8.2,0.14,14.0,reviewed,us,us,2021-12-25,42460,Timor Leste,1
2021-12-29 18:25:51.962000+00:00,-7.5482,127.5773,165.49,7.3,mww,,19.0,3.713,1.06,us,us7000g7lx,2025-12-22T22:23:56.239Z,"125 km NNE of Lospalos, Timor Leste",earthquake,6.3,3.3,0.052,36.0,reviewed,us,us,2021-12-29,42302,Timor Leste,1
2022-01-09 23:20:02.286000+00:00,-8.1211,123.8404,10.0,4.68,mw,,73.0,1.666,0.71,us,us7000gafi,2022-03-19T22:07:33.040Z,"133 km NNW of Pante Makasar, Timor Leste",earthquake,6.4,1.9,0.217,6.0,reviewed,us,us,2022-01-09,42441,Timor Leste,1
2022-01-18 00:46:02.840000+00:00,-7.7057,127.8857,180.26,4.85,mw,,122.0,4.116,0.69,us,us7000gcrl,2022-04-01T17:40:15.040Z,"133 km NE of Lospalos, Timor Leste",earthquake,10.0,8.3,0.104,27.0,reviewed,us,us,2022-01-18,42530,Timor Leste,1
2022-01-28 20:35:26.351000+00:00,-6.9233,125.628,519.48,4.77,mw,,32.0,3.119,0.95,us,us7000gg0m,2022-04-09T20:19:16.040Z,"178 km N of Metinaro, Timor Leste",earthquake,9.3,7.3,0.093,38.0,reviewed,us,us,2022-01-28,42559,Timor Leste,1
2022-01-30 23:45:27.152000+00:00,-7.3041,125.7897,10.0,4.94,mw,,103.0,2.863,0.95,us,us7000ghz3,2022-04-15T17:57:21.040Z,"135 km N of Metinaro, Timor Leste",earthquake,7.8,1.8,0.119,21.0,reviewed,us,us,2022-01-30,42510,Timor Leste,1
2022-02-01 19:25:10.031000+00:00,-7.483,128.3132,119.0,6.0,mww,,14.0,3.0,0.8,us,us7000gh1g,2022-04-15T17:57:11.040Z,"184 km NE of Lospalos, Timor Leste",earthquake,4.3,1.8,0.047,43.0,reviewed,us,us,2022-02-01,42490,Timor Leste,1
2022-02-03 15:40:49.326000+00:00,-9.1111,125.7147,10.0,5.45,mw,,28.0,1.565,0.89,us,us7000ghm1,2022-08-06T11:59:39.432Z,"13 km SSE of Same, Timor Leste",earthquake,5.8,1.8,0.055,118.0,reviewed,us,us,2022-02-03,42492,Timor Leste,1
2022-02-05 03:20:23.889000+00:00,-8.973,124.0641,105.44,5.03,mw,,97.0,0.802,0.95,us,us7000gi62,2022-04-19T17:38:32.040Z,"43 km NW of Pante Makasar, Timor Leste",earthquake,8.4,7.2,0.104,30.0,reviewed,us,us,2022-02-05,42507,Timor Leste,1
2022-02-14 05:22:17.699000+00:00,-7.8421,123.5939,238.99,4.51,mw,,143.0,1.556,0.82,us,us7000glyx,2022-04-30T14:18:10.040Z,"173 km NNW of Pante Makasar, Timor Leste",earthquake,9.8,9.8,0.262,4.0,reviewed,us,us,2022-02-14,42631,Timor Leste,1
2022-02-14 20:22:33.646000+00:00,-8.8065,127.2478,10.0,4.77,mw,,84.0,3.089,0.92,us,us7000gkv9,2022-04-30T14:18:13.040Z,"41 km SE of Lospalos, Timor Leste",earthquake,7.8,1.9,0.134,16.0,reviewed,us,us,2022-02-14,42564,Timor Leste,1
2022-02-16 03:00:33.364000+00:00,-7.1086,128.8225,10.0,4.77,mw,,70.0,2.604,1.07,us,us7000gmsc,2022-04-30T14:18:17.040Z,"254 km NE of Lospalos, Timor Leste",earthquake,7.8,1.9,0.203,7.0,reviewed,us,us,2022-02-16,42560,Timor Leste,1
2022-02-17 04:39:15.725000+00:00,-6.1717,127.6091,419.19,4.6,mw,,75.0,4.079,0.62,us,us7000glki,2022-04-30T14:18:21.040Z,"268 km NNE of Lospalos, Timor Leste",earthquake,12.9,8.8,0.131,16.0,reviewed,us,us,2022-02-17,42630,Timor Leste,1
2022-02-17 18:42:09.405000+00:00,-7.9896,124.3371,188.0,4.94,mw,,74.0,1.755,0.87,us,us7000glry,2022-04-30T14:18:23.040Z,"117 km NW of Maubara, Timor Leste",earthquake,9.2,6.0,0.078,49.0,reviewed,us,us,2022-02-17,42510,Timor Leste,1
2022-02-22 21:10:01.167000+00:00,-8.9831,125.2093,37.35,5.03,mw,,31.0,1.205,0.69,us,us7000gn1u,2022-05-04T13:39:52.040Z,"1 km NW of Maliana, Timor Leste",earthquake,7.0,5.8,0.088,39.0,reviewed,us,us,2022-02-22,42509,Timor Leste,1
2022-02-26 14:16:43.339000+00:00,-8.5193,124.2411,10.0,4.85,mw,,87.0,1.228,0.94,us,us6000h1rj,2022-05-07T21:32:46.040Z,"76 km NNW of Pante Makasar, Timor Leste",earthquake,5.7,1.9,0.127,18.0,reviewed,us,us,2022-02-26,42529,Timor Leste,1
2022-03-04 20:32:20.137000+00:00,-8.468,123.5369,165.47,4.68,mw,,73.0,1.295,0.99,us,us6000h25d,2022-05-07T21:32:53.040Z,"123 km NW of Pante Makasar, Timor Leste",earthquake,8.8,7.3,0.079,48.0,reviewed,us,us,2022-03-04,42599,Timor Leste,1
2022-03-08 02:45:43.526000+00:00,-7.7046,129.0643,44.81,4.94,mw,,71.0,2.231,0.47,us,us6000h3tz,2022-05-14T21:52:33.040Z,"244 km ENE of Lospalos, Timor Leste",earthquake,8.1,10.2,0.172,10.0,reviewed,us,us,2022-03-08,42525,Timor Leste,1
2022-03-09 23:21:48.810000+00:00,-7.1471,127.7899,244.07,4.68,mw,,68.0,3.576,0.65,us,us6000h4i1,2022-05-14T21:52:35.040Z,"175 km NNE of Lospalos, Timor Leste",earthquake,10.0,8.3,0.217,6.0,reviewed,us,us,2022-03-09,42600,Timor Leste,1
2022-03-19 06:25:57.995000+00:00,-8.1289,123.9278,164.68,4.68,mw,,82.0,1.65,0.86,us,us7000gwty,2022-05-28T18:35:30.040Z,"128 km NNW of Pante Makasar, Timor Leste",earthquake,6.4,11.2,0.307,3.0,reviewed,us,us,2022-03-19,42616,Timor Leste,1
2022-03-26 04:14:22.736000+00:00,-6.4043,128.0706,316.94,4.43,mw,,87.0,3.566,0.51,us,us7000gyq1,2022-06-04T20:42:04.040Z,"262 km NNE of Lospalos, Timor Leste",earthquake,11.4,11.8,0.211,7.0,reviewed,us,us,2022-03-26,42657,Timor Leste,1
2022-04-07 15:02:27.083000+00:00,-6.8438,127.1346,435.81,4.68,mw,,53.0,4.052,0.61,us,us7000h0el,2022-06-11T20:21:11.040Z,"186 km N of Lospalos, Timor Leste",earthquake,10.7,7.3,0.084,42.0,reviewed,us,us,2022-04-07,42570,Timor Leste,1
2022-04-08 00:30:54.867000+00:00,-7.4547,126.8906,275.02,4.94,mw,,42.0,3.457,0.7,us,us7000h0k6,2022-06-11T20:21:14.040Z,"118 km N of Lospalos, Timor Leste",earthquake,4.7,5.9,0.076,52.0,reviewed,us,us,2022-04-08,42515,Timor Leste,1
2022-04-12 14:43:14.408000+00:00,-6.8359,126.537,397.89,4.43,mw,,87.0,3.668,0.51,us,us7000h29f,2022-06-20T22:08:22.040Z,"181 km N of Baukau, Timor Leste",earthquake,8.5,12.0,0.157,12.0,reviewed,us,us,2022-04-12,42645,Timor Leste,1
2022-04-18 02:42:20.353000+00:00,-6.0885,125.1256,543.52,4.85,mw,,41.0,3.741,0.65,us,us7000h302,2022-06-26T01:19:05.040Z,"277 km N of Likisá, Timor Leste",earthquake,10.8,6.5,0.067,66.0,reviewed,us,us,2022-04-18,42540,Timor Leste,1
2022-05-17 21:26:20.144000+00:00,-8.4841,128.2283,10.0,5.28,mw,59.0,58.0,4.11,1.17,us,us6000hlvk,2022-07-24T02:39:37.040Z,"135 km E of Lospalos, Timor Leste",earthquake,7.4,1.8,0.06,89.0,reviewed,us,us,2022-05-17,42496,Timor Leste,1
2022-05-18 02:09:41.584000+00:00,-6.8275,125.0739,539.96,4.68,mw,44.0,56.0,3.016,0.73,us,us6000hlx7,2022-07-24T02:39:44.040Z,"196 km N of Likisá, Timor Leste",earthquake,11.3,9.1,0.111,23.0,reviewed,us,us,2022-05-18,42609,Timor Leste,1
2022-05-27 02:36:05.556000+00:00,-8.2572,127.2079,49.0,6.2,mww,118.0,19.0,3.264,1.32,us,us7000hcwg,2022-08-02T19:50:56.040Z,"37 km NE of Lospalos, Timor Leste",earthquake,6.9,1.8,0.075,17.0,reviewed,us,us,2022-05-27,42480,Timor Leste,1
2022-06-03 16:35:10.685000+00:00,-7.5121,127.5597,166.81,5.11,mw,53.0,52.0,3.734,0.62,us,us7000hepr,2022-08-06T22:13:26.040Z,"127 km NNE of Lospalos, Timor Leste",earthquake,7.2,7.1,0.093,42.0,reviewed,us,us,2022-06-03,42498,Timor Leste,1
2022-06-17 16:45:01.188000+00:00,-7.1744,129.3148,141.55,5.28,mw,67.0,55.0,2.124,0.69,us,us7000hi6l,2022-08-21T00:18:18.040Z,"295 km ENE of Lospalos, Timor Leste",earthquake,7.8,5.7,0.044,165.0,reviewed,us,us,2022-06-17,42494,Timor Leste,1
2022-06-18 02:38:31.475000+00:00,-7.1075,124.706,546.167,4.94,mw,22.0,71.0,2.666,0.6,us,us7000hjkq,2022-08-28T03:18:16.040Z,"175 km NNW of Maubara, Timor Leste",earthquake,10.82,7.864,0.172,10.0,reviewed,us,us,2022-06-18,42519,Timor Leste,1
2022-06-30 17:40:12.290000+00:00,-7.9825,128.6932,35.0,5.03,mw,37.0,56.0,2.58,0.81,us,us6000hyw3,2022-09-03T21:03:22.040Z,"196 km ENE of Lospalos, Timor Leste",earthquake,5.9,1.9,0.085,42.0,reviewed,us,us,2022-06-30,42507,Timor Leste,1
2022-07-02 20:30:48.067000+00:00,-7.3027,126.1716,447.76,4.51,mw,33.0,67.0,4.115,0.41,us,us6000hzfr,2022-09-13T06:21:12.040Z,"133 km NNW of Baukau, Timor Leste",earthquake,11.3,9.5,0.123,18.0,reviewed,us,us,2022-07-02,42643,Timor Leste,1
2022-07-14 17:15:54.953000+00:00,-6.5255,128.5551,240.49,4.77,mw,27.0,70.0,3.082,0.91,us,us7000hspj,2022-09-24T21:25:38.040Z,"279 km NE of Lospalos, Timor Leste",earthquake,6.0,9.3,0.161,11.0,reviewed,us,us,2022-07-14,42547,Timor Leste,1
2022-07-17 23:16:17.684000+00:00,-6.9081,123.8861,563.13,4.68,mw,27.0,118.0,2.369,0.71,us,us7000htkd,2022-09-27T16:57:18.040Z,"238 km NW of Maubara, Timor Leste",earthquake,12.7,7.0,0.122,19.0,reviewed,us,us,2022-07-17,42776,Timor Leste,1
2022-08-03 07:51:54.888000+00:00,-9.0299,124.2016,70.561,5.2,mw,76.0,39.0,0.724,1.0,us,us6000i7ph,2022-10-12T14:50:11.040Z,"27 km NW of Pante Makasar, Timor Leste",earthquake,7.55,5.764,0.067,71.0,reviewed,us,us,2022-08-03,42678,Timor Leste,1
2022-08-03 20:03:18.196000+00:00,-7.7524,129.4369,50.896,4.43,mw,20.0,66.0,1.859,0.67,us,us6000iaa4,2022-10-12T14:51:38.040Z,"281 km ENE of Lospalos, Timor Leste",earthquake,8.68,8.962,0.184,8.0,reviewed,us,us,2022-08-03,42814,Timor Leste,1
2022-08-04 16:27:38.707000+00:00,-6.7338,128.3452,259.69,4.6,mw,27.0,67.0,3.181,0.57,us,us6000ib22,2022-10-12T14:51:43.040Z,"247 km NE of Lospalos, Timor Leste",earthquake,6.69,8.343,0.137,17.0,reviewed,us,us,2022-08-04,42778,Timor Leste,1
2022-08-05 12:41:47.677000+00:00,-6.3931,128.4016,314.374,4.77,mw,60.0,60.0,3.28,0.43,us,us6000i8db,2022-10-12T14:50:53.040Z,"281 km NNE of Lospalos, Timor Leste",earthquake,8.34,5.182,0.067,65.0,reviewed,us,us,2022-08-05,42747,Timor Leste,1
2022-08-05 19:15:35.671000+00:00,-7.5432,126.7669,10.0,4.85,mw,46.0,65.0,4.512,0.96,us,us6000i8hu,2022-10-12T14:50:57.040Z,"108 km NNE of Baukau, Timor Leste",earthquake,8.34,1.806,0.101,33.0,reviewed,us,us,2022-08-05,42726,Timor Leste,1
2022-08-12 04:03:18.189000+00:00,-6.598,127.9587,370.929,4.85,mw,23.0,70.0,3.587,0.71,us,us6000ics7,2022-10-21T23:20:49.040Z,"237 km NNE of Lospalos, Timor Leste",earthquake,9.03,9.324,0.205,7.0,reviewed,us,us,2022-08-12,42715,Timor Leste,1
2022-08-16 18:14:10.341000+00:00,-8.1936,127.8271,56.552,4.85,mw,30.0,46.0,3.444,0.96,us,us6000ibe6,2022-10-28T02:26:30.040Z,"98 km ENE of Lospalos, Timor Leste",earthquake,3.36,7.961,0.124,20.0,reviewed,us,us,2022-08-16,42714,Timor Leste,1
2022-08-17 12:56:31.898000+00:00,-7.0024,125.4656,480.972,5.5,mww,169.0,29.0,2.981,0.7,us,us6000ibju,2022-10-28T02:26:45.040Z,"171 km N of Metinaro, Timor Leste",earthquake,9.73,4.45,0.063,24.0,reviewed,us,us,2022-08-17,42660,Timor Leste,1
2022-09-04 05:08:21.464000+00:00,-6.9823,128.6693,10.0,4.77,mw,15.0,69.0,2.79,0.65,us,us7000i7df,2022-11-15T19:06:14.040Z,"250 km NE of Lospalos, Timor Leste",earthquake,4.52,1.913,0.219,6.0,reviewed,us,us,2022-09-04,42755,Timor Leste,1
2022-09-07 15:50:05.485000+00:00,-7.5967,127.7492,166.161,5.11,mw,76.0,55.0,3.538,0.71,us,us7000i61x,2022-11-15T19:06:14.040Z,"131 km NE of Lospalos, Timor Leste",earthquake,8.63,4.506,0.067,69.0,reviewed,us,us,2022-09-07,42679,Timor Leste,1
2022-09-09 09:17:32.820000+00:00,-8.9419,127.1237,10.0,5.0,mww,88.0,36.0,2.933,0.46,us,us6000iidi,2022-11-15T19:05:51.040Z,"48 km SSE of Lospalos, Timor Leste",earthquake,6.01,1.487,0.066,22.0,reviewed,us,us,2022-09-09,42686,Timor Leste,1
2022-09-10 17:55:06.102000+00:00,-6.1523,127.5723,408.356,4.85,mw,138.0,25.0,4.121,0.64,us,us6000iiqz,2022-11-19T23:02:14.040Z,"269 km NNE of Lospalos, Timor Leste",earthquake,7.86,6.714,0.053,117.0,reviewed,us,us,2022-09-10,42691,Timor Leste,1
2022-09-10 23:12:48.567000+00:00,-8.5663,128.5022,23.086,4.94,mw,14.0,72.0,2.828,0.93,us,us7000i8lm,2024-01-18T16:49:24.737Z,"165 km E of Lospalos, Timor Leste",earthquake,8.51,6.206,0.183,9.0,reviewed,us,us,2022-09-10,42690,Timor Leste,1
2022-09-21 01:38:23.077000+00:00,-6.9522,126.6772,377.292,4.51,mw,16.0,89.0,3.666,0.63,us,us6000inz7,2022-11-26T20:57:20.040Z,"170 km N of Baukau, Timor Leste",earthquake,8.77,12.086,0.26,4.0,reviewed,us,us,2022-09-21,42808,Timor Leste,1
2022-10-08 02:42:40.938000+00:00,-6.5945,128.8543,230.009,4.43,mw,19.0,77.0,2.79,0.64,us,us6000itca,2022-12-17T22:54:01.040Z,"295 km NE of Lospalos, Timor Leste",earthquake,10.22,8.666,0.259,5.0,reviewed,us,us,2022-10-08,42826,Timor Leste,1
2022-10-10 16:42:48.909000+00:00,-7.4924,128.3533,154.26,4.85,mw,44.0,48.0,2.959,0.55,us,us6000isik,2022-12-17T22:53:50.040Z,"187 km NE of Lospalos, Timor Leste",earthquake,7.26,4.452,0.102,30.0,reviewed,us,us,2022-10-10,42715,Timor Leste,1
2022-10-12 17:00:09.616000+00:00,-8.8845,126.6451,21.173,4.85,mw,33.0,59.0,2.501,0.69,us,us6000it2v,2022-12-17T22:53:58.040Z,"30 km E of Viqueque, Timor Leste",earthquake,7.37,5.394,0.118,21.0,reviewed,us,us,2022-10-12,42743,Timor Leste,1
2022-10-15 18:31:01.065000+00:00,-7.3364,128.8389,165.26,5.2,mww,180.0,18.0,2.521,0.64,us,us6000itze,2022-12-31T23:03:33.040Z,"241 km ENE of Lospalos, Timor Leste",earthquake,6.36,2.487,0.057,30.0,reviewed,us,us,2022-10-15,42677,Timor Leste,1
2022-10-20 20:47:41.283000+00:00,-7.06,129.2402,171.316,4.77,mw,19.0,78.0,2.237,0.8,us,us6000ivcn,2022-12-31T23:03:44.040Z,"295 km ENE of Lospalos, Timor Leste",earthquake,9.2,3.833,0.169,10.0,reviewed,us,us,2022-10-20,42750,Timor Leste,1
2022-11-10 23:38:05.223000+00:00,-9.4197,125.4228,10.0,4.77,mw,12.0,152.0,1.187,0.52,us,us7000ipw6,2024-01-18T17:20:55.465Z,"21 km ESE of Suai, Timor Leste",earthquake,8.02,1.903,0.309,3.0,reviewed,us,us,2022-11-10,42745,Timor Leste,1
2022-11-12 04:24:23.874000+00:00,-7.0924,126.2155,433.07,4.43,mw,13.0,80.0,3.273,0.89,us,us7000iqfe,2024-01-18T17:21:28.096Z,"155 km N of Baukau, Timor Leste",earthquake,11.76,10.08,0.258,4.0,reviewed,us,us,2022-11-12,42819,Timor Leste,1
2022-11-20 22:01:20.971000+00:00,-7.3162,125.8218,377.831,4.85,mw,13.0,152.0,2.87,0.56,us,us7000is59,2023-01-30T06:00:28.040Z,"133 km N of Manatutu, Timor Leste",earthquake,14.45,10.949,0.242,5.0,reviewed,us,us,2022-11-20,42709,Timor Leste,1
2022-12-12 18:37:11.156000+00:00,-7.0751,124.79,543.453,5.11,mw,107.0,30.0,2.713,0.65,us,us6000j8ub,2023-02-18T22:04:06.040Z,"176 km NNW of Maubara, Timor Leste",earthquake,4.68,5.816,0.052,114.0,reviewed,us,us,2022-12-12,42679,Timor Leste,1
2022-12-15 06:20:33.635000+00:00,-8.2016,123.8765,176.037,4.85,mw,37.0,43.0,1.591,0.53,us,us6000j9cp,2023-02-18T22:04:11.040Z,"123 km NNW of Pante Makasar, Timor Leste",earthquake,8.51,7.669,0.127,19.0,reviewed,us,us,2022-12-15,42712,Timor Leste,1
2022-12-18 18:36:16.193000+00:00,-8.3092,125.8438,85.757,4.51,mw,13.0,57.0,2.119,0.89,us,us7000j0h6,2023-02-28T23:06:27.040Z,"26 km NNE of Metinaro, Timor Leste",earthquake,9.54,10.546,0.234,5.0,reviewed,us,us,2022-12-18,42811,Timor Leste,1
2022-12-23 05:49:36.330000+00:00,-6.8258,127.1706,400.177,4.6,mw,23.0,77.0,4.09,0.74,us,us6000jb8w,2023-02-28T23:06:46.040Z,"188 km N of Lospalos, Timor Leste",earthquake,11.9,10.855,0.167,10.0,reviewed,us,us,2022-12-23,42786,Timor Leste,1
2022-12-30 12:10:45.211000+00:00,-7.9548,128.8795,35.0,5.28,mw,62.0,56.0,2.396,0.54,us,us7000j11x,2023-03-07T18:59:59.040Z,"216 km ENE of Lospalos, Timor Leste",earthquake,3.41,1.898,0.067,71.0,reviewed,us,us,2022-12-30,42677,Timor Leste,1
2023-01-16 03:51:36.117000+00:00,-7.9049,128.4394,63.352,4.68,mw,17.0,57.0,2.833,0.79,us,us7000j4md,2023-03-31T19:44:33.040Z,"172 km ENE of Lospalos, Timor Leste",earthquake,7.25,8.832,0.161,11.0,reviewed,us,us,2023-01-16,42978,Timor Leste,1
2023-01-23 05:32:30.553000+00:00,-8.1655,125.0673,10.014,4.43,mw,8.0,203.0,1.766,0.47,us,us6000jlx9,2023-04-11T18:51:45.040Z,East Timor region,earthquake,13.79,6.07,0.3,3.0,reviewed,us,us,2023-01-23,43012,Timor Leste,1
2023-02-08 01:24:52.292000+00:00,-6.9813,129.0677,153.222,4.77,mw,14.0,115.0,2.426,0.35,us,us6000jpcb,2023-04-15T21:40:08.040Z,"284 km NE of Lospalos, Timor Leste",earthquake,10.72,11.351,0.218,6.0,reviewed,us,us,2023-02-08,42920,Timor Leste,1
2023-02-13 02:33:25.712000+00:00,-7.412,128.8569,157.564,5.11,mw,109.0,38.0,2.486,0.45,us,us6000jnis,2023-04-22T21:33:04.040Z,"238 km ENE of Lospalos, Timor Leste",earthquake,7.48,5.547,0.059,88.0,reviewed,us,us,2023-02-13,42866,Timor Leste,1
2023-02-18 20:43:06.585000+00:00,-8.6794,123.6667,10.0,4.77,mw,28.0,105.0,1.222,0.75,us,us6000jpz8,2023-04-22T21:33:20.040Z,"97 km NW of Pante Makasar, Timor Leste",earthquake,6.61,1.878,0.134,16.0,reviewed,us,us,2023-02-18,42915,Timor Leste,1
2023-02-21 23:13:16.120000+00:00,-8.9724,127.1725,10.0,4.6,mw,15.0,94.0,2.971,0.93,us,us7000jglb,2023-04-29T21:57:23.040Z,"53 km SSE of Lospalos, Timor Leste",earthquake,5.28,1.944,0.303,3.0,reviewed,us,us,2023-02-21,42980,Timor Leste,1
2023-02-26 21:59:20.856000+00:00,-7.6118,125.0708,372.395,4.51,mw,22.0,73.0,2.273,0.44,us,us7000jhnz,2023-05-08T01:59:36.040Z,"111 km N of Maubara, Timor Leste",earthquake,9.37,8.431,0.14,14.0,reviewed,us,us,2023-02-26,43009,Timor Leste,1
2023-03-04 18:54:29.613000+00:00,-9.2482,123.9874,44.773,4.68,mw,16.0,98.0,0.575,0.86,us,us7000jhcz,2023-05-08T02:00:47.040Z,"43 km W of Pante Makasar, Timor Leste",earthquake,6.05,8.47,0.265,4.0,reviewed,us,us,2023-03-04,42929,Timor Leste,1
2023-03-04 20:45:15.954000+00:00,-9.6041,125.0782,54.83,4.68,mw,28.0,103.0,0.814,0.71,us,us7000jhdd,2023-05-08T02:00:48.040Z,East Timor region,earthquake,8.05,7.866,0.16,12.0,reviewed,us,us,2023-03-04,42963,Timor Leste,1
2023-03-11 07:32:37.140000+00:00,-6.6535,128.5883,11.058,4.94,mw,22.0,84.0,2.49,0.8,us,us7000jj37,2023-05-15T02:49:15.040Z,"271 km NE of Lospalos, Timor Leste",earthquake,7.58,4.985,0.128,18.0,reviewed,us,us,2023-03-11,42876,Timor Leste,1
2023-03-16 09:41:41.652000+00:00,-8.842,126.5882,21.4,4.77,mw,32.0,59.0,2.464,0.7,us,us7000jke3,2023-05-20T23:20:29.040Z,"24 km E of Viqueque, Timor Leste",earthquake,4.62,5.787,0.144,14.0,reviewed,us,us,2023-03-16,42909,Timor Leste,1
2023-03-18 13:59:10.444000+00:00,-7.0196,127.694,10.0,4.85,mw,23.0,58.0,3.315,1.14,us,us7000jl2u,2023-05-20T23:20:37.040Z,"182 km NNE of Lospalos, Timor Leste",earthquake,8.04,1.86,0.164,14.0,reviewed,us,us,2023-03-18,42879,Timor Leste,1
2023-03-21 09:00:49.191000+00:00,-7.585,127.485,174.194,4.77,mw,39.0,66.0,3.843,0.4,us,us7000jlll,2023-05-26T21:54:10.040Z,"116 km NNE of Lospalos, Timor Leste",earthquake,8.2,7.116,0.099,29.0,reviewed,us,us,2023-03-21,42904,Timor Leste,1
2023-03-23 07:56:38.432000+00:00,-7.6686,127.8664,136.643,5.03,mw,41.0,51.0,3.725,0.38,us,us7000jm4t,2023-05-26T21:54:14.040Z,"134 km NE of Lospalos, Timor Leste",earthquake,8.42,5.219,0.082,45.0,reviewed,us,us,2023-03-23,42871,Timor Leste,1
2023-03-29 22:12:23.740000+00:00,-7.7107,124.4296,270.542,4.51,mw,18.0,89.0,2.038,0.88,us,us6000k1ry,2023-06-03T22:06:19.040Z,"131 km NW of Maubara, Timor Leste",earthquake,10.85,8.408,0.214,6.0,reviewed,us,us,2023-03-29,43004,Timor Leste,1
2023-04-03 20:50:32.751000+00:00,-8.2205,123.8573,181.539,5.28,mw,90.0,54.0,1.578,0.86,us,us6000k1tm,2023-06-13T03:13:11.040Z,"122 km NNW of Pante Makasar, Timor Leste",earthquake,4.99,4.813,0.045,160.0,reviewed,us,us,2023-04-03,42843,Timor Leste,1
2023-04-12 12:49:11.633000+00:00,-6.9638,125.4553,522.747,4.51,mw,12.0,76.0,3.012,0.56,us,us6000k5i0,2023-06-17T21:37:01.040Z,"176 km N of Metinaro, Timor Leste",earthquake,11.28,13.628,0.301,3.0,reviewed,us,us,2023-04-12,42999,Timor Leste,1
2023-04-17 14:04:26.132000+00:00,-7.7411,127.1199,125.224,4.85,mw,60.0,72.0,3.458,0.79,us,us6000k525,2023-07-03T02:47:30.040Z,"87 km N of Lospalos, Timor Leste",earthquake,6.71,6.069,0.084,41.0,reviewed,us,us,2023-04-17,42897,Timor Leste,1
2023-04-23 15:40:17.361000+00:00,-6.3955,128.2055,356.747,4.68,mw,16.0,93.0,2.515,0.89,us,us7000jwp6,2023-07-11T01:45:42.040Z,"270 km NNE of Lospalos, Timor Leste",earthquake,12.48,14.175,0.177,9.0,reviewed,us,us,2023-04-23,42934,Timor Leste,1
2023-05-14 06:13:52.805000+00:00,-7.2326,124.5946,556.756,5.2,mww,84.0,39.0,2.527,0.5,us,us6000kbsi,2023-07-24T01:17:05.040Z,"166 km NNW of Maubara, Timor Leste",earthquake,10.51,5.964,0.098,10.0,reviewed,us,us,2023-05-14,42850,Timor Leste,1
2023-05-16 03:19:52.806000+00:00,-9.1708,124.3813,35.0,4.85,mw,15.0,123.0,2.184,0.82,us,us6000kc7h,2023-07-24T01:16:39.040Z,"3 km N of Pante Makasar, Timor Leste",earthquake,11.6,1.964,0.191,9.0,reviewed,us,us,2023-05-16,42884,Timor Leste,1
2023-05-31 01:19:12.467000+00:00,-7.3348,127.0717,282.435,4.6,mw,14.0,88.0,3.671,0.71,us,us7000k6tf,2024-01-18T20:02:34.450Z,"131 km N of Lospalos, Timor Leste",earthquake,11.3,10.089,0.235,5.0,reviewed,us,us,2023-05-31,42981,Timor Leste,1
2023-06-02 21:57:15.480000+00:00,-6.517,127.7706,360.798,4.85,mw,63.0,55.0,2.905,0.61,us,us7000k5xa,2023-08-05T22:07:49.040Z,"237 km NNE of Lospalos, Timor Leste",earthquake,8.73,7.086,0.076,51.0,reviewed,us,us,2023-06-02,42890,Timor Leste,1
2023-06-03 05:28:08.271000+00:00,-8.8607,123.9797,121.578,4.68,mw,12.0,166.0,0.933,0.87,us,us7000k7di,2023-08-05T22:08:02.040Z,"58 km NW of Pante Makasar, Timor Leste",earthquake,12.34,6.524,0.189,8.0,reviewed,us,us,2023-06-03,42940,Timor Leste,1
2023-06-21 19:05:57.914000+00:00,-6.5528,126.6109,442.663,4.68,mw,17.0,81.0,3.938,0.43,us,us6000kp5d,2023-08-26T20:54:19.040Z,"213 km N of Baukau, Timor Leste",earthquake,14.83,6.68,0.177,9.0,reviewed,us,us,2023-06-21,42961,Timor Leste,1
2023-06-26 15:28:50.902000+00:00,-7.5034,128.2571,151.465,4.77,mw,35.0,99.0,3.385,0.79,us,us6000kq8x,2023-09-08T14:18:35.040Z,"178 km NE of Lospalos, Timor Leste",earthquake,9.93,7.427,0.115,22.0,reviewed,us,us,2023-06-26,42902,Timor Leste,1
2023-07-01 13:21:14.797000+00:00,-6.2265,125.1595,541.104,4.85,mw,51.0,66.0,3.616,0.47,us,us6000kpg1,2023-09-08T14:18:32.040Z,"261 km N of Likisá, Timor Leste",earthquake,11.5,8.167,0.072,56.0,reviewed,us,us,2023-07-01,42890,Timor Leste,1
2023-07-04 22:19:04.329000+00:00,-7.1919,125.2041,472.161,4.77,mw,16.0,75.0,2.71,0.42,us,us7000kf5i,2023-09-09T21:55:12.040Z,"155 km N of Likisá, Timor Leste",earthquake,9.41,11.577,0.218,6.0,reviewed,us,us,2023-07-04,42907,Timor Leste,1
2023-07-25 00:25:10.718000+00:00,-9.0432,123.9238,87.512,5.6,mww,111.0,60.0,0.785,0.55,us,us7000ki3q,2023-09-30T21:36:39.040Z,"53 km WNW of Pante Makasar, Timor Leste",earthquake,5.66,3.214,0.053,34.0,reviewed,us,us,2023-07-25,43033,Timor Leste,1
2023-07-25 03:41:41.564000+00:00,-8.5319,123.963,96.748,4.43,mw,14.0,150.0,1.252,0.6,us,us6000kxhy,2023-09-30T21:36:35.040Z,"87 km NNW of Pante Makasar, Timor Leste",earthquake,7.53,8.406,0.183,8.0,reviewed,us,us,2023-07-25,43197,Timor Leste,1
2023-08-04 22:37:41.508000+00:00,-7.5116,125.1854,372.574,4.68,mw,26.0,57.0,2.407,0.41,us,us6000kxzh,2023-10-07T21:38:58.040Z,"120 km N of Likisá, Timor Leste",earthquake,10.85,7.291,0.168,10.0,reviewed,us,us,2023-08-04,43130,Timor Leste,1
2023-08-14 18:19:32.915000+00:00,-7.6055,129.2388,70.02,4.6,mw,25.0,64.0,3.134,1.21,us,us7000kqfe,2023-10-27T21:39:05.040Z,"266 km ENE of Lospalos, Timor Leste",earthquake,7.46,9.001,0.131,16.0,reviewed,us,us,2023-08-14,43162,Timor Leste,1
2023-08-25 19:00:11.221000+00:00,-8.7744,129.5376,15.602,4.68,mw,16.0,88.0,4.337,0.92,us,us7000kse8,2023-10-28T19:15:37.040Z,"280 km E of Lospalos, Timor Leste",earthquake,6.07,5.13,0.168,10.0,reviewed,us,us,2023-08-25,43126,Timor Leste,1
2023-08-28 05:23:51.659000+00:00,-7.208,126.0944,448.877,4.94,mw,107.0,41.0,3.11,0.36,us,us7000krf8,2023-11-04T21:35:39.040Z,"144 km N of Manatutu, Timor Leste",earthquake,7.11,7.322,0.053,109.0,reviewed,us,us,2023-08-28,43070,Timor Leste,1
2023-08-29 03:21:35.411000+00:00,-8.097,125.0816,10.0,4.6,mw,15.0,101.0,1.834,0.71,us,us7000kt6p,2023-11-04T21:36:20.040Z,"58 km NNW of Maubara, Timor Leste",earthquake,9.61,1.749,0.2,7.0,reviewed,us,us,2023-08-29,43163,Timor Leste,1
2023-08-31 16:20:53.591000+00:00,-8.3825,127.1886,36.558,4.6,mw,26.0,69.0,3.191,0.98,us,us7000ktpq,2023-11-04T21:36:30.040Z,"25 km NE of Lospalos, Timor Leste",earthquake,3.67,7.617,0.132,21.0,reviewed,us,us,2023-08-31,43172,Timor Leste,1
2023-09-05 17:38:03.803000+00:00,-6.6218,128.491,291.316,4.77,mw,42.0,62.0,5.213,0.87,us,us7000kuak,2023-11-17T19:47:51.040Z,"266 km NE of Lospalos, Timor Leste",earthquake,9.26,8.237,0.098,35.0,reviewed,us,us,2023-09-05,43102,Timor Leste,1
2023-09-10 21:46:46.484000+00:00,-6.6601,125.0518,10.554,4.85,mw,25.0,147.0,3.172,0.59,us,us7000kuw7,2023-11-18T22:29:32.040Z,"215 km N of Likisá, Timor Leste",earthquake,10.07,2.1,0.122,20.0,reviewed,us,us,2023-09-10,43075,Timor Leste,1
2023-09-15 08:30:35.903000+00:00,-7.2043,127.5173,137.654,4.6,mw,15.0,120.0,4.094,0.67,us,us7000kwx8,2023-11-18T22:29:36.040Z,"156 km NNE of Lospalos, Timor Leste",earthquake,10.41,8.881,0.16,11.0,reviewed,us,us,2023-09-15,43172,Timor Leste,1
2023-09-17 10:56:14.792000+00:00,-8.2999,127.83,10.0,4.77,mw,33.0,115.0,3.805,0.48,us,us7000kwar,2023-12-02T23:01:06.040Z,East Timor region,earthquake,5.72,1.898,0.112,23.0,reviewed,us,us,2023-09-17,43085,Timor Leste,1
2023-09-27 18:59:19.604000+00:00,-8.2247,129.0387,10.0,4.77,mw,20.0,95.0,5.031,0.92,us,us6000lb6d,2023-12-09T22:00:40.040Z,"227 km E of Lospalos, Timor Leste",earthquake,9.17,1.818,0.17,11.0,reviewed,us,us,2023-09-27,43097,Timor Leste,1
2023-10-02 05:36:44.123000+00:00,-6.8813,126.7436,394.33,4.68,mw,37.0,84.0,6.751,0.34,us,us6000ldgr,2023-12-14T21:26:54.040Z,"179 km N of Baukau, Timor Leste",earthquake,9.58,7.324,0.119,21.0,reviewed,us,us,2023-10-02,43137,Timor Leste,1
2023-10-17 21:39:32.859000+00:00,-7.089,124.8149,542.315,4.51,mw,35.0,71.0,7.182,0.65,us,us6000lg8b,2023-12-26T21:24:29.040Z,"173 km NNW of Maubara, Timor Leste",earthquake,12.69,8.851,0.117,20.0,reviewed,us,us,2023-10-17,43189,Timor Leste,1
2023-10-26 05:44:18.158000+00:00,-7.1498,129.2243,154.0,5.5,mww,124.0,47.0,5.171,0.51,us,us7000l6fd,2024-01-04T04:22:16.040Z,"288 km ENE of Lospalos, Timor Leste",earthquake,6.87,1.515,0.047,43.0,reviewed,us,us,2023-10-26,43043,Timor Leste,1
2023-10-28 13:04:53.144000+00:00,-7.6305,125.8938,10.0,5.5,mww,70.0,63.0,5.044,0.79,us,us7000l76s,2024-01-04T04:22:38.040Z,"98 km N of Manatutu, Timor Leste",earthquake,7.47,1.824,0.059,28.0,reviewed,us,us,2023-10-28,43033,Timor Leste,1
2023-10-30 10:08:48.227000+00:00,-8.2211,123.7928,174.806,4.68,mw,25.0,67.0,1.595,1.02,us,us7000l8ld,2024-01-10T06:01:16.040Z,"126 km NNW of Pante Makasar, Timor Leste",earthquake,8.46,7.16,0.189,11.0,reviewed,us,us,2023-10-30,43128,Timor Leste,1
2023-11-04 16:35:57.904000+00:00,-6.7729,124.4052,591.976,4.51,mw,35.0,66.0,5.912,0.45,us,us7000l8w0,2024-01-10T06:01:57.040Z,"221 km NNW of Maubara, Timor Leste",earthquake,10.54,8.044,0.119,20.0,reviewed,us,us,2023-11-04,43174,Timor Leste,1
2023-11-04 20:23:02.629000+00:00,-6.99,128.545,10.0,4.77,mw,38.0,86.0,2.8,0.45,us,us7000l9vu,2024-01-10T06:01:58.040Z,"240 km NE of Lospalos, Timor Leste",earthquake,5.14,1.885,0.13,17.0,reviewed,us,us,2023-11-04,43087,Timor Leste,1
2023-11-06 15:36:44.107000+00:00,-7.498,127.7793,172.862,5.2,mww,116.0,31.0,3.634,0.6,us,us7000l95l,2024-01-13T23:10:13.040Z,"142 km NE of Lospalos, Timor Leste",earthquake,7.52,4.451,0.075,17.0,reviewed,us,us,2023-11-06,43064,Timor Leste,1
2023-11-21 18:51:08.204000+00:00,-9.2577,125.8409,10.0,4.51,mw,12.0,91.0,6.299,0.71,us,us6000lqj8,2024-02-01T15:13:44.040Z,"35 km SE of Same, Timor Leste",earthquake,8.78,1.917,0.213,6.0,reviewed,us,us,2023-11-21,43197,Timor Leste,1
2023-12-01 02:29:57.584000+00:00,-6.406,127.8485,382.207,4.68,mw,39.0,81.0,2.773,0.64,us,us7000lezn,2024-02-06T21:53:55.040Z,"252 km NNE of Lospalos, Timor Leste",earthquake,9.87,8.238,0.119,23.0,reviewed,us,us,2023-12-01,43117,Timor Leste,1
2023-12-02 23:39:52.419000+00:00,-8.4612,125.5943,56.086,4.68,mw,15.0,122.0,1.836,0.78,us,us7000lh27,2024-02-06T21:54:02.040Z,"11 km NNE of Dili, Timor Leste",earthquake,4.95,9.425,0.154,12.0,reviewed,us,us,2023-12-02,43152,Timor Leste,1
2023-12-11 03:50:20.090000+00:00,-7.9464,127.5926,57.124,5.0,mww,67.0,50.0,4.105,0.81,us,us7000li0l,2024-02-17T22:43:06.040Z,"91 km NE of Lospalos, Timor Leste",earthquake,7.96,5.638,0.08,15.0,reviewed,us,us,2023-12-11,43068,Timor Leste,1
2023-12-11 22:20:30.977000+00:00,-9.3187,125.0172,35.0,4.68,mw,12.0,127.0,6.949,0.94,us,us7000ljc7,2024-02-17T22:43:11.040Z,"26 km W of Suai, Timor Leste",earthquake,13.99,1.937,0.217,6.0,reviewed,us,us,2023-12-11,43135,Timor Leste,1
2023-12-13 14:30:55.255000+00:00,-7.3417,128.669,161.226,5.11,mw,111.0,51.0,3.059,0.65,us,us7000lipp,2024-02-17T22:43:08.040Z,"225 km NE of Lospalos, Timor Leste",earthquake,9.44,6.767,0.051,121.0,reviewed,us,us,2023-12-13,43067,Timor Leste,1
2023-12-28 07:03:50.566000+00:00,-6.9015,125.7205,510.158,4.68,mw,29.0,75.0,6.226,0.38,us,us6000m04y,2024-03-02T21:39:32.040Z,"180 km N of Metinaro, Timor Leste",earthquake,7.89,9.9,0.119,22.0,reviewed,us,us,2023-12-28,43135,Timor Leste,1
2024-01-05 06:49:10.580000+00:00,-7.9732,129.6334,23.502,4.85,mw,24.0,100.0,3.439,0.6,us,us6000m1xq,2024-03-09T21:39:31.040Z,"296 km ENE of Lospalos, Timor Leste",earthquake,10.06,5.475,0.121,20.0,reviewed,us,us,2024-01-05,43080,Timor Leste,1
2024-01-05 22:26:12.720000+00:00,-7.5197,128.2649,156.201,5.2,mw,96.0,51.0,3.395,0.72,us,us6000m246,2024-03-09T21:39:40.040Z,"178 km NE of Lospalos, Timor Leste",earthquake,7.29,4.436,0.054,109.0,reviewed,us,us,2024-01-05,43053,Timor Leste,1
2024-01-14 08:46:05.561000+00:00,-8.4555,128.5507,18.107,4.77,mw,24.0,84.0,4.423,0.56,us,us6000m4rh,2024-03-16T19:01:15.040Z,"171 km E of Lospalos, Timor Leste",earthquake,6.58,5.66,0.138,16.0,reviewed,us,us,2024-01-14,43290,Timor Leste,1
2024-01-17 10:15:22.631000+00:00,-7.6536,126.6732,189.836,4.85,mw,19.0,119.0,3.165,0.6,us,us6000m45s,2024-03-29T17:37:52.040Z,"94 km NNE of Baukau, Timor Leste",earthquake,11.88,9.026,0.136,16.0,reviewed,us,us,2024-01-17,43262,Timor Leste,1
2024-01-24 21:48:02.959000+00:00,-6.2753,127.9485,354.002,4.43,mw,24.0,55.0,5.024,0.62,us,us7000lurr,2024-03-30T22:35:00.040Z,"269 km NNE of Lospalos, Timor Leste",earthquake,10.47,10.626,0.183,8.0,reviewed,us,us,2024-01-24,43370,Timor Leste,1
2024-02-09 21:30:00.751000+00:00,-7.3296,126.3371,313.413,4.43,mw,15.0,83.0,7.232,0.37,us,us7000lz7e,2024-04-20T19:34:50.040Z,"127 km N of Baukau, Timor Leste",earthquake,5.6,17.504,0.259,4.0,reviewed,us,us,2024-02-09,43361,Timor Leste,1
2024-02-13 22:16:49.748000+00:00,-8.096,124.1478,208.112,4.6,mw,13.0,155.0,1.653,1.19,us,us7000lzpi,2024-04-24T14:42:04.040Z,"124 km NNW of Pante Makasar, Timor Leste",earthquake,13.39,11.585,0.237,5.0,reviewed,us,us,2024-02-13,43324,Timor Leste,1
2024-02-15 21:24:16.035000+00:00,-7.7179,129.3874,35.0,4.51,mw,27.0,134.0,3.216,0.53,us,us7000lzhv,2024-04-24T14:42:03.040Z,"277 km ENE of Lospalos, Timor Leste",earthquake,5.18,1.843,0.139,14.0,reviewed,us,us,2024-02-15,43345,Timor Leste,1
2024-02-24 09:09:11.638000+00:00,-7.2716,127.1392,273.002,4.94,mw,69.0,39.0,3.763,0.56,us,us7000m1aw,2024-05-02T15:50:14.040Z,"139 km N of Lospalos, Timor Leste",earthquake,7.47,6.812,0.072,60.0,reviewed,us,us,2024-02-24,43251,Timor Leste,1
2024-02-28 07:14:38.636000+00:00,-9.6383,125.0983,25.424,5.03,mw,39.0,71.0,0.828,1.21,us,us6000mfki,2024-05-10T21:25:55.040Z,"39 km SSW of Suai, Timor Leste",earthquake,5.59,5.188,0.115,23.0,reviewed,us,us,2024-02-28,43238,Timor Leste,1
2024-03-01 20:07:44.490000+00:00,-6.928,125.5277,500.358,4.68,mw,25.0,76.0,3.074,0.37,us,us7000m3q1,2024-05-10T21:26:01.040Z,"178 km N of Metinaro, Timor Leste",earthquake,12.48,9.454,0.148,13.0,reviewed,us,us,2024-03-01,43303,Timor Leste,1
2024-03-10 03:05:02.993000+00:00,-7.2929,129.1918,88.58,5.28,mw,72.0,39.0,2.842,0.62,us,us7000m4hd,2024-05-15T17:35:01.040Z,"277 km ENE of Lospalos, Timor Leste",earthquake,8.8,5.299,0.056,103.0,reviewed,us,us,2024-03-10,43206,Timor Leste,1
2024-03-20 12:10:43.268000+00:00,-7.32,128.5769,154.783,5.2,mw,74.0,88.0,3.077,0.51,us,us6000mk00,2024-05-27T14:19:20.040Z,"218 km NE of Lospalos, Timor Leste",earthquake,8.68,7.551,0.07,65.0,reviewed,us,us,2024-03-20,43232,Timor Leste,1
2024-03-30 10:59:02.163000+00:00,-8.2308,123.8376,170.525,4.68,mw,17.0,72.0,1.573,0.79,us,us7000ma6b,2024-06-01T21:55:51.040Z,"122 km NNW of Pante Makasar, Timor Leste",earthquake,10.91,5.616,0.188,8.0,reviewed,us,us,2024-03-30,43306,Timor Leste,1
2024-04-02 21:23:42.627000+00:00,-7.8391,128.243,64.067,4.77,mw,27.0,87.0,3.686,0.99,us,us7000m9fp,2024-06-12T21:51:51.040Z,"156 km ENE of Lospalos, Timor Leste",earthquake,5.82,8.049,0.123,19.0,reviewed,us,us,2024-04-02,43297,Timor Leste,1
2024-04-07 22:19:58.850000+00:00,-7.4766,128.0757,152.645,4.9,mww,142.0,32.0,3.453,0.61,us,us7000map3,2024-06-12T21:51:56.040Z,"165 km NE of Lospalos, Timor Leste",earthquake,8.72,4.792,0.083,14.0,reviewed,us,us,2024-04-07,43253,Timor Leste,1
2024-04-14 21:05:59.241000+00:00,-7.5578,127.5419,137.47,5.2,mw,96.0,44.0,6.33,0.61,us,us7000mdvx,2024-06-17T02:15:36.040Z,"122 km NNE of Lospalos, Timor Leste",earthquake,8.68,2.419,0.066,72.0,reviewed,us,us,2024-04-14,43216,Timor Leste,1
2024-04-15 18:27:13.849000+00:00,-6.8856,128.8509,12.999,4.68,mw,24.0,108.0,2.571,0.8,us,us6000mt8j,2024-06-25T21:02:24.040Z,"272 km NE of Lospalos, Timor Leste",earthquake,8.03,4.707,0.154,12.0,reviewed,us,us,2024-04-15,43298,Timor Leste,1
2024-04-16 03:07:14.850000+00:00,-7.0497,124.9542,503.626,5.2,mw,99.0,74.0,2.773,0.78,us,us7000mcbr,2024-06-25T21:02:47.040Z,"174 km N of Maubara, Timor Leste",earthquake,10.82,4.817,0.053,111.0,reviewed,us,us,2024-04-16,43209,Timor Leste,1
2024-04-20 21:30:47.071000+00:00,-6.4294,128.373,286.092,4.85,mw,26.0,68.0,2.432,0.38,us,us7000mdj7,2024-06-25T21:03:17.040Z,"276 km NNE of Lospalos, Timor Leste",earthquake,6.74,9.227,0.163,11.0,reviewed,us,us,2024-04-20,43282,Timor Leste,1
2024-04-23 01:02:10.738000+00:00,-7.7227,128.5818,70.906,4.68,mw,11.0,156.0,4.719,0.4,us,us6000mv89,2024-07-02T22:12:45.040Z,"195 km ENE of Lospalos, Timor Leste",earthquake,8.56,10.558,0.238,5.0,reviewed,us,us,2024-04-23,43299,Timor Leste,1
2024-04-23 05:56:32.751000+00:00,-6.1009,127.5448,401.25,4.85,mw,51.0,66.0,2.824,0.79,us,us6000mt4v,2024-07-02T22:12:32.040Z,"274 km NNE of Lospalos, Timor Leste",earthquake,8.66,7.179,0.059,84.0,reviewed,us,us,2024-04-23,43272,Timor Leste,1
2024-05-10 17:17:02.644000+00:00,-6.7993,127.5269,313.02,4.77,mw,39.0,69.0,4.362,0.75,us,us6000myzw,2024-07-20T22:20:06.040Z,"199 km NNE of Lospalos, Timor Leste",earthquake,4.76,8.176,0.105,31.0,reviewed,us,us,2024-05-10,43285,Timor Leste,1
2024-05-11 23:34:07.333000+00:00,-6.8974,128.2888,289.404,4.68,mw,19.0,93.0,4.888,0.73,us,us6000mz6z,2024-07-20T22:20:07.040Z,"229 km NE of Lospalos, Timor Leste",earthquake,8.84,13.418,0.187,8.0,reviewed,us,us,2024-05-11,43306,Timor Leste,1
2024-06-01 07:12:40.700000+00:00,-8.8368,124.0343,110.224,5.11,mw,65.0,68.0,0.941,0.58,us,us7000mpfe,2024-08-06T20:32:49.040Z,"55 km NW of Pante Makasar, Timor Leste",earthquake,9.47,7.159,0.072,60.0,reviewed,us,us,2024-06-01,43236,Timor Leste,1
2024-06-02 21:48:23.748000+00:00,-7.6964,123.6746,269.235,4.43,mw,13.0,86.0,2.128,0.52,us,us7000mr0c,2024-08-06T20:32:53.040Z,"183 km NNW of Pante Makasar, Timor Leste",earthquake,12.0,7.554,0.259,4.0,reviewed,us,us,2024-06-02,43346,Timor Leste,1
2024-06-17 22:37:24.301000+00:00,-6.9899,127.8416,271.87,4.6,mw,21.0,68.0,4.478,0.36,us,us7000mt39,2024-08-30T18:17:09.040Z,"193 km NNE of Lospalos, Timor Leste",earthquake,10.66,10.577,0.186,8.0,reviewed,us,us,2024-06-17,43323,Timor Leste,1
2024-06-26 23:30:39.588000+00:00,-5.9579,126.6144,9.78,4.94,mw,38.0,49.0,4.432,0.68,us,us6000n8il,2024-09-04T21:57:42.040Z,"278 km N of Baukau, Timor Leste",earthquake,4.84,4.706,0.095,33.0,reviewed,us,us,2024-06-26,43247,Timor Leste,1
2024-07-11 08:34:21.584000+00:00,-8.9479,124.2237,65.588,4.85,mw,28.0,126.0,0.803,0.99,us,us7000myiw,2024-09-20T16:00:54.040Z,"32 km NNW of Pante Makasar, Timor Leste",earthquake,8.42,7.624,0.116,22.0,reviewed,us,us,2024-07-11,43468,Timor Leste,1
2024-07-23 01:02:44.976000+00:00,-6.9018,127.0095,396.417,4.68,mw,64.0,64.0,3.726,0.38,us,us6000nep2,2024-10-08T21:49:10.005Z,"179 km N of Lospalos, Timor Leste",earthquake,9.43,6.555,0.09,35.0,reviewed,us,us,2024-07-23,43494,Timor Leste,1
2024-07-23 23:26:58.665000+00:00,-8.4323,128.827,10.0,4.85,mw,13.0,120.0,4.935,0.14,us,us6000nie1,2024-10-08T21:49:14.005Z,"201 km E of Lospalos, Timor Leste",earthquake,8.44,1.928,0.15,13.0,reviewed,us,us,2024-07-23,43428,Timor Leste,1
2024-07-24 00:43:05.887000+00:00,-6.8505,125.2827,524.857,5.11,mw,104.0,37.0,3.5,0.43,us,us6000nf23,2024-10-08T21:49:11.005Z,"191 km N of Dili, Timor Leste",earthquake,10.55,1.672,0.062,79.0,reviewed,us,us,2024-07-24,43406,Timor Leste,1
2024-07-25 20:32:17.453000+00:00,-7.3691,128.681,144.012,5.5,mww,121.0,18.0,5.671,0.73,us,us6000nfw2,2024-10-08T21:49:12.005Z,"225 km NE of Lospalos, Timor Leste",earthquake,8.1,3.747,0.05,38.0,reviewed,us,us,2024-07-25,43385,Timor Leste,1
2024-08-01 03:25:42.877000+00:00,-7.2408,128.2128,161.828,4.77,mw,14.0,210.0,5.881,1.13,us,us7000n7xv,2024-10-11T19:39:12.040Z,"194 km NE of Lospalos, Timor Leste",earthquake,9.84,26.973,0.219,6.0,reviewed,us,us,2024-08-01,43488,Timor Leste,1
2024-08-17 20:52:49.570000+00:00,-6.6591,128.0377,337.956,5.28,mw,98.0,44.0,2.821,0.75,us,us7000n7ni,2024-10-26T15:49:20.040Z,"235 km NNE of Lospalos, Timor Leste",earthquake,7.64,5.333,0.043,176.0,reviewed,us,us,2024-08-17,43397,Timor Leste,1
2024-08-22 18:42:27.392000+00:00,-7.6284,125.8773,10.0,5.1,mww,70.0,37.0,2.646,0.68,us,us7000n8u3,2024-11-02T21:28:49.040Z,"98 km N of Manatutu, Timor Leste",earthquake,6.98,1.856,0.089,12.0,reviewed,us,us,2024-08-22,43422,Timor Leste,1
2024-08-23 14:45:41.548000+00:00,-6.5837,127.2255,413.15,4.68,mw,33.0,62.0,3.362,0.54,us,us7000n8zs,2024-11-02T21:28:54.040Z,"215 km N of Lospalos, Timor Leste",earthquake,11.73,8.777,0.129,17.0,reviewed,us,us,2024-08-23,43492,Timor Leste,1
2024-09-04 09:40:44.266000+00:00,-7.508,126.491,10.0,5.28,mw,71.0,66.0,4.358,0.58,us,us6000npm7,2024-11-15T16:19:53.040Z,"107 km N of Baukau, Timor Leste",earthquake,7.27,1.111,0.071,64.0,reviewed,us,us,2024-09-04,43397,Timor Leste,1
2024-09-19 11:02:48.669000+00:00,-7.6326,129.2753,77.258,4.6,mw,9.0,159.0,3.152,0.62,us,us6000ntvx,2024-11-23T23:26:56.040Z,"269 km ENE of Lospalos, Timor Leste",earthquake,13.86,21.976,0.187,8.0,reviewed,us,us,2024-09-19,43498,Timor Leste,1
2024-10-02 09:44:42.918000+00:00,-8.2365,124.2776,159.11,4.43,mw,15.0,209.0,2.057,0.9,us,us7000nmn2,2024-12-14T14:51:16.040Z,"107 km N of Pante Makasar, Timor Leste",earthquake,15.28,13.36,0.164,10.0,reviewed,us,us,2024-10-02,43534,Timor Leste,1
2024-10-06 22:53:36.547000+00:00,-6.3387,128.3953,368.357,4.77,mw,27.0,74.0,2.348,0.66,us,us6000nwyt,2024-12-14T14:50:46.040Z,"286 km NNE of Lospalos, Timor Leste",earthquake,9.05,7.934,0.127,18.0,reviewed,us,us,2024-10-06,43480,Timor Leste,1
2024-10-08 01:23:10.986000+00:00,-6.9121,126.5415,408.057,4.77,mw,37.0,41.0,4.103,0.76,us,us6000nx70,2024-12-23T15:45:57.040Z,"173 km N of Baukau, Timor Leste",earthquake,9.76,8.935,0.114,22.0,reviewed,us,us,2024-10-08,43474,Timor Leste,1
2024-10-10 04:35:59.302000+00:00,-6.6097,128.6913,245.78,4.43,mw,22.0,93.0,2.399,0.95,us,us7000np0q,2024-12-23T15:47:50.040Z,"282 km NE of Lospalos, Timor Leste",earthquake,10.72,9.239,0.183,8.0,reviewed,us,us,2024-10-10,43550,Timor Leste,1
2024-10-14 19:17:10.791000+00:00,-8.9214,127.4612,10.0,4.77,mw,28.0,99.0,4.998,0.5,us,us6000nypb,2024-12-26T23:03:57.040Z,"67 km SE of Lospalos, Timor Leste",earthquake,7.04,1.896,0.127,18.0,reviewed,us,us,2024-10-14,43472,Timor Leste,1
2024-10-22 18:40:50.244000+00:00,-8.7952,123.743,10.0,4.77,mw,18.0,91.0,1.497,0.56,us,us7000nr6q,2025-01-04T23:08:43.040Z,"83 km WNW of Pante Makasar, Timor Leste",earthquake,7.71,1.815,0.154,12.0,reviewed,us,us,2024-10-22,43476,Timor Leste,1
2024-10-26 12:56:21.227000+00:00,-7.1135,129.1749,183.084,4.94,mw,54.0,80.0,2.674,0.58,us,us7000nnbu,2025-01-04T23:08:17.040Z,"286 km ENE of Lospalos, Timor Leste",earthquake,9.18,7.355,0.078,49.0,reviewed,us,us,2024-10-26,43427,Timor Leste,1
2024-10-28 02:02:58.464000+00:00,-7.1454,125.7502,484.187,5.11,mw,82.0,45.0,3.781,0.44,us,us7000nnjr,2025-01-16T18:44:01.040Z,"153 km N of Metinaro, Timor Leste",earthquake,9.66,4.414,0.065,72.0,reviewed,us,us,2024-10-28,43399,Timor Leste,1
2024-11-01 02:17:37.786000+00:00,-7.5442,127.4277,144.144,4.51,mw,14.0,71.0,5.252,0.79,us,us7000nsnd,2025-01-16T18:48:59.040Z,"118 km NNE of Lospalos, Timor Leste",earthquake,10.9,7.916,0.213,8.0,reviewed,us,us,2024-11-01,43509,Timor Leste,1
2024-11-12 21:51:24.373000+00:00,-7.4592,125.3431,379.249,4.51,mw,28.0,76.0,3.29,0.92,us,us7000nrft,2025-01-26T16:29:26.040Z,"124 km NNW of Dili, Timor Leste",earthquake,10.17,9.271,0.109,23.0,reviewed,us,us,2024-11-12,43521,Timor Leste,1
2024-11-24 01:36:44.135000+00:00,-7.5685,127.8432,175.47,5.2,mw,50.0,39.0,3.655,0.63,us,us6000p7cq,2025-01-30T17:00:33.040Z,"140 km NE of Lospalos, Timor Leste",earthquake,9.57,5.718,0.1,32.0,reviewed,us,us,2024-11-24,43398,Timor Leste,1
2024-12-07 00:41:53.005000+00:00,-7.6812,128.3466,89.999,4.85,mw,32.0,105.0,3.499,1.12,us,us7000nwsa,2025-02-15T18:30:37.040Z,"175 km ENE of Lospalos, Timor Leste",earthquake,9.54,8.492,0.104,27.0,reviewed,us,us,2024-12-07,43440,Timor Leste,1
2024-12-23 13:37:11.807000+00:00,-7.212,124.513,511.843,4.85,mw,62.0,50.0,2.661,0.84,us,us7000p0wl,2025-03-08T22:39:18.040Z,"172 km NNW of Maubara, Timor Leste",earthquake,11.38,6.626,0.097,31.0,reviewed,us,us,2024-12-23,43455,Timor Leste,1
2025-01-04 17:26:05.690000+00:00,-8.1926,123.7839,194.234,4.51,mw,20.0,66.0,1.592,1.3,us,us6000phvp,2025-03-17T21:34:38.040Z,"129 km NNW of Pante Makasar, Timor Leste",earthquake,6.47,9.718,0.184,8.0,reviewed,us,us,2025-01-04,43710,Timor Leste,1
2025-01-08 01:50:06.020000+00:00,-7.9191,128.1271,50.317,4.6,mw,13.0,155.0,4.228,1.13,us,us6000pl93,2025-03-20T20:55:31.040Z,"141 km ENE of Lospalos, Timor Leste",earthquake,5.31,20.15,0.236,5.0,reviewed,us,us,2025-01-08,43693,Timor Leste,1
2025-01-13 11:47:08.141000+00:00,-7.5829,127.6268,138.933,5.2,mw,90.0,39.0,3.791,0.63,us,us6000pjnw,2025-03-20T20:55:20.040Z,"124 km NNE of Lospalos, Timor Leste",earthquake,7.92,5.508,0.056,101.0,reviewed,us,us,2025-01-13,43585,Timor Leste,1
2025-01-23 19:37:03.133000+00:00,-9.4545,125.2225,10.0,4.51,mw,20.0,73.0,0.988,0.8,us,us6000plwi,2025-04-08T22:00:58.040Z,"16 km SSW of Suai, Timor Leste",earthquake,7.25,1.918,0.197,7.0,reviewed,us,us,2025-01-23,43714,Timor Leste,1
2025-01-27 07:31:54.407000+00:00,-6.9026,126.675,408.959,4.68,mw,22.0,102.0,3.703,0.84,us,us7000pbhe,2025-04-08T22:01:04.040Z,"175 km N of Baukau, Timor Leste",earthquake,13.34,10.335,0.189,8.0,reviewed,us,us,2025-01-27,43650,Timor Leste,1
2025-02-07 07:30:36.462000+00:00,-7.1453,125.1737,488.306,4.85,mw,32.0,77.0,2.744,0.61,us,us7000pc28,2025-04-26T14:47:04.040Z,"160 km N of Likisá, Timor Leste",earthquake,11.28,8.799,0.096,32.0,reviewed,us,us,2025-02-07,43623,Timor Leste,1
2025-02-12 15:17:00.730000+00:00,-8.3549,129.3969,10.0,4.94,mw,24.0,98.0,3.841,0.64,us,us7000pf0i,2025-05-02T16:26:22.040Z,"264 km E of Lospalos, Timor Leste",earthquake,3.75,1.904,0.137,16.0,reviewed,us,us,2025-02-12,43608,Timor Leste,1
2025-02-17 18:03:28.553000+00:00,-6.292,128.304,332.262,4.6,mw,39.0,56.0,2.372,0.4,us,us7000peb1,2025-05-02T16:26:20.040Z,"285 km NNE of Lospalos, Timor Leste",earthquake,8.99,8.302,0.113,22.0,reviewed,us,us,2025-02-17,43699,Timor Leste,1
2025-02-18 00:16:38.472000+00:00,-6.304,127.6267,419.711,4.6,mw,67.0,34.0,2.876,0.65,us,us7000peeh,2025-05-02T16:26:21.040Z,"254 km NNE of Lospalos, Timor Leste",earthquake,9.98,5.17,0.086,38.0,reviewed,us,us,2025-02-18,43700,Timor Leste,1
2025-02-19 10:05:54.143000+00:00,-6.7262,128.405,271.239,5.2,mw,54.0,71.0,2.649,0.66,us,us7000pepy,2025-05-06T21:39:16.040Z,"252 km NE of Lospalos, Timor Leste",earthquake,9.81,7.681,0.078,51.0,reviewed,us,us,2025-02-19,43596,Timor Leste,1
2025-02-21 20:47:18.687000+00:00,-8.0096,124.4575,187.476,4.6,mw,19.0,160.0,1.745,0.43,us,us7000pfbi,2025-05-06T21:39:18.040Z,"106 km NW of Maubara, Timor Leste",earthquake,7.58,9.322,0.152,12.0,reviewed,us,us,2025-02-21,43694,Timor Leste,1
2025-03-04 16:09:10.212000+00:00,-7.8212,126.4689,10.554,4.68,mw,17.0,44.0,2.903,1.05,us,us6000pylj,2025-05-08T19:24:49.040Z,"72 km N of Baukau, Timor Leste",earthquake,5.78,5.863,0.201,7.0,reviewed,us,us,2025-03-04,43687,Timor Leste,1
2025-03-06 11:57:08.876000+00:00,-7.5395,128.0346,159.606,4.77,mw,19.0,68.0,4.327,0.89,us,us6000px6u,2025-05-16T17:30:02.040Z,"157 km NE of Lospalos, Timor Leste",earthquake,9.26,6.561,0.17,10.0,reviewed,us,us,2025-03-06,43649,Timor Leste,1
2025-03-16 00:30:32.481000+00:00,-8.6429,128.9157,10.0,4.85,mw,25.0,103.0,4.21,0.59,us,us7000pmip,2025-05-17T19:20:03.040Z,"211 km E of Lospalos, Timor Leste",earthquake,7.55,1.894,0.135,16.0,reviewed,us,us,2025-03-16,43633,Timor Leste,1
2025-03-17 17:42:24.514000+00:00,-9.0952,124.1633,97.152,5.37,mw,75.0,61.0,0.664,1.36,us,us6000pzdr,2025-05-17T19:20:00.040Z,"26 km WNW of Pante Makasar, Timor Leste",earthquake,6.8,6.16,0.057,99.0,reviewed,us,us,2025-03-17,43571,Timor Leste,1
2025-03-20 07:41:26.616000+00:00,-6.493,125.5271,540.573,4.77,mw,22.0,115.0,3.186,0.67,us,us6000pzy4,2025-05-29T17:36:25.040Z,"226 km N of Metinaro, Timor Leste",earthquake,15.63,9.334,0.154,12.0,reviewed,us,us,2025-03-20,43634,Timor Leste,1
2025-03-23 05:07:11.068000+00:00,-9.8478,125.3003,10.0,4.85,mw,22.0,71.0,1.022,0.52,us,us7000plzs,2025-05-29T17:36:29.040Z,"59 km S of Suai, Timor Leste",earthquake,6.04,1.905,0.136,16.0,reviewed,us,us,2025-03-23,43621,Timor Leste,1
2025-04-01 10:15:56.075000+00:00,-7.4362,128.5286,143.585,5.7,mww,153.0,18.0,3.202,0.53,us,us7000pp7n,2025-06-06T21:12:29.040Z,"207 km NE of Lospalos, Timor Leste",earthquake,7.96,5.374,0.042,54.0,reviewed,us,us,2025-04-01,43566,Timor Leste,1
2025-04-02 15:45:26.817000+00:00,-6.4845,128.0112,346.057,4.68,mw,53.0,32.0,2.711,0.67,us,us7000ppg8,2025-06-09T13:38:49.040Z,"251 km NNE of Lospalos, Timor Leste",earthquake,8.71,7.498,0.106,25.0,reviewed,us,us,2025-04-02,43673,Timor Leste,1
2025-04-14 11:57:42.773000+00:00,-7.7542,123.9539,277.844,4.51,mw,16.0,149.0,1.911,0.57,us,us7000pvwt,2025-06-14T18:26:47.040Z,"166 km NNW of Pante Makasar, Timor Leste",earthquake,9.33,11.458,0.213,6.0,reviewed,us,us,2025-04-14,43710,Timor Leste,1
2025-04-17 07:26:40.621000+00:00,-8.7277,126.8377,22.377,5.11,mw,67.0,67.0,2.735,0.63,us,us6000q6pn,2025-06-27T00:34:17.040Z,"28 km SW of Lospalos, Timor Leste",earthquake,5.65,4.944,0.076,54.0,reviewed,us,us,2025-04-17,43606,Timor Leste,1
2025-04-25 15:59:44.156000+00:00,-7.1594,124.7866,503.14,4.85,mw,33.0,40.0,2.63,0.55,us,us7000pv1k,2025-07-11T15:46:20.040Z,"167 km NNW of Maubara, Timor Leste",earthquake,11.65,9.68,0.097,31.0,reviewed,us,us,2025-04-25,43610,Timor Leste,1
2025-05-09 22:45:44.663000+00:00,-7.1391,129.1951,162.043,5.3,mww,116.0,20.0,5.179,0.78,us,us7000pyc9,2025-07-24T21:30:13.040Z,"286 km ENE of Lospalos, Timor Leste",earthquake,7.67,5.704,0.063,24.0,reviewed,us,us,2025-05-09,43581,Timor Leste,1
2025-05-15 00:50:52.272000+00:00,-7.136,126.1331,476.627,5.9,mww,248.0,24.0,3.19,0.57,us,us7000pzaa,2025-07-25T17:06:15.040Z,"152 km NNW of Baukau, Timor Leste",earthquake,9.32,4.638,0.045,48.0,reviewed,us,us,2025-05-15,43562,Timor Leste,1
2025-05-16 21:48:42.686000+00:00,-9.1045,125.715,10.0,4.77,mw,21.0,105.0,1.568,1.12,us,us7000pzqw,2025-07-25T17:06:17.040Z,"13 km SSE of Same, Timor Leste",earthquake,7.57,1.912,0.143,15.0,reviewed,us,us,2025-05-16,43640,Timor Leste,1
2025-05-21 02:00:25.071000+00:00,-7.6609,129.0993,87.297,4.77,mw,25.0,100.0,5.21,1.05,us,us7000q0gz,2025-08-13T15:14:29.040Z,"250 km ENE of Lospalos, Timor Leste",earthquake,9.67,8.523,0.12,20.0,reviewed,us,us,2025-05-21,43637,Timor Leste,1
2025-05-22 10:43:51.920000+00:00,-6.9918,127.8055,294.111,4.68,mw,19.0,68.0,4.449,0.67,us,us6000qi6k,2025-08-13T15:14:27.040Z,"191 km NNE of Lospalos, Timor Leste",earthquake,9.31,11.471,0.237,5.0,reviewed,us,us,2025-05-22,43662,Timor Leste,1
2025-06-01 04:40:40.397000+00:00,-8.7829,127.2727,10.0,4.94,mw,24.0,104.0,4.98,0.62,us,us6000qh6y,2025-08-16T21:54:12.040Z,"41 km SE of Lospalos, Timor Leste",earthquake,10.12,1.894,0.137,18.0,reviewed,us,us,2025-06-01,43607,Timor Leste,1
2025-06-01 10:30:46.410000+00:00,-6.9786,127.3578,300.518,4.68,mw,20.0,85.0,5.03,1.17,us,us6000qkuc,2025-08-16T21:54:19.040Z,"175 km NNE of Lospalos, Timor Leste",earthquake,10.97,8.553,0.189,8.0,reviewed,us,us,2025-06-01,43665,Timor Leste,1
2025-06-05 05:19:05.096000+00:00,-7.9184,123.5927,224.048,4.43,mw,18.0,76.0,1.519,0.73,us,us6000qlgg,2025-08-20T16:09:01.040Z,"166 km NNW of Pante Makasar, Timor Leste",earthquake,9.11,6.5,0.21,6.0,reviewed,us,us,2025-06-05,43724,Timor Leste,1
2025-06-15 08:50:10.412000+00:00,-8.7137,123.8975,112.864,5.11,mw,44.0,91.0,1.097,0.82,us,us6000qkex,2025-08-22T20:26:01.040Z,"75 km NW of Pante Makasar, Timor Leste",earthquake,8.62,7.188,0.087,42.0,reviewed,us,us,2025-06-15,43601,Timor Leste,1
2025-07-16 11:16:59.925000+00:00,-9.6313,125.0453,10.0,4.51,mw,11.0,131.0,0.777,0.98,us,us6000qvyl,2025-10-03T18:41:38.040Z,"42 km SSW of Suai, Timor Leste",earthquake,7.37,1.938,0.213,6.0,reviewed,us,us,2025-07-16,43900,Timor Leste,1
2025-07-16 16:02:01.151000+00:00,-7.3356,127.6745,10.0,5.28,mw,63.0,40.0,3.568,0.6,us,us7000qd09,2025-10-03T18:42:22.040Z,"150 km NNE of Lospalos, Timor Leste",earthquake,6.94,1.85,0.084,45.0,reviewed,us,us,2025-07-16,43760,Timor Leste,1
2025-07-17 06:30:10.327000+00:00,-7.5571,125.8132,337.207,4.43,mw,18.0,82.0,2.666,0.84,us,us7000qd5j,2025-10-03T18:42:27.040Z,"107 km NNW of Manatutu, Timor Leste",earthquake,13.22,3.098,0.173,12.0,reviewed,us,us,2025-07-17,43918,Timor Leste,1
2025-07-21 06:41:11.730000+00:00,-6.6972,127.835,316.959,4.77,mw,51.0,67.0,2.985,0.55,us,us7000qe7d,2025-10-03T18:43:09.040Z,"221 km NNE of Lospalos, Timor Leste",earthquake,8.84,7.966,0.096,31.0,reviewed,us,us,2025-07-21,43856,Timor Leste,1
2025-07-23 02:19:57.854000+00:00,-7.0898,125.6438,517.463,5.11,mw,31.0,59.0,2.978,0.73,us,us6000qua7,2025-10-11T20:57:00.040Z,"159 km N of Metinaro, Timor Leste",earthquake,14.08,10.018,0.109,26.0,reviewed,us,us,2025-07-23,43774,Timor Leste,1
2025-08-04 08:42:30.530000+00:00,-8.6145,129.1101,10.0,4.94,mw,25.0,90.0,4.141,0.65,us,us6000qy0r,2025-10-17T22:51:42.040Z,"232 km E of Lospalos, Timor Leste",earthquake,7.01,1.889,0.128,18.0,reviewed,us,us,2025-08-04,43788,Timor Leste,1
2025-08-12 16:21:50.662000+00:00,-6.8616,125.2616,524.126,5.4,mww,191.0,26.0,3.039,0.69,us,us6000r04e,2025-10-25T13:40:42.040Z,"190 km N of Dili, Timor Leste",earthquake,8.62,4.825,0.061,26.0,reviewed,us,us,2025-08-12,43756,Timor Leste,1
2025-08-18 20:38:11.193000+00:00,-7.3281,126.7221,398.062,5.03,mw,86.0,24.0,3.422,0.7,us,us6000r1y5,2025-11-04T16:43:57.040Z,"130 km NNE of Baukau, Timor Leste",earthquake,8.27,7.448,0.051,119.0,reviewed,us,us,2025-08-18,43782,Timor Leste,1
2025-08-21 22:40:26.999000+00:00,-8.88,125.2544,10.0,4.68,mw,12.0,106.0,1.306,0.96,us,us7000qwi1,2025-11-12T16:25:46.040Z,"12 km NNE of Maliana, Timor Leste",earthquake,5.04,1.956,0.307,3.0,reviewed,us,us,2025-08-21,43864,Timor Leste,1
2025-09-05 12:05:20.743000+00:00,-7.2592,129.3381,154.863,4.85,mw,22.0,82.0,2.777,0.79,us,us7000qu29,2025-11-30T23:40:06.040Z,"293 km ENE of Lospalos, Timor Leste",earthquake,13.47,15.109,0.14,15.0,reviewed,us,us,2025-09-05,43791,Timor Leste,1
2025-09-09 22:58:27.323000+00:00,-8.1252,123.9131,163.011,4.6,mw,22.0,92.0,1.657,0.87,us,us7000qv5g,2025-11-30T23:41:13.040Z,"129 km NNW of Pante Makasar, Timor Leste",earthquake,8.28,5.919,0.124,18.0,reviewed,us,us,2025-09-09,43892,Timor Leste,1
2025-09-12 04:17:15.977000+00:00,-7.7533,126.8827,125.745,4.77,mw,26.0,73.0,6.562,0.66,us,us6000reks,2025-12-03T03:58:07.040Z,"85 km N of Lospalos, Timor Leste",earthquake,11.57,8.799,0.134,16.0,reviewed,us,us,2025-09-12,43832,Timor Leste,1
2025-09-17 15:52:50.459000+00:00,-7.7428,129.0868,82.62,4.68,mw,24.0,37.0,5.166,0.91,us,us7000qwpe,2025-12-06T16:00:18.040Z,"245 km ENE of Lospalos, Timor Leste",earthquake,8.96,7.702,0.126,18.0,reviewed,us,us,2025-09-17,43885,Timor Leste,1
2025-09-20 09:34:59.794000+00:00,-6.8648,128.5397,10.0,4.77,mw,22.0,105.0,5.111,0.75,us,us7000qxjl,2025-12-06T16:00:25.040Z,"249 km NE of Lospalos, Timor Leste",earthquake,8.42,1.902,0.13,17.0,reviewed,us,us,2025-09-20,43827,Timor Leste,1
2025-09-23 17:08:10.810000+00:00,-6.4048,128.4207,352.561,5.11,mw,103.0,16.0,5.152,0.68,us,us6000rcd3,2025-12-06T16:00:09.040Z,"281 km NE of Lospalos, Timor Leste",earthquake,7.9,2.284,0.054,105.0,reviewed,us,us,2025-09-23,43762,Timor Leste,1
2025-09-26 08:33:26.554000+00:00,-6.3364,125.7979,514.693,4.68,mw,22.0,69.0,3.355,0.87,us,us6000rd2a,2025-12-11T21:40:40.040Z,"241 km N of Manatutu, Timor Leste",earthquake,13.06,9.805,0.16,11.0,reviewed,us,us,2025-09-26,43873,Timor Leste,1
2025-10-01 13:49:49.750000+00:00,-7.322,128.3436,146.835,5.6,mww,144.0,18.0,4.701,0.67,us,us6000rdz7,2025-12-19T22:49:37.040Z,"199 km NE of Lospalos, Timor Leste",earthquake,7.49,6.173,0.043,53.0,reviewed,us,us,2025-10-01,43755,Timor Leste,1
2025-10-14 22:10:44.933000+00:00,-9.1425,125.9261,10.0,4.85,mw,19.0,129.0,1.746,0.96,us,us6000rh71,2026-01-01T23:11:13.040Z,"34 km ESE of Same, Timor Leste",earthquake,9.36,1.908,0.135,16.0,reviewed,us,us,2025-10-14,43818,Timor Leste,1
2025-10-23 12:40:08.967000+00:00,-6.6663,126.6796,466.147,4.51,mw,32.0,76.0,3.852,0.56,us,us6000riva,2026-01-15T22:46:48.040Z,"201 km N of Baukau, Timor Leste",earthquake,8.66,8.686,0.109,23.0,reviewed,us,us,2025-10-23,43913,Timor Leste,1
2025-10-25 11:09:58.597000+00:00,-6.1749,127.4623,411.927,4.85,mw,45.0,83.0,2.934,0.59,us,us6000rjez,2026-01-15T22:46:52.040Z,"264 km N of Lospalos, Timor Leste",earthquake,11.97,9.109,0.089,37.0,reviewed,us,us,2025-10-25,43821,Timor Leste,1
2025-10-26 17:04:25.617000+00:00,-8.8524,123.9887,75.0,6.2,mww,108.0,20.0,0.938,0.93,us,us6000rjkv,2026-01-15T22:46:55.040Z,"57 km NW of Pante Makasar, Timor Leste",earthquake,3.38,1.931,0.037,72.0,reviewed,us,us,2025-10-26,43755,Timor Leste,1
2025-11-02 22:59:36.851000+00:00,-8.073,128.7784,35.0,4.85,mw,18.0,109.0,3.701,0.48,us,us6000rl3i,2026-01-27T17:59:05.040Z,"202 km ENE of Lospalos, Timor Leste",earthquake,7.4,1.906,0.131,17.0,reviewed,us,us,2025-11-02,43806,Timor Leste,1
2025-11-11 01:23:15.822000+00:00,-8.6238,127.3137,35.0,4.77,mw,29.0,70.0,3.211,0.68,us,us6000rmpl,2026-01-29T22:05:25.040Z,"36 km ESE of Lospalos, Timor Leste",earthquake,7.51,1.934,0.12,20.0,reviewed,us,us,2025-11-11,43845,Timor Leste,1
2025-11-23 23:20:02.965000+00:00,-7.371,126.2895,432.992,4.68,mw,36.0,60.0,3.1,0.45,us,us6000rq02,2026-02-20T16:07:35.040Z,"123 km N of Baukau, Timor Leste",earthquake,13.44,10.501,0.116,21.0,reviewed,us,us,2025-11-23,43857,Timor Leste,1
2025-11-24 18:43:27.162000+00:00,-7.7519,128.312,89.733,4.85,mw,29.0,83.0,3.578,1.0,us,us7000rdit,2026-02-20T16:07:40.040Z,"167 km ENE of Lospalos, Timor Leste",earthquake,6.48,7.903,0.128,18.0,reviewed,us,us,2025-11-24,43810,Timor Leste,1
2025-11-30 04:18:12.919000+00:00,-6.8976,127.3696,378.31,4.6,mw,19.0,97.0,4.181,0.86,us,us6000rvhs,2026-02-25T16:18:39.040Z,"184 km NNE of Lospalos, Timor Leste",earthquake,12.1,10.93,0.215,7.0,reviewed,us,us,2025-11-30,43886,Timor Leste,1
2025-12-08 10:36:48.432000+00:00,-7.3832,123.8029,559.942,4.51,mw,34.0,64.0,2.401,0.83,us,us6000rtcl,2026-03-04T18:43:29.040Z,"205 km NW of Maubara, Timor Leste",earthquake,11.38,7.259,0.15,13.0,reviewed,us,us,2025-12-08,43900,Timor Leste,1
2025-12-08 12:19:42.975000+00:00,-7.9926,126.6309,10.0,4.85,mw,20.0,76.0,2.919,0.97,us,us7000rmsx,2026-03-04T18:45:03.040Z,"56 km NNE of Baukau, Timor Leste",earthquake,3.59,1.925,0.164,11.0,reviewed,us,us,2025-12-08,43813,Timor Leste,1
2025-12-21 05:41:58.397000+00:00,-7.3365,128.9356,151.05,4.85,mw,39.0,70.0,5.205,0.9,us,us6000rwak,2026-03-19T13:56:09.040Z,"250 km ENE of Lospalos, Timor Leste",earthquake,9.07,5.271,0.104,27.0,reviewed,us,us,2025-12-21,43824,Timor Leste,1
2025-12-26 20:48:48.958000+00:00,-9.2676,124.3365,32.198,4.77,mw,18.0,85.0,0.489,1.01,us,us7000rq6t,2026-04-01T22:48:59.040Z,"9 km SW of Pante Makasar, Timor Leste",earthquake,5.24,6.72,0.161,11.0,reviewed,us,us,2025-12-26,43854,Timor Leste,1
2026-01-08 14:30:39.092000+00:00,-6.9405,125.9368,495.928,4.94,mw,37.0,65.0,3.248,0.89,us,us7000rnfl,2026-04-10T15:20:41.040Z,"173 km N of Manatutu, Timor Leste",earthquake,8.38,10.769,0.112,24.0,reviewed,us,us,2026-01-08,43987,Timor Leste,1
2026-01-11 23:53:01.323000+00:00,-6.6155,128.4783,262.087,4.68,mw,22.0,61.0,5.206,0.68,us,us7000rp3f,2026-04-10T15:20:44.040Z,"266 km NE of Lospalos, Timor Leste",earthquake,9.62,8.902,0.161,11.0,reviewed,us,us,2026-01-11,44079,Timor Leste,1
2026-01-12 21:59:35.513000+00:00,-7.4335,128.904,124.232,5.37,mw,103.0,51.0,3.058,0.64,us,us7000rp9r,2026-04-10T15:20:46.040Z,"242 km ENE of Lospalos, Timor Leste",earthquake,10.38,6.037,0.057,99.0,reviewed,us,us,2026-01-12,43942,Timor Leste,1
2026-01-19 22:15:56.777000+00:00,-7.1929,128.3703,187.836,5.11,mw,54.0,83.0,3.061,0.53,us,us7000rqnb,2026-04-18T14:47:21.040Z,"210 km NE of Lospalos, Timor Leste",earthquake,8.57,7.68,0.077,53.0,reviewed,us,us,2026-01-19,43967,Timor Leste,1
2026-01-21 14:30:20.021000+00:00,-6.9749,126.6481,402.82,4.77,mw,52.0,26.0,3.63,0.6,us,us7000rr44,2026-04-18T14:47:41.040Z,"167 km N of Baukau, Timor Leste",earthquake,8.84,8.061,0.102,28.0,reviewed,us,us,2026-01-21,44037,Timor Leste,1
2026-02-04 16:38:25.528000+00:00,-7.7685,123.9206,273.8,4.68,mw,11.0,132.0,2.004,0.38,us,us6000s6fl,2026-04-23T20:43:22.040Z,"166 km NNW of Pante Makasar, Timor Leste",earthquake,11.43,10.164,0.177,9.0,reviewed,us,us,2026-02-04,44079,Timor Leste,1
2026-02-13 13:41:05.315000+00:00,-8.483,128.8203,10.0,4.68,mw,19.0,72.0,4.08,0.73,us,us7000s0rs,2026-05-06T17:53:50.040Z,"200 km E of Lospalos, Timor Leste",earthquake,8.29,1.936,0.148,13.0,reviewed,us,us,2026-02-13,44080,Timor Leste,1
2026-02-14 18:53:30.078000+00:00,-6.8416,128.9423,193.79,4.85,mw,27.0,84.0,2.495,0.67,us,us6000s98q,2026-05-06T17:53:53.040Z,"283 km NE of Lospalos, Timor Leste",earthquake,9.07,7.617,0.121,21.0,reviewed,us,us,2026-02-14,44010,Timor Leste,1
2026-03-01 08:58:55.513000+00:00,-7.3616,129.4406,127.982,5.03,mw,23.0,84.0,2.858,0.79,us,us7000s17r,2026-05-15T22:02:35.040Z,"298 km ENE of Lospalos, Timor Leste",earthquake,9.78,9.202,0.133,17.0,reviewed,us,us,2026-03-01,43968,Timor Leste,1
2026-03-05 01:43:29.676000+00:00,-6.7733,125.1587,526.409,4.85,mw,60.0,41.0,3.091,0.72,us,us7000s25r,2026-05-22T21:58:35.040Z,"201 km N of Likisá, Timor Leste",earthquake,10.71,4.536,0.077,50.0,reviewed,us,us,2026-03-05,44027,Timor Leste,1
2026-03-21 02:42:15.937000+00:00,-8.4702,128.3491,10.0,4.6,mw,12.0,90.0,4.228,0.59,us,us7000s93v,2026-06-04T18:38:10.040Z,"148 km E of Lospalos, Timor Leste",earthquake,9.15,1.946,0.235,6.0,reviewed,us,us,2026-03-21,44084,Timor Leste,1
2026-03-28 18:38:29.315000+00:00,-7.5072,127.8579,159.0,5.8,mww,269.0,12.0,3.596,0.66,us,us7000s8ec,2026-06-10T15:14:55.040Z,"146 km NE of Lospalos, Timor Leste",earthquake,6.83,1.833,0.04,59.0,reviewed,us,us,2026-03-28,43931,Timor Leste,1
2026-04-01 16:36:32.775000+00:00,-9.016,125.4784,10.0,4.77,mw,25.0,52.0,1.403,1.08,us,us6000slqu,2026-06-10T15:14:46.040Z,"4 km SW of Ainaro, Timor Leste",earthquake,7.04,1.866,0.138,16.0,reviewed,us,us,2026-04-01,44034,Timor Leste,1
2026-04-14 01:49:18.895000+00:00,-6.628,127.9639,306.867,4.77,mw,52.0,60.0,2.847,0.7,us,us6000spug,2026-06-24T16:34:36.040Z,"234 km NNE of Lospalos, Timor Leste",earthquake,8.77,6.597,0.092,34.0,reviewed,us,us,2026-04-14,44033,Timor Leste,1
2026-04-19 10:41:56.308000+00:00,-6.1378,127.6334,393.966,4.77,mw,50.0,31.0,2.773,0.71,us,us6000srai,2026-07-03T01:38:16.040Z,"272 km NNE of Lospalos, Timor Leste",earthquake,9.63,9.472,0.093,33.0,reviewed,us,us,2026-04-19,44032,Timor Leste,1
2026-04-20 05:19:36.117000+00:00,-7.9395,124.314,182.008,5.28,mw,125.0,34.0,1.805,0.63,us,us6000srhi,2026-07-03T01:38:28.040Z,"123 km NW of Maubara, Timor Leste",earthquake,8.89,4.646,0.064,78.0,reviewed,us,us,2026-04-20,43958,Timor Leste,1
2026-04-21 03:17:06.825000+00:00,-8.8928,124.0837,63.942,5.4,mww,184.0,35.0,0.876,0.72,us,us6000srrc,2026-07-03T01:38:40.040Z,"47 km NW of Pante Makasar, Timor Leste",earthquake,7.14,4.201,0.078,16.0,reviewed,us,us,2026-04-21,43935,Timor Leste,1
2026-04-24 16:10:57.383000+00:00,-8.4096,123.9714,167.142,4.85,mw,28.0,66.0,1.369,0.96,us,us6000ssmp,2026-07-11T19:57:56.040Z,"98 km NNW of Pante Makasar, Timor Leste",earthquake,8.26,7.863,0.118,22.0,reviewed,us,us,2026-04-24,44003,Timor Leste,1
2026-04-28 04:26:05.624000+00:00,-8.9588,127.1672,10.0,4.94,mw,34.0,62.0,2.969,1.06,us,us7000sglj,2026-07-11T19:59:09.040Z,"51 km SSE of Lospalos, Timor Leste",earthquake,6.83,1.84,0.109,25.0,reviewed,us,us,2026-04-28,43983,Timor Leste,1
2026-06-05 15:57:06.583000+00:00,-7.6703,127.219,170.17,5.3,mww,111.0,18.0,3.578,0.86,us,us7000sqvk,2026-06-20T19:16:59.040Z,"97 km NNE of Lospalos, Timor Leste",earthquake,8.2,4.915,0.068,21.0,reviewed,us,us,2026-06-05,43944,Timor Leste,1
2026-06-05 22:16:16.653000+00:00,-7.7967,128.6254,70.777,4.68,mw,20.0,111.0,3.492,0.56,us,us7000strw,2026-07-09T21:22:32.040Z,"196 km ENE of Lospalos, Timor Leste",earthquake,5.47,7.932,0.147,13.0,reviewed,us,us,2026-06-05,44041,Timor Leste,1
2026-06-06 22:38:35.972000+00:00,-8.6429,126.5283,9.692,5.45,mw,55.0,38.0,2.491,0.88,us,us7000sr5i,2026-07-09T21:20:45.040Z,"16 km E of Venilale, Timor Leste",earthquake,7.68,3.853,0.076,56.0,reviewed,us,us,2026-06-06,43934,Timor Leste,1
2026-06-10 09:32:55.731000+00:00,-7.0498,125.4156,536.44,4.85,mw,29.0,47.0,2.918,0.67,us,us7000su4f,2026-07-02T12:53:54.040Z,"167 km NNW of Metinaro, Timor Leste",earthquake,13.85,10.037,0.135,16.0,reviewed,us,us,2026-06-10,44014,Timor Leste,1
2026-06-27 10:37:02.333000+00:00,-6.7898,125.6119,525.542,5.9,mww,54.0,53.0,3.233,0.62,us,us6000t8nf,2026-06-28T10:59:53.342Z,"192 km N of Metinaro, Timor Leste",earthquake,9.72,8.02,0.057,30.0,reviewed,us,us,2026-06-27,44101,Timor Leste,1
2026-06-27 23:29:10.208000+00:00,-6.747,127.2741,402.624,4.77,mw,29.0,90.0,4.218,0.75,us,us6000t8re,2026-07-12T03:24:42.040Z,"198 km N of Lospalos, Timor Leste",earthquake,10.77,10.053,0.13,17.0,reviewed,us,us,2026-06-27,44102,Timor Leste,1
2026-06-28 05:25:49.347000+00:00,-6.9609,129.1585,181.124,4.68,mw,17.0,81.0,2.534,1.15,us,us6000tagf,2026-07-12T08:06:13.040Z,"294 km NE of Lospalos, Timor Leste",earthquake,10.4,10.182,0.178,9.0,reviewed,us,us,2026-06-28,44102,Timor Leste,1
2026-06-28 11:35:31.479000+00:00,-7.38,128.695,165.511,4.85,mw,54.0,77.0,3.083,0.81,us,us6000t8ta,2026-06-28T11:52:30.040Z,"225 km NE of Lospalos, Timor Leste",earthquake,8.62,7.655,0.078,48.0,reviewed,us,us,2026-06-28,44101,Timor Leste,1
