time,latitude,longitude,depth,mag,magType,nst,gap,dmin,rms,net,id,updated,place,type,horizontalError,depthError,magError,magNst,status,locationSource,magSource,Date,Day_Number,country,cluster
1906-01-31 15:36:10+00:00,0.955,-79.369,20.0,8.8,mw,,,,,official,official19060131153610_30,2022-05-09T22:48:26.808Z,1906 Ecuador-Colombia Earthquake,earthquake,,,,,reviewed,iscgem,official,1906-01-31,0,1906 Ecuador-Colombia Earthquake,-1
1907-06-05 03:21:52.300000+00:00,2.094,-78.328,35.0,6.47,mw,,,,,iscgem,iscgem16957961,2022-04-25T20:28:58.861Z,"37 km SSW of La Tola, Colombia",earthquake,,11.0,0.2,,reviewed,iscgem,iscgem,1907-06-05,490,Colombia,1
1911-04-10 18:42:16.710000+00:00,7.541,-74.416,70.0,6.38,mw,,,,,iscgem,iscgem16958140,2022-04-25T20:32:53.027Z,"43 km E of El Bagre, Colombia",earthquake,,3.1,0.2,,reviewed,iscgem,iscgem,1911-04-10,1895,Colombia,1
1913-07-25 12:38:08.890000+00:00,12.471,-80.815,15.0,6.15,mw,,,,,iscgem,iscgem914084,2022-04-26T00:09:31.869Z,"97 km E of San Andrés, Colombia",earthquake,,25.0,0.26,,reviewed,iscgem,iscgem,1913-07-25,2732,Colombia,-1
1914-04-20 13:29:57.170000+00:00,4.72,-78.684,15.0,6.53,mw,,,,,iscgem,iscgem913979,2022-04-26T00:06:44.298Z,"148 km W of Pizarro, Colombia",earthquake,,2.9,0.21,,reviewed,iscgem,iscgem,1914-04-20,3001,Colombia,1
1917-08-31 11:36:24.560000+00:00,3.792,-73.649,15.0,7.05,mw,,,,,iscgem,iscgem913647,2022-04-26T00:00:27.197Z,"5 km SE of Castilla La Nueva, Colombia",earthquake,,25.0,0.45,,reviewed,iscgem,iscgem,1917-08-31,4230,Colombia,2
1918-06-16 12:27:50.710000+00:00,13.186,-80.904,15.0,5.82,mw,,,,,iscgem,iscgem913173,2022-04-25T23:55:48.730Z,"53 km ESE of Mountain, Colombia",earthquake,,25.0,0.43,,reviewed,iscgem,iscgem,1918-06-16,4519,Colombia,-1
1918-12-21 09:24:55.980000+00:00,-0.625,-72.256,35.0,6.2,mw,,,,,iscgemsup,iscgemsup913382,2022-05-09T18:05:48.623Z,Colombia,earthquake,,25.0,0.78,,reviewed,iscgemsup,iscgemsup,1918-12-21,4707,Colombia,-1
1920-01-30 18:26:47.290000+00:00,3.156,-77.469,35.0,6.35,mw,,,,,iscgem,iscgem912416,2022-04-25T23:45:43.540Z,"47 km NNE of Timbiquí, Colombia",earthquake,,25.0,0.2,,reviewed,iscgem,iscgem,1920-01-30,5112,Colombia,1
1921-11-13 08:40:57.950000+00:00,11.829,-71.459,15.0,6.35,mw,,,,,iscgem,iscgem912363,2022-04-25T23:45:18.809Z,"88 km E of Uribia, Colombia",earthquake,,42.7,0.39,,reviewed,iscgem,iscgem,1921-11-13,5800,Colombia,-1
1921-12-18 15:29:27.130000+00:00,-3.918,-71.52,540.0,7.3,mw,,,,,iscgem,iscgem912389,2022-04-25T21:14:30.026Z,"130 km W of Puerto Nariño, Colombia",earthquake,,25.0,0.3,,reviewed,iscgem,iscgem,1921-12-18,5765,Colombia,-1
1923-12-22 09:56:12.090000+00:00,4.56,-73.509,15.0,6.38,mw,,,,,iscgem,iscgem911781,2022-04-25T21:14:12.034Z,"14 km S of Gachalá, Colombia",earthquake,,25.0,0.2,,reviewed,iscgem,iscgem,1923-12-22,6534,Colombia,2
1924-06-22 22:29:06.280000+00:00,5.082,-78.608,15.0,5.84,mw,,,,,iscgem,iscgem910995,2022-04-25T23:31:11.065Z,"138 km W of Pizarro, Colombia",earthquake,,25.0,0.28,,reviewed,iscgem,iscgem,1924-06-22,6835,Colombia,1
1924-07-06 14:18:51.100000+00:00,7.218,-77.696,20.0,6.43,mw,,,,,iscgem,iscgem911013,2022-04-25T23:31:16.844Z,"14 km NNE of Juradó, Colombia",earthquake,,6.1,0.2,,reviewed,iscgem,iscgem,1924-07-06,6717,Colombia,1
1924-10-18 23:05:31.670000+00:00,2.959,-79.885,15.0,6.07,mw,,,,,iscgem,iscgem911164,2022-04-25T21:13:47.709Z,"167 km WNW of Mosquera, Colombia",earthquake,,25.0,0.2,,reviewed,iscgem,iscgem,1924-10-18,6731,Colombia,1
1925-07-31 08:46:19.100000+00:00,5.037,-78.956,15.0,5.87,mw,,,,,iscgem,iscgem910626,2022-04-25T23:27:24.177Z,"176 km W of Pizarro, Colombia",earthquake,,25.0,0.21,,reviewed,iscgem,iscgem,1925-07-31,7121,Colombia,-1
1926-03-17 11:53:42.720000+00:00,11.987,-82.065,25.0,6.71,mw,,,,,iscgem,iscgem909769,2022-04-25T23:14:45.818Z,"76 km SSW of San Andrés, Colombia",earthquake,,14.5,0.25,,reviewed,iscgem,iscgem,1926-03-17,7350,Colombia,-1
1928-11-01 16:08:36.790000+00:00,4.948,-73.097,15.0,5.93,mw,,,,,iscgem,iscgem908950,2022-04-25T22:58:50.430Z,"9 km S of Campohermoso, Colombia",earthquake,,19.4,0.2,,reviewed,iscgem,iscgem,1928-11-01,8310,Colombia,2
1930-02-01 19:04:00.630000+00:00,13.336,-80.118,15.0,6.04,mw,,,,,iscgem,iscgem907210,2022-04-25T22:24:56.949Z,"135 km E of Mountain, Colombia",earthquake,,25.0,0.21,,reviewed,iscgem,iscgem,1930-02-01,8767,Colombia,-1
1932-02-17 16:06:58.590000+00:00,11.749,-73.801,15.0,5.94,mw,,,,,iscgem,iscgem906026,2022-04-25T22:03:14.514Z,"71 km NE of Santa Marta, Colombia",earthquake,,25.0,0.4,,reviewed,iscgem,iscgem,1932-02-17,9513,Colombia,-1
1934-04-03 07:36:32.090000+00:00,4.243,-77.742,15.0,5.94,mw,,,,,iscgem,iscgem904867,2022-04-25T21:43:55.241Z,"41 km W of Santa Genoveva de Docordó, Colombia",earthquake,,25.0,0.3,,reviewed,iscgem,iscgem,1934-04-03,10289,Colombia,1
1934-08-06 12:07:09.460000+00:00,3.333,-77.938,15.0,5.85,mw,,,,,iscgem,iscgem905093,2022-04-25T21:09:17.289Z,"69 km NNW of Timbiquí, Colombia",earthquake,,25.0,0.2,,reviewed,iscgem,iscgem,1934-08-06,10414,Colombia,1
1935-08-07 09:02:15.880000+00:00,0.921,-77.461,15.0,5.95,mw,,,,,iscgem,iscgem904456,2022-04-25T21:35:25.170Z,"8 km SE of Iles, Colombia",earthquake,,12.2,0.27,,reviewed,iscgem,iscgem,1935-08-07,10780,Colombia,-1
1935-09-18 04:57:55.780000+00:00,5.099,-76.078,15.0,6.07,mw,,,,,iscgem,iscgem904522,2022-04-25T21:36:06.691Z,"12 km WNW of Santuario, Colombia",earthquake,,15.4,0.51,,reviewed,iscgem,iscgem,1935-09-18,10919,Colombia,1
1935-12-24 12:24:12.590000+00:00,2.728,-79.18,25.0,6.31,mw,,,,,iscgem,iscgem904719,2022-04-25T21:40:28.675Z,"84 km WNW of Mosquera, Colombia",earthquake,,2.9,0.26,,reviewed,iscgem,iscgem,1935-12-24,10822,Colombia,1
1937-05-21 13:12:18.920000+00:00,2.504,-78.285,15.0,5.91,mw,,,,,iscgem,iscgem903085,2022-04-25T21:07:46.274Z,"15 km NW of La Tola, Colombia",earthquake,,25.0,0.2,,reviewed,iscgem,iscgem,1937-05-21,11433,Colombia,1
1937-12-08 02:25:19.160000+00:00,13.706,-81.446,15.0,5.79,mw,,,,,iscgem,iscgem903374,2022-04-25T21:18:47.579Z,"38 km NNW of Mountain, Colombia",earthquake,,25.0,0.2,,reviewed,iscgem,iscgem,1937-12-08,11634,Colombia,-1
1942-05-22 10:30:43.540000+00:00,4.437,-74.636,15.0,5.98,mw,,,,,iscgem,iscgem900292,2022-04-26T19:17:52.188Z,"2 km S of Tocaima, Colombia",earthquake,,25.0,0.25,,reviewed,iscgem,iscgem,1942-05-22,13260,Colombia,-1
1942-12-26 12:31:50.640000+00:00,9.276,-75.524,15.0,6.25,mw,,,,,iscgem,iscgem900600,2022-04-26T19:23:25.489Z,"6 km SSE of Palmito, Colombia",earthquake,,25.0,0.2,,reviewed,iscgem,iscgem,1942-12-26,13478,Colombia,-1
1945-03-17 23:57:58.090000+00:00,6.531,-78.584,15.0,6.41,mw,,,,,iscgem,iscgem898841,2022-04-26T18:59:48.412Z,"110 km SW of Juradó, Colombia",earthquake,,3.9,0.45,,reviewed,iscgem,iscgem,1945-03-17,14290,Colombia,-1
1951-12-06 14:29:22.530000+00:00,5.685,-77.367,15.0,6.08,mw,,,,,iscgemsup,iscgemsup895015,2022-05-09T20:32:02.811Z,"11 km WSW of Nuquí, Colombia",earthquake,,7.0,0.72,,reviewed,iscgemsup,iscgemsup,1951-12-06,16815,Colombia,1
1952-02-14 21:02:42.410000+00:00,7.361,-76.37,20.0,5.94,mw,,,,,iscgem,iscgem892490,2022-04-26T17:59:50.971Z,"14 km NNE of Mutatá, Colombia",earthquake,,3.8,0.26,,reviewed,iscgem,iscgem,1952-02-14,16880,Colombia,1
1952-04-19 09:58:56.140000+00:00,7.013,-71.941,28.2,6.45,mw,,,,,iscgem,iscgem892794,2022-04-26T18:02:12.112Z,"18 km E of Cubará, Colombia",earthquake,,4.5,0.23,,reviewed,iscgem,iscgem,1952-04-19,16745,Colombia,1
1952-06-05 05:56:34.450000+00:00,5.863,-77.646,10.0,5.82,mw,,,,,iscgem,iscgem892990,2022-04-26T18:03:49.481Z,"44 km WNW of Nuquí, Colombia",earthquake,,3.4,0.2,,reviewed,iscgem,iscgem,1952-06-05,16927,Colombia,1
1956-12-16 01:41:59.260000+00:00,6.439,-77.49,32.8,5.95,mw,,,,,iscgem,iscgem889010,2022-04-26T17:29:51.266Z,"25 km NNW of Bahía Solano, Colombia",earthquake,,3.9,0.33,,reviewed,iscgem,iscgem,1956-12-16,18708,Colombia,1
1957-04-21 21:12:31.810000+00:00,6.868,-72.095,25.0,6.64,mw,,,,,iscgem,iscgem886430,2022-04-26T17:11:34.474Z,"15 km S of Cubará, Colombia",earthquake,,4.0,0.28,,reviewed,iscgem,iscgem,1957-04-21,18582,Colombia,1
1957-05-24 02:37:50.370000+00:00,3.7,-76.752,52.3,6.12,mw,,,,,iscgem,iscgem886586,2022-04-26T17:12:09.047Z,"8 km NW of Dagua, Colombia",earthquake,,5.2,0.26,,reviewed,iscgem,iscgem,1957-05-24,18741,Colombia,1
1960-09-19 19:01:24.620000+00:00,6.838,-77.542,15.0,6.26,mw,,,,,iscgem,iscgem880362,2022-04-26T16:36:13.678Z,"38 km SE of Juradó, Colombia",earthquake,,6.1,0.33,,reviewed,iscgem,iscgem,1960-09-19,19955,Colombia,1
1962-02-18 17:25:16.540000+00:00,7.945,-74.812,46.1,5.8,mw,,,,,iscgem,iscgem874252,2022-04-26T16:07:55.505Z,"16 km SSW of Nechí, Colombia",earthquake,,5.4,0.34,,reviewed,iscgem,iscgem,1962-02-18,20472,Colombia,1
1962-07-30 20:18:53.510000+00:00,5.173,-76.352,64.0,6.51,mw,,,,,iscgem,iscgem17292199,2022-04-26T16:06:14.851Z,"25 km ESE of Tadó, Colombia",earthquake,,4.7,0.2,,reviewed,iscgem,iscgem,1962-07-30,20634,Colombia,1
1963-06-03 11:31:49.560000+00:00,5.205,-72.987,15.0,5.77,mw,,,,,iscgem,iscgem872447,2022-04-27T00:22:21.512Z,"10 km ESE of San Eduardo, Colombia",earthquake,,19.4,0.2,,reviewed,iscgem,iscgem,1963-06-03,20942,Colombia,2
1964-03-25 10:08:08.060000+00:00,7.553,-75.379,47.0,5.23,mw,,,,,iscgem,iscgem869758,2022-04-27T00:13:00.336Z,"4 km SW of Cáceres, Colombia",earthquake,,5.2,0.27,,reviewed,iscgem,iscgem,1964-03-25,21238,Colombia,1
1965-02-26 23:36:14.030000+00:00,6.746,-72.971,160.0,5.63,mw,,,,,iscgem,iscgem860605,2022-04-26T23:48:15.209Z,"0 km SSE of Cepitá, Colombia",earthquake,,4.7,0.43,,reviewed,iscgem,iscgem,1965-02-26,21576,Colombia,1
1966-05-30 03:09:36.350000+00:00,7.53,-77.007,36.8,5.41,mw,,,,,iscgem,iscgem847932,2022-04-26T23:19:46.219Z,"15 km NE of Riosucio, Colombia",earthquake,,1.2,0.21,,reviewed,iscgem,iscgem,1966-05-30,22131,Colombia,1
1966-09-04 22:14:52.980000+00:00,4.617,-73.981,15.0,5.31,mw,,,,,iscgem,iscgem843113,2022-04-26T23:09:41.192Z,"7 km SE of Barrio San Luis, Colombia",earthquake,,25.0,0.33,,reviewed,iscgem,iscgem,1966-09-04,22138,Colombia,-1
1966-09-11 17:38:05.140000+00:00,6.761,-72.976,161.1,5.89,mw,,,,,iscgem,iscgem843332,2022-04-26T23:09:55.761Z,"0 km NNW of Cepitá, Colombia",earthquake,,5.0,0.3,,reviewed,iscgem,iscgem,1966-09-11,22034,Colombia,1
1966-10-18 18:43:36.110000+00:00,3.596,-74.274,35.0,5.14,mw,,,,,iscgem,iscgem842616,2022-04-26T23:08:52.377Z,"28 km WNW of Lejanías, Colombia",earthquake,,5.0,0.2,,reviewed,iscgem,iscgem,1966-10-18,22289,Colombia,2
1967-02-09 15:24:46.750000+00:00,2.906,-74.772,35.0,7.0,mw,,,,,iscgem,iscgem838623,2025-12-19T18:22:12.144Z,"41 km SE of Baraya, Colombia",earthquake,,4.5,0.3,,reviewed,iscgem,iscgem,1967-02-09,22175,Colombia,2
1967-07-29 10:24:25.750000+00:00,6.747,-73.032,161.2,6.78,mw,,,,,iscgem,iscgem833862,2022-08-16T22:53:23.328Z,"6 km NNW of Aratoca, Colombia",earthquake,,5.1,0.1,,reviewed,iscgem,iscgem,1967-07-29,22459,Colombia,1
1967-11-05 14:23:53.890000+00:00,3.075,-74.895,23.9,5.2,mw,,,,,iscgem,iscgem829110,2022-04-26T22:42:58.520Z,"19 km ESE of Baraya, Colombia",earthquake,,17.6,0.2,,reviewed,iscgem,iscgem,1967-11-05,22604,Colombia,2
1967-12-21 11:37:21.270000+00:00,7.003,-72.084,13.2,5.47,mw,,,,,iscgem,iscgem828615,2022-04-26T22:41:41.249Z,"2 km E of Cubará, Colombia",earthquake,,15.5,0.21,,reviewed,iscgem,iscgem,1967-12-21,22558,Colombia,1
1968-03-12 09:32:14.020000+00:00,13.049,-72.514,50.0,5.46,mw,,,,,iscgem,iscgem824930,2022-04-26T22:36:22.452Z,"141 km N of Manaure, Colombia",earthquake,,5.4,0.35,,reviewed,iscgem,iscgem,1968-03-12,22742,Colombia,-1
1968-05-07 09:00:29.830000+00:00,6.741,-73.002,159.4,5.73,mw,,,,,iscgem,iscgem821652,2022-04-26T22:31:55.146Z,"3 km WSW of Cepitá, Colombia",earthquake,,5.1,0.43,,reviewed,iscgem,iscgem,1968-05-07,22686,Colombia,1
1968-10-21 14:03:38.030000+00:00,6.514,-76.618,17.8,5.11,mw,,,,,iscgem,iscgem816160,2022-04-26T22:19:10.186Z,"29 km E of Bellavista, Colombia",earthquake,,3.7,0.23,,reviewed,iscgem,iscgem,1968-10-21,22909,Colombia,1
1969-03-23 11:49:36.480000+00:00,6.379,-77.567,14.6,5.75,mw,,,,,iscgem,iscgem811427,2025-12-19T19:11:36.814Z,"24 km NW of Bahía Solano, Colombia",earthquake,,3.6,0.2,,reviewed,iscgem,iscgem,1969-03-23,23062,Colombia,1
1970-09-27 03:38:38.880000+00:00,6.401,-77.407,10.0,6.57,mw,,,,,iscgem,iscgem792345,2025-12-19T19:03:53.225Z,"19 km N of Bahía Solano, Colombia",earthquake,,3.8,0.31,,reviewed,iscgem,iscgem,1970-09-27,23615,Colombia,1
1970-12-03 04:59:53.370000+00:00,7.311,-76.072,23.4,5.71,mw,,,,,iscgem,iscgem788858,2025-12-19T19:02:57.719Z,"36 km NNW of Peque, Colombia",earthquake,,4.7,0.2,,reviewed,iscgem,iscgem,1970-12-03,23682,Colombia,1
1970-12-07 12:14:23.920000+00:00,7.137,-77.701,25.1,5.14,mw,,,,,iscgem,iscgem788968,2022-04-26T21:26:54.488Z,"7 km ENE of Juradó, Colombia",earthquake,,4.5,0.34,,reviewed,iscgem,iscgem,1970-12-07,23686,Colombia,1
1971-02-27 03:40:20.720000+00:00,6.203,-77.284,10.0,5.12,mw,,,,,iscgem,iscgem787751,2022-04-26T21:23:13.129Z,"13 km E of Bahía Solano, Colombia",earthquake,,8.1,0.24,,reviewed,iscgem,iscgem,1971-02-27,23768,Colombia,1
1972-06-12 09:56:22.310000+00:00,5.199,-78.192,15.0,5.32,mw,,,,,iscgemsup,iscgemsup772448,2026-01-07T19:06:49.750Z,"95 km WNW of Pizarro, Colombia",earthquake,,4.5,0.2,,reviewed,iscgemsup,iscgemsup,1972-06-12,24239,Colombia,1
1972-09-17 21:17:40.360000+00:00,5.637,-77.557,20.2,5.49,mw,,,,,iscgem,iscgem769511,2025-12-19T19:44:22.489Z,"32 km WSW of Nuquí, Colombia",earthquake,,4.6,0.2,,reviewed,iscgem,iscgem,1972-09-17,24402,Colombia,1
1972-11-22 10:44:57.440000+00:00,2.44,-75.362,15.0,5.31,mw,,,,,iscgem,iscgem767590,2022-04-26T20:36:31.524Z,Colombia,earthquake,,25.0,0.43,,reviewed,iscgem,iscgem,1972-11-22,24452,Colombia,-1
1973-01-07 01:04:57.200000+00:00,6.856,-73.074,160.0,5.37,mw,,,,,us,usp0000025,2014-11-06T23:21:07.410Z,"13 km N of Jordán, Colombia",earthquake,,,,,reviewed,us,us,1973-01-07,24448,Colombia,1
1973-01-11 06:50:51.800000+00:00,12.174,-76.865,33.0,4.85,mw,,,,,us,usp000003w,2014-11-06T23:21:07.564Z,"244 km NW of Santa Catalina, Colombia",earthquake,,,,,reviewed,us,us,1973-01-11,24458,Colombia,-1
1973-01-17 04:58:14.700000+00:00,5.114,-78.458,33.0,4.6,mw,,,,,us,usp0000063,2014-11-06T23:21:07.773Z,"122 km W of Pizarro, Colombia",earthquake,,,,,reviewed,us,us,1973-01-17,24462,Colombia,1
1973-01-18 08:52:49.700000+00:00,11.035,-73.406,61.0,4.85,mw,,,,,us,usp000006j,2014-11-06T23:21:07.815Z,"28 km SSW of Dibulla, Colombia",earthquake,,,,,reviewed,us,us,1973-01-18,24459,Colombia,-1
1973-01-21 16:37:10.200000+00:00,6.943,-75.337,66.0,5.54,mw,,,,,us,usp0000089,2014-11-06T23:21:08.078Z,"5 km SW of Campamento, Colombia",earthquake,,,,,reviewed,us,us,1973-01-21,24336,Colombia,1
1973-02-03 15:38:57.700000+00:00,5.522,-73.449,168.0,4.51,mw,,,,,us,usp00000cu,2014-11-06T23:21:08.653Z,"2 km SSE of Cucaita, Colombia",earthquake,,,,,reviewed,us,us,1973-02-03,24475,Colombia,1
1973-03-08 05:47:00+00:00,9.76,-73.679,86.0,4.68,mw,,,,,us,usp00000vc,2014-11-06T23:21:09.790Z,"13 km NNE of El Paso, Colombia",earthquake,,,,,reviewed,us,us,1973-03-08,24602,Colombia,-1
1973-04-03 13:54:01.800000+00:00,4.691,-75.628,158.0,6.63,mw,,,,,us,usp0000176,2022-04-27T18:53:36.919Z,"3 km ENE of Filandia, Colombia",earthquake,,,,,reviewed,us,us,1973-04-03,24508,Colombia,1
1973-04-13 12:05:27.700000+00:00,4.819,-76.38,121.0,5.11,mw,,,,,us,usp00001cv,2014-11-06T23:21:11.284Z,"18 km WSW of San José del Palmar, Colombia",earthquake,,,,,reviewed,us,us,1973-04-13,24555,Colombia,1
1973-04-22 01:00:56.600000+00:00,9.142,-74.256,85.0,5.03,mw,,,,,us,usp00001g8,2014-11-06T23:21:11.997Z,"1 km SE of Margarita, Colombia",earthquake,,,,,reviewed,us,us,1973-04-22,24556,Colombia,-1
1973-04-24 21:30:09.900000+00:00,4.956,-78.144,50.0,6.51,mw,,,,,us,usp00001hw,2025-12-19T19:40:32.773Z,"86 km W of Pizarro, Colombia",earthquake,,,,,reviewed,us,us,1973-04-24,24534,Colombia,1
1973-04-25 04:46:06+00:00,4.078,-79.295,33.0,4.51,mw,,,,,us,usp00001j4,2014-11-06T23:21:12.078Z,"197 km NNW of Mosquera, Colombia",earthquake,,,,,reviewed,us,us,1973-04-25,24630,Colombia,1
1973-04-30 06:02:26.300000+00:00,4.803,-78.831,33.0,4.85,mw,,,,,us,usp00001n7,2014-11-06T23:21:12.192Z,"163 km W of Pizarro, Colombia",earthquake,,,,,reviewed,us,us,1973-04-30,24561,Colombia,1
1973-05-12 09:30:49+00:00,4.909,-77.585,25.0,4.85,mw,,,,,us,usp00001sz,2014-11-06T23:21:12.651Z,"24 km WSW of Pizarro, Colombia",earthquake,,,,,reviewed,us,us,1973-05-12,24573,Colombia,1
1973-06-10 03:01:56.100000+00:00,5.079,-72.754,68.0,5.11,mw,,,,,us,usp0000246,2022-04-27T18:48:00.414Z,"6 km N of Tauramena, Colombia",earthquake,,,,,reviewed,us,us,1973-06-10,24553,Colombia,2
1973-07-08 04:03:34.500000+00:00,6.79,-72.982,156.0,5.9,mw,,,,,us,usp00002mb,2022-04-27T18:45:42.200Z,"4 km NNW of Cepitá, Colombia",earthquake,,,,,reviewed,us,us,1973-07-08,24544,Colombia,1
1973-08-30 18:25:43.100000+00:00,7.345,-72.832,181.0,5.9,mw,,,,,us,usp000039k,2025-12-19T19:36:31.503Z,"5 km NE of Vetas, Colombia",earthquake,,,,,reviewed,us,us,1973-08-30,24700,Colombia,1
1973-09-16 04:52:50.900000+00:00,5.23,-78.034,33.0,6.45,mw,,,,,us,usp00003eq,2025-12-19T19:35:01.818Z,"80 km WNW of Pizarro, Colombia",earthquake,,,,,reviewed,us,us,1973-09-16,24683,Colombia,1
1973-09-30 17:54:44.700000+00:00,8.389,-73.156,151.0,4.77,mw,,,,,us,usp00003mf,2014-11-06T23:21:20.541Z,"5 km ESE of San Calixto, Colombia",earthquake,,,,,reviewed,us,us,1973-09-30,24771,Colombia,1
1973-10-17 20:24:52.200000+00:00,7.496,-77.245,15.0,5.2,mw,,,,,us,usp00003v0,2025-12-19T19:34:20.628Z,"15 km WNW of Riosucio, Colombia",earthquake,,,,,reviewed,us,us,1973-10-17,24734,Colombia,1
1973-10-18 09:18:32.600000+00:00,2.968,-74.86,42.0,5.45,mw,,,,,us,usp00003v4,2022-04-27T18:38:58.493Z,"29 km SE of Baraya, Colombia",earthquake,,,,,reviewed,us,us,1973-10-18,24714,Colombia,2
1973-10-20 03:13:58.400000+00:00,6.843,-73.076,151.0,5.28,mw,,,,,us,usp00003vn,2014-11-06T23:21:20.964Z,"12 km N of Jordán, Colombia",earthquake,,,,,reviewed,us,us,1973-10-20,24731,Colombia,1
1973-11-03 01:46:05.300000+00:00,7.255,-74.345,18.0,5.28,mw,,,,,us,usp0000414,2022-04-27T18:34:30.585Z,"43 km ENE of Segovia, Colombia",earthquake,,,,,reviewed,us,us,1973-11-03,24732,Colombia,1
1973-11-26 23:09:30.700000+00:00,3.521,-79.199,33.0,4.94,mw,,,,,us,usp00004ac,2014-11-06T23:21:21.577Z,"139 km NW of Mosquera, Colombia",earthquake,,,,,reviewed,us,us,1973-11-26,24748,Colombia,1
1973-12-03 04:29:59.300000+00:00,6.699,-77.36,76.0,4.51,mw,,,,,us,usp00004dn,2014-11-06T23:21:21.690Z,"52 km N of Bahía Solano, Colombia",earthquake,,,,,reviewed,us,us,1973-12-03,24778,Colombia,1
1974-02-03 20:16:25.500000+00:00,3.103,-76.142,176.0,4.68,mw,,,,,us,usp000055n,2014-11-06T23:21:22.692Z,"15 km ESE of Corinto, Colombia",earthquake,,,,,reviewed,us,us,1974-02-03,25002,Colombia,1
1974-02-06 08:14:27.200000+00:00,6.841,-73.037,160.0,5.37,mw,,,,,us,usp000056y,2014-11-06T23:21:22.733Z,"11 km NW of Cepitá, Colombia",earthquake,,,,,reviewed,us,us,1974-02-06,24934,Colombia,1
1974-02-21 12:43:48.700000+00:00,3.977,-74.302,66.0,5.2,mw,,,,,us,usp00005c5,2014-11-06T23:21:22.917Z,"20 km E of Cabrera, Colombia",earthquake,,,,,reviewed,us,us,1974-02-21,24978,Colombia,2
1974-04-29 22:20:52.200000+00:00,4.752,-76.148,87.0,5.37,mw,,,,,us,usp0000653,2014-11-06T23:21:23.995Z,"4 km NW of Argelia, Colombia",earthquake,,,,,reviewed,us,us,1974-04-29,24959,Colombia,1
1974-05-08 12:30:15.300000+00:00,5.895,-73.07,141.0,4.68,mw,,,,,us,usp0000690,2014-11-06T23:21:24.124Z,"8 km NNW of Duitama, Colombia",earthquake,,,,,reviewed,us,us,1974-05-08,25003,Colombia,1
1974-06-02 23:03:46.200000+00:00,5.34,-76.877,64.0,5.45,mw,,,,,us,usp00006mf,2022-04-27T18:18:40.062Z,"16 km W of El Cantón de San Pablo, Colombia",earthquake,,,,,reviewed,us,us,1974-06-02,24925,Colombia,1
1974-06-16 17:42:57.900000+00:00,2.529,-78.772,60.0,4.51,mw,,,,,us,usp00006sj,2014-11-06T23:21:24.768Z,"35 km W of Mosquera, Colombia",earthquake,,,,,reviewed,us,us,1974-06-16,25015,Colombia,1
1974-06-21 02:58:24.200000+00:00,4.914,-73.342,72.0,4.85,mw,,,,,us,usp00006tt,2014-11-06T23:21:24.812Z,"4 km NE of Chivor, Colombia",earthquake,,,,,reviewed,us,us,1974-06-21,24994,Colombia,2
1974-06-23 23:36:38.800000+00:00,6.64,-73.748,49.0,5.2,mw,,,,,us,usp00006v8,2014-11-06T23:21:24.880Z,"26 km WSW of El Carmen de Chucurí, Colombia",earthquake,,,,,reviewed,us,us,1974-06-23,24973,Colombia,1
1974-07-05 20:09:34.600000+00:00,14.753,-81.733,23.0,5.45,mw,,,,,us,usp000070k,2014-11-06T23:21:25.067Z,"158 km NNW of Mountain, Colombia",earthquake,,,,,reviewed,us,us,1974-07-05,24843,Colombia,-1
1974-07-07 01:53:01.800000+00:00,4.54,-73.986,71.0,4.77,mw,,,,,us,usp0000715,2014-11-06T23:21:25.086Z,"7 km W of Choachí, Colombia",earthquake,,,,,reviewed,us,us,1974-07-07,25000,Colombia,-1
1974-07-13 01:39:59.300000+00:00,6.944,-77.856,21.0,5.45,mw,,,,,us,usp0000731,2022-04-27T18:15:24.440Z,"20 km SSW of Juradó, Colombia",earthquake,,,,,reviewed,us,us,1974-07-13,24858,Colombia,1
1974-07-13 02:20:22.800000+00:00,7.409,-77.662,45.0,5.71,mw,,,,,us,usp0000737,2022-04-27T18:15:34.695Z,"35 km NNE of Juradó, Colombia",earthquake,,,,,reviewed,us,us,1974-07-13,24840,Colombia,1
1974-07-14 20:38:21+00:00,7.865,-77.722,33.0,4.85,mw,,,,,us,usp000075e,2014-11-06T23:21:25.234Z,Panama-Colombia border region,earthquake,,,,,reviewed,us,us,1974-07-14,24992,Panama-Colombia border region,-1
1974-07-15 17:52:44.800000+00:00,7.802,-77.218,33.0,5.11,mw,,,,,us,usp000075u,2014-11-06T23:21:25.249Z,"30 km SSW of Unguía, Colombia",earthquake,,,,,reviewed,us,us,1974-07-15,24980,Colombia,1
1974-07-16 14:07:36.600000+00:00,6.648,-76.197,292.0,4.51,mw,,,,,us,usp000076a,2014-11-06T23:21:25.266Z,"14 km W of Abriaquí, Colombia",earthquake,,,,,reviewed,us,us,1974-07-16,25014,Colombia,1
1974-07-21 15:35:01+00:00,7.033,-76.759,168.0,4.6,mw,,,,,us,usp000078g,2014-11-06T23:21:25.339Z,"8 km NE of Murindó, Colombia",earthquake,,,,,reviewed,us,us,1974-07-21,25008,Colombia,1
1974-07-25 18:24:21.200000+00:00,4.861,-74.144,33.0,4.6,mw,,,,,us,usp00007af,2014-11-06T23:21:25.416Z,"1 km S of Tenjo, Colombia",earthquake,,,,,reviewed,us,us,1974-07-25,25012,Colombia,-1
1974-07-27 01:31:58+00:00,2.542,-75.718,240.0,4.85,mw,,,,,us,usp00007az,2014-11-06T23:21:25.433Z,"6 km NNE of Tesalia, Colombia",earthquake,,,,,reviewed,us,us,1974-07-27,25000,Colombia,-1
1974-07-28 10:05:22.100000+00:00,8.221,-77.206,33.0,4.51,mw,,,,,us,usp00007bh,2014-11-06T23:21:25.451Z,"23 km NNW of Unguía, Colombia",earthquake,,,,,reviewed,us,us,1974-07-28,25017,Colombia,3
1974-07-30 03:18:08.200000+00:00,9.095,-73.195,113.0,4.77,mw,,,,,us,usp00007cu,2014-11-06T23:21:25.508Z,"39 km ESE of Curumaní, Colombia",earthquake,,,,,reviewed,us,us,1974-07-30,25001,Colombia,-1
1974-08-24 02:47:30.100000+00:00,4.28,-76.855,84.0,6.19,mw,,,,,us,usp00007rg,2022-04-27T18:12:48.114Z,"47 km SSW of Sipí, Colombia",earthquake,,,,,reviewed,us,us,1974-08-24,25076,Colombia,1
1974-09-05 07:47:40.700000+00:00,6.799,-73.036,160.0,5.62,mw,,,,,us,usp00007xq,2014-11-06T23:21:26.164Z,"8 km NW of Cepitá, Colombia",earthquake,,,,,reviewed,us,us,1974-09-05,25098,Colombia,1
1974-09-07 07:22:35.700000+00:00,4.985,-78.301,22.0,5.11,mw,,,,,us,usp00007yc,2014-11-06T23:21:26.189Z,"103 km W of Pizarro, Colombia",earthquake,,,,,reviewed,us,us,1974-09-07,25147,Colombia,1
1974-09-27 04:09:01.300000+00:00,2.691,-71.418,43.0,6.59,mw,,,,,us,usp0000860,2025-12-19T19:27:32.047Z,"82 km ESE of Mapiripán, Colombia",earthquake,,,,,reviewed,us,us,1974-09-27,25042,Colombia,-1
1974-10-19 07:54:53.500000+00:00,4.138,-75.758,75.0,4.77,mw,,,,,us,usp00008fq,2014-11-06T23:21:26.914Z,"19 km S of Génova, Colombia",earthquake,,,,,reviewed,us,us,1974-10-19,25172,Colombia,1
1974-10-20 04:50:22.800000+00:00,3.969,-78.761,51.0,4.94,mw,,,,,us,usp00008g2,2014-11-06T23:21:26.928Z,"158 km WSW of Santa Genoveva de Docordó, Colombia",earthquake,,,,,reviewed,us,us,1974-10-20,25154,Colombia,1
1974-10-30 10:14:39+00:00,2.015,-79.231,33.0,5.03,mw,,,,,us,usp00008m8,2014-11-06T23:21:27.076Z,"54 km WNW of Tumaco, Colombia",earthquake,,,,,reviewed,us,us,1974-10-30,25148,Colombia,1
1974-11-09 10:30:01.140000+00:00,11.534,-74.979,10.0,6.32,mw,,,,,iscgem,iscgem735237,2025-12-19T19:24:23.239Z,"60 km N of Puerto Colombia, Colombia",earthquake,,25.0,0.2,,reviewed,iscgem,iscgem,1974-11-09,25056,Colombia,-1
1974-12-07 01:21:35.400000+00:00,8.482,-77.268,33.0,5.11,mw,,,,,us,usp0000910,2014-11-06T23:21:27.705Z,"3 km SSE of Acandí, Colombia",earthquake,,,,,reviewed,us,us,1974-12-07,25119,Colombia,3
1974-12-08 14:54:34.600000+00:00,2.774,-75.283,86.0,4.94,mw,,,,,us,usp000091y,2014-11-06T23:21:27.739Z,"2 km W of Rivera, Colombia",earthquake,,,,,reviewed,us,us,1974-12-08,25164,Colombia,-1
1974-12-14 13:26:01.200000+00:00,6.271,-73.168,54.0,5.2,mw,,,,,us,usp0000947,2014-11-06T23:21:27.828Z,"9 km SSW of Ocamonte, Colombia",earthquake,,,,,reviewed,us,us,1974-12-14,25109,Colombia,1
1974-12-24 14:04:08.900000+00:00,5.116,-72.707,67.0,4.85,mw,,,,,us,usp000097v,2014-11-06T23:21:27.970Z,"11 km NNE of Tauramena, Colombia",earthquake,,,,,reviewed,us,us,1974-12-24,25170,Colombia,2
1974-12-30 10:09:03.900000+00:00,6.19,-72.143,90.0,4.68,mw,,,,,us,usp00009aa,2014-11-06T23:21:28.067Z,"15 km NE of Sácama, Colombia",earthquake,,,,,reviewed,us,us,1974-12-30,25196,Colombia,1
1975-01-01 12:45:50.300000+00:00,7.543,-73.108,162.0,5.2,mw,,,,,us,usp00009bq,2014-11-06T23:21:28.196Z,"13 km NE of El Playón, Colombia",earthquake,,,,,reviewed,us,us,1975-01-01,25099,Colombia,1
1975-01-25 02:08:41.500000+00:00,7.218,-77.773,36.0,6.51,mw,,,,,us,usp00009nh,2025-12-19T20:33:57.108Z,"12 km N of Juradó, Colombia",earthquake,,,,,reviewed,us,us,1975-01-25,25054,Colombia,1
1975-03-31 01:42:32.300000+00:00,2.852,-75.367,83.0,4.43,mw,,,,,us,usp0000aeb,2014-11-06T23:21:29.567Z,"8 km ESE of Palermo, Colombia",earthquake,,,,,reviewed,us,us,1975-03-31,25354,Colombia,1
1975-04-01 23:05:32.400000+00:00,5.594,-72.48,42.0,4.94,mw,,,,,us,usp0000af0,2014-11-06T23:21:29.590Z,"7 km WSW of Paya, Colombia",earthquake,,,,,reviewed,us,us,1975-04-01,25275,Colombia,2
1975-04-05 20:38:30.100000+00:00,10.126,-75.695,52.0,5.71,mw,,,,,us,usp0000aga,2025-12-19T20:08:01.602Z,"32 km WSW of Turbaná, Colombia",earthquake,,,,,reviewed,us,us,1975-04-05,25261,Colombia,-1
1975-04-13 01:53:30.700000+00:00,4.813,-75.757,144.0,5.45,mw,,,,,us,usp0000akt,2014-11-06T23:21:29.746Z,"6 km W of Pereira, Colombia",earthquake,,,,,reviewed,us,us,1975-04-13,25262,Colombia,1
1975-04-14 00:07:12+00:00,6.715,-73.14,162.0,5.28,mw,,,,,us,usp0000am1,2014-11-06T23:21:29.753Z,"5 km WSW of Jordán, Colombia",earthquake,,,,,reviewed,us,us,1975-04-14,25266,Colombia,1
1975-04-17 13:21:21.200000+00:00,11.875,-72.057,43.0,4.85,mw,,,,,us,usp0000ann,2014-11-06T23:21:29.804Z,"28 km NE of Uribia, Colombia",earthquake,,,,,reviewed,us,us,1975-04-17,25278,Colombia,-1
1975-05-25 11:48:12.700000+00:00,5.578,-73.576,165.0,4.6,mw,,,,,us,usp0000b62,2014-11-06T23:21:30.434Z,"3 km W of Sáchica, Colombia",earthquake,,,,,reviewed,us,us,1975-05-25,25350,Colombia,1
1975-06-05 23:50:22.500000+00:00,7.065,-77.845,16.0,5.11,mw,,,,,us,usp0000bb9,2014-11-06T23:21:30.546Z,"10 km WSW of Juradó, Colombia",earthquake,,,,,reviewed,us,us,1975-06-05,25274,Colombia,1
1975-06-28 09:50:57.900000+00:00,8.721,-72.539,205.0,4.68,mw,,,,,us,usp0000btf,2014-11-06T23:21:31.047Z,"23 km ENE of Tibú, Colombia",earthquake,,,,,reviewed,us,us,1975-06-28,25316,Colombia,1
1975-07-02 09:28:07.100000+00:00,5.584,-78.055,33.0,4.6,mw,,,,,us,usp0000bvj,2014-11-06T23:21:31.091Z,"88 km W of Nuquí, Colombia",earthquake,,,,,reviewed,us,us,1975-07-02,25327,Colombia,1
1975-08-10 00:07:43.300000+00:00,5.335,-77.465,50.0,4.94,mw,,,,,us,usp0000cdj,2014-11-06T23:21:31.630Z,"43 km NNW of Pizarro, Colombia",earthquake,,,,,reviewed,us,us,1975-08-10,25480,Colombia,1
1975-08-25 03:57:20.200000+00:00,6.902,-77.752,47.0,5.45,mw,,,,,us,usp0000ckv,2026-01-07T18:59:26.931Z,"22 km S of Juradó, Colombia",earthquake,,,,,reviewed,us,us,1975-08-25,25423,Colombia,1
1975-09-09 15:47:34.700000+00:00,6.834,-73.103,159.0,5.37,mw,,,,,us,usp0000crk,2014-11-06T23:21:31.898Z,"11 km N of Jordán, Colombia",earthquake,,,,,reviewed,us,us,1975-09-09,25427,Colombia,1
1975-09-13 10:54:48.900000+00:00,2.239,-79.535,33.0,4.77,mw,,,,,us,usp0000csr,2014-11-06T23:21:31.922Z,"96 km WNW of Tumaco, Colombia",earthquake,,,,,reviewed,us,us,1975-09-13,25480,Colombia,1
1975-11-05 01:58:54.400000+00:00,6.253,-76.918,44.0,5.62,mw,,,,,us,usp0000dej,2022-04-27T17:26:41.030Z,"33 km S of Bellavista, Colombia",earthquake,,,,,reviewed,us,us,1975-11-05,25408,Colombia,1
1975-11-05 09:56:54.400000+00:00,6.661,-76.779,37.0,4.68,mw,,,,,us,usp0000des,2014-11-06T23:21:32.498Z,"15 km ENE of Vigía del Fuerte, Colombia",earthquake,,,,,reviewed,us,us,1975-11-05,25496,Colombia,1
1975-11-21 01:15:00.800000+00:00,7.513,-77.566,36.0,6.05,mw,,,,,us,usp0000dnx,2025-12-19T20:25:21.551Z,"49 km W of Riosucio, Colombia",earthquake,,,,,reviewed,us,us,1975-11-21,25393,Colombia,1
1976-02-01 03:03:35.800000+00:00,0.43,-77.182,39.0,5.03,mw,,,,,us,usp0000eux,2014-11-06T23:21:33.831Z,"29 km W of Valle del Guamuez, Colombia",earthquake,,,,,reviewed,us,us,1976-02-01,25676,Colombia,-1
1976-03-10 05:00:47.100000+00:00,5.788,-72.553,51.0,4.68,mw,,,,,us,usp0000fcu,2014-11-06T23:21:34.320Z,"10 km NW of Pisba, Colombia",earthquake,,,,,reviewed,us,us,1976-03-10,25729,Colombia,2
1976-03-11 20:40:06.100000+00:00,6.344,-76.011,74.0,5.37,mw,,,,,us,usp0000fdh,2022-04-27T17:13:39.299Z,"7 km SSW of Caicedo, Colombia",earthquake,,,,,reviewed,us,us,1976-03-11,25623,Colombia,1
1976-03-13 21:44:41.300000+00:00,6.809,-72.966,165.0,5.62,mw,,,,,us,usp0000fef,2022-04-27T17:13:53.200Z,"6 km N of Cepitá, Colombia",earthquake,,,,,reviewed,us,us,1976-03-13,25607,Colombia,1
1976-03-27 01:01:45.500000+00:00,8.38,-73.359,121.0,4.68,mw,,,,,us,usp0000fn6,2014-11-06T23:21:34.647Z,"2 km ESE of González, Colombia",earthquake,,,,,reviewed,us,us,1976-03-27,25724,Colombia,1
1976-04-11 19:13:42.700000+00:00,1.927,-79.653,23.0,5.28,mw,,,,,us,usp0000fuj,2014-11-06T23:21:34.781Z,"96 km W of Tumaco, Colombia",earthquake,,,,,reviewed,us,us,1976-04-11,25638,Colombia,1
1976-04-28 01:34:15.200000+00:00,5.496,-77.877,33.0,4.6,mw,,,,,us,usp0000g2q,2014-11-06T23:21:34.958Z,"71 km WSW of Nuquí, Colombia",earthquake,,,,,reviewed,us,us,1976-04-28,25730,Colombia,1
1976-04-30 17:35:12+00:00,5.192,-75.63,71.0,5.03,mw,,,,,us,usp0000g3q,2014-11-06T23:21:34.978Z,"12 km WNW of Neira, Colombia",earthquake,,,,,reviewed,us,us,1976-04-30,25657,Colombia,1
1976-05-12 16:42:15.100000+00:00,7.375,-75.01,65.0,5.37,mw,,,,,us,usp0000gad,2022-04-27T15:44:21.161Z,"20 km SW of Zaragoza, Colombia",earthquake,,,,,reviewed,us,us,1976-05-12,25609,Colombia,1
1976-05-19 04:07:15.800000+00:00,4.464,-75.783,157.0,6.19,mw,,,,,us,usp0000gdv,2022-04-27T17:08:03.154Z,"1 km NNE of La Tebaida, Colombia",earthquake,,,,,reviewed,us,us,1976-05-19,25568,Colombia,1
1976-06-27 14:06:34.400000+00:00,2.619,-71.077,50.0,5.11,mw,,,,,us,usp0000h2x,2020-04-16T20:42:36.056Z,"121 km ESE of Mapiripán, Colombia",earthquake,,,,,reviewed,us,us,1976-06-27,25655,Colombia,-1
1976-07-06 06:48:54.600000+00:00,3.498,-76.388,132.0,4.85,mw,,,,,us,usp0000h72,2014-11-06T23:21:36.094Z,"10 km WSW of Palmira, Colombia",earthquake,,,,,reviewed,us,us,1976-07-06,25715,Colombia,1
1976-07-11 20:58:23.700000+00:00,7.037,-78.134,33.0,5.71,mw,,,,,us,usp0000h9h,2022-04-27T16:57:07.364Z,"41 km W of Juradó, Colombia",earthquake,,,,,reviewed,us,us,1976-07-11,25606,Colombia,1
1976-07-12 00:06:35.600000+00:00,7.415,-77.651,33.0,5.03,mw,,,,,us,usp0000h9s,2014-11-06T23:21:36.163Z,"36 km NNE of Juradó, Colombia",earthquake,,,,,reviewed,us,us,1976-07-12,25669,Colombia,1
1976-07-29 06:54:33.500000+00:00,7.001,-78.129,28.0,5.45,mw,,,,,us,usp0000hm3,2022-04-27T15:44:18.425Z,"42 km WSW of Juradó, Colombia",earthquake,,,,,reviewed,us,us,1976-07-29,25753,Colombia,1
1976-08-03 02:19:22.600000+00:00,4.935,-75.975,123.0,5.2,mw,,,,,us,usp0000hpv,2014-11-06T23:21:36.489Z,"2 km SW of Balboa, Colombia",earthquake,,,,,reviewed,us,us,1976-08-03,25772,Colombia,1
1976-08-04 06:01:19.300000+00:00,6.502,-76.861,62.0,4.94,mw,,,,,us,usp0000hqg,2014-11-06T23:21:36.504Z,"6 km SSE of Bellavista, Colombia",earthquake,,,,,reviewed,us,us,1976-08-04,25852,Colombia,1
1976-08-07 04:32:43+00:00,6.259,-73.086,142.0,4.77,mw,,,,,us,usp0000hrn,2014-11-06T23:21:36.564Z,"6 km SW of Coromoro, Colombia",earthquake,,,,,reviewed,us,us,1976-08-07,25866,Colombia,1
1976-08-10 00:10:26.900000+00:00,2.136,-79.024,33.0,6.45,mw,,,,,us,usp0000hsq,2025-12-19T20:18:00.673Z,"41 km WNW of Salahonda, Colombia",earthquake,,,,,reviewed,us,us,1976-08-10,25747,Colombia,1
1976-08-17 14:31:44.800000+00:00,7.483,-77.784,46.0,5.28,mw,,,,,us,usp0000hwk,2014-11-06T23:21:36.768Z,"41 km N of Juradó, Colombia",earthquake,,,,,reviewed,us,us,1976-08-17,25770,Colombia,1
1976-08-21 16:37:40+00:00,6.872,-77.558,22.0,4.85,mw,,,,,us,usp0000hzs,2014-11-06T23:21:36.849Z,"34 km SE of Juradó, Colombia",earthquake,,,,,reviewed,us,us,1976-08-21,25863,Colombia,1
1976-08-23 15:10:52.400000+00:00,2.017,-79.809,33.0,5.2,mw,,,,,us,usp0000j0z,2014-11-06T23:21:36.878Z,"115 km WNW of Tumaco, Colombia",earthquake,,,,,reviewed,us,us,1976-08-23,25799,Colombia,1
1976-09-19 05:49:56.900000+00:00,3.254,-77.872,33.0,4.51,mw,,,,,us,usp0000jgb,2014-11-06T23:21:37.295Z,"58 km NNW of Timbiquí, Colombia",earthquake,,,,,reviewed,us,us,1976-09-19,25893,Colombia,1
1976-09-29 16:48:32.900000+00:00,5.919,-77.377,17.0,5.37,mw,,,,,us,usp0000jpj,2014-11-06T23:21:37.562Z,"25 km NNW of Nuquí, Colombia",earthquake,,,,,reviewed,us,us,1976-09-29,25756,Colombia,1
1976-10-12 23:49:34.800000+00:00,3.254,-76.972,90.0,5.11,mw,,,,,us,usp0000jux,2014-11-06T23:21:37.700Z,"36 km S of Buenaventura, Colombia",earthquake,,,,,reviewed,us,us,1976-10-12,25822,Colombia,-1
1976-10-27 11:29:45.600000+00:00,7.262,-72.314,117.0,5.37,mw,,,,,us,usp0000k2j,2014-11-06T23:21:37.884Z,"19 km ESE of Toledo, Colombia",earthquake,,,,,reviewed,us,us,1976-10-27,25766,Colombia,1
1976-11-11 03:16:15.300000+00:00,5.0,-78.152,33.0,6.38,mw,,,,,us,usp0000k9f,2025-12-19T20:15:48.690Z,"87 km W of Pizarro, Colombia",earthquake,,,,,reviewed,us,us,1976-11-11,25752,Colombia,1
1976-11-22 20:09:07.500000+00:00,7.01,-72.712,33.0,5.03,mw,,,,,us,usp0000kee,2014-11-06T23:21:38.328Z,"15 km SSW of Chitagá, Colombia",earthquake,,,,,reviewed,us,us,1976-11-22,25837,Colombia,1
1976-11-25 14:59:35.700000+00:00,4.249,-75.528,197.0,5.11,mw,,,,,us,usp0000kfr,2014-11-06T23:21:38.363Z,"18 km SSW of Anaime, Colombia",earthquake,,,,,reviewed,us,us,1976-11-25,25809,Colombia,1
1976-12-22 17:42:12.300000+00:00,6.745,-73.023,163.0,5.37,mw,,,,,us,usp0000kwf,2014-11-06T23:21:38.757Z,"5 km W of Cepitá, Colombia",earthquake,,,,,reviewed,us,us,1976-12-22,25759,Colombia,1
1977-01-23 17:48:01.500000+00:00,3.81,-78.843,33.0,4.85,mw,,,,,us,usp0000map,2014-11-06T23:21:39.455Z,"150 km NNW of Mosquera, Colombia",earthquake,,,,,reviewed,us,us,1977-01-23,25977,Colombia,1
1977-02-12 11:44:25.400000+00:00,1.947,-75.863,47.0,4.85,mw,,,,,us,usp0000mhs,2014-11-06T23:21:39.834Z,"8 km ESE of Timaná, Colombia",earthquake,,,,,reviewed,us,us,1977-02-12,25985,Colombia,-1
1977-02-14 04:45:16.400000+00:00,4.942,-73.08,33.0,4.85,mw,,,,,us,usp0000mjj,2014-11-06T23:21:39.855Z,"10 km SSE of Campohermoso, Colombia",earthquake,,,,,reviewed,us,us,1977-02-14,25984,Colombia,2
1977-03-16 16:29:00.700000+00:00,3.62,-74.493,135.0,4.68,mw,,,,,us,usp0000my2,2014-11-06T23:21:40.186Z,"36 km SE of Tres Esquinas, Colombia",earthquake,,,,,reviewed,us,us,1977-03-16,26089,Colombia,2
1977-03-23 02:11:14.600000+00:00,6.793,-73.045,164.0,5.71,mw,,,,,us,usp0000n2n,2022-04-27T16:34:20.589Z,"8 km NE of Jordán, Colombia",earthquake,,,,,reviewed,us,us,1977-03-23,25925,Colombia,1
1977-03-24 07:27:17.200000+00:00,3.156,-78.476,24.0,5.45,mw,,,,,us,usp0000n3h,2014-11-06T23:21:40.432Z,"71 km N of Mosquera, Colombia",earthquake,,,,,reviewed,us,us,1977-03-24,25945,Colombia,1
1977-04-07 01:24:27.500000+00:00,6.607,-71.926,59.0,4.77,mw,,,,,us,usp0000n9r,2014-11-06T23:21:40.726Z,"26 km SW of Fortul, Colombia",earthquake,,,,,reviewed,us,us,1977-04-07,26001,Colombia,1
1977-04-09 13:41:13.400000+00:00,2.88,-76.457,127.0,4.68,mw,,,,,us,usp0000nam,2014-11-06T23:21:40.750Z,"9 km NNE of Caldono, Colombia",earthquake,,,,,reviewed,us,us,1977-04-09,26080,Colombia,1
1977-05-15 21:52:43.900000+00:00,6.205,-77.511,9.0,5.2,mw,,,,,us,usp0000nwr,2022-04-27T16:26:28.810Z,"12 km WSW of Bahía Solano, Colombia",earthquake,,,,,reviewed,us,us,1977-05-15,25947,Colombia,1
1977-06-27 08:30:36.200000+00:00,5.289,-77.147,116.0,4.77,mw,,,,,us,usp0000pgg,2014-11-06T23:21:42.739Z,"31 km SW of Pie de Pató, Colombia",earthquake,,,,,reviewed,us,us,1977-06-27,26037,Colombia,1
1977-07-06 23:58:02.700000+00:00,3.699,-77.919,52.0,4.85,mw,,,,,us,usp0000pmn,2014-11-06T23:21:42.872Z,"87 km SW of Santa Genoveva de Docordó, Colombia",earthquake,,,,,reviewed,us,us,1977-07-06,25999,Colombia,1
1977-07-19 13:04:11+00:00,7.16,-72.132,70.0,5.37,mw,,,,,us,usp0000pt1,2014-11-06T23:21:43.031Z,"17 km N of Cubará, Colombia",earthquake,,,,,reviewed,us,us,1977-07-19,26129,Colombia,1
1977-07-29 23:15:21.500000+00:00,6.604,-72.785,182.0,4.94,mw,,,,,us,usp0000pxg,2014-11-06T23:21:43.194Z,"8 km SSE of Molagavita, Colombia",earthquake,,,,,reviewed,us,us,1977-07-29,26197,Colombia,1
1977-08-08 07:00:06.300000+00:00,6.93,-77.782,33.0,5.45,mw,,,,,us,usp0000q0x,2022-04-27T16:13:44.616Z,"19 km S of Juradó, Colombia",earthquake,,,,,reviewed,us,us,1977-08-08,26122,Colombia,1
1977-08-15 22:06:14+00:00,7.901,-73.28,150.0,5.03,mw,,,,,us,usp0000q43,2014-11-06T23:21:43.529Z,"19 km NE of San Alberto, Colombia",earthquake,,,,,reviewed,us,us,1977-08-15,26188,Colombia,1
1977-08-31 00:42:05.400000+00:00,7.335,-76.298,33.0,6.42,mw,,,,,us,usp0000qdu,2025-12-19T20:06:54.885Z,"18 km ENE of Mutatá, Colombia",earthquake,,,,,reviewed,us,us,1977-08-31,26102,Colombia,1
1977-08-31 11:00:55.900000+00:00,6.737,-75.307,204.0,4.6,mw,,,,,us,usp0000qe5,2014-11-06T23:21:43.853Z,"3 km WNW of Carolina, Colombia",earthquake,,,,,reviewed,us,us,1977-08-31,26277,Colombia,1
1977-10-03 12:28:23.100000+00:00,3.01,-77.767,127.0,4.85,mw,,,,,us,usp0000qw4,2014-11-06T23:21:44.443Z,"28 km NNW of Timbiquí, Colombia",earthquake,,,,,reviewed,us,us,1977-10-03,26251,Colombia,1
1977-10-13 04:09:32+00:00,5.443,-76.472,94.0,4.68,mw,,,,,us,usp0000r0w,2014-11-06T23:21:44.607Z,"7 km WNW of Bagadó, Colombia",earthquake,,,,,reviewed,us,us,1977-10-13,26275,Colombia,1
1977-10-22 01:23:27+00:00,7.139,-72.922,169.0,5.54,mw,,,,,us,usp0000r5y,2025-12-19T20:06:44.850Z,"8 km SE of Tona, Colombia",earthquake,,,,,reviewed,us,us,1977-10-22,26112,Colombia,1
1977-10-26 02:49:50.900000+00:00,6.413,-75.641,68.0,4.94,mw,,,,,us,usp0000r7q,2014-11-06T23:21:44.920Z,"10 km ESE of San Jerónimo, Colombia",earthquake,,,,,reviewed,us,us,1977-10-26,26201,Colombia,-1
1977-12-15 22:52:15.500000+00:00,9.777,-73.105,59.0,5.03,mw,,,,,us,usp0000s3a,2022-04-27T16:01:35.150Z,"20 km ENE of Becerril, Colombia",earthquake,,,,,reviewed,us,us,1977-12-15,26178,Colombia,-1
1978-01-08 00:56:42.400000+00:00,6.019,-77.544,33.0,5.28,mw,,,,,us,usp0000sdb,2014-11-06T23:21:46.287Z,"27 km SW of Bahía Solano, Colombia",earthquake,,,,,reviewed,us,us,1978-01-08,26145,Colombia,1
1978-01-10 20:08:33.800000+00:00,3.301,-73.441,44.0,5.37,mw,,,,,us,usp0000sep,2020-04-16T20:34:09.013Z,"26 km SE of Fuente de Oro, Colombia",earthquake,,,,,reviewed,us,us,1978-01-10,26145,Colombia,-1
1978-01-21 08:19:30.700000+00:00,6.379,-72.379,41.0,5.37,mw,,,,,us,usp0000smn,2022-04-27T15:58:36.871Z,"8 km ESE of El Cocuy, Colombia",earthquake,,,,,reviewed,us,us,1978-01-21,26358,Colombia,1
1978-01-29 18:10:06.300000+00:00,4.409,-78.494,33.0,5.37,mw,,,,,us,usp0000srt,2014-11-06T23:21:46.785Z,"126 km W of Santa Genoveva de Docordó, Colombia",earthquake,,,,,reviewed,us,us,1978-01-29,26320,Colombia,1
1978-02-16 03:47:24.600000+00:00,5.465,-77.714,24.0,5.71,mw,,,,,us,usp0000szx,2022-04-27T15:56:12.954Z,"56 km WSW of Nuquí, Colombia",earthquake,,,,,reviewed,us,us,1978-02-16,26288,Colombia,1
1978-02-22 08:19:47.800000+00:00,8.671,-75.215,53.0,5.11,mw,,,,,us,usp0000t3a,2014-11-06T23:21:47.298Z,"9 km W of San Marcos, Colombia",earthquake,,,,,reviewed,us,us,1978-02-22,26385,Colombia,1
1978-04-01 03:37:03.200000+00:00,11.869,-73.822,33.0,5.2,mw,,,,,us,usp0000tvf,2014-11-06T23:21:48.257Z,"80 km NNE of Santa Marta, Colombia",earthquake,,,,,reviewed,us,us,1978-04-01,26360,Colombia,-1
1978-04-03 03:06:45.400000+00:00,3.379,-78.936,33.0,5.11,mw,,,,,us,usp0000twa,2014-11-06T23:21:48.283Z,"110 km NNW of Mosquera, Colombia",earthquake,,,,,reviewed,us,us,1978-04-03,26365,Colombia,1
1978-04-08 15:12:22.700000+00:00,11.386,-71.857,33.0,4.77,mw,,,,,us,usp0000tzm,2014-11-06T23:21:48.395Z,"41 km E of Maicao, Colombia",earthquake,,,,,reviewed,us,us,1978-04-08,26450,Colombia,-1
1978-04-28 04:28:34.200000+00:00,11.899,-72.615,62.0,5.45,mw,,,,,us,usp0000uaf,2022-04-27T15:47:31.950Z,"23 km NW of Manaure, Colombia",earthquake,,,,,reviewed,us,us,1978-04-28,26296,Colombia,-1
1978-05-10 18:37:57.900000+00:00,5.982,-79.152,33.0,4.94,mw,,,,,us,usp0000ufv,2014-11-06T23:21:49.059Z,"195 km W of Bahía Solano, Colombia",earthquake,,,,,reviewed,us,us,1978-05-10,26428,Colombia,-1
1978-06-10 04:29:46.100000+00:00,2.874,-78.89,33.0,5.03,mw,,,,,us,usp0000uz4,2014-11-06T23:21:49.599Z,"63 km NW of Mosquera, Colombia",earthquake,,,,,reviewed,us,us,1978-06-10,26397,Colombia,1
1978-07-02 02:49:17.900000+00:00,6.732,-73.053,163.0,5.37,mw,,,,,us,usp0000vd0,2014-11-06T23:21:50.152Z,"4 km E of Jordán, Colombia",earthquake,,,,,reviewed,us,us,1978-07-02,26314,Colombia,1
1978-07-18 14:26:03+00:00,1.939,-78.231,91.0,5.11,mw,,,,,us,usp0000vmj,2014-11-06T23:21:50.404Z,"19 km NNW of Payán, Colombia",earthquake,,,,,reviewed,us,us,1978-07-18,26585,Colombia,1
1978-08-02 23:59:21.500000+00:00,7.326,-77.188,33.0,6.05,mw,,,,,us,usp0000vwv,2022-04-27T15:28:14.436Z,"15 km SSW of Riosucio, Colombia",earthquake,,,,,reviewed,us,us,1978-08-02,26466,Colombia,1
1978-08-08 02:58:36.600000+00:00,6.963,-72.144,45.0,5.37,mw,,,,,us,usp0000vyz,2022-04-27T15:28:36.096Z,"6 km SW of Cubará, Colombia",earthquake,,,,,reviewed,us,us,1978-08-08,26481,Colombia,1
1978-08-12 08:25:26.600000+00:00,2.626,-77.347,111.0,4.6,mw,,,,,us,usp0000w0v,2014-11-06T23:21:51.439Z,"38 km ESE of Timbiquí, Colombia",earthquake,,,,,reviewed,us,us,1978-08-12,26638,Colombia,-1
1978-10-24 21:04:38.300000+00:00,5.842,-72.465,181.0,5.03,mw,,,,,us,usp0000x48,2014-11-06T23:21:53.120Z,"13 km N of Pisba, Colombia",earthquake,,,,,reviewed,us,us,1978-10-24,26621,Colombia,2
1978-11-14 04:13:31.500000+00:00,11.741,-72.963,33.0,4.77,mw,,,,,us,usp0000xek,2014-11-06T23:21:53.727Z,"22 km NNW of Riohacha, Colombia",earthquake,,,,,reviewed,us,us,1978-11-14,26630,Colombia,-1
1978-12-20 05:55:17.600000+00:00,5.243,-73.946,33.0,4.85,mw,,,,,us,usp0000y08,2014-11-06T23:21:55.013Z,"4 km SW of La Mesa, Colombia",earthquake,,,,,reviewed,us,us,1978-12-20,26630,Colombia,1
1978-12-29 00:43:29.300000+00:00,7.243,-77.984,33.0,4.6,mw,,,,,us,usp0000y5u,2014-11-06T23:21:55.508Z,"28 km WNW of Juradó, Colombia",earthquake,,,,,reviewed,us,us,1978-12-29,26638,Colombia,1
1978-12-29 02:03:22.100000+00:00,6.644,-77.894,47.0,5.2,mw,,,,,us,usp0000y5x,2014-11-06T23:21:55.511Z,"52 km SSW of Juradó, Colombia",earthquake,,,,,reviewed,us,us,1978-12-29,26564,Colombia,1
1979-01-06 09:49:08.600000+00:00,6.796,-73.04,162.0,5.2,mw,,,,,us,usp0000yaj,2014-11-06T23:21:55.675Z,"8 km WNW of Cepitá, Colombia",earthquake,,,,,reviewed,us,us,1979-01-06,26487,Colombia,1
1979-01-06 12:50:51.100000+00:00,2.236,-75.942,36.0,5.2,mw,,,,,us,usp0000yan,2014-11-06T23:21:55.678Z,"5 km NE of La Argentina, Colombia",earthquake,,,,,reviewed,us,us,1979-01-06,26491,Colombia,-1
1979-02-28 12:04:25.900000+00:00,11.143,-74.46,33.0,4.77,mw,,,,,us,usp0000z21,2014-11-06T23:21:57.530Z,"25 km NW of Puebloviejo, Colombia",earthquake,,,,,reviewed,us,us,1979-02-28,26773,Colombia,-1
1979-03-27 09:09:16.900000+00:00,3.934,-76.026,127.0,4.77,mw,,,,,us,usp0000zpu,2014-11-06T23:21:59.173Z,"23 km N of La Cumbre, Colombia",earthquake,,,,,reviewed,us,us,1979-03-27,26781,Colombia,1
1979-03-28 04:18:04.800000+00:00,5.992,-73.907,121.0,5.11,mw,,,,,us,usp0000zqa,2014-11-06T23:21:59.202Z,"15 km W of Bolívar, Colombia",earthquake,,,,,reviewed,us,us,1979-03-28,26727,Colombia,1
1979-04-05 05:39:30.500000+00:00,6.272,-77.874,33.0,4.85,mw,,,,,us,usp0000zuq,2014-11-06T23:21:59.568Z,"52 km W of Bahía Solano, Colombia",earthquake,,,,,reviewed,us,us,1979-04-05,26756,Colombia,1
1979-05-04 07:24:40+00:00,6.226,-72.91,165.0,4.85,mw,,,,,us,usp00010e9,2014-11-06T23:22:00.868Z,"16 km ESE of Coromoro, Colombia",earthquake,,,,,reviewed,us,us,1979-05-04,26768,Colombia,1
1979-05-16 12:43:03.800000+00:00,4.653,-75.828,164.0,5.11,mw,,,,,us,usp00010pb,2014-11-06T23:22:01.234Z,"5 km WSW of Alcalá, Colombia",earthquake,,,,,reviewed,us,us,1979-05-16,26719,Colombia,1
1979-05-21 20:21:40.400000+00:00,6.662,-73.368,45.0,6.18,mw,,,,,us,usp00010sz,2022-04-27T15:06:43.260Z,"9 km WNW of Galán, Colombia",earthquake,,,,,reviewed,us,us,1979-05-21,26691,Colombia,1
1979-05-29 12:59:01.800000+00:00,5.224,-75.801,119.0,5.2,mw,,,,,us,usp00010zf,2025-12-19T22:06:31.689Z,"7 km NNW of Risaralda, Colombia",earthquake,,,,,reviewed,us,us,1979-05-29,26718,Colombia,1
1979-07-04 14:28:40.300000+00:00,6.65,-72.837,177.0,4.68,mw,,,,,us,usp00011q8,2014-11-06T23:22:03.629Z,"4 km SW of Molagavita, Colombia",earthquake,,,,,reviewed,us,us,1979-07-04,26817,Colombia,1
1979-07-07 07:00:55.100000+00:00,8.333,-73.408,124.0,4.6,mw,,,,,us,usp00011rf,2014-11-06T23:22:03.685Z,"5 km NNW of Río de Oro, Colombia",earthquake,,,,,reviewed,us,us,1979-07-07,26989,Colombia,1
1979-08-09 06:48:19.100000+00:00,6.227,-72.979,198.0,4.68,mw,,,,,us,usp00012aa,2014-11-06T23:22:04.633Z,"10 km SE of Coromoro, Colombia",earthquake,,,,,reviewed,us,us,1979-08-09,26981,Colombia,1
1979-08-24 17:55:39.600000+00:00,2.078,-75.459,36.0,4.68,mw,,,,,us,usp00012kx,2014-11-06T23:22:04.991Z,"22 km SE of Garzón, Colombia",earthquake,,,,,reviewed,us,us,1979-08-24,26984,Colombia,-1
1979-09-11 14:02:57.800000+00:00,4.235,-75.559,38.0,5.11,mw,,,,,us,usp00012wc,2022-04-27T14:54:38.992Z,"19 km SE of Pijao, Colombia",earthquake,,,,,reviewed,us,us,1979-09-11,26978,Colombia,1
1979-10-31 00:06:13.200000+00:00,7.907,-74.164,104.0,5.28,mw,,,,,us,usp00013sm,2014-11-06T23:22:07.010Z,"13 km WSW of Santa Rosa del Sur, Colombia",earthquake,,,,,reviewed,us,us,1979-10-31,26938,Colombia,1
1979-11-02 09:33:26.700000+00:00,6.807,-73.009,165.0,5.28,mw,,,,,us,usp00013tt,2014-11-06T23:22:07.059Z,"6 km NNW of Cepitá, Colombia",earthquake,,,,,reviewed,us,us,1979-11-02,26936,Colombia,1
1979-11-12 07:57:11.200000+00:00,6.993,-77.826,33.0,5.2,mw,,,,,us,usp00013zd,2014-11-06T23:22:07.287Z,"14 km SSW of Juradó, Colombia",earthquake,,,,,reviewed,us,us,1979-11-12,26957,Colombia,1
1979-11-21 18:49:54.700000+00:00,4.558,-74.743,33.0,4.94,mw,,,,,us,usp000144b,2014-11-06T23:22:07.645Z,"5 km W of Jerusalén, Colombia",earthquake,,,,,reviewed,us,us,1979-11-21,26979,Colombia,-1
1979-11-23 23:40:29.800000+00:00,4.805,-76.217,108.0,6.92,mw,,,,,us,usp000145h,2022-04-27T14:49:10.910Z,"4 km N of El Cairo, Colombia",earthquake,,,,,reviewed,us,us,1979-11-23,26820,Colombia,1
1979-12-12 08:32:04.600000+00:00,2.048,-78.891,33.0,5.54,mw,,,,,us,usp00014f0,2014-11-06T23:22:08.112Z,"25 km W of Salahonda, Colombia",earthquake,,,,,reviewed,us,us,1979-12-12,26868,Colombia,1
1979-12-13 05:37:47.800000+00:00,2.614,-79.215,33.0,6.59,mw,,,,,us,usp00014fx,2025-12-19T22:01:33.400Z,"85 km W of Mosquera, Colombia",earthquake,,,,,reviewed,us,us,1979-12-13,26853,Colombia,1
1979-12-13 22:40:30.600000+00:00,1.996,-79.382,33.0,5.28,mw,,,,,us,usp00014ge,2014-11-06T23:22:08.178Z,"69 km WNW of Tumaco, Colombia",earthquake,,,,,reviewed,us,us,1979-12-13,26948,Colombia,1
1979-12-14 06:20:59.700000+00:00,3.394,-78.926,33.0,5.03,mw,,,,,us,usp00014gu,2014-11-06T23:22:08.196Z,"111 km NNW of Mosquera, Colombia",earthquake,,,,,reviewed,us,us,1979-12-14,26979,Colombia,1
1979-12-15 03:51:43.400000+00:00,3.15,-78.624,33.0,4.68,mw,,,,,us,usp00014hd,2014-11-06T23:22:08.220Z,"73 km NNW of Mosquera, Colombia",earthquake,,,,,reviewed,us,us,1979-12-15,26987,Colombia,1
1979-12-15 07:35:25+00:00,3.344,-79.338,33.0,4.94,mw,,,,,us,usp00014hf,2014-11-06T23:22:08.223Z,"135 km NW of Mosquera, Colombia",earthquake,,,,,reviewed,us,us,1979-12-15,26980,Colombia,1
1979-12-18 08:43:17.900000+00:00,2.345,-79.951,33.0,4.85,mw,,,,,us,usp00014k2,2014-11-06T23:22:08.294Z,"142 km WNW of Tumaco, Colombia",earthquake,,,,,reviewed,us,us,1979-12-18,26981,Colombia,1
1979-12-21 23:02:14.300000+00:00,3.191,-77.919,33.0,5.2,mw,,,,,us,usp00014n2,2014-11-06T23:22:08.383Z,"54 km NNW of Timbiquí, Colombia",earthquake,,,,,reviewed,us,us,1979-12-21,26959,Colombia,1
1979-12-23 08:47:20.400000+00:00,3.457,-78.379,33.0,5.28,mw,,,,,us,usp00014nt,2014-11-06T23:22:08.413Z,"105 km N of Mosquera, Colombia",earthquake,,,,,reviewed,us,us,1979-12-23,26886,Colombia,1
1980-01-03 03:37:18.700000+00:00,3.195,-79.249,33.0,4.94,mw,,,,,us,usp00014up,2014-11-06T23:24:14.563Z,"116 km NW of Mosquera, Colombia",earthquake,,,,,reviewed,us,us,1980-01-03,27128,Colombia,1
1980-01-07 00:33:35.600000+00:00,2.939,-78.774,19.0,5.28,mw,,,,,us,usp00014wp,2022-04-28T01:46:44.405Z,"59 km NW of Mosquera, Colombia",earthquake,,,,,reviewed,us,us,1980-01-07,27049,Colombia,1
1980-01-18 23:37:32.300000+00:00,7.813,-74.299,33.0,5.28,mw,,,,,us,usp0001527,2014-11-06T23:24:16.770Z,"31 km WSW of Santa Rosa del Sur, Colombia",earthquake,,,,,reviewed,us,us,1980-01-18,27023,Colombia,1
1980-01-26 15:27:15+00:00,2.333,-79.371,33.0,6.25,mw,,,,,us,usp000156x,2022-04-28T01:48:53.267Z,"85 km WNW of Salahonda, Colombia",earthquake,,,,,reviewed,us,us,1980-01-26,27000,Colombia,1
1980-02-09 11:14:36.800000+00:00,1.823,-79.102,92.0,4.85,mw,,,,,us,usp00015cc,2014-11-06T23:24:17.602Z,"34 km W of Tumaco, Colombia",earthquake,,,,,reviewed,us,us,1980-02-09,27169,Colombia,1
1980-02-12 08:18:50.100000+00:00,3.781,-74.146,45.0,4.94,mw,,,,,us,usp00015dh,2014-11-06T23:24:17.695Z,"31 km NNW of Lejanías, Colombia",earthquake,,,,,reviewed,us,us,1980-02-12,27165,Colombia,2
1980-02-13 11:13:10.900000+00:00,3.447,-77.913,33.0,5.11,mw,,,,,us,usp00015dy,2014-11-06T23:24:17.726Z,"79 km NNW of Timbiquí, Colombia",earthquake,,,,,reviewed,us,us,1980-02-13,27071,Colombia,1
1980-02-21 03:44:24.900000+00:00,7.241,-71.891,51.0,5.62,mw,,,,,us,usp00015k7,2014-11-06T23:24:18.065Z,"35 km NE of Cubará, Colombia",earthquake,,,,,reviewed,us,us,1980-02-21,27015,Colombia,1
1980-03-06 13:42:08.100000+00:00,6.038,-74.128,62.0,4.94,mw,,,,,us,usp00015v3,2014-11-06T23:24:18.754Z,"26 km NW of La Belleza, Colombia",earthquake,,,,,reviewed,us,us,1980-03-06,27143,Colombia,1
1980-03-09 03:34:50.600000+00:00,7.462,-73.952,101.0,5.2,mw,,,,,us,usp00015wr,2014-11-06T23:24:18.847Z,"9 km NNW of Cantagallo, Colombia",earthquake,,,,,reviewed,us,us,1980-03-09,27066,Colombia,1
1980-03-14 13:23:47.400000+00:00,6.777,-73.036,168.0,5.28,mw,,,,,us,usp000160c,2014-11-06T23:24:19.042Z,"7 km WNW of Cepitá, Colombia",earthquake,,,,,reviewed,us,us,1980-03-14,27040,Colombia,1
1980-04-02 18:13:44.300000+00:00,6.637,-73.895,108.0,5.03,mw,,,,,us,usp00016dn,2014-11-06T23:24:19.903Z,"18 km E of Puerto Parra, Colombia",earthquake,,,,,reviewed,us,us,1980-04-02,27090,Colombia,1
1980-05-10 04:51:52+00:00,6.877,-77.747,33.0,5.28,mw,,,,,us,usp000174s,2014-11-06T23:24:21.579Z,"25 km S of Juradó, Colombia",earthquake,,,,,reviewed,us,us,1980-05-10,27037,Colombia,1
1980-05-25 15:43:29.400000+00:00,5.473,-74.408,69.0,5.28,mw,,,,,us,usp00017dz,2022-04-28T01:37:44.703Z,"7 km W of Yacopí, Colombia",earthquake,,,,,reviewed,us,us,1980-05-25,27041,Colombia,-1
1980-06-16 12:06:23.700000+00:00,4.269,-73.825,49.0,4.77,mw,,,,,us,usp000188z,2014-11-06T23:24:23.425Z,"6 km N of Guayabetal, Colombia",earthquake,,,,,reviewed,us,us,1980-06-16,27173,Colombia,2
1980-06-20 01:05:15.800000+00:00,3.633,-73.702,65.0,4.77,mw,,,,,us,usp00018c5,2014-11-06T23:24:23.534Z,"7 km S of San Martín, Colombia",earthquake,,,,,reviewed,us,us,1980-06-20,27174,Colombia,2
1980-06-24 00:15:53.400000+00:00,2.471,-78.813,43.0,5.28,mw,,,,,us,usp00018ek,2014-11-06T23:24:23.612Z,"40 km W of Mosquera, Colombia",earthquake,,,,,reviewed,us,us,1980-06-24,27063,Colombia,1
1980-06-25 12:04:56.900000+00:00,4.437,-75.779,162.0,5.9,mw,,,,,us,usp00018fj,2022-04-28T01:35:33.352Z,"1 km SSE of La Tebaida, Colombia",earthquake,,,,,reviewed,us,us,1980-06-25,27004,Colombia,1
1980-07-06 18:03:26.100000+00:00,2.291,-78.888,57.0,4.94,mw,,,,,us,usp00018py,2014-11-06T23:24:24.097Z,"37 km NW of Salahonda, Colombia",earthquake,,,,,reviewed,us,us,1980-07-06,27299,Colombia,1
1980-07-07 16:48:44.500000+00:00,4.274,-76.238,144.0,5.2,mw,,,,,us,usp00018qf,2014-11-06T23:24:24.114Z,"9 km SW of Bolívar, Colombia",earthquake,,,,,reviewed,us,us,1980-07-07,27201,Colombia,1
1980-07-16 13:06:18.700000+00:00,6.979,-76.179,62.0,4.6,mw,,,,,us,usp00018x4,2014-11-06T23:24:24.343Z,"8 km N of Uramita, Colombia",earthquake,,,,,reviewed,us,us,1980-07-16,27358,Colombia,1
1980-07-19 18:09:59.800000+00:00,2.963,-79.347,33.0,4.77,mw,,,,,us,usp00018z7,2014-11-06T23:24:24.418Z,"111 km WNW of Mosquera, Colombia",earthquake,,,,,reviewed,us,us,1980-07-19,27349,Colombia,1
1980-07-22 04:04:42+00:00,2.848,-78.772,40.0,4.85,mw,,,,,us,usp0001910,2014-11-06T23:24:24.476Z,"51 km NW of Mosquera, Colombia",earthquake,,,,,reviewed,us,us,1980-07-22,27335,Colombia,1
1980-08-01 10:03:23.800000+00:00,2.635,-79.093,26.0,4.85,mw,,,,,us,usp000196z,2014-11-06T23:24:24.980Z,"72 km W of Mosquera, Colombia",earthquake,,,,,reviewed,us,us,1980-08-01,27328,Colombia,1
1980-08-15 21:30:45.700000+00:00,6.812,-73.021,161.0,5.37,mw,,,,,us,usp00019dt,2025-12-19T21:56:30.425Z,northern Colombia,earthquake,,,,,reviewed,us,us,1980-08-15,27195,northern Colombia,1
1980-08-31 20:02:00.800000+00:00,3.25,-79.035,22.0,5.11,mw,,,,,us,usp00019n0,2014-11-06T23:24:25.781Z,"104 km NW of Mosquera, Colombia",earthquake,,,,,reviewed,us,us,1980-08-31,27211,Colombia,1
1980-09-03 10:50:34.100000+00:00,2.139,-79.657,33.0,4.68,mw,,,,,us,usp00019nv,2014-11-06T23:24:25.820Z,"103 km WNW of Tumaco, Colombia",earthquake,,,,,reviewed,us,us,1980-09-03,27351,Colombia,1
1980-09-03 22:12:39.100000+00:00,3.238,-78.19,33.0,6.59,mw,,,,,us,usp00019p2,2025-12-19T21:55:56.401Z,"77 km NW of Timbiquí, Colombia",earthquake,,,,,reviewed,us,us,1980-09-03,27185,Colombia,1
1980-10-28 23:20:00+00:00,7.24,-74.818,72.0,5.37,mw,,,,,us,usp0001aj9,2025-12-19T21:55:49.477Z,"22 km NW of Segovia, Colombia",earthquake,,,,,reviewed,us,us,1980-10-28,27186,Colombia,1
1980-11-26 17:35:39.100000+00:00,8.045,-72.441,40.0,5.28,mw,,,,,us,usp0001b1h,2022-04-28T01:21:42.953Z,"18 km NNE of Cúcuta, Colombia",earthquake,,,,,reviewed,us,us,1980-11-26,27198,Colombia,1
1980-11-26 23:10:41.700000+00:00,6.659,-77.692,33.0,5.11,mw,,,,,us,usp0001b1m,2014-11-06T23:24:27.767Z,"49 km S of Juradó, Colombia",earthquake,,,,,reviewed,us,us,1980-11-26,27225,Colombia,1
1980-12-03 08:51:40.900000+00:00,5.899,-75.698,121.0,4.94,mw,,,,,us,usp0001b4v,2014-11-06T23:24:27.870Z,"4 km SW of Fredonia, Colombia",earthquake,,,,,reviewed,us,us,1980-12-03,27244,Colombia,1
1980-12-13 10:10:00.600000+00:00,9.236,-76.703,51.0,4.85,mw,,,,,us,usp0001b8x,2014-11-06T23:24:27.997Z,"52 km NW of Arboletes, Colombia",earthquake,,,,,reviewed,us,us,1980-12-13,27328,Colombia,-1
1980-12-17 00:20:02+00:00,7.646,-76.568,59.0,4.85,mw,,,,,us,usp0001bah,2014-11-06T23:24:28.048Z,"12 km E of Chigorodó, Colombia",earthquake,,,,,reviewed,us,us,1980-12-17,27345,Colombia,1
1980-12-19 10:39:03.600000+00:00,7.588,-75.948,33.0,5.03,mw,,,,,us,usp0001bbr,2014-11-06T23:24:28.103Z,"50 km NNW of Ituango, Colombia",earthquake,,,,,reviewed,us,us,1980-12-19,27241,Colombia,1
1980-12-26 01:32:07.900000+00:00,5.941,-73.326,121.0,5.03,mw,,,,,us,usp0001bfd,2014-11-06T23:24:28.406Z,"2 km ESE of Gámbita, Colombia",earthquake,,,,,reviewed,us,us,1980-12-26,27244,Colombia,1
1981-01-02 07:37:01.300000+00:00,2.137,-79.168,33.0,6.52,mw,,,,,us,usp0001bjn,2025-12-19T21:53:37.456Z,"56 km NW of Tumaco, Colombia",earthquake,,,,,reviewed,us,us,1981-01-02,27365,Colombia,1
1981-01-30 23:57:51.200000+00:00,2.759,-79.743,33.0,5.03,mw,,,,,us,usp0001bz8,2014-11-06T23:24:29.008Z,"144 km WNW of Salahonda, Colombia",earthquake,,,,,reviewed,us,us,1981-01-30,27499,Colombia,1
1981-02-07 01:21:34.730000+00:00,3.28,-78.546,33.0,4.43,mw,,,,1.5,us,usp0001c2a,2014-11-07T00:28:52.538Z,"85 km N of Mosquera, Colombia",earthquake,,,,1.0,reviewed,us,us,1981-02-07,27527,Colombia,1
1981-04-27 22:53:15.510000+00:00,6.97,-76.466,33.0,5.28,mw,,,,1.3,us,usp0001de4,2022-04-28T01:07:54.845Z,"22 km W of Dabeiba, Colombia",earthquake,,,,41.0,reviewed,us,us,1981-04-27,27480,Colombia,1
1981-05-01 16:57:53.200000+00:00,2.829,-79.066,33.0,5.03,mw,,,,0.9,us,usp0001dg3,2014-11-07T00:29:23.659Z,"77 km WNW of Mosquera, Colombia",earthquake,,,,5.0,reviewed,us,us,1981-05-01,27496,Colombia,1
1981-05-13 04:38:25.330000+00:00,3.869,-76.908,71.6,5.03,mw,,,,0.9,us,usp0001dna,2020-08-26T21:33:59.559Z,"13 km E of Buenaventura, Colombia",earthquake,,6.5,,6.0,reviewed,us,us,1981-05-13,27484,Colombia,1
1981-05-16 09:04:15.350000+00:00,7.304,-77.334,27.0,5.28,mw,,,,0.8,us,usp0001dpx,2022-04-28T01:05:19.585Z,"28 km WSW of Riosucio, Colombia",earthquake,,,,32.0,reviewed,us,us,1981-05-16,27401,Colombia,1
1981-05-20 03:01:47.840000+00:00,4.877,-76.322,119.1,4.94,mw,,,,0.8,us,usp0001ds5,2014-11-07T00:29:30.052Z,"9 km WSW of San José del Palmar, Colombia",earthquake,,6.8,,5.0,reviewed,us,us,1981-05-20,27503,Colombia,1
1981-05-22 08:26:14.440000+00:00,1.548,-75.893,42.5,4.6,mw,,,,0.7,us,usp0001dtc,2014-11-07T00:29:30.531Z,"14 km N of Belén de los Andaquíes, Colombia",earthquake,,6.1,,2.0,reviewed,us,us,1981-05-22,27505,Colombia,-1
1981-05-30 03:06:53.800000+00:00,7.294,-73.608,113.6,4.6,mw,,,,1.5,us,usp0001dxw,2014-11-07T00:29:31.844Z,"16 km SW of Sabana de Torres, Colombia",earthquake,,9.8,,4.0,reviewed,us,us,1981-05-30,27513,Colombia,1
1981-06-13 18:39:23+00:00,6.775,-73.088,160.0,5.37,mw,,,,0.8,us,usp0001e4y,2014-11-07T00:29:37.642Z,"4 km N of Jordán, Colombia",earthquake,,,,33.0,reviewed,us,us,1981-06-13,27393,Colombia,1
1981-07-07 10:25:46.730000+00:00,2.796,-79.806,16.3,5.37,mw,,,,0.7,us,usp0001ejq,2025-12-19T21:49:43.082Z,"152 km WNW of Salahonda, Colombia",earthquake,,6.7,,48.0,reviewed,us,us,1981-07-07,27574,Colombia,1
1981-07-22 07:20:45.770000+00:00,5.813,-79.196,33.0,4.77,mw,,,,1.2,us,usp0001ev2,2014-11-07T00:29:48.693Z,"203 km WSW of Bahía Solano, Colombia",earthquake,,,,1.0,reviewed,us,us,1981-07-22,27602,Colombia,-1
1981-07-23 02:52:16.610000+00:00,2.126,-77.215,97.7,4.94,mw,,,,1.3,us,usp0001evu,2014-11-07T00:29:48.852Z,"9 km N of Balboa, Colombia",earthquake,,6.2,,4.0,reviewed,us,us,1981-07-23,27587,Colombia,-1
1981-07-30 05:24:08.650000+00:00,7.859,-75.393,33.0,4.51,mw,,,,1.2,us,usp0001f0w,2014-11-07T00:29:49.910Z,"13 km SSE of Montelíbano, Colombia",earthquake,,,,2.0,reviewed,us,us,1981-07-30,27710,Colombia,1
1981-07-30 07:05:01.720000+00:00,5.063,-76.25,107.0,4.51,mw,,,,1.0,us,usp0001f0z,2014-11-07T00:29:49.922Z,"18 km N of San José del Palmar, Colombia",earthquake,,7.4,,1.0,reviewed,us,us,1981-07-30,27678,Colombia,1
1981-08-05 12:58:27.460000+00:00,3.895,-76.409,58.4,5.28,mw,,,,0.9,us,usp0001f4b,2022-04-28T00:56:27.991Z,"4 km NW of Yotoco, Colombia",earthquake,,3.5,,56.0,reviewed,us,us,1981-08-05,27580,Colombia,1
1981-08-06 21:25:20.930000+00:00,6.013,-78.358,33.0,4.85,mw,,,,0.8,us,usp0001f56,2014-11-07T00:29:54.289Z,"108 km WSW of Bahía Solano, Colombia",earthquake,,,,15.0,reviewed,us,us,1981-08-06,27596,Colombia,1
1981-08-12 00:47:32+00:00,3.489,-79.15,33.0,4.68,mw,,,,0.6,us,usp0001f80,2014-11-07T00:29:55.372Z,"133 km NW of Mosquera, Colombia",earthquake,,,,2.0,reviewed,us,us,1981-08-12,27672,Colombia,1
1981-08-21 21:46:44.790000+00:00,6.148,-72.845,167.2,4.68,mw,,,,0.7,us,usp0001fdk,2014-11-07T00:29:57.190Z,"12 km N of Tutazá, Colombia",earthquake,,11.8,,4.0,reviewed,us,us,1981-08-21,27663,Colombia,1
1981-08-23 05:23:58.270000+00:00,8.321,-74.283,132.5,4.68,mw,,,,0.8,us,usp0001feu,2014-11-07T00:29:57.378Z,"21 km E of Montecristo, Colombia",earthquake,,8.3,,5.0,reviewed,us,us,1981-08-23,27668,Colombia,1
1981-08-27 13:52:40.810000+00:00,6.885,-76.725,33.0,5.92,mw,,,,0.9,us,usp0001fh9,2022-04-28T00:58:44.661Z,"14 km SE of Murindó, Colombia",earthquake,,,,4.0,reviewed,us,us,1981-08-27,27551,Colombia,1
1981-10-18 04:31:02.740000+00:00,8.117,-72.527,53.6,5.62,mw,,,,0.8,us,usp0001ghp,2025-12-19T21:48:08.681Z,"12 km SW of La Esperanza, Colombia",earthquake,,2.3,,68.0,reviewed,us,us,1981-10-18,27566,Colombia,1
1981-10-27 21:00:17.830000+00:00,2.616,-79.391,33.0,5.28,mw,,,,0.8,us,usp0001gpm,2014-11-07T00:30:15.872Z,"103 km NW of Salahonda, Colombia",earthquake,,,,4.0,reviewed,us,us,1981-10-27,27574,Colombia,1
1981-11-01 14:46:52.730000+00:00,6.463,-72.655,185.1,4.68,mw,,,,0.3,us,usp0001grw,2014-11-07T00:30:18.723Z,"6 km NE of Tipacoque, Colombia",earthquake,,2.9,,1.0,reviewed,us,us,1981-11-01,27654,Colombia,1
1981-11-05 03:55:06.900000+00:00,2.649,-78.967,33.0,5.03,mw,,,,1.1,us,usp0001gth,2014-11-07T00:30:20.878Z,"59 km WNW of Mosquera, Colombia",earthquake,,,,24.0,reviewed,us,us,1981-11-05,27581,Colombia,1
1981-11-11 17:31:06.370000+00:00,5.976,-77.963,33.0,4.85,mw,,,,1.0,us,usp0001gx2,2014-11-07T00:30:23.074Z,"67 km WSW of Bahía Solano, Colombia",earthquake,,,,12.0,reviewed,us,us,1981-11-11,27598,Colombia,1
1981-12-13 21:40:36.190000+00:00,6.75,-72.978,159.0,5.54,mw,,,,1.0,us,usp0001hdc,2014-11-07T00:30:31.516Z,"0 km SW of Cepitá, Colombia",earthquake,,,,54.0,reviewed,us,us,1981-12-13,27567,Colombia,1
1981-12-27 10:13:32.540000+00:00,6.708,-76.942,33.0,4.68,mw,,,,1.4,us,usp0001hpm,2014-11-07T00:30:33.675Z,"14 km NNW of Vigía del Fuerte, Colombia",earthquake,,,,2.0,reviewed,us,us,1981-12-27,27862,Colombia,1
1982-01-13 16:36:07.690000+00:00,4.06,-77.227,80.0,4.77,mw,,,,1.1,us,usp0001j0v,2014-11-07T00:30:40.634Z,"26 km SE of Santa Genoveva de Docordó, Colombia",earthquake,,9.1,,2.0,reviewed,us,us,1982-01-13,27795,Colombia,1
1982-01-17 12:46:37.090000+00:00,3.661,-78.151,33.0,5.03,mw,,,,1.0,us,usp0001j2n,2014-11-07T00:30:41.072Z,"109 km SW of Santa Genoveva de Docordó, Colombia",earthquake,,,,6.0,reviewed,us,us,1982-01-17,27772,Colombia,1
1982-01-17 14:02:34.390000+00:00,2.686,-79.422,28.0,5.28,mw,,,,1.1,us,usp0001j2p,2014-11-07T00:30:41.077Z,"109 km W of Mosquera, Colombia",earthquake,,,,29.0,reviewed,us,us,1982-01-17,27745,Colombia,1
1982-01-17 14:52:13.760000+00:00,5.78,-74.168,40.3,5.45,mw,,,,1.1,us,usp0001j2q,2022-04-28T00:44:53.136Z,"13 km N of Otanche, Colombia",earthquake,,3.6,,48.0,reviewed,us,us,1982-01-17,27741,Colombia,1
1982-02-01 21:34:15.450000+00:00,6.539,-77.675,33.0,4.77,mw,,,,1.2,us,usp0001jef,2014-11-07T00:30:47.900Z,"45 km NW of Bahía Solano, Colombia",earthquake,,,,2.0,reviewed,us,us,1982-02-01,27803,Colombia,1
1982-02-04 05:04:08.200000+00:00,3.179,-78.745,33.0,4.85,mw,,,,1.0,us,usp0001jft,2014-11-07T00:30:48.840Z,"81 km NNW of Mosquera, Colombia",earthquake,,,,4.0,reviewed,us,us,1982-02-04,27782,Colombia,1
1982-02-13 01:09:22.160000+00:00,3.905,-76.365,150.5,4.77,mw,,,,1.0,us,usp0001jm9,2014-11-07T00:30:51.154Z,"5 km NNE of Yotoco, Colombia",earthquake,,17.9,,2.0,reviewed,us,us,1982-02-13,27853,Colombia,1
1982-02-23 20:07:29.480000+00:00,6.794,-73.028,159.0,5.2,mw,,,,0.9,us,usp0001jt8,2014-11-07T00:30:52.757Z,"7 km NW of Cepitá, Colombia",earthquake,,,,26.0,reviewed,us,us,1982-02-23,27745,Colombia,1
1982-03-08 04:16:32.730000+00:00,3.408,-74.074,33.0,4.68,mw,,,,1.7,us,usp0001k0p,2014-11-07T00:30:58.367Z,"4 km NW of Mesetas, Colombia",earthquake,,,,3.0,reviewed,us,us,1982-03-08,27860,Colombia,2
1982-03-16 08:04:57.910000+00:00,5.808,-78.323,33.0,5.54,mw,,,,1.0,us,usp0001k56,2025-12-19T21:45:18.801Z,"111 km WSW of Bahía Solano, Colombia",earthquake,,,,50.0,reviewed,us,us,1982-03-16,27724,Colombia,1
1982-04-23 08:11:13.430000+00:00,3.665,-78.748,33.0,5.03,mw,,,,1.1,us,usp0001kwg,2014-11-07T00:31:10.715Z,"132 km NNW of Mosquera, Colombia",earthquake,,,,4.0,reviewed,us,us,1982-04-23,27763,Colombia,1
1982-05-05 01:16:02.320000+00:00,7.09,-76.476,33.0,4.77,mw,,,,1.2,us,usp0001m3z,2014-11-07T00:31:16.097Z,"17 km SSW of Mutatá, Colombia",earthquake,,,,4.0,reviewed,us,us,1982-05-05,27841,Colombia,1
1982-05-12 13:06:51.720000+00:00,6.952,-77.955,33.0,5.11,mw,,,,1.0,us,usp0001m90,2014-11-07T00:31:17.927Z,"27 km SW of Juradó, Colombia",earthquake,,,,12.0,reviewed,us,us,1982-05-12,27745,Colombia,1
1982-05-14 01:18:47.960000+00:00,2.373,-75.311,62.7,5.03,mw,,,,1.3,us,usp0001m9y,2014-11-07T00:31:18.146Z,"16 km S of Algeciras, Colombia",earthquake,,5.8,,9.0,reviewed,us,us,1982-05-14,27760,Colombia,-1
1982-06-10 14:28:31.450000+00:00,2.257,-79.466,33.0,4.68,mw,,,,0.5,us,usp0001mtt,2014-11-07T00:31:26.721Z,"90 km NW of Tumaco, Colombia",earthquake,,,,3.0,reviewed,us,us,1982-06-10,27889,Colombia,1
1982-06-24 23:33:59.140000+00:00,9.832,-73.88,33.0,5.03,mw,,,,1.5,us,usp0001n42,2014-11-07T00:31:29.602Z,"24 km NW of El Paso, Colombia",earthquake,,,,1.0,reviewed,us,us,1982-06-24,27968,Colombia,-1
1982-07-12 13:35:41.800000+00:00,4.446,-73.63,16.1,5.03,mw,,,,1.3,us,usp0001ncp,2014-11-07T00:31:36.752Z,"13 km NE of El Calvario, Colombia",earthquake,,10.5,,1.0,reviewed,us,us,1982-07-12,27982,Colombia,2
1982-07-17 22:24:14.210000+00:00,6.791,-73.041,163.0,5.2,mw,,,,0.9,us,usp0001nfx,2014-11-07T00:31:37.366Z,"8 km WNW of Cepitá, Colombia",earthquake,,,,16.0,reviewed,us,us,1982-07-17,27941,Colombia,1
1982-08-01 20:38:16.830000+00:00,2.504,-78.853,33.0,5.37,mw,,,,0.9,us,usp0001nsu,2022-04-28T00:27:57.262Z,"44 km W of Mosquera, Colombia",earthquake,,,,45.0,reviewed,us,us,1982-08-01,27921,Colombia,1
1982-08-03 08:23:06.700000+00:00,5.064,-78.339,33.0,4.94,mw,,,,1.3,us,usp0001ntv,2014-11-07T00:31:42.083Z,"108 km W of Pizarro, Colombia",earthquake,,,,3.0,reviewed,us,us,1982-08-03,28048,Colombia,1
1982-08-14 03:10:55.840000+00:00,6.857,-77.812,11.3,5.45,mw,,,,1.0,us,usp0001p1c,2022-04-28T00:29:51.118Z,"27 km SSW of Juradó, Colombia",earthquake,,7.8,,51.0,reviewed,us,us,1982-08-14,27903,Colombia,1
1982-08-28 05:58:55.710000+00:00,7.419,-71.919,60.4,4.94,mw,,,,1.4,us,usp0001p9t,2014-11-07T00:31:47.635Z,"50 km NNE of Cubará, Colombia",earthquake,,9.4,,1.0,reviewed,us,us,1982-08-28,28025,Colombia,1
1982-09-08 08:36:51.220000+00:00,6.705,-76.628,43.1,4.68,mw,,,,0.9,us,usp0001pfc,2014-11-07T00:31:52.416Z,"32 km ENE of Vigía del Fuerte, Colombia",earthquake,,8.4,,5.0,reviewed,us,us,1982-09-08,28071,Colombia,1
1982-09-11 08:55:43.160000+00:00,5.575,-75.703,10.0,4.77,mw,,,,1.5,us,usp0001ph8,2014-11-07T00:31:52.986Z,"7 km WNW of Caramanta, Colombia",earthquake,,,,3.0,reviewed,us,us,1982-09-11,28067,Colombia,1
1982-10-24 19:47:49.410000+00:00,0.283,-77.304,33.0,4.94,mw,,,,1.4,us,usp0001qgc,2014-11-07T00:32:04.704Z,"44 km W of La Dorada, Colombia",earthquake,,,,5.0,reviewed,us,us,1982-10-24,28036,Colombia,-1
1982-11-04 17:33:49.750000+00:00,2.944,-78.911,33.0,5.11,mw,,,,0.9,us,usp0001qqc,2014-11-07T00:32:09.155Z,"70 km NW of Mosquera, Colombia",earthquake,,,,31.0,reviewed,us,us,1982-11-04,27954,Colombia,1
1982-11-16 00:50:13.380000+00:00,7.2,-72.382,49.6,5.2,mw,,,,0.9,us,usp0001qyf,2014-11-07T00:32:11.980Z,"16 km SE of Toledo, Colombia",earthquake,,5.1,,4.0,reviewed,us,us,1982-11-16,27943,Colombia,1
1982-12-05 03:18:27.340000+00:00,4.802,-76.338,113.2,5.28,mw,,,,0.9,us,usp0001r97,2014-11-07T00:32:18.437Z,"13 km WNW of El Cairo, Colombia",earthquake,,2.8,,48.0,reviewed,us,us,1982-12-05,27926,Colombia,1
1982-12-09 08:15:23.950000+00:00,6.698,-77.174,33.0,5.03,mw,,,,0.9,us,usp0001rb9,2014-11-07T00:32:19.217Z,"33 km WNW of Vigía del Fuerte, Colombia",earthquake,,,,5.0,reviewed,us,us,1982-12-09,27979,Colombia,1
1983-01-06 08:23:01.700000+00:00,6.74,-73.038,167.2,5.45,mw,,,,1.0,us,usp0001s0p,2014-11-07T00:32:27.104Z,"5 km NNW of Aratoca, Colombia",earthquake,,2.8,,34.0,reviewed,us,us,1983-01-06,28116,Colombia,1
1983-01-13 12:00:44.650000+00:00,11.794,-73.637,28.0,5.37,mw,,,,0.9,us,usp0001s6n,2014-11-07T00:32:29.069Z,"67 km NNW of Dibulla, Colombia",earthquake,,,,39.0,reviewed,us,us,1983-01-13,28133,Colombia,-1
1983-01-23 14:29:28.530000+00:00,6.485,-77.543,8.6,5.54,mw,,,,1.4,us,usp0001sh8,2025-12-19T21:34:40.073Z,"32 km NNW of Bahía Solano, Colombia",earthquake,,4.8,,70.0,reviewed,us,us,1983-01-23,28106,Colombia,1
1983-02-09 00:47:34.470000+00:00,12.374,-73.259,33.0,4.94,mw,,,,1.2,us,usp0001sxc,2014-11-07T00:32:39.712Z,"99 km NNW of Riohacha, Colombia",earthquake,,,,1.0,reviewed,us,us,1983-02-09,28133,Colombia,-1
1983-02-09 04:21:21.700000+00:00,7.27,-75.539,33.0,4.77,mw,,,,0.8,us,usp0001sxf,2014-11-07T00:32:39.751Z,"16 km W of Valdivia, Colombia",earthquake,,,,1.0,reviewed,us,us,1983-02-09,28243,Colombia,1
1983-03-31 13:12:52.640000+00:00,2.461,-76.686,22.2,5.71,mw,,,,1.2,us,usp0001u34,2022-04-28T00:11:32.999Z,"8 km WNW of Popayán, Colombia",earthquake,,4.1,,62.0,reviewed,us,us,1983-03-31,28099,Colombia,1
1983-03-31 16:43:16.620000+00:00,7.913,-74.372,33.0,4.94,mw,,,,1.6,us,usp0001u39,2014-11-07T00:32:51.987Z,"35 km W of Santa Rosa del Sur, Colombia",earthquake,,,,1.0,reviewed,us,us,1983-03-31,28183,Colombia,1
1983-04-10 02:01:09.430000+00:00,4.099,-76.778,72.4,4.94,mw,,,,1.1,us,usp0001uaj,2014-11-07T00:32:58.257Z,"37 km NE of Buenaventura, Colombia",earthquake,,16.6,,1.0,reviewed,us,us,1983-04-10,28183,Colombia,1
1983-05-07 14:02:51.620000+00:00,5.315,-75.743,141.2,4.77,mw,,,,1.1,us,usp0001v4p,2014-11-07T00:33:08.254Z,"3 km SSW of Quinchía, Colombia",earthquake,,16.2,,6.0,reviewed,us,us,1983-05-07,28220,Colombia,1
1983-05-30 04:52:01.840000+00:00,3.328,-78.931,33.0,4.51,mw,,,,0.9,us,usp0001vsz,2014-11-07T00:33:12.823Z,"105 km NNW of Mosquera, Colombia",earthquake,,,,1.0,reviewed,us,us,1983-05-30,28251,Colombia,1
1983-06-07 23:14:16.020000+00:00,6.43,-73.315,139.6,4.94,mw,,,,1.0,us,usp0001vyr,2014-11-07T00:33:18.138Z,"2 km ESE of Simacota, Colombia",earthquake,,8.6,,6.0,reviewed,us,us,1983-06-07,28193,Colombia,1
1983-08-14 05:05:52.290000+00:00,9.003,-73.994,99.7,5.28,mw,,,,0.8,us,usp0001xnu,2014-11-07T00:33:38.488Z,"2 km W of El Banco, Colombia",earthquake,,3.2,,49.0,reviewed,us,us,1983-08-14,28319,Colombia,-1
1983-08-29 08:24:24.360000+00:00,6.788,-73.004,164.7,5.28,mw,,,,1.0,us,usp0001y0w,2025-12-19T21:28:57.160Z,"4 km NW of Cepitá, Colombia",earthquake,,2.0,,57.0,reviewed,us,us,1983-08-29,28334,Colombia,1
1983-09-11 03:08:45.410000+00:00,2.734,-79.786,33.0,5.03,mw,,,,0.8,us,usp0001y90,2014-11-07T00:33:47.058Z,"146 km WNW of Salahonda, Colombia",earthquake,,,,7.0,reviewed,us,us,1983-09-11,28347,Colombia,1
1983-10-24 00:58:24.800000+00:00,7.076,-73.377,147.1,4.77,mw,,,,0.3,us,usp0001z7d,2014-11-07T00:34:00.767Z,"18 km WSW of Lebrija, Colombia",earthquake,,2.9,,1.0,reviewed,us,us,1983-10-24,28403,Colombia,1
1983-11-06 19:38:30.220000+00:00,7.471,-73.181,142.9,5.03,mw,,,,1.0,us,usp0001zkw,2014-11-07T00:34:05.155Z,"2 km E of El Playón, Colombia",earthquake,,7.8,,1.0,reviewed,us,us,1983-11-06,28390,Colombia,1
1983-12-16 05:55:17.870000+00:00,7.213,-77.14,40.2,5.37,mw,,,,1.1,us,usp00020h4,2022-04-27T23:41:23.772Z,"25 km S of Riosucio, Colombia",earthquake,,5.4,,14.0,reviewed,us,us,1983-12-16,28464,Colombia,1
1984-01-06 11:37:49.100000+00:00,6.763,-73.014,159.9,5.28,mw,,,,1.0,us,usp000212e,2014-11-07T00:34:21.688Z,"4 km WNW of Cepitá, Colombia",earthquake,,,,22.0,reviewed,us,us,1984-01-06,28475,Colombia,1
1984-01-16 18:26:32.260000+00:00,7.101,-73.345,138.4,4.77,mw,,,,1.1,us,usp00021a8,2014-11-07T00:34:23.189Z,"14 km W of Lebrija, Colombia",earthquake,,5.3,,2.0,reviewed,us,us,1984-01-16,28573,Colombia,1
1984-01-17 04:17:16.720000+00:00,5.842,-73.973,121.8,5.03,mw,,,,1.1,us,usp00021ap,2014-11-07T00:34:23.254Z,"2 km SSW of La Belleza, Colombia",earthquake,,4.2,,11.0,reviewed,us,us,1984-01-17,28533,Colombia,1
1984-01-25 18:46:25.440000+00:00,3.417,-76.53,65.9,5.28,mw,,,,1.2,us,usp00021ja,2014-11-07T00:34:24.216Z,"2 km SSW of Cali, Colombia",earthquake,,7.3,,5.0,reviewed,us,us,1984-01-25,28483,Colombia,1
1984-01-28 17:04:38.820000+00:00,6.695,-74.535,75.8,5.28,mw,,,,1.2,us,usp00021mf,2014-11-07T00:34:24.833Z,"26 km NNW of Puerto Berrío, Colombia",earthquake,,5.0,,14.0,reviewed,us,us,1984-01-28,28486,Colombia,1
1984-02-19 09:30:09.530000+00:00,3.535,-78.866,33.0,5.11,mw,,,,0.9,us,usp000223g,2014-11-07T00:34:31.185Z,"122 km NNW of Mosquera, Colombia",earthquake,,,,5.0,reviewed,us,us,1984-02-19,28514,Colombia,1
1984-02-25 12:52:40.860000+00:00,5.322,-76.655,33.0,4.6,mw,,,,1.3,us,usp000228c,2014-11-07T00:34:31.791Z,"7 km SW of Cértegui, Colombia",earthquake,,,,1.0,reviewed,us,us,1984-02-25,28596,Colombia,1
1984-03-15 10:47:45.110000+00:00,2.594,-79.801,33.0,4.85,mw,,,,0.9,us,usp00022p0,2014-11-07T00:34:38.132Z,"141 km WNW of Salahonda, Colombia",earthquake,,,,2.0,reviewed,us,us,1984-03-15,28569,Colombia,1
1984-04-01 23:36:37.800000+00:00,6.688,-78.047,33.0,4.94,mw,,,,1.0,us,usp000236p,2014-11-07T00:34:42.957Z,"55 km SW of Juradó, Colombia",earthquake,,,,5.0,reviewed,us,us,1984-04-01,28550,Colombia,1
1984-04-08 21:02:36.820000+00:00,7.515,-77.462,33.0,4.85,mw,,,,1.1,us,usp00023bt,2014-11-07T00:34:45.052Z,"38 km WNW of Riosucio, Colombia",earthquake,,,,5.0,reviewed,us,us,1984-04-08,28557,Colombia,1
1984-04-20 09:18:19.510000+00:00,11.913,-73.559,41.3,5.2,mw,,,,0.9,us,usp00023qn,2014-11-07T00:34:46.965Z,"75 km NNW of Dibulla, Colombia",earthquake,,5.7,,42.0,reviewed,us,us,1984-04-20,28508,Colombia,-1
1984-04-24 14:09:45.700000+00:00,6.689,-71.696,43.8,5.37,mw,,,,0.9,us,usp00023uz,2022-04-27T23:27:41.894Z,"14 km SE of Fortul, Colombia",earthquake,,3.4,,27.0,reviewed,us,us,1984-04-24,28474,Colombia,1
1984-05-17 19:46:27.340000+00:00,6.899,-76.667,33.0,6.12,mw,,,,1.3,us,usp00024ez,2022-04-27T23:24:05.290Z,"19 km ESE of Murindó, Colombia",earthquake,,,,1.0,reviewed,us,us,1984-05-17,28443,Colombia,1
1984-06-11 10:13:59.510000+00:00,10.835,-74.21,62.3,5.2,mw,,,,0.8,us,usp00024xy,2014-11-07T00:35:01.301Z,"19 km SSE of Puebloviejo, Colombia",earthquake,,,,39.0,reviewed,us,us,1984-06-11,28678,Colombia,-1
1984-06-12 22:03:37.200000+00:00,4.66,-78.243,33.0,4.85,mw,,,,1.3,us,usp00024zf,2014-11-07T00:35:01.953Z,"102 km WSW of Pizarro, Colombia",earthquake,,,,4.0,reviewed,us,us,1984-06-12,28762,Colombia,1
1984-07-11 17:22:26.150000+00:00,3.788,-76.92,64.0,5.37,mw,,,,1.1,us,usp00025pb,2022-04-27T23:17:50.318Z,"16 km SE of Buenaventura, Colombia",earthquake,,5.0,,17.0,reviewed,us,us,1984-07-11,28664,Colombia,1
1984-07-24 09:17:08.510000+00:00,7.129,-71.899,120.2,4.6,mw,,,,0.8,us,usp00025yk,2014-11-07T00:35:12.727Z,"26 km ENE of Cubará, Colombia",earthquake,,5.7,,1.0,reviewed,us,us,1984-07-24,28781,Colombia,1
1984-07-30 04:27:25.150000+00:00,2.295,-78.997,19.2,5.2,mw,,,,1.0,us,usp000263d,2022-04-27T23:18:29.240Z,"46 km NW of Salahonda, Colombia",earthquake,,7.9,,,reviewed,us,hrv,1984-07-30,28714,Colombia,1
1984-08-07 16:36:08.230000+00:00,3.63,-78.219,33.0,5.37,mw,,,,1.1,us,usp000268v,2014-11-07T00:35:17.432Z,"113 km NNW of Timbiquí, Colombia",earthquake,,,,38.0,reviewed,us,us,1984-08-07,28651,Colombia,1
1984-09-12 01:04:58.430000+00:00,2.609,-79.562,33.0,4.85,mw,,,,0.7,us,usp00027af,2014-11-07T00:35:26.328Z,"118 km WNW of Salahonda, Colombia",earthquake,,,,4.0,reviewed,us,us,1984-09-12,28759,Colombia,1
1984-09-17 07:36:34.810000+00:00,1.17,-75.253,33.0,4.68,mw,,,,1.2,us,usp00027fb,2014-11-07T00:35:27.138Z,"31 km ESE of Milán, Colombia",earthquake,,,,3.0,reviewed,us,us,1984-09-17,28776,Colombia,-1
1984-10-06 01:09:00.940000+00:00,6.135,-77.878,33.0,4.77,mw,,,,1.1,us,usp00027y8,2014-11-07T00:35:33.125Z,"53 km W of Bahía Solano, Colombia",earthquake,,,,2.0,reviewed,us,us,1984-10-06,28771,Colombia,1
1984-10-26 16:12:47.180000+00:00,2.922,-76.304,162.6,4.85,mw,,,,1.2,us,usp00028hq,2014-11-07T00:35:36.629Z,"5 km SW of Toribío, Colombia",earthquake,,9.5,,6.0,reviewed,us,us,1984-10-26,28767,Colombia,1
1984-10-27 11:56:13.910000+00:00,9.645,-74.782,64.7,5.28,mw,,,,1.3,us,usp00028jg,2014-11-07T00:35:36.820Z,"8 km NE of Córdoba, Colombia",earthquake,,6.1,,6.0,reviewed,us,us,1984-10-27,28670,Colombia,-1
1984-10-30 07:57:53.480000+00:00,6.651,-77.421,12.7,4.68,mw,,,,1.3,us,usp00028n0,2014-11-07T00:35:37.122Z,"47 km N of Bahía Solano, Colombia",earthquake,,4.7,,4.0,reviewed,us,us,1984-10-30,28776,Colombia,1
1984-11-04 13:14:19.800000+00:00,6.78,-73.043,163.8,5.5,mw,,,,0.9,us,usp00028sx,2025-12-19T21:23:09.576Z,"7 km NE of Jordán, Colombia",earthquake,,1.9,,,reviewed,us,hrv,1984-11-04,28621,Colombia,1
1984-11-08 07:47:01.020000+00:00,4.26,-76.801,63.3,4.94,mw,,,,1.2,us,usp00028w3,2014-11-07T00:35:41.609Z,"46 km SSW of Sipí, Colombia",earthquake,,7.7,,3.0,reviewed,us,us,1984-11-08,28758,Colombia,1
1984-11-13 14:03:15.850000+00:00,1.978,-76.011,16.5,5.37,mw,,,,1.0,us,usp000291a,2022-04-27T23:07:13.878Z,"3 km ESE of Saladoblanco, Colombia",earthquake,,5.8,,46.0,reviewed,us,us,1984-11-13,28622,Colombia,-1
1984-11-13 16:24:12.440000+00:00,3.016,-78.645,42.5,5.03,mw,,,,1.1,us,usp000291g,2014-11-07T00:35:42.599Z,"60 km NNW of Mosquera, Colombia",earthquake,,6.2,,17.0,reviewed,us,us,1984-11-13,28738,Colombia,1
1984-11-18 23:00:03.760000+00:00,8.788,-73.146,154.2,5.11,mw,,,,0.9,us,usp000296j,2014-11-07T00:35:43.644Z,"24 km NNW of El Tarra, Colombia",earthquake,,2.6,,41.0,reviewed,us,us,1984-11-18,28719,Colombia,1
1985-01-09 10:28:21.910000+00:00,2.609,-79.637,33.0,5.2,mw,,,,1.1,us,usp0002aw7,2014-11-07T00:36:01.109Z,"125 km WNW of Salahonda, Colombia",earthquake,,,,15.0,reviewed,us,us,1985-01-09,28882,Colombia,1
1985-02-03 13:06:52.220000+00:00,6.881,-76.429,38.7,5.2,mw,,,,0.9,us,usp0002bkk,2022-04-27T22:54:30.438Z,"22 km SW of Dabeiba, Colombia",earthquake,,4.7,,42.0,reviewed,us,us,1985-02-03,28890,Colombia,1
1985-02-05 11:48:18.500000+00:00,4.892,-78.334,26.3,5.37,mw,,,,1.0,us,usp0002bn9,2014-11-07T00:36:08.667Z,"107 km W of Pizarro, Colombia",earthquake,,,,21.0,reviewed,us,us,1985-02-05,28869,Colombia,1
1985-02-14 09:28:53.570000+00:00,6.762,-73.025,163.7,5.54,mw,,,,0.9,us,usp0002bwa,2014-11-07T00:36:10.589Z,"5 km W of Cepitá, Colombia",earthquake,,3.2,,28.0,reviewed,us,us,1985-02-14,28833,Colombia,1
1985-02-23 06:50:11.160000+00:00,7.171,-71.367,33.0,5.37,mw,,,,1.1,us,usp0002c5n,2014-11-07T00:36:11.641Z,"17 km NNE of Arauquita, Colombia",earthquake,,,,1.0,reviewed,us,us,1985-02-23,28860,Colombia,1
1985-02-25 02:56:52.550000+00:00,4.207,-76.562,81.5,4.85,mw,,,,1.3,us,usp0002c77,2014-11-07T00:36:11.885Z,"26 km W of Trujillo, Colombia",earthquake,,15.0,,2.0,reviewed,us,us,1985-02-25,28930,Colombia,1
1985-02-27 04:26:47.250000+00:00,5.859,-77.503,25.8,5.28,mw,,,,1.0,us,usp0002c8w,2014-11-07T00:36:12.070Z,"30 km WNW of Nuquí, Colombia",earthquake,,6.0,,55.0,reviewed,us,us,1985-02-27,28880,Colombia,1
1985-03-01 06:58:59.490000+00:00,4.021,-78.61,33.0,5.45,mw,,,,1.1,us,usp0002caf,2014-11-07T00:36:14.181Z,"140 km W of Santa Genoveva de Docordó, Colombia",earthquake,,,,49.0,reviewed,us,us,1985-03-01,28858,Colombia,1
1985-03-07 02:54:35.040000+00:00,2.334,-78.971,41.2,4.43,mw,,,,0.8,us,usp0002cj2,2014-11-07T00:36:17.329Z,"47 km NW of Salahonda, Colombia",earthquake,,14.9,,1.0,reviewed,us,us,1985-03-07,28978,Colombia,1
1985-04-10 20:15:36.610000+00:00,1.56,-77.017,10.0,5.2,mw,,,,1.4,us,usp0002dpb,2022-04-27T22:48:53.636Z,"5 km SE of Belén, Colombia",earthquake,,,,,reviewed,us,hrv,1985-04-10,28884,Colombia,-1
1985-04-16 07:59:58.820000+00:00,9.38,-73.677,33.0,5.03,mw,,,,1.3,us,usp0002dv4,2014-11-07T00:36:26.950Z,"8 km WNW of Chiriguaná, Colombia",earthquake,,,,23.0,reviewed,us,us,1985-04-16,28924,Colombia,-1
1985-04-20 01:37:58.900000+00:00,7.489,-73.207,149.5,4.77,mw,,,,1.2,us,usp0002dyb,2014-11-07T00:36:27.420Z,"2 km NNW of El Playón, Colombia",earthquake,,10.3,,1.0,reviewed,us,us,1985-04-20,28934,Colombia,1
1985-06-03 07:06:18.780000+00:00,4.91,-75.876,135.0,5.28,mw,,,,0.9,us,usp0002ffp,2014-11-07T00:36:41.187Z,Colombia,earthquake,,11.7,,18.0,reviewed,us,us,1985-06-03,28878,Colombia,1
1985-06-08 13:48:48.680000+00:00,7.028,-76.714,33.0,4.94,mw,,,,1.2,us,usp0002fng,2014-11-07T00:36:42.867Z,"12 km ENE of Murindó, Colombia",earthquake,,,,19.0,reviewed,us,us,1985-06-08,29100,Colombia,1
1985-06-10 03:23:31.710000+00:00,3.029,-78.578,17.7,5.6,mw,,,,1.1,us,usp0002fq7,2022-04-27T22:45:59.643Z,"59 km NNW of Mosquera, Colombia",earthquake,,6.3,,,reviewed,us,hrv,1985-06-10,28983,Colombia,1
1985-06-26 23:44:53.310000+00:00,6.854,-72.98,154.4,5.2,mw,,,,0.9,us,usp0002g6f,2025-12-19T21:21:13.973Z,"11 km N of Cepitá, Colombia",earthquake,,4.3,,,reviewed,us,hrv,1985-06-26,29001,Colombia,1
1985-07-03 13:10:08.370000+00:00,5.886,-77.389,31.0,5.11,mw,,,,1.2,us,usp0002gcr,2014-11-07T00:36:49.510Z,"23 km NW of Nuquí, Colombia",earthquake,,8.6,,17.0,reviewed,us,us,1985-07-03,29085,Colombia,1
1985-08-13 17:03:23.640000+00:00,6.889,-72.035,52.0,5.11,mw,,,,0.9,us,usp0002hq0,2014-11-07T00:37:00.728Z,"15 km SSE of Cubará, Colombia",earthquake,,10.0,,8.0,reviewed,us,us,1985-08-13,29070,Colombia,1
1985-09-03 08:28:26.040000+00:00,6.748,-76.429,34.9,5.2,mw,,,,1.4,us,usp0002jcu,2022-04-27T22:36:12.153Z,"32 km WSW of Uramita, Colombia",earthquake,,,,18.0,reviewed,us,us,1985-09-03,29049,Colombia,1
1985-09-18 03:59:09.140000+00:00,4.036,-76.83,102.3,5.2,mw,,,,1.2,us,usp0002jvc,2014-11-07T00:37:10.864Z,"28 km NE of Buenaventura, Colombia",earthquake,,8.1,,11.0,reviewed,us,us,1985-09-18,29008,Colombia,1
1985-09-30 09:12:02.710000+00:00,5.931,-73.068,138.5,4.68,mw,,,,1.0,us,usp0002ka6,2014-11-07T00:37:13.320Z,"11 km WNW of Santa Rosa de Viterbo, Colombia",earthquake,,14.3,,2.0,reviewed,us,us,1985-09-30,29148,Colombia,1
1985-10-03 03:15:44.150000+00:00,2.125,-79.348,33.0,4.77,mw,,,,1.1,us,usp0002kdq,2014-11-07T00:37:16.628Z,"71 km WNW of Tumaco, Colombia",earthquake,,,,3.0,reviewed,us,us,1985-10-03,29133,Colombia,1
1985-11-05 22:58:02.980000+00:00,5.065,-76.165,107.7,5.2,mw,,,,1.1,us,usp0002mg9,2014-11-07T00:37:26.358Z,"19 km WNW of La Celia, Colombia",earthquake,,5.5,,19.0,reviewed,us,us,1985-11-05,28985,Colombia,1
1985-11-20 07:11:57.050000+00:00,3.65,-74.925,33.0,5.03,mw,,,,1.8,us,usp0002mz3,2014-11-07T00:37:29.514Z,"11 km S of Prado, Colombia",earthquake,,,,1.0,reviewed,us,us,1985-11-20,29097,Colombia,-1
1985-12-03 17:52:23.950000+00:00,6.766,-72.937,163.8,5.4,mw,,,,1.1,us,usp0002nh3,2025-12-19T20:57:56.827Z,"4 km ENE of Cepitá, Colombia",earthquake,,,,,reviewed,us,hrv,1985-12-03,29171,Colombia,1
1985-12-13 00:16:13.710000+00:00,10.307,-73.431,111.1,4.6,mw,,,,1.3,us,usp0002ntn,2014-11-07T00:37:37.399Z,"26 km SW of Valledupar, Colombia",earthquake,,10.6,,2.0,reviewed,us,us,1985-12-13,29304,Colombia,-1
1985-12-18 22:36:26.250000+00:00,5.158,-74.848,11.1,5.28,mw,,,,1.5,us,usp0002p2d,2022-04-27T22:29:11.590Z,"6 km SE of San Sebastián de Mariquita, Colombia",earthquake,,5.6,,40.0,reviewed,us,us,1985-12-18,29176,Colombia,-1
1985-12-29 13:11:39.750000+00:00,2.382,-79.263,33.0,4.6,mw,,,,1.0,us,usp0002pjg,2014-11-07T00:37:41.314Z,"77 km WNW of Salahonda, Colombia",earthquake,,,,5.0,reviewed,us,us,1985-12-29,29326,Colombia,1
1986-01-17 00:15:33.660000+00:00,7.323,-77.354,33.0,4.85,mw,,,,1.3,us,usp0002q4r,2014-11-07T00:37:47.781Z,"29 km WSW of Riosucio, Colombia",earthquake,,,,2.0,reviewed,us,us,1986-01-17,29295,Colombia,1
1986-01-29 14:47:15.100000+00:00,7.006,-76.642,10.0,5.98,mw,,,,1.2,us,usp0002qj8,2014-11-07T00:37:49.248Z,"19 km E of Murindó, Colombia",earthquake,,,,1.0,reviewed,us,us,1986-01-29,29161,Colombia,1
1986-02-01 00:00:59.140000+00:00,7.163,-76.144,33.0,5.2,mw,,,,1.1,us,usp0002qm7,2014-11-07T00:37:50.475Z,"22 km NE of Dabeiba, Colombia",earthquake,,,,1.0,reviewed,us,us,1986-02-01,29206,Colombia,1
1986-03-27 04:04:55.020000+00:00,3.934,-76.138,137.8,4.68,mw,,,,1.4,us,usp0002sav,2014-11-07T00:38:06.011Z,"12 km ESE of San Pedro, Colombia",earthquake,,8.7,,4.0,reviewed,us,us,1986-03-27,29295,Colombia,1
1986-03-27 06:05:33.210000+00:00,3.521,-76.454,145.9,4.94,mw,,,,1.2,us,usp0002sax,2014-11-07T00:38:06.016Z,"7 km SSE of Yumbo, Colombia",earthquake,,6.8,,10.0,reviewed,us,us,1986-03-27,29290,Colombia,1
1986-03-29 09:48:55+00:00,4.59,-75.626,158.1,5.28,mw,,,,1.0,us,usp0002sdj,2014-11-07T00:38:06.340Z,"3 km SSE of Circasia, Colombia",earthquake,,5.3,,31.0,reviewed,us,us,1986-03-29,29187,Colombia,1
1986-04-09 08:21:44.190000+00:00,4.547,-76.207,142.7,5.2,mw,,,,1.1,us,usp0002ssg,2014-11-07T00:38:12.241Z,"3 km SSW of Versalles, Colombia",earthquake,,6.1,,13.0,reviewed,us,us,1986-04-09,29218,Colombia,1
1986-04-11 06:49:45.270000+00:00,5.081,-77.843,33.0,5.03,mw,,,,1.1,us,usp0002suf,2014-11-07T00:38:12.620Z,"54 km WNW of Pizarro, Colombia",earthquake,,,,5.0,reviewed,us,us,1986-04-11,29275,Colombia,1
1986-04-16 18:59:56.890000+00:00,3.892,-77.854,33.0,5.11,mw,,,,1.1,us,usp0002sys,2014-11-07T00:38:14.061Z,"67 km SW of Santa Genoveva de Docordó, Colombia",earthquake,,,,1.0,reviewed,us,us,1986-04-16,29275,Colombia,1
1986-04-16 22:01:56.770000+00:00,3.479,-78.395,33.0,4.94,mw,,,,1.4,us,usp0002syz,2014-11-07T00:38:14.079Z,"107 km N of Mosquera, Colombia",earthquake,,,,3.0,reviewed,us,us,1986-04-16,29277,Colombia,1
1986-04-25 01:10:36.710000+00:00,5.416,-78.316,10.0,5.11,mw,,,,1.2,us,usp0002t5t,2014-11-07T00:38:15.516Z,"117 km WNW of Pizarro, Colombia",earthquake,,,,12.0,reviewed,us,us,1986-04-25,29221,Colombia,1
1986-05-17 05:01:38.200000+00:00,2.183,-79.745,10.0,4.94,mw,,,,1.2,us,usp0002u3c,2014-11-07T00:38:24.078Z,"114 km WNW of Tumaco, Colombia",earthquake,,,,4.0,reviewed,us,us,1986-05-17,29288,Colombia,1
1986-06-14 09:10:05.920000+00:00,7.445,-76.214,45.2,4.77,mw,,,,1.4,us,usp0002v1m,2014-11-07T00:38:32.737Z,"33 km NE of Mutatá, Colombia",earthquake,,10.5,,6.0,reviewed,us,us,1986-06-14,29473,Colombia,1
1986-06-15 09:42:53.350000+00:00,6.949,-76.203,33.0,4.68,mw,,,,1.2,us,usp0002v2n,2014-11-07T00:38:32.909Z,"6 km NNW of Uramita, Colombia",earthquake,,,,9.0,reviewed,us,us,1986-06-15,29493,Colombia,1
1986-06-29 20:11:50.450000+00:00,6.766,-73.009,159.6,5.7,mw,,,,0.9,us,usp0002vjg,2022-04-27T22:15:53.167Z,"4 km WNW of Cepitá, Colombia",earthquake,,,,,reviewed,us,hrv,1986-06-29,29354,Colombia,1
1986-07-05 16:36:52.400000+00:00,9.88,-72.916,33.0,4.94,mw,,,,1.4,us,usp0002vr0,2014-11-07T00:38:39.570Z,"39 km ESE of Agustín Codazzi, Colombia",earthquake,,,,1.0,reviewed,us,us,1986-07-05,29422,Colombia,-1
1986-07-07 21:22:24.360000+00:00,5.276,-77.551,20.7,5.54,mw,,,,1.2,us,usp0002vt2,2014-11-07T00:38:40.304Z,"41 km NNW of Pizarro, Colombia",earthquake,,6.0,,61.0,reviewed,us,us,1986-07-07,29369,Colombia,1
1986-07-22 19:53:52.540000+00:00,4.365,-75.919,169.8,5.03,mw,,,,1.0,us,usp0002wd0,2014-11-07T00:38:43.461Z,"10 km WNW of Caicedonia, Colombia",earthquake,,10.0,,1.0,reviewed,us,us,1986-07-22,29414,Colombia,1
1986-08-13 15:27:21.810000+00:00,7.691,-74.713,59.8,5.2,mw,,,,1.2,us,usp0002x40,2022-04-27T22:07:05.943Z,"12 km SSE of San Carlos, Colombia",earthquake,,5.9,,,reviewed,us,hrv,1986-08-13,29377,Colombia,1
1986-08-21 01:23:22.060000+00:00,7.933,-72.92,10.0,4.94,mw,,,,1.3,us,usp0002xc7,2014-11-07T00:38:52.953Z,"9 km W of Lourdes, Colombia",earthquake,,,,8.0,reviewed,us,us,1986-08-21,29424,Colombia,1
1986-08-23 05:14:43.240000+00:00,4.148,-77.144,112.1,4.6,mw,,,,1.0,us,usp0002xeu,2014-11-07T00:38:53.341Z,"27 km ESE of Santa Genoveva de Docordó, Colombia",earthquake,,19.3,,2.0,reviewed,us,us,1986-08-23,29497,Colombia,1
1986-09-13 04:25:42.590000+00:00,1.962,-79.525,33.0,4.77,mw,,,,1.1,us,usp0002y1f,2014-11-07T00:39:00.438Z,"83 km WNW of Tumaco, Colombia",earthquake,,,,4.0,reviewed,us,us,1986-09-13,29446,Colombia,1
1986-09-14 22:12:20.610000+00:00,7.121,-77.105,47.1,5.03,mw,,,,1.1,us,usp0002y39,2014-11-07T00:39:00.842Z,"34 km WNW of Murindó, Colombia",earthquake,,7.1,,18.0,reviewed,us,us,1986-09-14,29392,Colombia,1
1986-09-20 05:54:23.640000+00:00,8.49,-73.498,48.5,4.77,mw,,,,1.3,us,usp0002y80,2014-11-07T00:39:02.081Z,"5 km WSW of El Carmen, Colombia",earthquake,,11.3,,2.0,reviewed,us,us,1986-09-20,29452,Colombia,1
1986-10-11 21:34:48.100000+00:00,6.831,-75.116,75.4,5.37,mw,,,,1.4,us,usp0002yva,2014-11-07T00:39:08.782Z,"9 km SSW of Amalfi, Colombia",earthquake,,9.7,,2.0,reviewed,us,us,1986-10-11,29375,Colombia,1
1986-10-31 02:06:39.560000+00:00,6.987,-71.515,33.0,5.54,mw,,,,1.2,us,usp0002zhf,2014-11-07T00:39:13.126Z,"10 km WSW of Arauquita, Colombia",earthquake,,,,1.0,reviewed,us,us,1986-10-31,29355,Colombia,1
1986-11-04 03:46:18.420000+00:00,8.667,-73.011,10.0,4.77,mw,,,,0.9,us,usp0002znv,2014-11-07T00:39:18.708Z,"13 km NE of El Tarra, Colombia",earthquake,,,,2.0,reviewed,us,us,1986-11-04,29445,Colombia,1
1986-12-01 09:21:03.110000+00:00,6.899,-73.26,165.1,5.37,mw,,,,1.1,us,usp00030hn,2014-11-07T00:39:25.272Z,"2 km E of Betulia, Colombia",earthquake,,7.7,,2.0,reviewed,us,us,1986-12-01,29567,Colombia,1
1986-12-10 12:57:27.630000+00:00,7.061,-76.106,27.2,4.85,mw,,,,1.0,us,usp00030sc,2014-11-07T00:39:28.961Z,"19 km ENE of Dabeiba, Colombia",earthquake,,9.0,,2.0,reviewed,us,us,1986-12-10,29656,Colombia,1
1987-01-07 17:16:25.390000+00:00,4.762,-76.21,107.3,4.94,mw,,,,1.0,us,usp00031fu,2014-11-07T00:39:37.841Z,"1 km E of El Cairo, Colombia",earthquake,,5.2,,23.0,reviewed,us,us,1987-01-07,29632,Colombia,1
1987-01-13 13:23:59.570000+00:00,5.784,-78.966,10.0,6.0,mw,,,,1.3,us,usp00031mu,2022-04-27T21:55:27.245Z,"179 km WSW of Bahía Solano, Colombia",earthquake,,,,,reviewed,us,hrv,1987-01-13,29524,Colombia,-1
1987-01-20 03:59:02.590000+00:00,6.917,-72.136,42.7,5.11,mw,,,,1.0,us,usp00031sk,2014-11-07T00:39:39.927Z,"10 km SSW of Cubará, Colombia",earthquake,,5.2,,43.0,reviewed,us,us,1987-01-20,29579,Colombia,1
1987-01-25 10:31:22.840000+00:00,3.054,-79.334,12.9,5.8,mw,,,,1.1,us,usp00031x9,2022-04-27T21:55:59.140Z,"115 km WNW of Mosquera, Colombia",earthquake,,5.7,,,reviewed,us,hrv,1987-01-25,29533,Colombia,1
1987-01-28 15:04:25.220000+00:00,2.723,-79.719,33.0,5.03,mw,,,,0.9,us,usp00031zx,2014-11-07T00:39:41.095Z,"139 km WNW of Salahonda, Colombia",earthquake,,,,16.0,reviewed,us,us,1987-01-28,29621,Colombia,1
1987-03-08 12:31:08.860000+00:00,13.153,-75.312,10.0,4.85,mw,,,,1.2,us,usp000333h,2014-11-07T00:40:02.373Z,"242 km N of Puerto Colombia, Colombia",earthquake,,,,5.0,reviewed,us,us,1987-03-08,29642,Colombia,-1
1987-03-10 22:20:33.850000+00:00,6.093,-76.623,56.0,5.0,mw,,,,0.9,us,usp0003368,2022-04-27T21:49:20.002Z,"44 km N of Quibdó, Colombia",earthquake,,4.8,,,reviewed,us,hrv,1987-03-10,29627,Colombia,1
1987-03-14 02:42:51.160000+00:00,5.623,-78.157,10.0,4.6,mw,,,,1.4,us,usp000339w,2014-11-07T00:40:03.966Z,"98 km W of Nuquí, Colombia",earthquake,,,,2.0,reviewed,us,us,1987-03-14,29665,Colombia,1
1987-03-19 01:28:52.170000+00:00,6.775,-76.506,10.0,5.4,mw,,,,1.3,us,usp00033e8,2022-04-27T21:50:08.281Z,"36 km SW of Dabeiba, Colombia",earthquake,,,,,reviewed,us,hrv,1987-03-19,29561,Colombia,1
1987-03-20 09:15:30.330000+00:00,3.964,-76.243,126.2,4.43,mw,,,,1.2,us,usp00033fj,2014-11-07T00:40:05.533Z,"3 km SSW of San Pedro, Colombia",earthquake,,12.4,,2.0,reviewed,us,us,1987-03-20,29683,Colombia,1
1987-03-29 22:27:34.690000+00:00,6.373,-72.981,163.6,4.51,mw,,,,0.6,us,usp00033rp,2014-11-07T00:40:07.736Z,"10 km NE of Coromoro, Colombia",earthquake,,7.9,,1.0,reviewed,us,us,1987-03-29,29683,Colombia,1
1987-04-12 10:30:56.070000+00:00,7.844,-73.174,152.3,4.85,mw,,,,0.9,us,usp000343v,2014-11-07T00:40:14.076Z,"17 km NW of Cáchira, Colombia",earthquake,,5.6,,1.0,reviewed,us,us,1987-04-12,29633,Colombia,1
1987-04-21 21:31:20.830000+00:00,3.625,-77.443,53.8,5.03,mw,,,,1.0,us,usp00034bm,2014-11-07T00:40:16.515Z,"49 km W of Buenaventura, Colombia",earthquake,,10.8,,8.0,reviewed,us,us,1987-04-21,29582,Colombia,1
1987-05-09 09:18:10.680000+00:00,10.482,-73.34,33.0,5.03,mw,,,,1.3,us,usp00034uy,2014-11-07T00:40:24.028Z,"9 km WNW of Valledupar, Colombia",earthquake,,,,2.0,reviewed,us,us,1987-05-09,29623,Colombia,-1
1987-05-09 17:21:42.790000+00:00,7.595,-75.126,67.9,5.2,mw,,,,1.5,us,usp00034v8,2014-11-07T00:40:24.075Z,"24 km E of Cáceres, Colombia",earthquake,,11.5,,4.0,reviewed,us,us,1987-05-09,29574,Colombia,1
1987-06-24 19:54:10.530000+00:00,6.883,-76.406,22.6,5.62,mw,,,,1.1,us,usp0003621,2022-04-27T21:44:36.778Z,"19 km SW of Dabeiba, Colombia",earthquake,,4.8,,68.0,reviewed,us,us,1987-06-24,29729,Colombia,1
1987-06-29 22:04:57.270000+00:00,7.374,-74.771,82.1,4.77,mw,,,,1.1,us,usp000366n,2014-11-07T00:40:34.535Z,"16 km SE of Zaragoza, Colombia",earthquake,,8.3,,4.0,reviewed,us,us,1987-06-29,29807,Colombia,1
1987-08-09 15:32:07.040000+00:00,10.108,-74.275,45.7,5.37,mw,,,,0.9,us,usp00037d2,2022-04-27T21:37:08.159Z,"33 km WSW of Ariguaní, Colombia",earthquake,,5.3,,39.0,reviewed,us,us,1987-08-09,29734,Colombia,-1
1987-09-10 10:32:32.040000+00:00,6.861,-73.181,155.9,5.2,mw,,,,0.8,us,usp000389h,2014-11-07T00:40:55.851Z,"10 km ENE of Zapatoca, Colombia",earthquake,,4.1,,11.0,reviewed,us,us,1987-09-10,29775,Colombia,1
1987-12-01 10:01:58.280000+00:00,5.766,-78.27,33.0,5.11,mw,,,,1.1,us,usp0003at3,2014-11-07T00:41:19.071Z,"108 km WSW of Bahía Solano, Colombia",earthquake,,,,19.0,reviewed,us,us,1987-12-01,29952,Colombia,1
1987-12-07 01:34:18.280000+00:00,2.386,-79.146,10.0,4.94,mw,,,,1.1,us,usp0003b18,2014-11-07T00:41:21.469Z,"66 km NW of Salahonda, Colombia",earthquake,,,,8.0,reviewed,us,us,1987-12-07,29999,Colombia,1
1987-12-08 16:33:48.680000+00:00,8.145,-74.482,78.4,4.68,mw,,,,1.2,us,usp0003b31,2014-11-07T00:41:21.947Z,"16 km S of Montecristo, Colombia",earthquake,,9.6,,4.0,reviewed,us,us,1987-12-08,30025,Colombia,1
1988-02-02 23:46:16.770000+00:00,6.857,-73.016,152.9,5.45,mw,,,,1.0,us,usp0003cp3,2014-11-07T00:41:36.298Z,"12 km NNW of Cepitá, Colombia",earthquake,,5.1,,17.0,reviewed,us,us,1988-02-02,29895,Colombia,1
1988-03-20 04:08:25.830000+00:00,4.412,-73.673,10.0,6.05,mw,,,,1.0,us,usp0003e4g,2014-11-07T00:41:48.948Z,"7 km NNE of El Calvario, Colombia",earthquake,,,,2.0,reviewed,us,us,1988-03-20,29889,Colombia,2
1988-03-27 09:09:34.690000+00:00,3.868,-77.145,71.7,5.11,mw,,,,1.1,us,usp0003ecg,2014-11-07T00:41:50.012Z,"12 km W of Buenaventura, Colombia",earthquake,,11.3,,30.0,reviewed,us,us,1988-03-27,29896,Colombia,1
1988-04-15 02:19:59.330000+00:00,8.428,-73.239,155.0,4.77,mw,,,,1.0,us,usp0003f1p,2014-11-07T00:41:57.587Z,"4 km NW of San Calixto, Colombia",earthquake,,20.0,,15.0,reviewed,us,us,1988-04-15,30006,Colombia,1
1988-04-18 06:33:46.910000+00:00,5.94,-77.817,33.0,4.6,mw,,,,1.0,us,usp0003f4m,2014-11-07T00:41:57.888Z,"55 km SW of Bahía Solano, Colombia",earthquake,,,,2.0,reviewed,us,us,1988-04-18,30028,Colombia,1
1988-06-01 18:56:29.530000+00:00,6.77,-72.528,154.8,4.68,mw,,,,1.4,us,usp0003gm3,2014-11-07T00:42:14.236Z,"18 km E of Concepción, Colombia",earthquake,,11.6,,2.0,reviewed,us,us,1988-06-01,30230,Colombia,1
1988-06-02 03:03:29.730000+00:00,6.866,-73.031,156.0,5.37,mw,,,,0.9,us,usp0003gmc,2014-11-07T00:42:14.357Z,"13 km S of Piedecuesta, Colombia",earthquake,,4.4,,22.0,reviewed,us,us,1988-06-02,30073,Colombia,1
1988-06-03 23:22:13.560000+00:00,2.782,-79.544,33.0,5.2,mw,,,,0.9,us,usp0003gpd,2014-11-07T00:42:15.594Z,"125 km WNW of Mosquera, Colombia",earthquake,,,,5.0,reviewed,us,us,1988-06-03,30074,Colombia,1
1988-06-30 05:44:37.400000+00:00,7.303,-72.046,33.0,4.85,mw,,,,1.2,us,usp0003hfc,2014-11-07T00:42:22.876Z,"33 km NNE of Cubará, Colombia",earthquake,,,,4.0,reviewed,us,us,1988-06-30,30183,Colombia,1
1988-08-09 20:05:29.100000+00:00,5.37,-78.2,33.0,5.03,mw,,,,1.0,us,usp0003jte,2014-11-07T00:42:39.194Z,"103 km WNW of Pizarro, Colombia",earthquake,,,,8.0,reviewed,us,us,1988-08-09,30101,Colombia,1
1988-09-20 17:56:18.070000+00:00,4.669,-77.423,34.7,5.8,mw,,,,1.1,us,usp0003m4d,2022-04-28T20:35:52.504Z,"32 km SSW of Pizarro, Colombia",earthquake,,5.3,,,reviewed,us,hrv,1988-09-20,30072,Colombia,1
1988-10-30 00:48:49.530000+00:00,2.976,-77.521,91.1,4.77,mw,,,,0.8,us,usp0003nbn,2014-11-07T00:43:00.434Z,"27 km NE of Timbiquí, Colombia",earthquake,,13.7,,2.0,reviewed,us,us,1988-10-30,30223,Colombia,1
1988-11-06 17:03:01.530000+00:00,8.28,-73.151,181.6,4.85,mw,,,,0.9,us,usp0003nmd,2014-11-07T00:43:05.146Z,"4 km S of Hacarí, Colombia",earthquake,,27.5,,3.0,reviewed,us,us,1988-11-06,30141,Colombia,1
1988-11-10 15:42:20.520000+00:00,3.807,-75.375,33.0,4.6,mw,,,,1.4,us,usp0003nrp,2014-11-07T00:43:05.756Z,"15 km NE of Chaparral, Colombia",earthquake,,,,1.0,reviewed,us,us,1988-11-10,30234,Colombia,1
1988-11-26 18:40:12.260000+00:00,6.696,-77.535,5.0,5.4,mw,,,,1.0,us,usp0003p7m,2022-04-28T20:31:50.212Z,"51 km SSE of Juradó, Colombia",earthquake,,,,,reviewed,us,hrv,1988-11-26,30253,Colombia,1
1988-11-29 11:23:38.710000+00:00,5.1,-76.572,85.2,5.7,mw,,,,0.9,us,usp0003pbh,2022-04-28T20:32:21.530Z,"8 km E of Condoto, Colombia",earthquake,,,,,reviewed,us,hrv,1988-11-29,30250,Colombia,1
1988-12-24 17:57:59.110000+00:00,7.102,-72.272,51.4,4.94,mw,,,,0.8,us,usp0003q5e,2014-11-07T00:43:19.087Z,"21 km WNW of Cubará, Colombia",earthquake,,24.2,,3.0,reviewed,us,us,1988-12-24,30334,Colombia,1
1989-01-07 09:39:33.430000+00:00,6.81,-72.979,166.7,5.28,mw,,,,0.9,us,usp0003qm3,2014-11-07T00:43:24.623Z,"6 km N of Cepitá, Colombia",earthquake,,5.5,,15.0,reviewed,us,us,1989-01-07,30278,Colombia,1
1989-01-17 11:20:43.540000+00:00,5.468,-79.195,10.0,5.1,mw,,,,1.5,us,usp0003qy3,2025-12-19T21:07:51.947Z,"210 km WNW of Pizarro, Colombia",earthquake,,,,,reviewed,us,hrv,1989-01-17,30328,Colombia,-1
1989-02-04 18:32:13.080000+00:00,7.957,-72.054,46.4,5.03,mw,,,,0.8,us,usp0003rj4,2014-11-07T00:43:33.494Z,Colombia-Venezuela border region,earthquake,,6.7,,30.0,reviewed,us,us,1989-02-04,30331,Colombia-Venezuela border region,-1
1989-02-12 20:03:16.740000+00:00,2.742,-79.727,33.0,5.1,mw,,,,1.2,us,usp0003ruk,2025-12-19T21:07:20.264Z,"141 km WNW of Salahonda, Colombia",earthquake,,,,,reviewed,us,hrv,1989-02-12,30320,Colombia,1
1989-02-15 10:46:09.220000+00:00,5.829,-77.742,33.0,5.2,mw,,,,1.5,us,usp0003ry1,2014-11-07T00:43:36.521Z,"53 km WNW of Nuquí, Colombia",earthquake,,,,6.0,reviewed,us,us,1989-02-15,30302,Colombia,1
1989-02-18 21:10:30.760000+00:00,7.381,-77.823,33.0,4.77,mw,,,,1.5,us,usp0003s1q,2014-11-07T00:43:36.941Z,"31 km NNW of Juradó, Colombia",earthquake,,,,2.0,reviewed,us,us,1989-02-18,30339,Colombia,1
1989-02-23 03:05:38.790000+00:00,3.076,-78.591,18.7,5.2,mw,,,,1.2,us,usp0003s77,2014-11-07T00:43:37.998Z,"64 km NNW of Mosquera, Colombia",earthquake,,4.6,,28.0,reviewed,us,us,1989-02-23,30292,Colombia,1
1989-03-24 09:49:36.480000+00:00,6.748,-76.472,13.5,4.43,mw,,,,1.2,us,usp0003t8j,2014-11-07T00:43:50.828Z,"35 km SW of Dabeiba, Colombia",earthquake,,5.2,,2.0,reviewed,us,us,1989-03-24,30395,Colombia,1
1989-04-02 21:30:30.750000+00:00,6.602,-73.416,188.9,4.77,mw,,,,1.5,us,usp0003tjm,2014-11-07T00:43:55.149Z,"13 km WNW of Hato, Colombia",earthquake,,12.0,,2.0,reviewed,us,us,1989-04-02,30368,Colombia,1
1989-04-20 12:13:59.670000+00:00,7.003,-76.214,34.1,4.6,mw,,,,1.5,us,usp0003u60,2014-11-07T00:44:00.875Z,"6 km E of Dabeiba, Colombia",earthquake,,19.4,,1.0,reviewed,us,us,1989-04-20,30377,Colombia,1
1989-05-31 04:15:14.860000+00:00,6.804,-73.023,171.5,5.37,mw,,,,0.8,us,usp0003vu1,2014-11-07T00:44:15.659Z,"7 km NW of Cepitá, Colombia",earthquake,,,,20.0,reviewed,us,us,1989-05-31,30438,Colombia,1
1989-06-01 21:14:09.940000+00:00,9.604,-74.27,34.1,5.03,mw,,,,1.2,us,usp0003vw6,2014-11-07T00:44:17.961Z,"25 km SSE of Nueva Granada, Colombia",earthquake,,17.6,,12.0,reviewed,us,us,1989-06-01,30523,Colombia,-1
1989-06-02 14:02:17.340000+00:00,11.8,-73.147,60.1,4.85,mw,,,,0.9,us,usp0003vx4,2014-11-07T00:44:19.620Z,"38 km NW of Riohacha, Colombia",earthquake,,10.4,,5.0,reviewed,us,us,1989-06-02,30560,Colombia,-1
1989-06-19 06:03:52.860000+00:00,5.584,-74.386,117.4,4.77,mw,,,,0.9,us,usp0003we2,2014-11-07T00:44:23.419Z,"14 km NNW of Yacopí, Colombia",earthquake,,5.1,,13.0,reviewed,us,us,1989-06-19,30588,Colombia,-1
1989-06-24 15:02:07.740000+00:00,1.974,-79.066,25.2,5.54,mw,,,,1.1,us,usp0003wkn,2014-11-07T00:44:24.008Z,"36 km WNW of Tumaco, Colombia",earthquake,,,,43.0,reviewed,us,us,1989-06-24,30437,Colombia,1
1989-06-28 15:16:18.410000+00:00,4.535,-76.066,129.4,5.03,mw,,,,0.9,us,usp0003wrk,2014-11-07T00:44:24.605Z,"3 km WNW of La Victoria, Colombia",earthquake,,5.6,,7.0,reviewed,us,us,1989-06-28,30512,Colombia,1
1989-07-23 15:33:37.010000+00:00,7.296,-77.164,33.0,4.6,mw,,,,0.7,us,usp0003xma,2014-11-07T00:44:34.235Z,"17 km SSW of Riosucio, Colombia",earthquake,,,,1.0,reviewed,us,us,1989-07-23,30596,Colombia,1
1989-08-15 16:47:33.700000+00:00,10.359,-72.964,90.8,5.37,mw,,,,1.2,us,usp0003ygn,2014-11-07T00:44:43.195Z,"8 km ESE of Manaure Balcón del Cesar, Colombia",earthquake,,13.4,,2.0,reviewed,us,us,1989-08-15,30455,Colombia,-1
1989-08-26 02:59:54.080000+00:00,4.295,-76.61,113.8,4.94,mw,,,,1.3,us,usp0003yx3,2014-11-07T00:44:45.005Z,"33 km WNW of Trujillo, Colombia",earthquake,,11.7,,4.0,reviewed,us,us,1989-08-26,30528,Colombia,1
1989-08-30 09:07:01.150000+00:00,6.74,-73.563,187.8,4.77,mw,,,,1.0,us,usp0003z21,2014-11-07T00:44:45.533Z,"7 km NW of El Carmen de Chucurí, Colombia",earthquake,,7.0,,3.0,reviewed,us,us,1989-08-30,30569,Colombia,1
1989-08-31 16:02:10.250000+00:00,3.879,-76.059,130.7,4.94,mw,,,,0.6,us,usp0003z3e,2014-11-07T00:44:45.697Z,"17 km NNW of La Cumbre, Colombia",earthquake,,4.1,,2.0,reviewed,us,us,1989-08-31,30527,Colombia,1
1989-09-09 01:40:35.770000+00:00,2.435,-79.761,6.5,5.9,mw,,,,0.9,us,usp0003zc9,2022-04-28T20:11:08.345Z,"129 km WNW of Tumaco, Colombia",earthquake,,,,,reviewed,us,nc,1989-09-09,30436,Colombia,1
1989-09-23 11:11:53.110000+00:00,6.886,-76.561,10.0,4.85,mw,,,,1.1,us,usp0003zx6,2014-11-07T00:44:53.825Z,"30 km ESE of Murindó, Colombia",earthquake,,,,8.0,reviewed,us,us,1989-09-23,30551,Colombia,1
1989-10-02 15:22:01.940000+00:00,4.854,-78.412,9.8,5.03,mw,,,,1.0,us,usp000408t,2014-11-07T00:44:57.793Z,"116 km W of Pizarro, Colombia",earthquake,,4.3,,7.0,reviewed,us,us,1989-10-02,30489,Colombia,1
1989-10-11 14:42:09.370000+00:00,2.94,-73.635,32.9,5.28,mw,,,,0.9,us,usp00040jq,2020-04-16T19:26:49.646Z,"24 km SSE of Vistahermosa, Colombia",earthquake,,5.1,,11.0,reviewed,us,us,1989-10-11,30460,Colombia,-1
1989-10-30 18:12:07.130000+00:00,6.618,-76.027,75.0,4.94,mw,,,,1.5,us,usp00041gr,2014-11-07T00:45:06.004Z,"4 km ESE of Abriaquí, Colombia",earthquake,,14.6,,2.0,reviewed,us,us,1989-10-30,30537,Colombia,1
1989-11-07 03:24:54.810000+00:00,7.068,-77.667,10.0,5.2,mw,,,,1.2,us,usp00041u0,2022-04-28T20:06:48.689Z,"11 km ESE of Juradó, Colombia",earthquake,,,,35.0,reviewed,us,us,1989-11-07,30464,Colombia,1
1989-12-16 14:38:56.540000+00:00,6.612,-73.617,190.5,4.77,mw,,,,0.7,us,usp000435c,2014-11-07T00:45:21.897Z,"15 km SW of El Carmen de Chucurí, Colombia",earthquake,,26.2,,2.0,reviewed,us,us,1989-12-16,30753,Colombia,1
1989-12-16 20:28:45.740000+00:00,6.807,-71.778,35.8,5.03,mw,,,,1.0,us,usp000435w,2014-11-07T00:45:21.946Z,"1 km N of Fortul, Colombia",earthquake,,11.9,,4.0,reviewed,us,us,1989-12-16,30660,Colombia,1
1990-01-01 18:03:19.250000+00:00,6.83,-72.995,157.8,5.54,mw,,,,1.1,us,usp00043tv,2014-11-07T00:45:27.077Z,"8 km NNW of Cepitá, Colombia",earthquake,,5.8,,24.0,reviewed,us,us,1990-01-01,30635,Colombia,1
1990-01-10 02:57:50.590000+00:00,5.65,-75.784,61.5,5.28,mw,,,,1.2,us,usp000442c,2014-11-07T00:45:31.205Z,"6 km NE of Jardín, Colombia",earthquake,,5.8,,24.0,reviewed,us,us,1990-01-10,30635,Colombia,1
1990-01-12 13:21:30.210000+00:00,8.486,-72.637,197.5,4.77,mw,,,,1.1,us,usp000445n,2014-11-07T00:45:31.894Z,"20 km SSE of Tibú, Colombia",earthquake,,24.0,,14.0,reviewed,us,us,1990-01-12,30714,Colombia,1
1990-01-14 00:25:32.080000+00:00,6.316,-74.248,238.2,4.85,mw,,,,1.1,us,usp000447z,2014-11-07T00:45:32.721Z,"25 km SE of Puerto Berrío, Colombia",earthquake,,10.0,,4.0,reviewed,us,us,1990-01-14,30713,Colombia,1
1990-01-21 13:10:07.930000+00:00,2.623,-79.825,14.5,5.2,mw,,,,1.1,us,usp00044j7,2014-11-07T00:45:33.937Z,"144 km WNW of Salahonda, Colombia",earthquake,,4.5,,16.0,reviewed,us,us,1990-01-21,30651,Colombia,1
1990-03-04 09:18:38.850000+00:00,7.919,-74.578,78.9,4.94,mw,,,,1.0,us,usp0004660,2014-11-07T00:45:52.210Z,"25 km ENE of San Carlos, Colombia",earthquake,,11.3,,3.0,reviewed,us,us,1990-03-04,30664,Colombia,1
1990-03-05 06:32:11.680000+00:00,5.925,-78.983,33.0,4.94,mw,,,,1.4,us,usp0004671,2014-11-07T00:45:53.087Z,"177 km W of Bahía Solano, Colombia",earthquake,,,,4.0,reviewed,us,us,1990-03-05,30671,Colombia,-1
1990-04-13 15:25:04.170000+00:00,3.858,-76.298,164.1,4.94,mw,,,,1.3,us,usp00047vz,2014-11-07T00:46:09.392Z,"4 km S of Guadalajara de Buga, Colombia",earthquake,,6.4,,7.0,reviewed,us,us,1990-04-13,30662,Colombia,1
1990-06-23 06:32:03.990000+00:00,6.828,-72.989,155.5,5.45,mw,,,,0.9,us,usp0004avx,2014-11-07T00:46:33.369Z,"8 km N of Cepitá, Colombia",earthquake,,3.5,,21.0,reviewed,us,us,1990-06-23,30882,Colombia,1
1990-08-20 18:29:48.530000+00:00,6.817,-76.84,41.2,4.94,mw,,,,1.2,us,usp0004dpw,2014-11-07T00:46:58.402Z,"18 km S of Murindó, Colombia",earthquake,,,,8.0,reviewed,us,us,1990-08-20,30903,Colombia,1
1990-08-25 11:47:31.240000+00:00,5.792,-77.504,10.0,5.6,mw,,,,1.0,us,usp0004dvw,2022-04-28T17:25:05.922Z,"27 km WNW of Nuquí, Colombia",earthquake,,,,,reviewed,us,hrv,1990-08-25,30824,Colombia,1
1990-09-10 05:25:21.420000+00:00,3.853,-73.945,31.3,4.77,mw,,,,1.1,us,usp0004ehj,2014-11-07T00:47:06.310Z,"13 km WNW of Cubarral, Colombia",earthquake,,7.9,,7.0,reviewed,us,us,1990-09-10,30946,Colombia,2
1990-09-11 08:08:36.660000+00:00,6.952,-77.994,32.6,4.94,mw,,,,1.5,us,usp0004ek7,2014-11-07T00:47:06.507Z,"30 km WSW of Juradó, Colombia",earthquake,,,,3.0,reviewed,us,us,1990-09-11,30904,Colombia,1
1990-10-16 04:30:50.530000+00:00,7.0,-76.421,57.8,4.77,mw,,,,1.6,us,usp0004ftg,2014-11-07T00:47:17.055Z,"16 km W of Dabeiba, Colombia",earthquake,,16.5,,1.0,reviewed,us,us,1990-10-16,30950,Colombia,1
1990-10-23 09:13:04.240000+00:00,3.12,-75.282,33.0,4.6,mw,,,,1.5,us,usp0004g2g,2014-11-07T00:47:17.971Z,"12 km SSW of Aipe, Colombia",earthquake,,,,2.0,reviewed,us,us,1990-10-23,30951,Colombia,2
1990-10-27 16:31:21.700000+00:00,6.75,-71.949,40.5,5.28,mw,,,,1.0,us,usp0004g83,2014-11-07T00:47:19.176Z,"19 km WSW of Fortul, Colombia",earthquake,,4.7,,55.0,reviewed,us,us,1990-10-27,30887,Colombia,1
1990-10-28 01:34:45.060000+00:00,7.26,-72.853,184.3,4.85,mw,,,,0.7,us,usp0004g8a,2014-11-07T00:47:19.200Z,"5 km SSE of Vetas, Colombia",earthquake,,7.9,,9.0,reviewed,us,us,1990-10-28,30939,Colombia,1
1990-11-23 22:35:34.710000+00:00,4.707,-75.574,144.6,6.1,mw,,,,0.9,us,usp0004ha4,2022-04-28T19:33:50.127Z,"7 km N of Salento, Colombia",earthquake,,,,,reviewed,us,nc,1990-11-23,30987,Colombia,1
1990-11-25 01:52:06.440000+00:00,8.091,-75.062,73.8,5.03,mw,,,,1.1,us,usp0004hc8,2014-11-07T00:47:28.634Z,"18 km NE of Caucasia, Colombia",earthquake,,10.4,,12.0,reviewed,us,us,1990-11-25,31019,Colombia,1
1990-12-03 00:38:38.120000+00:00,6.769,-72.974,159.0,5.3,mw,,,,0.9,us,usp0004hpn,2025-12-19T20:52:41.605Z,"1 km N of Cepitá, Colombia",earthquake,,,,,reviewed,us,hrv,1990-12-03,31003,Colombia,1
1990-12-19 17:27:02.540000+00:00,8.104,-73.929,91.1,4.85,mw,,,,1.6,us,usp0004jbw,2014-11-07T00:47:38.071Z,"16 km N of Simití, Colombia",earthquake,,13.4,,1.0,reviewed,us,us,1990-12-19,31052,Colombia,-1
1990-12-29 01:55:13.700000+00:00,3.272,-77.443,89.9,4.85,mw,,,,1.0,us,usp0004jx5,2014-11-07T00:47:40.301Z,"60 km SW of Buenaventura, Colombia",earthquake,,6.3,,4.0,reviewed,us,us,1990-12-29,31038,Colombia,1
1991-01-02 17:21:07.220000+00:00,4.233,-75.808,10.0,3.95,mw,,,,0.8,us,usp0004k42,2014-11-07T00:47:44.443Z,"10 km SSW of Génova, Colombia",earthquake,,,,,reviewed,us,uvc,1991-01-02,31109,Colombia,1
1991-01-03 05:27:47.650000+00:00,6.665,-76.347,33.0,4.41,mw,,,,0.4,us,usp0004k4y,2014-11-07T00:47:44.742Z,"26 km WSW of Frontino, Colombia",earthquake,,,,,reviewed,us,uvc,1991-01-03,31099,Colombia,1
1991-01-04 07:11:27.440000+00:00,2.997,-79.158,33.0,4.41,mw,,,,0.5,us,usp0004k6y,2014-11-07T00:47:45.802Z,"95 km NW of Mosquera, Colombia",earthquake,,,,,reviewed,us,uvc,1991-01-04,31089,Colombia,1
1991-01-09 11:23:11.640000+00:00,2.942,-74.803,33.0,3.77,mw,,,,0.6,us,usp0004kee,2014-11-07T00:47:48.407Z,"36 km SE of Baraya, Colombia",earthquake,,,,,reviewed,us,uvc,1991-01-09,31129,Colombia,2
1991-01-23 01:05:06.730000+00:00,4.712,-76.23,117.3,5.2,mw,,,,1.1,us,usp0004m1w,2014-11-07T00:47:52.157Z,"5 km S of El Cairo, Colombia",earthquake,,3.5,,46.0,reviewed,us,us,1991-01-23,31018,Colombia,1
1991-02-06 16:39:10.600000+00:00,4.464,-78.455,33.0,4.51,mw,,,,1.1,us,usp0004mmn,2014-11-07T00:47:58.237Z,"123 km W of Santa Genoveva de Docordó, Colombia",earthquake,,,,2.0,reviewed,us,us,1991-02-06,31084,Colombia,1
1991-02-15 13:48:07.730000+00:00,5.883,-78.033,33.0,4.94,mw,,,,1.7,us,usp0004mz6,2014-11-07T00:48:00.199Z,"79 km WSW of Bahía Solano, Colombia",earthquake,,,,4.0,reviewed,us,us,1991-02-15,31024,Colombia,1
1991-03-10 12:28:27.040000+00:00,4.613,-76.685,90.0,5.28,mw,,,,0.9,us,usp0004nwc,2014-11-07T00:48:11.058Z,"6 km SW of Sipí, Colombia",earthquake,,3.7,,52.0,reviewed,us,us,1991-03-10,31017,Colombia,1
1991-03-15 12:33:57.930000+00:00,6.717,-76.866,27.2,4.85,mw,,,,1.4,us,usp0004p31,2014-11-07T00:48:12.186Z,"14 km NNE of Vigía del Fuerte, Colombia",earthquake,,10.2,,3.0,reviewed,us,us,1991-03-15,31061,Colombia,1
1991-03-25 23:51:59.960000+00:00,2.135,-79.08,41.2,5.28,mw,,,,1.0,us,usp0004ph9,2014-11-07T00:48:14.061Z,"48 km WNW of Salahonda, Colombia",earthquake,,6.6,,19.0,reviewed,us,us,1991-03-25,31013,Colombia,1
1991-04-04 03:22:57.910000+00:00,7.017,-78.153,32.9,6.3,mw,,,,1.0,us,usp0004px3,2022-04-28T19:16:07.115Z,"44 km WSW of Juradó, Colombia",earthquake,,,,,reviewed,us,nc,1991-04-04,30977,Colombia,1
1991-04-24 05:13:09.830000+00:00,2.541,-79.747,23.7,6.22,mw,,,,0.9,us,usp0004qrm,2022-04-28T19:19:14.728Z,"133 km WNW of Salahonda, Colombia",earthquake,,,,9.0,reviewed,us,us,1991-04-24,30979,Colombia,1
1991-05-12 08:57:09.990000+00:00,7.193,-77.995,33.0,4.77,mw,,,,1.5,us,usp0004rht,2014-11-07T00:48:34.129Z,"27 km WNW of Juradó, Colombia",earthquake,,,,10.0,reviewed,us,us,1991-05-12,31240,Colombia,1
1991-05-14 06:45:25.390000+00:00,6.914,-74.496,71.7,4.85,mw,,,,1.1,us,usp0004rmg,2014-11-07T00:48:35.306Z,"25 km ESE of Remedios, Colombia",earthquake,,13.6,,1.0,reviewed,us,us,1991-05-14,31196,Colombia,1
1991-05-28 19:26:05.730000+00:00,7.09,-72.156,33.0,4.6,mw,,,,1.2,us,usp0004s73,2014-11-07T00:48:37.862Z,"10 km NNW of Cubará, Colombia",earthquake,,,,1.0,reviewed,us,us,1991-05-28,31264,Colombia,1
1991-06-04 19:09:44.360000+00:00,5.588,-78.128,10.0,5.11,mw,,,,1.1,us,usp0004sh1,2014-11-07T00:48:42.285Z,"95 km W of Nuquí, Colombia",earthquake,,,,21.0,reviewed,us,us,1991-06-04,31163,Colombia,1
1991-06-20 05:14:56.630000+00:00,3.2,-78.657,33.0,4.43,mw,,,,1.3,us,usp0004t6f,2014-11-07T00:48:46.029Z,"79 km NNW of Mosquera, Colombia",earthquake,,,,2.0,reviewed,us,us,1991-06-20,31278,Colombia,1
1991-06-25 23:06:57.210000+00:00,5.244,-72.912,13.5,5.2,mw,,,,1.0,us,usp0004tdp,2022-04-28T19:12:32.514Z,"5 km NW of Chámeza, Colombia",earthquake,,5.5,,,reviewed,us,hrv,1991-06-25,31147,Colombia,2
1991-06-30 13:18:00.520000+00:00,8.106,-74.629,51.7,5.11,mw,,,,1.0,us,usp0004tks,2022-04-28T19:12:41.825Z,"16 km E of Nechí, Colombia",earthquake,,,,38.0,reviewed,us,us,1991-06-30,31170,Colombia,1
1991-07-09 11:18:19.770000+00:00,5.031,-78.386,33.0,4.77,mw,,,,1.4,us,usp0004txn,2014-11-07T00:48:53.312Z,"113 km W of Pizarro, Colombia",earthquake,,,,1.0,reviewed,us,us,1991-07-09,31252,Colombia,1
1991-08-13 15:58:48.620000+00:00,6.794,-76.371,33.0,4.85,mw,,,,1.6,us,usp0004va9,2014-11-07T00:49:04.985Z,"24 km WSW of Uramita, Colombia",earthquake,,,,3.0,reviewed,us,us,1991-08-13,31205,Colombia,1
1991-08-25 10:49:43.250000+00:00,7.082,-73.304,149.1,4.6,mw,,,,0.9,us,usp0004vuu,2014-11-07T00:49:07.690Z,"10 km WSW of Lebrija, Colombia",earthquake,,18.4,,1.0,reviewed,us,us,1991-08-25,31262,Colombia,1
1991-09-04 04:32:29.860000+00:00,4.354,-76.302,10.0,4.31,mw,,,,0.8,us,usp0004w7u,2014-11-07T00:49:13.244Z,"13 km W of Bolívar, Colombia",earthquake,,,,,reviewed,us,uvc,1991-09-04,31281,Colombia,1
1991-09-04 07:48:31.700000+00:00,2.686,-78.303,33.0,3.86,mw,,,,0.1,us,usp0004w7y,2014-11-07T00:49:13.256Z,"25 km NE of Mosquera, Colombia",earthquake,,,,,reviewed,us,uvc,1991-09-04,31297,Colombia,1
1991-09-06 08:11:38.180000+00:00,2.265,-76.506,10.0,3.95,mw,,,,0.5,us,usp0004waa,2014-11-07T00:49:13.832Z,"11 km E of Paispamba, Colombia",earthquake,,,,,reviewed,us,uvc,1991-09-06,31291,Colombia,1
1991-09-06 15:49:48.860000+00:00,6.753,-73.038,162.1,5.2,mw,,,,1.0,us,usp0004wat,2014-11-07T00:49:13.904Z,"6 km ENE of Jordán, Colombia",earthquake,,4.1,,12.0,reviewed,us,us,1991-09-06,31149,Colombia,1
1991-09-20 22:34:03.850000+00:00,3.79,-77.023,31.6,3.86,mw,,,,0.5,us,usp0004wuz,2014-11-07T00:49:16.064Z,"10 km S of Buenaventura, Colombia",earthquake,,10.9,,,reviewed,us,uvc,1991-09-20,31294,Colombia,1
1991-09-23 08:28:21.360000+00:00,3.43,-74.123,33.0,3.77,mw,,,,0.9,us,usp0004wyk,2014-11-07T00:49:16.987Z,"10 km WNW of Mesetas, Colombia",earthquake,,,,,reviewed,us,uvc,1991-09-23,31307,Colombia,2
1991-09-23 15:40:49.830000+00:00,3.419,-73.824,33.0,3.77,mw,,,,0.6,us,usp0004wyw,2014-11-07T00:49:17.010Z,"7 km NE of San Juan de Arama, Colombia",earthquake,,,,,reviewed,us,uvc,1991-09-23,31303,Colombia,2
1991-09-26 21:29:46.750000+00:00,4.848,-72.757,22.4,4.51,mw,,,,1.0,us,usp0004x3b,2014-11-07T00:49:17.573Z,"15 km ESE of Monterrey, Colombia",earthquake,,9.0,,1.0,reviewed,us,us,1991-09-26,31264,Colombia,2
1991-09-28 18:40:22.750000+00:00,4.527,-77.22,33.0,3.77,mw,,,,0.8,us,usp0004x5w,2014-11-07T00:49:17.971Z,"33 km NNE of Santa Genoveva de Docordó, Colombia",earthquake,,,,,reviewed,us,uvc,1991-09-28,31312,Colombia,1
1991-09-29 15:35:39.440000+00:00,6.276,-73.039,199.2,4.77,mw,,,,0.7,us,usp0004x73,2014-11-07T00:49:18.118Z,"2 km S of Coromoro, Colombia",earthquake,,8.6,,1.0,reviewed,us,us,1991-09-29,31262,Colombia,1
1991-10-03 06:07:01.800000+00:00,2.951,-78.339,33.0,3.95,mw,,,,0.2,us,usp0004xbe,2014-11-07T00:49:21.212Z,"50 km NNE of Mosquera, Colombia",earthquake,,,,,reviewed,us,uvc,1991-10-03,31292,Colombia,1
1991-10-04 20:45:50.090000+00:00,3.055,-76.456,151.5,5.03,mw,,,,0.9,us,usp0004xd4,2014-11-07T00:49:21.649Z,"5 km WNW of Caloto, Colombia",earthquake,,3.0,,7.0,reviewed,us,us,1991-10-04,31186,Colombia,1
1991-10-06 14:14:51.610000+00:00,2.757,-80.283,33.0,4.41,mw,,,,0.4,us,usp0004xfu,2014-11-07T00:49:22.381Z,"197 km WNW of Tumaco, Colombia",earthquake,,,,,reviewed,us,uvc,1991-10-06,31281,Colombia,-1
1991-10-07 02:08:16.120000+00:00,5.142,-77.52,33.0,4.22,mw,,,,0.6,us,usp0004xgk,2014-11-07T00:49:22.581Z,"26 km NW of Pizarro, Colombia",earthquake,,,,,reviewed,us,uvc,1991-10-07,31284,Colombia,1
1991-10-08 19:16:56.300000+00:00,1.749,-77.757,33.0,3.77,mw,,,,0.6,us,usp0004xjf,2014-11-07T00:49:22.896Z,"22 km WNW of Cumbitara, Colombia",earthquake,,,,,reviewed,us,uvc,1991-10-08,31306,Colombia,-1
1991-10-09 17:19:15.870000+00:00,2.907,-74.785,33.0,3.86,mw,,,,0.6,us,usp0004xkh,2014-11-07T00:49:23.051Z,"40 km SE of Baraya, Colombia",earthquake,,,,,reviewed,us,uvc,1991-10-09,31295,Colombia,2
1991-10-13 11:39:02.080000+00:00,2.48,-76.991,90.0,3.86,mw,,,,0.4,us,usp0004xs3,2014-11-07T00:49:23.725Z,"16 km WSW of Villa Rica, Colombia",earthquake,,,,,reviewed,us,uvc,1991-10-13,31301,Colombia,1
1991-10-15 04:03:55.770000+00:00,2.442,-77.273,90.0,3.77,mw,,,,0.6,us,usp0004xuq,2014-11-07T00:49:24.092Z,"20 km N of Argelia, Colombia",earthquake,,,,,reviewed,us,uvc,1991-10-15,31305,Colombia,-1
1991-10-17 05:42:48.970000+00:00,2.114,-76.086,33.0,4.22,mw,,,,1.0,us,usp0004xxm,2014-11-07T00:49:24.658Z,"14 km NW of Oporapa, Colombia",earthquake,,,,,reviewed,us,uvc,1991-10-17,31286,Colombia,-1
1991-10-18 14:50:40.910000+00:00,6.39,-77.578,25.4,5.03,mw,,,,1.3,us,usp0004xzk,2014-11-07T00:49:25.181Z,"26 km NW of Bahía Solano, Colombia",earthquake,,10.9,,8.0,reviewed,us,us,1991-10-18,31191,Colombia,1
1991-10-19 10:01:53.090000+00:00,3.075,-79.57,33.0,4.04,mw,,,,0.3,us,usp0004y19,2014-11-07T00:49:25.655Z,"139 km WNW of Mosquera, Colombia",earthquake,,,,,reviewed,us,uvc,1991-10-19,31287,Colombia,1
1991-10-24 15:00:03.500000+00:00,5.058,-76.479,100.0,3.86,mw,,,,0.6,us,usp0004ya7,2014-11-07T00:49:27.146Z,"18 km NE of Nóvita, Colombia",earthquake,,,,,reviewed,us,uvc,1991-10-24,31296,Colombia,1
1991-10-31 14:47:27.370000+00:00,4.664,-76.259,120.0,3.77,mw,,,,0.4,us,usp0004yp0,2014-11-07T00:49:28.618Z,"11 km SSW of El Cairo, Colombia",earthquake,,,,,reviewed,us,uvc,1991-10-31,31319,Colombia,1
1991-11-13 13:21:47.590000+00:00,2.914,-76.434,148.9,5.28,mw,,,,1.0,us,usp0004z3r,2014-11-07T00:49:34.548Z,"11 km SSE of Santander de Quilichao, Colombia",earthquake,,2.6,,57.0,reviewed,us,us,1991-11-13,31343,Colombia,1
1991-11-13 20:27:35.280000+00:00,3.14,-78.576,26.1,5.45,mw,,,,1.3,us,usp0004z45,2022-04-28T18:59:37.953Z,"71 km NNW of Mosquera, Colombia",earthquake,,,,50.0,reviewed,us,us,1991-11-13,31338,Colombia,1
1991-11-19 22:28:51.090000+00:00,4.554,-77.442,21.3,7.2,mw,,,,1.2,us,usp0004zbt,2022-04-28T19:00:10.141Z,"33 km NNW of Santa Genoveva de Docordó, Colombia",earthquake,,,,,reviewed,us,hrv,1991-11-19,31332,Colombia,1
1991-11-24 18:51:32.280000+00:00,2.339,-79.796,33.0,4.6,mw,,,,1.3,us,usp0004zkh,2014-11-07T00:49:36.137Z,"126 km WNW of Tumaco, Colombia",earthquake,,,,2.0,reviewed,us,us,1991-11-24,31451,Colombia,1
1991-11-24 19:12:05.950000+00:00,2.542,-78.971,41.0,5.2,mw,,,,1.2,us,usp0004zkj,2014-11-07T00:49:36.139Z,"57 km W of Mosquera, Colombia",earthquake,,11.6,,38.0,reviewed,us,us,1991-11-24,31343,Colombia,1
1992-01-02 19:41:45.070000+00:00,5.638,-73.832,134.0,5.8,mw,,,,0.9,us,usp000519r,2022-04-28T18:56:01.695Z,"2 km NW of Chiquinquirá, Colombia",earthquake,,,,,reviewed,us,hrv,1992-01-02,31332,Colombia,1
1992-01-04 07:07:18.180000+00:00,6.346,-77.1,33.0,4.68,mw,,,,1.4,us,usp00051cf,2014-11-07T00:49:52.893Z,"33 km SW of Bellavista, Colombia",earthquake,,,,3.0,reviewed,us,us,1992-01-04,31447,Colombia,1
1992-01-10 06:10:38.610000+00:00,6.836,-76.314,34.6,5.2,mw,,,,1.1,us,usp00051md,2022-04-28T18:56:10.391Z,"16 km WSW of Uramita, Colombia",earthquake,,7.3,,28.0,reviewed,us,us,1992-01-10,31384,Colombia,1
1992-01-26 22:01:53.640000+00:00,0.676,-77.589,10.0,4.43,mw,,,,1.5,us,usp000529n,2014-11-07T00:49:57.115Z,"14 km S of Potosí, Colombia",earthquake,,,,2.0,reviewed,us,us,1992-01-26,31491,Colombia,-1
1992-01-30 04:23:49.860000+00:00,11.597,-72.844,30.1,4.6,mw,,,,0.9,us,usp00052dw,2014-11-07T00:49:57.624Z,"9 km NE of Riohacha, Colombia",earthquake,,9.4,,3.0,reviewed,us,us,1992-01-30,31461,Colombia,-1
1992-02-06 22:21:36.740000+00:00,8.209,-72.798,171.9,4.85,mw,,,,0.9,us,usp00052qs,2014-11-07T00:50:04.262Z,"13 km N of Sardinata, Colombia",earthquake,,3.6,,34.0,reviewed,us,us,1992-02-06,31406,Colombia,1
1992-03-07 01:10:07.420000+00:00,6.783,-72.975,163.4,5.11,mw,,,,0.9,us,usp00053yr,2014-11-07T00:50:14.594Z,"3 km N of Cepitá, Colombia",earthquake,,3.6,,45.0,reviewed,us,us,1992-03-07,31390,Colombia,1
1992-03-11 14:37:30.320000+00:00,7.374,-71.758,37.1,5.2,mw,,,,1.0,us,usp0005447,2014-11-07T00:50:15.294Z,"52 km NW of Arauquita, Colombia",earthquake,,7.6,,17.0,reviewed,us,us,1992-03-11,31382,Colombia,1
1992-03-21 04:18:14.680000+00:00,11.53,-71.838,90.7,4.85,mw,,,,1.0,us,usp00054ks,2014-11-07T00:50:17.921Z,"46 km ENE of Maicao, Colombia",earthquake,,4.6,,26.0,reviewed,us,us,1992-03-21,31410,Colombia,-1
1992-04-20 07:52:04.360000+00:00,7.098,-73.325,137.1,4.77,mw,,,,1.1,us,usp000561v,2014-11-07T00:50:28.410Z,"11 km W of Lebrija, Colombia",earthquake,,10.0,,4.0,reviewed,us,us,1992-04-20,31417,Colombia,1
1992-05-26 11:59:35.730000+00:00,6.794,-72.993,158.4,5.37,mw,,,,0.9,us,usp000584a,2014-11-07T00:50:41.509Z,"4 km NNW of Cepitá, Colombia",earthquake,,,,19.0,reviewed,us,us,1992-05-26,31552,Colombia,1
1992-06-01 03:40:05.990000+00:00,10.013,-74.666,43.2,4.68,mw,,,,1.0,us,usp00058gn,2014-11-07T00:50:44.786Z,"4 km WSW of Chivolo, Colombia",earthquake,,8.3,,21.0,reviewed,us,us,1992-06-01,31672,Colombia,-1
1992-06-05 17:24:37.990000+00:00,5.422,-77.365,76.0,5.03,mw,,,,0.9,us,usp00058qp,2014-11-07T00:50:47.961Z,"33 km SSW of Nuquí, Colombia",earthquake,,9.9,,14.0,reviewed,us,us,1992-06-05,31616,Colombia,1
1992-06-20 08:26:40.470000+00:00,5.596,-72.766,22.2,5.03,mw,,,,1.3,us,usp00059c0,2014-11-07T00:50:51.097Z,"15 km ENE of Aquitania, Colombia",earthquake,,,,5.0,reviewed,us,us,1992-06-20,31608,Colombia,2
1992-07-05 06:00:16.490000+00:00,2.633,-79.804,33.0,5.37,mw,,,,1.0,us,usp0005aa7,2014-11-07T00:51:00.675Z,"143 km WNW of Salahonda, Colombia",earthquake,,,,28.0,reviewed,us,us,1992-07-05,31537,Colombia,1
1992-07-18 01:40:56.650000+00:00,4.603,-75.634,152.8,5.03,mw,,,,1.2,us,usp0005b0n,2014-11-07T00:51:04.951Z,"1 km S of Circasia, Colombia",earthquake,,,,28.0,reviewed,us,us,1992-07-18,31580,Colombia,1
1992-08-15 19:02:09.140000+00:00,5.111,-75.607,119.0,5.9,mwb,,,,1.0,us,usp0005cgq,2022-04-28T18:39:26.504Z,"10 km NNE of Palestina, Colombia",earthquake,,,,,reviewed,us,us,1992-08-15,31533,Colombia,1
1992-08-23 20:23:21.370000+00:00,11.241,-74.052,33.0,4.43,mw,,,,0.8,us,usp0005cyf,2014-11-07T00:51:18.112Z,"16 km E of Santa Marta, Colombia",earthquake,,,,2.0,reviewed,us,us,1992-08-23,31673,Colombia,-1
1992-10-10 08:09:47.920000+00:00,5.595,-78.083,33.0,4.94,mw,,,,1.4,us,usp0005f5c,2014-11-07T00:51:38.998Z,"90 km W of Nuquí, Colombia",earthquake,,,,4.0,reviewed,us,us,1992-10-10,31664,Colombia,1
1992-10-18 15:11:59.110000+00:00,7.075,-76.862,10.0,7.2,mwb,,,,1.3,us,usp0005fha,2022-04-28T18:33:14.016Z,"11 km NNW of Murindó, Colombia",earthquake,,,,,reviewed,us,us,1992-10-18,31527,Colombia,1
1992-10-18 17:50:20.710000+00:00,7.625,-76.233,10.0,5.03,mw,,,,1.3,us,usp0005fhv,2014-11-07T00:51:41.377Z,"47 km NNE of Mutatá, Colombia",earthquake,,,,6.0,reviewed,us,us,1992-10-18,31567,Colombia,1
1992-10-19 02:16:05.860000+00:00,7.081,-76.11,10.0,4.77,mw,,,,0.9,us,usp0005fjh,2014-11-07T00:51:41.509Z,"19 km ENE of Dabeiba, Colombia",earthquake,,,,7.0,reviewed,us,us,1992-10-19,31672,Colombia,1
1992-10-26 04:29:18.760000+00:00,7.448,-76.559,10.0,5.28,mw,,,,1.1,us,usp0005fwd,2014-11-07T00:51:43.260Z,"26 km NNW of Mutatá, Colombia",earthquake,,,,23.0,reviewed,us,us,1992-10-26,31685,Colombia,1
1992-10-27 22:56:20.370000+00:00,6.879,-76.826,10.0,5.85,mw,,,,1.1,us,usp0005fyy,2014-11-07T00:51:43.477Z,"11 km S of Murindó, Colombia",earthquake,,,,2.0,reviewed,us,us,1992-10-27,31680,Colombia,1
1992-10-31 13:18:57.260000+00:00,8.024,-76.637,10.0,4.85,mw,,,,0.5,us,usp0005g4b,2014-11-07T00:51:44.257Z,"12 km SE of Turbo, Colombia",earthquake,,,,8.0,reviewed,us,us,1992-10-31,31769,Colombia,-1
1992-10-31 14:00:54.490000+00:00,11.086,-74.268,33.0,4.85,mw,,,,1.0,us,usp0005g4c,2014-11-07T00:51:44.260Z,"9 km NNW of Ciénaga, Colombia",earthquake,,,,6.0,reviewed,us,us,1992-10-31,31757,Colombia,-1
1992-11-18 03:20:13.980000+00:00,7.359,-73.055,137.2,4.85,mw,,,,1.3,us,usp0005h0f,2014-11-07T00:51:52.798Z,"5 km NW of Matanza, Colombia",earthquake,,,,8.0,reviewed,us,us,1992-11-18,31769,Colombia,1
1992-12-06 00:40:34.480000+00:00,1.808,-75.39,18.1,5.2,mw,,,,1.0,us,usp0005hvr,2020-08-29T01:58:50.247Z,"18 km NW of El Doncello, Colombia",earthquake,,,,25.0,reviewed,us,us,1992-12-06,31703,Colombia,-1
1992-12-14 01:21:27.790000+00:00,6.918,-73.208,161.9,4.77,mw,,,,1.6,us,usp0005j92,2014-11-07T00:52:02.553Z,"8 km ENE of Betulia, Colombia",earthquake,,10.3,,1.0,reviewed,us,us,1992-12-14,31787,Colombia,1
1992-12-24 22:20:36.120000+00:00,6.743,-72.852,170.5,5.11,mw,,,,1.0,us,usp0005jt8,2014-11-07T00:52:05.024Z,"7 km S of San Andrés, Colombia",earthquake,,6.5,,3.0,reviewed,us,us,1992-12-24,31721,Colombia,1
1992-12-30 20:19:50.600000+00:00,8.285,-72.822,183.0,4.6,mw,,,,1.1,us,usp0005k37,2014-11-07T00:52:06.561Z,"22 km N of Sardinata, Colombia",earthquake,,6.4,,22.0,reviewed,us,us,1992-12-30,31802,Colombia,1
1993-01-02 01:57:12.620000+00:00,6.918,-75.829,24.0,4.77,mw,,,,1.2,us,usp0005k73,2014-11-07T00:52:09.585Z,"7 km N of Sabanalarga, Colombia",earthquake,,11.6,,1.0,reviewed,us,us,1993-01-02,31778,Colombia,1
1993-01-11 14:01:52.880000+00:00,3.707,-76.951,56.8,4.43,mw,,,,1.6,us,usp0005km3,2014-11-07T00:52:13.162Z,"14 km NNE of Buenaventura, Colombia",earthquake,,16.9,,1.0,reviewed,us,us,1993-01-11,31852,Colombia,1
1993-01-23 06:01:18.200000+00:00,5.798,-77.609,33.0,4.6,mw,,,,0.7,us,usp0005m4f,2014-11-07T00:52:16.226Z,"38 km WNW of Nuquí, Colombia",earthquake,,,,2.0,reviewed,us,us,1993-01-23,31799,Colombia,1
1993-01-23 12:31:33.250000+00:00,5.141,-77.615,48.5,5.03,mw,,,,1.4,us,usp0005m4x,2014-11-07T00:52:16.294Z,near the west coast of Colombia,earthquake,,13.3,,4.0,reviewed,us,us,1993-01-23,31729,near the west coast of Colombia,1
1993-02-01 04:22:20.060000+00:00,8.852,-76.371,10.0,3.95,mw,,,,1.2,us,usp0005mgg,2014-11-07T00:52:19.444Z,"4 km SSW of Los Córdobas, Colombia",earthquake,,,,,reviewed,us,upa,1993-02-01,31858,Colombia,-1
1993-02-10 04:20:50.190000+00:00,8.136,-73.477,97.4,4.85,mw,,,,0.8,us,usp0005mvf,2014-11-07T00:52:23.301Z,"15 km NNE of San Martín, Colombia",earthquake,,13.9,,2.0,reviewed,us,us,1993-02-10,31739,Colombia,1
1993-02-13 00:19:51.550000+00:00,2.657,-79.861,33.0,5.37,mw,,,,0.9,us,usp0005n08,2014-11-07T00:52:23.904Z,"150 km WNW of Salahonda, Colombia",earthquake,,,,48.0,reviewed,us,us,1993-02-13,31681,Colombia,1
1993-02-22 11:46:30.220000+00:00,6.657,-73.46,191.7,4.6,mw,,,,1.1,us,usp0005ngd,2014-11-07T00:52:26.566Z,"7 km SE of El Carmen de Chucurí, Colombia",earthquake,,25.2,,1.0,reviewed,us,us,1993-02-22,31790,Colombia,1
1993-02-25 05:40:45.340000+00:00,6.245,-77.597,16.0,4.51,mw,,,,1.5,us,usp0005nng,2014-11-07T00:52:27.199Z,"21 km W of Bahía Solano, Colombia",earthquake,,12.1,,4.0,reviewed,us,us,1993-02-25,31841,Colombia,1
1993-04-05 21:00:10.910000+00:00,2.809,-78.903,26.1,5.2,mw,,,,1.1,us,usp0005qqh,2014-11-07T00:52:46.525Z,"60 km WNW of Mosquera, Colombia",earthquake,,7.3,,40.0,reviewed,us,us,1993-04-05,31685,Colombia,1
1993-04-07 08:55:45.600000+00:00,7.353,-77.039,37.5,4.43,mw,,,,1.2,us,usp0005qt6,2014-11-07T00:52:46.984Z,"13 km SE of Riosucio, Colombia",earthquake,,13.4,,2.0,reviewed,us,us,1993-04-07,31843,Colombia,1
1993-04-16 09:12:27.190000+00:00,8.258,-75.239,27.0,4.85,mw,,,,1.1,us,usp0005r8z,2014-11-07T00:52:49.472Z,"12 km WSW of Ayapel, Colombia",earthquake,,,,13.0,reviewed,us,us,1993-04-16,31745,Colombia,1
1993-04-22 06:21:07.640000+00:00,4.452,-76.429,126.1,4.85,mw,,,,1.0,us,usp0005rjz,2014-11-07T00:52:51.432Z,"22 km WSW of El Dovio, Colombia",earthquake,,8.2,,11.0,reviewed,us,us,1993-04-22,31748,Colombia,1
1993-05-03 21:00:15.090000+00:00,6.763,-72.969,162.0,5.2,mw,,,,0.9,us,usp0005s5n,2014-11-07T00:52:57.178Z,"1 km NNE of Cepitá, Colombia",earthquake,,3.6,,20.0,reviewed,us,us,1993-05-03,31903,Colombia,1
1993-05-04 18:53:31.580000+00:00,7.453,-72.242,10.0,4.68,mw,,,,0.7,us,usp0005s74,2014-11-07T00:52:57.489Z,"27 km ESE of Herrán, Colombia",earthquake,,,,1.0,reviewed,us,us,1993-05-04,32001,Colombia,1
1993-05-16 01:31:21.620000+00:00,12.145,-71.969,33.0,4.85,mw,,,,1.3,us,usp0005svc,2014-11-07T00:53:00.862Z,"57 km NE of Uribia, Colombia",earthquake,,,,27.0,reviewed,us,us,1993-05-16,31992,Colombia,-1
1993-05-27 18:07:00.780000+00:00,5.461,-77.514,11.7,5.71,mw,,,,0.9,us,usp0005tkb,2022-04-28T18:14:15.678Z,"38 km SW of Nuquí, Colombia",earthquake,,3.8,,83.0,reviewed,us,us,1993-05-27,31870,Colombia,1
1993-06-06 02:10:35+00:00,2.646,-79.778,10.0,5.54,mw,,,,1.0,us,usp0005u3a,2014-11-07T00:53:11.232Z,"141 km WNW of Salahonda, Colombia",earthquake,,,,61.0,reviewed,us,us,1993-06-06,31882,Colombia,1
1993-06-07 10:47:53.280000+00:00,4.767,-74.487,61.4,4.43,mw,,,,1.3,us,usp0005u5s,2014-11-07T00:53:11.661Z,"5 km ENE of Quipile, Colombia",earthquake,,7.7,,4.0,reviewed,us,us,1993-06-07,32031,Colombia,-1
1993-06-12 22:57:32.380000+00:00,8.922,-74.362,33.0,4.6,mw,,,,1.4,us,usp0005ufp,2014-11-07T00:53:14.701Z,"11 km E of Pinillos, Colombia",earthquake,,,,4.0,reviewed,us,us,1993-06-12,32008,Colombia,-1
1993-06-15 12:58:58.880000+00:00,5.306,-72.637,57.2,5.03,mw,,,,1.2,us,usp0005ume,2014-11-07T00:53:15.252Z,"7 km E of Pajarito, Colombia",earthquake,,8.4,,8.0,reviewed,us,us,1993-06-15,31912,Colombia,2
1993-07-22 04:57:07.050000+00:00,6.47,-71.21,20.3,6.1,mwb,,,,1.1,us,usp0005x54,2022-04-28T18:07:49.544Z,"24 km NNW of Puerto Rondón, Colombia",earthquake,,,,,reviewed,us,us,1993-07-22,31869,Colombia,-1
1993-08-05 17:58:39.610000+00:00,7.328,-71.537,64.3,4.94,mw,,,,1.0,us,usp0005xzw,2014-11-07T00:53:39.902Z,"35 km NNW of Arauquita, Colombia",earthquake,,9.5,,7.0,reviewed,us,us,1993-08-05,31949,Colombia,1
1993-09-03 14:04:45.650000+00:00,7.62,-74.11,91.3,5.2,mw,,,,1.4,us,usp0005zpq,2014-11-07T00:53:54.508Z,"34 km NW of Cantagallo, Colombia",earthquake,,14.9,,2.0,reviewed,us,us,1993-09-03,31893,Colombia,1
1993-09-06 06:27:36.250000+00:00,2.516,-79.105,32.5,5.03,mw,,,,1.0,us,usp0005ztt,2014-11-07T00:53:55.658Z,"72 km NW of Salahonda, Colombia",earthquake,,8.0,,21.0,reviewed,us,us,1993-09-06,31909,Colombia,1
1993-09-12 06:16:13.060000+00:00,7.117,-73.387,150.0,4.68,mw,,,,0.3,us,usp000606j,2014-11-07T00:53:57.254Z,"18 km W of Lebrija, Colombia",earthquake,,,,2.0,reviewed,us,us,1993-09-12,31995,Colombia,1
1993-09-19 22:32:58.290000+00:00,10.945,-73.011,111.9,4.85,mw,,,,0.9,us,usp00060nb,2014-11-07T00:53:59.358Z,"14 km WNW of Distracción, Colombia",earthquake,,7.9,,5.0,reviewed,us,us,1993-09-19,31963,Colombia,-1
1993-10-12 19:51:25.360000+00:00,4.196,-76.638,102.6,5.2,mw,,,,0.9,us,usp00061vm,2025-12-19T22:51:07.587Z,"33 km NNW of Darien, Colombia",earthquake,,,,,reviewed,us,hrv,1993-10-12,31904,Colombia,1
1993-10-14 05:34:16.780000+00:00,7.065,-72.712,203.2,4.43,mw,,,,0.4,us,usp00061yu,2014-11-07T00:54:12.448Z,"9 km SSW of Chitagá, Colombia",earthquake,,24.4,,1.0,reviewed,us,us,1993-10-14,32033,Colombia,1
1993-11-10 05:37:20.890000+00:00,8.943,-73.505,121.6,4.85,mw,,,,0.8,us,usp00063ex,2014-11-07T00:54:23.748Z,"13 km E of Pailitas, Colombia",earthquake,,14.2,,1.0,reviewed,us,us,1993-11-10,32163,Colombia,1
1993-11-18 14:55:13.840000+00:00,6.752,-74.632,90.1,5.03,mw,,,,1.1,us,usp00063vh,2014-11-07T00:54:25.453Z,"18 km E of Vegachí, Colombia",earthquake,,,,27.0,reviewed,us,us,1993-11-18,32105,Colombia,1
1993-11-21 10:45:38.410000+00:00,7.639,-72.579,211.7,4.6,mw,,,,1.3,us,usp0006408,2014-11-07T00:54:26.215Z,"4 km NE of Chinácota, Colombia",earthquake,,29.9,,1.0,reviewed,us,us,1993-11-21,32181,Colombia,1
1993-12-03 13:16:15.640000+00:00,4.967,-75.556,155.2,4.94,mw,,,,1.3,us,usp00064kw,2014-11-07T00:54:32.304Z,"5 km ESE of Chinchiná, Colombia",earthquake,,7.4,,6.0,reviewed,us,us,1993-12-03,32159,Colombia,1
1993-12-10 14:42:52.340000+00:00,7.0,-76.648,33.0,4.68,mw,,,,1.3,us,usp00064yb,2014-11-07T00:54:35.060Z,"19 km E of Murindó, Colombia",earthquake,,,,5.0,reviewed,us,us,1993-12-10,32170,Colombia,1
1993-12-25 01:35:51.980000+00:00,7.487,-76.796,33.0,5.03,mw,,,,1.1,us,usp00065jj,2014-11-07T00:54:38.103Z,"23 km SSW of Chigorodó, Colombia",earthquake,,,,23.0,reviewed,us,us,1993-12-25,32090,Colombia,1
1994-01-07 07:19:25.110000+00:00,2.541,-79.786,25.6,5.28,mw,,,,1.1,us,usp000664f,2014-11-07T00:54:44.475Z,"137 km WNW of Salahonda, Colombia",earthquake,,5.8,,15.0,reviewed,us,us,1994-01-07,32068,Colombia,1
1994-01-14 06:53:35.980000+00:00,2.187,-78.718,33.0,4.77,mw,,,,1.2,us,usp00066ek,2014-11-07T00:54:46.805Z,near the west coast of Colombia,earthquake,,,,7.0,reviewed,us,us,1994-01-14,32166,near the west coast of Colombia,1
1994-02-07 12:50:15.880000+00:00,5.804,-75.845,55.5,4.94,mw,,,,1.0,us,usp0006868,2014-11-07T00:54:57.349Z,"1 km NNW of Pueblorrico, Colombia",earthquake,,,,10.0,reviewed,us,us,1994-02-07,32118,Colombia,1
1994-02-17 05:59:58.690000+00:00,7.667,-73.642,33.0,5.2,mw,,,,1.1,us,usp00068mv,2014-11-07T00:54:59.777Z,"29 km WSW of San Alberto, Colombia",earthquake,,,,8.0,reviewed,us,us,1994-02-17,32071,Colombia,1
1994-02-21 22:17:04.150000+00:00,8.531,-72.856,24.3,5.45,mw,,,,0.9,us,usp00068un,2022-04-28T17:51:02.320Z,"17 km SW of Tibú, Colombia",earthquake,,4.4,,70.0,reviewed,us,us,1994-02-21,32060,Colombia,1
1994-02-24 15:00:20.510000+00:00,8.358,-75.308,48.3,4.94,mw,,,,1.3,us,usp00068ym,2014-11-07T00:55:01.278Z,"19 km WNW of Ayapel, Colombia",earthquake,,9.8,,6.0,reviewed,us,us,1994-02-24,32149,Colombia,1
1994-02-26 11:52:56.120000+00:00,6.77,-73.058,159.4,5.2,mw,,,,1.0,us,usp000690k,2014-11-07T00:55:01.659Z,"5 km NE of Jordán, Colombia",earthquake,,,,36.0,reviewed,us,us,1994-02-26,32083,Colombia,1
1994-02-28 13:40:08.330000+00:00,5.095,-75.986,112.1,4.6,mw,,,,1.0,us,usp0006934,2014-11-07T00:55:02.020Z,"3 km NW of Santuario, Colombia",earthquake,,5.1,,1.0,reviewed,us,us,1994-02-28,32193,Colombia,1
1994-03-11 12:32:16.830000+00:00,7.474,-77.294,59.4,4.51,mw,,,,1.3,us,usp00069jb,2014-11-07T00:55:08.293Z,"19 km W of Riosucio, Colombia",earthquake,,17.2,,1.0,reviewed,us,us,1994-03-11,32214,Colombia,1
1994-03-23 19:15:10.950000+00:00,10.73,-72.613,54.0,4.77,mw,,,,0.9,us,usp0006a2n,2014-11-07T00:55:10.636Z,"31 km SE of Fonseca, Colombia",earthquake,,31.0,,2.0,reviewed,us,us,1994-03-23,32168,Colombia,-1
1994-04-13 16:32:46.830000+00:00,11.098,-73.264,33.0,4.94,mw,,,,1.2,us,usp0006b1n,2014-11-07T00:55:18.033Z,"19 km SSE of Dibulla, Colombia",earthquake,,,,24.0,reviewed,us,us,1994-04-13,32125,Colombia,-1
1994-04-23 21:32:51.280000+00:00,3.93,-74.357,33.0,4.94,mw,,,,1.2,us,usp0006bhs,2014-11-07T00:55:20.581Z,"15 km ESE of Cabrera, Colombia",earthquake,,,,1.0,reviewed,us,us,1994-04-23,32367,Colombia,2
1994-05-07 11:16:06.270000+00:00,11.921,-71.794,33.0,4.77,mw,,,,0.8,us,usp0006c7n,2014-11-07T00:55:27.149Z,"56 km ENE of Uribia, Colombia",earthquake,,,,5.0,reviewed,us,us,1994-05-07,32383,Colombia,-1
1994-05-21 22:44:46.270000+00:00,6.787,-72.402,33.0,4.85,mw,,,,0.9,us,usp0006cwn,2014-11-07T00:55:30.020Z,"27 km NNE of Chiscas, Colombia",earthquake,,,,5.0,reviewed,us,us,1994-05-21,32373,Colombia,1
1994-06-02 18:35:05.790000+00:00,7.392,-72.012,33.0,5.45,mw,,,,0.8,us,usp0006djn,2014-11-07T00:55:37.481Z,"43 km NNE of Cubará, Colombia",earthquake,,,,22.0,reviewed,us,us,1994-06-02,32265,Colombia,1
1994-06-03 11:25:06.660000+00:00,3.524,-78.778,9.0,5.8,mw,,,,1.1,us,usp0006dme,2022-04-28T17:38:25.353Z,"118 km NNW of Mosquera, Colombia",earthquake,,,,,reviewed,us,hrv,1994-06-03,32264,Colombia,1
1994-06-06 20:47:40.530000+00:00,2.917,-76.057,12.1,6.8,mw,,,,1.1,us,usp0006dv8,2022-04-28T17:38:43.031Z,"23 km E of Toribío, Colombia",earthquake,,,,,reviewed,us,hrv,1994-06-06,32224,Colombia,1
1994-08-24 05:56:23.010000+00:00,6.547,-73.241,210.8,4.94,mw,,,,1.1,us,usp0006hdq,2014-11-07T00:56:07.336Z,"5 km S of Cabrera, Colombia",earthquake,,7.9,,23.0,reviewed,us,us,1994-08-24,32347,Colombia,1
1994-09-13 10:01:32.090000+00:00,7.054,-76.678,13.6,6.1,mw,,,,1.1,us,usp0006jct,2022-04-28T17:31:49.877Z,"17 km ENE of Murindó, Colombia",earthquake,,,,,reviewed,us,hrv,1994-09-13,32252,Colombia,1
1994-09-19 22:28:30.180000+00:00,6.872,-74.614,33.0,5.2,mw,,,,1.3,us,usp0006jqj,2014-11-07T00:56:18.747Z,"19 km SSE of Remedios, Colombia",earthquake,,,,40.0,reviewed,us,us,1994-09-19,32268,Colombia,1
1994-09-27 23:04:51.620000+00:00,5.68,-79.185,33.0,6.2,mw,,,,1.3,us,usp0006k3w,2022-04-28T17:32:53.098Z,"206 km WSW of Bahía Solano, Colombia",earthquake,,,,,reviewed,us,hrv,1994-09-27,32238,Colombia,-1
1994-09-29 03:31:54.980000+00:00,6.808,-72.944,161.9,4.77,mw,,,,0.7,us,usp0006k5p,2014-11-07T00:56:21.228Z,"6 km NNE of Cepitá, Colombia",earthquake,,4.7,,11.0,reviewed,us,us,1994-09-29,32381,Colombia,1
1994-10-16 12:31:58.360000+00:00,5.7,-79.27,33.0,5.2,mw,,,,1.3,us,usp0006m71,2014-11-07T00:56:31.541Z,"214 km WSW of Bahía Solano, Colombia",earthquake,,,,7.0,reviewed,us,us,1994-10-16,32461,Colombia,-1
1994-11-02 04:55:15.280000+00:00,5.312,-76.554,83.6,4.85,mw,,,,1.1,us,usp0006n18,2014-11-07T00:56:38.104Z,"5 km NNE of Tadó, Colombia",earthquake,,,,36.0,reviewed,us,us,1994-11-02,32518,Colombia,1
1994-11-13 05:05:21.630000+00:00,3.419,-79.208,33.0,5.03,mw,,,,1.3,us,usp0006nfw,2014-11-07T00:56:46.860Z,"131 km NW of Mosquera, Colombia",earthquake,,,,25.0,reviewed,us,us,1994-11-13,32504,Colombia,1
1994-11-26 04:48:03.230000+00:00,2.889,-79.494,10.0,5.3,mw,,,,0.9,us,usp0006p8k,2025-12-19T22:29:05.394Z,"123 km WNW of Mosquera, Colombia",earthquake,,,,,reviewed,us,hrv,1994-11-26,32455,Colombia,1
1994-12-10 15:24:18.810000+00:00,6.815,-72.993,158.3,5.2,mw,,,,1.0,us,usp0006pwj,2025-12-19T22:28:23.623Z,"7 km NNW of Cepitá, Colombia",earthquake,,,,,reviewed,us,hrv,1994-12-10,32478,Colombia,1
1994-12-16 04:31:38.530000+00:00,3.533,-78.824,29.5,5.11,mw,,,,1.4,us,usp0006q3g,2014-11-07T00:56:58.233Z,"120 km NNW of Mosquera, Colombia",earthquake,,,,21.0,reviewed,us,us,1994-12-16,32495,Colombia,1
1995-01-02 22:33:24.500000+00:00,5.008,-75.421,131.2,4.6,mw,,,,0.9,us,usp0006qsh,2014-11-07T00:57:04.696Z,"11 km ESE of Villamaría, Colombia",earthquake,,4.9,,11.0,reviewed,us,us,1995-01-02,32548,Colombia,1
1995-01-19 15:05:03.410000+00:00,5.05,-72.916,17.3,6.5,mw,,,,0.9,us,usp0006rkq,2022-04-29T17:46:19.802Z,"16 km ESE of Páez, Colombia",earthquake,,,,,reviewed,us,hrv,1995-01-19,32400,Colombia,2
1995-01-21 00:36:59.190000+00:00,6.539,-72.69,192.9,4.51,mw,,,,0.8,us,usp0006rnu,2014-11-07T00:57:10.023Z,"1 km NNE of Capitanejo, Colombia",earthquake,,18.5,,4.0,reviewed,us,us,1995-01-21,32578,Colombia,1
1995-01-28 12:18:05.760000+00:00,5.521,-73.617,33.0,5.03,mw,,,,0.9,us,usp0006s0k,2014-11-07T00:57:11.898Z,"2 km SE of Ráquira, Colombia",earthquake,,,,30.0,reviewed,us,us,1995-01-28,32515,Colombia,1
1995-02-08 18:40:25.380000+00:00,4.104,-76.622,73.5,6.4,mwb,,,,0.9,us,usp0006skc,2022-04-29T17:39:24.724Z,"24 km NW of Darien, Colombia",earthquake,,,,,reviewed,us,us,1995-02-08,32417,Colombia,1
1995-02-11 22:45:33.030000+00:00,12.591,-81.576,10.7,5.7,mw,,,,1.1,us,usp0006ss3,2022-04-29T17:39:33.136Z,"14 km E of San Andrés, Colombia",earthquake,,,,,reviewed,us,hrv,1995-02-11,32428,Colombia,-1
1995-03-04 23:23:40.680000+00:00,1.282,-77.307,5.0,4.77,mw,,,,1.2,us,usp0006tts,2021-10-20T17:29:56.868Z,"5 km E of Nariño, Colombia",earthquake,,,,11.0,reviewed,us,us,1995-03-04,32539,Colombia,-1
1995-03-13 09:03:55.910000+00:00,7.467,-72.738,197.2,4.51,mw,,,,1.2,us,usp0006u4v,2014-11-07T00:57:30.124Z,"8 km SSE of Cucutilla, Colombia",earthquake,,27.0,,2.0,reviewed,us,us,1995-03-13,32558,Colombia,1
1995-03-13 18:13:45.320000+00:00,7.897,-75.473,33.0,4.68,mw,,,,1.6,us,usp0006u5d,2014-11-07T00:57:30.432Z,"10 km SSW of Montelíbano, Colombia",earthquake,,,,3.0,reviewed,us,us,1995-03-13,32548,Colombia,1
1995-03-23 02:08:34.520000+00:00,7.418,-76.635,10.0,5.4,mw,,,,1.0,us,usp0006ukj,2022-04-29T17:32:35.357Z,"27 km S of Chigorodó, Colombia",earthquake,,,,,reviewed,us,hrv,1995-03-23,32441,Colombia,1
1995-04-12 18:22:33.030000+00:00,2.752,-78.351,46.7,5.1,mw,,,,0.9,us,usp0006vjf,2022-04-29T17:23:14.267Z,"29 km NNE of Mosquera, Colombia",earthquake,,,,,reviewed,us,hrv,1995-04-12,32497,Colombia,1
1995-04-23 23:55:40.700000+00:00,5.247,-72.476,33.0,5.3,mw,,,,1.0,us,usp0006w8h,2022-04-29T17:27:38.096Z,"11 km NE of Aguazul, Colombia",earthquake,,,,,reviewed,us,hrv,1995-04-23,32616,Colombia,2
1995-05-08 14:50:57.470000+00:00,7.073,-77.433,33.0,4.51,mw,,,,0.8,us,usp0006x2s,2014-11-07T00:57:53.910Z,"36 km E of Juradó, Colombia",earthquake,,,,2.0,reviewed,us,us,1995-05-08,32759,Colombia,1
1995-05-20 22:18:58.090000+00:00,5.553,-73.783,142.4,5.3,mw,,,,1.0,us,usp0006xsf,2025-12-19T22:21:08.809Z,"7 km WNW of San Miguel de Sema, Colombia",earthquake,,,,,reviewed,us,hrv,1995-05-20,32604,Colombia,1
1995-05-30 12:11:19.130000+00:00,6.888,-76.777,50.5,4.94,mw,,,,1.1,us,usp0006yax,2014-11-07T00:58:01.190Z,"11 km SSE of Murindó, Colombia",earthquake,,10.3,,29.0,reviewed,us,us,1995-05-30,32652,Colombia,1
1995-06-04 17:39:35.060000+00:00,4.905,-74.493,61.3,5.2,mw,,,,1.3,us,usp0006yjy,2014-11-07T00:58:05.744Z,"4 km NW of Guayabal de Síquima, Colombia",earthquake,,7.8,,12.0,reviewed,us,us,1995-06-04,32626,Colombia,-1
1995-06-18 04:43:28.720000+00:00,6.365,-74.099,33.0,4.51,mw,,,,1.3,us,usp0006zbb,2014-11-07T00:58:09.886Z,"17 km WNW of Cimitarra, Colombia",earthquake,,,,1.0,reviewed,us,us,1995-06-18,32745,Colombia,1
1995-06-22 12:04:37.350000+00:00,6.436,-77.54,33.0,4.6,mw,,,,1.2,us,usp0006zj6,2014-11-07T00:58:11.050Z,"27 km NNW of Bahía Solano, Colombia",earthquake,,,,12.0,reviewed,us,us,1995-06-22,32707,Colombia,1
1995-06-25 09:11:32.350000+00:00,7.789,-75.548,33.0,5.03,mw,,,,1.0,us,usp0006zp4,2014-11-07T00:58:11.624Z,"25 km SW of Montelíbano, Colombia",earthquake,,,,55.0,reviewed,us,us,1995-06-25,32649,Colombia,1
1995-07-05 18:17:03.750000+00:00,5.114,-72.917,53.7,5.11,mw,,,,1.4,us,usp000706k,2014-11-07T00:58:18.099Z,"12 km SSW of Chámeza, Colombia",earthquake,,8.9,,5.0,reviewed,us,us,1995-07-05,32645,Colombia,2
1995-07-06 21:10:19.260000+00:00,6.295,-73.292,150.0,4.77,mw,,,,0.5,us,usp000708g,2014-11-07T00:58:18.755Z,"3 km ESE of Guapotá, Colombia",earthquake,,,,6.0,reviewed,us,us,1995-07-06,32674,Colombia,1
1995-07-17 14:09:55.980000+00:00,3.466,-77.384,33.0,4.77,mw,,,,1.3,us,usp00070pj,2014-11-07T00:58:21.739Z,"44 km WSW of Buenaventura, Colombia",earthquake,,,,3.0,reviewed,us,us,1995-07-17,32680,Colombia,1
1995-07-23 15:06:51.870000+00:00,6.898,-73.099,154.3,5.11,mw,,,,1.4,us,usp00070wu,2014-11-07T00:58:22.769Z,"11 km SSW of Piedecuesta, Colombia",earthquake,,18.8,,5.0,reviewed,us,us,1995-07-23,32631,Colombia,1
1995-07-26 15:11:58.820000+00:00,2.741,-79.926,10.0,4.68,mw,,,,1.3,us,usp000710f,2014-11-07T00:58:23.290Z,"160 km WNW of Salahonda, Colombia",earthquake,,,,11.0,reviewed,us,us,1995-07-26,32683,Colombia,1
1995-08-19 21:43:31.920000+00:00,5.139,-75.577,119.6,6.6,mw,,,,1.0,us,usp000724g,2022-04-29T20:00:07.751Z,"7 km WSW of Neira, Colombia",earthquake,,,,,reviewed,us,hrv,1995-08-19,32589,Colombia,1
1995-09-01 04:54:25.140000+00:00,7.166,-77.918,42.3,4.94,mw,,,,1.1,us,usp00072rb,2014-11-07T00:58:38.771Z,"18 km WNW of Juradó, Colombia",earthquake,,7.5,,40.0,reviewed,us,us,1995-09-01,32662,Colombia,1
1995-09-26 06:43:13.930000+00:00,2.973,-77.754,84.5,4.85,mw,,,,1.2,us,usp000740f,2014-11-07T00:58:47.244Z,"24 km NNW of Timbiquí, Colombia",earthquake,,8.1,,16.0,reviewed,us,us,1995-09-26,32663,Colombia,1
1995-10-10 01:52:11.420000+00:00,5.879,-77.614,33.0,4.6,mw,,,,1.1,us,usp00074wc,2014-11-07T00:58:56.118Z,near the west coast of Colombia,earthquake,,,,4.0,reviewed,us,us,1995-10-10,32720,near the west coast of Colombia,1
1995-10-11 00:38:01.630000+00:00,5.521,-71.872,63.6,4.6,mw,,,,0.8,us,usp00074yg,2014-11-07T00:58:56.596Z,"19 km NW of San Luis de Palenque, Colombia",earthquake,,16.1,,1.0,reviewed,us,us,1995-10-11,32875,Colombia,-1
1995-10-11 19:47:45.620000+00:00,7.723,-76.688,33.0,3.95,mw,,,,1.0,us,usp00074zk,2014-11-07T00:58:56.727Z,"5 km SW of Carepa, Colombia",earthquake,,,,,reviewed,us,upa,1995-10-11,32924,Colombia,1
1995-10-14 20:44:05.830000+00:00,11.908,-71.74,58.8,4.85,mw,,,,0.9,us,usp000755d,2014-11-07T00:58:57.571Z,"61 km ENE of Uribia, Colombia",earthquake,,4.7,,39.0,reviewed,us,us,1995-10-14,32797,Colombia,-1
1995-10-23 13:02:29.720000+00:00,11.969,-73.204,33.0,4.6,mw,,,,1.2,us,usp00075m8,2014-11-07T00:59:00.241Z,"57 km NW of Riohacha, Colombia",earthquake,,,,7.0,reviewed,us,us,1995-10-23,32895,Colombia,-1
1995-10-31 05:24:04.450000+00:00,7.656,-75.615,49.0,5.11,mw,,,,0.9,us,usp000761g,2014-11-07T00:59:02.615Z,"30 km WNW of Cáceres, Colombia",earthquake,,5.5,,58.0,reviewed,us,us,1995-10-31,32772,Colombia,1
1995-11-13 12:36:53.520000+00:00,2.94,-79.414,10.0,5.4,mw,,,,1.1,us,usp00076sn,2025-12-19T23:06:26.042Z,"117 km WNW of Mosquera, Colombia",earthquake,,,,,reviewed,us,hrv,1995-11-13,32760,Colombia,1
1995-11-17 02:12:23.430000+00:00,6.963,-71.829,33.0,5.37,mw,,,,0.8,us,usp00076zm,2022-04-29T19:53:18.464Z,"19 km NNW of Fortul, Colombia",earthquake,,,,92.0,reviewed,us,us,1995-11-17,32760,Colombia,1
1995-12-13 10:22:13.740000+00:00,7.304,-72.596,33.0,4.43,mw,,,,0.6,us,usp00078xa,2014-11-07T00:59:26.024Z,"6 km NE of Cácota, Colombia",earthquake,,,,7.0,reviewed,us,us,1995-12-13,32915,Colombia,1
1996-01-10 15:57:48.220000+00:00,6.755,-72.973,171.3,5.11,mw,,,,0.9,us,usp0007atv,2014-11-07T00:59:38.899Z,"0 km ENE of Cepitá, Colombia",earthquake,,3.8,,42.0,reviewed,us,us,1996-01-10,32780,Colombia,1
1996-01-15 21:06:05.920000+00:00,8.9,-74.113,33.0,4.6,mw,,,,1.5,us,usp0007b53,2014-11-07T00:59:40.599Z,"5 km S of Barranco de Loba, Colombia",earthquake,,,,5.0,reviewed,us,us,1996-01-15,32875,Colombia,-1
1996-02-03 04:15:37.060000+00:00,7.664,-73.358,124.7,4.51,mw,,,,1.2,us,usp0007c72,2014-11-07T00:59:49.321Z,"11 km SSE of San Alberto, Colombia",earthquake,,,,8.0,reviewed,us,us,1996-02-03,32904,Colombia,1
1996-02-03 12:26:49.800000+00:00,2.717,-79.84,33.0,5.28,mw,,,,1.0,us,usp0007c7y,2014-11-07T00:59:49.677Z,"151 km WNW of Salahonda, Colombia",earthquake,,,,62.0,reviewed,us,us,1996-02-03,32763,Colombia,1
1996-02-23 04:07:15.030000+00:00,4.164,-78.743,33.0,4.94,mw,,,,1.0,us,usp0007dr8,2014-11-07T00:59:57.399Z,"153 km W of Santa Genoveva de Docordó, Colombia",earthquake,,,,34.0,reviewed,us,us,1996-02-23,32793,Colombia,1
1996-03-03 18:30:29.300000+00:00,6.981,-76.463,64.4,4.68,mw,,,,1.5,us,usp0007e9w,2014-11-07T01:00:03.126Z,"21 km W of Dabeiba, Colombia",earthquake,,15.6,,19.0,reviewed,us,us,1996-03-03,32823,Colombia,1
1996-03-03 19:51:38.080000+00:00,7.366,-72.981,162.4,4.43,mw,,,,1.1,us,usp0007ea1,2014-11-07T01:00:03.161Z,"0 km E of Suratá, Colombia",earthquake,,8.7,,8.0,reviewed,us,us,1996-03-03,32912,Colombia,1
1996-03-11 19:42:09.840000+00:00,7.178,-73.421,150.0,4.51,mw,,,,1.5,us,usp0007emp,2014-11-07T01:00:05.600Z,"23 km WNW of Lebrija, Colombia",earthquake,,,,4.0,reviewed,us,us,1996-03-11,32904,Colombia,1
1996-03-14 22:47:22.320000+00:00,5.33,-72.952,33.0,4.6,mw,,,,1.2,us,usp0007esr,2014-11-07T01:00:06.352Z,"15 km NW of Chámeza, Colombia",earthquake,,,,6.0,reviewed,us,us,1996-03-14,32856,Colombia,2
1996-03-23 03:05:53.910000+00:00,8.429,-72.614,203.9,4.68,mw,,,,0.9,us,usp0007f5k,2014-11-07T01:00:08.048Z,"23 km WNW of Puerto Santander, Colombia",earthquake,,,,52.0,reviewed,us,us,1996-03-23,32851,Colombia,1
1996-04-12 18:00:35.380000+00:00,7.357,-77.631,33.0,4.77,mw,,,,0.6,us,usp0007g39,2014-11-07T01:00:16.711Z,"31 km NNE of Juradó, Colombia",earthquake,,,,4.0,reviewed,us,us,1996-04-12,33026,Colombia,1
1996-04-23 11:09:00.610000+00:00,12.563,-72.862,33.0,4.77,mw,,,,1.0,us,usp0007ggv,2014-11-07T01:00:18.756Z,near the north coast of Colombia,earthquake,,,,27.0,reviewed,us,us,1996-04-23,33002,near the north coast of Colombia,-1
1996-04-27 08:40:41.850000+00:00,2.368,-79.341,10.0,6.2,mwb,,,,1.3,us,usp0007gns,2022-04-29T20:18:27.498Z,"84 km WNW of Salahonda, Colombia",earthquake,,,,,reviewed,us,us,1996-04-27,32944,Colombia,1
1996-05-09 00:50:38.620000+00:00,4.636,-73.058,44.8,5.03,mw,,,,0.9,us,usp0007h4m,2014-11-07T01:00:26.124Z,"12 km NW of Barranca de Upía, Colombia",earthquake,,,,34.0,reviewed,us,us,1996-05-09,32975,Colombia,2
1996-05-10 15:11:28.280000+00:00,7.441,-74.515,71.6,4.51,mw,,,,0.9,us,usp0007h72,2014-11-07T01:00:26.488Z,"37 km ESE of El Bagre, Colombia",earthquake,,,,6.0,reviewed,us,us,1996-05-10,33093,Colombia,1
1996-05-13 04:53:47.750000+00:00,7.227,-76.947,27.7,5.3,mwc,,,,0.9,us,usp0007hba,2022-04-29T20:20:18.243Z,"30 km NNW of Murindó, Colombia",earthquake,,,,,reviewed,us,hrv,1996-05-13,32971,Colombia,1
1996-05-23 01:57:22.980000+00:00,5.9,-77.584,33.0,5.7,mwc,,,,0.8,us,usp0007hpx,2022-04-29T20:20:34.278Z,"40 km WNW of Nuquí, Colombia",earthquake,,,,,reviewed,us,hrv,1996-05-23,32955,Colombia,1
1996-05-28 11:03:12.640000+00:00,3.174,-79.125,33.0,4.77,mw,,,,1.1,us,usp0007hvx,2014-11-07T01:00:29.422Z,"105 km NW of Mosquera, Colombia",earthquake,,,,19.0,reviewed,us,us,1996-05-28,33049,Colombia,1
1996-06-01 22:34:29.900000+00:00,2.889,-79.632,22.5,4.43,mw,,,,1.3,us,usp0007j11,2014-11-07T01:00:32.292Z,"137 km WNW of Mosquera, Colombia",earthquake,,,,10.0,reviewed,us,us,1996-06-01,33112,Colombia,1
1996-06-09 20:06:13.260000+00:00,6.95,-72.801,150.0,4.77,mw,,,,0.6,us,usp0007jca,2014-11-07T01:00:35.530Z,"10 km NE of Guaca, Colombia",earthquake,,,,8.0,reviewed,us,us,1996-06-09,33040,Colombia,1
1996-06-11 16:57:35.430000+00:00,7.063,-74.579,59.2,5.2,mw,,,,0.9,us,usp0007jkt,2014-11-07T01:00:37.127Z,"13 km ENE of Remedios, Colombia",earthquake,,,,63.0,reviewed,us,us,1996-06-11,32972,Colombia,1
1996-06-17 14:06:34.760000+00:00,4.444,-78.569,10.0,4.51,mw,,,,1.5,us,usp0007jwj,2014-11-07T01:00:38.470Z,"135 km W of Santa Genoveva de Docordó, Colombia",earthquake,,,,9.0,reviewed,us,us,1996-06-17,33096,Colombia,1
1996-07-03 03:08:28.920000+00:00,7.348,-75.287,52.9,4.85,mw,,,,1.3,us,usp0007kn3,2014-11-07T01:00:44.928Z,"13 km ENE of Valdivia, Colombia",earthquake,,,,19.0,reviewed,us,us,1996-07-03,32994,Colombia,1
1996-07-17 21:15:31.050000+00:00,7.82,-72.71,33.0,4.85,mw,,,,0.7,us,usp0007m68,2014-11-07T01:00:48.273Z,"4 km S of Santiago, Colombia",earthquake,,,,36.0,reviewed,us,us,1996-07-17,32990,Colombia,1
1996-07-26 12:53:40.730000+00:00,5.373,-77.69,73.4,4.51,mw,,,,1.2,us,usp0007mmm,2014-11-07T01:00:50.409Z,"58 km NW of Pizarro, Colombia",earthquake,,46.6,,7.0,reviewed,us,us,1996-07-26,33078,Colombia,1
1996-08-06 21:35:17.110000+00:00,6.816,-73.156,177.3,4.68,mw,,,,0.7,us,usp0007n6t,2014-11-07T01:00:56.615Z,"11 km NW of Jordán, Colombia",earthquake,,10.4,,9.0,reviewed,us,us,1996-08-06,33060,Colombia,1
1996-08-24 14:01:58.210000+00:00,8.679,-72.709,20.8,4.77,mw,,,,1.0,us,usp0007p04,2014-11-07T01:01:01.307Z,Colombia-Venezuela border region,earthquake,,,,10.0,reviewed,us,us,1996-08-24,33010,Colombia-Venezuela border region,1
1996-08-31 01:33:47.410000+00:00,5.513,-75.297,33.0,4.77,mw,,,,0.75,us,usp0007p8n,2014-11-07T01:01:02.533Z,"17 km SW of Nariño, Colombia",earthquake,,,,8.0,reviewed,us,us,1996-08-31,33004,Colombia,-1
1996-09-08 05:42:39.090000+00:00,6.566,-75.982,33.0,4.51,mw,,,,0.99,us,usp0007pns,2014-11-07T01:01:08.327Z,"11 km SE of Abriaquí, Colombia",earthquake,,,,2.0,reviewed,us,us,1996-09-08,33085,Colombia,1
1996-09-11 06:28:45.640000+00:00,4.255,-76.577,109.4,5.3,mwc,,,,0.89,us,usp0007ptt,2025-12-19T23:30:50.207Z,"28 km W of Trujillo, Colombia",earthquake,,,,,reviewed,us,hrv,1996-09-11,32959,Colombia,1
1996-09-27 14:01:05.570000+00:00,6.979,-77.993,10.0,4.94,mw,,,,1.2,us,usp0007qjt,2014-11-07T01:01:13.612Z,"29 km WSW of Juradó, Colombia",earthquake,,,,7.0,reviewed,us,us,1996-09-27,32985,Colombia,1
1996-11-04 17:24:57.430000+00:00,7.306,-77.393,14.0,6.3,mwc,,,,1.25,us,usp0007seb,2022-04-29T20:38:26.203Z,"33 km WSW of Riosucio, Colombia",earthquake,,,,,reviewed,us,hrv,1996-11-04,33150,Colombia,1
1996-11-04 18:03:22.790000+00:00,6.652,-78.181,33.0,4.43,mw,,,,0.81,us,usp0007see,2014-11-07T01:01:32.444Z,"68 km SW of Juradó, Colombia",earthquake,,,,3.0,reviewed,us,us,1996-11-04,33296,Colombia,1
1996-11-18 00:31:49.570000+00:00,5.392,-78.622,33.0,4.6,mw,,,,0.89,us,usp0007t5r,2014-11-07T01:01:36.337Z,"147 km WNW of Pizarro, Colombia",earthquake,,,,2.0,reviewed,us,us,1996-11-18,33208,Colombia,1
1996-11-18 15:42:30.140000+00:00,12.47,-81.543,10.0,5.03,mw,,,,1.36,us,usp0007t6q,2014-11-07T01:01:36.547Z,"21 km SE of San Andrés, Colombia",earthquake,,,,10.0,reviewed,us,us,1996-11-18,33175,Colombia,-1
1996-11-22 01:08:07.360000+00:00,6.116,-74.226,47.0,5.03,mw,,,,1.21,us,usp0007tca,2014-11-07T01:01:37.317Z,"37 km SW of Cimitarra, Colombia",earthquake,,,,14.0,reviewed,us,us,1996-11-22,33181,Colombia,1
1996-11-24 02:53:55.330000+00:00,7.083,-73.238,150.0,4.51,mw,,,,0.96,us,usp0007tfp,2014-11-07T01:01:37.704Z,"4 km SW of Lebrija, Colombia",earthquake,,,,2.0,reviewed,us,us,1996-11-24,33241,Colombia,1
1996-11-29 00:55:13+00:00,6.96,-76.781,33.0,4.77,mw,,,,0.99,us,usp0007tq1,2014-11-07T01:01:39.006Z,"4 km ESE of Murindó, Colombia",earthquake,,,,5.0,reviewed,us,us,1996-11-29,33188,Colombia,1
1996-12-05 14:59:48.120000+00:00,4.916,-78.517,10.0,5.11,mw,,,,1.0,us,usp0007tzz,2014-11-07T01:01:44.552Z,"127 km W of Pizarro, Colombia",earthquake,,,,10.0,reviewed,us,us,1996-12-05,33170,Colombia,1
1996-12-12 07:13:03.620000+00:00,6.615,-73.249,189.9,4.51,mw,,,,1.06,us,usp0007uah,2014-11-07T01:01:46.551Z,"2 km N of Cabrera, Colombia",earthquake,,7.1,,10.0,reviewed,us,us,1996-12-12,33257,Colombia,1
1996-12-19 13:46:41.920000+00:00,2.898,-79.165,33.0,4.6,mw,,,,0.94,us,usp0007upb,2014-11-07T01:01:48.293Z,"90 km WNW of Mosquera, Colombia",earthquake,,,,3.0,reviewed,us,us,1996-12-19,33202,Colombia,1
1996-12-26 18:44:18.260000+00:00,6.74,-76.393,57.3,4.51,mw,,,,0.85,us,usp0007v0v,2014-11-07T01:01:50.109Z,"28 km W of Frontino, Colombia",earthquake,,14.5,,5.0,reviewed,us,us,1996-12-26,33231,Colombia,1
1997-01-01 04:35:51.880000+00:00,6.813,-72.894,163.7,5.3,mwc,,,,1.1,us,usp0007v9d,2025-12-19T22:15:43.824Z,"4 km W of San Andrés, Colombia",earthquake,,,,,reviewed,us,hrv,1997-01-01,33164,Colombia,1
1997-01-24 12:51:05.440000+00:00,6.388,-72.316,50.0,4.43,mw,,,,0.56,us,usp0007w9x,2014-11-07T01:02:00.064Z,"13 km SE of Güicán, Colombia",earthquake,,,,1.0,reviewed,us,us,1997-01-24,33276,Colombia,1
1997-02-03 06:46:30.940000+00:00,7.204,-72.242,33.0,4.43,mw,,,,0.91,us,usp0007wq2,2014-11-07T01:02:05.237Z,"26 km NW of Cubará, Colombia",earthquake,,,,1.0,reviewed,us,us,1997-02-03,33285,Colombia,1
1997-02-04 17:31:11.820000+00:00,6.735,-77.795,55.2,5.28,mw,,,,0.89,us,usp0007wsg,2022-04-29T16:42:57.457Z,"40 km S of Juradó, Colombia",earthquake,,8.0,,50.0,reviewed,us,us,1997-02-04,33164,Colombia,1
1997-02-19 18:25:12.570000+00:00,4.564,-76.494,100.7,5.8,mwc,,,,0.95,us,usp0007xgf,2022-04-29T16:43:36.487Z,"19 km ESE of Sipí, Colombia",earthquake,,,,,reviewed,us,hrv,1997-02-19,33150,Colombia,1
1997-03-10 14:17:44.950000+00:00,5.223,-72.805,33.0,5.2,mw,,,,0.89,us,usp0007ymk,2022-04-29T16:45:39.243Z,"4 km W of Recetor, Colombia",earthquake,,,,53.0,reviewed,us,us,1997-03-10,33168,Colombia,2
1997-03-19 06:55:21.440000+00:00,7.579,-72.674,150.0,4.51,mw,,,,0.8,us,usp0007z2b,2014-11-07T01:02:20.964Z,"4 km SW of Bochalema, Colombia",earthquake,,,,1.0,reviewed,us,us,1997-03-19,33242,Colombia,1
1997-03-30 10:38:44.500000+00:00,5.588,-73.891,135.6,4.77,mw,,,,0.92,us,usp0007zqg,2014-11-07T01:02:24.326Z,"4 km NW of Caldas, Colombia",earthquake,,6.2,,5.0,reviewed,us,us,1997-03-30,33195,Colombia,1
1997-05-02 06:18:45.130000+00:00,6.008,-72.133,33.0,4.51,mw,,,,1.18,us,usp00081ma,2014-11-07T01:02:42.896Z,"16 km SE of Sácama, Colombia",earthquake,,,,3.0,reviewed,us,us,1997-05-02,33426,Colombia,1
1997-05-11 13:20:53.910000+00:00,5.518,-72.702,70.6,4.94,mw,,,,0.75,us,usp000823v,2014-11-07T01:02:45.994Z,"14 km WSW of Labranzagrande, Colombia",earthquake,,5.6,,28.0,reviewed,us,us,1997-05-11,33394,Colombia,2
1997-05-16 05:34:21.080000+00:00,7.425,-73.045,100.0,4.43,mw,,,,0.62,us,usp00082cb,2014-11-07T01:02:47.165Z,"9 km NW of Suratá, Colombia",earthquake,,,,1.0,reviewed,us,us,1997-05-16,33459,Colombia,1
1997-06-11 07:07:37.570000+00:00,6.722,-73.115,166.0,5.2,mw,,,,0.93,us,usp00083cy,2014-11-07T01:02:55.074Z,"2 km WSW of Jordán, Colombia",earthquake,,,,48.0,reviewed,us,us,1997-06-11,33343,Colombia,1
1997-06-18 22:35:14.900000+00:00,4.511,-76.114,33.0,4.43,mw,,,,1.24,us,usp00083q2,2014-11-07T01:02:58.196Z,"2 km SSW of La Unión, Colombia",earthquake,,,,2.0,reviewed,us,us,1997-06-18,33439,Colombia,1
1997-06-19 07:06:33.810000+00:00,7.533,-74.681,33.0,4.43,mw,,,,1.44,us,usp00083qd,2014-11-07T01:02:58.768Z,"16 km ESE of El Bagre, Colombia",earthquake,,,,3.0,reviewed,us,us,1997-06-19,33473,Colombia,1
1997-07-03 04:47:19.080000+00:00,3.026,-79.328,33.0,4.94,mw,,,,1.41,us,usp000849h,2014-11-07T01:03:04.719Z,"113 km WNW of Mosquera, Colombia",earthquake,,,,14.0,reviewed,us,us,1997-07-03,33391,Colombia,1
1997-07-06 03:59:38.110000+00:00,7.506,-75.195,58.8,4.77,mw,,,,0.95,us,usp00084et,2014-11-07T01:03:05.880Z,"18 km ESE of Cáceres, Colombia",earthquake,,,,1.0,reviewed,us,us,1997-07-06,33401,Colombia,1
1997-07-13 05:59:13.150000+00:00,6.03,-72.982,33.0,4.43,mw,,,,1.1,us,usp00084t2,2014-11-07T01:03:08.314Z,"8 km WNW of Belén, Colombia",earthquake,,,,1.0,reviewed,us,us,1997-07-13,33457,Colombia,1
1997-07-17 12:45:36.380000+00:00,3.774,-74.027,42.4,5.2,mw,,,,1.03,us,usp00084z8,2014-11-07T01:03:09.020Z,Colombia,earthquake,,5.4,,27.0,reviewed,us,us,1997-07-17,33369,Colombia,2
1997-08-07 13:12:38.720000+00:00,3.591,-76.791,104.5,4.51,mw,,,,1.03,us,usp00085x0,2014-11-07T01:03:16.762Z,"13 km WSW of Dagua, Colombia",earthquake,,14.3,,2.0,reviewed,us,us,1997-08-07,33405,Colombia,1
1997-08-20 12:26:33.940000+00:00,6.999,-72.809,150.0,4.43,mw,,,,1.14,us,usp00086gq,2014-11-07T01:03:19.690Z,"10 km E of Santa Bárbara, Colombia",earthquake,,,,1.0,reviewed,us,us,1997-08-20,33452,Colombia,1
1997-09-02 12:13:22.920000+00:00,3.849,-75.749,198.7,6.8,mwb,,,,0.85,us,usp000871m,2022-04-29T16:59:22.550Z,"24 km SW of Roncesvalles, Colombia",earthquake,,1.8,,,reviewed,us,us,1997-09-02,33329,Colombia,1
1997-09-07 02:45:59.630000+00:00,2.626,-79.821,10.0,5.2,mw,,,,0.83,us,usp000877w,2014-11-07T01:03:27.679Z,"144 km WNW of Salahonda, Colombia",earthquake,,,,41.0,reviewed,us,us,1997-09-07,33338,Colombia,1
1997-09-09 05:45:47.370000+00:00,5.789,-77.516,21.4,5.1,mwc,,,,0.95,us,usp00087b0,2022-04-29T16:59:58.080Z,"28 km WNW of Nuquí, Colombia",earthquake,,,,,reviewed,us,hrv,1997-09-09,33377,Colombia,1
1997-09-23 16:26:14.210000+00:00,5.436,-77.811,33.0,5.11,mw,,,,0.81,us,usp00087x4,2014-11-07T01:03:30.800Z,"67 km WSW of Nuquí, Colombia",earthquake,,,,37.0,reviewed,us,us,1997-09-23,33376,Colombia,1
1997-10-05 00:54:57.870000+00:00,2.62,-79.789,10.0,5.3,mwc,,,,0.91,us,usp00088j4,2025-12-19T22:20:46.471Z,"141 km WNW of Salahonda, Colombia",earthquake,,,,,reviewed,us,hrv,1997-10-05,33497,Colombia,1
1997-10-16 02:46:44.810000+00:00,7.049,-73.077,135.6,5.03,mw,,,,1.13,us,usp000895g,2014-11-07T01:03:42.498Z,"1 km SE of Floridablanca, Colombia",earthquake,,16.5,,3.0,reviewed,us,us,1997-10-16,33529,Colombia,1
1997-10-17 04:01:05.320000+00:00,5.84,-77.597,10.0,4.85,mw,,,,1.24,us,usp000896y,2014-11-07T01:03:42.686Z,"38 km WNW of Nuquí, Colombia",earthquake,,,,12.0,reviewed,us,us,1997-10-17,33555,Colombia,1
1997-11-02 21:54:01.020000+00:00,4.858,-77.443,68.5,5.11,mw,,,,1.1,us,usp00089zm,2014-11-07T01:03:50.587Z,"13 km SW of Pizarro, Colombia",earthquake,,7.5,,24.0,reviewed,us,us,1997-11-02,33513,Colombia,1
1997-11-03 04:07:50.790000+00:00,6.726,-73.349,200.0,4.85,mw,,,,1.41,us,usp0008a0a,2014-11-07T01:03:50.801Z,"11 km NW of Galán, Colombia",earthquake,,,,2.0,reviewed,us,us,1997-11-03,33530,Colombia,1
1997-11-18 11:36:52.770000+00:00,12.339,-72.484,33.0,4.6,mw,,,,1.08,us,usp0008aw1,2014-11-07T01:03:55.515Z,"62 km N of Manaure, Colombia",earthquake,,,,1.0,reviewed,us,us,1997-11-18,33586,Colombia,-1
1997-11-19 10:34:17.010000+00:00,3.23,-76.467,85.5,4.85,mw,,,,0.94,us,usp0008ayv,2014-11-07T01:03:56.003Z,"5 km W of Puerto Tejada, Colombia",earthquake,,3.4,,10.0,reviewed,us,us,1997-11-19,33551,Colombia,1
1997-12-10 20:12:13.980000+00:00,4.676,-76.07,102.5,4.85,mw,,,,0.9,us,usp0008ce5,2014-11-07T01:04:06.647Z,"7 km N of Toro, Colombia",earthquake,,3.4,,19.0,reviewed,us,us,1997-12-10,33552,Colombia,1
1997-12-11 07:56:28.850000+00:00,3.929,-75.787,177.5,6.4,mwb,,,,0.88,us,usp0008cf7,2022-04-29T17:12:09.334Z,"22 km WSW of Roncesvalles, Colombia",earthquake,,,,,reviewed,us,us,1997-12-11,33485,Colombia,1
1997-12-14 21:02:23.850000+00:00,6.663,-72.666,173.0,4.43,mw,,,,1.32,us,usp0008cnh,2014-11-07T01:04:07.766Z,"3 km E of Enciso, Colombia",earthquake,,34.2,,3.0,reviewed,us,us,1997-12-14,33620,Colombia,1
1998-01-04 20:44:20.480000+00:00,8.754,-73.873,33.0,5.03,mw,,,,0.91,us,usp0008drr,2014-11-07T01:04:17.242Z,"11 km NNW of Regidor, Colombia",earthquake,,,,18.0,reviewed,us,us,1998-01-04,33514,Colombia,-1
1998-01-12 10:06:08.410000+00:00,6.856,-76.76,45.4,4.43,mw,,,,1.32,us,usp0008e5e,2014-11-07T01:04:19.470Z,"15 km SSE of Murindó, Colombia",earthquake,,8.6,,1.0,reviewed,us,us,1998-01-12,33624,Colombia,1
1998-01-14 01:39:00.800000+00:00,6.662,-78.112,11.4,3.77,mw,,,,,us,usp0008e9t,2014-11-07T01:04:20.058Z,"62 km SW of Juradó, Colombia",earthquake,,,,,reviewed,upa,upa,1998-01-14,33658,Colombia,1
1998-01-20 10:30:32.200000+00:00,7.424,-76.444,100.0,4.43,mw,,,,1.36,us,usp0008epx,2014-11-07T01:04:21.400Z,"19 km N of Mutatá, Colombia",earthquake,,,,1.0,reviewed,us,us,1998-01-20,33625,Colombia,1
1998-02-02 14:21:27.790000+00:00,4.961,-74.569,45.4,4.6,mw,,,,0.81,us,usp0008fb9,2014-11-07T01:04:27.692Z,"3 km ENE of Chaguaní, Colombia",earthquake,,7.7,,2.0,reviewed,us,us,1998-02-02,33613,Colombia,-1
1998-02-10 06:24:50.750000+00:00,5.147,-72.947,33.0,4.77,mw,,,,0.98,us,usp0008frv,2014-11-07T01:04:31.637Z,"11 km SW of Chámeza, Colombia",earthquake,,,,5.0,reviewed,us,us,1998-02-10,33576,Colombia,2
1998-02-10 19:26:26.350000+00:00,7.123,-77.094,33.0,4.6,mw,,,,1.02,us,usp0008fsy,2014-11-07T01:04:31.743Z,"34 km WNW of Murindó, Colombia",earthquake,,,,1.0,reviewed,us,us,1998-02-10,33605,Colombia,1
1998-02-17 16:06:31.900000+00:00,7.323,-72.294,66.9,4.6,mw,,,,1.06,us,usp0008g4n,2014-11-07T01:04:33.749Z,"20 km E of Toledo, Colombia",earthquake,,24.6,,2.0,reviewed,us,us,1998-02-17,33592,Colombia,1
1998-02-21 06:24:41.200000+00:00,5.661,-78.493,0.0,4.51,mw,,,,,us,usp0008gc4,2014-11-07T01:04:34.619Z,"135 km W of Nuquí, Colombia",earthquake,,,,1.0,reviewed,upa,us,1998-02-21,33613,Colombia,1
1998-02-22 00:52:30.100000+00:00,5.169,-75.933,33.2,3.86,mw,,,,,us,usp0008gdj,2014-11-07T01:04:34.730Z,"6 km N of Apía, Colombia",earthquake,,,,,reviewed,upa,upa,1998-02-22,33625,Colombia,1
1998-02-22 03:04:29.500000+00:00,6.652,-77.31,42.2,3.86,mw,,,,,us,usp0008gdq,2014-11-07T01:04:34.769Z,"46 km W of Vigía del Fuerte, Colombia",earthquake,,,,,reviewed,upa,upa,1998-02-22,33639,Colombia,1
1998-03-08 04:59:08.330000+00:00,6.154,-73.94,33.0,5.37,mw,,,,0.95,us,usp0008h59,2022-04-29T17:21:09.673Z,"15 km WSW of Landázuri, Colombia",earthquake,,,,51.0,reviewed,us,us,1998-03-08,33496,Colombia,1
1998-03-27 04:11:46.190000+00:00,6.467,-73.628,33.0,4.68,mw,,,,0.95,us,usp0008j3t,2014-11-07T01:04:50.545Z,"25 km NW of Contratación, Colombia",earthquake,,,,5.0,reviewed,us,us,1998-03-27,33584,Colombia,1
1998-04-01 19:24:26.500000+00:00,7.396,-71.864,33.0,4.85,mw,,,,1.44,us,usp0008jdd,2014-11-07T01:04:54.999Z,"50 km NNE of Cubará, Colombia",earthquake,,,,4.0,reviewed,us,us,1998-04-01,33717,Colombia,1
1998-04-18 14:24:08.700000+00:00,6.68,-73.306,33.0,4.51,mw,,,,0.96,us,usp0008kgu,2014-11-07T01:05:01.121Z,"5 km NNW of Galán, Colombia",earthquake,,,,3.0,reviewed,us,us,1998-04-18,33805,Colombia,1
1998-04-22 00:57:33.090000+00:00,3.256,-74.369,68.9,4.43,mw,,,,1.24,us,usp0008kqy,2014-11-07T01:05:02.926Z,"38 km WSW of Mesetas, Colombia",earthquake,,11.5,,5.0,reviewed,us,us,1998-04-22,33807,Colombia,2
1998-05-02 15:21:31.020000+00:00,7.025,-73.53,150.0,4.51,mw,,,,1.45,us,usp0008mas,2014-11-07T01:05:09.142Z,"20 km NW of San Vicente de Chucurí, Colombia",earthquake,,,,2.0,reviewed,us,us,1998-05-02,33773,Colombia,1
1998-05-14 19:03:35.960000+00:00,3.352,-79.449,33.0,5.03,mw,,,,1.51,us,usp0008n2f,2014-11-07T01:05:13.170Z,"144 km NW of Mosquera, Colombia",earthquake,,,,7.0,reviewed,us,us,1998-05-14,33694,Colombia,1
1998-05-21 11:26:35.820000+00:00,6.271,-73.863,52.7,4.68,mw,,,,1.15,us,usp0008ng3,2014-11-07T01:05:14.783Z,"8 km NW of Landázuri, Colombia",earthquake,,11.2,,10.0,reviewed,us,us,1998-05-21,33746,Colombia,1
1998-05-25 02:17:55.150000+00:00,6.842,-72.933,154.9,5.28,mw,,,,0.89,us,usp0008npj,2014-11-07T01:05:15.747Z,"9 km WSW of Guaca, Colombia",earthquake,,,,53.0,reviewed,us,us,1998-05-25,33680,Colombia,1
1998-06-22 07:03:13.270000+00:00,2.722,-76.81,142.4,4.85,mw,,,,0.76,us,usp0008q9d,2014-11-07T01:05:26.133Z,"20 km W of Morales, Colombia",earthquake,,,,37.0,reviewed,us,us,1998-06-22,33713,Colombia,1
1998-06-23 01:36:31.800000+00:00,10.546,-76.349,35.0,5.7,mwc,,,,0.78,us,usp0008qay,2022-04-29T17:32:00.823Z,"92 km W of Cartagena, Colombia",earthquake,,,,,reviewed,us,hrv,1998-06-23,33663,Colombia,-1
1998-07-02 07:57:40.300000+00:00,8.051,-77.284,21.2,3.86,mw,,,,,us,usp0008qu8,2014-11-07T01:05:31.169Z,"21 km W of Unguía, Colombia",earthquake,,,,,reviewed,upa,upa,1998-07-02,33834,Colombia,3
1998-07-08 11:03:33.750000+00:00,7.269,-73.229,120.2,4.51,mw,,,,0.98,us,usp0008r5q,2014-11-07T01:05:33.872Z,"17 km N of Lebrija, Colombia",earthquake,,18.7,,1.0,reviewed,us,us,1998-07-08,33771,Colombia,1
1998-07-18 23:51:27.050000+00:00,1.082,-77.993,33.0,4.94,mw,,,,1.41,us,usp0008ruc,2014-11-07T01:05:37.057Z,"14 km S of Ricaurte, Colombia",earthquake,,,,17.0,reviewed,us,us,1998-07-18,33706,Colombia,-1
1998-07-20 14:02:11.820000+00:00,6.756,-77.452,10.0,4.6,mw,,,,1.23,us,usp0008rxa,2014-11-07T01:05:37.408Z,"51 km SE of Juradó, Colombia",earthquake,,,,6.0,reviewed,us,us,1998-07-20,33755,Colombia,1
1998-08-21 13:00:12.750000+00:00,4.808,-77.596,55.2,5.03,mw,,,,1.34,us,usp0008tmz,2014-11-07T01:05:52.017Z,"30 km WSW of Pizarro, Colombia",earthquake,,8.1,,2.0,reviewed,us,us,1998-08-21,33684,Colombia,1
1998-08-23 12:36:56.800000+00:00,8.616,-74.455,33.0,4.51,mw,,,,1.01,us,usp0008trd,2014-11-07T01:05:52.408Z,"12 km ENE of Achí, Colombia",earthquake,,,,2.0,reviewed,us,us,1998-08-23,33761,Colombia,1
1998-09-17 22:22:52.010000+00:00,12.017,-81.622,33.0,4.22,mw,,,,1.23,us,usp0008v3p,2014-11-07T01:06:04.213Z,"63 km S of San Andrés, Colombia",earthquake,,,,,reviewed,us,upa,1998-09-17,33832,Colombia,-1
1998-09-19 06:15:30.390000+00:00,6.619,-77.084,33.0,4.77,mw,,,,1.1,us,usp0008v65,2014-11-07T01:06:04.439Z,"21 km W of Vigía del Fuerte, Colombia",earthquake,,,,17.0,reviewed,us,us,1998-09-19,33745,Colombia,1
1998-10-07 04:37:13.380000+00:00,5.499,-77.561,100.0,4.6,mw,,,,1.01,us,usp0008w40,2014-11-07T01:06:12.643Z,"39 km SW of Nuquí, Colombia",earthquake,,,,8.0,reviewed,us,us,1998-10-07,33962,Colombia,1
1998-10-19 23:05:15.190000+00:00,3.473,-79.234,33.0,4.94,mw,,,,0.92,us,usp0008ws8,2014-11-07T01:06:16.263Z,"137 km NW of Mosquera, Colombia",earthquake,,,,30.0,reviewed,us,us,1998-10-19,33895,Colombia,1
1998-10-26 21:55:50.460000+00:00,6.742,-73.068,168.8,4.94,mw,,,,1.08,us,usp0008x3x,2014-11-07T01:06:17.916Z,"3 km ENE of Jordán, Colombia",earthquake,,,,8.0,reviewed,us,us,1998-10-26,33871,Colombia,1
1998-11-19 00:32:27.200000+00:00,7.306,-77.398,5.0,3.86,mw,,,,,us,usp0008ydk,2014-11-07T01:06:27.900Z,"34 km WSW of Riosucio, Colombia",earthquake,,,,,reviewed,upa,upa,1998-11-19,34014,Colombia,1
1998-11-26 07:36:38.370000+00:00,5.256,-76.277,95.2,4.04,mw,,,,0.94,us,usp0008yrt,2014-11-07T01:06:29.390Z,"23 km SE of Bagadó, Colombia",earthquake,,21.4,,,reviewed,us,upa,1998-11-26,34008,Colombia,1
1998-12-28 11:01:24.250000+00:00,7.284,-72.585,103.9,4.51,mw,,,,1.17,us,usp000909h,2014-11-07T01:06:42.169Z,"6 km ENE of Cácota, Colombia",earthquake,,24.4,,4.0,reviewed,us,us,1998-12-28,33976,Colombia,1
1999-01-25 18:19:16.870000+00:00,4.461,-75.724,17.0,6.1,mwc,,,,1.01,us,usp00091q3,2022-04-29T17:59:58.738Z,Colombia,earthquake,,,,,reviewed,us,hrv,1999-01-25,33852,Colombia,1
1999-01-27 14:06:37.740000+00:00,6.992,-73.341,150.9,4.68,mw,,,,0.98,us,usp00091tg,2014-11-07T01:06:51.984Z,"11 km NNW of Betulia, Colombia",earthquake,,13.7,,15.0,reviewed,us,us,1999-01-27,33934,Colombia,1
1999-02-08 18:10:06.180000+00:00,3.688,-78.195,33.0,4.6,mw,,,,0.98,us,usp00092g7,2014-11-07T01:07:00.502Z,"111 km SW of Santa Genoveva de Docordó, Colombia",earthquake,,,,3.0,reviewed,us,us,1999-02-08,33964,Colombia,1
1999-02-21 22:06:18.980000+00:00,7.839,-72.629,77.6,4.51,mw,,,,1.3,us,usp000936n,2014-11-07T01:07:03.306Z,"4 km S of San Cayetano, Colombia",earthquake,,21.0,,7.0,reviewed,us,us,1999-02-21,33989,Colombia,1
1999-03-11 16:56:34.670000+00:00,2.646,-79.823,33.0,4.9,mwc,,,,0.81,us,usp00094aq,2016-11-09T22:03:36.481Z,"145 km WNW of Salahonda, Colombia",earthquake,,,,,reviewed,us,hrv,1999-03-11,33902,Colombia,1
1999-03-12 01:47:51.050000+00:00,5.091,-72.965,33.0,4.43,mw,,,,0.92,us,usp00094bg,2014-11-07T01:07:13.135Z,"9 km E of Páez, Colombia",earthquake,,,,1.0,reviewed,us,us,1999-03-12,34007,Colombia,2
1999-03-18 23:54:12.640000+00:00,9.996,-73.523,94.0,5.2,mwc,,,,0.87,us,usp00094s1,2025-12-19T22:31:01.157Z,"31 km W of Agustín Codazzi, Colombia",earthquake,,,,,reviewed,us,hrv,1999-03-18,33864,Colombia,-1
1999-04-06 03:58:46+00:00,3.891,-78.062,33.0,5.11,mw,,,,0.88,us,usp00095vc,2014-11-07T01:07:24.406Z,"87 km WSW of Santa Genoveva de Docordó, Colombia",earthquake,,,,40.0,reviewed,us,us,1999-04-06,34059,Colombia,1
1999-04-14 07:25:04.020000+00:00,6.772,-72.946,161.2,5.11,mw,,,,0.91,us,usp0009698,2014-11-07T01:07:28.156Z,"3 km ENE of Cepitá, Colombia",earthquake,,,,65.0,reviewed,us,us,1999-04-14,34033,Colombia,1
1999-04-30 01:37:23.390000+00:00,7.19,-72.761,125.0,4.51,mw,,,,1.44,us,usp000972q,2014-11-07T01:07:31.806Z,"1 km SSW of Silos, Colombia",earthquake,,32.4,,1.0,reviewed,us,us,1999-04-30,34146,Colombia,1
1999-05-02 17:48:14.240000+00:00,4.775,-76.415,123.2,4.51,mw,,,,1.03,us,usp0009788,2014-11-07T01:07:36.315Z,"21 km W of El Cairo, Colombia",earthquake,,17.4,,8.0,reviewed,us,us,1999-05-02,34140,Colombia,1
1999-05-15 10:20:37.840000+00:00,4.668,-74.755,18.0,4.51,mw,,,,,us,usp0009808,2014-11-07T01:07:40.649Z,"4 km WSW of Pulí, Colombia",earthquake,,,,3.0,reviewed,rsnc,us,1999-05-15,34137,Colombia,-1
1999-06-01 21:42:14.040000+00:00,4.343,-73.616,33.0,5.03,mw,,,,1.03,us,usp000995d,2014-11-07T01:07:48.085Z,"10 km E of El Calvario, Colombia",earthquake,,,,32.0,reviewed,us,us,1999-06-01,34072,Colombia,2
1999-07-05 01:41:41.980000+00:00,7.883,-73.63,134.2,4.43,mw,,,,1.36,us,usp0009b2x,2014-11-07T01:08:02.933Z,"18 km SW of San Martín, Colombia",earthquake,,13.1,,1.0,reviewed,us,us,1999-07-05,34198,Colombia,1
1999-07-17 12:21:52.840000+00:00,6.278,-72.531,12.0,5.11,mw,,,,0.92,us,usp0009brg,2014-11-07T01:08:06.529Z,"5 km SE of La Uvita, Colombia",earthquake,,5.6,,49.0,reviewed,us,us,1999-07-17,34057,Colombia,1
1999-07-19 16:13:16.090000+00:00,4.197,-76.385,139.5,4.85,mw,,,,0.97,us,usp0009bv1,2014-11-07T01:08:07.126Z,"7 km WSW of Trujillo, Colombia",earthquake,,,,38.0,reviewed,us,us,1999-07-19,34089,Colombia,1
1999-07-22 19:59:52.070000+00:00,3.827,-75.732,65.4,4.68,mw,,,,1.48,us,usp0009bzf,2014-11-07T01:08:07.678Z,"24 km SW of Roncesvalles, Colombia",earthquake,,10.8,,2.0,reviewed,us,us,1999-07-22,34135,Colombia,1
1999-07-28 20:05:04.120000+00:00,2.036,-75.794,12.0,4.38,mw,,,,,us,usp0009c81,2014-11-07T01:08:08.742Z,"3 km SSW of Altamira, Colombia",earthquake,,,,,reviewed,rsnc,rsnc,1999-07-28,34199,Colombia,-1
1999-07-31 14:47:41.620000+00:00,7.863,-73.19,188.4,4.51,mw,,,,0.65,us,usp0009ccc,2014-11-07T01:08:09.282Z,"20 km NW of Cáchira, Colombia",earthquake,,6.3,,17.0,reviewed,us,us,1999-07-31,34149,Colombia,1
1999-09-01 02:54:22.270000+00:00,2.599,-79.802,33.0,5.11,mw,,,,0.87,us,usp0009dwe,2014-11-07T01:08:23.206Z,"141 km WNW of Salahonda, Colombia",earthquake,,,,45.0,reviewed,us,us,1999-09-01,34041,Colombia,1
1999-09-18 11:19:37.300000+00:00,6.462,-76.165,62.2,4.77,mw,,,,0.95,us,usp0009ekm,2014-11-07T01:08:29.970Z,"16 km NNW of Urrao, Colombia",earthquake,,13.4,,10.0,reviewed,us,us,1999-09-18,34123,Colombia,1
1999-09-19 02:28:18+00:00,4.94,-73.49,30.0,4.46,mw,,,,,us,usp0009emn,2014-11-07T01:08:30.145Z,"2 km S of Guayatá, Colombia",earthquake,,,,,reviewed,rsnc,rsnc,1999-09-19,34181,Colombia,1
1999-09-20 02:28:15.860000+00:00,4.693,-73.15,33.0,4.43,mw,,,,1.17,us,usp0009ep6,2014-11-07T01:08:30.346Z,"14 km S of San Luis de Gaceno, Colombia",earthquake,,,,2.0,reviewed,us,us,1999-09-20,34282,Colombia,2
1999-09-26 21:15:23.300000+00:00,4.473,-76.43,104.3,4.51,mw,,,,0.91,us,usp0009f2r,2014-11-07T01:08:32.585Z,"21 km W of El Dovio, Colombia",earthquake,,5.6,,2.0,reviewed,us,us,1999-09-26,34249,Colombia,1
1999-10-04 06:43:06.960000+00:00,6.585,-73.682,204.1,4.43,mw,,,,1.51,us,usp0009fe9,2014-11-07T01:08:39.716Z,"22 km WSW of El Carmen de Chucurí, Colombia",earthquake,,11.5,,2.0,reviewed,us,us,1999-10-04,34301,Colombia,1
1999-10-09 12:02:52+00:00,5.53,-74.55,30.0,4.38,mw,,,,,us,usp0009fmq,2014-11-07T01:08:41.052Z,"13 km ENE of Puerto Salgar, Colombia",earthquake,,,,,reviewed,rsnc,rsnc,1999-10-09,34319,Colombia,-1
1999-10-19 09:11:09.930000+00:00,7.402,-73.256,148.5,4.51,mw,,,,1.44,us,usp0009g7r,2014-11-07T01:08:44.266Z,"9 km SW of El Playón, Colombia",earthquake,,11.5,,1.0,reviewed,us,us,1999-10-19,34254,Colombia,1
1999-10-19 22:43:27.700000+00:00,12.307,-81.138,3.6,4.13,mw,,,,,us,usp0009g8y,2014-11-07T01:08:44.593Z,"68 km ESE of San Andrés, Colombia",earthquake,,,,,reviewed,upa,upa,1999-10-19,34349,Colombia,-1
1999-10-21 16:38:58+00:00,5.09,-76.41,100.0,3.95,mw,,,,,us,usp0009gcg,2014-11-07T01:08:45.345Z,"25 km SE of Tadó, Colombia",earthquake,,,,,reviewed,rsnc,upa,1999-10-21,34358,Colombia,1
1999-10-29 14:05:48.060000+00:00,3.56,-75.805,200.0,4.6,mw,,,,0.84,us,usp0009gs8,2014-11-07T01:08:47.090Z,"18 km W of Rioblanco, Colombia",earthquake,,5.1,,20.0,reviewed,us,us,1999-10-29,34240,Colombia,1
1999-10-30 18:42:38.270000+00:00,5.169,-72.97,10.0,4.46,mw,,,,0.79,us,usp0009guj,2014-11-07T01:08:47.568Z,"11 km NE of Páez, Colombia",earthquake,,,,,reviewed,us,rsnc,1999-10-30,34277,Colombia,2
1999-11-02 15:18:14.770000+00:00,7.938,-74.154,63.0,4.77,mw,,,,1.18,us,usp0009gzq,2014-11-07T01:08:52.560Z,"11 km WSW of Santa Rosa del Sur, Colombia",earthquake,,21.8,,11.0,reviewed,us,us,1999-11-02,34219,Colombia,1
1999-11-08 05:51:19.970000+00:00,6.751,-72.892,164.2,5.4,mwc,,,,0.96,us,usp0009h8q,2025-12-19T22:32:50.122Z,"8 km SW of San Andrés, Colombia",earthquake,,3.1,,,reviewed,us,hrv,1999-11-08,34206,Colombia,1
1999-11-13 04:02:40.740000+00:00,2.695,-79.71,33.0,4.68,mw,,,,1.0,us,usp0009hgx,2014-11-07T01:08:57.784Z,"137 km WNW of Salahonda, Colombia",earthquake,,,,7.0,reviewed,us,us,1999-11-13,34231,Colombia,1
1999-11-13 19:25:46.330000+00:00,7.23,-76.127,84.5,4.6,mw,,,,0.96,us,usp0009hj5,2014-11-07T01:08:57.888Z,"29 km NNE of Dabeiba, Colombia",earthquake,,11.1,,4.0,reviewed,us,us,1999-11-13,34243,Colombia,1
1999-12-06 02:53:06.360000+00:00,4.421,-78.727,33.0,4.77,mw,,,,1.27,us,usp0009jh1,2014-11-07T01:09:06.832Z,"152 km W of Santa Genoveva de Docordó, Colombia",earthquake,,,,3.0,reviewed,us,us,1999-12-06,34229,Colombia,1
1999-12-11 22:03:24+00:00,2.808,-72.993,33.0,4.23,mw,,,,0.58,us,usp0009jrh,2014-11-07T01:09:08.991Z,"14 km WNW of El Dorado, Colombia",earthquake,,,,,reviewed,us,rsnc,1999-12-11,34335,Colombia,-1
1999-12-30 16:59:24.270000+00:00,9.953,-74.022,89.4,4.77,mw,,,,1.05,us,usp0009kgw,2014-11-07T01:09:12.733Z,"22 km SSW of El Copey, Colombia",earthquake,,,,8.0,reviewed,us,us,1999-12-30,34229,Colombia,-1
2000-01-17 12:20:05.250000+00:00,6.785,-71.971,33.0,5.6,mwc,,,,0.85,us,usp0009m91,2022-04-29T18:28:33.763Z,"21 km W of Fortul, Colombia",earthquake,,,,,reviewed,us,hrv,2000-01-17,34200,Colombia,1
2000-02-02 23:40:20.020000+00:00,2.082,-76.519,62.0,4.85,mw,,,,0.88,us,usp0009mz9,2014-11-07T01:09:25.882Z,Colombia,earthquake,,9.9,,16.0,reviewed,us,us,2000-02-02,34214,Colombia,1
2000-02-16 17:32:29.190000+00:00,4.856,-77.213,33.0,4.6,mw,,,,0.63,us,usp0009nj5,2014-11-07T01:09:31.183Z,"20 km ESE of Pizarro, Colombia",earthquake,,,,3.0,reviewed,us,us,2000-02-16,34239,Colombia,1
2000-02-25 05:13:07.160000+00:00,7.19,-75.385,71.5,4.51,mw,,,,1.37,us,usp0009nxu,2014-11-07T01:09:33.592Z,"11 km S of Valdivia, Colombia",earthquake,,,,1.0,reviewed,us,us,2000-02-25,34254,Colombia,1
2000-03-19 12:23:40.900000+00:00,5.65,-77.631,37.2,5.3,mwc,,,,0.82,us,usp0009px2,2022-04-29T18:34:52.019Z,"40 km W of Nuquí, Colombia",earthquake,,7.5,,,reviewed,us,hrv,2000-03-19,34381,Colombia,1
2000-03-19 18:18:53.630000+00:00,4.245,-77.359,71.9,4.6,mw,,,,1.08,us,usp0009pxf,2014-11-07T01:09:43.426Z,"1 km SSE of Santa Genoveva de Docordó, Colombia",earthquake,,22.3,,6.0,reviewed,us,us,2000-03-19,34514,Colombia,1
2000-03-28 19:23:45.850000+00:00,7.391,-74.643,55.4,5.2,mw,,,,0.7,us,usp0009qcm,2022-04-29T18:35:49.148Z,"27 km ESE of Zaragoza, Colombia",earthquake,,,,49.0,reviewed,us,us,2000-03-28,34433,Colombia,1
2000-04-03 09:52:45.440000+00:00,3.615,-75.885,184.9,5.2,mw,,,,0.85,us,usp0009qrj,2014-11-07T01:09:50.921Z,"19 km SE of La Cumbre, Colombia",earthquake,,,,83.0,reviewed,us,us,2000-04-03,34396,Colombia,1
2000-04-05 11:03:46.290000+00:00,5.469,-77.191,10.0,4.94,mw,,,,1.12,us,usp0009quq,2014-11-07T01:09:51.697Z,"24 km WSW of Pie de Pató, Colombia",earthquake,,,,27.0,reviewed,us,us,2000-04-05,34446,Colombia,1
2000-04-08 18:31:32.050000+00:00,7.395,-77.037,55.1,4.6,mw,,,,1.08,us,usp0009r0q,2014-11-07T01:09:52.508Z,"10 km ESE of Riosucio, Colombia",earthquake,,15.7,,11.0,reviewed,us,us,2000-04-08,34522,Colombia,1
2000-05-10 03:17:35.620000+00:00,7.791,-72.691,33.0,4.51,mw,,,,1.54,us,usp0009sq5,2014-11-07T01:10:06.418Z,"8 km SSE of Santiago, Colombia",earthquake,,,,2.0,reviewed,us,us,2000-05-10,34527,Colombia,1
2000-05-21 01:00:52.990000+00:00,5.263,-72.893,33.0,4.77,mw,,,,0.67,us,usp0009t8a,2014-11-07T01:10:10.643Z,"5 km NNW of Chámeza, Colombia",earthquake,,,,6.0,reviewed,us,us,2000-05-21,34481,Colombia,2
2000-05-23 15:47:46.160000+00:00,9.253,-72.582,33.0,4.68,mw,,,,0.51,us,usp0009tcp,2014-11-07T01:10:11.182Z,"69 km NNE of Tibú, Colombia",earthquake,,,,5.0,reviewed,us,us,2000-05-23,34490,Colombia,-1
2000-05-23 16:36:46.070000+00:00,2.122,-78.388,33.0,5.2,mwc,,,,0.85,us,usp0009tcs,2022-04-29T18:39:05.177Z,"31 km ENE of Salahonda, Colombia",earthquake,,,,,reviewed,us,hrv,2000-05-23,34398,Colombia,1
2000-06-09 15:09:10.100000+00:00,2.457,-79.443,33.0,5.03,mw,46.0,,,1.27,us,usp0009uan,2014-11-07T01:10:20.770Z,"98 km WNW of Salahonda, Colombia",earthquake,,,,15.0,reviewed,us,us,2000-06-09,34444,Colombia,1
2000-06-27 07:10:29.550000+00:00,1.464,-77.414,142.7,5.45,mw,170.0,,,0.78,us,usp0009v6b,2014-11-07T01:10:25.194Z,"3 km ENE of El Peñol, Colombia",earthquake,,,,61.0,reviewed,us,us,2000-06-27,34381,Colombia,-1
2000-06-29 23:22:00.420000+00:00,6.382,-72.804,33.0,4.68,mw,20.0,,,0.81,us,usp0009vf5,2014-11-07T01:10:26.190Z,"4 km NNE of Onzaga, Colombia",earthquake,,,,8.0,reviewed,us,us,2000-06-29,34483,Colombia,1
2000-06-30 02:09:36.700000+00:00,8.578,-72.354,33.0,4.68,mw,15.0,,,1.45,us,usp0009vfe,2014-11-07T01:10:26.218Z,"24 km NNE of Puerto Santander, Colombia",earthquake,,,,8.0,reviewed,us,us,2000-06-30,34484,Colombia,1
2000-07-06 10:09:43.810000+00:00,6.993,-77.268,33.0,4.6,mw,13.0,,,0.76,us,usp0009vw2,2014-11-07T01:10:32.663Z,"49 km W of Murindó, Colombia",earthquake,,,,1.0,reviewed,us,us,2000-07-06,34495,Colombia,1
2000-07-11 06:57:11.740000+00:00,5.133,-72.417,100.0,4.6,mw,19.0,,,0.96,us,usp0009w79,2014-11-07T01:10:35.186Z,"15 km ESE of Aguazul, Colombia",earthquake,,,,11.0,reviewed,us,us,2000-07-11,34496,Colombia,2
2000-07-12 22:12:19.810000+00:00,6.17,-77.786,33.0,5.3,mwc,235.0,,,0.84,us,usp0009wck,2022-04-29T18:44:30.496Z,"42 km W of Bahía Solano, Colombia",earthquake,,,,,reviewed,us,hrv,2000-07-12,34390,Colombia,1
2000-07-30 23:29:16.550000+00:00,5.592,-73.605,158.1,4.77,mw,52.0,,,0.87,us,usp0009xg9,2014-11-07T01:10:43.134Z,"2 km SSE of Sutamarchán, Colombia",earthquake,,7.3,,17.0,reviewed,us,us,2000-07-30,34463,Colombia,1
2000-08-07 19:49:27.490000+00:00,3.061,-78.512,33.0,4.43,mw,11.0,,,0.63,us,usp0009y32,2014-11-07T01:10:50.210Z,"61 km N of Mosquera, Colombia",earthquake,,,,2.0,reviewed,us,us,2000-08-07,34543,Colombia,1
2000-08-12 02:52:47.800000+00:00,2.301,-78.764,33.0,4.85,mw,32.0,,,1.09,us,usp0009yaa,2014-11-07T01:10:51.087Z,"31 km NNW of Salahonda, Colombia",earthquake,,,,13.0,reviewed,us,us,2000-08-12,34446,Colombia,1
2000-08-28 16:48:17.350000+00:00,4.589,-74.873,10.0,4.38,mw,7.0,,,0.92,us,usp0009za8,2014-11-07T01:10:55.909Z,"5 km N of Piedras, Colombia",earthquake,,,,,reviewed,us,rsnc,2000-08-28,34558,Colombia,-1
2000-09-12 10:54:12.630000+00:00,6.744,-72.992,164.3,5.2,mw,174.0,,,0.91,us,usp000a04q,2014-11-07T01:11:04.627Z,"2 km WSW of Cepitá, Colombia",earthquake,,,,60.0,reviewed,us,us,2000-09-12,34401,Colombia,1
2000-09-16 13:54:26.780000+00:00,5.596,-73.483,161.0,4.85,mw,27.0,,,1.09,us,usp000a0b7,2014-11-07T01:11:05.404Z,"0 km SSE of Chíquiza, Colombia",earthquake,,,,6.0,reviewed,us,us,2000-09-16,34589,Colombia,1
2000-09-17 10:53:48.850000+00:00,7.027,-75.137,33.0,4.31,mw,7.0,,,0.73,us,usp000a0d6,2014-11-07T01:11:05.682Z,"14 km NNW of Amalfi, Colombia",earthquake,,,,,reviewed,us,rsnc,2000-09-17,34658,Colombia,1
2000-09-28 04:53:42.120000+00:00,5.738,-77.92,33.0,4.77,mw,35.0,,,1.01,us,usp000a0xr,2014-11-07T01:11:07.979Z,"71 km W of Nuquí, Colombia",earthquake,,,,15.0,reviewed,us,us,2000-09-28,34609,Colombia,1
2000-09-28 10:19:20.110000+00:00,4.1,-77.446,6.4,4.68,mw,17.0,,,1.01,us,usp000a0y2,2014-11-07T01:11:08.004Z,"19 km SSW of Santa Genoveva de Docordó, Colombia",earthquake,,7.1,,4.0,reviewed,us,us,2000-09-28,34615,Colombia,1
2000-10-04 05:39:24.900000+00:00,12.399,-81.531,0.0,4.13,mw,6.0,,,,us,usp000a17y,2014-11-07T01:11:13.172Z,"27 km SE of San Andrés, Colombia",earthquake,,,,,reviewed,casc,casc,2000-10-04,34706,Colombia,-1
2000-10-08 20:12:32.350000+00:00,0.383,-78.09,33.0,5.1,mwc,156.0,,,0.93,us,usp000a1g0,2022-04-29T18:54:32.736Z,Colombia-Ecuador border region,earthquake,,,,,reviewed,us,hrv,2000-10-08,34574,Colombia-Ecuador border region,-1
2000-10-13 06:47:46.140000+00:00,11.307,-74.441,33.0,4.6,mw,29.0,,,1.24,us,usp000a1q4,2014-11-07T01:11:16.289Z,"27 km WNW of Santa Marta, Colombia",earthquake,,,,10.0,reviewed,us,us,2000-10-13,34626,Colombia,-1
2000-11-02 04:19:10.790000+00:00,9.214,-74.382,33.0,4.6,mw,17.0,,,1.03,us,usp000a2v1,2014-11-07T01:11:24.418Z,"5 km ESE of Mompós, Colombia",earthquake,,,,3.0,reviewed,us,us,2000-11-02,34621,Colombia,-1
2000-11-02 19:35:00.320000+00:00,3.579,-74.403,33.0,4.23,mw,5.0,,,1.25,us,usp000a2vx,2014-11-07T01:11:24.746Z,"42 km W of Lejanías, Colombia",earthquake,,,,,reviewed,us,rsnc,2000-11-02,34666,Colombia,2
2000-11-08 06:59:58.860000+00:00,7.042,-77.829,17.0,6.5,mwc,462.0,,,1.01,us,usp000a373,2022-04-29T19:18:07.155Z,"10 km SW of Juradó, Colombia",earthquake,,,,,reviewed,us,hrv,2000-11-08,34562,Colombia,1
2000-11-14 20:54:21+00:00,1.23,-77.55,30.1,4.31,mw,11.0,,,,us,usp000a3ma,2014-11-07T01:11:28.599Z,"5 km SW of Ancuya, Colombia",earthquake,,,,,reviewed,rsnc,rsnc,2000-11-14,34654,Colombia,-1
2000-11-19 00:20:57.440000+00:00,6.091,-74.066,10.0,4.16,mw,6.0,,,0.63,us,usp000a4b9,2014-11-07T01:11:31.594Z,"27 km NNW of La Belleza, Colombia",earthquake,,,,,reviewed,us,rsnc,2000-11-19,34675,Colombia,1
2000-11-19 13:30:50.290000+00:00,3.989,-75.013,10.0,4.46,mw,6.0,,,1.17,us,usp000a4de,2014-11-07T01:11:31.842Z,"6 km N of Saldaña, Colombia",earthquake,,,,,reviewed,us,rsnc,2000-11-19,34641,Colombia,-1
2000-11-20 00:20:58.520000+00:00,6.12,-74.43,33.0,4.51,mw,7.0,,,0.53,us,usp000a4f9,2014-11-07T01:11:31.989Z,"23 km NE of Puerto Boyacá, Colombia",earthquake,,,,1.0,reviewed,us,us,2000-11-20,34637,Colombia,1
2000-11-30 12:08:46.050000+00:00,2.569,-79.746,33.0,4.94,mw,43.0,,,1.02,us,usp000a58x,2014-11-07T01:11:35.726Z,"134 km WNW of Salahonda, Colombia",earthquake,,,,10.0,reviewed,us,us,2000-11-30,34580,Colombia,1
2000-12-04 02:11:24.390000+00:00,3.726,-76.009,193.7,4.77,mw,97.0,,,0.89,us,usp000a5fn,2014-11-07T01:11:39.807Z,"1 km ENE of La Cumbre, Colombia",earthquake,,7.4,,47.0,reviewed,us,us,2000-12-04,34609,Colombia,1
2000-12-17 06:13:24.010000+00:00,6.789,-73.056,161.7,5.2,mw,101.0,,,0.76,us,usp000a66z,2014-11-07T01:11:44.409Z,"7 km NE of Jordán, Colombia",earthquake,,3.2,,38.0,reviewed,us,us,2000-12-17,34563,Colombia,1
2000-12-21 20:07:24.920000+00:00,6.336,-73.922,33.0,4.16,mw,7.0,,,1.04,us,usp000a6h3,2014-11-07T01:11:45.637Z,"3 km NE of Cimitarra, Colombia",earthquake,,,,,reviewed,us,rsnc,2000-12-21,34671,Colombia,1
2000-12-21 22:50:07.960000+00:00,4.406,-78.763,10.0,5.03,mw,52.0,,,1.06,us,usp000a6hb,2014-11-07T01:11:45.653Z,"156 km W of Santa Genoveva de Docordó, Colombia",earthquake,,,,17.0,reviewed,us,us,2000-12-21,34574,Colombia,1
2000-12-29 15:43:46.930000+00:00,7.623,-75.233,33.0,4.23,mw,9.0,,,0.92,us,usp000a6wb,2014-11-07T01:11:47.319Z,"13 km ENE of Cáceres, Colombia",earthquake,,,,,reviewed,us,rsnc,2000-12-29,34658,Colombia,1
2001-01-03 17:21:08.770000+00:00,6.5,-71.999,102.4,4.85,mw,38.0,,,1.03,us,usp000a73u,2014-11-07T01:11:51.417Z,"29 km W of Tame, Colombia",earthquake,,9.1,,21.0,reviewed,us,us,2001-01-03,34584,Colombia,1
2001-01-07 03:40:16+00:00,7.255,-73.056,135.3,4.51,mw,13.0,,,0.72,us,usp000a78e,2014-11-07T01:11:52.763Z,"8 km SSW of Matanza, Colombia",earthquake,,18.2,,3.0,reviewed,us,us,2001-01-07,34627,Colombia,1
2001-02-07 11:02:08.020000+00:00,6.409,-77.577,133.8,4.6,mw,22.0,,,0.93,us,usp000a97k,2014-11-07T01:12:06.336Z,"27 km NW of Bahía Solano, Colombia",earthquake,,21.0,,12.0,reviewed,us,us,2001-02-07,34626,Colombia,1
2001-03-21 03:58:17.990000+00:00,7.867,-74.9,25.3,4.68,mw,34.0,,,1.0,us,usp000abt1,2014-11-07T01:12:23.247Z,"16 km WNW of San Carlos, Colombia",earthquake,,,,10.0,reviewed,us,us,2001-03-21,34846,Colombia,1
2001-03-28 09:13:22.810000+00:00,7.038,-76.86,33.0,4.68,mw,35.0,,,0.89,us,usp000ac4e,2014-11-07T01:12:26.214Z,"7 km NW of Murindó, Colombia",earthquake,,,,15.0,reviewed,us,us,2001-03-28,34849,Colombia,1
2001-04-07 18:41:00.590000+00:00,3.629,-78.842,33.0,4.94,mw,38.0,,,1.03,us,usp000acrr,2014-11-07T01:12:32.647Z,"131 km NNW of Mosquera, Colombia",earthquake,,,,14.0,reviewed,us,us,2001-04-07,34765,Colombia,1
2001-04-10 20:32:14.380000+00:00,3.092,-78.493,33.0,4.77,mw,16.0,,,1.17,us,usp000aczc,2014-11-07T01:12:33.836Z,"64 km N of Mosquera, Colombia",earthquake,,,,5.0,reviewed,us,us,2001-04-10,34819,Colombia,1
2001-04-21 23:28:45.260000+00:00,3.971,-76.451,68.1,4.85,mw,39.0,,,0.75,us,usp000ads3,2014-11-07T01:12:37.382Z,"5 km NE of Darien, Colombia",earthquake,,,,10.0,reviewed,us,us,2001-04-21,34815,Colombia,1
2001-05-18 15:04:15.100000+00:00,6.782,-73.004,157.6,5.2,mw,125.0,,,0.79,us,usp000af4q,2014-11-07T01:12:48.521Z,"4 km NW of Cepitá, Colombia",earthquake,,,,45.0,reviewed,us,us,2001-05-18,34748,Colombia,1
2001-05-27 11:31:31.050000+00:00,7.026,-72.702,150.0,4.43,mw,6.0,,,0.76,us,usp000afn3,2014-11-07T01:12:51.508Z,"13 km SSW of Chitagá, Colombia",earthquake,,,,3.0,reviewed,us,us,2001-05-27,34905,Colombia,1
2001-05-28 23:32:11.180000+00:00,8.857,-73.986,69.7,4.85,mw,56.0,,,0.8,us,usp000afq0,2014-11-07T01:12:51.738Z,"14 km SE of Hatillo de Loba, Colombia",earthquake,,,,26.0,reviewed,us,us,2001-05-28,34768,Colombia,-1
2001-05-31 15:29:23.710000+00:00,7.412,-76.997,24.3,4.68,mw,27.0,,,1.55,us,usp000afub,2014-11-07T01:12:52.436Z,"13 km ESE of Riosucio, Colombia",earthquake,,,,6.0,reviewed,us,us,2001-05-31,34854,Colombia,1
2001-06-27 08:54:45.930000+00:00,2.692,-79.875,33.0,4.6,mw,12.0,,,0.95,us,usp000ahjn,2014-11-07T01:13:08.503Z,"153 km WNW of Salahonda, Colombia",earthquake,,,,4.0,reviewed,us,us,2001-06-27,34866,Colombia,1
2001-06-30 11:03:30.240000+00:00,5.24,-79.394,33.0,4.85,mw,51.0,,,1.21,us,usp000ahrc,2014-11-07T01:13:09.477Z,"227 km W of Pizarro, Colombia",earthquake,,,,26.0,reviewed,us,us,2001-06-30,34806,Colombia,-1
2001-07-05 09:46:43.100000+00:00,6.82,-75.876,78.8,4.85,mw,67.0,,,1.02,us,usp000aj12,2014-11-07T01:13:14.955Z,"7 km WSW of Sabanalarga, Colombia",earthquake,,14.3,,40.0,reviewed,us,us,2001-07-05,34779,Colombia,1
2001-07-17 13:08:31.150000+00:00,3.022,-78.957,33.0,4.43,mw,10.0,,,1.49,us,usp000ajqj,2014-11-07T01:13:18.118Z,"79 km NW of Mosquera, Colombia",earthquake,,,,3.0,reviewed,us,us,2001-07-17,34919,Colombia,1
2001-07-19 05:15:22.980000+00:00,2.759,-79.444,10.0,4.77,mw,21.0,,,1.08,us,usp000ajtu,2014-11-07T01:13:18.746Z,"113 km WNW of Mosquera, Colombia",earthquake,,,,9.0,reviewed,us,us,2001-07-19,34816,Colombia,1
2001-08-16 02:12:36.780000+00:00,6.392,-77.223,33.0,4.43,mw,10.0,,,0.99,us,usp000amhz,2014-11-07T01:13:33.978Z,"27 km NE of Bahía Solano, Colombia",earthquake,,,,1.0,reviewed,us,us,2001-08-16,34919,Colombia,1
2001-08-25 03:01:47.860000+00:00,6.815,-77.84,33.0,4.6,mw,21.0,,,0.67,us,usp000an07,2014-11-07T01:13:36.522Z,"33 km SSW of Juradó, Colombia",earthquake,,,,10.0,reviewed,us,us,2001-08-25,34868,Colombia,1
2001-09-08 21:26:46.230000+00:00,6.394,-73.251,150.0,4.51,mw,9.0,,,1.34,us,usp000anve,2014-11-07T01:13:45.664Z,"4 km NNW of Confines, Colombia",earthquake,,,,1.0,reviewed,us,us,2001-09-08,34896,Colombia,1
2001-09-08 22:45:09.860000+00:00,8.33,-74.928,33.0,5.1,mwc,157.0,,,0.88,us,usp000anvg,2022-04-29T19:33:02.795Z,"10 km NNE of Pueblo Nuevo, Colombia",earthquake,,,,,reviewed,us,hrv,2001-09-08,34755,Colombia,1
2001-09-22 03:23:38.220000+00:00,3.873,-75.968,178.6,5.9,mwc,471.0,,,0.84,us,usp000apk7,2022-04-29T19:35:01.179Z,"17 km NNE of La Cumbre, Colombia",earthquake,,,,,reviewed,us,hrv,2001-09-22,34933,Colombia,1
2001-10-21 13:29:15.960000+00:00,2.415,-79.807,33.0,4.68,mw,17.0,,,1.37,us,usp000arbs,2014-11-07T01:14:01.339Z,"132 km WNW of Tumaco, Colombia",earthquake,,,,7.0,reviewed,us,us,2001-10-21,35039,Colombia,1
2001-11-05 00:50:40.790000+00:00,4.227,-79.021,33.0,4.77,mw,18.0,,,1.34,us,usp000as83,2014-11-07T01:14:11.985Z,"183 km W of Santa Genoveva de Docordó, Colombia",earthquake,,,,2.0,reviewed,us,us,2001-11-05,35002,Colombia,1
2001-11-08 15:46:14.870000+00:00,6.402,-73.097,150.0,4.85,mw,10.0,,,0.8,us,usp000asg7,2014-11-07T01:14:13.109Z,"7 km SE of Valle de San José, Colombia",earthquake,,,,2.0,reviewed,us,us,2001-11-08,34980,Colombia,1
2001-11-19 21:01:23.100000+00:00,6.743,-72.899,165.3,5.3,mwc,156.0,,,1.03,us,usp000at5g,2025-12-19T22:54:07.624Z,"8 km E of Cepitá, Colombia",earthquake,,,,,reviewed,us,hrv,2001-11-19,34962,Colombia,1
2001-11-30 14:34:15.650000+00:00,4.638,-76.895,33.0,4.85,mw,7.0,,,0.73,us,usp000atrm,2014-11-07T01:14:20.113Z,"27 km W of Sipí, Colombia",earthquake,,,,2.0,reviewed,us,us,2001-11-30,34991,Colombia,1
2002-01-03 01:19:12.620000+00:00,8.489,-74.735,33.0,4.6,mw,20.0,,,1.14,us,usp000avqk,2014-11-07T01:14:37.209Z,"12 km WSW of Majagual, Colombia",earthquake,,,,2.0,reviewed,us,us,2002-01-03,35067,Colombia,1
2002-01-06 09:53:25.840000+00:00,3.505,-78.365,33.0,4.43,mw,13.0,,,1.48,us,usp000avxv,2014-11-07T01:14:39.016Z,"110 km N of Mosquera, Colombia",earthquake,,,,4.0,reviewed,us,us,2002-01-06,35082,Colombia,1
2002-02-03 21:23:27.350000+00:00,6.57,-71.811,33.0,4.68,mw,26.0,,,1.01,us,usp000axr2,2014-11-07T01:14:51.893Z,"14 km NW of Tame, Colombia",earthquake,,,,6.0,reviewed,us,us,2002-02-03,35036,Colombia,1
2002-02-18 22:11:41.460000+00:00,7.221,-72.651,33.0,4.85,mw,34.0,,,0.9,us,usp000ayqu,2014-11-07T01:14:56.208Z,"5 km S of Cácota, Colombia",earthquake,,,,11.0,reviewed,us,us,2002-02-18,34977,Colombia,1
2002-03-15 07:04:49.420000+00:00,7.126,-72.271,33.0,4.51,mw,16.0,,,1.17,us,usp000b0bg,2014-11-07T01:15:09.095Z,"22 km NW of Cubará, Colombia",earthquake,,,,4.0,reviewed,us,us,2002-03-15,35226,Colombia,1
2002-03-17 12:09:30.620000+00:00,2.669,-79.741,10.0,5.11,mw,100.0,,,1.05,us,usp000b0gx,2014-11-07T01:15:11.364Z,"138 km WNW of Salahonda, Colombia",earthquake,,,,51.0,reviewed,us,us,2002-03-17,35112,Colombia,1
2002-03-20 00:15:23.800000+00:00,6.782,-72.03,33.0,4.43,mw,25.0,,,1.15,us,usp000b0ny,2014-11-07T01:15:12.312Z,"26 km SSE of Cubará, Colombia",earthquake,,,,5.0,reviewed,us,us,2002-03-20,35253,Colombia,1
2002-04-06 22:03:38.710000+00:00,4.427,-75.592,172.8,4.43,mw,17.0,,,1.14,us,usp000b1w7,2014-11-07T01:15:22.030Z,"11 km ENE of Córdoba, Colombia",earthquake,,14.8,,7.0,reviewed,us,us,2002-04-06,35245,Colombia,1
2002-04-14 09:10:29.570000+00:00,5.728,-76.102,61.5,4.68,mw,39.0,,,1.12,us,usp000b2cj,2014-11-07T01:15:25.145Z,"13 km W of Betania, Colombia",earthquake,,,,15.0,reviewed,us,us,2002-04-14,35214,Colombia,1
2002-04-26 01:36:25.590000+00:00,6.639,-73.61,33.0,5.2,mwc,229.0,,,1.04,us,usp000b36h,2022-05-02T15:51:40.657Z,"12 km WSW of El Carmen de Chucurí, Colombia",earthquake,,,,,reviewed,us,hrv,2002-04-26,35109,Colombia,1
2002-06-30 21:17:56.830000+00:00,8.474,-76.516,41.5,4.85,mw,10.0,,,1.25,us,usp000b78z,2014-11-07T01:15:55.452Z,"26 km NW of San Pedro de Urabá, Colombia",earthquake,,,,7.0,reviewed,us,us,2002-06-30,35149,Colombia,-1
2002-07-12 18:07:59.780000+00:00,6.733,-73.021,155.5,5.11,mw,120.0,,,0.78,us,usp000b7zv,2014-11-07T01:16:02.869Z,"4 km N of Aratoca, Colombia",earthquake,,8.5,,34.0,reviewed,us,us,2002-07-12,35129,Colombia,1
2002-07-22 11:06:59.620000+00:00,7.273,-77.255,33.0,4.51,mw,33.0,,,1.01,us,usp000b8jt,2014-11-07T01:16:06.042Z,Panama-Colombia border region,earthquake,,,,9.0,reviewed,us,us,2002-07-22,35236,Panama-Colombia border region,1
2002-07-24 19:38:06.790000+00:00,4.57,-74.181,33.0,4.43,mw,11.0,,,0.95,us,usp000b8q7,2014-11-07T01:16:06.517Z,"4 km ESE of Soacha, Colombia",earthquake,,,,3.0,reviewed,us,us,2002-07-24,35238,Colombia,-1
2002-07-31 07:21:27.390000+00:00,6.066,-77.662,33.0,4.94,mw,62.0,,,0.89,us,usp000b92m,2014-11-07T01:16:07.967Z,"33 km WSW of Bahía Solano, Colombia",earthquake,,,,38.0,reviewed,us,us,2002-07-31,35137,Colombia,1
2002-08-08 13:39:58.260000+00:00,4.98,-77.819,43.3,5.9,mwb,299.0,,,1.02,us,usp000b9hg,2022-05-02T16:06:07.650Z,"50 km W of Pizarro, Colombia",earthquake,,9.4,,,reviewed,us,us,2002-08-08,35107,Colombia,1
2002-09-19 17:59:22.500000+00:00,7.052,-76.554,33.0,4.94,mw,67.0,,,1.12,us,usp000bcnm,2014-11-07T01:16:32.787Z,"24 km SSW of Mutatá, Colombia",earthquake,,,,35.0,reviewed,us,us,2002-09-19,35375,Colombia,1
2002-09-28 17:40:16.770000+00:00,3.957,-75.549,104.0,4.51,mw,18.0,,,1.42,us,usp000bdbq,2014-11-07T01:16:35.505Z,"8 km SE of Roncesvalles, Colombia",earthquake,,58.6,,5.0,reviewed,us,us,2002-09-28,35412,Colombia,1
2002-10-06 04:19:38.230000+00:00,6.341,-71.664,31.7,5.03,mw,90.0,,,0.79,us,usp000bdwx,2014-11-07T01:16:42.616Z,"15 km SSE of Tame, Colombia",earthquake,,,,41.0,reviewed,us,us,2002-10-06,35362,Colombia,1
2002-11-01 16:28:04.870000+00:00,5.4,-77.765,33.0,4.77,mw,23.0,,,1.23,us,usp000bftx,2014-11-07T01:16:54.853Z,"64 km WSW of Nuquí, Colombia",earthquake,,,,7.0,reviewed,us,us,2002-11-01,35388,Colombia,1
2002-11-21 02:53:14.970000+00:00,12.373,-82.22,7.5,5.8,mwc,393.0,,,0.91,us,usp000bj38,2022-05-02T16:17:43.106Z,"60 km WSW of San Andrés, Colombia",earthquake,,1.6,,,reviewed,us,hrv,2002-11-21,35295,Colombia,-1
2002-11-23 23:56:43.020000+00:00,3.288,-74.476,63.7,5.1,mwc,110.0,,,0.93,us,usp000bj8z,2022-05-02T16:17:55.924Z,"37 km ESE of Colombia, Colombia",earthquake,,7.5,,,reviewed,us,hrv,2002-11-23,35358,Colombia,2
2002-11-25 09:15:16.670000+00:00,6.779,-72.948,146.6,5.11,mw,102.0,,,0.79,us,usp000bjc5,2014-11-07T01:17:10.999Z,"4 km NE of Cepitá, Colombia",earthquake,,7.3,,33.0,reviewed,us,us,2002-11-25,35338,Colombia,1
2002-12-08 03:03:31.370000+00:00,8.221,-77.083,33.0,4.6,mw,33.0,,,1.05,us,usp000bka3,2014-11-07T01:17:19.318Z,"19 km N of Unguía, Colombia",earthquake,,,,7.0,reviewed,us,us,2002-12-08,35406,Colombia,3
2002-12-21 00:46:07.580000+00:00,3.711,-79.001,10.0,5.3,mwc,313.0,,,0.93,us,usp000bm2h,2025-12-19T23:04:13.954Z,"146 km NNW of Mosquera, Colombia",earthquake,,,,,reviewed,us,hrv,2002-12-21,35312,Colombia,1
2002-12-23 11:31:32.480000+00:00,4.149,-78.378,33.0,4.68,mw,19.0,,,1.01,us,usp000bm8h,2014-11-07T01:17:24.871Z,"113 km W of Santa Genoveva de Docordó, Colombia",earthquake,,,,9.0,reviewed,us,us,2002-12-23,35390,Colombia,1
2003-01-08 01:08:09.610000+00:00,5.873,-73.43,33.0,4.43,mw,14.0,,,0.68,us,usp000bn7x,2014-11-07T01:17:33.589Z,"11 km SE of Togüí, Colombia",earthquake,,,,6.0,reviewed,us,us,2003-01-08,35455,Colombia,1
2003-01-08 14:29:10.310000+00:00,6.036,-77.388,33.0,5.7,mwc,126.0,,,1.0,us,usp000bn8j,2022-05-02T16:21:45.563Z,"21 km S of Bahía Solano, Colombia",earthquake,,,,,reviewed,us,hrv,2003-01-08,35304,Colombia,1
2003-01-08 15:42:07.710000+00:00,6.185,-76.857,33.0,4.51,mw,15.0,,,1.37,us,usp000bn8p,2014-11-07T01:17:33.715Z,"41 km S of Bellavista, Colombia",earthquake,,,,3.0,reviewed,us,us,2003-01-08,35406,Colombia,1
2003-01-14 05:52:11.670000+00:00,4.894,-76.309,104.7,4.68,mw,54.0,,,0.92,us,usp000bnhh,2014-11-07T01:17:35.231Z,"8 km W of San José del Palmar, Colombia",earthquake,,,,24.0,reviewed,us,us,2003-01-14,35406,Colombia,1
2003-02-23 12:26:27.700000+00:00,4.146,-78.892,10.0,5.03,mw,58.0,,,1.22,us,usp000br9z,2014-11-07T01:17:51.224Z,"169 km W of Santa Genoveva de Docordó, Colombia",earthquake,,,,35.0,reviewed,us,us,2003-02-23,35360,Colombia,1
2003-02-26 07:52:45.180000+00:00,6.614,-72.565,33.0,4.51,mw,9.0,,,0.74,us,usp000brgy,2014-11-07T01:17:52.536Z,"6 km ESE of Carcasí, Colombia",earthquake,,,,5.0,reviewed,us,us,2003-02-26,35452,Colombia,1
2003-03-03 06:12:15.790000+00:00,12.372,-82.16,19.6,4.77,mw,67.0,111.9,,1.07,us,usp000brva,2014-11-07T01:17:58.147Z,"54 km WSW of San Andrés, Colombia",earthquake,,,,30.0,reviewed,us,us,2003-03-03,35593,Colombia,-1
2003-03-30 01:47:20.880000+00:00,4.666,-75.724,33.0,4.51,mw,11.0,193.3,,1.09,us,usp000btuu,2014-11-07T01:18:10.000Z,"4 km SSE of Ulloa, Colombia",earthquake,,,,4.0,reviewed,us,us,2003-03-30,35628,Colombia,1
2003-05-25 06:45:20.600000+00:00,2.864,-79.069,10.0,4.68,mw,40.0,97.5,,1.34,us,usp000by3f,2014-11-07T01:18:42.144Z,"79 km WNW of Mosquera, Colombia",earthquake,,,,20.0,reviewed,us,us,2003-05-25,35596,Colombia,1
2003-06-26 02:08:17.710000+00:00,5.243,-78.201,33.0,4.43,mw,14.0,87.4,,1.51,us,usp000c0yv,2014-11-07T01:18:59.986Z,"97 km WNW of Pizarro, Colombia",earthquake,,,,3.0,reviewed,us,us,2003-06-26,35635,Colombia,1
2003-07-14 00:59:57.290000+00:00,4.091,-76.604,67.2,4.85,mw,87.0,69.6,,0.94,us,usp000c2ej,2014-11-07T01:19:12.279Z,"22 km NW of Darien, Colombia",earthquake,,,,32.0,reviewed,us,us,2003-07-14,35543,Colombia,1
2003-07-17 11:30:33.200000+00:00,6.935,-76.841,33.0,4.68,mw,53.0,69.4,,0.83,us,usp000c2qr,2014-11-07T01:19:13.938Z,"5 km SSW of Murindó, Colombia",earthquake,,,,29.0,reviewed,us,us,2003-07-17,35622,Colombia,1
2003-08-12 05:37:06.630000+00:00,2.855,-75.011,60.2,4.77,mw,43.0,130.6,,0.92,us,usp000c4p4,2014-11-07T01:19:30.223Z,"27 km SSE of Tello, Colombia",earthquake,,7.9,,19.0,reviewed,us,us,2003-08-12,35575,Colombia,2
2003-08-13 16:33:23.470000+00:00,6.912,-75.875,98.3,4.68,mw,18.0,153.4,,1.34,us,usp000c4sf,2014-11-07T01:19:30.574Z,"9 km NW of Sabanalarga, Colombia",earthquake,,22.5,,20.0,reviewed,us,us,2003-08-13,35623,Colombia,1
2003-08-18 13:29:38.380000+00:00,7.297,-72.777,100.0,4.51,mw,17.0,192.7,,1.19,us,usp000c598,2014-11-07T01:19:32.808Z,"3 km W of Mutiscua, Colombia",earthquake,,,,4.0,reviewed,us,us,2003-08-18,35632,Colombia,1
2003-08-22 05:29:13.070000+00:00,3.132,-77.866,24.1,5.0,mwc,191.0,55.1,,1.01,us,usp000c5kk,2022-05-02T16:41:30.783Z,"45 km NNW of Timbiquí, Colombia",earthquake,,6.9,,,reviewed,us,hrv,2003-08-22,35460,Colombia,1
2003-08-25 19:24:28.490000+00:00,6.846,-72.921,163.4,4.94,mw,18.0,127.7,,0.61,us,usp000c5xd,2014-11-07T01:19:35.319Z,"7 km WSW of Guaca, Colombia",earthquake,,15.7,,4.0,reviewed,us,us,2003-08-25,35487,Colombia,1
2003-09-13 08:56:21.170000+00:00,6.703,-73.036,154.1,5.2,mw,120.0,61.6,,0.78,us,usp000c7dv,2014-11-07T01:19:48.724Z,"2 km WNW of Aratoca, Colombia",earthquake,,,,59.0,reviewed,us,us,2003-09-13,35701,Colombia,1
2003-09-27 02:48:20.140000+00:00,6.688,-74.067,33.0,4.77,mw,55.0,79.7,,0.77,us,usp000c8rv,2014-11-07T01:19:57.545Z,"4 km NNW of Puerto Parra, Colombia",earthquake,,,,32.0,reviewed,us,us,2003-09-27,35778,Colombia,1
2003-10-30 13:09:05.350000+00:00,4.79,-76.284,124.1,5.03,mw,85.0,93.0,,0.93,us,usp000cbmq,2014-11-07T01:20:17.352Z,"7 km WNW of El Cairo, Colombia",earthquake,,8.6,,41.0,reviewed,us,us,2003-10-30,35708,Colombia,1
2003-11-02 16:04:07.090000+00:00,4.489,-76.552,99.3,4.85,mw,26.0,66.9,,1.25,us,usp000cbwz,2014-11-07T01:20:23.284Z,"20 km SSE of Sipí, Colombia",earthquake,,,,1.0,reviewed,us,us,2003-11-02,35764,Colombia,1
2003-11-05 00:58:51.110000+00:00,4.973,-77.77,33.0,6.0,mwb,432.0,70.4,,1.12,us,usp000cc36,2022-05-02T16:53:00.498Z,"44 km W of Pizarro, Colombia",earthquake,,,,,reviewed,us,us,2003-11-05,35654,Colombia,1
2003-11-06 09:32:53.170000+00:00,6.871,-76.436,33.0,4.43,mw,12.0,150.8,,1.29,us,usp000cc6p,2014-11-07T01:20:25.168Z,"23 km SW of Dabeiba, Colombia",earthquake,,,,5.0,reviewed,us,us,2003-11-06,35814,Colombia,1
2003-12-10 19:40:25.370000+00:00,7.251,-76.026,33.0,5.11,mw,37.0,166.4,,1.07,us,usp000cez7,2014-11-07T01:20:44.058Z,"28 km NNW of Peque, Colombia",earthquake,,,,13.0,reviewed,us,us,2003-12-10,35704,Colombia,1
2004-01-01 12:06:54.060000+00:00,2.925,-79.169,10.0,4.85,mw,29.0,84.7,,1.08,us,usp000cgrk,2014-11-07T01:20:55.390Z,"92 km WNW of Mosquera, Colombia",earthquake,,,,12.0,reviewed,us,us,2004-01-01,35742,Colombia,1
2004-01-12 14:14:30.130000+00:00,5.612,-79.088,21.9,5.3,mwc,121.0,61.1,,1.0,us,usp000chrd,2025-12-19T23:10:25.323Z,"198 km WSW of Bahía Solano, Colombia",earthquake,,,,,reviewed,us,hrv,2004-01-12,35668,Colombia,-1
2004-01-15 00:25:05.010000+00:00,4.14,-76.113,154.5,5.03,mw,138.0,75.2,,0.75,us,usp000chwz,2014-11-07T01:21:04.393Z,"6 km ESE of Andalucía, Colombia",earthquake,,,,68.0,reviewed,us,us,2004-01-15,35707,Colombia,1
2004-02-15 04:12:52.820000+00:00,6.412,-72.394,161.4,4.51,mw,8.0,220.5,,1.42,us,usp000cm7e,2014-11-07T01:21:21.385Z,"6 km E of El Cocuy, Colombia",earthquake,,23.3,,2.0,reviewed,us,us,2004-02-15,35809,Colombia,1
2004-02-20 11:15:59.840000+00:00,10.852,-73.745,45.6,4.8,mwc,92.0,59.6,,1.02,us,usp000cmp0,2016-11-10T00:26:38.445Z,"56 km ENE of Aracataca, Colombia",earthquake,,,,,reviewed,us,hrv,2004-02-20,35775,Colombia,-1
2004-02-26 17:17:45.540000+00:00,10.825,-72.484,42.6,4.94,mw,33.0,83.5,,1.03,us,usp000cnd4,2014-11-07T01:21:29.497Z,"36 km ESE of Barrancas, Colombia",earthquake,,10.8,,12.0,reviewed,us,us,2004-02-26,35852,Colombia,-1
2004-03-06 06:06:40.630000+00:00,4.891,-77.688,27.9,5.11,mw,103.0,65.6,,0.91,us,usp000cp77,2014-11-07T01:21:38.874Z,"36 km W of Pizarro, Colombia",earthquake,,,,44.0,reviewed,us,us,2004-03-06,35820,Colombia,1
2004-03-29 06:27:21.670000+00:00,3.935,-75.7,67.5,4.94,mw,93.0,75.6,,0.76,us,usp000cr6g,2014-11-07T01:21:48.578Z,"13 km SW of Roncesvalles, Colombia",earthquake,,6.2,,33.0,reviewed,us,us,2004-03-29,35879,Colombia,1
2004-04-13 00:01:29.550000+00:00,3.157,-79.051,36.7,4.85,mw,19.0,84.3,,1.29,us,usp000csc2,2014-11-07T01:21:58.215Z,"97 km NW of Mosquera, Colombia",earthquake,,24.6,,5.0,reviewed,us,us,2004-04-13,35883,Colombia,1
2004-04-25 13:19:05.270000+00:00,7.375,-77.123,30.0,4.85,mw,15.0,70.0,,1.25,us,usp000ctd8,2014-11-07T01:22:05.488Z,"7 km S of Riosucio, Colombia",earthquake,,,,1.0,reviewed,us,us,2004-04-25,35891,Colombia,1
2004-04-27 05:38:41.140000+00:00,6.053,-76.267,57.9,4.51,mw,13.0,72.9,,1.3,us,usp000cthh,2014-11-07T01:22:06.643Z,"32 km WSW of Betulia, Colombia",earthquake,,,,2.0,reviewed,us,us,2004-04-27,35994,Colombia,1
2004-04-29 20:58:09.190000+00:00,11.866,-81.976,10.0,4.94,mw,59.0,59.7,,1.38,us,usp000ctsd,2014-11-07T01:22:08.786Z,"84 km SSW of San Andrés, Colombia",earthquake,,,,18.0,reviewed,us,us,2004-04-29,35867,Colombia,-1
2004-05-07 19:00:08.260000+00:00,1.633,-78.582,47.4,4.85,mw,27.0,140.1,,1.06,us,usp000cud1,2014-11-07T01:22:15.683Z,"29 km SE of Tumaco, Colombia",earthquake,,13.8,,9.0,reviewed,us,us,2004-05-07,35902,Colombia,-1
2004-05-18 02:00:50.540000+00:00,6.937,-77.828,39.1,4.77,mw,43.0,52.5,,0.94,us,usp000cvdh,2014-11-07T01:22:20.545Z,"19 km SSW of Juradó, Colombia",earthquake,,7.9,,15.0,reviewed,us,us,2004-05-18,35936,Colombia,1
2004-06-06 13:55:40.740000+00:00,12.193,-72.312,42.5,4.51,mw,22.0,59.6,,1.36,us,usp000cx8a,2014-11-07T01:22:34.321Z,"48 km NNE of Manaure, Colombia",earthquake,,13.0,,3.0,reviewed,us,us,2004-06-06,35986,Colombia,-1
2004-06-18 14:59:54.190000+00:00,6.654,-72.992,151.0,4.8,mwc,186.0,46.5,,0.73,us,usp000cy6b,2016-11-10T00:37:57.309Z,"5 km SSE of Aratoca, Colombia",earthquake,,,,,reviewed,us,hrv,2004-06-18,35921,Colombia,1
2004-06-21 06:45:25.320000+00:00,6.336,-72.563,186.6,4.43,mw,6.0,187.4,,1.24,us,usp000cyda,2014-11-07T01:22:39.914Z,"1 km N of La Uvita, Colombia",earthquake,,16.1,,2.0,reviewed,us,us,2004-06-21,35998,Colombia,1
2004-06-23 03:31:13.970000+00:00,2.173,-78.273,104.6,4.6,mw,10.0,129.5,,1.47,us,usp000cyjj,2014-11-07T01:22:40.678Z,"26 km SSW of La Tola, Colombia",earthquake,,19.6,,1.0,reviewed,us,us,2004-06-23,35965,Colombia,1
2004-07-20 05:22:17.370000+00:00,2.597,-79.54,10.0,4.77,mw,14.0,90.2,,1.29,us,usp000d0hg,2014-11-07T01:22:56.129Z,"115 km WNW of Salahonda, Colombia",earthquake,,,,4.0,reviewed,us,us,2004-07-20,35933,Colombia,1
2004-08-10 15:16:33.530000+00:00,9.652,-73.402,68.0,4.94,mw,51.0,38.9,,0.84,us,usp000d1wm,2014-11-07T01:23:10.860Z,"12 km NW of La Jagua de Ibirico, Colombia",earthquake,,8.5,,17.0,reviewed,us,us,2004-08-10,35881,Colombia,-1
2004-08-18 07:06:52.430000+00:00,2.265,-76.595,26.5,5.1,mwc,208.0,77.6,,1.11,us,usp000d2cd,2022-05-02T17:22:48.563Z,"2 km ENE of Paispamba, Colombia",earthquake,,13.0,,,reviewed,us,hrv,2004-08-18,35829,Colombia,1
2004-08-22 23:35:52.750000+00:00,4.501,-76.019,113.2,4.68,mw,36.0,63.5,,1.08,us,usp000d2pd,2014-11-07T01:23:15.200Z,"3 km SE of La Victoria, Colombia",earthquake,,8.0,,15.0,reviewed,us,us,2004-08-22,35938,Colombia,1
2004-08-24 01:52:53.120000+00:00,8.431,-75.106,66.7,4.51,mw,20.0,70.3,,1.21,us,usp000d2rq,2014-11-07T01:23:15.452Z,"13 km NNE of Ayapel, Colombia",earthquake,,10.8,,4.0,reviewed,us,us,2004-08-24,36173,Colombia,1
2004-09-15 05:14:06.680000+00:00,7.212,-74.816,88.1,4.6,mw,29.0,45.1,,1.09,us,usp000d4ab,2014-11-07T01:23:29.264Z,"19 km NW of Segovia, Colombia",earthquake,,9.1,,4.0,reviewed,us,us,2004-09-15,36117,Colombia,1
2004-09-16 06:53:19.540000+00:00,3.944,-76.894,103.3,4.6,mw,29.0,68.8,,0.83,us,usp000d4ca,2014-11-07T01:23:29.635Z,"16 km ENE of Buenaventura, Colombia",earthquake,,6.8,,9.0,reviewed,us,us,2004-09-16,36128,Colombia,1
2004-10-14 05:04:33.430000+00:00,6.713,-77.136,56.2,4.6,mw,19.0,77.2,,1.55,us,usp000d6c1,2014-11-07T01:23:45.135Z,"29 km WNW of Vigía del Fuerte, Colombia",earthquake,,19.2,,5.0,reviewed,us,us,2004-10-14,36150,Colombia,1
2004-11-15 09:06:56.560000+00:00,4.695,-77.508,15.0,7.2,mwb,708.0,50.2,,0.9,us,usp000d8gx,2022-07-14T19:43:10.614Z,"32 km SSW of Pizarro, Colombia",earthquake,,,,,reviewed,us,us,2004-11-15,36000,Colombia,1
2004-11-16 21:32:41.240000+00:00,5.135,-76.906,84.3,4.6,mw,12.0,154.1,,0.83,us,usp000d8m0,2014-11-07T01:24:01.594Z,"24 km W of Istmina, Colombia",earthquake,,60.1,,3.0,reviewed,us,us,2004-11-16,36113,Colombia,1
2004-11-21 06:11:37.470000+00:00,2.264,-79.677,10.0,4.6,mw,18.0,82.4,,1.14,us,usp000d8vn,2014-11-07T01:24:03.515Z,"111 km WNW of Tumaco, Colombia",earthquake,,,,5.0,reviewed,us,us,2004-11-21,36153,Colombia,1
2004-11-30 18:50:50.940000+00:00,7.418,-77.232,30.7,4.94,mw,15.0,80.8,,1.36,us,usp000d9p2,2014-11-07T01:24:07.570Z,"12 km WSW of Riosucio, Colombia",earthquake,,,,3.0,reviewed,us,us,2004-11-30,36084,Colombia,1
2004-12-09 19:28:51.510000+00:00,6.125,-71.852,39.4,4.94,mw,40.0,64.5,,0.91,us,usp000dacp,2014-11-07T01:24:15.416Z,"10 km WSW of Municipio Hato Corozal, Colombia",earthquake,,9.9,,15.0,reviewed,us,us,2004-12-09,36083,Colombia,1
2004-12-15 15:18:56.170000+00:00,6.273,-73.98,112.7,4.51,mw,14.0,92.7,,0.87,us,usp000das5,2014-11-07T01:24:17.577Z,"5 km SW of Cimitarra, Colombia",earthquake,,8.4,,4.0,reviewed,us,us,2004-12-15,36163,Colombia,1
2004-12-19 20:50:08.490000+00:00,5.871,-74.27,116.2,4.43,mw,6.0,119.6,,1.56,us,usp000db1p,2014-11-07T01:24:19.489Z,"25 km NNW of Otanche, Colombia",earthquake,,13.9,,1.0,reviewed,us,us,2004-12-19,36178,Colombia,1
2004-12-30 15:02:18.200000+00:00,9.522,-74.966,42.9,5.11,mw,73.0,74.5,,1.18,us,usp000dc7b,2014-11-07T01:24:27.517Z,"16 km WSW of Córdoba, Colombia",earthquake,,11.9,,52.0,reviewed,us,us,2004-12-30,36023,Colombia,-1
2005-01-21 00:12:46.870000+00:00,5.007,-78.137,43.8,4.6,mw,25.0,73.7,,1.27,us,usp000ddwp,2014-11-07T01:24:42.405Z,"85 km W of Pizarro, Colombia",earthquake,,15.6,,7.0,reviewed,us,us,2005-01-21,36157,Colombia,1
2005-01-24 12:19:11.810000+00:00,5.609,-77.52,39.7,4.6,mw,27.0,72.4,,0.85,us,usp000de70,2014-11-07T01:24:44.020Z,"29 km WSW of Nuquí, Colombia",earthquake,,10.8,,6.0,reviewed,us,us,2005-01-24,36107,Colombia,1
2005-01-28 08:21:45.960000+00:00,4.21,-78.283,35.9,5.11,mw,104.0,75.4,,0.89,us,usp000dew0,2014-11-07T01:24:48.033Z,"102 km W of Santa Genoveva de Docordó, Colombia",earthquake,,7.6,,49.0,reviewed,us,us,2005-01-28,36022,Colombia,1
2005-02-03 19:50:10+00:00,6.661,-72.882,164.0,5.03,mw,52.0,117.6,,0.85,us,usp000dffc,2014-11-07T01:24:55.450Z,"8 km W of Molagavita, Colombia",earthquake,,8.3,,28.0,reviewed,us,us,2005-02-03,36051,Colombia,1
2005-02-13 06:30:10+00:00,5.956,-77.494,45.8,4.85,mw,31.0,57.9,,1.05,us,usp000dg15,2014-11-07T01:24:59.196Z,"31 km SSW of Bahía Solano, Colombia",earthquake,,9.2,,9.0,reviewed,us,us,2005-02-13,36089,Colombia,1
2005-02-18 12:56:05.680000+00:00,5.007,-76.298,113.8,4.85,mw,10.0,76.3,,0.77,us,usp000dgew,2014-11-07T01:25:01.051Z,"14 km NNW of San José del Palmar, Colombia",earthquake,,11.2,,2.0,reviewed,us,us,2005-02-18,36098,Colombia,1
2005-02-25 06:41:25.320000+00:00,6.668,-73.059,166.3,5.3,mwc,281.0,34.1,,0.78,us,usp000dgx8,2025-12-19T23:20:56.842Z,northern Colombia,earthquake,,3.1,,,reviewed,us,hrv,2005-02-25,36185,northern Colombia,1
2005-02-27 13:24:06.290000+00:00,5.126,-77.468,82.1,4.6,mw,15.0,79.0,,1.17,us,usp000dh3c,2014-11-07T01:25:04.834Z,"22 km NNW of Pizarro, Colombia",earthquake,,26.1,,4.0,reviewed,us,us,2005-02-27,36316,Colombia,1
2005-03-05 17:12:20.640000+00:00,6.423,-72.553,172.5,4.77,mw,7.0,191.0,,0.66,us,usp000dhkh,2014-11-07T01:25:11.213Z,"2 km N of San Mateo, Colombia",earthquake,,8.8,,2.0,reviewed,us,us,2005-03-05,36258,Colombia,1
2005-03-08 15:59:43.870000+00:00,4.42,-75.946,65.9,5.0,mwc,149.0,52.4,,1.02,us,usp000dhtn,2025-12-19T23:21:03.021Z,"14 km ENE of Zarzal, Colombia",earthquake,,,,,reviewed,us,hrv,2005-03-08,36193,Colombia,1
2005-04-09 06:11:19.710000+00:00,7.466,-74.452,91.2,4.6,mw,25.0,69.0,,0.73,us,usp000dmpx,2014-11-07T01:25:31.565Z,"42 km ESE of El Bagre, Colombia",earthquake,,7.6,,7.0,reviewed,us,us,2005-04-09,36270,Colombia,1
2005-04-21 03:39:24.120000+00:00,5.014,-76.269,102.6,5.2,mwc,293.0,57.4,,0.86,us,usp000dnw4,2025-12-19T23:22:08.136Z,"13 km NNW of San José del Palmar, Colombia",earthquake,,,,,reviewed,us,hrv,2005-04-21,36187,Colombia,1
2005-05-09 20:21:22.770000+00:00,0.728,-77.589,10.0,3.95,mw,7.0,97.9,,0.64,us,usp000dqax,2014-11-07T01:25:50.750Z,"8 km SSW of Potosí, Colombia",earthquake,,,,,reviewed,us,qui,2005-05-09,36355,Colombia,-1
2005-05-15 08:52:40.650000+00:00,11.524,-73.39,58.2,4.68,mw,11.0,119.0,,1.35,us,usp000dqvc,2014-11-07T01:25:54.668Z,"29 km NNW of Dibulla, Colombia",earthquake,,16.9,,2.0,reviewed,us,us,2005-05-15,36264,Colombia,-1
2005-05-18 21:37:26.150000+00:00,1.67,-76.221,23.3,4.94,mw,24.0,81.6,,0.74,us,usp000dr49,2014-11-07T01:25:55.780Z,"11 km WSW of Palestina, Colombia",earthquake,,,,8.0,reviewed,us,us,2005-05-18,36228,Colombia,-1
2005-05-21 19:49:43.190000+00:00,4.46,-78.393,10.0,4.43,mw,19.0,74.9,,1.26,us,usp000dra8,2014-11-07T01:25:56.849Z,"116 km W of Santa Genoveva de Docordó, Colombia",earthquake,,,,7.0,reviewed,us,us,2005-05-21,36344,Colombia,1
2005-05-28 10:12:46.350000+00:00,8.392,-74.592,76.7,4.6,mw,22.0,72.8,,0.99,us,usp000drqu,2014-11-07T01:25:58.799Z,northern Colombia,earthquake,,14.1,,5.0,reviewed,us,us,2005-05-28,36277,northern Colombia,1
2005-07-06 09:17:18.710000+00:00,4.466,-77.495,53.1,4.68,mw,13.0,94.8,,0.98,us,usp000dun4,2014-11-07T01:26:26.298Z,"27 km NNW of Santa Genoveva de Docordó, Colombia",earthquake,,22.4,,1.0,reviewed,us,us,2005-07-06,36267,Colombia,1
2005-08-03 21:20:50.460000+00:00,2.616,-79.398,28.6,4.9,mwc,123.0,82.9,,0.82,us,usp000dwkp,2016-11-10T01:09:51.466Z,"103 km NW of Salahonda, Colombia",earthquake,,,,,reviewed,us,hrv,2005-08-03,36240,Colombia,1
2005-08-14 17:47:13.230000+00:00,6.828,-76.325,37.8,4.94,mw,85.0,59.0,,0.77,us,usp000dxb2,2014-11-07T01:26:49.045Z,"18 km WSW of Uramita, Colombia",earthquake,,8.3,,47.0,reviewed,us,us,2005-08-14,36196,Colombia,1
2005-09-21 11:06:23.460000+00:00,6.864,-76.406,40.1,4.85,mw,40.0,71.0,,0.99,us,usp000dzv7,2014-11-07T01:27:06.868Z,"21 km SW of Dabeiba, Colombia",earthquake,,12.4,,14.0,reviewed,us,us,2005-09-21,36489,Colombia,1
2005-09-26 11:56:17.570000+00:00,3.508,-78.773,35.0,5.03,mw,33.0,146.2,,0.99,us,usp000e0aa,2014-11-07T01:27:10.242Z,"116 km NNW of Mosquera, Colombia",earthquake,,,,11.0,reviewed,us,us,2005-09-26,36425,Colombia,1
2005-10-02 22:07:22.930000+00:00,4.417,-76.532,98.9,5.03,mw,155.0,65.2,,0.99,us,usp000e0ru,2014-11-07T01:27:15.890Z,"29 km SSE of Sipí, Colombia",earthquake,,,,64.0,reviewed,us,us,2005-10-02,36398,Colombia,1
2005-10-23 19:29:09.200000+00:00,9.712,-73.37,113.2,4.68,mw,29.0,54.8,,1.1,us,usp000e2nm,2014-11-07T01:27:28.204Z,"9 km W of Becerril, Colombia",earthquake,,,,6.0,reviewed,us,us,2005-10-23,36504,Colombia,-1
2005-10-29 11:03:00.410000+00:00,11.701,-73.905,68.2,4.68,mw,11.0,151.5,,1.0,us,usp000e32x,2014-11-07T01:27:30.231Z,"60 km NNE of Santa Marta, Colombia",earthquake,,18.5,,2.0,reviewed,us,us,2005-10-29,36498,Colombia,-1
2005-11-15 15:51:01.730000+00:00,5.963,-77.068,35.0,4.77,mw,18.0,154.2,,1.06,us,usp000e47z,2014-11-07T01:27:39.644Z,"35 km NE of Nuquí, Colombia",earthquake,,,,10.0,reviewed,us,us,2005-11-15,36489,Colombia,1
2005-11-15 20:47:18.290000+00:00,5.323,-78.019,48.3,4.94,mw,27.0,150.5,,1.09,us,usp000e48t,2014-11-07T01:27:39.755Z,"83 km WNW of Pizarro, Colombia",earthquake,,13.1,,9.0,reviewed,us,us,2005-11-15,36448,Colombia,1
2005-12-01 18:31:33.610000+00:00,7.067,-72.764,189.2,4.68,mw,44.0,47.0,,0.87,us,usp000e5ab,2014-11-07T01:27:48.555Z,"13 km SW of Chitagá, Colombia",earthquake,,6.3,,18.0,reviewed,us,us,2005-12-01,36502,Colombia,1
2005-12-26 14:17:32.300000+00:00,5.286,-73.667,156.8,4.43,mw,8.0,114.1,,1.44,us,usp000e6ys,2014-11-07T01:27:57.264Z,"5 km ESE of Lenguazaque, Colombia",earthquake,,10.5,,4.0,reviewed,us,us,2005-12-26,36535,Colombia,1
2005-12-26 23:37:30.060000+00:00,5.083,-75.867,123.8,4.94,mw,84.0,59.8,,0.82,us,usp000e6zv,2014-11-07T01:27:57.366Z,"2 km NNE of Viterbo, Colombia",earthquake,,5.3,,42.0,reviewed,us,us,2005-12-26,36448,Colombia,1
2006-01-04 10:40:19.540000+00:00,6.77,-76.883,55.5,4.43,mw,11.0,116.9,,0.7,us,usp000e7jx,2014-11-07T01:28:03.716Z,"20 km N of Vigía del Fuerte, Colombia",earthquake,,28.7,,1.0,reviewed,us,us,2006-01-04,36515,Colombia,1
2006-01-08 20:49:10.440000+00:00,4.478,-77.637,57.7,4.43,mw,10.0,176.4,,1.3,us,usp000e7vp,2014-11-07T01:28:05.100Z,"38 km NW of Santa Genoveva de Docordó, Colombia",earthquake,,14.2,,3.0,reviewed,us,us,2006-01-08,36517,Colombia,1
2006-01-10 03:14:41.890000+00:00,6.679,-72.911,163.2,5.0,mwc,193.0,46.7,,0.89,us,usp000e7yp,2025-12-22T16:14:34.902Z,"10 km SE of Cepitá, Colombia",earthquake,,,,,reviewed,us,hrv,2006-01-10,36431,Colombia,1
2006-01-21 21:10:39.980000+00:00,3.712,-73.981,14.1,5.03,mw,25.0,114.5,,1.43,us,usp000e8mh,2014-11-07T01:28:08.145Z,"18 km WSW of Cubarral, Colombia",earthquake,,,,4.0,reviewed,us,us,2006-01-21,36404,Colombia,2
2006-01-23 20:50:44.980000+00:00,6.864,-77.793,14.0,6.2,mwb,552.0,45.5,,0.87,us,usp000e8rg,2022-07-14T12:38:32.711Z,"26 km S of Juradó, Colombia",earthquake,,,,,reviewed,us,us,2006-01-23,36393,Colombia,1
2006-02-10 01:58:00.040000+00:00,7.486,-77.144,30.7,4.94,mw,34.0,70.0,,1.22,us,usp000e9v4,2014-11-07T01:28:17.725Z,"5 km NNW of Riosucio, Colombia",earthquake,,,,14.0,reviewed,us,us,2006-02-10,36464,Colombia,1
2006-02-10 04:36:09.170000+00:00,7.357,-72.95,157.5,4.43,mw,13.0,93.0,,0.98,us,usp000e9va,2014-11-07T01:28:17.753Z,"1 km NNW of California, Colombia",earthquake,,9.7,,2.0,reviewed,us,us,2006-02-10,36535,Colombia,1
2006-03-11 15:40:30.770000+00:00,6.855,-76.667,44.6,4.94,mw,20.0,98.0,,1.46,us,usp000ebyn,2014-11-07T01:28:30.829Z,"21 km SE of Murindó, Colombia",earthquake,,12.8,,12.0,reviewed,us,us,2006-03-11,36602,Colombia,1
2006-03-22 18:42:58.730000+00:00,2.573,-79.619,23.0,4.6,mw,17.0,86.7,,1.17,us,usp000ecqq,2014-11-07T01:28:34.418Z,"121 km WNW of Salahonda, Colombia",earthquake,,37.4,,4.0,reviewed,us,us,2006-03-22,36651,Colombia,1
2006-03-26 02:24:38.020000+00:00,4.091,-78.652,43.9,5.03,mw,69.0,73.8,,0.88,us,usp000ecyz,2014-11-07T01:28:35.659Z,"144 km W of Santa Genoveva de Docordó, Colombia",earthquake,,7.3,,34.0,reviewed,us,us,2006-03-26,36579,Colombia,1
2006-04-10 04:06:07.200000+00:00,7.378,-71.627,13.0,5.2,mw,212.0,45.2,,,us,usp000ee2k,2022-05-02T15:28:55.534Z,"44 km NNW of Arauquita, Colombia",earthquake,,,,53.0,reviewed,car,us,2006-04-10,36564,Colombia,1
2006-04-18 03:10:07.160000+00:00,8.638,-73.368,133.5,4.68,mw,18.0,68.9,,0.91,us,usp000eeu3,2014-11-07T01:28:51.520Z,"16 km NNE of El Carmen, Colombia",earthquake,,8.3,,6.0,reviewed,us,us,2006-04-18,36636,Colombia,1
2006-04-29 19:19:14.740000+00:00,6.74,-72.967,160.9,5.03,mw,93.0,46.6,,0.82,us,usp000efsd,2014-11-07T01:28:56.164Z,"1 km SSE of Cepitá, Colombia",earthquake,,,,47.0,reviewed,us,us,2006-04-29,36594,Colombia,1
2006-04-30 11:41:54.200000+00:00,4.024,-76.512,96.9,4.68,mw,64.0,67.4,,0.8,us,usp000efub,2014-11-07T01:28:56.464Z,"10 km NNW of Darien, Colombia",earthquake,,6.6,,36.0,reviewed,us,us,2006-04-30,36623,Colombia,1
2006-05-02 18:16:42.610000+00:00,10.689,-74.707,27.7,5.03,mw,32.0,74.7,,0.95,us,usp000eg36,2014-11-07T01:29:01.545Z,"1 km SE of Remolino, Colombia",earthquake,,,,16.0,reviewed,us,us,2006-05-02,36575,Colombia,-1
2006-05-09 14:41:05.140000+00:00,8.077,-75.399,40.1,4.51,mw,21.0,74.3,,0.57,us,usp000egp6,2014-11-07T01:29:04.885Z,"11 km NNE of Montelíbano, Colombia",earthquake,,,,3.0,reviewed,us,us,2006-05-09,36654,Colombia,1
2006-05-22 00:35:19.200000+00:00,6.431,-71.834,53.4,4.68,mw,27.0,75.2,,1.03,us,usp000ehnk,2014-11-07T01:29:09.452Z,"11 km WSW of Tame, Colombia",earthquake,,8.1,,8.0,reviewed,us,us,2006-05-22,36642,Colombia,1
2006-05-28 15:47:11.710000+00:00,4.508,-76.551,118.8,4.77,mw,6.0,123.1,,1.26,us,usp000ej60,2014-11-07T01:29:12.299Z,"19 km SSE of Sipí, Colombia",earthquake,,28.8,,1.0,reviewed,us,us,2006-05-28,36616,Colombia,1
2006-06-06 14:23:00.680000+00:00,10.432,-75.427,19.9,4.43,mw,11.0,123.3,,0.88,us,usp000eju4,2014-11-07T01:29:19.915Z,"6 km WSW of Santa Rosa, Colombia",earthquake,,30.8,,3.0,reviewed,us,us,2006-06-06,36663,Colombia,-1
2006-06-09 17:50:17.140000+00:00,6.752,-77.66,46.4,4.94,mw,27.0,58.9,,1.31,us,usp000ek0z,2014-11-07T01:29:20.745Z,"40 km SSE of Juradó, Colombia",earthquake,,10.5,,14.0,reviewed,us,us,2006-06-09,36613,Colombia,1
2006-06-18 04:59:00.100000+00:00,4.683,-72.961,41.8,4.85,mw,63.0,74.5,,1.01,us,usp000ekpp,2014-11-07T01:29:24.106Z,"12 km N of Barranca de Upía, Colombia",earthquake,,9.2,,33.0,reviewed,us,us,2006-06-18,36614,Colombia,2
2006-09-06 19:30:00.210000+00:00,5.046,-72.912,10.0,4.85,mw,9.0,94.9,,1.41,us,usp000eskd,2014-11-07T01:30:10.433Z,"16 km ESE of Páez, Colombia",earthquake,,0.0,,1.0,reviewed,us,us,2006-09-06,36823,Colombia,2
2006-09-19 02:33:44.380000+00:00,2.492,-79.791,35.0,4.77,mw,18.0,84.0,,0.87,us,usp000etcm,2014-11-07T01:30:15.048Z,"135 km NW of Tumaco, Colombia",earthquake,,,,5.0,reviewed,us,us,2006-09-19,36827,Colombia,1
2006-09-28 22:55:50.990000+00:00,8.522,-76.962,24.7,4.6,mw,31.0,101.9,,1.29,us,usp000eu16,2014-11-07T01:30:19.943Z,"21 km WNW of Necoclí, Colombia",earthquake,,19.2,,7.0,reviewed,us,us,2006-09-28,36834,Colombia,3
2006-11-25 13:50:07.390000+00:00,1.245,-77.905,42.7,5.11,mw,90.0,66.4,,1.4,us,usp000eytw,2014-11-07T01:30:56.945Z,"10 km ENE of Ricaurte, Colombia",earthquake,,10.0,,52.0,reviewed,us,us,2006-11-25,36765,Colombia,-1
2006-11-29 19:59:21.510000+00:00,5.412,-78.146,17.5,4.51,mw,16.0,80.8,,0.96,us,usp000ez5v,2014-11-07T01:30:59.199Z,"100 km WNW of Pizarro, Colombia",earthquake,,27.2,,1.0,reviewed,us,us,2006-11-29,36894,Colombia,1
2006-12-01 15:57:31.910000+00:00,6.726,-72.931,157.8,5.2,mw,204.0,39.0,,0.81,us,usp000eza2,2014-11-07T01:31:02.601Z,"5 km ESE of Cepitá, Colombia",earthquake,,,,97.0,reviewed,us,us,2006-12-01,36756,Colombia,1
2006-12-06 14:37:40.590000+00:00,7.006,-76.812,44.7,4.77,mw,28.0,52.6,,1.22,us,usp000eznn,2014-11-07T01:31:05.608Z,"2 km NNE of Murindó, Colombia",earthquake,,9.5,,8.0,reviewed,us,us,2006-12-06,36829,Colombia,1
2007-01-29 07:47:41.680000+00:00,4.602,-72.607,436.5,5.3,mwc,393.0,33.0,,0.77,us,usp000f3vu,2025-12-22T14:59:39.486Z,"17 km SSW of Ubalá, Colombia",earthquake,,,,,reviewed,us,gcmt,2007-01-29,36743,Colombia,-1
2007-02-01 15:19:44.920000+00:00,6.547,-73.402,127.9,4.51,mw,20.0,88.9,,0.86,us,usp000f43c,2014-11-07T01:31:32.220Z,"10 km W of Hato, Colombia",earthquake,,8.6,,6.0,reviewed,us,us,2007-02-01,36891,Colombia,1
2007-02-04 17:08:07.600000+00:00,5.006,-76.455,111.1,4.6,mw,72.0,61.5,,0.8,us,usp000f49a,2014-11-07T01:31:34.300Z,"17 km ENE of Nóvita, Colombia",earthquake,,,,31.0,reviewed,us,us,2007-02-04,36888,Colombia,1
2007-02-16 22:39:55.950000+00:00,2.662,-76.876,146.7,4.68,mw,25.0,80.4,,1.12,us,usp000f4zt,2014-11-07T01:31:38.650Z,"16 km N of Villa Rica, Colombia",earthquake,,8.2,,2.0,reviewed,us,us,2007-02-16,36996,Colombia,1
2007-02-20 16:12:25.910000+00:00,3.006,-79.395,47.6,4.6,mw,18.0,79.3,,1.26,us,usp000f588,2014-11-07T01:31:40.324Z,"118 km WNW of Mosquera, Colombia",earthquake,,11.3,,4.0,reviewed,us,us,2007-02-20,37030,Colombia,1
2007-02-25 01:56:28.080000+00:00,7.046,-73.329,140.5,4.51,mw,10.0,135.1,,0.54,us,usp000f5jz,2014-11-07T01:31:41.950Z,"14 km WSW of Lebrija, Colombia",earthquake,,10.1,,2.0,reviewed,us,us,2007-02-25,37032,Colombia,1
2007-03-05 18:49:17.420000+00:00,8.091,-75.133,62.4,4.68,mw,18.0,71.5,,0.97,us,usp000f653,2014-11-07T01:31:48.999Z,"13 km NNE of Caucasia, Colombia",earthquake,,10.1,,3.0,reviewed,us,us,2007-03-05,36999,Colombia,1
2007-03-06 13:05:12.110000+00:00,2.082,-76.495,43.1,5.2,mwc,132.0,73.4,,1.0,us,usp000f66x,2022-05-02T20:02:02.976Z,"23 km SE of Paispamba, Colombia",earthquake,,7.6,,,reviewed,us,gcmt,2007-03-06,36923,Colombia,1
2007-03-12 05:31:46.960000+00:00,5.324,-73.761,156.2,4.51,mw,14.0,73.4,,0.93,us,usp000f6j0,2014-11-07T01:31:51.666Z,"5 km WNW of Lenguazaque, Colombia",earthquake,,6.7,,3.0,reviewed,us,us,2007-03-12,37041,Colombia,1
2007-03-12 09:17:19.410000+00:00,3.889,-74.726,54.0,4.94,mw,44.0,61.7,,1.17,us,usp000f6jc,2014-11-07T01:31:51.709Z,"3 km NW of Tres Esquinas, Colombia",earthquake,,,,11.0,reviewed,us,us,2007-03-12,36931,Colombia,-1
2007-03-13 19:18:29.660000+00:00,7.11,-72.885,179.3,4.51,mw,29.0,99.6,,0.97,us,usp000f6nk,2014-11-07T01:31:52.300Z,"13 km N of Santa Bárbara, Colombia",earthquake,,,,8.0,reviewed,us,us,2007-03-13,37048,Colombia,1
2007-03-18 02:11:05.300000+00:00,4.585,-78.494,7.0,6.2,mwc,677.0,27.7,,0.89,us,usp000f6wx,2022-05-02T20:03:35.281Z,"130 km WNW of Santa Genoveva de Docordó, Colombia",earthquake,,,,,reviewed,us,gcmt,2007-03-18,36906,Colombia,1
2007-04-09 14:14:32.200000+00:00,5.482,-76.702,150.0,4.68,mw,6.0,130.7,,1.16,us,usp000f962,2014-11-07T01:32:09.302Z,"16 km NNE of El Cantón de San Pablo, Colombia",earthquake,,,,1.0,reviewed,us,us,2007-04-09,37006,Colombia,1
2007-04-24 08:53:34.030000+00:00,5.626,-75.891,52.6,5.1,mwc,181.0,50.8,,1.11,us,usp000fafp,2022-05-02T20:12:02.437Z,"3 km SSW of Andes, Colombia",earthquake,,,,,reviewed,us,gcmt,2007-04-24,36930,Colombia,1
2007-05-06 04:47:13.680000+00:00,6.705,-72.946,159.7,5.4,mwb,357.0,46.6,,0.84,us,usp000fbc0,2025-12-22T15:22:29.563Z,"6 km SSE of Cepitá, Colombia",earthquake,,2.5,,,reviewed,us,us,2007-05-06,36910,Colombia,1
2007-05-12 13:32:15.400000+00:00,5.797,-78.207,40.7,4.68,mw,31.0,139.5,,1.48,us,usp000fbuh,2014-11-07T01:32:27.572Z,"100 km WSW of Bahía Solano, Colombia",earthquake,,17.6,,14.0,reviewed,us,us,2007-05-12,36991,Colombia,1
2007-05-13 02:30:27.970000+00:00,6.765,-76.926,48.8,4.43,mw,24.0,91.7,,0.97,us,usp000fbvr,2014-11-07T01:32:27.669Z,"19 km N of Vigía del Fuerte, Colombia",earthquake,,10.0,,9.0,reviewed,us,us,2007-05-13,37066,Colombia,1
2007-05-17 00:56:59.310000+00:00,4.796,-75.931,153.3,4.51,mw,15.0,61.6,,0.79,us,usp000fc44,2014-11-07T01:32:28.790Z,"5 km NNW of Cartago, Colombia",earthquake,,9.3,,5.0,reviewed,us,us,2007-05-17,37055,Colombia,1
2007-05-20 21:06:47.400000+00:00,6.269,-78.695,28.2,4.85,mw,45.0,139.1,,1.27,us,usp000fcdd,2014-11-07T01:32:30.314Z,"138 km SW of Juradó, Colombia",earthquake,,,,24.0,reviewed,us,us,2007-05-20,36958,Colombia,-1
2007-05-27 06:49:56.880000+00:00,6.832,-71.862,48.8,4.51,mw,25.0,60.6,,1.1,us,usp000fcv0,2014-11-07T01:32:32.257Z,"10 km WNW of Fortul, Colombia",earthquake,,8.8,,5.0,reviewed,us,us,2007-05-27,37062,Colombia,1
2007-06-20 19:04:06.990000+00:00,7.136,-72.175,23.3,5.2,mwc,351.0,24.5,,0.87,us,usp000fef3,2022-05-02T20:19:58.888Z,"16 km NNW of Cubará, Colombia",earthquake,,,,,reviewed,us,gcmt,2007-06-20,36915,Colombia,1
2007-06-22 20:23:23.250000+00:00,7.268,-75.294,70.3,4.85,mw,47.0,65.4,,0.9,us,usp000fekd,2014-11-07T01:32:44.921Z,"11 km ESE of Valdivia, Colombia",earthquake,,7.0,,13.0,reviewed,us,us,2007-06-22,36936,Colombia,1
2007-07-01 16:53:43.400000+00:00,5.6,-77.85,4.0,4.94,mw,76.0,63.2,,,us,usp000ff81,2014-11-07T01:32:51.961Z,"65 km W of Nuquí, Colombia",earthquake,,,,31.0,reviewed,rsnc,us,2007-07-01,36930,Colombia,1
2007-07-08 04:29:38.650000+00:00,5.199,-72.707,62.1,4.77,mw,53.0,51.8,,0.71,us,usp000ffqw,2014-11-07T01:32:55.446Z,"6 km ESE of Recetor, Colombia",earthquake,,5.1,,28.0,reviewed,us,us,2007-07-08,36973,Colombia,2
2007-07-15 19:30:00.080000+00:00,3.8,-75.589,35.0,5.11,mw,143.0,38.2,,0.94,us,usp000fg95,2014-11-07T01:32:58.096Z,"14 km NW of Chaparral, Colombia",earthquake,,,,61.0,reviewed,us,us,2007-07-15,36924,Colombia,1
2007-07-22 06:31:15.770000+00:00,3.247,-79.131,10.0,4.68,mw,16.0,149.0,,1.16,us,usp000fguj,2014-11-07T01:33:02.270Z,"111 km NW of Mosquera, Colombia",earthquake,,,,3.0,reviewed,us,us,2007-07-22,36992,Colombia,1
2007-07-26 18:55:39.470000+00:00,6.915,-74.448,95.0,4.68,mw,32.0,71.6,,0.9,us,usp000fh57,2014-11-07T01:33:04.145Z,"29 km ESE of Remedios, Colombia",earthquake,,,,5.0,reviewed,us,us,2007-07-26,36985,Colombia,1
2007-08-24 17:45:50.110000+00:00,4.178,-76.333,140.8,5.11,mw,9.0,130.9,,1.43,us,usp000fkm3,2014-11-07T01:33:22.553Z,"4 km SSW of Trujillo, Colombia",earthquake,,10.8,,1.0,reviewed,us,us,2007-08-24,37124,Colombia,1
2007-08-31 23:05:41.970000+00:00,5.059,-76.567,95.3,5.03,mw,16.0,80.6,,1.14,us,usp000fm3s,2014-11-07T01:33:25.109Z,"9 km ESE of Condoto, Colombia",earthquake,,9.4,,2.0,reviewed,us,us,2007-08-31,37154,Colombia,1
2007-09-10 01:49:11.780000+00:00,2.966,-77.963,15.0,6.8,mwc,653.0,17.6,,0.89,us,usp000fmtk,2022-07-14T03:12:42.806Z,"39 km WNW of Timbiquí, Colombia",earthquake,,,,,reviewed,us,gcmt,2007-09-10,37095,Colombia,1
2007-09-22 11:44:39.330000+00:00,5.759,-77.437,24.3,5.0,mwc,269.0,59.1,,0.84,us,usp000fnw8,2022-05-02T20:42:46.959Z,"19 km WNW of Nuquí, Colombia",earthquake,,,,,reviewed,us,gcmt,2007-09-22,37159,Colombia,1
2007-10-22 22:43:04+00:00,3.83,-76.85,65.3,4.68,mw,24.0,51.6,,,us,usp000fr31,2014-11-07T01:33:58.537Z,"20 km ESE of Buenaventura, Colombia",earthquake,,,,2.0,reviewed,rsnc,us,2007-10-22,37201,Colombia,1
2007-10-27 22:09:33.290000+00:00,4.992,-78.037,35.0,4.77,mw,12.0,122.4,,1.13,us,usp000frdu,2014-11-07T01:34:00.075Z,"74 km W of Pizarro, Colombia",earthquake,,,,2.0,reviewed,us,us,2007-10-27,37172,Colombia,1
2007-11-01 12:20:23.420000+00:00,6.778,-76.292,25.2,5.11,mw,131.0,49.5,,0.95,us,usp000frru,2014-11-07T01:34:04.701Z,"17 km W of Frontino, Colombia",earthquake,,,,62.0,reviewed,us,us,2007-11-01,37112,Colombia,1
2007-11-09 06:08:04.520000+00:00,10.797,-74.594,47.2,4.94,mw,20.0,108.9,,1.3,us,usp000fs80,2014-11-07T01:34:08.728Z,"14 km E of Sitionuevo, Colombia",earthquake,,13.2,,5.0,reviewed,us,us,2007-11-09,37164,Colombia,-1
2007-12-08 23:04:53.560000+00:00,7.086,-73.135,137.8,4.51,mw,9.0,139.0,,1.37,us,usp000fu2u,2014-11-07T01:34:22.536Z,"4 km ENE of Girón, Colombia",earthquake,,16.0,,1.0,reviewed,us,us,2007-12-08,37246,Colombia,1
2008-01-22 19:38:08.620000+00:00,6.738,-72.905,175.0,5.2,mw,19.0,85.9,,0.79,us,usp000fx8e,2014-11-07T01:34:45.141Z,"7 km ESE of Cepitá, Colombia",earthquake,,7.4,,3.0,reviewed,us,us,2008-01-22,37102,Colombia,1
2008-01-23 15:36:29.980000+00:00,7.265,-77.244,13.8,4.38,mw,9.0,113.1,,0.75,us,usp000fx9y,2014-11-07T01:34:45.312Z,"24 km SW of Riosucio, Colombia",earthquake,,52.5,,,reviewed,us,rsnc,2008-01-23,37247,Colombia,1
2008-02-10 07:36:05.850000+00:00,5.582,-77.961,36.5,5.0,mwc,160.0,118.7,,1.07,us,usp000fykf,2022-05-02T20:43:15.669Z,"77 km W of Nuquí, Colombia",earthquake,,,,,reviewed,us,gcmt,2008-02-10,37309,Colombia,1
2008-02-17 21:15:01.840000+00:00,6.74,-72.929,154.9,5.4,mwc,398.0,47.0,,0.95,us,usp000fz4p,2025-12-22T15:28:40.384Z,"5 km ESE of Cepitá, Colombia",earthquake,,2.2,,,reviewed,us,gcmt,2008-02-17,37272,Colombia,1
2008-02-23 03:23:06.640000+00:00,3.974,-78.749,10.0,5.1,mwc,178.0,58.3,,0.97,us,usp000fzqy,2025-12-22T15:02:08.818Z,"156 km WSW of Santa Genoveva de Docordó, Colombia",earthquake,,,,,reviewed,us,gcmt,2008-02-23,37288,Colombia,1
2008-03-04 11:23:08.020000+00:00,2.719,-76.166,68.9,5.11,mw,62.0,138.9,,1.28,us,usp000g0pd,2022-07-13T20:58:13.465Z,"18 km ESE of Jambaló, Colombia",earthquake,,11.8,,48.0,reviewed,us,us,2008-03-04,37278,Colombia,1
2008-03-18 13:20:30.980000+00:00,6.116,-73.732,128.9,4.77,mw,12.0,85.2,,0.79,us,usp000g1r4,2014-11-07T01:35:16.506Z,"12 km WNW of Chipatá, Colombia",earthquake,,7.3,,1.0,reviewed,us,us,2008-03-18,37330,Colombia,1
2008-03-25 07:38:13.960000+00:00,5.123,-74.359,27.6,5.03,mw,108.0,57.0,,0.84,us,usp000g2aw,2022-07-13T20:37:28.760Z,"1 km WNW of Vergara, Colombia",earthquake,,,,66.0,reviewed,us,us,2008-03-25,37302,Colombia,-1
2008-03-31 23:15:24.930000+00:00,4.515,-75.787,85.1,4.77,mw,59.0,62.9,,0.96,us,usp000g2uq,2014-11-07T01:35:22.711Z,"6 km N of La Tebaida, Colombia",earthquake,,6.1,,12.0,reviewed,us,us,2008-03-31,37327,Colombia,1
2008-04-12 20:13:24.630000+00:00,6.634,-76.516,39.6,4.6,mw,18.0,71.0,,1.62,us,usp000g3sw,2014-11-07T01:35:36.454Z,"41 km ENE of Bellavista, Colombia",earthquake,,13.4,,4.0,reviewed,us,us,2008-04-12,37386,Colombia,1
2008-04-15 22:28:51.620000+00:00,5.312,-76.845,69.9,4.68,mw,22.0,60.5,,1.1,us,usp000g411,2014-11-07T01:35:37.725Z,"12 km WSW of El Cantón de San Pablo, Colombia",earthquake,,7.2,,2.0,reviewed,us,us,2008-04-15,37369,Colombia,1
2008-05-07 09:53:06.650000+00:00,7.366,-76.548,36.5,4.68,mw,14.0,103.9,,1.09,us,usp000g5qq,2014-11-07T01:35:52.132Z,"18 km NW of Mutatá, Colombia",earthquake,,10.1,,2.0,reviewed,us,us,2008-05-07,37352,Colombia,1
2008-05-24 19:20:42.490000+00:00,4.33,-73.764,8.9,5.9,mwc,466.0,26.4,,0.96,us,usp000g7p6,2022-07-13T18:58:34.251Z,"6 km WSW of El Calvario, Colombia",earthquake,,6.2,,,reviewed,us,us,2008-05-24,37265,Colombia,2
2008-06-10 05:25:27.260000+00:00,6.722,-71.928,10.0,4.23,mw,18.0,90.6,,1.29,us,usp000g93b,2014-11-07T01:36:18.066Z,"18 km WSW of Fortul, Colombia",earthquake,,,,,reviewed,us,rsnc,2008-06-10,37419,Colombia,1
2008-07-10 05:56:41.700000+00:00,12.463,-71.554,10.0,4.51,mw,12.0,120.4,,1.34,us,usp000gbtc,2014-11-07T01:36:36.403Z,"113 km NE of Uribia, Colombia",earthquake,,,,1.0,reviewed,us,us,2008-07-10,37416,Colombia,-1
2008-07-13 13:45:55.930000+00:00,4.493,-74.87,47.5,4.85,mw,22.0,86.1,,1.17,us,usp000gc24,2014-11-07T01:36:37.411Z,"5 km S of Piedras, Colombia",earthquake,,9.7,,1.0,reviewed,us,us,2008-07-13,37315,Colombia,-1
2008-08-17 11:56:39.130000+00:00,6.361,-72.481,195.7,4.43,mw,28.0,145.4,,0.72,us,usp000gevs,2014-11-07T01:36:55.642Z,"6 km SSW of El Cocuy, Colombia",earthquake,,7.3,,15.0,reviewed,us,us,2008-08-17,37608,Colombia,1
2008-09-02 17:21:00.270000+00:00,2.953,-75.983,23.1,5.2,mw,170.0,70.4,,1.16,us,usp000gg8c,2022-05-02T19:45:04.964Z,"28 km SW of Gaitania, Colombia",earthquake,,11.9,,128.0,reviewed,us,us,2008-09-02,37481,Colombia,1
2008-09-13 09:32:01.490000+00:00,4.79,-75.517,132.9,5.7,mwb,456.0,38.6,,0.82,us,usp000ggze,2022-05-02T21:03:08.596Z,"14 km SE of Santa Rosa de Cabal, Colombia",earthquake,,,,,reviewed,us,us,2008-09-13,37454,Colombia,1
2008-10-04 14:17:37.600000+00:00,6.739,-72.91,159.4,5.2,mw,181.0,59.0,,0.69,us,usp000gjaf,2014-11-07T01:37:23.562Z,"7 km ESE of Cepitá, Colombia",earthquake,,,,115.0,reviewed,us,us,2008-10-04,37470,Colombia,1
2008-10-31 20:07:45.860000+00:00,3.994,-76.293,53.5,4.94,mw,90.0,65.3,,1.05,us,usp000gmhx,2014-11-07T01:37:34.820Z,"7 km W of San Pedro, Colombia",earthquake,,7.6,,42.0,reviewed,us,us,2008-10-31,37566,Colombia,1
2008-12-07 19:31:28.100000+00:00,5.631,-78.291,27.9,4.6,mw,30.0,62.6,,1.07,us,usp000gq4t,2014-11-07T01:37:55.430Z,"113 km W of Nuquí, Colombia",earthquake,,,,4.0,reviewed,us,us,2008-12-07,37603,Colombia,1
2009-01-09 11:43:15.010000+00:00,4.317,-78.805,52.5,4.94,mw,38.0,68.5,,1.4,us,usp000gsde,2014-11-07T01:38:11.179Z,"159 km W of Santa Genoveva de Docordó, Colombia",earthquake,,12.0,,17.0,reviewed,us,us,2009-01-09,37529,Colombia,1
2009-01-13 19:47:52.270000+00:00,5.772,-76.135,58.4,5.03,mw,86.0,52.6,,1.09,us,usp000gsjc,2022-07-15T03:23:03.432Z,"15 km SW of Ciudad Bolívar, Colombia",earthquake,,,,46.0,reviewed,us,us,2009-01-13,37502,Colombia,1
2009-01-18 03:13:54.750000+00:00,4.82,-77.317,53.5,4.77,mw,21.0,64.9,,1.16,us,usp000gss7,2014-11-07T01:38:13.289Z,"15 km SSE of Pizarro, Colombia",earthquake,,8.9,,3.0,reviewed,us,us,2009-01-18,37599,Colombia,1
2009-02-11 17:17:03.230000+00:00,6.749,-72.914,163.2,5.28,mw,190.0,46.6,,0.76,us,usp000gtnb,2022-07-15T02:27:01.220Z,"6 km E of Cepitá, Colombia",earthquake,,,,121.0,reviewed,us,us,2009-02-11,37644,Colombia,1
2009-02-23 18:23:34.760000+00:00,3.739,-77.89,25.0,5.03,mw,26.0,129.5,,1.08,us,usp000guaw,2014-11-07T01:38:26.541Z,"81 km SW of Santa Genoveva de Docordó, Colombia",earthquake,,0.0,,3.0,reviewed,us,us,2009-02-23,37711,Colombia,1
2009-03-14 14:18:31.220000+00:00,2.65,-79.702,15.8,5.2,mw,143.0,62.1,,0.91,us,usp000guzt,2014-11-07T01:38:34.997Z,"134 km WNW of Salahonda, Colombia",earthquake,,12.9,,76.0,reviewed,us,us,2009-03-14,37663,Colombia,1
2009-03-31 00:50:11+00:00,7.88,-74.94,18.0,5.11,mw,80.0,40.3,,,us,usp000gvke,2014-11-07T01:38:39.300Z,"20 km WNW of San Carlos, Colombia",earthquake,,,,23.0,reviewed,rsnc,us,2009-03-31,37700,Colombia,1
2009-04-18 05:20:29.160000+00:00,4.465,-78.589,51.7,4.68,mw,40.0,71.3,,1.15,us,usp000gwak,2014-11-07T01:38:48.001Z,"137 km W of Santa Genoveva de Docordó, Colombia",earthquake,,9.1,,15.0,reviewed,us,us,2009-04-18,37793,Colombia,1
2009-04-20 08:54:01.840000+00:00,7.712,-73.272,122.7,5.1,mwc,303.0,26.4,,0.94,us,usp000gwd4,2025-12-22T15:36:18.286Z,"14 km ESE of San Alberto, Colombia",earthquake,,,,,reviewed,us,gcmt,2009-04-20,37711,Colombia,1
2009-05-01 15:26:28.030000+00:00,6.292,-74.316,21.2,5.2,mw,29.0,140.6,,0.81,us,usp000gwr0,2014-11-07T01:38:53.680Z,"24 km SSE of Puerto Berrío, Colombia",earthquake,,22.0,,16.0,reviewed,us,us,2009-05-01,37680,Colombia,1
2009-05-01 15:44:33.010000+00:00,6.809,-76.357,30.3,5.2,mw,100.0,44.4,,1.04,us,usp000gwr2,2022-07-15T09:18:06.366Z,"22 km WSW of Uramita, Colombia",earthquake,,,,56.0,reviewed,us,us,2009-05-01,37698,Colombia,1
2009-05-22 04:53:10.240000+00:00,5.642,-72.6,23.0,5.03,mw,131.0,40.3,,0.98,us,usp000gxd8,2014-11-07T01:39:00.289Z,"9 km NNW of Labranzagrande, Colombia",earthquake,,,,63.0,reviewed,us,us,2009-05-22,37732,Colombia,2
2009-07-03 10:04:57.640000+00:00,3.737,-75.642,51.9,5.45,mw,213.0,41.6,,0.84,us,usp000gywm,2022-07-15T13:03:23.214Z,"17 km W of Chaparral, Colombia",earthquake,,3.9,,116.0,reviewed,us,us,2009-07-03,37632,Colombia,1
2009-07-21 07:54:19.920000+00:00,7.305,-72.999,143.5,4.77,mw,129.0,43.0,,0.81,us,usp000gzgj,2022-07-15T14:23:32.343Z,"2 km SE of Matanza, Colombia",earthquake,,,,70.0,reviewed,us,us,2009-07-21,37792,Colombia,1
2009-07-22 03:28:24.880000+00:00,5.765,-77.501,41.0,4.51,mw,29.0,59.3,,0.95,us,usp000gzhb,2014-11-07T01:39:20.888Z,"26 km WNW of Nuquí, Colombia",earthquake,,8.2,,7.0,reviewed,us,us,2009-07-22,37794,Colombia,1
2009-07-23 20:18:35.400000+00:00,4.65,-76.81,26.0,4.85,mw,56.0,64.5,,,us,usp000gzjf,2014-11-07T01:39:21.055Z,"18 km W of Sipí, Colombia",earthquake,,,,22.0,reviewed,rsnc,us,2009-07-23,37774,Colombia,1
2009-07-31 02:02:17+00:00,7.01,-75.83,0.0,4.51,mw,47.0,46.1,,,us,usp000gzu9,2014-11-07T01:39:23.314Z,"8 km E of Peque, Colombia",earthquake,,,,18.0,reviewed,rsnc,us,2009-07-31,37971,Colombia,1
2009-09-08 08:26:01.800000+00:00,4.655,-76.624,90.6,4.8,mwc,266.0,52.1,,0.75,us,usp000h1b5,2022-07-15T17:32:05.126Z,"2 km E of Sipí, Colombia",earthquake,,4.2,,,reviewed,us,gcmt,2009-09-08,37896,Colombia,1
2009-10-01 07:48:42.340000+00:00,10.831,-74.575,21.3,4.77,mw,23.0,58.3,,0.82,us,usp000h253,2014-11-07T01:39:49.504Z,"16 km ENE of Sitionuevo, Colombia",earthquake,,15.5,,5.0,reviewed,us,us,2009-10-01,37942,Colombia,-1
2009-10-22 15:56:48.100000+00:00,3.711,-76.517,134.4,4.94,mw,50.0,69.1,,0.88,us,usp000h393,2014-11-07T01:39:57.760Z,"8 km W of Vijes, Colombia",earthquake,,5.6,,21.0,reviewed,us,us,2009-10-22,37892,Colombia,1
2009-10-23 18:55:22.060000+00:00,6.87,-72.895,169.3,5.11,mw,75.0,67.2,,1.43,us,usp000h3b0,2014-11-07T01:39:58.103Z,"4 km W of Guaca, Colombia",earthquake,,,,34.0,reviewed,us,us,2009-10-23,37841,Colombia,1
2009-10-29 21:20:28.500000+00:00,4.85,-78.315,42.5,5.11,mw,61.0,128.1,,1.02,us,usp000h3jc,2014-11-07T01:39:59.724Z,"105 km W of Pizarro, Colombia",earthquake,,6.8,,14.0,reviewed,us,us,2009-10-29,37885,Colombia,1
2009-11-02 12:18:50.540000+00:00,4.589,-76.04,101.9,5.28,mw,217.0,63.0,,0.84,us,usp000h3nw,2022-07-15T20:23:50.764Z,"5 km ESE of Toro, Colombia",earthquake,,4.6,,99.0,reviewed,us,us,2009-11-02,37802,Colombia,1
2009-12-18 14:30:03.390000+00:00,3.047,-76.234,165.4,5.1,mwc,328.0,67.2,,0.93,us,usp000h55e,2025-12-22T15:42:31.990Z,"10 km NNE of Toribío, Colombia",earthquake,,,,,reviewed,us,gcmt,2009-12-18,37886,Colombia,1
2010-01-11 18:48:35.960000+00:00,4.229,-75.756,180.1,5.11,mw,105.0,54.1,,0.89,us,usp000h5yy,2014-11-07T01:40:26.488Z,"9 km S of Génova, Colombia",earthquake,,,,56.0,reviewed,us,us,2010-01-11,37864,Colombia,1
2010-01-16 05:11:07.720000+00:00,5.111,-72.871,10.0,4.77,mw,49.0,52.3,,1.35,us,usp000h66g,2022-07-16T00:22:29.735Z,"11 km S of Chámeza, Colombia",earthquake,,,,13.0,reviewed,us,us,2010-01-16,37966,Colombia,2
2010-01-29 17:52:23.040000+00:00,4.726,-75.971,131.5,4.9,mwc,227.0,52.5,,0.95,us,usp000h6s2,2022-07-16T01:38:25.589Z,"6 km WSW of Cartago, Colombia",earthquake,,,,,reviewed,us,gcmt,2010-01-29,38058,Colombia,1
2010-02-02 22:32:00.580000+00:00,6.744,-72.908,166.2,5.11,mw,215.0,46.3,,0.8,us,usp000h6w8,2022-07-16T01:49:57.721Z,northern Colombia,earthquake,,3.3,,107.0,reviewed,us,us,2010-02-02,38018,northern Colombia,1
2010-03-04 22:09:13.100000+00:00,4.89,-75.49,130.9,5.2,mw,102.0,46.4,,,us,usp000h8qn,2022-07-16T04:57:29.780Z,"14 km E of Santa Rosa de Cabal, Colombia",earthquake,,,,47.0,reviewed,rsnc,us,2010-03-04,37988,Colombia,1
2010-03-18 13:47:01+00:00,3.18,-74.68,24.0,4.38,mw,8.0,101.3,,,us,usp000h9mt,2014-11-07T01:41:03.167Z,"25 km SSE of Colombia, Colombia",earthquake,,,,,reviewed,rsnc,rsnc,2010-03-18,38159,Colombia,2
2010-03-30 03:03:27.230000+00:00,6.296,-71.957,27.7,4.6,mw,24.0,71.8,,0.93,us,usp000ha4r,2014-11-07T01:41:06.508Z,"26 km NW of Municipio Hato Corozal, Colombia",earthquake,,14.1,,2.0,reviewed,us,us,2010-03-30,38147,Colombia,1
2010-04-13 16:51:35.400000+00:00,4.627,-76.445,102.7,4.85,mw,16.0,81.7,,,us,usp000hbb0,2022-07-16T10:39:24.426Z,"22 km E of Sipí, Colombia",earthquake,,,,5.0,reviewed,rsnc,us,2010-04-13,38080,Colombia,1
2010-05-05 02:31:53.020000+00:00,2.596,-79.731,26.5,4.77,mw,47.0,86.0,,1.26,us,usp000hcb8,2014-11-07T01:41:26.763Z,"134 km WNW of Salahonda, Colombia",earthquake,,19.0,,24.0,reviewed,us,us,2010-05-05,38132,Colombia,1
2010-06-01 09:40:55.360000+00:00,8.358,-77.128,51.3,5.03,mw,100.0,55.0,,0.84,us,usp000hdf0,2014-11-07T01:41:36.800Z,"23 km SE of Acandí, Colombia",earthquake,,3.5,,53.0,reviewed,us,us,2010-06-01,38032,Colombia,3
2010-06-05 01:20:00.140000+00:00,5.091,-72.377,23.3,4.8,mwc,192.0,26.7,,0.81,us,usp000hdku,2022-07-16T14:50:56.265Z,"20 km ESE of Aguazul, Colombia",earthquake,,6.2,,,reviewed,us,gcmt,2010-06-05,38111,Colombia,2
2010-06-26 12:22:52.940000+00:00,4.127,-79.13,30.0,4.85,mw,25.0,77.7,,1.34,us,usp000hejd,2014-11-07T01:41:44.450Z,"194 km NNW of Mosquera, Colombia",earthquake,,,,5.0,reviewed,us,us,2010-06-26,38107,Colombia,1
2010-07-07 20:38:54.550000+00:00,8.955,-75.654,39.3,5.28,mw,22.0,56.1,,1.29,us,usp000hf0b,2014-11-07T01:41:51.297Z,"9 km NNW of Ciénaga de Oro, Colombia",earthquake,,9.5,,2.0,reviewed,us,us,2010-07-07,37984,Colombia,-1
2010-07-11 10:37:52.480000+00:00,6.241,-77.723,35.0,4.68,mw,17.0,134.1,,1.28,us,usp000hf5b,2014-11-07T01:41:52.511Z,"35 km W of Bahía Solano, Colombia",earthquake,,,,9.0,reviewed,us,us,2010-07-11,38143,Colombia,1
2010-07-23 14:03:37.440000+00:00,7.204,-77.061,53.9,4.94,mw,41.0,47.8,,1.26,us,usp000hgkh,2014-11-07T01:41:59.579Z,"27 km SSE of Riosucio, Colombia",earthquake,,7.8,,14.0,reviewed,us,us,2010-07-23,38044,Colombia,1
2010-07-26 03:48:17.010000+00:00,4.483,-75.368,10.0,4.23,mw,11.0,76.3,,1.1,us,usp000hgu4,2014-11-07T01:42:01.908Z,"8 km ENE of Cajamarca, Colombia",earthquake,,,,,reviewed,us,rsnc,2010-07-26,38261,Colombia,1
2010-07-29 19:34:46.490000+00:00,3.924,-74.999,51.4,5.1,mwc,165.0,64.7,,1.07,us,usp000hh42,2022-07-18T17:18:13.500Z,"1 km ESE of Saldaña, Colombia",earthquake,,4.2,,,reviewed,us,gcmt,2010-07-29,38185,Colombia,-1
2010-08-18 07:38:46.560000+00:00,2.363,-77.275,85.0,4.77,mw,41.0,78.1,,0.94,us,usp000hjcu,2014-11-07T01:42:15.712Z,"12 km NNW of Argelia, Colombia",earthquake,,8.2,,23.0,reviewed,us,us,2010-08-18,38197,Colombia,-1
2010-08-21 20:20:14.980000+00:00,6.028,-77.974,14.5,5.4,mwc,275.0,58.8,,1.0,us,usp000hjk5,2025-12-22T15:49:44.311Z,"66 km WSW of Bahía Solano, Colombia",earthquake,,7.2,,,reviewed,us,gcmt,2010-08-21,38162,Colombia,1
2010-08-30 18:50:09.800000+00:00,1.22,-77.36,0.0,4.16,mw,4.0,172.5,,,us,usp000hjyk,2014-11-07T01:42:18.879Z,"7 km S of Nariño, Colombia",earthquake,,,,,reviewed,rsnc,rsnc,2010-08-30,38303,Colombia,-1
2010-09-15 14:31:48.960000+00:00,5.515,-77.751,41.5,4.77,mw,48.0,61.7,,1.5,us,usp000hksb,2014-11-07T01:42:28.088Z,"57 km WSW of Nuquí, Colombia",earthquake,,11.1,,23.0,reviewed,us,us,2010-09-15,38213,Colombia,1
2010-10-01 00:20:12.070000+00:00,3.382,-75.574,32.1,4.85,mw,37.0,93.1,,1.27,us,usp000hme2,2014-11-07T01:42:33.591Z,"3 km ESE of Santiago Pérez, Colombia",earthquake,,22.2,,26.0,reviewed,us,us,2010-10-01,38188,Colombia,-1
2010-11-02 18:18:46.320000+00:00,6.789,-72.979,156.2,5.11,mw,142.0,46.1,,0.85,us,usp000hnx9,2014-11-07T01:42:50.398Z,"3 km N of Cepitá, Colombia",earthquake,,4.7,,88.0,reviewed,us,us,2010-11-02,38165,Colombia,1
2010-12-14 19:00:02.590000+00:00,7.376,-73.172,140.1,4.77,mw,20.0,69.0,,1.52,us,usp000hqxk,2014-11-07T01:43:06.986Z,"11 km SSE of El Playón, Colombia",earthquake,,15.4,,4.0,reviewed,us,us,2010-12-14,38229,Colombia,1
2011-01-20 09:50:17.950000+00:00,6.592,-73.556,127.9,4.51,mw,13.0,86.4,,0.86,us,usp000htd9,2014-11-07T01:43:27.954Z,"12 km SSW of El Carmen de Chucurí, Colombia",earthquake,,7.8,,1.0,reviewed,us,us,2011-01-20,38510,Colombia,1
2011-01-20 12:53:37.900000+00:00,3.046,-79.385,10.0,5.2,mw,179.0,146.7,,1.1,us,usp000htdk,2014-11-07T01:43:28.014Z,"119 km WNW of Mosquera, Colombia",earthquake,,,,113.0,reviewed,us,us,2011-01-20,38343,Colombia,1
2011-01-23 07:50:58.340000+00:00,5.229,-76.184,109.6,4.85,mw,15.0,76.3,,1.32,us,usp000hthu,2014-11-07T01:43:28.793Z,"17 km W of Pueblo Rico, Colombia",earthquake,,10.5,,4.0,reviewed,us,us,2011-01-23,38472,Colombia,1
2011-01-31 07:13:42.600000+00:00,3.941,-76.395,97.5,5.2,mw,253.0,53.3,,0.92,us,usp000htwj,2022-07-19T03:18:25.227Z,"8 km N of Yotoco, Colombia",earthquake,,3.6,,153.0,reviewed,us,us,2011-01-31,38372,Colombia,1
2011-02-21 11:31:24.330000+00:00,4.605,-76.762,90.8,4.94,mw,31.0,64.7,,1.21,us,usp000huuy,2014-11-07T01:43:41.939Z,"14 km WSW of Sipí, Colombia",earthquake,,8.0,,1.0,reviewed,us,us,2011-02-21,38453,Colombia,1
2011-03-02 18:50:49.410000+00:00,8.596,-76.855,44.2,5.7,mww,297.0,31.3,,1.09,us,usp000hv8x,2022-07-19T07:07:53.690Z,"20 km NNW of Necoclí, Colombia",earthquake,,,,,reviewed,us,us,2011-03-02,38340,Colombia,3
2011-04-01 01:27:52.360000+00:00,6.988,-77.918,11.6,5.03,mw,123.0,53.4,,0.96,us,usp000hz1e,2014-11-07T01:44:24.927Z,"21 km SW of Juradó, Colombia",earthquake,,12.0,,79.0,reviewed,us,us,2011-04-01,38411,Colombia,1
2011-04-03 23:03:21.290000+00:00,2.536,-79.759,38.8,5.11,mw,232.0,64.4,,0.84,us,usp000hz7n,2014-11-07T01:44:28.135Z,"134 km WNW of Salahonda, Colombia",earthquake,,4.7,,158.0,reviewed,us,us,2011-04-03,38381,Colombia,1
2011-05-13 15:18:24.590000+00:00,6.722,-72.927,163.6,5.2,mw,361.0,33.7,,0.79,us,usp000j1hr,2022-07-19T15:00:23.039Z,northern Colombia,earthquake,,,,243.0,reviewed,us,us,2011-05-13,38351,northern Colombia,1
2011-06-01 22:58:01.050000+00:00,4.79,-75.767,79.5,5.28,mw,249.0,61.2,,0.95,us,usp000j2jj,2022-07-19T16:34:26.677Z,"8 km WSW of Pereira, Colombia",earthquake,,4.4,,168.0,reviewed,us,us,2011-06-01,38340,Colombia,1
2011-06-02 14:37:13.790000+00:00,7.179,-77.163,43.2,4.51,mw,23.0,62.6,,0.98,us,usp000j2k7,2014-11-07T01:45:00.442Z,"29 km S of Riosucio, Colombia",earthquake,,8.2,,3.0,reviewed,us,us,2011-06-02,38518,Colombia,1
2011-07-06 04:16:15+00:00,5.67,-76.09,36.0,5.03,mw,166.0,58.6,,,us,usp000j47n,2022-07-19T19:29:05.371Z,"15 km SW of Betania, Colombia",earthquake,,,,112.0,reviewed,rsnc,us,2011-07-06,38413,Colombia,1
2011-07-09 10:57:35.030000+00:00,3.329,-75.882,182.8,4.68,mw,36.0,97.5,,0.94,us,usp000j4eh,2014-11-07T01:45:18.986Z,"21 km NNW of Gaitania, Colombia",earthquake,,5.7,,26.0,reviewed,us,us,2011-07-09,38507,Colombia,1
2011-07-17 09:25:21.720000+00:00,3.295,-78.334,10.0,4.85,mw,24.0,79.7,,1.47,us,usp000j52b,2014-11-07T01:45:23.008Z,"87 km N of Mosquera, Colombia",earthquake,,,,6.0,reviewed,us,us,2011-07-17,38473,Colombia,1
2011-07-28 14:48:01.270000+00:00,8.391,-77.22,56.8,4.68,mw,29.0,63.8,,1.21,us,usp000j5m8,2014-11-07T01:45:27.558Z,"14 km SSE of Acandí, Colombia",earthquake,,11.7,,3.0,reviewed,us,us,2011-07-28,38600,Colombia,3
2011-08-07 14:45:39.650000+00:00,4.973,-78.246,29.0,4.94,mw,20.0,76.1,,0.79,us,usp000j64y,2014-11-07T01:45:34.727Z,"97 km W of Pizarro, Colombia",earthquake,,24.2,,2.0,reviewed,us,us,2011-08-07,38576,Colombia,1
2011-08-08 11:29:43.200000+00:00,10.326,-74.026,91.3,4.68,mw,21.0,61.2,,1.12,us,usp000j664,2014-11-07T01:45:34.842Z,"8 km NNW of Ariguaní, Colombia",earthquake,,11.3,,2.0,reviewed,us,us,2011-08-08,38679,Colombia,-1
2011-08-23 16:52:04.960000+00:00,6.731,-72.985,157.2,5.03,mw,179.0,69.5,,0.64,us,usp000j6xa,2014-11-07T01:45:41.543Z,"2 km SSW of Cepitá, Colombia",earthquake,,,,130.0,reviewed,us,us,2011-08-23,38555,Colombia,1
2011-09-12 21:16:42.900000+00:00,6.905,-76.722,49.4,4.68,mw,24.0,122.1,,0.94,us,usp000j7z9,2014-11-07T01:45:53.125Z,northern Colombia,earthquake,,9.8,,15.0,reviewed,us,us,2011-09-12,38603,northern Colombia,1
2011-09-13 04:49:35+00:00,5.617,-77.471,10.0,5.7,mwb,388.0,48.0,,1.0,us,usp000j7zs,2024-06-17T18:01:25.561Z,near the west coast of Colombia,earthquake,,,,,reviewed,us,us,2011-09-13,38529,near the west coast of Colombia,1
2011-10-05 20:20:53.450000+00:00,7.433,-71.849,25.4,5.03,mw,74.0,54.3,,1.08,us,usp000j8yz,2015-03-24T02:15:53.319Z,"55 km NNE of Cubará, Colombia",earthquake,,10.6,,24.0,reviewed,us,us,2011-10-05,38540,Colombia,1
2011-10-07 16:42:13.830000+00:00,3.754,-76.105,180.1,4.94,mw,15.0,91.6,,1.15,us,usp000j91t,2015-03-24T01:21:37.596Z,"9 km WNW of La Cumbre, Colombia",earthquake,,8.0,,5.0,reviewed,us,us,2011-10-07,38598,Colombia,1
2011-10-10 20:38:42.330000+00:00,3.209,-79.555,10.6,5.11,mw,19.0,95.5,,1.42,us,usp000j96m,2014-11-07T01:46:05.886Z,"145 km WNW of Mosquera, Colombia",earthquake,,43.7,,2.0,reviewed,us,us,2011-10-10,38539,Colombia,1
2011-12-25 16:41:01.250000+00:00,8.445,-73.893,35.0,4.94,mw,17.0,93.7,,1.1,us,usp000jcmy,2014-11-07T01:46:37.300Z,"5 km ESE of Arenal, Colombia",earthquake,,,,12.0,reviewed,us,us,2011-12-25,38575,Colombia,-1
2012-01-16 09:20:15.440000+00:00,6.446,-77.813,10.0,4.85,mw,30.0,114.0,,1.12,us,usp000jdjz,2014-11-07T01:46:47.574Z,"51 km WNW of Bahía Solano, Colombia",earthquake,,,,17.0,reviewed,us,us,2012-01-16,38761,Colombia,1
2012-01-25 14:37:02.660000+00:00,5.519,-77.505,37.3,5.28,mw,243.0,59.6,,0.81,us,usp000jdyu,2015-03-24T02:34:50.687Z,"33 km SW of Nuquí, Colombia",earthquake,,4.1,,190.0,reviewed,us,us,2012-01-25,38710,Colombia,1
2012-01-31 14:52:48.890000+00:00,5.092,-72.979,57.0,4.77,mw,15.0,197.2,,0.89,us,usp000je7e,2014-11-07T01:46:52.305Z,"8 km E of Páez, Colombia",earthquake,,7.7,,6.0,reviewed,us,us,2012-01-31,38836,Colombia,2
2012-02-24 13:43:16.660000+00:00,6.702,-72.952,161.5,5.54,mw,470.0,33.4,,0.75,us,usp000jfaq,2025-12-22T16:23:31.585Z,"6 km SSE of Cepitá, Colombia",earthquake,,2.3,,293.0,reviewed,us,us,2012-02-24,38701,Colombia,1
2012-03-01 01:41:11.220000+00:00,4.214,-76.539,117.1,5.03,mw,87.0,55.5,,0.96,us,usp000jfmm,2015-03-24T01:46:56.025Z,"24 km W of Trujillo, Colombia",earthquake,,3.7,,39.0,reviewed,us,us,2012-03-01,38716,Colombia,1
2012-03-16 16:34:07.870000+00:00,3.144,-77.939,48.8,4.94,mw,46.0,71.4,,1.31,us,usp000jgbm,2014-11-07T01:47:15.806Z,"51 km NW of Timbiquí, Colombia",earthquake,,9.4,,26.0,reviewed,us,us,2012-03-16,38746,Colombia,1
2012-04-19 17:47:14.880000+00:00,7.137,-77.229,48.5,4.6,mw,15.0,63.9,,0.82,us,usp000jj8c,2014-11-07T01:47:34.385Z,"35 km SSW of Riosucio, Colombia",earthquake,,9.1,,2.0,reviewed,us,us,2012-04-19,38876,Colombia,1
2012-05-21 23:31:06.250000+00:00,5.819,-77.97,35.0,4.85,mw,51.0,60.3,,1.09,us,usp000jkrt,2014-11-07T01:47:50.854Z,"77 km SW of Bahía Solano, Colombia",earthquake,,,,20.0,reviewed,us,us,2012-05-21,38827,Colombia,1
2012-05-30 00:57:50.540000+00:00,5.279,-73.71,156.3,4.6,mw,66.0,58.4,,0.88,us,usp000jm3w,2014-11-07T01:47:55.058Z,"3 km S of Lenguazaque, Colombia",earthquake,,3.8,,29.0,reviewed,us,us,2012-05-30,38857,Colombia,1
2012-06-20 12:31:29.400000+00:00,2.248,-76.354,158.4,5.03,mw,282.0,72.8,,0.92,us,usp000jn07,2014-11-07T01:48:07.311Z,"28 km E of Paispamba, Colombia",earthquake,,4.0,,180.0,reviewed,us,us,2012-06-20,38740,Colombia,1
2012-06-20 17:38:31.890000+00:00,6.47,-74.011,57.6,4.6,mw,36.0,59.3,,0.63,us,usp000jn0g,2014-11-07T01:48:07.353Z,"18 km NNW of Cimitarra, Colombia",earthquake,,5.5,,3.0,reviewed,us,us,2012-06-20,38864,Colombia,1
2012-06-27 03:47:52+00:00,3.755,-76.343,142.8,4.85,mw,106.0,64.6,,,us,usp000jn9m,2015-03-24T02:01:29.410Z,"1 km SW of Guacarí, Colombia",earthquake,,,,67.0,reviewed,rsnc,us,2012-06-27,38795,Colombia,1
2012-07-09 09:50:39.710000+00:00,7.378,-73.032,42.1,4.68,mw,61.0,42.7,,1.11,us,usp000jnsu,2015-03-24T01:31:09.681Z,"5 km WNW of Suratá, Colombia",earthquake,,5.5,,22.0,reviewed,us,us,2012-07-09,38857,Colombia,1
2012-07-31 01:26:39.810000+00:00,4.555,-75.918,63.1,4.85,mw,130.0,86.8,,0.71,us,usp000jpny,2015-03-24T02:01:32.649Z,"6 km ESE of Obando, Colombia",earthquake,,4.0,,104.0,reviewed,us,us,2012-07-31,38958,Colombia,1
2012-07-31 23:44:45.730000+00:00,6.993,-76.638,51.9,4.68,mw,36.0,60.3,,1.34,us,usp000jpqf,2014-11-07T01:48:25.684Z,"20 km E of Murindó, Colombia",earthquake,,8.9,,15.0,reviewed,us,us,2012-07-31,39036,Colombia,1
2012-08-09 12:00:59.190000+00:00,6.434,-71.862,36.3,4.94,mw,185.0,58.5,,0.74,us,usp000jq3a,2014-11-07T01:48:32.404Z,"14 km WSW of Tame, Colombia",earthquake,,4.1,,135.0,reviewed,us,us,2012-08-09,38936,Colombia,1
2012-08-20 20:17:43.630000+00:00,5.465,-73.302,43.1,4.43,mw,18.0,58.1,,1.21,us,usp000jqjk,2014-11-07T01:48:36.180Z,"3 km NNW of Viracachá, Colombia",earthquake,,10.9,,2.0,reviewed,us,us,2012-08-20,39053,Colombia,1
2012-09-01 05:09:45.650000+00:00,6.719,-72.919,163.9,5.37,mw,643.0,30.2,,0.79,us,usp000jrcv,2025-12-22T16:32:30.130Z,"7 km ESE of Cepitá, Colombia",earthquake,,,,295.0,reviewed,us,us,2012-09-01,38898,Colombia,1
2012-09-07 07:52:13.370000+00:00,7.337,-75.127,66.6,4.68,mw,50.0,45.5,,1.09,us,usp000jrxd,2014-11-07T01:48:48.463Z,"18 km NNW of Cruces de Anorí, Colombia",earthquake,,7.1,,22.0,reviewed,us,us,2012-09-07,38959,Colombia,1
2012-09-13 18:13:43.760000+00:00,1.809,-79.222,10.0,4.68,mw,15.0,161.8,,1.1,us,usp000js9f,2014-11-07T01:48:51.319Z,"47 km W of Tumaco, Colombia",earthquake,,,,3.0,reviewed,us,us,2012-09-13,38979,Colombia,1
2012-09-29 05:26:11.360000+00:00,7.132,-71.935,35.0,4.85,mw,135.0,29.1,,1.04,us,usp000jt7m,2014-11-07T01:48:56.417Z,"23 km NE of Cubará, Colombia",earthquake,,,,83.0,reviewed,us,us,2012-09-29,38942,Colombia,1
2012-09-30 09:30:12.910000+00:00,8.411,-77.087,40.1,4.68,mw,80.0,123.2,,0.8,us,usp000jt9s,2015-03-24T01:33:04.553Z,"23 km ESE of Acandí, Colombia",earthquake,,4.5,,59.0,reviewed,us,us,2012-09-30,38979,Colombia,3
2012-09-30 16:31:35.970000+00:00,1.929,-76.362,170.0,7.3,mww,934.0,15.5,,0.87,us,usp000jta1,2022-05-03T15:51:10.914Z,"11 km WNW of San Agustín, Colombia",earthquake,,,,,reviewed,us,us,2012-09-30,38898,Colombia,1
2012-10-20 03:42:02.650000+00:00,10.942,-74.158,23.6,4.77,mw,97.0,30.0,,1.09,us,usp000ju6v,2015-03-24T02:35:11.926Z,"12 km SE of Ciénaga, Colombia",earthquake,,11.5,,52.0,reviewed,us,us,2012-10-20,38959,Colombia,-1
2012-10-20 10:56:40.570000+00:00,2.669,-79.738,10.0,5.11,mw,264.0,144.3,,0.88,us,usp000ju78,2014-11-07T01:49:07.177Z,"138 km WNW of Salahonda, Colombia",earthquake,,,,224.0,reviewed,us,us,2012-10-20,38907,Colombia,1
2012-12-16 16:49:05.660000+00:00,5.874,-78.075,14.5,4.94,mw,78.0,60.2,,0.91,us,usp000jx1n,2014-11-07T01:49:37.135Z,"83 km WSW of Bahía Solano, Colombia",earthquake,,12.9,,38.0,reviewed,us,us,2012-12-16,38930,Colombia,1
2013-01-02 16:50:39.480000+00:00,4.101,-76.274,145.4,4.94,mw,105.0,66.4,,0.86,us,usp000jxrc,2015-03-24T02:14:28.183Z,"6 km SSE of Riofrío, Colombia",earthquake,,,,60.0,reviewed,us,us,2013-01-02,38918,Colombia,1
2013-01-30 14:10:44.930000+00:00,4.809,-78.54,10.0,4.85,mw,23.0,69.0,,1.14,us,us2013lada,2014-11-07T01:49:54.708Z,"131 km W of Pizarro, Colombia",earthquake,,,,3.0,reviewed,us,us,2013-01-30,39179,Colombia,1
2013-02-08 00:01:20.860000+00:00,7.097,-76.744,32.0,4.94,mw,37.0,54.6,,1.14,us,usp000jz59,2014-11-07T01:50:04.069Z,"15 km NNE of Murindó, Colombia",earthquake,,14.8,,15.0,reviewed,us,us,2013-02-08,39109,Colombia,1
2013-02-09 14:16:07.880000+00:00,1.135,-77.393,145.0,6.9,mww,562.0,23.7,,0.91,us,usc000f4ij,2022-07-24T17:45:19.488Z,"2 km NNE of Yacuanquer, Colombia",earthquake,,,,,reviewed,us,us,2013-02-09,39081,Colombia,-1
2013-02-27 18:49:18.580000+00:00,11.96,-71.949,50.5,4.77,mw,45.0,76.9,,0.86,us,usb000fijz,2014-11-07T01:50:12.408Z,"43 km NE of Uribia, Colombia",earthquake,,5.4,,29.0,reviewed,us,us,2013-02-27,39220,Colombia,-1
2013-03-09 04:38:37.950000+00:00,7.433,-74.731,68.3,4.77,mw,29.0,81.6,,1.16,us,usb000fhvg,2014-11-07T01:50:18.789Z,"16 km ESE of Zaragoza, Colombia",earthquake,,10.0,,13.0,reviewed,us,us,2013-03-09,39194,Colombia,1
2013-04-17 03:02:57+00:00,5.804,-77.794,6.0,4.85,mw,26.0,59.8,,,us,usp000k08w,2014-11-07T01:50:34.889Z,"58 km W of Nuquí, Colombia",earthquake,,,,13.0,reviewed,rsnc,us,2013-04-17,39183,Colombia,1
2013-05-02 03:42:15.400000+00:00,11.4,-73.202,18.3,4.68,mw,52.0,47.0,,1.11,us,usc000glll,2014-11-07T01:50:43.328Z,near the north coast of Colombia,earthquake,,19.0,,27.0,reviewed,us,us,2013-05-02,39229,near the north coast of Colombia,-1
2013-05-08 20:55:31.940000+00:00,5.608,-77.211,10.0,4.94,mw,16.0,78.2,,1.22,us,usp000k0mp,2014-11-07T01:50:45.721Z,"13 km SSE of Nuquí, Colombia",earthquake,,,,1.0,reviewed,us,us,2013-05-08,39091,Colombia,1
2013-05-12 17:58:50.400000+00:00,5.928,-77.424,26.5,4.85,mw,22.0,64.0,,1.4,us,usp000k0p0,2014-11-07T01:50:47.763Z,"29 km NW of Nuquí, Colombia",earthquake,,8.2,,12.0,reviewed,us,us,2013-05-12,39173,Colombia,1
2013-05-16 16:29:17.590000+00:00,12.089,-73.426,27.2,5.28,mw,438.0,30.0,,0.77,us,usb000gx21,2014-11-07T01:50:48.994Z,"82 km NW of Riohacha, Colombia",earthquake,,3.8,,381.0,reviewed,us,us,2013-05-16,39090,Colombia,-1
2013-05-23 16:32:09.090000+00:00,4.206,-76.21,77.0,4.77,mw,21.0,112.6,,0.8,us,usb000h5xz,2014-11-07T01:50:53.366Z,"6 km W of Bugalagrande, Colombia",earthquake,,8.1,,16.0,reviewed,us,us,2013-05-23,39187,Colombia,1
2013-06-18 06:02:02.740000+00:00,6.793,-73.076,164.9,4.94,mw,116.0,40.0,,0.81,us,usc000hthv,2022-07-25T16:47:08.267Z,"6 km NNE of Jordán, Colombia",earthquake,,6.3,,297.0,reviewed,us,us,2013-06-18,39119,Colombia,1
2013-06-27 16:34:37.880000+00:00,2.205,-79.817,19.9,4.85,mw,46.0,82.0,,0.87,us,usp000k1ha,2014-11-07T01:51:07.830Z,"122 km WNW of Tumaco, Colombia",earthquake,,5.3,,35.0,reviewed,us,us,2013-06-27,39158,Colombia,1
2013-07-01 03:41:07.710000+00:00,6.374,-71.583,9.7,4.6,mw,25.0,57.0,,1.24,us,us2013scby,2014-11-07T01:51:10.326Z,"19 km ESE of Tame, Colombia",earthquake,,6.2,,5.0,reviewed,us,us,2013-07-01,39233,Colombia,1
2013-07-25 12:09:25.030000+00:00,6.734,-72.991,152.8,5.11,mw,111.0,36.0,,0.85,us,usc000inn7,2025-12-22T16:27:26.341Z,"2 km SW of Cepitá, Colombia",earthquake,,5.0,,289.0,reviewed,us,us,2013-07-25,39276,Colombia,1
2013-08-06 02:50:10+00:00,7.304,-77.404,28.0,5.03,mw,,,,1.35,us,usb000iw55,2013-10-12T21:32:29.000Z,"34 km WSW of Riosucio, Colombia",earthquake,,3.4,0.035,,reviewed,us_rsnc,us,2013-08-06,39288,Colombia,1
2013-08-13 03:46:17.940000+00:00,11.2349,-74.3983,18.28,4.43,mw,,70.0,4.381,1.25,us,usb000j2xy,2013-10-19T02:41:41.000Z,"21 km W of Santa Marta, Colombia",earthquake,,6.8,0.258,,reviewed,us,us,2013-08-13,39385,Colombia,-1
2013-08-13 15:43:15.200000+00:00,5.7732,-78.1999,12.0,6.7,mww,,22.0,3.741,0.84,us,usb000j275,2022-07-25T20:25:40.315Z,"101 km WSW of Bahía Solano, Colombia",earthquake,,1.7,,,reviewed,us,us,2013-08-13,39257,Colombia,1
2013-08-25 23:35:54.300000+00:00,7.6874,-74.9026,25.61,4.8,mwr,,53.0,2.869,1.07,us,usb000jbrv,2022-08-06T17:22:02.972Z,"13 km NW of El Bagre, Colombia",earthquake,,2.5,,,reviewed,us,us_rsnc,2013-08-25,39348,Colombia,1
2013-08-27 23:22:06.450000+00:00,3.806,-76.6281,81.12,5.11,mw,,69.0,2.517,0.82,us,usb000jcf8,2022-07-25T21:16:52.349Z,"11 km W of Restrepo, Colombia",earthquake,,3.5,0.046,,reviewed,us,us,2013-08-27,39276,Colombia,1
2013-09-28 15:28:58.860000+00:00,2.6304,-79.2639,39.72,4.94,mw,,153.0,0.955,0.96,us,usb000k1kw,2013-12-13T09:00:35.000Z,"91 km W of Mosquera, Colombia",earthquake,,7.2,0.103,,reviewed,us,us,2013-09-28,39290,Colombia,1
2013-10-08 02:20:08.240000+00:00,4.181,-76.5791,81.66,4.43,mw,,121.0,2.34,0.67,us,usb000kcj2,2013-12-24T01:42:56.000Z,"29 km W of Trujillo, Colombia",earthquake,,10.0,0.149,,reviewed,us,us,2013-10-08,39406,Colombia,1
2013-10-24 14:44:33.610000+00:00,5.0544,-78.001,28.95,5.28,mw,,65.0,4.805,1.22,us,usc000km9d,2025-12-22T16:43:55.706Z,"71 km W of Pizarro, Colombia",earthquake,,4.5,0.087,,reviewed,us,us,2013-10-24,39269,Colombia,1
2013-11-15 03:17:39.680000+00:00,12.1086,-82.0916,20.32,4.43,mw,,65.0,2.161,0.89,us,usb000kypw,2014-01-31T21:22:20.000Z,"67 km SW of San Andrés, Colombia",earthquake,,2.1,0.231,,reviewed,us,us,2013-11-15,39390,Colombia,-1
2013-11-17 15:18:01.590000+00:00,4.4999,-75.806,177.5,4.85,mw,,83.0,1.513,1.39,us,usb000l4eg,2014-01-31T21:22:26.000Z,"5 km NNW of La Tebaida, Colombia",earthquake,,3.4,0.191,,reviewed,us,us,2013-11-17,39332,Colombia,1
2013-11-20 02:20:04.380000+00:00,6.2557,-71.9346,22.63,4.68,mw,,121.0,2.76,1.07,us,usb000l6s6,2014-02-11T02:18:51.000Z,"21 km WNW of Municipio Hato Corozal, Colombia",earthquake,,8.0,0.217,,reviewed,us,us,2013-11-20,39370,Colombia,1
2013-11-30 07:08:32.730000+00:00,7.053,-76.7594,43.02,4.6,mw,,48.0,3.255,1.42,us,usb000lbca,2014-02-12T01:08:38.000Z,"10 km NE of Murindó, Colombia",earthquake,,3.9,0.121,,reviewed,us,us,2013-11-30,39375,Colombia,1
2013-12-05 17:03:02.650000+00:00,2.4942,-79.7525,41.73,4.94,mw,,79.0,2.591,0.8,us,usb000lc12,2014-02-15T01:32:10.000Z,"131 km WNW of Salahonda, Colombia",earthquake,,6.2,0.079,,reviewed,us,us,2013-12-05,39322,Colombia,1
2013-12-21 07:25:36.260000+00:00,3.222,-79.3447,10.0,4.6,mw,,138.0,3.096,1.24,us,usc000lxjc,2014-02-27T21:37:25.000Z,"126 km NW of Mosquera, Colombia",earthquake,,1.9,0.263,,reviewed,us,us,2013-12-21,39372,Colombia,1
2014-01-03 05:36:08.620000+00:00,7.2932,-73.5251,118.21,4.43,mw,,137.0,2.549,0.73,us,usb000m4nq,2014-03-07T00:25:56.000Z,"11 km SSW of Sabana de Torres, Colombia",earthquake,,19.0,0.259,4.0,reviewed,us,us,2014-01-03,39419,Colombia,1
2014-01-05 03:36:40.590000+00:00,4.557,-76.644,53.91,5.5,mwb,,21.0,2.332,0.65,us,usc000lx2l,2022-07-26T04:38:32.590Z,"10 km S of Sipí, Colombia",earthquake,,3.8,0.059,28.0,reviewed,us,us,2014-01-05,39421,Colombia,1
2014-01-09 12:50:18.420000+00:00,2.9737,-75.8432,26.17,5.28,mw,,61.0,1.397,0.92,us,usc000lzbq,2022-07-26T04:59:17.097Z,"19 km S of Gaitania, Colombia",earthquake,,4.3,0.033,347.0,reviewed,us,us,2014-01-09,39434,Colombia,1
2014-01-14 07:45:59.530000+00:00,8.4441,-76.9746,49.55,4.6,mw,,49.0,2.612,0.6,us,usb000m0mk,2014-03-15T03:40:24.000Z,"20 km W of Necoclí, Colombia",earthquake,,5.0,0.186,10.0,reviewed,us,us,2014-01-14,39580,Colombia,3
2014-01-18 03:04:02.730000+00:00,3.8636,-77.3899,9.63,4.68,mw,,106.0,2.416,0.57,us,usb000m3jk,2014-03-22T00:05:20.000Z,"39 km W of Buenaventura, Colombia",earthquake,,3.0,0.154,16.0,reviewed,us,us,2014-01-18,39571,Colombia,1
2014-02-03 13:28:48.350000+00:00,6.5041,-77.6787,36.62,4.85,mw,,79.0,2.134,0.92,us,usc000mtcb,2014-04-08T01:43:25.000Z,"43 km NW of Bahía Solano, Colombia",earthquake,,8.1,0.205,9.0,reviewed,us,us,2014-02-03,39502,Colombia,1
2014-02-07 20:37:10.940000+00:00,6.6913,-72.9584,159.12,5.2,mwb,,23.0,2.281,0.94,us,usc000mkir,2025-12-22T16:47:35.049Z,"6 km E of Aratoca, Colombia",earthquake,,3.2,0.08,15.0,reviewed,us,us,2014-02-07,39450,Colombia,1
2014-02-14 21:14:24.900000+00:00,11.5538,-73.1989,55.72,4.85,mw,,38.0,1.193,1.2,us,usc000mqu9,2014-04-30T21:18:20.000Z,"31 km W of Riohacha, Colombia",earthquake,,5.5,0.063,88.0,reviewed,us,us,2014-02-14,39536,Colombia,-1
2014-02-16 11:26:47.310000+00:00,7.2171,-74.8183,78.75,4.68,mw,,49.0,1.216,1.04,us,usb000mycw,2014-04-30T21:18:22.000Z,"20 km NW of Segovia, Colombia",earthquake,,7.2,0.143,14.0,reviewed,us,us,2014-02-16,39579,Colombia,1
2014-02-17 09:41:36.170000+00:00,6.5373,-71.6995,42.86,5.4,mww,,24.0,1.496,1.02,us,usc000mry2,2022-07-26T07:26:20.761Z,"9 km NNE of Tame, Colombia",earthquake,,4.0,,,reviewed,us,us,2014-02-17,39425,Colombia,1
2014-02-24 10:34:56.900000+00:00,10.6483,-72.6092,22.97,4.85,mw,,28.0,2.619,1.18,us,usc000mx7k,2014-05-07T00:03:09.000Z,"34 km E of El Molino, Colombia",earthquake,,1.6,0.089,44.0,reviewed,us,us,2014-02-24,39523,Colombia,-1
2014-02-28 12:54:36.960000+00:00,12.2113,-73.5852,26.39,5.11,mw,,42.0,3.505,1.08,us,usb000my6i,2014-05-13T21:36:45.000Z,"104 km NW of Riohacha, Colombia",earthquake,,4.7,0.047,143.0,reviewed,us,us,2014-02-28,39454,Colombia,-1
2014-03-11 13:57:03.020000+00:00,5.2485,-72.7971,10.0,5.03,mw,,56.0,0.728,0.96,us,usc000n7p5,2022-07-26T09:13:11.493Z,"4 km WNW of Recetor, Colombia",earthquake,,1.8,0.148,17.0,reviewed,us,us,2014-03-11,39471,Colombia,2
2014-03-14 23:26:36.140000+00:00,10.2809,-72.8876,127.79,5.03,mw,,24.0,1.663,0.87,us,usc000nc2t,2025-12-22T16:48:51.998Z,"20 km SE of Manaure Balcón del Cesar, Colombia",earthquake,,5.1,0.033,282.0,reviewed,us,us,2014-03-14,39464,Colombia,-1
2014-03-17 00:41:37.440000+00:00,5.7084,-78.4933,27.19,4.6,mw,,122.0,2.976,1.38,us,usc000ndsq,2014-05-16T21:51:45.000Z,"133 km WSW of Bahía Solano, Colombia",earthquake,,6.5,0.167,10.0,reviewed,us,us,2014-03-17,39588,Colombia,1
2014-03-23 14:58:04.090000+00:00,10.6177,-73.207,57.88,4.94,mw,,38.0,1.607,0.91,us,usc000nm48,2014-05-24T00:54:42.000Z,"17 km NNE of Valledupar, Colombia",earthquake,,5.6,0.057,106.0,reviewed,us,us,2014-03-23,39486,Colombia,-1
2014-03-24 20:28:33.150000+00:00,8.2733,-74.452,76.71,4.85,mw,,36.0,2.299,0.94,us,usc000nnhr,2014-05-24T00:54:44.000Z,"3 km SE of Montecristo, Colombia",earthquake,,6.1,0.089,41.0,reviewed,us,us,2014-03-24,39499,Colombia,1
2014-03-27 10:21:16.590000+00:00,3.976,-71.4168,26.34,5.03,mw,,46.0,2.547,0.96,us,usc000nsv0,2014-05-29T23:32:06.000Z,"82 km ESE of Puerto Gaitán, Colombia",earthquake,,4.3,0.086,43.0,reviewed,us,us,2014-03-27,39463,Colombia,-1
2014-04-17 18:12:32.080000+00:00,6.4994,-76.4215,44.93,4.85,mw,,136.0,2.658,1.17,us,usb000pp7s,2014-07-04T01:33:26.000Z,"37 km WNW of Urrao, Colombia",earthquake,,5.8,0.145,16.0,reviewed,us,us,2014-04-17,39492,Colombia,1
2014-04-30 05:43:15.430000+00:00,0.7311,-77.8344,49.16,5.11,mw,,77.0,4.154,1.05,us,usb000q4wu,2014-07-27T21:51:13.000Z,Colombia-Ecuador border region,earthquake,,7.5,0.051,126.0,reviewed,us,us,2014-04-30,39461,Colombia-Ecuador border region,-1
2014-05-03 15:38:11.020000+00:00,5.8455,-77.7416,28.2,4.94,mw,,64.0,2.215,0.78,us,usb000q878,2014-07-27T21:51:19.000Z,"54 km WNW of Nuquí, Colombia",earthquake,,5.8,0.244,5.0,reviewed,us,us,2014-05-03,39489,Colombia,1
2014-05-11 16:28:57.940000+00:00,6.446,-73.2561,149.11,4.68,mw,,52.0,0.545,0.97,us,usc000r8zm,2014-08-06T00:55:31.000Z,"2 km S of Socorro, Colombia",earthquake,,6.2,0.237,5.0,reviewed,us,us,2014-05-11,39569,Colombia,1
2014-05-14 19:05:02.010000+00:00,6.8535,-75.4474,71.31,4.6,mw,,69.0,2.288,1.05,us,usc000radb,2014-08-09T02:53:42.000Z,"12 km SSW of Yarumal, Colombia",earthquake,,8.6,0.235,5.0,reviewed,us,us,2014-05-14,39583,Colombia,1
2014-06-02 12:52:21.910000+00:00,2.5704,-76.7868,145.21,4.77,mw,,81.0,2.189,0.97,us,usc000ra3c,2014-08-26T01:21:10.000Z,"9 km NE of Villa Rica, Colombia",earthquake,,1.7,0.101,28.0,reviewed,us,us,2014-06-02,39539,Colombia,1
2014-06-04 18:53:49.200000+00:00,3.2111,-76.2763,163.69,4.85,mw,,137.0,1.454,0.75,us,usc000razu,2014-08-30T17:02:53.000Z,"4 km ESE of Padilla, Colombia",earthquake,,8.4,0.059,85.0,reviewed,us,us,2014-06-04,39498,Colombia,1
2014-06-12 06:30:42.470000+00:00,4.2284,-73.8904,42.39,4.6,mw,,74.0,0.748,0.74,us,usc000redn,2022-07-26T16:56:24.933Z,"8 km W of Guayabetal, Colombia",earthquake,,7.9,0.215,7.0,reviewed,us,us,2014-06-12,39594,Colombia,2
2014-06-13 23:32:24.560000+00:00,7.7442,-73.226,52.17,4.77,mw,,48.0,1.811,1.17,us,usb000rrrq,2014-09-12T15:47:09.000Z,"18 km E of San Alberto, Colombia",earthquake,,11.6,0.203,7.0,reviewed,us,us,2014-06-13,39550,Colombia,1
2014-06-16 13:26:46.720000+00:00,11.7101,-81.3577,20.9,5.3,mww,,47.0,2.919,0.75,us,usc000rg36,2025-12-22T17:16:27.707Z,"103 km SSE of San Andrés, Colombia",earthquake,,3.7,,,reviewed,us,us,2014-06-16,39430,Colombia,-1
2014-06-21 12:31:28.890000+00:00,4.461,-75.3232,192.26,4.77,mw,,95.0,0.869,1.1,us,usc000rpwl,2014-09-19T17:24:18.000Z,"7 km NNW of Coello, Colombia",earthquake,,6.0,0.12,21.0,reviewed,us,us,2014-06-21,39547,Colombia,1
2014-06-27 12:56:38.060000+00:00,2.9819,-79.4752,25.06,4.94,mw,,134.0,4.62,1.09,us,usc000rmrd,2014-09-26T11:49:40.000Z,"125 km WNW of Mosquera, Colombia",earthquake,,4.9,0.054,109.0,reviewed,us,us,2014-06-27,39475,Colombia,1
2014-07-22 06:18:51.900000+00:00,4.0272,-78.9273,10.0,4.51,mw,,161.0,2.186,1.09,us,usb000rw58,2014-10-17T21:12:14.000Z,"175 km W of Santa Genoveva de Docordó, Colombia",earthquake,,1.9,0.198,12.0,reviewed,us,us,2014-07-22,39750,Colombia,1
2014-08-03 09:38:06.800000+00:00,3.5848,-77.6941,62.43,5.0,mwr,,55.0,3.589,0.96,us,usb000rzmp,2022-07-26T21:21:35.810Z,"77 km W of Buenaventura, Colombia",earthquake,,4.3,,,reviewed,us,rsnc,2014-08-03,39696,Colombia,1
2014-08-09 00:30:53.650000+00:00,3.6613,-71.3338,15.45,4.68,mw,,97.0,2.842,1.16,us,usb000s4w4,2014-11-07T21:47:36.000Z,"109 km SE of Puerto Gaitán, Colombia",earthquake,,5.0,0.114,23.0,reviewed,us,us,2014-08-09,39745,Colombia,-1
2014-09-16 20:12:52.600000+00:00,3.968,-78.2161,37.79,5.03,mw,,72.0,3.712,0.9,us,usb000sd61,2014-12-08T23:31:04.040Z,"99 km WSW of Santa Genoveva de Docordó, Colombia",earthquake,8.9,5.6,0.05,124.0,reviewed,us,us,2014-09-16,39679,Colombia,1
2014-09-20 03:59:50.660000+00:00,3.6983,-77.0039,98.37,4.43,mw,,68.0,2.907,0.99,us,usb000shcg,2014-12-19T00:05:22.040Z,"12 km N of Buenaventura, Colombia",earthquake,7.5,6.2,0.299,7.0,reviewed,us,us,2014-09-20,39764,Colombia,1
2014-09-20 06:50:01.300000+00:00,3.0295,-79.3361,24.61,5.11,mw,,65.0,2.91,0.74,us,usb000sefx,2014-12-19T00:05:23.040Z,"114 km WNW of Mosquera, Colombia",earthquake,3.6,4.0,0.048,144.0,reviewed,us,us,2014-09-20,39619,Colombia,1
2014-10-07 06:05:56.520000+00:00,6.2099,-77.5713,25.22,5.03,mw,,56.0,3.507,1.37,us,usb000sjfh,2014-12-23T01:42:06.040Z,"18 km W of Bahía Solano, Colombia",earthquake,6.7,4.2,0.044,170.0,reviewed,us,us,2014-10-07,39679,Colombia,1
2014-10-14 23:57:48.010000+00:00,5.2079,-77.9364,18.05,4.85,mw,,64.0,3.619,1.27,us,usb000sm92,2022-07-27T04:56:07.803Z,"69 km WNW of Pizarro, Colombia",earthquake,5.5,4.3,0.127,29.0,reviewed,us,us,2014-10-14,39718,Colombia,1
2014-10-19 02:20:34.390000+00:00,4.9021,-75.8767,131.28,4.77,mw,,61.0,1.551,0.96,us,usb000sny7,2015-01-15T20:03:32.040Z,"0 km ENE of La Virginia, Colombia",earthquake,7.5,6.0,0.064,94.0,reviewed,us,us,2014-10-19,39729,Colombia,1
2014-10-21 08:01:03.310000+00:00,7.4408,-73.0289,153.36,4.68,mw,,53.0,2.77,1.23,us,usc000stxd,2015-01-15T20:03:36.040Z,"9 km NNW of Suratá, Colombia",earthquake,8.5,7.4,0.154,12.0,reviewed,us,us,2014-10-21,39747,Colombia,1
2014-10-29 14:52:13.420000+00:00,0.8593,-77.8412,10.0,5.03,mw,,51.0,5.294,1.05,us,usb000srdg,2015-01-20T09:03:00.040Z,"7 km SW of Cumbal, Colombia",earthquake,7.4,1.8,0.041,203.0,reviewed,us,us,2014-10-29,39637,Colombia,-1
2014-10-31 21:24:30.200000+00:00,4.8804,-76.2802,120.79,4.85,mw,,62.0,1.952,0.97,us,usc000st8z,2015-01-20T09:03:07.040Z,"5 km WSW of San José del Palmar, Colombia",earthquake,8.2,6.0,0.04,193.0,reviewed,us,us,2014-10-31,39708,Colombia,1
2014-11-09 12:46:26.850000+00:00,12.8854,-72.5905,37.38,4.77,mw,,51.0,2.545,1.18,us,usc000svu7,2015-01-31T02:50:13.040Z,"123 km N of Manaure, Colombia",earthquake,7.0,6.2,0.091,41.0,reviewed,us,us,2014-11-09,39734,Colombia,-1
2014-11-14 13:30:20.880000+00:00,6.6177,-73.5204,136.77,4.85,mw,,121.0,1.932,0.75,us,usb000t0h8,2015-02-12T01:42:41.040Z,"8 km S of El Carmen de Chucurí, Colombia",earthquake,10.9,10.9,0.242,5.0,reviewed,us,us,2014-11-14,39703,Colombia,1
2014-11-25 20:20:16.320000+00:00,6.7588,-72.949,165.91,5.1,mwr,,33.0,2.34,1.11,us,usb000szzw,2025-12-22T17:01:49.675Z,"2 km E of Cepitá, Colombia",earthquake,7.0,4.6,,,reviewed,us,rsnc,2014-11-25,39631,Colombia,1
2014-11-26 06:19:37.580000+00:00,5.5524,-77.8586,14.33,4.85,mw,,70.0,3.592,1.46,us,usb000t05s,2015-02-24T00:35:04.040Z,"67 km WSW of Nuquí, Colombia",earthquake,4.6,5.1,0.15,15.0,reviewed,us,us,2014-11-26,39710,Colombia,1
2014-11-27 19:43:30.890000+00:00,9.1923,-75.2228,26.29,4.77,mw,,56.0,4.41,1.09,us,usb000t0rq,2015-02-24T00:35:08.040Z,"9 km SSE of San Juan de Betulia, Colombia",earthquake,8.3,4.7,0.101,30.0,reviewed,us,us,2014-11-27,39720,Colombia,-1
2014-11-30 23:22:00.210000+00:00,4.2444,-71.446,15.54,4.68,mw,,104.0,2.927,1.12,us,usc000t6u5,2015-02-24T00:35:14.040Z,"61 km S of Orocué, Colombia",earthquake,5.7,5.4,0.177,10.0,reviewed,us,us,2014-11-30,39746,Colombia,-1
2014-12-14 01:49:30.580000+00:00,5.3759,-73.5845,152.31,5.03,mw,,54.0,0.903,0.79,us,usc000t6fp,2022-07-27T10:28:08.127Z,"7 km W of Ventaquemada, Colombia",earthquake,4.1,3.9,0.032,316.0,reviewed,us,us,2014-12-14,39675,Colombia,1
2015-01-10 06:17:55.370000+00:00,8.4627,-77.1279,39.86,4.77,mw,,94.0,2.767,1.12,us,usc000tef8,2015-04-10T18:56:28.040Z,"17 km ESE of Acandí, Colombia",earthquake,6.9,8.4,0.126,20.0,reviewed,us,us,2015-01-10,39850,Colombia,3
2015-02-21 22:26:45.600000+00:00,4.67,-76.18,95.0,5.37,mw,,,,0.94,us,usc000ts6w,2025-12-22T17:03:57.356Z,"8 km SW of Argelia, Colombia",earthquake,6.9,4.4,0.035,279.0,reviewed,rsnc,us,2015-02-21,39834,Colombia,1
2015-02-22 12:56:24.400000+00:00,2.7299,-76.5012,149.0,5.5,mww,,29.0,3.024,0.96,us,usc000tsa5,2022-07-27T22:36:01.079Z,"7 km SSW of Caldono, Colombia",earthquake,7.5,1.9,,,reviewed,us,us,2015-02-22,39833,Colombia,1
2015-02-23 06:51:49.980000+00:00,5.0445,-78.2416,33.96,4.77,mw,,156.0,3.911,1.26,us,usc000ttd7,2015-05-12T20:29:41.040Z,"97 km W of Pizarro, Colombia",earthquake,7.1,5.9,0.241,5.0,reviewed,us,us,2015-02-23,39886,Colombia,1
2015-02-27 19:00:10.680000+00:00,1.0649,-77.5007,113.46,4.43,mw,,93.0,1.256,1.32,us,usc000tttf,2015-05-19T00:29:00.040Z,"1 km NNW of Imués, Colombia",earthquake,11.2,18.7,0.173,9.0,reviewed,us,us,2015-02-27,39938,Colombia,-1
2015-03-10 20:55:44.370000+00:00,6.7757,-72.9875,155.0,6.2,mww,,13.0,2.332,1.18,us,us10001ldx,2023-08-19T18:45:26.795Z,"2 km NNW of Cepitá, Colombia",earthquake,5.6,1.7,,,reviewed,us,us,2015-03-10,39791,Colombia,1
2015-04-07 14:00:20.320000+00:00,5.4632,-76.5652,89.71,4.85,mw,,57.0,2.317,0.77,us,us10001vc2,2015-06-16T01:00:31.040Z,"4 km SSW of Lloró, Colombia",earthquake,8.1,7.1,0.093,34.0,reviewed,us,us,2015-04-07,39839,Colombia,1
2015-04-15 05:56:58.480000+00:00,7.1046,-72.0262,56.73,4.77,mw,,45.0,2.241,0.74,us,us200026md,2015-06-22T23:19:02.040Z,"14 km NE of Cubará, Colombia",earthquake,5.7,7.7,0.084,41.0,reviewed,us,us,2015-04-15,39878,Colombia,1
2015-05-09 14:31:50.920000+00:00,11.4829,-72.1176,38.65,5.03,mw,,41.0,0.249,1.41,us,us20002e2t,2022-07-31T05:26:14.988Z,"17 km NE of Maicao, Colombia",earthquake,6.5,6.2,0.101,30.0,reviewed,us,us,2015-05-09,39835,Colombia,-1
2015-05-16 09:00:56.430000+00:00,5.4487,-72.9153,10.0,4.4,mwr,,74.0,0.471,0.86,us,us100029qy,2022-07-31T07:17:03.193Z,"8 km SSW of Aquitania, Colombia",earthquake,7.8,2.0,,,reviewed,us,rsnc,2015-05-16,39939,Colombia,2
2015-06-06 22:13:22.100000+00:00,7.0544,-76.7643,20.38,4.51,mw,,95.0,1.457,1.06,us,us20002mm3,2015-08-10T13:08:22.040Z,"10 km NE of Murindó, Colombia",earthquake,4.9,6.7,0.184,8.0,reviewed,us,us,2015-06-06,39917,Colombia,1
2015-06-07 13:03:52.560000+00:00,10.3309,-73.3414,93.75,4.6,mw,,31.0,1.861,1.01,us,us20002mqv,2015-08-10T13:08:23.040Z,"17 km W of San Diego, Colombia",earthquake,5.5,6.7,0.054,97.0,reviewed,us,us,2015-06-07,39910,Colombia,-1
2015-07-19 11:16:21.470000+00:00,2.7567,-78.8985,10.0,5.2,mw,,54.0,0.931,0.82,us,us20002yi3,2025-12-22T17:08:19.964Z,"56 km WNW of Mosquera, Colombia",earthquake,6.6,1.8,0.037,235.0,reviewed,us,us,2015-07-19,40002,Colombia,1
2015-08-09 19:36:18.300000+00:00,10.9,-72.29,127.8,4.7,mwr,,,,1.95,us,us100030m1,2022-07-31T23:09:49.402Z,"43 km SE of Albania, Colombia",earthquake,6.6,5.7,,,reviewed,car,car,2015-08-09,40127,Colombia,-1
2015-08-10 16:59:43.010000+00:00,5.2914,-72.5448,10.0,4.77,mw,,73.0,0.802,1.34,us,us100030uq,2015-11-06T18:06:25.040Z,"13 km N of Aguazul, Colombia",earthquake,6.1,2.0,0.239,5.0,reviewed,us,us,2015-08-10,40113,Colombia,2
2015-08-22 10:00:19+00:00,6.0298,-77.513,13.09,4.85,mw,,51.0,1.964,0.71,us,us1000346t,2015-11-24T02:09:28.040Z,"24 km SSW of Bahía Solano, Colombia",earthquake,6.9,4.2,0.057,88.0,reviewed,us,us,2015-08-22,40101,Colombia,1
2015-09-05 23:14:53.500000+00:00,3.9474,-76.358,134.76,4.94,mw,,33.0,1.474,1.07,us,us20003guc,2022-08-01T03:41:48.041Z,"8 km NW of Guadalajara de Buga, Colombia",earthquake,6.3,4.7,0.046,138.0,reviewed,us,us,2015-09-05,40047,Colombia,1
2015-09-18 04:35:09.680000+00:00,4.1776,-75.7522,15.52,5.03,mw,,64.0,0.974,1.08,us,us20003l3i,2022-08-01T06:13:33.586Z,"15 km S of Génova, Colombia",earthquake,5.0,3.8,0.038,210.0,reviewed,us,us,2015-09-18,40042,Colombia,1
2015-09-19 20:45:45.960000+00:00,6.0444,-74.2489,18.49,5.03,mw,,37.0,1.169,1.18,us,us20003lzl,2022-08-01T06:32:24.561Z,"37 km WNW of La Belleza, Colombia",earthquake,3.9,3.6,0.057,92.0,reviewed,us,us,2015-09-19,40029,Colombia,1
2015-09-23 18:47:23.230000+00:00,6.5415,-73.4908,136.56,4.77,mw,,68.0,0.761,0.7,us,us20003nfc,2022-08-01T07:30:46.287Z,"17 km S of El Carmen de Chucurí, Colombia",earthquake,5.5,5.7,0.044,146.0,reviewed,us,us,2015-09-23,40113,Colombia,1
2015-10-12 04:35:40.770000+00:00,7.5362,-77.476,10.0,5.45,mw,,24.0,1.112,1.33,us,us10003mxh,2022-08-01T10:45:03.191Z,"40 km WNW of Riosucio, Colombia",earthquake,5.6,1.8,0.03,352.0,reviewed,us,us,2015-10-12,39981,Colombia,1
2015-10-14 07:47:18.980000+00:00,7.6522,-73.3038,125.68,5.0,mww,,31.0,1.761,1.24,us,us10003niy,2025-12-22T17:10:01.688Z,"15 km SE of San Alberto, Colombia",earthquake,6.5,4.9,,,reviewed,us,us,2015-10-14,40043,Colombia,1
2015-11-16 13:11:55.110000+00:00,8.4345,-77.1074,36.31,4.94,mw,,28.0,0.329,0.85,us,us10003ynb,2016-02-13T02:08:25.040Z,"20 km ESE of Acandí, Colombia",earthquake,4.8,5.8,0.052,110.0,reviewed,us,us,2015-11-16,40066,Colombia,3
2015-11-28 11:00:19.860000+00:00,4.0152,-71.2338,16.12,5.03,mw,,56.0,3.186,1.24,us,us100042pv,2016-02-25T22:32:58.040Z,"86 km S of Orocué, Colombia",earthquake,6.3,3.8,0.11,25.0,reviewed,us,us,2015-11-28,40015,Colombia,-1
2015-11-28 17:45:03.440000+00:00,6.7085,-72.9931,167.26,5.11,mw,,34.0,2.274,1.21,us,us100041x9,2022-08-01T20:51:13.456Z,"3 km ENE of Aratoca, Colombia",earthquake,7.2,5.6,0.032,306.0,reviewed,us,us,2015-11-28,40003,Colombia,1
2015-12-12 01:33:18.550000+00:00,5.5999,-77.5719,38.15,4.85,mw,,57.0,2.109,0.77,us,us20004gnc,2016-03-05T01:42:03.040Z,"35 km WSW of Nuquí, Colombia",earthquake,7.2,5.7,0.073,56.0,reviewed,us,us,2015-12-12,40068,Colombia,1
2016-01-06 01:28:21.830000+00:00,2.8738,-75.7731,40.45,4.85,mw,,78.0,2.435,1.12,us,us10004bnl,2022-08-02T03:13:13.308Z,"16 km WSW of Santa María, Colombia",earthquake,8.8,6.7,0.078,48.0,reviewed,us,us,2016-01-06,40191,Colombia,1
2016-01-08 14:55:19.370000+00:00,5.2702,-72.5096,35.0,4.85,mw,,61.0,1.853,0.93,us,us10004cd2,2016-03-30T02:27:49.040Z,"11 km NNE of Aguazul, Colombia",earthquake,7.6,2.0,0.105,27.0,reviewed,us,us,2016-01-08,40215,Colombia,2
2016-01-10 10:33:51.930000+00:00,5.9528,-76.4526,45.07,4.77,mw,,53.0,0.942,1.06,us,us10004d9z,2016-03-30T02:27:52.040Z,"36 km NE of Quibdó, Colombia",earthquake,5.9,6.4,0.126,18.0,reviewed,us,us,2016-01-10,40236,Colombia,1
2016-01-14 17:35:13.800000+00:00,6.9293,-76.2439,8.28,4.94,mw,,45.0,0.977,0.85,us,us10004ekg,2016-03-30T02:28:00.040Z,"8 km SSE of Dabeiba, Colombia",earthquake,5.2,2.8,0.072,57.0,reviewed,us,us,2016-01-14,40168,Colombia,1
2016-01-22 02:41:15.230000+00:00,4.8653,-78.2208,37.26,5.2,mw,,51.0,2.988,0.96,us,us10004g9b,2025-12-22T17:12:44.332Z,"95 km W of Pizarro, Colombia",earthquake,6.5,5.1,0.034,275.0,reviewed,us,us,2016-01-22,40154,Colombia,1
2016-02-14 16:37:14.750000+00:00,12.3341,-73.3571,28.03,4.77,mw,,61.0,1.478,0.97,us,us10004qjt,2016-04-26T23:28:21.040Z,"100 km NNW of Riohacha, Colombia",earthquake,3.4,5.5,0.179,9.0,reviewed,us,us,2016-02-14,40223,Colombia,-1
2016-02-17 14:49:55.540000+00:00,3.6211,-72.9565,14.89,4.77,mw,,73.0,1.824,1.06,us,us10004qmg,2022-08-07T09:47:57.679Z,"33 km ESE of San Carlos de Guaroa, Colombia",earthquake,7.2,2.5,0.149,13.0,reviewed,us,us,2016-02-17,40219,Colombia,-1
2016-03-09 06:27:17.070000+00:00,6.8264,-73.0422,148.86,5.28,mw,,24.0,1.431,1.33,us,us10004w8b,2022-08-02T13:36:12.096Z,"10 km NW of Cepitá, Colombia",earthquake,6.6,5.6,0.025,518.0,reviewed,us,us,2016-03-09,40152,Colombia,1
2016-03-13 13:17:49.310000+00:00,3.5663,-74.4325,52.64,4.85,mw,,82.0,1.275,1.14,us,us10004x75,2016-05-21T00:05:28.040Z,"44 km SSE of Villarrica, Colombia",earthquake,8.1,6.8,0.089,37.0,reviewed,us,us,2016-03-13,40194,Colombia,2
2016-03-17 08:46:03.160000+00:00,5.4641,-74.4619,44.39,4.43,mw,,87.0,0.63,1.13,us,us20005aep,2022-08-02T17:35:41.417Z,"13 km NNE of Caparrapí, Colombia",earthquake,5.2,20.4,0.259,4.0,reviewed,us,us,2016-03-17,40273,Colombia,-1
2016-03-30 22:15:02.090000+00:00,3.2542,-79.3272,10.0,4.6,mw,,140.0,2.953,0.68,us,us20005fm3,2016-06-10T23:32:58.040Z,"127 km NW of Mosquera, Colombia",earthquake,4.3,1.9,0.159,11.0,reviewed,us,us,2016-03-30,40248,Colombia,1
2016-04-03 20:34:48.730000+00:00,7.8486,-75.0879,32.44,4.6,mw,,41.0,0.421,1.34,us,us20005ecy,2016-06-17T21:45:20.040Z,"19 km SE of Caucasia, Colombia",earthquake,5.3,5.7,0.167,10.0,reviewed,us,us,2016-04-03,40263,Colombia,1
2016-04-11 09:29:28.390000+00:00,7.0249,-76.6152,21.94,5.1,mwr,,32.0,1.319,1.26,us,us20005gx4,2022-08-02T17:50:43.353Z,"23 km ENE of Murindó, Colombia",earthquake,5.8,3.8,0.052,36.0,reviewed,us,us,2016-04-11,40156,Colombia,1
2016-04-26 01:50:15.110000+00:00,6.587,-73.5013,127.42,4.3,mwr,,38.0,1.619,0.84,us,us10005bk0,2022-08-02T20:11:02.155Z,"12 km S of El Carmen de Chucurí, Colombia",earthquake,6.2,6.9,,,reviewed,us,rsnc,2016-04-26,40313,Colombia,1
2016-05-06 13:56:40.820000+00:00,7.3933,-73.0789,139.94,4.6,mw,,85.0,0.874,0.8,us,us10005h5l,2016-07-20T18:10:45.040Z,"10 km NW of Matanza, Colombia",earthquake,4.5,6.1,0.121,19.0,reviewed,us,us,2016-05-06,40240,Colombia,1
2016-06-15 02:54:36.270000+00:00,5.7368,-77.5702,9.44,4.94,mw,,47.0,2.071,1.25,us,us200064h0,2022-08-03T01:53:15.567Z,"33 km W of Nuquí, Colombia",earthquake,6.5,4.0,0.073,56.0,reviewed,us,us,2016-06-15,40160,Colombia,1
2016-07-09 12:55:51+00:00,6.541,-74.1,15.4,4.85,mw,,,,1.31,us,us20006ewa,2016-09-08T01:50:24.040Z,"13 km SSW of Puerto Parra, Colombia",earthquake,6.9,4.9,0.151,13.0,reviewed,rsnc,us,2016-07-09,40383,Colombia,1
2016-07-11 00:50:38.580000+00:00,3.7039,-76.7513,101.6,4.68,mw,,56.0,2.708,0.9,us,us20006fq2,2016-09-08T01:50:27.040Z,"8 km NW of Dagua, Colombia",earthquake,4.1,11.0,0.096,32.0,reviewed,us,us,2016-07-11,40430,Colombia,1
2016-07-13 02:15:43.930000+00:00,5.3471,-73.6464,148.76,4.6,mw,,69.0,2.086,0.96,us,us20006ftf,2016-09-08T01:50:29.040Z,"6 km SE of Guachetá, Colombia",earthquake,8.3,7.2,0.056,89.0,reviewed,us,us,2016-07-13,40476,Colombia,1
2016-08-02 14:15:10.430000+00:00,4.9125,-78.4709,10.0,4.6,mw,,133.0,4.135,1.11,us,us10006aet,2016-10-19T04:52:13.040Z,"122 km W of Pizarro, Colombia",earthquake,5.5,1.9,0.159,11.0,reviewed,us,us,2016-08-02,40475,Colombia,1
2016-08-20 16:13:41.170000+00:00,3.9611,-78.807,10.0,5.03,mw,,140.0,3.71,1.4,us,us10006ffm,2016-11-19T04:58:32.040Z,"163 km WSW of Santa Genoveva de Docordó, Colombia",earthquake,6.3,1.9,0.096,33.0,reviewed,us,us,2016-08-20,40361,Colombia,1
2016-08-24 01:57:59.060000+00:00,3.833,-71.1255,13.49,4.43,mw,,74.0,3.341,0.74,us,us20006v9m,2016-11-19T04:58:37.040Z,"108 km SSE of Orocué, Colombia",earthquake,8.0,6.0,0.196,7.0,reviewed,us,us,2016-08-24,40499,Colombia,-1
2016-08-28 12:23:30.790000+00:00,7.3145,-73.014,19.86,4.85,mw,,68.0,2.776,1.1,us,us20006usr,2016-11-29T01:28:44.040Z,"0 km S of Matanza, Colombia",earthquake,7.0,3.6,0.055,98.0,reviewed,us,us,2016-08-28,40387,Colombia,1
2016-09-14 01:58:31.570000+00:00,7.3736,-76.1686,18.0,6.0,mww,,32.0,3.112,1.18,us,us10006pdp,2022-05-03T17:59:10.554Z,"32 km ENE of Mutatá, Colombia",earthquake,6.6,1.8,,,reviewed,us,us,2016-09-14,40337,Colombia,1
2016-09-19 20:17:41.320000+00:00,7.9345,-74.8188,87.52,4.51,mw,,138.0,3.109,1.0,us,us10006ttv,2016-12-12T23:01:31.040Z,"16 km NNW of San Carlos, Colombia",earthquake,10.5,9.5,0.213,6.0,reviewed,us,us,2016-09-19,40477,Colombia,1
2016-09-22 10:42:17.580000+00:00,6.7735,-72.9705,151.48,5.11,mw,,35.0,2.34,1.14,us,us10006rl0,2016-12-12T23:01:36.040Z,"2 km NNE of Cepitá, Colombia",earthquake,7.0,8.3,0.027,416.0,reviewed,us,us,2016-09-22,40341,Colombia,1
2016-10-10 17:59:51.440000+00:00,2.9771,-78.5736,10.0,5.03,mw,,72.0,2.379,1.19,us,us20007euh,2017-01-07T00:20:49.040Z,"53 km NNW of Mosquera, Colombia",earthquake,7.4,1.9,0.068,65.0,reviewed,us,us,2016-10-10,40379,Colombia,1
2016-10-10 22:38:54.430000+00:00,4.31,-78.5687,10.0,4.77,mw,,135.0,3.654,0.65,us,us20007eum,2017-01-07T00:20:49.040Z,"133 km W of Santa Genoveva de Docordó, Colombia",earthquake,9.6,1.9,0.13,17.0,reviewed,us,us,2016-10-10,40404,Colombia,1
2016-10-18 12:27:46.040000+00:00,7.646,-74.5105,74.38,4.6,mw,,73.0,2.789,1.21,us,us20007gd1,2017-01-15T01:13:52.040Z,"33 km ESE of San Carlos, Colombia",earthquake,9.4,15.6,0.235,5.0,reviewed,us,us,2016-10-18,40451,Colombia,1
2016-10-31 00:20:11.640000+00:00,3.4466,-74.4951,33.0,5.6,mww,,35.0,1.399,0.98,us,us1000735j,2022-05-03T18:56:14.765Z,"34 km ENE of Colombia, Colombia",earthquake,1.3,1.7,,,reviewed,us,us,2016-10-31,40339,Colombia,2
2016-11-24 08:37:28.870000+00:00,7.5507,-73.2753,153.02,4.77,mw,,66.0,2.882,0.85,us,us10007c1n,2017-02-15T23:21:39.040Z,"11 km NW of El Playón, Colombia",earthquake,4.3,13.1,0.138,15.0,reviewed,us,us,2016-11-24,40409,Colombia,1
2016-11-25 19:21:16.430000+00:00,9.6063,-73.6008,135.04,4.51,mw,,78.0,2.614,1.09,us,us10007ecw,2017-02-23T00:11:47.040Z,"16 km ESE of El Paso, Colombia",earthquake,9.1,8.8,0.26,5.0,reviewed,us,us,2016-11-25,40487,Colombia,-1
2016-11-26 19:32:38.630000+00:00,5.5127,-73.9445,124.03,4.68,mw,,52.0,0.762,0.56,us,us10007cl9,2017-02-23T00:11:49.040Z,"8 km ESE of Maripí, Colombia",earthquake,8.4,6.6,0.089,36.0,reviewed,us,us,2016-11-26,40430,Colombia,1
2016-12-06 04:51:01.910000+00:00,4.7443,-77.2476,36.23,4.7,mwr,,62.0,2.561,0.82,us,us10007f3m,2017-03-03T07:06:04.040Z,"26 km SSE of Pizarro, Colombia",earthquake,6.4,4.6,,,reviewed,us,rsnc,2016-12-06,40412,Colombia,1
2016-12-18 12:50:07.350000+00:00,7.128,-76.7766,62.02,4.68,mw,,97.0,3.332,1.16,us,us2000829w,2017-03-16T02:31:28.040Z,"17 km NNE of Murindó, Colombia",earthquake,7.0,16.0,0.218,6.0,reviewed,us,us,2016-12-18,40438,Colombia,1
2016-12-19 21:02:08.470000+00:00,7.495,-73.3608,123.28,4.85,mw,,36.0,1.615,1.42,us,us10007rdj,2017-03-16T02:31:30.040Z,"17 km W of El Playón, Colombia",earthquake,6.4,8.6,0.097,31.0,reviewed,us,us,2016-12-19,40578,Colombia,1
2016-12-21 09:13:00.530000+00:00,12.7955,-81.637,10.0,4.77,mw,,64.0,0.635,0.61,us,us10007lni,2017-03-16T02:31:32.040Z,"24 km NNE of San Andrés, Colombia",earthquake,5.2,2.0,0.088,37.0,reviewed,us,us,2016-12-21,40592,Colombia,-1
2016-12-22 08:59:29.290000+00:00,4.7048,-77.2213,48.33,5.2,mw,,55.0,2.893,0.89,us,us10007ly9,2017-03-16T02:31:33.040Z,"31 km SSE of Pizarro, Colombia",earthquake,7.0,7.6,0.062,82.0,reviewed,us,us,2016-12-22,40524,Colombia,1
2016-12-23 03:43:51.310000+00:00,2.6595,-75.5794,10.0,4.77,mw,,100.0,2.507,1.05,us,us10007m63,2017-03-23T22:51:59.040Z,"6 km E of Íquira, Colombia",earthquake,7.7,1.9,0.112,23.0,reviewed,us,us,2016-12-23,40614,Colombia,-1
2016-12-28 05:05:04.970000+00:00,1.6873,-76.9221,138.08,5.03,mw,,42.0,1.295,1.38,us,us10007n50,2017-03-23T22:52:06.040Z,"10 km E of San Pablo, Colombia",earthquake,7.0,5.5,0.053,108.0,reviewed,us,us,2016-12-28,40533,Colombia,-1
2017-01-01 06:35:49.360000+00:00,2.5444,-79.0252,14.98,5.03,mw,,134.0,0.765,0.73,us,us10007p1x,2017-03-27T23:53:16.040Z,"63 km W of Mosquera, Colombia",earthquake,6.9,5.0,0.066,69.0,reviewed,us,us,2017-01-01,40549,Colombia,1
2017-01-01 07:38:33.620000+00:00,2.3138,-78.5497,18.22,4.77,mw,,127.0,0.506,0.5,us,us10007p2b,2017-03-27T23:53:16.040Z,"24 km SSW of Mosquera, Colombia",earthquake,7.8,9.8,0.13,17.0,reviewed,us,us,2017-01-01,40587,Colombia,1
2017-01-12 16:06:32.150000+00:00,6.0601,-77.9396,5.96,5.2,mww,,37.0,3.614,0.79,us,us10007svx,2025-12-22T16:52:23.677Z,"62 km WSW of Bahía Solano, Colombia",earthquake,6.4,2.9,0.054,33.0,reviewed,us,us,2017-01-12,40513,Colombia,1
2017-01-19 12:01:04.900000+00:00,5.899,-76.1462,64.45,5.03,mw,,79.0,2.097,1.25,us,us10007u36,2017-12-16T02:00:46.494Z,"14 km WNW of Ciudad Bolívar, Colombia",earthquake,7.0,7.3,0.078,50.0,reviewed,us,us,2017-01-19,40546,Colombia,1
2017-01-21 06:34:05.780000+00:00,4.509,-74.1107,31.99,4.43,mw,,72.0,0.394,1.29,us,us10007ula,2023-03-27T04:27:53.895Z,"10 km NW of Chipaque, Colombia",earthquake,7.5,5.9,0.212,6.0,reviewed,us,us,2017-01-21,40672,Colombia,-1
2017-01-28 15:49:35.240000+00:00,6.6236,-76.9979,10.0,4.77,mw,,102.0,3.196,1.24,us,us10007vy1,2017-05-15T02:07:49.638Z,"11 km WNW of Vigía del Fuerte, Colombia",earthquake,2.6,1.9,0.131,17.0,reviewed,us,us,2017-01-28,40584,Colombia,1
2017-02-01 00:18:25.480000+00:00,6.8088,-72.9613,156.06,5.03,mw,,43.0,0.917,0.94,us,us10007wjr,2017-04-27T01:38:40.040Z,"6 km NNE of Cepitá, Colombia",earthquake,6.6,7.0,0.036,231.0,reviewed,us,us,2017-02-01,40540,Colombia,1
2017-02-03 20:33:08.160000+00:00,2.4226,-77.7205,92.3,4.6,mw,,88.0,1.161,0.77,us,us20008k90,2017-04-27T01:38:43.040Z,"24 km SE of Guapí, Colombia",earthquake,8.8,7.5,0.215,7.0,reviewed,us,us,2017-02-03,40638,Colombia,-1
2017-02-06 13:02:45.140000+00:00,3.4493,-74.6715,37.95,5.5,mww,,47.0,1.429,1.04,us,us20008hx7,2022-05-03T18:10:51.164Z,"16 km ENE of Colombia, Colombia",earthquake,6.3,3.3,0.044,49.0,reviewed,us,us,2017-02-06,40500,Colombia,2
2017-02-12 09:32:26.520000+00:00,12.2926,-72.9907,7.37,5.2,mww,,23.0,1.142,1.15,us,us20008jbe,2025-12-22T16:52:08.519Z,"82 km NW of Manaure, Colombia",earthquake,6.3,3.3,0.083,14.0,reviewed,us,us,2017-02-12,40509,Colombia,-1
2017-03-03 22:59:02.720000+00:00,7.4887,-76.3631,10.0,4.85,mw,,100.0,1.486,1.25,us,us10008889,2017-05-24T02:48:15.040Z,"28 km NNE of Mutatá, Colombia",earthquake,4.3,1.9,0.163,11.0,reviewed,us,us,2017-03-03,40574,Colombia,1
2017-03-07 17:11:13.900000+00:00,7.2863,-71.9714,39.39,4.77,mw,,38.0,1.77,1.07,us,us100087hy,2017-05-31T01:58:57.040Z,"34 km NNE of Cubará, Colombia",earthquake,6.0,10.6,0.1,29.0,reviewed,us,us,2017-03-07,40616,Colombia,1
2017-03-10 06:18:12.250000+00:00,4.3692,-77.5674,44.88,4.77,mw,,102.0,2.734,0.9,us,us1000885w,2017-05-31T01:59:00.040Z,"25 km WNW of Santa Genoveva de Docordó, Colombia",earthquake,7.8,12.1,0.138,15.0,reviewed,us,us,2017-03-10,40630,Colombia,1
2017-03-13 07:52:28.190000+00:00,9.4395,-74.9681,73.88,4.51,mw,,46.0,3.236,1.07,us,us20008tib,2017-06-07T00:33:37.040Z,"11 km ENE of San Pedro, Colombia",earthquake,6.3,12.5,0.151,12.0,reviewed,us,us,2017-03-13,40663,Colombia,-1
2017-03-16 15:38:10.600000+00:00,4.8928,-72.6021,17.47,5.45,mw,,42.0,1.102,1.01,us,us20008shs,2022-05-03T18:12:50.229Z,"17 km NNW of Ubalá, Colombia",earthquake,5.0,3.7,0.027,460.0,reviewed,us,us,2017-03-16,40502,Colombia,2
2017-03-21 08:31:20.990000+00:00,6.2863,-77.5221,7.11,5.28,mw,,50.0,3.492,1.09,us,us20008thb,2022-05-03T18:13:09.593Z,"14 km WNW of Bahía Solano, Colombia",earthquake,6.9,4.1,0.044,168.0,reviewed,us,us,2017-03-21,40503,Colombia,1
2017-03-21 10:30:17.460000+00:00,7.1088,-73.8618,86.17,5.03,mw,,37.0,2.295,0.96,us,us20008thx,2017-06-12T19:46:52.040Z,"4 km N of Barrancabermeja, Colombia",earthquake,7.6,5.6,0.034,269.0,reviewed,us,us,2017-03-21,40544,Colombia,1
2017-03-24 09:00:55.960000+00:00,3.3117,-79.4066,9.49,5.2,mww,,29.0,1.616,0.9,us,us20008u8i,2025-12-22T17:22:01.742Z,"138 km NW of Mosquera, Colombia",earthquake,6.3,2.9,0.053,34.0,reviewed,us,us,2017-03-24,40504,Colombia,1
2017-04-12 11:28:02.910000+00:00,7.1971,-72.8957,165.79,5.11,mw,,28.0,1.308,0.66,us,us10008gwg,2017-07-05T18:09:57.040Z,"7 km E of Tona, Colombia",earthquake,3.6,8.0,0.026,451.0,reviewed,us,us,2017-04-12,40531,Colombia,1
2017-04-14 22:16:06.280000+00:00,8.3585,-72.719,179.42,4.94,mw,,33.0,2.476,1.01,us,us10008hqe,2017-07-05T18:10:00.040Z,"31 km S of Tibú, Colombia",earthquake,7.1,6.7,0.03,336.0,reviewed,us,us,2017-04-14,40555,Colombia,1
2017-04-28 02:34:20.340000+00:00,7.8941,-72.8018,47.33,4.68,mw,,72.0,2.007,0.88,us,us10008p7w,2017-07-21T02:32:09.040Z,"0 km NNW of Gramalote, Colombia",earthquake,4.2,10.8,0.168,10.0,reviewed,us,us,2017-04-28,40635,Colombia,1
2017-04-29 10:06:33.260000+00:00,3.816,-75.9283,58.65,4.8,mww,,64.0,1.9,1.22,us,us10008lzv,2017-07-21T02:32:11.040Z,"14 km NE of La Cumbre, Colombia",earthquake,5.0,4.9,0.098,10.0,reviewed,us,us,2017-04-29,40581,Colombia,1
2017-05-03 16:45:37.940000+00:00,6.892,-76.3217,7.88,4.68,mw,,44.0,1.009,0.75,us,us10008nw5,2017-07-29T03:16:18.040Z,"13 km SSW of Dabeiba, Colombia",earthquake,5.9,1.4,0.187,8.0,reviewed,us,us,2017-05-03,40631,Colombia,1
2017-05-06 02:52:40.680000+00:00,3.7583,-76.7291,74.95,4.77,mw,,84.0,2.632,0.85,us,us10008pzu,2017-07-29T03:16:24.040Z,"12 km NNW of Dagua, Colombia",earthquake,7.8,11.8,0.09,36.0,reviewed,us,us,2017-05-06,40595,Colombia,1
2017-05-31 21:14:42.710000+00:00,12.0713,-73.8903,10.0,4.77,mw,,30.0,3.816,1.34,us,us10008wyh,2017-08-15T02:26:49.040Z,"97 km NNE of Santa Marta, Colombia",earthquake,7.0,1.9,0.098,30.0,reviewed,us,us,2017-05-31,40592,Colombia,-1
2017-06-09 21:17:40.390000+00:00,11.6675,-72.2633,54.77,5.2,mw,,42.0,2.355,0.87,us,us20009lmm,2022-05-03T18:31:36.305Z,"5 km S of Uribia, Colombia",earthquake,6.0,6.2,0.03,345.0,reviewed,us,us,2017-06-09,40513,Colombia,-1
2017-06-19 16:13:13.880000+00:00,8.4913,-73.4929,159.43,4.77,mw,,80.0,2.853,0.56,us,us20009pb3,2017-08-23T16:35:49.040Z,"5 km WSW of El Carmen, Colombia",earthquake,10.3,15.4,0.268,6.0,reviewed,us,us,2017-06-19,40811,Colombia,1
2017-06-19 20:02:34.460000+00:00,4.9142,-76.7041,99.14,4.68,mw,,102.0,1.744,0.85,us,us20009nm7,2017-08-23T16:35:45.040Z,"11 km WSW of Nóvita, Colombia",earthquake,6.7,11.9,0.16,11.0,reviewed,us,us,2017-06-19,40831,Colombia,1
2017-07-02 19:26:28.710000+00:00,3.5937,-73.9848,27.64,5.37,mw,,64.0,1.287,0.98,us,us1000969j,2022-05-03T18:32:38.292Z,"8 km NNE of Lejanías, Colombia",earthquake,6.5,4.2,0.028,429.0,reviewed,us,us,2017-07-02,40682,Colombia,2
2017-07-19 18:56:53.620000+00:00,6.9895,-71.6042,10.0,4.1,mwr,,113.0,1.829,0.79,us,us20009y9g,2017-10-11T01:03:57.040Z,"19 km WSW of Arauquita, Colombia",earthquake,6.6,2.0,,,reviewed,us,car,2017-07-19,40846,Colombia,1
2017-07-30 05:40:41.090000+00:00,4.8565,-74.9998,10.0,5.03,mw,,80.0,0.676,1.19,us,us2000a2mh,2022-08-07T13:12:16.291Z,"8 km NNE of Junín, Colombia",earthquake,5.1,1.8,0.04,194.0,reviewed,us,us,2017-07-30,40759,Colombia,-1
2017-08-08 20:43:42.230000+00:00,6.5362,-72.0903,49.06,5.37,mw,,56.0,2.742,0.87,us,us2000a62q,2022-08-07T14:12:32.233Z,"36 km ENE of Güicán, Colombia",earthquake,6.1,5.8,0.029,393.0,reviewed,us,us,2017-08-08,40682,Colombia,1
2017-08-14 17:09:16.910000+00:00,9.3705,-76.8531,50.82,4.77,mw,,76.0,2.952,1.01,us,us2000a846,2017-11-14T01:42:07.040Z,"74 km NW of Arboletes, Colombia",earthquake,8.2,9.3,0.24,5.0,reviewed,us,us,2017-08-14,40827,Colombia,-1
2017-08-24 22:22:20.640000+00:00,3.9163,-73.5145,34.41,4.43,mw,,84.0,1.223,0.98,us,us2000acv8,2017-11-22T03:43:31.040Z,"21 km ENE of Castilla La Nueva, Colombia",earthquake,4.7,9.0,0.212,6.0,reviewed,us,us,2017-08-24,40839,Colombia,2
2017-09-04 20:28:22.740000+00:00,6.7475,-73.0026,155.72,5.2,mw,,38.0,0.852,1.02,us,us2000afmq,2022-08-07T16:27:37.312Z,"3 km WSW of Cepitá, Colombia",earthquake,6.9,4.9,0.031,335.0,reviewed,us,us,2017-09-04,40695,Colombia,1
2017-09-13 03:07:03.040000+00:00,9.5423,-73.0706,125.15,5.03,mw,,55.0,2.492,0.98,us,us2000al90,2017-12-13T02:29:41.040Z,"29 km E of La Jagua de Ibirico, Colombia",earthquake,7.5,7.7,0.055,98.0,reviewed,us,us,2017-09-13,40748,Colombia,-1
2017-09-23 05:17:45.250000+00:00,9.791,-74.7068,45.56,4.85,mw,,60.0,4.119,1.36,us,us2000atgp,2022-08-07T18:22:04.615Z,"8 km E of Plato, Colombia",earthquake,6.4,10.5,0.124,19.0,reviewed,us,us,2017-09-23,40778,Colombia,-1
2017-10-01 01:35:25.240000+00:00,7.5275,-73.148,128.61,5.1,mww,,30.0,2.83,0.9,us,us2000axct,2025-12-22T17:26:58.811Z,"8 km NE of El Playón, Colombia",earthquake,4.9,3.6,0.052,35.0,reviewed,us,us,2017-10-01,40738,Colombia,1
2017-10-14 08:35:43.800000+00:00,7.2692,-71.9426,33.43,5.1,mwr,,53.0,2.062,0.77,us,us1000as2n,2022-05-03T18:39:09.658Z,"34 km NNE of Cubará, Colombia",earthquake,7.2,5.6,,,reviewed,us,car,2017-10-14,40732,Colombia,1
2017-10-26 07:59:30.300000+00:00,10.1361,-73.5644,86.02,5.11,mw,,54.0,3.147,0.76,us,us1000ax2t,2022-08-07T20:29:04.814Z,"37 km WNW of Agustín Codazzi, Colombia",earthquake,6.3,8.0,0.081,47.0,reviewed,us,us,2017-10-26,40712,Colombia,-1
2017-11-04 00:16:35.270000+00:00,2.4828,-76.0318,157.28,5.1,mww,,24.0,1.65,0.82,us,us2000bi7p,2025-12-22T17:27:51.038Z,"8 km SSE of Inzá, Colombia",earthquake,6.2,4.0,0.052,35.0,reviewed,us,us,2017-11-04,40723,Colombia,-1
2017-11-04 01:22:34.110000+00:00,1.9325,-79.0226,40.3,4.6,mw,,130.0,1.728,0.72,us,us2000bi8p,2018-01-24T01:25:08.040Z,"29 km WNW of Tumaco, Colombia",earthquake,8.7,13.4,0.11,23.0,reviewed,us,us,2017-11-04,40832,Colombia,1
2017-11-11 14:45:22.240000+00:00,2.7641,-74.9148,46.1,5.03,mw,,100.0,0.925,1.15,us,us2000bm1j,2022-08-07T21:10:20.662Z,"38 km E of Rivera, Colombia",earthquake,6.7,7.3,0.063,77.0,reviewed,us,us,2017-11-11,40768,Colombia,2
2017-11-15 02:12:17.850000+00:00,3.7278,-76.1191,162.11,4.77,mw,,78.0,1.215,0.98,us,us2000bnnm,2018-02-06T02:45:34.040Z,"10 km W of La Cumbre, Colombia",earthquake,6.7,5.2,0.086,39.0,reviewed,us,us,2017-11-15,40799,Colombia,1
2017-11-16 00:56:07.710000+00:00,4.7377,-76.1183,105.19,4.85,mw,,80.0,1.595,0.72,us,us2000bpce,2018-02-06T02:45:36.040Z,"1 km N of Argelia, Colombia",earthquake,4.3,7.2,0.061,80.0,reviewed,us,us,2017-11-16,40786,Colombia,1
2017-11-23 20:44:40.960000+00:00,7.4948,-76.076,42.05,4.77,mw,,81.0,1.357,1.28,us,us2000btmv,2022-08-07T21:28:37.809Z,"48 km NE of Mutatá, Colombia",earthquake,6.7,11.2,0.109,24.0,reviewed,us,us,2017-11-23,40820,Colombia,1
2017-11-29 20:08:51.570000+00:00,7.5127,-75.301,77.05,4.43,mw,,99.0,1.293,0.88,us,us2000c1jb,2018-02-20T09:06:07.040Z,"9 km SE of Cáceres, Colombia",earthquake,6.0,17.3,0.298,3.0,reviewed,us,us,2017-11-29,40845,Colombia,1
2017-11-30 06:26:49.320000+00:00,2.6919,-78.886,10.0,4.77,mw,,105.0,0.865,0.8,us,us1000bj7l,2018-02-20T09:06:08.040Z,"52 km WNW of Mosquera, Colombia",earthquake,6.2,1.9,0.12,20.0,reviewed,us,us,2017-11-30,40820,Colombia,1
2017-12-21 19:26:40.150000+00:00,4.1427,-76.2035,156.27,4.94,mw,,91.0,2.002,0.76,us,us1000bung,2018-03-14T00:58:26.040Z,"5 km SW of Andalucía, Colombia",earthquake,7.8,6.3,0.051,114.0,reviewed,us,us,2017-12-21,40898,Colombia,1
2018-01-03 01:32:19.090000+00:00,1.9851,-79.2032,38.13,4.6,mw,,169.0,0.5,0.46,us,us1000bz7e,2018-03-23T23:16:49.040Z,"50 km WNW of Tumaco, Colombia",earthquake,10.0,16.9,0.199,7.0,reviewed,us,us,2018-01-03,40998,Colombia,1
2018-01-06 07:56:49.420000+00:00,5.4667,-77.705,36.89,4.85,mw,,102.0,3.426,1.23,us,us1000c1du,2018-03-23T23:16:52.040Z,"55 km WSW of Nuquí, Colombia",earthquake,7.6,15.1,0.139,15.0,reviewed,us,us,2018-01-06,40927,Colombia,1
2018-01-06 14:00:02.860000+00:00,3.6044,-78.0778,31.37,5.11,mw,,119.0,1.872,1.21,us,us1000c1f1,2018-03-23T23:16:52.040Z,"102 km NNW of Timbiquí, Colombia",earthquake,8.3,5.3,0.111,25.0,reviewed,us,us,2018-01-06,40880,Colombia,1
2018-01-21 17:51:58.320000+00:00,6.8149,-72.9797,152.9,5.03,mw,,43.0,2.368,1.16,us,us2000cm5z,2022-08-07T23:21:21.062Z,"6 km N of Cepitá, Colombia",earthquake,8.0,6.5,0.036,238.0,reviewed,us,us,2018-01-21,40883,Colombia,1
2018-01-23 05:31:34.170000+00:00,8.229,-74.9986,54.81,4.85,mw,,93.0,3.428,1.23,us,us2000cmwp,2022-08-07T23:41:52.366Z,"4 km WSW of Pueblo Nuevo, Colombia",earthquake,8.0,8.5,0.065,69.0,reviewed,us,us,2018-01-23,40953,Colombia,1
2018-01-26 15:03:15.940000+00:00,9.3213,-74.9536,16.41,4.77,mw,,78.0,4.288,1.27,us,us1000cier,2018-04-20T07:05:26.040Z,"14 km SE of San Pedro, Colombia",earthquake,7.7,5.8,0.123,19.0,reviewed,us,us,2018-01-26,40990,Colombia,-1
2018-02-19 01:50:36.640000+00:00,4.0967,-76.6247,103.17,5.11,mw,,52.0,2.413,1.0,us,us2000d4he,2018-05-22T02:00:16.040Z,Colombia,earthquake,7.3,3.5,0.033,280.0,reviewed,us,us,2018-02-19,40883,Colombia,1
2018-02-25 00:38:05.840000+00:00,6.5126,-73.3959,132.15,4.77,mw,,65.0,1.895,1.03,us,us2000d7jp,2022-08-08T00:36:28.141Z,"10 km NW of Simacota, Colombia",earthquake,7.5,7.2,0.098,30.0,reviewed,us,us,2018-02-25,40990,Colombia,1
2018-03-17 10:16:09.190000+00:00,12.0428,-72.133,29.59,4.85,mw,,71.0,2.124,0.84,us,us1000d5ly,2018-06-11T21:53:49.040Z,"39 km NNE of Uribia, Colombia",earthquake,7.3,7.2,0.113,23.0,reviewed,us,us,2018-03-17,40903,Colombia,-1
2018-03-20 16:16:49.390000+00:00,6.5655,-72.7018,165.66,4.51,mw,,106.0,2.349,0.98,us,us1000d9nh,2018-06-19T01:35:45.040Z,"4 km N of Capitanejo, Colombia",earthquake,11.2,10.5,0.109,23.0,reviewed,us,us,2018-03-20,41022,Colombia,1
2018-04-08 14:48:19.970000+00:00,12.1926,-77.3864,14.12,4.85,mw,,68.0,3.853,0.96,us,us2000dwg5,2018-06-30T01:11:35.040Z,"284 km NW of Cartagena, Colombia",earthquake,8.3,5.4,0.066,68.0,reviewed,us,us,2018-04-08,40975,Colombia,-1
2018-04-12 04:32:53.860000+00:00,7.7652,-75.0172,35.0,4.85,mw,,114.0,2.982,0.85,us,us2000e25t,2018-07-07T02:25:19.040Z,"27 km W of San Carlos, Colombia",earthquake,3.2,2.0,0.102,28.0,reviewed,us,us,2018-04-12,40956,Colombia,1
2018-04-23 06:49:34.250000+00:00,7.3432,-73.0316,150.8,4.68,mw,,61.0,2.793,0.88,us,us1000dqiv,2018-07-25T21:35:57.040Z,"2 km NW of Matanza, Colombia",earthquake,7.9,7.8,0.052,102.0,reviewed,us,us,2018-04-23,40998,Colombia,1
2018-04-23 15:42:09.790000+00:00,5.1865,-75.5438,110.03,5.3,mww,,21.0,1.264,0.95,us,us1000dqpz,2025-12-22T17:46:24.209Z,"3 km NW of Neira, Colombia",earthquake,6.8,4.1,0.048,42.0,reviewed,us,us,2018-04-23,40867,Colombia,1
2018-04-29 01:08:17.130000+00:00,5.41,-76.1413,119.61,4.51,mw,,102.0,1.897,0.85,us,us1000du57,2018-07-25T21:37:48.040Z,"24 km NNW of Pueblo Rico, Colombia",earthquake,4.6,17.1,0.185,8.0,reviewed,us,us,2018-04-29,41022,Colombia,1
2018-05-01 01:58:31.460000+00:00,1.859,-75.7791,35.86,4.85,mw,,72.0,2.306,0.86,us,us1000dv4s,2018-07-27T20:20:33.040Z,"13 km S of Suaza, Colombia",earthquake,6.2,6.3,0.118,21.0,reviewed,us,us,2018-05-01,40900,Colombia,-1
2018-05-01 19:19:51.510000+00:00,3.3148,-74.1082,46.79,4.77,mw,,81.0,1.534,0.91,us,us1000dvhz,2018-07-27T20:20:32.040Z,"10 km SW of Mesetas, Colombia",earthquake,6.5,11.4,0.087,38.0,reviewed,us,us,2018-05-01,40979,Colombia,2
2018-05-25 12:53:49.220000+00:00,7.262,-73.4769,102.64,4.85,mw,,69.0,1.415,1.06,us,us1000ebyi,2018-08-21T21:23:50.040Z,"14 km S of Sabana de Torres, Colombia",earthquake,7.6,8.5,0.04,185.0,reviewed,us,us,2018-05-25,40933,Colombia,1
2018-05-25 17:36:47.310000+00:00,7.0283,-72.1113,46.66,4.68,mw,,85.0,2.353,1.07,us,us1000ec86,2018-08-21T21:23:51.040Z,"2 km NNW of Cubará, Colombia",earthquake,7.3,11.0,0.091,34.0,reviewed,us,us,2018-05-25,40996,Colombia,1
2018-05-25 21:54:20.740000+00:00,1.6617,-78.7266,35.0,4.4,mwr,,124.0,1.328,0.87,us,us1000ecfs,2018-08-21T21:23:52.040Z,"16 km SSE of Tumaco, Colombia",earthquake,6.0,2.0,0.098,10.0,reviewed,us,us,2018-05-25,41022,Colombia,-1
2018-06-12 09:35:25.480000+00:00,1.0673,-77.2722,11.55,4.9,mwr,,42.0,0.621,1.06,us,us1000ep1l,2020-07-10T15:49:21.856Z,"13 km ESE of Tangua, Colombia",earthquake,4.8,3.3,0.098,10.0,reviewed,us,us,2018-06-12,41094,Colombia,-1
2018-06-20 20:12:15.450000+00:00,6.9233,-76.2432,59.71,5.03,mw,,103.0,2.814,1.16,us,us1000ewt5,2022-08-08T05:05:46.116Z,"8 km WNW of Uramita, Colombia",earthquake,11.3,8.2,0.04,190.0,reviewed,us,us,2018-06-20,41076,Colombia,1
2018-06-22 20:08:53.150000+00:00,3.8892,-76.2331,81.78,4.77,mw,,93.0,2.129,0.98,us,us1000ez04,2022-08-08T05:09:00.355Z,"7 km E of Guadalajara de Buga, Colombia",earthquake,7.4,7.9,0.074,52.0,reviewed,us,us,2018-06-22,41148,Colombia,1
2018-06-26 07:03:37.990000+00:00,11.2856,-74.6138,14.96,4.43,mw,,96.0,4.588,1.39,us,us2000frf9,2018-09-21T16:25:56.040Z,"39 km NNE of Barranquilla, Colombia",earthquake,5.8,7.1,0.232,5.0,reviewed,us,us,2018-06-26,41208,Colombia,-1
2018-07-07 00:19:52.490000+00:00,2.9425,-75.621,65.81,4.85,mw,,85.0,2.292,0.6,us,us2000fyt3,2022-08-08T05:42:41.904Z,"3 km ESE of Santa María, Colombia",earthquake,5.9,10.7,0.127,18.0,reviewed,us,us,2018-07-07,41111,Colombia,1
2018-07-18 01:28:54.680000+00:00,2.3132,-79.3951,10.0,4.94,mw,,145.0,2.258,1.19,us,us2000g7l1,2018-10-04T14:15:34.040Z,"87 km WNW of Salahonda, Colombia",earthquake,8.2,1.9,0.056,97.0,reviewed,us,us,2018-07-18,41082,Colombia,1
2018-07-18 18:18:07.020000+00:00,2.7213,-79.6595,10.0,4.51,mw,,158.0,2.747,0.66,us,us2000gbw8,2018-10-04T14:15:34.040Z,"134 km NW of Salahonda, Colombia",earthquake,10.5,2.0,0.12,19.0,reviewed,us,us,2018-07-18,41206,Colombia,1
2018-07-19 05:39:34.580000+00:00,3.4257,-74.5982,47.77,5.37,mw,,40.0,1.436,0.83,us,us2000g8gz,2018-10-04T14:15:30.040Z,"23 km ENE of Colombia, Colombia",earthquake,5.4,6.0,0.023,609.0,reviewed,us,us,2018-07-19,41048,Colombia,2
2018-07-24 20:15:58.570000+00:00,4.2587,-73.662,49.03,4.68,mw,,81.0,0.878,1.33,us,us2000gf7t,2018-10-09T16:43:27.040Z,"11 km W of Restrepo, Colombia",earthquake,3.4,14.3,0.177,9.0,reviewed,us,us,2018-07-24,41179,Colombia,2
2018-08-03 01:51:20.610000+00:00,10.3299,-76.8826,10.0,4.85,mw,,94.0,3.133,0.68,us,us1000g59l,2018-10-16T15:34:12.040Z,"148 km NW of San Bernardo del Viento, Colombia",earthquake,4.3,1.9,0.164,11.0,reviewed,us,us,2018-08-03,41096,Colombia,-1
2018-08-05 11:04:26.010000+00:00,7.5804,-73.6932,215.34,4.68,mw,,129.0,2.788,1.18,us,us1000g5t1,2018-10-16T15:34:15.040Z,"30 km NW of Sabana de Torres, Colombia",earthquake,5.9,12.0,0.169,10.0,reviewed,us,us,2018-08-05,41190,Colombia,1
2018-08-07 15:53:59.180000+00:00,6.7814,-72.9952,146.36,5.3,mww,,30.0,2.332,0.79,us,us1000g4v6,2025-12-22T17:49:49.038Z,"3 km NW of Cepitá, Colombia",earthquake,6.7,4.5,0.055,32.0,reviewed,us,us,2018-08-07,41050,Colombia,1
2018-08-22 13:06:20.890000+00:00,6.2832,-74.1118,10.0,4.85,mw,,106.0,1.094,1.33,us,us1000gftc,2018-11-01T17:50:55.040Z,"18 km W of Cimitarra, Colombia",earthquake,4.1,1.9,0.15,13.0,reviewed,us,us,2018-08-22,41145,Colombia,1
2018-09-25 16:28:10.840000+00:00,7.4492,-73.0569,155.27,4.77,mw,,90.0,2.79,0.4,us,us1000h54i,2018-12-01T16:43:48.040Z,"12 km NW of Suratá, Colombia",earthquake,11.6,12.5,0.161,11.0,reviewed,us,us,2018-09-25,41175,Colombia,1
2018-09-28 06:22:55.640000+00:00,3.3497,-79.1988,10.0,4.51,mw,,143.0,3.18,1.05,us,us1000h725,2018-12-01T16:44:08.040Z,"124 km NW of Mosquera, Colombia",earthquake,7.0,2.0,0.184,8.0,reviewed,us,us,2018-09-28,41204,Colombia,1
2018-10-02 10:37:23.600000+00:00,7.0175,-72.272,10.0,4.77,mw,,87.0,1.378,0.72,us,us1000h9fu,2018-12-14T20:32:44.040Z,"18 km W of Cubará, Colombia",earthquake,7.3,1.9,0.068,63.0,reviewed,us,us,2018-10-02,41152,Colombia,1
2018-10-23 20:54:35.890000+00:00,7.2094,-77.007,43.4,5.11,mw,,83.0,3.41,0.89,us,us1000hg9i,2022-05-03T19:36:30.180Z,"28 km SSE of Riosucio, Colombia",earthquake,5.6,7.3,0.043,164.0,reviewed,us,us,2018-10-23,41076,Colombia,1
2018-10-24 20:02:45.100000+00:00,4.7859,-76.2596,96.71,5.03,mw,,77.0,3.348,0.76,us,us1000hgnp,2022-08-08T09:27:14.509Z,"4 km WNW of El Cairo, Colombia",earthquake,8.0,7.5,0.082,45.0,reviewed,us,us,2018-10-24,41077,Colombia,1
2018-10-25 05:25:59.840000+00:00,5.1271,-72.5868,47.89,4.77,mw,,69.0,4.205,0.77,us,us1000hgvg,2019-01-10T17:18:35.040Z,"6 km SW of Aguazul, Colombia",earthquake,8.3,11.5,0.086,39.0,reviewed,us,us,2018-10-25,41174,Colombia,2
2018-10-29 21:31:16.790000+00:00,8.6839,-77.2051,10.0,5.28,mw,,41.0,2.644,0.75,us,us1000hirk,2022-08-08T09:38:13.143Z,"20 km NNE of Acandí, Colombia",earthquake,4.5,1.8,0.032,313.0,reviewed,us,us,2018-10-29,41054,Colombia,3
2018-11-05 22:45:00.680000+00:00,5.0188,-75.4271,133.68,4.77,mw,,42.0,1.115,1.14,us,us1000hqxx,2019-01-21T16:42:59.040Z,"10 km ESE of Villamaría, Colombia",earthquake,6.5,6.7,0.126,18.0,reviewed,us,us,2018-11-05,41173,Colombia,1
2018-11-09 11:11:59.230000+00:00,6.4397,-72.668,190.13,4.68,mw,,101.0,2.284,1.0,us,us1000hsrb,2019-01-21T16:42:53.040Z,"3 km NE of Tipacoque, Colombia",earthquake,8.9,10.5,0.1,28.0,reviewed,us,us,2018-11-09,41196,Colombia,1
2018-11-15 13:19:12.780000+00:00,6.3239,-77.5772,35.0,4.94,mw,,102.0,3.558,1.1,us,us1000hs53,2019-01-30T18:36:24.040Z,"21 km WNW of Bahía Solano, Colombia",earthquake,5.2,2.0,0.146,14.0,reviewed,us,us,2018-11-15,41092,Colombia,1
2018-11-23 17:40:46.500000+00:00,7.0604,-77.9383,10.0,5.2,mw,,54.0,2.813,1.12,us,us1000hvw2,2019-02-02T20:02:29.040Z,"20 km WSW of Juradó, Colombia",earthquake,6.3,1.8,0.047,140.0,reviewed,us,us,2018-11-23,41065,Colombia,1
2018-11-25 03:40:50.810000+00:00,13.1817,-81.0931,10.0,6.0,mww,,25.0,0.326,0.94,us,us1000hwaj,2022-05-03T19:39:47.110Z,"36 km SE of Mountain, Colombia",earthquake,6.4,1.8,0.045,47.0,reviewed,us,us,2018-11-25,41040,Colombia,-1
2018-11-27 13:10:54.460000+00:00,6.8501,-72.5916,170.71,4.68,mw,,110.0,1.069,0.4,us,us1000hyei,2019-02-09T19:02:12.040Z,"11 km E of Cerrito, Colombia",earthquake,10.8,11.3,0.237,5.0,reviewed,us,us,2018-11-27,41186,Colombia,1
2018-12-09 06:19:25.340000+00:00,7.6467,-75.3357,76.57,4.51,mw,,83.0,2.835,0.93,us,us2000itjk,2019-02-16T19:52:33.040Z,"7 km N of Cáceres, Colombia",earthquake,9.3,16.4,0.197,7.0,reviewed,us,us,2018-12-09,41386,Colombia,1
2018-12-13 09:28:17.900000+00:00,5.018,-73.0393,10.0,5.11,mw,,40.0,1.288,1.17,us,us2000it6l,2022-05-03T19:41:15.576Z,"7 km ESE of Campohermoso, Colombia",earthquake,7.5,1.9,0.043,164.0,reviewed,us,us,2018-12-13,41252,Colombia,2
2018-12-14 07:41:44.970000+00:00,12.9949,-81.1925,10.0,4.94,mw,,69.0,3.136,1.05,us,us2000ivbu,2019-02-16T22:29:08.040Z,"45 km SSE of Mountain, Colombia",earthquake,4.7,1.9,0.274,4.0,reviewed,us,us,2018-12-14,41287,Colombia,-1
2018-12-20 09:16:51.020000+00:00,4.5507,-73.3727,10.0,4.85,mw,,67.0,0.989,1.37,us,us2000ivat,2019-02-23T20:21:40.040Z,"5 km NNW of Medina, Colombia",earthquake,6.6,2.0,0.164,11.0,reviewed,us,us,2018-12-20,41349,Colombia,2
2018-12-21 18:57:21.510000+00:00,2.3449,-79.528,10.0,5.2,mw,,42.0,2.354,1.01,us,us2000iw19,2019-02-23T20:22:13.040Z,"102 km NW of Tumaco, Colombia",earthquake,6.1,1.5,0.055,103.0,reviewed,us,us,2018-12-21,41232,Colombia,1
2019-01-10 02:04:22.540000+00:00,8.4648,-73.3433,128.95,4.94,mw,,78.0,2.568,0.94,us,us2000j8tk,2019-04-02T20:53:25.040Z,"9 km NNE of González, Colombia",earthquake,4.9,9.4,0.122,20.0,reviewed,us,us,2019-01-10,41283,Colombia,1
2019-01-19 22:03:36.720000+00:00,2.5739,-74.8939,10.0,4.77,mw,,87.0,1.242,0.68,us,us2000j6gh,2019-04-05T21:41:01.040Z,"46 km ESE of Rivera, Colombia",earthquake,5.9,1.8,0.162,11.0,reviewed,us,us,2019-01-19,41368,Colombia,2
2019-01-21 13:44:07.800000+00:00,2.6434,-79.12,10.0,4.94,mw,,149.0,2.481,0.89,us,us2000jdmm,2019-04-05T21:41:05.040Z,"75 km WNW of Mosquera, Colombia",earthquake,3.6,1.9,0.098,31.0,reviewed,us,us,2019-01-21,41266,Colombia,1
2019-01-24 03:04:57.770000+00:00,6.7506,-73.0062,159.2,5.45,mw,,62.0,2.301,0.69,us,us2000j832,2019-04-12T17:14:29.040Z,"3 km W of Cepitá, Colombia",earthquake,7.5,6.5,0.028,433.0,reviewed,us,us,2019-01-24,41225,Colombia,1
2019-01-26 11:06:03.330000+00:00,3.6249,-78.0978,10.0,4.85,mw,,124.0,3.175,0.81,us,us2000j95x,2019-04-12T17:15:23.040Z,"105 km NNW of Timbiquí, Colombia",earthquake,7.1,1.0,0.097,31.0,reviewed,us,us,2019-01-26,41368,Colombia,1
2019-01-26 12:32:26.830000+00:00,3.0345,-75.7383,10.0,5.6,mww,,67.0,1.444,0.82,us,us2000j967,2025-12-22T17:53:40.482Z,"13 km NW of Santa María, Colombia",earthquake,6.4,1.8,0.046,46.0,reviewed,us,us,2019-01-26,41224,Colombia,1
2019-02-10 02:21:48.270000+00:00,4.7911,-75.4567,151.94,4.94,mw,,103.0,1.132,1.33,us,us2000jnh7,2019-04-25T15:32:02.040Z,"20 km ESE of Santa Rosa de Cabal, Colombia",earthquake,8.5,9.1,0.141,15.0,reviewed,us,us,2019-02-10,41268,Colombia,1
2019-02-14 21:09:47.720000+00:00,5.7132,-76.1371,68.11,4.85,mw,,102.0,2.003,1.09,us,us2000ji5i,2019-05-01T22:00:44.040Z,"18 km WSW of Betania, Colombia",earthquake,6.1,8.9,0.096,32.0,reviewed,us,us,2019-02-14,41324,Colombia,1
2019-02-19 11:06:30.290000+00:00,4.1984,-76.781,69.32,4.94,mw,,105.0,2.535,0.68,us,us2000jjyi,2019-05-11T17:40:39.040Z,"44 km NW of Darien, Colombia",earthquake,8.5,7.9,0.048,131.0,reviewed,us,us,2019-02-19,41263,Colombia,1
2019-03-06 01:48:09.360000+00:00,10.9848,-74.7834,47.23,4.85,mw,,51.0,4.589,1.11,us,us1000jb2l,2019-05-24T21:21:07.040Z,"1 km N of Barranquilla, Colombia",earthquake,3.1,6.6,0.124,19.0,reviewed,us,us,2019-03-06,41292,Colombia,-1
2019-03-23 19:21:17.998000+00:00,4.5595,-76.223,122.0,6.1,mww,,20.0,1.916,1.09,us,us1000jkrq,2025-12-22T18:56:25.569Z,"3 km WSW of Versalles, Colombia",earthquake,5.4,1.8,0.057,30.0,reviewed,us,us,2019-03-23,41220,Colombia,1
2019-03-31 13:28:32.210000+00:00,5.6738,-78.2892,10.0,4.94,mw,,112.0,3.794,0.82,us,us2000k7zx,2025-12-22T18:06:53.998Z,"112 km W of Nuquí, Colombia",earthquake,2.4,1.9,0.051,117.0,reviewed,us,us,2019-03-31,41268,Colombia,1
2019-04-09 11:39:52.540000+00:00,3.7455,-78.7363,10.0,5.0,mww,,52.0,1.909,1.03,us,us2000kcv2,2025-12-22T18:07:36.050Z,"140 km NNW of Mosquera, Colombia",earthquake,6.3,1.7,0.083,14.0,reviewed,us,us,2019-04-09,41261,Colombia,1
2019-04-17 10:23:56.778000+00:00,5.2349,-73.5971,158.21,4.6,mw,,87.0,0.818,1.19,us,us70003cd0,2019-06-26T20:54:47.040Z,"2 km N of Villapinzón, Colombia",earthquake,5.0,6.4,0.186,9.0,reviewed,us,us,2019-04-17,41376,Colombia,1
2019-05-06 14:32:28.397000+00:00,7.1364,-72.1693,36.16,4.85,mw,,101.0,1.533,0.54,us,us70003llx,2019-07-25T18:54:26.040Z,"16 km NNW of Cubará, Colombia",earthquake,6.7,8.8,0.108,25.0,reviewed,us,us,2019-05-06,41332,Colombia,1
2019-05-06 18:56:32.594000+00:00,6.991,-76.2643,20.21,4.85,mw,,88.0,2.877,0.98,us,us70003hlq,2019-07-25T18:54:27.040Z,"1 km SSE of Dabeiba, Colombia",earthquake,5.4,7.2,0.18,9.0,reviewed,us,us,2019-05-06,41341,Colombia,1
2019-05-12 07:28:08.579000+00:00,3.9341,-73.9292,10.0,4.85,mw,,65.0,0.985,1.14,us,us70003jzm,2019-08-01T17:15:13.040Z,"18 km NNW of Cubarral, Colombia",earthquake,5.7,1.9,0.087,39.0,reviewed,us,us,2019-05-12,41307,Colombia,2
2019-05-14 08:00:10.484000+00:00,10.9719,-72.3079,102.51,4.77,mw,,66.0,1.891,0.83,us,us70003kuu,2019-08-07T22:03:33.040Z,"37 km SE of Albania, Colombia",earthquake,7.3,7.2,0.053,104.0,reviewed,us,us,2019-05-14,41374,Colombia,-1
2019-05-24 16:12:45.126000+00:00,6.9952,-77.5132,10.0,5.2,mw,,94.0,3.154,1.06,us,us60003rpc,2019-08-13T14:30:34.040Z,"30 km ESE of Juradó, Colombia",earthquake,7.0,1.9,0.046,147.0,reviewed,us,us,2019-05-24,41231,Colombia,1
2019-06-24 00:30:41.412000+00:00,8.7699,-73.3396,126.4,4.77,mw,,139.0,2.676,1.03,us,us600044z0,2019-09-11T15:19:39.040Z,"31 km NNE of El Carmen, Colombia",earthquake,14.5,11.6,0.077,49.0,reviewed,us,us,2019-06-24,41512,Colombia,1
2019-06-24 15:36:47.889000+00:00,5.4425,-78.6127,10.0,4.77,mw,,134.0,5.172,0.72,us,us700049du,2019-09-11T15:19:42.040Z,"148 km WNW of Pizarro, Colombia",earthquake,13.2,1.9,0.101,28.0,reviewed,us,us,2019-06-24,41514,Colombia,1
2019-06-28 06:48:47.655000+00:00,3.8732,-78.7685,10.0,5.03,mw,,131.0,2.036,0.96,us,us700046fu,2019-09-14T16:08:15.040Z,"154 km NNW of Mosquera, Colombia",earthquake,7.2,1.9,0.123,20.0,reviewed,us,us,2019-06-28,41421,Colombia,1
2019-07-13 02:39:02.626000+00:00,10.0982,-73.132,130.36,4.94,mw,,72.0,1.508,1.31,us,us70004jg6,2019-09-28T20:01:17.040Z,"13 km ENE of Agustín Codazzi, Colombia",earthquake,7.9,7.3,0.033,284.0,reviewed,us,us,2019-07-13,41478,Colombia,-1
2019-07-14 16:21:42.415000+00:00,6.043,-73.1646,175.58,4.68,mw,,86.0,0.17,0.63,us,us70004k4j,2019-09-28T20:01:23.040Z,"12 km SW of Encino, Colombia",earthquake,8.8,4.5,0.046,135.0,reviewed,us,us,2019-07-14,41553,Colombia,1
2019-08-24 08:35:13.148000+00:00,13.1309,-81.1868,10.0,4.51,mw,,129.0,0.298,1.02,us,us700059sr,2019-11-08T22:13:53.040Z,"32 km SE of Mountain, Colombia",earthquake,7.5,2.0,0.197,7.0,reviewed,us,us,2019-08-24,41556,Colombia,-1
2019-08-25 20:30:20.180000+00:00,2.7344,-78.0396,61.45,5.0,mww,,72.0,2.514,1.33,us,us7000582j,2025-12-22T18:15:21.756Z,"24 km NW of Guapí, Colombia",earthquake,8.3,6.9,0.069,20.0,reviewed,us,us,2019-08-25,41436,Colombia,1
2019-09-22 00:36:45.031000+00:00,6.7979,-73.0169,157.95,5.2,mw,,35.0,0.901,0.86,us,us60005lvz,2019-12-10T17:27:02.040Z,"6 km NW of Cepitá, Colombia",earthquake,6.6,7.1,0.053,111.0,reviewed,us,us,2019-09-22,41417,Colombia,1
2019-09-27 13:44:44.129000+00:00,0.7964,-77.9091,33.5,4.68,mw,,116.0,2.387,0.64,us,us70005mh3,2019-12-20T19:03:17.040Z,"18 km SW of Cumbal, Colombia",earthquake,8.4,8.7,0.084,40.0,reviewed,us,us,2019-09-27,41541,Colombia,-1
2019-09-29 11:19:59.671000+00:00,11.9723,-73.6923,10.0,4.9,mww,,68.0,0.958,1.2,us,us70005ngk,2019-12-20T19:03:43.040Z,"87 km NNW of Dibulla, Colombia",earthquake,6.0,1.9,0.075,17.0,reviewed,us,us,2019-09-29,41479,Colombia,-1
2019-10-10 19:08:28.497000+00:00,7.1349,-77.1082,40.25,4.85,mw,,100.0,3.372,0.77,us,us70005t5l,2019-12-28T20:45:58.040Z,"34 km S of Riosucio, Colombia",earthquake,7.5,8.7,0.131,17.0,reviewed,us,us,2019-10-10,41507,Colombia,1
2019-10-26 01:01:26.789000+00:00,5.7484,-75.9089,73.29,5.11,mw,,62.0,1.818,1.04,us,us60006330,2020-01-11T21:26:40.040Z,"5 km S of Hispania, Colombia",earthquake,3.1,5.8,0.038,215.0,reviewed,us,us,2019-10-26,41417,Colombia,1
2019-11-07 01:14:33.757000+00:00,7.6659,-77.0953,35.0,4.77,mw,,48.0,3.095,0.99,us,us60006bx4,2020-02-01T23:21:44.040Z,"24 km N of Riosucio, Colombia",earthquake,6.8,1.9,0.149,13.0,reviewed,us,us,2019-11-07,41525,Colombia,1
2019-11-10 09:50:58.345000+00:00,5.3086,-75.6187,126.88,4.94,mw,,87.0,1.372,1.34,us,us600069x0,2020-02-01T23:22:16.040Z,"6 km WNW of Filadelfia, Colombia",earthquake,8.4,8.8,0.146,14.0,reviewed,us,us,2019-11-10,41437,Colombia,1
2019-12-24 19:03:52.492000+00:00,3.5359,-74.0176,11.0,6.0,mww,,36.0,1.335,0.68,us,us70006qnn,2025-12-22T18:24:35.093Z,"1 km NE of Lejanías, Colombia",earthquake,6.5,1.7,0.041,58.0,reviewed,us,us,2019-12-24,41600,Colombia,2
2019-12-26 06:27:48.961000+00:00,5.5346,-75.3256,66.06,4.77,mw,,54.0,1.212,0.61,us,us70006r4u,2020-03-14T22:24:35.040Z,"14 km E of Pácora, Colombia",earthquake,5.4,7.5,0.065,69.0,reviewed,us,us,2019-12-26,41711,Colombia,-1
2020-01-05 13:47:51.979000+00:00,4.3433,-76.1039,154.34,4.68,mw,,66.0,1.845,0.62,us,us600079ay,2020-03-21T17:13:27.040Z,"6 km SSW of Zarzal, Colombia",earthquake,10.5,6.5,0.07,58.0,reviewed,us,us,2020-01-05,41723,Colombia,1
2020-01-17 04:32:04.935000+00:00,2.2118,-79.6665,10.0,5.11,mw,,136.0,2.307,1.08,us,us700071h9,2020-04-08T19:40:16.040Z,"107 km WNW of Tumaco, Colombia",earthquake,2.3,1.8,0.04,199.0,reviewed,us,us,2020-01-17,41652,Colombia,1
2020-02-14 01:29:41.493000+00:00,5.5129,-73.3156,5.06,4.85,mw,,65.0,1.201,0.84,us,us70007pt2,2020-05-02T22:09:47.040Z,"2 km NE of Soracá, Colombia",earthquake,7.0,6.1,0.115,22.0,reviewed,us,us,2020-02-14,41701,Colombia,1
2020-02-21 10:34:05.457000+00:00,3.4822,-79.3807,10.0,5.11,mw,,145.0,4.276,0.88,us,us70007u3c,2020-05-09T21:41:06.040Z,"149 km NW of Mosquera, Colombia",earthquake,4.2,1.9,0.03,340.0,reviewed,us,us,2020-02-21,41624,Colombia,1
2020-02-22 10:14:30.853000+00:00,6.2994,-72.0945,10.0,4.85,mw,,79.0,2.645,0.6,us,us70007uqn,2020-05-09T21:41:11.040Z,"27 km NE of Sácama, Colombia",earthquake,8.4,1.9,0.074,53.0,reviewed,us,us,2020-02-22,41700,Colombia,1
2020-02-27 00:49:48.476000+00:00,5.183,-73.5712,155.06,4.51,mw,,80.0,0.819,0.84,us,us600089jg,2020-05-19T22:14:27.040Z,"4 km SE of Villapinzón, Colombia",earthquake,7.2,7.9,0.213,6.0,reviewed,us,us,2020-02-27,41732,Colombia,1
2020-02-29 08:06:10.519000+00:00,5.8438,-77.6307,10.0,5.03,mw,,106.0,3.441,0.81,us,us600086tp,2022-08-08T18:32:52.925Z,"42 km WNW of Nuquí, Colombia",earthquake,7.2,1.9,0.081,46.0,reviewed,us,us,2020-02-29,41660,Colombia,1
2020-03-15 18:33:38.048000+00:00,0.362,-69.0619,12.64,4.77,mw,,59.0,6.886,1.24,us,us60008g51,2020-05-30T22:17:11.040Z,"163 km SE of Mitú, Colombia",earthquake,8.0,5.1,0.103,30.0,reviewed,us,us,2020-03-15,41710,Colombia,-1
2020-03-17 12:52:38.636000+00:00,5.9215,-73.5391,135.52,4.51,mw,,122.0,1.323,0.4,us,us70008gya,2020-05-30T22:17:25.040Z,"3 km WSW of Togüí, Colombia",earthquake,11.9,6.1,0.112,22.0,reviewed,us,us,2020-03-17,41738,Colombia,1
2020-03-28 05:55:09.624000+00:00,6.7999,-73.0549,155.01,5.2,mw,,75.0,2.315,1.22,us,us70008hq3,2020-06-13T18:44:38.040Z,"8 km NNE of Jordán, Colombia",earthquake,8.8,7.2,0.077,53.0,reviewed,us,us,2020-03-28,41612,Colombia,1
2020-04-02 03:15:51.206000+00:00,5.724,-76.0317,86.86,4.8,mww,,37.0,1.914,0.96,us,us70008l6q,2020-06-21T00:54:37.040Z,"6 km WSW of Betania, Colombia",earthquake,7.6,4.9,0.093,11.0,reviewed,us,us,2020-04-02,41709,Colombia,1
2020-04-03 18:52:47.964000+00:00,5.0023,-76.3416,134.53,4.43,mw,,92.0,2.019,1.0,us,us70008rr0,2020-06-21T00:54:52.040Z,"16 km NW of San José del Palmar, Colombia",earthquake,7.8,15.3,0.183,8.0,reviewed,us,us,2020-04-03,41752,Colombia,1
2020-04-11 03:34:46.771000+00:00,6.5113,-73.991,59.28,4.68,mw,,122.0,1.687,0.63,us,us70008yja,2020-06-30T14:03:13.040Z,"17 km SSE of Puerto Parra, Colombia",earthquake,10.2,4.3,0.169,10.0,reviewed,us,us,2020-04-11,41713,Colombia,1
2020-04-12 12:31:13.698000+00:00,7.3954,-77.1263,47.51,5.11,mw,,90.0,3.208,0.72,us,us70008uu4,2020-06-30T14:03:02.040Z,"5 km S of Riosucio, Colombia",earthquake,9.1,8.4,0.071,62.0,reviewed,us,us,2020-04-12,41659,Colombia,1
2020-04-12 13:02:43.272000+00:00,8.8577,-72.4176,124.49,4.77,mw,,100.0,4.411,0.56,us,us70008ym1,2020-06-30T14:03:14.040Z,"42 km NE of Tibú, Colombia",earthquake,7.6,7.7,0.138,15.0,reviewed,us,us,2020-04-12,41710,Colombia,1
2020-04-13 20:44:19.546000+00:00,4.0085,-76.2402,156.54,4.94,mw,,115.0,2.086,0.93,us,us700090hk,2020-06-30T14:03:17.040Z,"2 km NW of San Pedro, Colombia",earthquake,8.1,4.9,0.122,20.0,reviewed,us,us,2020-04-13,41682,Colombia,1
2020-04-15 10:59:28.999000+00:00,9.0335,-74.4338,53.0,5.7,mww,,20.0,4.162,0.99,us,us70008wpb,2025-12-22T18:32:37.495Z,"13 km NNE of Pinillos, Colombia",earthquake,7.3,1.9,0.04,59.0,reviewed,us,us,2020-04-15,41602,Colombia,-1
2020-04-25 15:30:54.918000+00:00,5.0458,-72.6728,50.13,5.03,mw,,56.0,1.654,1.06,us,us60009c8u,2020-07-11T22:19:05.040Z,"8 km ENE of Tauramena, Colombia",earthquake,8.5,8.2,0.113,24.0,reviewed,us,us,2020-04-25,41665,Colombia,2
2020-05-04 20:52:42.904000+00:00,2.6532,-79.7195,10.0,4.94,mw,,135.0,2.714,1.23,us,us70009a3g,2020-07-18T21:57:34.040Z,"136 km WNW of Salahonda, Colombia",earthquake,7.4,1.8,0.041,175.0,reviewed,us,us,2020-05-04,41667,Colombia,1
2020-05-10 23:10:00.210000+00:00,2.4112,-77.3265,92.49,4.85,mw,,82.0,2.434,0.69,us,us70009du7,2020-07-29T22:14:29.040Z,"19 km NNW of Argelia, Colombia",earthquake,8.2,6.7,0.049,121.0,reviewed,us,us,2020-05-10,41695,Colombia,-1
2020-05-24 12:22:03.507000+00:00,2.7483,-76.5659,10.0,4.85,mw,,83.0,3.125,1.15,us,us70009pgm,2020-08-08T18:17:55.040Z,"6 km E of Morales, Colombia",earthquake,9.4,1.9,0.061,79.0,reviewed,us,us,2020-05-24,41684,Colombia,1
2020-07-09 03:22:51.274000+00:00,6.786,-72.9901,156.01,5.2,mw,,41.0,2.339,1.02,us,us7000akj8,2020-09-19T20:57:59.040Z,"3 km NNW of Cepitá, Colombia",earthquake,3.2,6.0,0.022,655.0,reviewed,us,us,2020-07-09,41811,Colombia,1
2020-07-22 03:16:36.285000+00:00,11.0149,-72.4162,98.7,5.1,mww,,35.0,2.75,0.89,us,us7000assn,2025-12-22T18:38:29.657Z,"25 km SE of Albania, Colombia",earthquake,7.9,4.1,0.047,44.0,reviewed,us,us,2020-07-22,41834,Colombia,-1
2020-07-25 10:48:02.425000+00:00,2.7258,-79.5197,10.0,4.94,mw,,140.0,2.692,0.73,us,us6000b3ya,2020-10-03T17:32:22.040Z,"121 km WNW of Mosquera, Colombia",earthquake,8.0,1.8,0.04,189.0,reviewed,us,us,2020-07-25,41857,Colombia,1
2020-08-14 02:34:37.500000+00:00,4.2369,-73.6232,10.0,4.77,mw,,73.0,0.921,0.97,us,us6000beig,2021-01-23T21:56:25.260Z,"7 km WSW of Restrepo, Colombia",earthquake,5.3,1.8,0.108,25.0,reviewed,us,us,2020-08-14,41937,Colombia,2
2020-08-20 01:16:24.711000+00:00,5.2484,-78.5237,10.0,5.3,mww,,119.0,4.105,0.62,us,us6000bhhp,2025-12-22T18:40:45.361Z,"132 km WNW of Pizarro, Colombia",earthquake,3.4,1.8,0.047,43.0,reviewed,us,us,2020-08-20,41798,Colombia,1
2020-09-03 03:23:38.808000+00:00,8.2139,-76.9417,43.48,4.85,mw,,85.0,3.015,0.64,us,us7000bh09,2020-11-17T19:44:24.040Z,"25 km NE of Unguía, Colombia",earthquake,7.5,4.5,0.048,129.0,reviewed,us,us,2020-09-03,41928,Colombia,3
2020-09-06 12:11:41.640000+00:00,5.9644,-77.4663,10.66,4.77,mw,,109.0,3.322,0.84,us,us7000bix1,2020-11-17T19:44:46.040Z,"29 km SSW of Bahía Solano, Colombia",earthquake,8.6,5.6,0.104,27.0,reviewed,us,us,2020-09-06,41936,Colombia,1
2020-09-21 14:59:54.325000+00:00,4.4655,-78.4196,10.0,5.03,mw,,67.0,4.102,0.95,us,us7000bqrk,2020-11-28T21:32:01.040Z,"119 km W of Santa Genoveva de Docordó, Colombia",earthquake,4.9,1.8,0.048,132.0,reviewed,us,us,2020-09-21,41840,Colombia,1
2020-09-28 22:59:45.625000+00:00,5.1128,-76.7076,78.11,4.94,mw,,55.0,2.392,1.17,us,us6000c4r3,2020-12-05T21:03:11.040Z,"5 km SSW of Istmina, Colombia",earthquake,7.9,8.6,0.114,23.0,reviewed,us,us,2020-09-28,41872,Colombia,1
2020-10-04 21:32:02.527000+00:00,4.0701,-71.3508,16.69,4.94,mw,,50.0,2.501,0.61,us,us6000c5jq,2020-12-12T22:28:39.040Z,"79 km S of Orocué, Colombia",earthquake,3.1,4.2,0.098,31.0,reviewed,us,us,2020-10-04,41879,Colombia,-1
2020-11-16 13:59:21.031000+00:00,4.7244,-76.5228,72.99,5.11,mw,,58.0,1.761,1.13,us,us7000cfn8,2021-01-27T17:29:55.040Z,"15 km ENE of Sipí, Colombia",earthquake,7.0,7.2,0.082,48.0,reviewed,us,us,2020-11-16,41814,Colombia,1
2020-11-24 19:05:36.274000+00:00,6.9956,-77.9807,10.0,4.85,mw,,107.0,2.444,1.09,us,us6000cs48,2021-02-03T17:50:00.040Z,"26 km WSW of Juradó, Colombia",earthquake,7.2,1.9,0.181,12.0,reviewed,us,us,2020-11-24,41885,Colombia,1
2020-11-25 00:21:50.838000+00:00,5.31,-77.6121,10.0,4.94,mw,,75.0,2.249,1.24,us,us7000cked,2021-02-06T18:28:34.040Z,"47 km NW of Pizarro, Colombia",earthquake,8.2,1.9,0.103,28.0,reviewed,us,us,2020-11-25,41854,Colombia,1
2020-12-01 04:20:34.830000+00:00,6.9488,-76.9087,51.14,4.77,mw,,44.0,1.563,0.92,us,us7000cli2,2021-02-06T18:29:24.040Z,"10 km WSW of Murindó, Colombia",earthquake,6.8,7.3,0.098,30.0,reviewed,us,us,2020-12-01,42033,Colombia,1
2020-12-08 03:21:59.906000+00:00,4.7546,-77.4135,35.0,5.1,mww,,31.0,2.357,0.77,us,us7000cp26,2025-12-22T18:46:41.468Z,"22 km SSW of Pizarro, Colombia",earthquake,3.8,1.9,0.05,38.0,reviewed,us,us,2020-12-08,41970,Colombia,1
2020-12-12 01:07:29.133000+00:00,7.9108,-72.6334,187.26,4.85,mw,,37.0,2.054,1.0,us,us7000cqgi,2021-02-20T16:11:24.040Z,"3 km NNW of San Cayetano, Colombia",earthquake,7.5,3.9,0.028,374.0,reviewed,us,us,2020-12-12,42028,Colombia,1
2020-12-12 02:24:10.270000+00:00,5.7554,-77.8605,10.0,5.0,mww,,53.0,2.359,0.88,us,us7000cqgq,2025-12-22T18:46:50.892Z,"65 km W of Nuquí, Colombia",earthquake,7.0,1.8,0.068,21.0,reviewed,us,us,2020-12-12,41986,Colombia,1
2020-12-16 23:32:30.193000+00:00,6.7841,-73.0438,153.59,5.2,mw,,26.0,0.886,0.9,us,us7000crpn,2021-02-27T23:25:04.040Z,"8 km NE of Jordán, Colombia",earthquake,6.2,5.1,0.059,91.0,reviewed,us,us,2020-12-16,41943,Colombia,1
2020-12-28 21:47:36.989000+00:00,3.4478,-77.253,88.49,4.77,mw,,109.0,3.221,1.14,us,us6000d3tl,2021-03-06T23:20:01.040Z,"31 km WSW of Buenaventura, Colombia",earthquake,5.5,8.0,0.085,41.0,reviewed,us,us,2020-12-28,42052,Colombia,1
2021-01-06 15:32:18.180000+00:00,3.7654,-79.1331,10.0,4.77,mw,,163.0,3.57,1.07,us,us7000d0bl,2021-03-13T23:00:28.040Z,"158 km NNW of Mosquera, Colombia",earthquake,5.6,1.9,0.134,16.0,reviewed,us,us,2021-01-06,42053,Colombia,1
2021-01-09 18:34:54.562000+00:00,5.3231,-73.7168,158.64,4.51,mw,,66.0,0.766,1.1,us,us7000d154,2021-03-20T21:23:24.040Z,"1 km NNW of Lenguazaque, Colombia",earthquake,4.1,4.8,0.303,3.0,reviewed,us,us,2021-01-09,42076,Colombia,1
2021-01-13 01:11:23.039000+00:00,2.5119,-79.8007,10.0,5.03,mw,,62.0,2.631,0.75,us,us6000d7wm,2021-03-20T21:24:59.040Z,"137 km WNW of Salahonda, Colombia",earthquake,2.3,1.9,0.063,76.0,reviewed,us,us,2021-01-13,41982,Colombia,1
2021-01-23 08:24:16.930000+00:00,6.0582,-77.4439,32.79,4.85,mw,,108.0,1.908,0.69,us,us7000d2mv,2021-04-13T17:07:11.040Z,"19 km SSW of Bahía Solano, Colombia",earthquake,6.4,6.1,0.109,25.0,reviewed,us,us,2021-01-23,42011,Colombia,1
2021-01-23 21:12:18.130000+00:00,3.1222,-74.8254,25.07,4.9,mww,,66.0,1.783,0.88,us,us7000d2ra,2021-04-13T17:05:14.040Z,"25 km E of Baraya, Colombia",earthquake,8.1,4.3,0.086,13.0,reviewed,us,us,2021-01-23,42005,Colombia,2
2021-01-27 07:57:33.358000+00:00,4.4075,-75.856,159.4,5.2,mw,,86.0,1.59,0.88,us,us7000d3m3,2025-12-22T18:48:59.829Z,"8 km NNW of Caicedonia, Colombia",earthquake,6.9,6.7,0.026,452.0,reviewed,us,us,2021-01-27,41954,Colombia,1
2021-01-29 19:23:38.754000+00:00,7.0716,-72.0803,24.39,4.94,mw,,63.0,1.538,0.63,us,us6000dd2a,2021-04-16T19:02:21.040Z,"7 km NNE of Cubará, Colombia",earthquake,2.6,5.5,0.074,57.0,reviewed,us,us,2021-01-29,42002,Colombia,1
2021-02-01 18:26:19.298000+00:00,12.7969,-71.7962,10.0,4.85,mw,,85.0,1.105,1.13,us,us6000dfw8,2021-04-16T19:03:53.040Z,"130 km NNE of Uribia, Colombia",earthquake,6.2,1.8,0.163,11.0,reviewed,us,us,2021-02-01,42023,Colombia,-1
2021-02-07 23:05:20.195000+00:00,6.0518,-74.3282,104.65,4.51,mw,,133.0,1.199,0.68,us,us6000dh2f,2021-04-22T21:51:14.040Z,"29 km ENE of Puerto Boyacá, Colombia",earthquake,9.1,20.5,0.301,3.0,reviewed,us,us,2021-02-07,42077,Colombia,1
2021-02-15 00:17:28.359000+00:00,11.4374,-77.0161,10.0,4.94,mw,,57.0,2.367,0.82,us,us6000dhpp,2022-08-09T02:50:07.906Z,"200 km NW of Cartagena, Colombia",earthquake,7.0,1.9,0.114,23.0,reviewed,us,us,2021-02-15,42000,Colombia,-1
2021-02-19 04:13:18.273000+00:00,6.605,-73.499,117.51,4.6,mw,,98.0,0.819,0.54,us,us6000dkqy,2021-05-04T14:14:45.040Z,"10 km S of El Carmen de Chucurí, Colombia",earthquake,8.0,5.1,0.16,11.0,reviewed,us,us,2021-02-19,42070,Colombia,1
2021-02-19 15:55:40.380000+00:00,3.4642,-74.3272,10.0,4.77,mw,,138.0,1.371,1.16,us,us6000dkrn,2021-05-04T14:15:00.040Z,"32 km WNW of Mesetas, Colombia",earthquake,9.3,1.9,0.071,58.0,reviewed,us,us,2021-02-19,42060,Colombia,2
2021-02-24 07:55:08.057000+00:00,5.022,-76.0609,93.13,4.85,mw,,94.0,1.276,1.15,us,us6000dkm1,2021-05-04T14:16:51.040Z,"6 km WNW of La Celia, Colombia",earthquake,3.9,11.1,0.156,12.0,reviewed,us,us,2021-02-24,42019,Colombia,1
2021-02-27 08:30:17.942000+00:00,7.5998,-73.4299,111.0,4.77,mw,,57.0,1.73,1.3,us,us7000dfic,2021-05-13T22:36:17.040Z,"18 km SSW of San Alberto, Colombia",earthquake,5.9,8.7,0.134,16.0,reviewed,us,us,2021-02-27,42046,Colombia,1
2021-03-01 22:57:40.994000+00:00,6.2035,-76.254,10.0,5.1,mww,,65.0,0.721,1.04,us,us7000deqh,2025-12-22T18:51:51.303Z,"18 km SW of Urrao, Colombia",earthquake,6.0,1.8,0.071,19.0,reviewed,us,us,2021-03-01,41958,Colombia,1
2021-03-14 18:14:25.073000+00:00,6.4702,-74.4627,79.01,5.11,mw,,59.0,1.095,1.14,us,us7000djca,2021-05-26T22:07:18.040Z,"7 km WSW of Puerto Berrío, Colombia",earthquake,4.8,6.7,0.036,241.0,reviewed,us,us,2021-03-14,41954,Colombia,1
2021-03-20 23:46:01.381000+00:00,3.9648,-71.414,15.3,5.2,mw,,57.0,2.536,0.71,us,us7000dlc1,2025-12-22T18:00:28.588Z,"83 km ESE of Puerto Gaitán, Colombia",earthquake,7.7,3.9,0.049,130.0,reviewed,us,us,2021-03-20,41950,Colombia,-1
2021-03-21 00:08:40.448000+00:00,6.0469,-76.8215,45.64,4.68,mw,,95.0,1.293,0.65,us,us6000dxer,2021-06-02T15:23:10.040Z,"43 km NNW of Quibdó, Colombia",earthquake,6.8,9.2,0.187,8.0,reviewed,us,us,2021-03-21,42065,Colombia,1
2021-03-28 15:01:15.392000+00:00,5.0712,-72.8726,9.15,4.94,mw,,71.0,0.842,0.61,us,us6000dx6m,2021-06-08T17:58:55.040Z,"15 km WNW of Tauramena, Colombia",earthquake,5.5,5.7,0.04,187.0,reviewed,us,us,2021-03-28,41996,Colombia,2
2021-04-02 22:44:02.939000+00:00,7.4576,-76.9434,40.95,5.0,mww,,25.0,1.502,0.74,us,us6000dymn,2025-12-22T19:07:01.753Z,"19 km E of Riosucio, Colombia",earthquake,6.3,4.6,0.075,17.0,reviewed,us,us,2021-04-02,41996,Colombia,1
2021-04-07 10:46:01.143000+00:00,13.1089,-81.3343,10.0,4.77,mw,,34.0,2.192,0.87,us,us6000dzmi,2021-06-12T21:38:06.040Z,"28 km S of Mountain, Colombia",earthquake,6.7,1.9,0.089,37.0,reviewed,us,us,2021-04-07,42031,Colombia,-1
2021-04-13 16:50:48.447000+00:00,2.3265,-79.1617,10.0,5.03,mw,,134.0,2.193,0.88,us,us6000e1a6,2021-06-19T21:25:25.040Z,"64 km WNW of Salahonda, Colombia",earthquake,7.7,1.9,0.046,140.0,reviewed,us,us,2021-04-13,41979,Colombia,1
2021-04-14 00:19:11.366000+00:00,7.2025,-72.9353,166.8,4.51,mw,,115.0,1.309,1.05,us,us6000e396,2021-06-19T21:26:19.040Z,"3 km E of Tona, Colombia",earthquake,8.1,8.7,0.157,11.0,reviewed,us,us,2021-04-14,42094,Colombia,1
2021-05-01 06:36:35.562000+00:00,11.867,-73.9181,10.0,4.85,mw,,76.0,0.76,0.53,us,us7000dz7e,2021-07-10T20:14:49.040Z,"75 km NNE of Santa Marta, Colombia",earthquake,5.2,1.9,0.082,43.0,reviewed,us,us,2021-05-01,42023,Colombia,-1
2021-05-29 15:01:11.568000+00:00,8.4863,-77.031,40.7,4.77,mw,,62.0,0.752,1.04,us,us6000efu0,2022-08-09T05:16:41.646Z,"27 km E of Acandí, Colombia",earthquake,7.1,12.6,0.091,35.0,reviewed,us,us,2021-05-29,42182,Colombia,3
2021-07-01 23:05:17.686000+00:00,5.6818,-78.2452,10.0,4.77,mw,,142.0,3.995,0.6,us,us7000ej4a,2021-09-09T22:06:57.040Z,"107 km W of Nuquí, Colombia",earthquake,6.1,1.9,0.162,11.0,reviewed,us,us,2021-07-01,42203,Colombia,1
2021-07-17 23:51:20.370000+00:00,6.8194,-77.6752,10.0,4.77,mw,,105.0,3.87,0.92,us,us7000en10,2021-09-25T21:08:01.040Z,"32 km SSE of Juradó, Colombia",earthquake,7.3,1.9,0.105,26.0,reviewed,us,us,2021-07-17,42197,Colombia,1
2021-07-27 17:51:24.567000+00:00,6.7676,-72.0311,10.0,4.43,mw,,83.0,1.359,0.82,us,us6000f1jj,2021-10-03T05:24:22.040Z,"27 km SSE of Cubará, Colombia",earthquake,5.1,1.8,0.367,2.0,reviewed,us,us,2021-07-27,42292,Colombia,1
2021-07-28 11:38:35.719000+00:00,7.2538,-72.8955,165.68,4.68,mw,,45.0,1.365,0.7,us,us6000ezsk,2021-10-03T05:22:42.040Z,"6 km SSW of Vetas, Colombia",earthquake,8.0,9.1,0.04,181.0,reviewed,us,us,2021-07-28,42240,Colombia,1
2021-07-30 10:24:54.463000+00:00,11.8913,-72.6685,45.65,4.68,mw,,71.0,0.687,0.49,us,us6000f2q7,2021-10-14T01:08:02.040Z,near the north coast of Colombia,earthquake,6.9,1.8,0.1,28.0,reviewed,us,us,2021-07-30,42257,near the north coast of Colombia,-1
2021-08-01 01:50:56.973000+00:00,4.4828,-78.4767,10.0,4.9,mww,,132.0,3.39,1.17,us,us6000f14a,2021-10-14T01:04:40.040Z,"125 km WNW of Santa Genoveva de Docordó, Colombia",earthquake,7.1,1.8,0.093,11.0,reviewed,us,us,2021-08-01,42155,Colombia,1
2021-08-12 12:08:33.564000+00:00,5.6461,-73.9576,122.74,4.68,mw,,62.0,0.874,0.69,us,us6000f4h9,2021-10-23T15:46:09.040Z,"3 km ESE of Pauna, Colombia",earthquake,4.1,6.1,0.067,63.0,reviewed,us,us,2021-08-12,42263,Colombia,1
2021-08-18 12:36:03.721000+00:00,5.0726,-76.3165,91.81,4.77,mw,,84.0,1.359,0.68,us,us6000f7xk,2021-10-29T14:46:27.040Z,"21 km NNW of San José del Palmar, Colombia",earthquake,7.1,9.3,0.114,22.0,reviewed,us,us,2021-08-18,42186,Colombia,1
2021-09-24 20:42:58.936000+00:00,2.9785,-78.2576,35.0,4.77,mw,,99.0,2.729,0.55,us,us6000fq6n,2021-12-04T14:28:05.040Z,"56 km NNE of Mosquera, Colombia",earthquake,8.9,2.0,0.19,8.0,reviewed,us,us,2021-09-24,42184,Colombia,1
2021-10-11 08:30:08.506000+00:00,6.0015,-73.3101,173.75,4.43,mw,,63.0,0.25,0.57,us,us6000ftnd,2021-12-18T19:58:51.040Z,"7 km NNE of Gámbita, Colombia",earthquake,7.3,4.9,0.097,30.0,reviewed,us,us,2021-10-11,42282,Colombia,1
2021-10-12 04:51:47.707000+00:00,6.8198,-72.9919,151.95,5.28,mw,,68.0,0.925,0.97,us,us6000ftws,2021-12-18T19:58:57.040Z,"7 km NNW of Cepitá, Colombia",earthquake,7.7,5.8,0.024,552.0,reviewed,us,us,2021-10-12,42122,Colombia,1
2021-10-17 15:51:35.992000+00:00,6.3622,-73.4851,119.01,4.85,mw,,87.0,0.614,0.53,us,us6000fwgx,2021-12-25T22:58:57.040Z,"8 km N of Contratación, Colombia",earthquake,6.1,6.3,0.106,26.0,reviewed,us,us,2021-10-17,42181,Colombia,1
2021-10-29 21:43:50.050000+00:00,2.1847,-76.6147,24.01,4.3,mwr,,90.0,2.666,0.77,us,us7000fpxh,2022-01-14T17:58:43.040Z,"7 km S of Paispamba, Colombia",earthquake,7.4,5.6,0.093,11.0,reviewed,us,us,2021-10-29,42295,Colombia,1
2021-11-05 04:13:49.802000+00:00,2.1522,-78.9939,24.44,4.85,mw,,81.0,1.977,1.11,us,us7000frle,2022-01-15T20:51:33.040Z,"39 km WNW of Salahonda, Colombia",earthquake,7.1,4.9,0.07,63.0,reviewed,us,us,2021-11-05,42171,Colombia,1
2021-11-15 07:23:26.016000+00:00,6.7552,-71.64,10.0,4.68,mw,,60.0,1.671,0.75,us,us7000fvgp,2022-01-22T20:52:08.040Z,"15 km ESE of Fortul, Colombia",earthquake,4.7,1.8,0.079,47.0,reviewed,us,us,2021-11-15,42258,Colombia,1
2021-11-18 06:58:09.429000+00:00,7.1732,-77.4752,54.65,4.6,mw,,128.0,2.165,0.46,us,us7000fwha,2022-01-22T20:52:11.040Z,"32 km ENE of Juradó, Colombia",earthquake,7.9,10.4,0.152,12.0,reviewed,us,us,2021-11-18,42275,Colombia,1
2021-11-26 12:12:08.686000+00:00,7.3397,-75.2766,64.64,4.68,mw,,89.0,1.168,0.56,us,us7000fx7u,2022-02-05T23:04:13.040Z,"13 km ENE of Valdivia, Colombia",earthquake,7.1,10.7,0.053,102.0,reviewed,us,us,2021-11-26,42453,Colombia,1
2021-11-27 12:05:18.532000+00:00,5.841,-75.9875,34.83,4.51,mw,,101.0,0.573,0.49,us,us6000g8ey,2022-02-05T23:03:49.040Z,"4 km ESE of Ciudad Bolívar, Colombia",earthquake,3.8,10.2,0.233,6.0,reviewed,us,us,2021-11-27,42456,Colombia,1
2021-11-28 09:42:15.997000+00:00,7.5242,-76.9244,27.74,5.03,mw,,94.0,1.916,0.79,us,us7000fxps,2022-02-05T23:04:26.040Z,"23 km ENE of Riosucio, Colombia",earthquake,6.6,8.9,0.166,12.0,reviewed,us,us,2021-11-28,42306,Colombia,1
2021-11-29 07:53:37.665000+00:00,3.6391,-74.0114,10.0,4.77,mw,,67.0,1.237,0.62,us,us7000fxxc,2022-02-05T23:04:32.040Z,"12 km N of Lejanías, Colombia",earthquake,4.1,1.9,0.084,44.0,reviewed,us,us,2021-11-29,42417,Colombia,2
2021-11-29 14:41:19.648000+00:00,3.6788,-78.5964,10.0,4.85,mw,,134.0,3.421,1.09,us,us6000g8r4,2022-02-05T23:03:55.040Z,"130 km N of Mosquera, Colombia",earthquake,7.2,1.9,0.156,14.0,reviewed,us,us,2021-11-29,42357,Colombia,1
2021-11-29 20:33:32.090000+00:00,4.2503,-76.3426,123.06,5.2,mw,,72.0,2.091,0.9,us,us6000g7q7,2022-02-23T12:58:18.253Z,"4 km NNW of Trujillo, Colombia",earthquake,6.8,5.1,0.072,60.0,reviewed,us,us,2021-11-29,42304,Colombia,1
2021-12-09 00:07:17.507000+00:00,4.4212,-73.6567,35.97,4.94,mw,,67.0,0.784,0.58,us,us6000gasf,2022-08-06T17:45:21.410Z,"9 km NE of El Calvario, Colombia",earthquake,6.0,7.8,0.081,46.0,reviewed,us,us,2021-12-09,42306,Colombia,2
2022-01-11 08:28:25.524000+00:00,2.2295,-78.9499,24.56,4.77,mw,,95.0,0.46,0.85,us,us7000gaus,2022-03-19T22:07:40.040Z,"38 km WNW of Salahonda, Colombia",earthquake,6.7,6.6,0.202,7.0,reviewed,us,us,2022-01-11,42404,Colombia,1
2022-01-19 04:25:47.723000+00:00,5.3986,-72.5392,10.0,4.94,mw,,35.0,0.73,0.49,us,us7000gd37,2022-08-06T13:30:47.280Z,"17 km WNW of Yopal, Colombia",earthquake,3.9,1.8,0.059,86.0,reviewed,us,us,2022-01-19,42316,Colombia,2
2022-02-06 07:13:18.004000+00:00,10.5803,-73.2201,69.23,4.7,mww,,28.0,1.144,0.47,us,us7000gie4,2022-04-19T17:38:44.040Z,"13 km NNE of Valledupar, Colombia",earthquake,6.1,4.4,0.069,20.0,reviewed,us,us,2022-02-06,42447,Colombia,-1
2022-02-07 00:31:23.897000+00:00,3.448,-74.7357,62.48,4.77,mw,,91.0,1.447,0.89,us,us7000gipv,2022-05-12T21:34:52.783Z,"10 km NE of Colombia, Colombia",earthquake,6.7,7.5,0.067,64.0,reviewed,us,us,2022-02-07,42401,Colombia,2
2022-02-23 12:49:31.002000+00:00,7.8174,-74.2494,50.69,5.5,mww,,45.0,2.055,0.71,us,us7000gn6g,2022-05-04T13:40:05.040Z,"26 km SW of Santa Rosa del Sur, Colombia",earthquake,5.5,4.3,0.038,67.0,reviewed,us,us,2022-02-23,42303,Colombia,1
2022-03-04 05:01:04.372000+00:00,5.6481,-77.8548,10.0,4.77,mw,,115.0,2.375,0.69,us,us6000h1z6,2022-05-07T21:32:50.040Z,"65 km W of Nuquí, Colombia",earthquake,2.8,1.9,0.149,13.0,reviewed,us,us,2022-03-04,42392,Colombia,1
2022-03-07 18:34:28.862000+00:00,6.7994,-72.9917,151.42,5.2,mw,,52.0,0.905,0.94,us,us6000h2un,2022-05-14T21:52:21.040Z,"5 km NNW of Cepitá, Colombia",earthquake,6.7,5.5,0.025,518.0,reviewed,us,us,2022-03-07,42305,Colombia,1
2022-03-20 11:02:20.237000+00:00,3.0949,-79.3379,10.0,4.85,mw,,140.0,2.826,0.8,us,us6000h664,2022-05-28T18:35:20.040Z,"118 km WNW of Mosquera, Colombia",earthquake,9.6,1.9,0.057,92.0,reviewed,us,us,2022-03-20,42375,Colombia,1
2022-03-24 01:34:04.202000+00:00,4.9824,-76.3122,93.71,5.03,mw,,68.0,1.431,0.52,us,us7000gwqz,2022-05-28T18:35:28.040Z,"12 km NW of San José del Palmar, Colombia",earthquake,7.2,2.6,0.079,49.0,reviewed,us,us,2022-03-24,42306,Colombia,1
2022-04-19 19:32:27.438000+00:00,1.8566,-75.8536,28.88,4.94,mw,,76.0,2.24,0.78,us,us7000h3ef,2022-06-26T01:19:49.040Z,"7 km NE of Acevedo, Colombia",earthquake,7.4,4.8,0.077,52.0,reviewed,us,us,2022-04-19,42349,Colombia,-1
2022-04-23 09:56:57.526000+00:00,6.8684,-76.4688,10.0,4.77,mw,23.0,55.0,1.151,0.5,us,us6000hftr,2022-07-05T03:39:38.040Z,"26 km WSW of Dabeiba, Colombia",earthquake,5.9,1.9,0.17,11.0,reviewed,us,us,2022-04-23,42376,Colombia,1
2022-04-25 01:49:01.541000+00:00,8.2131,-76.5351,37.28,4.77,mw,95.0,66.0,0.661,0.78,us,us6000hg5a,2022-07-05T03:40:26.040Z,"18 km WSW of San Pedro de Urabá, Colombia",earthquake,8.6,5.6,0.061,78.0,reviewed,us,us,2022-04-25,42421,Colombia,-1
2022-04-28 07:57:56.167000+00:00,5.4306,-76.5299,71.91,4.68,mw,34.0,76.0,1.249,0.49,us,us7000h5ku,2022-07-05T03:41:40.040Z,"7 km SSE of Lloró, Colombia",earthquake,4.1,8.4,0.137,16.0,reviewed,us,us,2022-04-28,42451,Colombia,1
2022-06-08 23:12:51.902000+00:00,6.8286,-74.1788,92.26,4.94,mw,101.0,63.0,1.432,0.66,us,us7000hg1t,2022-08-13T21:51:43.040Z,"23 km NW of Puerto Parra, Colombia",earthquake,5.4,7.2,0.06,82.0,reviewed,us,us,2022-06-08,42556,Colombia,1
2022-06-12 00:50:07.200000+00:00,6.9518,-76.0316,10.0,4.94,mw,45.0,77.0,0.905,0.72,us,us7000hgu3,2022-08-21T00:16:13.040Z,"15 km WSW of Peque, Colombia",earthquake,4.5,1.8,0.105,27.0,reviewed,us,us,2022-06-12,42501,Colombia,1
2022-06-12 07:05:50.196000+00:00,0.8231,-77.9074,14.264,4.43,mw,20.0,99.0,0.161,0.6,us,us7000hgvq,2022-08-21T00:16:21.040Z,"16 km SW of Cumbal, Colombia",earthquake,4.69,5.357,0.195,7.0,reviewed,us,us,2022-06-12,42655,Colombia,-1
2022-06-12 09:00:17.716000+00:00,4.3462,-73.5652,50.96,4.77,mw,53.0,125.0,0.901,0.49,us,us7000hhvl,2022-08-21T00:16:23.040Z,"9 km N of Restrepo, Colombia",earthquake,5.5,7.7,0.092,34.0,reviewed,us,us,2022-06-12,42600,Colombia,2
2022-07-03 08:59:48.013000+00:00,2.1113,-79.5531,10.0,4.77,mw,40.0,143.0,2.163,0.33,us,us6000i0l2,2022-09-13T06:23:46.040Z,"91 km WNW of Tumaco, Colombia",earthquake,8.4,1.8,0.092,34.0,reviewed,us,us,2022-07-03,42601,Colombia,1
2022-07-27 12:40:11.183000+00:00,2.6716,-77.6584,95.244,4.77,mw,20.0,128.0,1.947,0.95,us,us6000i5w5,2022-10-01T22:09:23.040Z,"11 km S of Timbiquí, Colombia",earthquake,9.25,4.244,0.239,5.0,reviewed,us,us,2022-07-27,42607,Colombia,-1
2022-08-06 01:03:43.339000+00:00,8.2722,-77.1925,10.0,4.85,mw,34.0,79.0,1.002,0.66,us,us6000i8kd,2022-10-21T23:18:19.040Z,"27 km NNW of Unguía, Colombia",earthquake,6.1,1.735,0.074,56.0,reviewed,us,us,2022-08-06,42567,Colombia,3
2022-08-17 15:46:51.547000+00:00,4.8445,-76.0511,128.811,4.94,mw,33.0,81.0,1.435,0.78,us,us7000i2l7,2022-10-28T02:28:00.040Z,"7 km S of El Águila, Colombia",earthquake,11.08,6.655,0.096,32.0,reviewed,us,us,2022-08-17,42522,Colombia,1
2022-08-30 19:17:46.874000+00:00,5.1534,-76.2303,100.779,4.85,mw,28.0,116.0,1.246,0.74,us,us7000i614,2022-11-06T04:37:19.040Z,"23 km WSW of Pueblo Rico, Colombia",earthquake,7.33,8.545,0.135,17.0,reviewed,us,us,2022-08-30,42598,Colombia,1
2022-09-17 06:12:44.959000+00:00,7.4207,-73.7203,108.926,4.68,mw,38.0,92.0,1.645,0.59,us,us7000i8rt,2022-11-26T20:57:32.040Z,"20 km ENE of Puerto Wilches, Colombia",earthquake,6.97,5.76,0.148,13.0,reviewed,us,us,2022-09-17,42614,Colombia,1
2022-09-19 06:12:41.227000+00:00,6.6815,-72.995,158.846,5.2,mw,110.0,43.0,0.789,0.74,us,us7000i97s,2022-11-26T20:57:41.040Z,"2 km ESE of Aratoca, Colombia",earthquake,7.45,4.309,0.022,650.0,reviewed,us,us,2022-09-19,42497,Colombia,1
2022-09-20 04:54:53.822000+00:00,6.9237,-74.9252,61.869,4.85,mw,86.0,37.0,0.943,0.87,us,us7000i9ft,2022-11-26T20:57:44.040Z,"16 km E of Amalfi, Colombia",earthquake,5.86,6.704,0.086,40.0,reviewed,us,us,2022-09-20,42580,Colombia,1
2022-09-26 03:41:59.137000+00:00,3.3162,-79.1953,10.0,4.6,mw,34.0,155.0,2.941,0.53,us,us7000ib1b,2022-12-03T22:03:24.040Z,"121 km NW of Mosquera, Colombia",earthquake,6.65,1.587,0.102,27.0,reviewed,us,us,2022-09-26,42634,Colombia,1
2022-10-03 23:49:57.944000+00:00,6.9083,-76.7318,15.899,5.03,mw,95.0,48.0,1.391,0.66,us,us6000iqkx,2022-12-10T22:53:03.040Z,"12 km SE of Murindó, Colombia",earthquake,2.32,4.006,0.035,244.0,reviewed,us,us,2022-10-03,42501,Colombia,1
2022-10-04 05:13:54.668000+00:00,1.808,-77.2764,128.35,5.11,mw,95.0,97.0,1.199,0.6,us,us6000iqmd,2024-01-18T16:58:01.513Z,"9 km NE of El Rosario, Colombia",earthquake,7.88,6.972,0.025,505.0,reviewed,us,us,2022-10-04,42501,Colombia,-1
2022-10-23 00:39:08.102000+00:00,1.8089,-78.9969,47.031,4.68,mw,37.0,128.0,0.534,0.91,us,us6000ivuj,2023-01-03T15:23:33.040Z,"22 km W of Tumaco, Colombia",earthquake,7.23,6.784,0.133,16.0,reviewed,us,us,2022-10-23,42615,Colombia,1
2022-11-13 12:13:21.065000+00:00,7.3492,-71.8699,10.0,4.94,mw,53.0,63.0,1.883,0.72,us,us7000ipgi,2023-01-28T19:58:11.040Z,"46 km NE of Cubará, Colombia",earthquake,7.74,1.884,0.089,38.0,reviewed,us,us,2022-11-13,42546,Colombia,1
2022-11-27 01:24:11.080000+00:00,11.1231,-74.0526,42.336,4.68,mw,20.0,56.0,0.173,0.84,us,us6000j636,2023-02-05T23:24:10.040Z,"20 km SE of Santa Marta, Colombia",earthquake,7.42,5.801,0.177,10.0,reviewed,us,us,2022-11-27,42812,Colombia,-1
2022-11-27 16:47:02.911000+00:00,7.503,-73.2225,139.778,4.77,mw,18.0,84.0,1.606,0.45,us,us6000j63p,2023-02-05T23:24:22.040Z,"4 km NNW of El Playón, Colombia",earthquake,7.78,7.999,0.203,7.0,reviewed,us,us,2022-11-27,42792,Colombia,1
2022-11-28 13:37:13.142000+00:00,6.8133,-76.113,22.187,5.03,mw,44.0,49.0,0.848,0.87,us,us7000isz1,2023-02-05T23:24:41.040Z,"5 km NNE of Frontino, Colombia",earthquake,3.28,5.562,0.11,27.0,reviewed,us,us,2022-11-28,42684,Colombia,1
2022-12-02 08:46:33.715000+00:00,2.5622,-79.849,10.0,4.94,mw,29.0,143.0,2.759,0.99,us,us6000j695,2023-02-05T23:26:00.040Z,"144 km WNW of Salahonda, Colombia",earthquake,3.31,1.935,0.182,9.0,reviewed,us,us,2022-12-02,42718,Colombia,1
2022-12-02 23:09:22.099000+00:00,8.0925,-72.5631,10.0,4.4,mwr,70.0,37.0,2.064,0.61,us,us6000j6gr,2023-02-05T23:26:11.040Z,"17 km SW of La Esperanza, Colombia",earthquake,5.56,1.873,0.075,17.0,reviewed,us,us,2022-12-02,42837,Colombia,1
2022-12-12 14:49:13.270000+00:00,3.9986,-76.7154,101.355,4.85,mw,23.0,146.0,2.478,0.27,us,us6000j9qp,2023-02-18T22:04:16.040Z,"26 km WNW of Darien, Colombia",earthquake,5.04,7.475,0.192,9.0,reviewed,us,us,2022-12-12,42773,Colombia,1
2023-01-15 17:59:19.869000+00:00,0.7556,-77.3987,9.7,4.68,mw,26.0,100.0,0.39,0.67,us,us7000j4jw,2023-03-31T19:44:27.040Z,"17 km SE of Córdoba, Colombia",earthquake,5.93,6.278,0.168,10.0,reviewed,us,us,2023-01-15,42830,Colombia,-1
2023-01-23 11:18:17.679000+00:00,4.3665,-78.6336,10.0,4.77,mw,27.0,135.0,3.584,0.54,us,us6000jlxe,2024-01-18T19:14:59.364Z,"141 km W of Santa Genoveva de Docord?, Colombia",earthquake,5.02,1.919,0.179,10.0,reviewed,us,us,2023-01-23,42800,Colombia,1
2023-01-27 04:34:39.050000+00:00,5.0309,-76.2007,106.371,4.85,mw,56.0,59.0,1.332,0.94,us,us6000jjlq,2023-04-11T18:51:35.040Z,"15 km NNE of San José del Palmar, Colombia",earthquake,3.99,5.929,0.078,48.0,reviewed,us,us,2023-01-27,42777,Colombia,1
2023-02-06 00:51:39.856000+00:00,7.3231,-72.0272,53.458,4.77,mw,25.0,84.0,1.767,0.6,us,us6000jnr4,2023-04-15T21:39:59.040Z,"36 km NNE of Cubará, Colombia",earthquake,6.7,3.448,0.179,9.0,reviewed,us,us,2023-02-06,42781,Colombia,1
2023-02-07 21:31:36.127000+00:00,7.1614,-76.9892,23.642,5.28,mw,91.0,58.0,1.742,0.54,us,us6000jmce,2023-04-15T21:39:45.040Z,northern Colombia,earthquake,6.82,4.745,0.064,77.0,reviewed,us,us,2023-02-07,42669,northern Colombia,1
2023-02-15 13:04:09.720000+00:00,6.7659,-73.0236,158.822,5.45,mw,270.0,37.0,0.87,0.52,us,us6000jp3b,2023-04-22T21:33:11.040Z,"5 km WNW of Cepitá, Colombia",earthquake,7.01,5.671,0.022,673.0,reviewed,us,us,2023-02-15,42669,Colombia,1
2023-02-16 22:19:01.256000+00:00,6.2484,-74.4491,35.0,4.85,mw,7.0,92.0,1.075,0.32,us,us6000jr8y,2024-01-18T19:21:51.308Z,"27 km S of Puerto Berr?o, Colombia",earthquake,5.43,2.006,0.151,13.0,reviewed,us,us,2023-02-16,42772,Colombia,1
2023-03-10 20:47:33.768000+00:00,5.3124,-78.1883,24.321,5.1,mww,146.0,45.0,2.786,0.82,us,us7000jiyr,2023-05-15T02:49:20.040Z,"99 km WNW of Pizarro, Colombia",earthquake,7.73,3.726,0.058,29.0,reviewed,us,us,2023-03-10,42674,Colombia,1
2023-03-11 21:12:00.955000+00:00,5.3643,-77.6548,10.0,5.2,mw,196.0,97.0,2.269,0.68,us,us7000jj76,2023-05-15T02:49:08.040Z,"55 km NW of Pizarro, Colombia",earthquake,6.57,1.837,0.044,160.0,reviewed,us,us,2023-03-11,42670,Colombia,1
2023-03-15 21:50:42.459000+00:00,3.9045,-76.0855,177.822,4.85,mw,63.0,83.0,1.992,0.85,us,us7000jka7,2023-05-20T23:20:28.040Z,"18 km ESE of San Pedro, Colombia",earthquake,7.24,2.13,0.085,41.0,reviewed,us,us,2023-03-15,42750,Colombia,1
2023-03-19 17:42:00.076000+00:00,11.6448,-72.3136,65.712,4.68,mw,38.0,68.0,0.319,0.47,us,us7000jlb3,2023-05-26T21:54:06.040Z,"9 km SW of Uribia, Colombia",earthquake,4.85,5.436,0.108,24.0,reviewed,us,us,2023-03-19,42811,Colombia,-1
2023-03-30 08:24:53.285000+00:00,7.9236,-74.7887,62.519,4.85,mw,74.0,44.0,1.872,0.64,us,us6000k0u3,2023-06-03T22:06:07.040Z,"14 km N of San Carlos, Colombia",earthquake,6.12,6.601,0.042,164.0,reviewed,us,us,2023-03-30,42749,Colombia,1
2023-04-07 04:10:51.693000+00:00,8.9572,-76.3312,48.052,4.94,mw,41.0,99.0,1.471,0.7,us,us6000k2l9,2023-06-13T03:12:35.040Z,"7 km NNE of Los Córdobas, Colombia",earthquake,7.5,8.534,0.047,133.0,reviewed,us,us,2023-04-07,42730,Colombia,-1
2023-04-15 03:50:57.952000+00:00,2.2187,-79.0054,10.0,4.94,mw,50.0,74.0,0.933,0.98,us,us6000k4lx,2023-06-17T21:36:56.040Z,"43 km WNW of Salahonda, Colombia",earthquake,6.4,1.812,0.086,40.0,reviewed,us,us,2023-04-15,42726,Colombia,1
2023-04-15 20:52:53.218000+00:00,3.3662,-74.2162,10.0,4.85,mw,37.0,129.0,1.473,0.91,us,us6000k4sq,2023-06-17T21:36:57.040Z,"19 km W of Mesetas, Colombia",earthquake,8.17,1.922,0.076,51.0,reviewed,us,us,2023-04-15,42741,Colombia,2
2023-04-18 02:26:09.968000+00:00,7.7707,-75.2532,69.279,4.51,mw,23.0,54.0,1.593,0.74,us,us7000jvtm,2024-01-18T19:48:50.850Z,"23 km NNE of C?ceres, Colombia",earthquake,3.72,8.32,0.261,4.0,reviewed,us,us,2023-04-18,42835,Colombia,1
2023-04-19 15:10:41+00:00,6.9849,-72.0921,41.722,4.68,mw,27.0,84.0,1.466,0.6,us,us7000jw25,2023-07-03T02:47:08.040Z,"2 km SSE of Cubará, Colombia",earthquake,3.47,8.214,0.147,13.0,reviewed,us,us,2023-04-19,42808,Colombia,1
2023-05-07 08:05:32.757000+00:00,3.0134,-74.7041,182.956,4.68,mw,13.0,175.0,1.859,0.51,us,us6000ka69,2023-07-22T19:16:16.040Z,"41 km SSE of Colombia, Colombia",earthquake,5.12,11.796,0.308,3.0,reviewed,us,us,2023-05-07,42808,Colombia,2
2023-05-12 06:06:16.158000+00:00,0.7544,-77.9505,10.0,4.85,mw,27.0,120.0,0.168,0.98,us,us6000kbbv,2023-07-22T19:16:58.040Z,Colombia-Ecuador border region,earthquake,2.9,1.766,0.128,18.0,reviewed,us,us,2023-05-12,42740,Colombia-Ecuador border region,-1
2023-05-14 06:04:17.791000+00:00,4.0397,-73.7077,10.0,5.11,mw,97.0,131.0,1.007,0.6,us,us6000kbsg,2023-07-24T01:17:05.040Z,Colombia,earthquake,8.38,1.907,0.029,364.0,reviewed,us,us,2023-05-14,42674,Colombia,2
2023-05-21 19:19:27.492000+00:00,6.0107,-73.62,129.645,4.6,mw,40.0,108.0,0.547,0.77,us,us7000k48g,2023-07-29T22:00:41.040Z,"5 km WSW of Güepsa, Colombia",earthquake,5.12,6.793,0.102,27.0,reviewed,us,us,2023-05-21,42997,Colombia,1
2023-05-22 17:14:14.864000+00:00,4.3829,-76.2681,120.179,4.85,mw,56.0,64.0,1.941,1.01,us,us6000kdxg,2023-07-29T22:00:28.040Z,"10 km WNW of Bolívar, Colombia",earthquake,7.28,6.094,0.056,94.0,reviewed,us,us,2023-05-22,42893,Colombia,1
2023-05-25 08:47:19.531000+00:00,8.7742,-77.1783,10.0,4.85,mw,67.0,70.0,2.266,0.6,us,us7000k3pe,2023-07-29T22:00:36.040Z,Panama-Colombia border region,earthquake,6.95,1.888,0.073,55.0,reviewed,us,us,2023-05-25,42918,Panama-Colombia border region,3
2023-05-27 06:01:11.791000+00:00,9.2536,-75.3378,40.747,4.85,mw,41.0,143.0,0.658,0.48,us,us7000k4ez,2023-07-29T22:00:43.040Z,"8 km SW of Corozal, Colombia",earthquake,8.93,8.463,0.095,32.0,reviewed,us,us,2023-05-27,42929,Colombia,-1
2023-05-29 00:02:53.027000+00:00,7.0417,-76.1407,70.346,4.68,mw,21.0,118.0,2.835,0.35,us,us7000k4pl,2023-08-05T22:07:38.040Z,"14 km ENE of Dabeiba, Colombia",earthquake,8.04,12.321,0.178,9.0,reviewed,us,us,2023-05-29,42944,Colombia,1
2023-06-07 17:39:23.875000+00:00,6.0189,-77.8504,10.0,5.1,mww,109.0,39.0,3.702,0.88,us,us7000k6yf,2023-08-12T17:15:07.040Z,"54 km WSW of Bahía Solano, Colombia",earthquake,6.66,1.783,0.062,25.0,reviewed,us,us,2023-06-07,42861,Colombia,1
2023-06-10 06:53:57.656000+00:00,3.8178,-76.489,146.602,4.68,mw,37.0,98.0,2.39,0.79,us,us7000k7li,2023-08-12T17:15:15.040Z,"3 km E of Restrepo, Colombia",earthquake,7.72,9.868,0.119,20.0,reviewed,us,us,2023-06-10,42959,Colombia,1
2023-06-17 04:36:40.509000+00:00,6.0341,-72.234,35.0,4.6,mw,13.0,142.0,0.856,0.86,us,us7000kakx,2023-08-21T04:19:43.040Z,"7 km SSE of Sácama, Colombia",earthquake,9.62,1.964,0.199,7.0,reviewed,us,us,2023-06-17,42977,Colombia,1
2023-06-28 08:34:45.730000+00:00,5.351,-77.7289,18.135,4.68,mw,36.0,62.0,2.342,1.06,us,us6000kqi7,2023-09-08T14:18:36.040Z,"59 km NW of Pizarro, Colombia",earthquake,5.98,4.113,0.105,26.0,reviewed,us,us,2023-06-28,42961,Colombia,1
2023-06-30 01:52:28.221000+00:00,2.9948,-73.6029,10.0,5.03,mw,51.0,61.0,1.973,0.97,us,us6000kp0m,2023-09-08T14:18:29.040Z,"21 km SE of Vistahermosa, Colombia",earthquake,7.49,1.856,0.052,115.0,reviewed,us,us,2023-06-30,42871,Colombia,-1
2023-07-01 10:59:39.481000+00:00,6.6362,-73.4187,124.108,4.68,mw,13.0,140.0,0.811,0.57,us,us7000kem8,2023-09-08T14:18:43.040Z,"12 km ESE of El Carmen de Chucurí, Colombia",earthquake,7.01,8.448,0.188,9.0,reviewed,us,us,2023-07-01,42962,Colombia,1
2023-07-09 19:23:09.568000+00:00,6.9043,-76.6725,45.793,4.6,mw,19.0,88.0,1.339,1.09,us,us6000kr6p,2023-09-16T19:16:06.040Z,"18 km ESE of Murindó, Colombia",earthquake,4.02,9.645,0.146,13.0,reviewed,us,us,2023-07-09,42964,Colombia,1
2023-07-30 02:27:04.683000+00:00,9.0817,-76.6299,50.677,5.2,mww,82.0,135.0,0.342,0.9,us,us6000kwll,2023-10-07T21:38:54.040Z,near the north coast of Colombia,earthquake,7.47,4.528,0.041,58.0,reviewed,us,us,2023-07-30,42848,near the north coast of Colombia,-1
2023-08-03 22:09:36.236000+00:00,3.5131,-76.2356,161.146,5.1,mww,95.0,75.0,2.323,0.5,us,us6000kxnn,2024-01-19T13:14:23.295Z,Colombia,earthquake,4.63,5.306,0.08,15.0,reviewed,us,us,2023-08-03,42864,Colombia,1
2023-08-14 15:55:11.319000+00:00,7.3503,-75.5598,54.24,5.2,mw,182.0,25.0,1.152,0.63,us,us6000kzwn,2023-10-27T21:39:01.040Z,"19 km WNW of Valdivia, Colombia",earthquake,3.21,4.829,0.027,448.0,reviewed,us,us,2023-08-14,42850,Colombia,1
2023-08-17 17:04:48.770000+00:00,4.3463,-73.6199,10.0,6.1,mww,111.0,64.0,0.857,0.87,us,us7000kp2i,2025-06-08T13:52:30.342Z,"10 km E of El Calvario, Colombia",earthquake,9.0,1.789,0.063,24.0,reviewed,us,us,2023-08-17,42844,Colombia,2
2023-08-27 21:45:00.683000+00:00,5.3394,-76.6839,24.036,5.7,mww,304.0,54.0,1.427,0.64,us,us7000kre0,2024-01-19T11:55:17.433Z,"5 km E of El Cantón de San Pablo, Colombia",earthquake,6.0,3.015,0.039,62.0,reviewed,us,us,2023-08-27,42845,Colombia,1
2023-08-29 04:06:14.062000+00:00,7.0616,-77.2395,35.0,4.85,mw,36.0,92.0,1.907,0.67,us,us7000krqy,2023-11-04T21:35:44.040Z,"44 km SSW of Riosucio, Colombia",earthquake,3.97,1.909,0.128,18.0,reviewed,us,us,2023-08-29,42884,Colombia,1
2023-09-13 11:03:43.436000+00:00,7.0591,-71.7897,10.0,4.6,mw,26.0,77.0,1.731,0.95,us,us7000kwh1,2023-11-18T22:29:35.040Z,"29 km N of Fortul, Colombia",earthquake,5.16,1.917,0.141,15.0,reviewed,us,us,2023-09-13,42965,Colombia,1
2023-09-15 19:29:58.602000+00:00,2.8041,-79.7139,10.0,4.77,mw,28.0,138.0,3.715,0.71,us,us7000kwxt,2023-11-18T22:29:36.040Z,"144 km WNW of Mosquera, Colombia",earthquake,9.66,1.894,0.117,22.0,reviewed,us,us,2023-09-15,42932,Colombia,1
2023-09-16 13:29:30.955000+00:00,6.73,-72.9926,157.783,5.2,mw,59.0,41.0,0.837,0.87,us,us7000kw6m,2023-11-18T22:29:35.040Z,"3 km SW of Cepitá, Colombia",earthquake,10.66,6.494,0.024,527.0,reviewed,us,us,2023-09-16,42852,Colombia,1
2023-09-18 10:02:53.538000+00:00,7.102,-72.1931,10.0,4.85,mw,49.0,62.0,1.492,0.71,us,us7000kwfd,2023-12-02T23:01:07.040Z,"14 km NW of Cubará, Colombia",earthquake,5.67,1.824,0.069,62.0,reviewed,us,us,2023-09-18,42882,Colombia,1
2023-09-19 15:16:20+00:00,12.1443,-72.7293,10.0,4.51,mw,17.0,141.0,0.844,0.85,us,us7000kxf2,2023-12-02T23:01:11.040Z,near the north coast of Colombia,earthquake,4.75,1.818,0.197,7.0,reviewed,us,us,2023-09-19,43015,near the north coast of Colombia,-1
2023-10-01 22:42:18.776000+00:00,7.421,-77.0416,37.484,4.85,mw,37.0,97.0,1.575,0.72,us,us6000lc5g,2023-12-14T21:26:51.040Z,"8 km ESE of Riosucio, Colombia",earthquake,6.18,8.835,0.102,28.0,reviewed,us,us,2023-10-01,42885,Colombia,1
2023-10-21 23:39:00.250000+00:00,7.6175,-75.0255,59.032,4.85,mw,70.0,40.0,1.503,0.76,us,us6000lh80,2023-12-26T21:24:55.040Z,"22 km NW of Zaragoza, Colombia",earthquake,6.16,6.74,0.094,33.0,reviewed,us,us,2023-10-21,42914,Colombia,1
2023-11-08 15:56:18.308000+00:00,7.0146,-73.3307,129.259,4.68,mw,24.0,59.0,1.142,0.87,us,us7000lara,2024-01-13T23:11:50.040Z,"13 km NNW of Betulia, Colombia",earthquake,8.15,5.516,0.177,9.0,reviewed,us,us,2023-11-08,42942,Colombia,1
2023-11-18 23:32:53.076000+00:00,2.5126,-79.7082,10.0,4.5,mwr,48.0,131.0,1.486,1.07,us,us6000lpdj,2024-01-26T16:37:52.040Z,"127 km WNW of Salahonda, Colombia",earthquake,7.57,1.89,0.063,24.0,reviewed,us,us,2023-11-18,43191,Colombia,1
2023-11-26 14:30:56.609000+00:00,4.2967,-76.0903,145.003,4.6,mw,24.0,77.0,1.963,0.96,us,us6000lqvk,2024-02-06T21:53:52.040Z,"11 km S of Zarzal, Colombia",earthquake,6.86,6.677,0.128,17.0,reviewed,us,us,2023-11-26,43161,Colombia,1
2023-12-11 07:36:33.539000+00:00,0.9582,-77.5751,95.262,4.94,mw,55.0,143.0,5.584,0.43,us,us7000li20,2024-02-17T22:43:06.040Z,"4 km NNW of Gualmatán, Colombia",earthquake,9.51,9.611,0.074,54.0,reviewed,us,us,2023-12-11,43090,Colombia,-1
2023-12-15 17:15:20.370000+00:00,9.0844,-75.2416,37.85,4.5,mwr,67.0,45.0,0.809,1.01,us,us7000ljcs,2024-02-17T22:43:11.040Z,"5 km WSW of El Roble, Colombia",earthquake,4.18,5.376,0.08,15.0,reviewed,us,us,2023-12-15,43194,Colombia,-1
2024-01-19 11:26:03.598000+00:00,4.7429,-75.8481,65.067,5.6,mww,196.0,37.0,1.473,0.73,us,us6000m4n2,2024-03-29T17:37:53.040Z,"7 km E of Cartago, Colombia",earthquake,7.03,4.294,0.047,43.0,reviewed,us,us,2024-01-19,43025,Colombia,1
2024-01-22 19:05:50.061000+00:00,6.8566,-73.0861,152.431,5.03,mw,57.0,82.0,0.958,0.59,us,us7000lt0d,2024-03-30T22:32:27.040Z,"13 km N of Jordán, Colombia",earthquake,7.1,4.035,0.089,39.0,reviewed,us,us,2024-01-22,43052,Colombia,1
2024-01-28 06:10:38.878000+00:00,5.7787,-77.752,17.402,4.77,mw,42.0,86.0,2.249,0.48,us,us7000lwas,2024-03-30T22:35:24.040Z,"53 km W of Nuquí, Colombia",earthquake,4.25,4.815,0.102,28.0,reviewed,us,us,2024-01-28,43157,Colombia,1
2024-01-28 08:17:55.788000+00:00,6.2056,-77.5807,21.804,4.85,mw,135.0,53.0,2.04,0.55,us,us7000luhv,2024-03-30T22:34:42.040Z,"19 km W of Bahía Solano, Colombia",earthquake,7.19,4.901,0.045,147.0,reviewed,us,us,2024-01-28,43096,Colombia,1
2024-02-15 18:27:12.430000+00:00,7.0504,-77.0477,38.654,5.03,mw,52.0,91.0,1.734,0.62,us,us7000lzgv,2024-04-24T14:42:03.040Z,"26 km WNW of Murindó, Colombia",earthquake,6.71,8.08,0.08,47.0,reviewed,us,us,2024-02-15,43048,Colombia,1
2024-02-18 17:42:23.689000+00:00,8.3606,-77.0365,50.379,4.77,mw,45.0,110.0,0.825,0.64,us,us7000m01m,2024-04-24T14:42:05.040Z,"28 km WSW of Necoclí, Colombia",earthquake,6.7,8.493,0.098,30.0,reviewed,us,us,2024-02-18,43126,Colombia,3
2024-02-23 00:47:47.482000+00:00,7.3556,-75.4767,53.05,4.85,mw,51.0,79.0,1.158,0.72,us,us7000m0zk,2024-05-02T15:50:12.040Z,"11 km NW of Valdivia, Colombia",earthquake,5.94,5.422,0.118,21.0,reviewed,us,us,2024-02-23,43114,Colombia,1
2024-02-23 12:44:03.056000+00:00,12.2395,-73.4052,10.0,4.77,mw,20.0,75.0,1.337,1.11,us,us6000mfn8,2024-05-02T15:50:11.040Z,"94 km NW of Riohacha, Colombia",earthquake,3.55,1.908,0.24,5.0,reviewed,us,us,2024-02-23,43122,Colombia,-1
2024-02-25 07:51:09.149000+00:00,6.8709,-76.2307,49.262,4.85,mw,53.0,75.0,0.971,0.47,us,us7000m1gm,2024-05-02T15:50:14.040Z,"7 km WSW of Uramita, Colombia",earthquake,7.55,7.42,0.08,49.0,reviewed,us,us,2024-02-25,43117,Colombia,1
2024-02-27 22:41:52.312000+00:00,6.3284,-76.7456,51.878,4.85,mw,20.0,124.0,1.217,0.78,us,us6000mfie,2024-05-10T21:25:54.040Z,"29 km SSE of Bellavista, Colombia",earthquake,3.85,8.718,0.192,8.0,reviewed,us,us,2024-02-27,43096,Colombia,1
2024-02-28 07:05:15.187000+00:00,6.3253,-75.5912,17.79,4.94,mw,56.0,101.0,0.147,0.81,us,us6000mfkh,2025-06-08T13:21:03.370Z,"3 km WSW of Bello, Colombia",earthquake,6.23,4.32,0.085,43.0,reviewed,us,us,2024-02-28,43087,Colombia,-1
2024-03-29 04:38:41.170000+00:00,5.4232,-77.1372,41.556,4.77,mw,27.0,136.0,1.772,0.47,us,us7000m8pn,2024-06-01T21:55:48.040Z,"20 km WSW of Pie de Pató, Colombia",earthquake,5.24,8.141,0.112,23.0,reviewed,us,us,2024-03-29,43122,Colombia,1
2024-04-01 01:09:22.722000+00:00,6.0205,-71.9313,10.0,4.68,mw,16.0,127.0,1.153,0.81,us,us7000masg,2024-06-12T21:51:56.040Z,"23 km SW of Municipio Hato Corozal, Colombia",earthquake,9.52,1.962,0.154,12.0,reviewed,us,us,2024-04-01,43160,Colombia,1
2024-04-02 23:16:51.102000+00:00,5.4555,-72.3758,10.0,5.2,mw,183.0,54.0,0.827,0.69,us,us7000m9g0,2024-06-12T21:51:51.040Z,"13 km N of Yopal, Colombia",earthquake,5.59,1.857,0.043,166.0,reviewed,us,us,2024-04-02,43033,Colombia,2
2024-05-02 07:34:52.820000+00:00,11.436,-72.8008,10.0,4.77,mw,27.0,63.0,0.835,0.64,us,us6000mvna,2024-07-15T03:58:27.040Z,"16 km SE of Riohacha, Colombia",earthquake,2.88,1.878,0.117,21.0,reviewed,us,us,2024-05-02,43127,Colombia,-1
2024-05-05 06:11:07.336000+00:00,2.0194,-76.027,12.009,4.77,mw,23.0,171.0,2.184,0.56,us,us6000mwfa,2024-07-15T03:57:55.040Z,"3 km NNE of Saladoblanco, Colombia",earthquake,8.08,5.829,0.219,6.0,reviewed,us,us,2024-05-05,43124,Colombia,-1
2024-05-06 15:01:53.386000+00:00,8.0283,-75.3563,54.489,4.5,mwr,111.0,43.0,1.833,0.6,us,us6000mwpt,2024-07-20T22:20:01.040Z,"8 km NE of Montelíbano, Colombia",earthquake,6.48,2.24,0.089,12.0,reviewed,us,us,2024-05-06,43195,Colombia,1
2024-05-11 17:25:02.366000+00:00,7.8033,-74.8294,71.332,4.6,mw,39.0,69.0,1.746,0.85,us,us6000mz6p,2024-07-20T22:20:07.040Z,"6 km WNW of San Carlos, Colombia",earthquake,6.24,8.523,0.107,26.0,reviewed,us,us,2024-05-11,43370,Colombia,1
2024-05-12 10:19:08.246000+00:00,11.8345,-73.492,10.0,5.2,mw,87.0,53.0,0.98,0.7,us,us6000my1s,2024-07-20T22:20:08.040Z,"65 km NNW of Dibulla, Colombia",earthquake,4.21,1.782,0.036,246.0,reviewed,us,us,2024-05-12,43200,Colombia,-1
2024-05-21 09:58:18.662000+00:00,6.8392,-76.5066,48.925,4.68,mw,32.0,155.0,1.165,0.78,us,us6000n00i,2024-08-06T02:09:50.040Z,"31 km SW of Dabeiba, Colombia",earthquake,4.77,10.1,0.099,29.0,reviewed,us,us,2024-05-21,43366,Colombia,1
2024-05-22 04:51:26.691000+00:00,4.1934,-79.0209,10.0,4.85,mw,32.0,80.0,2.887,0.58,us,us6000n073,2024-08-06T02:10:10.040Z,"183 km W of Santa Genoveva de Docordó, Colombia",earthquake,7.87,1.795,0.15,13.0,reviewed,us,us,2024-05-22,43260,Colombia,1
2024-05-22 08:44:13.991000+00:00,2.5004,-79.0534,10.0,5.03,mw,68.0,74.0,1.217,1.03,us,us6000n08a,2024-08-06T02:10:10.040Z,"66 km W of Mosquera, Colombia",earthquake,6.65,1.814,0.075,53.0,reviewed,us,us,2024-05-22,43210,Colombia,1
2024-06-03 11:52:40.059000+00:00,4.2454,-73.5039,9.966,4.77,mw,19.0,127.0,1.689,1.17,us,us7000mrik,2024-08-16T21:59:21.040Z,"3 km SW of Cumaral, Colombia",earthquake,9.72,6.151,0.24,5.0,reviewed,us,us,2024-06-03,43343,Colombia,2
2024-06-07 07:55:57.321000+00:00,4.3193,-75.9119,11.719,4.85,mw,49.0,92.0,1.898,1.0,us,us7000mqwq,2024-08-16T21:59:25.040Z,"6 km NNE of Sevilla, Colombia",earthquake,7.87,5.061,0.081,44.0,reviewed,us,us,2024-06-07,43309,Colombia,1
2024-06-07 15:27:42.762000+00:00,2.946,-79.319,10.0,4.43,mw,19.0,139.0,1.709,0.74,us,us7000mr0t,2024-08-16T21:59:24.040Z,"107 km WNW of Mosquera, Colombia",earthquake,6.49,1.933,0.232,7.0,reviewed,us,us,2024-06-07,43371,Colombia,1
2024-06-30 03:46:55.021000+00:00,6.6903,-73.0526,160.601,5.11,mw,84.0,31.0,0.793,0.55,us,us6000n9a9,2024-09-04T21:57:44.040Z,"3 km W of Aratoca, Colombia",earthquake,4.14,5.638,0.023,607.0,reviewed,us,us,2024-06-30,43201,Colombia,1
2024-07-10 09:53:36.292000+00:00,3.7915,-78.5829,10.0,5.03,mw,99.0,121.0,2.496,0.62,us,us7000my8v,2024-09-20T16:00:53.040Z,"142 km N of Mosquera, Colombia",earthquake,9.01,1.883,0.057,94.0,reviewed,us,us,2024-07-10,43211,Colombia,1
2024-07-30 05:32:17.757000+00:00,3.3996,-74.3109,10.0,4.6,mw,15.0,129.0,2.762,1.27,us,us6000ngu2,2024-10-11T19:39:06.040Z,"29 km W of Mesetas, Colombia",earthquake,5.93,1.737,0.186,8.0,reviewed,us,us,2024-07-30,43370,Colombia,2
2024-08-20 06:52:35.662000+00:00,4.8749,-72.6496,10.0,4.85,mw,39.0,77.0,1.099,1.21,us,us7000nday,2024-11-02T21:29:15.040Z,"18 km NW of Ubalá, Colombia",earthquake,7.45,1.93,0.104,27.0,reviewed,us,us,2024-08-20,43301,Colombia,2
2024-08-28 00:49:19.783000+00:00,3.9409,-78.0653,10.0,4.85,mw,23.0,144.0,2.744,1.32,us,us6000nn57,2024-11-09T21:18:31.040Z,"85 km WSW of Santa Genoveva de Docordó, Colombia",earthquake,8.66,1.984,0.171,10.0,reviewed,us,us,2024-08-28,43280,Colombia,1
2024-09-12 08:34:33.240000+00:00,6.6837,-74.8171,76.378,4.4,mwr,51.0,61.0,0.86,0.79,us,us7000nd8m,2024-11-21T22:58:55.040Z,"2 km ENE of Yalí, Colombia",earthquake,7.98,9.233,0.089,12.0,reviewed,us,us,2024-09-12,43378,Colombia,1
2024-09-22 00:58:34.333000+00:00,5.3148,-73.6778,163.486,4.68,mw,38.0,104.0,0.824,0.97,us,us7000ngk9,2024-11-23T23:27:41.040Z,"3 km ENE of Lenguazaque, Colombia",earthquake,8.84,7.216,0.116,21.0,reviewed,us,us,2024-09-22,43358,Colombia,1
2024-10-01 03:44:09.323000+00:00,8.7389,-72.8792,10.0,4.77,mw,15.0,63.0,2.224,0.84,us,us7000nmfd,2024-12-14T14:51:07.040Z,"19 km NW of Tibú, Colombia",earthquake,6.1,1.964,0.267,4.0,reviewed,us,us,2024-10-01,43334,Colombia,1
2024-10-16 22:04:48.380000+00:00,2.1028,-79.7589,10.0,5.03,mw,64.0,139.0,1.216,0.75,us,us6000nz6y,2024-12-26T23:04:02.040Z,"112 km WNW of Tumaco, Colombia",earthquake,4.27,1.888,0.079,49.0,reviewed,us,us,2024-10-16,43223,Colombia,1
2024-10-24 20:31:59.106000+00:00,5.4511,-78.3798,10.0,4.94,mw,60.0,121.0,2.93,0.76,us,us7000nmzv,2025-01-04T23:07:59.040Z,"125 km WNW of Pizarro, Colombia",earthquake,7.08,1.9,0.084,43.0,reviewed,us,us,2024-10-24,43250,Colombia,1
2024-10-28 07:08:37.689000+00:00,7.0174,-76.8664,10.0,4.94,mw,105.0,83.0,1.562,0.64,us,us7000nnla,2025-01-16T18:44:11.040Z,"6 km NW of Murindó, Colombia",earthquake,5.43,1.871,0.052,111.0,reviewed,us,us,2024-10-28,43227,Colombia,1
2024-10-28 07:45:11.790000+00:00,8.2334,-75.2195,59.292,4.77,mw,25.0,87.0,1.294,0.86,us,us7000nrzm,2025-01-16T18:48:20.040Z,"12 km SW of Ayapel, Colombia",earthquake,3.79,10.618,0.162,11.0,reviewed,us,us,2024-10-28,43324,Colombia,1
2024-10-29 21:49:16.678000+00:00,7.3271,-71.8678,10.0,5.03,mw,38.0,78.0,1.868,0.77,us,us7000nnx8,2025-01-16T18:45:07.040Z,"44 km NE of Cubará, Colombia",earthquake,5.79,1.896,0.063,77.0,reviewed,us,us,2024-10-29,43211,Colombia,1
2024-11-05 03:14:06.554000+00:00,5.3197,-77.462,31.25,5.0,mww,60.0,61.0,2.109,0.67,us,us7000npzi,2025-01-24T19:51:14.040Z,"41 km NNW of Pizarro, Colombia",earthquake,7.25,3.823,0.073,18.0,reviewed,us,us,2024-11-05,43227,Colombia,1
2024-11-13 01:42:58.771000+00:00,11.035,-72.3377,10.0,4.1,mwr,15.0,82.0,0.744,0.91,us,us7000nrgp,2025-01-26T16:29:29.040Z,"31 km ESE of Albania, Colombia",earthquake,5.46,1.985,0.086,13.0,reviewed,us,us,2024-11-13,43558,Colombia,-1
2024-11-22 00:03:15.283000+00:00,7.1019,-72.9334,183.216,4.68,mw,40.0,46.0,1.211,0.75,us,us6000p6wi,2025-01-30T17:00:32.040Z,"11 km SSE of Tona, Colombia",earthquake,7.72,8.504,0.09,35.0,reviewed,us,us,2024-11-22,43494,Colombia,1
2024-12-04 18:02:38.894000+00:00,5.2739,-73.6689,158.03,4.6,mw,50.0,122.0,0.847,0.66,us,us7000nvyp,2025-02-15T18:29:31.040Z,"5 km SE of Lenguazaque, Colombia",earthquake,8.01,5.715,0.094,32.0,reviewed,us,us,2024-12-04,43518,Colombia,1
2024-12-24 06:39:57.991000+00:00,7.1166,-75.7263,49.827,4.85,mw,35.0,97.0,0.94,0.97,us,us6000pfet,2025-03-08T22:39:09.040Z,"7 km SE of Ituango, Colombia",earthquake,6.57,9.486,0.131,20.0,reviewed,us,us,2024-12-24,43482,Colombia,1
2024-12-24 20:33:34.670000+00:00,6.3181,-74.8321,73.999,5.2,mw,80.0,59.0,0.704,0.75,us,us6000pfhr,2025-03-08T22:39:09.040Z,"13 km SW of Caracolí, Colombia",earthquake,7.93,5.683,0.037,222.0,reviewed,us,us,2024-12-24,43395,Colombia,-1
2024-12-26 00:52:39.508000+00:00,7.3229,-75.298,52.19,5.0,mww,190.0,32.0,1.148,0.82,us,us6000pfmi,2025-03-08T22:39:10.040Z,"10 km ENE of Valdivia, Colombia",earthquake,5.3,5.242,0.066,22.0,reviewed,us,us,2024-12-26,43427,Colombia,1
2025-01-04 08:17:24.376000+00:00,4.5472,-76.3159,51.986,5.03,mw,83.0,110.0,1.811,0.7,us,us6000phtp,2025-03-17T21:34:34.040Z,"9 km WNW of El Dovio, Colombia",earthquake,7.85,7.78,0.065,71.0,reviewed,us,us,2025-01-04,43427,Colombia,1
2025-01-10 08:14:32.949000+00:00,5.9461,-77.4683,18.0,5.6,mww,81.0,91.0,1.944,0.65,us,us6000pj4s,2025-03-20T20:54:59.040Z,"31 km SSW of Bahía Solano, Colombia",earthquake,7.09,1.851,0.052,36.0,reviewed,us,us,2025-01-10,43386,Colombia,1
2025-01-19 06:28:33.580000+00:00,7.5187,-74.7977,75.464,4.85,mw,44.0,101.0,1.506,0.72,us,us6000pl25,2025-03-29T22:12:43.040Z,"8 km ENE of Zaragoza, Colombia",earthquake,6.35,7.873,0.083,42.0,reviewed,us,us,2025-01-19,43453,Colombia,1
2025-01-28 13:37:03.810000+00:00,13.1524,-81.6967,10.0,4.9,mww,231.0,39.0,3.593,0.54,us,us6000pmsg,2025-04-08T22:01:02.040Z,"42 km WSW of Mountain, Colombia",earthquake,6.43,1.82,0.055,32.0,reviewed,us,us,2025-01-28,43444,Colombia,-1
2025-02-12 17:26:49.653000+00:00,4.2294,-78.6675,10.0,4.8,mww,114.0,70.0,2.923,0.67,us,us7000pd4n,2025-05-02T16:26:16.040Z,"144 km W of Santa Genoveva de Docordó, Colombia",earthquake,6.74,1.866,0.054,33.0,reviewed,us,us,2025-02-12,43485,Colombia,1
2025-02-17 15:48:20.623000+00:00,6.7251,-73.1606,161.194,4.94,mw,79.0,82.0,0.831,0.66,us,us7000pe90,2025-05-02T16:26:20.040Z,"6 km NNE of Villanueva, Colombia",earthquake,12.71,9.985,0.038,206.0,reviewed,us,us,2025-02-17,43438,Colombia,1
2025-02-20 09:47:25.569000+00:00,9.9369,-74.3462,42.368,4.6,mw,23.0,65.0,0.822,0.76,us,us7000pex2,2025-05-06T21:39:16.040Z,"15 km NNE of Nueva Granada, Colombia",earthquake,5.68,7.03,0.236,5.0,reviewed,us,us,2025-02-20,43547,Colombia,-1
2025-03-01 09:38:49.850000+00:00,2.871,-79.4812,10.0,5.0,mww,71.0,138.0,2.729,0.91,us,us6000pw9c,2025-05-21T02:06:42.645Z,"121 km WNW of Mosquera, Colombia",earthquake,7.91,1.879,0.073,18.0,reviewed,us,us,2025-03-01,43429,Colombia,1
2025-03-25 22:08:06.816000+00:00,2.5566,-78.869,10.0,4.85,mw,36.0,136.0,2.124,0.94,us,us6000q3rc,2025-05-29T17:36:25.040Z,"46 km W of Mosquera, Colombia",earthquake,5.69,1.898,0.136,16.0,reviewed,us,us,2025-03-25,43462,Colombia,1
2025-04-09 12:41:00.584000+00:00,4.4562,-75.6179,164.813,4.6,mw,13.0,121.0,4.301,0.28,us,us6000q4wr,2025-06-14T18:26:38.040Z,"8 km SSE of Calarcá, Colombia",earthquake,11.13,10.64,0.305,3.0,reviewed,us,us,2025-04-09,43533,Colombia,1
2025-04-23 22:44:32.680000+00:00,4.5795,-77.6254,38.263,5.11,mw,146.0,62.0,3.304,0.6,us,us7000pum1,2025-07-11T15:46:19.040Z,"45 km NW of Santa Genoveva de Docordó, Colombia",earthquake,7.22,5.762,0.047,142.0,reviewed,us,us,2025-04-23,43407,Colombia,1
2025-05-04 17:52:54.402000+00:00,7.3789,-77.1646,41.437,4.85,mw,52.0,96.0,1.667,0.85,us,us7000px4d,2025-07-12T16:30:45.040Z,"8 km SW of Riosucio, Colombia",earthquake,6.83,8.024,0.086,39.0,reviewed,us,us,2025-05-04,43477,Colombia,1
2025-05-11 10:41:50.463000+00:00,7.327,-73.7849,91.758,4.94,mw,229.0,72.0,1.587,0.96,us,us7000pymq,2025-07-24T21:30:14.040Z,"12 km E of Puerto Wilches, Colombia",earthquake,5.85,7.176,0.027,415.0,reviewed,us,us,2025-05-11,43593,Colombia,1
2025-05-18 06:17:26.554000+00:00,4.0695,-75.4801,10.0,4.68,mw,35.0,100.0,1.389,1.24,us,us7000pzz7,2025-07-25T17:06:18.040Z,"7 km W of Playarrica, Colombia",earthquake,8.34,1.883,0.098,29.0,reviewed,us,us,2025-05-18,43691,Colombia,1
2025-05-23 04:56:45.663000+00:00,3.3141,-77.507,35.0,4.8,mwr,53.0,101.0,2.413,0.92,us,us7000q10j,2025-08-13T15:14:30.040Z,"62 km NNE of Timbiquí, Colombia",earthquake,5.48,1.924,0.083,14.0,reviewed,us,us,2025-05-23,43625,Colombia,1
2025-06-07 02:08:31.447000+00:00,13.1213,-81.1784,10.0,5.1,mww,80.0,51.0,0.311,0.77,us,us6000qilg,2025-08-20T16:08:57.040Z,"33 km SE of Mountain, Colombia",earthquake,4.67,1.768,0.056,31.0,reviewed,us,us,2025-06-07,43577,Colombia,-1
2025-06-08 13:08:05.797000+00:00,4.4852,-73.1248,9.0,6.3,mww,163.0,21.0,1.245,0.89,us,us6000qixr,2025-08-20T16:08:58.040Z,"15 km NE of Paratebueno, Colombia",earthquake,7.45,1.738,0.032,96.0,reviewed,us,us,2025-06-08,43565,Colombia,2
2025-06-20 19:58:33.019000+00:00,2.4911,-76.2254,35.053,4.77,mw,51.0,72.0,2.355,0.68,us,us6000qli3,2025-09-02T21:23:39.040Z,"18 km WSW of Inzá, Colombia",earthquake,7.8,6.209,0.089,37.0,reviewed,us,us,2025-06-20,43657,Colombia,1
2025-06-23 11:04:17.364000+00:00,7.484,-77.1241,45.11,4.77,mw,49.0,95.0,1.556,0.69,us,us6000qlxq,2025-09-02T21:23:41.040Z,"4 km N of Riosucio, Colombia",earthquake,6.88,8.21,0.103,27.0,reviewed,us,us,2025-06-23,43665,Colombia,1
2025-07-10 09:27:28.554000+00:00,5.2089,-73.6458,146.8,4.77,mw,37.0,155.0,0.764,0.75,us,us6000qu6u,2025-09-20T22:27:05.040Z,"5 km W of Villapinzón, Colombia",earthquake,9.12,7.733,0.112,23.0,reviewed,us,us,2025-07-10,43671,Colombia,1
2025-08-08 00:31:47.803000+00:00,2.5724,-79.7378,10.0,4.9,mww,47.0,139.0,1.552,0.92,us,us6000qyzv,2025-10-25T13:40:31.040Z,"133 km WNW of Salahonda, Colombia",earthquake,7.01,1.69,0.069,20.0,reviewed,us,us,2025-08-08,43605,Colombia,1
2025-08-11 00:16:32.147000+00:00,4.3578,-76.1928,150.107,4.7,mww,74.0,106.0,1.927,0.87,us,us6000qzq9,2025-10-25T13:40:39.040Z,"2 km NNW of Bolívar, Colombia",earthquake,8.24,6.887,0.11,8.0,reviewed,us,us,2025-08-11,43673,Colombia,1
2025-08-19 04:26:44.738000+00:00,7.2465,-73.3228,127.636,4.51,mw,19.0,84.0,2.584,0.86,us,us7000qvpt,2025-11-04T16:44:24.040Z,"18 km NW of Lebrija, Colombia",earthquake,6.31,12.337,0.184,8.0,reviewed,us,us,2025-08-19,43739,Colombia,1
2025-08-25 22:44:26.884000+00:00,5.5626,-72.1709,10.0,4.68,mw,24.0,60.0,2.257,0.35,us,us7000qxc0,2025-11-12T16:25:49.040Z,"8 km SSE of Nunchía, Colombia",earthquake,6.36,1.926,0.142,14.0,reviewed,us,us,2025-08-25,43674,Colombia,2
2025-08-27 09:31:35.740000+00:00,2.7226,-76.7369,10.0,4.77,mw,47.0,155.0,2.253,0.55,us,us7000qr9r,2025-11-19T21:59:41.040Z,"12 km WSW of Morales, Colombia",earthquake,8.29,1.956,0.093,33.0,reviewed,us,us,2025-08-27,43654,Colombia,1
2025-08-28 01:23:39.126000+00:00,5.6861,-77.8684,10.0,4.6,mw,17.0,124.0,2.38,1.3,us,us6000rcab,2025-11-19T21:59:34.040Z,"66 km W of Nuquí, Colombia",earthquake,6.56,1.789,0.136,15.0,reviewed,us,us,2025-08-28,43731,Colombia,1
2025-08-30 21:50:34.213000+00:00,6.885,-73.1159,147.324,4.85,mw,38.0,127.0,0.987,0.66,us,us7000qsn0,2025-11-19T21:59:45.040Z,"13 km SSW of Piedecuesta, Colombia",earthquake,8.4,9.579,0.09,36.0,reviewed,us,us,2025-08-30,43608,Colombia,1
2025-09-14 07:12:12.402000+00:00,6.8248,-76.1391,10.0,5.4,mww,96.0,96.0,2.672,0.76,us,us7000qw4k,2025-12-03T03:58:29.040Z,"5 km N of Frontino, Colombia",earthquake,6.52,1.797,0.046,45.0,reviewed,us,us,2025-09-14,43572,Colombia,1
2025-10-24 21:30:52.388000+00:00,11.3798,-71.8215,96.556,5.03,mw,57.0,104.0,2.742,0.49,us,us6000rjb5,2026-01-15T22:46:51.040Z,"45 km E of Maicao, Colombia",earthquake,11.01,8.154,0.037,217.0,reviewed,us,us,2025-10-24,43592,Colombia,-1
2025-11-01 19:52:42.346000+00:00,3.8376,-76.5812,136.419,4.68,mw,20.0,95.0,2.466,0.74,us,us6000rpet,2026-01-27T17:59:10.040Z,"6 km WNW of Restrepo, Colombia",earthquake,8.46,3.87,0.202,7.0,reviewed,us,us,2025-11-01,43676,Colombia,1
2025-11-20 02:38:54.040000+00:00,7.6113,-73.956,102.374,4.68,mw,37.0,88.0,2.772,0.64,us,us6000rtez,2026-02-20T16:07:37.040Z,"26 km N of Cantagallo, Colombia",earthquake,8.13,10.137,0.104,26.0,reviewed,us,us,2025-11-20,43880,Colombia,1
2025-12-01 04:05:54.383000+00:00,5.9851,-77.569,10.0,4.68,mw,21.0,126.0,3.426,1.3,us,us6000rvpv,2026-02-25T16:18:40.040Z,"32 km SW of Bahía Solano, Colombia",earthquake,8.78,1.939,0.126,18.0,reviewed,us,us,2025-12-01,43867,Colombia,1
2025-12-10 08:27:08.561000+00:00,6.7742,-73.0156,164.124,5.5,mww,107.0,32.0,2.315,0.78,us,us6000rtuk,2026-03-10T22:18:34.040Z,"5 km WNW of Cepitá, Colombia",earthquake,7.31,3.658,0.052,35.0,reviewed,us,us,2025-12-10,43758,Colombia,1
2025-12-21 14:05:26.416000+00:00,3.0699,-75.1055,10.0,4.77,mw,43.0,73.0,1.929,0.7,us,us7000rpwp,2026-03-19T13:56:10.040Z,"3 km E of Tello, Colombia",earthquake,8.56,1.931,0.101,28.0,reviewed,us,us,2025-12-21,43859,Colombia,2
2026-01-09 06:39:20.333000+00:00,6.3198,-73.5376,129.29,4.43,mw,25.0,128.0,1.66,0.69,us,us6000s502,2026-04-10T15:20:37.040Z,"7 km WNW of Contratación, Colombia",earthquake,11.98,10.393,0.119,19.0,reviewed,us,us,2026-01-09,43907,Colombia,1
2026-02-13 11:40:53.798000+00:00,4.8655,-76.4465,103.958,5.2,mw,78.0,110.0,2.118,0.77,us,us6000s8qy,2026-05-06T17:53:49.040Z,"20 km ESE of Nóvita, Colombia",earthquake,8.99,7.804,0.043,165.0,reviewed,us,us,2026-02-13,43769,Colombia,1
2026-03-01 10:12:50.370000+00:00,7.6416,-72.6871,190.29,4.9,mww,67.0,83.0,2.377,0.87,us,us7000s17z,2026-05-15T22:02:35.040Z,"5 km NW of Bochalema, Colombia",earthquake,8.57,7.266,0.071,19.0,reviewed,us,us,2026-03-01,43808,Colombia,1
2026-03-09 22:11:22.450000+00:00,4.6844,-76.0839,114.525,4.94,mw,43.0,109.0,1.764,0.53,us,us7000s39a,2026-05-22T21:58:43.040Z,"5 km SE of Argelia, Colombia",earthquake,9.07,7.991,0.048,131.0,reviewed,us,us,2026-03-09,43778,Colombia,1
2026-03-22 09:11:51.695000+00:00,7.5819,-73.2099,155.316,4.6,mw,37.0,68.0,2.935,0.65,us,us7000s9e8,2026-06-04T18:38:11.040Z,"12 km N of El Playón, Colombia",earthquake,10.77,9.609,0.101,27.0,reviewed,us,us,2026-03-22,43901,Colombia,1
2026-03-22 15:15:11.215000+00:00,5.4203,-76.285,104.871,4.6,mw,14.0,112.0,2.038,0.33,us,us7000s9eh,2026-06-04T18:38:11.040Z,"14 km E of Bagadó, Colombia",earthquake,8.68,13.076,0.175,9.0,reviewed,us,us,2026-03-22,43901,Colombia,1
2026-04-12 11:50:18.304000+00:00,5.9384,-78.6809,10.0,4.8,mww,65.0,116.0,3.406,0.9,us,us6000sph9,2026-06-24T16:34:33.040Z,"144 km WSW of Bahía Solano, Colombia",earthquake,7.56,1.884,0.073,18.0,reviewed,us,us,2026-04-12,43843,Colombia,-1
2026-04-12 21:00:36.254000+00:00,6.1979,-72.4159,10.0,4.94,mw,48.0,76.0,2.324,0.47,us,us6000spjl,2026-06-24T16:34:33.040Z,"6 km E of Chita, Colombia",earthquake,6.4,1.833,0.06,82.0,reviewed,us,us,2026-04-12,43789,Colombia,1
2026-04-18 14:05:01.402000+00:00,7.1007,-75.3286,66.025,4.68,mw,46.0,93.0,2.455,0.62,us,us7000sghg,2026-07-03T01:39:05.040Z,"13 km NNW of Campamento, Colombia",earthquake,8.95,9.174,0.09,35.0,reviewed,us,us,2026-04-18,43880,Colombia,1
2026-05-02 13:37:23.591000+00:00,5.2447,-76.2871,104.42,4.85,mw,50.0,104.0,1.998,0.83,us,us6000swxr,2026-05-26T16:00:46.040Z,"23 km SE of Bagadó, Colombia",earthquake,4.34,8.614,0.082,46.0,reviewed,us,us,2026-05-02,43967,Colombia,1
2026-05-14 12:48:21.593000+00:00,4.1341,-76.6659,112.725,5.3,mww,122.0,66.0,2.442,0.94,us,us6000sxn9,2026-06-20T14:00:47.040Z,"30 km NW of Darien, Colombia",earthquake,7.2,4.73,0.058,29.0,reviewed,us,us,2026-05-14,43921,Colombia,1
2026-06-17 10:51:00.495000+00:00,6.7412,-72.9674,167.229,5.03,mw,204.0,46.0,3.143,0.57,us,us7000stm0,2026-07-09T06:51:26.544Z,"1 km SSE of Cepitá, Colombia",earthquake,9.31,7.444,0.027,427.0,reviewed,us,us,2026-06-17,43933,Colombia,1
