time,latitude,longitude,depth,mag,magType,nst,gap,dmin,rms,net,id,updated,place,type,horizontalError,depthError,magError,magNst,status,locationSource,magSource,Date,Day_Number,country,cluster
1911-10-06 10:16:11.100000+00:00,17.33,-70.736,35.0,6.69,mw,,,,,iscgem,iscgem16958165,2022-04-25T20:33:28.218Z,"82 km SE of Enriquillo, Dominican Republic",earthquake,,25.0,0.46,,reviewed,iscgem,iscgem,1911-10-06,0,Dominican Republic,-1
1914-02-28 05:02:44.230000+00:00,19.081,-69.306,15.0,6.02,mw,,,,,iscgem,iscgem913970,2022-04-25T21:14:48.131Z,"9 km ENE of Sabana de la Mar, Dominican Republic",earthquake,,15.3,0.22,,reviewed,iscgem,iscgem,1914-02-28,876,Dominican Republic,1
1916-04-24 04:26:44.510000+00:00,18.192,-68.448,100.0,6.79,mw,,,,,iscgem,iscgem913793,2026-05-19T01:05:56.461Z,"26 km SE of Boca de Yuma, Dominican Republic",earthquake,,27.9,0.3,,reviewed,iscgem,iscgem,1916-04-24,1662,Dominican Republic,1
1916-11-30 03:18:05.040000+00:00,19.596,-69.051,15.0,6.37,mw,,,,,iscgem,iscgem913871,2022-04-26T00:03:24.105Z,"52 km NE of Samaná, Dominican Republic",earthquake,,19.1,0.28,,reviewed,iscgem,iscgem,1916-11-30,1882,Dominican Republic,1
1917-07-27 01:01:23.670000+00:00,19.13,-67.715,15.0,6.83,mw,,,,,iscgem,iscgem913579,2026-06-24T00:04:10.096Z,"94 km NE of Punta Cana, Dominican Republic",earthquake,,3.9,0.3,,reviewed,iscgem,iscgem,1917-07-27,2121,Dominican Republic,1
1922-12-18 12:35:01.760000+00:00,18.5,-67.859,15.0,6.27,mw,,,,,iscgem,iscgem912117,2022-04-25T23:42:39.660Z,"58 km E of Punta Cana, Dominican Republic",earthquake,,22.8,0.2,,reviewed,iscgem,iscgem,1922-12-18,4091,Dominican Republic,1
1945-01-22 07:47:52.590000+00:00,19.902,-69.785,15.0,6.0,mw,,,,,iscgem,iscgem898771,2022-04-26T18:59:01.935Z,"31 km NNE of Cabrera, Dominican Republic",earthquake,,25.0,0.67,,reviewed,iscgem,iscgem,1945-01-22,12162,Dominican Republic,1
1946-08-04 17:51:10.320000+00:00,19.124,-69.103,15.0,7.76,mw,,,,,iscgem,iscgem898498,2022-04-26T18:57:04.691Z,"16 km NNW of Miches, Dominican Republic",earthquake,,3.7,0.5,,reviewed,iscgem,iscgem,1946-08-04,12721,Dominican Republic,1
1946-08-04 20:53:34.040000+00:00,19.365,-70.226,15.0,6.31,mw,,,,,iscgem,iscgem898500,2022-04-26T18:57:06.045Z,"7 km NNE of San Francisco de Macorís, Dominican Republic",earthquake,,11.6,0.2,,reviewed,iscgem,iscgem,1946-08-04,12721,Dominican Republic,1
1946-10-04 14:45:27.060000+00:00,18.916,-68.597,15.0,6.25,mw,,,,,iscgem,iscgem898620,2022-04-26T18:57:54.930Z,"30 km NNE of Otra Banda, Dominican Republic",earthquake,,25.0,0.35,,reviewed,iscgem,iscgem,1946-10-04,12782,Dominican Republic,1
1948-04-21 20:22:07.940000+00:00,19.26,-69.716,15.0,7.13,mw,,,,,iscgem,iscgem897286,2022-04-26T18:41:20.455Z,"11 km WNW of Sánchez, Dominican Republic",earthquake,,3.7,0.32,,reviewed,iscgem,iscgem,1948-04-21,13347,Dominican Republic,1
1950-08-13 16:43:23.620000+00:00,19.632,-70.071,15.0,5.82,mw,,,,,iscgem,iscgem895676,2022-04-26T18:26:58.729Z,"1 km SSE of Río San Juan, Dominican Republic",earthquake,,11.6,0.2,,reviewed,iscgem,iscgem,1950-08-13,14191,Dominican Republic,1
1953-05-31 19:58:39.860000+00:00,19.451,-70.401,16.7,6.58,mw,,,,,iscgem,iscgem891713,2022-04-26T17:51:16.633Z,"5 km NNW of Salsipuedes, Dominican Republic",earthquake,,3.7,0.3,,reviewed,iscgem,iscgem,1953-05-31,15213,Dominican Republic,1
1959-07-21 09:17:55.060000+00:00,19.091,-68.1,25.0,5.58,mw,,,,,iscgem,iscgem882479,2022-04-26T16:45:46.467Z,"64 km NNE of Punta Cana, Dominican Republic",earthquake,,14.4,0.2,,reviewed,iscgem,iscgem,1959-07-21,17455,Dominican Republic,1
1960-09-14 01:53:24.980000+00:00,19.659,-70.334,15.0,5.76,mw,,,,,iscgem,iscgem880325,2022-04-26T16:35:48.712Z,"6 km WNW of Gaspar Hernández, Dominican Republic",earthquake,,8.0,0.2,,reviewed,iscgem,iscgem,1960-09-14,17876,Dominican Republic,1
1962-01-08 01:00:26.100000+00:00,18.272,-70.428,35.6,6.47,mw,,,,,iscgem,iscgem874001,2022-04-26T16:07:40.929Z,"3 km NNW of Matanzas, Dominican Republic",earthquake,,5.0,0.2,,reviewed,iscgem,iscgem,1962-01-08,18357,Dominican Republic,1
1964-01-18 22:36:18.960000+00:00,18.58,-69.468,101.0,5.53,mw,,,,,iscgem,iscgem871357,2022-04-27T00:17:08.539Z,"5 km SSE of Los Llanos, Dominican Republic",earthquake,,5.3,0.25,,reviewed,iscgem,iscgem,1964-01-18,19097,Dominican Republic,1
1964-08-03 01:48:26.330000+00:00,19.736,-70.769,15.4,5.79,mw,,,,,iscgem,iscgem864845,2025-12-19T18:12:53.601Z,"6 km ESE of Imbert, Dominican Republic",earthquake,,8.0,0.2,,reviewed,iscgem,iscgem,1964-08-03,19295,Dominican Republic,1
1965-06-03 10:57:10.280000+00:00,18.355,-70.289,30.5,5.48,mw,,,,,iscgem,iscgem855825,2025-12-19T18:18:12.283Z,"9 km NW of Pizarrete, Dominican Republic",earthquake,,4.6,0.2,,reviewed,iscgem,iscgem,1965-06-03,19599,Dominican Republic,1
1966-11-03 16:24:32.960000+00:00,19.125,-67.897,24.1,6.08,mw,,,,,iscgem,iscgem841257,2025-12-19T18:21:41.342Z,"80 km NE of Punta Cana, Dominican Republic",earthquake,,4.7,0.23,,reviewed,iscgem,iscgem,1966-11-03,20117,Dominican Republic,1
1967-05-06 14:00:41.220000+00:00,19.198,-70.064,26.0,5.5,mw,,,,,iscgem,iscgem835297,2025-12-19T18:22:38.862Z,"4 km WSW of Castillo, Dominican Republic",earthquake,,4.0,0.2,,reviewed,iscgem,iscgem,1967-05-06,20301,Dominican Republic,1
1968-05-02 05:29:39.680000+00:00,18.682,-69.641,82.3,5.93,mw,,,,,iscgemsup,iscgemsup821497,2022-05-09T19:20:44.611Z,Dominican Republic region,earthquake,,4.8,0.71,,reviewed,iscgemsup,iscgemsup,1968-05-02,20663,Dominican Republic region,1
1971-06-11 12:56:01.920000+00:00,17.986,-69.81,17.2,6.52,mw,,,,,iscgem,iscgem783356,2025-12-19T19:55:09.882Z,"47 km SE of Sabana Grande de Palenque, Dominican Republic",earthquake,,3.7,0.2,,reviewed,iscgem,iscgem,1971-06-11,21798,Dominican Republic,1
1971-06-26 15:47:32.120000+00:00,19.099,-68.075,15.0,5.51,mw,,,,,iscgem,iscgem783830,2022-04-26T21:14:25.446Z,"66 km NNE of Punta Cana, Dominican Republic",earthquake,,14.4,0.2,,reviewed,iscgem,iscgem,1971-06-26,21813,Dominican Republic,1
1972-09-19 01:36:50.880000+00:00,19.482,-70.229,10.0,6.16,mw,,,,,iscgem,iscgem769608,2025-12-19T19:44:27.417Z,"10 km SSE of Joba Arriba, Dominican Republic",earthquake,,3.5,0.2,,reviewed,iscgem,iscgem,1972-09-19,22264,Dominican Republic,1
1973-06-02 20:07:30.500000+00:00,19.581,-70.61,40.0,6.25,mw,,,,,us,usp000020a,2025-12-19T19:38:28.418Z,"4 km ESE of Pedro García, Dominican Republic",earthquake,,,,,reviewed,us,us,1973-06-02,22520,Dominican Republic,1
1973-07-02 18:22:10.400000+00:00,17.197,-71.677,25.0,5.11,mw,,,,,us,usp00002gu,2014-11-06T23:21:14.064Z,"73 km SSW of Oviedo, Dominican Republic",earthquake,,,,,reviewed,us,us,1973-07-02,22673,Dominican Republic,-1
1973-11-02 15:14:47.100000+00:00,19.508,-69.62,30.0,5.2,mw,,,,,us,usp0000411,2014-11-06T23:21:21.119Z,"23 km NNW of Las Terrenas, Dominican Republic",earthquake,,,,,reviewed,us,us,1973-11-02,22550,Dominican Republic,1
1974-01-18 16:52:43.100000+00:00,18.791,-69.37,82.0,5.54,mw,,,,,us,usp00004yq,2014-11-06T23:21:22.445Z,"10 km E of El Puerto, Dominican Republic",earthquake,,,,,reviewed,us,us,1974-01-18,22750,Dominican Republic,1
1974-01-21 14:11:06.500000+00:00,18.97,-67.994,31.0,4.77,mw,,,,,us,usp00004zn,2014-11-06T23:21:22.480Z,"60 km NE of Punta Cana, Dominican Republic",earthquake,,,,,reviewed,us,us,1974-01-21,22809,Dominican Republic,1
1974-02-14 07:49:40.300000+00:00,19.737,-69.953,7.0,5.37,mw,,,,,us,usp00005a0,2014-11-06T23:21:22.833Z,"11 km NNW of Cabrera, Dominican Republic",earthquake,,,,,reviewed,us,us,1974-02-14,22753,Dominican Republic,1
1974-03-18 07:57:58.600000+00:00,18.374,-68.486,137.0,4.43,mw,,,,,us,usp00005nn,2014-11-06T23:21:23.372Z,"13 km E of Boca de Yuma, Dominican Republic",earthquake,,,,,reviewed,us,us,1974-03-18,22844,Dominican Republic,1
1974-04-22 06:07:24.400000+00:00,18.82,-70.375,112.0,4.85,mw,,,,,us,usp0000625,2014-11-06T23:21:23.899Z,"6 km WSW of Piedra Blanca, Dominican Republic",earthquake,,,,,reviewed,us,us,1974-04-22,22777,Dominican Republic,1
1974-05-09 09:33:21.400000+00:00,18.225,-68.36,29.0,5.2,mw,,,,,us,usp0000697,2014-11-06T23:21:24.132Z,"31 km ESE of Boca de Yuma, Dominican Republic",earthquake,,,,,reviewed,us,us,1974-05-09,22967,Dominican Republic,1
1974-08-23 23:55:36.800000+00:00,19.055,-68.04,33.0,5.28,mw,,,,,us,usp00007re,2014-11-06T23:21:25.936Z,"64 km NE of Punta Cana, Dominican Republic",earthquake,,,,,reviewed,us,us,1974-08-23,22861,Dominican Republic,1
1975-03-15 16:39:26.900000+00:00,18.991,-69.355,64.0,4.94,mw,,,,,us,usp0000a8e,2014-11-06T23:21:29.371Z,"2 km NE of El Valle, Dominican Republic",earthquake,,,,,reviewed,us,us,1975-03-15,23174,Dominican Republic,1
1975-03-18 04:19:39.700000+00:00,19.207,-69.855,39.0,5.92,mw,,,,,us,usp0000a9s,2014-11-06T23:21:29.414Z,"2 km NNE of Arenoso, Dominican Republic",earthquake,,,,,reviewed,us,us,1975-03-18,23171,Dominican Republic,1
1975-04-10 11:16:05.300000+00:00,18.466,-70.405,33.0,4.85,mw,,,,,us,usp0000ajj,2014-11-06T23:21:29.707Z,"13 km WSW of El Cacao, Dominican Republic",earthquake,,,,,reviewed,us,us,1975-04-10,23197,Dominican Republic,1
1975-08-13 05:07:17.600000+00:00,19.633,-70.526,33.0,5.03,mw,,,,,us,usp0000cez,2014-11-06T23:21:31.658Z,"8 km W of Jamao al Norte, Dominican Republic",earthquake,,,,,reviewed,us,us,1975-08-13,23322,Dominican Republic,1
1975-09-14 03:42:09+00:00,18.604,-69.062,95.0,5.03,mw,,,,,us,usp0000ct2,2014-11-06T23:21:31.928Z,"8 km WNW of Guaymate, Dominican Republic",earthquake,,,,,reviewed,us,us,1975-09-14,23354,Dominican Republic,1
1975-09-22 05:42:59.300000+00:00,20.34,-70.669,34.0,4.68,mw,,,,,us,usp0000cwp,2014-11-06T23:21:32.095Z,"58 km NNE of Luperón, Dominican Republic",earthquake,,,,,reviewed,us,us,1975-09-22,23362,Dominican Republic,1
1976-06-13 19:06:27.400000+00:00,19.044,-67.916,51.0,5.62,mw,,,,,us,usp0000gv9,2022-04-27T17:01:35.621Z,"72 km NE of Punta Cana, Dominican Republic",earthquake,,,,,reviewed,us,us,1976-06-13,23627,Dominican Republic,1
1976-06-15 00:33:49.300000+00:00,18.863,-69.068,111.0,5.03,mw,,,,,us,usp0000gvz,2014-11-06T23:21:35.660Z,"4 km E of Pedro Sánchez, Dominican Republic",earthquake,,,,,reviewed,us,us,1976-06-15,23646,Dominican Republic,1
1976-07-02 12:38:12.900000+00:00,19.808,-70.937,57.0,5.28,mw,,,,,us,usp0000h5j,2025-12-19T20:18:41.166Z,"9 km N of Guananico, Dominican Republic",earthquake,,,,,reviewed,us,us,1976-07-02,23629,Dominican Republic,1
1977-02-05 15:42:44.300000+00:00,19.622,-70.181,33.0,5.28,mw,,,,,us,usp0000mfr,2025-12-19T20:14:07.881Z,"10 km E of Gaspar Hernández, Dominican Republic",earthquake,,,,,reviewed,us,us,1977-02-05,23864,Dominican Republic,1
1977-04-05 02:27:00.200000+00:00,18.855,-67.88,33.0,5.11,mw,,,,,us,usp0000n8z,2014-11-06T23:21:40.706Z,"63 km ENE of Punta Cana, Dominican Republic",earthquake,,,,,reviewed,us,us,1977-04-05,23923,Dominican Republic,1
1977-05-31 10:47:29+00:00,19.374,-69.501,53.0,5.2,mw,,,,,us,usp0000p3r,2014-11-06T23:21:42.183Z,"8 km NNE of Las Terrenas, Dominican Republic",earthquake,,,,,reviewed,us,us,1977-05-31,23979,Dominican Republic,1
1977-09-03 15:33:43.400000+00:00,18.349,-71.153,50.0,4.85,mw,,,,,us,usp0000qfp,2014-11-06T23:21:43.900Z,"0 km SE of Canoa, Dominican Republic",earthquake,,,,,reviewed,us,us,1977-09-03,24118,Dominican Republic,2
1977-09-08 08:03:54.100000+00:00,18.439,-68.889,128.0,5.2,mw,,,,,us,usp0000qjd,2014-11-06T23:21:44.010Z,"8 km E of La Romana, Dominican Republic",earthquake,,,,,reviewed,us,us,1977-09-08,24074,Dominican Republic,1
1977-10-17 06:30:52.100000+00:00,18.363,-70.257,58.0,5.03,mw,,,,,us,usp0000r2u,2014-11-06T23:21:44.680Z,Dominican Republic region,earthquake,,,,,reviewed,us,us,1977-10-17,24079,Dominican Republic region,1
1977-12-03 12:35:38.200000+00:00,19.134,-69.599,81.0,5.28,mw,,,,,us,usp0000rx3,2014-11-06T23:21:45.770Z,"10 km S of Sánchez, Dominican Republic",earthquake,,,,,reviewed,us,us,1977-12-03,24165,Dominican Republic,1
1978-02-17 01:34:18.300000+00:00,18.152,-68.152,98.0,5.28,mw,,,,,us,usp0000t0b,2014-11-06T23:21:47.094Z,"54 km ESE of Boca de Yuma, Dominican Republic",earthquake,,,,,reviewed,us,us,1978-02-17,24241,Dominican Republic,1
1978-06-05 22:11:19.500000+00:00,19.837,-70.622,33.0,4.94,mw,,,,,us,usp0000uxc,2014-11-06T23:21:49.543Z,"8 km NE of Puerto Plata, Dominican Republic",earthquake,,,,,reviewed,us,us,1978-06-05,24395,Dominican Republic,1
1978-07-21 03:58:26.100000+00:00,19.613,-70.121,33.0,5.03,mw,,,,,us,usp0000vnt,2014-11-06T23:21:50.442Z,"5 km SW of Río San Juan, Dominican Republic",earthquake,,,,,reviewed,us,us,1978-07-21,24349,Dominican Republic,1
1978-11-06 08:18:29.500000+00:00,17.985,-68.387,95.0,5.03,mw,,,,,us,usp0000xa4,2014-11-06T23:21:53.523Z,"49 km SSE of Boca de Yuma, Dominican Republic",earthquake,,,,,reviewed,us,us,1978-11-06,24640,Dominican Republic,1
1979-03-23 19:32:31.100000+00:00,17.987,-69.044,80.0,6.49,mw,,,,,us,usp0000zmq,2025-12-19T22:07:55.699Z,"49 km S of La Romana, Dominican Republic",earthquake,,,,,reviewed,us,us,1979-03-23,24503,Dominican Republic,1
1979-05-14 02:57:11.400000+00:00,18.721,-70.507,87.0,4.6,mw,,,,,us,usp00010mu,2014-11-06T23:22:01.179Z,"18 km WSW of Juan Adrián, Dominican Republic",earthquake,,,,,reviewed,us,us,1979-05-14,24834,Dominican Republic,1
1979-07-31 00:16:55.500000+00:00,18.451,-68.521,138.0,5.11,mw,,,,,us,usp000125m,2014-11-06T23:22:04.344Z,"12 km NE of Boca de Yuma, Dominican Republic",earthquake,,,,,reviewed,us,us,1979-07-31,24770,Dominican Republic,1
1979-10-03 00:31:56.800000+00:00,18.98,-67.85,42.0,5.28,mw,,,,,us,usp000137s,2014-11-06T23:22:05.925Z,"73 km NE of Punta Cana, Dominican Republic",earthquake,,,,,reviewed,us,us,1979-10-03,24692,Dominican Republic,1
1979-11-05 01:51:12.900000+00:00,17.828,-68.617,104.0,6.19,mw,,,,,us,usp00013uz,2022-04-27T14:47:19.625Z,"60 km S of Boca de Yuma, Dominican Republic",earthquake,,,,,reviewed,us,us,1979-11-05,24867,Dominican Republic,1
1979-11-17 14:17:29.400000+00:00,18.686,-69.573,99.0,5.37,mw,,,,,us,usp0001427,2025-12-19T22:02:23.695Z,"9 km SE of Bayaguana, Dominican Republic",earthquake,,,,,reviewed,us,us,1979-11-17,24879,Dominican Republic,1
1980-02-14 01:09:45.200000+00:00,18.471,-68.777,128.0,5.03,mw,,,,,us,usp00015eb,2014-11-06T23:24:17.756Z,"11 km WNW of San Rafael del Yuma, Dominican Republic",earthquake,,,,,reviewed,us,us,1980-02-14,24968,Dominican Republic,1
1980-07-20 05:01:10.300000+00:00,17.729,-68.97,28.0,5.28,mw,,,,,us,usp00018zm,2014-11-06T23:24:24.431Z,"77 km S of La Romana, Dominican Republic",earthquake,,,,,reviewed,us,us,1980-07-20,25125,Dominican Republic,1
1980-09-27 06:25:36.700000+00:00,18.476,-68.934,159.0,5.2,mw,,,,,us,usp0001a06,2025-12-19T21:56:12.789Z,"6 km NE of La Romana, Dominican Republic",earthquake,,,,,reviewed,us,us,1980-09-27,25194,Dominican Republic,1
1980-11-12 05:50:20.400000+00:00,19.441,-69.607,33.0,6.19,mw,,,,,us,usp0001asa,2020-08-26T21:18:45.688Z,"15 km NNW of Las Terrenas, Dominican Republic",earthquake,,,,,reviewed,us,us,1980-11-12,25240,Dominican Republic,1
1981-01-09 08:00:03.600000+00:00,18.282,-67.994,84.0,4.85,mw,,,,,us,usp0001bnj,2014-11-06T23:24:28.597Z,"54 km SE of Punta Cana, Dominican Republic",earthquake,,,,,reviewed,us,us,1981-01-09,25335,Dominican Republic,1
1981-02-15 14:36:32.230000+00:00,18.515,-68.97,111.8,5.37,mw,,,,0.8,us,usp0001c6v,2025-12-19T21:53:17.112Z,"8 km S of Guaymate, Dominican Republic",earthquake,,3.6,,39.0,reviewed,us,us,1981-02-15,25298,Dominican Republic,1
1981-05-21 08:19:10.070000+00:00,17.734,-70.69,33.0,5.11,mw,,,,0.7,us,usp0001dst,2014-11-07T00:29:30.132Z,"57 km SE of La Ciénaga, Dominican Republic",earthquake,,,,16.0,reviewed,us,us,1981-05-21,25546,Dominican Republic,1
1981-09-14 12:44:29.800000+00:00,18.32,-68.891,170.0,6.19,mw,,,,0.9,us,usp0001fvu,2022-04-28T00:53:57.740Z,"14 km SE of La Romana, Dominican Republic",earthquake,,,,69.0,reviewed,us,us,1981-09-14,25430,Dominican Republic,1
1982-06-02 04:06:09.590000+00:00,18.489,-69.021,139.3,4.77,mw,,,,0.8,us,usp0001mna,2014-11-07T00:31:23.526Z,"8 km NW of La Romana, Dominican Republic",earthquake,,6.7,,11.0,reviewed,us,us,1982-06-02,25807,Dominican Republic,1
1983-05-12 12:42:53.480000+00:00,17.535,-72.183,33.0,5.03,mw,,,,1.2,us,usp0001v9a,2014-11-07T00:33:10.155Z,"72 km SW of Pedernales, Dominican Republic",earthquake,,,,13.0,reviewed,us,us,1983-05-12,26159,Dominican Republic,-1
1983-05-20 17:40:14.450000+00:00,18.034,-69.42,39.7,5.45,mw,,,,0.8,us,usp0001vh3,2025-12-19T21:30:46.929Z,"47 km SSW of San Pedro de Macorís, Dominican Republic",earthquake,,2.4,,58.0,reviewed,us,us,1983-05-20,26151,Dominican Republic,1
1983-09-20 08:50:58.310000+00:00,18.185,-68.474,101.3,5.76,mw,,,,0.9,us,usp0001ygk,2025-12-19T21:28:07.073Z,"25 km SSE of Boca de Yuma, Dominican Republic",earthquake,,,,65.0,reviewed,us,us,1983-09-20,26282,Dominican Republic,1
1983-09-20 09:59:12.770000+00:00,19.348,-69.233,81.9,5.28,mw,,,,0.8,us,usp0001ygn,2014-11-07T00:33:50.143Z,"19 km NE of Samaná, Dominican Republic",earthquake,,5.1,,12.0,reviewed,us,us,1983-09-20,26361,Dominican Republic,1
1983-12-08 14:46:57.010000+00:00,18.237,-69.005,42.7,5.37,mw,,,,0.8,us,usp00020c0,2014-11-07T00:34:14.617Z,"21 km S of La Romana, Dominican Republic",earthquake,,4.4,,26.0,reviewed,us,us,1983-12-08,26282,Dominican Republic,1
1984-05-25 05:35:41.390000+00:00,17.515,-68.116,33.0,4.68,mw,,,,1.0,us,usp00024m3,2014-11-07T00:34:56.125Z,"108 km SSE of Boca de Yuma, Dominican Republic",earthquake,,,,2.0,reviewed,us,us,1984-05-25,26629,Dominican Republic,1
1984-06-24 11:17:11.920000+00:00,17.984,-69.338,23.9,6.9,mw,,,,1.0,us,usp000257x,2022-04-27T23:21:25.770Z,"52 km S of San Pedro de Macorís, Dominican Republic",earthquake,,2.1,,,reviewed,us,nc,1984-06-24,26530,Dominican Republic,1
1984-07-12 10:11:40.930000+00:00,19.121,-69.42,124.5,4.94,mw,,,,0.7,us,usp00025py,2014-11-07T00:35:11.295Z,"7 km NNW of Sabana de la Mar, Dominican Republic",earthquake,,20.2,,3.0,reviewed,us,us,1984-07-12,26560,Dominican Republic,1
1984-09-01 10:33:34.140000+00:00,19.127,-70.711,33.0,4.77,mw,,,,1.6,us,usp00026xe,2014-11-07T00:35:22.744Z,"7 km W of Jarabacoa, Dominican Republic",earthquake,,,,4.0,reviewed,us,us,1984-09-01,26578,Dominican Republic,1
1984-09-23 15:34:51.700000+00:00,19.223,-68.769,33.0,5.37,mw,,,,0.8,us,usp00027mx,2014-11-07T00:35:28.549Z,"39 km NE of Miches, Dominican Republic",earthquake,,,,39.0,reviewed,us,us,1984-09-23,26651,Dominican Republic,1
1984-12-10 03:06:50.950000+00:00,18.219,-68.289,33.0,4.77,mw,,,,1.4,us,usp00029x6,2014-11-07T00:35:51.055Z,"38 km ESE of Boca de Yuma, Dominican Republic",earthquake,,,,1.0,reviewed,us,us,1984-12-10,26729,Dominican Republic,1
1985-04-10 05:10:56.290000+00:00,18.531,-69.124,138.5,5.11,mw,,,,0.9,us,usp0002dnh,2014-11-07T00:36:26.093Z,"6 km ESE of Ramón Santana, Dominican Republic",earthquake,,5.0,,41.0,reviewed,us,us,1985-04-10,26886,Dominican Republic,1
1985-05-16 07:23:45.230000+00:00,18.817,-69.405,96.2,4.94,mw,,,,1.2,us,usp0002ew3,2014-11-07T00:36:35.706Z,"7 km ENE of El Puerto, Dominican Republic",earthquake,,10.9,,2.0,reviewed,us,us,1985-05-16,26974,Dominican Republic,1
1985-07-05 21:00:01.500000+00:00,17.688,-70.348,33.0,5.11,mw,,,,0.8,us,usp0002gfy,2014-11-07T00:36:50.473Z,"61 km S of Matanzas, Dominican Republic",earthquake,,,,16.0,reviewed,us,us,1985-07-05,26936,Dominican Republic,1
1985-07-21 13:10:35+00:00,19.045,-67.973,35.3,5.7,mw,,,,1.0,us,usp0002gz6,2022-04-27T22:44:06.938Z,"68 km NE of Punta Cana, Dominican Republic",earthquake,,4.9,,,reviewed,us,hrv,1985-07-21,26850,Dominican Republic,1
1985-08-12 17:12:36.020000+00:00,18.014,-68.606,95.4,5.11,mw,,,,0.9,us,usp0002hnp,2014-11-07T00:37:00.541Z,"40 km S of Boca de Yuma, Dominican Republic",earthquake,,9.3,,8.0,reviewed,us,us,1985-08-12,26952,Dominican Republic,1
1985-12-14 21:04:45.910000+00:00,20.074,-70.524,33.0,4.94,mw,,,,1.2,us,usp0002nvk,2014-11-07T00:37:37.655Z,Dominican Republic region,earthquake,,,,22.0,reviewed,us,us,1985-12-14,27159,Dominican Republic region,1
1985-12-29 03:22:12.800000+00:00,18.425,-68.819,132.6,5.37,mw,,,,1.0,us,usp0002pj1,2014-11-07T00:37:41.252Z,"15 km W of San Rafael del Yuma, Dominican Republic",earthquake,,4.3,,25.0,reviewed,us,us,1985-12-29,27098,Dominican Republic,1
1986-02-13 11:17:17.980000+00:00,19.108,-67.93,30.8,5.2,mw,,,,0.7,us,usp0002qys,2014-11-07T00:37:54.976Z,"76 km NE of Punta Cana, Dominican Republic",earthquake,,4.1,,22.0,reviewed,us,us,1986-02-13,27113,Dominican Republic,1
1986-07-27 15:35:59.370000+00:00,17.708,-69.918,47.4,5.2,mw,,,,0.6,us,usp0002wkj,2014-11-07T00:38:44.275Z,"66 km SSE of Sabana Grande de Palenque, Dominican Republic",earthquake,,5.8,,42.0,reviewed,us,us,1986-07-27,27323,Dominican Republic,-1
1986-09-28 04:12:56.660000+00:00,19.06,-69.526,36.4,5.2,mw,,,,0.9,us,usp0002yfd,2014-11-07T00:39:03.664Z,"14 km W of Sabana de la Mar, Dominican Republic",earthquake,,7.1,,40.0,reviewed,us,us,1986-09-28,27386,Dominican Republic,1
1987-02-28 02:09:02.720000+00:00,18.104,-68.858,103.1,5.03,mw,,,,0.9,us,usp00032v2,2014-11-07T00:39:54.467Z,"37 km SSE of La Romana, Dominican Republic",earthquake,,,,11.0,reviewed,us,us,1987-02-28,27539,Dominican Republic,1
1987-03-31 13:00:36.550000+00:00,19.405,-67.808,33.0,4.94,mw,,,,1.2,us,usp00033t3,2014-11-07T00:40:08.008Z,"110 km NE of Punta Cana, Dominican Republic",earthquake,,,,1.0,reviewed,us,us,1987-03-31,27709,Dominican Republic,1
1987-07-18 05:07:26.900000+00:00,19.056,-68.037,33.0,5.03,mw,,,,1.2,us,usp00036r5,2014-11-07T00:40:41.346Z,"65 km NE of Punta Cana, Dominican Republic",earthquake,,,,8.0,reviewed,us,us,1987-07-18,27570,Dominican Republic,1
1987-08-17 05:51:48.590000+00:00,20.102,-69.925,33.0,5.03,mw,,,,1.5,us,usp00037kq,2014-11-07T00:40:49.024Z,"50 km N of Cabrera, Dominican Republic",earthquake,,,,7.0,reviewed,us,us,1987-08-17,27679,Dominican Republic,1
1987-08-28 04:46:00.420000+00:00,20.136,-70.033,12.3,5.85,mw,,,,1.1,us,usp00037w8,2014-11-07T00:40:50.065Z,"54 km N of Río San Juan, Dominican Republic",earthquake,,6.7,,2.0,reviewed,us,us,1987-08-28,27726,Dominican Republic,1
1987-09-03 00:04:53.450000+00:00,19.745,-71.46,34.0,6.05,mw,,,,1.0,us,usp000381b,2022-04-27T21:34:16.524Z,"1 km WNW of Villa Vásquez, Dominican Republic",earthquake,,6.1,,5.0,reviewed,us,us,1987-09-03,27720,Dominican Republic,1
1987-11-03 10:12:51.730000+00:00,18.409,-70.323,37.9,5.2,mw,,,,1.0,us,usp00039v0,2014-11-07T00:41:11.040Z,"13 km SSW of El Cacao, Dominican Republic",earthquake,,7.4,,27.0,reviewed,us,us,1987-11-03,27787,Dominican Republic,1
1988-04-01 19:45:38.440000+00:00,18.861,-70.768,33.0,4.94,mw,,,,1.4,us,usp0003ejc,2014-11-07T00:41:53.627Z,"5 km SSW of Constanza, Dominican Republic",earthquake,,,,15.0,reviewed,us,us,1988-04-01,27937,Dominican Republic,1
1988-09-05 06:13:17.400000+00:00,18.423,-70.377,27.7,5.6,mw,,,,1.0,us,usp0003kph,2022-04-28T20:34:37.621Z,"14 km SW of El Cacao, Dominican Republic",earthquake,,,,,reviewed,us,hrv,1988-09-05,28094,Dominican Republic,1
1988-12-16 02:19:48.650000+00:00,18.526,-68.814,121.4,5.2,mw,,,,0.8,us,usp0003pw6,2014-11-07T00:43:17.449Z,"14 km SW of Salvaleón de Higüey, Dominican Republic",earthquake,,,,10.0,reviewed,us,us,1988-12-16,28196,Dominican Republic,1
1989-01-12 05:59:03.690000+00:00,19.334,-68.439,33.0,5.11,mw,,,,1.0,us,usp0003qt5,2014-11-07T00:43:25.731Z,"74 km ENE of Miches, Dominican Republic",earthquake,,,,12.0,reviewed,us,us,1989-01-12,28223,Dominican Republic,1
1989-01-23 17:24:25.260000+00:00,18.061,-68.374,100.6,4.85,mw,,,,0.9,us,usp0003r5f,2014-11-07T00:43:28.697Z,"43 km SE of Boca de Yuma, Dominican Republic",earthquake,,10.1,,5.0,reviewed,us,us,1989-01-23,28234,Dominican Republic,1
1989-03-02 07:13:46.150000+00:00,18.383,-68.659,134.1,5.5,mw,,,,1.0,us,usp0003sgk,2025-12-19T21:06:41.898Z,"5 km W of Boca de Yuma, Dominican Republic",earthquake,,2.7,,,reviewed,us,hrv,1989-03-02,28315,Dominican Republic,1
1989-04-14 10:03:27.770000+00:00,19.116,-69.598,93.5,5.11,mw,,,,1.0,us,usp0003tyh,2014-11-07T00:43:59.927Z,"12 km S of Sánchez, Dominican Republic",earthquake,,7.6,,14.0,reviewed,us,us,1989-04-14,28393,Dominican Republic,1
1989-06-18 14:06:28.830000+00:00,17.761,-68.811,62.3,5.7,mw,,,,0.9,us,usp0003wd7,2025-12-19T21:05:18.326Z,"71 km SSW of Boca de Yuma, Dominican Republic",earthquake,,,,,reviewed,us,nc,1989-06-18,28272,Dominican Republic,1
1989-07-01 11:45:39.510000+00:00,19.113,-68.111,23.6,5.28,mw,,,,0.8,us,usp0003wuq,2014-11-07T00:44:27.124Z,"66 km NNE of Punta Cana, Dominican Republic",earthquake,,3.7,,37.0,reviewed,us,us,1989-07-01,28380,Dominican Republic,1
1989-08-15 04:32:45.760000+00:00,20.006,-70.951,33.0,4.6,mw,,,,1.0,us,usp0003yg6,2014-11-07T00:44:42.860Z,"12 km N of Luperón, Dominican Republic",earthquake,,,,2.0,reviewed,us,us,1989-08-15,28438,Dominican Republic,1
1989-11-01 10:25:52.250000+00:00,18.986,-68.833,26.0,5.45,mw,,,,0.9,us,usp00041jq,2014-11-07T00:45:08.358Z,"22 km E of Miches, Dominican Republic",earthquake,,4.3,,45.0,reviewed,us,us,1989-11-01,28516,Dominican Republic,1
1989-11-14 01:13:19.910000+00:00,18.256,-68.082,168.5,4.85,mw,,,,0.7,us,usp000420k,2014-11-07T00:45:12.223Z,"49 km SE of Punta Cana, Dominican Republic",earthquake,,9.0,,4.0,reviewed,us,us,1989-11-14,28529,Dominican Republic,1
1990-03-13 08:15:10.900000+00:00,19.793,-71.316,33.0,4.68,mw,,,,1.2,us,usp00046hu,2014-11-07T00:45:55.427Z,"12 km NNW of Villa Elisa, Dominican Republic",earthquake,,,,3.0,reviewed,us,us,1990-03-13,28765,Dominican Republic,1
1990-07-08 19:45:40.710000+00:00,18.394,-68.76,125.5,5.11,mw,,,,0.8,us,usp0004bjh,2014-11-07T00:46:39.650Z,"9 km WSW of San Rafael del Yuma, Dominican Republic",earthquake,,12.3,,1.0,reviewed,us,us,1990-07-08,28648,Dominican Republic,1
1990-09-15 13:09:07.180000+00:00,19.214,-69.361,76.9,5.03,mw,,,,1.4,us,usp0004eru,2014-11-07T00:47:07.119Z,"2 km WNW of Samaná, Dominican Republic",earthquake,,,,4.0,reviewed,us,us,1990-09-15,28860,Dominican Republic,1
1990-09-17 13:04:52.670000+00:00,18.293,-68.154,148.2,5.2,mw,,,,1.0,us,usp0004eu4,2014-11-07T00:47:07.385Z,"41 km SE of Punta Cana, Dominican Republic",earthquake,,,,46.0,reviewed,us,us,1990-09-17,28836,Dominican Republic,1
1990-10-11 15:14:45.050000+00:00,18.726,-69.376,100.8,5.3,mw,,,,0.8,us,usp0004fmw,2025-12-19T20:59:58.752Z,"11 km ESE of El Puerto, Dominican Republic",earthquake,,,,,reviewed,us,hrv,1990-10-11,28834,Dominican Republic,1
1990-12-26 08:12:28.110000+00:00,18.927,-68.162,33.0,4.85,mw,,,,1.3,us,usp0004jth,2014-11-07T00:47:39.480Z,"45 km NE of Punta Cana, Dominican Republic",earthquake,,,,6.0,reviewed,us,us,1990-12-26,28936,Dominican Republic,1
1991-03-26 12:34:58.040000+00:00,19.722,-70.314,33.0,5.8,mw,,,,1.1,us,usp0004pjs,2022-04-28T19:21:54.313Z,"10 km ESE of Cabarete, Dominican Republic",earthquake,,,,,reviewed,us,hrv,1991-03-26,29026,Dominican Republic,1
1991-05-31 18:26:19+00:00,18.63,-69.394,114.6,4.85,mw,,,,0.8,us,usp0004sbk,2014-11-07T00:48:38.424Z,"8 km N of Quisqueya, Dominican Republic",earthquake,,4.9,,30.0,reviewed,us,us,1991-05-31,29092,Dominican Republic,1
1991-06-11 19:50:02.990000+00:00,17.7,-68.41,75.7,4.85,mw,,,,0.6,us,usp0004st5,2014-11-07T00:48:44.276Z,"77 km SSE of Boca de Yuma, Dominican Republic",earthquake,,7.2,,13.0,reviewed,us,us,1991-06-11,29103,Dominican Republic,1
1991-08-08 13:00:55.120000+00:00,19.63,-70.603,30.3,4.6,mw,,,,1.5,us,usp0004v3z,2014-11-07T00:49:04.080Z,"6 km NE of Pedro García, Dominican Republic",earthquake,,13.9,,7.0,reviewed,us,us,1991-08-08,29321,Dominican Republic,1
1991-10-21 19:46:31.390000+00:00,18.011,-68.26,43.2,5.11,mw,,,,1.0,us,usp0004y4x,2014-11-07T00:49:26.338Z,"54 km SE of Boca de Yuma, Dominican Republic",earthquake,,4.7,,40.0,reviewed,us,us,1991-10-21,29235,Dominican Republic,1
1992-01-15 06:58:32.440000+00:00,18.017,-70.618,10.0,5.7,mw,,,,1.0,us,usp00051tq,2024-01-17T20:45:24.446Z,"30 km SSW of Sabana Buey, Dominican Republic",earthquake,,,,,reviewed,us,hrv,1992-01-15,29161,Dominican Republic,1
1992-03-03 07:02:07.030000+00:00,19.061,-67.819,47.9,4.6,mw,,,,1.0,us,usp00053tc,2014-11-07T00:50:13.364Z,"81 km NE of Punta Cana, Dominican Republic",earthquake,,15.8,,6.0,reviewed,us,us,1992-03-03,29388,Dominican Republic,1
1992-03-22 04:04:43.320000+00:00,17.915,-69.173,42.8,4.94,mw,,,,1.0,us,usp00054nr,2014-11-07T00:50:18.114Z,"60 km SSW of La Romana, Dominican Republic",earthquake,,5.4,,20.0,reviewed,us,us,1992-03-22,29369,Dominican Republic,1
1992-11-03 02:53:52.460000+00:00,17.973,-70.683,34.5,4.94,mw,,,,1.1,us,usp0005g7q,2014-11-07T00:51:47.980Z,"37 km SSW of Palmar de Ocoa, Dominican Republic",earthquake,,7.3,,24.0,reviewed,us,us,1992-11-03,29681,Dominican Republic,1
1993-01-09 05:33:59.380000+00:00,19.509,-69.556,27.5,5.03,mw,,,,1.0,us,usp0005kh0,2014-11-07T00:52:12.667Z,"21 km N of Las Terrenas, Dominican Republic",earthquake,,5.3,,25.0,reviewed,us,us,1993-01-09,29614,Dominican Republic,1
1993-04-08 19:13:10.750000+00:00,18.222,-71.132,12.8,5.2,mw,,,,1.0,us,usp0005qw0,2022-04-28T18:15:37.421Z,"3 km WNW of Santa Cruz de Barahona, Dominican Republic",earthquake,,,,,reviewed,us,hrv,1993-04-08,29770,Dominican Republic,2
1993-04-13 02:25:46.840000+00:00,18.952,-70.69,79.2,5.03,mw,,,,1.1,us,usp0005r37,2014-11-07T00:52:48.822Z,"1 km N of Tireo Arriba, Dominican Republic",earthquake,,,,36.0,reviewed,us,us,1993-04-13,29875,Dominican Republic,1
1993-07-22 20:41:14.890000+00:00,18.58,-69.056,109.1,5.11,mw,,,,0.9,us,usp0005x6m,2014-11-07T00:53:32.767Z,"8 km W of Guaymate, Dominican Republic",earthquake,,,,55.0,reviewed,us,us,1993-07-22,29775,Dominican Republic,1
1993-08-19 15:33:05.590000+00:00,18.431,-70.329,22.6,6.25,mw,,,,1.0,us,usp0005yv5,2014-11-07T00:53:46.188Z,"11 km SSW of El Cacao, Dominican Republic",earthquake,,,,6.0,reviewed,us,us,1993-08-19,29903,Dominican Republic,1
1993-10-24 17:49:56.280000+00:00,19.677,-70.381,33.0,4.43,mw,,,,1.1,us,usp00062kr,2014-11-07T00:54:15.041Z,"8 km ENE of Jamao al Norte, Dominican Republic",earthquake,,,,1.0,reviewed,us,us,1993-10-24,30043,Dominican Republic,1
1993-11-08 03:45:20.820000+00:00,19.198,-68.079,10.0,4.94,mw,,,,1.1,us,usp00063bk,2014-11-07T00:54:22.745Z,"76 km NNE of Punta Cana, Dominican Republic",earthquake,,,,4.0,reviewed,us,us,1993-11-08,29969,Dominican Republic,1
1994-01-06 17:20:52.900000+00:00,18.052,-68.367,87.6,4.43,mw,,,,0.8,us,usp000663u,2014-11-07T00:54:44.322Z,"44 km SE of Boca de Yuma, Dominican Republic",earthquake,,8.2,,2.0,reviewed,us,us,1994-01-06,30055,Dominican Republic,1
1994-01-18 12:43:11.950000+00:00,18.575,-68.816,163.0,4.94,mw,,,,1.2,us,usp00066us,2014-11-07T00:54:48.165Z,"12 km WSW of Salvaleón de Higüey, Dominican Republic",earthquake,,6.4,,7.0,reviewed,us,us,1994-01-18,29984,Dominican Republic,1
1994-07-12 13:47:34.510000+00:00,19.756,-70.924,33.0,5.6,mw,,,,1.2,us,usp0006fhs,2022-04-28T17:36:48.991Z,"3 km N of Guananico, Dominican Republic",earthquake,,,,,reviewed,us,hrv,1994-07-12,30230,Dominican Republic,1
1994-07-24 20:35:09.090000+00:00,18.333,-71.263,33.0,5.2,mw,,,,0.9,us,usp0006g30,2014-11-07T00:55:54.628Z,"5 km NE of Cristóbal, Dominican Republic",earthquake,,,,58.0,reviewed,us,us,1994-07-24,30242,Dominican Republic,2
1994-10-12 04:02:04.440000+00:00,18.24,-68.366,107.3,4.77,mw,,,,0.8,us,usp0006kzv,2014-11-07T00:56:30.531Z,"29 km ESE of Boca de Yuma, Dominican Republic",earthquake,,4.5,,33.0,reviewed,us,us,1994-10-12,30403,Dominican Republic,1
1994-11-17 03:50:37.500000+00:00,17.916,-68.691,33.0,4.85,mw,,,,1.1,us,usp0006nsy,2014-11-07T00:56:47.910Z,"51 km S of Boca de Yuma, Dominican Republic",earthquake,,,,1.0,reviewed,us,us,1994-11-17,30358,Dominican Republic,1
1994-11-17 14:59:20.620000+00:00,18.622,-68.344,81.2,5.03,mw,,,,1.4,us,usp0006ntz,2014-11-07T00:56:48.012Z,"7 km NE of Punta Cana, Dominican Republic",earthquake,,,,27.0,reviewed,us,us,1994-11-17,30358,Dominican Republic,1
1995-01-01 09:37:21.560000+00:00,19.216,-69.419,42.2,5.11,mw,,,,0.9,us,usp0006qq6,2014-11-07T00:57:03.362Z,"8 km W of Samaná, Dominican Republic",earthquake,,5.4,,53.0,reviewed,us,us,1995-01-01,30322,Dominican Republic,1
1995-01-18 20:45:53.920000+00:00,18.892,-70.333,91.1,5.28,mw,,,,0.9,us,usp0006rjr,2014-11-07T00:57:09.476Z,"5 km NNW of Piedra Blanca, Dominican Republic",earthquake,,,,78.0,reviewed,us,us,1995-01-18,30420,Dominican Republic,1
1995-02-01 10:43:57.520000+00:00,18.188,-68.365,179.7,4.94,mw,,,,0.8,us,usp0006s6u,2014-11-07T00:57:14.243Z,"33 km SE of Boca de Yuma, Dominican Republic",earthquake,,2.6,,40.0,reviewed,us,us,1995-02-01,30434,Dominican Republic,1
1995-08-13 09:10:55.780000+00:00,19.412,-69.357,10.0,4.77,mw,,,,1.1,us,usp00071st,2014-11-07T00:58:31.363Z,"22 km ENE of Las Terrenas, Dominican Republic",earthquake,,,,30.0,reviewed,us,us,1995-08-13,30667,Dominican Republic,1
1995-09-22 16:41:31.550000+00:00,18.88,-71.544,33.0,4.51,mw,,,,1.1,us,usp00073tb,2014-11-07T00:58:46.182Z,"2 km WNW of Las Matas de Farfán, Dominican Republic",earthquake,,,,8.0,reviewed,us,us,1995-09-22,30706,Dominican Republic,-1
1995-10-31 01:59:36.480000+00:00,19.703,-69.749,62.4,5.11,mw,,,,1.1,us,usp000761a,2014-11-07T00:59:02.585Z,"17 km ENE of Cabrera, Dominican Republic",earthquake,,12.1,,27.0,reviewed,us,us,1995-10-31,30627,Dominican Republic,1
1996-01-24 01:12:45.350000+00:00,18.186,-69.991,50.1,4.77,mw,,,,0.9,us,usp0007bm4,2014-11-07T00:59:42.890Z,"18 km ESE of Sabana Grande de Palenque, Dominican Republic",earthquake,,8.9,,4.0,reviewed,us,us,1996-01-24,30882,Dominican Republic,1
1996-02-29 01:13:45.290000+00:00,18.852,-70.857,97.9,4.6,mw,,,,1.1,us,usp0007e4k,2014-11-07T00:59:59.577Z,"11 km N of El Guayabal, Dominican Republic",earthquake,,28.1,,4.0,reviewed,us,us,1996-02-29,30917,Dominican Republic,1
1996-04-09 19:47:36.740000+00:00,18.876,-69.721,88.1,4.51,mw,,,,0.9,us,usp0007fz1,2014-11-07T01:00:16.124Z,"8 km SSE of Gonzalo, Dominican Republic",earthquake,,,,12.0,reviewed,us,us,1996-04-09,30930,Dominican Republic,1
1996-04-24 18:56:22.690000+00:00,18.884,-70.316,82.9,5.1,mwc,,,,0.9,us,usp0007gjk,2025-12-19T22:39:51.696Z,"4 km N of Piedra Blanca, Dominican Republic",earthquake,,,,,reviewed,us,hrv,1996-04-24,30827,Dominican Republic,1
1996-05-29 11:57:02.910000+00:00,18.058,-69.637,52.0,4.43,mw,,,,1.1,us,usp0007hx7,2014-11-07T01:00:29.527Z,"43 km S of Boca Chica, Dominican Republic",earthquake,,15.0,,10.0,reviewed,us,us,1996-05-29,30931,Dominican Republic,1
1996-06-11 16:52:12.760000+00:00,17.25,-68.281,33.0,5.71,mw,,,,0.9,us,usp0007jks,2022-04-29T20:21:36.207Z,"129 km SSE of Boca de Yuma, Dominican Republic",earthquake,,,,112.0,reviewed,us,us,1996-06-11,30791,Dominican Republic,1
1996-06-12 03:39:35.920000+00:00,20.028,-70.194,33.0,4.85,mw,,,,1.0,us,usp0007jmv,2014-11-07T01:00:37.307Z,"38 km NE of Cabarete, Dominican Republic",earthquake,,,,47.0,reviewed,us,us,1996-06-12,30867,Dominican Republic,1
1996-10-17 17:51:56.620000+00:00,19.016,-69.113,33.0,4.77,mw,,,,0.8,us,usp0007rjx,2014-11-07T01:01:23.467Z,"7 km WNW of Miches, Dominican Republic",earthquake,,,,2.0,reviewed,us,us,1996-10-17,31080,Dominican Republic,1
1996-11-08 07:19:07.380000+00:00,18.039,-68.534,73.1,5.11,mw,,,,1.05,us,usp0007sny,2014-11-07T01:01:33.761Z,"38 km SSE of Boca de Yuma, Dominican Republic",earthquake,,,,21.0,reviewed,us,us,1996-11-08,31058,Dominican Republic,1
1997-02-24 04:08:28.310000+00:00,19.32,-69.229,90.8,4.85,mw,,,,0.93,us,usp0007xqu,2014-11-07T01:02:11.107Z,"16 km NE of Samaná, Dominican Republic",earthquake,,8.4,,8.0,reviewed,us,us,1997-02-24,31232,Dominican Republic,1
1997-03-19 13:57:31.730000+00:00,18.99,-69.657,83.5,4.68,mw,,,,1.05,us,usp0007z34,2014-11-07T01:02:21.094Z,"10 km ENE of Gonzalo, Dominican Republic",earthquake,,,,7.0,reviewed,us,us,1997-03-19,31245,Dominican Republic,1
1997-04-09 03:11:41.410000+00:00,17.908,-71.451,10.0,5.03,mw,,,,0.91,us,usp000807c,2014-11-07T01:02:31.746Z,"12 km NNW of Oviedo, Dominican Republic",earthquake,,,,32.0,reviewed,us,us,1997-04-09,31188,Dominican Republic,-1
1997-04-22 09:29:02.970000+00:00,17.583,-70.222,33.0,4.51,mw,,,,0.78,us,usp000810h,2014-11-07T01:02:37.419Z,"73 km S of Nizao, Dominican Republic",earthquake,,,,2.0,reviewed,us,us,1997-04-22,31267,Dominican Republic,1
1997-05-14 03:00:46.500000+00:00,19.627,-70.286,54.4,5.03,mw,,,,1.11,us,usp000829d,2014-11-07T01:02:46.744Z,"0 km W of Gaspar Hernández, Dominican Republic",earthquake,,5.9,,44.0,reviewed,us,us,1997-05-14,31211,Dominican Republic,1
1997-07-30 16:12:44.420000+00:00,17.996,-70.32,10.0,5.2,mw,,,,0.82,us,usp00085ka,2014-11-07T01:03:11.989Z,"29 km SSE of Matanzas, Dominican Republic",earthquake,,,,29.0,reviewed,us,us,1997-07-30,31344,Dominican Republic,1
1997-12-26 00:48:24.120000+00:00,18.176,-68.441,94.1,5.03,mw,,,,0.96,us,usp0008d74,2014-11-07T01:04:10.427Z,"28 km SE of Boca de Yuma, Dominican Republic",earthquake,,,,20.0,reviewed,us,us,1997-12-26,31493,Dominican Republic,1
1998-06-30 20:19:16.650000+00:00,22.265,-69.831,39.7,5.1,mwc,,,,1.04,us,usp0008qrw,2025-12-19T22:24:54.777Z,"284 km NNE of Cabarete, Dominican Republic",earthquake,,,,,reviewed,us,hrv,1998-06-30,31679,Dominican Republic,-1
1998-08-09 11:45:14.650000+00:00,19.737,-69.995,33.0,4.85,mw,,,,1.02,us,usp0008t0g,2014-11-07T01:05:47.976Z,"13 km NE of Río San Juan, Dominican Republic",earthquake,,,,15.0,reviewed,us,us,1998-08-09,31720,Dominican Republic,1
1998-08-10 21:02:57.260000+00:00,18.647,-70.541,58.0,5.2,mwc,,,,0.79,us,usp0008t2u,2022-04-29T17:37:26.178Z,"11 km NNW of San José de Ocoa, Dominican Republic",earthquake,,4.1,,,reviewed,us,hrv,1998-08-10,31719,Dominican Republic,1
1998-08-28 12:08:55.670000+00:00,18.155,-68.257,82.8,4.85,mw,,,,0.76,us,usp0008u07,2014-11-07T01:05:53.896Z,"44 km ESE of Boca de Yuma, Dominican Republic",earthquake,,,,9.0,reviewed,us,us,1998-08-28,31738,Dominican Republic,1
1998-10-01 23:57:37.550000+00:00,19.75,-68.06,25.0,3.95,mw,,,,,us,usp0008vuu,2014-11-07T01:06:10.326Z,"134 km NE of Miches, Dominican Republic",earthquake,,,,,reviewed,mpr,mpr,1998-10-01,31826,Dominican Republic,1
1998-10-02 08:18:27.220000+00:00,19.176,-68.384,33.0,4.51,mw,,,,1.48,us,usp0008vvc,2014-11-07T01:06:10.586Z,"65 km NNE of Otra Banda, Dominican Republic",earthquake,,,,1.0,reviewed,us,us,1998-10-02,31773,Dominican Republic,1
1998-11-24 06:24:55.970000+00:00,19.144,-67.777,33.0,4.77,mw,,,,1.11,us,usp0008ynr,2014-11-07T01:06:28.750Z,"90 km NE of Punta Cana, Dominican Republic",earthquake,,,,3.0,reviewed,us,us,1998-11-24,31772,Dominican Republic,1
1999-08-17 08:07:37.300000+00:00,19.157,-68.057,55.9,3.77,mw,,,,,us,usp0009d6s,2014-11-07T01:08:17.134Z,"73 km NNE of Punta Cana, Dominican Republic",earthquake,,,,,reviewed,mpr,mpr,1999-08-17,32092,Dominican Republic,1
1999-12-27 02:29:42.830000+00:00,18.332,-68.731,167.5,4.77,mw,,,,0.86,us,usp0009kbm,2014-11-07T01:09:11.838Z,"12 km SSW of San Rafael del Yuma, Dominican Republic",earthquake,,6.8,,4.0,reviewed,us,us,1999-12-27,32253,Dominican Republic,1
1999-12-28 03:29:31.950000+00:00,19.616,-70.82,33.0,4.94,mw,,,,0.85,us,usp0009kcr,2014-11-07T01:09:11.976Z,"7 km SSE of Altamira, Dominican Republic",earthquake,,,,28.0,reviewed,us,us,1999-12-28,32224,Dominican Republic,1
2000-01-06 11:22:16.690000+00:00,18.26,-68.315,178.4,3.77,mw,,,,,us,usp0009ktu,2014-11-07T01:09:17.923Z,"33 km ESE of Boca de Yuma, Dominican Republic",earthquake,,,,,reviewed,rspr,rspr,2000-01-06,32357,Dominican Republic,1
2000-01-25 14:42:35.390000+00:00,19.607,-68.058,69.3,3.86,mw,,,,,us,usp0009mn6,2014-11-07T01:09:21.911Z,"119 km NNE of Punta Cana, Dominican Republic",earthquake,,,,,reviewed,rspr,rspr,2000-01-25,32337,Dominican Republic,1
2000-02-21 16:36:34.180000+00:00,18.323,-67.881,108.2,4.77,mw,,,,1.08,us,usp0009nsv,2014-11-07T01:09:32.318Z,"62 km ESE of Punta Cana, Dominican Republic",earthquake,,4.9,,15.0,reviewed,us,us,2000-02-21,32280,Dominican Republic,1
2000-04-18 02:37:43.750000+00:00,19.083,-69.52,89.8,4.85,mw,,,,0.92,us,usp0009rfa,2014-11-07T01:09:54.657Z,"14 km W of Sabana de la Mar, Dominican Republic",earthquake,,7.5,,12.0,reviewed,us,us,2000-04-18,32225,Dominican Republic,1
2000-05-08 05:13:17.590000+00:00,19.451,-68.496,33.0,4.85,mw,,,,0.87,us,usp0009skx,2014-11-07T01:10:05.563Z,"77 km NE of Miches, Dominican Republic",earthquake,,,,19.0,reviewed,us,us,2000-05-08,32234,Dominican Republic,1
2000-07-29 07:59:33.960000+00:00,17.84,-68.698,33.0,4.77,mw,67.0,,,0.91,us,usp0009xcs,2014-11-07T01:10:41.491Z,"60 km S of Boca de Yuma, Dominican Republic",earthquake,,,,30.0,reviewed,us,us,2000-07-29,32439,Dominican Republic,1
2000-08-01 23:09:02.810000+00:00,17.464,-68.243,117.0,3.95,mw,6.0,,,,us,usp0009xkv,2014-11-07T01:10:46.673Z,"108 km SSE of Boca de Yuma, Dominican Republic",earthquake,,,,,reviewed,rspr,rspr,2000-08-01,32519,Dominican Republic,1
2000-09-18 10:18:57.100000+00:00,20.062,-70.069,33.0,4.77,mw,18.0,,,1.23,us,usp000a0fc,2014-11-07T01:11:05.902Z,"46 km N of Río San Juan, Dominican Republic",earthquake,,,,4.0,reviewed,us,us,2000-09-18,32442,Dominican Republic,1
2000-10-17 08:28:46.380000+00:00,19.647,-68.678,13.6,3.77,mw,13.0,,,,us,usp000a1ym,2014-11-07T01:11:16.958Z,"83 km NNE of Miches, Dominican Republic",earthquake,,,,,reviewed,rspr,rspr,2000-10-17,32541,Dominican Republic,1
2000-11-08 15:31:52.520000+00:00,19.247,-68.232,33.0,4.77,mw,18.0,,,0.69,us,usp000a37g,2014-11-07T01:11:26.792Z,"75 km NNE of Punta Cana, Dominican Republic",earthquake,,,,1.0,reviewed,us,us,2000-11-08,32490,Dominican Republic,1
2000-11-29 00:05:27.260000+00:00,19.111,-68.96,142.7,3.77,mw,7.0,,,,us,usp000a555,2014-11-07T01:11:35.109Z,"16 km NNE of Miches, Dominican Republic",earthquake,,,,,reviewed,rspr,rspr,2000-11-29,32562,Dominican Republic,1
2000-12-18 11:15:30.920000+00:00,19.491,-67.842,50.2,3.86,mw,7.0,,,,us,usp000a692,2014-11-07T01:11:44.642Z,"116 km NNE of Punta Cana, Dominican Republic",earthquake,,,,,reviewed,rspr,rspr,2000-12-18,32721,Dominican Republic,1
2001-02-04 16:29:06.970000+00:00,18.97,-68.852,10.0,4.68,mw,28.0,,,1.0,us,usp000a92k,2014-11-07T01:12:05.517Z,"20 km E of Miches, Dominican Republic",earthquake,,,,10.0,reviewed,us,us,2001-02-04,32655,Dominican Republic,1
2001-03-02 21:45:53.690000+00:00,17.599,-68.204,34.6,3.86,mw,8.0,,,,us,usp000aasn,2014-11-07T01:12:17.313Z,"96 km SSE of Boca de Yuma, Dominican Republic",earthquake,,,,,reviewed,rspr,rspr,2001-03-02,32735,Dominican Republic,1
2001-05-07 12:28:34.940000+00:00,18.172,-68.635,100.0,4.94,mw,15.0,,,0.66,us,usp000aejn,2014-11-07T01:12:46.296Z,"22 km S of Boca de Yuma, Dominican Republic",earthquake,,,,3.0,reviewed,us,us,2001-05-07,32629,Dominican Republic,1
2001-05-21 14:33:29.570000+00:00,19.622,-70.13,33.0,5.03,mw,126.0,,,0.92,us,usp000afa7,2014-11-07T01:12:49.495Z,"6 km WSW of Río San Juan, Dominican Republic",earthquake,,,,57.0,reviewed,us,us,2001-05-21,32581,Dominican Republic,1
2001-06-18 12:28:37.560000+00:00,18.133,-68.432,84.7,5.03,mw,126.0,,,0.83,us,usp000agvy,2014-11-07T01:13:04.891Z,"32 km SE of Boca de Yuma, Dominican Republic",earthquake,,,,54.0,reviewed,us,us,2001-06-18,32763,Dominican Republic,1
2001-06-30 03:11:32.660000+00:00,18.492,-69.005,107.1,4.68,mw,45.0,,,0.86,us,usp000ahqn,2014-11-07T01:13:09.039Z,"7 km NNW of La Romana, Dominican Republic",earthquake,,,,25.0,reviewed,us,us,2001-06-30,32836,Dominican Republic,1
2001-07-23 17:48:01.330000+00:00,19.374,-70.538,33.0,4.85,mw,15.0,,,1.53,us,usp000ak18,2014-11-07T01:13:20.222Z,"2 km SSW of Moca, Dominican Republic",earthquake,,,,2.0,reviewed,us,us,2001-07-23,32775,Dominican Republic,1
2001-08-30 08:05:47.140000+00:00,17.651,-68.275,25.0,3.77,mw,9.0,,,,us,usp000an9y,2014-11-07T01:13:39.313Z,"87 km SSE of Boca de Yuma, Dominican Republic",earthquake,,,,,reviewed,rspr,rspr,2001-08-30,32883,Dominican Republic,1
2001-09-28 07:53:54.390000+00:00,19.157,-69.62,10.0,4.6,mw,32.0,,,0.91,us,usp000apxk,2014-11-07T01:13:51.518Z,"7 km S of Sánchez, Dominican Republic",earthquake,,,,18.0,reviewed,us,us,2001-09-28,32865,Dominican Republic,1
2001-10-16 08:05:36.620000+00:00,20.02,-69.173,33.0,4.85,mw,52.0,,,0.92,us,usp000ar11,2014-11-07T01:14:00.112Z,"87 km ENE of Cabrera, Dominican Republic",earthquake,,,,19.0,reviewed,us,us,2001-10-16,32798,Dominican Republic,1
2001-12-29 00:33:27.400000+00:00,18.179,-68.405,90.3,4.68,mw,60.0,,,0.86,us,usp000avfd,2014-11-07T01:14:32.950Z,"30 km SE of Boca de Yuma, Dominican Republic",earthquake,,5.8,,13.0,reviewed,us,us,2001-12-29,33077,Dominican Republic,1
2002-04-28 00:42:43.850000+00:00,18.796,-69.284,62.1,4.6,mw,30.0,,,1.0,us,usp000b3a0,2014-11-07T01:15:29.131Z,"4 km NW of Hato Mayor del Rey, Dominican Republic",earthquake,,,,17.0,reviewed,us,us,2002-04-28,33091,Dominican Republic,1
2002-05-12 03:26:52.380000+00:00,18.77,-70.461,33.0,4.51,mw,25.0,,,1.39,us,usp000b45m,2014-11-07T01:15:36.924Z,"13 km W of Juan Adrián, Dominican Republic",earthquake,,,,11.0,reviewed,us,us,2002-05-12,33094,Dominican Republic,1
2002-05-15 16:11:42.920000+00:00,19.326,-68.17,33.0,4.77,mw,28.0,,,0.93,us,usp000b4c6,2014-11-07T01:15:37.702Z,"85 km NNE of Punta Cana, Dominican Republic",earthquake,,,,5.0,reviewed,us,us,2002-05-15,32957,Dominican Republic,1
2002-06-27 17:13:41.910000+00:00,19.861,-71.502,33.0,5.11,mw,124.0,,,0.88,us,usp000b721,2014-11-07T01:15:54.258Z,"14 km NNW of Villa Vásquez, Dominican Republic",earthquake,,,,66.0,reviewed,us,us,2002-06-27,33137,Dominican Republic,1
2002-07-19 02:31:58.800000+00:00,18.889,-68.247,24.8,4.38,mw,14.0,,,,us,usp000b8c7,2014-11-07T01:16:04.924Z,"37 km NNE of Punta Cana, Dominican Republic",earthquake,,,,,reviewed,rspr,rspr,2002-07-19,33159,Dominican Republic,1
2002-08-19 23:08:47.650000+00:00,19.27,-68.241,25.0,3.77,mw,8.0,,,,us,usp000ba84,2014-11-07T01:16:17.904Z,"78 km NNE of Punta Cana, Dominican Republic",earthquake,,,,,reviewed,rspr,rspr,2002-08-19,33266,Dominican Republic,1
2002-10-13 14:34:16.200000+00:00,17.543,-68.889,25.4,3.86,mw,14.0,,,,us,usp000bef8,2014-11-07T01:16:45.092Z,"97 km SSW of Boca de Yuma, Dominican Republic",earthquake,,,,,reviewed,rspr,rspr,2002-10-13,33245,Dominican Republic,1
2002-11-03 01:54:25.350000+00:00,19.489,-68.736,95.6,3.77,mw,4.0,,,,us,usp000bfy9,2014-11-07T01:16:56.675Z,"64 km NNE of Miches, Dominican Republic",earthquake,,,,,reviewed,rspr,rspr,2002-11-03,33289,Dominican Republic,1
2002-11-26 04:25:12.160000+00:00,17.724,-68.458,31.1,4.04,mw,14.0,,,,us,usp000bjdc,2014-11-07T01:17:11.182Z,"74 km SSE of Boca de Yuma, Dominican Republic",earthquake,,,,,reviewed,rspr,rspr,2002-11-26,33190,Dominican Republic,1
2002-12-19 21:03:41.410000+00:00,18.416,-69.08,114.1,4.6,mw,37.0,,,0.77,us,usp000bm0e,2014-11-07T01:17:22.782Z,"11 km W of La Romana, Dominican Republic",earthquake,,4.9,,8.0,reviewed,us,us,2002-12-19,33371,Dominican Republic,1
2003-02-16 14:58:35.450000+00:00,19.586,-67.998,25.0,3.77,mw,12.0,,,,us,usp000bqu5,2014-11-07T01:17:48.930Z,"119 km NNE of Punta Cana, Dominican Republic",earthquake,,,,,reviewed,rspr,rspr,2003-02-16,33464,Dominican Republic,1
2003-02-27 06:49:17.370000+00:00,19.595,-69.722,25.0,3.86,mw,13.0,,,,us,usp000brk3,2014-11-07T01:17:52.792Z,Dominican Republic region,earthquake,,,,,reviewed,rspr,rspr,2003-02-27,33392,Dominican Republic region,1
2003-03-06 10:59:39.180000+00:00,19.681,-70.51,10.0,4.13,mw,20.0,157.9,,1.29,us,usp000bs28,2014-11-07T01:18:00.188Z,"7 km S of Sosúa, Dominican Republic",earthquake,,,,,reviewed,us,ssnc,2003-03-06,33389,Dominican Republic,1
2003-03-09 17:31:38.010000+00:00,19.147,-68.696,25.1,4.6,mw,37.0,112.7,,,us,usp000bs9x,2014-11-07T01:18:02.650Z,"41 km ENE of Miches, Dominican Republic",earthquake,,,,7.0,reviewed,rspr,us,2003-03-09,33382,Dominican Republic,1
2003-03-21 01:09:55.190000+00:00,18.066,-68.127,97.2,5.1,mwc,279.0,52.0,,,us,usp000bt4p,2025-12-19T23:05:31.948Z,"61 km SE of Boca de Yuma, Dominican Republic",earthquake,,,,,reviewed,rspr,hrv,2003-03-21,33312,Dominican Republic,1
2003-05-20 10:05:32.370000+00:00,18.863,-69.865,95.0,3.86,mw,26.0,104.1,,1.11,us,usp000bxjy,2014-11-07T01:18:39.054Z,"9 km ENE of Don Juan, Dominican Republic",earthquake,,,,,reviewed,us,rspr,2003-05-20,33404,Dominican Republic,1
2003-05-21 01:06:38.360000+00:00,19.368,-69.23,151.2,3.77,mw,14.0,345.0,,,us,usp000bxmv,2014-11-07T01:18:39.201Z,"21 km NNE of Samaná, Dominican Republic",earthquake,,,,,reviewed,rspr,rspr,2003-05-21,33465,Dominican Republic,1
2003-05-30 03:25:49.380000+00:00,18.076,-69.351,126.9,3.77,mw,13.0,346.4,,,us,usp000byh0,2014-11-07T01:18:44.575Z,"42 km S of San Pedro de Macorís, Dominican Republic",earthquake,,,,,reviewed,rspr,rspr,2003-05-30,33474,Dominican Republic,1
2003-07-23 06:20:03.810000+00:00,18.296,-68.075,33.0,4.51,mw,19.0,90.1,,1.23,us,usp000c343,2014-11-07T01:19:16.848Z,"47 km SE of Punta Cana, Dominican Republic",earthquake,,,,1.0,reviewed,us,us,2003-07-23,33618,Dominican Republic,1
2003-08-30 19:56:03.620000+00:00,17.085,-68.531,74.7,4.85,mw,68.0,73.9,,,us,usp000c6a9,2014-11-07T01:19:37.062Z,"143 km S of Boca de Yuma, Dominican Republic",earthquake,,,,19.0,reviewed,rspr,us,2003-08-30,33579,Dominican Republic,1
2003-09-12 13:06:48.540000+00:00,19.186,-69.087,33.0,4.6,mw,17.0,153.6,,0.58,us,usp000c7bp,2014-11-07T01:19:48.549Z,"22 km N of Miches, Dominican Republic",earthquake,,,,5.0,reviewed,us,us,2003-09-12,33589,Dominican Republic,1
2003-09-22 04:45:36.240000+00:00,19.777,-70.673,10.0,6.4,mwb,494.0,31.7,,1.06,us,usp000c89d,2022-07-13T03:44:25.198Z,"2 km SE of Puerto Plata, Dominican Republic",earthquake,,,,,reviewed,us,us,2003-09-22,33528,Dominican Republic,1
2003-09-22 17:45:48.820000+00:00,20.298,-70.486,10.0,4.85,mw,19.0,77.0,,1.4,us,usp000c8b5,2014-11-07T01:19:54.521Z,"59 km NNE of Puerto Plata, Dominican Republic",earthquake,,,,6.0,reviewed,us,us,2003-09-22,33566,Dominican Republic,1
2003-10-21 18:18:25.690000+00:00,20.947,-69.845,10.0,3.86,mw,14.0,180.5,,0.83,us,usp000cayh,2014-11-07T01:20:14.259Z,"144 km N of Cabrera, Dominican Republic",earthquake,,,,,reviewed,us,rspr,2003-10-21,33636,Dominican Republic,-1
2003-11-08 11:03:05.360000+00:00,18.129,-68.528,99.2,4.68,mw,33.0,69.2,,0.86,us,usp000ccc1,2014-11-07T01:20:25.787Z,"28 km SSE of Boca de Yuma, Dominican Republic",earthquake,,5.1,,3.0,reviewed,us,us,2003-11-08,33589,Dominican Republic,1
2003-12-18 09:25:07.110000+00:00,21.256,-70.806,10.0,3.77,mw,10.0,184.3,,1.12,us,usp000cfg3,2014-11-07T01:20:46.644Z,"151 km N of Luperón, Dominican Republic",earthquake,,,,,reviewed,us,rspr,2003-12-18,33780,Dominican Republic,-1
2003-12-20 07:11:50.130000+00:00,20.393,-70.27,10.0,4.43,mw,10.0,159.9,,0.61,us,usp000cfn4,2014-11-07T01:20:47.292Z,"72 km NNE of Cabarete, Dominican Republic",earthquake,,,,3.0,reviewed,us,us,2003-12-20,33691,Dominican Republic,1
2003-12-25 06:55:22.860000+00:00,18.479,-68.775,122.1,5.11,mw,163.0,46.3,,0.87,us,usp000cfzu,2014-11-07T01:20:49.024Z,"11 km WNW of San Rafael del Yuma, Dominican Republic",earthquake,,,,86.0,reviewed,us,us,2003-12-25,33676,Dominican Republic,1
2004-01-02 06:20:31.890000+00:00,19.003,-69.063,25.1,3.77,mw,15.0,345.4,,,us,usp000cgu2,2014-11-07T01:20:56.221Z,"2 km NW of Miches, Dominican Republic",earthquake,,,,,reviewed,rspr,rspr,2004-01-02,33781,Dominican Republic,1
2004-02-04 20:16:14.550000+00:00,20.65,-70.08,25.0,4.04,mw,10.0,347.5,,,us,usp000ckdt,2014-11-07T01:21:17.983Z,"105 km NNE of Cabarete, Dominican Republic",earthquake,,,,,reviewed,rspr,rspr,2004-02-04,33724,Dominican Republic,-1
2004-02-05 00:32:59.660000+00:00,19.962,-70.708,10.0,3.95,mw,21.0,91.8,,1.08,us,usp000cke7,2014-11-07T01:21:18.019Z,"18 km N of Puerto Plata, Dominican Republic",earthquake,,,,,reviewed,us,rspr,2004-02-05,33725,Dominican Republic,1
2004-02-26 14:09:51.450000+00:00,18.851,-68.81,184.7,3.77,mw,14.0,344.3,,,us,usp000cncm,2014-11-07T01:21:29.462Z,"25 km ENE of Santa Cruz de El Seibo, Dominican Republic",earthquake,,,,,reviewed,rspr,rspr,2004-02-26,33799,Dominican Republic,1
2004-03-31 18:22:26.660000+00:00,19.916,-69.927,10.0,4.77,mw,13.0,138.3,,1.3,us,usp000crcp,2014-11-07T01:21:49.103Z,"30 km N of Cabrera, Dominican Republic",earthquake,,,,1.0,reviewed,us,us,2004-03-31,33683,Dominican Republic,1
2004-04-01 00:02:54.770000+00:00,18.862,-69.708,79.0,4.85,mw,126.0,38.2,,0.86,us,usp000crd7,2014-11-07T01:21:50.217Z,"10 km NE of Monte Plata, Dominican Republic",earthquake,,,,46.0,reviewed,us,us,2004-04-01,33678,Dominican Republic,1
2004-04-19 16:15:11.380000+00:00,20.415,-70.619,25.0,3.77,mw,6.0,350.8,,,us,usp000csxt,2014-11-07T01:22:02.472Z,"68 km NNE of Luperón, Dominican Republic",earthquake,,,,,reviewed,rspr,rspr,2004-04-19,33805,Dominican Republic,1
2004-04-25 08:51:43.070000+00:00,18.387,-71.223,44.0,3.95,mw,30.0,48.6,,1.42,us,usp000ctck,2014-11-07T01:22:05.437Z,"2 km WSW of Tamayo, Dominican Republic",earthquake,,10.6,,,reviewed,us,ssnc,2004-04-25,33746,Dominican Republic,2
2004-06-16 05:42:44.750000+00:00,19.583,-69.142,73.6,4.51,mw,25.0,165.4,,0.52,us,usp000cy04,2014-11-07T01:22:38.181Z,"46 km NNE of Samaná, Dominican Republic",earthquake,,21.5,,5.0,reviewed,us,us,2004-06-16,33937,Dominican Republic,1
2004-06-18 19:22:44.780000+00:00,19.773,-69.985,25.0,3.86,mw,12.0,343.6,,,us,usp000cy6r,2014-11-07T01:22:38.872Z,"16 km NNW of Cabrera, Dominican Republic",earthquake,,,,,reviewed,rspr,rspr,2004-06-18,33993,Dominican Republic,1
2004-07-01 06:11:01.970000+00:00,18.188,-68.555,85.1,5.03,mw,125.0,36.3,,0.75,us,usp000czat,2014-11-07T01:22:47.272Z,"21 km SSE of Boca de Yuma, Dominican Republic",earthquake,,,,56.0,reviewed,us,us,2004-07-01,33857,Dominican Republic,1
2004-07-08 11:32:56.360000+00:00,20.413,-71.936,27.0,4.6,mw,52.0,75.0,,1.23,us,usp000czs5,2014-11-07T01:22:52.039Z,"69 km NNW of San Fernando de Monte Cristi, Dominican Republic",earthquake,,,,16.0,reviewed,us,us,2004-07-08,33872,Dominican Republic,-1
2004-09-04 09:32:54.580000+00:00,19.945,-70.789,32.5,4.85,mw,82.0,53.4,,1.02,us,usp000d3h1,2014-11-07T01:23:25.129Z,"19 km ENE of Luperón, Dominican Republic",earthquake,,15.4,,29.0,reviewed,us,us,2004-09-04,33859,Dominican Republic,1
2004-09-27 15:53:51.770000+00:00,20.129,-70.46,38.7,4.6,mw,39.0,58.4,,0.96,us,usp000d55m,2014-11-07T01:23:33.964Z,"42 km N of Sosúa, Dominican Republic",earthquake,,10.0,,13.0,reviewed,us,us,2004-09-27,33879,Dominican Republic,1
2004-10-08 14:39:19.540000+00:00,19.228,-68.036,24.8,4.31,mw,13.0,326.7,,,us,usp000d60j,2014-11-07T01:23:43.564Z,"81 km NNE of Punta Cana, Dominican Republic",earthquake,,,,,reviewed,rspr,rspr,2004-10-08,33971,Dominican Republic,1
2004-10-08 15:17:15.090000+00:00,18.641,-68.853,24.7,4.23,mw,12.0,346.6,,,us,usp000d60p,2014-11-07T01:23:43.572Z,"15 km ENE of Guaymate, Dominican Republic",earthquake,,,,,reviewed,rspr,rspr,2004-10-08,33971,Dominican Republic,1
2004-10-10 07:57:12.650000+00:00,20.976,-69.567,25.0,4.23,mw,11.0,345.7,,,us,usp000d64c,2014-11-07T01:23:44.155Z,"151 km NNE of Cabrera, Dominican Republic",earthquake,,,,,reviewed,rspr,rspr,2004-10-10,33973,Dominican Republic,-1
2004-10-28 18:56:55.100000+00:00,19.763,-68.658,24.9,4.16,mw,8.0,340.7,,,us,usp000d78u,2014-11-07T01:23:50.105Z,"94 km NE of Samaná, Dominican Republic",earthquake,,,,,reviewed,rspr,rspr,2004-10-28,33991,Dominican Republic,1
2004-10-30 22:34:31.620000+00:00,20.404,-68.223,25.0,4.38,mw,5.0,342.9,,,us,usp000d7c3,2014-11-07T01:23:50.509Z,"176 km NE of Samaná, Dominican Republic",earthquake,,,,,reviewed,rspr,rspr,2004-10-30,33960,Dominican Republic,-1
2004-11-11 22:30:47.210000+00:00,19.226,-68.978,146.1,3.77,mw,15.0,278.2,,,us,usp000d85x,2014-11-07T01:23:59.276Z,"27 km NNE of Miches, Dominican Republic",earthquake,,,,,reviewed,rspr,rspr,2004-11-11,34005,Dominican Republic,1
2004-12-02 02:37:24+00:00,18.619,-69.017,181.9,3.86,mw,15.0,348.0,,,us,usp000d9s6,2014-11-07T01:24:11.413Z,"5 km NW of Guaymate, Dominican Republic",earthquake,,,,,reviewed,rspr,rspr,2004-12-02,34171,Dominican Republic,1
2005-02-04 18:28:50.780000+00:00,18.247,-68.277,172.2,3.95,mw,8.0,344.1,,,us,usp000dfgu,2014-11-07T01:24:55.865Z,"37 km ESE of Boca de Yuma, Dominican Republic",earthquake,,,,,reviewed,rspr,rspr,2005-02-04,34153,Dominican Republic,1
2005-02-27 10:56:59.100000+00:00,18.495,-68.721,144.4,3.86,mw,17.0,104.1,,0.45,us,usp000dh37,2014-11-07T01:25:04.817Z,"8 km NW of San Rafael del Yuma, Dominican Republic",earthquake,,18.9,,,reviewed,us,rspr,2005-02-27,34173,Dominican Republic,1
2005-03-10 01:36:18.250000+00:00,19.523,-68.935,118.6,3.95,mw,11.0,342.2,,,us,usp000dhws,2014-11-07T01:25:13.019Z,"54 km NE of Samaná, Dominican Republic",earthquake,,,,,reviewed,rspr,rspr,2005-03-10,34171,Dominican Republic,1
2005-03-18 05:10:42.550000+00:00,20.213,-71.952,35.1,4.6,mw,27.0,52.7,,0.91,us,usp000djep,2014-11-07T01:25:15.986Z,"51 km NW of San Fernando de Monte Cristi, Dominican Republic",earthquake,,,,6.0,reviewed,us,us,2005-03-18,34090,Dominican Republic,-1
2005-04-08 00:49:51.220000+00:00,19.077,-69.083,14.2,4.51,mw,15.0,257.0,,,us,usp000dmjf,2014-11-07T01:25:30.984Z,"10 km NNW of Miches, Dominican Republic",earthquake,,,,1.0,reviewed,rspr,us,2005-04-08,34113,Dominican Republic,1
2005-04-26 00:01:07.630000+00:00,20.666,-69.433,25.3,3.86,mw,10.0,344.4,,,us,usp000dp88,2014-11-07T01:25:41.233Z,"123 km NNE of Cabrera, Dominican Republic",earthquake,,,,,reviewed,rspr,rspr,2005-04-26,34182,Dominican Republic,-1
2005-04-26 14:16:51.070000+00:00,20.948,-69.475,13.4,4.13,mw,14.0,344.6,,,us,usp000dp9y,2014-11-07T01:25:41.453Z,"151 km NNE of Cabrera, Dominican Republic",earthquake,,,,,reviewed,rspr,rspr,2005-04-26,34124,Dominican Republic,-1
2005-04-28 06:30:12.060000+00:00,17.246,-69.46,25.4,3.86,mw,14.0,344.5,,,us,usp000dpdy,2014-11-07T01:25:41.985Z,"134 km S of Boca Chica, Dominican Republic",earthquake,,,,,reviewed,rspr,rspr,2005-04-28,34188,Dominican Republic,-1
2005-05-07 19:59:28.870000+00:00,19.99,-69.889,176.6,4.04,mw,11.0,347.1,,,us,usp000dq5f,2014-11-07T01:25:50.066Z,"38 km N of Cabrera, Dominican Republic",earthquake,,,,,reviewed,rspr,rspr,2005-05-07,34132,Dominican Republic,1
2005-05-13 22:56:08.690000+00:00,18.944,-68.667,43.7,4.68,mw,53.0,51.1,,1.0,us,usp000dqr6,2014-11-07T01:25:53.073Z,"32 km N of Otra Banda, Dominican Republic",earthquake,,9.2,,14.0,reviewed,us,us,2005-05-13,34026,Dominican Republic,1
2005-06-01 12:24:21.490000+00:00,18.462,-68.753,148.1,4.6,mw,47.0,47.7,,,us,usp000ds07,2014-11-07T01:26:03.100Z,"9 km WNW of San Rafael del Yuma, Dominican Republic",earthquake,,,,11.0,reviewed,rspr,us,2005-06-01,34232,Dominican Republic,1
2005-06-05 05:59:48.220000+00:00,19.077,-68.514,25.2,3.77,mw,19.0,258.9,,,us,usp000ds8x,2014-11-07T01:26:07.165Z,"49 km NNE of Otra Banda, Dominican Republic",earthquake,,,,,reviewed,rspr,rspr,2005-06-05,34325,Dominican Republic,1
2005-06-26 06:01:58.340000+00:00,19.157,-68.785,119.5,3.86,mw,15.0,224.7,,,us,usp000dtxq,2014-11-07T01:26:17.557Z,"33 km NE of Miches, Dominican Republic",earthquake,,,,,reviewed,rspr,rspr,2005-06-26,34310,Dominican Republic,1
2005-07-01 22:19:52.770000+00:00,19.647,-69.309,22.4,3.86,mw,15.0,258.5,,,us,usp000dub7,2014-11-07T01:26:21.954Z,"44 km NNE of Las Terrenas, Dominican Republic",earthquake,,,,,reviewed,rspr,rspr,2005-07-01,34274,Dominican Republic,1
2005-07-02 19:00:51.320000+00:00,19.328,-69.933,21.1,3.77,mw,14.0,279.8,,,us,usp000ducu,2014-11-07T01:26:23.371Z,"4 km WNW of El Factor, Dominican Republic",earthquake,,,,,reviewed,rspr,rspr,2005-07-02,34359,Dominican Republic,1
2005-07-15 01:59:57.590000+00:00,18.858,-68.812,145.7,3.95,mw,11.0,266.9,,,us,usp000dv7n,2014-11-07T01:26:29.659Z,"26 km ENE of Santa Cruz de El Seibo, Dominican Republic",earthquake,,,,,reviewed,rspr,rspr,2005-07-15,34259,Dominican Republic,1
2005-07-23 05:39:51.990000+00:00,19.895,-70.82,11.1,4.94,mw,80.0,114.2,,0.7,us,usp000dvqq,2014-11-07T01:26:31.869Z,"14 km E of Luperón, Dominican Republic",earthquake,,18.5,,37.0,reviewed,us,us,2005-07-23,34211,Dominican Republic,1
2005-08-07 10:44:58.390000+00:00,19.371,-69.042,108.6,4.6,mw,43.0,128.5,,0.71,us,usp000dwvz,2014-11-07T01:26:45.493Z,"35 km ENE of Samaná, Dominican Republic",earthquake,,7.6,,13.0,reviewed,us,us,2005-08-07,34237,Dominican Republic,1
2005-09-12 07:25:01.850000+00:00,17.617,-70.935,29.6,4.04,mw,4.0,355.7,,,us,usp000dz9v,2014-11-07T01:27:03.502Z,"44 km SE of Enriquillo, Dominican Republic",earthquake,,,,,reviewed,rspr,rspr,2005-09-12,34251,Dominican Republic,1
2005-09-27 08:36:54.650000+00:00,18.85,-70.306,85.2,5.03,mw,128.0,99.1,,0.65,us,usp000e0bz,2014-11-07T01:27:10.687Z,"1 km ENE of Piedra Blanca, Dominican Republic",earthquake,,,,55.0,reviewed,us,us,2005-09-27,34207,Dominican Republic,1
2005-10-31 07:27:40.470000+00:00,20.759,-70.074,89.1,4.31,mw,7.0,347.2,,,us,usp000e36v,2014-11-07T01:27:30.733Z,"117 km NNE of Cabarete, Dominican Republic",earthquake,,,,,reviewed,rspr,rspr,2005-10-31,34238,Dominican Republic,-1
2005-11-24 05:24:27.770000+00:00,19.813,-69.368,97.1,3.86,mw,10.0,287.6,,,us,usp000e4ta,2014-11-07T01:27:42.901Z,"58 km NNE of Las Terrenas, Dominican Republic",earthquake,,,,,reviewed,rspr,rspr,2005-11-24,34476,Dominican Republic,1
2005-11-29 18:53:19.970000+00:00,18.48,-68.649,179.5,3.86,mw,12.0,209.0,,,us,usp000e55w,2014-11-07T01:27:45.030Z,"6 km NNE of San Rafael del Yuma, Dominican Republic",earthquake,,,,,reviewed,rspr,rspr,2005-11-29,34478,Dominican Republic,1
2005-12-11 06:29:47.760000+00:00,17.833,-70.399,39.5,4.68,mw,12.0,159.5,,1.06,us,usp000e5yq,2014-11-07T01:27:52.673Z,"45 km S of Matanzas, Dominican Republic",earthquake,,13.7,,2.0,reviewed,us,us,2005-12-11,34383,Dominican Republic,1
2005-12-24 08:01:41.610000+00:00,18.505,-68.969,138.8,3.77,mw,14.0,345.2,,,us,usp000e6s0,2014-11-07T01:27:56.256Z,"8 km N of La Romana, Dominican Republic",earthquake,,,,,reviewed,rspr,rspr,2005-12-24,34487,Dominican Republic,1
2006-01-30 07:00:00.640000+00:00,19.433,-68.82,176.6,3.95,mw,6.0,341.0,,,us,usp000e94j,2014-11-07T01:28:10.649Z,"55 km NNE of Miches, Dominican Republic",earthquake,,,,,reviewed,rspr,rspr,2006-01-30,34453,Dominican Republic,1
2006-02-02 01:10:15.450000+00:00,19.038,-68.6,169.2,3.77,mw,7.0,340.2,,,us,usp000e99z,2014-11-07T01:28:13.999Z,"43 km N of Otra Banda, Dominican Republic",earthquake,,,,,reviewed,rspr,rspr,2006-02-02,34491,Dominican Republic,1
2006-02-24 00:17:10.630000+00:00,19.241,-69.273,137.7,4.6,mw,24.0,124.2,,,us,usp000eaqk,2014-11-07T01:28:21.464Z,"7 km ENE of Samaná, Dominican Republic",earthquake,,,,1.0,reviewed,rspr,us,2006-02-24,34388,Dominican Republic,1
2006-02-25 06:43:34.570000+00:00,18.264,-68.433,160.4,4.13,mw,28.0,104.9,,,us,usp000eau0,2014-11-07T01:28:21.796Z,"22 km SE of Boca de Yuma, Dominican Republic",earthquake,,,,,reviewed,rspr,rspr,2006-02-25,34450,Dominican Republic,1
2006-02-27 10:21:59.270000+00:00,19.332,-70.226,36.0,4.6,mw,41.0,43.2,,1.29,us,usp000eazk,2014-11-07T01:28:22.658Z,"4 km NE of San Francisco de Macorís, Dominican Republic",earthquake,,,,8.0,reviewed,us,us,2006-02-27,34400,Dominican Republic,1
2006-03-08 22:52:23+00:00,20.179,-69.995,54.2,3.95,mw,11.0,347.3,,,us,usp000ebpu,2014-11-07T01:28:29.629Z,"59 km N of Río San Juan, Dominican Republic",earthquake,,,,,reviewed,rspr,rspr,2006-03-08,34475,Dominican Republic,1
2006-03-12 02:08:41.420000+00:00,20.079,-70.33,65.2,4.43,mw,24.0,132.1,,1.28,us,usp000ebzn,2014-11-07T01:28:30.923Z,"37 km NNE of Cabarete, Dominican Republic",earthquake,,15.2,,5.0,reviewed,us,us,2006-03-12,34413,Dominican Republic,1
2006-03-23 06:54:39.120000+00:00,19.925,-68.957,108.5,3.77,mw,13.0,334.6,,,us,usp000ecrx,2014-11-07T01:28:34.550Z,"89 km NNE of Samaná, Dominican Republic",earthquake,,,,,reviewed,rspr,rspr,2006-03-23,34502,Dominican Republic,1
2006-05-27 02:32:39.900000+00:00,18.932,-69.018,189.8,3.95,mw,16.0,339.7,,,us,usp000ej1j,2014-11-07T01:29:11.631Z,"6 km SSE of Miches, Dominican Republic",earthquake,,,,,reviewed,rspr,rspr,2006-05-27,34711,Dominican Republic,1
2006-05-30 10:35:14.210000+00:00,20.107,-69.921,221.9,4.13,mw,12.0,341.9,,,us,usp000ejab,2014-11-07T01:29:13.057Z,"51 km N of Cabrera, Dominican Republic",earthquake,,,,,reviewed,rspr,rspr,2006-05-30,34638,Dominican Republic,1
2006-05-31 23:29:59.500000+00:00,20.621,-69.896,25.0,4.13,mw,19.0,176.7,,,us,usp000ejdj,2014-11-07T01:29:13.374Z,"108 km N of Cabrera, Dominican Republic",earthquake,,,,,reviewed,rspr,rspr,2006-05-31,34645,Dominican Republic,-1
2006-08-05 16:16:19.310000+00:00,20.34,-69.544,9.8,3.86,mw,13.0,336.7,,,us,usp000eqa5,2014-11-07T01:29:54.632Z,"85 km NNE of Cabrera, Dominican Republic",earthquake,,,,,reviewed,rspr,rspr,2006-08-05,34713,Dominican Republic,-1
2006-08-06 23:00:03.700000+00:00,18.069,-68.014,96.4,4.68,mw,89.0,93.2,,,us,usp000eqcv,2014-11-07T01:29:55.061Z,"70 km SE of Punta Cana, Dominican Republic",earthquake,,,,27.0,reviewed,rspr,us,2006-08-06,34637,Dominican Republic,1
2006-08-13 11:15:49.730000+00:00,18.306,-68.893,161.5,3.86,mw,16.0,344.3,,,us,usp000eqv8,2014-11-07T01:29:57.617Z,"15 km SSE of La Romana, Dominican Republic",earthquake,,,,,reviewed,rspr,rspr,2006-08-13,34712,Dominican Republic,1
2006-08-19 16:59:26.050000+00:00,18.879,-70.325,99.0,4.77,mw,75.0,57.7,,0.98,us,usp000eraw,2014-11-07T01:29:59.861Z,"3 km NNW of Piedra Blanca, Dominican Republic",earthquake,,,,29.0,reviewed,us,us,2006-08-19,34571,Dominican Republic,1
2006-09-18 06:52:00.670000+00:00,18.507,-68.378,166.5,3.77,mw,14.0,338.7,,,us,usp000etap,2014-11-07T01:30:14.551Z,"8 km SSE of Punta Cana, Dominican Republic",earthquake,,,,,reviewed,rspr,rspr,2006-09-18,34731,Dominican Republic,1
2006-10-18 23:59:22.080000+00:00,20.257,-70.237,124.3,4.13,mw,11.0,348.5,,,us,usp000evg9,2014-11-07T01:30:35.518Z,"58 km NNE of Cabarete, Dominican Republic",earthquake,,,,,reviewed,rspr,rspr,2006-10-18,34651,Dominican Republic,1
2006-10-19 12:28:47.920000+00:00,19.513,-68.882,144.9,3.95,mw,16.0,162.5,,,us,usp000evhc,2014-11-07T01:30:35.926Z,"58 km NE of Samaná, Dominican Republic",earthquake,,,,,reviewed,rspr,rspr,2006-10-19,34681,Dominican Republic,1
2006-10-20 21:09:56.190000+00:00,17.978,-68.524,161.8,4.94,mw,25.0,102.9,,,us,usp000evmr,2014-11-07T01:30:36.455Z,"45 km SSE of Boca de Yuma, Dominican Republic",earthquake,,,,1.0,reviewed,rspr,us,2006-10-20,34567,Dominican Republic,1
2006-10-25 04:40:49.950000+00:00,20.786,-69.101,3.0,3.86,mw,11.0,344.7,,,us,usp000evzc,2014-11-07T01:30:37.699Z,"151 km NNE of Cabrera, Dominican Republic",earthquake,,,,,reviewed,rspr,rspr,2006-10-25,34718,Dominican Republic,-1
2006-11-07 14:11:26.230000+00:00,19.717,-70.444,10.0,4.85,mw,26.0,45.9,,1.2,us,usp000ewtr,2022-07-14T09:07:19.998Z,"5 km SW of Cabarete, Dominican Republic",earthquake,,,,8.0,reviewed,us,us,2006-11-07,34570,Dominican Republic,1
2007-01-10 09:34:57.350000+00:00,19.127,-69.317,89.5,4.68,mw,27.0,88.1,,0.95,us,usp000f23r,2014-11-07T01:31:20.542Z,"8 km SSE of Samaná, Dominican Republic",earthquake,,12.4,,1.0,reviewed,us,us,2007-01-10,34801,Dominican Republic,1
2007-01-16 21:34:27.860000+00:00,18.865,-68.589,174.8,4.6,mw,21.0,87.6,,,us,usp000f2te,2014-11-07T01:31:23.770Z,"25 km NNE of Otra Banda, Dominican Republic",earthquake,,,,1.0,reviewed,rspr,us,2007-01-16,34835,Dominican Republic,1
2007-02-19 16:59:29.570000+00:00,19.549,-70.502,26.9,3.95,mw,13.0,232.5,,,us,usp000f55z,2014-11-07T01:31:39.988Z,"8 km NNE of San Víctor Arriba, Dominican Republic",earthquake,,,,,reviewed,rspr,rspr,2007-02-19,34853,Dominican Republic,1
2007-02-28 14:32:47.350000+00:00,18.253,-71.436,10.0,4.13,mw,6.0,195.9,,1.12,us,usp000f5um,2014-11-07T01:31:43.221Z,"11 km S of Mella, Dominican Republic",earthquake,,,,,reviewed,us,rspr,2007-02-28,34850,Dominican Republic,2
2007-03-06 07:03:11.800000+00:00,20.023,-70.856,66.3,4.22,mw,12.0,262.6,,,us,usp000f665,2014-11-07T01:31:49.307Z,"18 km NE of Luperón, Dominican Republic",earthquake,,,,,reviewed,rspr,rspr,2007-03-06,34844,Dominican Republic,1
2007-03-09 20:49:51.740000+00:00,18.189,-68.732,96.7,5.2,mw,171.0,42.5,,,us,usp000f6d1,2014-11-07T01:31:50.728Z,"24 km SSW of Boca de Yuma, Dominican Republic",earthquake,,,,84.0,reviewed,rspr,us,2007-03-09,34795,Dominican Republic,1
2007-05-25 06:44:47.320000+00:00,19.458,-70.505,63.7,3.77,mw,6.0,227.8,,,us,usp000fcpx,2014-11-07T01:32:31.595Z,Dominican Republic region,earthquake,,,,,reviewed,rspr,rspr,2007-05-25,35050,Dominican Republic region,1
2007-06-08 13:30:46.770000+00:00,18.834,-70.315,112.4,5.28,mw,235.0,38.1,,,us,usp000fdmg,2014-11-07T01:32:40.325Z,"1 km S of Piedra Blanca, Dominican Republic",earthquake,,,,100.0,reviewed,rspr,us,2007-06-08,34930,Dominican Republic,1
2007-06-14 09:37:04.590000+00:00,19.753,-70.632,30.0,4.43,mw,27.0,126.3,,1.21,us,usp000fdzu,2014-11-07T01:32:42.251Z,"4 km WNW of Monte Llano, Dominican Republic",earthquake,,0.0,,3.0,reviewed,us,us,2007-06-14,35034,Dominican Republic,1
2007-08-10 04:20:24.050000+00:00,18.819,-69.708,102.2,3.77,mw,12.0,181.2,,,us,usp000fjae,2014-11-07T01:33:13.915Z,"8 km E of Monte Plata, Dominican Republic",earthquake,,,,,reviewed,rspr,rspr,2007-08-10,35063,Dominican Republic,1
2007-09-06 12:36:24+00:00,17.311,-68.398,66.1,5.11,mw,188.0,22.2,,,us,usp000fmjg,2014-11-07T01:33:31.049Z,"120 km S of Boca de Yuma, Dominican Republic",earthquake,,,,83.0,reviewed,rspr,us,2007-09-06,34944,Dominican Republic,1
2007-09-13 17:00:26.030000+00:00,18.089,-68.408,86.6,5.11,mw,152.0,36.2,,,us,usp000fn5j,2014-11-07T01:33:34.657Z,"38 km SSE of Boca de Yuma, Dominican Republic",earthquake,,,,57.0,reviewed,rspr,us,2007-09-13,34950,Dominican Republic,1
2007-09-22 22:34:02.600000+00:00,17.597,-70.3,24.9,3.77,mw,15.0,297.9,,,us,usp000fnx5,2014-11-07T01:33:38.341Z,"72 km S of Nizao, Dominican Republic",earthquake,,,,,reviewed,rspr,rspr,2007-09-22,35065,Dominican Republic,1
2007-10-05 02:32:31.600000+00:00,19.43,-68.39,42.9,3.77,mw,16.0,228.8,,,us,usp000fpwv,2014-11-07T01:33:50.875Z,"84 km NE of Miches, Dominican Republic",earthquake,,,,,reviewed,rspr,rspr,2007-10-05,35071,Dominican Republic,1
2007-10-07 00:13:34.450000+00:00,19.313,-69.699,70.1,4.85,mw,68.0,63.5,,1.23,us,usp000fq16,2014-11-07T01:33:51.681Z,"12 km NW of Sánchez, Dominican Republic",earthquake,,5.5,,33.0,reviewed,us,us,2007-10-07,35007,Dominican Republic,1
2007-10-13 23:39:00+00:00,18.99,-68.654,107.1,3.77,mw,18.0,211.7,,,us,usp000fqg5,2014-11-07T01:33:55.652Z,"37 km N of Otra Banda, Dominican Republic",earthquake,,,,,reviewed,rspr,rspr,2007-10-13,35086,Dominican Republic,1
2007-10-28 02:21:18.930000+00:00,19.691,-71.451,115.4,4.31,mw,7.0,330.9,,,us,usp000freb,2014-11-07T01:34:00.128Z,"5 km S of Villa Vásquez, Dominican Republic",earthquake,,,,,reviewed,rspr,rspr,2007-10-28,35041,Dominican Republic,1
2007-12-16 08:10:37.740000+00:00,18.854,-69.414,99.9,4.77,mw,23.0,120.2,,0.93,us,usp000fujf,2014-11-07T01:34:25.944Z,"9 km NE of El Puerto, Dominican Republic",earthquake,,10.4,,2.0,reviewed,us,us,2007-12-16,35176,Dominican Republic,1
2008-01-26 03:04:01.760000+00:00,19.751,-70.693,72.5,4.31,mw,7.0,130.5,,,us,usp000fxfx,2014-11-07T01:34:46.056Z,"4 km S of Puerto Plata, Dominican Republic",earthquake,,,,,reviewed,rspr,rspr,2008-01-26,35177,Dominican Republic,1
2008-01-27 23:11:13.190000+00:00,19.521,-68.254,158.7,3.77,mw,11.0,218.4,,,us,usp000fxkh,2014-11-07T01:34:46.369Z,"102 km NE of Miches, Dominican Republic",earthquake,,,,,reviewed,rspr,rspr,2008-01-27,35241,Dominican Republic,1
2008-01-29 08:06:45.680000+00:00,19.812,-68.919,8.0,4.04,mw,8.0,341.3,,,us,usp000fxph,2014-11-07T01:34:46.665Z,"80 km NNE of Samaná, Dominican Republic",earthquake,,,,,reviewed,rspr,rspr,2008-01-29,35188,Dominican Republic,1
2008-02-07 14:49:51.320000+00:00,19.266,-68.906,126.4,4.04,mw,5.0,206.4,,,us,usp000fycu,2014-11-07T01:34:54.718Z,"34 km NNE of Miches, Dominican Republic",earthquake,,,,,reviewed,rspr,rspr,2008-02-07,35213,Dominican Republic,1
2008-03-03 06:27:49.300000+00:00,19.603,-70.328,10.0,4.77,mw,58.0,32.8,,0.99,us,usp000g0j8,2014-11-07T01:35:10.371Z,Dominican Republic region,earthquake,,,,17.0,reviewed,us,us,2008-03-03,35135,Dominican Republic region,1
2008-03-16 01:54:06.390000+00:00,19.379,-69.521,61.8,3.95,mw,6.0,210.0,,,us,usp000g1jy,2014-11-07T01:35:15.849Z,"7 km NNE of Las Terrenas, Dominican Republic",earthquake,,,,,reviewed,rspr,rspr,2008-03-16,35226,Dominican Republic,1
2008-03-31 01:27:28.210000+00:00,20.021,-69.22,19.4,3.77,mw,13.0,168.4,,,us,usp000g2s5,2014-11-07T01:35:22.083Z,"83 km ENE of Cabrera, Dominican Republic",earthquake,,,,,reviewed,rspr,rspr,2008-03-31,35244,Dominican Republic,1
2008-04-03 07:23:16.960000+00:00,18.972,-70.249,104.9,3.77,mw,7.0,188.0,,,us,usp000g30w,2014-11-07T01:35:28.937Z,"13 km SW of Cotuí, Dominican Republic",earthquake,,,,,reviewed,rspr,rspr,2008-04-03,35252,Dominican Republic,1
2008-04-11 17:34:09.050000+00:00,20.133,-69.834,189.5,4.04,mw,4.0,347.0,,,us,usp000g3pn,2014-11-07T01:35:35.684Z,"54 km N of Cabrera, Dominican Republic",earthquake,,,,,reviewed,rspr,rspr,2008-04-11,35179,Dominican Republic,1
2008-05-21 06:21:35.440000+00:00,19.242,-70.826,134.5,4.22,mw,10.0,218.6,,,us,usp000g7cr,2014-11-07T01:36:04.061Z,"2 km NNW of Juncalito Abajo, Dominican Republic",earthquake,,,,,reviewed,rspr,rspr,2008-05-21,35302,Dominican Republic,1
2008-05-23 14:33:50.500000+00:00,18.792,-69.6,107.5,3.77,mw,11.0,169.1,,,us,usp000g7jv,2014-11-07T01:36:04.833Z,"5 km NE of Bayaguana, Dominican Republic",earthquake,,,,,reviewed,rspr,rspr,2008-05-23,35408,Dominican Republic,1
2008-05-31 10:22:02.830000+00:00,18.799,-70.11,142.1,3.77,mw,6.0,178.0,,,us,usp000g870,2014-11-07T01:36:08.404Z,"8 km WSW of Esperalvillo, Dominican Republic",earthquake,,,,,reviewed,rspr,rspr,2008-05-31,35436,Dominican Republic,1
2008-07-18 10:55:59.400000+00:00,18.217,-68.232,78.4,3.86,mw,18.0,90.4,,,us,usp000gcgg,2014-11-07T01:36:39.902Z,"43 km ESE of Boca de Yuma, Dominican Republic",earthquake,,,,,reviewed,rspr,rspr,2008-07-18,35358,Dominican Republic,1
2008-07-22 13:29:27.720000+00:00,18.64,-68.339,127.3,3.86,mw,26.0,91.5,,,us,usp000gcw1,2014-11-07T01:36:41.479Z,"9 km NE of Punta Cana, Dominican Republic",earthquake,,,,,reviewed,rspr,rspr,2008-07-22,35376,Dominican Republic,1
2008-07-26 07:34:02.460000+00:00,19.511,-69.378,125.0,3.86,mw,6.0,340.2,,,us,usp000gd64,2014-11-07T01:36:43.172Z,"28 km NE of Las Terrenas, Dominican Republic",earthquake,,,,,reviewed,rspr,rspr,2008-07-26,35395,Dominican Republic,1
2008-08-13 23:03:09.670000+00:00,19.576,-69.974,10.0,4.94,mw,93.0,50.6,,1.11,us,usp000gem0,2014-11-07T01:36:53.748Z,"7 km WNW of La Entrada, Dominican Republic",earthquake,,,,37.0,reviewed,us,us,2008-08-13,35292,Dominican Republic,1
2008-09-01 18:11:47.630000+00:00,18.708,-68.673,137.6,3.86,mw,28.0,75.8,,,us,usp000gg5y,2014-11-07T01:37:05.584Z,"6 km N of Otra Banda, Dominican Republic",earthquake,,,,,reviewed,rspr,rspr,2008-09-01,35401,Dominican Republic,1
2008-09-07 00:36:51.870000+00:00,19.546,-70.422,110.1,3.95,mw,12.0,191.4,,,us,usp000ggjq,2014-11-07T01:37:08.530Z,"10 km WSW of Veragua Arriba, Dominican Republic",earthquake,,,,,reviewed,rspr,rspr,2008-09-07,35354,Dominican Republic,1
2008-09-14 19:39:24.670000+00:00,20.151,-70.711,36.2,4.43,mw,20.0,117.7,,1.1,us,usp000gh1z,2014-11-07T01:37:12.056Z,"38 km NE of Luperón, Dominican Republic",earthquake,,15.3,,2.0,reviewed,us,us,2008-09-14,35294,Dominican Republic,1
2008-10-12 11:40:17.020000+00:00,18.696,-71.275,5.0,4.13,mw,19.0,96.7,,,us,usp000gk2k,2014-11-07T01:37:27.830Z,"7 km NE of Vallejuelo, Dominican Republic",earthquake,,,,,reviewed,rspr,rspr,2008-10-12,35350,Dominican Republic,-1
2008-11-02 04:07:20.100000+00:00,19.004,-69.417,138.2,3.77,mw,10.0,192.0,,,us,usp000gmnw,2014-11-07T01:37:38.757Z,"5 km NW of El Valle, Dominican Republic",earthquake,,,,,reviewed,rspr,rspr,2008-11-02,35457,Dominican Republic,1
2008-11-06 05:59:14.840000+00:00,18.11,-70.943,80.3,3.95,mw,15.0,247.1,,,us,usp000gn28,2014-11-07T01:37:41.399Z,"17 km ENE of La Ciénaga, Dominican Republic",earthquake,,,,,reviewed,rspr,rspr,2008-11-06,35561,Dominican Republic,2
2008-11-08 05:11:59.650000+00:00,18.106,-69.885,133.5,3.77,mw,9.0,211.7,,,us,usp000gn7d,2014-11-07T01:37:42.070Z,"32 km ESE of Sabana Grande de Palenque, Dominican Republic",earthquake,,,,,reviewed,rspr,rspr,2008-11-08,35608,Dominican Republic,1
2008-11-27 22:29:25.160000+00:00,19.198,-69.358,125.1,3.86,mw,24.0,126.3,,,us,usp000gpjt,2014-11-07T01:37:48.515Z,"2 km WSW of Samaná, Dominican Republic",earthquake,,,,,reviewed,rspr,rspr,2008-11-27,35579,Dominican Republic,1
2008-12-18 17:13:47.920000+00:00,18.622,-69.408,104.4,5.1,mwc,339.0,30.7,,0.78,us,usp000gqvg,2025-12-22T15:15:47.284Z,"7 km N of Quisqueya, Dominican Republic",earthquake,,,,,reviewed,us,gcmt,2008-12-18,35463,Dominican Republic,1
2009-02-14 07:48:38.870000+00:00,18.674,-68.919,121.6,5.0,mwc,257.0,21.6,,,us,usp000gtye,2025-12-22T15:35:43.766Z,"11 km NNE of Guaymate, Dominican Republic",earthquake,,,,,reviewed,rspr,gcmt,2009-02-14,35482,Dominican Republic,1
2009-03-04 22:30:26.450000+00:00,18.286,-68.563,163.1,5.28,mw,112.0,69.6,,,us,usp000gumj,2022-07-15T05:11:53.042Z,"11 km SSE of Boca de Yuma, Dominican Republic",earthquake,,,,41.0,reviewed,rspr,us,2009-03-04,35461,Dominican Republic,1
2009-04-02 12:20:42.530000+00:00,19.655,-70.485,10.0,4.6,mw,43.0,86.3,,1.27,us,usp000gvp6,2022-07-15T06:51:44.595Z,"4 km WNW of Jamao al Norte, Dominican Republic",earthquake,,,,12.0,reviewed,us,us,2009-04-02,35503,Dominican Republic,1
2009-05-06 21:28:37.680000+00:00,19.304,-70.217,10.0,4.31,mw,15.0,139.5,,0.86,us,usp000gww8,2022-07-15T09:30:17.332Z,"3 km E of San Francisco de Macorís, Dominican Republic",earthquake,,,,,reviewed,us,us,2009-05-06,35751,Dominican Republic,1
2009-07-31 21:00:55.560000+00:00,18.744,-70.893,10.0,4.85,mw,67.0,50.9,,1.48,us,usp000gzvd,2014-11-07T01:39:23.514Z,"5 km ENE of Padre Las Casas, Dominican Republic",earthquake,,,,26.0,reviewed,us,us,2009-07-31,35728,Dominican Republic,1
2009-08-18 11:43:32.110000+00:00,18.168,-68.291,78.8,4.77,mw,39.0,68.7,,1.01,us,usp000h0kj,2014-11-07T01:39:32.134Z,"40 km SE of Boca de Yuma, Dominican Republic",earthquake,,4.8,,3.0,reviewed,us,us,2009-08-18,35751,Dominican Republic,1
2009-08-23 03:00:28+00:00,18.91,-69.287,82.2,4.94,mw,128.0,34.1,,,us,usp000h0s6,2022-07-15T16:21:55.770Z,"12 km SE of El Valle, Dominican Republic",earthquake,,,,54.0,reviewed,sdd,us,2009-08-23,35642,Dominican Republic,1
2009-08-23 12:02:57+00:00,18.888,-68.906,77.2,3.77,mw,16.0,184.7,,,us,usp000h0sk,2014-11-07T01:39:33.300Z,"18 km SE of Miches, Dominican Republic",earthquake,,,,,reviewed,sdd,sdd,2009-08-23,35763,Dominican Republic,1
2009-09-04 09:45:14.220000+00:00,19.872,-71.412,35.0,4.8,mwc,96.0,35.6,,1.17,us,usp000h17n,2016-11-10T02:16:54.303Z,"14 km NNE of Villa Vásquez, Dominican Republic",earthquake,,,,,reviewed,us,gcmt,2009-09-04,35746,Dominican Republic,1
2010-01-04 01:08:48.170000+00:00,18.321,-68.863,169.0,4.94,mw,52.0,46.9,,0.99,us,usp000h5p7,2014-11-07T01:40:24.550Z,"16 km SE of La Romana, Dominican Republic",earthquake,,4.0,,8.0,reviewed,us,us,2010-01-04,35955,Dominican Republic,1
2010-03-11 06:20:31.210000+00:00,19.744,-71.585,10.0,4.6,mw,19.0,99.7,,1.01,us,usp000h93y,2022-07-16T06:35:56.480Z,"9 km WNW of Castañuelas, Dominican Republic",earthquake,,,,1.0,reviewed,us,us,2010-03-11,35962,Dominican Republic,1
2010-03-15 17:25:46.330000+00:00,18.989,-69.68,118.0,5.11,mw,15.0,91.0,,1.15,us,usp000h9ey,2015-08-25T21:11:24.658Z,"8 km ENE of Gonzalo, Dominican Republic",earthquake,,15.7,,2.0,reviewed,us,us,2010-03-15,35885,Dominican Republic,1
2010-03-22 02:53:53+00:00,19.678,-70.944,38.2,4.6,mwr,103.0,28.0,,1.22,us,usp000h9u5,2014-11-07T01:41:04.222Z,"3 km N of Jicomé, Dominican Republic",earthquake,,5.6,,,reviewed,us,us,2010-03-22,35989,Dominican Republic,1
2010-04-18 20:16:39.400000+00:00,18.136,-68.515,84.5,5.1,mwc,300.0,29.1,,0.76,us,usp000hbmj,2025-12-22T15:46:26.609Z,"28 km SSE of Boca de Yuma, Dominican Republic",earthquake,,,,,reviewed,us,gcmt,2010-04-18,35951,Dominican Republic,1
2010-05-06 09:42:37.630000+00:00,19.692,-71.679,10.0,4.6,mw,22.0,100.9,,1.31,us,usp000hcd9,2014-11-07T01:41:27.313Z,"6 km E of Pepillo Salcedo, Dominican Republic",earthquake,,,,1.0,reviewed,us,us,2010-05-06,36037,Dominican Republic,1
2010-06-05 18:26:33+00:00,18.64,-67.98,77.5,4.51,mw,44.0,36.7,,,us,usp000hdmj,2014-11-07T01:41:38.914Z,"45 km E of Punta Cana, Dominican Republic",earthquake,,,,2.0,reviewed,rspr,us,2010-06-05,36173,Dominican Republic,1
2010-07-02 04:44:47.060000+00:00,18.318,-68.861,172.1,4.77,mw,158.0,34.1,,0.87,us,usp000het1,2022-07-18T15:31:42.093Z,"16 km SE of La Romana, Dominican Republic",earthquake,,2.4,,87.0,reviewed,us,us,2010-07-02,36007,Dominican Republic,1
2010-10-19 03:56:57.540000+00:00,19.281,-68.202,35.0,4.6,mw,52.0,34.3,,1.22,us,usp000hn92,2014-11-07T01:42:43.784Z,Dominican Republic region,earthquake,,,,2.0,reviewed,us,us,2010-10-19,36064,Dominican Republic region,1
2010-11-13 04:35:39.470000+00:00,17.874,-68.541,94.6,5.4,mwc,468.0,24.3,,0.78,us,usp000hpgf,2025-12-22T15:18:52.312Z,"56 km S of Boca de Yuma, Dominican Republic",earthquake,,,,,reviewed,us,gcmt,2010-11-13,36198,Dominican Republic,1
2011-02-13 19:25:26.660000+00:00,19.62,-67.865,12.9,4.77,mw,69.0,38.6,,,us,usp000hufp,2022-07-19T04:06:32.413Z,"128 km NNE of Punta Cana, Dominican Republic",earthquake,,,,18.0,reviewed,rspr,us,2011-02-13,36316,Dominican Republic,1
2011-03-11 00:25:28.810000+00:00,18.897,-68.855,166.1,3.77,mw,18.0,179.0,,,us,usp000hvnh,2014-11-07T01:43:54.441Z,"22 km ESE of Miches, Dominican Republic",earthquake,,,,,reviewed,rspr,rspr,2011-03-11,36321,Dominican Republic,1
2011-03-16 13:42:33.590000+00:00,19.033,-67.918,56.0,5.0,mwr,224.0,19.4,,,us,usp000hxgu,2025-12-22T16:00:22.345Z,"71 km NE of Punta Cana, Dominican Republic",earthquake,,,,,reviewed,rspr,us,2011-03-16,36290,Dominican Republic,1
2011-05-03 21:44:25.880000+00:00,19.64,-70.649,10.0,4.85,mw,14.0,114.8,,0.95,us,usp000j0z2,2014-11-07T01:44:44.556Z,"5 km N of Pedro García, Dominican Republic",earthquake,,,,1.0,reviewed,us,us,2011-05-03,36387,Dominican Republic,1
2011-05-21 18:29:14.790000+00:00,18.975,-67.888,25.5,5.03,mw,230.0,21.2,,,us,usp000j1yf,2022-07-19T15:59:17.874Z,"69 km NE of Punta Cana, Dominican Republic",earthquake,,,,129.0,reviewed,rspr,us,2011-05-21,36369,Dominican Republic,1
2011-06-01 03:46:43.650000+00:00,19.392,-68.898,95.3,3.77,mw,16.0,155.1,,,us,usp000j2hb,2014-11-07T01:44:58.697Z,"47 km NNE of Miches, Dominican Republic",earthquake,,,,,reviewed,rspr,rspr,2011-06-01,36476,Dominican Republic,1
2011-08-06 04:30:58.740000+00:00,18.343,-68.374,127.1,4.68,mw,112.0,32.3,,0.98,us,usp000j61q,2014-11-07T01:45:34.189Z,"25 km E of Boca de Yuma, Dominican Republic",earthquake,,3.3,,52.0,reviewed,us,us,2011-08-06,36398,Dominican Republic,1
2011-08-18 17:50:20.140000+00:00,18.745,-68.806,117.0,3.95,mw,17.0,179.4,,,us,usp000j6n6,2014-11-07T01:45:38.094Z,"17 km NW of Salvaleón de Higüey, Dominican Republic",earthquake,,,,,reviewed,rspr,rspr,2011-08-18,36464,Dominican Republic,1
2012-01-05 09:35:32.100000+00:00,18.325,-70.361,39.8,5.5,mww,373.0,35.3,,1.01,us,usp000jd2q,2026-03-22T01:47:08.669Z,"5 km NNW of Baní, Dominican Republic",earthquake,,3.2,,,reviewed,us,us,2012-01-05,36616,Dominican Republic,1
2012-01-19 06:28:19.090000+00:00,18.058,-68.755,102.9,5.28,mw,333.0,27.2,,0.85,us,usp000jdpf,2025-12-22T16:11:33.868Z,"38 km SSW of Boca de Yuma, Dominican Republic",earthquake,,1.9,,207.0,reviewed,us,us,2012-01-19,36630,Dominican Republic,1
2012-01-23 20:50:14.500000+00:00,19.542,-70.077,8.8,5.1,mwr,372.0,31.1,,0.75,us,usp000jdw6,2022-05-03T15:26:44.079Z,"11 km S of Río San Juan, Dominican Republic",earthquake,,4.6,,,reviewed,us,us,2012-01-23,36634,Dominican Republic,1
2012-03-13 04:15:06.990000+00:00,19.381,-68.068,30.6,4.5,mwr,128.0,36.9,,0.96,us,usp000jg5j,2015-03-24T02:28:59.867Z,"95 km NNE of Punta Cana, Dominican Republic",earthquake,,11.0,,,reviewed,us,us,2012-03-13,36684,Dominican Republic,1
2012-07-07 20:32:38.230000+00:00,18.243,-71.136,26.7,5.37,mw,644.0,18.7,,0.81,us,usp000jnqu,2022-05-03T15:43:41.629Z,"4 km SE of Pescadería, Dominican Republic",earthquake,,3.4,,299.0,reviewed,us,us,2012-07-07,36800,Dominican Republic,2
2012-07-11 09:11:21.460000+00:00,18.714,-69.37,106.9,4.85,mw,203.0,32.1,,0.86,us,usp000jnvh,2015-03-24T02:37:20.337Z,"11 km NW of Guayabo Dulce, Dominican Republic",earthquake,,3.5,,95.0,reviewed,us,us,2012-07-11,36804,Dominican Republic,1
2012-08-04 06:40:42.330000+00:00,18.885,-70.314,84.0,4.68,mw,208.0,49.6,,0.87,us,usp000jpvs,2015-03-24T01:31:45.586Z,"4 km N of Piedra Blanca, Dominican Republic",earthquake,,3.0,,146.0,reviewed,us,us,2012-08-04,36829,Dominican Republic,1
2012-08-05 21:51:24.930000+00:00,19.104,-69.599,85.0,4.77,mw,176.0,53.7,,0.88,us,usp000jpxq,2015-03-24T01:52:24.878Z,Dominican Republic region,earthquake,,3.5,,114.0,reviewed,us,us,2012-08-05,36828,Dominican Republic region,1
2012-10-15 02:46:40.590000+00:00,19.306,-69.132,74.8,4.85,mw,30.0,123.5,,0.89,us,usp000ju04,2015-03-24T01:33:25.185Z,"24 km ENE of Samaná, Dominican Republic",earthquake,,5.6,,23.0,reviewed,us,us,2012-10-15,36902,Dominican Republic,1
2012-10-17 03:30:48.410000+00:00,18.534,-70.74,10.0,5.03,mw,173.0,38.5,,1.19,us,usp000ju2x,2015-03-24T02:01:07.441Z,"6 km SSE of Peralta, Dominican Republic",earthquake,,,,159.0,reviewed,us,us,2012-10-17,36900,Dominican Republic,1
2012-10-21 15:07:29.810000+00:00,19.538,-69.84,10.0,4.77,mw,123.0,36.9,,1.04,us,usp000ju93,2015-03-24T02:05:46.095Z,"7 km ESE of La Entrada, Dominican Republic",earthquake,,,,63.0,reviewed,us,us,2012-10-21,36906,Dominican Republic,1
2012-12-27 21:44:37.790000+00:00,19.063,-71.75,5.4,4.43,mw,33.0,52.0,,1.13,us,usp000jxg8,2014-11-07T01:49:40.318Z,"5 km WSW of Bánica, Dominican Republic",earthquake,,8.4,,4.0,reviewed,us,us,2012-12-27,37061,Dominican Republic,-1
2013-03-25 04:36:01.970000+00:00,18.464,-69.003,111.9,4.51,mw,53.0,53.5,,1.17,us,us2013nebj,2014-11-07T01:50:23.073Z,"5 km NW of La Romana, Dominican Republic",earthquake,,4.5,,6.0,reviewed,us,us,2013-03-25,36973,Dominican Republic,1
2013-05-31 06:05:21.200000+00:00,18.0561,-68.3554,78.0,3.95,mw,38.0,259.2,0.45544585,0.31,pr,pr13151003,2015-01-30T13:17:53.802Z,"44 km SE of Boca de Yuma, Dominican Republic",earthquake,2.0,1.6,0.0,19.0,reviewed,pr,pr,2013-05-31,37238,Dominican Republic,1
2013-06-01 05:48:42.700000+00:00,19.3435,-68.174,23.0,4.13,mw,34.0,270.0,0.84800963,0.36,pr,pr13152001,2014-11-07T01:50:58.023Z,"87 km NNE of Punta Cana, Dominican Republic",earthquake,1.2,24.0,0.0,20.0,reviewed,pr,pr,2013-06-01,37235,Dominican Republic,1
2013-06-26 03:40:13.820000+00:00,18.638,-71.628,2.8,4.77,mw,23.0,57.0,,1.09,us,usp000k1g4,2014-11-07T01:51:07.541Z,"4 km NNE of Guayabal, Dominican Republic",earthquake,,6.1,,5.0,reviewed,us,us,2013-06-26,37129,Dominican Republic,2
2013-07-15 14:02:33.090000+00:00,19.29,-70.179,37.7,5.2,mw,320.0,28.0,,0.82,us,usb000ief5,2022-07-25T18:26:14.629Z,"7 km E of San Francisco de Macorís, Dominican Republic",earthquake,,5.5,,247.0,reviewed,us,us,2013-07-15,37128,Dominican Republic,1
2013-09-15 22:55:46.930000+00:00,19.8114,-70.2467,25.84,4.6,mw,,54.0,1.283,1.21,us,usc000jv3e,2013-11-19T17:38:08.000Z,"18 km ENE of Cabarete, Dominican Republic",earthquake,,5.5,0.06,,reviewed,us,us,2013-09-15,37154,Dominican Republic,1
2013-09-18 08:18:52.930000+00:00,18.6104,-70.6087,11.2,4.6,mw,,91.0,0.315,1.34,us,usc000jwy8,2022-07-25T22:18:12.777Z,"12 km WNW of San José de Ocoa, Dominican Republic",earthquake,,6.4,0.108,,reviewed,us,us,2013-09-18,37173,Dominican Republic,1
2013-10-12 09:39:49.970000+00:00,17.7215,-70.926,31.81,4.51,mw,,32.0,0.861,1.0,us,usb000kbkt,2013-12-24T01:43:00.000Z,"38 km ESE of Enriquillo, Dominican Republic",earthquake,,5.7,0.087,,reviewed,us,us,2013-10-12,37360,Dominican Republic,1
2013-10-25 10:34:56.270000+00:00,18.5602,-70.6596,26.4,4.68,mw,,25.0,0.325,1.12,us,usc000kmxt,2022-07-26T00:31:34.005Z,"11 km N of Estebanía, Dominican Republic",earthquake,,5.9,0.081,,reviewed,us,us,2013-10-25,37275,Dominican Republic,1
2013-11-22 23:24:47.890000+00:00,19.7157,-70.8376,15.88,4.1,mwr,,107.0,0.305,0.65,us,usb000l4vl,2022-07-26T02:15:10.791Z,"4 km SSW of Imbert, Dominican Republic",earthquake,,6.8,0.078,,reviewed,us,us,2013-11-22,37391,Dominican Republic,1
2013-11-25 03:00:30.900000+00:00,18.2014,-68.8376,153.0,3.86,mw,20.0,316.8,0.53180265,0.31,pr,pr13329000,2014-02-11T02:18:58.000Z,"28 km SSE of La Romana, Dominican Republic",earthquake,4.8,1.4,0.0,9.0,reviewed,pr,pr,2013-11-25,37402,Dominican Republic,1
2014-01-18 07:06:57.340000+00:00,18.5009,-69.7436,101.23,4.6,mw,,39.0,0.168,1.32,us,usb000m3le,2014-03-22T00:05:20.000Z,"12 km E of Santo Domingo Este, Dominican Republic",earthquake,,6.2,0.089,37.0,reviewed,us,us,2014-01-18,37306,Dominican Republic,1
2014-02-18 16:18:55.870000+00:00,18.4328,-69.1245,132.66,4.85,mw,,44.0,0.428,0.61,us,usc000mst1,2014-04-30T21:18:25.000Z,"13 km SSE of Ramón Santana, Dominican Republic",earthquake,,5.2,0.059,91.0,reviewed,us,us,2014-02-18,37262,Dominican Republic,1
2014-03-01 02:14:11.600000+00:00,18.9761,-69.5544,108.45,3.86,mw,,119.0,0.615,1.08,us,usb000myuy,2014-05-13T21:36:46.000Z,"18 km W of El Valle, Dominican Republic",earthquake,,12.8,,26.0,reviewed,us,pr,2014-03-01,37407,Dominican Republic,1
2014-03-06 21:56:45.900000+00:00,19.4685,-67.9251,52.0,4.61,mw,19.0,262.8,1.04204573,0.43,pr,pr14065002,2022-07-26T08:46:31.257Z,"110 km NNE of Punta Cana, Dominican Republic",earthquake,3.2,12.2,0.0,16.0,reviewed,pr,pr,2014-03-06,37303,Dominican Republic,1
2014-04-09 17:53:17.200000+00:00,18.507,-68.8046,127.0,3.86,mw,18.0,338.4,0.40154693,0.18,pr,pr14099004,2022-07-26T12:44:10.599Z,"15 km SW of Salvaleón de Higüey, Dominican Republic",earthquake,2.7,0.9,0.0,18.0,reviewed,pr,pr,2014-04-09,37610,Dominican Republic,1
2014-05-28 21:15:06.600000+00:00,18.045,-68.3509,90.0,5.51,mw,31.0,262.8,0.46712395,0.41,pr,pr14148004,2022-07-26T15:53:17.625Z,"45 km SE of Boca de Yuma, Dominican Republic",earthquake,2.9,2.0,0.0,12.0,reviewed,pr,pr,2014-05-28,37441,Dominican Republic,1
2014-07-11 02:31:46.110000+00:00,19.08,-69.2352,10.0,4.6,mw,,43.0,0.321,0.86,us,usb000rry9,2022-07-26T19:26:57.363Z,"16 km E of Sabana de la Mar, Dominican Republic",earthquake,,1.9,0.086,48.0,reviewed,us,us,2014-07-11,37534,Dominican Republic,1
2014-08-09 15:27:34.010000+00:00,19.4389,-70.5742,25.17,4.3,mwr,,45.0,0.145,1.18,us,usb000s1ku,2022-07-26T21:53:17.222Z,"2 km ENE of Licey al Medio, Dominican Republic",earthquake,,4.4,0.075,17.0,reviewed,us,us,2014-08-09,37606,Dominican Republic,1
2014-09-12 02:12:43.200000+00:00,19.0256,-68.8813,106.0,4.41,mw,13.0,183.6,0.69529603,0.25,pr,pr14255000,2022-07-27T01:39:47.544Z,"18 km ENE of Miches, Dominican Republic",earthquake,3.7,2.1,0.0,12.0,reviewed,pr,pr,2014-09-12,37597,Dominican Republic,1
2014-09-21 14:05:37.110000+00:00,19.2966,-69.8315,9.62,4.51,mw,,82.0,0.661,0.91,us,usb000seqt,2022-07-27T02:35:59.684Z,"6 km ESE of El Factor, Dominican Republic",earthquake,5.3,8.5,0.301,4.0,reviewed,us,us,2014-09-21,37563,Dominican Republic,1
2014-09-25 17:16:58.400000+00:00,18.256,-69.171,117.0,4.77,mw,,,,0.71,us,usb000sfyq,2022-07-27T02:59:36.371Z,"26 km SSE of San Pedro de Macorís, Dominican Republic",earthquake,7.3,5.2,0.17,11.0,reviewed,pr,us,2014-09-25,37490,Dominican Republic,1
2014-10-19 07:18:59.800000+00:00,19.5508,-68.2755,103.0,3.77,mw,23.0,158.4,1.54061071,0.4,pr,pr14292000,2022-07-27T05:14:18.035Z,"102 km NE of Miches, Dominican Republic",earthquake,1.8,4.3,0.0,21.0,reviewed,pr,pr,2014-10-19,37793,Dominican Republic,1
2014-10-25 04:47:47.510000+00:00,18.872,-70.0749,115.96,4.51,mw,,52.0,0.433,0.93,us,usb000sqhr,2022-07-27T05:57:21.150Z,"7 km NNW of Esperalvillo, Dominican Republic",earthquake,6.6,5.3,0.109,35.0,reviewed,us,us,2014-10-25,37709,Dominican Republic,1
2015-01-02 19:11:44.930000+00:00,19.7201,-70.9143,25.66,4.5,mwr,,28.0,0.34,1.01,us,usc000tbb2,2015-03-27T07:01:16.040Z,Dominican Republic region,earthquake,5.6,4.7,0.073,18.0,reviewed,us,us,2015-01-02,37720,Dominican Republic region,1
2015-01-13 11:16:28.230000+00:00,18.2644,-71.3634,10.0,4.7,mwr,,70.0,0.717,1.35,us,usc000tf5r,2022-07-27T14:10:44.469Z,"5 km WSW of Las Salinas, Dominican Republic",earthquake,5.9,1.8,0.083,14.0,reviewed,us,us,2015-01-13,37640,Dominican Republic,2
2015-01-20 21:52:05.840000+00:00,18.49,-69.0647,118.0,4.77,mw,,53.0,0.421,0.46,us,usc000thn6,2015-04-20T16:05:38.040Z,"11 km NW of La Romana, Dominican Republic",earthquake,7.0,2.3,0.131,18.0,reviewed,us,us,2015-01-20,37634,Dominican Republic,1
2015-03-27 18:13:52.240000+00:00,18.0607,-70.5943,20.12,4.3,mwr,,24.0,0.402,0.7,us,us10001ra3,2022-07-28T04:51:52.022Z,"24 km SSW of Sabana Buey, Dominican Republic",earthquake,4.2,2.6,0.069,20.0,reviewed,us,us,2015-03-27,37727,Dominican Republic,1
2015-06-05 05:43:32.960000+00:00,19.0503,-70.4236,82.83,4.43,mw,,113.0,0.472,0.91,us,us20002m7y,2022-07-31T11:26:07.399Z,"1 km SSW of Sabana del Puerto, Dominican Republic",earthquake,5.5,8.4,0.196,7.0,reviewed,us,us,2015-06-05,37903,Dominican Republic,1
2015-06-16 08:57:18.390000+00:00,19.6666,-70.3022,18.7,4.68,mw,,37.0,0.466,0.58,us,us20002q8i,2022-07-31T13:34:06.663Z,"5 km NNW of Gaspar Hernández, Dominican Republic",earthquake,5.3,4.9,0.059,81.0,reviewed,us,us,2015-06-16,37863,Dominican Republic,1
2015-06-21 17:01:23.860000+00:00,18.6089,-69.0115,111.05,4.68,mw,,73.0,0.605,0.79,us,us10002kq6,2015-09-01T00:53:53.040Z,"4 km NW of Guaymate, Dominican Republic",earthquake,7.2,7.9,0.129,17.0,reviewed,us,us,2015-06-21,37874,Dominican Republic,1
2015-07-15 13:00:03.200000+00:00,19.1625,-67.7817,50.0,4.38,mw,19.0,237.6,0.82555175,0.87,pr,pr15196001,2015-10-09T20:19:19.040Z,"91 km NE of Punta Cana, Dominican Republic",earthquake,5.8,18.1,0.0,16.0,reviewed,pr,pr,2015-07-15,37959,Dominican Republic,1
2015-07-24 19:51:19.710000+00:00,19.2523,-69.6553,82.14,4.6,mw,,40.0,0.529,1.15,us,us20002zyh,2022-07-31T20:31:30.441Z,"5 km WNW of Sánchez, Dominican Republic",earthquake,2.5,6.7,0.115,23.0,reviewed,us,us,2015-07-24,37879,Dominican Republic,1
2015-09-09 22:30:27.250000+00:00,18.3353,-71.4728,27.69,4.43,mw,,50.0,0.666,1.29,us,us20003hnj,2015-12-05T01:40:39.040Z,"6 km WSW of Mella, Dominican Republic",earthquake,2.6,7.0,0.184,8.0,reviewed,us,us,2015-09-09,37912,Dominican Republic,2
2015-11-16 08:50:11.400000+00:00,19.1709,-68.1969,35.0,3.95,mw,23.0,262.8,0.67643141,0.31,pr,pr15320007,2016-02-13T02:08:24.040Z,"68 km NNE of Punta Cana, Dominican Republic",earthquake,2.0,9.2,0.0,16.0,reviewed,pr,pr,2015-11-16,38152,Dominican Republic,1
2015-11-26 01:47:55.430000+00:00,18.4226,-70.4733,10.0,4.8,mwr,,38.0,0.529,0.94,us,us100041dx,2022-08-01T20:27:50.013Z,"14 km SSE of San José de Ocoa, Dominican Republic",earthquake,5.1,1.8,0.06,27.0,reviewed,us,us,2015-11-26,38037,Dominican Republic,1
2015-12-08 05:13:20.470000+00:00,19.6201,-69.8772,6.34,4.68,mw,,46.0,0.824,1.3,us,us10004519,2016-03-02T03:36:38.040Z,"3 km SE of Cabrera, Dominican Republic",earthquake,5.1,2.7,0.111,23.0,reviewed,us,us,2015-12-08,38049,Dominican Republic,1
2015-12-26 15:53:37.520000+00:00,19.6736,-70.6755,22.84,4.51,mw,,80.0,0.25,1.42,us,us100049p5,2022-08-02T01:03:36.932Z,"9 km NNW of Pedro García, Dominican Republic",earthquake,2.1,7.8,0.158,11.0,reviewed,us,us,2015-12-26,38067,Dominican Republic,1
2016-01-02 15:25:43.030000+00:00,19.7554,-71.5118,35.85,4.5,mwr,,89.0,0.63,1.19,us,us10004aw5,2022-08-07T08:38:47.225Z,"4 km NNW of Castañuelas, Dominican Republic",earthquake,4.5,7.5,0.047,43.0,reviewed,us,us,2016-01-02,38074,Dominican Republic,1
2016-02-24 08:18:20.530000+00:00,18.7323,-69.4158,101.94,4.94,mw,,27.0,0.545,0.64,us,us10004saw,2022-08-07T09:59:41.380Z,"7 km SE of El Puerto, Dominican Republic",earthquake,6.2,5.5,0.046,158.0,reviewed,us,us,2016-02-24,38027,Dominican Republic,1
2016-03-13 21:04:19.400000+00:00,18.523,-68.4535,152.0,4.04,mw,21.0,176.4,0.06827196,0.85,pr,pr16073005,2016-05-21T00:05:29.040Z,"8 km SW of Punta Cana, Dominican Republic",earthquake,8.8,3.2,0.0,19.0,reviewed,pr,pr,2016-03-13,38145,Dominican Republic,1
2016-03-20 06:06:23.700000+00:00,18.5415,-68.9815,114.0,4.31,mw,22.0,194.4,0.45095427,0.62,pr,pr16080002,2022-08-07T10:24:23.507Z,"5 km S of Guaymate, Dominican Republic",earthquake,4.9,2.5,0.0,16.0,reviewed,pr,pr,2016-03-20,38127,Dominican Republic,1
2016-05-19 13:12:11.150000+00:00,18.4808,-70.0986,69.25,4.85,mw,,83.0,0.173,1.12,us,us10005ifk,2016-07-22T19:39:13.040Z,"7 km N of San Cristóbal, Dominican Republic",earthquake,2.4,7.3,0.222,6.0,reviewed,us,us,2016-05-19,38218,Dominican Republic,1
2016-05-25 06:16:40.320000+00:00,18.9404,-70.2718,77.82,4.51,mw,,38.0,0.545,0.9,us,us20005xr4,2022-08-02T23:51:18.291Z,"11 km NNE of Piedra Blanca, Dominican Republic",earthquake,6.2,6.5,0.107,24.0,reviewed,us,us,2016-05-25,38280,Dominican Republic,1
2016-06-05 00:33:07.370000+00:00,19.6561,-69.9478,15.4,4.51,mw,,30.0,1.187,1.03,us,us2000623n,2022-08-03T00:50:34.174Z,"4 km WNW of Cabrera, Dominican Republic",earthquake,4.8,4.9,0.105,25.0,reviewed,us,us,2016-06-05,38308,Dominican Republic,1
2016-06-07 18:13:36.360000+00:00,18.8989,-69.2477,83.7,4.77,mw,,42.0,0.167,1.19,us,us200062kw,2016-08-18T00:36:34.040Z,"15 km N of Hato Mayor del Rey, Dominican Republic",earthquake,5.5,7.9,0.103,27.0,reviewed,us,us,2016-06-07,38231,Dominican Republic,1
2016-07-26 16:46:21.280000+00:00,18.4274,-71.4252,17.21,4.94,mw,,46.0,0.293,0.68,us,us20006hv1,2016-09-24T22:47:20.040Z,Dominican Republic region,earthquake,4.1,4.3,0.132,17.0,reviewed,us,us,2016-07-26,38212,Dominican Republic region,2
2016-08-23 15:49:44.700000+00:00,18.1033,-68.8768,139.0,3.77,mw,18.0,190.8,0.62253249,0.77,pr,pr16236007,2016-11-19T04:58:36.040Z,"37 km SSE of La Romana, Dominican Republic",earthquake,10.1,4.9,0.0,17.0,reviewed,pr,pr,2016-08-23,38312,Dominican Republic,1
2016-08-26 22:08:35.100000+00:00,19.1532,-69.6258,84.27,4.85,mw,,45.0,0.739,0.63,us,us20006uea,2016-11-29T01:28:41.040Z,"8 km S of Sánchez, Dominican Republic",earthquake,5.4,7.0,0.035,235.0,reviewed,us,us,2016-08-26,38229,Dominican Republic,1
2016-08-27 19:01:47.200000+00:00,18.5041,-68.2595,167.0,4.51,mw,24.0,154.8,0.11498436,1.09,pr,pr16240022,2016-11-29T01:28:42.040Z,"17 km ESE of Punta Cana, Dominican Republic",earthquake,7.9,3.7,0.0,21.0,reviewed,pr,pr,2016-08-27,38311,Dominican Republic,1
2016-10-06 00:52:55.330000+00:00,19.3559,-69.2966,10.0,4.6,mw,,124.0,0.57,0.94,us,us20007c8t,2017-01-03T21:10:46.040Z,"17 km NNE of Samaná, Dominican Republic",earthquake,2.6,1.9,0.214,6.0,reviewed,us,us,2016-10-06,38496,Dominican Republic,1
2016-11-13 02:09:43.400000+00:00,19.281,-68.9199,14.3,4.76,mw,48.0,216.0,0.26500301,1.46,pr,pr16318001,2017-02-09T03:02:20.040Z,"35 km NNE of Miches, Dominican Republic",earthquake,10.0,10.0,0.0,19.0,reviewed,pr,pr,2016-11-13,38485,Dominican Republic,1
2016-12-05 00:44:04.050000+00:00,18.595,-69.0608,135.97,4.85,mw,,39.0,0.649,0.96,us,us10007ev5,2017-03-03T07:06:02.040Z,"8 km W of Guaymate, Dominican Republic",earthquake,6.1,5.6,0.036,227.0,reviewed,us,us,2016-12-05,38390,Dominican Republic,1
2017-01-26 09:41:10.100000+00:00,17.8332,-68.7953,48.0,3.86,mw,16.0,302.4,0.7815343,0.94,pr,pr17026004,2017-04-19T18:31:00.040Z,"63 km SSW of Boca de Yuma, Dominican Republic",earthquake,9.6,23.8,0.0,13.0,reviewed,pr,pr,2017-01-26,38513,Dominican Republic,1
2017-02-16 12:51:55.140000+00:00,18.7629,-69.4026,101.91,4.94,mw,,48.0,0.571,0.79,us,us20008k7r,2017-05-13T01:03:22.040Z,"7 km ESE of El Puerto, Dominican Republic",earthquake,6.7,7.2,0.066,68.0,reviewed,us,us,2017-02-16,38352,Dominican Republic,1
2017-02-27 01:04:51.410000+00:00,18.9967,-70.0194,73.42,4.85,mw,,27.0,0.539,0.93,us,us20008mkq,2017-05-24T02:48:09.040Z,"4 km WSW of Cevicos, Dominican Republic",earthquake,5.3,6.5,0.039,197.0,reviewed,us,us,2017-02-27,38412,Dominican Republic,1
2017-03-16 00:54:58.170000+00:00,20.0785,-70.4459,17.21,4.77,mw,,62.0,0.7,0.97,us,us20008sed,2017-06-07T00:33:40.040Z,"36 km N of Cabarete, Dominican Republic",earthquake,4.2,4.8,0.068,63.0,reviewed,us,us,2017-03-16,38464,Dominican Republic,1
2017-04-03 02:45:08.800000+00:00,18.7451,-69.3395,90.88,4.6,mwr,,30.0,0.615,0.93,us,us10008e09,2017-06-23T07:26:27.040Z,"8 km WSW of Hato Mayor del Rey, Dominican Republic",earthquake,4.1,4.9,0.06,27.0,reviewed,us,us,2017-04-03,38563,Dominican Republic,1
2017-04-20 23:24:48.050000+00:00,18.2078,-69.3757,58.02,4.6,mw,,56.0,0.573,0.84,us,us10008jet,2017-07-11T01:48:39.040Z,"28 km SSW of San Pedro de Macorís, Dominican Republic",earthquake,5.5,11.0,0.092,33.0,reviewed,us,us,2017-04-20,38603,Dominican Republic,1
2017-05-05 01:06:01.990000+00:00,19.4979,-70.3822,22.35,4.43,mw,,121.0,0.333,1.37,us,us10008pjb,2017-07-29T03:16:22.040Z,"10 km N of Salsipuedes, Dominican Republic",earthquake,6.0,4.1,0.518,1.0,reviewed,us,us,2017-05-05,38637,Dominican Republic,1
2017-06-14 07:15:15.210000+00:00,18.9548,-69.6656,92.26,4.23,mw,,125.0,0.543,1.27,us,us20009mbm,2017-08-18T23:13:27.040Z,"9 km E of Gonzalo, Dominican Republic",earthquake,2.6,11.4,0.057,40.0,reviewed,us,us,2017-06-14,38652,Dominican Republic,1
2017-07-18 07:09:43.040000+00:00,17.9808,-68.1333,61.0,4.68,mw,21.0,244.0,0.588,0.78,pr,pr2017199001,2017-10-11T01:03:53.040Z,"66 km SE of Boca de Yuma, Dominican Republic",earthquake,4.75,5.97,0.16,18.0,reviewed,pr,pr,2017-07-18,38548,Dominican Republic,1
2017-08-02 21:25:20.840000+00:00,18.5143,-70.4576,34.42,4.0,mwr,,102.0,0.855,0.69,us,us10009j2j,2022-08-07T13:40:55.130Z,"6 km SE of San José de Ocoa, Dominican Republic",earthquake,2.9,7.0,0.093,11.0,reviewed,us,us,2017-08-02,38684,Dominican Republic,1
2017-08-28 14:47:58.340000+00:00,19.3024,-69.8709,10.0,4.85,mw,,69.0,0.818,0.69,us,us2000achp,2022-08-07T15:54:41.295Z,"2 km SE of El Factor, Dominican Republic",earthquake,1.9,1.9,0.09,36.0,reviewed,us,us,2017-08-28,38531,Dominican Republic,1
2017-09-03 11:52:46.290000+00:00,18.6003,-68.614,145.0,3.9,mw,18.0,344.0,0.2481,0.02,pr,pr2017246003,2017-12-07T20:00:07.040Z,"7 km SE of Otra Banda, Dominican Republic",earthquake,8.34,0.7,0.31,18.0,reviewed,pr,pr,2017-09-03,38695,Dominican Republic,1
2017-09-14 03:40:50.920000+00:00,18.2223,-68.791,133.0,4.06,mw,15.0,185.0,0.5028,0.56,pr,pr2017257000,2022-08-07T17:27:05.051Z,"25 km SW of Boca de Yuma, Dominican Republic",earthquake,6.68,2.56,0.27,14.0,reviewed,pr,pr,2017-09-14,38678,Dominican Republic,1
2017-09-20 09:15:22.090000+00:00,18.4155,-68.1485,172.14,4.51,mw,,169.0,0.648,0.79,us,us1000axhy,2017-12-19T01:54:08.040Z,"32 km SE of Punta Cana, Dominican Republic",earthquake,7.9,9.4,0.37,2.0,reviewed,us,us,2017-09-20,38769,Dominican Republic,1
2017-10-29 17:44:33.800000+00:00,18.4704,-70.4806,23.08,5.2,mw,,46.0,0.918,0.99,us,us1000aycn,2018-06-03T10:01:48.801Z,"8 km SSE of San José de Ocoa, Dominican Republic",earthquake,4.8,5.6,0.048,137.0,reviewed,us,us,2017-10-29,38701,Dominican Republic,1
2017-11-27 04:38:15.320000+00:00,19.354,-68.7938,154.0,3.89,mw,7.0,213.0,1.9018,0.59,pr,pr2017331000,2018-02-20T09:06:04.040Z,"48 km NNE of Miches, Dominican Republic",earthquake,12.61,8.27,0.1,7.0,reviewed,pr,pr,2017-11-27,38831,Dominican Republic,1
2018-01-28 12:19:52.870000+00:00,18.6211,-69.3789,92.42,4.68,mw,,114.0,0.952,0.6,us,us2000cqmi,2018-04-20T07:05:34.040Z,"7 km NNE of Quisqueya, Dominican Republic",earthquake,5.5,10.8,0.119,20.0,reviewed,us,us,2018-01-28,38740,Dominican Republic,1
2018-03-23 07:41:20.510000+00:00,18.5201,-69.0877,112.24,4.51,mw,,88.0,0.67,0.88,us,us1000d7v3,2022-08-08T01:27:27.458Z,"10 km ESE of Ramón Santana, Dominican Republic",earthquake,8.0,4.9,0.158,11.0,reviewed,us,us,2018-03-23,38957,Dominican Republic,1
2018-03-29 23:55:37.180000+00:00,18.03,-68.1463,55.0,3.78,mw,21.0,193.0,0.538,0.52,pr,pr2018088003,2018-06-22T21:32:15.040Z,"62 km SE of Boca de Yuma, Dominican Republic",earthquake,1.98,3.43,0.43,16.0,reviewed,pr,pr,2018-03-29,39019,Dominican Republic,1
2018-06-03 09:13:21.510000+00:00,18.9965,-69.6349,83.97,5.03,mw,,29.0,1.281,0.92,us,us1000ehsg,2018-09-23T06:04:38.273Z,"13 km ENE of Gonzalo, Dominican Republic",earthquake,6.0,7.2,0.04,186.0,reviewed,us,us,2018-06-03,38885,Dominican Republic,1
2018-07-18 05:22:28.670000+00:00,19.5942,-69.9202,10.0,4.68,mw,,65.0,1.428,1.05,us,us2000g7pw,2018-10-04T14:15:30.040Z,"4 km NNW of La Entrada, Dominican Republic",earthquake,5.3,1.9,0.201,7.0,reviewed,us,us,2018-07-18,38891,Dominican Republic,1
2018-08-04 11:42:15.840000+00:00,18.7315,-68.6561,155.0,4.04,mw,23.0,287.0,0.3504,0.3,pr,pr2018216007,2018-10-16T15:34:11.040Z,"9 km N of Otra Banda, Dominican Republic",earthquake,26.29,3.18,0.46,21.0,reviewed,pr,pr,2018-08-04,39002,Dominican Republic,1
2018-09-23 05:45:50.950000+00:00,19.6495,-71.2739,19.82,5.2,mww,,36.0,0.56,0.9,us,us2000hiw5,2022-05-03T19:31:30.712Z,"4 km S of Villa Elisa, Dominican Republic",earthquake,4.6,3.8,0.071,19.0,reviewed,us,us,2018-09-23,39069,Dominican Republic,1
2018-12-07 18:25:50.680000+00:00,19.4196,-68.0036,10.0,4.38,mw,21.0,217.0,0.9813,0.93,pr,pr2018341005,2019-02-16T19:52:30.040Z,"101 km NNE of Punta Cana, Dominican Republic",earthquake,3.72,31.61,0.38,19.0,reviewed,pr,pr,2018-12-07,39203,Dominican Republic,1
2018-12-22 14:12:17.530000+00:00,18.6142,-69.046,126.07,4.94,mw,,82.0,0.638,1.11,us,us2000iwal,2019-02-23T20:20:43.040Z,"7 km WNW of Guaymate, Dominican Republic",earthquake,6.2,5.8,0.068,64.0,reviewed,us,us,2018-12-22,39159,Dominican Republic,1
2019-02-04 14:33:48.810000+00:00,18.1358,-68.5523,74.0,5.13,mw,22.0,189.0,0.4149,0.8,pr,pr2019035005,2025-12-22T18:02:41.134Z,"27 km SSE of Boca de Yuma, Dominican Republic",earthquake,7.21,6.13,0.42,14.0,reviewed,pr,pr,2019-02-04,39144,Dominican Republic,1
2019-04-08 23:30:45.293000+00:00,18.806,-69.7558,77.85,4.68,mw,,63.0,0.355,0.85,us,us2000kcmq,2019-06-18T15:50:57.040Z,"2 km E of Monte Plata, Dominican Republic",earthquake,5.3,5.2,0.119,20.0,reviewed,us,us,2019-04-08,39314,Dominican Republic,1
2019-05-02 12:40:13.869000+00:00,18.0506,-69.2848,11.29,4.77,mw,,69.0,0.727,0.87,us,us70003fnt,2019-07-25T18:54:08.040Z,"44 km S of San Pedro de Macorís, Dominican Republic",earthquake,2.4,4.8,0.075,52.0,reviewed,us,us,2019-05-02,39290,Dominican Republic,1
2019-05-26 03:51:28.253000+00:00,19.5002,-70.36,10.0,4.68,mw,,125.0,0.354,1.37,us,us60003sac,2019-08-13T14:30:38.040Z,"9 km SSW of Veragua Arriba, Dominican Republic",earthquake,4.2,1.9,0.122,19.0,reviewed,us,us,2019-05-26,39329,Dominican Republic,1
2019-06-10 06:48:59.080000+00:00,19.5148,-68.1018,3.0,4.38,mw,22.0,223.0,1.1095,0.41,pr,pr2019161001,2019-08-27T17:48:04.040Z,"108 km NNE of Punta Cana, Dominican Republic",earthquake,3.61,2.24,0.4,22.0,reviewed,pr,pr,2019-06-10,39377,Dominican Republic,1
2019-07-28 16:02:11.300000+00:00,18.5533,-68.9601,144.0,5.03,mw,27.0,169.0,0.771,0.47,pr,pr2019209005,2019-10-11T20:12:45.040Z,"4 km SSE of Guaymate, Dominican Republic",earthquake,3.45,2.34,0.6,24.0,reviewed,pr,pr,2019-07-28,39266,Dominican Republic,1
2019-09-18 19:34:52.240000+00:00,19.5183,-69.9189,10.0,4.77,mw,,70.0,0.768,1.01,us,us70005hz7,2019-12-10T17:27:11.040Z,"2 km NW of Arroyo Salado, Dominican Republic",earthquake,3.3,1.9,0.179,9.0,reviewed,us,us,2019-09-18,39429,Dominican Republic,1
2019-12-22 02:56:10.700000+00:00,19.1865,-67.93,29.0,4.26,mw,15.0,325.0,0.92,0.52,pr,pr2019356000,2020-03-07T17:47:44.040Z,"83 km NE of Punta Cana, Dominican Republic",earthquake,3.26,31.4,0.32,12.0,reviewed,pr,pr,2019-12-22,39568,Dominican Republic,1
2020-01-05 08:29:00.140000+00:00,18.4125,-69.0219,114.89,4.77,mw,,40.0,0.505,0.83,us,us70006uyb,2020-03-21T17:13:36.040Z,"5 km WSW of La Romana, Dominican Republic",earthquake,6.5,4.5,0.094,33.0,reviewed,us,us,2020-01-05,39524,Dominican Republic,1
2020-02-02 00:11:39.510000+00:00,18.8986,-67.821,10.0,3.99,mw,12.0,321.0,0.6174,0.62,pr,pr2020033002,2021-02-19T19:19:19.893Z,"70 km ENE of Punta Cana, Dominican Republic",earthquake,3.78,31.61,0.18,7.0,reviewed,pr,pr,2020-02-02,39599,Dominican Republic,1
2020-02-04 00:10:56.440000+00:00,19.3141,-68.5781,12.0,4.54,mw,16.0,281.0,1.4394,0.88,pr,pr2020035000,2020-04-18T22:10:22.040Z,"61 km NE of Miches, Dominican Republic",earthquake,4.39,31.61,0.51,8.0,reviewed,pr,pr,2020-02-04,39566,Dominican Republic,1
2020-03-06 12:40:43.370000+00:00,17.9558,-68.3765,78.0,4.76,mw,13.0,203.0,0.9945,0.29,pr,pr2020066013,2020-05-23T22:03:08.040Z,"52 km SSE of Boca de Yuma, Dominican Republic",earthquake,2.43,3.13,0.32,4.0,reviewed,pr,pr,2020-03-06,39538,Dominican Republic,1
2020-04-30 12:26:38.810000+00:00,18.0668,-68.5173,45.0,3.79,mw,24.0,194.0,1.0856,0.55,pr,pr2020121013,2020-07-18T21:57:05.040Z,"35 km SSE of Boca de Yuma, Dominican Republic",earthquake,2.67,8.47,0.09,14.0,reviewed,pr,pr,2020-04-30,39726,Dominican Republic,1
2020-05-02 14:36:17.220000+00:00,18.8711,-68.7381,143.0,4.13,mw,23.0,289.0,1.2474,0.05,pr,pr2020123014,2020-07-18T21:57:12.040Z,"25 km NNW of Otra Banda, Dominican Republic",earthquake,7.44,1.56,0.16,10.0,reviewed,pr,pr,2020-05-02,39687,Dominican Republic,1
2020-05-06 19:00:38.410000+00:00,19.5295,-67.7218,44.0,4.26,mw,24.0,226.0,1.1705,0.76,pr,pr2020127012,2020-07-29T22:14:11.040Z,"127 km NE of Punta Cana, Dominican Republic",earthquake,3.5,19.53,0.34,21.0,reviewed,pr,pr,2020-05-06,39668,Dominican Republic,1
2020-05-14 21:03:57.714000+00:00,19.7819,-71.1292,10.0,4.77,mw,,57.0,0.517,0.95,us,us70009ga7,2020-08-02T00:31:56.040Z,"6 km SE of Estero Hondo, Dominican Republic",earthquake,4.5,1.9,0.072,56.0,reviewed,us,us,2020-05-14,39654,Dominican Republic,1
2020-05-15 18:31:31.223000+00:00,18.7292,-69.4594,105.87,4.6,mw,,76.0,0.094,1.07,us,us70009h2s,2020-08-02T00:31:07.040Z,"6 km S of El Puerto, Dominican Republic",earthquake,6.9,5.9,0.214,6.0,reviewed,us,us,2020-05-15,39656,Dominican Republic,1
2020-06-02 07:27:13.130000+00:00,19.6886,-68.9681,9.0,3.85,mw,30.0,215.0,0.4555,0.48,pr,pr2020154014,2020-08-15T20:20:04.040Z,"66 km NE of Samaná, Dominican Republic",earthquake,1.04,1.22,0.09,17.0,reviewed,pr,pr,2020-06-02,39693,Dominican Republic,1
2020-06-08 17:47:46.900000+00:00,19.0956,-67.7393,7.0,4.14,mw,24.0,235.0,0.7572,0.48,pr,pr2020160008,2020-08-18T17:59:07.040Z,"90 km NE of Punta Cana, Dominican Republic",earthquake,2.81,2.29,0.15,18.0,reviewed,pr,pr,2020-06-08,39669,Dominican Republic,1
2020-07-11 05:10:32.317000+00:00,20.2054,-70.8064,10.0,4.51,mw,,90.0,0.777,0.6,us,us7000altf,2020-09-19T20:58:07.040Z,"38 km NNE of Luperón, Dominican Republic",earthquake,3.9,1.5,0.145,13.0,reviewed,us,us,2020-07-11,39660,Dominican Republic,1
2020-10-05 07:15:57.520000+00:00,18.4695,-68.9628,101.0,3.91,mw,26.0,216.0,0.5831,0.09,pr,pr2020279006,2020-12-12T22:28:39.040Z,"4 km NNE of La Romana, Dominican Republic",earthquake,1.88,0.69,0.19,19.0,reviewed,pr,pr,2020-10-05,39952,Dominican Republic,1
2020-10-07 14:14:25.981000+00:00,19.0317,-70.3648,86.48,4.77,mw,,62.0,0.522,0.63,us,us6000c6fb,2022-08-09T00:56:22.330Z,"6 km SE of Sabana del Puerto, Dominican Republic",earthquake,4.2,5.8,0.101,28.0,reviewed,us,us,2020-10-07,39814,Dominican Republic,1
2020-10-19 09:00:48.741000+00:00,19.1372,-69.6051,10.0,4.94,mw,,136.0,0.407,1.15,us,us6000c9dc,2022-07-15T09:07:42.472Z,"10 km S of Sánchez, Dominican Republic",earthquake,4.2,2.0,0.033,279.0,reviewed,us,us,2020-10-19,39812,Dominican Republic,1
2020-11-04 17:45:11.370000+00:00,18.0815,-68.2286,79.0,4.46,mw,22.0,229.0,0.4586,0.34,pr,pr2020309007,2021-01-23T22:25:27.040Z,"51 km SE of Boca de Yuma, Dominican Republic",earthquake,2.32,1.75,0.17,16.0,reviewed,pr,pr,2020-11-04,39911,Dominican Republic,1
2020-11-27 12:19:42.781000+00:00,18.6637,-70.7761,10.0,4.6,mw,,81.0,0.579,0.94,us,us7000ckc2,2021-02-06T18:28:34.040Z,"9 km N of Peralta, Dominican Republic",earthquake,1.9,1.9,0.146,14.0,reviewed,us,us,2020-11-27,39865,Dominican Republic,1
2020-11-30 11:12:41.386000+00:00,18.2794,-71.3801,10.0,4.5,mwr,,46.0,0.163,0.64,us,us7000cl4u,2021-02-06T18:29:09.040Z,"6 km W of Las Salinas, Dominican Republic",earthquake,4.4,1.8,0.06,27.0,reviewed,us,us,2020-11-30,39881,Dominican Republic,2
2020-12-13 06:07:49.693000+00:00,19.5315,-70.3692,19.68,4.6,mw,,125.0,0.353,0.96,us,us7000cqq8,2021-02-20T16:11:37.040Z,"6 km SSW of Veragua Arriba, Dominican Republic",earthquake,3.6,4.5,0.064,67.0,reviewed,us,us,2020-12-13,39868,Dominican Republic,1
2021-01-12 19:16:27.853000+00:00,16.5221,-72.0398,14.17,4.77,mw,,70.0,2.457,0.87,us,us7000d22e,2021-03-20T21:24:52.040Z,"157 km SSW of Oviedo, Dominican Republic",earthquake,6.2,4.9,0.105,27.0,reviewed,us,us,2021-01-12,39826,Dominican Republic,-1
2021-02-03 16:03:23.790000+00:00,19.0905,-68.8785,8.0,3.93,mw,25.0,182.0,0.7613,1.03,pr,pr2021034012,2021-04-16T19:03:15.040Z,"21 km ENE of Miches, Dominican Republic",earthquake,2.25,31.61,0.1,14.0,reviewed,pr,pr,2021-02-03,39933,Dominican Republic,1
2021-02-22 15:06:35.891000+00:00,19.8403,-71.0541,10.0,4.77,mw,,109.0,0.513,0.87,us,us6000dk39,2021-05-04T14:16:19.040Z,"2 km NNE of Villa Isabela, Dominican Republic",earthquake,4.1,1.9,0.269,4.0,reviewed,us,us,2021-02-22,39842,Dominican Republic,1
2021-03-10 15:32:51.180000+00:00,18.5146,-68.8055,114.0,3.88,mw,23.0,233.0,0.4241,0.04,pr,pr2021069002,2021-05-21T19:49:06.040Z,"15 km SW of Salvaleón de Higüey, Dominican Republic",earthquake,3.29,1.07,0.13,14.0,reviewed,pr,pr,2021-03-10,40064,Dominican Republic,1
2021-03-31 01:43:16.591000+00:00,19.1729,-69.0456,7.95,4.51,mw,,126.0,0.497,0.76,us,us6000dxsw,2022-08-09T04:26:45.885Z,"20 km N of Miches, Dominican Republic",earthquake,2.1,7.0,0.139,14.0,reviewed,us,us,2021-03-31,40035,Dominican Republic,1
2021-05-16 12:14:51.533000+00:00,18.836,-70.3234,92.55,4.77,mw,,95.0,0.442,0.56,us,us7000e3ji,2021-07-24T21:07:20.040Z,"1 km SW of Piedra Blanca, Dominican Republic",earthquake,5.2,6.3,0.081,44.0,reviewed,us,us,2021-05-16,39989,Dominican Republic,1
2021-06-14 10:15:43.030000+00:00,18.1195,-68.496,87.0,4.91,mw,28.0,190.0,0.4107,0.42,pr,pr2021165003,2025-12-22T19:02:34.613Z,"31 km SSE of Boca de Yuma, Dominican Republic",earthquake,2.5,1.93,0.15,22.0,reviewed,pr,pr,2021-06-14,39968,Dominican Republic,1
2021-09-06 03:53:55.570000+00:00,18.9366,-68.7371,10.0,3.8,mw,27.0,213.0,0.5524,0.83,pr,pr2021249004,2021-11-17T17:24:15.040Z,"32 km NNW of Otra Banda, Dominican Republic",earthquake,1.6,31.61,0.16,22.0,reviewed,pr,pr,2021-09-06,40305,Dominican Republic,1
2021-09-19 16:47:56.610000+00:00,18.5528,-68.7521,129.0,3.99,mw,25.0,146.0,0.8564,0.02,pr,pr2021262007,2021-12-03T15:01:34.040Z,"8 km SW of Salvaleón de Higüey, Dominican Republic",earthquake,5.5,0.83,0.14,19.0,reviewed,pr,pr,2021-09-19,40275,Dominican Republic,1
2021-09-28 00:15:36.610000+00:00,18.6991,-69.3796,104.21,4.6,mw,,85.0,0.561,0.63,us,us7000ff0p,2021-12-04T14:30:01.040Z,"11 km WNW of Guayabo Dulce, Dominican Republic",earthquake,5.9,5.9,0.104,26.0,reviewed,us,us,2021-09-28,40161,Dominican Republic,1
2021-10-14 03:12:56.650000+00:00,18.3885,-68.221,143.0,4.5,mw,25.0,140.0,1.0897,0.31,pr,pr2021287001,2021-12-18T19:59:03.040Z,"28 km SE of Punta Cana, Dominican Republic",earthquake,1.98,1.21,0.1,20.0,reviewed,pr,pr,2021-10-14,40170,Dominican Republic,1
2021-11-22 07:42:47.936000+00:00,19.6314,-70.7475,10.0,4.5,mwr,,34.0,0.203,0.74,us,us7000fw4z,2022-01-29T22:55:20.040Z,"4 km SSE of Río Grande, Dominican Republic",earthquake,3.7,1.8,0.059,28.0,reviewed,us,us,2021-11-22,40186,Dominican Republic,1
2022-01-11 22:43:15.821000+00:00,19.2906,-69.8457,10.0,4.16,mw,,130.0,0.825,1.05,us,us7000gb4e,2022-03-19T22:07:49.040Z,"5 km SE of El Factor, Dominican Republic",earthquake,2.5,2.0,0.051,51.0,reviewed,us,us,2022-01-11,40225,Dominican Republic,1
2022-01-30 05:45:30.631000+00:00,18.2581,-71.3864,10.0,4.68,mw,,45.0,0.726,0.58,us,us7000ggcc,2022-04-15T17:57:04.040Z,"7 km WSW of Las Salinas, Dominican Republic",earthquake,4.0,1.8,0.122,19.0,reviewed,us,us,2022-01-30,40148,Dominican Republic,2
2022-02-10 18:44:16.470000+00:00,19.3426,-68.1043,10.0,3.93,mw,29.0,208.0,0.8738,0.64,pr,pr2022041000,2022-04-19T17:39:45.040Z,"89 km NNE of Punta Cana, Dominican Republic",earthquake,2.38,31.61,0.08,20.0,reviewed,pr,pr,2022-02-10,40294,Dominican Republic,1
2022-03-24 11:54:01.362000+00:00,18.5051,-69.2343,150.48,4.51,mw,,87.0,0.649,0.58,us,us7000gwvb,2024-01-17T22:29:09.048Z,"7 km SW of Ram?n Santana, Dominican Republic",earthquake,6.7,6.2,0.197,8.0,reviewed,us,us,2022-03-24,40380,Dominican Republic,1
2022-04-11 03:33:24.380000+00:00,18.7661,-68.6315,117.0,3.97,mw,27.0,153.0,0.7643,0.66,pr,pr2022101000,2022-06-20T22:07:46.040Z,"13 km NNE of Otra Banda, Dominican Republic",earthquake,6.73,4.17,0.1,23.0,reviewed,pr,pr,2022-04-11,40429,Dominican Republic,1
2022-04-20 20:27:35.290000+00:00,17.9673,-68.4473,83.0,3.97,mw,25.0,198.0,0.5506,0.51,pr,pr2022110000,2022-06-26T01:20:13.040Z,"48 km SSE of Boca de Yuma, Dominican Republic",earthquake,3.03,2.98,0.11,19.0,reviewed,pr,pr,2022-04-20,40455,Dominican Republic,1
2022-04-26 08:09:11.370000+00:00,17.3315,-68.7538,96.0,3.86,mw,26.0,263.0,1.2396,0.8,pr,pr2022116000,2022-07-05T03:40:53.040Z,"116 km S of Boca de Yuma, Dominican Republic",earthquake,6.13,10.67,0.07,16.0,reviewed,pr,pr,2022-04-26,40476,Dominican Republic,1
2022-05-24 05:50:01.382000+00:00,20.2341,-69.2006,10.0,4.77,mw,86.0,54.0,1.646,0.8,us,us7000hc51,2022-08-02T19:50:47.040Z,"98 km NE of Cabrera, Dominican Republic",earthquake,5.0,1.9,0.068,63.0,reviewed,us,us,2022-05-24,40365,Dominican Republic,1
2022-05-25 03:27:33.855000+00:00,17.6168,-72.1176,16.69,4.51,mw,64.0,82.0,1.57,0.73,us,us7000hccf,2022-08-02T19:50:50.040Z,"61 km SW of Pedernales, Dominican Republic",earthquake,6.4,4.4,0.111,22.0,reviewed,us,us,2022-05-25,40374,Dominican Republic,-1
2022-06-04 10:19:58.421000+00:00,18.512,-70.4023,34.49,4.43,mw,34.0,93.0,0.463,0.44,us,us7000hewx,2022-08-13T21:52:19.040Z,"11 km W of El Cacao, Dominican Republic",earthquake,4.8,16.6,0.164,11.0,reviewed,us,us,2022-06-04,40409,Dominican Republic,1
2022-06-14 23:03:58.790000+00:00,19.0106,-68.8336,10.0,3.87,mw,32.0,153.0,0.4513,0.77,pr,pr2022165001,2022-08-21T00:17:21.040Z,"22 km E of Miches, Dominican Republic",earthquake,1.24,31.61,0.23,29.0,reviewed,pr,pr,2022-06-14,40468,Dominican Republic,1
2022-07-10 06:52:32.810000+00:00,18.8736,-68.3085,125.0,3.78,mw,18.0,248.0,0.9628,0.28,pr,pr2022191005,2022-09-24T21:26:03.040Z,"33 km NNE of Punta Cana, Dominican Republic",earthquake,3.63,2.76,0.04,6.0,reviewed,pr,pr,2022-07-10,40497,Dominican Republic,1
2022-07-15 08:53:26.421000+00:00,19.342,-70.6473,34.09,4.43,mw,27.0,114.0,0.114,0.62,us,us6000i2me,2022-09-24T21:25:34.040Z,"6 km ENE of Baitoa, Dominican Republic",earthquake,4.4,8.6,0.173,9.0,reviewed,us,us,2022-07-15,40408,Dominican Republic,1
2022-07-22 21:45:49.470000+00:00,18.3058,-68.1048,167.0,4.0,mw,24.0,332.0,0.6306,0.23,pr,pr2022203000,2022-09-27T16:57:16.040Z,"43 km SE of Punta Cana, Dominican Republic",earthquake,2.57,0.98,0.1,16.0,reviewed,pr,pr,2022-07-22,40419,Dominican Republic,1
2022-07-23 07:30:26.840000+00:00,19.4196,-68.8483,14.0,3.92,mw,25.0,228.0,0.3638,0.89,pr,pr2022204004,2022-10-01T22:09:44.040Z,"52 km NNE of Miches, Dominican Republic",earthquake,3.26,4.88,0.1,23.0,reviewed,pr,pr,2022-07-23,40460,Dominican Republic,1
2022-07-31 16:37:55.759000+00:00,19.9416,-71.778,10.0,5.03,mw,92.0,57.0,1.675,0.6,us,us6000i701,2024-01-18T16:42:02.978Z,"17 km NW of San Fernando de Monte Cristi, Dominican Republic",earthquake,6.56,1.822,0.033,280.0,reviewed,us,us,2022-07-31,40347,Dominican Republic,1
2022-08-21 09:05:43.240000+00:00,18.5243,-68.7741,120.0,3.88,mw,19.0,114.0,0.3928,0.07,pr,pr2022233001,2022-11-01T15:12:40.040Z,"12 km SW of Salvaleón de Higüey, Dominican Republic",earthquake,1.41,0.96,0.14,17.0,reviewed,pr,pr,2022-08-21,40467,Dominican Republic,1
2022-09-09 19:24:08.844000+00:00,19.6416,-70.0424,17.987,4.31,mw,33.0,132.0,0.681,1.09,us,us6000iiif,2022-11-15T19:05:54.040Z,"3 km E of Río San Juan, Dominican Republic",earthquake,6.46,6.792,0.053,46.0,reviewed,us,us,2022-09-09,40616,Dominican Republic,1
2022-10-01 17:31:44.024000+00:00,18.517,-69.1524,120.764,5.03,mw,165.0,34.0,0.727,0.64,us,us6000iq18,2022-12-10T22:52:35.040Z,"4 km SE of Ramón Santana, Dominican Republic",earthquake,6.25,2.022,0.026,458.0,reviewed,us,us,2022-10-01,40516,Dominican Republic,1
2022-10-08 09:37:14.130000+00:00,19.0178,-68.2176,58.0,3.82,mw,30.0,174.0,0.5298,0.6,pr,pr2022281001,2022-12-17T22:53:42.040Z,"52 km NNE of Punta Cana, Dominican Republic",earthquake,2.81,5.71,0.09,22.0,reviewed,pr,pr,2022-10-08,40658,Dominican Republic,1
2022-10-13 04:59:28.790000+00:00,18.6445,-67.8475,75.0,3.77,mw,31.0,188.0,0.4509,0.36,pr,pr2022286000,2022-12-17T22:53:59.040Z,"59 km E of Punta Cana, Dominican Republic",earthquake,1.68,1.38,0.09,27.0,reviewed,pr,pr,2022-10-13,40676,Dominican Republic,1
2022-10-23 05:05:39.610000+00:00,18.7546,-68.7326,119.0,4.37,mw,34.0,179.0,0.4258,0.65,pr,pr2022296000,2023-01-03T15:23:30.040Z,"13 km NNW of Otra Banda, Dominican Republic",earthquake,5.85,2.26,0.08,29.0,reviewed,pr,pr,2022-10-23,40594,Dominican Republic,1
2022-10-27 17:16:23.960000+00:00,18.0263,-68.4605,83.0,4.59,mw,32.0,194.0,0.494,0.49,pr,pr2022300001,2023-01-03T15:23:24.040Z,"42 km SSE of Boca de Yuma, Dominican Republic",earthquake,2.2,1.64,0.1,16.0,reviewed,pr,pr,2022-10-27,40550,Dominican Republic,1
2022-11-26 05:00:37.490000+00:00,19.4346,-68.9561,100.0,3.81,mw,19.0,228.0,0.2736,0.59,pr,pr2022330000,2022-11-26T06:27:55.105Z,Dominican Republic region,earthquake,4.97,3.67,0.13,12.0,reviewed,pr,pr,2022-11-26,40661,Dominican Republic region,1
2022-12-18 07:59:04.120000+00:00,18.3228,-68.762,119.0,4.08,mw,26.0,177.0,1.0567,0.59,pr,pr2022352001,2023-02-28T23:06:25.040Z,"15 km SW of San Rafael del Yuma, Dominican Republic",earthquake,3.42,2.36,0.14,22.0,reviewed,pr,pr,2022-12-18,40625,Dominican Republic,1
2022-12-27 08:58:59.503000+00:00,19.5621,-70.4772,10.0,4.68,mw,76.0,81.0,0.364,0.78,us,us6000jbxx,2023-03-07T18:59:52.040Z,"8 km SSW of Jamao al Norte, Dominican Republic",earthquake,3.9,1.616,0.068,62.0,reviewed,us,us,2022-12-27,40545,Dominican Republic,1
2023-01-29 18:32:35.083000+00:00,19.2312,-69.9049,18.698,4.4,mwr,95.0,41.0,0.764,0.74,us,us6000jk6t,2023-04-13T21:53:09.040Z,"5 km N of Villa Riva, Dominican Republic",earthquake,6.03,3.761,0.046,45.0,reviewed,us,us,2023-01-29,40564,Dominican Republic,1
2023-02-01 11:11:17.048000+00:00,17.9475,-70.3727,47.1,5.0,mwr,235.0,23.0,0.671,0.53,us,us6000jkqk,2026-03-21T21:42:27.245Z,"33 km S of Matanzas, Dominican Republic",earthquake,5.27,6.694,0.042,55.0,reviewed,us,us,2023-02-01,40538,Dominican Republic,1
2023-02-16 21:53:20.374000+00:00,19.0655,-69.1139,10.0,4.51,mw,43.0,50.0,0.885,0.63,us,us6000jpg7,2023-04-22T21:33:14.040Z,Dominican Republic region,earthquake,4.64,1.813,0.198,7.0,reviewed,us,us,2023-02-16,40560,Dominican Republic region,1
2023-03-05 10:18:25.980000+00:00,19.1148,-68.1613,74.0,3.88,mw,24.0,263.0,0.6399,0.42,pr,pr2023064000,2023-05-15T02:50:39.040Z,"64 km NNE of Punta Cana, Dominican Republic",earthquake,3.55,4.79,0.12,20.0,reviewed,pr,pr,2023-03-05,40800,Dominican Republic,1
2023-03-13 09:04:59.566000+00:00,18.5056,-70.3975,10.0,4.94,mw,58.0,92.0,0.458,0.76,us,us7000jjhw,2023-05-20T23:20:19.040Z,"10 km WSW of El Cacao, Dominican Republic",earthquake,4.89,1.862,0.044,152.0,reviewed,us,us,2023-03-13,40693,Dominican Republic,1
2023-03-17 03:26:18.310000+00:00,19.2768,-67.8263,96.0,4.14,mw,20.0,252.0,0.9435,0.58,pr,pr2023076000,2023-05-20T23:20:31.040Z,"98 km NE of Punta Cana, Dominican Republic",earthquake,4.97,7.42,0.1,17.0,reviewed,pr,pr,2023-03-17,40753,Dominican Republic,1
2023-04-17 16:51:18.724000+00:00,19.3901,-70.1273,10.0,4.85,mw,80.0,52.0,0.69,0.8,us,us6000k53x,2023-07-03T02:47:28.040Z,"16 km NE of San Francisco de Macorís, Dominican Republic",earthquake,5.19,1.852,0.076,51.0,reviewed,us,us,2023-04-17,40701,Dominican Republic,1
2023-04-21 12:24:37.903000+00:00,19.1702,-69.0455,12.708,4.77,mw,60.0,50.0,0.906,0.78,us,us6000k627,2023-07-03T02:46:49.040Z,Dominican Republic region,earthquake,3.86,4.821,0.077,48.0,reviewed,us,us,2023-04-21,40736,Dominican Republic region,1
2023-05-03 20:02:16.410000+00:00,18.3108,-68.7168,127.0,4.02,mw,23.0,229.0,0.3921,0.26,pr,pr2023123000,2023-07-15T22:09:32.040Z,"13 km WSW of Boca de Yuma, Dominican Republic",earthquake,1.93,0.98,0.14,16.0,reviewed,pr,pr,2023-05-03,40767,Dominican Republic,1
2023-05-04 08:32:19.200000+00:00,18.6218,-68.7691,163.0,3.89,mw,13.0,138.0,0.4024,0.66,pr,pr2023124002,2023-07-15T22:09:38.040Z,"6 km W of Salvaleón de Higüey, Dominican Republic",earthquake,4.75,2.61,0.13,10.0,reviewed,pr,pr,2023-05-04,40791,Dominican Republic,1
2023-05-18 08:43:56.162000+00:00,19.7455,-70.7991,15.26,4.8,mwr,161.0,52.0,0.272,0.79,us,us6000kcrq,2023-12-26T07:37:49.691Z,Dominican Republic region,earthquake,6.09,3.144,0.046,45.0,reviewed,us,us,2023-05-18,40705,Dominican Republic region,1
2023-06-11 22:47:37.617000+00:00,18.3937,-69.1268,132.71,4.51,mw,34.0,82.0,0.718,0.57,us,us7000k7wr,2023-08-21T04:18:42.040Z,"16 km WSW of La Romana, Dominican Republic",earthquake,6.88,3.96,0.213,6.0,reviewed,us,us,2023-06-11,40740,Dominican Republic,1
2023-06-20 03:43:00.270000+00:00,17.9806,-68.5235,93.0,3.85,mw,25.0,201.0,0.5519,0.32,pr,pr2023171000,2024-01-18T20:18:44.144Z,"44 km SSE of Boca de Yuma, Dominican Republic",earthquake,1.65,1.49,0.09,21.0,reviewed,pr,pr,2023-06-20,40838,Dominican Republic,1
2023-07-28 01:52:21.095000+00:00,19.1575,-69.6581,87.208,4.51,mw,33.0,67.0,0.733,0.89,us,us6000kw1m,2023-09-30T21:36:32.040Z,"9 km SSW of Sánchez, Dominican Republic",earthquake,6.37,4.134,0.127,18.0,reviewed,us,us,2023-07-28,40752,Dominican Republic,1
2023-09-20 07:00:42.026000+00:00,19.6269,-70.8901,23.565,4.85,mw,70.0,46.0,0.153,0.89,us,us7000kwum,2023-12-02T23:01:08.040Z,Dominican Republic region,earthquake,4.79,4.425,0.043,157.0,reviewed,us,us,2023-09-20,40910,Dominican Republic region,1
2023-09-28 12:05:00.359000+00:00,18.7377,-69.7863,105.196,4.6,mw,41.0,67.0,0.3,0.78,us,us6000lbd0,2023-12-09T22:00:40.040Z,"7 km S of Monte Plata, Dominican Republic",earthquake,6.26,4.804,0.167,10.0,reviewed,us,us,2023-09-28,40951,Dominican Republic,1
2023-10-08 07:22:33.382000+00:00,18.4086,-71.5686,10.442,4.77,mw,77.0,49.0,0.629,0.75,us,us6000ldz3,2023-12-16T22:13:05.040Z,"5 km NW of Duvergé, Dominican Republic",earthquake,4.37,5.06,0.065,67.0,reviewed,us,us,2023-10-08,40943,Dominican Republic,2
2023-11-10 17:22:30.357000+00:00,19.639,-71.6347,35.744,5.0,mww,208.0,48.0,0.731,0.7,us,us7000la5h,2024-10-14T16:40:28.877Z,"12 km NE of Dajabón, Dominican Republic",earthquake,5.75,4.299,0.066,22.0,reviewed,us,us,2023-11-10,40900,Dominican Republic,1
2023-11-12 22:25:15.640000+00:00,18.513,-68.7368,122.0,3.89,mw,17.0,160.0,0.3554,0.39,pr,pr2023316000,2024-01-26T16:37:38.040Z,"11 km NW of San Rafael del Yuma, Dominican Republic",earthquake,1.57,1.19,0.04,9.0,reviewed,pr,pr,2023-11-12,40965,Dominican Republic,1
2023-11-18 07:01:07.840000+00:00,18.225,-68.642,94.0,3.77,mw,10.0,236.0,1.1966,0.44,pr,pr2023322000,2024-01-26T16:37:26.040Z,"17 km SSW of Boca de Yuma, Dominican Republic",earthquake,5.18,4.97,0.04,5.0,reviewed,pr,pr,2023-11-18,41015,Dominican Republic,1
2023-12-02 07:05:33.672000+00:00,18.4433,-69.1547,105.881,4.68,mw,35.0,93.0,0.724,0.57,us,us7000lfb2,2024-02-06T21:53:57.040Z,"11 km SSE of Ramón Santana, Dominican Republic",earthquake,7.05,4.202,0.147,14.0,reviewed,us,us,2023-12-02,40945,Dominican Republic,1
2023-12-10 08:50:01.870000+00:00,19.1641,-68.4436,155.0,3.86,mw,10.0,336.0,1.2401,0.49,pr,pr2023344000,2023-12-10T09:45:32.489Z,"61 km NNE of Otra Banda, Dominican Republic",earthquake,12.88,10.53,0.12,7.0,reviewed,pr,pr,2023-12-10,40985,Dominican Republic,1
2023-12-22 18:30:13.480000+00:00,19.5388,-68.8215,10.0,5.25,mwp,20.0,224.0,0.4432,0.46,pr,pr2023356000,2024-02-27T22:57:04.040Z,"65 km NE of Samaná, Dominican Republic",earthquake,2.23,31.61,0.0,0.0,reviewed,pr,pr,2023-12-22,40892,Dominican Republic,1
2024-01-21 01:58:46.450000+00:00,17.9893,-68.3418,169.0,3.87,mw,17.0,263.0,0.5261,0.32,pr,pr2024021000,2024-03-29T17:37:55.040Z,"51 km SSE of Boca de Yuma, Dominican Republic",earthquake,4.43,1.49,0.09,11.0,reviewed,pr,pr,2024-01-21,40973,Dominican Republic,1
2024-02-16 03:47:10.590000+00:00,17.7823,-68.642,130.0,3.87,mw,17.0,215.0,0.7766,0.29,pr,pr2024047000,2024-04-24T14:42:03.040Z,"66 km S of Boca de Yuma, Dominican Republic",earthquake,3.38,2.28,0.07,15.0,reviewed,pr,pr,2024-02-16,41113,Dominican Republic,1
2024-02-19 05:52:09.513000+00:00,18.7332,-70.4491,116.766,4.6,mw,46.0,107.0,0.35,0.7,us,us7000m043,2024-05-02T15:50:11.040Z,"12 km WSW of Juan Adrián, Dominican Republic",earthquake,6.1,6.164,0.103,26.0,reviewed,us,us,2024-02-19,41041,Dominican Republic,1
2024-03-01 02:39:44.330000+00:00,19.3658,-68.9788,74.0,3.8,mw,9.0,257.0,2.2359,0.42,pr,pr2024061000,2024-05-10T21:25:56.040Z,"41 km ENE of Samaná, Dominican Republic",earthquake,9.22,10.95,0.02,5.0,reviewed,pr,pr,2024-03-01,41202,Dominican Republic,1
2024-04-28 06:46:50.300000+00:00,19.5073,-68.7231,116.0,3.85,mw,16.0,247.0,1.5859,0.42,pr,pr2024119001,2024-07-02T22:13:00.040Z,"67 km NNE of Miches, Dominican Republic",earthquake,5.26,7.0,0.09,15.0,reviewed,pr,pr,2024-04-28,41120,Dominican Republic,1
2024-05-05 14:38:10.550000+00:00,18.5341,-68.719,135.0,4.2,mw,29.0,158.0,0.3382,0.34,pr,pr2024126002,2024-07-15T03:57:51.040Z,"9 km S of Salvaleón de Higüey, Dominican Republic",earthquake,1.87,1.16,0.16,24.0,reviewed,pr,pr,2024-05-05,41055,Dominican Republic,1
2024-05-12 18:13:58.920000+00:00,19.2376,-68.6908,117.0,3.77,mw,12.0,204.0,1.7573,0.55,pr,pr2024133002,2024-07-20T22:20:08.040Z,"46 km NE of Miches, Dominican Republic",earthquake,7.92,7.61,0.05,9.0,reviewed,pr,pr,2024-05-12,41208,Dominican Republic,1
2024-07-10 00:42:48.770000+00:00,17.6321,-68.9191,61.0,3.81,mw,10.0,234.0,1.0327,0.1,pr,pr2024192000,2024-09-20T16:00:53.040Z,"88 km S of La Romana, Dominican Republic",earthquake,1.64,3.89,0.08,6.0,reviewed,pr,pr,2024-07-10,41127,Dominican Republic,1
2024-07-26 18:06:35.700000+00:00,18.9504,-69.6691,85.76,4.51,mw,31.0,55.0,0.538,0.81,us,us6000ng7k,2024-10-08T21:49:12.005Z,"8 km E of Gonzalo, Dominican Republic",earthquake,9.08,2.873,0.233,5.0,reviewed,us,us,2024-07-26,41044,Dominican Republic,1
2024-08-01 11:02:48.320000+00:00,18.1751,-68.305,106.0,3.81,mw,19.0,174.0,0.3473,0.27,pr,pr2024214000,2024-10-11T19:39:08.040Z,"39 km SE of Boca de Yuma, Dominican Republic",earthquake,1.47,1.04,0.21,9.0,reviewed,pr,pr,2024-08-01,41186,Dominican Republic,1
2024-08-26 05:16:13.760000+00:00,17.8956,-68.0616,40.0,4.76,mw,18.0,199.0,0.6961,0.4,pr,pr2024239000,2024-11-09T21:18:20.040Z,"78 km SE of Boca de Yuma, Dominican Republic",earthquake,1.74,5.38,0.12,18.0,reviewed,pr,pr,2024-08-26,41233,Dominican Republic,1
2024-09-11 03:59:40.105000+00:00,19.6715,-71.3834,21.548,4.4,mwr,48.0,92.0,0.536,0.57,us,us7000nd0i,2024-11-21T22:58:55.040Z,"10 km SE of Villa Vásquez, Dominican Republic",earthquake,4.75,5.766,0.086,13.0,reviewed,us,us,2024-09-11,41265,Dominican Republic,1
2024-09-22 13:10:00.030000+00:00,18.5245,-68.9005,112.0,3.99,mw,24.0,160.0,0.5192,0.4,pr,pr2024266001,2024-11-23T23:26:50.040Z,"10 km SE of Guaymate, Dominican Republic",earthquake,1.69,1.35,0.31,20.0,reviewed,pr,pr,2024-09-22,41320,Dominican Republic,1
2024-09-27 01:14:17.360000+00:00,19.635,-68.614,83.0,3.93,mw,18.0,210.0,0.67,0.44,pr,pr2024271000,2024-12-06T19:30:16.040Z,"85 km NNE of Miches, Dominican Republic",earthquake,5.34,13.51,0.08,15.0,reviewed,pr,pr,2024-09-27,41338,Dominican Republic,1
2024-10-14 16:24:25.296000+00:00,19.259,-70.0549,10.0,4.3,mwr,95.0,106.0,0.784,0.6,us,us6000nymm,2024-12-26T23:03:57.040Z,"6 km NNW of Castillo, Dominican Republic",earthquake,9.04,1.867,0.052,36.0,reviewed,us,us,2024-10-14,41282,Dominican Republic,1
2024-11-08 00:04:56.947000+00:00,15.6306,-72.6253,10.0,4.68,mw,32.0,99.0,3.569,0.94,us,us7000nqis,2025-01-24T19:51:22.040Z,"273 km SSW of Oviedo, Dominican Republic",earthquake,7.43,1.921,0.122,19.0,reviewed,us,us,2024-11-08,41249,Dominican Republic,-1
2024-11-21 21:57:02.630000+00:00,18.4521,-68.56,154.0,3.85,mw,23.0,225.0,0.189,0.22,pr,pr2024326002,2025-01-30T17:00:31.040Z,"9 km NNE of Boca de Yuma, Dominican Republic",earthquake,20.07,2.34,0.13,17.0,reviewed,pr,pr,2024-11-21,41344,Dominican Republic,1
2024-12-09 09:12:58.361000+00:00,19.6812,-70.4604,27.852,4.0,mwr,38.0,80.0,0.422,0.71,us,us7000nx9i,2025-02-18T20:02:50.040Z,"5 km NNW of Jamao al Norte, Dominican Republic",earthquake,3.74,6.757,0.055,32.0,reviewed,us,us,2024-12-09,41307,Dominican Republic,1
2024-12-15 12:46:13.330000+00:00,19.299,-68.7835,41.0,3.77,mw,25.0,201.0,0.4048,0.45,pr,pr2024350003,2025-02-18T20:03:00.040Z,"44 km NE of Miches, Dominican Republic",earthquake,1.46,2.89,0.13,22.0,reviewed,pr,pr,2024-12-15,41394,Dominican Republic,1
2024-12-28 01:44:24.100000+00:00,18.0708,-68.6023,134.0,3.79,mw,17.0,222.0,1.3525,0.53,pr,pr2024363000,2025-03-08T22:39:11.040Z,"34 km S of Boca de Yuma, Dominican Republic",earthquake,4.82,2.98,0.05,11.0,reviewed,pr,pr,2024-12-28,41357,Dominican Republic,1
2025-02-03 11:48:13.638000+00:00,19.3475,-69.5753,77.923,4.6,mw,49.0,80.0,0.586,0.8,us,us7000pb0a,2025-04-15T20:55:30.040Z,"5 km NW of Las Terrenas, Dominican Republic",earthquake,6.56,8.588,0.115,21.0,reviewed,us,us,2025-02-03,41260,Dominican Republic,1
2025-03-19 16:52:34.147000+00:00,18.3197,-71.2306,10.091,4.77,mw,18.0,209.0,0.661,0.97,us,us7000pn4a,2025-05-29T17:36:34.040Z,"5 km SSW of La Uvilla, Dominican Republic",earthquake,2.84,7.713,0.22,6.0,reviewed,us,us,2025-03-19,41489,Dominican Republic,2
2025-04-29 03:21:19.399000+00:00,19.4431,-69.1331,10.0,4.4,mwr,119.0,44.0,0.161,0.73,us,us7000pvq8,2025-07-11T15:46:23.040Z,"33 km NE of Samaná, Dominican Republic",earthquake,3.82,1.217,0.046,46.0,reviewed,us,us,2025-04-29,41553,Dominican Republic,1
2025-05-09 10:18:46.478000+00:00,19.9758,-70.6098,10.0,4.68,mw,82.0,58.0,0.547,0.64,us,us7000py6n,2025-07-24T21:30:12.040Z,"21 km NNE of Puerto Plata, Dominican Republic",earthquake,4.28,1.867,0.053,100.0,reviewed,us,us,2025-05-09,41523,Dominican Republic,1
2025-05-28 00:17:42.786000+00:00,19.55,-70.7381,32.016,4.43,mw,43.0,108.0,0.13,1.28,us,us6000qgau,2025-08-16T21:54:08.040Z,"1 km N of Palmar Arriba, Dominican Republic",earthquake,4.18,3.909,0.116,20.0,reviewed,us,us,2025-05-28,41535,Dominican Republic,1
2025-06-12 02:50:23.595000+00:00,19.5517,-69.6462,10.0,4.77,mw,50.0,46.0,0.505,1.25,us,us6000qjqj,2025-08-22T20:25:59.040Z,"27 km ENE of Arroyo Salado, Dominican Republic",earthquake,3.05,1.292,0.084,41.0,reviewed,us,us,2025-06-12,41508,Dominican Republic,1
2025-06-24 02:45:43.620000+00:00,19.2245,-68.1103,68.0,5.7,mw,26.0,189.0,0.7606,0.62,pr,pr2025175000,2026-06-24T02:55:49.004Z,"77 km NNE of Punta Cana, Dominican Republic",earthquake,2.52,5.97,0.02,8.0,reviewed,pr,pr,2025-06-24,41438,Dominican Republic,1
2025-07-12 13:46:49.861000+00:00,18.9166,-69.3012,97.147,4.16,mw,18.0,96.0,0.149,1.16,us,us7000qc9m,2025-11-28T20:59:58.593Z,"10 km SE of El Valle, Dominican Republic",earthquake,5.61,6.036,0.064,40.0,reviewed,us,us,2025-07-12,41577,Dominican Republic,1
2025-08-05 09:23:51.280000+00:00,18.1665,-68.3226,168.0,5.44,mw,29.0,184.0,0.3523,0.46,pr,pr2025217000,2025-10-17T22:51:42.040Z,"38 km SE of Boca de Yuma, Dominican Republic",earthquake,4.76,1.86,0.12,23.0,reviewed,pr,pr,2025-08-05,41479,Dominican Republic,1
2025-08-08 00:32:30.190000+00:00,19.3151,-68.0156,62.0,4.31,mw,26.0,195.0,0.8808,0.72,pr,pr2025220000,2025-10-25T13:40:31.040Z,"90 km NNE of Punta Cana, Dominican Republic",earthquake,3.14,7.89,0.11,25.0,reviewed,pr,pr,2025-08-08,41645,Dominican Republic,1
2025-08-25 11:40:38.821000+00:00,18.4879,-69.1184,101.967,4.77,mw,82.0,77.0,0.7,0.72,us,us6000r3m1,2025-11-12T16:25:41.040Z,"8 km SE of Ramón Santana, Dominican Republic",earthquake,5.18,6.556,0.048,128.0,reviewed,us,us,2025-08-25,41580,Dominican Republic,1
2025-09-01 09:27:37.052000+00:00,18.8183,-69.6585,104.119,4.77,mw,83.0,52.0,0.43,1.09,us,us7000qszi,2025-11-19T21:59:48.040Z,"7 km NNW of Bayaguana, Dominican Republic",earthquake,6.04,6.941,0.038,199.0,reviewed,us,us,2025-09-01,41597,Dominican Republic,1
2025-09-26 15:24:27.050000+00:00,17.9126,-68.4735,73.0,4.06,mw,26.0,202.0,0.6083,0.69,pr,pr2025269001,2025-12-11T21:40:47.040Z,"53 km SSE of Boca de Yuma, Dominican Republic",earthquake,3.8,4.92,0.05,13.0,reviewed,pr,pr,2025-09-26,41653,Dominican Republic,1
2025-10-12 13:35:18.990000+00:00,19.5498,-68.829,34.0,3.83,mw,26.0,242.0,0.4434,0.57,pr,pr2025285000,2026-01-01T23:11:10.040Z,"65 km NE of Samaná, Dominican Republic",earthquake,2.14,3.31,0.16,19.0,reviewed,pr,pr,2025-10-12,41722,Dominican Republic,1
2025-10-20 19:13:46.134000+00:00,18.6375,-70.6249,10.0,4.7,mww,63.0,104.0,0.715,1.01,us,us6000rich,2026-03-21T21:42:56.169Z,"16 km NW of San José de Ocoa, Dominican Republic",earthquake,4.39,1.842,0.089,12.0,reviewed,us,us,2025-10-20,41604,Dominican Republic,1
2025-11-16 19:59:40.795000+00:00,19.8324,-71.0005,18.13,4.6,mw,29.0,106.0,0.38,0.49,us,us6000rnmg,2026-02-10T15:55:11.040Z,"6 km ENE of Villa Isabela, Dominican Republic",earthquake,2.72,5.9,0.167,10.0,reviewed,us,us,2025-11-16,41629,Dominican Republic,1
2025-12-28 04:59:06.390000+00:00,18.0925,-68.2255,77.0,4.0,mw,30.0,207.0,0.4493,0.32,pr,pr2025362000,2026-04-01T22:48:26.040Z,"51 km SE of Boca de Yuma, Dominican Republic",earthquake,2.029,1.52,0.06,19.0,reviewed,pr,pr,2025-12-28,41680,Dominican Republic,1
2026-03-21 08:58:59.811000+00:00,18.5105,-69.0404,119.716,4.6,mw,35.0,108.0,0.626,0.64,us,us6000si44,2026-06-04T18:37:56.040Z,"10 km SW of Guaymate, Dominican Republic",earthquake,7.16,8.156,0.121,19.0,reviewed,us,us,2026-03-21,41895,Dominican Republic,1
2026-06-19 07:55:52.960000+00:00,18.9648,-68.72,138.0,3.9,mw,19.0,155.0,0.5639,0.78,pr,pr2026170000,2026-07-08T12:57:23.040Z,"34 km E of Miches, Dominican Republic",earthquake,4.98,2.54,0.17,15.0,reviewed,pr,pr,2026-06-19,41920,Dominican Republic,1
2026-06-26 16:06:49.450000+00:00,17.9176,-68.5223,82.0,4.91,mw,31.0,203.0,1.4096,0.27,pr,pr2026177000,2026-07-05T21:17:51.040Z,"51 km S of Boca de Yuma, Dominican Republic",earthquake,1.73,2.16,0.04,19.0,reviewed,pr,pr,2026-06-26,41805,Dominican Republic,1
2026-07-14 15:20:14.297000+00:00,19.6421,-69.361,16.554,4.0,mwr,69.0,72.0,1.416,0.63,us,us7000t0cl,2026-07-14T16:02:43.965Z,"41 km NNE of Las Terrenas, Dominican Republic",earthquake,5.59,4.649,0.053,34.0,reviewed,us,us,2026-07-14,41902,Dominican Republic,1
