time,latitude,longitude,depth,mag,magType,nst,gap,dmin,rms,net,id,updated,place,type,horizontalError,depthError,magError,magNst,status,locationSource,magSource,Date,Day_Number,country,cluster
1901-01-18 04:39:00+00:00,60.0,-135.0,,7.1,mw,,,,,cent,cent19010118043900000,2025-04-26T00:28:59.540Z,"British Columbia-Yukon border, Canada",earthquake,,,,,reviewed,cent,cent,1901-01-18,0,Canada,-1
1905-07-14 08:51:18.090000+00:00,60.403,-116.982,15.0,6.27,mw,,,,,iscgemsup,iscgemsup610548607,2022-05-09T15:23:04.634Z,"79 km SW of Hay River, Canada",earthquake,,25.0,0.49,,reviewed,iscgemsup,iscgemsup,1905-07-14,1638,Canada,-1
1906-01-24 06:42:57.040000+00:00,50.088,-125.314,15.0,6.45,mw,,,,,iscgem,iscgem610548623,2022-04-25T20:39:54.095Z,"9 km NNW of Campbell River, Canada",earthquake,,25.0,0.4,,reviewed,iscgem,iscgem,1906-01-24,1832,Canada,-1
1910-11-06 20:30:57.910000+00:00,50.958,-130.036,15.0,6.5,mw,,,,,iscgemsup,iscgemsup16958112,2022-05-09T15:14:43.264Z,"212 km W of Port McNeill, Canada",earthquake,,7.3,0.2,,reviewed,iscgemsup,iscgemsup,1910-11-06,3579,Canada,1
1912-03-11 10:17:31.830000+00:00,51.076,-130.514,15.0,6.5,mw,,,,,iscgem,iscgem16958181,2022-04-25T20:33:57.110Z,"247 km WNW of Port McNeill, Canada",earthquake,,7.0,0.2,,reviewed,iscgem,iscgem,1912-03-11,4070,Canada,1
1913-04-29 00:28:57+00:00,44.87,-75.33,,4.46,mw,,,,,ott,ott19130429002857000,2026-01-11T23:20:43.861Z,"Near Iroquois, Ontario, Canada",earthquake,,,,,reviewed,ott,ott,1913-04-29,4484,Canada,-1
1914-02-10 18:31:00+00:00,45.0,-75.0,,5.1,mw,,,,,ott,ott19140210183100000,2026-01-25T10:35:51.858Z,"Near Cornwall, Ontario, Canada",earthquake,,,,,reviewed,ott,ott,1914-02-10,4771,Canada,-1
1914-07-21 22:31:22.830000+00:00,49.405,-130.319,15.0,6.13,mw,,,,,iscgem,iscgem913999,2026-02-02T08:51:20.337Z,"266 km WSW of Port McNeill, Canada",earthquake,,25.0,0.2,,reviewed,iscgem,iscgem,1914-07-21,4932,Canada,1
1917-05-22 09:00:26+00:00,45.1,-75.6,,4.0,mfa,,,,,ott,ott19170522090026000,2026-07-09T00:36:16.826Z,"Southeastern Ontario, Canada",earthquake,,,,,reviewed,ott,se,1917-05-22,5968,Canada,-1
1918-04-17 06:44:10.260000+00:00,49.761,-130.156,15.0,6.02,mw,,,,,iscgem,iscgem913120,2022-04-25T23:55:25.091Z,"237 km WSW of Port McNeill, Canada",earthquake,,11.2,0.49,,reviewed,iscgem,iscgem,1918-04-17,6298,Canada,1
1918-12-06 08:41:07.530000+00:00,49.858,-126.737,15.0,6.93,mw,,,,,iscgem,iscgem913365,2022-04-25T23:57:51.528Z,"32 km SW of Vernon, Canada",earthquake,,25.0,0.66,,reviewed,iscgem,iscgem,1918-12-06,6531,Canada,1
1919-10-10 01:07:08.250000+00:00,49.962,-125.623,15.0,6.26,mw,,,,,iscgem,iscgem912977,2022-04-25T23:54:03.598Z,"27 km WSW of Campbell River, Canada",earthquake,,25.0,0.2,,reviewed,iscgem,iscgem,1919-10-10,6839,Canada,-1
1920-03-29 05:07:59.980000+00:00,50.987,-127.308,15.0,6.43,mw,,,,,iscgem,iscgem912464,2022-04-25T23:46:10.951Z,"46 km NNW of Port McNeill, Canada",earthquake,,25.0,0.25,,reviewed,iscgem,iscgem,1920-03-29,7010,Canada,-1
1924-03-30 00:09:02.770000+00:00,51.295,-130.411,15.0,6.09,mw,,,,,iscgem,iscgem910894,2022-04-25T23:30:19.824Z,"246 km WNW of Port McNeill, Canada",earthquake,,4.9,0.2,,reviewed,iscgem,iscgem,1924-03-30,8472,Canada,1
1925-03-01 02:19:18.630000+00:00,47.458,-70.012,15.0,6.3,mw,,,,,iscgem,iscgem910394,2025-06-05T20:41:31.975Z,"7 km NW of Saint-Pacôme, Canada",earthquake,,4.4,0.3,,reviewed,iscgem,iscgem,1925-03-01,8808,Canada,-1
1926-09-17 23:14:40.580000+00:00,47.982,-126.266,10.0,6.02,mw,,,,,iscgem,iscgem910112,2022-04-25T23:19:45.480Z,"119 km SSW of Ucluelet, Canada",earthquake,,25.0,0.28,,reviewed,iscgem,iscgem,1926-09-17,9378,Canada,-1
1926-09-22 21:09:20.920000+00:00,50.432,-130.059,15.0,5.79,mw,,,,,iscgem,iscgem910119,2022-04-25T23:19:47.730Z,"211 km W of Port McNeill, Canada",earthquake,,7.6,0.2,,reviewed,iscgem,iscgem,1926-09-22,9418,Canada,1
1926-11-01 01:39:24.920000+00:00,48.892,-128.847,15.0,6.43,mw,,,,,iscgem,iscgem910211,2022-04-25T23:22:00.506Z,"216 km W of Tofino, Canada",earthquake,,14.9,0.42,,reviewed,iscgem,iscgem,1926-11-01,9373,Canada,1
1929-05-26 22:40:08.400000+00:00,51.103,-130.722,15.0,7.48,mw,,,,,iscgem,iscgem908101,2022-04-25T21:10:25.498Z,"262 km W of Port McNeill, Canada",earthquake,,7.0,0.41,,reviewed,iscgem,iscgem,1929-05-26,10355,Canada,1
1930-04-16 14:30:44.140000+00:00,49.424,-130.266,15.0,5.75,mw,,,,,iscgem,iscgem907318,2022-04-25T22:26:58.002Z,"262 km WSW of Port McNeill, Canada",earthquake,,25.0,0.23,,reviewed,iscgem,iscgem,1930-04-16,10756,Canada,1
1930-05-31 10:21:54.780000+00:00,48.89,-129.444,15.0,5.76,mw,,,,,iscgem,iscgem907428,2022-04-25T22:29:22.842Z,"254 km SW of Port McNeill, Canada",earthquake,,12.0,0.2,,reviewed,iscgem,iscgem,1930-05-31,10725,Canada,1
1930-07-01 01:09:19.320000+00:00,52.474,-131.901,15.0,6.0,mw,,,,,iscgem,iscgem907470,2022-04-25T22:30:11.673Z,"230 km SSW of Prince Rupert, Canada",earthquake,,3.9,0.2,,reviewed,iscgem,iscgem,1930-07-01,10680,Canada,1
1933-05-05 04:14:11.730000+00:00,48.966,-129.853,15.0,5.94,mw,,,,,iscgem,iscgem905553,2022-04-25T21:54:27.821Z,"268 km SW of Port McNeill, Canada",earthquake,,25.0,0.32,,reviewed,iscgem,iscgem,1933-05-05,11795,Canada,1
1933-12-19 17:48:19.570000+00:00,78.259,-75.788,10.0,5.71,mw,,,,,iscgem,iscgem905959,2022-04-25T22:01:44.572Z,"Ellesmere Island region, Nunavut, Canada",earthquake,,25.0,0.2,,reviewed,iscgem,iscgem,1933-12-19,12023,Canada,-1
1934-02-24 00:49:07.720000+00:00,72.653,-69.337,10.0,5.64,mw,,,,,iscgem,iscgem904810,2022-04-25T21:09:02.264Z,"244 km N of Clyde River, Canada",earthquake,,25.0,0.2,,reviewed,iscgem,iscgem,1934-02-24,12090,Canada,-1
1934-08-31 05:02:50.220000+00:00,72.99,-70.26,15.0,6.39,mw,,,,,iscgem,iscgem905127,2022-04-25T21:48:12.883Z,"286 km NNW of Clyde River, Canada",earthquake,,25.0,0.2,,reviewed,iscgem,iscgem,1934-08-31,12278,Canada,-1
1935-09-24 22:12:25.870000+00:00,49.543,-129.024,15.0,6.31,mw,,,,,iscgem,iscgem904538,2022-04-25T21:36:36.718Z,"181 km SW of Port McNeill, Canada",earthquake,,6.4,0.26,,reviewed,iscgem,iscgem,1935-09-24,12667,Canada,1
1935-11-01 06:03:37.730000+00:00,46.739,-79.024,15.0,6.17,mw,,,,,iscgem,iscgem904623,2022-04-25T21:37:49.441Z,"2 km ESE of Notre-Dame-du-Lac, Canada",earthquake,,25.0,0.2,,reviewed,iscgem,iscgem,1935-11-01,12705,Canada,-1
1936-12-21 19:03:13.330000+00:00,52.642,-132.901,15.0,6.29,mw,,,,,iscgem,iscgem903992,2022-04-25T21:30:44.406Z,"252 km SW of Prince Rupert, Canada",earthquake,,25.0,0.2,,reviewed,iscgem,iscgem,1936-12-21,13121,Canada,1
1937-09-29 11:30:22.830000+00:00,49.399,-129.169,15.0,5.86,mw,,,,,iscgem,iscgem903280,2022-04-25T21:17:06.832Z,"199 km SW of Port McNeill, Canada",earthquake,,6.4,0.31,,reviewed,iscgem,iscgem,1937-09-29,13403,Canada,1
1938-03-22 15:22:16.410000+00:00,52.266,-132.783,10.0,6.67,mw,,,,,iscgem,iscgem902410,2022-04-25T20:53:20.484Z,"280 km SW of Prince Rupert, Canada",earthquake,,25.0,0.32,,reviewed,iscgem,iscgem,1938-03-22,13577,Canada,1
1938-03-22 22:27:51.260000+00:00,52.662,-131.95,15.0,5.75,mw,,,,,iscgem,iscgem902411,2022-04-25T20:53:25.870Z,"213 km SSW of Prince Rupert, Canada",earthquake,,3.9,0.2,,reviewed,iscgem,iscgem,1938-03-22,13608,Canada,1
1938-04-22 04:15:53.010000+00:00,49.57,-129.861,15.0,5.82,mw,,,,,iscgem,iscgem902449,2022-04-25T20:53:53.950Z,"228 km WSW of Port McNeill, Canada",earthquake,,25.0,0.2,,reviewed,iscgem,iscgem,1938-04-22,13577,Canada,1
1939-01-03 17:18:39.120000+00:00,49.613,-129.118,15.0,5.6,mw,,,,,iscgem,iscgem901757,2022-04-25T20:42:05.128Z,"181 km SW of Port McNeill, Canada",earthquake,,6.4,0.2,,reviewed,iscgem,iscgem,1939-01-03,13900,Canada,1
1939-02-08 06:39:29.410000+00:00,48.754,-128.883,15.0,5.91,mw,,,,,iscgem,iscgem901818,2022-04-25T20:43:16.629Z,"222 km WSW of Tofino, Canada",earthquake,,14.9,0.37,,reviewed,iscgem,iscgem,1939-02-08,13864,Canada,1
1939-07-18 03:26:41.840000+00:00,48.951,-129.519,15.0,6.6,mw,,,,,iscgem,iscgem902080,2022-04-25T20:48:16.386Z,"252 km SW of Port McNeill, Canada",earthquake,,12.0,0.35,,reviewed,iscgem,iscgem,1939-07-18,14060,Canada,1
1940-06-05 11:01:12.590000+00:00,66.83,-135.688,10.0,6.5,mw,,,,,iscgem,iscgem901402,2022-04-26T19:35:26.665Z,"76 km SSW of Fort McPherson, Canada",earthquake,,25.0,0.3,,reviewed,iscgem,iscgem,1940-06-05,14383,Canada,2
1942-03-19 11:59:29.560000+00:00,51.384,-130.267,15.0,6.24,mw,,,,,iscgem,iscgem900229,2022-04-26T19:17:06.970Z,"240 km WNW of Port McNeill, Canada",earthquake,,4.9,0.3,,reviewed,iscgem,iscgem,1942-03-19,15035,Canada,1
1944-02-03 12:15:01.470000+00:00,59.868,-137.943,15.0,6.2,mw,,,,,iscgem,iscgem899284,2022-04-26T19:05:30.475Z,"101 km SSW of Haines Junction, Canada",earthquake,,25.0,0.2,,reviewed,iscgem,iscgem,1944-02-03,15721,Canada,-1
1944-08-10 01:52:58.020000+00:00,51.089,-130.196,15.0,6.13,mw,,,,,iscgem,iscgem899499,2022-04-26T19:07:06.626Z,"Haida Gwaii Region, Canada",earthquake,,7.3,0.41,,reviewed,iscgem,iscgem,1944-08-10,15910,Canada,1
1944-09-05 04:38:46.210000+00:00,44.945,-74.746,15.0,5.74,mw,,,,,iscgem,iscgem899531,2022-04-26T19:07:28.559Z,"8 km S of Cornwall, Canada",earthquake,,25.0,0.3,,reviewed,iscgem,iscgem,1944-09-05,15936,Canada,-1
1945-01-01 01:20:46.550000+00:00,72.949,-69.597,15.0,5.93,mw,,,,,iscgem,iscgem898725,2022-04-26T18:58:48.767Z,"278 km N of Clyde River, Canada",earthquake,,25.0,0.26,,reviewed,iscgem,iscgem,1945-01-01,16054,Canada,-1
1945-10-29 10:54:21.950000+00:00,51.685,-131.196,15.0,6.26,mw,,,,,iscgem,iscgem899171,2022-04-26T19:03:30.645Z,"298 km S of Prince Rupert, Canada",earthquake,,7.4,0.46,,reviewed,iscgem,iscgem,1945-10-29,16355,Canada,1
1946-06-23 17:13:24.430000+00:00,49.765,-125.019,15.0,7.5,mw,,,,,iscgem,iscgem898434,2025-05-27T18:16:48.462Z,"8 km NNW of Courtenay, Canada",earthquake,,3.8,0.4,,reviewed,iscgem,iscgem,1946-06-23,16592,Canada,-1
1946-07-18 06:07:02.340000+00:00,49.428,-129.887,10.0,6.35,mw,,,,,iscgem,iscgem898472,2022-04-26T18:56:51.992Z,"238 km SW of Port McNeill, Canada",earthquake,,25.0,0.2,,reviewed,iscgem,iscgem,1946-07-18,16617,Canada,1
1948-02-28 01:58:10.010000+00:00,53.42,-132.81,15.0,6.01,mw,,,,,iscgem,iscgem897216,2022-04-26T18:39:46.179Z,"191 km WSW of Prince Rupert, Canada",earthquake,,5.5,0.2,,reviewed,iscgem,iscgem,1948-02-28,17207,Canada,-1
1948-12-30 23:49:57.570000+00:00,51.258,-130.782,15.0,6.44,mw,,,,,iscgem,iscgem897695,2022-04-26T18:46:04.836Z,"Haida Gwaii Region, Canada",earthquake,,7.4,0.28,,reviewed,iscgem,iscgem,1948-12-30,17513,Canada,1
1949-08-22 04:01:18+00:00,53.673,-133.015,10.0,8.0,mw,,,,,official,official19490822040118000_10,2025-11-25T16:14:58.670Z,1949 Haida Gwaii Earthquake,earthquake,,,,,reviewed,iscgem,official,1949-08-22,17748,Canada,-1
1949-08-23 20:24:35.670000+00:00,52.425,-132.105,10.0,6.29,mw,,,,,iscgem,iscgem896799,2022-04-26T18:37:33.267Z,"241 km SSW of Prince Rupert, Canada",earthquake,,4.9,0.2,,reviewed,iscgem,iscgem,1949-08-23,17749,Canada,1
1951-09-27 19:24:15.930000+00:00,49.311,-128.857,15.0,6.01,mw,,,,,iscgem,iscgem894736,2022-04-26T18:18:12.805Z,"190 km SW of Port McNeill, Canada",earthquake,,6.4,0.41,,reviewed,iscgem,iscgem,1951-09-27,18514,Canada,1
1953-01-11 22:53:34.930000+00:00,65.279,-133.365,15.0,6.31,mw,,,,,iscgem,iscgem891429,2022-04-26T17:49:10.604Z,"250 km SSE of Fort McPherson, Canada",earthquake,,25.0,0.2,,reviewed,iscgem,iscgem,1953-01-11,18986,Canada,2
1953-12-04 14:54:52.570000+00:00,49.314,-129.196,15.0,6.42,mw,,,,,iscgem,iscgem892256,2022-04-26T17:58:28.789Z,"207 km SW of Port McNeill, Canada",earthquake,,6.4,0.2,,reviewed,iscgem,iscgem,1953-12-04,19313,Canada,1
1955-03-01 04:43:02.130000+00:00,65.27,-133.163,10.0,6.35,mw,,,,,iscgem,iscgem889265,2022-04-26T17:32:12.873Z,"253 km SSE of Fort McPherson, Canada",earthquake,,25.0,0.39,,reviewed,iscgem,iscgem,1955-03-01,19765,Canada,2
1956-02-19 02:18:05.480000+00:00,51.597,-131.556,15.0,6.49,mw,,,,,iscgem,iscgem887985,2022-04-26T17:22:41.859Z,"Haida Gwaii Region, Canada",earthquake,,10.7,0.25,,reviewed,iscgem,iscgem,1956-02-19,20120,Canada,1
1956-06-28 22:58:54.080000+00:00,49.011,-129.277,15.0,6.43,mw,,,,,iscgem,iscgem888407,2022-04-26T17:25:03.804Z,"236 km SW of Port McNeill, Canada",earthquake,,12.0,0.28,,reviewed,iscgem,iscgem,1956-06-28,20250,Canada,1
1956-12-21 08:59:00.140000+00:00,51.286,-130.756,15.0,6.5,mw,,,,,iscgem,iscgem889027,2022-04-26T17:30:03.240Z,"269 km WNW of Port McNeill, Canada",earthquake,,3.4,0.2,,reviewed,iscgem,iscgem,1956-12-21,20426,Canada,1
1957-04-13 03:44:03.700000+00:00,48.211,-128.809,15.0,5.84,mw,,,,,iscgem,iscgem886378,2022-04-26T17:11:03.610Z,"237 km WSW of Tofino, Canada",earthquake,,3.0,0.39,,reviewed,iscgem,iscgem,1957-04-13,20539,Canada,1
1957-05-02 03:55:37.360000+00:00,72.028,-68.173,15.0,5.81,mw,,,,,iscgem,iscgem886496,2022-04-26T17:11:49.352Z,"174 km N of Clyde River, Canada",earthquake,,25.0,0.2,,reviewed,iscgem,iscgem,1957-05-02,20558,Canada,-1
1957-12-16 17:27:50.230000+00:00,49.702,-127.122,15.0,6.1,mw,,,,,iscgem,iscgem887698,2022-04-26T17:20:36.441Z,"65 km WSW of Vernon, Canada",earthquake,,4.6,0.23,,reviewed,iscgem,iscgem,1957-12-16,20786,Canada,1
1959-01-16 16:50:44.600000+00:00,51.883,-131.458,15.0,5.83,mw,,,,,iscgem,iscgem881216,2022-04-26T16:40:04.775Z,"281 km SSW of Prince Rupert, Canada",earthquake,,8.8,0.2,,reviewed,iscgem,iscgem,1959-01-16,21182,Canada,1
1959-08-26 10:27:44.490000+00:00,50.607,-130.524,15.0,6.45,mw,,,,,iscgem,iscgem882735,2022-04-26T16:47:41.398Z,"243 km W of Port McNeill, Canada",earthquake,,6.1,0.3,,reviewed,iscgem,iscgem,1959-08-26,21404,Canada,1
1960-04-01 14:12:13.620000+00:00,48.953,-128.877,15.0,5.81,mw,,,,,iscgem,iscgem878713,2022-04-26T16:28:39.356Z,"217 km SW of Vernon, Canada",earthquake,,14.9,0.54,,reviewed,iscgem,iscgem,1960-04-01,21717,Canada,1
1960-07-04 04:28:39.930000+00:00,51.742,-131.39,15.0,6.52,mw,,,,,iscgem,iscgem879706,2022-04-26T16:32:25.773Z,"295 km SSW of Prince Rupert, Canada",earthquake,,10.7,0.2,,reviewed,iscgem,iscgem,1960-07-04,21623,Canada,1
1960-09-30 06:35:11.550000+00:00,49.445,-129.522,15.0,5.56,mw,,,,,iscgem,iscgem880439,2022-04-26T16:36:43.490Z,"216 km SW of Port McNeill, Canada",earthquake,,8.1,0.55,,reviewed,iscgem,iscgem,1960-09-30,21867,Canada,1
1960-12-01 20:49:51.200000+00:00,48.937,-129.399,20.0,6.19,mw,,,,,iscgem,iscgem880899,2022-04-26T16:38:34.762Z,"248 km SW of Port McNeill, Canada",earthquake,,12.0,0.2,,reviewed,iscgem,iscgem,1960-12-01,21805,Canada,1
1961-10-29 09:12:20.030000+00:00,48.859,-128.756,15.0,5.83,mw,,,,,iscgem,iscgem877609,2022-04-26T16:24:21.537Z,"210 km W of Tofino, Canada",earthquake,,3.8,0.64,,reviewed,iscgem,iscgem,1961-10-29,22199,Canada,1
1962-06-02 12:26:09.520000+00:00,49.559,-130.176,15.0,5.81,mw,,,,,iscgem,iscgem874831,2022-04-26T16:10:00.685Z,"249 km WSW of Port McNeill, Canada",earthquake,,25.0,0.2,,reviewed,iscgem,iscgem,1962-06-02,22415,Canada,1
1963-09-04 13:32:13.020000+00:00,71.259,-73.112,15.0,6.1,mw,,,,,iscgem,iscgem873017,2022-04-27T00:27:10.950Z,"187 km WNW of Clyde River, Canada",earthquake,,3.9,0.3,,reviewed,iscgem,iscgem,1963-09-04,22874,Canada,-1
1964-03-31 09:01:31.850000+00:00,50.772,-130.51,10.0,6.1,mw,,,,,iscgem,iscgem870233,2025-12-19T17:32:34.334Z,"242 km W of Port McNeill, Canada",earthquake,,3.8,0.3,,reviewed,iscgem,iscgem,1964-03-31,23083,Canada,1
1964-07-02 17:17:37.720000+00:00,47.809,-128.698,15.0,5.7,mw,,,,,iscgem,iscgem865678,2025-12-19T18:12:34.416Z,"254 km SW of Tofino, Canada",earthquake,,20.3,0.2,,reviewed,iscgem,iscgem,1964-07-02,23176,Canada,1
1965-10-05 00:17:12.780000+00:00,65.331,-133.3,10.0,5.35,mw,,,,,iscgem,iscgem852898,2022-04-26T23:32:10.609Z,"245 km SSE of Fort McPherson, Canada",earthquake,,25.0,0.26,,reviewed,iscgem,iscgem,1965-10-05,23636,Canada,2
1966-03-30 12:40:00.390000+00:00,49.759,-129.922,10.0,5.87,mw,,,,,iscgem,iscgem849725,2025-12-19T18:20:09.306Z,"222 km WSW of Port McNeill, Canada",earthquake,,11.2,0.2,,reviewed,iscgem,iscgem,1966-03-30,23812,Canada,1
1967-04-29 00:04:45.160000+00:00,51.093,-130.491,10.2,5.75,mw,,,,,iscgem,iscgem837201,2025-12-19T18:22:33.872Z,"246 km WNW of Port McNeill, Canada",earthquake,,7.0,0.2,,reviewed,iscgem,iscgem,1967-04-29,24207,Canada,1
1967-08-28 15:25:51.340000+00:00,50.212,-130.207,15.0,5.5,mw,,,,,iscgem,iscgem832711,2025-12-19T18:26:12.707Z,"225 km WSW of Port McNeill, Canada",earthquake,,11.2,0.2,,reviewed,iscgem,iscgem,1967-08-28,24328,Canada,1
1967-10-16 13:27:35.430000+00:00,49.132,-129.339,15.0,5.44,mw,,,,,iscgem,iscgem830361,2025-12-19T18:45:29.572Z,"229 km SW of Port McNeill, Canada",earthquake,,12.0,0.2,,reviewed,iscgem,iscgem,1967-10-16,24377,Canada,1
1969-03-13 18:43:48.810000+00:00,63.502,-128.546,15.0,5.15,mw,,,,,iscgem,iscgem810887,2022-04-26T22:10:23.234Z,"214 km SSW of Norman Wells, Canada",earthquake,,25.0,0.32,,reviewed,iscgem,iscgem,1969-03-13,24891,Canada,-1
1970-03-08 18:52:15.500000+00:00,54.968,-116.537,10.0,5.04,mw,,,,,iscgem,iscgem797659,2022-04-26T21:44:55.077Z,"49 km ESE of Valleyview, Canada",earthquake,,25.0,0.38,,reviewed,iscgem,iscgem,1970-03-08,25359,Canada,-1
1970-06-24 13:09:12.490000+00:00,51.754,-131.006,19.9,7.3,mw,,,,,iscgem,iscgem794827,2025-12-19T19:04:49.654Z,"288 km S of Prince Rupert, Canada",earthquake,,4.6,0.29,,reviewed,iscgem,iscgem,1970-06-24,25251,Canada,1
1970-12-02 11:03:09.900000+00:00,68.521,-67.241,14.5,5.07,mw,,,,,iscgem,iscgem788828,2022-04-26T21:26:14.911Z,"223 km SSE of Clyde River, Canada",earthquake,,25.0,0.3,,reviewed,iscgem,iscgem,1970-12-02,25520,Canada,-1
1971-02-05 07:33:27.780000+00:00,51.61,-131.129,15.3,5.9,mw,,,,,iscgem,iscgem786908,2025-12-19T19:01:37.167Z,"Haida Gwaii Region, Canada",earthquake,,7.4,0.2,,reviewed,iscgem,iscgem,1971-02-05,25621,Canada,1
1971-03-13 23:51:33.790000+00:00,50.45,-130.336,12.5,6.15,mw,,,,,iscgem,iscgem786349,2025-12-19T19:01:05.878Z,"230 km W of Port McNeill, Canada",earthquake,,3.8,0.2,,reviewed,iscgem,iscgem,1971-03-13,25585,Canada,1
1971-10-02 03:19:30.220000+00:00,64.362,-86.489,19.7,5.37,mw,,,,,iscgem,iscgem778975,2025-12-19T19:51:31.720Z,"Southampton Island, Nunavut, Canada",earthquake,,3.7,0.21,,reviewed,iscgem,iscgem,1971-10-02,25891,Canada,-1
1971-11-20 21:24:41.630000+00:00,48.724,-129.637,15.0,5.88,mw,,,,,iscgem,iscgem778692,2025-12-19T19:51:14.679Z,"277 km WSW of Tofino, Canada",earthquake,,3.5,0.2,,reviewed,iscgem,iscgem,1971-11-20,25873,Canada,1
1971-12-05 05:50:09.700000+00:00,49.429,-129.757,17.1,6.03,mw,,,,,iscgem,iscgem777492,2025-12-19T19:50:33.516Z,"230 km SW of Port McNeill, Canada",earthquake,,25.0,0.2,,reviewed,iscgem,iscgem,1971-12-05,25824,Canada,1
1971-12-08 08:38:24.040000+00:00,49.12,-128.803,17.7,5.69,mw,,,,,iscgem,iscgem777577,2025-12-19T19:50:37.336Z,"204 km SW of Port McNeill, Canada",earthquake,,14.9,0.2,,reviewed,iscgem,iscgem,1971-12-08,25888,Canada,1
1972-02-12 17:52:35.300000+00:00,62.7,-125.166,10.0,5.25,mw,,,,,iscgem,iscgem776155,2022-04-26T20:55:46.997Z,"299 km SSE of Norman Wells, Canada",earthquake,,25.0,0.2,,reviewed,iscgem,iscgem,1972-02-12,25957,Canada,-1
1972-07-05 10:16:39.050000+00:00,49.372,-127.497,20.0,6.07,mw,,,,,iscgem,iscgem771324,2025-12-19T19:46:04.254Z,"118 km WNW of Tofino, Canada",earthquake,,3.7,0.2,,reviewed,iscgem,iscgem,1972-07-05,26122,Canada,1
1972-07-23 19:13:07.460000+00:00,50.103,-129.449,10.0,6.57,mw,,,,,iscgem,iscgem771830,2025-12-19T19:46:20.109Z,"176 km WSW of Port McNeill, Canada",earthquake,,3.7,0.21,,reviewed,iscgem,iscgem,1972-07-23,26101,Canada,1
1972-07-26 18:46:18.960000+00:00,66.53,-135.648,10.0,5.21,mw,,,,,iscgem,iscgem771921,2022-04-26T20:47:17.979Z,"106 km SSW of Fort McPherson, Canada",earthquake,,10.3,0.2,,reviewed,iscgem,iscgem,1972-07-26,26228,Canada,2
1972-11-09 04:19:19.600000+00:00,48.4283333,-123.277,43.751,3.86,mw,9.0,233.0,0.3874,0.17,uw,uw10854758,2016-07-24T23:57:47.030Z,"3 km SE of Oak Bay, Canada",earthquake,3.283,3.06,0.06,3.0,reviewed,uw,uw,1972-11-09,26276,Canada,-1
1972-12-27 22:59:29.680000+00:00,76.713,-107.158,20.0,6.1,mw,,,,,iscgem,iscgem766752,2025-12-19T19:42:37.514Z,"Melville Island region, Nunavut, Canada",earthquake,,3.6,0.2,,reviewed,iscgem,iscgem,1972-12-27,26119,Canada,-1
1973-02-16 08:34:19.800000+00:00,67.15,-135.811,33.0,4.43,mw,,,,,us,usp00000jf,2014-11-06T23:21:09.058Z,"51 km SW of Fort McPherson, Canada",earthquake,,,,,reviewed,us,us,1973-02-16,26456,Canada,2
1973-03-23 15:15:38.600000+00:00,66.736,-130.004,33.0,5.11,mw,,,,,us,usp000011j,2014-11-06T23:21:10.362Z,"216 km NW of Norman Wells, Canada",earthquake,,,,,reviewed,us,us,1973-03-23,26327,Canada,-1
1973-03-25 15:53:21.100000+00:00,48.952,-128.927,33.0,4.6,mw,,,,,us,usp000012f,2014-11-06T23:21:10.469Z,"220 km WSW of Vernon, Canada",earthquake,,,,,reviewed,us,us,1973-03-25,26429,Canada,1
1973-04-24 03:55:06.800000+00:00,71.732,-71.268,33.0,4.6,mw,,,,,us,usp00001hn,2014-11-06T23:21:12.056Z,"170 km NW of Clyde River, Canada",earthquake,,,,,reviewed,us,us,1973-04-24,26434,Canada,-1
1973-05-03 05:42:34.100000+00:00,76.604,-107.411,33.0,4.68,mw,,,,,us,usp00001pj,2014-11-06T23:21:12.226Z,"Melville Island region, Nunavut, Canada",earthquake,,,,,reviewed,us,us,1973-05-03,26394,Canada,-1
1973-05-29 16:06:39.200000+00:00,71.896,-75.901,33.0,4.51,mw,,,,,us,usp00001z1,2014-11-06T23:21:12.931Z,"Baffin Island region, Nunavut, Canada",earthquake,,,,,reviewed,us,us,1973-05-29,26446,Canada,-1
1973-06-03 07:23:31.200000+00:00,50.64,-129.8,28.0,4.85,mw,,,,,us,usp000020d,2014-11-06T23:21:13.000Z,"192 km W of Port McNeill, Canada",earthquake,,,,,reviewed,us,us,1973-06-03,26364,Canada,1
1973-06-15 01:09:04.200000+00:00,45.317,-70.908,12.0,5.11,mw,,,,,us,usp000025v,2020-04-16T20:56:52.431Z,"29 km S of Lac-Mégantic, Canada",earthquake,,,,,reviewed,s,us,1973-06-15,26362,Canada,-1
1973-06-25 05:26:30.500000+00:00,68.291,-135.242,33.0,4.68,mw,,,,,us,usp00002cv,2014-11-06T23:21:13.900Z,"62 km W of Inuvik, Canada",earthquake,,,,,reviewed,us,us,1973-06-25,26403,Canada,-1
1973-07-13 02:59:39.100000+00:00,49.027,-128.007,33.0,5.54,mw,,,,,us,usp00002pv,2025-12-19T19:36:54.613Z,"153 km W of Tofino, Canada",earthquake,,,,,reviewed,us,us,1973-07-13,26474,Canada,1
1973-09-06 17:15:50.600000+00:00,51.099,-129.876,33.0,4.94,mw,,,,,us,usp00003bq,2014-11-06T23:21:20.005Z,"204 km WNW of Port McNeill, Canada",earthquake,,,,,reviewed,us,us,1973-09-06,26529,Canada,1
1973-09-16 13:23:20.300000+00:00,50.32,-129.651,33.0,4.77,mw,,,,,us,usp00003ew,2014-11-06T23:21:20.242Z,"184 km W of Port McNeill, Canada",earthquake,,,,,reviewed,us,us,1973-09-16,26606,Canada,1
1973-11-22 01:29:20.400000+00:00,61.352,-138.975,33.0,4.85,mw,,,,,us,usp0000481,2014-11-06T23:21:21.501Z,"103 km NW of Haines Junction, Canada",earthquake,,,,,reviewed,us,us,1973-11-22,26539,Canada,-1
1974-01-29 06:13:07.100000+00:00,49.31,-129.123,14.0,5.03,mw,,,,,us,usp000052q,2014-11-06T23:21:22.592Z,"204 km SW of Port McNeill, Canada",earthquake,,,,,reviewed,us,us,1974-01-29,26732,Canada,1
1974-03-07 07:50:29+00:00,50.761,-129.765,33.0,4.6,mw,,,,,us,usp00005hs,2014-11-06T23:21:23.255Z,"190 km W of Port McNeill, Canada",earthquake,,,,,reviewed,us,us,1974-03-07,26788,Canada,1
1974-03-28 17:30:18.600000+00:00,76.484,-106.781,33.0,4.68,mw,,,,,us,usp00005sk,2014-11-06T23:21:23.497Z,"Melville Island region, Nunavut, Canada",earthquake,,,,,reviewed,us,us,1974-03-28,26756,Canada,-1
1974-04-21 04:48:51.100000+00:00,74.504,-93.987,28.0,5.65,mw,,,,,us,usp000061h,2014-11-06T23:21:23.879Z,"Cornwallis Island region, Nunavut, Canada",earthquake,,,,,reviewed,us,us,1974-04-21,26674,Canada,-1
1974-05-23 09:10:07.900000+00:00,65.578,-133.613,33.0,4.51,mw,,,,,us,usp00006fb,2014-11-06T23:21:24.333Z,"215 km SSE of Fort McPherson, Canada",earthquake,,,,,reviewed,us,us,1974-05-23,26795,Canada,2
1974-05-30 00:59:56+00:00,49.063,-128.386,33.0,5.11,mw,,,,,us,usp00006jr,2014-11-06T23:21:24.453Z,"181 km W of Tofino, Canada",earthquake,,,,,reviewed,us,us,1974-05-30,26711,Canada,1
1974-07-06 21:44:36.300000+00:00,49.596,-129.487,33.0,4.77,mw,,,,,us,usp0000710,2014-11-06T23:21:25.081Z,"204 km WSW of Port McNeill, Canada",earthquake,,,,,reviewed,us,us,1974-07-06,26871,Canada,1
1974-07-20 19:15:59+00:00,49.916,-126.521,33.0,4.43,mw,,,,,us,usp0000785,2014-11-06T23:21:25.328Z,"16 km SW of Vernon, Canada",earthquake,,,,,reviewed,us,us,1974-07-20,26975,Canada,1
1974-08-14 19:55:35.200000+00:00,62.462,-124.232,33.0,4.43,mw,,,,,us,usp00007mf,2014-11-06T23:21:25.799Z,"Northwest Territories, Canada",earthquake,,,,,reviewed,us,us,1974-08-14,26988,Canada,3
1974-08-17 21:36:12.600000+00:00,49.113,-128.403,33.0,5.03,mw,,,,,us,usp00007ns,2014-11-06T23:21:25.843Z,"179 km SW of Vernon, Canada",earthquake,,,,,reviewed,us,us,1974-08-17,26832,Canada,1
1974-08-20 04:25:08.400000+00:00,51.196,-129.936,33.0,4.68,mw,,,,,us,usp00007pp,2014-11-06T23:21:25.876Z,"211 km WNW of Port McNeill, Canada",earthquake,,,,,reviewed,us,us,1974-08-20,26874,Canada,1
1974-10-28 09:38:39.400000+00:00,48.174,-127.684,33.0,4.6,mw,,,,,us,usp00008kg,2014-11-06T23:21:27.051Z,"170 km SW of Tofino, Canada",earthquake,,,,,reviewed,us,us,1974-10-28,26946,Canada,1
1974-11-26 14:29:43.400000+00:00,50.671,-129.641,33.0,4.85,mw,,,,,us,usp00008x1,2014-11-06T23:21:27.562Z,"180 km W of Port McNeill, Canada",earthquake,,,,,reviewed,us,us,1974-11-26,26846,Canada,1
1974-12-09 04:27:08.900000+00:00,65.156,-134.096,34.0,4.68,mw,,,,,us,usp0000925,2014-11-06T23:21:27.746Z,"257 km S of Fort McPherson, Canada",earthquake,,,,,reviewed,us,us,1974-12-09,26877,Canada,2
1974-12-27 22:53:44.800000+00:00,76.639,-106.195,33.0,5.11,mw,,,,,us,usp0000995,2014-11-06T23:21:28.023Z,"Melville Island region, Nunavut, Canada",earthquake,,,,,reviewed,us,us,1974-12-27,27047,Canada,-1
1975-01-02 22:58:13+00:00,49.331,-128.981,33.0,4.77,mw,,,,,us,usp00009ch,2014-11-06T23:21:28.227Z,"195 km SW of Port McNeill, Canada",earthquake,,,,,reviewed,us,us,1975-01-02,27074,Canada,1
1975-01-29 16:16:58.700000+00:00,50.077,-129.345,33.0,4.85,mw,,,,,us,usp00009qr,2014-11-06T23:21:28.658Z,"170 km WSW of Port McNeill, Canada",earthquake,,,,,reviewed,us,us,1975-01-29,27059,Canada,1
1975-02-06 06:24:04+00:00,49.325,-129.642,33.0,4.68,mw,,,,,us,usp00009tn,2014-11-06T23:21:28.754Z,"231 km SW of Port McNeill, Canada",earthquake,,,,,reviewed,us,us,1975-02-06,27089,Canada,1
1975-02-18 20:21:13+00:00,50.722,-129.934,33.0,4.6,mw,,,,,us,usp00009yq,2014-11-06T23:21:28.917Z,"201 km W of Port McNeill, Canada",earthquake,,,,,reviewed,us,us,1975-02-18,27100,Canada,1
1975-03-05 09:46:49.300000+00:00,63.494,-130.032,33.0,4.51,mw,,,,,us,usp0000a4a,2014-11-06T23:21:29.228Z,"252 km SW of Norman Wells, Canada",earthquake,,,,,reviewed,us,us,1975-03-05,27164,Canada,-1
1975-03-08 05:20:40.900000+00:00,79.238,-96.119,33.0,5.85,mw,,,,,us,usp0000a5g,2025-12-19T20:32:14.241Z,"Sverdrup Islands, Nunavut, Canada",earthquake,,,,,reviewed,us,us,1975-03-08,27012,Canada,-1
1975-03-17 21:06:07.200000+00:00,50.208,-114.862,0.0,4.51,mw,,,,,us,usp0000a9g,2014-11-06T23:21:29.405Z,"17 km N of Elkford, Canada",explosion,,,,,reviewed,us,us,1975-03-17,27153,Canada,-1
1975-03-19 12:09:28.400000+00:00,49.314,-127.35,33.0,4.6,mw,,,,,us,usp0000aa8,2014-11-06T23:21:29.430Z,"106 km W of Tofino, Canada",earthquake,,,,,reviewed,us,us,1975-03-19,27107,Canada,1
1975-03-20 20:36:56.300000+00:00,50.715,-129.242,10.0,4.68,mw,,,,,us,usp0000aas,2014-11-06T23:21:29.449Z,"153 km W of Port McNeill, Canada",earthquake,,,,,reviewed,us,us,1975-03-20,27086,Canada,1
1975-03-31 05:48:37.800000+00:00,49.397,-125.599,33.0,5.54,mw,,,,,us,usp0000aed,2014-11-06T23:21:29.569Z,"35 km NE of Tofino, Canada",earthquake,,,,,reviewed,us,us,1975-03-31,27039,Canada,-1
1975-04-07 01:47:49.300000+00:00,51.83,-130.13,33.0,4.6,mw,,,,,us,usp0000agw,2014-11-06T23:21:29.651Z,"253 km WNW of Port McNeill, Canada",earthquake,,,,,reviewed,us,us,1975-04-07,27152,Canada,1
1975-05-22 15:05:55.700000+00:00,67.467,-93.797,33.0,4.68,mw,,,,,us,usp0000b4g,2014-11-06T23:21:30.402Z,"155 km SSE of Gjoa Haven, Canada",earthquake,,,,,reviewed,us,us,1975-05-22,27077,Canada,-1
1975-05-23 15:12:33.200000+00:00,51.343,-131.236,33.0,6.45,mw,,,,,us,usp0000b4z,2014-11-06T23:21:30.411Z,"Haida Gwaii Region, Canada",earthquake,,,,,reviewed,us,us,1975-05-23,27006,Canada,1
1975-06-03 02:38:55.900000+00:00,76.474,-119.735,33.0,4.68,mw,,,,,us,usp0000b9t,2014-11-06T23:21:30.514Z,"Prince Patrick Island, Northwest Territories, Canada",earthquake,,,,,reviewed,us,us,1975-06-03,27088,Canada,-1
1975-06-25 05:44:06.800000+00:00,64.852,-133.506,33.0,5.37,mw,,,,,us,usp0000bs2,2014-11-06T23:21:31.017Z,"295 km SSE of Fort McPherson, Canada",earthquake,,,,,reviewed,us,us,1975-06-25,27186,Canada,2
1975-07-12 12:37:15.400000+00:00,46.512,-76.144,33.0,4.6,mw,,,,,us,usp0000bz8,2020-04-16T20:47:54.790Z,"12 km W of Saint-Boniface, Canada",earthquake,,,,,reviewed,us,us,1975-07-12,27343,Canada,-1
1975-08-01 14:04:23.700000+00:00,49.265,-128.792,16.0,5.03,mw,,,,,us,usp0000c8x,2014-11-06T23:21:31.538Z,"191 km SW of Port McNeill, Canada",earthquake,,,,,reviewed,us,us,1975-08-01,27256,Canada,1
1975-09-03 01:23:54+00:00,64.726,-138.683,25.0,4.6,mw,,,,,us,usp0000cpm,2014-11-06T23:21:31.816Z,"82 km NNE of Dawson City, Canada",earthquake,,,,,reviewed,us,us,1975-09-03,27344,Canada,-1
1975-10-23 21:17:46+00:00,49.841,-68.617,3.0,4.77,mw,,,,,us,usp0000d8z,2014-11-06T23:21:32.338Z,"76 km NNW of Hauterive, Canada",earthquake,,,,,reviewed,us,us,1975-10-23,27338,Canada,-1
1975-11-24 10:35:43.400000+00:00,51.518,-130.507,33.0,5.11,mw,,,,,us,usp0000dq3,2014-11-06T23:21:32.797Z,"261 km WNW of Port McNeill, Canada",earthquake,,,,,reviewed,us,us,1975-11-24,27203,Canada,1
1975-11-29 10:50:33.800000+00:00,49.606,-126.316,33.0,4.43,mw,,,,,us,usp0000ds8,2014-11-06T23:21:32.837Z,"46 km S of Vernon, Canada",earthquake,,,,,reviewed,us,us,1975-11-29,27355,Canada,1
1975-11-30 10:48:22+00:00,49.355,-123.506,32.0,5.03,mw,,,,,us,usp0000dst,2014-11-06T23:21:32.849Z,"4 km S of Gibsons, Canada",earthquake,,,,,reviewed,us,us,1975-11-30,27306,Canada,-1
1975-12-11 07:03:13.800000+00:00,50.184,-129.847,22.0,5.11,mw,,,,,us,usp0000dvv,2025-12-19T20:24:29.838Z,"201 km WSW of Port McNeill, Canada",earthquake,,,,,reviewed,us,us,1975-12-11,27223,Canada,1
1976-01-02 03:36:20.400000+00:00,50.388,-129.826,23.0,5.37,mw,,,,,us,usp0000e8b,2025-12-19T20:23:01.047Z,"195 km W of Port McNeill, Canada",earthquake,,,,,reviewed,us,us,1976-01-02,27491,Canada,1
1976-02-19 04:55:41.900000+00:00,66.366,-135.702,33.0,5.28,mw,,,,,us,usp0000f43,2022-04-27T17:16:34.756Z,"124 km SSW of Fort McPherson, Canada",earthquake,,,,,reviewed,us,us,1976-02-19,27511,Canada,2
1976-02-23 15:14:16+00:00,51.471,-130.442,16.0,6.72,mw,,,,,us,usp0000f6k,2025-12-19T20:22:53.460Z,"254 km WNW of Port McNeill, Canada",earthquake,,,,,reviewed,us,us,1976-02-23,27377,Canada,1
1976-04-25 11:20:15.200000+00:00,49.538,-126.574,33.0,4.68,mw,,,,,us,usp0000g1k,2014-11-06T23:21:34.934Z,"56 km SSW of Vernon, Canada",earthquake,,,,,reviewed,us,us,1976-04-25,27533,Canada,1
1976-05-13 07:11:44+00:00,53.114,-132.099,26.0,5.11,mw,,,,,us,usp0000gar,2014-11-06T23:21:35.255Z,"177 km SW of Prince Rupert, Canada",earthquake,,,,,reviewed,us,us,1976-05-13,27512,Canada,-1
1976-05-15 08:17:41.400000+00:00,49.114,-128.755,17.0,5.71,mw,,,,,us,usp0000gbr,2014-11-06T23:21:35.283Z,"200 km WSW of Vernon, Canada",earthquake,,,,,reviewed,us,us,1976-05-15,27429,Canada,1
1976-05-16 08:35:14.800000+00:00,48.8,-123.356,62.0,5.37,mw,,,,,us,usp0000gcd,2025-12-19T20:20:40.812Z,"10 km ESE of Salt Spring Island, Canada",earthquake,,,,,reviewed,w,us,1976-05-16,27509,Canada,-1
1976-06-06 02:17:17.400000+00:00,49.034,-127.87,33.0,6.25,mw,,,,,us,usp0000gr8,2025-12-19T20:19:33.380Z,"143 km W of Tofino, Canada",earthquake,,,,,reviewed,us,us,1976-06-06,27425,Canada,1
1976-07-30 14:11:03.700000+00:00,49.079,-127.923,10.0,4.68,mw,,,,,us,usp0000hmw,2014-11-06T23:21:36.444Z,"147 km W of Tofino, Canada",earthquake,,,,,reviewed,us,us,1976-07-30,27692,Canada,1
1976-09-16 10:14:39.100000+00:00,76.136,-108.384,33.0,4.94,mw,,,,,us,usp0000jew,2014-11-06T23:21:37.234Z,"Melville Island region, Nunavut, Canada",earthquake,,,,,reviewed,us,us,1976-09-16,27635,Canada,-1
1976-11-09 20:17:19.400000+00:00,50.589,-129.761,33.0,4.94,mw,,,,,us,usp0000k90,2014-11-06T23:21:38.163Z,"189 km W of Port McNeill, Canada",earthquake,,,,,reviewed,us,us,1976-11-09,27689,Canada,1
1976-11-12 14:47:24.900000+00:00,72.355,-70.211,33.0,5.62,mw,,,,,us,usp0000k9z,2025-12-19T20:15:50.979Z,"217 km NNW of Clyde River, Canada",earthquake,,,,,reviewed,us,us,1976-11-12,27587,Canada,-1
1976-11-17 23:24:31+00:00,49.532,-125.797,10.0,4.6,mw,,,,,us,usp0000kcj,2014-11-06T23:21:38.277Z,"42 km N of Tofino, Canada",earthquake,,,,,reviewed,us,us,1976-11-17,27697,Canada,-1
1976-12-20 20:33:07.800000+00:00,48.802,-129.292,10.0,6.71,mw,,,,,us,usp0000kv9,2025-12-19T20:15:29.025Z,"250 km W of Tofino, Canada",earthquake,,,,,reviewed,us,us,1976-12-20,27730,Canada,1
1976-12-26 10:48:21.100000+00:00,49.425,-129.618,10.0,5.03,mw,,,,,us,usp0000ky3,2014-11-06T23:21:38.996Z,"222 km SW of Port McNeill, Canada",earthquake,,,,,reviewed,us,us,1976-12-26,27736,Canada,1
1977-01-27 00:51:05.600000+00:00,66.79,-135.433,33.0,5.03,mw,,,,,us,usp0000mc7,2014-11-06T23:21:39.525Z,"76 km SSW of Fort McPherson, Canada",earthquake,,,,,reviewed,us,us,1977-01-27,27768,Canada,2
1977-04-03 18:45:45.900000+00:00,50.669,-129.858,4.0,5.03,mw,,,,,us,usp0000n8e,2014-11-06T23:21:40.639Z,"196 km W of Port McNeill, Canada",earthquake,,,,,reviewed,us,us,1977-04-03,27834,Canada,1
1977-05-25 23:01:06.500000+00:00,77.532,-105.187,33.0,4.77,mw,,,,,us,usp0000p19,2014-11-06T23:21:42.101Z,"Sverdrup Islands, Nunavut, Canada",earthquake,,,,,reviewed,us,us,1977-05-25,27886,Canada,-1
1977-07-09 08:04:23+00:00,51.045,-130.011,33.0,4.6,mw,,,,,us,usp0000pnb,2014-11-06T23:21:42.893Z,"212 km WNW of Port McNeill, Canada",earthquake,,,,,reviewed,us,us,1977-07-09,27961,Canada,1
1977-07-14 21:40:26.900000+00:00,49.146,-129.565,10.0,4.68,mw,,,,,us,usp0000pqz,2014-11-06T23:21:42.971Z,"239 km SW of Port McNeill, Canada",earthquake,,,,,reviewed,us,us,1977-07-14,27936,Canada,1
1977-08-08 23:08:41+00:00,49.72,-67.18,18.0,4.1,,,,,,us,usp0000q18,2014-11-06T23:21:43.431Z,"40 km SW of Saint-Alexandre, Canada",earthquake,,,,,reviewed,c,ott,1977-08-08,28023,Canada,-1
1977-10-09 16:42:39.200000+00:00,53.689,-118.036,33.0,4.77,mw,,,,,us,usp0000qz7,2014-11-06T23:21:44.547Z,"43 km NW of Hinton, Canada",earthquake,,,,,reviewed,us,us,1977-10-09,27931,Canada,-1
1977-12-25 07:20:59.600000+00:00,50.616,-129.644,10.0,4.77,mw,,,,,us,usp0000s7s,2014-11-06T23:21:46.109Z,"181 km W of Port McNeill, Canada",earthquake,,,,,reviewed,us,us,1977-12-25,28252,Canada,1
1978-01-13 08:25:31.600000+00:00,52.748,-132.08,33.0,5.28,mw,,,,,us,usp0000sft,2014-11-06T23:21:46.384Z,"209 km SSW of Prince Rupert, Canada",earthquake,,,,,reviewed,us,us,1978-01-13,28119,Canada,1
1978-02-05 16:07:14.200000+00:00,78.408,-108.09,33.0,5.28,mw,,,,,us,usp0000sue,2022-04-27T15:43:11.484Z,"Sverdrup Islands, Nunavut, Canada",earthquake,,,,,reviewed,us,us,1978-02-05,28142,Canada,-1
1978-02-18 14:48:25+00:00,46.351,-74.11,7.0,4.51,mw,,,,,us,usp0000t14,2014-11-06T23:21:47.121Z,"9 km ENE of Saint-Donat-de-Montcalm, Canada",earthquake,,,,,reviewed,c,us,1978-02-18,28259,Canada,-1
1978-05-14 22:37:04.100000+00:00,52.661,-118.704,10.0,5.11,mw,,,,,us,usp0000uj2,2022-04-27T15:39:41.833Z,"48 km WSW of Jasper, Canada",earthquake,,,,,reviewed,us,us,1978-05-14,28240,Canada,-1
1978-05-15 22:24:28.600000+00:00,49.26,-129.126,10.0,4.85,mw,,,,,us,usp0000ujf,2014-11-06T23:21:49.141Z,"208 km SW of Port McNeill, Canada",earthquake,,,,,reviewed,us,us,1978-05-15,28241,Canada,1
1978-05-26 20:01:57.800000+00:00,51.166,-130.429,17.0,5.2,mw,,,,,us,usp0000us7,2014-11-06T23:21:49.369Z,"243 km WNW of Port McNeill, Canada",earthquake,,,,,reviewed,us,us,1978-05-26,28155,Canada,1
1978-06-02 20:41:43.700000+00:00,50.259,-127.688,21.0,6.18,mw,,,,,us,usp0000uvx,2025-12-19T20:00:17.369Z,"56 km SW of Port McNeill, Canada",earthquake,,,,,reviewed,us,us,1978-06-02,28100,Canada,-1
1978-06-11 14:55:25.500000+00:00,49.262,-129.502,10.0,6.79,mw,,,,,us,usp0000uzy,2025-12-19T20:00:30.923Z,"227 km SW of Port McNeill, Canada",earthquake,,,,,reviewed,us,us,1978-06-11,28268,Canada,1
1978-07-07 14:46:17.900000+00:00,49.099,-128.297,10.0,4.6,mw,,,,,us,usp0000vfc,2014-11-06T23:21:50.232Z,"173 km SW of Vernon, Canada",earthquake,,,,,reviewed,us,us,1978-07-07,28298,Canada,1
1978-07-10 21:09:27+00:00,66.59,-135.7,18.0,4.6,mw,,,,,us,usp0000vh0,2014-11-06T23:21:50.285Z,"101 km SSW of Fort McPherson, Canada",earthquake,,,,,reviewed,c,us,1978-07-10,28312,Canada,2
1978-07-11 02:55:01.600000+00:00,52.765,-132.104,10.0,5.62,mw,,,,,us,usp0000vh5,2022-04-27T15:32:33.631Z,"209 km SSW of Prince Rupert, Canada",earthquake,,,,,reviewed,us,us,1978-07-11,28294,Canada,1
1978-07-25 23:30:50.900000+00:00,50.303,-127.577,11.0,5.54,mw,,,,,us,usp0000vs9,2025-12-19T20:00:14.919Z,"47 km SW of Port McNeill, Canada",earthquake,,,,,reviewed,us,us,1978-07-25,28297,Canada,-1
1978-11-11 17:44:34+00:00,50.827,-129.671,10.0,4.51,mw,,,,,us,usp0000xdf,2014-11-06T23:21:53.692Z,"184 km W of Port McNeill, Canada",earthquake,,,,,reviewed,us,us,1978-11-11,28421,Canada,1
1978-11-19 09:24:39.500000+00:00,62.811,-128.198,33.0,4.38,mw,,,,,us,usp0000xh7,2014-11-06T23:21:53.878Z,"283 km SSW of Norman Wells, Canada",earthquake,,,,,reviewed,us,ott,1978-11-19,28429,Canada,-1
1979-03-13 10:06:14+00:00,49.257,-126.958,10.0,5.03,mw,,,,,us,usp0000zan,2014-11-06T23:21:58.299Z,"77 km W of Tofino, Canada",earthquake,,,,,reviewed,us,us,1979-03-13,28543,Canada,1
1979-03-13 12:00:17.200000+00:00,49.987,-129.688,10.0,6.32,mw,,,,,us,usp0000zau,2025-12-19T21:44:31.679Z,"197 km WSW of Port McNeill, Canada",earthquake,,,,,reviewed,us,us,1979-03-13,28543,Canada,1
1979-04-14 08:57:06.800000+00:00,47.723,-128.404,15.0,4.51,mw,,,,,us,usp0000zzm,2014-11-06T23:21:59.964Z,"243 km SW of Tofino, Canada",earthquake,,,,,reviewed,us,us,1979-04-14,28615,Canada,1
1979-05-24 12:39:05.700000+00:00,49.691,-128.58,10.0,4.94,mw,,,,,us,usp00010un,2014-11-06T23:22:01.485Z,"146 km SW of Port McNeill, Canada",earthquake,,,,,reviewed,us,us,1979-05-24,28575,Canada,1
1979-06-07 08:00:02.900000+00:00,64.103,-128.552,33.0,4.3,,,,,,us,usp0001152,2014-11-06T23:22:02.350Z,"154 km SSW of Norman Wells, Canada",earthquake,,,,,reviewed,us,ott,1979-06-07,28783,Canada,-1
1979-06-21 17:03:17.500000+00:00,51.323,-130.315,10.0,6.18,mw,,,,,us,usp00011ff,2025-12-19T22:05:23.923Z,"241 km WNW of Port McNeill, Canada",earthquake,,,,,reviewed,us,us,1979-06-21,28629,Canada,1
1979-06-27 08:50:35.100000+00:00,69.999,-96.32,18.0,5.37,mw,,,,,us,usp00011jz,2025-12-19T22:05:34.008Z,"154 km N of Gjoa Haven, Canada",earthquake,,,,,reviewed,o,us,1979-06-27,28643,Canada,-1
1979-07-11 14:07:28.900000+00:00,62.767,-127.722,10.0,5.28,mw,,,,,us,usp00011tq,2022-04-27T15:00:41.176Z,"283 km S of Norman Wells, Canada",earthquake,,,,,reviewed,us,us,1979-07-11,28649,Canada,-1
1979-08-19 22:49:31+00:00,47.64,-69.959,18.0,4.94,mw,,,,,us,usp00012hb,2020-04-16T20:25:05.935Z,"14 km E of La Malbaie, Canada",earthquake,,,,,reviewed,o,us,1979-08-19,28702,Canada,-1
1979-08-30 14:22:58+00:00,47.645,-127.837,15.0,5.2,mw,,,,,us,usp00012qh,2014-11-06T23:22:05.131Z,"220 km SW of Tofino, Canada",earthquake,,,,,reviewed,us,us,1979-08-30,28663,Canada,1
1979-09-02 22:26:39.300000+00:00,65.898,-134.385,33.0,4.51,mw,,,,,us,usp00012se,2014-11-06T23:22:05.204Z,"173 km S of Fort McPherson, Canada",earthquake,,,,,reviewed,us,us,1979-09-02,28751,Canada,2
1979-09-25 18:28:28+00:00,52.249,-115.44,5.0,4.3,,,,,,us,usp000134j,2014-11-06T23:22:05.794Z,"37 km WSW of Rocky Mountain House, Canada",earthquake,,,,,reviewed,o,ott,1979-09-25,28784,Canada,-1
1979-10-07 01:59:03.300000+00:00,65.454,-133.568,10.0,4.85,mw,,,,,us,usp0001399,2014-11-06T23:22:05.988Z,"228 km SSE of Fort McPherson, Canada",earthquake,,,,,reviewed,us,us,1979-10-07,28713,Canada,2
1979-11-08 10:59:33.700000+00:00,50.547,-129.606,10.0,4.68,mw,,,,,us,usp00013wj,2014-11-06T23:22:07.174Z,"178 km W of Port McNeill, Canada",earthquake,,,,,reviewed,us,us,1979-11-08,28716,Canada,1
1979-11-09 16:02:11.400000+00:00,49.002,-124.415,28.0,4.68,mw,,,,,us,usp00013xa,2016-07-25T00:44:27.050Z,"32 km NW of Lake Cowichan, Canada",earthquake,,,,,reviewed,o,us,1979-11-09,28739,Canada,-1
1980-01-01 16:43:31.700000+00:00,51.154,-129.871,10.0,4.77,mw,,,,,us,usp00014tv,2014-11-06T23:24:14.453Z,"205 km WNW of Port McNeill, Canada",earthquake,,,,,reviewed,us,us,1980-01-01,28938,Canada,1
1980-02-08 12:23:13.900000+00:00,65.483,-134.351,18.0,5.11,mw,,,,,us,usp00015bz,2014-11-06T23:24:17.574Z,"219 km S of Fort McPherson, Canada",earthquake,,,,,reviewed,us,us,1980-02-08,28903,Canada,2
1980-03-07 21:36:30.100000+00:00,49.79,-125.741,44.0,5.2,mw,,,,,us,usp00015vr,2014-11-06T23:24:18.788Z,"43 km SW of Campbell River, Canada",earthquake,,,,,reviewed,us,us,1980-03-07,28875,Canada,-1
1980-04-11 01:45:05.600000+00:00,49.366,-127.705,10.0,5.98,mw,,,,,us,usp00016jg,2025-12-19T21:59:08.432Z,"121 km SW of Vernon, Canada",earthquake,,,,,reviewed,us,us,1980-04-11,28837,Canada,1
1980-04-13 22:40:22+00:00,49.389,-81.586,18.0,4.51,mw,,,,,us,usp00016md,2014-11-06T23:24:20.380Z,"61 km E of Kapuskasing, Canada",earthquake,,,,,reviewed,o,us,1980-04-13,28940,Canada,-1
1980-07-03 01:08:46.600000+00:00,60.253,-137.149,33.0,4.85,mw,,,,,us,usp00018m9,2014-11-06T23:24:23.829Z,"59 km SSE of Haines Junction, Canada",earthquake,,,,,reviewed,us,us,1980-07-03,29030,Canada,-1
1980-07-12 03:44:25.100000+00:00,51.151,-130.001,10.0,4.77,mw,,,,,us,usp00018tp,2014-11-06T23:24:24.222Z,"214 km WNW of Port McNeill, Canada",earthquake,,,,,reviewed,us,us,1980-07-12,29112,Canada,1
1980-10-02 03:42:48.600000+00:00,50.313,-130.043,10.0,5.54,mw,,,,,us,usp0001a21,2025-12-19T21:55:10.160Z,"212 km W of Port McNeill, Canada",earthquake,,,,,reviewed,us,us,1980-10-02,29021,Canada,1
1980-12-17 16:21:58.800000+00:00,49.479,-129.496,10.0,6.81,mw,,,,,us,usp0001bax,2025-12-19T21:54:23.921Z,"212 km SW of Port McNeill, Canada",earthquake,,,,,reviewed,us,us,1980-12-17,29188,Canada,1
1980-12-21 01:55:17.200000+00:00,47.807,-128.743,15.0,5.11,mw,,,,,us,usp0001bcq,2014-11-06T23:24:28.182Z,"257 km SW of Tofino, Canada",earthquake,,,,,reviewed,us,us,1980-12-21,29192,Canada,1
1980-12-21 15:19:12.900000+00:00,48.183,-129.412,15.0,4.68,mw,,,,,us,usp0001bcy,2014-11-06T23:24:28.189Z,"279 km WSW of Tofino, Canada",earthquake,,,,,reviewed,us,us,1980-12-21,29253,Canada,-1
1981-01-18 06:14:02.100000+00:00,65.26,-133.375,33.0,4.23,mw,,,,,us,usp0001bsd,2014-11-06T23:24:28.715Z,"252 km SSE of Fort McPherson, Canada",earthquake,,,,,reviewed,us,pmr,1981-01-18,29334,Canada,2
1981-02-20 17:37:34.350000+00:00,63.449,-123.149,10.0,5.11,mw,,,,0.8,us,usp0001ca9,2022-04-28T01:12:02.505Z,"270 km SE of Norman Wells, Canada",earthquake,,,,18.0,reviewed,us,us,1981-02-20,29192,Canada,-1
1981-05-02 13:27:30.910000+00:00,49.018,-128.405,10.0,4.6,mw,,,,0.8,us,usp0001dgb,2014-11-07T00:29:23.897Z,"183 km W of Tofino, Canada",earthquake,,,,2.0,reviewed,us,us,1981-05-02,29324,Canada,1
1981-05-12 02:33:35.160000+00:00,50.56,-129.446,27.0,4.85,mw,,,,0.8,us,usp0001dms,2014-11-07T00:29:28.986Z,"167 km W of Port McNeill, Canada",earthquake,,7.9,,8.0,reviewed,us,us,1981-05-12,29220,Canada,1
1981-06-04 15:48:15.510000+00:00,49.04,-128.689,10.0,4.77,mw,,,,1.2,us,usp0001e0g,2014-11-07T00:29:35.335Z,"201 km SW of Vernon, Canada",earthquake,,,,3.0,reviewed,us,us,1981-06-04,29432,Canada,1
1981-06-14 18:59:07.260000+00:00,65.484,-135.103,4.3,4.94,mw,,,,0.9,us,usp0001e5j,2014-11-07T00:29:37.841Z,"218 km S of Fort McPherson, Canada",earthquake,,3.2,,10.0,reviewed,us,us,1981-06-14,29367,Canada,2
1981-07-20 14:53:52.040000+00:00,64.766,-138.515,15.0,4.77,mw,,,,1.4,us,usp0001etz,2014-11-07T00:29:48.159Z,"90 km NNE of Dawson City, Canada",earthquake,,,,4.0,reviewed,us,us,1981-07-20,29497,Canada,-1
1981-08-16 10:40:09.460000+00:00,48.936,-127.935,10.0,5.03,mw,,,,1.0,us,usp0001far,2014-11-07T00:29:56.226Z,"150 km W of Tofino, Canada",earthquake,,,,5.0,reviewed,us,us,1981-08-16,29357,Canada,1
1981-08-18 13:27:54+00:00,65.84,-89.89,18.0,4.85,mw,,,,,us,usp0001fbt,2022-04-28T00:57:26.931Z,"Nunavut, Canada",earthquake,,,,18.0,reviewed,ott,us,1981-08-18,29430,Canada,-1
1981-10-22 20:38:43.710000+00:00,68.231,-61.859,33.0,4.94,mw,,,,0.9,us,usp0001gmb,2014-11-07T00:30:15.336Z,"285 km NE of Pangnirtung, Canada",earthquake,,,,18.0,reviewed,us,us,1981-10-22,29403,Canada,-1
1981-11-21 18:25:19+00:00,79.52,-108.11,18.0,4.94,mw,,,,,us,usp0001h2q,2014-11-07T00:30:24.652Z,"Sverdrup Islands, Nunavut, Canada",earthquake,,,,20.0,reviewed,ott,us,1981-11-21,29576,Canada,-1
1981-12-19 13:51:53.360000+00:00,48.967,-128.096,10.0,4.68,mw,,,,1.1,us,usp0001hgb,2014-11-07T00:30:32.111Z,"161 km W of Tofino, Canada",earthquake,,,,3.0,reviewed,us,us,1981-12-19,29611,Canada,1
1982-01-09 16:36:42.930000+00:00,47.023,-66.648,6.0,5.37,mw,,,,,us,usp0001hyn,2014-11-07T00:30:39.501Z,"87 km W of Miramichi, Canada",earthquake,,,,55.0,reviewed,spe,us,1982-01-09,29527,Canada,-1
1982-02-03 20:41:07.670000+00:00,49.051,-128.756,10.0,4.77,mw,,,,1.2,us,usp0001jfj,2014-11-07T00:30:48.570Z,"204 km WSW of Vernon, Canada",earthquake,,,,6.0,reviewed,us,us,1982-02-03,29603,Canada,1
1982-02-05 03:53:09.650000+00:00,47.781,-128.354,10.0,4.6,mw,,,,1.1,us,usp0001jg4,2014-11-07T00:30:48.977Z,"236 km SW of Tofino, Canada",earthquake,,,,4.0,reviewed,us,us,1982-02-05,29622,Canada,1
1982-02-13 07:45:47.450000+00:00,50.75,-129.424,10.0,4.94,mw,,,,1.2,us,usp0001jmb,2014-11-07T00:30:51.166Z,"166 km W of Port McNeill, Canada",earthquake,,,,9.0,reviewed,us,us,1982-02-13,29601,Canada,1
1982-02-24 23:13:01+00:00,49.18,-126.63,18.0,5.2,mw,,,,,us,usp0001ju2,2014-11-07T00:30:53.236Z,"52 km W of Tofino, Canada",earthquake,,,,5.0,reviewed,pgc,us,1982-02-24,29555,Canada,1
1982-05-15 18:48:51.460000+00:00,50.574,-129.747,10.0,6.52,mw,,,,1.2,us,usp0001mbr,2025-12-19T21:41:42.697Z,"Vancouver Island, Canada region",earthquake,,,,11.0,reviewed,us,us,1982-05-15,29702,Canada,1
1982-07-19 03:00:37.840000+00:00,51.158,-130.109,10.0,5.85,mw,,,,0.8,us,usp0001ngb,2014-11-07T00:31:37.412Z,"221 km WNW of Port McNeill, Canada",earthquake,,,,1.0,reviewed,us,us,1982-07-19,29767,Canada,1
1982-07-20 05:00:54.110000+00:00,72.65,-71.611,10.0,5.78,mw,,,,0.8,us,usp0001ngs,2014-11-07T00:31:37.855Z,"265 km NNW of Clyde River, Canada",earthquake,,,,1.0,reviewed,us,us,1982-07-20,29768,Canada,-1
1982-07-22 08:51:11.400000+00:00,49.634,-127.879,10.0,5.03,mw,,,,1.1,us,usp0001nja,2014-11-07T00:31:38.229Z,"117 km WSW of Vernon, Canada",earthquake,,,,15.0,reviewed,us,us,1982-07-22,29770,Canada,1
1982-07-25 07:30:09.610000+00:00,71.831,-74.606,33.0,4.94,mw,,,,1.6,us,usp0001nnc,2014-11-07T00:31:38.728Z,"264 km WNW of Clyde River, Canada",earthquake,,,,3.0,reviewed,us,us,1982-07-25,29773,Canada,-1
1982-08-26 21:57:27.120000+00:00,47.997,-127.987,10.0,4.68,mw,,,,0.9,us,usp0001p8y,2014-11-07T00:31:47.533Z,"200 km SW of Tofino, Canada",earthquake,,,,2.0,reviewed,us,us,1982-08-26,29823,Canada,1
1982-09-13 09:19:28.290000+00:00,49.09,-128.648,10.0,4.85,mw,,,,1.1,us,usp0001pk2,2014-11-07T00:31:53.422Z,"195 km WSW of Vernon, Canada",earthquake,,,,5.0,reviewed,us,us,1982-09-13,29805,Canada,1
1982-10-02 00:10:25.210000+00:00,49.774,-126.853,10.0,4.6,mw,,,,0.9,us,usp0001pz9,2014-11-07T00:31:57.645Z,"45 km SW of Vernon, Canada",earthquake,,,,3.0,reviewed,us,us,1982-10-02,29842,Canada,1
1982-10-09 19:11:48.760000+00:00,60.242,-136.935,19.6,4.51,mw,,,,1.1,us,usp0001q4n,2014-11-07T00:32:00.935Z,"65 km SSE of Haines Junction, Canada",earthquake,,6.1,,1.0,reviewed,us,us,1982-10-09,29849,Canada,-1
1982-11-12 02:57:52.650000+00:00,47.874,-128.73,10.0,4.77,mw,,,,1.1,us,usp0001quy,2014-11-07T00:32:10.837Z,"252 km SW of Tofino, Canada",earthquake,,,,4.0,reviewed,us,us,1982-11-12,29974,Canada,1
1982-12-04 16:08:32+00:00,47.5,-70.2,18.0,4.0,mblg,,,,,us,usp0001r91,2014-11-07T00:32:18.391Z,"17 km SSW of La Malbaie, Canada",earthquake,,,,,reviewed,ott,ott,1982-12-04,30016,Canada,-1
1983-01-15 17:36:40.770000+00:00,51.748,-130.535,10.0,4.51,mw,,,,1.1,us,usp0001s8e,2014-11-07T00:32:29.504Z,"273 km WNW of Port McNeill, Canada",earthquake,,,,2.0,reviewed,us,us,1983-01-15,29990,Canada,1
1983-01-17 19:35:51+00:00,49.11,-66.98,18.0,4.85,mw,,,,,us,usp0001sb4,2014-11-07T00:32:30.637Z,"21 km W of Cap-Chat, Canada",earthquake,,,,2.0,reviewed,ott,us,1983-01-17,29947,Canada,-1
1983-02-11 14:26:51.720000+00:00,48.992,-128.772,10.0,4.68,mw,,,,1.1,us,usp0001syq,2014-11-07T00:32:40.317Z,"209 km SW of Vernon, Canada",earthquake,,,,6.0,reviewed,us,us,1983-02-11,29985,Canada,1
1983-02-22 12:51:22.570000+00:00,49.318,-127.341,10.0,5.03,mw,,,,0.8,us,usp0001t8f,2014-11-07T00:32:43.296Z,"105 km SW of Vernon, Canada",earthquake,,,,1.0,reviewed,us,us,1983-02-22,29905,Canada,1
1983-02-27 20:40:32.730000+00:00,50.727,-129.729,19.0,5.2,mw,,,,1.2,us,usp0001tc8,2014-11-07T00:32:43.897Z,"187 km W of Port McNeill, Canada",earthquake,,5.4,,16.0,reviewed,us,us,1983-02-27,29883,Canada,1
1983-03-25 04:26:17.280000+00:00,49.939,-126.766,15.0,4.85,mw,,,,1.1,us,usp0001txz,2014-11-07T00:32:50.865Z,"30 km WSW of Vernon, Canada",earthquake,,,,1.0,reviewed,us,us,1983-03-25,29949,Canada,1
1983-05-13 23:40:57+00:00,47.0,-66.6,5.0,4.1,mblg,,,,,us,usp0001vah,2014-11-07T00:33:10.272Z,"83 km W of Miramichi, Canada",earthquake,,,,,reviewed,ott,ott,1983-05-13,30216,Canada,-1
1983-05-16 02:01:57+00:00,47.7,-69.93,10.0,4.1,mblg,,,,,us,usp0001vda,2014-11-07T00:33:10.687Z,"16 km SSW of Saint-Siméon, Canada",earthquake,,,,,reviewed,ott,wes,1983-05-16,30226,Canada,-1
1983-08-05 14:58:18.620000+00:00,49.432,-129.129,10.0,4.43,mw,,,,1.5,us,usp0001xc1,2014-11-07T00:33:35.817Z,"194 km SW of Port McNeill, Canada",earthquake,,,,3.0,reviewed,us,us,1983-08-05,30210,Canada,1
1983-10-05 09:39:07.150000+00:00,64.764,-138.712,33.0,4.68,mw,,,,1.3,us,usp0001ytu,2014-11-07T00:33:56.008Z,"85 km NNE of Dawson City, Canada",earthquake,,,,3.0,reviewed,us,us,1983-10-05,30068,Canada,-1
1983-10-11 04:10:55+00:00,45.21,-75.77,15.0,4.6,mw,,,,,us,usp0001yww,2014-11-07T00:33:58.310Z,"5 km ENE of Richmond, Canada",earthquake,,,,2.0,reviewed,ott,us,1983-10-11,30149,Canada,-1
1983-10-21 15:11:25.510000+00:00,78.781,-98.967,10.0,4.85,mw,,,,0.9,us,usp0001z4j,2014-11-07T00:34:00.366Z,"Sverdrup Islands, Nunavut, Canada",earthquake,,,,8.0,reviewed,us,us,1983-10-21,30065,Canada,-1
1983-11-15 18:52:41.980000+00:00,48.965,-128.887,10.0,4.85,mw,,,,1.1,us,usp0001zv0,2014-11-07T00:34:08.340Z,"217 km SW of Vernon, Canada",earthquake,,,,8.0,reviewed,us,us,1983-11-15,30276,Canada,1
1983-12-07 15:37:15.290000+00:00,50.671,-129.696,10.0,5.65,mw,,,,1.3,us,usp00020b7,2014-11-07T00:34:14.251Z,"184 km W of Port McNeill, Canada",earthquake,,,,1.0,reviewed,us,us,1983-12-07,30251,Canada,1
1983-12-10 05:44:00.720000+00:00,47.834,-128.055,10.0,4.68,mw,,,,0.7,us,usp00020cy,2014-11-07T00:34:14.781Z,"216 km SW of Tofino, Canada",earthquake,,,,5.0,reviewed,us,us,1983-12-10,30339,Canada,1
1983-12-11 23:31:32.620000+00:00,73.114,-91.596,10.0,4.6,mw,,,,0.9,us,usp00020eb,2014-11-07T00:34:15.009Z,"Somerset Island, Nunavut, Canada",earthquake,,,,2.0,reviewed,us,us,1983-12-11,30384,Canada,-1
1984-01-23 13:14:57.700000+00:00,77.799,-111.991,10.0,5.03,mw,,,,0.6,us,usp00021gj,2014-11-07T00:34:24.024Z,"Sverdrup Islands, Northwest Territories, Canada",earthquake,,,,7.0,reviewed,us,us,1984-01-23,30273,Canada,-1
1984-02-11 13:38:27+00:00,49.19,-114.41,18.0,4.85,mw,,,,,us,usp00021wq,2014-11-07T00:34:30.047Z,"46 km SW of Pincher Creek, Canada",earthquake,,,,7.0,reviewed,pgc,us,1984-02-11,30277,Canada,-1
1984-03-27 17:53:55.450000+00:00,48.851,-128.285,10.0,4.85,mw,,,,1.1,us,usp000231e,2014-11-07T00:34:40.145Z,"177 km WSW of Tofino, Canada",earthquake,,,,10.0,reviewed,us,us,1984-03-27,30320,Canada,1
1984-06-24 21:33:09.550000+00:00,51.187,-130.361,10.0,5.8,mw,,,,1.3,us,usp000258c,2022-04-27T23:00:05.348Z,"239 km WNW of Port McNeill, Canada",earthquake,,,,,reviewed,us,hrv,1984-06-24,30473,Canada,1
1984-07-06 17:24:52+00:00,46.53,-81.17,1.0,4.77,mw,,,,,us,usp00025ha,2020-08-26T23:33:20.759Z,"5 km WSW of Azilda, Canada",earthquake,,,,1.0,reviewed,ott,us,1984-07-06,30536,Canada,-1
1984-08-02 17:52:59.530000+00:00,49.453,-129.183,10.0,4.77,mw,,,,1.2,us,usp000265z,2014-11-07T00:35:15.846Z,"196 km SW of Port McNeill, Canada",earthquake,,,,2.0,reviewed,us,us,1984-08-02,30541,Canada,1
1984-08-12 00:24:47.620000+00:00,50.253,-129.962,10.0,5.3,mw,,,,1.1,us,usp00026bz,2025-12-19T21:24:03.889Z,"207 km WSW of Port McNeill, Canada",earthquake,,,,,reviewed,us,hrv,1984-08-12,30485,Canada,1
1984-08-26 11:05:09.220000+00:00,50.732,-129.725,10.0,4.85,mw,,,,1.3,us,usp00026rd,2014-11-07T00:35:20.300Z,"187 km W of Port McNeill, Canada",earthquake,,,,13.0,reviewed,us,us,1984-08-26,30522,Canada,1
1984-08-31 13:15:37.350000+00:00,65.677,-134.912,33.0,5.2,mw,,,,1.0,us,usp00026wh,2022-04-27T23:16:29.494Z,"196 km S of Fort McPherson, Canada",earthquake,,,,35.0,reviewed,us,us,1984-08-31,30512,Canada,2
1984-09-03 13:57:17+00:00,52.15,-115.14,5.0,4.23,mw,,,,,us,usp000270k,2014-11-07T00:35:24.277Z,"28 km SSW of Rocky Mountain House, Canada",earthquake,,,,,reviewed,pgc,us,1984-09-03,30553,Canada,-1
1984-09-12 19:48:58.830000+00:00,50.299,-130.591,10.0,4.6,mw,,,,1.4,us,usp00027ay,2014-11-07T00:35:26.468Z,"251 km W of Port McNeill, Canada",earthquake,,,,6.0,reviewed,us,us,1984-09-12,30544,Canada,1
1984-11-19 02:05:57.530000+00:00,52.191,-115.094,5.0,4.6,mw,,,,0.8,us,usp000296q,2014-11-07T00:35:43.670Z,"22 km SSW of Rocky Mountain House, Canada",earthquake,,,,1.0,reviewed,us,us,1984-11-19,30779,Canada,-1
1984-12-14 12:40:42.870000+00:00,50.797,-129.798,10.0,4.85,mw,,,,1.0,us,usp0002a15,2014-11-07T00:35:52.481Z,"192 km W of Port McNeill, Canada",earthquake,,,,16.0,reviewed,us,us,1984-12-14,30646,Canada,1
1984-12-24 06:55:34.700000+00:00,76.634,-105.878,10.0,4.94,mw,,,,1.7,us,usp0002acp,2014-11-07T00:35:54.128Z,"Melville Island region, Nunavut, Canada",earthquake,,,,1.0,reviewed,us,us,1984-12-24,30621,Canada,-1
1985-01-03 23:29:51.390000+00:00,65.517,-133.389,18.0,4.68,mw,,,,1.1,us,usp0002aq0,2014-11-07T00:35:59.046Z,"224 km SSE of Fort McPherson, Canada",earthquake,,,,4.0,reviewed,us,us,1985-01-03,30666,Canada,2
1985-03-23 11:58:06.780000+00:00,49.235,-128.439,10.0,4.77,mw,,,,1.1,us,usp0002d4z,2014-11-07T00:36:19.931Z,"173 km WSW of Vernon, Canada",earthquake,,,,16.0,reviewed,us,us,1985-03-23,30656,Canada,1
1985-04-26 04:40:47.590000+00:00,51.475,-130.289,10.0,4.68,mw,,,,1.1,us,usp0002e62,2014-11-07T00:36:28.688Z,"245 km WNW of Port McNeill, Canada",earthquake,,,,11.0,reviewed,us,us,1985-04-26,30745,Canada,1
1985-05-27 02:32:35.930000+00:00,50.26,-129.433,10.0,4.43,mw,,,,1.6,us,usp0002f7t,2014-11-07T00:36:37.072Z,"170 km WSW of Port McNeill, Canada",earthquake,,,,3.0,reviewed,us,us,1985-05-27,30916,Canada,1
1985-06-24 17:46:21.680000+00:00,47.832,-129.014,10.0,4.43,mw,,,,1.4,us,usp0002g47,2014-11-07T00:36:45.444Z,"272 km SW of Tofino, Canada",earthquake,,,,5.0,reviewed,us,us,1985-06-24,30937,Canada,1
1985-07-18 01:30:17.860000+00:00,48.991,-128.713,10.0,4.77,mw,,,,1.3,us,usp0002gvr,2014-11-07T00:36:52.490Z,"205 km SW of Vernon, Canada",earthquake,,,,15.0,reviewed,us,us,1985-07-18,30866,Canada,1
1985-07-22 08:16:49.790000+00:00,50.618,-129.629,10.0,4.6,mw,,,,1.1,us,usp0002gzy,2014-11-07T00:36:53.159Z,"180 km W of Port McNeill, Canada",earthquake,,,,2.0,reviewed,us,us,1985-07-22,30899,Canada,1
1985-08-06 13:53:31.310000+00:00,49.363,-116.706,5.0,4.16,mw,,,,0.9,us,usp0002hek,2014-11-07T00:36:58.412Z,"32 km NNW of Creston, Canada",earthquake,,,,,reviewed,us,pgc,1985-08-06,30941,Canada,-1
1985-08-10 13:16:55.420000+00:00,49.182,-127.758,10.0,4.85,mw,,,,1.7,us,usp0002hjz,2014-11-07T00:36:59.673Z,"134 km W of Tofino, Canada",earthquake,,,,1.0,reviewed,us,us,1985-08-10,30838,Canada,1
1985-08-24 11:39:15+00:00,52.29,-115.44,5.0,4.77,mw,,,,,us,usp0002j3d,2014-11-07T00:37:03.231Z,"36 km WSW of Rocky Mountain House, Canada",earthquake,,,,2.0,reviewed,pgc,us,1985-08-24,30881,Canada,-1
1985-09-10 08:30:15.810000+00:00,48.024,-128.508,10.0,4.85,mw,,,,1.1,us,usp0002jkp,2014-11-07T00:37:08.914Z,"229 km SW of Tofino, Canada",earthquake,,,,7.0,reviewed,us,us,1985-09-10,30862,Canada,1
1985-10-01 02:38:16.010000+00:00,50.874,-130.102,10.0,4.68,mw,,,,1.3,us,usp0002kb3,2014-11-07T00:37:15.091Z,"215 km W of Port McNeill, Canada",earthquake,,,,8.0,reviewed,us,us,1985-10-01,30885,Canada,1
1985-10-05 05:34:14+00:00,47.0,-66.6,5.0,4.0,mblg,,,,,us,usp0002kg4,2014-11-07T00:37:17.609Z,"83 km W of Miramichi, Canada",earthquake,,,,,reviewed,ott,ott,1985-10-05,30941,Canada,-1
1985-10-05 15:24:02.270000+00:00,62.237,-124.266,10.0,6.7,mw,,,,1.0,us,usp0002kgp,2022-04-27T22:33:04.998Z,"Northwest Territories, Canada",earthquake,,,,,reviewed,us,nc,1985-10-05,30810,Canada,3
1985-10-27 01:39:38.040000+00:00,49.402,-127.624,10.0,5.03,mw,,,,1.0,us,usp0002m5s,2014-11-07T00:37:21.409Z,"114 km SW of Vernon, Canada",earthquake,,,,23.0,reviewed,us,us,1985-10-27,31034,Canada,1
1985-12-15 12:43:31.360000+00:00,50.888,-134.466,10.0,5.03,mw,,,,0.9,us,usp0002nwg,2014-11-07T00:37:37.716Z,west of Vancouver Island,earthquake,,,,24.0,reviewed,us,us,1985-12-15,31039,Canada,-1
1985-12-23 05:16:03.330000+00:00,62.222,-124.239,6.0,6.9,mw,,,,0.9,us,usp0002p9m,2022-04-27T22:29:29.845Z,"Northwest Territories, Canada",earthquake,,,,,reviewed,us,nc,1985-12-23,30963,Canada,3
1986-01-06 00:02:35.730000+00:00,49.371,-129.369,10.0,4.77,mw,,,,1.1,us,usp0002pt9,2014-11-07T00:37:45.221Z,"212 km SW of Port McNeill, Canada",earthquake,,,,8.0,reviewed,us,us,1986-01-06,31075,Canada,1
1986-01-11 13:30:28+00:00,47.7,-70.18,18.0,4.0,mblg,,,,,us,usp0002pz1,2014-11-07T00:37:46.931Z,"5 km NNW of La Malbaie, Canada",earthquake,,,,,reviewed,ott,ott,1986-01-11,31108,Canada,-1
1986-02-16 02:47:48.490000+00:00,66.645,-135.923,23.2,5.2,mw,,,,1.2,us,usp0002r1h,2022-04-27T22:24:13.845Z,"99 km SSW of Fort McPherson, Canada",earthquake,,6.3,,24.0,reviewed,us,us,1986-02-16,31020,Canada,2
1986-03-21 23:56:18.600000+00:00,54.284,-121.854,18.0,5.5,mw,,,,,us,usp0002s1g,2022-04-27T22:22:27.834Z,"71 km NE of Prince George, Canada",earthquake,,,,,reviewed,pgc,hrv,1986-03-21,31012,Canada,-1
1986-04-26 17:12:24.180000+00:00,50.506,-129.814,10.0,5.65,mw,,,,1.2,us,usp0002t7g,2014-11-07T00:38:15.727Z,"193 km W of Port McNeill, Canada",earthquake,,,,3.0,reviewed,us,us,1986-04-26,31151,Canada,1
1986-05-03 23:05:11.630000+00:00,62.169,-124.035,10.0,5.2,mw,,,,1.0,us,usp0002tge,2014-11-07T00:38:19.968Z,"Northwest Territories, Canada",earthquake,,,,29.0,reviewed,us,us,1986-05-03,31172,Canada,3
1986-05-24 14:31:48+00:00,66.84,-93.48,18.0,4.51,mw,,,,,us,usp0002ucn,2014-11-07T00:38:25.803Z,"223 km SSE of Gjoa Haven, Canada",earthquake,,,,1.0,reviewed,ott,us,1986-05-24,31297,Canada,-1
1986-06-16 15:54:38+00:00,49.39,-127.07,31.0,6.05,mw,,,,,us,usp0002v3x,2014-11-07T00:38:33.153Z,"87 km SW of Vernon, Canada",earthquake,,,,6.0,reviewed,pgc,us,1986-06-16,31144,Canada,1
1986-08-07 06:15:07.460000+00:00,49.378,-128.726,10.0,4.51,mw,,,,0.8,us,usp0002wy3,2014-11-07T00:38:49.723Z,"178 km SW of Port McNeill, Canada",earthquake,,,,5.0,reviewed,us,us,1986-08-07,31298,Canada,1
1986-08-20 18:54:12.460000+00:00,61.798,-124.403,10.0,4.77,mw,,,,1.3,us,usp0002xbw,2014-11-07T00:38:52.895Z,"Northwest Territories, Canada",earthquake,,,,3.0,reviewed,us,us,1986-08-20,31260,Canada,3
1986-09-19 15:53:01+00:00,47.3,-70.32,22.0,4.2,mblg,,,,,us,usp0002y7n,2014-11-07T00:39:02.019Z,"10 km NNW of St-Jean-Port-Joli, Canada",earthquake,,,,,reviewed,ott,ott,1986-09-19,31312,Canada,-1
1986-09-26 21:04:52.210000+00:00,49.002,-128.727,10.0,4.68,mw,,,,0.9,us,usp0002ydr,2014-11-07T00:39:03.536Z,"205 km SW of Vernon, Canada",earthquake,,,,2.0,reviewed,us,us,1986-09-26,31290,Canada,1
1986-09-27 11:51:40.910000+00:00,62.63,-124.007,10.0,5.03,mw,,,,1.6,us,usp0002yek,2014-11-07T00:39:03.599Z,"Northwest Territories, Canada",earthquake,,,,1.0,reviewed,us,us,1986-09-27,31195,Canada,3
1986-10-11 22:26:30.320000+00:00,48.922,-127.861,10.0,4.85,mw,,,,1.1,us,usp0002yvc,2014-11-07T00:39:08.787Z,"145 km W of Tofino, Canada",earthquake,,,,5.0,reviewed,us,us,1986-10-11,31247,Canada,1
1986-10-17 14:47:59+00:00,47.0,-66.6,5.0,4.1,mblg,,,,,us,usp0002z0z,2014-11-07T00:39:09.627Z,"83 km W of Miramichi, Canada",earthquake,,,,,reviewed,ott,ott,1986-10-17,31318,Canada,-1
1986-10-25 14:55:25.180000+00:00,79.463,-97.519,10.0,4.43,mw,,,,1.5,us,usp0002zb9,2014-11-07T00:39:11.601Z,"Sverdrup Islands, Nunavut, Canada",earthquake,,,,1.0,reviewed,us,us,1986-10-25,31488,Canada,-1
1986-11-10 13:32:02.980000+00:00,62.042,-124.498,10.0,4.77,mw,,,,1.3,us,usp0002zvn,2014-11-07T00:39:20.350Z,"Northwest Territories, Canada",earthquake,,,,2.0,reviewed,us,us,1986-11-10,31365,Canada,3
1986-11-11 13:12:56.050000+00:00,47.816,-128.542,10.0,4.68,mw,,,,1.0,us,usp0002zwj,2014-11-07T00:39:20.534Z,"245 km SW of Tofino, Canada",earthquake,,,,3.0,reviewed,us,us,1986-11-11,31439,Canada,1
1986-11-11 13:13:44+00:00,73.74,-86.1,18.0,4.68,mw,,,,,us,usp0002zwk,2014-11-07T00:39:20.537Z,"Baffin Island region, Nunavut, Canada",earthquake,,,,2.0,reviewed,ott,us,1986-11-11,31424,Canada,-1
1986-12-03 21:26:42.060000+00:00,49.741,-129.572,10.0,5.11,mw,,,,1.1,us,usp00030kp,2014-11-07T00:39:26.768Z,"201 km WSW of Port McNeill, Canada",earthquake,,,,11.0,reviewed,us,us,1986-12-03,31326,Canada,1
1986-12-06 21:04:15.710000+00:00,51.226,-130.084,10.0,4.68,mw,,,,1.1,us,usp00030p4,2014-11-07T00:39:28.040Z,"222 km WNW of Port McNeill, Canada",earthquake,,,,8.0,reviewed,us,us,1986-12-06,31368,Canada,1
1987-01-31 14:25:48.320000+00:00,50.289,-129.799,10.0,4.94,mw,,,,1.0,us,usp000322n,2014-11-07T00:39:41.894Z,"195 km W of Port McNeill, Canada",earthquake,,,,4.0,reviewed,us,us,1987-01-31,31343,Canada,1
1987-02-15 22:05:24.190000+00:00,49.147,-128.752,10.0,4.6,mw,,,,1.1,us,usp00032h9,2014-11-07T00:39:52.186Z,"198 km WSW of Vernon, Canada",earthquake,,,,4.0,reviewed,us,us,1987-02-15,31450,Canada,1
1987-02-26 04:02:05.600000+00:00,72.89,-70.28,18.0,4.43,mw,,,,,us,usp00032sd,2014-11-07T00:39:53.957Z,"276 km NNW of Clyde River, Canada",earthquake,,,,2.0,reviewed,ott,us,1987-02-26,31478,Canada,-1
1987-03-26 02:35:47.400000+00:00,50.755,-129.97,10.0,4.94,mw,,,,1.0,us,usp00033n6,2014-11-07T00:40:07.066Z,"204 km W of Port McNeill, Canada",earthquake,,,,11.0,reviewed,us,us,1987-03-26,31342,Canada,1
1987-04-05 01:49:19.060000+00:00,65.887,-135.053,18.0,4.85,mw,,,,,us,usp00033xp,2014-11-07T00:40:12.472Z,"173 km S of Fort McPherson, Canada",earthquake,,,,3.0,reviewed,pgc,us,1987-04-05,31343,Canada,2
1987-05-06 02:44:46+00:00,64.73,-132.96,18.0,4.94,mw,,,,,us,usp00034rt,2014-11-07T00:40:22.893Z,"295 km WSW of Norman Wells, Canada",earthquake,,,,15.0,reviewed,pgc,us,1987-05-06,31551,Canada,2
1987-06-07 08:55:36+00:00,49.75,-127.05,38.0,4.43,mw,,,,,us,usp00035ku,2014-11-07T00:40:31.549Z,"58 km WSW of Vernon, Canada",earthquake,,,,4.0,reviewed,pgc,us,1987-06-07,31653,Canada,1
1987-08-22 10:42:41.590000+00:00,49.445,-129.743,10.0,4.68,mw,,,,0.8,us,usp00037qp,2014-11-07T00:40:49.522Z,"229 km SW of Port McNeill, Canada",earthquake,,,,9.0,reviewed,us,us,1987-08-22,31627,Canada,1
1987-09-17 18:04:53.730000+00:00,50.907,-129.871,10.0,5.92,mw,,,,1.3,us,usp00038fs,2014-11-07T00:40:57.084Z,"199 km W of Port McNeill, Canada",earthquake,,,,1.0,reviewed,us,us,1987-09-17,31519,Canada,1
1987-09-27 17:46:42.600000+00:00,64.523,-129.824,18.0,4.38,mw,,,,,us,usp00038se,2014-11-07T00:40:58.359Z,"164 km WSW of Norman Wells, Canada",earthquake,,,,,reviewed,pgc,pgc,1987-09-27,31663,Canada,-1
1987-10-18 13:06:49.180000+00:00,50.664,-129.604,10.0,4.77,mw,,,,0.9,us,usp00039cj,2014-11-07T00:41:05.692Z,"178 km W of Port McNeill, Canada",earthquake,,,,10.0,reviewed,us,us,1987-10-18,31815,Canada,1
1987-12-03 18:04:35.130000+00:00,49.156,-128.772,10.0,5.03,mw,,,,1.0,us,usp0003ax5,2014-11-07T00:41:20.574Z,"199 km WSW of Vernon, Canada",earthquake,,,,8.0,reviewed,us,us,1987-12-03,31734,Canada,1
1987-12-07 05:53:58.740000+00:00,49.389,-127.688,10.0,5.03,mw,,,,1.1,us,usp0003b1e,2014-11-07T00:41:21.498Z,"119 km SW of Vernon, Canada",earthquake,,,,12.0,reviewed,us,us,1987-12-07,31737,Canada,1
1987-12-10 19:17:28.670000+00:00,65.286,-133.742,10.0,5.03,mw,,,,1.2,us,usp0003b5m,2014-11-07T00:41:22.624Z,"245 km SSE of Fort McPherson, Canada",earthquake,,,,14.0,reviewed,us,us,1987-12-10,31740,Canada,2
1987-12-13 21:05:03.090000+00:00,74.432,-93.653,10.0,5.4,mw,,,,1.2,us,usp0003b8y,2022-04-27T21:25:58.324Z,"Cornwallis Island region, Nunavut, Canada",earthquake,,,,,reviewed,us,hrv,1987-12-13,31730,Canada,-1
1988-01-28 08:38:28+00:00,48.0,-65.58,18.0,4.9,mblg,,,,,us,usp0003cgu,2020-08-28T21:50:16.624Z,"8 km SW of Bonaventure, Canada",earthquake,,,,,reviewed,ott,us,1988-01-28,31786,Canada,-1
1988-02-11 02:31:51.940000+00:00,49.639,-129.697,10.0,4.85,mw,,,,0.9,us,usp0003cy0,2014-11-07T00:41:39.171Z,"214 km WSW of Port McNeill, Canada",earthquake,,,,9.0,reviewed,us,us,1988-02-11,31800,Canada,1
1988-02-26 22:00:24.200000+00:00,77.31,-84.27,18.0,4.0,mblg,,,,,us,usp0003dcw,2014-11-07T00:41:41.393Z,"Ellesmere Island region, Nunavut, Canada",earthquake,,,,,reviewed,ott,ott,1988-02-26,31843,Canada,-1
1988-03-25 19:36:46.470000+00:00,62.154,-124.182,10.0,6.2,mw,,,,0.9,us,usp0003eaq,2022-04-28T20:52:33.006Z,"Northwest Territories, Canada",earthquake,,,,,reviewed,us,hrv,1988-03-25,31684,Canada,3
1988-05-26 19:01:34.460000+00:00,49.084,-128.34,10.0,5.2,mw,,,,1.0,us,usp0003gdx,2025-12-19T20:57:14.197Z,"177 km SW of Vernon, Canada",earthquake,,,,,reviewed,us,hrv,1988-05-26,31922,Canada,1
1988-05-26 19:01:53.690000+00:00,48.8275,-126.9283333,-0.555,4.22,mw,79.0,311.0,,0.73,uw,uw10232043,2016-07-24T20:34:08.950Z,"83 km WSW of Tofino, Canada",earthquake,6.561,1.6,0.12,2.0,reviewed,uw,uw,1988-05-26,32018,Canada,1
1988-06-12 15:38:26+00:00,75.03,-95.59,18.0,4.77,mw,,,,,us,usp0003gxn,2014-11-07T00:42:19.292Z,"Cornwallis Island region, Nunavut, Canada",earthquake,,,,8.0,reviewed,ott,us,1988-06-12,31946,Canada,-1
1988-06-24 15:37:48.700000+00:00,61.906,-124.26,10.0,5.2,mw,,,,,us,usp0003h8q,2014-11-07T00:42:21.489Z,"Northwest Territories, Canada",earthquake,,,,21.0,reviewed,pgc,us,1988-06-24,31905,Canada,3
1988-06-27 23:13:51.840000+00:00,49.671,-128.45,10.0,4.94,mw,,,,1.0,us,usp0003hd3,2014-11-07T00:42:22.670Z,"141 km SW of Port McNeill, Canada",earthquake,,,,2.0,reviewed,us,us,1988-06-27,31937,Canada,1
1988-07-06 11:06:31.810000+00:00,49.105,-128.927,10.0,5.03,mw,,,,0.9,us,usp0003hn3,2014-11-07T00:42:29.362Z,"211 km SW of Port McNeill, Canada",earthquake,,,,13.0,reviewed,us,us,1988-07-06,31934,Canada,1
1988-07-11 14:45:07.920000+00:00,47.69,-128.377,10.0,4.43,mw,,,,0.8,us,usp0003hsj,2014-11-07T00:42:30.389Z,"244 km SW of Tofino, Canada",earthquake,,,,1.0,reviewed,us,us,1988-07-11,31959,Canada,1
1988-07-19 10:54:41.730000+00:00,50.506,-129.924,10.0,5.6,mw,,,,1.0,us,usp0003hzy,2022-04-28T20:42:02.160Z,"201 km W of Port McNeill, Canada",earthquake,,,,,reviewed,us,hrv,1988-07-19,31905,Canada,1
1988-07-19 10:55:19.320000+00:00,49.5048333,-126.7456667,7.335,4.41,mw,12.0,331.0,1.874,0.34,uw,uw10235433,2016-07-24T20:39:24.430Z,"64 km SSW of Vernon, Canada",earthquake,9.02,,0.13,3.0,reviewed,uw,uw,1988-07-19,31959,Canada,1
1988-08-20 10:37:57.970000+00:00,49.967,-129.093,10.0,4.68,mw,,,,1.2,us,usp0003k64,2014-11-07T00:42:41.555Z,"158 km WSW of Port McNeill, Canada",earthquake,,,,5.0,reviewed,us,us,1988-08-20,31951,Canada,1
1988-09-16 12:05:38.020000+00:00,65.095,-133.825,10.0,4.38,mw,,,,1.3,us,usp0003m0z,2014-11-07T00:42:49.575Z,"265 km S of Fort McPherson, Canada",earthquake,,,,,reviewed,us,pgc,1988-09-16,31991,Canada,2
1988-11-25 23:46:04.500000+00:00,48.117,-71.183,28.9,5.9,mw,,,,,us,usp0003p6p,2022-04-28T20:31:44.994Z,"33 km S of Jonquière, Canada",earthquake,,,,,reviewed,ott,hrv,1988-11-25,32088,Canada,-1
1988-11-27 00:36:19.090000+00:00,50.801,-130.054,10.0,5.6,mw,,,,1.1,us,usp0003p7w,2022-04-28T20:31:58.841Z,"210 km W of Port McNeill, Canada",earthquake,,,,,reviewed,us,hrv,1988-11-27,32090,Canada,1
1988-12-22 06:00:55.700000+00:00,62.064,-124.215,10.0,5.11,mw,,,,,us,usp0003q2p,2014-11-07T00:43:18.295Z,"Northwest Territories, Canada",earthquake,,,,21.0,reviewed,pgc,us,1988-12-22,32119,Canada,3
1988-12-26 06:27:07.800000+00:00,61.511,-123.836,10.0,4.0,mblg,,,,,us,usp0003q6n,2014-11-07T00:43:19.189Z,"Northwest Territories, Canada",earthquake,,,,,reviewed,pgc,pgc,1988-12-26,32215,Canada,-1
1989-01-01 17:55:53.600000+00:00,49.264,-67.357,18.0,4.0,mblg,,,,,us,usp0003qdq,2014-11-07T00:43:22.251Z,"49 km NNE of Matane, Canada",earthquake,,,,,reviewed,ott,ott,1989-01-01,32210,Canada,-1
1989-01-02 05:00:02.080000+00:00,63.221,-127.648,10.0,4.16,mw,,,,1.2,us,usp0003qe5,2014-11-07T00:43:22.874Z,"233 km S of Norman Wells, Canada",earthquake,,,,,reviewed,us,pgc,1989-01-02,32199,Canada,-1
1989-02-10 01:04:24+00:00,50.065,-64.655,18.0,4.4,mblg,,,,,us,usp0003rq9,2014-11-07T00:43:35.199Z,"77 km WSW of Havre-Saint-Pierre, Canada",earthquake,,,,,reviewed,ott,ott,1989-02-10,32168,Canada,-1
1989-02-13 20:56:07.700000+00:00,61.098,-131.252,18.0,4.31,mw,,,,,us,usp0003rw5,2014-11-07T00:43:36.255Z,"180 km NW of Watson Lake, Canada",earthquake,,,,,reviewed,pgc,pgc,1989-02-13,32194,Canada,-1
1989-02-28 12:16:28.390000+00:00,49.162,-128.914,10.0,4.77,mw,,,,0.9,us,usp0003se7,2014-11-07T00:43:38.983Z,"206 km SW of Port McNeill, Canada",earthquake,,,,3.0,reviewed,us,us,1989-02-28,32125,Canada,1
1989-03-11 08:31:52.100000+00:00,47.7,-69.9,18.0,4.4,mblg,,,,,us,usp0003suj,2014-11-07T00:43:48.577Z,"16 km S of Saint-Siméon, Canada",earthquake,,,,,reviewed,ott,ott,1989-03-11,32183,Canada,-1
1989-03-16 04:17:28.430000+00:00,60.038,-69.657,10.0,5.45,mw,,,,0.9,us,usp0003sz5,2022-04-28T20:23:35.449Z,"Ungava Peninsula, Quebec, Canada",earthquake,,,,58.0,reviewed,us,us,1989-03-16,32115,Canada,-1
1989-03-27 10:59:00.890000+00:00,71.456,-64.293,10.0,4.6,mw,,,,1.0,us,usp0003tbu,2014-11-07T00:43:51.401Z,"191 km ENE of Clyde River, Canada",earthquake,,,,4.0,reviewed,us,us,1989-03-27,32126,Canada,-1
1989-04-01 10:16:35.730000+00:00,50.003,-127.791,10.0,4.6,mw,,,,0.8,us,usp0003tha,2014-11-07T00:43:53.502Z,"82 km SW of Port McNeill, Canada",earthquake,,,,2.0,reviewed,us,us,1989-04-01,32165,Canada,1
1989-05-03 05:25:15.340000+00:00,50.659,-129.564,10.0,4.94,mw,,,,1.0,us,usp0003uty,2014-11-07T00:44:07.796Z,"175 km W of Port McNeill, Canada",earthquake,,,,13.0,reviewed,us,us,1989-05-03,32338,Canada,1
1989-08-02 12:21:11+00:00,64.209,-139.039,18.0,4.43,mw,,,,,us,usp0003xyq,2020-09-14T18:13:59.159Z,"25 km NE of Dawson City, Canada",earthquake,,,,1.0,reviewed,pgc,us,1989-08-02,32385,Canada,-1
1989-08-15 22:19:38.850000+00:00,49.071,-128.852,10.0,4.85,mw,,,,1.2,us,usp0003yh2,2014-11-07T00:44:43.250Z,"209 km WSW of Vernon, Canada",earthquake,,,,9.0,reviewed,us,us,1989-08-15,32360,Canada,1
1989-08-24 00:31:10.540000+00:00,49.605,-129.917,10.0,4.94,mw,,,,0.8,us,usp0003yub,2014-11-07T00:44:44.745Z,"230 km WSW of Port McNeill, Canada",earthquake,,,,17.0,reviewed,us,us,1989-08-24,32351,Canada,1
1989-09-12 10:57:05+00:00,49.775,-126.883,34.0,4.85,mw,,,,,us,usp0003zfq,2016-07-24T21:09:04.440Z,"46 km SW of Vernon, Canada",earthquake,,,,8.0,reviewed,pgc,us,1989-09-12,32379,Canada,1
1989-09-18 21:16:28.210000+00:00,66.779,-136.028,23.7,5.37,mw,,,,1.1,us,usp0003zrb,2022-04-28T20:11:37.582Z,"88 km SSW of Fort McPherson, Canada",earthquake,,,,34.0,reviewed,us,us,1989-09-18,32247,Canada,2
1989-10-09 06:55:39+00:00,62.022,-124.276,10.0,4.51,mw,,,,,us,usp00040g0,2014-11-07T00:45:00.668Z,"Northwest Territories, Canada",earthquake,,,,1.0,reviewed,pgc,us,1989-10-09,32526,Canada,3
1989-10-20 05:43:45.900000+00:00,52.231,-115.232,5.0,4.23,mw,,,,,us,usp000410c,2014-11-07T00:45:03.106Z,"26 km SW of Rocky Mountain House, Canada",earthquake,,,,,reviewed,pgc,pgc,1989-10-20,32538,Canada,-1
1989-10-24 10:54:38.600000+00:00,48.936,-125.099,34.7,4.51,mw,,,,,us,usp000416u,2016-07-24T21:11:54.490Z,"32 km E of Ucluelet, Canada",earthquake,,,,1.0,reviewed,pgc,us,1989-10-24,32536,Canada,-1
1989-11-10 14:13:22.570000+00:00,49.312,-128.897,10.0,4.6,mw,,,,0.7,us,usp00041x9,2014-11-07T00:45:11.838Z,"Vancouver Island, Canada region",earthquake,,,,2.0,reviewed,us,us,1989-11-10,32501,Canada,1
1989-11-16 09:24:52+00:00,46.57,-76.59,18.0,4.0,mblg,,,,,us,usp0004235,2014-11-07T00:45:12.604Z,"47 km W of Saint-Boniface, Canada",earthquake,,,,,reviewed,ott,ott,1989-11-16,32576,Canada,-1
1989-12-16 16:15:06.400000+00:00,60.779,-138.995,5.0,4.6,mw,,,,,us,usp000435j,2020-09-14T18:21:38.977Z,"80 km W of Haines Junction, Canada",earthquake,,,,1.0,reviewed,pgc,us,1989-12-16,32515,Canada,-1
1989-12-16 17:24:27.110000+00:00,65.736,-134.739,10.0,5.03,mw,,,,1.3,us,usp000435k,2020-09-14T18:21:38.075Z,"189 km S of Fort McPherson, Canada",earthquake,,,,9.0,reviewed,us,us,1989-12-16,32474,Canada,2
1989-12-25 14:24:32.690000+00:00,60.08,-73.445,5.1,6.0,mw,,,,0.8,us,usp00043jd,2022-04-28T20:05:42.513Z,"264 km SSE of Salluit, Canada",earthquake,,,,,reviewed,us,nc,1989-12-25,32406,Canada,-1
1990-01-12 22:17:05.900000+00:00,53.896,-131.424,10.0,5.54,mw,,,,1.1,us,usp000445w,2014-11-07T00:45:31.922Z,"85 km WSW of Prince Rupert, Canada",earthquake,,,,54.0,reviewed,us,us,1990-01-12,32417,Canada,-1
1990-01-26 20:13:36.580000+00:00,53.879,-132.186,10.0,4.43,mw,,,,0.8,us,usp00044ry,2014-11-07T00:45:35.693Z,"131 km WSW of Prince Rupert, Canada",earthquake,,,,3.0,reviewed,us,us,1990-01-26,32538,Canada,-1
1990-02-03 09:54:55.630000+00:00,51.125,-130.238,10.0,5.5,mw,,,,1.1,us,usp0004511,2022-04-28T19:57:17.471Z,"229 km WNW of Port McNeill, Canada",earthquake,,,,,reviewed,us,hrv,1990-02-03,32421,Canada,1
1990-02-06 15:03:24.640000+00:00,49.421,-129.697,10.0,4.6,mw,,,,1.3,us,usp000454u,2014-11-07T00:45:40.503Z,"Vancouver Island, Canada region",earthquake,,,,10.0,reviewed,us,us,1990-02-06,32523,Canada,1
1990-02-16 13:28:42.830000+00:00,49.121,-127.714,10.0,5.4,mw,,,,1.0,us,usp00045gx,2025-12-19T21:02:47.284Z,"131 km W of Tofino, Canada",earthquake,,,,,reviewed,us,hrv,1990-02-16,32438,Canada,1
1990-02-18 08:48:48.130000+00:00,50.272,-129.889,10.0,4.94,mw,,,,1.1,us,usp00045kh,2014-11-07T00:45:45.656Z,"202 km W of Port McNeill, Canada",earthquake,,,,13.0,reviewed,us,us,1990-02-18,32474,Canada,1
1990-02-18 08:49:28.420000+00:00,48.9123333,-126.7403333,32.505,4.13,mw,8.0,345.0,1.559,0.25,uw,uw10255633,2016-07-23T21:47:35.470Z,"66 km WSW of Tofino, Canada",earthquake,2.985,5.62,0.1,3.0,reviewed,uw,uw,1990-02-18,32543,Canada,1
1990-02-23 19:02:18.730000+00:00,48.557,-128.442,10.0,5.03,mw,,,,1.2,us,usp00045ud,2014-11-07T00:45:47.599Z,"197 km WSW of Tofino, Canada",earthquake,,,,7.0,reviewed,us,us,1990-02-23,32444,Canada,1
1990-03-28 14:31:09.230000+00:00,49.509,-128.131,10.0,4.85,mw,,,,1.3,us,usp0004764,2014-11-07T00:46:00.597Z,"139 km WSW of Vernon, Canada",earthquake,,,,11.0,reviewed,us,us,1990-03-28,32483,Canada,1
1990-04-04 20:19:14.280000+00:00,61.324,-135.943,10.0,4.94,mw,,,,1.2,us,usp00047fb,2020-09-14T18:31:09.184Z,"83 km NW of Whitehorse, Canada",earthquake,,,,11.0,reviewed,us,us,1990-04-04,32605,Canada,-1
1990-04-26 12:56:59.220000+00:00,63.29,-136.285,10.0,4.77,mw,,,,0.6,us,usp00048gz,2020-09-14T18:29:32.776Z,"177 km ESE of Dawson City, Canada",earthquake,,,,1.0,reviewed,us,us,1990-04-26,32650,Canada,-1
1990-06-04 16:35:04.370000+00:00,50.107,-128.942,10.0,4.77,mw,,,,0.9,us,usp0004a4q,2014-11-07T00:46:29.199Z,"142 km WSW of Port McNeill, Canada",earthquake,,,,2.0,reviewed,us,us,1990-06-04,32650,Canada,1
1990-06-10 05:00:54.600000+00:00,62.361,-124.292,10.0,5.37,mw,,,,,us,usp0004abc,2022-04-28T19:46:25.275Z,"Northwest Territories, Canada",earthquake,,,,50.0,reviewed,pgc,us,1990-06-10,32583,Canada,3
1990-06-10 19:36:10.650000+00:00,52.818,-131.935,10.0,4.94,mw,,,,1.4,us,usp0004ac1,2014-11-07T00:46:30.830Z,"197 km SSW of Prince Rupert, Canada",earthquake,,,,24.0,reviewed,us,us,1990-06-10,32644,Canada,1
1990-06-21 03:56:11.230000+00:00,50.739,-129.922,10.0,4.51,mw,,,,0.9,us,usp0004asm,2014-11-07T00:46:32.926Z,"201 km W of Port McNeill, Canada",earthquake,,,,8.0,reviewed,us,us,1990-06-21,32745,Canada,1
1990-09-13 00:44:01.550000+00:00,49.046,-127.531,10.0,4.6,mw,,,,1.1,us,usp0004end,2014-11-07T00:47:06.758Z,"119 km W of Tofino, Canada",earthquake,,,,6.0,reviewed,us,us,1990-09-13,32661,Canada,1
1990-10-19 07:01:57.400000+00:00,46.47,-75.59,13.0,4.94,mw,,,,,us,usp0004fxg,2020-08-29T00:12:44.491Z,"11 km SW of Mont-Laurier, Canada",earthquake,,,,24.0,reviewed,ott,us,1990-10-19,32822,Canada,-1
1990-11-15 13:47:15.700000+00:00,47.128,-76.219,18.0,4.1,mblg,,,,,us,usp0004gze,2014-11-07T00:47:26.975Z,"72 km NNW of Saint-Boniface, Canada",earthquake,,,,,reviewed,ott,ott,1990-11-15,32937,Canada,-1
1990-11-26 05:09:26.800000+00:00,64.512,-130.325,18.0,4.68,mw,,,,,us,usp0004hd5,2014-11-07T00:47:28.747Z,"186 km WSW of Norman Wells, Canada",earthquake,,,,6.0,reviewed,pgc,us,1990-11-26,32851,Canada,-1
1990-11-29 11:08:51.300000+00:00,78.499,-107.651,10.0,4.85,mw,,,,,us,usp0004hj9,2014-11-07T00:47:29.271Z,"Sverdrup Islands, Nunavut, Canada",earthquake,,,,10.0,reviewed,pgc,us,1990-11-29,32848,Canada,-1
1990-12-12 03:20:43.730000+00:00,47.852,-128.721,10.0,5.03,mw,,,,0.8,us,usp0004j0e,2014-11-07T00:47:36.279Z,"253 km SW of Tofino, Canada",earthquake,,,,4.0,reviewed,us,us,1990-12-12,32819,Canada,1
1990-12-25 20:09:10.180000+00:00,62.635,-124.111,10.0,4.68,mw,,,,1.2,us,usp0004jst,2014-11-07T00:47:39.397Z,"Northwest Territories, Canada",earthquake,,,,9.0,reviewed,us,us,1990-12-25,32859,Canada,3
1990-12-28 11:16:39.720000+00:00,48.716,-128.316,10.0,6.12,mw,,,,0.9,us,usp0004jwb,2014-11-07T00:47:40.177Z,"183 km WSW of Tofino, Canada",earthquake,,,,3.0,reviewed,us,us,1990-12-28,32781,Canada,1
1991-01-05 16:21:03.480000+00:00,65.505,-134.11,16.3,5.37,mw,,,,1.0,us,usp0004k8n,2022-04-28T19:26:11.723Z,"218 km S of Fort McPherson, Canada",earthquake,,4.6,,23.0,reviewed,us,us,1991-01-05,32808,Canada,2
1991-02-19 23:04:56.700000+00:00,49.696,-122.725,5.2,4.68,mw,,,,,us,usp0004n58,2016-07-23T22:16:32.550Z,"31 km E of Squamish, Canada",earthquake,,,,2.0,reviewed,pgc,us,1991-02-19,32904,Canada,-1
1991-02-23 06:25:07.600000+00:00,49.488,-126.801,34.1,4.94,mw,,,,,us,usp0004naa,2016-07-23T22:16:44.450Z,"67 km SSW of Vernon, Canada",earthquake,,,,17.0,reviewed,pgc,us,1991-02-23,32835,Canada,1
1991-03-05 16:12:11.250000+00:00,50.792,-129.212,10.0,4.43,mw,,,,1.6,us,usp0004nqh,2014-11-07T00:48:09.935Z,"151 km W of Port McNeill, Canada",earthquake,,,,5.0,reviewed,us,us,1991-03-05,32908,Canada,1
1991-03-21 04:10:59.390000+00:00,49.698,-66.594,18.0,4.43,mw,,,,,us,usp0004pay,2014-11-07T00:48:13.311Z,"41 km SSE of Saint-Alexandre, Canada",earthquake,,,,1.0,reviewed,ott,us,1991-03-21,32918,Canada,-1
1991-03-24 11:25:08.990000+00:00,73.846,-80.213,10.0,4.43,mw,,,,1.1,us,usp0004pfe,2014-11-07T00:48:13.848Z,"Baffin Island region, Nunavut, Canada",earthquake,,,,7.0,reviewed,us,us,1991-03-24,32934,Canada,-1
1991-05-13 03:15:15.400000+00:00,61.984,-124.259,10.0,4.85,mw,,,,,us,usp0004rjy,2014-11-07T00:48:34.362Z,"Northwest Territories, Canada",earthquake,,,,6.0,reviewed,pgc,us,1991-05-13,33018,Canada,3
1991-05-17 18:08:47+00:00,45.5,-74.4,18.0,4.77,mw,,,,,us,usp0004rs1,2014-11-07T00:48:35.717Z,"7 km WNW of Rigaud, Canada",earthquake,,,,1.0,reviewed,ott,us,1991-05-17,33052,Canada,-1
1991-06-13 21:21:49.100000+00:00,64.662,-134.74,18.0,4.51,mw,,,,,us,usp0004sw4,2014-11-07T00:48:44.714Z,"236 km ENE of Dawson City, Canada",earthquake,,,,6.0,reviewed,pgc,us,1991-06-13,33085,Canada,-1
1991-06-16 16:46:53+00:00,47.0,-76.7,18.0,4.85,mw,,,,,us,usp0004t1g,2014-11-07T00:48:45.458Z,"78 km NW of Saint-Boniface, Canada",earthquake,,,,2.0,reviewed,ott,us,1991-06-16,33021,Canada,-1
1991-07-17 07:12:09.390000+00:00,50.935,-130.162,10.0,5.5,mw,,,,1.5,us,usp0004u92,2022-04-28T19:07:46.035Z,"220 km W of Port McNeill, Canada",earthquake,,,,,reviewed,us,hrv,1991-07-17,32987,Canada,1
1991-08-09 06:36:42.480000+00:00,65.278,-134.653,10.0,4.68,mw,,,,0.8,us,usp0004v4v,2014-11-07T00:49:04.412Z,"241 km S of Fort McPherson, Canada",earthquake,,,,1.0,reviewed,us,us,1991-08-09,33075,Canada,2
1991-08-19 15:15:04.900000+00:00,50.49,-130.116,10.0,4.43,mw,,,,,us,usp0004vkq,2014-11-07T00:49:06.832Z,"215 km W of Port McNeill, Canada",earthquake,,,,3.0,reviewed,pgc,us,1991-08-19,33111,Canada,1
1991-09-14 10:25:01.300000+00:00,61.384,-140.005,10.0,5.28,mw,,,,,us,usp0004wmc,2022-04-28T19:04:04.175Z,"151 km WNW of Haines Junction, Canada",earthquake,,,,34.0,reviewed,pgc,us,1991-09-14,32991,Canada,-1
1991-09-21 15:34:14.200000+00:00,62.369,-124.232,10.0,4.38,mw,,,,,us,usp0004ww1,2014-11-07T00:49:16.245Z,"Northwest Territories, Canada",earthquake,,,,,reviewed,pgc,pgc,1991-09-21,33118,Canada,3
1991-10-05 10:39:19.400000+00:00,50.714,-130.384,10.0,4.94,mw,,,,,us,usp0004xe3,2014-11-07T00:49:21.883Z,"233 km W of Port McNeill, Canada",earthquake,,,,15.0,reviewed,pgc,us,1991-10-05,33242,Canada,1
1991-10-22 20:38:58.200000+00:00,64.63,-138.306,26.7,5.11,mw,,,,,us,usp0004y6j,2020-09-14T19:13:06.874Z,"83 km NE of Dawson City, Canada",earthquake,,,,18.0,reviewed,aei,us,1991-10-22,33161,Canada,-1
1991-11-03 20:43:29.630000+00:00,70.03,-131.271,10.0,5.03,mw,,,,0.9,us,usp0004ys7,2014-11-07T00:49:31.932Z,"210 km NNE of Inuvik, Canada",earthquake,,,,16.0,reviewed,us,us,1991-11-03,33207,Canada,-1
1991-12-19 04:41:37.210000+00:00,48.973,-128.77,10.0,6.45,mw,,,,0.9,us,usp00050n4,2022-04-28T18:57:57.561Z,"210 km SW of Vernon, Canada",earthquake,,,,4.0,reviewed,us,us,1991-12-19,33132,Canada,1
1992-01-04 00:56:59.100000+00:00,66.628,-94.766,18.0,5.3,mw,,,,,us,usp00051bz,2022-04-28T18:56:04.252Z,"227 km SSE of Gjoa Haven, Canada",earthquake,,,,,reviewed,ott,hrv,1992-01-04,33149,Canada,-1
1992-01-23 03:49:38.200000+00:00,65.357,-133.663,10.0,4.51,mw,,,,,us,usp000523u,2014-11-07T00:49:56.127Z,"238 km SSE of Fort McPherson, Canada",earthquake,,,,1.0,reviewed,pgc,us,1992-01-23,33288,Canada,2
1992-02-15 07:03:00.130000+00:00,50.143,-129.682,10.0,4.77,mw,,,,0.9,us,usp000533f,2014-11-07T00:50:05.998Z,"191 km WSW of Port McNeill, Canada",earthquake,,,,14.0,reviewed,us,us,1992-02-15,33265,Canada,1
1992-03-09 14:43:14.300000+00:00,60.927,-138.112,10.0,5.03,mw,,,,,us,usp000541x,2020-09-14T19:27:26.747Z,"38 km WNW of Haines Junction, Canada",earthquake,,,,15.0,reviewed,pgc,us,1992-03-09,33223,Canada,-1
1992-04-06 13:54:40.220000+00:00,50.724,-130.092,19.7,6.7,mw,,,,1.0,us,usp00055dh,2022-04-28T18:49:00.405Z,"213 km W of Port McNeill, Canada",earthquake,,,,,reviewed,us,hrv,1992-04-06,33316,Canada,1
1992-04-23 00:07:13.760000+00:00,51.595,-130.63,10.0,5.92,mw,,,,1.1,us,usp0005669,2014-11-07T00:50:28.813Z,"272 km WNW of Port McNeill, Canada",earthquake,,,,1.0,reviewed,us,us,1992-04-23,33333,Canada,1
1992-06-23 14:49:09.400000+00:00,61.261,-139.985,10.0,4.43,mw,,,,,us,usp00059hk,2020-09-14T19:35:35.776Z,"145 km WNW of Haines Junction, Canada",earthquake,,,,3.0,reviewed,pgc,us,1992-06-23,33445,Canada,-1
1992-06-27 01:21:01.200000+00:00,68.816,-96.951,18.0,4.68,mw,,,,,us,usp00059qq,2014-11-07T00:50:54.172Z,"48 km WNW of Gjoa Haven, Canada",earthquake,,,,24.0,reviewed,ott,us,1992-06-27,33427,Canada,-1
1992-07-04 18:12:19.970000+00:00,49.312,-129.184,10.0,4.85,mw,,,,1.0,us,usp0005a9g,2014-11-07T00:51:00.542Z,"207 km SW of Port McNeill, Canada",earthquake,,,,12.0,reviewed,us,us,1992-07-04,33405,Canada,1
1992-07-05 08:20:49.100000+00:00,65.202,-134.323,18.0,4.77,mw,,,,,us,usp0005aag,2014-11-07T00:51:00.743Z,"250 km S of Fort McPherson, Canada",earthquake,,,,4.0,reviewed,pgc,us,1992-07-05,33406,Canada,2
1992-07-26 15:25:25.160000+00:00,50.201,-129.655,10.0,5.03,mw,,,,1.0,us,usp0005bh7,2014-11-07T00:51:07.712Z,"187 km WSW of Port McNeill, Canada",earthquake,,,,22.0,reviewed,us,us,1992-07-26,33398,Canada,1
1992-08-13 11:59:40.950000+00:00,69.977,-130.997,10.0,5.11,mw,,,,1.5,us,usp0005cdc,2014-11-07T00:51:15.882Z,"210 km NNE of Inuvik, Canada",earthquake,,,,5.0,reviewed,us,us,1992-08-13,33394,Canada,-1
1992-10-11 01:11:18.100000+00:00,60.975,-138.397,10.0,4.46,mw,,,,,us,usp0005f62,2020-09-14T19:47:08.775Z,"54 km WNW of Haines Junction, Canada",earthquake,,,,,reviewed,pgc,pgc,1992-10-11,33606,Canada,-1
1992-10-13 18:58:06.700000+00:00,68.429,-67.289,18.0,4.77,mw,,,,,us,usp0005f9z,2014-11-07T00:51:39.765Z,"233 km SSE of Clyde River, Canada",earthquake,,,,4.0,reviewed,ott,us,1992-10-13,33541,Canada,-1
1992-11-10 21:45:54.400000+00:00,65.25,-133.568,10.0,4.23,mw,,,,,us,usp0005gnu,2014-11-07T00:51:51.109Z,"251 km SSE of Fort McPherson, Canada",earthquake,,,,,reviewed,pgc,pgc,1992-11-10,33657,Canada,2
1992-11-17 03:58:00.900000+00:00,45.764,-74.862,18.0,4.43,mw,,,,,us,usp0005gz1,2014-11-07T00:51:52.239Z,"16 km ENE of Saint-André-Avellin, Canada",earthquake,,,,2.0,reviewed,ott,us,1992-11-17,33623,Canada,-1
1992-12-26 20:52:40.700000+00:00,56.366,-120.762,5.0,5.28,mw,,,,,us,usp0005jwv,2020-04-16T19:01:51.146Z,"14 km NNE of Fort St. John, Canada",earthquake,,,,1.0,reviewed,pgc,us,1992-12-26,33506,Canada,-1
1993-01-21 09:15:16.900000+00:00,50.611,-130.081,10.0,4.6,mw,,,,,us,usp0005m1d,2014-11-07T00:52:15.928Z,"212 km W of Port McNeill, Canada",earthquake,,,,11.0,reviewed,pgc,us,1993-01-21,33580,Canada,1
1993-02-07 16:29:12.960000+00:00,49.359,-128.597,10.0,6.05,mw,,,,1.1,us,usp0005mrx,2014-11-07T00:52:22.702Z,"174 km SW of Port McNeill, Canada",earthquake,,,,2.0,reviewed,us,us,1993-02-07,33504,Canada,1
1993-03-13 09:26:39.490000+00:00,71.281,-71.972,10.0,5.03,mw,,,,1.2,us,usp0005pek,2014-11-07T00:52:35.160Z,"153 km NW of Clyde River, Canada",earthquake,,,,54.0,reviewed,us,us,1993-03-13,33534,Canada,-1
1993-04-16 08:44:18.500000+00:00,64.423,-137.355,10.0,4.77,mw,,,,,us,usp0005r8y,2020-09-14T19:59:11.122Z,"108 km ENE of Dawson City, Canada",earthquake,,,,1.0,reviewed,pgc,us,1993-04-16,33800,Canada,-1
1993-08-03 13:03:57.900000+00:00,51.297,-130.74,10.0,6.18,mw,,,,,us,usp0005xwc,2014-11-07T00:53:38.929Z,"268 km WNW of Port McNeill, Canada",earthquake,,,,17.0,reviewed,pgc,us,1993-08-03,33691,Canada,1
1993-08-24 05:05:13.400000+00:00,50.536,-130.4,10.0,4.43,mw,,,,,us,usp0005z3u,2014-11-07T00:53:48.225Z,"234 km W of Port McNeill, Canada",earthquake,,,,11.0,reviewed,pgc,us,1993-08-24,33821,Canada,1
1993-12-02 20:30:06.400000+00:00,64.93,-133.7,18.0,5.11,mw,,,,,us,usp00064jr,2014-11-07T00:54:31.856Z,"284 km S of Fort McPherson, Canada",earthquake,,,,20.0,reviewed,pgc,us,1993-12-02,33941,Canada,2
1993-12-07 05:15:14.250000+00:00,62.828,-138.104,10.0,4.85,mw,,,,,us,usp00064t2,2014-11-07T00:54:34.280Z,"152 km SSE of Dawson City, Canada",earthquake,,,,1.0,reviewed,pgc,us,1993-12-07,33944,Canada,-1
1993-12-22 17:01:17.190000+00:00,48.523,-128.874,10.0,4.68,mw,,,,1.0,us,usp00065fm,2014-11-07T00:54:37.689Z,"228 km WSW of Tofino, Canada",earthquake,,,,15.0,reviewed,us,us,1993-12-22,33953,Canada,1
1993-12-25 16:44:22.300000+00:00,46.506,-75.606,18.0,4.3,mblg,,,,,us,usp00065mz,2014-11-07T00:54:38.309Z,"9 km WSW of Mont-Laurier, Canada",earthquake,,,,,reviewed,ott,ott,1993-12-25,33993,Canada,-1
1994-01-03 01:26:11.400000+00:00,49.721,-126.768,19.4,5.7,mwb,,,,1.1,us,usp00065ye,2022-04-28T17:51:41.486Z,"44 km SW of Vernon, Canada",earthquake,,,,,reviewed,us,us,1994-01-03,33926,Canada,1
1994-02-02 12:09:25.090000+00:00,60.954,-140.215,0.0,4.43,mw,,,,,us,usp00067w2,2020-09-14T20:23:44.197Z,"148 km W of Haines Junction, Canada",earthquake,,,,8.0,reviewed,aei,us,1994-02-02,33983,Canada,-1
1994-02-12 07:04:42.040000+00:00,49.233,-129.097,10.0,6.32,mw,,,,1.3,us,usp00068dx,2022-04-28T17:49:17.840Z,"208 km SW of Port McNeill, Canada",earthquake,,,,29.0,reviewed,us,us,1994-02-12,33921,Canada,1
1994-04-15 13:20:20.380000+00:00,49.292,-129.808,10.0,4.43,mw,,,,1.0,us,usp0006b4u,2014-11-07T00:55:18.476Z,"242 km SW of Port McNeill, Canada",earthquake,,,,9.0,reviewed,us,us,1994-04-15,34184,Canada,1
1994-04-18 17:47:15.800000+00:00,51.116,-130.644,10.0,4.16,mw,,,,,us,usp0006b9k,2014-11-07T00:55:19.201Z,"257 km WNW of Port McNeill, Canada",earthquake,,,,,reviewed,pgc,pgc,1994-04-18,34198,Canada,1
1994-04-27 00:30:29.040000+00:00,48.946,-128.634,10.0,4.77,mw,,,,0.7,us,usp0006bpr,2014-11-07T00:55:21.271Z,"200 km W of Tofino, Canada",earthquake,,,,18.0,reviewed,us,us,1994-04-27,34055,Canada,1
1994-05-02 23:57:30.160000+00:00,51.678,-131.551,10.0,4.51,mw,,,,,us,usp0006byn,2014-11-07T00:55:25.379Z,"Haida Gwaii Region, Canada",earthquake,,,,15.0,reviewed,pgc,us,1994-05-02,34183,Canada,1
1994-05-22 15:06:48.790000+00:00,56.31,-120.72,2.0,4.6,mw,,,,,us,usp0006cy0,2014-11-07T00:55:30.181Z,"10 km NE of Fort St. John, Canada",earthquake,,,,7.0,reviewed,pgc,us,1994-05-22,34099,Canada,-1
1994-05-29 02:38:34+00:00,67.48,-135.43,18.0,4.77,mw,,,,,us,usp0006db0,2020-09-14T20:28:59.837Z,"23 km W of Fort McPherson, Canada",earthquake,,,,5.0,reviewed,pgc,us,1994-05-29,34058,Canada,-1
1994-07-15 05:02:13.360000+00:00,50.394,-130.283,10.0,4.6,mw,,,,,us,usp0006fpw,2014-11-07T00:55:52.191Z,"227 km W of Port McNeill, Canada",earthquake,,,,17.0,reviewed,pgc,us,1994-07-15,34146,Canada,1
1994-08-21 13:05:08.410000+00:00,50.715,-129.774,10.0,4.77,mw,,,,1.0,us,usp0006h9n,2014-11-07T00:56:06.765Z,"190 km W of Port McNeill, Canada",earthquake,,,,19.0,reviewed,us,us,1994-08-21,34067,Canada,1
1994-08-22 17:59:49.740000+00:00,62.015,-124.15,10.0,4.77,mw,,,,,us,usp0006hbg,2014-11-07T00:56:07.080Z,"Northwest Territories, Canada",earthquake,,,,6.0,reviewed,pgc,us,1994-08-22,34072,Canada,3
1994-09-05 04:10:55.590000+00:00,51.971,-131.352,10.0,4.43,mw,,,,1.2,us,usp0006hza,2014-11-07T00:56:13.688Z,"269 km SSW of Prince Rupert, Canada",earthquake,,,,7.0,reviewed,us,us,1994-09-05,34198,Canada,1
1994-09-05 22:51:09.800000+00:00,64.836,-87.218,18.0,4.77,mw,,,,,us,usp0006j07,2014-11-07T00:56:14.002Z,"Nunavut, Canada",earthquake,,,,16.0,reviewed,ott,us,1994-09-05,34092,Canada,-1
1994-09-25 00:53:28+00:00,47.77,-69.96,17.0,4.51,mw,,,,,us,usp0006jyx,2014-11-07T00:56:19.739Z,"10 km SW of Saint-Siméon, Canada",earthquake,,,,1.0,reviewed,ott,us,1994-09-25,34332,Canada,-1
1994-10-06 17:47:53.090000+00:00,66.966,-135.793,10.0,4.23,mw,,,,,us,usp0006kpj,2020-09-14T20:43:18.317Z,"65 km SW of Fort McPherson, Canada",earthquake,,,,,reviewed,pgc,pmr,1994-10-06,34366,Canada,2
1994-11-19 08:30:14.810000+00:00,52.188,-115.199,5.0,4.16,mw,,,,,us,usp0006nwz,2014-11-07T00:56:48.835Z,"27 km SW of Rocky Mountain House, Canada",earthquake,,,,,reviewed,pgc,pgc,1994-11-19,34375,Canada,-1
1995-01-09 06:50:14.100000+00:00,51.3,-130.33,10.0,4.77,mw,,,,0.9,us,usp0006r2q,2014-11-07T00:57:06.960Z,"241 km WNW of Port McNeill, Canada",earthquake,,,,16.0,reviewed,us,us,1995-01-09,34273,Canada,1
1995-01-17 14:42:30+00:00,50.0,-130.19,10.0,6.05,mw,,,,,us,usp0006rgc,2014-11-07T00:57:09.195Z,"230 km WSW of Port McNeill, Canada",earthquake,,,,2.0,reviewed,pgc,us,1995-01-17,34218,Canada,1
1995-02-20 00:13:43+00:00,71.75,-75.12,18.0,4.77,mw,,,,,us,usp0006t7u,2014-11-07T00:57:21.144Z,"275 km WNW of Clyde River, Canada",earthquake,,,,1.0,reviewed,ott,us,1995-02-20,34324,Canada,-1
1995-03-01 16:07:01.430000+00:00,65.838,-135.05,10.0,4.85,mw,,,,,us,usp0006tpp,2020-09-14T20:57:54.977Z,"178 km S of Fort McPherson, Canada",earthquake,,,,16.0,reviewed,pgc,us,1995-03-01,34229,Canada,2
1995-03-08 14:07:03.610000+00:00,82.37,-71.771,10.0,5.03,mw,,,,1.0,us,usp0006txz,2014-11-07T00:57:29.239Z,"Ellesmere Island region, Nunavut, Canada",earthquake,,,,55.0,reviewed,us,us,1995-03-08,34393,Canada,-1
1995-03-08 16:29:58.780000+00:00,50.485,-130.23,10.0,4.68,mw,,,,,us,usp0006ty6,2014-11-07T00:57:29.273Z,"Vancouver Island, Canada region",earthquake,,,,20.0,reviewed,pgc,us,1995-03-08,34472,Canada,1
1995-03-19 18:59:30.540000+00:00,66.327,-64.818,10.0,4.77,mw,,,,0.6,us,usp0006ue5,2014-11-07T00:57:32.152Z,"44 km ENE of Pangnirtung, Canada",earthquake,,,,34.0,reviewed,us,us,1995-03-19,34428,Canada,-1
1995-04-23 09:29:51.710000+00:00,50.692,-129.567,10.0,4.51,mw,,,,,us,usp0006w6u,2014-11-07T00:57:45.189Z,"175 km W of Port McNeill, Canada",earthquake,,,,3.0,reviewed,pgc,us,1995-04-23,34487,Canada,1
1995-06-06 11:06:12+00:00,53.75,-131.35,10.0,4.6,mw,,,,,us,usp0006yp7,2014-11-07T00:58:06.588Z,"92 km SW of Prince Rupert, Canada",earthquake,,,,9.0,reviewed,pgc,us,1995-06-06,34479,Canada,-1
1995-06-12 17:23:58.040000+00:00,60.953,-138.42,5.0,5.37,mw,,,,,us,usp0006yzp,2022-04-29T20:30:28.644Z,"Southern Yukon Territory, Canada",earthquake,,,,75.0,reviewed,pgc,us,1995-06-12,34382,Canada,-1
1995-06-13 18:46:30+00:00,53.74,-132.0,10.0,4.51,mw,,,,,us,usp0006z19,2014-11-07T00:58:08.543Z,"127 km WSW of Prince Rupert, Canada",earthquake,,,,1.0,reviewed,pgc,us,1995-06-13,34551,Canada,-1
1995-06-21 20:24:14.690000+00:00,51.104,-130.518,10.0,5.4,mw,,,,1.2,us,usp0006zh2,2025-12-19T22:15:22.740Z,"248 km WNW of Port McNeill, Canada",earthquake,,,,,reviewed,us,hrv,1995-06-21,34382,Canada,1
1995-08-24 12:16:51.050000+00:00,76.542,-107.061,10.0,4.68,mw,,,,1.3,us,usp00072by,2014-11-07T00:58:35.161Z,"Melville Island region, Nunavut, Canada",earthquake,,,,25.0,reviewed,us,us,1995-08-24,34478,Canada,-1
1995-09-12 22:44:24.530000+00:00,51.28,-131.132,10.0,4.94,mw,,,,,us,usp000739t,2014-11-07T00:58:43.344Z,"294 km WNW of Port McNeill, Canada",earthquake,,,,36.0,reviewed,pgc,us,1995-09-12,34603,Canada,1
1995-10-15 01:29:19.020000+00:00,48.842,-128.587,10.0,4.51,mw,,,,,us,usp000755w,2014-11-07T00:58:57.643Z,"199 km W of Tofino, Canada",earthquake,,,,6.0,reviewed,pgc,us,1995-10-15,34683,Canada,1
1995-11-12 13:04:59.880000+00:00,48.838,-129.179,10.0,4.68,mw,,,,,us,usp00076q4,2014-11-07T00:59:09.759Z,"241 km W of Tofino, Canada",earthquake,,,,12.0,reviewed,pgc,us,1995-11-12,34642,Canada,1
1995-11-23 09:42:58.290000+00:00,66.226,-135.346,10.0,4.77,mw,,,,1.0,us,usp00077b1,2014-11-07T00:59:13.070Z,"136 km S of Fort McPherson, Canada",earthquake,,,,1.0,reviewed,us,us,1995-11-23,34631,Canada,2
1995-12-01 03:29:22.760000+00:00,50.363,-130.038,10.0,4.51,mw,,,,,us,usp00077v7,2014-11-07T00:59:17.398Z,"211 km W of Port McNeill, Canada",earthquake,,,,8.0,reviewed,pgc,us,1995-12-01,34733,Canada,1
1995-12-19 06:41:16.410000+00:00,64.462,-134.598,10.0,4.6,mw,,,,0.8,us,usp0007985,2014-11-07T00:59:27.360Z,"238 km E of Dawson City, Canada",earthquake,,,,1.0,reviewed,us,us,1995-12-19,34650,Canada,-1
1996-01-03 13:12:23.440000+00:00,49.621,-129.903,10.0,5.03,mw,,,,1.3,us,usp0007a8p,2014-11-07T00:59:36.308Z,"228 km WSW of Port McNeill, Canada",earthquake,,,,32.0,reviewed,us,us,1996-01-03,34570,Canada,1
1996-02-22 02:06:31.260000+00:00,76.518,-106.884,10.0,4.6,mw,,,,1.0,us,usp0007dnu,2014-11-07T00:59:57.079Z,"Melville Island region, Nunavut, Canada",earthquake,,,,19.0,reviewed,us,us,1996-02-22,34668,Canada,-1
1996-02-22 20:06:16.400000+00:00,49.897,-123.902,2.0,4.51,mw,,,,,us,usp0007dqk,2016-07-23T16:59:41.500Z,"31 km NNE of South Pender Harbour, Canada",earthquake,,,,6.0,reviewed,pgc,us,1996-02-22,34733,Canada,-1
1996-03-10 21:12:16.230000+00:00,50.573,-130.436,10.0,5.45,mw,,,,,us,usp0007ekd,2014-11-07T01:00:05.452Z,"237 km W of Port McNeill, Canada",earthquake,,,,1.0,reviewed,pgc,us,1996-03-10,34754,Canada,1
1996-03-14 10:42:26+00:00,45.99,-74.43,18.0,4.5,mblg,,,,,us,usp0007erf,2020-04-16T18:39:29.031Z,"7 km WNW of Saint-Adolphe-d'Howard, Canada",earthquake,,,,,reviewed,ott,ott,1996-03-14,34916,Canada,-1
1996-03-18 08:01:58.330000+00:00,49.897,-126.876,10.0,5.11,mw,,,,0.9,us,usp0007ey3,2016-07-23T17:00:42.150Z,"39 km WSW of Vernon, Canada",earthquake,,,,49.0,reviewed,us,us,1996-03-18,34820,Canada,1
1996-05-19 05:44:21.470000+00:00,52.38,-114.985,10.0,4.6,mw,,,,1.2,us,usp0007hjm,2014-11-07T01:00:27.957Z,"4 km WNW of Rocky Mountain House, Canada",earthquake,,,,2.0,reviewed,us,us,1996-05-19,34909,Canada,-1
1996-06-07 23:07:03.760000+00:00,69.525,-125.66,10.0,4.77,mw,,,,1.0,us,usp0007j9q,2014-11-07T01:00:35.082Z,"Northwest Territories, Canada",earthquake,,,,30.0,reviewed,us,us,1996-06-07,34883,Canada,-1
1996-07-21 20:38:19.260000+00:00,64.505,-137.726,10.0,5.2,mw,,,,0.7,us,usp0007mcc,2022-04-29T20:25:53.415Z,"96 km ENE of Dawson City, Canada",earthquake,,,,78.0,reviewed,us,us,1996-07-21,34758,Canada,-1
1996-08-16 03:41:10.660000+00:00,51.322,-130.41,10.0,5.78,mw,,,,1.2,us,usp0007nmx,2014-11-07T01:00:59.246Z,"247 km WNW of Port McNeill, Canada",earthquake,,,,23.0,reviewed,us,us,1996-08-16,34750,Canada,1
1996-08-23 05:33:20.590000+00:00,70.293,-132.528,10.0,4.94,mw,,,,1.0,us,usp0007ny7,2014-11-07T01:01:01.088Z,"220 km NNE of Inuvik, Canada",earthquake,,,,11.0,reviewed,us,us,1996-08-23,34839,Canada,-1
1996-08-23 09:13:46.990000+00:00,47.942,-128.748,10.0,4.51,mw,,,,1.0,us,usp0007nym,2014-11-07T01:01:01.123Z,"249 km SW of Tofino, Canada",earthquake,,,,3.0,reviewed,us,us,1996-08-23,34916,Canada,1
1996-09-09 22:28:10.030000+00:00,49.23,-128.636,10.0,4.43,mw,,,,1.24,us,usp0007prm,2014-11-07T01:01:09.362Z,"186 km WSW of Vernon, Canada",earthquake,,,,2.0,reviewed,us,us,1996-09-09,35082,Canada,1
1996-10-06 20:13:09.180000+00:00,49.047,-127.88,10.0,6.2,mwc,,,,1.18,us,usp0007r0w,2022-04-29T20:35:24.783Z,"144 km W of Tofino, Canada",earthquake,,,,,reviewed,us,hrv,1996-10-06,34933,Canada,1
1996-10-09 07:12:25.920000+00:00,49.737,-129.605,10.0,5.8,mwc,,,,1.02,us,usp0007r4h,2022-04-29T20:35:29.408Z,"203 km WSW of Port McNeill, Canada",earthquake,,,,,reviewed,us,hrv,1996-10-09,34960,Canada,1
1996-10-16 04:33:51.570000+00:00,64.144,-137.09,10.0,4.85,mw,,,,,us,usp0007rgc,2020-09-14T21:50:38.916Z,"114 km E of Dawson City, Canada",earthquake,,,,8.0,reviewed,pgc,us,1996-10-16,34980,Canada,-1
1996-10-26 20:05:34.010000+00:00,63.966,-130.207,10.0,4.94,mw,,,,1.08,us,usp0007rzt,2014-11-07T01:01:26.260Z,"218 km SW of Norman Wells, Canada",earthquake,,,,13.0,reviewed,us,us,1996-10-26,34970,Canada,-1
1996-11-21 01:24:34.360000+00:00,49.678,-128.581,10.0,4.77,mw,,,,0.85,us,usp0007taf,2014-11-07T01:01:37.114Z,"147 km SW of Port McNeill, Canada",earthquake,,,,11.0,reviewed,us,us,1996-11-21,35006,Canada,1
1997-02-05 19:29:04.170000+00:00,51.783,-131.068,10.0,5.2,mwc,,,,1.03,us,usp0007wu4,2022-04-29T16:42:59.614Z,"286 km S of Prince Rupert, Canada",earthquake,,,,,reviewed,us,hrv,1997-02-05,34963,Canada,1
1997-03-09 14:33:22.520000+00:00,66.539,-135.873,10.0,5.03,mw,,,,0.85,us,usp0007yjv,2020-02-20T18:25:40.868Z,"109 km SSW of Fort McPherson, Canada",earthquake,,,,22.0,reviewed,us,us,1997-03-09,35114,Canada,2
1997-03-30 06:50:44.900000+00:00,50.814,-129.31,10.0,4.51,mw,,,,1.0,us,usp0007zq8,2014-11-07T01:02:24.291Z,"159 km W of Port McNeill, Canada",earthquake,,,,5.0,reviewed,us,us,1997-03-30,35190,Canada,1
1997-03-31 02:01:42.650000+00:00,52.76,-116.168,0.0,4.51,mw,,,,,us,usp0007zrf,2014-11-07T01:02:24.507Z,"93 km S of Edson, Canada",earthquake,,,,2.0,reviewed,pgc,us,1997-03-31,35206,Canada,-1
1997-04-05 04:02:37.090000+00:00,65.795,-136.434,10.0,4.23,mw,,,,1.21,us,usp0007zyz,2014-11-07T01:02:30.197Z,"195 km SSW of Fort McPherson, Canada",earthquake,,,,,reviewed,us,pgc,1997-04-05,35221,Canada,-1
1997-04-13 20:25:58.670000+00:00,51.626,-130.807,10.0,4.68,mw,,,,1.18,us,usp00080g2,2014-11-07T01:02:33.907Z,"284 km WNW of Port McNeill, Canada",earthquake,,,,18.0,reviewed,us,us,1997-04-13,35136,Canada,1
1997-05-24 18:52:06.360000+00:00,45.978,-74.421,10.0,4.2,mblg,,,,1.15,us,usp00082t1,2014-11-07T01:02:49.223Z,"6 km W of Saint-Adolphe-d'Howard, Canada",earthquake,,,,,reviewed,us,ott,1997-05-24,35229,Canada,-1
1997-06-09 05:31:50.010000+00:00,62.148,-124.027,10.0,4.16,mw,,,,,us,usp00083ag,2014-11-07T01:02:54.670Z,"Northwest Territories, Canada",earthquake,,,,,reviewed,pgc,pgc,1997-06-09,35241,Canada,3
1997-06-24 14:40:59.210000+00:00,49.237,-123.621,3.3,4.77,mw,,,,,us,usp00083x3,2016-07-23T17:39:54.170Z,"19 km SSW of Gibsons, Canada",earthquake,,,,12.0,reviewed,pgc,us,1997-06-24,35135,Canada,-1
1997-07-02 12:40:50.200000+00:00,65.143,-133.811,0.0,4.54,mw,,,,,us,usp000848j,2014-11-07T01:03:04.469Z,"260 km S of Fort McPherson, Canada",earthquake,,,,,reviewed,pgc,aeic,1997-07-02,35149,Canada,2
1997-07-14 23:41:59+00:00,59.54,-76.31,18.0,4.6,mw,,,,,us,usp00084vp,2014-11-07T01:03:08.594Z,"299 km S of Salluit, Canada",earthquake,,,,4.0,reviewed,ott,us,1997-07-14,35141,Canada,-1
1997-09-20 07:10:00.560000+00:00,50.897,-130.151,10.0,5.2,mwc,,,,1.1,us,usp00087rk,2025-12-19T22:20:36.819Z,"218 km W of Port McNeill, Canada",earthquake,,,,,reviewed,us,hrv,1997-09-20,35323,Canada,1
1997-10-04 15:15:59.950000+00:00,48.172,-128.128,10.0,4.38,mw,,,,0.8,us,usp00088h4,2014-11-07T01:03:36.987Z,"196 km SW of Tofino, Canada",earthquake,,,,,reviewed,us,pgc,1997-10-04,35456,Canada,1
1997-10-21 08:10:32.560000+00:00,50.6,-129.54,10.0,4.43,mw,,,,0.98,us,usp00089dg,2014-11-07T01:03:44.673Z,"173 km W of Port McNeill, Canada",earthquake,,,,8.0,reviewed,us,us,1997-10-21,35360,Canada,1
1997-10-28 11:44:18+00:00,47.67,-69.91,11.7,5.11,mw,,,,,us,usp00089qj,2020-09-15T19:49:41.439Z,"18 km E of La Malbaie, Canada",earthquake,,,,3.0,reviewed,ott,us,1997-10-28,35347,Canada,-1
1997-11-06 02:34:33+00:00,46.8,-71.41,22.5,5.11,mw,,,,,us,usp0008a5s,2022-04-29T17:07:24.793Z,"4 km W of L'Ancienne-Lorette, Canada",earthquake,,,,49.0,reviewed,ott,us,1997-11-06,35356,Canada,-1
1997-11-10 15:47:04.400000+00:00,62.265,-124.578,0.0,4.43,mw,,,,,us,usp0008ae5,2014-11-07T01:03:53.246Z,"Northwest Territories, Canada",earthquake,,,,6.0,reviewed,pgc,us,1997-11-10,35375,Canada,3
1997-11-25 22:28:12+00:00,64.22,-132.92,0.0,5.2,mw,,,,,us,usp0008bbc,2014-11-07T01:03:57.435Z,"Southern Yukon Territory, Canada",earthquake,,,,25.0,reviewed,pgc,us,1997-11-25,35340,Canada,-1
1997-12-06 08:06:49.190000+00:00,64.908,-88.089,10.0,5.62,mw,,,,0.81,us,usp0008c1m,2024-01-17T20:46:18.732Z,"Nunavut, Canada",earthquake,,,,121.0,reviewed,us,us,1997-12-06,35309,Canada,-1
1998-02-14 15:25:53.560000+00:00,76.112,-119.021,10.0,4.43,mw,,,,1.06,us,usp0008fzu,2014-11-07T01:04:33.044Z,"Prince Patrick Island, Northwest Territories, Canada",earthquake,,,,11.0,reviewed,us,us,1998-02-14,35386,Canada,-1
1998-02-18 18:46:54.770000+00:00,49.543,-129.858,10.0,4.6,mw,,,,,us,usp0008g6z,2014-11-07T01:04:33.958Z,"230 km WSW of Port McNeill, Canada",earthquake,,,,14.0,reviewed,pgc,us,1998-02-18,35535,Canada,1
1998-03-27 00:32:31+00:00,76.8,-120.12,18.0,4.77,mw,,,,,us,usp0008j3b,2014-11-07T01:04:50.513Z,"Prince Patrick Island, Northwest Territories, Canada",earthquake,,,,2.0,reviewed,ott,us,1998-03-27,35497,Canada,-1
1998-04-07 05:11:43.630000+00:00,64.77,-137.618,10.0,4.6,mw,,,,0.9,us,usp0008jpb,2020-02-20T19:04:58.785Z,"117 km NE of Dawson City, Canada",earthquake,,,,6.0,reviewed,us,us,1998-04-07,35571,Canada,-1
1998-04-14 14:27:27.850000+00:00,82.048,-80.208,10.0,4.68,mw,,,,0.86,us,usp0008k8b,2014-11-07T01:04:59.795Z,"Ellesmere Island region, Nunavut, Canada",earthquake,,,,14.0,reviewed,us,us,1998-04-14,35519,Canada,-1
1998-04-18 16:22:52+00:00,45.57,-74.99,18.0,4.1,mblg,,,,,us,usp0008kgz,2014-11-07T01:05:01.130Z,"4 km N of Plantagenet, Canada",earthquake,,,,,reviewed,ott,ott,1998-04-18,35629,Canada,-1
1998-04-30 01:22:04.550000+00:00,76.777,-107.218,10.0,4.6,mw,,,,1.24,us,usp0008m5c,2014-11-07T01:05:05.314Z,"Melville Island region, Nunavut, Canada",earthquake,,,,7.0,reviewed,us,us,1998-04-30,35587,Canada,-1
1998-05-04 11:00:11.860000+00:00,70.845,-134.995,10.0,4.77,mw,,,,1.05,us,usp0008mew,2014-11-07T01:05:10.182Z,"281 km N of Inuvik, Canada",earthquake,,,,1.0,reviewed,us,us,1998-05-04,35508,Canada,-1
1998-06-09 00:34:41.960000+00:00,80.832,-89.984,10.0,4.68,mw,,,,1.26,us,usp0008pk8,2014-11-07T01:05:23.325Z,"Ellesmere Island region, Nunavut, Canada",earthquake,,,,9.0,reviewed,us,us,1998-06-09,35531,Canada,-1
1998-06-25 22:51:55.550000+00:00,50.261,-130.028,10.0,5.4,mwc,,,,0.89,us,usp0008qgd,2025-12-19T22:24:52.639Z,"212 km W of Port McNeill, Canada",earthquake,,,,,reviewed,us,hrv,1998-06-25,35460,Canada,1
1998-07-15 00:30:20.980000+00:00,48.005,-128.986,10.0,4.51,mw,,,,0.89,us,usp0008rhd,2014-11-07T01:05:35.885Z,"260 km WSW of Tofino, Canada",earthquake,,,,6.0,reviewed,us,us,1998-07-15,35607,Canada,1
1998-07-15 07:08:04+00:00,47.02,-66.61,5.0,4.0,mblg,,,,,us,usp0008rj1,2014-11-07T01:05:35.966Z,"84 km W of Miramichi, Canada",earthquake,,,,,reviewed,ott,ott,1998-07-15,35629,Canada,-1
1998-08-06 02:43:40.520000+00:00,52.417,-131.252,10.0,4.43,mw,,,,1.12,us,usp0008sue,2014-11-07T01:05:47.246Z,"220 km SSW of Prince Rupert, Canada",earthquake,,,,7.0,reviewed,us,us,1998-08-06,35607,Canada,1
1998-08-06 18:17:24.500000+00:00,49.12,-129.034,10.0,4.77,mw,,,,0.82,us,usp0008svm,2014-11-07T01:05:47.393Z,"215 km SW of Port McNeill, Canada",earthquake,,,,14.0,reviewed,us,us,1998-08-06,35515,Canada,1
1998-08-19 04:39:11.270000+00:00,50.705,-129.595,10.0,4.68,mw,,,,0.85,us,usp0008tgg,2014-11-07T01:05:50.528Z,"Vancouver Island, Canada region",earthquake,,,,16.0,reviewed,us,us,1998-08-19,35680,Canada,1
1998-08-30 11:33:33+00:00,50.91,-130.66,10.0,6.1,mwc,,,,,us,usp0008u3n,2022-04-29T17:39:20.326Z,"254 km W of Port McNeill, Canada",earthquake,,,,,reviewed,pgc,hrv,1998-08-30,35642,Canada,1
1998-09-01 09:19:42.880000+00:00,49.143,-127.775,10.0,4.77,mw,,,,,us,usp0008u7c,2016-07-23T18:35:04.190Z,"136 km W of Tofino, Canada",earthquake,,,,14.0,reviewed,pgc,us,1998-09-01,35673,Canada,1
1998-09-19 14:25:31.960000+00:00,50.181,-129.72,10.0,5.03,mw,,,,1.03,us,usp0008v6n,2014-11-07T01:06:04.483Z,"192 km WSW of Port McNeill, Canada",earthquake,,,,26.0,reviewed,us,us,1998-09-19,35655,Canada,1
1998-09-26 05:13:04.670000+00:00,63.435,-126.639,5.0,4.43,mw,,,,,us,usp0008vhn,2014-11-07T01:06:06.246Z,"206 km S of Norman Wells, Canada",earthquake,,,,3.0,reviewed,pgc,us,1998-09-26,35706,Canada,-1
1998-09-30 16:26:27+00:00,66.82,-93.22,18.0,4.6,mw,,,,,us,usp0008vsd,2014-11-07T01:06:07.282Z,"230 km SSE of Gjoa Haven, Canada",earthquake,,,,5.0,reviewed,ott,us,1998-09-30,35684,Canada,-1
1998-10-22 09:43:35+00:00,49.34,-66.88,18.0,4.1,mblg,,,,,us,usp0008ww3,2014-11-07T01:06:16.648Z,"30 km NNW of Cap-Chat, Canada",earthquake,,,,,reviewed,ott,ott,1998-10-22,35767,Canada,-1
1998-12-22 17:04:35.590000+00:00,80.02,-90.713,10.0,5.11,mw,,,,0.77,us,usp0009011,2014-11-07T01:06:41.262Z,"Axel Heiberg Island, Nunavut, Canada",earthquake,,,,47.0,reviewed,us,us,1998-12-22,35653,Canada,-1
1999-03-16 12:50:48+00:00,49.61,-66.32,18.0,4.77,mw,,,,,us,usp00094m8,2014-11-07T01:07:14.072Z,"55 km NNE of Sainte-Anne-des-Monts, Canada",earthquake,,,,30.0,reviewed,ott,us,1999-03-16,35908,Canada,-1
1999-04-17 11:33:05.350000+00:00,50.49,-130.261,10.0,4.43,mw,,,,,us,usp00096fd,2014-11-07T01:07:28.840Z,"225 km W of Port McNeill, Canada",earthquake,,,,10.0,reviewed,pgc,us,1999-04-17,35963,Canada,1
1999-05-08 14:25:34.180000+00:00,49.264,-126.076,33.4,4.43,mw,,,,,us,usp00097kq,2016-07-23T18:54:35.910Z,"17 km NW of Tofino, Canada",earthquake,,,,7.0,reviewed,pgc,us,1999-05-08,35983,Canada,-1
1999-05-12 03:34:06.810000+00:00,61.635,-130.337,5.0,4.85,mw,,,,,us,usp00097u0,2014-11-07T01:07:40.001Z,"196 km NNW of Watson Lake, Canada",earthquake,,,,20.0,reviewed,pgc,us,1999-05-12,35904,Canada,-1
1999-05-26 09:44:59.790000+00:00,63.255,-126.999,10.0,4.51,mw,,,,1.39,us,usp00098t4,2014-11-07T01:07:43.538Z,"226 km S of Norman Wells, Canada",earthquake,,,,2.0,reviewed,us,us,1999-05-26,35959,Canada,-1
1999-06-09 19:08:18.820000+00:00,48.013,-128.677,10.0,4.6,mw,,,,1.15,us,usp00099kc,2014-11-07T01:07:52.833Z,"240 km WSW of Tofino, Canada",earthquake,,,,17.0,reviewed,us,us,1999-06-09,35922,Canada,1
1999-07-02 11:45:31.290000+00:00,49.371,-129.204,10.0,6.0,mwb,,,,1.03,us,usp0009axx,2022-04-29T18:27:28.379Z,"203 km SW of Port McNeill, Canada",earthquake,,,,,reviewed,us,us,1999-07-02,35851,Canada,1
1999-07-06 05:30:24.910000+00:00,47.969,-128.008,10.0,4.6,mw,,,,0.93,us,usp0009b54,2014-11-07T01:08:03.362Z,"203 km SW of Tofino, Canada",earthquake,,,,7.0,reviewed,us,us,1999-07-06,35936,Canada,1
1999-07-26 01:41:50+00:00,62.16,-124.14,10.0,4.94,mw,,,,,us,usp0009c4a,2014-11-07T01:08:08.233Z,"Northwest Territories, Canada",earthquake,,,,7.0,reviewed,pgc,us,1999-07-26,35883,Canada,3
1999-09-11 21:23:24.450000+00:00,60.312,-137.016,10.0,4.94,mw,,,,1.14,us,usp0009eb7,2020-02-20T19:51:38.865Z,"56 km SSE of Haines Junction, Canada",earthquake,,,,12.0,reviewed,us,us,1999-09-11,36075,Canada,-1
1999-10-19 08:50:43+00:00,66.72,-135.66,20.0,4.77,mw,,,,,us,usp0009g7n,2014-11-07T01:08:44.231Z,"86 km SSW of Fort McPherson, Canada",earthquake,,,,2.0,reviewed,pgc,us,1999-10-19,36080,Canada,2
1999-10-26 01:36:37.720000+00:00,49.36,-129.124,10.0,4.77,mw,,,,0.77,us,usp0009gm5,2014-11-07T01:08:46.330Z,"200 km SW of Port McNeill, Canada",earthquake,,,,10.0,reviewed,us,us,1999-10-26,36109,Canada,1
1999-10-31 20:14:10+00:00,45.85,-74.32,18.0,4.2,mblg,,,,,us,usp0009gwj,2014-11-07T01:08:47.840Z,"7 km SW of Morin-Heights, Canada",earthquake,,,,,reviewed,ott,ott,1999-10-31,36144,Canada,-1
1999-11-29 10:03:50+00:00,62.17,-124.48,0.0,4.43,mw,,,,,us,usp0009j9y,2014-11-07T01:09:01.434Z,"Northwest Territories, Canada",earthquake,,,,9.0,reviewed,pgc,us,1999-11-29,36135,Canada,3
1999-12-07 05:35:58+00:00,75.38,-120.44,18.0,5.28,mw,,,,,us,usp0009jjq,2014-11-07T01:09:07.771Z,"Prince Patrick Island, Northwest Territories, Canada",earthquake,,,,58.0,reviewed,ott,us,1999-12-07,36030,Canada,-1
1999-12-12 16:37:59+00:00,51.34,-131.06,10.0,4.6,mw,,,,,us,usp0009jst,2014-11-07T01:09:09.134Z,"291 km WNW of Port McNeill, Canada",earthquake,,,,11.0,reviewed,pgc,us,1999-12-12,36117,Canada,1
1999-12-25 06:49:55+00:00,48.65,-125.87,30.4,4.43,mw,,,,,us,usp0009k8z,2014-11-07T01:09:11.219Z,"40 km SW of Ucluelet, Canada",earthquake,,,,9.0,reviewed,pgc,us,1999-12-25,36142,Canada,-1
2000-01-01 11:22:57+00:00,46.888,-78.93,18.0,5.03,mw,,,,,us,usp0009kks,2020-09-15T21:12:00.131Z,"17 km NNE of Notre-Dame-du-Lac, Canada",earthquake,,,,39.0,reviewed,ott,us,2000-01-01,36068,Canada,-1
2000-01-03 12:26:40+00:00,50.48,-130.33,10.0,4.51,mw,,,,,us,usp0009kq0,2014-11-07T01:09:16.858Z,"230 km W of Port McNeill, Canada",earthquake,,,,1.0,reviewed,pgc,us,2000-01-03,36122,Canada,1
2000-02-08 23:27:06.720000+00:00,47.836,-128.553,10.0,4.43,mw,,,,1.1,us,usp0009n7s,2014-11-07T01:09:28.968Z,"244 km SW of Tofino, Canada",earthquake,,,,6.0,reviewed,us,us,2000-02-08,36335,Canada,1
2000-02-18 10:54:06+00:00,48.91,-128.59,10.0,4.16,mw,,,,,us,usp0009nmm,2014-11-07T01:09:31.499Z,"198 km W of Tofino, Canada",earthquake,,,,,reviewed,pgc,pgc,2000-02-18,36357,Canada,1
2000-02-21 22:35:50+00:00,49.19,-130.06,10.0,5.03,mw,,,,,us,usp0009nta,2014-11-07T01:09:32.363Z,"264 km SW of Port McNeill, Canada",earthquake,,,,26.0,reviewed,pgc,us,2000-02-21,36205,Canada,1
2000-03-04 02:42:01+00:00,49.17,-114.03,1.0,4.61,mw,,,,,us,usp0009p89,2014-11-07T01:09:38.781Z,"35 km S of Pincher Creek, Canada",earthquake,,,,,reviewed,but,but,2000-03-04,36302,Canada,-1
2000-03-16 03:51:51.080000+00:00,65.301,-86.096,5.0,4.85,mw,,,,1.18,us,usp0009pry,2014-11-07T01:09:42.413Z,"Southampton Island, Nunavut, Canada",earthquake,,,,4.0,reviewed,us,us,2000-03-16,36218,Canada,-1
2000-03-17 21:07:50+00:00,48.83,-129.13,10.0,4.6,mw,,,,,us,usp0009puk,2014-11-07T01:09:42.822Z,"238 km W of Tofino, Canada",earthquake,,,,8.0,reviewed,pgc,us,2000-03-17,36303,Canada,1
2000-04-30 10:13:02.890000+00:00,51.011,-130.381,10.0,5.5,mwc,,,,1.22,us,usp0009s3w,2022-04-29T18:37:43.527Z,"236 km W of Port McNeill, Canada",earthquake,,,,,reviewed,us,hrv,2000-04-30,36193,Canada,1
2000-05-15 07:11:42+00:00,49.94,-130.33,10.0,5.5,mwc,,,,,us,usp0009szt,2025-12-19T22:43:32.966Z,"242 km WSW of Port McNeill, Canada",earthquake,,,,,reviewed,pgc,hrv,2000-05-15,36190,Canada,1
2000-06-09 21:25:20.270000+00:00,50.415,-129.734,10.0,4.43,mw,18.0,,,1.27,us,usp0009ub3,2014-11-07T01:10:20.831Z,"188 km W of Port McNeill, Canada",earthquake,,,,5.0,reviewed,us,us,2000-06-09,36320,Canada,1
2000-06-10 15:04:43+00:00,50.53,-130.42,10.0,4.85,mw,99.0,,,,us,usp0009ucj,2014-11-07T01:10:21.520Z,"236 km W of Port McNeill, Canada",earthquake,,,,35.0,reviewed,pgc,us,2000-06-10,36262,Canada,1
2000-06-27 17:56:53.250000+00:00,65.3,-133.681,10.0,5.71,mw,51.0,,,1.1,us,usp0009v7k,2014-11-07T01:10:25.329Z,"244 km SSE of Fort McPherson, Canada",earthquake,,,,1.0,reviewed,us,us,2000-06-27,36180,Canada,2
2000-07-12 15:01:49+00:00,47.52,-71.1,10.0,4.2,mblg,15.0,,,,us,usp0009wbu,2014-11-07T01:10:35.711Z,"46 km W of Baie-Saint-Paul, Canada",earthquake,,,,,reviewed,ott,ott,2000-07-12,36355,Canada,-1
2000-08-01 21:33:49+00:00,49.49,-126.13,41.3,4.94,mw,157.0,,,,us,usp0009xks,2016-07-23T00:03:27.710Z,"40 km NNW of Tofino, Canada",earthquake,,,,41.0,reviewed,pgc,us,2000-08-01,36217,Canada,-1
2000-08-03 13:12:59.500000+00:00,60.422,-136.674,10.0,4.68,mw,51.0,,,1.01,us,usp0009xt8,2020-02-20T20:23:32.261Z,"58 km SE of Haines Junction, Canada",earthquake,,,,18.0,reviewed,us,us,2000-08-03,36277,Canada,-1
2000-08-06 08:52:24+00:00,46.19,-74.97,18.0,4.43,mw,28.0,,,,us,usp0009y04,2014-11-07T01:10:49.779Z,"7 km SSW of La Minerve, Canada",earthquake,,,,1.0,reviewed,ott,us,2000-08-06,36518,Canada,-1
2000-09-10 09:09:01+00:00,77.6,-113.24,18.0,4.31,mw,10.0,,,,us,usp000a000,2014-11-07T01:11:03.933Z,"Sverdrup Islands, Northwest Territories, Canada",earthquake,,,,,reviewed,ott,ott,2000-09-10,36530,Canada,-1
2000-09-27 03:45:50.460000+00:00,50.748,-129.704,10.0,4.85,mw,105.0,,,0.72,us,usp000a0vy,2014-11-07T01:11:07.837Z,"185 km W of Port McNeill, Canada",earthquake,,,,25.0,reviewed,us,us,2000-09-27,36473,Canada,1
2000-11-27 11:46:12+00:00,51.07,-130.66,10.0,4.43,mw,51.0,,,,us,usp000a52b,2014-11-07T01:11:34.556Z,"257 km W of Port McNeill, Canada",earthquake,,,,13.0,reviewed,pgc,us,2000-11-27,36527,Canada,1
2001-01-11 00:04:03+00:00,48.89,-129.31,10.0,6.0,mwc,341.0,,,,us,usp000a7fx,2022-04-29T19:46:11.809Z,"247 km SW of Port McNeill, Canada",earthquake,,,,,reviewed,pgc,hrv,2001-01-11,36360,Canada,1
2001-01-20 00:14:23+00:00,50.49,-130.35,10.0,5.4,mwc,187.0,,,,us,usp000a80q,2025-12-19T22:34:42.052Z,"231 km W of Port McNeill, Canada",earthquake,,,,,reviewed,pgc,hrv,2001-01-20,36412,Canada,1
2001-01-23 09:39:25+00:00,49.33,-128.79,10.0,5.9,mwb,197.0,,,,us,usp000a878,2022-04-29T19:05:50.999Z,"185 km SW of Port McNeill, Canada",earthquake,,,,,reviewed,pgc,us,2001-01-23,36395,Canada,1
2001-01-23 14:43:51.460000+00:00,49.0213333,-125.5756667,9.848,4.04,mw,12.0,311.0,,0.94,uw,uw10527288,2016-07-23T00:25:14.110Z,"9 km NNW of Ucluelet, Canada",earthquake,12.266,18.94,0.09,3.0,reviewed,uw,uw,2001-01-23,36530,Canada,-1
2001-02-05 03:49:06.980000+00:00,64.433,-131.149,10.0,5.4,mwc,207.0,,,0.89,us,usp000a93f,2022-04-29T19:07:08.582Z,"Southern Yukon Territory, Canada",earthquake,,,,,reviewed,us,hrv,2001-02-05,36543,Canada,-1
2001-02-24 21:06:37+00:00,65.28,-133.12,10.0,4.43,mw,26.0,,,,us,usp000aa9p,2014-11-07T01:12:11.630Z,"253 km SSE of Fort McPherson, Canada",earthquake,,,,4.0,reviewed,pgc,us,2001-02-24,36611,Canada,2
2001-03-24 11:57:18.350000+00:00,50.033,-63.348,18.0,4.2,mblg,11.0,,,,us,usp000abyu,2014-11-07T01:12:24.879Z,"29 km SE of Havre-Saint-Pierre, Canada",earthquake,,,,,reviewed,ott,ott,2001-03-24,36662,Canada,-1
2001-04-10 09:36:06+00:00,50.48,-130.4,10.0,5.11,mw,168.0,,,,us,usp000acy2,2014-11-07T01:12:33.684Z,"235 km W of Port McNeill, Canada",earthquake,,,,57.0,reviewed,pgc,us,2001-04-10,36607,Canada,1
2001-04-14 02:20:13+00:00,56.08,-119.81,10.0,5.3,mwc,317.0,,,,us,usp000ad70,2022-04-29T19:11:37.828Z,"44 km NE of Dawson Creek, Canada",earthquake,,,,,reviewed,pgc,hrv,2001-04-14,36590,Canada,-1
2001-05-02 02:05:46+00:00,49.91,-130.15,10.0,5.3,mwc,196.0,,,,us,usp000ae9y,2025-12-19T22:48:11.527Z,"231 km WSW of Port McNeill, Canada",earthquake,,,,,reviewed,pgc,hrv,2001-05-02,36562,Canada,1
2001-05-02 02:06:26.880000+00:00,49.1618333,-126.5943333,9.513,4.41,mw,6.0,333.0,,0.39,uw,uw10519098,2016-07-23T00:34:27.040Z,"50 km W of Tofino, Canada",earthquake,4.637,4.63,0.03,2.0,reviewed,uw,uw,2001-05-02,36636,Canada,1
2001-05-09 17:05:31+00:00,48.86,-128.36,10.0,4.43,mw,75.0,,,,us,usp000aepk,2014-11-07T01:12:46.801Z,"182 km W of Tofino, Canada",earthquake,,,,11.0,reviewed,pgc,us,2001-05-09,36629,Canada,1
2001-05-13 14:09:57+00:00,49.45,-129.5,10.0,4.43,mw,63.0,,,,us,usp000aewb,2014-11-07T01:12:47.559Z,"214 km SW of Port McNeill, Canada",earthquake,,,,12.0,reviewed,pgc,us,2001-05-13,36629,Canada,1
2001-06-04 03:30:40+00:00,64.25,-138.19,1.0,4.38,mw,44.0,,,,us,usp000ag0k,2020-02-20T20:55:38.569Z,"64 km ENE of Dawson City, Canada",earthquake,,,,,reviewed,pgc,pmr,2001-06-04,36640,Canada,-1
2001-06-06 00:54:37+00:00,77.08,-107.56,18.0,4.1,mblg,10.0,,,,us,usp000ag4y,2014-11-07T01:12:59.358Z,"Sverdrup Islands, Nunavut, Canada",earthquake,,,,,reviewed,ott,ott,2001-06-06,36664,Canada,-1
2001-08-01 16:19:35+00:00,49.27,-128.28,10.0,4.85,mw,89.0,,,,us,usp000akpd,2014-11-07T01:13:27.241Z,"162 km WSW of Vernon, Canada",earthquake,,,,19.0,reviewed,pgc,us,2001-08-01,36765,Canada,1
2001-08-10 15:41:59+00:00,64.28,-130.97,10.0,5.11,mw,51.0,,,,us,usp000am66,2014-11-07T01:13:31.332Z,"226 km WSW of Norman Wells, Canada",earthquake,,,,20.0,reviewed,pgc,us,2001-08-10,36733,Canada,-1
2001-08-11 21:22:07+00:00,62.5,-128.54,5.0,4.6,mw,52.0,,,,us,usp000am92,2014-11-07T01:13:31.770Z,"271 km N of Watson Lake, Canada",earthquake,,,,14.0,reviewed,pgc,us,2001-08-11,36829,Canada,-1
2001-08-14 19:35:37.940000+00:00,76.667,-107.269,10.0,5.2,mwc,246.0,,,1.08,us,usp000amfm,2022-04-29T19:29:35.690Z,"Melville Island region, Nunavut, Canada",earthquake,,,,,reviewed,us,hrv,2001-08-14,36730,Canada,-1
2001-09-05 02:33:49.460000+00:00,78.014,-114.604,10.0,5.11,mw,77.0,,,1.19,us,usp000anns,2014-11-07T01:13:44.775Z,"Sverdrup Islands, Northwest Territories, Canada",earthquake,,,,25.0,reviewed,us,us,2001-09-05,36755,Canada,-1
2001-09-14 04:45:08+00:00,48.69,-128.71,10.0,6.0,mwc,391.0,,,,us,usp000ap50,2022-04-29T19:33:48.395Z,"211 km WSW of Tofino, Canada",earthquake,,,,,reviewed,pgc,hrv,2001-09-14,36729,Canada,1
2001-09-15 11:12:58.660000+00:00,48.7778333,-126.8938333,9.062,3.95,mw,13.0,323.0,,0.4,uw,uw10542043,2016-07-23T00:46:12.480Z,"83 km WSW of Tofino, Canada",earthquake,3.915,5.14,0.04,3.0,reviewed,uw,uw,2001-09-15,36892,Canada,1
2001-09-15 15:14:43+00:00,59.2,-71.39,5.0,4.1,mblg,7.0,,,,us,usp000ap7x,2014-11-07T01:13:48.345Z,"Ungava Peninsula, Quebec, Canada",earthquake,,,,,reviewed,ott,ott,2001-09-15,36879,Canada,-1
2001-10-12 05:02:34+00:00,52.63,-132.2,20.0,6.1,mwc,432.0,,,,us,usp000aqrg,2022-04-29T19:37:13.375Z,"225 km SSW of Prince Rupert, Canada",earthquake,,,,,reviewed,pgc,hrv,2001-10-12,36720,Canada,1
2001-10-26 04:41:57+00:00,65.23,-133.02,10.0,4.94,mw,10.0,,,,us,usp000arnk,2014-11-07T01:14:03.446Z,"260 km SSE of Fort McPherson, Canada",earthquake,,,,2.0,reviewed,pgc,us,2001-10-26,36765,Canada,2
2001-11-18 02:09:39+00:00,60.14,-137.92,1.0,4.77,mw,21.0,,,,us,usp000at1y,2020-02-20T21:11:04.569Z,"71 km SSW of Haines Junction, Canada",earthquake,,,,1.0,reviewed,pgc,us,2001-11-18,36792,Canada,-1
2001-11-28 04:18:38+00:00,64.94,-113.54,18.0,4.51,mw,23.0,,,,us,usp000atma,2014-11-07T01:14:19.435Z,"268 km NNE of Behchok??, Canada",earthquake,,,,7.0,reviewed,ott,us,2001-11-28,36839,Canada,-1
2001-12-09 01:21:50+00:00,49.58,-129.35,10.0,4.43,mw,28.0,,,,us,usp000au9w,2014-11-07T01:14:27.315Z,"197 km SW of Port McNeill, Canada",earthquake,,,,6.0,reviewed,pgc,us,2001-12-09,36850,Canada,1
2002-01-05 18:13:56+00:00,50.51,-130.34,10.0,4.3,mw,12.0,,,,us,usp000avwa,2014-11-07T01:14:38.811Z,"230 km W of Port McNeill, Canada",earthquake,,,,,reviewed,pgc,pgc,2002-01-05,36877,Canada,1
2002-01-07 10:41:08+00:00,69.11,-95.87,18.0,5.03,mw,16.0,,,,us,usp000aw05,2014-11-07T01:14:39.395Z,"53 km N of Gjoa Haven, Canada",earthquake,,,,3.0,reviewed,ott,us,2002-01-07,36764,Canada,-1
2002-01-07 14:02:34+00:00,75.84,-94.96,18.0,4.68,mw,11.0,,,,us,usp000aw0j,2014-11-07T01:14:39.461Z,"Cornwallis Island region, Nunavut, Canada",earthquake,,,,2.0,reviewed,ott,us,2002-01-07,36806,Canada,-1
2002-01-20 14:11:55+00:00,49.49,-66.95,30.0,4.1,mblg,13.0,,,,us,usp000awuu,2014-11-07T01:14:43.638Z,"47 km NNW of Cap-Chat, Canada",earthquake,,,,,reviewed,ott,ott,2002-01-20,36879,Canada,-1
2002-02-14 04:33:54.550000+00:00,64.358,-130.809,10.0,4.94,mw,59.0,,,0.88,us,usp000ayeh,2014-11-07T01:14:54.895Z,"215 km WSW of Norman Wells, Canada",earthquake,,,,29.0,reviewed,us,us,2002-02-14,36966,Canada,-1
2002-02-20 03:17:14+00:00,51.13,-131.1,10.0,5.1,mw,107.0,,,,us,usp000ayte,2014-11-07T01:14:56.611Z,"288 km W of Port McNeill, Canada",earthquake,,,,,reviewed,pgc,pgc,2002-02-20,36917,Canada,1
2002-04-04 04:29:08+00:00,50.53,-130.41,10.0,5.0,mw,101.0,,,,us,usp000b1pk,2014-11-07T01:15:20.875Z,"235 km W of Port McNeill, Canada",earthquake,,,,,reviewed,pgc,pgc,2002-04-04,36923,Canada,1
2002-04-18 01:19:12+00:00,49.63,-129.06,10.0,4.68,mw,57.0,,,,us,usp000b2mk,2014-11-07T01:15:26.079Z,"177 km SW of Port McNeill, Canada",earthquake,,,,16.0,reviewed,pgc,us,2002-04-18,37028,Canada,1
2002-06-05 20:17:37+00:00,52.89,-74.41,18.0,4.5,mblg,28.0,,,,us,usp000b5kb,2014-11-07T01:15:46.448Z,"277 km N of Mistissini, Canada",earthquake,,,,,reviewed,ott,ott,2002-06-05,37067,Canada,-1
2002-06-06 15:37:54+00:00,50.08,-130.29,10.0,4.85,mw,81.0,,,,us,usp000b5n6,2014-11-07T01:15:46.715Z,"235 km WSW of Port McNeill, Canada",earthquake,,,,14.0,reviewed,pgc,us,2002-06-06,36980,Canada,1
2002-06-29 06:40:39+00:00,52.84,-132.26,20.0,4.51,mw,15.0,,,,us,usp000b751,2014-11-07T01:15:54.866Z,"208 km SW of Prince Rupert, Canada",earthquake,,,,1.0,reviewed,pgc,us,2002-06-29,37052,Canada,1
2002-07-14 00:19:21+00:00,48.98,-128.85,10.0,4.68,mw,56.0,,,,us,usp000b825,2014-11-07T01:16:03.739Z,"214 km SW of Vernon, Canada",earthquake,,,,12.0,reviewed,pgc,us,2002-07-14,37029,Canada,1
2002-07-23 02:08:59+00:00,49.59,-66.95,18.0,4.0,mblg,8.0,,,,us,usp000b8ky,2014-11-07T01:16:06.152Z,"48 km S of Saint-Alexandre, Canada",earthquake,,,,,reviewed,ott,ott,2002-07-23,37076,Canada,-1
2002-08-17 16:06:27+00:00,49.96,-120.29,10.0,4.85,mw,108.0,,,,us,usp000ba34,2014-11-07T01:16:17.298Z,"39 km ESE of Merritt, Canada",earthquake,,,,23.0,reviewed,pgc,us,2002-08-17,37156,Canada,-1
2002-08-25 02:43:06+00:00,62.35,-124.52,5.0,4.68,mw,65.0,,,,us,usp000bajv,2014-11-07T01:16:20.121Z,"Northwest Territories, Canada",earthquake,,,,18.0,reviewed,pgc,us,2002-08-25,37194,Canada,3
2002-08-25 09:24:58+00:00,65.45,-134.64,10.0,4.68,mw,24.0,,,,us,usp000bakt,2014-11-07T01:16:20.286Z,"222 km S of Fort McPherson, Canada",earthquake,,,,4.0,reviewed,pgc,us,2002-08-25,37182,Canada,2
2002-10-08 08:49:44+00:00,49.21,-129.97,10.0,4.68,mw,26.0,,,,us,usp000be1t,2014-11-07T01:16:43.292Z,"257 km SW of Port McNeill, Canada",earthquake,,,,5.0,reviewed,pgc,us,2002-10-08,37179,Canada,1
2002-10-11 01:09:39+00:00,48.49,-128.84,10.0,5.03,mw,161.0,,,,us,usp000be7z,2014-11-07T01:16:43.991Z,"Vancouver Island, Canada region",earthquake,,,,20.0,reviewed,pgc,us,2002-10-11,37109,Canada,1
2002-10-15 05:56:21.870000+00:00,48.774,-128.402,10.0,4.51,mw,54.0,,,0.76,us,usp000beke,2014-11-07T01:16:45.509Z,"187 km WSW of Tofino, Canada",earthquake,,,,9.0,reviewed,us,us,2002-10-15,37219,Canada,1
2002-10-16 22:32:46.070000+00:00,49.988,-129.528,10.0,4.68,mw,78.0,,,0.94,us,usp000beq1,2014-11-07T01:16:45.937Z,"186 km WSW of Port McNeill, Canada",earthquake,,,,20.0,reviewed,us,us,2002-10-16,37175,Canada,1
2002-10-30 02:32:05+00:00,52.75,-132.1,20.0,4.77,mw,74.0,,,,us,usp000bfmw,2014-11-07T01:16:50.679Z,"210 km SSW of Prince Rupert, Canada",earthquake,,,,28.0,reviewed,pgc,us,2002-10-30,37161,Canada,1
2002-11-03 01:49:25+00:00,51.31,-131.12,10.0,5.6,mwc,447.0,,,,us,usp000bfy7,2022-05-02T16:15:01.057Z,"294 km WNW of Port McNeill, Canada",earthquake,,,,,reviewed,pgc,hrv,2002-11-03,37101,Canada,1
2002-11-06 06:55:26+00:00,61.97,-132.81,1.0,4.61,mw,11.0,,,,us,usp000bgss,2014-11-07T01:17:02.110Z,"184 km NE of Whitehorse, Canada",earthquake,,,,,reviewed,pgc,pgc,2002-11-06,37199,Canada,-1
2002-11-18 08:22:25+00:00,60.61,-137.95,1.0,4.46,mw,26.0,,,,us,usp000bhxn,2019-02-12T18:52:28.033Z,"28 km WSW of Haines Junction, Canada",earthquake,,,,,reviewed,pgc,pgc,2002-11-18,37252,Canada,-1
2002-11-23 22:10:56+00:00,50.7,-130.56,10.0,4.85,mw,102.0,,,,us,usp000bj8w,2014-11-07T01:17:10.707Z,"245 km W of Port McNeill, Canada",earthquake,,,,17.0,reviewed,pgc,us,2002-11-23,37160,Canada,1
2002-12-13 15:51:31+00:00,50.17,-130.29,10.0,5.4,mwc,217.0,,,,us,usp000bkmg,2025-12-19T23:04:07.883Z,"232 km WSW of Port McNeill, Canada",earthquake,,,,,reviewed,pgc,hrv,2002-12-13,37109,Canada,1
2002-12-14 19:51:20+00:00,62.1,-135.47,5.0,4.94,mw,53.0,,,,us,usp000bkq5,2014-11-07T01:17:21.748Z,"155 km N of Whitehorse, Canada",earthquake,,,,18.0,reviewed,pgc,us,2002-12-14,37153,Canada,-1
2003-01-15 21:58:47+00:00,76.59,-107.14,18.0,4.51,mw,19.0,,,,us,usp000bnkp,2014-11-07T01:17:35.496Z,"Melville Island region, Nunavut, Canada",earthquake,,,,5.0,reviewed,ott,us,2003-01-15,37220,Canada,-1
2003-02-04 09:48:22+00:00,48.87,-128.23,10.0,4.68,mw,30.0,,,,us,usp000bpzf,2014-11-07T01:17:44.902Z,"Vancouver Island, Canada region",earthquake,,,,2.0,reviewed,pgc,us,2003-02-04,37281,Canada,1
2003-02-13 21:26:30+00:00,65.6,-134.67,1.0,4.68,mw,28.0,,,,us,usp000bqmc,2014-11-07T01:17:48.114Z,"205 km S of Fort McPherson, Canada",earthquake,,,,5.0,reviewed,pgc,us,2003-02-13,37326,Canada,2
2003-03-30 10:03:34.150000+00:00,47.869,-129.098,10.0,4.6,mw,41.0,192.5,,1.25,us,usp000btw9,2014-11-07T01:18:10.365Z,"275 km WSW of Tofino, Canada",earthquake,,,,10.0,reviewed,us,us,2003-03-30,37386,Canada,1
2003-05-29 05:28:17+00:00,48.48,-128.81,10.0,5.11,mw,167.0,172.1,,,us,usp000byez,2014-11-07T01:18:44.250Z,"225 km WSW of Tofino, Canada",earthquake,,,,58.0,reviewed,pgc,us,2003-05-29,37272,Canada,1
2003-06-13 11:34:40+00:00,47.7,-70.09,11.1,4.1,mblg,19.0,119.6,,,us,usp000bzsc,2014-11-07T01:18:55.309Z,"6 km NE of La Malbaie, Canada",earthquake,,,,,reviewed,ott,ott,2003-06-13,37419,Canada,-1
2003-07-01 15:49:06+00:00,50.51,-130.27,10.0,4.51,mw,59.0,172.7,,,us,usp000c1ed,2014-11-07T01:19:05.268Z,"225 km W of Port McNeill, Canada",earthquake,,,,11.0,reviewed,pgc,us,2003-07-01,37401,Canada,1
2003-07-22 18:53:22+00:00,50.1,-130.23,10.0,4.43,mw,13.0,196.0,,,us,usp000c338,2014-11-07T01:19:16.742Z,"230 km WSW of Port McNeill, Canada",earthquake,,,,4.0,reviewed,pgc,us,2003-07-22,37614,Canada,1
2003-10-12 08:26:07+00:00,47.01,-76.37,18.0,4.6,mw,44.0,96.0,,,us,usp000ca7b,2014-11-07T01:20:11.309Z,"63 km NNW of Saint-Boniface, Canada",earthquake,,,,4.0,reviewed,ott,us,2003-10-12,37590,Canada,-1
2003-10-23 08:16:19.500000+00:00,50.48,-130.31,10.0,4.9,mw,58.0,177.5,,,us,usp000cb2g,2014-11-07T01:20:14.727Z,"228 km W of Port McNeill, Canada",earthquake,,,,,reviewed,pgc,pgc,2003-10-23,37522,Canada,1
2003-11-04 01:00:15+00:00,65.5,-123.87,20.0,4.85,mw,78.0,53.1,,,us,usp000cc0m,2014-11-07T01:20:24.277Z,"139 km E of Norman Wells, Canada",earthquake,,,,25.0,reviewed,pgc,us,2003-11-04,37533,Canada,-1
2003-12-06 16:28:33+00:00,64.14,-134.98,1.0,4.68,mw,19.0,88.5,,,us,usp000cep5,2014-11-07T01:20:42.075Z,"217 km E of Dawson City, Canada",earthquake,,,,2.0,reviewed,pgc,us,2003-12-06,37577,Canada,-1
2003-12-19 05:32:52+00:00,48.85,-129.19,10.0,5.4,mwc,177.0,124.4,,,us,usp000cfhy,2025-12-19T23:09:57.223Z,"242 km W of Tofino, Canada",earthquake,,,,,reviewed,pgc,hrv,2003-12-19,37440,Canada,1
2004-01-12 15:31:34+00:00,61.09,-138.07,1.0,4.43,mw,83.0,31.5,,,us,usp000chrj,2019-02-12T23:57:50.461Z,"48 km NW of Haines Junction, Canada",earthquake,,,,5.0,reviewed,pgc,us,2004-01-12,37617,Canada,-1
2004-01-15 04:45:54+00:00,49.15,-127.94,10.0,4.7,mw,80.0,171.9,,,us,usp000chx7,2014-11-07T01:21:04.627Z,"148 km W of Tofino, Canada",earthquake,,,,,reviewed,pgc,pgc,2004-01-15,37545,Canada,1
2004-01-25 15:12:23+00:00,49.1,-128.06,10.0,5.4,mwc,215.0,118.0,,,us,usp000cjnd,2025-12-19T23:10:52.012Z,"157 km W of Tofino, Canada",earthquake,,,,,reviewed,pgc,hrv,2004-01-25,37661,Canada,1
2004-02-26 21:45:30.950000+00:00,50.147,-129.776,10.0,4.51,mw,24.0,189.4,,0.94,us,usp000cndr,2014-11-07T01:21:29.597Z,"197 km WSW of Port McNeill, Canada",earthquake,,,,9.0,reviewed,us,us,2004-02-26,37739,Canada,1
2004-02-28 02:05:17+00:00,50.96,-130.65,10.0,4.8,mwc,43.0,174.1,,,us,usp000cnk4,2016-11-10T00:27:21.477Z,"254 km W of Port McNeill, Canada",earthquake,,,,,reviewed,pgc,hrv,2004-02-28,37661,Canada,1
2004-02-28 03:01:40.830000+00:00,51.272,-130.059,10.0,4.31,mw,33.0,189.2,,1.03,us,usp000cnk9,2014-11-07T01:21:31.662Z,"222 km WNW of Port McNeill, Canada",earthquake,,,,,reviewed,us,pgc,2004-02-28,37797,Canada,1
2004-04-27 09:40:02+00:00,48.74,-129.01,10.0,4.51,mw,69.0,167.8,,,us,usp000cthz,2014-11-07T01:22:06.674Z,"231 km WSW of Tofino, Canada",earthquake,,,,8.0,reviewed,pgc,us,2004-04-27,37758,Canada,1
2004-05-08 08:34:43+00:00,64.42,-90.82,18.0,4.4,mblg,45.0,43.0,,,us,usp000cuem,2014-11-07T01:22:15.894Z,"190 km NNE of Rankin Inlet, Canada",earthquake,,,,,reviewed,ott,ott,2004-05-08,37787,Canada,-1
2004-05-16 13:49:43+00:00,48.26,-128.96,10.0,4.6,mw,40.0,189.5,,,us,usp000cv7t,2014-11-07T01:22:19.918Z,"245 km WSW of Tofino, Canada",earthquake,,,,8.0,reviewed,pgc,us,2004-05-16,37720,Canada,1
2004-06-04 08:50:24.650000+00:00,72.925,-71.433,10.0,5.71,mw,75.0,62.9,,1.2,us,usp000cx2n,2014-11-07T01:22:32.647Z,"291 km NNW of Clyde River, Canada",earthquake,,0.0,,86.0,reviewed,us,us,2004-06-04,37659,Canada,-1
2004-06-23 18:19:24+00:00,50.43,-130.25,10.0,4.43,mw,29.0,177.2,,,us,usp000cykk,2014-11-07T01:22:40.765Z,"225 km W of Port McNeill, Canada",earthquake,,,,5.0,reviewed,pgc,us,2004-06-23,37777,Canada,1
2004-06-27 22:12:54+00:00,77.49,-116.04,18.0,4.6,mw,8.0,137.8,,,us,usp000cz0p,2014-11-07T01:22:42.886Z,"Prince Patrick Island, Northwest Territories, Canada",earthquake,,,,1.0,reviewed,ott,us,2004-06-27,37731,Canada,-1
2004-07-03 23:07:20+00:00,50.03,-130.24,10.0,4.43,mw,30.0,192.6,,,us,usp000czgq,2014-11-07T01:22:49.994Z,"233 km WSW of Port McNeill, Canada",earthquake,,,,8.0,reviewed,pgc,us,2004-07-03,37781,Canada,1
2004-07-13 16:32:44.740000+00:00,60.936,-140.002,1.0,4.23,mw,42.0,53.8,,,us,usp000d03n,2019-02-13T01:21:17.808Z,"136 km W of Haines Junction, Canada",earthquake,,,,,reviewed,aeic,pmr,2004-07-13,37799,Canada,-1
2004-07-15 12:06:52.400000+00:00,49.695,-126.855,18.7,5.9,mwb,354.0,62.5,,1.02,us,usp000d07f,2022-06-18T09:08:36.669Z,"51 km SW of Vernon, Canada",earthquake,,,,,reviewed,us,us,2004-07-15,37627,Canada,1
2004-07-19 08:01:49.460000+00:00,49.623,-126.967,23.7,6.4,mwb,393.0,27.3,,1.04,us,usp000d0fx,2022-05-02T17:17:47.430Z,"62 km SW of Vernon, Canada",earthquake,,,,,reviewed,us,us,2004-07-19,37815,Canada,1
2004-07-31 00:35:23+00:00,52.69,-132.07,20.0,4.9,mwr,195.0,134.1,,,us,usp000d15n,2014-11-07T01:23:02.726Z,"214 km SSW of Prince Rupert, Canada",earthquake,,,,,reviewed,pgc,pgc,2004-07-31,37882,Canada,1
2004-08-26 23:11:37+00:00,64.75,-86.27,18.0,4.94,mw,119.0,37.2,,,us,usp000d2xj,2014-11-07T01:23:16.093Z,"Southampton Island, Nunavut, Canada",earthquake,,,,44.0,reviewed,ott,us,2004-08-26,37849,Canada,-1
2004-09-03 05:01:34+00:00,62.03,-124.07,1.0,4.6,mw,78.0,35.2,,,us,usp000d3eg,2014-11-07T01:23:23.769Z,"Northwest Territories, Canada",earthquake,,,,29.0,reviewed,pgc,us,2004-09-03,37922,Canada,3
2004-10-06 04:39:48+00:00,52.71,-127.23,1.0,4.31,mw,41.0,63.5,,,us,usp000d5v9,2014-11-07T01:23:42.509Z,"176 km SSE of Kitimat, Canada",earthquake,,,,,reviewed,pgc,pgc,2004-10-06,37963,Canada,-1
2004-10-28 15:46:39.860000+00:00,49.751,-129.32,10.0,4.8,mwr,113.0,166.1,,0.92,us,usp000d78j,2014-11-07T01:23:50.076Z,"184 km WSW of Port McNeill, Canada",earthquake,,,,,reviewed,us,pgc,2004-10-28,37909,Canada,1
2004-11-02 10:02:12.820000+00:00,49.277,-128.772,10.0,6.7,mwb,459.0,37.3,,1.17,us,usp000d7h4,2022-08-09T02:56:02.977Z,"189 km SW of Port McNeill, Canada",earthquake,,,,,reviewed,us,us,2004-11-02,37803,Canada,1
2004-11-15 17:51:55.990000+00:00,50.477,-130.201,10.0,5.0,mwr,63.0,178.8,,1.25,us,usp000d8hv,2014-11-07T01:24:01.204Z,"221 km W of Port McNeill, Canada",earthquake,,,,,reviewed,us,pgc,2004-11-15,37841,Canada,1
2004-12-26 05:48:54+00:00,49.0,-129.68,10.0,4.85,mw,50.0,171.4,,,us,usp000dbgv,2014-11-07T01:24:22.415Z,"257 km SW of Port McNeill, Canada",earthquake,,,,7.0,reviewed,pgc,us,2004-12-26,37904,Canada,1
2004-12-28 15:40:44+00:00,60.98,-138.33,1.0,4.16,mw,12.0,128.2,,,us,usp000dc2d,2019-02-13T02:12:04.948Z,"51 km WNW of Haines Junction, Canada",earthquake,,,,,reviewed,pgc,pgc,2004-12-28,37965,Canada,-1
2005-02-03 15:36:08.550000+00:00,50.275,-129.833,10.0,5.0,mwr,88.0,151.9,,1.03,us,usp000dff1,2014-11-07T01:24:55.376Z,"198 km W of Port McNeill, Canada",earthquake,,,,,reviewed,us,pgc,2005-02-03,38033,Canada,1
2005-02-28 12:49:21+00:00,47.96,-129.04,10.0,5.0,mwc,206.0,105.6,,,us,usp000dh64,2025-12-19T22:38:40.696Z,"266 km WSW of Tofino, Canada",earthquake,,,,,reviewed,pgc,hrv,2005-02-28,38028,Canada,1
2005-03-01 15:30:03.820000+00:00,48.279,-128.489,10.0,4.77,mw,15.0,196.4,,1.45,us,usp000dha0,2014-11-07T01:25:08.648Z,"213 km WSW of Tofino, Canada",earthquake,,,,1.0,reviewed,us,us,2005-03-01,38042,Canada,1
2005-03-06 06:17:49+00:00,47.75,-69.73,13.3,5.2,mw,199.0,30.1,,,us,usp000dhn5,2023-01-21T02:22:24.270Z,"15 km SE of Saint-Siméon, Canada",earthquake,,,,78.0,reviewed,ott,us,2005-03-06,38027,Canada,-1
2005-03-06 13:01:29+00:00,48.73,-129.07,10.0,4.9,mwr,130.0,170.6,,,us,usp000dhnx,2014-11-07T01:25:11.897Z,"236 km WSW of Tofino, Canada",earthquake,,,,,reviewed,pgc,pgc,2005-03-06,38033,Canada,1
2005-03-11 15:28:22+00:00,50.31,-128.72,26.0,4.8,mwr,126.0,161.2,,,us,usp000dhzy,2014-11-07T01:25:13.373Z,"120 km WSW of Port McNeill, Canada",earthquake,,,,,reviewed,pgc,pgc,2005-03-11,38038,Canada,1
2005-03-15 10:35:19+00:00,50.73,-130.54,10.0,4.3,mwr,30.0,194.7,,,us,usp000dj8s,2014-11-07T01:25:14.671Z,"244 km W of Port McNeill, Canada",earthquake,,,,,reviewed,pgc,pgc,2005-03-15,38126,Canada,1
2005-03-26 16:50:48.900000+00:00,78.728,-93.612,10.0,4.43,mw,18.0,61.9,,1.22,us,usp000dk3z,2014-11-07T01:25:19.621Z,"Axel Heiberg Island, Nunavut, Canada",earthquake,,,,6.0,reviewed,us,us,2005-03-26,38088,Canada,-1
2005-04-30 04:26:03+00:00,65.61,-137.02,20.0,4.5,mwr,248.0,23.0,,,us,usp000dpjs,2019-02-13T02:51:46.246Z,"207 km NE of Dawson City, Canada",earthquake,,,,,reviewed,pgc,pgc,2005-04-30,38053,Canada,-1
2005-06-07 22:50:53+00:00,49.48,-127.24,33.0,4.0,mwr,13.0,175.3,,,us,usp000dsft,2014-11-07T01:26:09.318Z,"87 km SW of Vernon, Canada",earthquake,,,,,reviewed,pgc,pgc,2005-06-07,38128,Canada,1
2005-06-09 14:00:49.900000+00:00,51.554,-131.125,10.0,5.8,mwc,282.0,72.1,,0.91,us,usp000dskc,2022-05-02T15:54:11.992Z,"Haida Gwaii Region, Canada",earthquake,,,,,reviewed,us,hrv,2005-06-09,38002,Canada,1
2005-07-25 10:54:59.590000+00:00,50.75,-130.139,10.0,4.6,mwr,51.0,212.9,,0.81,us,usp000dvw2,2014-11-07T01:26:33.243Z,"216 km W of Port McNeill, Canada",earthquake,,,,,reviewed,us,pgc,2005-07-25,38235,Canada,1
2005-08-22 16:08:56.060000+00:00,66.063,-135.404,20.0,4.1,mwr,19.0,84.4,,,us,usp000dxus,2019-02-13T03:18:59.842Z,"155 km S of Fort McPherson, Canada",earthquake,,,,,reviewed,aeic,pgc,2005-08-22,38330,Canada,2
2005-08-28 20:23:51+00:00,49.21,-129.6,10.0,4.16,mw,15.0,304.8,,,us,usp000dy80,2014-11-07T01:26:54.042Z,"236 km SW of Port McNeill, Canada",earthquake,,,,,reviewed,pgc,pgc,2005-08-28,38328,Canada,1
2005-09-24 07:54:56+00:00,64.47,-134.36,10.0,5.1,mwc,227.0,57.0,,,us,usp000e03a,2022-05-02T17:59:50.252Z,"250 km E of Dawson City, Canada",earthquake,,,,,reviewed,pgc,hrv,2005-09-24,38202,Canada,-1
2005-09-25 17:39:13+00:00,48.01,-128.53,10.0,4.51,mw,43.0,184.7,,,us,usp000e087,2014-11-07T01:27:09.601Z,"231 km SW of Tofino, Canada",earthquake,,,,1.0,reviewed,pgc,us,2005-09-25,38261,Canada,1
2005-10-20 15:27:46.520000+00:00,47.402,-128.978,10.0,4.54,mw,48.0,213.7,,,us,usp000e2az,2014-11-07T01:27:27.031Z,"299 km SW of Tofino, Canada",earthquake,,,,,reviewed,pgc,pgc,2005-10-20,38261,Canada,1
2005-10-20 21:16:28.750000+00:00,44.677,-80.482,11.0,4.2,mblg,118.0,18.4,,,us,usp000e2bp,2022-07-12T22:05:04.903Z,"12 km NE of Meaford, Canada",earthquake,,,,,reviewed,ott,ott,2005-10-20,38291,Canada,-1
2005-11-16 14:07:41.880000+00:00,49.992,-129.772,10.0,4.9,mwr,62.0,179.9,,0.81,us,usp000e4as,2014-11-07T01:27:39.982Z,"202 km WSW of Port McNeill, Canada",earthquake,,,,,reviewed,us,pgc,2005-11-16,38208,Canada,1
2005-11-19 12:40:04.370000+00:00,48.792,-128.598,10.0,5.3,mwc,202.0,117.8,,1.09,us,usp000e4gd,2025-12-19T23:24:20.285Z,"201 km WSW of Tofino, Canada",earthquake,,,,,reviewed,us,hrv,2005-11-19,38174,Canada,1
2005-12-26 04:00:09+00:00,66.68,-130.35,15.0,4.6,mw,36.0,58.7,,,us,usp000e6x8,2014-11-07T01:27:57.090Z,"214 km ESE of Fort McPherson, Canada",earthquake,,,,12.0,reviewed,pgc,us,2005-12-26,38236,Canada,-1
2005-12-28 10:40:17+00:00,53.85,-131.44,22.0,4.3,mwr,41.0,49.3,,,us,usp000e737,2014-11-07T01:27:57.785Z,"89 km SW of Prince Rupert, Canada",earthquake,,,,,reviewed,pgc,pgc,2005-12-28,38288,Canada,-1
2006-02-06 01:03:36+00:00,49.57,-127.65,10.0,4.6,mwr,106.0,164.2,,,us,usp000e9kg,2014-11-07T01:28:16.758Z,"105 km WSW of Vernon, Canada",earthquake,,,,,reviewed,pgc,pgc,2006-02-06,38380,Canada,1
2006-02-08 12:44:04.420000+00:00,65.238,-133.405,5.0,4.1,mwr,49.0,58.3,,,us,usp000e9rz,2019-02-13T04:07:44.299Z,"254 km SSE of Fort McPherson, Canada",earthquake,,,,,reviewed,pgc,pgc,2006-02-08,38468,Canada,2
2006-02-13 12:43:49.470000+00:00,51.214,-130.916,10.0,4.3,mwr,33.0,194.3,,,us,usp000ea0b,2014-11-07T01:28:18.266Z,"278 km WNW of Port McNeill, Canada",earthquake,,,,,reviewed,pgc,pgc,2006-02-13,38438,Canada,1
2006-02-16 12:28:32+00:00,66.93,-135.83,1.0,4.1,mwr,24.0,59.3,,,us,usp000ea5j,2019-02-13T04:09:39.908Z,"69 km SW of Fort McPherson, Canada",earthquake,,,,,reviewed,pgc,pgc,2006-02-16,38488,Canada,2
2006-03-05 10:42:15.530000+00:00,64.911,-129.18,5.7,5.6,mwb,293.0,53.0,,1.04,us,usp000ebfg,2022-05-02T15:25:30.261Z,"117 km WSW of Norman Wells, Canada",earthquake,,,,,reviewed,us,us,2006-03-05,38372,Canada,-1
2006-03-15 22:55:44+00:00,48.797,-128.656,6.0,4.5,mwr,19.0,179.9,,,us,usp000ec8a,2014-11-07T01:28:32.004Z,"205 km WSW of Tofino, Canada",earthquake,,,,,reviewed,pgc,pgc,2006-03-15,38397,Canada,1
2006-03-22 22:16:12.490000+00:00,60.04,-77.315,18.0,4.0,mblg,58.0,53.6,,,us,usp000ecr0,2014-11-07T01:28:34.440Z,"257 km SSW of Salluit, Canada",earthquake,,,,,reviewed,ott,ott,2006-03-22,38504,Canada,-1
2006-04-02 09:46:39+00:00,50.52,-130.3,10.0,4.3,mwr,38.0,194.6,,,us,usp000edh3,2014-11-07T01:28:42.239Z,"227 km W of Port McNeill, Canada",earthquake,,,,,reviewed,pgc,pgc,2006-04-02,38425,Canada,1
2006-04-15 20:43:57.090000+00:00,64.937,-133.578,1.0,4.1,mwr,27.0,55.6,,,us,usp000eemd,2014-11-07T01:28:50.630Z,"285 km SSE of Fort McPherson, Canada",earthquake,,,,,reviewed,pgc,pgc,2006-04-15,38446,Canada,2
2006-04-23 15:40:54.290000+00:00,61.855,-124.133,1.0,4.3,mwr,49.0,33.8,,,us,usp000efbw,2014-11-07T01:28:54.174Z,"Northwest Territories, Canada",earthquake,,,,,reviewed,pgc,pgc,2006-04-23,38414,Canada,3
2006-05-15 00:24:42.210000+00:00,71.453,-70.743,18.0,4.43,mw,30.0,99.8,,,us,usp000eh56,2014-11-07T01:29:07.118Z,"134 km NW of Clyde River, Canada",earthquake,,,,6.0,reviewed,ott,us,2006-05-15,38407,Canada,-1
2006-06-04 08:56:32.730000+00:00,50.953,-130.134,10.0,5.0,mwc,147.0,151.6,,0.96,us,usp000ejp9,2016-11-10T01:23:24.851Z,"218 km W of Port McNeill, Canada",earthquake,,,,,reviewed,us,hrv,2006-06-04,38377,Canada,1
2006-06-20 10:02:07.780000+00:00,51.582,-130.473,10.0,5.6,mwb,326.0,145.1,,0.94,us,usp000ekvc,2022-07-14T11:00:11.297Z,"261 km WNW of Port McNeill, Canada",earthquake,,,,,reviewed,us,us,2006-06-20,38370,Canada,1
2006-08-26 03:39:30+00:00,48.865,-129.29,9.0,4.0,mwr,10.0,292.8,,,us,usp000ersa,2014-11-07T01:30:01.785Z,"248 km WSW of Vernon, Canada",earthquake,,,,,reviewed,pgc,pgc,2006-08-26,38667,Canada,1
2006-09-06 10:59:21.920000+00:00,64.948,-133.52,1.0,4.2,mwr,17.0,97.3,,,us,usp000esjy,2014-11-07T01:30:10.365Z,"284 km SSE of Fort McPherson, Canada",earthquake,,,,,reviewed,pgc,pgc,2006-09-06,38604,Canada,2
2006-09-10 11:14:45.590000+00:00,50.229,-129.607,10.0,5.0,mwc,139.0,146.3,,1.37,us,usp000esup,2025-12-22T15:00:35.911Z,"Vancouver Island, Canada region",earthquake,,,,,reviewed,us,gcmt,2006-09-10,38571,Canada,1
2006-09-18 06:13:20.960000+00:00,66.621,-135.568,20.0,4.38,mw,28.0,88.4,,,us,usp000etak,2019-02-13T05:24:47.492Z,"95 km SSW of Fort McPherson, Canada",earthquake,,,,,reviewed,pgc,aeic,2006-09-18,38604,Canada,2
2006-09-28 01:53:33.420000+00:00,50.446,-130.232,10.0,4.7,mw,42.0,217.1,,,us,usp000etyz,2014-11-07T01:30:18.175Z,"223 km W of Port McNeill, Canada",earthquake,,,,,reviewed,pgc,pgc,2006-09-28,38582,Canada,1
2006-09-28 02:15:51.370000+00:00,50.684,-129.541,10.0,4.6,mw,51.0,164.5,,1.08,us,usp000etz1,2014-11-07T01:30:18.354Z,"Vancouver Island, Canada region",earthquake,,,,,reviewed,us,pgc,2006-09-28,38594,Canada,1
2006-10-02 12:54:32.390000+00:00,49.259,-128.901,10.0,4.2,mwr,20.0,226.1,,0.7,us,usp000eubd,2014-11-07T01:30:29.124Z,"197 km SW of Port McNeill, Canada",earthquake,,,,,reviewed,us,pgc,2006-10-02,38608,Canada,1
2006-11-18 10:57:28.110000+00:00,71.72,-72.289,18.0,4.68,mw,41.0,67.1,,,us,usp000ey4p,2014-11-07T01:30:53.484Z,"193 km NW of Clyde River, Canada",earthquake,,,,4.0,reviewed,ott,us,2006-11-18,38586,Canada,-1
2006-11-29 07:22:55.110000+00:00,46.482,-81.168,1.0,4.1,mblg,53.0,28.0,,,us,usp000ez4b,2022-07-12T23:41:40.139Z,"5 km NNW of Lively, Canada",earthquake,,,,,reviewed,ott,ott,2006-11-29,38666,Canada,-1
2006-11-30 10:28:36.780000+00:00,65.81,-90.496,18.0,4.0,mblg,28.0,54.5,,,us,usp000ez7v,2014-11-07T01:30:59.468Z,"Nunavut, Canada",earthquake,,,,,reviewed,ott,ott,2006-11-30,38674,Canada,-1
2006-12-07 04:44:59.290000+00:00,49.516,-81.537,16.0,4.2,mblg,80.0,27.3,,,us,usp000ezq5,2016-05-27T19:21:09.080Z,"65 km E of Kapuskasing, Canada",earthquake,,,,,reviewed,ott,ott,2006-12-07,38655,Canada,-1
2007-01-22 08:21:56.880000+00:00,51.018,-130.532,10.0,4.6,mw,21.0,196.8,,,us,usp000f39m,2014-11-07T01:31:26.300Z,"247 km W of Port McNeill, Canada",earthquake,,,,1.0,reviewed,pgc,us,2007-01-22,38780,Canada,1
2007-03-21 05:19:21.650000+00:00,49.147,-128.276,10.0,4.7,mwr,81.0,170.1,,0.98,us,usp000f73g,2014-11-07T01:31:54.331Z,"169 km SW of Vernon, Canada",earthquake,,,,,reviewed,us,pgc,2007-03-21,38778,Canada,1
2007-03-23 03:49:05.310000+00:00,48.972,-128.842,10.0,4.6,mwr,88.0,173.7,,,us,usp000f774,2014-11-07T01:31:54.821Z,"214 km SW of Vernon, Canada",earthquake,,,,,reviewed,pgc,pgc,2007-03-23,38795,Canada,1
2007-04-07 23:33:23.110000+00:00,62.671,-125.417,1.0,4.43,mw,30.0,51.9,,,us,usp000f90s,2014-11-07T01:32:08.501Z,"299 km SSE of Norman Wells, Canada",earthquake,,,,11.0,reviewed,pgc,us,2007-04-07,38812,Canada,-1
2007-04-24 02:06:57.210000+00:00,50.259,-130.104,10.0,4.3,mwr,75.0,173.5,,1.49,us,usp000faex,2014-11-07T01:32:15.714Z,"Vancouver Island, Canada region",earthquake,,,,,reviewed,us,pgc,2007-04-24,38823,Canada,1
2007-05-05 06:15:43.710000+00:00,50.767,-130.049,10.0,5.0,mwc,125.0,140.7,,1.02,us,usp000fb9a,2025-12-22T15:22:28.887Z,"210 km W of Port McNeill, Canada",earthquake,,,,,reviewed,us,gcmt,2007-05-05,38720,Canada,1
2007-05-25 18:24:07.710000+00:00,48.946,-129.445,10.0,4.1,mw,82.0,169.0,,,us,usp000fcqy,2014-11-07T01:32:31.761Z,"249 km SW of Port McNeill, Canada",earthquake,,,,,reviewed,pgc,pgc,2007-05-25,38872,Canada,1
2007-06-23 22:19:59.680000+00:00,64.684,-134.856,1.0,4.3,mwr,15.0,86.3,,,us,usp000fepa,2019-02-13T06:46:26.924Z,"231 km ENE of Dawson City, Canada",earthquake,,,,,reviewed,pgc,pgc,2007-06-23,38843,Canada,-1
2007-07-08 13:45:50.370000+00:00,68.378,-124.475,1.0,4.1,mwr,8.0,129.6,,,us,usp000ffs9,2014-11-07T01:32:55.625Z,"Northwest Territories, Canada",earthquake,,,,,reviewed,pgc,pgc,2007-07-08,39005,Canada,-1
2007-07-12 20:35:21.970000+00:00,65.25,-130.705,1.0,4.85,mw,23.0,67.0,,,us,usp000fg1y,2014-11-07T01:32:57.051Z,"180 km W of Norman Wells, Canada",earthquake,,,,1.0,reviewed,pgc,us,2007-07-12,38891,Canada,-1
2007-07-16 22:36:58.350000+00:00,65.171,-86.821,18.0,4.43,mw,47.0,37.5,,,us,usp000fgcy,2014-11-07T01:32:58.643Z,"Southampton Island, Nunavut, Canada",earthquake,,,,5.0,reviewed,ott,us,2007-07-16,38972,Canada,-1
2007-08-25 22:45:20.050000+00:00,50.558,-130.442,10.0,4.3,mwr,47.0,134.7,,,us,usp000fkpu,2014-11-07T01:33:22.876Z,"237 km W of Port McNeill, Canada",earthquake,,,,,reviewed,pgc,pgc,2007-08-25,38973,Canada,1
2007-10-01 16:42:08+00:00,47.08,-76.88,18.0,4.1,mblg,42.0,123.5,,,us,usp000fpnh,2016-05-27T19:23:29.560Z,"94 km NW of Saint-Boniface, Canada",earthquake,,,,,reviewed,ott,ott,2007-10-01,39044,Canada,-1
2007-10-02 11:17:05.980000+00:00,50.044,-130.233,10.0,4.2,mw,60.0,158.1,,,us,usp000fppy,2014-11-07T01:33:47.861Z,"232 km WSW of Port McNeill, Canada",earthquake,,,,,reviewed,pgc,pgc,2007-10-02,38978,Canada,1
2007-10-07 05:40:52.090000+00:00,50.212,-129.611,10.0,4.68,mw,55.0,199.9,,1.2,us,usp000fq1j,2014-11-07T01:33:51.710Z,"184 km WSW of Port McNeill, Canada",earthquake,,,,10.0,reviewed,us,us,2007-10-07,38935,Canada,1
2007-11-03 15:35:31.990000+00:00,66.326,-135.481,20.0,4.7,mwr,85.0,61.4,,,us,usp000frx0,2019-02-13T07:39:20.651Z,"126 km SSW of Fort McPherson, Canada",earthquake,,,,,reviewed,pgc,pgc,2007-11-03,38895,Canada,2
2007-12-12 23:39:59.790000+00:00,52.102,-131.554,10.0,5.8,mwc,395.0,134.6,,1.22,us,usp000fuba,2022-07-14T00:05:29.575Z,"259 km SSW of Prince Rupert, Canada",earthquake,,,,,reviewed,us,gcmt,2007-12-12,38887,Canada,1
2008-01-05 11:01:06.110000+00:00,51.254,-130.746,15.0,6.6,mwc,422.0,66.7,,1.29,us,usp000fw0w,2022-07-13T23:12:43.217Z,"267 km WNW of Port McNeill, Canada",earthquake,,,,,reviewed,us,gcmt,2008-01-05,39068,Canada,1
2008-01-05 11:23:51.770000+00:00,51.204,-131.677,10.0,4.1,mw,11.0,233.5,,1.47,us,usp000fw0y,2014-11-07T01:34:37.226Z,"Haida Gwaii Region, Canada",earthquake,,,,,reviewed,us,pgc,2008-01-05,39216,Canada,1
2008-01-17 19:46:41.540000+00:00,68.143,-136.604,10.0,5.0,mwc,305.0,17.8,,,us,usp000fwx1,2025-12-22T15:17:09.819Z,"106 km NW of Fort McPherson, Canada",earthquake,,,,,reviewed,pgc,gcmt,2008-01-17,39088,Canada,-1
2008-01-25 22:20:08.150000+00:00,74.717,-94.241,18.0,4.68,mw,38.0,67.5,,,us,usp000fxfa,2014-11-07T01:34:45.977Z,"Cornwallis Island region, Nunavut, Canada",earthquake,,,,13.0,reviewed,ott,us,2008-01-25,39108,Canada,-1
2008-01-30 10:07:06.710000+00:00,62.336,-137.131,10.0,4.3,mwr,75.0,45.3,,,us,usp000fxs3,2019-02-13T08:10:20.477Z,"177 km N of Haines Junction, Canada",earthquake,,,,,reviewed,pgc,pgc,2008-01-30,39188,Canada,-1
2008-02-07 22:57:19+00:00,64.82,-87.02,18.0,4.77,mw,46.0,59.2,,,us,usp000fydv,2014-11-07T01:34:54.826Z,"Nunavut, Canada",earthquake,,,,13.0,reviewed,ott,us,2008-02-07,39101,Canada,-1
2008-02-14 19:46:20.310000+00:00,74.356,-94.53,18.0,4.6,mblg,13.0,80.3,,,us,usp000fyxd,2014-11-07T01:34:57.159Z,"Cornwallis Island region, Nunavut, Canada",earthquake,,,,,reviewed,ott,ott,2008-02-14,39162,Canada,-1
2008-03-20 01:56:19.110000+00:00,49.441,-129.219,10.0,4.43,mw,48.0,208.1,,1.04,us,usp000g1u5,2014-11-07T01:35:16.822Z,"199 km SW of Port McNeill, Canada",earthquake,,,,9.0,reviewed,us,us,2008-03-20,39181,Canada,1
2008-04-08 02:45:15+00:00,66.24,-135.34,20.0,4.6,mwr,52.0,33.7,,,us,usp000g3b4,2019-02-13T08:39:27.331Z,"135 km S of Fort McPherson, Canada",earthquake,,,,,reviewed,pgc,pgc,2008-04-08,39143,Canada,2
2008-04-14 07:50:47.340000+00:00,49.097,-129.163,10.0,4.5,mwr,116.0,158.3,,,us,usp000g3wa,2014-11-07T01:35:36.983Z,"223 km SW of Port McNeill, Canada",earthquake,,,,,reviewed,pgc,pgc,2008-04-14,39168,Canada,1
2008-04-27 21:17:59.800000+00:00,48.685,-128.888,10.0,5.2,mwc,254.0,149.6,,,us,usp000g4zv,2025-12-22T15:29:02.326Z,"224 km WSW of Tofino, Canada",earthquake,,,,,reviewed,pgc,gcmt,2008-04-27,39068,Canada,1
2008-05-04 07:20:06+00:00,61.46,-138.95,5.0,4.1,mwr,57.0,60.8,,,us,usp000g5fd,2019-02-13T09:14:28.794Z,"110 km NW of Haines Junction, Canada",earthquake,,,,,reviewed,pgc,pgc,2008-05-04,39214,Canada,-1
2008-05-30 12:38:29.960000+00:00,50.458,-130.41,10.0,5.0,mwc,128.0,163.5,,,us,usp000g84d,2025-12-22T15:04:21.909Z,"236 km W of Port McNeill, Canada",earthquake,,,,,reviewed,pgc,gcmt,2008-05-30,39080,Canada,1
2008-06-01 14:24:18.240000+00:00,49.064,-128.351,10.0,4.8,mwr,89.0,155.1,,1.07,us,usp000g8ah,2014-11-07T01:36:12.340Z,"178 km W of Tofino, Canada",earthquake,,,,,reviewed,us,pgc,2008-06-01,39093,Canada,1
2008-07-14 15:55:57.900000+00:00,63.524,-123.782,10.0,4.2,mwr,98.0,30.5,,,us,usp000gc5j,2014-11-07T01:36:37.856Z,"245 km SE of Norman Wells, Canada",earthquake,,,,,reviewed,pgc,pgc,2008-07-14,39348,Canada,-1
2008-07-27 19:39:21.650000+00:00,79.345,-96.331,10.0,4.51,mw,17.0,134.7,,1.29,us,usp000gd9c,2014-11-07T01:36:43.485Z,"Sverdrup Islands, Nunavut, Canada",earthquake,,0.0,,5.0,reviewed,us,us,2008-07-27,39313,Canada,-1
2008-08-08 15:41:31.260000+00:00,51.537,-131.704,10.0,4.51,mw,66.0,154.6,,,us,usp000ge74,2014-11-07T01:36:51.796Z,"Haida Gwaii Region, Canada",earthquake,,,,24.0,reviewed,pgc,us,2008-08-08,39304,Canada,1
2008-08-18 22:00:04.870000+00:00,78.978,-92.28,18.0,4.16,mw,16.0,85.6,,,us,usp000gez2,2014-11-07T01:36:56.523Z,"Axel Heiberg Island, Nunavut, Canada",earthquake,,,,,reviewed,ott,ott,2008-08-18,39401,Canada,-1
2008-08-25 22:24:56.850000+00:00,49.022,-128.493,10.0,5.1,mwc,77.0,153.9,,1.13,us,usp000gfj0,2025-12-22T15:07:49.348Z,"189 km W of Tofino, Canada",earthquake,,,,,reviewed,us,gcmt,2008-08-25,39301,Canada,1
2008-08-27 07:54:22.360000+00:00,49.964,-130.981,10.0,4.43,mw,19.0,252.4,,1.33,us,usp000gfpk,2014-11-07T01:37:00.018Z,"286 km WSW of Port McNeill, Canada",earthquake,,,,10.0,reviewed,us,us,2008-08-27,39318,Canada,-1
2008-08-27 21:22:24.740000+00:00,50.329,-130.76,10.0,4.68,mw,50.0,166.3,,1.32,us,usp000gfrb,2014-11-07T01:37:00.230Z,"262 km W of Port McNeill, Canada",earthquake,,,,21.0,reviewed,us,us,2008-08-27,39303,Canada,1
2008-08-28 12:37:35.070000+00:00,50.165,-129.628,12.0,5.9,mwc,402.0,63.4,,0.95,us,usp000gfug,2022-07-13T03:54:19.636Z,"186 km WSW of Port McNeill, Canada",earthquake,,,,,reviewed,us,us,2008-08-28,39259,Canada,1
2008-09-06 01:10:20.670000+00:00,49.791,-130.113,10.0,5.2,mwc,214.0,73.6,,1.26,us,usp000gggj,2025-12-22T15:07:43.665Z,"233 km WSW of Port McNeill, Canada",earthquake,,,,,reviewed,us,gcmt,2008-09-06,39272,Canada,1
2008-09-11 21:17:26.820000+00:00,47.514,-128.862,10.0,4.85,mw,129.0,145.5,,,us,usp000ggwb,2014-11-07T01:37:11.243Z,"284 km SW of Tofino, Canada",earthquake,,,,35.0,reviewed,pgc,us,2008-09-11,39303,Canada,1
2008-09-11 23:13:35.600000+00:00,47.921,-128.438,10.0,5.1,mwc,118.0,158.8,,1.18,us,usp000ggwj,2025-12-22T15:07:52.999Z,"231 km SW of Tofino, Canada",earthquake,,,,,reviewed,us,gcmt,2008-09-11,39294,Canada,1
2008-09-20 05:16:10.570000+00:00,63.588,-129.029,10.0,5.2,mwc,388.0,14.3,,,us,usp000ghd9,2025-12-22T15:34:14.154Z,"216 km SSW of Norman Wells, Canada",earthquake,,,,,reviewed,pgc,gcmt,2008-09-20,39284,Canada,-1
2008-10-05 05:23:13.640000+00:00,49.149,-127.422,10.0,4.2,mwr,32.0,178.9,,1.16,us,usp000gjc2,2014-11-07T01:37:23.812Z,"110 km W of Tofino, Canada",earthquake,,,,,reviewed,us,pgc,2008-10-05,39342,Canada,1
2008-10-11 03:21:01.770000+00:00,65.447,-134.258,5.0,4.3,mwr,159.0,25.6,,,us,usp000gjxh,2019-02-13T10:25:04.753Z,"223 km S of Fort McPherson, Canada",earthquake,,,,,reviewed,pgc,pgc,2008-10-11,39327,Canada,2
2008-12-01 04:29:15.620000+00:00,52.339,-131.438,10.0,4.31,mw,18.0,191.9,,1.4,us,usp000gpr1,2014-11-07T01:37:51.083Z,"232 km SSW of Prince Rupert, Canada",earthquake,,,,,reviewed,us,pgc,2008-12-01,39318,Canada,1
2008-12-03 02:47:28.160000+00:00,60.829,-138.019,1.0,4.2,mwr,139.0,35.9,,,us,usp000gpuv,2019-02-13T10:55:35.459Z,"28 km WNW of Haines Junction, Canada",earthquake,,,,,reviewed,pgc,pgc,2008-12-03,39399,Canada,-1
2008-12-25 08:11:58.790000+00:00,49.128,-128.621,10.0,5.8,mwc,290.0,81.6,,1.1,us,usp000greb,2022-08-09T02:52:52.464Z,"191 km WSW of Vernon, Canada",earthquake,,,,,reviewed,us,us,2008-12-25,39423,Canada,1
2009-01-17 08:21:07.040000+00:00,52.257,-132.508,20.0,4.43,mw,47.0,177.2,,,us,usp000gsr2,2014-11-07T01:38:13.038Z,"271 km SSW of Prince Rupert, Canada",earthquake,,,,10.0,reviewed,pgc,us,2009-01-17,39489,Canada,1
2009-03-01 10:13:03.700000+00:00,66.629,-135.74,15.0,4.0,mwr,61.0,56.6,,,us,usp000guh4,2019-02-13T11:20:34.462Z,"97 km SSW of Fort McPherson, Canada",earthquake,,,,,reviewed,pgc,pgc,2009-03-01,39577,Canada,2
2009-03-27 02:58:38.980000+00:00,61.012,-138.414,1.0,5.0,mwc,349.0,41.5,,,us,usp000gvf4,2022-05-02T21:17:01.860Z,"56 km WNW of Haines Junction, Canada",earthquake,,,,,reviewed,pgc,gcmt,2009-03-27,39446,Canada,-1
2009-05-28 13:57:32+00:00,66.3,-135.11,20.0,4.43,mw,65.0,55.6,,,us,usp000gxkz,2019-02-13T11:58:02.145Z,"127 km S of Fort McPherson, Canada",earthquake,,,,16.0,reviewed,pgc,us,2009-05-28,39515,Canada,2
2009-07-03 03:06:41.600000+00:00,53.797,-131.4,7.4,4.16,mw,38.0,62.2,,,us,usp000gyw3,2014-11-07T01:39:16.173Z,"91 km SW of Prince Rupert, Canada",earthquake,,,,,reviewed,pgc,pgc,2009-07-03,39766,Canada,-1
2009-07-21 19:08:08.610000+00:00,70.594,-68.125,18.0,4.77,mw,16.0,82.0,,,us,usp000gzh4,2014-11-07T01:39:20.858Z,"21 km NE of Clyde River, Canada",earthquake,,,,5.0,reviewed,ott,us,2009-07-21,39671,Canada,-1
2009-07-31 17:46:50.040000+00:00,61.048,-125.5,1.0,4.3,mwr,100.0,22.1,,,us,usp000gzvb,2014-11-07T01:39:23.504Z,"207 km ENE of Watson Lake, Canada",earthquake,,,,,reviewed,pgc,pgc,2009-07-31,39740,Canada,-1
2009-08-30 07:26:07+00:00,70.39,-95.87,18.0,4.85,mw,105.0,41.4,,,us,usp000h11j,2014-11-07T01:39:35.214Z,"196 km N of Gjoa Haven, Canada",earthquake,,,,39.0,reviewed,ott,us,2009-08-30,39641,Canada,-1
2009-09-25 22:24:29.450000+00:00,66.737,-130.881,1.0,4.2,mwr,123.0,23.3,,,us,usp000h1v6,2014-11-07T01:39:44.871Z,"190 km ESE of Fort McPherson, Canada",earthquake,,,,,reviewed,pgc,pgc,2009-09-25,39750,Canada,-1
2009-10-12 11:10:03.550000+00:00,50.469,-130.201,10.0,4.4,mwr,44.0,188.4,,,us,usp000h2td,2014-11-07T01:39:55.152Z,"221 km W of Port McNeill, Canada",earthquake,,,,,reviewed,pgc,pgc,2009-10-12,39718,Canada,1
2009-10-16 07:34:55.760000+00:00,47.949,-128.701,10.0,4.51,mw,11.0,221.5,,1.43,us,usp000h31y,2014-11-07T01:39:56.397Z,"245 km SW of Tofino, Canada",earthquake,,,,1.0,reviewed,us,us,2009-10-16,39714,Canada,1
2009-11-07 14:07:45.520000+00:00,66.849,-135.676,10.0,4.6,mw,38.0,77.2,,0.88,us,usp000h3u8,2019-02-13T13:00:53.020Z,"74 km SSW of Fort McPherson, Canada",earthquake,,,,1.0,reviewed,us,us,2009-11-07,39697,Canada,2
2009-11-17 15:30:47.440000+00:00,52.123,-131.395,17.0,6.6,mwc,388.0,26.6,,1.16,us,usp000h44s,2022-07-15T21:14:14.447Z,"254 km SSW of Prince Rupert, Canada",earthquake,,,,,reviewed,us,us,2009-11-17,39613,Canada,1
2009-12-03 06:43:24.560000+00:00,72.434,-71.626,18.0,4.94,mw,34.0,46.7,,,us,usp000h4pv,2014-11-07T01:40:13.432Z,"243 km NNW of Clyde River, Canada",earthquake,,,,3.0,reviewed,ott,us,2009-12-03,39631,Canada,-1
2009-12-23 08:08:31.980000+00:00,50.549,-130.365,10.0,4.2,mwr,44.0,188.8,,,us,usp000h59m,2014-11-07T01:40:18.134Z,"232 km W of Port McNeill, Canada",earthquake,,,,,reviewed,pgc,pgc,2009-12-23,39920,Canada,1
2010-01-08 17:01:01.290000+00:00,66.855,-136.101,10.0,4.2,mwr,33.0,109.4,,,us,usp000h5va,2018-07-06T19:46:32.389Z,"83 km SW of Fort McPherson, Canada",earthquake,,,,,reviewed,pgc,pgc,2010-01-08,39932,Canada,2
2010-01-12 21:51:45.060000+00:00,48.67,-128.889,10.0,4.4,mwr,48.0,179.0,,,us,usp000h60g,2014-11-07T01:40:26.674Z,"225 km WSW of Tofino, Canada",earthquake,,,,,reviewed,pgc,pgc,2010-01-12,39899,Canada,1
2010-03-29 11:38:07.700000+00:00,51.259,-130.831,10.0,4.7,mwr,64.0,190.5,,,us,usp000ha3w,2014-11-07T01:41:06.380Z,"273 km WNW of Port McNeill, Canada",earthquake,,,,,reviewed,pgc,pgc,2010-03-29,39882,Canada,1
2010-04-08 07:14:14.210000+00:00,70.831,-132.603,35.0,4.4,mwr,147.0,27.0,,,us,usp000hayg,2014-11-07T01:41:13.839Z,"278 km N of Inuvik, Canada",earthquake,,,,,reviewed,pgc,pgc,2010-04-08,39912,Canada,-1
2010-04-14 16:53:46.580000+00:00,50.835,-101.741,1.0,4.46,mw,108.0,22.8,,,us,usp000hbcv,2014-11-07T01:41:16.257Z,"2 km SW of Langenburg, Canada",earthquake,,,,,reviewed,pgc,pgc,2010-04-14,39898,Canada,-1
2010-04-15 16:35:12.420000+00:00,71.664,-66.819,10.0,4.8,mwc,135.0,31.5,,0.97,us,usp000hbey,2016-11-10T02:27:08.069Z,"147 km NNE of Clyde River, Canada",earthquake,,,,,reviewed,us,gcmt,2010-04-15,39802,Canada,-1
2010-04-28 18:01:35.940000+00:00,71.932,-65.805,10.0,4.85,mw,59.0,68.8,,1.31,us,usp000hc1c,2014-11-07T01:41:20.923Z,"191 km NNE of Clyde River, Canada",earthquake,,,,22.0,reviewed,us,us,2010-04-28,39786,Canada,-1
2010-05-06 15:34:49.520000+00:00,74.499,-93.521,18.0,4.2,mblg,24.0,132.2,,,us,usp000hcdr,2014-11-07T01:41:27.402Z,"Cornwallis Island region, Nunavut, Canada",earthquake,,,,,reviewed,ott,ott,2010-05-06,39939,Canada,-1
2010-05-06 23:12:29.600000+00:00,48.036,-128.188,10.0,4.5,mw,260.0,163.3,,,us,usp000hce2,2014-11-07T01:41:27.444Z,"209 km SW of Tofino, Canada",earthquake,,,,,reviewed,pgc,pgc,2010-05-06,39892,Canada,1
2010-05-18 21:16:53.490000+00:00,48.329,-128.964,10.0,4.77,mw,73.0,150.5,,,us,usp000hcx6,2014-11-07T01:41:30.272Z,"242 km WSW of Tofino, Canada",earthquake,,,,25.0,reviewed,pgc,us,2010-05-18,39806,Canada,1
2010-05-25 21:18:45.430000+00:00,63.492,-127.049,5.0,4.31,mw,61.0,49.2,,,us,usp000hd5v,2014-11-07T01:41:32.890Z,"199 km S of Norman Wells, Canada",earthquake,,,,,reviewed,pgc,pgc,2010-05-25,39920,Canada,-1
2010-06-23 17:41:42.700000+00:00,45.8835,-75.475,18.89,5.17,mw,56.0,82.0,,0.28,ld,ld2010062300,2026-04-25T04:07:48.015Z,"29 km NNE of Val-des-Monts, Canada",earthquake,0.25,0.31,0.2,,reviewed,ld,ld,2010-06-23,39978,Canada,-1
2010-07-02 07:57:59.430000+00:00,52.604,-132.111,28.7,4.16,mw,93.0,180.6,,,us,usp000het9,2014-11-07T01:41:49.335Z,"224 km SSW of Prince Rupert, Canada",earthquake,,,,,reviewed,pgc,pgc,2010-07-02,40129,Canada,1
2010-07-03 13:14:44+00:00,50.42,-130.36,10.0,4.9,mwc,67.0,177.6,,,us,usp000hev5,2016-11-10T02:30:19.196Z,"232 km W of Port McNeill, Canada",earthquake,,,,,reviewed,pgc,gcmt,2010-07-03,39994,Canada,1
2010-07-19 17:15:04.560000+00:00,49.46,-130.047,10.0,5.4,mwc,315.0,67.2,,,us,usp000hfz8,2025-12-22T15:48:34.858Z,"246 km WSW of Port McNeill, Canada",earthquake,,,,,reviewed,pgc,gcmt,2010-07-19,39968,Canada,1
2010-07-26 08:43:25.340000+00:00,50.178,-129.932,10.0,4.6,mwr,171.0,149.5,,1.17,us,usp000hgut,2022-07-18T17:14:55.360Z,"207 km WSW of Port McNeill, Canada",earthquake,,,,,reviewed,us,pgc,2010-07-26,40001,Canada,1
2010-08-07 21:46:17.850000+00:00,65.013,-133.89,5.0,4.6,mwr,279.0,16.9,,,us,usp000hhqt,2018-07-06T21:30:44.174Z,"274 km S of Fort McPherson, Canada",earthquake,,,,,reviewed,pgc,us,2010-08-07,40023,Canada,2
2010-08-17 11:37:57.680000+00:00,50.839,-129.948,13.6,4.6,mwr,113.0,160.5,,1.18,us,usp000hjb7,2014-11-07T01:42:15.519Z,"203 km W of Port McNeill, Canada",earthquake,,17.2,,,reviewed,us,pgc,2010-08-17,40013,Canada,1
2010-09-13 10:07:56.090000+00:00,62.621,-125.222,1.0,4.43,mw,43.0,51.3,,,us,usp000hkns,2014-11-07T01:42:27.404Z,"Northwest Territories, Canada",earthquake,,,,18.0,reviewed,pgc,us,2010-09-13,40050,Canada,-1
2010-09-29 12:27:44.690000+00:00,56.633,-122.213,1.0,4.0,mwr,40.0,53.3,,,us,usp000hmbd,2014-11-07T01:42:31.736Z,"94 km WNW of Fort St. John, Canada",earthquake,,,,,reviewed,pgc,pgc,2010-09-29,40132,Canada,-1
2010-10-04 14:51:54.540000+00:00,49.357,-129.315,10.0,5.3,mwc,119.0,151.0,,1.26,us,usp000hmkr,2025-12-22T15:52:44.916Z,"210 km SW of Port McNeill, Canada",earthquake,,,,,reviewed,us,gcmt,2010-10-04,39977,Canada,1
2010-10-08 19:30:01.840000+00:00,63.238,-130.368,10.0,4.23,mw,27.0,58.6,,,us,usp000hmur,2014-11-07T01:42:40.767Z,"285 km SW of Norman Wells, Canada",earthquake,,,,,reviewed,pgc,pgc,2010-10-08,40071,Canada,-1
2010-11-15 12:19:17.190000+00:00,47.89,-129.146,10.0,4.2,mwr,84.0,133.0,,1.36,us,usp000hppt,2014-11-07T01:42:55.572Z,"277 km WSW of Tofino, Canada",earthquake,,,,,reviewed,us,us,2010-11-15,40113,Canada,1
2010-12-01 08:59:52.590000+00:00,67.008,-135.578,20.0,4.23,mw,44.0,109.3,,,us,usp000hqcq,2018-07-06T22:21:11.969Z,"56 km SSW of Fort McPherson, Canada",earthquake,,,,,reviewed,pgc,pgc,2010-12-01,40075,Canada,2
2010-12-04 15:02:25.320000+00:00,65.542,-95.484,18.0,4.43,mw,34.0,41.4,,,us,usp000hqgh,2014-11-07T01:43:04.023Z,"Nunavut, Canada",earthquake,,,,4.0,reviewed,ott,us,2010-12-04,40066,Canada,-1
2010-12-09 01:15:49.740000+00:00,51.393,-130.846,10.0,4.0,mwr,10.0,218.8,,,us,usp000hqq2,2014-11-07T01:43:05.774Z,"278 km WNW of Port McNeill, Canada",earthquake,,,,,reviewed,pgc,pgc,2010-12-09,40137,Canada,1
2010-12-12 00:27:37.990000+00:00,65.225,-134.925,1.0,4.0,mwr,64.0,,,,us,usp000hqty,2018-07-06T22:24:45.325Z,"246 km S of Fort McPherson, Canada",earthquake,,,,,reviewed,pgc,us,2010-12-12,40271,Canada,2
2010-12-26 04:34:33+00:00,76.27,-108.88,18.0,4.43,mw,24.0,93.4,,,us,usp000hs0f,2014-11-07T01:43:14.973Z,"Melville Island region, Nunavut, Canada",earthquake,,,,6.0,reviewed,ott,us,2010-12-26,40218,Canada,-1
2010-12-30 01:49:20.090000+00:00,65.218,-133.442,5.0,4.0,mwr,135.0,20.9,,,us,usp000hs9f,2018-07-06T22:31:20.679Z,"255 km SSE of Fort McPherson, Canada",earthquake,,,,,reviewed,pgc,pgc,2010-12-30,40295,Canada,2
2011-01-29 07:58:28.690000+00:00,50.624,-130.424,10.0,4.7,mwr,11.0,188.8,,,us,usp000htt5,2014-11-07T01:43:31.376Z,"236 km W of Port McNeill, Canada",earthquake,,,,,reviewed,pgc,pgc,2011-01-29,40140,Canada,1
2011-02-28 01:55:46.020000+00:00,51.917,-131.377,20.0,4.1,mwr,22.0,191.8,,,us,usp000hv5f,2014-11-07T01:43:44.681Z,"276 km SSW of Prince Rupert, Canada",earthquake,,,,,reviewed,pgc,pgc,2011-02-28,40221,Canada,1
2011-03-03 03:54:59.910000+00:00,50.243,-130.23,10.0,4.5,mwr,88.0,165.4,,,us,usp000hv9a,2014-11-07T01:43:50.828Z,"226 km W of Port McNeill, Canada",earthquake,,,,,reviewed,pgc,pgc,2011-03-03,40188,Canada,1
2011-03-20 04:20:35.280000+00:00,49.665,-128.621,10.0,4.6,mwr,206.0,151.5,,,us,usp000hy0e,2014-11-07T01:44:15.172Z,"150 km SW of Port McNeill, Canada",earthquake,,,,,reviewed,pgc,pgc,2011-03-20,40154,Canada,1
2011-04-22 00:06:02.110000+00:00,63.964,-130.995,5.9,4.1,mwr,107.0,28.5,,1.06,us,usp000j0ct,2014-11-07T01:44:36.262Z,"247 km SW of Norman Wells, Canada",earthquake,,14.5,,,reviewed,us,pgc,2011-04-22,40238,Canada,-1
2011-05-16 05:59:52.860000+00:00,52.042,-132.051,20.0,4.6,mwr,39.0,175.9,,,us,usp000j1p8,2014-11-07T01:44:51.671Z,"278 km SSW of Prince Rupert, Canada",earthquake,,,,,reviewed,pgc,pgc,2011-05-16,40158,Canada,1
2011-06-03 22:59:54+00:00,52.54,-132.23,20.0,4.0,mwr,18.0,209.9,,,us,usp000j2nr,2014-11-07T01:45:01.644Z,"234 km SSW of Prince Rupert, Canada",earthquake,,,,,reviewed,pgc,pgc,2011-06-03,40313,Canada,1
2011-06-17 02:22:23.570000+00:00,51.959,-131.338,10.0,4.9,mwr,309.0,141.9,,1.1,us,usp000j3a0,2022-04-08T21:51:26.667Z,"270 km SSW of Prince Rupert, Canada",earthquake,,,,,reviewed,us,pgc,2011-06-17,40370,Canada,1
2011-06-27 08:25:43.610000+00:00,49.103,-129.759,10.0,4.68,mw,26.0,218.4,,,us,usp000j3u5,2014-11-07T01:45:10.969Z,"253 km SW of Port McNeill, Canada",earthquake,,,,6.0,reviewed,pgc,us,2011-06-27,40374,Canada,1
2011-07-02 21:53:03+00:00,66.31,-134.83,20.0,4.31,mw,19.0,85.9,,,us,usp000j42q,2018-07-06T23:36:26.758Z,"125 km S of Fort McPherson, Canada",earthquake,,,,,reviewed,pgc,pgc,2011-07-02,40411,Canada,2
2011-07-25 13:11:47+00:00,61.57,-64.92,18.0,4.2,mblg,11.0,165.8,,,us,usp000j5fz,2014-11-07T01:45:26.115Z,"Hudson Strait region, Canada",earthquake,,,,,reviewed,ott,ott,2011-07-25,40428,Canada,-1
2011-07-30 16:08:00.600000+00:00,62.065,-124.152,1.0,4.1,mwr,67.0,140.5,,,us,usp000j5re,2014-11-07T01:45:28.156Z,"Northwest Territories, Canada",earthquake,,,,,reviewed,pgc,us,2011-07-30,40486,Canada,3
2011-08-03 22:31:59.210000+00:00,63.874,-138.399,10.0,4.16,mw,39.0,129.6,,,us,usp000j5xm,2018-07-06T23:47:51.309Z,"54 km ESE of Dawson City, Canada",earthquake,,,,,reviewed,pgc,pgc,2011-08-03,40434,Canada,-1
2011-08-15 11:04:08.430000+00:00,70.577,-133.731,10.0,4.5,mwr,182.0,32.6,,1.16,us,usp000j6gq,2014-11-07T01:45:36.825Z,"247 km N of Inuvik, Canada",earthquake,,,,,reviewed,us,pgc,2011-08-15,40386,Canada,-1
2011-08-18 15:37:40.400000+00:00,51.747,-130.717,10.0,5.1,mwc,255.0,139.0,,1.23,us,usp000j6n1,2022-04-08T21:59:29.890Z,"284 km WNW of Port McNeill, Canada",earthquake,,,,,reviewed,us,gcmt,2011-08-18,40342,Canada,1
2011-09-06 01:50:17.360000+00:00,51.39,-131.057,10.0,4.5,mwr,20.0,214.9,,,us,usp000j7p7,2014-11-07T01:45:50.712Z,"292 km WNW of Port McNeill, Canada",earthquake,,,,,reviewed,pgc,pgc,2011-09-06,40389,Canada,1
2011-09-09 19:41:34.150000+00:00,49.535,-126.893,22.0,6.4,mww,650.0,28.1,,1.02,us,usp000j7ur,2022-08-09T02:54:49.608Z,"66 km SW of Vernon, Canada",earthquake,,,,,reviewed,us,us,2011-09-09,40327,Canada,1
2011-09-26 01:02:56.250000+00:00,63.434,-126.278,1.0,5.3,mwr,407.0,15.4,,,us,usp000j8jr,2022-04-08T22:06:21.152Z,"207 km S of Norman Wells, Canada",earthquake,,,,,reviewed,pgc,pgc,2011-09-26,40337,Canada,-1
2011-10-02 08:22:53+00:00,51.21,-64.18,26.0,4.43,mw,12.0,111.0,,,us,usp000j8ud,2014-11-07T01:46:01.997Z,"114 km NNW of Havre-Saint-Pierre, Canada",earthquake,,,,1.0,reviewed,ott,us,2011-10-02,40408,Canada,-1
2011-11-23 23:02:41+00:00,50.45,-130.13,10.0,5.0,mwc,143.0,174.3,,,us,usp000jban,2025-12-22T16:09:23.472Z,"216 km W of Port McNeill, Canada",earthquake,,,,,reviewed,pgc,gcmt,2011-11-23,40365,Canada,1
2012-01-13 19:46:04.820000+00:00,51.076,-130.72,10.0,5.2,mwr,271.0,148.3,,,us,usp000jdez,2025-12-22T16:11:27.233Z,"261 km W of Port McNeill, Canada",earthquake,,,,,reviewed,pgc,pgc,2012-01-13,40556,Canada,1
2012-02-01 08:26:31.640000+00:00,50.804,-101.809,1.0,4.51,mw,65.0,42.9,,,us,usp000je8j,2015-03-24T02:25:15.961Z,"8 km SW of Langenburg, Canada",earthquake,,,,3.0,reviewed,ott,us,2012-02-01,40603,Canada,-1
2012-02-04 20:05:31.710000+00:00,48.887,-127.906,14.6,5.6,mww,486.0,70.7,,0.96,us,usp000jege,2022-08-09T03:02:09.409Z,"149 km WSW of Tofino, Canada",earthquake,,3.4,,,reviewed,us,us,2012-02-04,40537,Canada,1
2012-02-14 22:54:35.210000+00:00,48.989,-129.348,10.0,4.1,mw,167.0,182.9,,,us,usp000jeyf,2015-03-24T01:26:05.893Z,"241 km SW of Port McNeill, Canada",earthquake,,,,,reviewed,pgc,pgc,2012-02-14,40663,Canada,1
2012-02-24 22:47:22.370000+00:00,47.616,-70.226,1.4,4.0,mblg,63.0,40.4,,,us,usp000jfbf,2015-03-24T02:13:54.845Z,"6 km SW of La Malbaie, Canada",earthquake,,,,,reviewed,ott,ott,2012-02-24,40670,Canada,-1
2012-03-02 23:29:21.270000+00:00,64.263,-128.674,20.0,4.7,mwr,316.0,18.3,,,us,usp000jfq9,2014-11-07T01:47:09.785Z,"143 km SW of Norman Wells, Canada",earthquake,,,,,reviewed,pgc,pgc,2012-03-02,40579,Canada,-1
2012-03-10 05:00:14.940000+00:00,65.086,-88.353,5.0,4.6,mw,31.0,49.2,,,us,usp000jg0x,2014-11-07T01:47:13.233Z,"Nunavut, Canada",earthquake,,,,5.0,reviewed,ott,us,2012-03-10,40594,Canada,-1
2012-03-19 07:02:18.310000+00:00,77.514,-115.33,18.0,4.16,mw,13.0,166.3,,,us,usp000jgfg,2014-11-07T01:47:16.579Z,"Prince Patrick Island, Northwest Territories, Canada",earthquake,,,,,reviewed,ott,ott,2012-03-19,40647,Canada,-1
2012-04-12 02:29:39.270000+00:00,41.927,-65.762,18.0,4.85,mw,218.0,76.6,,,us,usp000jhq9,2015-03-24T01:28:14.676Z,"207 km S of Shelburne, Canada",earthquake,,,,97.0,reviewed,ott,us,2012-04-12,40569,Canada,-1
2012-04-23 20:14:18.700000+00:00,71.906,-75.507,18.0,4.1,mblg,13.0,64.8,,,us,usp000jjfw,2014-11-07T01:47:36.413Z,"295 km WNW of Clyde River, Canada",earthquake,,,,,reviewed,ott,ott,2012-04-23,40649,Canada,-1
2012-04-29 04:35:08.670000+00:00,50.682,-129.603,35.0,4.43,mw,42.0,150.9,,1.32,us,usp000jjrq,2014-11-07T01:47:38.076Z,"Vancouver Island, Canada region",earthquake,,,,11.0,reviewed,us,us,2012-04-29,40627,Canada,1
2012-05-02 00:03:40.960000+00:00,51.912,-81.01,18.0,4.2,mblg,82.0,41.5,,,us,usp000jjw7,2015-03-24T02:36:46.274Z,"75 km NNW of Moosonee, Canada",earthquake,,,,,reviewed,ott,ott,2012-05-02,40644,Canada,-1
2012-05-04 10:55:37.020000+00:00,50.648,-130.241,10.0,5.0,mw,283.0,78.0,,,us,usp000jjzx,2015-03-24T01:28:59.064Z,"223 km W of Port McNeill, Canada",earthquake,,,,,reviewed,pgc,pgc,2012-05-04,40559,Canada,1
2012-05-18 01:00:21.340000+00:00,75.369,-120.88,18.0,4.68,mw,70.0,57.2,,,us,usp000jkj0,2014-11-07T01:47:48.362Z,"Prince Patrick Island, Northwest Territories, Canada",earthquake,,,,16.0,reviewed,ott,us,2012-05-18,40586,Canada,-1
2012-05-25 07:26:18.880000+00:00,50.041,-130.256,10.0,4.4,mwr,180.0,163.8,,,us,usp000jkwu,2014-11-07T01:47:52.745Z,"233 km WSW of Port McNeill, Canada",earthquake,,,,,reviewed,pgc,pgc,2012-05-25,40638,Canada,1
2012-06-01 01:49:48.160000+00:00,49.182,-128.788,10.5,4.0,mw,144.0,173.8,,1.18,us,usp000jm6f,2014-11-07T01:47:57.755Z,"198 km SW of Port McNeill, Canada",earthquake,,16.7,,,reviewed,us,pgc,2012-06-01,40677,Canada,1
2012-06-07 23:19:23.320000+00:00,57.837,-124.87,10.0,4.3,mwr,66.0,54.1,,,us,usp000jmga,2014-11-07T01:48:01.896Z,"166 km SW of Fort Nelson, Canada",earthquake,,,,,reviewed,pgc,pgc,2012-06-07,40837,Canada,-1
2012-07-04 13:35:46.780000+00:00,50.632,-129.663,10.0,4.6,mwr,250.0,150.7,,1.1,us,usp000jnky,2014-11-07T01:48:16.129Z,"182 km W of Port McNeill, Canada",earthquake,,,,,reviewed,us,pgc,2012-07-04,40826,Canada,1
2012-08-10 06:57:22.560000+00:00,68.271,-136.294,20.0,4.0,mwr,154.0,68.0,,,us,usp000jq4a,2018-07-07T02:00:00.010Z,"106 km W of Inuvik, Canada",earthquake,,,,,reviewed,pgc,pgc,2012-08-10,40856,Canada,-1
2012-08-19 08:07:35.780000+00:00,47.789,-128.619,10.0,5.6,mww,546.0,116.6,,0.88,us,usp000jqge,2022-08-09T03:01:16.909Z,"251 km SW of Tofino, Canada",earthquake,,,,,reviewed,us,us,2012-08-19,40747,Canada,1
2012-09-01 10:57:35+00:00,66.836,-135.612,20.0,4.0,mwr,62.0,35.0,,,us,usp000jrdv,2018-07-07T02:08:11.414Z,"74 km SSW of Fort McPherson, Canada",earthquake,,,,,reviewed,pgc,pgc,2012-09-01,40855,Canada,2
2012-10-24 13:36:42+00:00,65.242,-134.173,1.0,4.85,mw,80.0,60.9,,,us,usp000jud7,2014-11-07T01:49:08.405Z,"247 km S of Fort McPherson, Canada",earthquake,,,,5.0,reviewed,pgc,us,2012-10-24,40769,Canada,2
2012-10-28 03:04:08.820000+00:00,52.788,-132.101,14.0,7.8,mww,807.0,42.7,,0.99,us,usp000juhz,2023-05-11T21:49:27.670Z,"206 km SW of Prince Rupert, Canada",earthquake,,,,,reviewed,us,us,2012-10-28,40683,Canada,1
2012-10-28 07:02:18.730000+00:00,51.976,-131.821,10.0,4.77,mw,161.0,161.0,,1.23,us,usp000jukg,2014-11-07T01:49:09.784Z,"278 km SSW of Prince Rupert, Canada",earthquake,,,,118.0,reviewed,us,us,2012-10-28,40822,Canada,1
2012-10-28 07:39:05.970000+00:00,51.975,-131.251,10.0,4.43,mw,36.0,169.6,,1.08,us,usp000jukp,2014-11-07T01:49:09.900Z,"267 km SSW of Prince Rupert, Canada",earthquake,,,,18.0,reviewed,us,us,2012-10-28,40826,Canada,1
2012-10-28 08:01:26.820000+00:00,52.04,-132.631,10.0,4.43,mw,107.0,143.5,,1.18,us,usp000juks,2014-11-07T01:49:09.912Z,"296 km SSW of Prince Rupert, Canada",earthquake,,,,41.0,reviewed,us,us,2012-10-28,40826,Canada,1
2012-10-28 13:45:48.890000+00:00,51.136,-130.292,10.0,4.51,mw,110.0,163.5,,1.28,us,usp000jun3,2015-03-24T02:23:51.015Z,"233 km WNW of Port McNeill, Canada",earthquake,,,,65.0,reviewed,us,us,2012-10-28,40826,Canada,1
2012-11-04 12:05:12+00:00,51.698,-132.73,1.0,4.31,mw,8.0,333.4,,,us,usp000jv0x,2014-11-07T01:49:18.111Z,"Haida Gwaii Region, Canada",earthquake,,,,,reviewed,pgc,pgc,2012-11-04,40833,Canada,-1
2012-11-08 02:01:50.630000+00:00,49.231,-128.477,13.7,6.1,mww,613.0,101.0,,1.17,us,usp000jv6k,2022-08-09T02:51:51.768Z,"176 km WSW of Vernon, Canada",earthquake,,3.3,,,reviewed,us,us,2012-11-08,40710,Canada,1
2012-11-14 03:04:45.010000+00:00,51.829,-130.654,10.0,5.03,mw,253.0,146.0,,1.07,us,usp000jvjr,2014-11-07T01:49:22.586Z,"277 km S of Prince Rupert, Canada",earthquake,,,,172.0,reviewed,us,us,2012-11-14,40756,Canada,1
2012-11-26 00:03:49.810000+00:00,75.6,-97.791,10.0,4.43,mw,29.0,43.9,,1.39,us,usp000jw2k,2014-11-07T01:49:26.399Z,"Bathurst Island region, Nunavut, Canada",earthquake,,,,14.0,reviewed,us,us,2012-11-26,40826,Canada,-1
2012-11-27 07:55:56+00:00,48.815,-67.352,17.0,4.2,mblg,95.0,36.8,,,us,usp000jw4q,2015-03-24T02:23:42.722Z,"Gaspe Peninsula, Quebec, Canada",earthquake,,,,,reviewed,ott,ott,2012-11-27,40843,Canada,-1
2012-12-05 14:35:00+00:00,64.886,-133.99,5.0,4.4,mwr,205.0,22.6,,,us,usp000jwg6,2014-11-07T01:49:32.891Z,"277 km ENE of Dawson City, Canada",earthquake,,,,,reviewed,pgc,pgc,2012-12-05,40924,Canada,2
2012-12-11 05:12:20.740000+00:00,68.093,-136.372,10.0,4.9,mwr,525.0,21.5,,,us,usp000jwtz,2018-07-07T02:48:48.850Z,"96 km NW of Fort McPherson, Canada",earthquake,,,,,reviewed,pgc,pgc,2012-12-11,40870,Canada,-1
2012-12-12 17:46:06+00:00,47.785,-70.049,5.3,4.4,mblg,95.0,40.5,,,us,usp000jww2,2015-03-24T02:02:43.732Z,"14 km WSW of Saint-Siméon, Canada",earthquake,,,,,reviewed,ott,ott,2012-12-12,40928,Canada,-1
2012-12-23 19:08:38.630000+00:00,50.743,-129.79,10.0,4.5,mwr,78.0,158.8,,1.43,us,usp000jxaz,2015-03-24T02:24:07.725Z,"191 km W of Port McNeill, Canada",earthquake,,,,,reviewed,us,pgc,2012-12-23,40916,Canada,1
2012-12-25 17:39:26.830000+00:00,50.212,-129.806,10.0,4.51,mw,135.0,167.6,,1.22,us,usp000jxd7,2014-11-07T01:49:39.663Z,"197 km WSW of Port McNeill, Canada",earthquake,,,,62.0,reviewed,us,us,2012-12-25,40884,Canada,1
2013-01-07 03:33:23.920000+00:00,49.113,-128.74,10.0,4.5,mwr,173.0,164.2,,1.25,us,usp000jy0e,2015-03-24T01:37:15.118Z,"199 km WSW of Vernon, Canada",earthquake,,,,,reviewed,us,pgc,2013-01-07,40899,Canada,1
2013-01-09 14:07:38.430000+00:00,49.719,-130.03,10.0,4.3,mwr,80.0,145.6,,1.31,us,usp000jy4m,2014-11-07T01:49:48.215Z,"231 km WSW of Port McNeill, Canada",earthquake,,0.0,,,reviewed,us,pgc,2013-01-09,40969,Canada,1
2013-01-18 01:42:07+00:00,50.861,-130.709,10.0,4.3,mwr,57.0,177.7,,,us,usp000jyhk,2014-11-07T01:49:51.177Z,"257 km W of Port McNeill, Canada",earthquake,,,,,reviewed,pgc,pgc,2013-01-18,40946,Canada,1
2013-01-26 16:25:05.530000+00:00,64.372,-130.811,10.0,4.0,mwr,49.0,62.0,,,us,usp000jyug,2014-11-07T01:49:53.429Z,"214 km WSW of Norman Wells, Canada",earthquake,,,,,reviewed,pgc,pgc,2013-01-26,41027,Canada,-1
2013-01-30 15:05:15+00:00,62.36,-124.58,1.0,4.3,mwr,92.0,55.7,,,us,us2013laan,2014-11-07T01:49:54.710Z,"Northwest Territories, Canada",earthquake,,,,,reviewed,pgc,pgc,2013-01-30,40940,Canada,3
2013-02-03 05:01:06+00:00,64.93,-123.15,10.0,4.43,mw,76.0,35.4,,,us,usc000f0cw,2014-11-07T01:50:00.132Z,"177 km ESE of Norman Wells, Canada",earthquake,,,,29.0,reviewed,pgc,us,2013-02-03,40920,Canada,-1
2013-02-07 18:15:42.700000+00:00,50.861,-129.282,10.0,4.0,mw,7.0,204.7,,1.2,us,usp000jz55,2014-11-07T01:50:03.804Z,"157 km W of Port McNeill, Canada",earthquake,,,,,reviewed,us,pgc,2013-02-07,41025,Canada,1
2013-02-19 04:59:44+00:00,48.425,-83.298,8.0,4.51,mw,34.0,61.7,,,us,us2013lvad,2014-11-07T01:50:09.684Z,"119 km ENE of Wawa, Canada",earthquake,,,,1.0,reviewed,ott,us,2013-02-19,40897,Canada,-1
2013-02-25 13:41:26.360000+00:00,52.688,-132.25,22.4,4.9,mwr,248.0,102.3,,,us,us2013mba2,2014-11-07T01:50:11.776Z,"221 km SW of Prince Rupert, Canada",earthquake,,,,,reviewed,pgc,pgc,2013-02-25,40871,Canada,1
2013-03-15 02:27:57.950000+00:00,52.309,-132.276,24.0,4.5,mwr,289.0,152.0,,,us,usb000fl7c,2014-11-07T01:50:20.468Z,"258 km SSW of Prince Rupert, Canada",earthquake,,,,,reviewed,pgc,pgc,2013-03-15,40908,Canada,1
2013-03-20 17:21:55.730000+00:00,51.421,-130.443,10.0,4.3,mwr,68.0,178.1,,1.03,us,usb000fpmu,2014-11-07T01:50:22.027Z,"253 km WNW of Port McNeill, Canada",earthquake,,,,,reviewed,us,pgc,2013-03-20,40964,Canada,1
2013-03-29 06:17:45.910000+00:00,49.824,-49.779,10.0,4.6,mw,112.0,80.6,,1.09,us,us2013nicx,2014-11-07T01:50:24.678Z,"275 km ENE of Bonavista, Canada",earthquake,,,,52.0,reviewed,us,us,2013-03-29,40882,Canada,-1
2013-05-15 07:10:30+00:00,65.64,-134.58,1.0,4.0,mwr,59.0,100.0,,,us,usc000gx46,2014-11-07T01:50:48.496Z,"201 km S of Fort McPherson, Canada",earthquake,,,,,reviewed,pgc,pgc,2013-05-15,41038,Canada,2
2013-05-17 13:43:24.440000+00:00,45.7568333,-76.3533333,13.0,4.96,mw,17.0,141.0,,0.2,ld,ld60040526,2021-05-13T21:58:52.692Z,"20 km NNE of Shawville, Canada",earthquake,0.37,31.61,0.32,28.0,reviewed,ld,ld,2013-05-17,40864,Canada,-1
2013-05-28 04:36:09.170000+00:00,56.198,-120.571,5.0,4.2,mwr,213.0,100.0,,,us,usb000h79t,2022-07-25T03:28:31.483Z,"18 km ESE of Fort St. John, Canada",earthquake,,,,,reviewed,pgc,pgc,2013-05-28,40978,Canada,-1
2013-07-11 20:16:07+00:00,47.81,-70.049,14.9,4.77,mw,48.0,100.0,,,us,usp000k1wx,2016-05-26T21:24:48.900Z,"13 km WSW of Saint-Siméon, Canada",earthquake,,,,9.0,reviewed,ott,us,2013-07-11,41136,Canada,-1
2013-07-12 19:59:48.470000+00:00,62.039,-124.119,1.0,4.7,mwr,550.0,100.0,,,us,usb000idap,2014-11-07T01:51:15.738Z,"Northwest Territories, Canada",earthquake,,,,,reviewed,pgc,pgc,2013-07-12,41151,Canada,3
2013-07-26 12:57:24.760000+00:00,50.392,-129.968,10.0,5.1,mwr,97.0,72.0,,0.9,us,usc000ipmt,2025-12-22T16:41:47.740Z,"205 km W of Port McNeill, Canada",earthquake,,,,,reviewed,us,pgc,2013-07-26,41097,Canada,1
2013-08-04 13:22:27.640000+00:00,49.6614,-127.4286,10.0,5.5,mwb,,33.0,2.563,0.69,us,usb000iv7t,2022-08-06T17:04:12.904Z,"86 km WSW of Vernon, Canada",earthquake,,1.7,0.071,,reviewed,us,us,2013-08-04,41083,Canada,1
2013-09-03 20:19:06.340000+00:00,51.244,-130.3971,2.73,6.1,mww,,44.0,1.704,0.93,us,usb000jg6b,2022-07-25T21:36:32.686Z,"243 km WNW of Port McNeill, Canada",earthquake,,3.7,,,reviewed,us,us,2013-09-03,41082,Canada,1
2013-09-18 04:45:36.890000+00:00,52.7369,-132.2193,22.3,4.5,mwr,,,,1.82,us,usb000jxpl,2013-12-09T21:11:08.000Z,"216 km SW of Prince Rupert, Canada",earthquake,,1.9,,,reviewed,pgc,pgc,2013-09-18,41154,Canada,1
2013-09-21 14:48:26.110000+00:00,49.7668,-65.9147,18.0,4.2,mwr,,,,1.71,us,usb000jx58,2023-10-15T04:56:04.978Z,"53 km SSE of Maliotenam, Canada",earthquake,,1.8,0.075,,reviewed,ott,us,2013-09-21,41187,Canada,-1
2013-09-28 21:47:05+00:00,62.572,-127.894,1.0,4.16,mw,,,,0.57,us,usb000k1ua,2013-12-13T09:00:36.000Z,"282 km N of Watson Lake, Canada",earthquake,,2.0,,,reviewed,pgc,pgc,2013-09-28,41202,Canada,-1
2013-10-24 16:02:51+00:00,50.829,-138.937,10.0,4.2,mwr,,,,1.64,us,usc000kmbf,2014-01-03T00:32:52.000Z,west of Vancouver Island,earthquake,,2.0,,,reviewed,pgc,pgc,2013-10-24,41161,Canada,-1
2013-11-08 11:44:56.150000+00:00,50.039,-130.1887,10.0,5.0,mwr,,,,0.97,us,usb000kumz,2025-12-22T16:44:21.171Z,"229 km WSW of Port McNeill, Canada",earthquake,,1.9,,,reviewed,pgc,pgc,2013-11-08,41106,Canada,1
2013-12-13 13:44:10.570000+00:00,48.5358,-140.2725,16.54,4.5,mwr,,216.0,6.926,0.92,us,usc000lxsn,2014-02-21T23:00:53.000Z,west of Vancouver Island,earthquake,,8.5,,,reviewed,us,pgc,2013-12-13,41340,Canada,-1
2013-12-13 13:59:12.380000+00:00,50.5621,-139.1051,15.01,4.5,mwr,,159.0,5.123,1.25,us,usc000lxsr,2014-02-21T23:00:53.000Z,west of Vancouver Island,earthquake,,7.3,,,reviewed,us,pgc,2013-12-13,41345,Canada,-1
2014-02-09 15:37:07.790000+00:00,52.7447,-132.2856,14.53,4.6,mw,,,,0.76,us,usc000mlkm,2014-04-22T18:30:11.000Z,"217 km SW of Prince Rupert, Canada",earthquake,,4.9,0.216,7.0,reviewed,pgc,us,2014-02-09,41302,Canada,1
2014-02-16 00:19:20+00:00,50.421,-130.262,10.0,4.5,mwr,,,,1.7,us,usc000mrdf,2014-04-30T21:18:22.000Z,"226 km W of Port McNeill, Canada",earthquake,,1.9,,,reviewed,pgc,pgc,2014-02-16,41346,Canada,1
2014-02-22 06:41:59.990000+00:00,72.2868,-75.8474,18.0,4.51,mw,,,,1.49,us,usc000n44p,2014-05-07T00:03:06.000Z,"Baffin Island region, Nunavut, Canada",earthquake,,1.9,0.109,23.0,reviewed,ott,us,2014-02-22,41311,Canada,-1
2014-02-25 20:24:38+00:00,60.908,-138.374,9.1,4.2,mwr,,,,0.0,us,usc000mxxt,2023-07-20T15:52:56.255Z,"50 km WNW of Haines Junction, Canada",earthquake,,0.0,,,reviewed,pgc,pgc,2014-02-25,41369,Canada,-1
2014-03-26 22:56:45.170000+00:00,52.407,-131.7895,10.28,4.77,mw,,,,1.33,us,usc000ns6r,2014-05-29T23:32:05.000Z,"233 km SSW of Prince Rupert, Canada",earthquake,,1.8,0.078,62.0,reviewed,pgc,us,2014-03-26,41237,Canada,1
2014-03-31 16:30:27.440000+00:00,62.2877,-124.5225,1.0,4.3,mwr,,,,1.0,us,usc000nxm5,2014-05-29T23:32:10.000Z,"Northwest Territories, Canada",earthquake,,1.9,,,reviewed,pgc,pgc,2014-03-31,41351,Canada,3
2014-04-01 05:05:57.990000+00:00,49.2167,-129.2085,10.0,4.7,mwr,,149.0,1.325,1.24,us,usc000nycn,2025-12-22T16:53:56.297Z,"215 km SW of Port McNeill, Canada",earthquake,,1.2,0.065,23.0,reviewed,us,us,2014-04-01,41295,Canada,1
2014-04-06 00:44:39+00:00,49.99,-130.201,10.0,4.2,mwr,,,,1.11,us,usc000p76p,2014-06-11T06:06:10.000Z,"231 km WSW of Port McNeill, Canada",earthquake,,1.9,,,reviewed,pgc,pgc,2014-04-06,41393,Canada,1
2014-04-24 03:10:10.150000+00:00,49.6388,-127.7316,10.0,6.5,mww,,,,0.85,us,usb000px6r,2022-08-06T23:23:06.892Z,"107 km WSW of Vernon, Canada",earthquake,,1.7,,,reviewed,pgc,us,2014-04-24,41237,Canada,1
2014-04-25 16:12:31.690000+00:00,50.8724,-139.0092,10.0,4.2,mwr,,,,1.8,us,usb000qzki,2014-07-14T20:11:15.000Z,west of Vancouver Island,earthquake,,2.0,,,reviewed,pgc,pgc,2014-04-25,41370,Canada,-1
2014-05-18 14:46:59.300000+00:00,77.5883,-85.5694,15.55,4.51,mw,,79.0,2.485,1.15,us,usc000rbbi,2014-08-09T02:53:48.000Z,"Ellesmere Island region, Nunavut, Canada",earthquake,,5.5,0.111,24.0,reviewed,us,us,2014-05-18,41308,Canada,-1
2014-07-16 00:28:54.490000+00:00,62.597,-127.959,7.0,4.5,mwr,,,,1.16,us,usb000rtbe,2014-10-17T21:12:05.000Z,"285 km N of Watson Lake, Canada",earthquake,,4.1,,,reviewed,pgc,pgc,2014-07-16,41496,Canada,-1
2014-08-04 17:17:24+00:00,57.564,-122.942,5.0,4.4,mwr,,,,1.41,us,usb000s043,2014-10-29T19:53:01.000Z,"138 km S of Fort Nelson, Canada",earthquake,,1.0,,,reviewed,pgc,pgc,2014-08-04,41531,Canada,-1
2014-08-12 07:00:22.410000+00:00,50.546,-130.445,10.0,4.5,mwr,,,,1.8,us,usb000s22x,2014-11-07T21:47:41.000Z,"237 km W of Port McNeill, Canada",earthquake,,2.0,,,reviewed,pgc,pgc,2014-08-12,41508,Canada,1
2014-08-29 17:31:52.720000+00:00,50.6959,-139.3552,10.0,4.5,mwr,,166.0,4.928,1.35,us,usc000s842,2014-11-29T00:09:20.000Z,west of Vancouver Island,earthquake,8.8,2.0,,,reviewed,us,pgc,2014-08-29,41517,Canada,-1
2014-08-29 18:37:30.690000+00:00,65.629,-122.6503,9.03,4.6,mwr,,31.0,3.775,1.0,us,usc000s84p,2022-05-03T17:00:00.267Z,"197 km E of Norman Wells, Canada",earthquake,6.1,4.2,0.075,17.0,reviewed,us,us,2014-08-29,41496,Canada,-1
2014-09-10 16:36:43.150000+00:00,50.677,-129.8483,10.0,4.9,mwr,,161.0,1.859,1.05,us,usb000sb4f,2025-12-22T17:23:03.602Z,"195 km W of Port McNeill, Canada",earthquake,8.7,1.9,,,reviewed,us,pgc,2014-09-10,41471,Canada,1
2014-09-19 07:37:52.980000+00:00,64.4694,-134.8189,1.0,4.23,mw,,,,0.77,us,usb000se6u,2014-12-19T00:05:21.040Z,"228 km E of Dawson City, Canada",earthquake,3.1,7.6,,,reviewed,pgc,pgc,2014-09-19,41568,Canada,-1
2014-09-27 21:05:38+00:00,52.701,-132.309,23.3,4.7,mwr,,,,1.52,us,usb000sgs2,2014-12-20T00:54:00.040Z,"222 km SW of Prince Rupert, Canada",earthquake,5.7,1.8,,,reviewed,pgc,pgc,2014-09-27,41479,Canada,1
2014-10-03 02:44:31.890000+00:00,71.2977,-62.815,10.0,4.4,mwr,,48.0,2.072,0.8,us,usb000sida,2014-12-23T01:41:59.040Z,"230 km ENE of Clyde River, Canada",earthquake,7.2,1.8,,,reviewed,us,ott,2014-10-03,41565,Canada,-1
2014-11-06 21:54:56.740000+00:00,75.6889,-108.1856,17.93,4.43,mw,,55.0,3.554,1.22,us,usc000sv6l,2015-01-31T02:50:05.040Z,"Melville Island region, Nunavut, Canada",earthquake,5.3,4.8,0.068,60.0,reviewed,us,us,2014-11-06,41525,Canada,-1
2014-11-09 04:42:40.030000+00:00,76.6583,-97.313,10.0,5.03,mw,,52.0,2.069,0.69,us,usc000svsn,2015-01-31T02:50:12.040Z,"Bathurst Island region, Nunavut, Canada",earthquake,7.7,1.9,0.042,214.0,reviewed,us,us,2014-11-09,41452,Canada,-1
2014-11-26 14:15:40.500000+00:00,50.5408,-139.6884,10.0,4.7,mwr,,158.0,6.328,0.91,us,usb000t08u,2015-02-24T00:35:05.040Z,west of Vancouver Island,earthquake,9.2,1.9,,,reviewed,us,pgc,2014-11-26,41683,Canada,-1
2015-01-02 10:15:34.380000+00:00,50.8632,-130.3654,10.0,5.4,mwr,,76.0,1.523,1.33,us,usc000tb91,2025-12-22T16:50:04.195Z,"233 km W of Port McNeill, Canada",earthquake,6.0,1.8,,,reviewed,us,pgc,2015-01-02,41622,Canada,1
2015-01-08 02:02:53.840000+00:00,49.1709,-125.647,24.64,4.8,mww,,,,0.47,us,usc000td14,2022-08-07T07:14:39.811Z,"19 km E of Tofino, Canada",earthquake,3.3,3.8,,,reviewed,pgc,us,2015-01-08,41663,Canada,-1
2015-01-16 13:05:28.720000+00:00,49.4297,-66.7949,18.0,4.51,mw,,,,0.82,us,usc000tgdg,2022-07-27T15:00:18.554Z,"37 km NNW of Cap-Chat, Canada",earthquake,4.7,1.9,0.157,11.0,reviewed,ott,us,2015-01-16,41687,Canada,-1
2015-01-23 06:49:20.020000+00:00,54.433,-117.3015,1.0,4.4,mwr,,,,0.96,us,usc000tijf,2015-04-24T16:55:10.040Z,"32 km W of Fox Creek, Canada",earthquake,3.5,6.6,,,reviewed,pgc,pgc,2015-01-23,41734,Canada,-1
2015-01-25 21:10:12.050000+00:00,52.5619,-131.9669,17.56,4.5,mwr,,,,0.76,us,usc000tiza,2015-04-24T16:55:33.040Z,"223 km SSW of Prince Rupert, Canada",earthquake,7.9,5.3,,,reviewed,pgc,pgc,2015-01-25,41704,Canada,1
2015-02-12 02:11:41.460000+00:00,72.052,-75.089,18.0,4.94,mw,,,,0.3,us,us10000b9u,2015-05-11T23:20:09.040Z,"291 km NW of Clyde River, Canada",earthquake,7.2,1.9,0.041,180.0,reviewed,ott,us,2015-02-12,41643,Canada,-1
2015-03-04 08:35:07.120000+00:00,50.2697,-129.92,8.65,5.1,mwr,,152.0,2.228,1.13,us,usc000tuv5,2025-12-22T17:23:21.129Z,"204 km W of Port McNeill, Canada",earthquake,8.3,4.4,,,reviewed,us,pgc,2015-03-04,41636,Canada,1
2015-03-08 20:42:15.680000+00:00,49.0507,-128.8594,27.56,4.9,mwr,,152.0,3.173,1.1,us,usc000twl9,2025-12-22T17:23:22.454Z,"210 km WSW of Vernon, Canada",earthquake,7.6,5.8,,,reviewed,us,pgc,2015-03-08,41645,Canada,1
2015-03-25 19:22:44.560000+00:00,49.4154,-128.1719,13.08,5.1,mww,,100.0,2.773,0.68,us,us10001qpf,2025-12-22T17:23:24.587Z,"147 km WSW of Vernon, Canada",earthquake,6.7,4.2,,,reviewed,us,us,2015-03-25,41628,Canada,1
2015-04-24 13:56:15.180000+00:00,51.6148,-130.7714,8.0,6.2,mww,,69.0,1.743,1.24,us,us200028ue,2022-07-31T01:04:09.858Z,"282 km WNW of Port McNeill, Canada",earthquake,4.6,1.8,,,reviewed,us,us,2015-04-24,41585,Canada,1
2015-06-13 23:57:55.170000+00:00,54.102,-116.9498,5.0,4.6,mwr,,,,1.33,us,us20002pp4,2015-08-20T00:43:56.040Z,"34 km SSW of Fox Creek, Canada",earthquake,3.0,1.9,,,reviewed,pgc,pgc,2015-06-13,41882,Canada,-1
2015-06-16 23:52:29+00:00,62.114,-123.998,15.0,4.51,mw,,,,1.19,us,us20002qit,2015-08-20T00:44:00.040Z,"Northwest Territories, Canada",earthquake,8.6,2.0,0.151,12.0,reviewed,pgc,us,2015-06-16,41887,Canada,3
2015-08-17 07:58:32.420000+00:00,49.0289,-128.6959,24.08,4.7,mwr,,152.0,1.271,0.89,us,us100032sm,2022-08-01T00:23:36.199Z,"202 km SW of Vernon, Canada",earthquake,6.8,5.3,,,reviewed,us,pgc,2015-08-17,41849,Canada,1
2015-08-17 20:15:00.290000+00:00,57.0127,-122.1537,5.0,4.6,mwr,,,,1.58,us,us100032yn,2015-11-17T00:13:34.040Z,"116 km NW of Fort St. John, Canada",earthquake,4.5,1.9,,,reviewed,pgc,pgc,2015-08-17,41885,Canada,-1
2015-08-30 15:12:51+00:00,51.088,-130.745,10.0,4.3,mwr,,,,1.09,us,us10003kpc,2015-12-01T00:36:04.040Z,"263 km W of Port McNeill, Canada",earthquake,8.1,2.0,,,reviewed,pgc,pgc,2015-08-30,41909,Canada,1
2015-09-19 21:50:31.150000+00:00,49.4227,-129.6481,10.0,4.8,mwr,,164.0,1.561,0.83,us,us20003m0m,2016-11-10T21:52:55.440Z,"224 km SW of Port McNeill, Canada",earthquake,6.4,1.9,,,reviewed,us,pgc,2015-09-19,41787,Canada,1
2015-09-22 13:24:50.520000+00:00,50.3258,-130.2273,10.0,4.7,mwr,,162.0,1.374,0.93,us,us20003mvq,2022-08-01T07:13:09.899Z,"224 km W of Port McNeill, Canada",earthquake,5.3,2.0,,,reviewed,us,pgc,2015-09-22,41849,Canada,1
2015-09-24 13:48:58.480000+00:00,50.7832,-130.2084,10.0,5.7,mww,,77.0,1.326,1.39,us,us20003nmz,2022-09-21T12:18:41.712Z,"221 km W of Port McNeill, Canada",earthquake,2.8,1.8,,,reviewed,us,us,2015-09-24,41784,Canada,1
2015-10-16 18:05:44+00:00,68.07,-136.305,1.0,4.1,mwr,,,,0.9,us,us10003p73,2019-05-14T10:08:58.112Z,"northern Yukon Territory, Canada",earthquake,2.8,1.9,,,reviewed,pgc,pgc,2015-10-16,41914,Canada,-1
2015-10-21 20:33:24.350000+00:00,64.232,-130.9016,1.0,4.7,mwr,,,,1.11,us,us10003qe7,2016-01-15T20:51:37.040Z,"226 km WSW of Norman Wells, Canada",earthquake,6.1,1.8,,,reviewed,pgc,pgc,2015-10-21,41862,Canada,-1
2015-11-18 10:19:53.840000+00:00,71.1891,-64.3506,18.0,4.85,mw,,,,0.73,us,us1000490u,2016-02-13T02:08:29.040Z,"174 km ENE of Clyde River, Canada",earthquake,9.0,2.0,0.125,20.0,reviewed,ott,us,2015-11-18,41946,Canada,-1
2015-11-22 06:02:42.540000+00:00,51.6976,-131.0657,10.0,4.5,mwr,,,,0.99,us,us100040a1,2016-02-18T04:48:48.040Z,"295 km S of Prince Rupert, Canada",earthquake,8.6,2.0,,,reviewed,pgc,pgc,2015-11-22,42035,Canada,1
2015-11-23 04:13:55.930000+00:00,51.3713,-131.472,10.0,4.8,mwr,,,,1.61,us,us100040fr,2016-11-10T22:01:47.815Z,"Haida Gwaii Region, Canada",earthquake,6.1,2.0,,,reviewed,pgc,pgc,2015-11-23,41947,Canada,1
2015-12-16 08:22:30.560000+00:00,50.5434,-130.3506,10.0,4.5,mwr,,,,1.39,us,us20004hil,2016-03-05T01:42:09.040Z,"Vancouver Island, Canada region",earthquake,9.0,2.0,,,reviewed,pgc,pgc,2015-12-16,42037,Canada,1
2015-12-30 07:39:29.310000+00:00,48.5865,-123.3003333,52.42,4.75,mw,27.0,81.0,0.1167,0.19,uw,uw61114971,2024-08-10T23:57:40.199Z,"12 km SE of North Saanich, Canada",earthquake,0.43,0.67,0.137,178.0,reviewed,uw,uw,2015-12-30,41970,Canada,-1
2016-01-12 18:27:21.980000+00:00,54.4458,-117.0254,5.0,4.4,mwr,,51.0,0.418,1.29,us,us10004dsw,2022-08-02T04:50:09.922Z,"15 km WNW of Fox Creek, Canada",earthquake,2.6,1.9,,,reviewed,us,pgc,2016-01-12,42063,Canada,-1
2016-01-19 19:54:41.850000+00:00,48.8975,-128.6422,10.0,4.4,mwr,,163.0,1.775,1.37,us,us10004fp1,2022-08-02T06:21:32.789Z,"202 km W of Tofino, Canada",earthquake,7.1,1.9,0.073,18.0,reviewed,us,us,2016-01-19,42113,Canada,1
2016-02-19 15:38:22.460000+00:00,65.476,-134.049,1.0,4.43,mw,,,,0.76,us,us10004r3m,2023-07-31T15:51:16.271Z,"222 km S of Fort McPherson, Canada",earthquake,4.7,2.0,0.3,3.0,reviewed,pgc,us,2016-02-19,42045,Canada,2
2016-02-21 14:15:47.740000+00:00,68.1702,-136.4659,14.38,4.68,mw,,66.0,1.104,0.64,us,us10004rin,2023-07-31T16:00:32.620Z,"105 km NW of Fort McPherson, Canada",earthquake,6.4,4.9,0.168,10.0,reviewed,us,us,2016-02-21,41997,Canada,-1
2016-02-29 00:19:31.642000+00:00,66.4046,-135.4837,6.5,4.16,mw,,,,0.73,ak,ak0162r8cyoc,2023-07-31T16:32:47.808Z,"118 km SSW of Fort McPherson, Canada",earthquake,,0.7,,,reviewed,ak,ak,2016-02-29,42115,Canada,2
2016-03-18 22:46:56.830000+00:00,49.673,-129.8485,10.0,5.5,mww,,70.0,1.467,0.68,us,us20005awl,2022-08-07T10:20:56.936Z,"222 km WSW of Port McNeill, Canada",earthquake,5.6,1.8,,,reviewed,us,us,2016-03-18,41942,Canada,1
2016-05-07 05:25:25.800000+00:00,47.7273,-128.5024,10.0,4.68,mw,,166.0,2.354,1.26,us,us10005fp2,2025-12-22T17:14:43.170Z,"248 km SW of Tofino, Canada",earthquake,7.8,2.0,0.075,51.0,reviewed,us,us,2016-05-07,41984,Canada,1
2016-05-09 01:58:01.930000+00:00,52.6512,-132.098,10.0,4.6,mw,,142.0,0.224,1.34,us,us10005fyw,2023-08-01T17:27:52.732Z,"219 km SSW of Prince Rupert, Canada",earthquake,3.9,1.8,0.04,172.0,reviewed,us,us,2016-05-09,42004,Canada,1
2016-07-17 23:50:32+00:00,64.052,-86.8,18.0,4.51,mw,,,,1.0,us,us20006gpm,2016-09-17T01:27:49.040Z,"297 km ENE of Rankin Inlet, Canada",earthquake,7.7,2.0,0.059,78.0,reviewed,ott,us,2016-07-17,42224,Canada,-1
2016-07-22 09:02:59.320000+00:00,72.721,-74.862,18.0,4.43,mw,,,,1.1,us,us10006jam,2020-04-09T01:40:50.582Z,"Baffin Island region, Nunavut, Canada",earthquake,5.7,2.0,0.15,12.0,reviewed,ott,us,2016-07-22,42245,Canada,-1
2016-08-09 14:39:11.370000+00:00,50.4018,-129.8461,4.72,4.7,mwr,,168.0,1.118,0.71,us,us10006ccx,2016-10-26T03:10:24.040Z,"196 km W of Port McNeill, Canada",earthquake,6.6,5.3,,,reviewed,us,pgc,2016-08-09,42207,Canada,1
2016-08-23 23:36:23.840000+00:00,62.2924,-133.4928,4.04,4.1,mwr,,,,1.53,us,us10006g6y,2023-08-02T19:04:06.351Z,"194 km NNE of Whitehorse, Canada",earthquake,2.1,2.5,,,reviewed,pgc,pgc,2016-08-23,42289,Canada,-1
2016-08-26 07:19:11.140000+00:00,51.2231,-130.7823,10.0,4.4,mwr,,,,1.03,us,us20006u56,2016-11-29T01:28:40.040Z,"269 km WNW of Port McNeill, Canada",earthquake,9.1,2.0,,,reviewed,pgc,pgc,2016-08-26,42272,Canada,1
2016-08-26 17:54:51+00:00,71.649,-69.89,18.0,4.85,mw,,,,1.24,us,us20006ubj,2016-11-29T01:28:41.040Z,"139 km NNW of Clyde River, Canada",earthquake,8.4,1.9,0.081,45.0,reviewed,ott,us,2016-08-26,42189,Canada,-1
2016-08-27 10:47:58.120000+00:00,71.9613,-75.1341,18.0,4.43,mw,,,,0.69,us,us10006v49,2016-11-29T01:28:42.040Z,"287 km WNW of Clyde River, Canada",earthquake,9.8,4.2,0.366,2.0,reviewed,ott,us,2016-08-27,42246,Canada,-1
2016-09-16 19:46:52.920000+00:00,51.5979,-130.6498,10.0,4.9,mwr,,140.0,0.774,1.14,us,us10006q8s,2022-05-03T17:59:28.753Z,"273 km WNW of Port McNeill, Canada",earthquake,5.0,1.9,,,reviewed,us,pgc,2016-09-16,42184,Canada,1
2016-09-17 22:45:58.590000+00:00,49.0783,-128.9674,10.0,4.5,mwr,,167.0,2.287,0.76,us,us10006qix,2016-12-12T23:01:28.040Z,"215 km SW of Port McNeill, Canada",earthquake,7.7,1.9,,,reviewed,us,pgc,2016-09-17,42225,Canada,1
2016-10-13 21:13:05+00:00,62.758,-125.303,5.0,4.51,mw,,,,1.18,us,us20007dxx,2017-01-07T00:20:53.040Z,"291 km SSE of Norman Wells, Canada",earthquake,7.3,2.0,0.261,4.0,reviewed,pgc,us,2016-10-13,42224,Canada,-1
2016-10-30 07:33:59.890000+00:00,66.0921,-85.6917,18.0,4.6,mw,,,,0.95,us,us20007zgb,2017-01-24T02:02:10.040Z,"Melville Peninsula, Nunavut, Canada",earthquake,8.5,3.0,0.237,5.0,reviewed,ott,us,2016-10-30,42221,Canada,-1
2016-11-25 04:02:23.050000+00:00,50.9767,-130.3771,10.0,4.5,mwr,,162.0,1.414,1.29,us,us10007c7n,2017-02-23T00:11:46.040Z,"236 km W of Port McNeill, Canada",earthquake,8.0,2.0,,,reviewed,us,pgc,2016-11-25,42406,Canada,1
2017-01-07 03:13:54.320000+00:00,50.2065,-130.1516,10.0,5.4,mww,,94.0,1.362,0.67,us,us10007rsx,2025-12-22T17:20:42.836Z,"222 km WSW of Port McNeill, Canada",earthquake,6.7,1.8,,,reviewed,us,us,2017-01-07,42358,Canada,1
2017-01-08 23:47:14.420000+00:00,74.3859,-92.4156,31.0,6.0,mww,,17.0,0.732,0.78,us,us10007s20,2022-05-03T18:57:00.852Z,"Devon Island, Nunavut, Canada",earthquake,6.5,1.8,,,reviewed,us,us,2017-01-08,42315,Canada,-1
2017-01-20 01:26:17.640000+00:00,78.0821,-105.1607,10.0,4.77,mw,,45.0,4.065,0.91,us,us10007u8n,2017-04-12T02:29:02.040Z,"Sverdrup Islands, Nunavut, Canada",earthquake,7.8,1.9,0.053,103.0,reviewed,us,us,2017-01-20,42382,Canada,-1
2017-01-31 01:38:28+00:00,49.772,-127.814,40.8,4.43,mw,,,,1.04,us,us10007wcl,2022-06-19T00:49:09.247Z,"104 km SSW of Port McNeill, Canada",earthquake,7.7,8.7,0.083,39.0,reviewed,pgc,us,2017-01-31,42439,Canada,1
2017-02-05 02:22:08.100000+00:00,76.0571,-121.1635,10.0,4.6,mw,,47.0,4.244,1.1,us,us20008hqm,2017-05-09T01:24:26.040Z,"Prince Patrick Island, Northwest Territories, Canada",earthquake,8.1,1.9,0.077,47.0,reviewed,us,us,2017-02-05,42387,Canada,-1
2017-02-12 03:47:40.170000+00:00,49.3075,-129.3552,10.0,5.0,mwr,,164.0,1.55,1.35,us,us20008j9n,2025-12-22T17:21:23.173Z,"216 km SW of Port McNeill, Canada",earthquake,5.5,1.9,,,reviewed,us,pgc,2017-02-12,42371,Canada,1
2017-02-24 12:28:24.830000+00:00,49.6697,-129.1491,10.0,5.2,mww,,140.0,1.171,0.94,us,us20008m0k,2025-12-22T17:21:37.082Z,"179 km SW of Port McNeill, Canada",earthquake,3.7,1.7,,,reviewed,us,us,2017-02-24,42359,Canada,1
2017-03-29 18:00:00.850000+00:00,52.8991,-132.4098,10.0,4.51,mw,,160.0,0.306,0.83,us,us10008d40,2017-06-16T23:08:02.040Z,"209 km SW of Prince Rupert, Canada",earthquake,4.5,1.9,0.114,23.0,reviewed,us,us,2017-03-29,42394,Canada,1
2017-05-10 15:14:26.200000+00:00,65.0299,-134.2193,12.46,4.4,mww,,30.0,1.614,0.79,us,us10008r4v,2023-08-08T16:13:11.882Z,"270 km S of Fort McPherson, Canada",earthquake,3.5,3.4,,,reviewed,us,us,2017-05-10,42561,Canada,2
2017-05-19 12:09:14.580000+00:00,47.658,-128.0232,10.0,4.3,mwr,,141.0,1.987,0.91,us,us10008tjc,2017-08-05T03:32:12.040Z,"228 km SW of Tofino, Canada",earthquake,6.3,2.0,0.06,27.0,reviewed,us,us,2017-05-19,42635,Canada,1
2017-06-10 20:38:18.560000+00:00,50.6602,-130.0913,10.0,4.8,mwr,,115.0,1.246,0.9,us,us20009lss,2025-12-22T17:24:22.605Z,"212 km W of Port McNeill, Canada",earthquake,5.3,1.8,0.065,23.0,reviewed,us,us,2017-06-10,42481,Canada,1
2017-07-29 14:15:15.430000+00:00,51.2794,-130.8997,10.0,4.2,mwr,,178.0,1.032,0.85,us,us2000a40e,2017-10-14T00:19:45.040Z,"278 km WNW of Port McNeill, Canada",earthquake,3.2,2.0,,,reviewed,us,pgc,2017-07-29,42657,Canada,1
2017-10-11 09:26:07.760000+00:00,48.3763,-127.9431,10.0,4.5,mwr,,161.0,1.367,0.96,us,us1000aq3b,2018-01-09T02:14:55.040Z,"172 km WSW of Tofino, Canada",earthquake,3.7,1.9,,,reviewed,us,pgc,2017-10-11,42512,Canada,1
2017-11-02 12:13:58.190000+00:00,61.5133,-110.5716,10.0,4.6,mwr,,131.0,2.142,1.26,us,us2000bfj8,2018-01-24T01:25:05.040Z,"182 km NNE of Fort Smith, Canada",earthquake,8.2,2.0,,,reviewed,us,pgc,2017-11-02,42490,Canada,-1
2017-11-21 09:47:09.380000+00:00,49.3777,-129.5926,10.0,4.9,mwr,,168.0,1.576,1.46,us,us2000bs8b,2025-12-22T17:28:35.870Z,"224 km SW of Port McNeill, Canada",earthquake,5.6,1.9,,,reviewed,us,pgc,2017-11-21,42689,Canada,1
2017-12-04 03:51:44.180000+00:00,50.595,-129.9469,10.0,4.8,mwr,,156.0,1.156,1.1,us,us1000bks1,2025-12-22T17:29:02.273Z,"202 km W of Port McNeill, Canada",earthquake,6.7,1.9,0.078,16.0,reviewed,us,us,2017-12-04,42690,Canada,1
2017-12-05 22:14:14.060000+00:00,51.3931,-130.8719,10.0,4.4,mwr,,158.0,0.923,1.08,us,us1000bmjn,2018-02-28T02:32:27.040Z,"280 km WNW of Port McNeill, Canada",earthquake,2.1,2.0,,,reviewed,us,pgc,2017-12-05,42726,Canada,1
2017-12-17 04:11:10.260000+00:00,50.2535,-129.7614,10.0,4.7,mwr,,179.0,1.11,0.91,us,us2000c5cg,2018-03-14T00:58:20.040Z,"193 km WSW of Port McNeill, Canada",earthquake,3.4,1.9,,,reviewed,us,pgc,2017-12-17,42702,Canada,1
2017-12-22 08:00:13.010000+00:00,65.4814,-134.0834,3.47,5.0,mww,,8.0,0.342,0.81,us,us1000buxc,2023-08-10T20:11:45.167Z,"221 km S of Fort McPherson, Canada",earthquake,1.9,2.7,0.044,50.0,reviewed,us,us,2017-12-22,42676,Canada,2
2018-01-10 18:40:05.330000+00:00,50.6107,-130.7692,14.69,4.0,mwr,,180.0,1.679,1.34,us,us1000c383,2018-04-03T01:40:25.040Z,"260 km W of Port McNeill, Canada",earthquake,8.5,5.3,,,reviewed,us,pgc,2018-01-10,42818,Canada,1
2018-01-28 08:51:59.270000+00:00,51.0614,-130.6958,10.0,4.1,mwr,,217.0,1.272,1.11,us,us2000dvtn,2018-04-20T07:05:33.040Z,"259 km W of Port McNeill, Canada",earthquake,6.3,2.0,,,reviewed,us,pgc,2018-01-28,42781,Canada,1
2018-03-06 09:38:26.420000+00:00,49.8138,-127.3301,10.0,4.1,mwr,,155.0,0.975,1.09,us,us2000dcth,2025-03-22T17:55:10.590Z,"73 km WSW of Vernon, Canada",earthquake,2.8,1.9,,,reviewed,us,pgc,2018-03-06,42791,Canada,1
2018-03-16 02:56:20.910000+00:00,48.9633,-129.8448,15.95,4.6,mwr,,185.0,1.113,0.77,us,us1000d53z,2018-06-11T21:53:47.040Z,"268 km SW of Port McNeill, Canada",earthquake,6.4,7.1,,,reviewed,us,pgc,2018-03-16,42707,Canada,1
2018-04-03 04:21:17.420000+00:00,49.2457,-128.8585,10.0,4.4,mwr,,181.0,1.293,0.8,us,us1000ddgx,2018-06-30T01:11:25.040Z,"196 km SW of Port McNeill, Canada",earthquake,2.8,1.9,,,reviewed,us,pgc,2018-04-03,42744,Canada,1
2018-04-12 23:44:32.850000+00:00,60.8665,-138.2663,10.0,4.1,mwr,,34.0,0.09,0.92,us,us2000dz9t,2023-08-14T16:52:14.492Z,"43 km WNW of Haines Junction, Canada",earthquake,2.2,1.9,0.035,80.0,reviewed,us,us,2018-04-12,42809,Canada,-1
2018-07-02 04:08:10.820000+00:00,51.2095,-131.0083,10.0,4.1,mwr,,210.0,1.091,0.9,us,us2000g9gn,2018-09-27T14:03:48.040Z,"284 km WNW of Port McNeill, Canada",earthquake,6.5,2.0,,,reviewed,us,pgc,2018-07-02,43018,Canada,1
2018-08-21 13:10:07.490000+00:00,50.8522,-130.1495,10.0,4.9,mwr,,156.0,1.298,0.8,us,us1000gel7,2018-11-01T17:50:53.040Z,"218 km W of Port McNeill, Canada",earthquake,5.8,1.9,,,reviewed,us,pgc,2018-08-21,42949,Canada,1
2018-09-03 01:43:03.380000+00:00,50.3131,-50.1387,10.0,4.68,mw,,77.0,4.887,0.48,us,us2000h70f,2018-11-14T17:40:12.040Z,"284 km NE of Bonavista, Canada",earthquake,11.5,1.9,0.082,42.0,reviewed,us,us,2018-09-03,42962,Canada,-1
2018-10-22 06:16:26.450000+00:00,49.3346,-129.289,10.0,6.8,mww,,36.0,1.505,1.09,us,us1000hfgv,2022-05-03T19:35:42.430Z,"210 km SW of Port McNeill, Canada",earthquake,6.0,1.8,0.042,55.0,reviewed,us,us,2018-10-22,42899,Canada,1
2018-10-29 00:24:41.250000+00:00,49.0654,-127.873,10.0,4.43,mw,,151.0,1.567,1.32,us,us1000hibt,2019-01-21T14:29:36.040Z,"143 km W of Tofino, Canada",earthquake,6.0,1.8,0.1,27.0,reviewed,us,us,2018-10-29,43011,Canada,1
2018-11-01 04:22:19.760000+00:00,49.3356,-129.3083,10.0,4.9,mww,,84.0,1.51,0.83,us,us2000i53f,2025-12-22T17:52:00.644Z,"211 km SW of Port McNeill, Canada",earthquake,7.2,1.9,0.039,63.0,reviewed,us,us,2018-11-01,43059,Canada,1
2018-11-30 01:27:07+00:00,56.02,-120.68,5.1,4.3,mwr,,,,1.34,us,us1000hy6d,2019-02-09T19:02:12.040Z,"27 km SSE of Fort St. John, Canada",earthquake,5.8,6.0,0.046,46.0,reviewed,pgc,us,2018-11-30,43126,Canada,-1
2018-12-01 07:33:47.180000+00:00,50.0974,-129.4077,10.0,4.7,mwr,,179.0,0.98,0.74,us,us1000hzc2,2019-02-09T19:02:16.040Z,"174 km WSW of Port McNeill, Canada",earthquake,6.2,1.9,,,reviewed,us,pgc,2018-12-01,43073,Canada,1
2018-12-09 16:20:13.320000+00:00,49.0257,-128.8745,10.0,5.4,mww,,163.0,1.686,1.05,us,us1000i5cf,2025-12-22T17:52:47.834Z,"213 km WSW of Vernon, Canada",earthquake,7.7,1.9,0.04,59.0,reviewed,us,us,2018-12-09,43050,Canada,1
2018-12-23 02:29:31.610000+00:00,52.9842,-132.6037,10.0,4.2,mwr,,201.0,0.231,1.25,us,us2000iwix,2019-02-23T20:22:36.040Z,"211 km SW of Prince Rupert, Canada",earthquake,3.5,1.9,,,reviewed,us,pgc,2018-12-23,43161,Canada,1
2019-01-18 01:34:44.870000+00:00,49.5587,-129.7563,10.0,4.51,mw,,174.0,1.504,0.96,us,us2000jbxj,2019-04-05T21:41:03.040Z,"222 km WSW of Port McNeill, Canada",earthquake,9.2,2.0,0.197,7.0,reviewed,us,us,2019-01-18,43099,Canada,1
2019-02-14 00:34:43.730000+00:00,50.7098,-130.0867,10.0,5.3,mww,,144.0,1.244,0.74,us,usd0009e9t,2025-12-22T18:03:20.174Z,"212 km W of Port McNeill, Canada",earthquake,5.5,1.8,0.03,108.0,reviewed,us,us,2019-02-14,43051,Canada,1
2019-03-21 16:33:03.873000+00:00,66.6718,-130.4429,4.12,4.0,mwr,,56.0,1.506,0.69,us,us1000jjub,2019-06-06T18:54:11.040Z,"211 km ESE of Fort McPherson, Canada",earthquake,4.4,3.2,0.059,28.0,reviewed,us,us,2019-03-21,43193,Canada,-1
2019-04-22 21:44:41.970000+00:00,50.2225,-130.1725,10.0,5.5,mww,,81.0,1.369,0.84,us,us70003afb,2025-12-22T18:08:26.921Z,"223 km WSW of Port McNeill, Canada",earthquake,5.0,1.8,0.028,127.0,reviewed,us,us,2019-04-22,43021,Canada,1
2019-05-13 08:55:28.532000+00:00,50.2759,-129.6996,10.0,4.6,mw,,164.0,1.065,0.82,us,us70003kab,2019-08-01T17:15:16.040Z,"188 km WSW of Port McNeill, Canada",earthquake,5.1,1.9,0.036,221.0,reviewed,us,us,2019-05-13,43215,Canada,1
2019-05-14 09:37:36.987000+00:00,49.1649,-128.7991,10.0,4.51,mw,,160.0,1.538,0.92,us,us70003kwz,2019-08-07T22:03:34.040Z,"200 km WSW of Vernon, Canada",earthquake,7.7,2.0,0.043,150.0,reviewed,us,us,2019-05-14,43266,Canada,1
2019-07-04 04:30:44.424000+00:00,51.2369,-130.5005,10.0,6.2,mww,,70.0,1.143,1.01,us,us700049sf,2025-12-22T18:12:39.891Z,"250 km WNW of Port McNeill, Canada",earthquake,6.6,1.8,0.026,143.0,reviewed,us,us,2019-07-04,43214,Canada,1
2019-08-16 02:30:46.308000+00:00,50.6841,-101.8313,5.0,4.43,mw,,99.0,2.698,1.07,us,us600055rx,2020-03-11T02:37:29.852Z,"18 km ENE of Esterhazy, Canada",earthquake,3.7,2.0,0.079,43.0,reviewed,us,us,2019-08-16,43309,Canada,-1
2019-11-09 18:58:41.133000+00:00,52.7482,-132.3173,15.48,4.6,mwr,,114.0,0.449,1.22,us,us600069rt,2020-02-01T23:22:12.040Z,"218 km SW of Prince Rupert, Canada",earthquake,4.4,3.8,,,reviewed,us,pgc,2019-11-09,43440,Canada,1
2019-11-20 14:25:43.538000+00:00,72.8008,-89.7259,10.0,4.6,mw,,68.0,2.391,0.45,us,us70006aer,2020-02-14T22:02:06.040Z,"Baffin Island region, Nunavut, Canada",earthquake,7.1,1.9,0.097,30.0,reviewed,us,us,2019-11-20,43439,Canada,-1
2019-12-01 20:34:05.551000+00:00,48.3303,-128.8379,10.0,4.43,mw,,191.0,2.303,1.23,us,us70006f29,2020-02-19T18:58:29.040Z,"234 km WSW of Tofino, Canada",earthquake,8.2,2.0,0.102,26.0,reviewed,us,us,2019-12-01,43480,Canada,1
2019-12-24 05:32:05.573000+00:00,53.067,-132.754,10.0,4.51,mw,,161.0,0.215,1.12,us,us70006qft,2020-03-14T22:25:20.040Z,"212 km SW of Prince Rupert, Canada",earthquake,6.9,1.8,0.063,68.0,reviewed,us,us,2019-12-24,43440,Canada,1
2019-12-25 02:06:52.861000+00:00,54.6505,-118.2372,15.03,4.0,mwr,,80.0,0.499,0.8,us,us70006qsm,2022-04-14T13:13:06.104Z,"67 km SSE of Grande Prairie, Canada",earthquake,5.4,7.3,,,reviewed,us,pgc,2019-12-25,43491,Canada,-1
2019-12-25 03:36:01.626000+00:00,50.6106,-129.963,6.58,6.3,mww,,77.0,1.853,0.67,us,us70006qt7,2025-12-22T18:24:37.420Z,"203 km W of Port McNeill, Canada",earthquake,7.2,1.3,0.032,95.0,reviewed,us,us,2019-12-25,43394,Canada,1
2020-02-03 17:58:50.851000+00:00,54.7058,-59.8639,10.58,4.68,mw,,62.0,4.038,1.01,us,us60007nlx,2020-04-18T22:10:20.040Z,"158 km N of Happy Valley-Goose Bay, Canada",earthquake,6.5,5.2,0.097,30.0,reviewed,us,us,2020-02-03,43405,Canada,-1
2020-02-09 23:12:10.833000+00:00,60.6482,-129.6053,9.92,4.1,mwr,,97.0,0.67,0.29,us,us70007ma8,2020-04-25T22:19:03.040Z,"81 km NW of Watson Lake, Canada",earthquake,2.6,7.6,0.062,25.0,reviewed,us,us,2020-02-09,43486,Canada,-1
2020-02-14 11:17:05.412000+00:00,51.5494,-130.9734,10.0,4.6,mwr,,152.0,0.757,1.06,us,us70007pya,2020-05-02T22:09:49.040Z,"292 km WNW of Port McNeill, Canada",earthquake,6.2,1.9,0.068,21.0,reviewed,us,us,2020-02-14,43416,Canada,1
2020-03-05 23:22:28.026000+00:00,51.2286,-130.115,10.0,4.0,mwr,,181.0,1.26,1.15,us,us70008rpi,2020-05-23T22:03:12.040Z,"224 km WNW of Port McNeill, Canada",earthquake,7.7,2.0,,,reviewed,us,pgc,2020-03-05,43511,Canada,1
2020-05-10 04:46:01.644000+00:00,49.5422,-127.6367,10.0,4.8,mwr,,134.0,1.144,1.27,us,us70009dld,2020-07-29T22:14:26.040Z,"106 km WSW of Vernon, Canada",earthquake,5.3,1.8,,,reviewed,us,pgc,2020-05-10,43650,Canada,1
2020-05-23 02:14:51.372000+00:00,50.4322,-129.5266,10.0,5.2,mww,,142.0,0.913,0.95,us,us70009nx6,2025-12-22T17:57:33.703Z,"173 km W of Port McNeill, Canada",earthquake,3.4,1.8,0.037,69.0,reviewed,us,us,2020-05-23,43577,Canada,1
2020-07-22 11:33:24.746000+00:00,49.0995,-129.0303,10.0,5.0,mwr,,79.0,1.648,0.68,us,us7000at13,2020-10-04T17:50:53.470Z,"216 km SW of Port McNeill, Canada",earthquake,6.7,1.8,0.056,31.0,reviewed,us,us,2020-07-22,43590,Canada,1
2020-07-25 03:05:25.632000+00:00,62.2317,-124.4897,10.0,4.5,mwr,,30.0,1.107,0.98,us,us6000b3ul,2020-10-03T17:32:21.040Z,"Northwest Territories, Canada",earthquake,3.0,1.8,0.086,13.0,reviewed,us,us,2020-07-25,43725,Canada,3
2020-09-08 03:56:41.573000+00:00,71.9766,-126.7749,10.0,4.6,mw,,78.0,0.475,0.51,us,us7000bjj1,2020-11-17T19:44:54.040Z,"Banks Island, Northwest Territories, Canada",earthquake,4.6,2.0,0.199,8.0,reviewed,us,us,2020-09-08,43653,Canada,-1
2020-10-05 10:47:32.257000+00:00,47.5671,-128.9743,10.0,4.6,mwr,,107.0,1.824,0.97,us,us6000c5n5,2020-12-12T22:28:40.040Z,"287 km SW of Tofino, Canada",earthquake,6.7,1.7,,,reviewed,us,pgc,2020-10-05,43698,Canada,1
2020-10-16 13:56:35.569000+00:00,51.3186,-130.2286,10.0,4.2,mwr,,148.0,1.146,0.98,us,us7000cm44,2020-12-29T23:07:27.040Z,"235 km WNW of Port McNeill, Canada",earthquake,6.3,1.9,,,reviewed,us,pgc,2020-10-16,43736,Canada,1
2020-10-20 16:47:18.067000+00:00,71.2972,-71.2715,10.0,4.6,mw,,100.0,2.511,0.8,us,us6000cc6k,2020-12-29T23:08:04.040Z,"134 km NW of Clyde River, Canada",earthquake,5.6,1.8,0.101,27.0,reviewed,us,us,2020-10-20,43768,Canada,-1
2020-10-22 07:22:57.052000+00:00,74.0499,-90.9879,10.0,4.94,mw,,36.0,1.239,0.76,us,us6000cb75,2021-01-09T20:05:18.040Z,"Devon Island, Nunavut, Canada",earthquake,4.3,1.9,0.047,138.0,reviewed,us,us,2020-10-22,43742,Canada,-1
2020-10-24 16:18:47.746000+00:00,62.2525,-124.432,5.93,4.5,mwr,,28.0,1.077,0.9,us,us6000ccnk,2021-01-09T20:05:24.040Z,"Northwest Territories, Canada",earthquake,2.6,3.9,0.051,37.0,reviewed,us,us,2020-10-24,43769,Canada,3
2020-11-04 09:35:21.616000+00:00,54.9665,-59.2565,10.0,4.77,mw,,93.0,4.376,0.64,us,us7000ca9d,2021-01-23T22:25:26.040Z,"197 km NNE of Happy Valley-Goose Bay, Canada",earthquake,8.3,1.8,0.07,58.0,reviewed,us,us,2020-11-04,43744,Canada,-1
2020-11-11 01:10:37.718000+00:00,51.3519,-130.9343,10.0,4.4,mwr,,159.0,1.903,0.95,us,us7000cd6w,2021-01-27T17:28:33.040Z,"283 km WNW of Port McNeill, Canada",earthquake,6.4,1.9,,,reviewed,us,pgc,2020-11-11,43774,Canada,1
2020-11-17 20:50:55.152000+00:00,63.5726,-126.2935,8.72,4.77,mw,,43.0,1.322,0.68,us,us7000cga3,2021-01-27T17:30:19.040Z,"192 km S of Norman Wells, Canada",earthquake,5.9,5.3,0.179,11.0,reviewed,us,us,2020-11-17,43755,Canada,-1
2020-11-18 22:19:45.817000+00:00,53.0044,-132.7863,10.0,4.1,mwr,,160.0,0.272,0.8,us,us6000cq39,2021-02-03T17:49:31.040Z,"218 km SW of Prince Rupert, Canada",earthquake,2.1,1.9,,,reviewed,us,pgc,2020-11-18,43857,Canada,1
2020-11-23 03:50:20.337000+00:00,73.1789,-95.7677,10.0,5.2,mw,,44.0,1.538,0.92,us,us6000crk3,2021-02-03T17:50:27.040Z,"Somerset Island, Nunavut, Canada",earthquake,5.9,1.9,0.024,557.0,reviewed,us,us,2020-11-23,43740,Canada,-1
2020-12-21 12:16:19.089000+00:00,66.3388,-135.6929,23.38,4.2,mwr,,35.0,0.415,0.76,us,us7000csxi,2021-02-27T23:26:51.040Z,"127 km SSW of Fort McPherson, Canada",earthquake,2.8,4.1,0.045,47.0,reviewed,us,us,2020-12-21,43806,Canada,2
2020-12-25 17:13:47.265000+00:00,50.6013,-130.1077,10.0,4.7,mwr,,125.0,1.258,1.01,us,us6000d2zn,2025-12-22T18:47:23.427Z,"213 km W of Port McNeill, Canada",earthquake,4.4,1.6,0.089,12.0,reviewed,us,us,2020-12-25,43762,Canada,1
2021-02-10 21:18:41.941000+00:00,64.8599,-133.7469,9.29,4.2,mwr,,149.0,0.981,0.45,us,us6000dgdt,2021-04-22T21:52:46.040Z,"287 km ENE of Dawson City, Canada",earthquake,3.8,4.9,0.05,39.0,reviewed,us,us,2021-02-10,43853,Canada,2
2021-02-14 01:33:10.758000+00:00,51.2274,-115.554,16.86,4.1,mwr,,76.0,1.206,0.89,us,us6000dhih,2025-08-17T17:26:09.542Z,"5 km N of Banff, Canada",earthquake,5.2,7.2,,,reviewed,us,pgc,2021-02-14,43865,Canada,-1
2021-02-22 13:54:30.651000+00:00,47.7286,-128.5833,10.0,4.4,mwr,,196.0,2.399,0.43,us,us6000dk33,2021-05-04T14:16:18.040Z,"253 km SW of Tofino, Canada",earthquake,8.6,2.0,0.083,14.0,reviewed,us,us,2021-02-22,43802,Canada,1
2021-06-10 11:20:15.926000+00:00,60.1908,-74.0329,10.0,4.0,mwr,,48.0,3.569,1.24,us,us7000ebpz,2021-08-24T21:33:39.040Z,"240 km SSE of Salluit, Canada",earthquake,6.2,1.8,,29.0,reviewed,us,slm,2021-06-10,44097,Canada,-1
2021-08-11 04:34:30.917000+00:00,50.6268,-101.6747,10.0,4.43,mw,,31.0,2.712,0.92,us,us6000f419,2021-10-23T15:46:03.040Z,"25 km S of Langenburg, Canada",earthquake,7.1,2.0,0.053,95.0,reviewed,us,us,2021-08-11,44035,Canada,-1
2021-09-21 06:12:55.997000+00:00,48.7634,-129.0865,10.0,4.5,mwr,,147.0,0.804,0.69,us,us7000fd2r,2021-12-03T15:01:40.040Z,"236 km WSW of Tofino, Canada",earthquake,7.8,2.0,,,reviewed,us,pgc,2021-09-21,43973,Canada,1
2021-10-12 14:56:18.917000+00:00,49.2003,-128.1394,10.0,4.2,mwr,,167.0,1.441,0.61,us,us6000ftzu,2022-08-08T10:46:29.739Z,"Offshore Vancouver Island, Canada",earthquake,4.5,1.9,,,reviewed,us,pgc,2021-10-12,44076,Canada,1
2021-10-18 07:35:37.361000+00:00,65.316,-133.4335,5.22,4.3,mwr,,36.0,2.029,0.49,us,us6000fvki,2021-12-25T22:58:45.040Z,"245 km SSE of Fort McPherson, Canada",earthquake,5.1,3.7,,,reviewed,us,pgc,2021-10-18,44191,Canada,2
2021-10-21 03:23:22.767000+00:00,52.5706,-115.2218,17.03,4.2,mwr,,66.0,1.308,0.56,us,us6000fwbp,2024-04-06T09:54:21.811Z,"30 km NW of Rocky Mountain House, Canada",earthquake,5.8,5.0,,,reviewed,us,pgc,2021-10-21,44230,Canada,-1
2021-10-28 17:24:03.652000+00:00,51.211,-130.6933,10.0,4.0,mwr,,177.0,1.128,0.74,us,us7000fssk,2022-01-08T17:43:54.040Z,"262 km WNW of Port McNeill, Canada",earthquake,4.2,2.0,,,reviewed,us,pgc,2021-10-28,44242,Canada,1
2021-10-29 13:48:57.178000+00:00,67.6223,-66.0049,14.05,5.03,mw,,52.0,5.985,0.46,us,us7000fpr4,2022-01-14T17:58:42.040Z,"165 km N of Pangnirtung, Canada",earthquake,7.6,4.9,0.032,297.0,reviewed,us,us,2021-10-29,44106,Canada,-1
2021-11-27 12:17:00.947000+00:00,50.385,-129.8032,10.0,4.51,mw,,184.0,1.096,0.59,us,us7000fxh8,2022-02-05T23:04:19.040Z,"194 km W of Port McNeill, Canada",earthquake,8.0,2.0,0.078,45.0,reviewed,us,us,2021-11-27,44113,Canada,1
2022-01-14 06:38:23.840000+00:00,50.4878,-130.3172,10.0,4.4,mwr,,181.0,1.401,0.76,us,us7000gbtt,2022-03-19T22:08:01.040Z,"229 km W of Port McNeill, Canada",earthquake,8.8,2.0,,,reviewed,us,pgc,2022-01-14,44143,Canada,1
2022-02-22 14:26:04.533000+00:00,49.2327,-129.0681,10.0,4.43,mw,,205.0,1.533,0.66,us,us6000h04f,2022-05-04T13:39:47.040Z,"207 km SW of Port McNeill, Canada",earthquake,8.2,2.0,0.113,22.0,reviewed,us,us,2022-02-22,44114,Canada,1
2022-03-06 21:54:10.875000+00:00,70.3855,-134.4776,10.0,5.11,mw,,59.0,2.116,0.53,us,us6000h2lu,2022-05-14T21:52:19.040Z,"227 km N of Inuvik, Canada",earthquake,6.5,1.8,0.05,122.0,reviewed,us,us,2022-03-06,44103,Canada,-1
2022-04-23 21:22:47.948000+00:00,50.4725,-129.6895,10.0,5.3,mww,189.0,111.0,1.006,0.58,us,us6000hfx7,2022-07-05T03:39:49.040Z,"185 km W of Port McNeill, Canada",earthquake,3.4,1.6,0.034,85.0,reviewed,us,us,2022-04-23,44290,Canada,1
2022-05-05 03:38:10.239000+00:00,48.5563,-128.9545,10.0,4.51,mw,38.0,145.0,0.607,0.39,us,us7000h76t,2022-07-09T21:40:01.040Z,"233 km WSW of Tofino, Canada",earthquake,5.2,1.9,0.213,6.0,reviewed,us,us,2022-05-05,44332,Canada,1
2022-05-09 13:02:06.565000+00:00,53.7399,-131.8468,10.0,4.1,mwr,83.0,86.0,0.657,0.7,us,us7000h83p,2022-07-22T18:31:08.040Z,"Hecate Strait region, Canada",earthquake,3.6,1.9,0.089,12.0,reviewed,us,us,2022-05-09,44456,Canada,-1
2022-05-13 20:03:21.625000+00:00,60.0903,-73.693,10.0,4.51,mw,66.0,28.0,3.371,0.79,us,us6000hkze,2022-07-22T18:30:56.040Z,"257 km SSE of Salluit, Canada",earthquake,5.2,1.9,0.061,81.0,reviewed,us,us,2022-05-13,44341,Canada,-1
2022-06-04 23:59:10.007000+00:00,51.6137,-131.4027,6.61,5.1,mww,135.0,144.0,0.692,0.63,us,us7000hf29,2022-08-13T21:52:44.040Z,"Haida Gwaii Region, Canada",earthquake,6.0,4.2,0.08,15.0,reviewed,us,us,2022-06-04,44302,Canada,1
2022-06-13 17:34:43.012000+00:00,50.9202,-129.9414,10.0,4.94,mw,97.0,155.0,1.181,1.01,us,us7000hh4b,2022-08-21T00:16:51.040Z,"204 km W of Port McNeill, Canada",earthquake,7.0,1.9,0.036,228.0,reviewed,us,us,2022-06-13,44306,Canada,1
2022-08-08 07:38:56.410000+00:00,48.9736,-128.6522,10.0,4.6,mwr,113.0,100.0,1.702,0.44,us,us6000i90r,2022-10-21T23:19:08.040Z,"201 km W of Tofino, Canada",earthquake,4.36,1.85,0.089,12.0,reviewed,us,us,2022-08-08,44310,Canada,1
2022-10-05 08:26:57.555000+00:00,64.5119,-134.9768,10.0,4.4,mwr,73.0,33.0,1.004,0.77,us,us6000ir0a,2022-12-10T22:53:15.040Z,"Southern Yukon Territory, Canada",earthquake,4.22,1.853,0.078,16.0,reviewed,us,us,2022-10-05,44397,Canada,-1
2022-10-06 05:18:31.545000+00:00,61.2598,-139.5445,16.892,4.2,mwr,29.0,71.0,0.109,0.67,us,us6000ircv,2022-12-10T22:53:21.040Z,"Southern Yukon Territory, Canada",earthquake,2.33,5.323,0.04,60.0,reviewed,us,us,2022-10-06,44455,Canada,-1
2022-11-04 21:31:20.740000+00:00,75.7509,-104.955,10.0,5.11,mw,152.0,30.0,2.79,0.77,us,us7000iml4,2024-01-18T17:18:53.146Z,"Bathurst Island region, Nunavut, Canada",earthquake,7.24,1.854,0.038,218.0,reviewed,us,us,2022-11-04,44492,Canada,-1
2022-11-11 16:10:20.282000+00:00,57.1974,-122.1481,10.0,4.5,mwr,39.0,70.0,0.435,0.89,us,us7000iq5k,2023-01-21T19:27:26.040Z,"131 km NW of Fort St. John, Canada",earthquake,5.03,1.806,,,reviewed,us,pgc,2022-11-11,44609,Canada,-1
2022-11-19 10:24:27.674000+00:00,72.3381,-74.3337,9.04,4.85,mw,64.0,60.0,1.156,0.53,us,us7000iqz2,2023-01-30T06:00:09.040Z,"Baffin Island region, Nunavut, Canada",earthquake,6.1,4.793,0.059,84.0,reviewed,us,us,2022-11-19,44517,Canada,-1
2022-11-26 03:50:17.526000+00:00,49.2714,-126.0923,33.38,4.9,mww,148.0,123.0,0.499,0.61,us,us7000ishe,2023-02-05T23:23:54.040Z,"18 km NW of Tofino, Canada",earthquake,7.94,3.895,0.053,34.0,reviewed,us,us,2022-11-26,44510,Canada,-1
2022-11-29 19:07:40.618000+00:00,75.851,-122.08,10.0,4.6,mw,27.0,121.0,8.338,0.56,us,us6000j5l3,2023-02-05T23:25:16.040Z,"Prince Patrick Island, Northwest Territories, Canada",earthquake,12.38,1.972,0.158,12.0,reviewed,us,us,2022-11-29,44560,Canada,-1
2022-11-30 00:55:55.330000+00:00,56.1593,-116.576,4.0,5.3,mww,124.0,31.0,1.834,0.61,us,us6000j5n4,2024-04-06T09:49:16.475Z,"45 km ESE of Peace River, Canada",earthquake,6.38,1.804,0.045,47.0,reviewed,us,us,2022-11-30,44485,Canada,-1
2022-12-06 13:29:18.635000+00:00,50.6979,-130.1776,10.0,4.94,mw,50.0,125.0,1.72,0.37,us,us6000j7ce,2023-02-11T23:03:11.040Z,"218 km W of Port McNeill, Canada",earthquake,6.36,1.892,0.042,172.0,reviewed,us,us,2022-12-06,44500,Canada,1
2022-12-11 14:53:49.224000+00:00,72.6649,-95.9574,10.0,4.6,mw,65.0,72.0,5.369,0.69,us,us6000j8lv,2023-02-18T22:04:03.040Z,"Somerset Island, Nunavut, Canada",earthquake,9.25,1.927,0.066,64.0,reviewed,us,us,2022-12-11,44590,Canada,-1
2022-12-24 09:01:22.174000+00:00,53.821,-131.7345,10.0,4.85,mw,82.0,65.0,0.693,0.51,us,us6000jbf4,2023-03-07T18:59:45.040Z,"107 km WSW of Prince Rupert, Canada",earthquake,3.98,1.773,0.047,131.0,reviewed,us,us,2022-12-24,44511,Canada,-1
2023-01-18 18:19:07.216000+00:00,62.2077,-123.9912,11.869,4.43,mw,47.0,70.0,3.136,1.04,us,us7000j5aj,2024-01-18T19:13:05.195Z,"Northwest Territories, Canada",earthquake,6.48,3.771,0.134,15.0,reviewed,us,us,2023-01-18,44614,Canada,3
2023-01-28 16:10:51.373000+00:00,49.0299,-128.4935,10.0,4.43,mw,20.0,198.0,1.974,1.07,us,us6000jk08,2023-04-11T18:51:39.040Z,"189 km W of Tofino, Canada",earthquake,6.49,2.003,0.134,18.0,reviewed,us,us,2023-01-28,44613,Canada,1
2023-02-17 06:55:48.570000+00:00,50.4493,-129.6833,10.0,4.94,mw,83.0,159.0,1.998,0.54,us,us6000jpja,2023-04-22T21:33:15.040Z,"Vancouver Island, Canada region",earthquake,8.62,1.92,0.053,104.0,reviewed,us,us,2023-02-17,44507,Canada,1
2023-02-20 09:08:36.002000+00:00,48.7357,-128.9459,10.0,4.51,mw,68.0,128.0,0.786,0.38,us,us6000jq9j,2023-04-29T21:57:16.040Z,"Vancouver Island, Canada region",earthquake,4.8,1.941,0.069,57.0,reviewed,us,us,2023-02-20,44593,Canada,1
2023-03-08 07:32:55.369000+00:00,61.282,-140.5725,11.0,4.7,mwr,99.0,44.0,0.39,1.32,us,us7000ji35,2023-05-15T02:50:07.040Z,"Yukon, Canada",earthquake,2.15,1.511,0.038,65.0,reviewed,us,us,2023-03-08,44522,Canada,-1
2023-03-12 15:31:54.185000+00:00,48.7614,-129.5918,10.0,4.68,mw,45.0,125.0,0.861,0.84,us,us7000jjch,2023-05-20T23:20:18.040Z,"272 km SW of Port McNeill, Canada",earthquake,2.68,1.895,0.047,141.0,reviewed,us,us,2023-03-12,44535,Canada,1
2023-03-13 13:59:01.178000+00:00,52.8084,-132.1568,10.0,4.6,mw,116.0,168.0,0.355,0.82,us,us7000jjj5,2023-05-20T23:20:20.040Z,"207 km SW of Prince Rupert, Canada",earthquake,6.11,1.884,0.062,73.0,reviewed,us,us,2023-03-13,44570,Canada,1
2023-04-13 15:54:53.808000+00:00,49.215,-129.6178,7.0,6.0,mww,228.0,54.0,1.719,0.65,us,us6000k42y,2024-01-18T19:46:49.152Z,"237 km SW of Port McNeill, Canada",earthquake,5.71,1.776,0.032,96.0,reviewed,us,us,2023-04-13,44645,Canada,1
2023-04-19 18:56:31.548000+00:00,49.1534,-128.8899,10.0,4.68,mw,102.0,160.0,1.567,0.85,us,us6000k5kt,2023-07-03T02:47:06.040Z,"205 km SW of Port McNeill, Canada",earthquake,7.45,1.914,0.045,145.0,reviewed,us,us,2023-04-19,44670,Canada,1
2023-05-08 16:10:06.047000+00:00,52.3272,-132.0576,10.0,4.2,mwr,139.0,82.0,0.529,0.59,us,us6000kaf3,2023-07-22T19:16:25.040Z,"249 km SSW of Prince Rupert, Canada",earthquake,5.89,1.886,0.052,35.0,reviewed,us,us,2023-05-08,44810,Canada,1
2023-08-15 12:14:50.486000+00:00,52.6491,-132.0096,10.172,4.4,mwr,136.0,147.0,0.496,0.56,us,us6000l02p,2023-10-27T21:39:02.040Z,"216 km SSW of Prince Rupert, Canada",earthquake,6.67,1.325,0.071,19.0,reviewed,us,us,2023-08-15,44802,Canada,1
2023-09-17 11:28:11.258000+00:00,50.8131,-130.3127,10.0,5.5,mww,97.0,131.0,1.396,0.83,us,us7000kwaz,2023-12-02T23:01:06.040Z,"229 km W of Port McNeill, Canada",earthquake,5.95,1.862,0.027,133.0,reviewed,us,us,2023-09-17,44651,Canada,1
2023-09-25 13:31:51.857000+00:00,47.7239,-128.4548,10.0,4.51,mw,59.0,182.0,2.329,0.88,us,us7000kxzd,2023-12-09T22:00:45.040Z,"246 km SW of Tofino, Canada",earthquake,4.37,1.984,0.074,50.0,reviewed,us,us,2023-09-25,44769,Canada,1
2023-10-16 03:13:54.643000+00:00,50.7101,-129.9313,10.0,4.8,mwr,102.0,147.0,1.146,0.65,us,us6000lftw,2023-12-26T21:24:21.040Z,"201 km W of Port McNeill, Canada",earthquake,6.97,1.847,0.086,13.0,reviewed,us,us,2023-10-16,44893,Canada,1
2023-12-17 20:19:14.288000+00:00,47.2078,-76.6533,9.892,4.43,mw,38.0,70.0,1.234,0.66,us,us7000ljqr,2024-02-27T22:57:00.040Z,"93 km NNW of Saint-Boniface, Canada",earthquake,2.53,6.309,0.125,19.0,reviewed,us,us,2023-12-17,44949,Canada,-1
2023-12-17 23:23:15.663000+00:00,51.0962,-124.397,10.0,4.7,mwr,146.0,50.0,1.232,1.01,us,us7000ljrn,2024-02-27T22:57:00.040Z,"131 km SW of Hanceville, Canada",earthquake,4.97,1.775,0.043,52.0,reviewed,us,us,2023-12-17,44910,Canada,-1
2024-01-03 17:14:06.146000+00:00,52.5166,-132.6435,10.0,4.1,mwr,12.0,178.0,0.751,0.56,us,us7000ltji,2024-03-09T21:41:02.040Z,"252 km SW of Prince Rupert, Canada",earthquake,2.99,1.996,,,reviewed,us,pgc,2024-01-03,44973,Canada,1
2024-01-14 06:41:40.967000+00:00,61.4739,-78.798,9.332,4.68,mw,32.0,71.0,5.254,0.66,us,us6000m4rc,2024-03-16T19:01:14.040Z,"184 km WSW of Salluit, Canada",earthquake,8.8,5.983,0.097,30.0,reviewed,us,us,2024-01-14,44921,Canada,-1
2024-01-29 19:14:45.632000+00:00,66.7791,-135.6944,10.0,4.6,mw,48.0,76.0,1.746,0.52,us,us7000lusz,2024-04-13T19:26:52.040Z,"195 km SSW of Inuvik, Canada",earthquake,6.05,1.926,0.166,10.0,reviewed,us,us,2024-01-29,44936,Canada,2
2024-02-11 03:40:55.645000+00:00,50.0993,-132.6978,10.0,4.0,mwr,46.0,177.0,3.083,0.69,us,us7000lyeb,2024-04-20T19:35:28.040Z,west of Vancouver Island,earthquake,7.13,1.956,,,reviewed,us,pgc,2024-02-11,44998,Canada,-1
2024-03-06 08:41:27.698000+00:00,48.0385,-129.0062,10.0,4.9,mww,94.0,94.0,0.134,0.86,us,us7000m3n8,2026-02-19T16:58:38.280Z,"259 km WSW of Tofino, Canada",earthquake,6.22,1.832,0.049,40.0,reviewed,us,us,2024-03-06,44893,Canada,1
2024-03-31 15:04:37.327000+00:00,78.8607,-94.9821,10.0,5.11,mw,60.0,53.0,4.196,0.7,us,us7000m92v,2024-06-01T21:55:50.040Z,"Sverdrup Islands, Nunavut, Canada",earthquake,9.66,1.88,0.034,267.0,reviewed,us,us,2024-03-31,44831,Canada,-1
2024-04-07 04:40:23.731000+00:00,47.5038,-129.0933,10.0,4.51,mw,44.0,157.0,0.42,1.08,us,us7000majs,2026-03-23T17:29:36.487Z,"299 km SW of Tofino, Canada",earthquake,7.42,1.963,0.111,22.0,reviewed,us,us,2024-04-07,45100,Canada,1
2024-04-13 11:21:48.756000+00:00,56.8208,-121.6502,8.942,4.2,mwr,63.0,50.0,2.073,0.72,us,us7000mbw7,2024-06-17T02:15:23.040Z,"80 km NW of Fort St. John, Canada",earthquake,7.04,4.595,,,reviewed,us,pgc,2024-04-13,45144,Canada,-1
2024-04-18 06:06:04.909000+00:00,50.2411,-129.9156,10.0,5.1,mww,61.0,162.0,1.208,0.49,us,us7000mctr,2024-06-26T21:26:02.040Z,"204 km WSW of Port McNeill, Canada",earthquake,6.5,1.909,0.035,79.0,reviewed,us,us,2024-04-18,45016,Canada,1
2024-05-21 05:38:52.734000+00:00,73.9173,-69.723,10.0,4.77,mw,95.0,36.0,2.673,0.73,us,us6000mzzj,2024-08-06T02:10:09.040Z,"296 km ENE of Pond Inlet, Canada",earthquake,5.79,1.552,0.038,198.0,reviewed,us,us,2024-05-21,45061,Canada,-1
2024-05-23 19:04:44.043000+00:00,68.1806,-136.3293,9.488,4.51,mw,50.0,61.0,1.053,0.54,us,us6000n0jb,2024-08-06T02:10:22.040Z,"109 km WSW of Inuvik, Canada",earthquake,4.51,4.543,0.127,17.0,reviewed,us,us,2024-05-23,45112,Canada,-1
2024-06-02 14:02:42.383000+00:00,65.8126,-135.0102,16.516,4.9,mww,106.0,37.0,1.443,0.65,us,us7000mpmr,2024-08-06T20:32:50.040Z,"286 km NE of Dawson City, Canada",earthquake,4.43,3.29,0.057,30.0,reviewed,us,us,2024-06-02,45049,Canada,2
2024-06-14 20:45:44.515000+00:00,69.8402,-130.7152,9.919,4.6,mw,55.0,65.0,1.842,0.7,us,us7000msik,2024-08-23T18:04:03.040Z,"203 km NE of Inuvik, Canada",earthquake,6.54,4.513,0.088,36.0,reviewed,us,us,2024-06-14,45080,Canada,-1
2024-06-21 10:49:19.962000+00:00,72.3065,-69.8187,10.0,4.6,mw,51.0,56.0,2.493,0.7,us,us7000mts6,2024-08-30T18:17:07.040Z,"209 km NNW of Clyde River, Canada",earthquake,4.51,1.794,0.089,35.0,reviewed,us,us,2024-06-21,45073,Canada,-1
2024-07-11 15:08:47.169000+00:00,48.7877,-128.7103,10.0,6.4,mww,149.0,60.0,0.904,0.88,us,us7000mykj,2026-06-26T20:49:01.098Z,"209 km WSW of Tofino, Canada",earthquake,4.64,1.34,0.041,58.0,reviewed,us,us,2024-07-11,45011,Canada,1
2024-07-23 16:12:14.615000+00:00,50.6244,-129.8113,10.0,4.77,mw,109.0,146.0,1.069,0.61,us,us6000nexj,2024-10-08T21:49:10.005Z,"192 km W of Port McNeill, Canada",earthquake,7.41,1.858,0.035,247.0,reviewed,us,us,2024-07-23,45051,Canada,1
2024-08-24 12:50:11.095000+00:00,54.5628,-117.2201,6.208,4.2,mwr,70.0,117.0,0.219,0.67,us,us7000n96l,2024-11-02T21:28:59.040Z,"32 km WNW of Fox Creek, Canada",earthquake,4.95,6.066,,,reviewed,us,slm,2024-08-24,45166,Canada,-1
2024-09-15 22:22:48.018000+00:00,51.6088,-130.6121,3.766,6.5,mww,172.0,40.0,0.775,0.58,us,us7000ne51,2024-11-21T22:58:58.040Z,"271 km WNW of Port McNeill, Canada",earthquake,4.9,3.358,0.025,150.0,reviewed,us,us,2024-09-15,45005,Canada,1
2024-10-02 15:35:45.347000+00:00,48.8116,-129.5695,10.0,4.6,mw,68.0,89.0,0.94,1.37,us,us7000nhqw,2025-10-02T15:46:00.616Z,"266 km SW of Port McNeill, Canada",earthquake,6.87,1.962,0.073,52.0,reviewed,us,us,2024-10-02,45260,Canada,1
2024-10-04 12:09:31.288000+00:00,56.38,-121.664,5.0,4.0,mwr,76.0,62.0,2.899,0.88,us,us7000nmh8,2024-12-14T14:51:12.040Z,"52 km WNW of Fort St. John, Canada",earthquake,7.02,1.989,,,reviewed,us,pgc,2024-10-04,45336,Canada,-1
2024-10-24 21:13:20.620000+00:00,54.8694,-118.663,10.0,4.85,mw,83.0,36.0,0.678,0.63,us,us7000nn0c,2025-02-20T16:56:56.789Z,"34 km SSE of Grande Prairie, Canada",earthquake,5.68,0.787,0.042,168.0,reviewed,us,us,2024-10-24,45220,Canada,-1
2024-11-08 20:06:04.887000+00:00,65.3878,-134.6031,7.029,4.9,mww,269.0,13.0,1.552,0.57,us,us7000nqqx,2025-01-24T19:51:25.040Z,"273 km ENE of Dawson City, Canada",earthquake,4.55,3.617,0.075,17.0,reviewed,us,us,2024-11-08,45185,Canada,2
2024-11-25 08:24:36.722000+00:00,47.5643,-128.8932,10.0,4.8,mww,190.0,146.0,0.388,0.45,us,us6000p7jr,2025-11-25T08:34:50.038Z,"283 km SW of Tofino, Canada",earthquake,4.68,1.749,0.05,38.0,reviewed,us,us,2024-11-25,45237,Canada,1
2024-12-02 02:00:15.246000+00:00,50.6611,-138.1149,10.0,4.51,mw,25.0,198.0,4.318,1.22,us,us7000nvcy,2025-02-15T18:28:53.040Z,west of Vancouver Island,earthquake,8.43,2.004,0.076,47.0,reviewed,us,us,2024-12-02,45307,Canada,-1
2024-12-06 06:32:02.434000+00:00,49.12,-128.9882,10.0,4.51,mw,34.0,205.0,1.619,1.31,us,us7000nwgz,2025-02-15T18:30:17.040Z,"213 km SW of Port McNeill, Canada",earthquake,8.59,1.969,0.059,82.0,reviewed,us,us,2024-12-06,45302,Canada,1
2024-12-18 08:53:14.695000+00:00,66.9977,-136.0245,15.734,4.6,mw,63.0,29.0,1.625,0.63,us,us7000nzrf,2025-02-27T17:30:52.040Z,"180 km SSW of Inuvik, Canada",earthquake,3.83,4.628,0.102,27.0,reviewed,us,us,2024-12-18,45286,Canada,2
2025-01-13 20:50:19.577000+00:00,74.4924,-92.6823,10.0,4.85,mw,56.0,37.0,0.624,0.69,us,us6000pjt7,2025-03-20T20:55:23.040Z,"Devon Island, Nunavut, Canada",earthquake,6.8,1.902,0.055,96.0,reviewed,us,us,2025-01-13,45205,Canada,-1
2025-01-29 13:53:35.931000+00:00,47.8528,-128.2889,10.0,4.3,mwr,155.0,163.0,2.165,0.44,us,us7000p9ue,2026-01-29T14:03:49.156Z,"227 km SW of Tofino, Canada",earthquake,5.26,1.982,0.031,97.0,reviewed,us,us,2025-01-29,45325,Canada,1
2025-02-03 00:25:36.347000+00:00,51.5199,-130.8998,10.0,4.2,mwr,76.0,157.0,0.796,0.69,us,us7000pax1,2025-04-15T20:55:29.040Z,"286 km WNW of Port McNeill, Canada",earthquake,7.11,1.918,0.063,24.0,reviewed,us,us,2025-02-03,45329,Canada,1
2025-02-12 06:52:27.181000+00:00,57.0222,-121.9905,10.0,4.43,mw,57.0,60.0,3.437,0.98,us,us7000pd2h,2025-05-02T16:26:15.040Z,"110 km NW of Fort St. John, Canada",earthquake,6.99,1.953,0.134,19.0,reviewed,us,us,2025-02-12,45316,Canada,-1
2025-02-20 15:41:05.484000+00:00,54.3703,-118.4904,10.0,4.7,mww,49.0,47.0,0.634,0.73,us,us7000peye,2025-05-06T21:39:17.040Z,"68 km NE of Grande Cache, Canada",earthquake,4.26,1.865,0.059,28.0,reviewed,us,us,2025-02-20,45248,Canada,-1
2025-02-21 21:26:32.781000+00:00,49.6928,-123.5454,10.0,4.8,mww,37.0,45.0,0.954,1.07,us,us7000pfbs,2026-07-09T20:41:43.849Z,"28 km W of Squamish, Canada",earthquake,3.69,1.9,0.052,35.0,reviewed,us,us,2025-02-21,45244,Canada,-1
2025-02-25 05:37:28.702000+00:00,50.4881,-130.0453,10.0,5.2,mww,103.0,56.0,1.946,0.75,us,us6000pv9t,2025-05-06T21:39:12.040Z,"210 km W of Port McNeill, Canada",earthquake,6.01,1.833,0.05,39.0,reviewed,us,us,2025-02-25,45183,Canada,1
2025-03-04 07:40:24.287000+00:00,64.8474,-129.0264,9.601,4.43,mw,45.0,29.0,3.252,0.89,us,us6000pwrk,2025-05-08T19:24:46.040Z,"114 km WSW of Norman Wells, Canada",earthquake,7.33,5.237,0.095,30.0,reviewed,us,us,2025-03-04,45324,Canada,-1
2025-04-21 22:27:35.055000+00:00,51.0125,-136.0243,10.0,4.6,mw,30.0,187.0,3.268,0.55,us,us7000pu3a,2025-06-27T00:34:46.040Z,west of Vancouver Island,earthquake,9.14,1.953,0.077,47.0,reviewed,us,us,2025-04-21,45479,Canada,-1
2025-06-11 18:28:27.371000+00:00,56.7419,-121.6934,10.744,4.4,mwr,193.0,19.0,0.74,0.5,us,us6000qjm5,2025-08-22T20:25:58.040Z,"75 km NW of Fort St. John, Canada",earthquake,5.82,4.098,,35.0,reviewed,us,slm,2025-06-11,45527,Canada,-1
2025-07-25 02:36:02.491000+00:00,65.1483,-130.7498,9.787,4.6,mw,21.0,86.0,3.186,0.84,us,us6000quz1,2025-10-11T20:57:11.040Z,"183 km W of Norman Wells, Canada",earthquake,9.16,5.571,0.199,7.0,reviewed,us,us,2025-07-25,45485,Canada,-1
2025-07-31 14:55:44.390000+00:00,73.9754,-73.2825,10.0,5.0,mww,107.0,43.0,1.86,0.65,us,us6000qwyk,2025-10-17T22:51:42.040Z,"206 km NE of Pond Inlet, Canada",earthquake,8.03,1.864,0.069,20.0,reviewed,us,us,2025-07-31,45384,Canada,-1
2025-09-07 15:00:09.285000+00:00,51.4476,-130.5975,10.0,4.51,mw,71.0,170.0,0.925,0.61,us,us7000qukk,2025-11-30T23:40:32.040Z,"264 km WNW of Port McNeill, Canada",earthquake,9.39,1.952,0.049,115.0,reviewed,us,us,2025-09-07,45523,Canada,1
2025-09-11 00:55:09.998000+00:00,71.5454,-64.4146,9.649,4.68,mw,18.0,57.0,3.568,0.68,us,us6000rei5,2025-12-03T03:57:57.040Z,"193 km NE of Clyde River, Canada",earthquake,8.27,6.467,0.188,8.0,reviewed,us,us,2025-09-11,45435,Canada,-1
2025-11-15 09:58:36.389000+00:00,51.5905,-80.3757,10.838,4.51,mw,37.0,76.0,3.801,0.76,us,us6000rng1,2026-02-10T15:55:10.040Z,"39 km NNE of Moosonee, Canada",earthquake,10.47,5.962,0.084,39.0,reviewed,us,us,2025-11-15,45611,Canada,-1
2025-12-04 02:28:16.634000+00:00,50.1159,-129.7307,10.0,4.51,mw,56.0,191.0,1.15,1.03,us,us7000rffx,2026-03-04T18:44:24.040Z,"195 km WSW of Port McNeill, Canada",earthquake,7.48,1.936,0.117,20.0,reviewed,us,us,2025-12-04,45618,Canada,1
2025-12-11 02:41:12.759000+00:00,48.8521,-129.174,10.0,4.51,mw,15.0,161.0,0.93,0.75,us,us6000ru26,2026-07-09T02:51:21.516Z,"241 km W of Tofino, Canada",earthquake,8.24,1.965,0.099,28.0,reviewed,us,us,2025-12-11,45661,Canada,1
2026-01-23 17:00:07.566000+00:00,54.3013,-118.4345,8.98,4.0,mwr,91.0,55.0,0.644,0.79,us,us7000rrmv,2026-04-21T16:28:01.040Z,"65 km NE of Grande Cache, Canada",earthquake,3.1,9.472,0.056,31.0,reviewed,us,us,2026-01-23,45670,Canada,-1
2026-01-28 03:59:16.585000+00:00,44.5528,-79.1239,8.471,4.51,mw,61.0,48.0,0.217,0.63,us,us6000s4xb,2026-04-21T16:27:52.040Z,"24 km ESE of Orillia, Canada",earthquake,3.85,5.482,0.101,27.0,reviewed,us,us,2026-01-28,45666,Canada,-1
2026-02-01 17:41:44.749000+00:00,54.991,-115.8082,10.467,4.0,mwr,81.0,30.0,1.05,0.49,us,us6000s5vg,2026-04-23T20:43:19.040Z,"40 km NW of Swan Hills, Canada",earthquake,5.18,5.05,,61.0,reviewed,us,slm,2026-02-01,45704,Canada,-1
2026-03-07 20:29:22.056000+00:00,73.1261,-70.6681,10.0,5.03,mw,141.0,59.0,2.197,0.44,us,us7000s2vg,2026-05-22T21:58:39.040Z,"243 km E of Pond Inlet, Canada",earthquake,6.65,1.854,0.046,143.0,reviewed,us,us,2026-03-07,45592,Canada,-1
2026-03-25 13:25:35.267000+00:00,52.568,-131.7561,10.0,4.51,mw,52.0,154.0,0.439,0.41,us,us7000s7j3,2026-06-04T18:38:06.040Z,"216 km SSW of Prince Rupert, Canada",earthquake,8.22,1.91,0.061,74.0,reviewed,us,us,2026-03-25,45729,Canada,1
2026-04-01 23:27:29.822000+00:00,53.9263,-113.3953,5.0,4.68,mw,59.0,55.0,0.705,0.74,us,us6000slup,2026-06-10T15:14:46.040Z,"10 km N of Bon Accord, Canada",earthquake,7.67,1.927,0.072,54.0,reviewed,us,us,2026-04-01,45722,Canada,-1
2026-04-14 16:36:42.844000+00:00,45.7747,-76.3709,10.0,4.0,mwr,136.0,21.0,1.093,0.59,us,us6000sq0v,2026-06-24T16:34:37.040Z,"21 km NNE of Shawville, Canada",earthquake,2.33,1.855,0.05,39.0,reviewed,us,us,2026-04-14,45833,Canada,-1
2026-05-12 11:36:59.387000+00:00,47.7315,-128.9996,10.0,4.43,mw,30.0,166.0,0.206,0.39,us,us6000sz0r,2026-07-14T11:47:00.456Z,"278 km SW of Tofino, Canada",earthquake,6.39,1.971,0.183,8.0,reviewed,us,us,2026-05-12,45742,Canada,1
2026-06-18 14:21:22.458000+00:00,48.7986,-68.1308,10.0,4.4,mwr,109.0,50.0,0.918,0.95,us,us7000subl,2026-06-28T18:37:25.210Z,"24 km N of Mont-Joli, Canada",earthquake,7.6,1.819,0.054,33.0,reviewed,us,us,2026-06-18,45807,Canada,-1
2026-07-14 10:58:09.498000+00:00,50.7308,-130.0482,10.0,4.43,mw,54.0,166.0,1.222,0.68,us,us7000t0am,2026-07-14T13:07:56.201Z,"209 km W of Port McNeill, Canada",earthquake,7.12,1.889,0.048,118.0,reviewed,us,us,2026-07-14,45770,Canada,1
