time,latitude,longitude,depth,mag,magType,nst,gap,dmin,rms,net,id,updated,place,type,horizontalError,depthError,magError,magNst,status,locationSource,magSource,Date,Day_Number,country,cluster
1901-10-08 02:16:00+00:00,11.0,-86.5,,7.1,mw,,,,,official,official19011008021600000,2025-04-30T22:57:25.042Z,Near the coast of Nicaragua,earthquake,,,,,reviewed,official,official,1901-10-08,0,Near the coast of Nicaragua,1
1906-06-20 02:25:54.750000+00:00,12.381,-88.018,35.0,6.2,mw,,,,,iscgem,iscgem610548645,2022-04-25T20:40:14.188Z,"73 km WSW of Jiquilillo, Nicaragua",earthquake,,27.9,0.3,,reviewed,iscgem,iscgem,1906-06-20,1716,Nicaragua,1
1907-07-01 13:08:48.750000+00:00,11.663,-87.847,15.0,7.17,mw,,,,,iscgem,iscgem610548690,2022-04-25T20:41:24.964Z,"116 km SW of Corinto, Nicaragua",earthquake,,14.3,0.38,,reviewed,iscgem,iscgem,1907-07-01,2092,Nicaragua,1
1907-12-30 05:26:55.740000+00:00,10.679,-86.49,35.0,7.29,mw,,,,,iscgem,iscgem16957981,2022-04-25T20:29:24.859Z,"92 km SW of San Juan del Sur, Nicaragua",earthquake,,19.4,0.2,,reviewed,iscgem,iscgem,1907-12-30,2274,Nicaragua,1
1918-07-31 14:37:10.120000+00:00,10.876,-87.462,15.0,6.4,mw,,,,,iscgem,iscgem913213,2022-04-25T23:56:03.525Z,"144 km SW of Masachapa, Nicaragua",earthquake,,15.4,0.28,,reviewed,iscgem,iscgem,1918-07-31,6140,Nicaragua,1
1919-07-22 22:01:10.890000+00:00,11.661,-87.748,15.0,6.1,mw,,,,,iscgem,iscgem912861,2022-04-25T23:52:56.655Z,"110 km SW of Corinto, Nicaragua",earthquake,,16.7,0.23,,reviewed,iscgem,iscgem,1919-07-22,6496,Nicaragua,1
1921-03-28 07:49:28.780000+00:00,12.61,-87.216,65.0,7.2,mw,,,,,iscgem,iscgem912192,2022-04-25T23:43:15.890Z,"7 km SW of El Viejo, Nicaragua",earthquake,,50.3,0.34,,reviewed,iscgem,iscgem,1921-03-28,7111,Nicaragua,1
1922-02-16 03:14:47.930000+00:00,11.317,-86.073,25.0,6.41,mw,,,,,iscgem,iscgem911826,2022-05-09T22:48:49.066Z,"19 km SW of Tola, Nicaragua",earthquake,,53.5,0.2,,reviewed,iscgem,iscgem,1922-02-16,7436,Nicaragua,1
1926-02-10 14:48:31.430000+00:00,13.067,-86.254,15.0,5.71,mw,,,,,iscgemsup,iscgemsup909740,2022-05-09T17:45:42.617Z,"11 km ESE of Estelí, Nicaragua",earthquake,,25.0,0.2,,reviewed,iscgemsup,iscgemsup,1926-02-10,8891,Nicaragua,2
1926-11-05 07:55:27.090000+00:00,12.656,-86.82,15.0,6.98,mw,,,,,iscgem,iscgem910221,2022-04-25T23:22:23.689Z,"15 km NNE of Telica, Nicaragua",earthquake,,4.0,0.37,,reviewed,iscgem,iscgem,1926-11-05,9159,Nicaragua,1
1928-10-25 12:33:03.980000+00:00,11.613,-87.012,30.0,6.58,mw,,,,,iscgem,iscgem908944,2022-04-25T22:58:34.644Z,"57 km WSW of Masachapa, Nicaragua",earthquake,,22.3,0.33,,reviewed,iscgem,iscgem,1928-10-25,9879,Nicaragua,1
1930-07-29 06:24:00.880000+00:00,12.545,-86.894,15.0,5.99,mw,,,,,iscgem,iscgem907525,2022-04-25T22:30:55.829Z,"4 km NNE of Quezalguaque, Nicaragua",earthquake,,50.3,0.2,,reviewed,iscgem,iscgem,1930-07-29,10521,Nicaragua,1
1931-03-07 00:41:52.350000+00:00,11.067,-85.89,15.0,6.23,mw,,,,,iscgem,iscgem906652,2022-04-25T22:14:23.221Z,"20 km S of San Juan del Sur, Nicaragua",earthquake,,36.2,0.2,,reviewed,iscgem,iscgem,1931-03-07,10742,Nicaragua,1
1931-03-31 16:02:19.590000+00:00,12.569,-87.453,15.0,6.1,mw,,,,,iscgem,iscgem906694,2022-04-25T22:15:07.691Z,"19 km S of Jiquilillo, Nicaragua",earthquake,,19.9,0.2,,reviewed,iscgem,iscgem,1931-03-31,10766,Nicaragua,1
1932-10-02 02:59:16.590000+00:00,11.364,-86.58,30.0,6.81,mw,,,,,iscgem,iscgem906404,2022-05-09T22:49:01.315Z,"47 km S of Masachapa, Nicaragua",earthquake,,23.8,0.7,,reviewed,iscgem,iscgem,1932-10-02,11317,Nicaragua,1
1934-12-22 14:29:37.160000+00:00,11.362,-86.859,25.0,6.65,mw,,,,,iscgem,iscgem905316,2022-04-25T21:50:43.331Z,"60 km SW of Masachapa, Nicaragua",earthquake,,22.3,0.28,,reviewed,iscgem,iscgem,1934-12-22,12128,Nicaragua,1
1935-09-01 00:48:45.950000+00:00,12.528,-87.739,35.0,5.58,mw,,,,,iscgem,iscgem904490,2022-04-25T21:35:42.612Z,"39 km SW of Jiquilillo, Nicaragua",earthquake,,19.9,0.39,,reviewed,iscgem,iscgem,1935-09-01,12381,Nicaragua,1
1938-04-25 17:07:51.530000+00:00,12.094,-86.922,15.0,6.13,mw,,,,,iscgem,iscgem902461,2022-04-25T20:53:59.621Z,"38 km SW of La Paz Centro, Nicaragua",earthquake,,18.8,0.2,,reviewed,iscgem,iscgem,1938-04-25,13348,Nicaragua,1
1938-05-06 18:17:33.680000+00:00,12.473,-86.52,35.0,6.12,mw,,,,,iscgem,iscgem902474,2022-04-25T20:54:05.374Z,"22 km NE of La Paz Centro, Nicaragua",earthquake,,25.0,0.2,,reviewed,iscgem,iscgem,1938-05-06,13359,Nicaragua,1
1939-02-09 15:30:37.950000+00:00,11.101,-86.318,15.0,6.14,mw,,,,,iscgem,iscgem901823,2022-04-25T20:43:30.616Z,near the coast of Nicaragua,earthquake,,26.4,0.28,,reviewed,iscgem,iscgem,1939-02-09,13638,near the coast of Nicaragua,1
1941-01-06 09:48:39.690000+00:00,11.653,-86.399,70.0,6.14,mw,,,,,iscgem,iscgem900612,2022-04-26T19:23:33.750Z,"14 km SSW of El Rosario, Nicaragua",earthquake,,23.8,0.29,,reviewed,iscgem,iscgem,1941-01-06,14335,Nicaragua,1
1942-09-26 04:00:20.010000+00:00,12.685,-87.941,35.0,6.31,mw,,,,,iscgem,iscgem900482,2022-04-26T19:21:13.576Z,"53 km W of Jiquilillo, Nicaragua",earthquake,,27.9,0.27,,reviewed,iscgem,iscgem,1942-09-26,14963,Nicaragua,1
1947-01-25 03:52:44.230000+00:00,12.851,-87.824,45.0,6.2,mw,,,,,iscgem,iscgem897729,2022-04-26T18:46:18.261Z,"42 km WNW of Jiquilillo, Nicaragua",earthquake,,38.1,0.55,,reviewed,iscgem,iscgem,1947-01-25,16545,Nicaragua,1
1951-08-03 05:25:46.160000+00:00,12.942,-87.317,15.0,5.81,mw,,,,,iscgem,iscgem894586,2022-04-26T18:16:47.267Z,"18 km WNW of Puerto Morazán, Nicaragua",earthquake,,25.0,0.2,,reviewed,iscgem,iscgem,1951-08-03,18196,Nicaragua,1
1951-08-06 08:08:56.460000+00:00,12.331,-87.46,55.0,5.59,mw,,,,,iscgem,iscgem894599,2022-04-26T18:16:58.133Z,"35 km WSW of Corinto, Nicaragua",earthquake,,19.9,0.36,,reviewed,iscgem,iscgem,1951-08-06,18199,Nicaragua,1
1952-03-02 18:52:57.820000+00:00,11.303,-86.239,46.9,6.07,mw,,,,,iscgem,iscgem892537,2022-04-26T18:00:17.532Z,"36 km WSW of Tola, Nicaragua",earthquake,,6.1,0.2,,reviewed,iscgem,iscgem,1952-03-02,18408,Nicaragua,1
1952-11-20 15:37:19.050000+00:00,12.149,-87.847,35.0,6.28,mw,,,,,iscgem,iscgem893783,2022-04-26T18:10:56.429Z,"78 km SSW of Jiquilillo, Nicaragua",earthquake,,4.9,0.26,,reviewed,iscgem,iscgem,1952-11-20,18671,Nicaragua,1
1954-02-19 00:40:37.490000+00:00,11.541,-87.009,35.0,6.8,mw,,,,,iscgem,iscgem890355,2022-04-26T17:40:23.600Z,"60 km WSW of Masachapa, Nicaragua",earthquake,,22.3,0.4,,reviewed,iscgem,iscgem,1954-02-19,19127,Nicaragua,1
1954-05-03 17:13:37.760000+00:00,11.89,-86.115,141.3,5.98,mw,,,,,iscgem,iscgem890608,2022-04-26T17:43:07.140Z,"2 km SW of Niquinohomo, Nicaragua",earthquake,,6.2,0.56,,reviewed,iscgem,iscgem,1954-05-03,19200,Nicaragua,1
1955-04-04 19:24:09.070000+00:00,12.74,-86.873,15.0,6.24,mw,,,,,iscgem,iscgem889392,2022-04-26T17:33:02.626Z,"24 km N of Telica, Nicaragua",earthquake,,50.3,0.2,,reviewed,iscgem,iscgem,1955-04-04,19536,Nicaragua,1
1955-04-30 01:43:58.060000+00:00,12.071,-86.474,15.0,6.05,mw,,,,,iscgem,iscgem889481,2022-04-26T17:33:40.006Z,"10 km NNE of Villa El Carmen, Nicaragua",earthquake,,41.9,0.2,,reviewed,iscgem,iscgem,1955-04-30,19562,Nicaragua,1
1956-10-24 14:42:18.760000+00:00,11.682,-86.556,35.0,7.1,mw,,,,,iscgem,iscgem888827,2022-04-26T17:28:03.997Z,"12 km SSW of Masachapa, Nicaragua",earthquake,,23.8,0.4,,reviewed,iscgem,iscgem,1956-10-24,20105,Nicaragua,1
1957-05-19 21:00:32.830000+00:00,12.045,-87.508,20.0,5.86,mw,,,,,iscgem,iscgem886570,2022-04-26T17:12:03.436Z,"60 km SW of Corinto, Nicaragua",earthquake,,23.8,0.29,,reviewed,iscgem,iscgem,1957-05-19,20312,Nicaragua,1
1958-12-04 19:19:28.980000+00:00,11.77,-86.535,70.0,5.79,mw,,,,,iscgemsup,iscgemsup885637,2022-05-09T19:49:38.155Z,"2 km SW of Masachapa, Nicaragua",earthquake,,41.9,0.74,,reviewed,iscgemsup,iscgemsup,1958-12-04,20876,Nicaragua,1
1959-04-24 09:31:38.070000+00:00,11.18,-86.572,35.0,5.88,mw,,,,,iscgem,iscgem881857,2022-04-26T16:43:14.400Z,"67 km S of Masachapa, Nicaragua",earthquake,,26.4,0.2,,reviewed,iscgem,iscgem,1959-04-24,21017,Nicaragua,1
1959-05-03 04:41:21.530000+00:00,11.956,-87.721,45.0,5.73,mw,,,,,iscgem,iscgem881919,2022-04-26T16:43:32.576Z,"83 km SW of Corinto, Nicaragua",earthquake,,5.1,0.35,,reviewed,iscgem,iscgem,1959-05-03,21026,Nicaragua,1
1959-06-05 20:37:12.630000+00:00,11.889,-86.585,15.0,5.72,mw,,,,,iscgem,iscgem882183,2022-04-26T16:45:15.493Z,"13 km SW of Villa El Carmen, Nicaragua",earthquake,,41.9,0.2,,reviewed,iscgem,iscgem,1959-06-05,21059,Nicaragua,1
1961-03-20 06:16:23.580000+00:00,11.349,-86.297,55.0,5.88,mw,,,,,iscgem,iscgem876290,2022-04-26T16:18:16.311Z,"40 km WSW of Tola, Nicaragua",earthquake,,6.0,0.2,,reviewed,iscgem,iscgem,1961-03-20,21777,Nicaragua,1
1961-05-23 16:44:59.830000+00:00,12.629,-87.219,102.4,6.17,mw,,,,,iscgem,iscgem876622,2022-04-26T16:20:28.886Z,"6 km SW of El Viejo, Nicaragua",earthquake,,6.3,0.45,,reviewed,iscgem,iscgem,1961-05-23,21713,Nicaragua,1
1963-05-09 15:03:46.310000+00:00,12.395,-86.858,50.0,5.56,mw,,,,,iscgem,iscgem872280,2022-04-27T00:20:51.957Z,"5 km SSE of León, Nicaragua",earthquake,,50.3,0.31,,reviewed,iscgem,iscgem,1963-05-09,22493,Nicaragua,1
1964-07-30 05:16:05.190000+00:00,11.059,-86.207,40.0,5.94,mw,,,,,iscgem,iscgem866427,2025-12-19T18:12:51.768Z,"42 km WSW of San Juan del Sur, Nicaragua",earthquake,,5.2,0.2,,reviewed,iscgem,iscgem,1964-07-30,22941,Nicaragua,1
1964-08-08 15:45:15.300000+00:00,12.682,-87.914,75.0,5.64,mw,,,,,iscgem,iscgem865005,2022-04-26T23:59:11.796Z,"50 km W of Jiquilillo, Nicaragua",earthquake,,27.9,0.36,,reviewed,iscgem,iscgem,1964-08-08,22950,Nicaragua,1
1965-03-21 09:42:41.850000+00:00,11.408,-86.509,40.0,5.75,mw,,,,,iscgem,iscgem858754,2025-12-19T18:15:25.316Z,"41 km S of Masachapa, Nicaragua",earthquake,,6.1,0.5,,reviewed,iscgem,iscgem,1965-03-21,23175,Nicaragua,1
1965-10-20 23:54:29.930000+00:00,12.448,-87.268,58.7,5.84,mw,,,,,iscgem,iscgem853271,2025-12-19T18:19:12.812Z,"11 km WSW of Corinto, Nicaragua",earthquake,,19.9,0.38,,reviewed,iscgem,iscgem,1965-10-20,23388,Nicaragua,1
1966-07-13 08:20:59.200000+00:00,12.562,-87.597,52.9,5.48,mw,,,,,iscgem,iscgem845468,2025-12-19T18:21:07.595Z,"25 km SW of Jiquilillo, Nicaragua",earthquake,,5.2,0.2,,reviewed,iscgem,iscgem,1966-07-13,23745,Nicaragua,1
1966-10-12 20:20:07.680000+00:00,11.108,-86.265,40.0,5.6,mw,,,,,iscgem,iscgem842459,2025-12-19T18:21:34.573Z,"45 km WSW of San Juan del Sur, Nicaragua",earthquake,,5.3,0.32,,reviewed,iscgem,iscgem,1966-10-12,23654,Nicaragua,1
1967-10-15 08:00:52.600000+00:00,11.925,-85.872,160.4,7.08,mw,,,,,iscgem,iscgem830329,2022-04-26T22:46:10.503Z,"9 km E of Granada, Nicaragua",earthquake,,5.1,0.1,,reviewed,iscgem,iscgem,1967-10-15,24113,Nicaragua,1
1969-03-10 08:15:09.830000+00:00,12.339,-87.482,58.0,5.5,mw,,,,,iscgem,iscgem810766,2022-04-26T22:10:22.065Z,"37 km WSW of Corinto, Nicaragua",earthquake,,5.3,0.33,,reviewed,iscgem,iscgem,1969-03-10,24629,Nicaragua,1
1969-03-14 08:47:17.780000+00:00,12.78,-86.812,179.8,5.66,mw,,,,,iscgem,iscgem810910,2022-04-26T22:10:25.617Z,"28 km WNW of Larreynaga, Nicaragua",earthquake,,5.2,0.58,,reviewed,iscgem,iscgem,1969-03-14,24625,Nicaragua,1
1969-05-13 14:16:50.530000+00:00,11.441,-86.292,40.0,6.63,mw,,,,,iscgem,iscgem808890,2025-12-19T19:10:50.780Z,"34 km SSW of La Conquista, Nicaragua",earthquake,,5.5,0.2,,reviewed,iscgem,iscgem,1969-05-13,24689,Nicaragua,1
1970-01-20 08:27:49.520000+00:00,11.367,-86.532,45.0,5.63,mw,,,,,iscgem,iscgem800238,2022-04-26T21:50:41.444Z,"46 km S of Masachapa, Nicaragua",earthquake,,4.9,0.41,,reviewed,iscgem,iscgem,1970-01-20,24941,Nicaragua,1
1970-08-12 09:24:15.910000+00:00,11.889,-86.704,55.0,6.52,mw,,,,,iscgem,iscgem792811,2025-12-19T19:04:05.712Z,"23 km WNW of Masachapa, Nicaragua",earthquake,,5.1,0.2,,reviewed,iscgem,iscgem,1970-08-12,25145,Nicaragua,1
1971-02-25 04:15:44.080000+00:00,12.04,-87.523,62.5,5.72,mw,,,,,iscgem,iscgem787680,2025-12-19T19:02:00.336Z,"62 km SW of Corinto, Nicaragua",earthquake,,23.8,0.2,,reviewed,iscgem,iscgem,1971-02-25,25342,Nicaragua,1
1971-08-24 08:09:09.030000+00:00,11.398,-86.604,30.0,5.28,mw,,,,,iscgem,iscgem781547,2025-12-19T19:53:20.371Z,"44 km SSW of Masachapa, Nicaragua",earthquake,,23.8,0.43,,reviewed,iscgem,iscgem,1971-08-24,25522,Nicaragua,1
1972-12-23 06:29:44.410000+00:00,12.229,-86.255,10.0,6.28,mw,,,,,iscgem,iscgem766571,2025-12-19T19:42:31.407Z,"10 km N of Managua, Nicaragua",earthquake,,41.9,0.2,,reviewed,iscgem,iscgem,1972-12-23,26009,Nicaragua,1
1973-02-15 00:15:53.700000+00:00,11.534,-86.473,33.0,5.37,mw,,,,,us,usp00000hn,2014-11-06T23:21:08.997Z,"28 km S of Masachapa, Nicaragua",earthquake,,,,,reviewed,us,us,1973-02-15,26063,Nicaragua,1
1973-04-09 03:17:48.900000+00:00,12.267,-86.553,167.0,5.03,mw,,,,,us,usp00001ar,2014-11-06T23:21:11.051Z,"1 km E of Nagarote, Nicaragua",earthquake,,,,,reviewed,us,us,1973-04-09,26279,Nicaragua,1
1973-07-06 05:21:49.100000+00:00,11.962,-87.588,51.0,5.11,mw,,,,,us,usp00002k0,2014-11-06T23:21:14.157Z,"73 km SW of Corinto, Nicaragua",earthquake,,,,,reviewed,us,us,1973-07-06,26226,Nicaragua,1
1973-07-14 07:55:08.100000+00:00,11.637,-87.291,46.0,5.2,mw,,,,,us,usp00002qb,2014-11-06T23:21:14.818Z,"86 km W of Masachapa, Nicaragua",earthquake,,,,,reviewed,us,us,1973-07-14,26225,Nicaragua,1
1973-07-27 19:42:47.900000+00:00,12.813,-86.674,199.0,5.54,mw,,,,,us,usp00002w2,2022-05-09T19:18:00.993Z,"16 km WSW of El Sauce, Nicaragua",earthquake,,,,,reviewed,us,us,1973-07-27,26204,Nicaragua,1
1973-07-28 20:48:24.700000+00:00,12.333,-87.084,79.0,5.62,mw,,,,,us,usp00002wq,2014-11-06T23:21:16.981Z,"19 km SSE of Corinto, Nicaragua",earthquake,,,,,reviewed,us,us,1973-07-28,26116,Nicaragua,1
1973-09-19 23:42:48.600000+00:00,12.667,-87.973,55.0,5.28,mw,,,,,us,usp00003fy,2014-11-06T23:21:20.297Z,"57 km W of Jiquilillo, Nicaragua",earthquake,,,,,reviewed,us,us,1973-09-19,26212,Nicaragua,1
1974-03-06 01:40:26.400000+00:00,12.289,-86.386,110.0,6.05,mw,,,,,us,usp00005h4,2026-01-07T19:03:38.890Z,"15 km NNW of Ciudad Sandino, Nicaragua",earthquake,,,,,reviewed,us,us,1974-03-06,26447,Nicaragua,1
1974-03-31 21:13:45.800000+00:00,11.802,-87.892,49.0,5.28,mw,,,,,us,usp00005tt,2025-12-19T19:31:41.597Z,"108 km SW of Corinto, Nicaragua",earthquake,,,,,reviewed,us,us,1974-03-31,26518,Nicaragua,1
1974-05-16 23:07:46.600000+00:00,11.239,-86.046,36.0,6.45,mw,,,,,us,usp00006dj,2025-12-19T19:24:48.281Z,"19 km W of San Juan del Sur, Nicaragua",earthquake,,,,,reviewed,us,us,1974-05-16,26472,Nicaragua,1
1974-06-01 23:10:21.200000+00:00,10.81,-86.865,33.0,4.85,mw,,,,,us,usp00006ky,2014-11-06T23:21:24.496Z,"114 km SSW of Masachapa, Nicaragua",earthquake,,,,,reviewed,us,us,1974-06-01,26624,Nicaragua,1
1974-06-07 03:01:26.900000+00:00,12.195,-88.231,33.0,4.94,mw,,,,,us,usp00006nv,2014-11-06T23:21:24.568Z,"104 km SW of Jiquilillo, Nicaragua",earthquake,,,,,reviewed,us,us,1974-06-07,26606,Nicaragua,1
1974-08-12 13:30:14.200000+00:00,11.713,-86.903,83.0,5.2,mw,,,,,us,usp00007k5,2014-11-06T23:21:25.759Z,"43 km W of Masachapa, Nicaragua",earthquake,,,,,reviewed,us,us,1974-08-12,26534,Nicaragua,1
1974-08-30 07:45:20.900000+00:00,12.761,-87.381,62.0,5.2,mw,,,,,us,usp00007uv,2014-11-06T23:21:26.063Z,"7 km ENE of Jiquilillo, Nicaragua",earthquake,,,,,reviewed,us,us,1974-08-30,26540,Nicaragua,1
1974-10-07 17:10:36.200000+00:00,11.579,-85.439,225.0,5.37,mw,,,,,us,usp00008ae,2014-11-06T23:21:26.727Z,"15 km E of Altagracia, Nicaragua",earthquake,,,,,reviewed,us,us,1974-10-07,26662,Nicaragua,1
1974-11-14 09:45:02.100000+00:00,11.879,-86.485,102.0,5.2,mw,,,,,us,usp00008sj,2014-11-06T23:21:27.402Z,"6 km WNW of San Rafael del Sur, Nicaragua",earthquake,,,,,reviewed,us,us,1974-11-14,26710,Nicaragua,1
1974-11-24 17:45:02+00:00,11.672,-88.065,33.0,4.94,mw,,,,,us,usp00008wg,2014-11-06T23:21:27.543Z,"132 km SW of Corinto, Nicaragua",earthquake,,,,,reviewed,us,us,1974-11-24,26792,Nicaragua,1
1974-12-24 22:17:55.900000+00:00,11.879,-88.466,59.0,4.77,mw,,,,,us,usp000097z,2014-11-06T23:21:27.975Z,"146 km SW of Jiquilillo, Nicaragua",earthquake,,,,,reviewed,us,us,1974-12-24,26811,Nicaragua,1
1975-01-28 02:21:39.200000+00:00,10.884,-83.367,33.0,4.6,mw,,,,,us,usp00009q6,2014-11-06T23:21:28.639Z,"40 km E of Greytown, Nicaragua",earthquake,,,,,reviewed,us,us,1975-01-28,26819,Nicaragua,-1
1975-02-14 23:57:08.100000+00:00,11.691,-86.081,146.0,5.28,mw,,,,,us,usp00009xd,2014-11-06T23:21:28.877Z,"7 km SSW of Nandaime, Nicaragua",earthquake,,,,,reviewed,us,us,1975-02-14,26700,Nicaragua,1
1975-03-03 02:00:57.800000+00:00,11.727,-86.949,187.0,4.85,mw,,,,,us,usp0000a3c,2014-11-06T23:21:29.198Z,"47 km W of Masachapa, Nicaragua",earthquake,,,,,reviewed,us,us,1975-03-03,26809,Nicaragua,1
1975-03-05 17:25:43.600000+00:00,12.255,-87.926,104.0,5.11,mw,,,,,us,usp0000a4g,2014-11-06T23:21:29.235Z,"74 km SW of Jiquilillo, Nicaragua",earthquake,,,,,reviewed,us,us,1975-03-05,26775,Nicaragua,1
1975-03-13 17:54:21.400000+00:00,11.139,-86.855,61.0,5.2,mw,,,,,us,usp0000a7f,2014-11-06T23:21:29.339Z,"80 km SSW of Masachapa, Nicaragua",earthquake,,,,,reviewed,us,us,1975-03-13,26740,Nicaragua,1
1975-05-22 12:51:11.900000+00:00,12.713,-87.949,33.0,5.28,mw,,,,,us,usp0000b4e,2014-11-06T23:21:30.400Z,"54 km W of Jiquilillo, Nicaragua",earthquake,,,,,reviewed,us,us,1975-05-22,26889,Nicaragua,1
1975-06-09 18:07:11.100000+00:00,11.48,-87.807,33.0,4.94,mw,,,,,us,usp0000bcy,2014-11-06T23:21:30.581Z,"130 km SSW of Corinto, Nicaragua",earthquake,,,,,reviewed,us,us,1975-06-09,26946,Nicaragua,1
1975-06-24 03:31:24.500000+00:00,11.986,-86.236,157.0,5.03,mw,,,,,us,usp0000brb,2014-11-06T23:21:31.002Z,"5 km SW of Ticuantepe, Nicaragua",earthquake,,,,,reviewed,us,us,1975-06-24,26907,Nicaragua,1
1975-07-18 02:30:30.320000+00:00,11.663,-87.286,20.0,5.03,mw,,,,,iscgemsup,iscgemsup726271,2026-01-07T18:59:41.774Z,"85 km W of Masachapa, Nicaragua",earthquake,,16.7,0.74,,reviewed,iscgemsup,iscgemsup,1975-07-18,26922,Nicaragua,1
1975-09-15 07:08:40.200000+00:00,10.906,-86.299,33.0,5.11,mw,,,,,us,usp0000ctf,2014-11-06T23:21:32.027Z,"60 km SW of San Juan del Sur, Nicaragua",earthquake,,,,,reviewed,us,us,1975-09-15,27005,Nicaragua,1
1975-09-23 09:50:56.300000+00:00,11.815,-83.61,34.0,4.51,mw,,,,,us,usp0000cx0,2014-11-06T23:21:32.102Z,"27 km SE of Bluefields, Nicaragua",earthquake,,,,,reviewed,us,us,1975-09-23,27159,Nicaragua,3
1975-11-27 08:43:52.900000+00:00,12.897,-87.368,191.0,4.68,mw,,,,,us,usp0000dr7,2014-11-06T23:21:32.816Z,"19 km NNE of Jiquilillo, Nicaragua",earthquake,,,,,reviewed,us,us,1975-11-27,27139,Nicaragua,1
1975-12-02 05:40:11.900000+00:00,11.612,-86.805,59.0,4.94,mw,,,,,us,usp0000dth,2014-11-06T23:21:32.863Z,"37 km WSW of Masachapa, Nicaragua",earthquake,,,,,reviewed,us,us,1975-12-02,27013,Nicaragua,1
1975-12-09 01:56:26.800000+00:00,11.362,-87.459,33.0,4.77,mw,,,,,us,usp0000dv9,2014-11-06T23:21:32.897Z,"113 km WSW of Masachapa, Nicaragua",earthquake,,,,,reviewed,us,us,1975-12-09,27090,Nicaragua,1
1976-01-27 21:06:59.500000+00:00,11.258,-86.621,101.0,4.94,mw,,,,,us,usp0000ess,2014-11-06T23:21:33.745Z,"59 km SSW of Masachapa, Nicaragua",earthquake,,,,,reviewed,us,us,1976-01-27,27078,Nicaragua,1
1976-02-16 07:53:02.100000+00:00,11.648,-88.677,96.0,4.94,mw,,,,,us,usp0000f34,2014-11-06T23:21:34.099Z,"180 km SW of Jiquilillo, Nicaragua",earthquake,,,,,reviewed,us,us,1976-02-16,27083,Nicaragua,1
1976-05-24 10:54:53.400000+00:00,11.507,-86.845,33.0,6.52,mw,,,,,us,usp0000ggu,2020-08-26T01:00:03.393Z,"47 km SW of Masachapa, Nicaragua",earthquake,,,,,reviewed,us,us,1976-05-24,27257,Nicaragua,1
1976-07-02 05:35:25.800000+00:00,12.143,-86.645,148.0,5.2,mw,,,,,us,usp0000h5d,2014-11-06T23:21:36.053Z,"16 km SSW of Nagarote, Nicaragua",earthquake,,,,,reviewed,us,us,1976-07-02,27296,Nicaragua,1
1976-07-08 10:36:58+00:00,11.085,-85.852,58.0,5.11,mw,,,,,us,usp0000h7s,2014-11-06T23:21:36.112Z,"18 km S of San Juan del Sur, Nicaragua",earthquake,,,,,reviewed,us,us,1976-07-08,27302,Nicaragua,1
1976-08-22 12:45:48.800000+00:00,10.81,-86.678,33.0,4.85,mw,,,,,us,usp0000j09,2014-11-06T23:21:36.863Z,"100 km WSW of San Juan del Sur, Nicaragua",earthquake,,,,,reviewed,us,us,1976-08-22,27347,Nicaragua,1
1976-09-15 20:52:56.800000+00:00,12.544,-87.797,86.0,5.2,mw,,,,,us,usp0000jeg,2014-11-06T23:21:37.224Z,"43 km WSW of Jiquilillo, Nicaragua",earthquake,,,,,reviewed,us,us,1976-09-15,27528,Nicaragua,1
1976-11-07 05:03:50.400000+00:00,11.693,-87.52,54.0,6.25,mw,,,,,us,usp0000k7w,2014-11-06T23:21:38.119Z,"95 km SSW of Corinto, Nicaragua",earthquake,,,,,reviewed,us,us,1976-11-07,27371,Nicaragua,1
1977-02-19 03:19:06.800000+00:00,11.647,-86.937,33.0,5.54,mw,,,,,us,usp0000mmb,2014-11-06T23:21:39.901Z,"48 km WSW of Masachapa, Nicaragua",earthquake,,,,,reviewed,us,us,1977-02-19,27424,Nicaragua,1
1977-04-18 13:03:24.800000+00:00,11.38,-85.624,201.0,5.11,mw,,,,,us,usp0000nf8,2014-11-06T23:21:41.165Z,"19 km SSE of Moyogalpa, Nicaragua",earthquake,,,,,reviewed,us,us,1977-04-18,27670,Nicaragua,1
1977-07-11 23:27:48.100000+00:00,10.693,-86.645,33.0,4.94,mw,,,,,us,usp0000ppn,2014-11-06T23:21:42.931Z,"104 km SW of San Juan del Sur, Nicaragua",earthquake,,,,,reviewed,us,us,1977-07-11,27694,Nicaragua,1
1977-08-04 13:20:52.500000+00:00,12.346,-87.294,33.0,5.62,mw,,,,,us,usp0000pzd,2014-11-06T23:21:43.348Z,"20 km SW of Corinto, Nicaragua",earthquake,,,,,reviewed,us,us,1977-08-04,27586,Nicaragua,1
1977-09-03 22:33:07+00:00,12.54,-87.532,79.0,5.54,mw,,,,,us,usp0000qft,2025-12-19T20:08:15.842Z,"24 km SSW of Jiquilillo, Nicaragua",earthquake,,,,,reviewed,us,us,1977-09-03,27724,Nicaragua,1
1977-09-30 07:10:25.300000+00:00,11.246,-85.828,66.0,5.45,mw,,,,,us,usp0000quu,2025-12-19T20:08:44.632Z,"4 km E of San Juan del Sur, Nicaragua",earthquake,,,,,reviewed,us,us,1977-09-30,27751,Nicaragua,1
1977-10-20 09:20:34.800000+00:00,11.709,-86.969,69.0,5.45,mw,,,,,us,usp0000r4y,2014-11-06T23:21:44.819Z,"50 km W of Masachapa, Nicaragua",earthquake,,,,,reviewed,us,us,1977-10-20,27771,Nicaragua,1
1978-04-08 02:28:57.200000+00:00,11.632,-88.125,33.0,6.25,mw,,,,,us,usp0000tz7,2014-11-06T23:21:48.382Z,"139 km SW of Corinto, Nicaragua",earthquake,,,,,reviewed,us,us,1978-04-08,27941,Nicaragua,1
1978-04-12 16:51:08.200000+00:00,12.612,-87.856,64.0,5.37,mw,,,,,us,usp0000u2e,2014-11-06T23:21:48.485Z,"46 km WSW of Jiquilillo, Nicaragua",earthquake,,,,,reviewed,us,us,1978-04-12,27971,Nicaragua,1
1978-04-26 21:00:54+00:00,11.621,-86.635,33.0,5.28,mw,,,,,us,usp0000u9u,2014-11-06T23:21:48.754Z,"22 km SW of Masachapa, Nicaragua",earthquake,,,,,reviewed,us,us,1978-04-26,27994,Nicaragua,1
1978-05-08 02:30:26.900000+00:00,11.475,-87.585,33.0,4.85,mw,,,,,us,usp0000uem,2014-11-06T23:21:48.940Z,"120 km SSW of Corinto, Nicaragua",earthquake,,,,,reviewed,us,us,1978-05-08,28044,Nicaragua,1
1978-05-31 01:07:22.400000+00:00,12.767,-87.157,76.0,5.62,mw,,,,,us,usp0000uup,2025-12-19T20:02:08.555Z,"9 km S of Puerto Morazán, Nicaragua",earthquake,,,,,reviewed,us,us,1978-05-31,27945,Nicaragua,1
1978-07-07 08:37:24.200000+00:00,11.105,-86.611,79.0,4.85,mw,,,,,us,usp0000vf8,2014-11-06T23:21:50.228Z,"76 km S of Masachapa, Nicaragua",earthquake,,,,,reviewed,us,us,1978-07-07,28068,Nicaragua,1
1978-07-20 09:34:47.200000+00:00,12.15,-86.628,121.0,5.54,mw,,,,,us,usp0000vne,2022-04-27T15:33:04.511Z,"14 km SSW of Nagarote, Nicaragua",earthquake,,,,,reviewed,us,us,1978-07-20,27959,Nicaragua,1
1978-08-13 10:52:30.500000+00:00,11.17,-86.074,71.0,5.03,mw,,,,,us,usp0000w1g,2014-11-06T23:21:51.462Z,"24 km WSW of San Juan del Sur, Nicaragua",earthquake,,,,,reviewed,us,us,1978-08-13,28031,Nicaragua,1
1978-09-08 06:38:07+00:00,12.109,-86.28,33.0,4.6,mw,,,,,us,usp0000wes,2014-11-06T23:21:51.937Z,"4 km SW of Managua, Nicaragua",earthquake,,,,,reviewed,us,us,1978-09-08,28230,Nicaragua,1
1978-12-19 08:57:25.200000+00:00,11.753,-87.356,32.0,6.45,mw,,,,,us,usp0000xzw,2025-12-19T22:09:19.100Z,"83 km SSW of Corinto, Nicaragua",earthquake,,,,,reviewed,us,us,1978-12-19,28094,Nicaragua,1
1978-12-19 09:02:37.800000+00:00,11.239,-87.995,33.0,5.2,mw,,,,,us,usp0000xzx,2014-11-06T23:21:55.001Z,"164 km SSW of Corinto, Nicaragua",earthquake,,,,,reviewed,us,us,1978-12-19,28196,Nicaragua,1
1978-12-24 10:32:14.700000+00:00,12.938,-87.708,169.0,4.77,mw,,,,,us,usp0000y34,2014-11-06T23:21:55.271Z,"35 km NW of Jiquilillo, Nicaragua",earthquake,,,,,reviewed,us,us,1978-12-24,28196,Nicaragua,1
1979-01-22 03:51:47.600000+00:00,11.45,-86.472,81.0,4.77,mw,,,,,us,usp0000yhq,2014-11-06T23:21:55.933Z,"37 km S of Masachapa, Nicaragua",earthquake,,,,,reviewed,us,us,1979-01-22,28201,Nicaragua,1
1979-03-20 02:52:06.500000+00:00,11.731,-86.031,109.0,4.51,mw,,,,,us,usp0000zh4,2014-11-06T23:21:58.734Z,"3 km SE of Nandaime, Nicaragua",earthquake,,,,,reviewed,us,us,1979-03-20,28341,Nicaragua,1
1979-03-24 19:08:45.300000+00:00,12.166,-88.079,33.0,4.6,mw,,,,,us,usp0000znb,2014-11-06T23:21:59.082Z,"93 km SW of Jiquilillo, Nicaragua",earthquake,,,,,reviewed,us,us,1979-03-24,28326,Nicaragua,1
1979-03-28 23:09:03.500000+00:00,10.961,-86.731,33.0,5.11,mw,,,,,us,usp0000zqt,2014-11-06T23:21:59.223Z,"94 km SSW of Masachapa, Nicaragua",earthquake,,,,,reviewed,us,us,1979-03-28,28295,Nicaragua,1
1979-04-03 23:14:38.500000+00:00,10.779,-87.081,33.0,4.51,mw,,,,,us,usp0000zu2,2014-11-06T23:21:59.543Z,"127 km SSW of Masachapa, Nicaragua",earthquake,,,,,reviewed,us,us,1979-04-03,28437,Nicaragua,1
1979-04-09 14:29:06.300000+00:00,11.194,-86.333,78.0,5.28,mw,,,,,us,usp0000zx4,2014-11-06T23:21:59.815Z,"50 km WSW of Tola, Nicaragua",earthquake,,,,,reviewed,us,us,1979-04-09,28287,Nicaragua,1
1979-04-24 11:13:08.300000+00:00,11.831,-87.28,62.0,5.11,mw,,,,,us,usp000108m,2014-11-06T23:22:00.449Z,"73 km S of Corinto, Nicaragua",earthquake,,,,,reviewed,us,us,1979-04-24,28301,Nicaragua,1
1979-04-28 00:39:14.300000+00:00,11.622,-87.949,33.0,5.03,mw,,,,,us,usp00010at,2014-11-06T23:22:00.530Z,"127 km SW of Corinto, Nicaragua",earthquake,,,,,reviewed,us,us,1979-04-28,28307,Nicaragua,1
1979-05-13 22:43:16.300000+00:00,12.068,-86.367,209.0,5.2,mw,,,,,us,usp00010mq,2022-04-27T15:05:29.987Z,"10 km SSW of Ciudad Sandino, Nicaragua",earthquake,,,,,reviewed,us,us,1979-05-13,28291,Nicaragua,1
1979-08-17 02:12:56.100000+00:00,11.671,-86.918,60.0,4.85,mw,,,,,us,usp00012ft,2014-11-06T23:22:04.839Z,"45 km WSW of Masachapa, Nicaragua",earthquake,,,,,reviewed,us,us,1979-08-17,28322,Nicaragua,1
1979-12-12 21:39:55.500000+00:00,11.88,-87.957,57.0,5.28,mw,,,,,us,usp00014fh,2014-11-06T23:22:08.136Z,"108 km SW of Corinto, Nicaragua",earthquake,,,,,reviewed,us,us,1979-12-12,28560,Nicaragua,1
1979-12-18 10:37:57.800000+00:00,11.393,-86.458,68.0,5.71,mw,,,,,us,usp00014k4,2025-12-19T22:01:37.991Z,"43 km SSW of El Rosario, Nicaragua",earthquake,,,,,reviewed,us,us,1979-12-18,28554,Nicaragua,1
1980-03-10 07:22:25.300000+00:00,11.874,-87.837,146.0,4.77,mw,,,,,us,usp00015xv,2014-11-06T23:24:18.912Z,"98 km SW of Corinto, Nicaragua",earthquake,,,,,reviewed,us,us,1980-03-10,28787,Nicaragua,1
1980-03-13 06:27:14.900000+00:00,11.755,-85.745,217.0,4.94,mw,,,,,us,usp00015zq,2014-11-06T23:24:19.009Z,"24 km NNW of Moyogalpa, Nicaragua",earthquake,,,,,reviewed,us,us,1980-03-13,28765,Nicaragua,1
1980-03-25 03:23:09.600000+00:00,11.32,-86.558,66.0,5.2,mw,,,,,us,usp0001670,2014-11-06T23:24:19.521Z,near the coast of Nicaragua,earthquake,,,,,reviewed,us,us,1980-03-25,28646,near the coast of Nicaragua,1
1980-06-06 20:35:36.600000+00:00,12.564,-87.886,65.0,5.2,mw,,,,,us,usp00017zy,2014-11-06T23:24:22.973Z,"51 km WSW of Jiquilillo, Nicaragua",earthquake,,,,,reviewed,us,us,1980-06-06,28658,Nicaragua,1
1980-06-30 10:06:44.700000+00:00,11.256,-86.992,70.0,4.94,mw,,,,,us,usp00018k6,2014-11-06T23:24:23.787Z,"78 km SW of Masachapa, Nicaragua",earthquake,,,,,reviewed,us,us,1980-06-30,28769,Nicaragua,1
1980-07-10 07:59:15.900000+00:00,10.829,-86.107,67.0,5.11,mw,,,,,us,usp00018sm,2014-11-06T23:24:24.187Z,"53 km SSW of San Juan del Sur, Nicaragua",earthquake,,,,,reviewed,us,us,1980-07-10,28731,Nicaragua,1
1980-07-14 10:03:23+00:00,11.056,-85.515,96.0,5.11,mw,,,,,us,usp00018ve,2022-04-28T01:32:34.298Z,Nicaragua,earthquake,,,,,reviewed,us,us,1980-07-14,28755,Nicaragua,1
1980-08-01 08:16:17.500000+00:00,12.694,-87.472,78.0,5.45,mw,,,,,us,usp000196y,2022-04-28T01:28:43.692Z,"6 km SSW of Jiquilillo, Nicaragua",earthquake,,,,,reviewed,us,us,1980-08-01,28643,Nicaragua,1
1980-10-09 18:59:48.400000+00:00,12.078,-87.941,33.0,4.68,mw,,,,,us,usp0001a5f,2014-11-06T23:24:26.474Z,"91 km SW of Jiquilillo, Nicaragua",earthquake,,,,,reviewed,us,us,1980-10-09,28923,Nicaragua,1
1980-10-29 02:59:08.600000+00:00,11.41,-87.565,33.0,4.85,mw,,,,,us,usp0001ajc,2014-11-06T23:24:26.962Z,near the coast of Nicaragua,earthquake,,,,,reviewed,us,us,1980-10-29,28911,near the coast of Nicaragua,1
1980-12-03 12:09:14.400000+00:00,12.521,-87.95,33.0,4.94,mw,,,,,us,usp0001b4y,2014-11-06T23:24:27.873Z,"59 km WSW of Jiquilillo, Nicaragua",earthquake,,,,,reviewed,us,us,1980-12-03,28876,Nicaragua,1
1980-12-15 10:09:33+00:00,11.494,-86.204,136.0,5.37,mw,,,,,us,usp0001b9w,2014-11-06T23:24:28.028Z,"26 km S of La Conquista, Nicaragua",earthquake,,,,,reviewed,us,us,1980-12-15,28856,Nicaragua,1
1981-03-12 03:17:14.590000+00:00,11.251,-85.773,33.0,5.03,mw,,,,0.7,us,usp0001cng,2014-11-07T00:29:04.009Z,"10 km E of San Juan del Sur, Nicaragua",earthquake,,,,6.0,reviewed,us,us,1981-03-12,29046,Nicaragua,1
1981-04-17 12:03:38.340000+00:00,10.688,-87.018,91.2,4.6,mw,,,,0.7,us,usp0001d6u,2014-11-07T00:29:15.638Z,"133 km SSW of Masachapa, Nicaragua",earthquake,,12.6,,5.0,reviewed,us,us,1981-04-17,29060,Nicaragua,1
1981-05-01 05:50:27.290000+00:00,12.059,-87.837,59.5,5.28,mw,,,,1.0,us,usp0001dfs,2014-11-07T00:29:23.260Z,"86 km WSW of Corinto, Nicaragua",earthquake,,8.7,,20.0,reviewed,us,us,1981-05-01,29010,Nicaragua,1
1981-08-29 18:17:47.460000+00:00,12.897,-87.854,33.0,5.45,mw,,,,1.1,us,usp0001fjk,2014-11-07T00:29:58.972Z,near the coast of Nicaragua,earthquake,,,,17.0,reviewed,us,us,1981-08-29,29180,near the coast of Nicaragua,1
1981-09-03 08:09:01.210000+00:00,11.852,-87.46,48.4,5.37,mw,,,,1.0,us,usp0001fn9,2014-11-07T00:30:02.617Z,"76 km SSW of Corinto, Nicaragua",earthquake,,5.0,,20.0,reviewed,us,us,1981-09-03,29185,Nicaragua,1
1981-12-08 23:17:43.090000+00:00,12.258,-88.074,144.5,5.03,mw,,,,0.9,us,usp0001hb3,2014-11-07T00:30:30.560Z,"86 km SW of Jiquilillo, Nicaragua",earthquake,,11.4,,13.0,reviewed,us,us,1981-12-08,29281,Nicaragua,1
1982-02-28 16:22:54.420000+00:00,12.327,-87.475,82.3,4.6,mw,,,,0.9,us,usp0001jwh,2014-11-07T00:30:53.917Z,"37 km WSW of Corinto, Nicaragua",earthquake,,8.0,,1.0,reviewed,us,us,1982-02-28,29492,Nicaragua,1
1982-03-17 14:02:46.570000+00:00,11.467,-86.844,210.6,4.94,mw,,,,1.1,us,usp0001k60,2014-11-07T00:31:00.503Z,"50 km SW of Masachapa, Nicaragua",earthquake,,18.4,,11.0,reviewed,us,us,1982-03-17,29483,Nicaragua,1
1982-03-26 22:34:45.920000+00:00,11.246,-85.46,33.0,5.11,mw,,,,1.1,us,usp0001kch,2014-11-07T00:31:02.119Z,"7 km NE of Cárdenas, Nicaragua",earthquake,,,,7.0,reviewed,us,us,1982-03-26,29389,Nicaragua,1
1982-05-10 16:38:55.730000+00:00,11.329,-85.889,66.1,5.03,mw,,,,0.9,us,usp0001m7e,2014-11-07T00:31:17.518Z,"8 km NNW of San Juan del Sur, Nicaragua",earthquake,,8.8,,11.0,reviewed,us,us,1982-05-10,29434,Nicaragua,1
1982-05-22 12:19:56.980000+00:00,11.977,-87.992,62.7,5.2,mw,,,,1.2,us,usp0001mfd,2014-11-07T00:31:19.690Z,"103 km SW of Jiquilillo, Nicaragua",earthquake,,5.6,,17.0,reviewed,us,us,1982-05-22,29380,Nicaragua,1
1982-06-28 21:30:43.420000+00:00,11.9,-87.377,33.0,5.03,mw,,,,0.6,us,usp0001n60,2014-11-07T00:31:29.924Z,"68 km SSW of Corinto, Nicaragua",earthquake,,,,3.0,reviewed,us,us,1982-06-28,29446,Nicaragua,1
1982-07-07 01:52:41.280000+00:00,11.491,-86.387,68.2,5.54,mw,,,,1.2,us,usp0001naj,2025-12-19T21:39:50.415Z,"31 km S of El Rosario, Nicaragua",earthquake,,7.1,,31.0,reviewed,us,us,1982-07-07,29363,Nicaragua,1
1982-10-03 06:09:28.650000+00:00,11.946,-87.466,33.0,5.03,mw,,,,0.8,us,usp0001q00,2014-11-07T00:31:58.214Z,"67 km SSW of Corinto, Nicaragua",earthquake,,,,3.0,reviewed,us,us,1982-10-03,29667,Nicaragua,1
1982-11-18 13:55:03.240000+00:00,11.539,-86.632,59.6,5.11,mw,,,,1.0,us,usp0001qzq,2014-11-07T00:32:12.736Z,"30 km SSW of Masachapa, Nicaragua",earthquake,,6.8,,3.0,reviewed,us,us,1982-11-18,29627,Nicaragua,1
1982-11-19 23:22:03.730000+00:00,11.308,-85.721,18.0,5.28,mw,,,,1.3,us,usp0001r0r,2014-11-07T00:32:13.161Z,"17 km ENE of San Juan del Sur, Nicaragua",earthquake,,6.6,,9.0,reviewed,us,us,1982-11-19,29580,Nicaragua,1
1982-12-02 10:00:24+00:00,12.361,-86.754,87.0,5.03,mw,,,,1.0,us,usp0001r83,2014-11-07T00:32:17.654Z,"8 km WNW of La Paz Centro, Nicaragua",earthquake,,4.6,,4.0,reviewed,us,us,1982-12-02,29667,Nicaragua,1
1982-12-29 07:04:22.730000+00:00,11.168,-86.443,62.8,5.11,mw,,,,1.1,us,usp0001ruz,2014-11-07T00:32:23.150Z,"62 km WSW of Tola, Nicaragua",earthquake,,4.6,,5.0,reviewed,us,us,1982-12-29,29640,Nicaragua,1
1982-12-29 13:15:01.720000+00:00,10.913,-86.762,33.0,4.94,mw,,,,0.8,us,usp0001rv9,2014-11-07T00:32:23.192Z,"100 km SSW of Masachapa, Nicaragua",earthquake,,,,1.0,reviewed,us,us,1982-12-29,29682,Nicaragua,1
1982-12-30 13:02:34.470000+00:00,11.728,-87.104,55.1,4.94,mw,,,,1.4,us,usp0001rw6,2014-11-07T00:32:23.337Z,"64 km W of Masachapa, Nicaragua",earthquake,,9.2,,1.0,reviewed,us,us,1982-12-30,29690,Nicaragua,1
1983-01-13 23:15:59.490000+00:00,12.0,-86.261,158.0,5.2,mw,,,,1.3,us,usp0001s71,2014-11-07T00:32:29.233Z,"5 km ENE of El Crucero, Nicaragua",earthquake,,,,29.0,reviewed,us,us,1983-01-13,29626,Nicaragua,1
1983-01-21 14:40:24.790000+00:00,12.789,-87.412,140.0,5.03,mw,,,,1.3,us,usp0001sfd,2014-11-07T00:32:32.485Z,"6 km NE of Jiquilillo, Nicaragua",earthquake,,,,11.0,reviewed,us,us,1983-01-21,29668,Nicaragua,1
1983-03-13 03:08:22.450000+00:00,12.196,-87.189,167.0,4.85,mw,,,,1.2,us,usp0001tkz,2014-11-07T00:32:49.118Z,"31 km S of Corinto, Nicaragua",earthquake,,,,8.0,reviewed,us,us,1983-03-13,29865,Nicaragua,1
1983-03-15 09:41:38.680000+00:00,11.167,-86.912,33.0,4.85,mw,,,,0.8,us,usp0001tnp,2014-11-07T00:32:49.337Z,"81 km SSW of Masachapa, Nicaragua",earthquake,,,,5.0,reviewed,us,us,1983-03-15,29868,Nicaragua,1
1983-04-14 19:42:22.470000+00:00,11.16,-85.902,33.0,4.94,mw,,,,0.9,us,usp0001ufb,2014-11-07T00:32:59.039Z,"10 km SSW of San Juan del Sur, Nicaragua",earthquake,,,,4.0,reviewed,us,us,1983-04-14,29773,Nicaragua,1
1983-07-12 22:52:07.130000+00:00,11.487,-87.793,33.0,4.94,mw,,,,1.2,us,usp0001wrv,2014-11-07T00:33:28.602Z,"129 km SSW of Corinto, Nicaragua",earthquake,,,,6.0,reviewed,us,us,1983-07-12,29862,Nicaragua,1
1983-07-15 13:38:03.560000+00:00,11.863,-88.322,33.0,4.85,mw,,,,1.1,us,usp0001wu0,2014-11-07T00:33:28.911Z,"136 km SW of Jiquilillo, Nicaragua",earthquake,,,,7.0,reviewed,us,us,1983-07-15,29876,Nicaragua,1
1983-07-18 12:52:43.440000+00:00,12.669,-87.181,86.3,5.76,mw,,,,1.2,us,usp0001wwn,2022-04-27T23:55:44.670Z,"1 km WNW of El Viejo, Nicaragua",earthquake,,2.1,,70.0,reviewed,us,us,1983-07-18,29741,Nicaragua,1
1983-07-26 17:39:59.150000+00:00,12.179,-86.284,114.2,5.11,mw,,,,1.0,us,usp0001x4z,2025-12-19T21:29:37.293Z,"6 km NW of Managua, Nicaragua",earthquake,,,,39.0,reviewed,us,us,1983-07-26,29743,Nicaragua,1
1983-07-31 10:39:08.420000+00:00,12.166,-87.58,160.3,5.11,mw,,,,0.9,us,usp0001x87,2014-11-07T00:33:31.688Z,"56 km SW of Corinto, Nicaragua",earthquake,,10.5,,6.0,reviewed,us,us,1983-07-31,29981,Nicaragua,1
1983-08-06 11:04:18.160000+00:00,11.574,-86.479,43.7,5.2,mw,,,,1.1,us,usp0001xcn,2026-01-07T19:36:40.853Z,"23 km S of Masachapa, Nicaragua",earthquake,,,,16.0,reviewed,us,us,1983-08-06,29961,Nicaragua,1
1983-10-19 09:33:09.140000+00:00,12.61,-87.671,66.8,5.45,mw,,,,1.2,us,usp0001z3d,2025-12-19T21:27:33.128Z,"28 km WSW of Jiquilillo, Nicaragua",earthquake,,,,28.0,reviewed,us,us,1983-10-19,29881,Nicaragua,1
1983-11-08 13:17:18.880000+00:00,12.352,-86.666,129.1,5.11,mw,,,,1.0,us,usp0001znf,2014-11-07T00:34:07.030Z,"1 km NE of La Paz Centro, Nicaragua",earthquake,,,,15.0,reviewed,us,us,1983-11-08,30018,Nicaragua,1
1983-12-15 11:25:17.590000+00:00,11.983,-87.044,33.0,5.28,mw,,,,1.3,us,usp00020gq,2014-11-07T00:34:15.317Z,"53 km SSW of León, Nicaragua",earthquake,,,,12.0,reviewed,us,us,1983-12-15,29887,Nicaragua,1
1984-02-15 13:11:38.720000+00:00,11.797,-86.206,153.2,4.94,mw,,,,1.2,us,usp0002203,2014-11-07T00:34:30.586Z,"5 km S of Jinotepe, Nicaragua",earthquake,,10.7,,7.0,reviewed,us,us,1984-02-15,30173,Nicaragua,1
1984-04-11 23:20:15.760000+00:00,10.751,-86.433,78.1,5.11,mw,,,,1.0,us,usp00023fm,2014-11-07T00:34:45.607Z,"82 km SW of San Juan del Sur, Nicaragua",earthquake,,8.6,,6.0,reviewed,us,us,1984-04-11,30158,Nicaragua,1
1984-05-03 20:31:21.280000+00:00,11.166,-85.965,58.1,4.85,mw,,,,0.9,us,usp0002441,2014-11-07T00:34:52.073Z,"14 km SW of San Juan del Sur, Nicaragua",earthquake,,6.6,,3.0,reviewed,us,us,1984-05-03,30205,Nicaragua,1
1984-05-18 17:01:06.850000+00:00,11.67,-86.623,71.6,5.54,mw,,,,1.0,us,usp00024fw,2022-04-27T23:24:12.907Z,"17 km SW of Masachapa, Nicaragua",earthquake,,5.3,,28.0,reviewed,us,us,1984-05-18,30136,Nicaragua,1
1984-06-19 16:17:34.600000+00:00,12.601,-87.684,79.8,5.62,mw,,,,1.1,us,usp0002548,2014-11-07T00:35:04.036Z,"29 km WSW of Jiquilillo, Nicaragua",earthquake,,6.2,,24.0,reviewed,us,us,1984-06-19,30080,Nicaragua,1
1984-08-10 08:02:58.040000+00:00,11.398,-87.014,33.0,5.2,mw,,,,1.1,us,usp00026a9,2014-11-07T00:35:17.853Z,"69 km SW of Masachapa, Nicaragua",earthquake,,,,6.0,reviewed,us,us,1984-08-10,30274,Nicaragua,1
1984-08-20 11:29:50.970000+00:00,10.889,-86.197,33.0,4.77,mw,,,,1.1,us,usp00026jk,2014-11-07T00:35:19.560Z,"53 km SW of San Juan del Sur, Nicaragua",earthquake,,,,6.0,reviewed,us,us,1984-08-20,30352,Nicaragua,1
1984-08-23 19:49:17.400000+00:00,11.618,-86.485,57.3,6.2,mw,,,,1.2,us,usp00026nw,2022-04-27T23:15:24.264Z,"18 km S of Masachapa, Nicaragua",earthquake,,2.5,,,reviewed,us,hrv,1984-08-23,30257,Nicaragua,1
1984-08-27 18:45:38.240000+00:00,11.978,-87.04,89.6,5.2,mw,,,,1.3,us,usp00026st,2014-11-07T00:35:20.434Z,"53 km SSW of León, Nicaragua",earthquake,,6.2,,10.0,reviewed,us,us,1984-08-27,30270,Nicaragua,1
1984-08-31 04:42:59.770000+00:00,12.923,-87.071,42.1,5.6,mw,,,,1.2,us,usp00026w8,2022-04-27T23:16:28.404Z,"13 km NE of Puerto Morazán, Nicaragua",earthquake,,4.9,,,reviewed,us,hrv,1984-08-31,30267,Nicaragua,1
1984-10-06 04:39:38.290000+00:00,10.553,-86.959,33.0,4.85,mw,,,,1.5,us,usp00027yd,2014-11-07T00:35:33.203Z,"141 km WSW of San Juan del Sur, Nicaragua",earthquake,,,,5.0,reviewed,us,us,1984-10-06,30349,Nicaragua,1
1984-11-10 05:33:08.690000+00:00,11.579,-87.94,33.0,4.85,mw,,,,0.7,us,usp00028y5,2014-11-07T00:35:42.008Z,"130 km SW of Corinto, Nicaragua",earthquake,,,,9.0,reviewed,us,us,1984-11-10,30314,Nicaragua,1
1984-11-13 14:30:54.850000+00:00,11.217,-87.706,33.0,5.11,mw,,,,1.2,us,usp000291b,2014-11-07T00:35:42.582Z,"144 km WSW of Masachapa, Nicaragua",earthquake,,,,5.0,reviewed,us,us,1984-11-13,30278,Nicaragua,1
1985-01-10 00:09:22.080000+00:00,12.834,-86.182,91.1,4.77,mw,,,,1.2,us,usp0002awv,2014-11-07T00:36:01.250Z,"12 km NNW of Ciudad Darío, Nicaragua",earthquake,,,,5.0,reviewed,us,us,1985-01-10,30410,Nicaragua,2
1985-02-02 18:29:43.870000+00:00,12.371,-86.316,179.6,4.85,mw,,,,1.1,us,usp0002bju,2014-11-07T00:36:07.801Z,"16 km SSW of Valle San Francisco, Nicaragua",earthquake,,,,30.0,reviewed,us,us,1985-02-02,30509,Nicaragua,1
1985-02-16 06:35:34.740000+00:00,11.888,-87.438,33.0,4.94,mw,,,,0.6,us,usp0002by6,2014-11-07T00:36:10.742Z,"71 km SSW of Corinto, Nicaragua",earthquake,,,,5.0,reviewed,us,us,1985-02-16,30498,Nicaragua,1
1985-03-22 03:28:41.970000+00:00,11.527,-85.603,248.5,4.77,mw,,,,1.1,us,usp0002d3r,2014-11-07T00:36:19.745Z,"5 km SSW of Altagracia, Nicaragua",earthquake,,24.2,,13.0,reviewed,us,us,1985-03-22,30552,Nicaragua,1
1985-04-08 10:17:04.630000+00:00,11.31,-86.774,54.6,4.85,mw,,,,1.2,us,usp0002dkj,2014-11-07T00:36:25.765Z,"59 km SSW of Masachapa, Nicaragua",earthquake,,10.0,,8.0,reviewed,us,us,1985-04-08,30543,Nicaragua,1
1985-04-19 17:43:10.890000+00:00,11.848,-86.651,71.8,6.1,mw,,,,1.1,us,usp0002dy0,2022-04-27T22:49:42.751Z,"16 km WNW of Masachapa, Nicaragua",earthquake,,4.4,,,reviewed,us,hrv,1985-04-19,30433,Nicaragua,1
1985-05-23 11:42:34.290000+00:00,11.926,-88.26,33.0,5.11,mw,,,,0.7,us,usp0002f3x,2014-11-07T00:36:36.614Z,"126 km SW of Jiquilillo, Nicaragua",earthquake,,,,3.0,reviewed,us,us,1985-05-23,30481,Nicaragua,1
1985-06-01 04:02:01.210000+00:00,11.969,-82.302,33.0,4.77,mw,,,,1.0,us,usp0002fd8,2014-11-07T00:36:39.426Z,"85 km ESE of Corn Island, Nicaragua",earthquake,,,,4.0,reviewed,us,us,1985-06-01,30587,Nicaragua,-1
1985-07-06 15:11:42.880000+00:00,10.706,-86.533,33.0,4.6,mw,,,,0.9,us,usp0002gh4,2014-11-07T00:36:50.800Z,"94 km SW of San Juan del Sur, Nicaragua",earthquake,,,,3.0,reviewed,us,us,1985-07-06,30598,Nicaragua,1
1985-07-17 03:20:23.110000+00:00,12.636,-86.889,33.0,5.28,mw,,,,1.4,us,usp0002gux,2014-11-07T00:36:52.193Z,"13 km NNW of Telica, Nicaragua",earthquake,,,,6.0,reviewed,us,us,1985-07-17,30447,Nicaragua,1
1985-07-31 01:34:36.900000+00:00,11.269,-87.869,33.0,4.77,mw,,,,1.1,us,usp0002h8b,2014-11-07T00:36:54.273Z,"154 km SSW of Corinto, Nicaragua",earthquake,,,,1.0,reviewed,us,us,1985-07-31,30663,Nicaragua,1
1985-09-20 10:57:10.510000+00:00,11.818,-87.9,33.0,4.77,mw,,,,1.0,us,usp0002jy3,2014-11-07T00:37:11.295Z,"108 km SW of Corinto, Nicaragua",earthquake,,,,6.0,reviewed,us,us,1985-09-20,30750,Nicaragua,1
1985-12-16 02:44:36.070000+00:00,11.725,-85.838,22.1,6.3,mw,,,,1.0,us,usp0002nx8,2022-04-27T22:28:53.229Z,"23 km E of Nandaime, Nicaragua",earthquake,,3.0,,,reviewed,us,nc,1985-12-16,30612,Nicaragua,1
1986-02-01 09:55:33.580000+00:00,11.567,-86.887,33.0,4.85,mw,,,,1.3,us,usp0002qms,2014-11-07T00:37:51.381Z,"47 km WSW of Masachapa, Nicaragua",earthquake,,,,8.0,reviewed,us,us,1986-02-01,30822,Nicaragua,1
1986-02-10 05:53:16.110000+00:00,11.012,-86.847,33.0,4.68,mw,,,,1.2,us,usp0002qvx,2014-11-07T00:37:54.398Z,"93 km SSW of Masachapa, Nicaragua",earthquake,,,,6.0,reviewed,us,us,1986-02-10,30919,Nicaragua,1
1986-02-19 08:01:52.210000+00:00,13.068,-85.94,33.0,4.94,mw,,,,1.2,us,usp0002r46,2014-11-07T00:37:56.015Z,"7 km ESE of Jinotega, Nicaragua",earthquake,,,,2.0,reviewed,us,us,1986-02-19,30817,Nicaragua,-1
1986-02-21 07:38:02.930000+00:00,12.924,-87.785,33.0,4.77,mw,,,,1.4,us,usp0002r63,2014-11-07T00:37:56.348Z,"41 km WNW of Jiquilillo, Nicaragua",earthquake,,,,2.0,reviewed,us,us,1986-02-21,30881,Nicaragua,1
1986-02-26 04:30:14.340000+00:00,12.073,-86.721,33.0,5.03,mw,,,,1.4,us,usp0002ran,2014-11-07T00:37:56.780Z,"25 km WNW of Villa El Carmen, Nicaragua",earthquake,,,,14.0,reviewed,us,us,1986-02-26,30815,Nicaragua,1
1986-03-04 07:27:24.260000+00:00,11.827,-85.818,186.7,4.85,mw,,,,1.2,us,usp0002rgz,2014-11-07T00:38:00.582Z,"18 km SE of Granada, Nicaragua",earthquake,,4.1,,32.0,reviewed,us,us,1986-03-04,30828,Nicaragua,1
1986-03-23 16:55:52.110000+00:00,12.116,-87.16,33.0,5.11,mw,,,,0.8,us,usp0002s5z,2014-11-07T00:38:05.287Z,"40 km S of Corinto, Nicaragua",earthquake,,,,11.0,reviewed,us,us,1986-03-23,30806,Nicaragua,1
1986-04-21 05:54:56.120000+00:00,11.505,-87.521,33.0,4.43,mw,,,,1.1,us,usp0002t2s,2014-11-07T00:38:15.127Z,"114 km WSW of Masachapa, Nicaragua",earthquake,,,,6.0,reviewed,us,us,1986-04-21,30946,Nicaragua,1
1986-04-26 09:22:44.200000+00:00,10.911,-86.474,53.3,4.85,mw,,,,1.0,us,usp0002t76,2014-11-07T00:38:15.677Z,"76 km WSW of San Juan del Sur, Nicaragua",earthquake,,8.5,,9.0,reviewed,us,us,1986-04-26,30847,Nicaragua,1
1986-06-03 06:53:17.300000+00:00,12.577,-88.0,33.0,4.85,mw,,,,1.1,us,usp0002uqx,2014-11-07T00:38:30.427Z,"62 km WSW of Jiquilillo, Nicaragua",earthquake,,,,6.0,reviewed,us,us,1986-06-03,30876,Nicaragua,1
1986-06-30 22:52:12.450000+00:00,11.254,-86.035,63.8,5.9,mw,,,,1.0,us,usp0002vky,2022-04-27T22:15:55.493Z,"17 km W of San Juan del Sur, Nicaragua",earthquake,,3.9,,,reviewed,us,hrv,1986-06-30,30797,Nicaragua,1
1986-07-15 19:20:18.540000+00:00,11.544,-85.747,168.5,4.43,mw,,,,0.6,us,usp0002w22,2014-11-07T00:38:42.002Z,"5 km W of Moyogalpa, Nicaragua",earthquake,,12.5,,1.0,reviewed,us,us,1986-07-15,31120,Nicaragua,1
1986-07-30 19:22:07.060000+00:00,11.089,-86.031,33.0,5.28,mw,,,,1.0,us,usp0002wqg,2014-11-07T00:38:45.360Z,"25 km SW of San Juan del Sur, Nicaragua",earthquake,,,,19.0,reviewed,us,us,1986-07-30,30961,Nicaragua,1
1986-11-01 23:12:39.090000+00:00,11.593,-86.783,118.5,4.94,mw,,,,0.9,us,usp0002zkj,2014-11-07T00:39:17.031Z,"36 km SW of Masachapa, Nicaragua",earthquake,,22.2,,4.0,reviewed,us,us,1986-11-01,31108,Nicaragua,1
1986-12-01 11:45:39.300000+00:00,11.81,-87.741,69.0,5.2,mw,,,,1.1,us,usp00030hr,2014-11-07T00:39:25.399Z,"96 km SW of Corinto, Nicaragua",earthquake,,9.6,,14.0,reviewed,us,us,1986-12-01,30976,Nicaragua,1
1986-12-09 23:48:50.280000+00:00,12.439,-86.602,123.1,5.11,mw,,,,1.1,us,usp00030rx,2014-11-07T00:39:28.882Z,"13 km NE of La Paz Centro, Nicaragua",earthquake,,,,44.0,reviewed,us,us,1986-12-09,31100,Nicaragua,1
1986-12-19 01:15:19.920000+00:00,11.938,-88.355,33.0,4.77,mw,,,,0.7,us,usp00030ze,2014-11-07T00:39:30.314Z,"132 km SW of Jiquilillo, Nicaragua",earthquake,,,,3.0,reviewed,us,us,1986-12-19,31118,Nicaragua,1
1986-12-21 06:03:18.510000+00:00,12.743,-87.695,68.3,5.2,mw,,,,1.3,us,usp000311p,2014-11-07T00:39:30.853Z,"26 km W of Jiquilillo, Nicaragua",earthquake,,,,11.0,reviewed,us,us,1986-12-21,31070,Nicaragua,1
1987-01-26 15:57:06.680000+00:00,11.585,-87.98,33.0,4.85,mw,,,,0.8,us,usp00031y0,2014-11-07T00:39:40.826Z,"132 km SW of Corinto, Nicaragua",earthquake,,,,4.0,reviewed,us,us,1987-01-26,31222,Nicaragua,1
1987-02-21 22:31:06.250000+00:00,11.215,-86.834,33.0,4.85,mw,,,,0.9,us,usp00032nu,2014-11-07T00:39:53.117Z,"72 km SSW of Masachapa, Nicaragua",earthquake,,,,11.0,reviewed,us,us,1987-02-21,31228,Nicaragua,1
1987-03-11 04:54:55.500000+00:00,12.616,-87.803,72.9,5.2,mw,,,,1.3,us,usp000336j,2014-11-07T00:40:03.198Z,"40 km WSW of Jiquilillo, Nicaragua",earthquake,,7.9,,18.0,reviewed,us,us,1987-03-11,31202,Nicaragua,1
1987-03-13 06:56:32.870000+00:00,12.301,-87.432,60.4,5.6,mw,,,,1.2,us,usp000338x,2022-04-27T21:49:25.359Z,"34 km SW of Corinto, Nicaragua",earthquake,,4.7,,,reviewed,us,hrv,1987-03-13,31182,Nicaragua,1
1987-04-02 05:46:06.360000+00:00,11.741,-87.262,41.3,5.4,mw,,,,1.5,us,usp00033um,2025-12-19T21:15:21.703Z,"81 km W of Masachapa, Nicaragua",earthquake,,6.4,,,reviewed,us,hrv,1987-04-02,31200,Nicaragua,1
1987-04-08 17:42:37.260000+00:00,11.678,-86.401,55.8,6.4,mw,,,,1.1,us,usp000340n,2022-04-27T21:47:33.428Z,"11 km SSW of El Rosario, Nicaragua",earthquake,,3.5,,,reviewed,us,hrv,1987-04-08,31156,Nicaragua,1
1987-06-06 09:11:48.500000+00:00,11.159,-85.588,33.0,3.95,mw,,,,0.7,us,usp00035js,2014-11-07T00:40:31.007Z,"9 km WSW of Cárdenas, Nicaragua",earthquake,,,,,reviewed,us,hdc,1987-06-06,31287,Nicaragua,1
1987-08-06 12:43:00.200000+00:00,11.594,-85.597,33.0,4.04,mw,,,,0.6,us,usp000379y,2014-11-07T00:40:47.063Z,"3 km NNW of Altagracia, Nicaragua",earthquake,,,,,reviewed,us,hdc,1987-08-06,31451,Nicaragua,1
1987-08-22 17:58:42.920000+00:00,13.146,-86.622,33.0,4.77,mw,,,,1.2,us,usp00037r2,2014-11-07T00:40:49.551Z,"3 km SSW of San Juan de Limay, Nicaragua",earthquake,,,,4.0,reviewed,us,us,1987-08-22,31400,Nicaragua,1
1987-08-25 03:49:57.980000+00:00,12.636,-87.602,33.0,4.85,mw,,,,1.2,us,usp00037t5,2014-11-07T00:40:49.770Z,"20 km SW of Jiquilillo, Nicaragua",earthquake,,,,4.0,reviewed,us,us,1987-08-25,31376,Nicaragua,1
1987-08-31 22:34:55.340000+00:00,12.47,-88.05,33.0,5.11,mw,,,,1.2,us,usp00037za,2014-11-07T00:40:50.317Z,"71 km WSW of Jiquilillo, Nicaragua",earthquake,,,,11.0,reviewed,us,us,1987-08-31,31367,Nicaragua,1
1987-09-03 04:28:03.830000+00:00,11.798,-86.47,176.7,4.77,mw,,,,0.3,us,usp000381n,2014-11-07T00:40:53.559Z,"4 km ENE of Masachapa, Nicaragua",earthquake,,17.6,,1.0,reviewed,us,us,1987-09-03,31431,Nicaragua,1
1987-09-17 10:07:15.060000+00:00,11.269,-86.898,33.0,4.85,mw,,,,1.1,us,usp00038fn,2014-11-07T00:40:57.062Z,"70 km SW of Masachapa, Nicaragua",earthquake,,,,7.0,reviewed,us,us,1987-09-17,31390,Nicaragua,1
1987-09-27 22:30:27.680000+00:00,10.74,-86.404,26.6,5.58,mw,,,,1.4,us,usp00038sn,2014-11-07T00:40:58.390Z,"81 km SW of San Juan del Sur, Nicaragua",earthquake,,6.8,,1.0,reviewed,us,us,1987-09-27,31364,Nicaragua,1
1987-10-28 19:16:53.030000+00:00,11.178,-85.545,33.0,3.86,mw,,,,0.3,us,usp00039q0,2014-11-07T00:41:07.604Z,"4 km WSW of Cárdenas, Nicaragua",earthquake,,,,,reviewed,us,hdc,1987-10-28,31475,Nicaragua,1
1987-11-17 03:40:08.970000+00:00,12.534,-87.03,76.2,6.5,mw,,,,1.2,us,usp0003a67,2022-04-27T21:29:36.250Z,"4 km S of Chichigalpa, Nicaragua",earthquake,,,,,reviewed,us,hrv,1987-11-17,31348,Nicaragua,1
1987-12-11 04:21:14.210000+00:00,11.701,-88.112,33.0,5.03,mw,,,,0.9,us,usp0003b65,2014-11-07T00:41:22.764Z,"133 km SW of Corinto, Nicaragua",earthquake,,,,2.0,reviewed,us,us,1987-12-11,31373,Nicaragua,1
1988-01-06 01:35:04.950000+00:00,12.209,-87.723,43.2,5.37,mw,,,,1.1,us,usp0003bur,2014-11-07T00:41:29.223Z,"66 km SSW of Jiquilillo, Nicaragua",earthquake,,12.0,,5.0,reviewed,us,us,1988-01-06,31509,Nicaragua,1
1988-01-14 07:59:46.760000+00:00,12.869,-86.68,33.0,4.04,mw,,,,1.1,us,usp0003c1w,2014-11-07T00:41:30.935Z,"15 km W of El Sauce, Nicaragua",earthquake,,,,,reviewed,us,hdc,1988-01-14,31673,Nicaragua,1
1988-01-29 12:05:14.510000+00:00,12.114,-86.43,33.0,4.85,mw,,,,1.0,us,usp0003chw,2014-11-07T00:41:33.504Z,Nicaragua,earthquake,,,,7.0,reviewed,us,us,1988-01-29,31650,Nicaragua,1
1988-02-21 19:03:23.110000+00:00,11.705,-86.638,58.9,5.2,mw,,,,1.2,us,usp0003d7x,2022-04-28T20:54:34.695Z,"16 km SW of Masachapa, Nicaragua",earthquake,,8.7,,,reviewed,us,hrv,1988-02-21,31524,Nicaragua,1
1988-03-22 21:04:17.920000+00:00,11.729,-83.512,33.0,4.04,mw,,,,0.6,us,usp0003e78,2014-11-07T00:41:49.256Z,"41 km SE of Bluefields, Nicaragua",earthquake,,,,,reviewed,us,hdc,1988-03-22,31652,Nicaragua,3
1988-04-14 22:07:55.550000+00:00,10.955,-87.033,33.0,5.03,mw,,,,1.2,us,usp0003f1j,2014-11-07T00:41:57.577Z,"108 km SSW of Masachapa, Nicaragua",earthquake,,,,2.0,reviewed,us,us,1988-04-14,31600,Nicaragua,1
1988-04-17 02:17:45.240000+00:00,11.218,-86.669,63.5,5.03,mw,,,,1.4,us,usp0003f3e,2014-11-07T00:41:57.767Z,"65 km SSW of Masachapa, Nicaragua",earthquake,,14.8,,9.0,reviewed,us,us,1988-04-17,31603,Nicaragua,1
1988-05-06 14:46:17.010000+00:00,11.493,-85.911,86.7,6.6,mw,,,,1.4,us,usp0003fq8,2022-04-28T20:46:26.967Z,"2 km WSW of Belén, Nicaragua",earthquake,,,,,reviewed,us,nc,1988-05-06,31501,Nicaragua,1
1988-06-03 13:20:56.680000+00:00,10.553,-88.56,33.0,4.94,mw,,,,1.5,us,usp0003gp5,2014-11-07T00:42:15.408Z,"261 km SW of Corinto, Nicaragua",earthquake,,,,3.0,reviewed,us,us,1988-06-03,31622,Nicaragua,-1
1988-06-05 16:12:17.660000+00:00,11.713,-88.139,22.1,5.2,mw,,,,1.0,us,usp0003grb,2014-11-07T00:42:17.323Z,"135 km SW of Corinto, Nicaragua",earthquake,,7.0,,13.0,reviewed,us,us,1988-06-05,31547,Nicaragua,1
1988-06-26 17:41:28.740000+00:00,11.807,-87.059,54.8,5.2,mw,,,,1.2,us,usp0003hbe,2025-12-19T21:11:09.223Z,"59 km W of Masachapa, Nicaragua",earthquake,,5.1,,,reviewed,us,hrv,1988-06-26,31577,Nicaragua,1
1988-08-17 14:52:27.160000+00:00,12.204,-87.93,53.8,5.28,mw,,,,1.1,us,usp0003k37,2014-11-07T00:42:40.980Z,"79 km SW of Jiquilillo, Nicaragua",earthquake,,13.9,,9.0,reviewed,us,us,1988-08-17,31725,Nicaragua,1
1988-09-17 13:53:52.820000+00:00,11.509,-86.244,139.1,4.31,mw,,,,,us,usp0003m1t,2014-11-07T00:42:49.649Z,"25 km SSW of La Conquista, Nicaragua",earthquake,,,,,reviewed,hdc,hdc,1988-09-17,31805,Nicaragua,1
1988-10-18 03:34:53.840000+00:00,10.638,-87.249,0.2,3.95,mw,,,,,us,usp0003mxk,2014-11-07T00:42:58.493Z,"150 km SSW of Masachapa, Nicaragua",earthquake,,,,,reviewed,hdc,hdc,1988-10-18,31816,Nicaragua,1
1988-11-05 01:31:01.480000+00:00,11.933,-86.792,5.0,5.2,mw,,,,1.1,us,usp0003nj3,2014-11-07T00:43:04.026Z,"31 km W of Villa El Carmen, Nicaragua",earthquake,,,,4.0,reviewed,us,us,1988-11-05,31756,Nicaragua,1
1988-11-16 04:51:15.920000+00:00,11.34,-85.732,10.0,4.13,mw,,,,,us,usp0003nwn,2014-11-07T00:43:06.473Z,"14 km SE of Rivas, Nicaragua",earthquake,,,,,reviewed,hdc,hdc,1988-11-16,31816,Nicaragua,1
1988-11-16 21:40:42.670000+00:00,11.424,-87.814,4.1,3.86,mw,,,,,us,usp0003nx8,2014-11-07T00:43:06.581Z,"136 km SSW of Corinto, Nicaragua",earthquake,,,,,reviewed,hdc,hdc,1988-11-16,31842,Nicaragua,1
1988-12-12 10:36:41.090000+00:00,12.515,-87.54,96.6,4.94,mw,,,,1.0,us,usp0003psy,2014-11-07T00:43:17.012Z,"27 km SSW of Jiquilillo, Nicaragua",earthquake,,12.8,,4.0,reviewed,us,us,1988-12-12,31787,Nicaragua,1
1988-12-30 03:06:49.940000+00:00,12.166,-87.965,48.4,4.68,mw,,,,1.1,us,usp0003qau,2014-11-07T00:43:19.690Z,"85 km SW of Jiquilillo, Nicaragua",earthquake,,11.7,,1.0,reviewed,us,us,1988-12-30,31953,Nicaragua,1
1989-01-11 12:42:43.890000+00:00,10.845,-87.526,33.0,4.68,mw,,,,0.9,us,usp0003qs7,2014-11-07T00:43:25.581Z,"151 km SW of Masachapa, Nicaragua",earthquake,,,,1.0,reviewed,us,us,1989-01-11,31964,Nicaragua,1
1989-01-11 22:28:03.600000+00:00,12.602,-87.749,80.6,5.2,mw,,,,1.1,us,usp0003qst,2025-12-19T21:07:43.725Z,"36 km WSW of Jiquilillo, Nicaragua",earthquake,,5.4,,,reviewed,us,hrv,1989-01-11,31939,Nicaragua,1
1989-03-19 22:16:46.370000+00:00,12.143,-86.937,43.6,4.31,mw,,,,,us,usp0003t3e,2014-11-07T00:43:50.064Z,"33 km S of León, Nicaragua",earthquake,,,,,reviewed,hdc,hdc,1989-03-19,31976,Nicaragua,1
1989-03-24 15:31:29.910000+00:00,11.329,-86.404,67.5,5.3,mw,,,,1.2,us,usp0003t8t,2025-12-19T21:07:00.179Z,"49 km S of El Rosario, Nicaragua",earthquake,,5.3,,,reviewed,us,hrv,1989-03-24,31872,Nicaragua,1
1989-04-02 10:35:57.150000+00:00,11.063,-85.352,70.0,5.4,mw,,,,0.9,us,usp0003tj6,2025-12-19T21:06:11.606Z,"22 km SE of Cárdenas, Nicaragua",earthquake,,4.3,,,reviewed,us,hrv,1989-04-02,31860,Nicaragua,1
1989-04-13 00:42:15.970000+00:00,10.692,-86.459,33.0,3.95,mw,,,,1.2,us,usp0003twg,2014-11-07T00:43:59.696Z,"89 km SW of San Juan del Sur, Nicaragua",earthquake,,,,,reviewed,us,hdc,1989-04-13,31991,Nicaragua,1
1989-04-25 06:11:32.280000+00:00,11.073,-86.761,46.2,5.4,mw,,,,0.9,us,usp0003ucj,2025-12-19T21:06:33.615Z,"83 km SSW of Masachapa, Nicaragua",earthquake,,8.1,,,reviewed,us,hrv,1989-04-25,31872,Nicaragua,1
1989-05-10 10:08:03.500000+00:00,11.543,-87.06,51.8,4.77,mw,,,,1.0,us,usp0003v3x,2014-11-07T00:44:10.343Z,"65 km WSW of Masachapa, Nicaragua",earthquake,,18.0,,6.0,reviewed,us,us,1989-05-10,31944,Nicaragua,1
1989-08-05 15:25:29.970000+00:00,11.794,-87.669,111.7,4.6,mw,,,,1.4,us,usp0003y3m,2014-11-07T00:44:40.200Z,"93 km SW of Corinto, Nicaragua",earthquake,,29.9,,4.0,reviewed,us,us,1989-08-05,32155,Nicaragua,1
1989-08-13 23:36:15.070000+00:00,12.133,-86.996,33.0,4.43,mw,,,,1.1,us,usp0003yen,2014-11-07T00:44:41.854Z,"36 km SSW of León, Nicaragua",earthquake,,,,1.0,reviewed,us,us,1989-08-13,32157,Nicaragua,1
1989-08-14 23:15:24.480000+00:00,11.151,-85.866,133.2,4.13,mw,,,,0.7,us,usp0003yfy,2014-11-07T00:44:42.537Z,"11 km S of San Juan del Sur, Nicaragua",earthquake,,55.5,,,reviewed,us,sjr,1989-08-14,32158,Nicaragua,1
1989-08-21 21:54:44.700000+00:00,11.278,-87.046,0.0,3.95,mw,,,,,us,usp0003yra,2014-11-07T00:44:44.355Z,"80 km SW of Masachapa, Nicaragua",earthquake,,,,,reviewed,hdc,hdc,1989-08-21,32195,Nicaragua,1
1989-09-30 00:16:51.680000+00:00,11.417,-85.554,197.7,4.85,mw,,,,0.9,us,usp000405w,2014-11-07T00:44:55.161Z,"16 km S of Altagracia, Nicaragua",earthquake,,5.9,,17.0,reviewed,us,us,1989-09-30,32087,Nicaragua,1
1989-10-21 04:40:01.870000+00:00,12.242,-87.397,91.9,4.85,mw,,,,1.1,us,usp000411w,2014-11-07T00:45:03.502Z,"36 km SW of Corinto, Nicaragua",earthquake,,13.9,,5.0,reviewed,us,us,1989-10-21,32094,Nicaragua,1
1989-10-23 20:55:11.870000+00:00,11.909,-86.277,73.0,5.5,mw,,,,1.1,us,usp000415v,2025-12-19T21:04:25.845Z,"6 km NW of Diriamba, Nicaragua",earthquake,,,,,reviewed,us,hrv,1989-10-23,32078,Nicaragua,1
1989-10-24 08:55:54.430000+00:00,12.916,-86.894,194.5,4.68,mw,,,,1.0,us,usp000416s,2014-11-07T00:45:04.346Z,"14 km S of Somotillo, Nicaragua",earthquake,,18.6,,2.0,reviewed,us,us,1989-10-24,32134,Nicaragua,1
1989-11-30 02:19:30.090000+00:00,12.032,-88.334,19.9,5.2,mw,,,,1.4,us,usp00042jt,2014-11-07T00:45:14.841Z,"124 km SW of Jiquilillo, Nicaragua",earthquake,,5.3,,9.0,reviewed,us,us,1989-11-30,32086,Nicaragua,1
1990-01-12 03:24:59.080000+00:00,12.672,-87.489,86.2,5.6,mw,,,,1.2,us,usp0004453,2022-04-28T20:01:35.064Z,near the coast of Nicaragua,earthquake,,,,,reviewed,us,hrv,1990-01-12,32296,near the coast of Nicaragua,1
1990-02-24 16:38:58.700000+00:00,11.753,-87.342,10.0,5.11,mw,,,,0.4,us,usp00045vh,2014-11-07T00:45:47.694Z,"82 km SSW of Corinto, Nicaragua",earthquake,,,,2.0,reviewed,us,us,1990-02-24,32319,Nicaragua,1
1990-03-11 07:56:19.990000+00:00,11.266,-85.632,37.6,5.71,mw,,,,1.1,us,usp00046ew,2014-11-07T00:45:54.845Z,Nicaragua,earthquake,,,,1.0,reviewed,us,us,1990-03-11,32281,Nicaragua,1
1990-03-28 17:24:50.880000+00:00,10.862,-83.906,33.0,4.6,mw,,,,1.1,us,usp0004767,2014-11-07T00:46:00.675Z,"20 km WSW of Greytown, Nicaragua",earthquake,,,,3.0,reviewed,us,us,1990-03-28,32399,Nicaragua,-1
1990-04-03 22:57:00.920000+00:00,11.426,-86.301,52.5,6.8,mw,,,,1.3,us,usp00047e5,2022-04-28T19:50:58.487Z,"36 km SSW of La Conquista, Nicaragua",earthquake,,3.6,,,reviewed,us,hrv,1990-04-03,32238,Nicaragua,1
1990-05-01 20:42:39.750000+00:00,11.808,-86.962,33.0,5.03,mw,,,,1.0,us,usp00048qm,2014-11-07T00:46:15.321Z,"48 km W of Masachapa, Nicaragua",earthquake,,,,3.0,reviewed,us,us,1990-05-01,32347,Nicaragua,1
1990-05-22 08:28:34.110000+00:00,13.545,-85.211,33.0,4.68,mw,,,,1.6,us,usp00049m0,2014-11-07T00:46:23.610Z,"35 km E of San José de Bocay, Nicaragua",earthquake,,,,3.0,reviewed,us,us,1990-05-22,32368,Nicaragua,-1
1990-06-22 21:16:52.620000+00:00,11.915,-85.798,28.4,5.4,mw,,,,1.1,us,usp0004ava,2022-04-28T19:47:42.946Z,"17 km E of Granada, Nicaragua",earthquake,,,,,reviewed,us,hrv,1990-06-22,32313,Nicaragua,1
1990-07-13 13:50:25.640000+00:00,12.925,-87.723,22.4,6.05,mw,,,,1.1,us,usp0004bsx,2020-08-28T23:58:05.867Z,"35 km NW of Jiquilillo, Nicaragua",earthquake,,,,1.0,reviewed,us,us,1990-07-13,32420,Nicaragua,1
1990-07-29 14:28:41.300000+00:00,11.563,-87.837,33.0,4.85,mw,,,,1.3,us,usp0004cpz,2014-11-07T00:46:46.943Z,"124 km SW of Corinto, Nicaragua",earthquake,,,,5.0,reviewed,us,us,1990-07-29,32538,Nicaragua,1
1990-11-08 13:12:54.920000+00:00,11.757,-85.872,163.3,5.5,mw,,,,1.3,us,usp0004gnd,2025-12-19T20:56:10.840Z,"19 km E of Nandaime, Nicaragua",earthquake,,,,,reviewed,us,hrv,1990-11-08,32436,Nicaragua,1
1990-11-13 00:48:43.930000+00:00,11.122,-83.599,33.0,4.85,mw,,,,1.7,us,usp0004gv2,2014-11-07T00:47:26.477Z,"24 km NE of Greytown, Nicaragua",earthquake,,,,1.0,reviewed,us,us,1990-11-13,32543,Nicaragua,-1
1991-01-10 03:30:09.850000+00:00,11.79,-87.084,72.7,5.03,mw,,,,1.2,us,usp0004kfg,2014-11-07T00:47:48.872Z,"62 km W of Masachapa, Nicaragua",earthquake,,22.6,,14.0,reviewed,us,us,1991-01-10,32604,Nicaragua,1
1991-01-13 22:06:54.750000+00:00,11.498,-86.623,33.0,4.94,mw,,,,1.3,us,usp0004knb,2014-11-07T00:47:50.050Z,"34 km SSW of Masachapa, Nicaragua",earthquake,,,,11.0,reviewed,us,us,1991-01-13,32614,Nicaragua,1
1991-01-23 15:16:39.780000+00:00,12.68,-86.272,14.8,5.37,mw,,,,1.2,us,usp0004m2m,2022-04-28T19:28:03.407Z,"12 km ESE of El Jicaral, Nicaragua",earthquake,,,,23.0,reviewed,us,us,1991-01-23,32601,Nicaragua,2
1991-02-07 11:33:00.930000+00:00,11.432,-86.121,33.0,4.68,mw,,,,1.1,us,usp0004mnu,2014-11-07T00:47:58.586Z,"19 km W of Tola, Nicaragua",earthquake,,,,2.0,reviewed,us,us,1991-02-07,32630,Nicaragua,1
1991-02-08 11:31:40.280000+00:00,10.883,-86.506,41.7,4.51,mw,,,,1.1,us,usp0004mq0,2014-11-07T00:47:58.729Z,"80 km WSW of San Juan del Sur, Nicaragua",earthquake,,23.2,,6.0,reviewed,us,us,1991-02-08,32649,Nicaragua,1
1991-02-27 19:57:20.510000+00:00,12.534,-87.64,60.9,4.94,mw,,,,1.2,us,usp0004ngb,2014-11-07T00:48:05.605Z,"31 km SW of Jiquilillo, Nicaragua",earthquake,,28.3,,3.0,reviewed,us,us,1991-02-27,32629,Nicaragua,1
1991-08-17 13:37:15.620000+00:00,11.545,-86.914,29.5,4.94,mw,,,,1.5,us,usp0004vgh,2014-11-07T00:49:06.409Z,"51 km WSW of Masachapa, Nicaragua",earthquake,,,,11.0,reviewed,us,us,1991-08-17,32884,Nicaragua,1
1991-08-26 03:19:59.300000+00:00,11.06,-85.461,23.6,5.11,mw,,,,1.0,us,usp0004vvn,2014-11-07T00:49:07.753Z,"15 km SSE of Cárdenas, Nicaragua",earthquake,,,,17.0,reviewed,us,us,1991-08-26,32820,Nicaragua,1
1991-10-20 05:46:50.990000+00:00,12.489,-87.89,79.3,5.03,mw,,,,1.1,us,usp0004y2k,2014-11-07T00:49:25.847Z,"55 km WSW of Jiquilillo, Nicaragua",earthquake,,,,13.0,reviewed,us,us,1991-10-20,32829,Nicaragua,1
1991-11-21 16:57:09.300000+00:00,11.596,-87.729,33.0,4.85,mw,,,,0.5,us,usp0004zec,2014-11-07T00:49:35.713Z,"115 km SSW of Corinto, Nicaragua",earthquake,,,,4.0,reviewed,us,us,1991-11-21,32916,Nicaragua,1
1992-02-20 13:22:29.100000+00:00,11.654,-87.302,33.2,5.2,mw,,,,1.0,us,usp000539x,2014-11-07T00:50:07.165Z,"87 km W of Masachapa, Nicaragua",earthquake,,,,10.0,reviewed,us,us,1992-02-20,33074,Nicaragua,1
1992-04-05 14:13:40.220000+00:00,11.27,-86.366,32.1,5.8,mw,,,,1.4,us,usp00055ca,2022-04-28T18:48:55.063Z,"50 km WSW of Tola, Nicaragua",earthquake,,,,,reviewed,us,hrv,1992-04-05,33007,Nicaragua,1
1992-04-27 08:29:53.710000+00:00,12.278,-87.091,76.3,5.7,mw,,,,1.2,us,usp00056j0,2022-04-28T18:50:49.859Z,"24 km SSE of Corinto, Nicaragua",earthquake,,,,,reviewed,us,hrv,1992-04-27,33052,Nicaragua,1
1992-06-02 03:30:19.800000+00:00,11.747,-88.317,78.1,4.85,mw,,,,0.9,us,usp00058jc,2014-11-07T00:50:46.156Z,"145 km SW of Jiquilillo, Nicaragua",earthquake,,32.2,,2.0,reviewed,us,us,1992-06-02,33111,Nicaragua,1
1992-06-03 07:40:50.500000+00:00,11.964,-87.929,54.4,5.2,mw,,,,1.0,us,usp00058me,2014-11-07T00:50:47.312Z,"100 km SW of Corinto, Nicaragua",earthquake,,9.6,,11.0,reviewed,us,us,1992-06-03,33110,Nicaragua,1
1992-09-02 00:16:01.690000+00:00,11.742,-87.34,44.8,7.7,mw,,,,1.3,us,usp0005ddn,2022-04-28T18:34:44.810Z,"83 km SSW of Corinto, Nicaragua",earthquake,,,,,reviewed,us,hrv,1992-09-02,33202,Nicaragua,1
1992-09-02 00:28:17.950000+00:00,10.794,-87.219,10.0,5.45,mw,,,,1.4,us,usp0005ddr,2014-11-07T00:51:22.993Z,"134 km SW of Masachapa, Nicaragua",earthquake,,,,9.0,reviewed,us,us,1992-09-02,33204,Nicaragua,1
1992-09-03 12:37:21.230000+00:00,10.262,-87.605,10.0,4.77,mw,,,,1.2,us,usp0005dhm,2014-11-07T00:51:24.545Z,"206 km SW of Masachapa, Nicaragua",earthquake,,,,5.0,reviewed,us,us,1992-09-03,33232,Nicaragua,-1
1992-09-04 16:51:54.240000+00:00,12.041,-88.269,10.0,5.37,mw,,,,1.2,us,usp0005dk9,2014-11-07T00:51:24.850Z,"118 km SW of Jiquilillo, Nicaragua",earthquake,,,,16.0,reviewed,us,us,1992-09-04,33215,Nicaragua,1
1992-09-15 18:40:31.990000+00:00,11.064,-86.757,31.9,5.7,mw,,,,1.2,us,usp0005e1g,2022-04-28T18:36:45.428Z,"84 km SSW of Masachapa, Nicaragua",earthquake,,,,,reviewed,us,hrv,1992-09-15,33203,Nicaragua,1
1992-09-17 05:01:43.190000+00:00,10.839,-86.253,33.0,5.11,mw,,,,1.2,us,usp0005e3n,2014-11-07T00:51:29.234Z,"61 km SW of San Juan del Sur, Nicaragua",earthquake,,,,8.0,reviewed,us,us,1992-09-17,33217,Nicaragua,1
1992-09-26 20:36:16.820000+00:00,11.899,-86.446,33.0,4.77,mw,,,,0.7,us,usp0005ejd,2014-11-07T00:51:30.944Z,"5 km N of San Rafael del Sur, Nicaragua",earthquake,,,,2.0,reviewed,us,us,1992-09-26,33226,Nicaragua,1
1992-10-02 11:00:41.360000+00:00,11.543,-88.349,33.0,5.71,mw,,,,0.4,us,usp0005euz,2014-11-07T00:51:36.894Z,"164 km SW of Corinto, Nicaragua",earthquake,,,,1.0,reviewed,us,us,1992-10-02,33202,Nicaragua,1
1993-01-06 23:18:55.450000+00:00,11.532,-87.182,33.0,5.2,mw,,,,1.3,us,usp0005kd8,2014-11-07T00:52:12.008Z,"78 km WSW of Masachapa, Nicaragua",earthquake,,,,6.0,reviewed,us,us,1993-01-06,33365,Nicaragua,1
1993-02-12 18:26:51.870000+00:00,11.301,-86.735,21.2,5.11,mw,,,,1.2,us,usp0005mzq,2014-11-07T00:52:23.806Z,"58 km SSW of Masachapa, Nicaragua",earthquake,,,,21.0,reviewed,us,us,1993-02-12,33373,Nicaragua,1
1993-02-20 04:31:19.250000+00:00,12.316,-88.21,33.0,4.85,mw,,,,1.3,us,usp0005nc9,2014-11-07T00:52:25.796Z,"95 km WSW of Jiquilillo, Nicaragua",earthquake,,,,7.0,reviewed,us,us,1993-02-20,33396,Nicaragua,1
1993-03-06 02:04:37.950000+00:00,11.099,-87.064,42.3,4.68,mw,,,,1.4,us,usp0005p22,2014-11-07T00:52:32.629Z,"96 km SW of Masachapa, Nicaragua",earthquake,,19.7,,7.0,reviewed,us,us,1993-03-06,33426,Nicaragua,1
1993-03-06 11:30:34.900000+00:00,12.586,-87.563,74.2,5.62,mw,,,,1.3,us,usp0005p2x,2022-04-28T18:17:55.258Z,"21 km SW of Jiquilillo, Nicaragua",earthquake,,4.0,,66.0,reviewed,us,us,1993-03-06,33328,Nicaragua,1
1993-03-07 02:24:12.810000+00:00,10.861,-86.464,33.0,5.03,mw,,,,1.2,us,usp0005p3s,2014-11-07T00:52:33.094Z,"78 km SW of San Juan del Sur, Nicaragua",earthquake,,,,5.0,reviewed,us,us,1993-03-07,33387,Nicaragua,1
1993-03-15 11:53:00.090000+00:00,11.573,-88.446,71.7,4.77,mw,,,,1.0,us,usp0005phu,2014-11-07T00:52:35.588Z,"168 km SW of Jiquilillo, Nicaragua",earthquake,,14.1,,4.0,reviewed,us,us,1993-03-15,33414,Nicaragua,1
1993-04-02 19:37:48.510000+00:00,11.958,-87.798,60.8,5.11,mw,,,,1.2,us,usp0005qjd,2014-11-07T00:52:44.726Z,"89 km SW of Corinto, Nicaragua",earthquake,,14.7,,10.0,reviewed,us,us,1993-04-02,33387,Nicaragua,1
1993-04-08 01:01:57.430000+00:00,11.945,-88.279,52.6,4.51,mw,,,,1.3,us,usp0005qug,2014-11-07T00:52:47.133Z,"126 km SW of Jiquilillo, Nicaragua",earthquake,,9.6,,4.0,reviewed,us,us,1993-04-08,33455,Nicaragua,1
1993-04-14 10:19:58.040000+00:00,11.427,-87.72,32.9,4.94,mw,,,,1.1,us,usp0005r5b,2014-11-07T00:52:49.089Z,"131 km SSW of Corinto, Nicaragua",earthquake,,,,11.0,reviewed,us,us,1993-04-14,33388,Nicaragua,1
1993-05-13 11:12:22.830000+00:00,11.119,-88.19,33.0,4.77,mw,,,,1.4,us,usp0005sq8,2014-11-07T00:53:00.076Z,"187 km SW of Corinto, Nicaragua",earthquake,,,,5.0,reviewed,us,us,1993-05-13,33420,Nicaragua,1
1993-06-19 11:27:08.420000+00:00,11.243,-86.885,33.0,4.43,mw,,,,1.5,us,usp0005uv9,2014-11-07T00:53:17.153Z,"72 km SW of Masachapa, Nicaragua",earthquake,,,,2.0,reviewed,us,us,1993-06-19,33627,Nicaragua,1
1993-07-05 07:36:10.930000+00:00,10.78,-86.221,33.0,4.94,mw,,,,1.0,us,usp0005vmu,2014-11-07T00:53:24.987Z,"64 km SW of San Juan del Sur, Nicaragua",earthquake,,,,25.0,reviewed,us,us,1993-07-05,33578,Nicaragua,1
1993-07-14 02:23:32.740000+00:00,10.75,-87.011,28.4,5.2,mw,,,,1.1,us,usp0005w7q,2014-11-07T00:53:29.474Z,"126 km SSW of Masachapa, Nicaragua",earthquake,,,,31.0,reviewed,us,us,1993-07-14,33558,Nicaragua,1
1993-07-25 23:33:22.080000+00:00,12.016,-88.02,33.0,4.77,mw,,,,1.2,us,usp0005xd2,2014-11-07T00:53:33.921Z,"101 km SW of Jiquilillo, Nicaragua",earthquake,,,,9.0,reviewed,us,us,1993-07-25,33596,Nicaragua,1
1993-08-17 05:57:55.390000+00:00,12.302,-87.258,33.0,4.68,mw,,,,1.1,us,usp0005yq5,2014-11-07T00:53:45.543Z,"22 km SSW of Corinto, Nicaragua",earthquake,,,,10.0,reviewed,us,us,1993-08-17,33623,Nicaragua,1
1993-08-24 00:46:17.720000+00:00,12.157,-86.455,166.3,5.11,mw,,,,1.2,us,usp0005z3h,2014-11-07T00:53:48.184Z,"12 km W of Ciudad Sandino, Nicaragua",earthquake,,,,63.0,reviewed,us,us,1993-08-24,33561,Nicaragua,1
1993-08-27 23:44:16.170000+00:00,12.578,-86.629,33.0,4.04,mw,,,,1.1,us,usp0005zbt,2014-11-07T00:53:49.391Z,"12 km SSW of Larreynaga, Nicaragua",earthquake,,,,,reviewed,us,upa,1993-08-27,33648,Nicaragua,1
1993-09-13 22:58:13.880000+00:00,11.242,-86.321,33.0,5.8,mw,,,,1.3,us,usp000609w,2022-04-28T18:00:27.425Z,"47 km WSW of Tola, Nicaragua",earthquake,,,,,reviewed,us,hrv,1993-09-13,33517,Nicaragua,1
1993-10-01 15:10:42.260000+00:00,11.734,-87.165,31.4,6.12,mw,,,,1.2,us,usp00061b0,2014-11-07T00:54:08.093Z,"71 km W of Masachapa, Nicaragua",earthquake,,,,1.0,reviewed,us,us,1993-10-01,33492,Nicaragua,1
1993-10-28 04:29:27.850000+00:00,11.659,-87.77,31.1,5.2,mw,,,,1.0,us,usp00062tw,2014-11-07T00:54:15.812Z,"111 km SW of Corinto, Nicaragua",earthquake,,,,24.0,reviewed,us,us,1993-10-28,33551,Nicaragua,1
1993-11-01 12:14:11.670000+00:00,12.581,-87.77,72.7,5.4,mw,,,,1.1,us,usp0006316,2025-12-19T22:50:34.604Z,"39 km WSW of Jiquilillo, Nicaragua",earthquake,,,,,reviewed,us,hrv,1993-11-01,33528,Nicaragua,1
1993-11-22 22:43:26.410000+00:00,11.743,-86.135,108.1,5.9,mw,,,,1.2,us,usp000642p,2022-04-28T17:56:29.194Z,"6 km E of La Conquista, Nicaragua",earthquake,,,,,reviewed,us,hrv,1993-11-22,33508,Nicaragua,1
1993-12-04 18:12:57.670000+00:00,11.295,-86.241,33.0,5.03,mw,,,,1.2,us,usp00064ng,2014-11-07T00:54:33.173Z,"36 km WSW of Tola, Nicaragua",earthquake,,,,6.0,reviewed,us,us,1993-12-04,33732,Nicaragua,1
1993-12-11 23:32:24.590000+00:00,11.221,-86.821,32.3,5.78,mw,,,,1.3,us,usp000650j,2014-11-07T00:54:35.311Z,"70 km SSW of Masachapa, Nicaragua",earthquake,,,,1.0,reviewed,us,us,1993-12-11,33667,Nicaragua,1
1994-01-26 03:04:09.070000+00:00,11.624,-86.027,10.0,3.77,mw,,,,1.2,us,usp00067f3,2014-11-07T00:54:50.648Z,"14 km S of Nandaime, Nicaragua",earthquake,,,,,reviewed,us,gcg,1994-01-26,33761,Nicaragua,1
1994-02-14 08:28:35.800000+00:00,11.325,-87.295,33.0,3.86,mw,,,,0.8,us,usp00068gn,2014-11-07T00:54:58.959Z,"99 km WSW of Masachapa, Nicaragua",earthquake,,,,,reviewed,us,gcg,1994-02-14,33758,Nicaragua,1
1994-03-12 23:00:28.820000+00:00,11.943,-86.893,33.0,5.6,mw,,,,1.4,us,usp00069mn,2022-04-28T17:47:41.177Z,"42 km W of Villa El Carmen, Nicaragua",earthquake,,,,,reviewed,us,hrv,1994-03-12,33713,Nicaragua,1
1994-03-15 03:36:19.930000+00:00,11.11,-88.083,14.5,6.4,mwb,,,,1.0,us,usp00069qj,2022-04-28T17:22:50.893Z,"181 km SSW of Corinto, Nicaragua",earthquake,,,,,reviewed,us,us,1994-03-15,33660,Nicaragua,1
1994-06-02 09:45:24.380000+00:00,11.274,-87.257,33.0,4.77,mw,,,,1.2,us,usp0006dhx,2014-11-07T00:55:36.468Z,"98 km SW of Masachapa, Nicaragua",earthquake,,,,6.0,reviewed,us,us,1994-06-02,33961,Nicaragua,1
1994-06-29 12:00:58.200000+00:00,11.464,-86.208,48.6,5.6,mw,,,,1.3,us,usp0006eyz,2022-04-28T17:40:48.262Z,"29 km W of Tola, Nicaragua",earthquake,,,,,reviewed,us,hrv,1994-06-29,33867,Nicaragua,1
1994-07-12 11:01:20.030000+00:00,11.87,-86.727,33.0,4.77,mw,,,,0.8,us,usp0006fhb,2014-11-07T00:55:51.175Z,"24 km WNW of Masachapa, Nicaragua",earthquake,,,,5.0,reviewed,us,us,1994-07-12,33983,Nicaragua,1
1994-10-01 01:06:28.400000+00:00,11.22,-87.917,33.0,6.05,mw,,,,1.2,us,usp0006k89,2014-11-07T00:56:23.389Z,"161 km SSW of Corinto, Nicaragua",earthquake,,,,7.0,reviewed,us,us,1994-10-01,33840,Nicaragua,1
1994-10-23 15:42:26.660000+00:00,12.08,-87.841,70.2,5.03,mw,,,,0.8,us,usp0006mkf,2014-11-07T00:56:33.133Z,"84 km SSW of Jiquilillo, Nicaragua",earthquake,,10.0,,21.0,reviewed,us,us,1994-10-23,33880,Nicaragua,1
1994-12-16 01:46:20.320000+00:00,11.829,-86.273,130.3,4.94,mw,,,,1.3,us,usp0006q3b,2014-11-07T00:56:58.207Z,"4 km SW of Diriamba, Nicaragua",earthquake,,,,34.0,reviewed,us,us,1994-12-16,34159,Nicaragua,1
1994-12-20 12:39:51.790000+00:00,11.864,-87.245,95.0,4.85,mw,,,,1.1,us,usp0006q89,2014-11-07T00:56:58.872Z,"68 km S of Corinto, Nicaragua",earthquake,,,,8.0,reviewed,us,us,1994-12-20,34174,Nicaragua,1
1994-12-26 21:38:20.520000+00:00,11.406,-86.795,33.0,5.37,mw,,,,1.1,us,usp0006qfj,2014-11-07T00:56:59.928Z,"52 km SW of Masachapa, Nicaragua",earthquake,,,,16.0,reviewed,us,us,1994-12-26,34041,Nicaragua,1
1995-02-27 20:51:58.100000+00:00,11.906,-86.775,55.8,4.94,mw,,,,1.0,us,usp0006tmn,2014-11-07T00:57:23.313Z,"30 km WSW of Villa El Carmen, Nicaragua",earthquake,,14.1,,9.0,reviewed,us,us,1995-02-27,34111,Nicaragua,1
1995-02-28 05:03:03.660000+00:00,11.575,-85.913,135.3,5.2,mw,,,,1.0,us,usp0006tn0,2025-12-19T22:17:46.036Z,"8 km NNW of Belén, Nicaragua",earthquake,,,,,reviewed,us,hrv,1995-02-28,34047,Nicaragua,1
1995-04-17 12:02:29.780000+00:00,11.338,-86.35,31.9,5.11,mw,,,,1.1,us,usp0006vtm,2014-11-07T00:57:43.073Z,"46 km WSW of Tola, Nicaragua",earthquake,,,,30.0,reviewed,us,us,1995-04-17,34110,Nicaragua,1
1995-05-02 01:40:13.050000+00:00,10.868,-86.239,150.0,4.77,mw,,,,1.1,us,usp0006wpr,2014-11-07T00:57:50.572Z,"58 km SW of San Juan del Sur, Nicaragua",earthquake,,,,8.0,reviewed,us,us,1995-05-02,34193,Nicaragua,1
1995-05-21 17:06:32.870000+00:00,12.136,-87.935,51.7,5.5,mw,,,,1.1,us,usp0006xts,2025-12-19T22:21:13.076Z,near the coast of Nicaragua,earthquake,,7.8,,,reviewed,us,hrv,1995-05-21,34037,near the coast of Nicaragua,1
1995-05-28 17:22:58.100000+00:00,11.28,-86.773,33.0,5.11,mw,,,,1.1,us,usp0006y7p,2014-11-07T00:58:00.690Z,"62 km SSW of Masachapa, Nicaragua",earthquake,,,,19.0,reviewed,us,us,1995-05-28,34217,Nicaragua,1
1995-05-29 01:03:52+00:00,11.438,-85.878,189.1,4.85,mw,,,,1.4,us,usp0006y88,2014-11-07T00:58:00.789Z,"5 km W of Rivas, Nicaragua",earthquake,,,,7.0,reviewed,us,us,1995-05-29,34270,Nicaragua,1
1995-05-30 18:50:18.510000+00:00,10.409,-87.493,33.0,4.43,mw,,,,1.6,us,usp0006ybc,2014-11-07T00:58:01.279Z,"186 km SW of Masachapa, Nicaragua",earthquake,,,,6.0,reviewed,us,us,1995-05-30,34353,Nicaragua,-1
1995-05-31 10:33:23.260000+00:00,12.379,-86.933,33.0,4.68,mw,,,,1.0,us,usp0006ycp,2014-11-07T00:58:01.407Z,"8 km SW of León, Nicaragua",earthquake,,,,11.0,reviewed,us,us,1995-05-31,34302,Nicaragua,1
1995-06-14 11:11:47.400000+00:00,12.128,-88.36,25.0,6.6,mw,,,,1.2,us,usp0006z26,2022-04-29T20:32:30.225Z,"120 km SW of Jiquilillo, Nicaragua",earthquake,,,,,reviewed,us,hrv,1995-06-14,34200,Nicaragua,1
1995-07-18 22:18:08.950000+00:00,10.868,-86.306,33.0,5.11,mw,,,,1.3,us,usp00070ra,2014-11-07T00:58:22.022Z,"63 km SW of San Juan del Sur, Nicaragua",earthquake,,,,12.0,reviewed,us,us,1995-07-18,34202,Nicaragua,1
1995-07-30 06:22:13.110000+00:00,12.77,-87.895,33.0,4.6,mw,,,,1.1,us,usp0007156,2014-11-07T00:58:24.139Z,"48 km W of Jiquilillo, Nicaragua",earthquake,,,,3.0,reviewed,us,us,1995-07-30,34304,Nicaragua,1
1995-08-06 03:04:19.310000+00:00,11.689,-87.587,33.0,4.85,mw,,,,1.1,us,usp00071gk,2014-11-07T00:58:29.725Z,"98 km SSW of Corinto, Nicaragua",earthquake,,,,4.0,reviewed,us,us,1995-08-06,34270,Nicaragua,1
1995-08-06 03:48:05.430000+00:00,12.446,-87.399,48.8,4.94,mw,,,,1.2,us,usp00071gp,2014-11-07T00:58:29.734Z,"24 km W of Corinto, Nicaragua",earthquake,,,,34.0,reviewed,us,us,1995-08-06,34263,Nicaragua,1
1995-08-24 07:06:21.710000+00:00,11.489,-88.06,33.0,5.11,mw,,,,0.9,us,usp00072bh,2014-11-07T00:58:35.061Z,"146 km SW of Corinto, Nicaragua",earthquake,,,,34.0,reviewed,us,us,1995-08-24,34203,Nicaragua,1
1995-09-07 09:41:23.830000+00:00,11.554,-86.494,33.0,4.68,mw,,,,0.9,us,usp000731k,2014-11-07T00:58:41.942Z,"25 km S of Masachapa, Nicaragua",earthquake,,,,14.0,reviewed,us,us,1995-09-07,34288,Nicaragua,1
1995-09-09 02:19:00.360000+00:00,12.195,-87.707,33.0,5.2,mw,,,,1.0,us,usp000734a,2014-11-07T00:58:42.382Z,"66 km WSW of Corinto, Nicaragua",earthquake,,,,32.0,reviewed,us,us,1995-09-09,34201,Nicaragua,1
1995-10-28 16:16:07.100000+00:00,12.036,-86.79,65.2,4.94,mw,,,,1.1,us,usp00075wt,2014-11-07T00:59:01.826Z,"31 km WNW of Villa El Carmen, Nicaragua",earthquake,,,,29.0,reviewed,us,us,1995-10-28,34251,Nicaragua,1
1995-12-10 00:13:13.300000+00:00,11.372,-85.801,200.0,4.51,mw,,,,0.9,us,usp00078q4,2014-11-07T00:59:24.629Z,"7 km SSE of Rivas, Nicaragua",earthquake,,,,9.0,reviewed,us,us,1995-12-10,34492,Nicaragua,1
1995-12-14 12:55:44.930000+00:00,12.107,-88.327,26.6,4.85,mw,,,,1.1,us,usp00078za,2014-11-07T00:59:26.220Z,"118 km SW of Jiquilillo, Nicaragua",earthquake,,,,18.0,reviewed,us,us,1995-12-14,34449,Nicaragua,1
1995-12-21 20:38:35.810000+00:00,12.015,-86.103,163.9,5.11,mw,,,,1.2,us,usp00079cd,2014-11-07T00:59:28.324Z,"2 km ENE of Nindirí, Nicaragua",earthquake,,,,86.0,reviewed,us,us,1995-12-21,34407,Nicaragua,1
1996-01-01 02:30:42.830000+00:00,10.786,-86.855,33.0,4.77,mw,,,,1.3,us,usp00079z7,2014-11-07T00:59:33.300Z,"116 km SSW of Masachapa, Nicaragua",earthquake,,,,21.0,reviewed,us,us,1996-01-01,34480,Nicaragua,1
1996-02-01 09:50:02.420000+00:00,11.019,-88.395,20.0,4.43,mw,,,,1.4,us,usp0007c3h,2014-11-07T00:59:48.124Z,"209 km SW of Corinto, Nicaragua",earthquake,,,,5.0,reviewed,us,us,1996-02-01,34523,Nicaragua,1
1996-03-03 15:52:05.160000+00:00,11.49,-87.399,33.0,4.51,mw,,,,1.4,us,usp0007e9q,2014-11-07T01:00:03.007Z,"101 km WSW of Masachapa, Nicaragua",earthquake,,,,8.0,reviewed,us,us,1996-03-03,34484,Nicaragua,1
1996-03-03 16:37:31.520000+00:00,11.905,-86.772,33.0,6.7,mwc,,,,1.2,us,usp0007e9s,2022-04-29T20:12:45.739Z,"30 km WSW of Villa El Carmen, Nicaragua",earthquake,,,,,reviewed,us,hrv,1996-03-03,34396,Nicaragua,1
1996-03-03 18:55:18.930000+00:00,11.216,-86.869,33.0,4.43,mw,,,,1.3,us,usp0007e9y,2014-11-07T01:00:03.143Z,"74 km SSW of Masachapa, Nicaragua",earthquake,,,,10.0,reviewed,us,us,1996-03-03,34504,Nicaragua,1
1996-03-04 11:18:44.310000+00:00,11.184,-87.585,20.6,4.6,mw,,,,1.5,us,usp0007eaw,2014-11-07T01:00:03.496Z,"134 km WSW of Masachapa, Nicaragua",earthquake,,,,9.0,reviewed,us,us,1996-03-04,34481,Nicaragua,1
1996-03-07 03:32:46.270000+00:00,11.521,-85.345,33.0,4.43,mw,,,,0.5,us,usp0007edw,2014-11-07T01:00:04.573Z,"25 km E of Altagracia, Nicaragua",earthquake,,,,7.0,reviewed,us,us,1996-03-07,34526,Nicaragua,1
1996-03-07 04:27:52.900000+00:00,11.015,-85.903,64.0,5.03,mw,,,,1.2,us,usp0007edy,2014-11-07T01:00:04.579Z,"26 km S of San Juan del Sur, Nicaragua",earthquake,,13.8,,45.0,reviewed,us,us,1996-03-07,34418,Nicaragua,1
1996-03-15 13:54:34.010000+00:00,10.809,-86.322,33.0,4.77,mw,,,,1.4,us,usp0007etq,2014-11-07T01:00:06.588Z,"69 km SW of San Juan del Sur, Nicaragua",earthquake,,,,23.0,reviewed,us,us,1996-03-15,34480,Nicaragua,1
1996-03-27 20:52:06.690000+00:00,11.777,-87.935,33.0,6.0,mwc,,,,1.1,us,usp0007fcs,2022-04-29T20:15:02.905Z,"113 km SW of Corinto, Nicaragua",earthquake,,,,,reviewed,us,hrv,1996-03-27,34400,Nicaragua,1
1996-04-15 23:13:02.460000+00:00,12.622,-87.661,33.0,4.6,mw,,,,1.1,us,usp0007g7z,2014-11-07T01:00:17.507Z,"26 km WSW of Jiquilillo, Nicaragua",earthquake,,,,11.0,reviewed,us,us,1996-04-15,34480,Nicaragua,1
1996-04-18 09:25:49.050000+00:00,11.354,-88.714,33.0,4.51,mw,,,,1.0,us,usp0007gam,2014-11-07T01:00:17.843Z,"206 km SW of Jiquilillo, Nicaragua",earthquake,,,,10.0,reviewed,us,us,1996-04-18,34484,Nicaragua,1
1996-05-22 00:24:47.260000+00:00,11.928,-88.361,30.4,4.77,mw,,,,1.1,us,usp0007hnq,2014-11-07T01:00:28.389Z,"134 km SW of Jiquilillo, Nicaragua",earthquake,,,,20.0,reviewed,us,us,1996-05-22,34692,Nicaragua,1
1996-07-30 11:59:55.600000+00:00,12.545,-87.164,33.0,4.51,mw,,,,0.7,us,usp0007mvb,2014-11-07T01:00:51.196Z,"0 km NE of El Realejo, Nicaragua",earthquake,,,,2.0,reviewed,us,us,1996-07-30,34710,Nicaragua,1
1996-08-10 22:10:00.350000+00:00,12.737,-87.88,33.0,4.85,mw,,,,1.3,us,usp0007nd0,2014-11-07T01:00:58.061Z,"46 km W of Jiquilillo, Nicaragua",earthquake,,,,26.0,reviewed,us,us,1996-08-10,34689,Nicaragua,1
1996-09-16 03:17:56.030000+00:00,12.435,-87.608,56.6,4.94,mw,,,,1.07,us,usp0007q0c,2014-11-07T01:01:11.180Z,"38 km SSW of Jiquilillo, Nicaragua",earthquake,,,,13.0,reviewed,us,us,1996-09-16,34687,Nicaragua,1
1996-09-18 17:34:20.670000+00:00,11.435,-85.471,192.6,5.6,mwc,,,,0.99,us,usp0007q3h,2022-04-29T20:33:32.099Z,"18 km SE of Altagracia, Nicaragua",earthquake,,,,,reviewed,us,hrv,1996-09-18,34640,Nicaragua,1
1996-09-26 16:48:26.050000+00:00,12.142,-86.228,33.0,5.03,mw,,,,1.5,us,usp0007qh6,2014-11-07T01:01:13.390Z,"2 km ENE of Managua, Nicaragua",earthquake,,,,5.0,reviewed,us,us,1996-09-26,34679,Nicaragua,1
1996-09-27 06:10:51.540000+00:00,12.101,-87.756,33.0,4.85,mw,,,,1.24,us,usp0007qj4,2014-11-07T01:01:13.554Z,"76 km WSW of Corinto, Nicaragua",earthquake,,,,2.0,reviewed,us,us,1996-09-27,34688,Nicaragua,1
1996-09-28 12:17:59.530000+00:00,11.682,-86.47,33.0,5.7,mwc,,,,1.04,us,usp0007qmq,2022-04-29T20:34:47.795Z,"12 km SSE of Masachapa, Nicaragua",earthquake,,,,,reviewed,us,hrv,1996-09-28,34629,Nicaragua,1
1996-10-01 07:20:19.120000+00:00,12.39,-88.156,33.0,4.6,mw,,,,1.36,us,usp0007qsw,2014-11-07T01:01:17.025Z,"86 km WSW of Jiquilillo, Nicaragua",earthquake,,,,1.0,reviewed,us,us,1996-10-01,34708,Nicaragua,1
1996-10-17 19:12:36.930000+00:00,11.482,-87.174,33.0,5.11,mw,,,,0.93,us,usp0007rk1,2014-11-07T01:01:23.501Z,"79 km WSW of Masachapa, Nicaragua",earthquake,,,,6.0,reviewed,us,us,1996-10-17,34677,Nicaragua,1
1996-10-19 06:33:53.150000+00:00,11.408,-88.0,33.0,4.43,mw,,,,0.98,us,usp0007rna,2014-11-07T01:01:23.834Z,"149 km SW of Corinto, Nicaragua",earthquake,,,,2.0,reviewed,us,us,1996-10-19,34739,Nicaragua,1
1996-11-17 19:17:41.980000+00:00,11.081,-86.052,33.0,6.0,mwb,,,,1.23,us,usp0007t5e,2022-04-29T20:40:06.238Z,"27 km SW of San Juan del Sur, Nicaragua",earthquake,,,,,reviewed,us,us,1996-11-17,34560,Nicaragua,1
1996-12-17 19:44:57.740000+00:00,11.468,-88.133,33.0,4.77,mw,,,,1.01,us,usp0007um4,2014-11-07T01:01:47.941Z,"153 km SW of Corinto, Nicaragua",earthquake,,,,3.0,reviewed,us,us,1996-12-17,34880,Nicaragua,1
1996-12-24 14:34:14.510000+00:00,11.734,-87.489,33.0,4.77,mw,,,,1.42,us,usp0007uxz,2014-11-07T01:01:49.326Z,"89 km SSW of Corinto, Nicaragua",earthquake,,,,4.0,reviewed,us,us,1996-12-24,34879,Nicaragua,1
1996-12-25 21:28:58.740000+00:00,12.756,-87.469,200.0,4.68,mw,,,,1.02,us,usp0007uzy,2014-11-07T01:01:50.002Z,"2 km WNW of Jiquilillo, Nicaragua",earthquake,,,,8.0,reviewed,us,us,1996-12-25,34911,Nicaragua,1
1997-01-08 18:02:09.780000+00:00,10.979,-86.454,33.0,4.94,mw,,,,1.24,us,usp0007vmr,2014-11-07T01:01:56.929Z,"70 km WSW of San Juan del Sur, Nicaragua",earthquake,,,,3.0,reviewed,us,us,1997-01-08,34868,Nicaragua,1
1997-03-24 23:21:47.990000+00:00,12.067,-88.406,33.0,5.03,mw,,,,1.06,us,usp0007zcj,2014-11-07T01:02:22.467Z,"128 km SW of Jiquilillo, Nicaragua",earthquake,,,,4.0,reviewed,us,us,1997-03-24,34791,Nicaragua,1
1997-03-26 10:36:43.110000+00:00,11.109,-85.988,33.0,4.68,mw,,,,1.35,us,usp0007zf6,2014-11-07T01:02:22.978Z,"20 km SW of San Juan del Sur, Nicaragua",earthquake,,,,5.0,reviewed,us,us,1997-03-26,34911,Nicaragua,1
1997-03-26 12:57:04.660000+00:00,11.422,-86.139,100.0,4.43,mw,,,,1.47,us,usp0007zfh,2014-11-07T01:02:23.011Z,"21 km W of Tola, Nicaragua",earthquake,,,,3.0,reviewed,us,us,1997-03-26,34915,Nicaragua,1
1997-04-04 06:49:43.370000+00:00,12.019,-86.401,93.5,5.03,mw,,,,1.06,us,usp0007zxn,2014-11-07T01:02:29.843Z,"10 km WNW of El Crucero, Nicaragua",earthquake,,,,49.0,reviewed,us,us,1997-04-04,34866,Nicaragua,1
1997-04-06 14:20:33.880000+00:00,12.32,-87.887,33.0,4.77,mw,,,,1.29,us,usp0008027,2014-11-07T01:02:30.893Z,"66 km SW of Jiquilillo, Nicaragua",earthquake,,,,3.0,reviewed,us,us,1997-04-06,34899,Nicaragua,1
1997-04-07 04:27:19.200000+00:00,11.425,-86.61,33.0,5.6,mwc,,,,1.22,us,usp0008037,2022-04-29T16:49:06.610Z,"41 km SSW of Masachapa, Nicaragua",earthquake,,,,,reviewed,us,hrv,1997-04-07,34769,Nicaragua,1
1997-04-26 09:15:15.240000+00:00,12.526,-86.671,177.5,5.11,mw,,,,1.17,us,usp00081a1,2014-11-07T01:02:38.598Z,"19 km SSW of Larreynaga, Nicaragua",earthquake,,,,50.0,reviewed,us,us,1997-04-26,34777,Nicaragua,1
1997-04-30 10:21:02.920000+00:00,14.468,-83.54,33.0,4.85,mw,,,,0.87,us,usp00081h1,2014-11-07T01:02:39.452Z,"50 km NNW of Puerto Cabezas, Nicaragua",earthquake,,,,5.0,reviewed,us,us,1997-04-30,34877,Nicaragua,-1
1997-05-08 04:54:27.290000+00:00,11.548,-85.77,193.6,4.94,mw,,,,1.04,us,usp00081x6,2014-11-07T01:02:45.128Z,Nicaragua,earthquake,,,,17.0,reviewed,us,us,1997-05-08,34868,Nicaragua,1
1997-05-08 14:01:10.240000+00:00,12.267,-87.204,59.1,5.6,mwc,,,,0.97,us,usp00081xu,2022-04-29T16:53:13.492Z,"24 km S of Corinto, Nicaragua",earthquake,,,,,reviewed,us,hrv,1997-05-08,34776,Nicaragua,1
1997-05-12 19:32:00.450000+00:00,10.743,-87.773,33.0,4.68,mw,,,,0.45,us,usp000826k,2014-11-07T01:02:46.396Z,"179 km SW of Masachapa, Nicaragua",earthquake,,,,1.0,reviewed,us,us,1997-05-12,34903,Nicaragua,1
1997-05-30 23:24:11.590000+00:00,12.597,-87.723,100.0,4.77,mw,,,,1.09,us,usp00082zy,2014-11-07T01:02:50.260Z,"33 km WSW of Jiquilillo, Nicaragua",earthquake,,,,3.0,reviewed,us,us,1997-05-30,34973,Nicaragua,1
1997-05-31 12:35:38.050000+00:00,11.626,-86.311,100.0,4.68,mw,,,,1.18,us,usp000830b,2014-11-07T01:02:50.283Z,"16 km SW of Santa Teresa, Nicaragua",earthquake,,,,3.0,reviewed,us,us,1997-05-31,34978,Nicaragua,1
1997-06-10 03:35:44.900000+00:00,11.17,-87.347,33.0,4.6,mw,,,,1.2,us,usp00083bj,2014-11-07T01:02:54.884Z,"113 km SW of Masachapa, Nicaragua",earthquake,,,,4.0,reviewed,us,us,1997-06-10,35061,Nicaragua,1
1997-06-17 09:47:12.330000+00:00,10.794,-86.379,33.0,4.51,mw,,,,1.39,us,usp00083mw,2014-11-07T01:02:57.771Z,"75 km SW of San Juan del Sur, Nicaragua",earthquake,,,,3.0,reviewed,us,us,1997-06-17,35061,Nicaragua,1
1997-07-06 01:36:39.610000+00:00,11.65,-86.983,33.0,5.11,mw,,,,1.2,us,usp00084en,2014-11-07T01:03:05.822Z,"53 km WSW of Masachapa, Nicaragua",earthquake,,,,31.0,reviewed,us,us,1997-07-06,34944,Nicaragua,1
1997-07-09 14:50:08.640000+00:00,11.938,-86.696,50.0,4.94,mw,,,,1.26,us,usp00084kq,2014-11-07T01:03:06.945Z,"21 km WSW of Villa El Carmen, Nicaragua",earthquake,,,,4.0,reviewed,us,us,1997-07-09,34951,Nicaragua,1
1997-07-12 08:25:03.780000+00:00,12.531,-87.321,100.0,4.43,mw,,,,1.02,us,usp00084r8,2014-11-07T01:03:08.099Z,"16 km WNW of Corinto, Nicaragua",earthquake,,,,2.0,reviewed,us,us,1997-07-12,35093,Nicaragua,1
1997-07-14 10:21:06.240000+00:00,11.174,-87.803,33.0,4.68,mw,,,,1.25,us,usp00084ur,2014-11-07T01:03:08.484Z,"156 km WSW of Masachapa, Nicaragua",earthquake,,,,6.0,reviewed,us,us,1997-07-14,34976,Nicaragua,1
1997-10-05 09:45:37.900000+00:00,11.826,-88.049,71.7,5.4,mwc,,,,1.06,us,usp00088jy,2025-12-19T22:20:47.893Z,"119 km SW of Corinto, Nicaragua",earthquake,,9.0,,,reviewed,us,hrv,1997-10-05,34934,Nicaragua,1
1997-10-05 16:21:43.810000+00:00,12.571,-86.899,174.9,4.77,mw,,,,1.08,us,usp00088kj,2014-11-07T01:03:37.888Z,"6 km NW of Telica, Nicaragua",earthquake,,,,5.0,reviewed,us,us,1997-10-05,34970,Nicaragua,1
1997-11-06 17:29:07.920000+00:00,11.693,-85.79,116.8,5.6,mwc,,,,1.09,us,usp0008a6v,2022-04-29T17:07:26.238Z,"19 km NNW of Moyogalpa, Nicaragua",earthquake,,,,,reviewed,us,hrv,1997-11-06,34933,Nicaragua,1
1997-11-22 03:44:14.320000+00:00,11.225,-85.849,33.0,4.51,mw,,,,1.25,us,usp0008b3v,2014-11-07T01:03:56.529Z,"3 km SE of San Juan del Sur, Nicaragua",earthquake,,,,2.0,reviewed,us,us,1997-11-22,35215,Nicaragua,1
1997-11-26 11:03:07.610000+00:00,11.632,-86.732,200.0,4.85,mw,,,,1.3,us,usp0008bc6,2014-11-07T01:03:57.509Z,"29 km SW of Masachapa, Nicaragua",earthquake,,,,2.0,reviewed,us,us,1997-11-26,35172,Nicaragua,1
1997-11-29 14:18:55.680000+00:00,11.224,-86.369,33.0,5.7,mwc,,,,1.19,us,usp0008bh3,2022-04-29T17:09:41.331Z,"52 km WSW of Tola, Nicaragua",earthquake,,,,,reviewed,us,hrv,1997-11-29,35109,Nicaragua,1
1997-12-11 16:37:03.760000+00:00,12.523,-86.983,300.0,4.85,mw,,,,0.78,us,usp0008cfu,2014-11-07T01:04:06.868Z,"2 km S of Posoltega, Nicaragua",earthquake,,,,2.0,reviewed,us,us,1997-12-11,35173,Nicaragua,1
1997-12-14 00:34:54.280000+00:00,11.972,-87.887,33.0,4.85,mw,,,,1.31,us,usp0008ckx,2014-11-07T01:04:07.477Z,"96 km SW of Corinto, Nicaragua",earthquake,,,,6.0,reviewed,us,us,1997-12-14,35195,Nicaragua,1
1998-01-01 01:24:57.030000+00:00,11.706,-87.377,33.0,5.03,mw,,,,0.9,us,usp0008dhm,2014-11-07T01:04:14.089Z,"88 km SSW of Corinto, Nicaragua",earthquake,,,,12.0,reviewed,us,us,1998-01-01,35116,Nicaragua,1
1998-01-06 17:40:22.280000+00:00,12.147,-87.444,100.0,4.77,mw,,,,1.2,us,usp0008dv3,2014-11-07T01:04:17.781Z,"47 km SW of Corinto, Nicaragua",earthquake,,,,10.0,reviewed,us,us,1998-01-06,35200,Nicaragua,1
1998-01-24 21:18:39.760000+00:00,11.536,-85.643,33.0,4.68,mw,,,,1.01,us,usp0008exb,2014-11-07T01:04:22.713Z,"6 km E of Moyogalpa, Nicaragua",earthquake,,,,1.0,reviewed,us,us,1998-01-24,35209,Nicaragua,1
1998-01-25 17:18:19.720000+00:00,10.769,-86.339,33.0,5.03,mw,,,,1.1,us,usp0008eys,2014-11-07T01:04:22.863Z,"74 km SW of San Juan del Sur, Nicaragua",earthquake,,,,16.0,reviewed,us,us,1998-01-25,35128,Nicaragua,1
1998-02-16 00:07:53.160000+00:00,12.267,-88.218,33.0,4.85,mw,,,,0.89,us,usp0008g1u,2014-11-07T01:04:33.191Z,"98 km WSW of Jiquilillo, Nicaragua",earthquake,,,,4.0,reviewed,us,us,1998-02-16,35154,Nicaragua,1
1998-02-21 21:29:55.900000+00:00,11.303,-87.201,33.0,4.94,mw,,,,0.75,us,usp0008gdb,2014-11-07T01:04:34.713Z,"92 km SW of Masachapa, Nicaragua",earthquake,,,,10.0,reviewed,us,us,1998-02-21,35149,Nicaragua,1
1998-03-02 02:51:41.920000+00:00,11.987,-86.748,33.0,4.94,mw,,,,1.1,us,usp0008gt8,2014-11-07T01:04:39.015Z,"26 km W of Villa El Carmen, Nicaragua",earthquake,,,,11.0,reviewed,us,us,1998-03-02,35131,Nicaragua,1
1998-03-08 02:29:50.570000+00:00,12.597,-88.033,56.4,5.11,mw,,,,1.09,us,usp0008h52,2014-11-07T01:04:43.289Z,"65 km WSW of Jiquilillo, Nicaragua",earthquake,,,,21.0,reviewed,us,us,1998-03-08,35113,Nicaragua,1
1998-05-14 10:44:38.270000+00:00,12.853,-86.638,250.0,4.85,mw,,,,0.76,us,usp0008n1k,2014-11-07T01:05:13.002Z,"11 km WSW of El Sauce, Nicaragua",earthquake,,,,2.0,reviewed,us,us,1998-05-14,35373,Nicaragua,1
1998-05-14 19:54:20.770000+00:00,11.917,-85.907,156.1,4.85,mw,,,,1.03,us,usp0008n2j,2014-11-07T01:05:13.178Z,"5 km ESE of Granada, Nicaragua",earthquake,,,,34.0,reviewed,us,us,1998-05-14,35383,Nicaragua,1
1998-07-28 23:50:34.110000+00:00,11.882,-87.147,66.4,5.3,mwc,,,,1.02,us,usp0008san,2025-12-19T22:25:14.976Z,"66 km S of Corinto, Nicaragua",earthquake,,4.6,,,reviewed,us,hrv,1998-07-28,35357,Nicaragua,1
1998-07-31 15:34:33.090000+00:00,12.283,-86.527,150.4,4.77,mw,,,,1.15,us,usp0008sj6,2014-11-07T01:05:39.936Z,"4 km ENE of Nagarote, Nicaragua",earthquake,,,,2.0,reviewed,us,us,1998-07-31,35426,Nicaragua,1
1998-08-13 14:13:54.110000+00:00,11.859,-86.654,33.0,4.68,mw,,,,1.34,us,usp0008t74,2014-11-07T01:05:48.782Z,"17 km WNW of Masachapa, Nicaragua",earthquake,,,,4.0,reviewed,us,us,1998-08-13,35430,Nicaragua,1
1998-08-23 13:57:15.380000+00:00,11.663,-88.038,54.6,6.7,mwc,,,,1.03,us,usp0008trh,2022-04-29T17:38:46.619Z,"130 km SW of Corinto, Nicaragua",earthquake,,3.6,,,reviewed,us,hrv,1998-08-23,35282,Nicaragua,1
1998-10-04 21:54:41.070000+00:00,11.404,-87.044,33.0,4.85,mw,,,,1.19,us,usp0008vzr,2014-11-07T01:06:11.949Z,"71 km SW of Masachapa, Nicaragua",earthquake,,,,17.0,reviewed,us,us,1998-10-04,35360,Nicaragua,1
1998-10-05 13:21:24.500000+00:00,12.561,-87.684,33.0,4.77,mw,,,,0.77,us,usp0008w19,2014-11-07T01:06:12.285Z,"32 km SW of Jiquilillo, Nicaragua",earthquake,,,,5.0,reviewed,us,us,1998-10-05,35425,Nicaragua,1
1998-10-09 11:54:36.170000+00:00,11.321,-86.451,68.7,6.0,mwc,,,,1.13,us,usp0008w8u,2022-04-29T17:53:03.768Z,"51 km S of El Rosario, Nicaragua",earthquake,,5.2,,,reviewed,us,hrv,1998-10-09,35282,Nicaragua,1
1998-10-20 07:29:33.820000+00:00,11.517,-85.97,33.0,4.6,mw,,,,1.41,us,usp0008wst,2014-11-07T01:06:16.323Z,"8 km W of Belén, Nicaragua",earthquake,,,,4.0,reviewed,us,us,1998-10-20,35441,Nicaragua,1
1998-11-08 01:55:26.910000+00:00,11.549,-86.563,87.6,4.85,mw,,,,1.2,us,usp0008xte,2014-11-07T01:06:24.868Z,"26 km SSW of Masachapa, Nicaragua",earthquake,,11.5,,15.0,reviewed,us,us,1998-11-08,35490,Nicaragua,1
1998-11-12 17:44:03.970000+00:00,11.99,-86.064,139.8,5.2,mw,,,,1.02,us,usp0008y3c,2014-11-07T01:06:26.667Z,"3 km ENE of Masaya, Nicaragua",earthquake,,,,62.0,reviewed,us,us,1998-11-12,35464,Nicaragua,1
1998-12-03 16:09:17.830000+00:00,11.952,-88.249,33.0,4.77,mw,,,,1.21,us,usp0008z46,2014-11-07T01:06:35.580Z,"123 km SW of Jiquilillo, Nicaragua",earthquake,,,,7.0,reviewed,us,us,1998-12-03,35522,Nicaragua,1
1998-12-04 10:48:19.370000+00:00,10.694,-86.55,33.0,4.6,mw,,,,1.2,us,usp0008z5c,2014-11-07T01:06:35.891Z,"96 km SW of San Juan del Sur, Nicaragua",earthquake,,,,7.0,reviewed,us,us,1998-12-04,35619,Nicaragua,1
1998-12-05 08:06:51.480000+00:00,10.985,-86.163,96.4,5.2,mw,,,,0.9,us,usp0008z6r,2014-11-07T01:06:36.441Z,"43 km SW of San Juan del Sur, Nicaragua",earthquake,,8.7,,33.0,reviewed,us,us,1998-12-05,35485,Nicaragua,1
1998-12-08 04:59:52.010000+00:00,11.417,-85.639,194.3,4.77,mw,,,,0.85,us,usp0008zaq,2014-11-07T01:06:37.183Z,"15 km SSE of Moyogalpa, Nicaragua",earthquake,,3.4,,25.0,reviewed,us,us,1998-12-08,35493,Nicaragua,1
1998-12-11 09:07:38.530000+00:00,10.421,-87.897,33.0,4.85,mw,,,,1.28,us,usp0008zf5,2014-11-07T01:06:38.352Z,"213 km SW of Masachapa, Nicaragua",earthquake,,,,5.0,reviewed,us,us,1998-12-11,35486,Nicaragua,-1
1998-12-22 15:28:22.540000+00:00,10.643,-88.652,10.0,4.6,mw,,,,1.12,us,usp000900r,2014-11-07T01:06:41.245Z,"259 km SW of Corinto, Nicaragua",earthquake,,,,7.0,reviewed,us,us,1998-12-22,35626,Nicaragua,-1
1998-12-29 17:34:46.260000+00:00,11.445,-88.458,33.0,4.85,mw,,,,1.08,us,usp00090bk,2014-11-07T01:06:42.338Z,"180 km SW of Jiquilillo, Nicaragua",earthquake,,,,13.0,reviewed,us,us,1998-12-29,35487,Nicaragua,1
1999-01-09 23:03:17.100000+00:00,11.173,-87.618,47.3,4.77,mw,,,,1.24,us,usp00090vt,2014-11-07T01:06:48.173Z,"138 km WSW of Masachapa, Nicaragua",earthquake,,11.5,,14.0,reviewed,us,us,1999-01-09,35568,Nicaragua,1
1999-02-24 03:31:13.270000+00:00,12.003,-87.549,33.0,5.2,mw,,,,1.07,us,usp00093ay,2014-11-07T01:07:04.476Z,"66 km SW of Corinto, Nicaragua",earthquake,,,,10.0,reviewed,us,us,1999-02-24,35460,Nicaragua,1
1999-03-08 03:47:10.310000+00:00,11.086,-86.661,59.6,4.68,mw,,,,1.27,us,usp0009425,2014-11-07T01:07:11.827Z,"79 km SSW of Masachapa, Nicaragua",earthquake,,14.2,,7.0,reviewed,us,us,1999-03-08,35580,Nicaragua,1
1999-03-08 20:46:47.070000+00:00,12.829,-87.662,69.7,4.77,mw,,,,1.38,us,usp0009448,2014-11-07T01:07:12.171Z,"24 km WNW of Jiquilillo, Nicaragua",earthquake,,,,4.0,reviewed,us,us,1999-03-08,35504,Nicaragua,1
1999-04-07 07:25:06.500000+00:00,12.413,-88.165,35.2,3.86,mw,,,,,us,usp00095xk,2014-11-07T01:07:24.986Z,"85 km WSW of Jiquilillo, Nicaragua",earthquake,,,,,reviewed,casc,casc,1999-04-07,35637,Nicaragua,1
1999-04-16 16:03:20.290000+00:00,11.405,-86.112,33.0,4.77,mw,,,,0.8,us,usp00096dq,2014-11-07T01:07:28.624Z,"19 km WSW of Tola, Nicaragua",earthquake,,,,12.0,reviewed,us,us,1999-04-16,35580,Nicaragua,1
1999-04-23 14:00:24.410000+00:00,11.432,-86.91,52.3,4.43,mw,,,,1.4,us,usp00096sa,2014-11-07T01:07:29.879Z,"58 km SW of Masachapa, Nicaragua",earthquake,,11.2,,5.0,reviewed,us,us,1999-04-23,35635,Nicaragua,1
1999-05-02 11:25:09.090000+00:00,11.522,-87.4,33.0,4.68,mw,,,,0.71,us,usp000977r,2014-11-07T01:07:36.088Z,"100 km WSW of Masachapa, Nicaragua",earthquake,,,,1.0,reviewed,us,us,1999-05-02,35610,Nicaragua,1
1999-05-04 10:48:47.220000+00:00,12.038,-87.033,64.8,4.77,mw,,,,1.19,us,usp00097bd,2014-11-07T01:07:37.295Z,"47 km SSW of León, Nicaragua",earthquake,,9.3,,18.0,reviewed,us,us,1999-05-04,35511,Nicaragua,1
1999-05-08 05:11:54.930000+00:00,11.509,-86.793,62.3,5.2,mwc,,,,1.05,us,usp00097jm,2025-12-19T22:40:14.227Z,"43 km SW of Masachapa, Nicaragua",earthquake,,4.6,,,reviewed,us,hrv,1999-05-08,35657,Nicaragua,1
1999-05-14 00:27:18.670000+00:00,11.093,-86.399,33.0,4.85,mw,,,,1.2,us,usp00097x1,2014-11-07T01:07:40.337Z,"60 km WSW of San Juan del Sur, Nicaragua",earthquake,,,,13.0,reviewed,us,us,1999-05-14,35715,Nicaragua,1
1999-05-24 19:38:24.930000+00:00,12.122,-87.79,33.0,4.94,mw,,,,1.12,us,usp00098p8,2014-11-07T01:07:42.927Z,"78 km WSW of Corinto, Nicaragua",earthquake,,,,12.0,reviewed,us,us,1999-05-24,35662,Nicaragua,1
1999-05-28 04:52:55.650000+00:00,12.568,-87.377,86.4,5.3,mwc,,,,1.11,us,usp00098wk,2025-12-19T22:40:25.015Z,"21 km SSE of Jiquilillo, Nicaragua",earthquake,,,,,reviewed,us,hrv,1999-05-28,35641,Nicaragua,1
1999-05-29 22:50:16.900000+00:00,11.32,-85.871,156.8,4.94,mw,,,,1.17,us,usp0009900,2014-11-07T01:07:44.725Z,"7 km N of San Juan del Sur, Nicaragua",earthquake,,8.8,,15.0,reviewed,us,us,1999-05-29,35675,Nicaragua,1
1999-06-11 04:50:07.800000+00:00,11.76,-86.112,144.8,4.04,mw,,,,,us,usp00099ny,2014-11-07T01:07:53.128Z,"6 km W of Nandaime, Nicaragua",earthquake,,,,,reviewed,casc,casc,1999-06-11,35772,Nicaragua,1
1999-07-10 21:44:01.710000+00:00,12.547,-87.964,33.0,4.68,mw,,,,1.49,us,usp0009bdj,2014-11-07T01:08:05.116Z,"59 km WSW of Jiquilillo, Nicaragua",earthquake,,,,7.0,reviewed,us,us,1999-07-10,35732,Nicaragua,1
1999-07-21 03:57:39.110000+00:00,12.14,-88.369,52.3,4.68,mw,,,,0.99,us,usp0009bwv,2014-11-07T01:08:07.391Z,"120 km SW of Jiquilillo, Nicaragua",earthquake,,8.9,,9.0,reviewed,us,us,1999-07-21,35735,Nicaragua,1
1999-08-06 18:53:18.040000+00:00,12.606,-86.66,10.0,5.2,mwc,,,,1.31,us,usp0009cqh,2022-04-29T18:27:33.988Z,"12 km SW of Larreynaga, Nicaragua",earthquake,,,,,reviewed,us,hrv,1999-08-06,35647,Nicaragua,1
1999-08-07 07:42:45.920000+00:00,12.14,-86.553,10.0,4.85,mw,,,,1.12,us,usp0009crd,2014-11-07T01:08:14.983Z,Nicaragua,earthquake,,,,19.0,reviewed,us,us,1999-08-07,35704,Nicaragua,1
1999-08-10 00:37:20.800000+00:00,10.992,-86.794,33.0,5.11,mw,,,,1.1,us,usp0009cun,2014-11-07T01:08:15.418Z,"93 km SSW of Masachapa, Nicaragua",earthquake,,,,31.0,reviewed,us,us,1999-08-10,35661,Nicaragua,1
1999-08-19 09:06:06.830000+00:00,10.781,-88.237,33.0,4.77,mw,,,,1.35,us,usp0009dam,2014-11-07T01:08:17.581Z,"218 km WSW of Masachapa, Nicaragua",earthquake,,,,5.0,reviewed,us,us,1999-08-19,35731,Nicaragua,-1
1999-09-16 02:23:07.970000+00:00,12.864,-86.164,33.0,4.43,mw,,,,1.3,us,usp0009efr,2014-11-07T01:08:29.174Z,"15 km NNW of Ciudad Darío, Nicaragua",earthquake,,,,2.0,reviewed,us,us,1999-09-16,35744,Nicaragua,2
1999-11-09 17:09:12.480000+00:00,10.599,-86.896,33.0,5.2,mwc,,,,0.93,us,usp0009has,2025-12-19T22:32:51.638Z,"133 km WSW of San Juan del Sur, Nicaragua",earthquake,,,,,reviewed,us,hrv,1999-11-09,35826,Nicaragua,1
1999-11-13 05:28:32.220000+00:00,11.784,-86.858,33.0,5.11,mw,,,,1.1,us,usp0009hh0,2014-11-07T01:08:57.791Z,"37 km W of Masachapa, Nicaragua",earthquake,,,,31.0,reviewed,us,us,1999-11-13,35830,Nicaragua,1
1999-12-17 17:02:21.070000+00:00,12.195,-87.504,33.0,4.51,mw,,,,1.21,us,usp0009jyg,2014-11-07T01:09:09.944Z,"48 km SW of Corinto, Nicaragua",earthquake,,,,5.0,reviewed,us,us,1999-12-17,35993,Nicaragua,1
2000-03-05 10:55:30.200000+00:00,12.551,-86.626,162.1,5.03,mw,,,,1.12,us,usp0009pa7,2014-11-07T01:09:39.440Z,"15 km SSW of Larreynaga, Nicaragua",earthquake,,,,58.0,reviewed,us,us,2000-03-05,35943,Nicaragua,1
2000-03-12 18:15:10.960000+00:00,12.517,-87.912,200.0,4.94,mw,,,,0.91,us,usp0009pmd,2014-11-07T01:09:40.986Z,"56 km WSW of Jiquilillo, Nicaragua",earthquake,,,,3.0,reviewed,us,us,2000-03-12,35950,Nicaragua,1
2000-03-12 18:20:18.750000+00:00,11.995,-87.912,33.0,5.11,mw,,,,1.12,us,usp0009pme,2014-11-07T01:09:40.988Z,"96 km SW of Corinto, Nicaragua",earthquake,,,,26.0,reviewed,us,us,2000-03-12,35864,Nicaragua,1
2000-03-19 20:02:13.590000+00:00,11.681,-86.079,148.0,4.77,mw,,,,1.1,us,usp0009pxn,2014-11-07T01:09:43.451Z,"8 km SSW of Nandaime, Nicaragua",earthquake,,6.2,,9.0,reviewed,us,us,2000-03-19,35964,Nicaragua,1
2000-03-26 08:01:36.470000+00:00,12.212,-86.963,89.7,4.77,mw,,,,0.82,us,usp0009q79,2014-11-07T01:09:44.937Z,"26 km SSW of León, Nicaragua",earthquake,,5.1,,17.0,reviewed,us,us,2000-03-26,35989,Nicaragua,1
2000-04-06 06:16:56.790000+00:00,11.438,-86.511,33.0,4.77,mw,,,,1.47,us,usp0009qwb,2014-11-07T01:09:51.930Z,"38 km S of Masachapa, Nicaragua",earthquake,,,,19.0,reviewed,us,us,2000-04-06,35975,Nicaragua,1
2000-04-12 08:14:10.010000+00:00,11.654,-88.176,33.0,4.85,mw,,,,1.29,us,usp0009r6b,2014-11-07T01:09:53.157Z,"142 km SW of Corinto, Nicaragua",earthquake,,,,26.0,reviewed,us,us,2000-04-12,35957,Nicaragua,1
2000-04-20 15:32:37.440000+00:00,10.862,-86.539,33.0,4.77,mw,,,,1.44,us,usp0009rm1,2014-11-07T01:09:55.289Z,"84 km WSW of San Juan del Sur, Nicaragua",earthquake,,,,8.0,reviewed,us,us,2000-04-20,35981,Nicaragua,1
2000-04-24 17:08:10.370000+00:00,12.088,-88.373,33.0,4.85,mw,,,,1.12,us,usp0009rtx,2014-11-07T01:09:56.234Z,"123 km SW of Jiquilillo, Nicaragua",earthquake,,,,15.0,reviewed,us,us,2000-04-24,35950,Nicaragua,1
2000-05-27 07:35:00.290000+00:00,11.727,-86.976,64.7,5.2,mwc,,,,0.98,us,usp0009thq,2025-12-19T22:43:47.566Z,"50 km W of Masachapa, Nicaragua",earthquake,,4.0,,,reviewed,us,hrv,2000-05-27,36066,Nicaragua,1
2000-06-10 13:26:05.300000+00:00,12.318,-86.722,8.0,4.04,mw,5.0,,,,us,usp0009ucd,2014-11-07T01:10:21.495Z,"5 km WSW of La Paz Centro, Nicaragua",earthquake,,,,,reviewed,casc,casc,2000-06-10,36137,Nicaragua,1
2000-06-28 21:57:33.920000+00:00,11.041,-86.596,33.0,4.43,mw,19.0,,,1.35,us,usp0009vba,2014-11-07T01:10:25.732Z,"82 km WSW of San Juan del Sur, Nicaragua",earthquake,,,,2.0,reviewed,us,us,2000-06-28,36136,Nicaragua,1
2000-07-06 19:30:20.330000+00:00,11.884,-85.988,33.0,5.4,mwc,182.0,,,1.16,us,usp0009vy1,2022-04-29T19:02:53.776Z,"6 km SW of Granada, Nicaragua",earthquake,,5.4,,,reviewed,us,hrv,2000-07-06,36058,Nicaragua,1
2000-08-13 07:04:06.950000+00:00,12.078,-82.919,10.0,5.5,mwc,337.0,,,1.31,us,usp0009yc9,2022-04-29T18:48:19.364Z,"18 km SE of Corn Island, Nicaragua",earthquake,,,,,reviewed,us,hrv,2000-08-13,36026,Nicaragua,-1
2000-08-13 10:17:13.640000+00:00,11.931,-82.519,10.0,4.94,mw,65.0,,,0.97,us,usp0009ycm,2014-11-07T01:10:51.411Z,"64 km ESE of Corn Island, Nicaragua",earthquake,,,,32.0,reviewed,us,us,2000-08-13,36123,Nicaragua,-1
2000-08-28 03:07:56.820000+00:00,10.882,-86.144,33.0,4.6,mw,20.0,,,0.91,us,usp0009z9a,2014-11-07T01:10:55.400Z,"50 km SW of San Juan del Sur, Nicaragua",earthquake,,,,10.0,reviewed,us,us,2000-08-28,36132,Nicaragua,1
2000-09-01 07:43:03.660000+00:00,11.54,-87.917,59.8,5.11,mw,90.0,,,0.84,us,usp0009zgz,2014-11-07T01:10:58.813Z,"132 km SW of Corinto, Nicaragua",earthquake,,8.1,,38.0,reviewed,us,us,2000-09-01,36104,Nicaragua,1
2000-09-10 20:06:38.090000+00:00,11.195,-85.604,200.0,5.03,mw,14.0,,,1.01,us,usp000a015,2014-11-07T01:11:04.080Z,"10 km W of Cárdenas, Nicaragua",earthquake,,,,4.0,reviewed,us,us,2000-09-10,36104,Nicaragua,1
2000-09-10 23:56:59.490000+00:00,11.51,-86.199,83.2,5.4,mwc,175.0,,,1.23,us,usp000a01t,2025-12-19T22:46:43.209Z,"24 km S of La Conquista, Nicaragua",earthquake,,,,,reviewed,us,hrv,2000-09-10,36040,Nicaragua,1
2000-09-14 21:21:54.790000+00:00,12.204,-86.409,173.1,4.51,mw,23.0,,,0.91,us,usp000a08z,2014-11-07T01:11:05.210Z,"8 km NW of Ciudad Sandino, Nicaragua",earthquake,,9.7,,2.0,reviewed,us,us,2000-09-14,36132,Nicaragua,1
2000-09-15 17:43:56.730000+00:00,11.594,-85.697,158.2,3.77,mw,15.0,,,0.85,us,usp000a0a6,2014-11-07T01:11:05.316Z,"5 km N of Moyogalpa, Nicaragua",earthquake,,33.8,,,reviewed,us,casc,2000-09-15,36153,Nicaragua,1
2000-09-27 07:13:04+00:00,12.43,-88.07,5.1,3.77,mw,6.0,,,,us,usp000a0w9,2014-11-07T01:11:07.872Z,"75 km WSW of Jiquilillo, Nicaragua",earthquake,,,,,reviewed,casc,casc,2000-09-27,36149,Nicaragua,1
2000-10-01 14:43:33.860000+00:00,11.373,-86.758,10.0,4.94,mw,39.0,,,1.14,us,usp000a13w,2014-11-07T01:11:10.757Z,"52 km SSW of Masachapa, Nicaragua",earthquake,,,,12.0,reviewed,us,us,2000-10-01,36119,Nicaragua,1
2000-10-28 13:10:16.850000+00:00,11.105,-86.592,54.1,4.94,mw,33.0,,,1.04,us,usp000a2k0,2014-11-07T01:11:19.500Z,"75 km S of Masachapa, Nicaragua",earthquake,,16.5,,2.0,reviewed,us,us,2000-10-28,36254,Nicaragua,1
2000-11-12 22:58:37.450000+00:00,11.917,-87.578,33.0,4.51,mw,14.0,,,1.32,us,usp000a3gp,2014-11-07T01:11:28.128Z,"76 km SW of Corinto, Nicaragua",earthquake,,,,5.0,reviewed,us,us,2000-11-12,36335,Nicaragua,1
2000-11-13 01:10:57.460000+00:00,11.312,-87.69,33.0,4.85,mw,15.0,,,1.38,us,usp000a3gy,2014-11-07T01:11:28.158Z,"138 km WSW of Masachapa, Nicaragua",earthquake,,,,4.0,reviewed,us,us,2000-11-13,36298,Nicaragua,1
2000-11-20 13:44:08.830000+00:00,11.707,-85.832,167.8,5.2,mw,25.0,,,0.99,us,usp000a4gp,2014-11-07T01:11:32.100Z,"23 km NNE of Belén, Nicaragua",earthquake,,,,5.0,reviewed,us,us,2000-11-20,36196,Nicaragua,1
2000-11-21 06:22:44.570000+00:00,12.164,-88.356,33.0,5.2,mw,85.0,,,1.34,us,usp000a4jn,2014-11-07T01:11:32.232Z,"117 km WSW of Jiquilillo, Nicaragua",earthquake,,,,24.0,reviewed,us,us,2000-11-21,36203,Nicaragua,1
2000-12-28 01:47:27.420000+00:00,12.149,-87.954,59.1,5.11,mw,53.0,,,1.12,us,usp000a6tt,2014-11-07T01:11:46.887Z,"85 km SW of Jiquilillo, Nicaragua",earthquake,,14.6,,17.0,reviewed,us,us,2000-12-28,36204,Nicaragua,1
2001-01-10 13:04:57.140000+00:00,10.678,-86.677,33.0,4.23,mw,17.0,,,0.75,us,usp000a7et,2014-11-07T01:11:54.209Z,"108 km SW of San Juan del Sur, Nicaragua",earthquake,,,,,reviewed,us,casc,2001-01-10,36346,Nicaragua,1
2001-01-31 22:02:01.740000+00:00,11.479,-86.359,33.0,4.94,mw,93.0,,,0.98,us,usp000a8sz,2014-11-07T01:12:00.503Z,"33 km S of El Rosario, Nicaragua",earthquake,,,,26.0,reviewed,us,us,2001-01-31,36275,Nicaragua,1
2001-02-13 02:50:52.600000+00:00,11.742,-88.319,33.0,5.03,mw,72.0,,,1.2,us,usp000a9ja,2014-11-07T01:12:08.133Z,"145 km SW of Jiquilillo, Nicaragua",earthquake,,,,19.0,reviewed,us,us,2001-02-13,36241,Nicaragua,1
2001-02-23 21:53:27.360000+00:00,11.31,-85.478,184.9,4.68,mw,33.0,,,1.18,us,usp000aa7e,2014-11-07T01:12:11.269Z,Nicaragua,earthquake,,,,11.0,reviewed,us,us,2001-02-23,36321,Nicaragua,1
2001-03-18 15:43:21.310000+00:00,12.54,-87.399,95.5,5.7,mwc,253.0,,,1.07,us,usp000abpg,2022-04-29T19:10:42.186Z,"23 km SSE of Jiquilillo, Nicaragua",earthquake,,3.7,,,reviewed,us,hrv,2001-03-18,36180,Nicaragua,1
2001-04-01 13:38:39.240000+00:00,10.828,-86.129,57.1,4.94,mw,119.0,,,1.02,us,usp000acct,2014-11-07T01:12:30.013Z,"54 km SSW of San Juan del Sur, Nicaragua",earthquake,,4.9,,39.0,reviewed,us,us,2001-04-01,36288,Nicaragua,1
2001-04-12 20:25:10.310000+00:00,12.278,-86.569,121.2,5.4,mwc,226.0,,,0.88,us,usp000ad44,2025-12-19T22:47:23.739Z,"1 km NNW of Nagarote, Nicaragua",earthquake,,,,,reviewed,us,hrv,2001-04-12,36195,Nicaragua,1
2001-05-11 01:37:17.960000+00:00,11.039,-86.862,33.0,4.43,mw,21.0,,,1.41,us,usp000aerb,2014-11-07T01:12:47.035Z,near the coast of Nicaragua,earthquake,,,,4.0,reviewed,us,us,2001-05-11,36477,near the coast of Nicaragua,1
2001-05-11 02:44:04.130000+00:00,12.104,-88.291,33.0,4.43,mw,9.0,,,1.0,us,usp000aerf,2014-11-07T01:12:47.051Z,"115 km SW of Jiquilillo, Nicaragua",earthquake,,,,3.0,reviewed,us,us,2001-05-11,36484,Nicaragua,1
2001-06-13 12:26:02.190000+00:00,13.626,-85.621,33.0,4.41,mw,10.0,,,1.25,us,usp000agjn,2014-11-07T01:13:03.440Z,"12 km NW of San José de Bocay, Nicaragua",earthquake,,,,,reviewed,us,casc,2001-06-13,36536,Nicaragua,-1
2001-07-04 22:19:18.360000+00:00,12.389,-87.034,200.0,4.85,mw,86.0,,,0.87,us,usp000ahzy,2014-11-07T01:13:14.462Z,"17 km WSW of León, Nicaragua",earthquake,,,,38.0,reviewed,us,us,2001-07-04,36429,Nicaragua,1
2001-07-07 04:59:36.110000+00:00,12.425,-87.517,79.1,5.3,mwc,118.0,,,1.09,us,usp000aj3r,2025-12-19T23:01:16.115Z,"36 km SSW of Jiquilillo, Nicaragua",earthquake,,,,,reviewed,us,hrv,2001-07-07,36375,Nicaragua,1
2001-08-12 15:53:51.600000+00:00,11.498,-86.713,29.7,5.6,mwc,205.0,,,1.01,us,usp000amba,2022-04-29T19:29:14.764Z,"38 km SW of Masachapa, Nicaragua",earthquake,,,,,reviewed,us,hrv,2001-08-12,36375,Nicaragua,1
2001-08-21 17:43:42.250000+00:00,11.968,-87.486,33.0,4.94,mw,19.0,,,1.02,us,usp000amtv,2014-11-07T01:13:35.293Z,"66 km SSW of Corinto, Nicaragua",earthquake,,,,9.0,reviewed,us,us,2001-08-21,36408,Nicaragua,1
2001-08-21 18:04:54.050000+00:00,11.65,-88.048,33.0,4.68,mw,15.0,,,1.26,us,usp000amtw,2014-11-07T01:13:35.295Z,"132 km SW of Corinto, Nicaragua",earthquake,,,,7.0,reviewed,us,us,2001-08-21,36432,Nicaragua,1
2001-08-28 02:17:39.190000+00:00,11.018,-86.116,100.0,4.6,mw,19.0,,,1.3,us,usp000an67,2014-11-07T01:13:37.536Z,"37 km SW of San Juan del Sur, Nicaragua",earthquake,,,,5.0,reviewed,us,us,2001-08-28,36477,Nicaragua,1
2001-10-19 15:34:55.320000+00:00,11.45,-85.844,33.0,4.68,mw,15.0,,,1.23,us,usp000ar87,2014-11-07T01:14:00.958Z,"2 km NW of Rivas, Nicaragua",earthquake,,,,7.0,reviewed,us,us,2001-10-19,36468,Nicaragua,1
2001-11-12 23:33:17.870000+00:00,11.008,-86.982,33.0,3.95,mw,29.0,,,1.34,us,usp000ass9,2014-11-07T01:14:14.134Z,"100 km SSW of Masachapa, Nicaragua",earthquake,,,,,reviewed,us,casc,2001-11-12,36698,Nicaragua,1
2001-11-26 10:12:57.190000+00:00,11.058,-87.599,46.4,5.11,mw,93.0,,,1.14,us,usp000atgq,2014-11-07T01:14:18.407Z,"143 km SW of Masachapa, Nicaragua",earthquake,,5.6,,33.0,reviewed,us,us,2001-11-26,36612,Nicaragua,1
2001-12-25 03:24:49.840000+00:00,12.948,-87.413,33.0,4.51,mw,9.0,,,1.15,us,usp000av7t,2014-11-07T01:14:31.482Z,"22 km N of Jiquilillo, Nicaragua",earthquake,,,,3.0,reviewed,us,us,2001-12-25,36661,Nicaragua,1
2002-01-03 15:06:40.750000+00:00,12.655,-86.942,18.1,5.37,mw,145.0,,,0.98,us,usp000avs8,2022-05-02T15:40:42.196Z,"12 km NE of Chichigalpa, Nicaragua",earthquake,,2.7,,71.0,reviewed,us,us,2002-01-03,36574,Nicaragua,1
2002-01-06 18:49:22.760000+00:00,12.538,-87.672,59.1,5.6,mwc,241.0,,,1.35,us,usp000avyj,2022-05-02T15:40:31.415Z,"33 km SW of Jiquilillo, Nicaragua",earthquake,,,,,reviewed,us,hrv,2002-01-06,36560,Nicaragua,1
2002-01-08 06:31:23.200000+00:00,11.938,-87.089,33.0,5.03,mw,15.0,,,1.15,us,usp000aw1x,2014-11-07T01:14:39.579Z,"59 km SSW of León, Nicaragua",earthquake,,,,5.0,reviewed,us,us,2002-01-08,36617,Nicaragua,1
2002-01-12 17:36:36.690000+00:00,11.085,-86.493,67.2,5.03,mw,75.0,,,0.95,us,usp000awar,2014-11-07T01:14:41.226Z,"70 km WSW of San Juan del Sur, Nicaragua",earthquake,,4.4,,22.0,reviewed,us,us,2002-01-12,36615,Nicaragua,1
2002-01-15 14:41:28.110000+00:00,11.67,-86.147,120.7,5.3,mwc,100.0,,,1.36,us,usp000awj3,2025-12-19T22:56:49.893Z,"8 km SE of La Conquista, Nicaragua",earthquake,,,,,reviewed,us,hrv,2002-01-15,36603,Nicaragua,1
2002-01-19 05:26:11.820000+00:00,12.057,-86.354,170.8,4.85,mw,117.0,,,1.25,us,usp000awrq,2014-11-07T01:14:42.752Z,"8 km NNW of El Crucero, Nicaragua",earthquake,,,,44.0,reviewed,us,us,2002-01-19,36624,Nicaragua,1
2002-02-21 15:02:12.960000+00:00,10.862,-86.074,33.0,4.51,mw,9.0,,,1.04,us,usp000aywb,2014-11-07T01:14:57.042Z,"48 km SSW of San Juan del Sur, Nicaragua",earthquake,,,,2.0,reviewed,us,us,2002-02-21,36628,Nicaragua,1
2002-03-07 04:25:51.810000+00:00,12.261,-88.225,71.7,4.94,mw,110.0,,,1.01,us,usp000azv1,2014-11-07T01:15:05.605Z,"99 km WSW of Jiquilillo, Nicaragua",earthquake,,6.7,,36.0,reviewed,us,us,2002-03-07,36621,Nicaragua,1
2002-03-30 04:29:07.260000+00:00,12.707,-85.118,33.0,4.43,mw,8.0,,,1.45,us,usp000b1be,2014-11-07T01:15:16.055Z,"8 km S of Bocana de Paiwas, Nicaragua",earthquake,,,,4.0,reviewed,us,us,2002-03-30,36675,Nicaragua,-1
2002-05-08 10:34:14.080000+00:00,12.041,-88.408,10.0,4.68,mw,31.0,,,1.06,us,usp000b3yd,2014-11-07T01:15:35.716Z,"129 km SW of Jiquilillo, Nicaragua",earthquake,,,,4.0,reviewed,us,us,2002-05-08,36865,Nicaragua,1
2002-06-10 20:55:48.260000+00:00,11.279,-87.229,33.0,5.7,mwc,151.0,,,1.43,us,usp000b5xb,2022-05-02T16:00:46.868Z,"96 km SW of Masachapa, Nicaragua",earthquake,,,,,reviewed,us,hrv,2002-06-10,36770,Nicaragua,1
2002-07-26 03:59:10.630000+00:00,11.87,-87.328,33.0,4.6,mw,12.0,,,1.03,us,usp000b8t3,2014-11-07T01:16:06.830Z,"69 km SSW of Corinto, Nicaragua",earthquake,,,,4.0,reviewed,us,us,2002-07-26,36878,Nicaragua,1
2002-08-02 16:13:19.170000+00:00,12.131,-86.688,69.9,5.2,mwc,174.0,,,1.17,us,usp000b96d,2025-12-19T23:01:59.926Z,"20 km SW of Nagarote, Nicaragua",earthquake,,,,,reviewed,us,hrv,2002-08-02,36816,Nicaragua,1
2002-08-15 22:19:21.630000+00:00,11.884,-83.765,33.0,4.85,mw,31.0,,,1.24,us,usp000b9zd,2014-11-07T01:16:16.260Z,"14 km S of Bluefields, Nicaragua",earthquake,,,,19.0,reviewed,us,us,2002-08-15,36855,Nicaragua,3
2002-08-27 19:25:23.280000+00:00,11.29,-86.098,250.0,4.51,mw,31.0,,,0.85,us,usp000barv,2014-11-07T01:16:20.829Z,"23 km SW of Tola, Nicaragua",earthquake,,,,19.0,reviewed,us,us,2002-08-27,36880,Nicaragua,1
2002-09-03 07:45:52.100000+00:00,13.838,-84.441,35.5,3.95,mw,28.0,,,,us,usp000bb60,2014-11-07T01:16:25.970Z,"26 km SE of Bonanza, Nicaragua",earthquake,,,,,reviewed,casc,casc,2002-09-03,36884,Nicaragua,-1
2002-09-03 20:48:51.900000+00:00,12.077,-86.245,7.1,3.95,mw,27.0,,,,us,usp000bb6z,2014-11-07T01:16:26.254Z,"6 km S of Managua, Nicaragua",earthquake,,,,,reviewed,casc,casc,2002-09-03,36884,Nicaragua,1
2002-09-13 03:01:29.440000+00:00,12.641,-87.154,125.6,5.03,mw,110.0,,,1.01,us,usp000bc49,2014-11-07T01:16:30.285Z,"2 km WNW of Chinandega, Nicaragua",earthquake,,3.0,,34.0,reviewed,us,us,2002-09-13,36848,Nicaragua,1
2002-09-26 02:32:19.200000+00:00,10.642,-86.637,21.8,3.77,mw,29.0,,,,us,usp000bd4e,2014-11-07T01:16:34.728Z,"107 km SW of San Juan del Sur, Nicaragua",earthquake,,,,,reviewed,casc,casc,2002-09-26,36890,Nicaragua,1
2002-09-28 09:55:57.740000+00:00,12.014,-87.826,33.0,5.78,mw,57.0,,,1.26,us,usp000bdar,2014-11-07T01:16:35.393Z,"87 km SW of Corinto, Nicaragua",earthquake,,,,2.0,reviewed,us,us,2002-09-28,36737,Nicaragua,1
2002-10-02 12:27:18.120000+00:00,11.426,-86.745,72.0,5.03,mw,73.0,,,1.07,us,usp000bdn2,2014-11-07T01:16:40.500Z,"47 km SSW of Masachapa, Nicaragua",earthquake,,9.6,,24.0,reviewed,us,us,2002-10-02,36836,Nicaragua,1
2002-10-02 19:41:31.370000+00:00,12.575,-87.774,76.1,5.03,mw,89.0,,,1.0,us,usp000bdnh,2014-11-07T01:16:40.617Z,"39 km WSW of Jiquilillo, Nicaragua",earthquake,,,,36.0,reviewed,us,us,2002-10-02,36823,Nicaragua,1
2002-10-08 14:53:06.130000+00:00,11.694,-87.029,33.0,4.77,mw,24.0,,,1.32,us,usp000be2c,2014-11-07T01:16:43.386Z,near the coast of Nicaragua,earthquake,,,,11.0,reviewed,us,us,2002-10-08,36855,near the coast of Nicaragua,1
2002-11-10 12:23:28.410000+00:00,11.507,-85.788,191.5,4.6,mw,53.0,,,0.78,us,usp000bhaw,2014-11-07T01:17:06.300Z,"5 km NE of Buenos Aires, Nicaragua",earthquake,,2.2,,6.0,reviewed,us,us,2002-11-10,37057,Nicaragua,1
2002-11-22 18:34:33.980000+00:00,12.214,-87.048,111.3,5.03,mw,138.0,,,1.06,us,usp000bj6j,2014-11-07T01:17:10.340Z,"30 km SW of León, Nicaragua",earthquake,,6.2,,42.0,reviewed,us,us,2002-11-22,36935,Nicaragua,1
2002-12-02 02:18:33.360000+00:00,11.111,-86.326,33.0,5.11,mw,101.0,,,1.03,us,usp000bjwk,2014-11-07T01:17:16.747Z,"52 km WSW of San Juan del Sur, Nicaragua",earthquake,,,,34.0,reviewed,us,us,2002-12-02,36923,Nicaragua,1
2002-12-09 01:38:43.070000+00:00,12.647,-87.253,83.4,4.6,mw,49.0,,,1.03,us,usp000bkce,2014-11-07T01:17:19.613Z,near the coast of Nicaragua,earthquake,,,,24.0,reviewed,us,us,2002-12-09,37071,near the coast of Nicaragua,1
2003-02-10 22:34:50+00:00,11.828,-87.047,75.1,4.68,mw,61.0,,,1.01,us,usp000bqdq,2014-11-07T01:17:46.925Z,"58 km W of Masachapa, Nicaragua",earthquake,,5.8,,19.0,reviewed,us,us,2003-02-10,37022,Nicaragua,1
2003-02-17 08:06:19.450000+00:00,12.278,-87.925,33.0,4.94,mw,73.0,,,1.15,us,usp000bqvp,2014-11-07T01:17:49.058Z,"72 km SW of Jiquilillo, Nicaragua",earthquake,,,,32.0,reviewed,us,us,2003-02-17,36952,Nicaragua,1
2003-03-24 22:34:41.790000+00:00,11.494,-86.776,62.1,4.94,mw,38.0,106.7,,1.23,us,usp000btet,2014-11-07T01:18:07.985Z,"43 km SW of Masachapa, Nicaragua",earthquake,,15.8,,9.0,reviewed,us,us,2003-03-24,36945,Nicaragua,1
2003-04-07 22:42:34.930000+00:00,10.92,-86.998,33.0,4.85,mw,37.0,199.4,,1.35,us,usp000bup0,2014-11-07T01:18:18.650Z,"109 km SSW of Masachapa, Nicaragua",earthquake,,,,8.0,reviewed,us,us,2003-04-07,37015,Nicaragua,1
2003-04-20 16:10:35.050000+00:00,11.394,-87.013,36.8,4.94,mw,29.0,117.8,,1.02,us,usp000bvkw,2014-11-07T01:18:23.244Z,"69 km SW of Masachapa, Nicaragua",earthquake,,,,2.0,reviewed,us,us,2003-04-20,37095,Nicaragua,1
2003-05-01 19:33:35.130000+00:00,10.828,-86.44,56.7,4.85,mw,75.0,105.9,,0.99,us,usp000bwdb,2014-11-07T01:18:31.084Z,"77 km SW of San Juan del Sur, Nicaragua",earthquake,,6.1,,22.0,reviewed,us,us,2003-05-01,37183,Nicaragua,1
2003-05-29 10:11:40.390000+00:00,12.133,-88.033,100.0,4.51,mw,20.0,188.3,,1.0,us,usp000byfd,2014-11-07T01:18:44.354Z,"92 km SW of Jiquilillo, Nicaragua",earthquake,,,,9.0,reviewed,us,us,2003-05-29,37216,Nicaragua,1
2003-06-09 18:37:32.490000+00:00,11.875,-86.03,150.0,4.6,mw,8.0,133.0,,0.88,us,usp000bzgj,2014-11-07T01:18:53.495Z,"2 km E of Diriomo, Nicaragua",earthquake,,,,2.0,reviewed,us,us,2003-06-09,37216,Nicaragua,1
2003-06-30 00:01:56.210000+00:00,11.918,-87.224,33.0,4.85,mw,21.0,129.3,,1.27,us,usp000c19k,2014-11-07T01:19:00.867Z,"62 km S of Corinto, Nicaragua",earthquake,,,,7.0,reviewed,us,us,2003-06-30,37155,Nicaragua,1
2003-06-30 00:37:42.890000+00:00,11.012,-87.057,33.0,4.94,mw,14.0,303.7,,1.25,us,usp000c19r,2014-11-07T01:19:00.950Z,"104 km SW of Masachapa, Nicaragua",earthquake,,,,3.0,reviewed,us,us,2003-06-30,37084,Nicaragua,1
2003-07-28 02:15:03.010000+00:00,12.072,-86.627,162.5,4.68,mw,13.0,128.1,,1.25,us,usp000c3jb,2014-11-07T01:19:19.077Z,"16 km NW of Villa El Carmen, Nicaragua",earthquake,,,,5.0,reviewed,us,us,2003-07-28,37214,Nicaragua,1
2003-08-28 08:59:41.420000+00:00,11.341,-85.705,168.8,4.85,mw,54.0,141.9,,1.19,us,usp000c641,2014-11-07T01:19:36.103Z,"16 km SE of San Jorge, Nicaragua",earthquake,,,,25.0,reviewed,us,us,2003-08-28,37134,Nicaragua,1
2003-08-30 07:21:20.330000+00:00,13.117,-86.854,134.1,4.43,mw,27.0,126.3,,1.08,us,usp000c68z,2014-11-07T01:19:36.925Z,"9 km NE of Somotillo, Nicaragua",earthquake,,27.8,,13.0,reviewed,us,us,2003-08-30,37254,Nicaragua,1
2003-08-30 21:43:57.640000+00:00,12.702,-87.938,74.3,4.85,mw,97.0,96.1,,1.21,us,usp000c6ak,2014-11-07T01:19:37.096Z,"53 km W of Jiquilillo, Nicaragua",earthquake,,,,29.0,reviewed,us,us,2003-08-30,37123,Nicaragua,1
2003-09-19 18:42:45.170000+00:00,11.991,-87.62,33.0,4.51,mw,10.0,142.1,,0.83,us,usp000c811,2014-11-07T01:19:52.372Z,"72 km SW of Corinto, Nicaragua",earthquake,,,,5.0,reviewed,us,us,2003-09-19,37236,Nicaragua,1
2003-10-05 02:06:33.740000+00:00,11.245,-86.652,33.0,4.51,mw,20.0,189.5,,1.03,us,usp000c9mq,2014-11-07T01:20:08.536Z,"61 km SSW of Masachapa, Nicaragua",earthquake,,,,6.0,reviewed,us,us,2003-10-05,37252,Nicaragua,1
2003-10-07 13:16:58.320000+00:00,12.997,-87.565,10.0,4.85,mw,72.0,153.9,,1.33,us,usp000c9ux,2014-11-07T01:20:09.380Z,"30 km NNW of Jiquilillo, Nicaragua",earthquake,,,,13.0,reviewed,us,us,2003-10-07,37155,Nicaragua,1
2003-10-29 02:47:04.900000+00:00,12.214,-87.784,31.1,4.77,mw,37.0,116.4,,,us,usp000cbh4,2014-11-07T01:20:17.009Z,"69 km SSW of Jiquilillo, Nicaragua",earthquake,,,,7.0,reviewed,casc,us,2003-10-29,37329,Nicaragua,1
2003-10-29 23:01:55.490000+00:00,10.8,-86.514,33.0,4.94,mw,45.0,176.6,,1.23,us,usp000cbk9,2014-11-07T01:20:17.192Z,"86 km SW of San Juan del Sur, Nicaragua",earthquake,,,,23.0,reviewed,us,us,2003-10-29,37276,Nicaragua,1
2003-12-21 21:47:59.560000+00:00,12.906,-87.16,300.0,4.51,mw,15.0,171.7,,0.89,us,usp000cfrx,2014-11-07T01:20:47.698Z,"6 km NNE of Puerto Morazán, Nicaragua",earthquake,,,,5.0,reviewed,us,us,2003-12-21,37406,Nicaragua,1
2004-02-21 16:34:30.100000+00:00,12.004,-86.435,22.6,4.51,mw,16.0,109.1,,1.09,us,usp000cmrs,2014-11-07T01:21:23.921Z,"8 km ENE of Villa El Carmen, Nicaragua",earthquake,,38.4,,5.0,reviewed,us,us,2004-02-21,37401,Nicaragua,1
2004-02-24 14:59:31+00:00,12.454,-87.498,64.7,4.68,mw,65.0,162.1,,1.29,us,usp000cn2v,2014-11-07T01:21:26.950Z,"32 km S of Jiquilillo, Nicaragua",earthquake,,,,20.0,reviewed,us,us,2004-02-24,37391,Nicaragua,1
2004-03-02 03:47:22.400000+00:00,11.61,-86.767,28.0,6.2,mwc,281.0,38.9,,1.25,us,usp000cnw5,2022-05-02T17:04:34.950Z,"33 km SW of Masachapa, Nicaragua",earthquake,,,,,reviewed,us,hrv,2004-03-02,37276,Nicaragua,1
2004-03-02 09:01:47.240000+00:00,12.772,-87.657,66.5,4.6,mw,25.0,115.8,,1.26,us,usp000cnwx,2014-11-07T01:21:36.462Z,"22 km W of Jiquilillo, Nicaragua",earthquake,,,,8.0,reviewed,us,us,2004-03-02,37394,Nicaragua,1
2004-03-07 20:21:01.120000+00:00,11.06,-86.979,10.0,4.6,mw,10.0,128.5,,1.39,us,usp000cpcn,2014-11-07T01:21:39.622Z,"95 km SSW of Masachapa, Nicaragua",earthquake,,,,2.0,reviewed,us,us,2004-03-07,37401,Nicaragua,1
2004-04-03 03:20:27.100000+00:00,12.566,-86.535,10.0,4.51,mw,8.0,101.0,,1.43,us,usp000crhy,2014-11-07T01:21:53.192Z,"12 km SSE of Larreynaga, Nicaragua",earthquake,,0.0,,1.0,reviewed,us,us,2004-04-03,37433,Nicaragua,1
2004-04-22 19:22:05.510000+00:00,13.656,-86.0,35.0,4.6,mw,16.0,107.8,,1.25,us,usp000ct5b,2014-11-07T01:22:04.403Z,"10 km NNE of Quilalí, Nicaragua",earthquake,,,,4.0,reviewed,us,us,2004-04-22,37520,Nicaragua,-1
2004-04-28 04:08:59.900000+00:00,12.155,-87.426,62.0,5.6,mwc,326.0,56.4,,1.16,us,usp000ctmq,2022-05-02T17:09:41.986Z,"45 km SW of Corinto, Nicaragua",earthquake,,,,,reviewed,us,hrv,2004-04-28,37472,Nicaragua,1
2004-05-08 09:16:41.850000+00:00,12.987,-87.321,10.0,4.51,mw,27.0,122.1,,1.3,us,usp000cuev,2014-11-07T01:22:15.917Z,"22 km NW of Puerto Morazán, Nicaragua",earthquake,,,,13.0,reviewed,us,us,2004-05-08,37614,Nicaragua,1
2004-05-12 02:49:25.120000+00:00,10.953,-86.035,28.8,4.94,mw,58.0,121.8,,1.17,us,usp000cutb,2014-11-07T01:22:17.617Z,"37 km SSW of San Juan del Sur, Nicaragua",earthquake,,,,20.0,reviewed,us,us,2004-05-12,37501,Nicaragua,1
2004-05-17 17:57:46.920000+00:00,11.38,-85.786,55.8,4.6,mw,15.0,147.5,,1.33,us,usp000cvc1,2014-11-07T01:22:20.448Z,"7 km SE of Rivas, Nicaragua",earthquake,,26.1,,4.0,reviewed,us,us,2004-05-17,37580,Nicaragua,1
2004-06-04 03:14:08.650000+00:00,11.455,-86.575,52.9,5.11,mw,143.0,91.4,,0.91,us,usp000cx22,2014-11-07T01:22:32.565Z,"37 km S of Masachapa, Nicaragua",earthquake,,,,57.0,reviewed,us,us,2004-06-04,37477,Nicaragua,1
2004-06-10 08:59:54.200000+00:00,11.453,-87.652,10.0,5.9,mwc,385.0,55.6,,0.91,us,usp000cxk4,2022-05-02T17:13:53.882Z,"125 km SSW of Corinto, Nicaragua",earthquake,,,,,reviewed,us,hrv,2004-06-10,37458,Nicaragua,1
2004-06-10 20:16:46.300000+00:00,11.305,-85.245,10.0,4.51,mw,10.0,164.1,,0.85,us,usp000cxmh,2014-11-07T01:22:36.102Z,"31 km ENE of Cárdenas, Nicaragua",earthquake,,,,3.0,reviewed,us,us,2004-06-10,37614,Nicaragua,1
2004-06-29 07:01:30.900000+00:00,10.738,-87.043,9.0,6.3,mwc,562.0,35.6,,1.25,us,usp000cz4q,2022-05-02T17:14:32.189Z,"129 km SSW of Masachapa, Nicaragua",earthquake,,,,,reviewed,us,hrv,2004-06-29,37452,Nicaragua,1
2004-08-28 07:45:03.850000+00:00,12.603,-87.766,72.1,5.0,mwc,169.0,41.5,,0.91,us,usp000d2zt,2025-12-19T22:38:07.920Z,"37 km WSW of Jiquilillo, Nicaragua",earthquake,,,,,reviewed,us,hrv,2004-08-28,37495,Nicaragua,1
2004-10-01 00:25:20.830000+00:00,12.583,-87.342,109.9,4.94,mw,84.0,61.4,,1.15,us,usp000d5ep,2014-11-07T01:23:37.230Z,"19 km WNW of El Realejo, Nicaragua",earthquake,,,,31.0,reviewed,us,us,2004-10-01,37501,Nicaragua,1
2004-10-01 08:01:01.340000+00:00,11.989,-86.52,87.3,5.6,mwc,294.0,43.2,,1.16,us,usp000d5g6,2022-05-02T17:28:58.103Z,"1 km WNW of Villa El Carmen, Nicaragua",earthquake,,,,,reviewed,us,hrv,2004-10-01,37468,Nicaragua,1
2004-10-09 21:26:53.690000+00:00,11.422,-86.665,35.0,7.0,mwc,441.0,32.2,,1.1,us,usp000d63h,2022-05-02T17:30:21.015Z,"43 km SSW of Masachapa, Nicaragua",earthquake,,,,,reviewed,us,hrv,2004-10-09,37622,Nicaragua,1
2004-10-10 19:47:08.350000+00:00,11.918,-85.615,12.2,4.6,mw,14.0,134.0,,1.0,us,usp000d65j,2014-11-07T01:23:44.279Z,"34 km SW of Juigalpa, Nicaragua",earthquake,,46.2,,2.0,reviewed,us,us,2004-10-10,37792,Nicaragua,1
2004-11-30 23:57:55.360000+00:00,11.534,-85.275,206.0,4.43,mw,11.0,150.7,,0.84,us,usp000d9ph,2014-11-07T01:24:07.750Z,"23 km WSW of Morrito, Nicaragua",earthquake,,11.5,,2.0,reviewed,us,us,2004-11-30,37797,Nicaragua,1
2004-12-02 17:15:32.780000+00:00,11.123,-85.533,63.8,4.6,mw,12.0,159.4,,1.13,us,usp000d9u5,2014-11-07T01:24:12.147Z,"8 km SSW of Cárdenas, Nicaragua",earthquake,,16.8,,4.0,reviewed,us,us,2004-12-02,37771,Nicaragua,1
2004-12-07 09:16:18.600000+00:00,12.452,-87.675,38.7,4.77,mw,24.0,118.2,,1.1,us,usp000da8h,2014-11-07T01:24:14.880Z,"40 km SW of Jiquilillo, Nicaragua",earthquake,,19.8,,10.0,reviewed,us,us,2004-12-07,37725,Nicaragua,1
2005-01-20 22:07:12.980000+00:00,12.893,-87.749,67.5,4.6,mw,23.0,121.4,,0.92,us,usp000ddwd,2014-11-07T01:24:42.359Z,"36 km WNW of Jiquilillo, Nicaragua",earthquake,,16.1,,13.0,reviewed,us,us,2005-01-20,37770,Nicaragua,1
2005-03-03 02:48:42.970000+00:00,12.663,-87.403,55.0,4.6,mw,17.0,185.9,,1.36,us,usp000dhd9,2014-11-07T01:25:10.042Z,"10 km SSE of Jiquilillo, Nicaragua",earthquake,,,,8.0,reviewed,us,us,2005-03-03,37782,Nicaragua,1
2005-03-06 14:49:58.740000+00:00,12.051,-87.775,28.5,5.11,mw,60.0,153.3,,1.08,us,usp000dhp3,2014-11-07T01:25:11.920Z,"81 km SW of Corinto, Nicaragua",earthquake,,,,30.0,reviewed,us,us,2005-03-06,37674,Nicaragua,1
2005-03-07 07:17:23.480000+00:00,11.371,-85.936,85.3,5.6,mwb,247.0,31.0,,1.22,us,usp000dhqn,2022-07-14T17:35:49.559Z,"7 km S of Tola, Nicaragua",earthquake,,,,,reviewed,us,us,2005-03-07,37623,Nicaragua,1
2005-03-18 22:16:27.760000+00:00,10.748,-87.038,28.1,5.11,mw,81.0,88.8,,1.07,us,usp000djg8,2014-11-07T01:25:16.176Z,"128 km SSW of Masachapa, Nicaragua",earthquake,,,,35.0,reviewed,us,us,2005-03-18,37676,Nicaragua,1
2005-03-28 13:46:52.580000+00:00,12.585,-86.819,169.1,5.1,mwc,192.0,58.5,,1.18,us,usp000dk80,2025-12-19T23:21:31.475Z,"8 km NNE of Telica, Nicaragua",earthquake,,,,,reviewed,us,hrv,2005-03-28,37681,Nicaragua,1
2005-04-02 06:18:40.130000+00:00,12.256,-87.112,93.7,4.68,mw,34.0,154.1,,1.26,us,usp000dkzk,2014-11-07T01:25:27.529Z,"25 km SSE of Corinto, Nicaragua",earthquake,,14.2,,6.0,reviewed,us,us,2005-04-02,37767,Nicaragua,1
2005-04-25 10:38:03.540000+00:00,12.31,-87.465,42.8,4.51,mw,23.0,171.1,,0.8,us,usp000dp6h,2014-11-07T01:25:40.905Z,"37 km WSW of Corinto, Nicaragua",earthquake,,15.8,,13.0,reviewed,us,us,2005-04-25,37955,Nicaragua,1
2005-05-06 01:36:49.740000+00:00,11.877,-86.43,30.0,4.51,mw,9.0,182.6,,1.25,us,usp000dq0j,2014-11-07T01:25:49.633Z,"3 km NNE of San Rafael del Sur, Nicaragua",earthquake,,,,3.0,reviewed,us,us,2005-05-06,37951,Nicaragua,1
2005-05-09 15:23:29.720000+00:00,11.929,-88.24,52.3,4.51,mw,33.0,131.4,,0.77,us,usp000dqa8,2014-11-07T01:25:50.678Z,"124 km SW of Jiquilillo, Nicaragua",earthquake,,13.2,,15.0,reviewed,us,us,2005-05-09,37938,Nicaragua,1
2005-05-14 05:49:25.620000+00:00,12.629,-87.722,70.4,4.85,mw,49.0,152.3,,0.99,us,usp000dqs3,2014-11-07T01:25:54.019Z,"32 km WSW of Jiquilillo, Nicaragua",earthquake,,,,20.0,reviewed,us,us,2005-05-14,37873,Nicaragua,1
2005-05-23 11:41:31.660000+00:00,12.275,-87.001,73.3,4.68,mw,51.0,88.9,,0.86,us,usp000drea,2014-11-07T01:25:57.617Z,"22 km SW of León, Nicaragua",earthquake,,,,29.0,reviewed,us,us,2005-05-23,37881,Nicaragua,1
2005-06-14 00:43:04.360000+00:00,12.561,-86.068,40.5,4.77,mw,8.0,163.7,,1.73,us,usp000dswk,2014-11-07T01:26:11.930Z,"19 km SSE of Ciudad Darío, Nicaragua",earthquake,,37.9,,2.0,reviewed,us,us,2005-06-14,37873,Nicaragua,2
2005-06-17 07:38:27.030000+00:00,11.916,-86.765,58.8,4.04,mw,16.0,88.3,,1.13,us,usp000dt8s,2014-11-07T01:26:14.609Z,"29 km WSW of Villa El Carmen, Nicaragua",earthquake,,20.3,,,reviewed,us,casc,2005-06-17,37970,Nicaragua,1
2005-06-17 18:29:39.220000+00:00,11.725,-87.669,51.4,4.51,mw,14.0,101.2,,1.34,us,usp000dta0,2014-11-07T01:26:14.684Z,"99 km SSW of Corinto, Nicaragua",earthquake,,22.9,,2.0,reviewed,us,us,2005-06-17,37920,Nicaragua,1
2005-06-25 08:25:27.760000+00:00,11.614,-87.026,33.7,5.0,mwc,197.0,67.0,,1.24,us,usp000dtvj,2025-12-19T23:08:55.759Z,near the coast of Nicaragua,earthquake,,,,,reviewed,us,hrv,2005-06-25,37870,near the coast of Nicaragua,1
2005-07-02 02:16:43.700000+00:00,11.245,-86.172,27.0,6.6,mwc,446.0,21.1,,1.12,us,usp000dubj,2022-07-14T15:40:23.419Z,"32 km W of San Juan del Sur, Nicaragua",earthquake,,,,,reviewed,us,hrv,2005-07-02,37820,Nicaragua,1
2005-07-23 20:09:05.430000+00:00,12.078,-85.971,167.9,5.6,mwb,331.0,36.4,,0.85,us,usp000dvs0,2022-07-14T15:24:20.014Z,"5 km E of Tisma, Nicaragua",earthquake,,,,,reviewed,us,us,2005-07-23,37834,Nicaragua,1
2005-07-30 03:46:23.640000+00:00,11.88,-85.575,20.0,4.51,mw,20.0,159.2,,0.94,us,usp000dw92,2014-11-07T01:26:36.133Z,"33 km SW of Juigalpa, Nicaragua",earthquake,,0.0,,8.0,reviewed,us,us,2005-07-30,37916,Nicaragua,1
2005-08-03 11:03:15.130000+00:00,11.247,-85.541,14.0,6.3,mwc,454.0,37.8,,1.16,us,usp000dwju,2022-07-14T15:14:12.499Z,"6 km NNW of Cárdenas, Nicaragua",earthquake,,,,,reviewed,us,hrv,2005-08-03,37831,Nicaragua,1
2005-08-21 23:22:29.180000+00:00,12.267,-86.384,236.5,4.68,mw,20.0,72.8,,1.1,us,usp000dxtf,2014-11-07T01:26:51.234Z,"12 km NNW of Ciudad Sandino, Nicaragua",earthquake,,28.5,,5.0,reviewed,us,us,2005-08-21,37888,Nicaragua,1
2005-09-03 17:44:01.550000+00:00,12.383,-88.199,60.8,5.03,mw,77.0,90.2,,1.2,us,usp000dypw,2014-11-07T01:26:59.993Z,"90 km WSW of Jiquilillo, Nicaragua",earthquake,,10.6,,39.0,reviewed,us,us,2005-09-03,37848,Nicaragua,1
2005-09-07 02:05:14.700000+00:00,11.35,-88.431,26.8,4.51,mw,8.0,301.7,,,us,usp000dywy,2014-11-07T01:27:01.480Z,"185 km SW of Corinto, Nicaragua",earthquake,,,,1.0,reviewed,casc,us,2005-09-07,37909,Nicaragua,1
2005-09-22 17:49:57.490000+00:00,12.229,-87.84,69.0,5.11,mw,80.0,89.7,,0.92,us,usp000dzym,2014-11-07T01:27:07.884Z,"71 km SW of Jiquilillo, Nicaragua",earthquake,,11.4,,41.0,reviewed,us,us,2005-09-22,37839,Nicaragua,1
2005-10-17 21:59:22.770000+00:00,11.677,-85.85,162.3,5.7,mwb,289.0,38.8,,1.13,us,usp000e22z,2022-07-14T14:02:54.966Z,"19 km NNE of Belén, Nicaragua",earthquake,,,,,reviewed,us,us,2005-10-17,37995,Nicaragua,1
2005-10-26 23:06:02+00:00,11.29,-83.766,2.0,3.86,mw,10.0,301.8,,,us,usp000e2wv,2014-11-07T01:27:29.412Z,"38 km N of Greytown, Nicaragua",earthquake,,,,,reviewed,casc,casc,2005-10-26,38090,Nicaragua,-1
2005-11-05 04:02:58.510000+00:00,12.453,-87.664,10.0,4.77,mw,28.0,89.7,,0.92,us,usp000e3hq,2014-11-07T01:27:36.159Z,"39 km SW of Jiquilillo, Nicaragua",earthquake,,,,6.0,reviewed,us,us,2005-11-05,38017,Nicaragua,1
2005-11-07 13:43:48.320000+00:00,11.138,-86.013,35.0,4.6,mw,9.0,125.9,,1.44,us,usp000e3pc,2014-11-07T01:27:36.862Z,"20 km SW of San Juan del Sur, Nicaragua",earthquake,,,,1.0,reviewed,us,us,2005-11-07,38032,Nicaragua,1
2005-11-08 09:40:28.040000+00:00,12.323,-88.155,37.5,5.1,mwc,102.0,109.2,,1.05,us,usp000e3rk,2025-12-19T23:24:12.888Z,"89 km WSW of Jiquilillo, Nicaragua",earthquake,,7.2,,,reviewed,us,hrv,2005-11-08,38004,Nicaragua,1
2005-11-17 12:20:00.950000+00:00,12.095,-87.842,62.5,4.85,mw,49.0,164.3,,0.94,us,usp000e4ca,2014-11-07T01:27:40.182Z,"83 km SSW of Jiquilillo, Nicaragua",earthquake,,10.5,,19.0,reviewed,us,us,2005-11-17,38016,Nicaragua,1
2005-11-23 02:28:25.900000+00:00,11.327,-86.676,60.3,4.94,mw,66.0,154.3,,1.01,us,usp000e4ra,2014-11-07T01:27:42.593Z,"53 km SSW of Masachapa, Nicaragua",earthquake,,8.9,,24.0,reviewed,us,us,2005-11-23,38014,Nicaragua,1
2005-12-10 06:06:53.630000+00:00,11.388,-85.244,20.0,4.43,mw,12.0,151.5,,0.86,us,usp000e5wr,2014-11-07T01:27:52.400Z,"31 km SW of Morrito, Nicaragua",earthquake,,0.0,,2.0,reviewed,us,us,2005-12-10,38061,Nicaragua,1
2005-12-21 19:18:33.260000+00:00,12.533,-87.052,73.5,4.6,mw,31.0,117.2,,1.12,us,usp000e6jv,2014-11-07T01:27:55.565Z,"5 km SSW of Chichigalpa, Nicaragua",earthquake,,16.9,,18.0,reviewed,us,us,2005-12-21,38060,Nicaragua,1
2005-12-22 19:18:17.870000+00:00,12.999,-87.302,150.9,4.68,mw,24.0,153.6,,1.08,us,usp000e6mz,2014-11-07T01:27:55.801Z,"21 km NW of Puerto Morazán, Nicaragua",earthquake,,15.6,,13.0,reviewed,us,us,2005-12-22,38026,Nicaragua,1
2006-01-20 14:58:39.190000+00:00,11.943,-87.344,65.6,4.6,mw,8.0,196.4,,0.81,us,usp000e8hs,2014-11-07T01:28:07.599Z,"62 km SSW of Corinto, Nicaragua",earthquake,,55.4,,2.0,reviewed,us,us,2006-01-20,38049,Nicaragua,1
2006-04-01 12:41:18.060000+00:00,10.931,-86.407,22.7,4.77,mw,44.0,183.0,,1.11,us,usp000edew,2014-11-07T01:28:41.366Z,"68 km WSW of San Juan del Sur, Nicaragua",earthquake,,,,22.0,reviewed,us,us,2006-04-01,38189,Nicaragua,1
2006-04-09 15:30:03.630000+00:00,12.321,-87.351,71.3,4.68,mw,16.0,182.2,,0.74,us,usp000ee17,2014-11-07T01:28:44.844Z,"26 km SW of Corinto, Nicaragua",earthquake,,18.4,,7.0,reviewed,us,us,2006-04-09,38270,Nicaragua,1
2006-04-12 14:30:20.200000+00:00,12.4,-86.037,45.4,4.51,mw,8.0,167.2,,0.45,us,usp000ee9z,2014-11-07T01:28:47.652Z,"23 km NNE of Tipitapa, Nicaragua",earthquake,,28.1,,2.0,reviewed,us,us,2006-04-12,38306,Nicaragua,-1
2006-04-14 05:51:34+00:00,11.981,-87.066,73.0,4.85,mw,86.0,101.7,,0.84,us,usp000eeg8,2014-11-07T01:28:50.150Z,"54 km SSW of León, Nicaragua",earthquake,,11.3,,44.0,reviewed,us,us,2006-04-14,38174,Nicaragua,1
2006-04-29 19:50:36.800000+00:00,11.592,-85.534,87.9,4.68,mw,14.0,166.6,,0.66,us,usp000efse,2014-11-07T01:28:56.173Z,"5 km ENE of Altagracia, Nicaragua",earthquake,,15.1,,6.0,reviewed,us,us,2006-04-29,38270,Nicaragua,1
2006-04-29 20:56:37.030000+00:00,12.785,-87.799,65.0,4.68,mw,16.0,175.9,,1.27,us,usp000efsf,2014-11-07T01:28:56.175Z,"37 km W of Jiquilillo, Nicaragua",earthquake,,,,4.0,reviewed,us,us,2006-04-29,38212,Nicaragua,1
2006-05-22 05:43:20.470000+00:00,12.042,-87.922,37.6,4.85,mw,45.0,179.6,,0.93,us,usp000ehp5,2014-11-07T01:29:09.514Z,"93 km SSW of Jiquilillo, Nicaragua",earthquake,,,,27.0,reviewed,us,us,2006-05-22,38172,Nicaragua,1
2006-06-02 17:51:20.100000+00:00,11.436,-86.3,46.6,4.68,mw,12.0,129.8,,0.82,us,usp000ejjj,2014-11-07T01:29:18.387Z,"35 km SSW of La Conquista, Nicaragua",earthquake,,11.9,,2.0,reviewed,us,us,2006-06-02,38255,Nicaragua,1
2006-07-04 02:20:54.930000+00:00,11.102,-86.896,35.0,4.68,mw,18.0,183.5,,1.25,us,usp000emvk,2014-11-07T01:29:35.078Z,"86 km SSW of Masachapa, Nicaragua",earthquake,,,,6.0,reviewed,us,us,2006-07-04,38223,Nicaragua,1
2006-07-19 19:42:23.520000+00:00,11.633,-86.907,46.3,5.03,mw,34.0,101.4,,1.12,us,usp000ep4a,2014-11-07T01:29:43.425Z,"46 km WSW of Masachapa, Nicaragua",earthquake,,15.8,,9.0,reviewed,us,us,2006-07-19,38169,Nicaragua,1
2006-07-19 21:03:30.320000+00:00,12.85,-87.171,198.8,4.85,mw,31.0,227.2,,0.95,us,usp000ep4e,2014-11-07T01:29:43.440Z,"0 km ESE of Puerto Morazán, Nicaragua",earthquake,,13.8,,12.0,reviewed,us,us,2006-07-19,38189,Nicaragua,1
2006-08-24 00:02:54.950000+00:00,10.658,-86.774,23.6,5.03,mw,80.0,81.5,,1.09,us,usp000erkp,2014-11-07T01:30:01.091Z,"118 km SW of San Juan del Sur, Nicaragua",earthquake,,,,27.0,reviewed,us,us,2006-08-24,38161,Nicaragua,1
2006-08-24 01:27:38.250000+00:00,11.812,-86.21,35.0,4.6,mw,29.0,60.4,,1.1,us,usp000erkw,2014-11-07T01:30:01.114Z,"4 km SSW of Jinotepe, Nicaragua",earthquake,,,,20.0,reviewed,us,us,2006-08-24,38306,Nicaragua,1
2006-10-20 20:01:45.120000+00:00,12.362,-86.696,163.0,4.77,mw,11.0,84.7,,1.2,us,usp000evmj,2014-11-07T01:30:36.426Z,"3 km NW of La Paz Centro, Nicaragua",earthquake,,11.9,,1.0,reviewed,us,us,2006-10-20,38481,Nicaragua,1
2006-10-28 00:53:38.320000+00:00,12.936,-87.474,12.6,5.3,mwc,300.0,81.3,,1.14,us,usp000ew5j,2022-05-02T15:38:02.847Z,"21 km N of Jiquilillo, Nicaragua",earthquake,,,,,reviewed,us,gcmt,2006-10-28,38385,Nicaragua,1
2006-11-11 14:13:38.540000+00:00,11.478,-84.107,10.0,4.43,mw,8.0,246.0,,0.53,us,usp000ex5r,2014-11-07T01:30:48.035Z,"44 km ESE of Nueva Guinea, Nicaragua",earthquake,,,,1.0,reviewed,us,us,2006-11-11,38508,Nicaragua,-1
2006-11-18 05:56:36.430000+00:00,11.297,-85.644,167.9,4.94,mw,98.0,57.8,,1.05,us,usp000ey3z,2014-11-07T01:30:53.382Z,"18 km NW of Cárdenas, Nicaragua",earthquake,,4.8,,36.0,reviewed,us,us,2006-11-18,38461,Nicaragua,1
2006-11-18 10:05:44.300000+00:00,11.111,-87.81,30.1,5.5,mwb,278.0,43.5,,0.97,us,usp000ey4e,2022-05-02T15:38:45.014Z,"159 km WSW of Masachapa, Nicaragua",earthquake,,,,,reviewed,us,us,2006-11-18,38371,Nicaragua,1
2007-01-22 09:04:06.620000+00:00,11.896,-87.593,55.4,5.03,mw,63.0,109.0,,1.08,us,usp000f39t,2014-11-07T01:31:26.324Z,"79 km SW of Corinto, Nicaragua",earthquake,,7.6,,22.0,reviewed,us,us,2007-01-22,38457,Nicaragua,1
2007-01-26 10:31:39.750000+00:00,12.173,-87.894,49.2,4.68,mw,22.0,125.3,,1.31,us,usp000f3nj,2014-11-07T01:31:27.674Z,"79 km SW of Jiquilillo, Nicaragua",earthquake,,12.9,,6.0,reviewed,us,us,2007-01-26,38508,Nicaragua,1
2007-02-15 17:16:53.730000+00:00,10.906,-86.133,35.3,5.03,mw,54.0,54.9,,1.1,us,usp000f4xj,2014-11-07T01:31:38.197Z,"47 km SW of San Juan del Sur, Nicaragua",earthquake,,,,21.0,reviewed,us,us,2007-02-15,38392,Nicaragua,1
2007-03-14 21:59:13.050000+00:00,11.514,-86.59,35.0,5.5,mwb,245.0,39.8,,1.14,us,usp000f6qs,2022-05-02T20:02:58.250Z,"31 km SSW of Masachapa, Nicaragua",earthquake,,,,,reviewed,us,us,2007-03-14,38363,Nicaragua,1
2007-03-14 22:10:56.220000+00:00,11.169,-86.852,35.0,5.2,mw,63.0,137.5,,1.05,us,usp000f6qt,2014-11-07T01:31:52.568Z,"77 km SSW of Masachapa, Nicaragua",earthquake,,,,36.0,reviewed,us,us,2007-03-14,38392,Nicaragua,1
2007-04-09 09:37:04.170000+00:00,11.962,-86.47,141.4,4.94,mw,64.0,59.9,,1.07,us,usp000f95f,2014-11-07T01:32:09.174Z,"4 km ESE of Villa El Carmen, Nicaragua",earthquake,,4.8,,21.0,reviewed,us,us,2007-04-09,38555,Nicaragua,1
2007-04-10 16:45:44.460000+00:00,11.261,-86.296,135.7,5.2,mwc,163.0,217.7,,1.02,us,usp000f9bu,2025-12-22T15:14:18.429Z,"43 km WSW of Tola, Nicaragua",earthquake,,,,,reviewed,us,gcmt,2007-04-10,38549,Nicaragua,1
2007-04-24 14:32:25.940000+00:00,12.102,-87.908,46.2,4.51,mw,15.0,112.1,,1.54,us,usp000fagb,2014-11-07T01:32:15.939Z,"86 km SW of Jiquilillo, Nicaragua",earthquake,,15.4,,2.0,reviewed,us,us,2007-04-24,38680,Nicaragua,1
2007-04-27 18:28:32.330000+00:00,11.454,-86.744,70.7,5.03,mw,76.0,82.1,,1.0,us,usp000far3,2014-11-07T01:32:17.766Z,"44 km SW of Masachapa, Nicaragua",earthquake,,13.3,,47.0,reviewed,us,us,2007-04-27,38552,Nicaragua,1
2007-04-30 09:49:33.910000+00:00,11.019,-87.884,42.9,4.77,mw,36.0,83.1,,1.21,us,usp000faxh,2014-11-07T01:32:18.613Z,"171 km WSW of Masachapa, Nicaragua",earthquake,,17.4,,8.0,reviewed,us,us,2007-04-30,38568,Nicaragua,1
2007-05-11 06:00:19.120000+00:00,11.164,-85.754,78.9,4.68,mw,14.0,181.2,,1.11,us,usp000fbrd,2014-11-07T01:32:26.723Z,"16 km SE of San Juan del Sur, Nicaragua",earthquake,,19.3,,6.0,reviewed,us,us,2007-05-11,38645,Nicaragua,1
2007-05-13 08:15:38.670000+00:00,12.115,-86.802,76.3,4.77,mw,77.0,88.6,,0.82,us,usp000fbwb,2014-11-07T01:32:27.745Z,"28 km SSW of La Paz Centro, Nicaragua",earthquake,,,,25.0,reviewed,us,us,2007-05-13,38566,Nicaragua,1
2007-07-29 02:38:10.740000+00:00,12.021,-87.214,66.1,4.51,mw,33.0,129.6,,0.95,us,usp000fhb7,2014-11-07T01:33:04.999Z,"51 km S of Corinto, Nicaragua",earthquake,,10.1,,16.0,reviewed,us,us,2007-07-29,38649,Nicaragua,1
2007-08-02 04:50:21.330000+00:00,12.518,-87.769,67.0,5.45,mw,234.0,71.4,,1.02,us,usp000fhnh,2022-07-14T05:12:35.866Z,"42 km SW of Jiquilillo, Nicaragua",earthquake,,,,123.0,reviewed,us,us,2007-08-02,38534,Nicaragua,1
2007-09-02 00:07:28.040000+00:00,11.607,-87.271,30.5,5.2,mwc,114.0,69.8,,1.02,us,usp000fm67,2025-12-22T15:26:00.323Z,"84 km WSW of Masachapa, Nicaragua",earthquake,,3.2,,,reviewed,us,gcmt,2007-09-02,38535,Nicaragua,1
2007-10-05 16:14:12.580000+00:00,11.959,-87.531,59.3,4.94,mw,35.0,106.4,,1.55,us,usp000fpya,2014-11-07T01:33:51.204Z,"69 km SW of Corinto, Nicaragua",earthquake,,9.2,,9.0,reviewed,us,us,2007-10-05,38748,Nicaragua,1
2007-10-07 03:49:30.930000+00:00,12.336,-87.814,67.9,5.03,mw,17.0,117.7,,1.02,us,usp000fq1d,2014-11-07T01:33:51.702Z,"60 km SW of Jiquilillo, Nicaragua",earthquake,,15.4,,6.0,reviewed,us,us,2007-10-07,38745,Nicaragua,1
2007-10-09 14:49:07.070000+00:00,12.596,-86.872,108.5,4.6,mw,10.0,114.3,,1.56,us,usp000fq6q,2014-11-07T01:33:53.059Z,"8 km N of Telica, Nicaragua",earthquake,,13.6,,3.0,reviewed,us,us,2007-10-09,38845,Nicaragua,1
2007-11-06 05:35:21.500000+00:00,11.56,-87.36,38.7,4.94,mw,31.0,149.3,,1.04,us,usp000fs1m,2022-07-14T01:40:51.349Z,near the coast of Nicaragua,earthquake,,14.6,,19.0,reviewed,us,us,2007-11-06,38776,near the coast of Nicaragua,1
2007-11-09 11:34:33.560000+00:00,12.448,-87.294,91.4,4.94,mw,106.0,74.5,,0.93,us,usp000fs8s,2014-11-07T01:34:08.825Z,"13 km WSW of Corinto, Nicaragua",earthquake,,,,57.0,reviewed,us,us,2007-11-09,38754,Nicaragua,1
2007-11-15 22:33:02.460000+00:00,11.298,-86.778,48.1,5.11,mw,70.0,82.0,,1.07,us,usp000fsnf,2014-11-07T01:34:10.843Z,"61 km SSW of Masachapa, Nicaragua",earthquake,,7.4,,30.0,reviewed,us,us,2007-11-15,38715,Nicaragua,1
2007-12-07 13:57:57.080000+00:00,11.849,-87.884,35.0,4.68,mw,15.0,153.6,,1.1,us,usp000ftzx,2014-11-07T01:34:22.192Z,"104 km SW of Corinto, Nicaragua",earthquake,,,,7.0,reviewed,us,us,2007-12-07,38784,Nicaragua,1
2007-12-10 13:13:40.770000+00:00,11.633,-85.831,204.0,5.28,mw,89.0,48.5,,1.17,us,usp000fu6s,2014-11-07T01:34:23.470Z,"15 km N of Potosí, Nicaragua",earthquake,,4.2,,31.0,reviewed,us,us,2007-12-10,38713,Nicaragua,1
2007-12-15 10:19:51.270000+00:00,11.937,-86.567,158.3,5.03,mw,60.0,145.1,,1.19,us,usp000fugk,2014-11-07T01:34:25.697Z,"8 km SW of Villa El Carmen, Nicaragua",earthquake,,9.1,,32.0,reviewed,us,us,2007-12-15,38717,Nicaragua,1
2007-12-18 12:41:12.430000+00:00,11.363,-87.735,50.2,4.9,mwc,104.0,45.6,,1.02,us,usp000fupg,2016-11-10T01:49:41.956Z,"138 km SSW of Corinto, Nicaragua",earthquake,,6.2,,,reviewed,us,gcmt,2007-12-18,38779,Nicaragua,1
2008-02-14 23:49:10.900000+00:00,10.865,-86.781,44.3,4.6,mw,27.0,186.2,,1.41,us,usp000fyxv,2014-11-07T01:34:57.198Z,"106 km SSW of Masachapa, Nicaragua",earthquake,,13.9,,6.0,reviewed,us,us,2008-02-14,38787,Nicaragua,1
2008-04-12 05:47:07.660000+00:00,11.619,-87.198,35.0,4.51,mw,21.0,116.8,,1.27,us,usp000g3r1,2014-11-07T01:35:36.194Z,"76 km WSW of Masachapa, Nicaragua",earthquake,,,,7.0,reviewed,us,us,2008-04-12,39031,Nicaragua,1
2008-04-29 00:03:51.420000+00:00,11.248,-85.668,180.4,4.77,mw,28.0,103.0,,0.9,us,usp000g52g,2014-11-07T01:35:44.892Z,"18 km WNW of Cárdenas, Nicaragua",earthquake,,6.8,,12.0,reviewed,us,us,2008-04-29,39008,Nicaragua,1
2008-06-01 04:47:40.420000+00:00,11.041,-87.482,47.0,4.6,mw,62.0,81.4,,1.25,us,usp000g899,2014-11-07T01:36:11.626Z,"134 km SW of Masachapa, Nicaragua",earthquake,,10.6,,34.0,reviewed,us,us,2008-06-01,39029,Nicaragua,1
2008-06-19 20:50:35.600000+00:00,12.194,-86.649,111.2,4.68,mw,15.0,155.7,,1.27,us,usp000ga3m,2014-11-07T01:36:23.318Z,"12 km SW of Nagarote, Nicaragua",earthquake,,10.3,,5.0,reviewed,us,us,2008-06-19,39009,Nicaragua,1
2008-07-21 01:35:05.450000+00:00,12.828,-87.312,170.5,4.43,mw,23.0,154.8,,0.83,us,usp000gcrz,2014-11-07T01:36:41.060Z,"15 km W of Puerto Morazán, Nicaragua",earthquake,,6.7,,7.0,reviewed,us,us,2008-07-21,39040,Nicaragua,1
2008-07-26 03:30:46.170000+00:00,11.838,-85.807,58.6,4.43,mw,11.0,135.3,,1.54,us,usp000gd5m,2014-11-07T01:36:43.116Z,"19 km ESE of Granada, Nicaragua",earthquake,,16.0,,3.0,reviewed,us,us,2008-07-26,39037,Nicaragua,1
2008-07-27 05:42:29.430000+00:00,11.377,-86.838,48.8,5.1,mwc,129.0,142.3,,1.08,us,usp000gd84,2025-12-22T15:06:55.988Z,"57 km SW of Masachapa, Nicaragua",earthquake,,,,,reviewed,us,gcmt,2008-07-27,38903,Nicaragua,1
2008-08-07 23:41:27.610000+00:00,12.572,-87.721,64.9,5.1,mwc,199.0,64.9,,1.15,us,usp000ge4z,2025-12-22T15:07:08.848Z,"35 km WSW of Jiquilillo, Nicaragua",earthquake,,,,,reviewed,us,gcmt,2008-08-07,38920,Nicaragua,1
2008-08-16 11:02:07.580000+00:00,11.312,-86.428,36.0,5.03,mw,134.0,88.8,,1.05,us,usp000getc,2014-11-07T01:36:55.149Z,"51 km S of El Rosario, Nicaragua",earthquake,,,,91.0,reviewed,us,us,2008-08-16,38953,Nicaragua,1
2008-08-18 09:16:46.850000+00:00,11.106,-87.941,43.2,5.0,mwc,185.0,73.9,,0.86,us,usp000gey5,2025-12-22T15:33:55.711Z,"172 km WSW of Masachapa, Nicaragua",earthquake,,4.8,,,reviewed,us,gcmt,2008-08-18,38971,Nicaragua,1
2008-08-24 07:32:51.830000+00:00,12.065,-87.98,43.5,4.85,mw,35.0,112.2,,1.01,us,usp000gfd5,2014-11-07T01:36:58.367Z,"94 km SW of Jiquilillo, Nicaragua",earthquake,,,,17.0,reviewed,us,us,2008-08-24,39003,Nicaragua,1
2008-08-27 18:05:07.790000+00:00,12.091,-88.367,10.0,4.6,mw,10.0,112.7,,0.89,us,usp000gfqk,2014-11-07T01:37:00.121Z,"123 km SW of Jiquilillo, Nicaragua",earthquake,,,,2.0,reviewed,us,us,2008-08-27,39020,Nicaragua,1
2008-10-12 15:06:23.630000+00:00,11.918,-86.493,94.6,4.51,mw,15.0,120.9,,1.45,us,usp000gk32,2014-11-07T01:37:27.860Z,"7 km SSE of Villa El Carmen, Nicaragua",earthquake,,10.9,,2.0,reviewed,us,us,2008-10-12,39235,Nicaragua,1
2008-11-03 06:22:06.160000+00:00,11.963,-87.993,66.4,4.6,mw,14.0,189.4,,1.44,us,usp000gmty,2014-11-07T01:37:40.201Z,"104 km SW of Jiquilillo, Nicaragua",earthquake,,13.6,,4.0,reviewed,us,us,2008-11-03,39218,Nicaragua,1
2008-11-07 07:34:23.620000+00:00,11.816,-87.575,50.8,4.85,mw,20.0,187.1,,1.29,us,usp000gn4t,2014-11-07T01:37:41.733Z,"85 km SSW of Corinto, Nicaragua",earthquake,,11.7,,3.0,reviewed,us,us,2008-11-07,39123,Nicaragua,1
2008-11-13 09:49:51.910000+00:00,10.838,-86.115,52.8,5.4,mwc,270.0,59.4,,1.03,us,usp000gnkk,2022-05-02T21:06:02.912Z,"53 km SSW of San Juan del Sur, Nicaragua",earthquake,,,,,reviewed,us,gcmt,2008-11-13,39086,Nicaragua,1
2008-11-18 00:57:58.450000+00:00,12.341,-88.084,50.5,5.2,mw,81.0,105.8,,1.0,us,usp000gnyj,2014-11-07T01:37:45.567Z,"82 km WSW of Jiquilillo, Nicaragua",earthquake,,6.9,,40.0,reviewed,us,us,2008-11-18,39108,Nicaragua,1
2008-11-25 04:53:57.430000+00:00,12.185,-87.623,46.9,4.68,mw,24.0,151.8,,1.08,us,usp000gpdc,2014-11-07T01:37:47.874Z,"58 km SW of Corinto, Nicaragua",earthquake,,10.9,,5.0,reviewed,us,us,2008-11-25,39192,Nicaragua,1
2009-01-07 21:32:28.200000+00:00,12.52,-86.594,179.1,4.6,mw,14.0,85.3,,0.6,us,usp000gsbe,2014-11-07T01:38:10.874Z,Nicaragua,earthquake,,6.3,,3.0,reviewed,us,us,2009-01-07,39227,Nicaragua,1
2009-01-26 23:15:55.140000+00:00,11.294,-85.645,174.7,4.77,mw,22.0,138.0,,0.86,us,usp000gt53,2014-11-07T01:38:15.565Z,"18 km NW of Cárdenas, Nicaragua",earthquake,,6.7,,8.0,reviewed,us,us,2009-01-26,39173,Nicaragua,1
2009-02-21 02:33:17.620000+00:00,11.258,-86.656,81.8,4.85,mw,28.0,192.7,,0.79,us,usp000gu82,2014-11-07T01:38:25.592Z,"60 km SSW of Masachapa, Nicaragua",earthquake,,16.9,,18.0,reviewed,us,us,2009-02-21,39130,Nicaragua,1
2009-03-02 01:16:19.560000+00:00,12.391,-87.283,84.7,5.11,mw,123.0,64.9,,1.01,us,usp000guhr,2014-11-07T01:38:31.253Z,"15 km SW of Corinto, Nicaragua",earthquake,,,,78.0,reviewed,us,us,2009-03-02,39112,Nicaragua,1
2009-03-10 07:10:11+00:00,11.726,-88.375,43.8,5.1,mwc,268.0,35.1,,1.08,us,usp000gutj,2025-12-22T15:13:24.801Z,"151 km SW of Jiquilillo, Nicaragua",earthquake,,3.4,,,reviewed,us,gcmt,2009-03-10,39118,Nicaragua,1
2009-03-31 17:50:34.170000+00:00,13.452,-86.06,35.5,4.77,mw,26.0,96.4,,1.42,us,usp000gvmc,2022-07-15T06:43:36.572Z,"13 km SSW of Quilalí, Nicaragua",earthquake,,11.0,,9.0,reviewed,us,us,2009-03-31,39413,Nicaragua,-1
2009-04-16 02:36:47.730000+00:00,11.509,-87.189,47.6,4.85,mw,31.0,171.5,,0.98,us,usp000gw6p,2014-11-07T01:38:47.252Z,"79 km WSW of Masachapa, Nicaragua",earthquake,,9.9,,14.0,reviewed,us,us,2009-04-16,39400,Nicaragua,1
2009-05-08 15:13:49.290000+00:00,10.829,-86.253,35.0,4.85,mw,18.0,187.5,,1.08,us,usp000gwxy,2014-11-07T01:38:55.882Z,"62 km SW of San Juan del Sur, Nicaragua",earthquake,,,,5.0,reviewed,us,us,2009-05-08,39409,Nicaragua,1
2009-07-06 14:37:22.050000+00:00,11.383,-86.496,76.2,5.5,mwc,174.0,72.4,,1.07,us,usp000gyzj,2022-07-15T13:20:37.691Z,"44 km S of Masachapa, Nicaragua",earthquake,,7.7,,,reviewed,us,gcmt,2009-07-06,39256,Nicaragua,1
2009-07-08 03:42:43.270000+00:00,13.905,-84.557,24.4,4.9,mwc,47.0,87.4,,1.17,us,usp000gz14,2022-07-15T13:27:52.956Z,"14 km SSE of Bonanza, Nicaragua",earthquake,,,,,reviewed,us,gcmt,2009-07-08,39355,Nicaragua,-1
2009-08-22 21:23:22.010000+00:00,12.149,-87.734,85.2,5.2,mw,130.0,61.8,,0.99,us,usp000h0rz,2014-11-07T01:39:33.166Z,"71 km WSW of Corinto, Nicaragua",earthquake,,9.7,,73.0,reviewed,us,us,2009-08-22,39272,Nicaragua,1
2009-08-31 09:21:21.110000+00:00,11.913,-87.101,30.0,5.2,mwb,212.0,48.7,,1.2,us,usp000h132,2022-05-02T21:17:24.996Z,"62 km SSW of León, Nicaragua",earthquake,,,,,reviewed,us,us,2009-08-31,39294,Nicaragua,1
2009-09-04 00:46:29.080000+00:00,11.245,-85.451,218.1,5.11,mw,50.0,166.7,,0.95,us,usp000h16u,2014-11-07T01:39:39.955Z,Nicaragua,earthquake,,9.2,,31.0,reviewed,us,us,2009-09-04,39353,Nicaragua,1
2009-09-27 21:51:41.840000+00:00,11.948,-86.407,45.4,4.77,mw,22.0,123.2,,1.33,us,usp000h1x4,2014-11-07T01:39:45.197Z,near the coast of Nicaragua,earthquake,,14.6,,7.0,reviewed,us,us,2009-09-27,39553,near the coast of Nicaragua,1
2009-10-14 10:31:58.950000+00:00,12.227,-88.05,55.9,4.94,mw,32.0,112.3,,1.13,us,usp000h2y2,2014-11-07T01:39:55.888Z,"86 km SW of Jiquilillo, Nicaragua",earthquake,,11.0,,8.0,reviewed,us,us,2009-10-14,39475,Nicaragua,1
2009-10-18 23:56:53.020000+00:00,11.215,-86.794,94.3,4.94,mw,47.0,190.0,,0.78,us,usp000h35e,2014-11-07T01:39:57.021Z,"70 km SSW of Masachapa, Nicaragua",earthquake,,12.3,,28.0,reviewed,us,us,2009-10-18,39511,Nicaragua,1
2009-10-22 00:33:51.700000+00:00,12.492,-86.98,166.4,5.11,mw,109.0,67.4,,1.03,us,usp000h38f,2014-11-07T01:39:57.613Z,"5 km S of Posoltega, Nicaragua",earthquake,,,,51.0,reviewed,us,us,2009-10-22,39453,Nicaragua,1
2009-11-05 01:46:21.960000+00:00,10.728,-86.426,49.6,5.1,mwc,85.0,81.1,,1.25,us,usp000h3rh,2025-12-22T15:41:33.112Z,"84 km SW of San Juan del Sur, Nicaragua",earthquake,,9.7,,,reviewed,us,gcmt,2009-11-05,39457,Nicaragua,1
2009-12-11 14:01:58.780000+00:00,11.881,-86.826,68.6,5.0,mwc,197.0,73.1,,0.9,us,usp000h4ys,2025-12-22T15:42:17.900Z,"35 km WNW of Masachapa, Nicaragua",earthquake,,6.5,,,reviewed,us,gcmt,2009-12-11,39461,Nicaragua,1
2010-01-02 20:00:49.150000+00:00,12.594,-87.666,66.1,4.6,mw,18.0,117.6,,1.34,us,usp000h5mj,2014-11-07T01:40:23.711Z,"28 km SW of Jiquilillo, Nicaragua",earthquake,,11.4,,3.0,reviewed,us,us,2010-01-02,39587,Nicaragua,1
2010-01-22 05:55:58.380000+00:00,12.007,-87.648,43.0,4.6,mw,13.0,129.4,,1.26,us,usp000h6fx,2014-11-07T01:40:32.812Z,"73 km SW of Corinto, Nicaragua",earthquake,,13.5,,3.0,reviewed,us,us,2010-01-22,39590,Nicaragua,1
2010-02-25 03:15:03.090000+00:00,11.176,-86.126,24.9,5.7,mwc,303.0,72.0,,1.03,us,usp000h7np,2022-07-16T03:11:39.976Z,near the coast of Nicaragua,earthquake,,2.4,,,reviewed,us,gcmt,2010-02-25,39436,near the coast of Nicaragua,1
2010-02-28 21:18:27.800000+00:00,11.736,-85.917,52.5,4.77,mw,26.0,100.5,,0.95,us,usp000h8a8,2014-11-07T01:40:48.849Z,"14 km E of Nandaime, Nicaragua",earthquake,,13.1,,8.0,reviewed,us,us,2010-02-28,39533,Nicaragua,1
2010-03-12 13:59:29.110000+00:00,11.262,-86.105,8.5,5.03,mw,31.0,82.0,,1.22,us,usp000h98d,2014-11-07T01:40:59.175Z,"25 km W of San Juan del Sur, Nicaragua",earthquake,,23.7,,17.0,reviewed,us,us,2010-03-12,39604,Nicaragua,1
2010-03-14 17:32:38.300000+00:00,12.205,-88.02,47.4,4.85,mw,19.0,185.0,,1.0,us,usp000h9d6,2014-11-07T01:41:00.494Z,"86 km SW of Jiquilillo, Nicaragua",earthquake,,12.3,,7.0,reviewed,us,us,2010-03-14,39700,Nicaragua,1
2010-03-20 04:49:09.710000+00:00,11.069,-86.623,29.0,4.77,mw,31.0,148.4,,1.12,us,usp000h9qq,2014-11-07T01:41:03.595Z,near the coast of Nicaragua,earthquake,,23.8,,18.0,reviewed,us,us,2010-03-20,39746,near the coast of Nicaragua,1
2010-04-05 00:47:16.290000+00:00,12.215,-86.834,156.0,4.94,mw,19.0,176.0,,0.82,us,usp000hadq,2014-11-07T01:41:11.593Z,"22 km SW of La Paz Centro, Nicaragua",earthquake,,28.5,,14.0,reviewed,us,us,2010-04-05,39679,Nicaragua,1
2010-04-17 20:52:42.190000+00:00,11.678,-86.813,33.0,5.5,mwc,312.0,67.1,,1.3,us,usp000hbjk,2022-07-16T10:59:50.528Z,"34 km WSW of Masachapa, Nicaragua",earthquake,,,,,reviewed,us,gcmt,2010-04-17,39602,Nicaragua,1
2010-04-18 01:41:35.380000+00:00,12.008,-86.423,69.2,4.94,mw,56.0,102.1,,0.93,us,usp000hbk1,2022-07-16T11:08:03.024Z,"9 km ENE of Villa El Carmen, Nicaragua",earthquake,,10.4,,27.0,reviewed,us,us,2010-04-18,39638,Nicaragua,1
2010-05-12 13:55:51.190000+00:00,11.435,-82.872,10.0,4.43,mw,29.0,63.6,,0.98,us,usp000hcnu,2014-11-07T01:41:28.874Z,"84 km SSE of Corn Island, Nicaragua",earthquake,,,,2.0,reviewed,us,us,2010-05-12,39751,Nicaragua,-1
2010-05-28 07:26:30.880000+00:00,11.885,-87.841,35.0,4.68,mw,19.0,236.5,,0.89,us,usp000hd9p,2014-11-07T01:41:33.671Z,"98 km SW of Corinto, Nicaragua",earthquake,,,,9.0,reviewed,us,us,2010-05-28,39749,Nicaragua,1
2010-06-18 09:50:14.380000+00:00,12.823,-87.383,168.7,4.94,mw,75.0,83.6,,0.92,us,usp000he80,2022-07-16T15:50:38.627Z,"11 km NE of Jiquilillo, Nicaragua",earthquake,,5.2,,47.0,reviewed,us,us,2010-06-18,39639,Nicaragua,1
2010-08-03 19:10:35.570000+00:00,12.794,-87.882,18.2,5.03,mw,21.0,84.5,,1.27,us,usp000hhes,2014-11-07T01:42:09.674Z,"47 km W of Jiquilillo, Nicaragua",earthquake,,31.2,,7.0,reviewed,us,us,2010-08-03,39626,Nicaragua,1
2010-08-06 17:33:51.160000+00:00,10.829,-86.205,43.1,5.03,mw,80.0,100.0,,1.09,us,usp000hhp1,2022-07-18T18:04:11.520Z,"59 km SW of San Juan del Sur, Nicaragua",earthquake,,9.9,,47.0,reviewed,us,us,2010-08-06,39610,Nicaragua,1
2010-08-08 12:00:36.360000+00:00,11.531,-87.238,50.0,4.94,mw,76.0,101.9,,0.96,us,usp000hhrw,2014-11-07T01:42:12.149Z,"83 km WSW of Masachapa, Nicaragua",earthquake,,8.9,,52.0,reviewed,us,us,2010-08-08,39663,Nicaragua,1
2010-09-06 02:49:48.510000+00:00,11.006,-85.408,161.8,5.2,mw,175.0,60.8,,1.0,us,usp000hkan,2022-07-18T19:39:26.296Z,"23 km SSE of Cárdenas, Nicaragua",earthquake,,,,105.0,reviewed,us,us,2010-09-06,39853,Nicaragua,1
2010-09-25 18:43:18.040000+00:00,12.276,-88.278,53.7,5.03,mw,44.0,119.1,,1.12,us,usp000hm63,2014-11-07T01:42:30.735Z,"103 km WSW of Jiquilillo, Nicaragua",earthquake,,9.8,,26.0,reviewed,us,us,2010-09-25,39889,Nicaragua,1
2010-11-04 07:55:04.220000+00:00,11.824,-85.851,176.3,4.77,mw,15.0,149.8,,1.12,us,usp000hp11,2014-11-07T01:42:51.860Z,"16 km SE of Granada, Nicaragua",earthquake,,11.8,,2.0,reviewed,us,us,2010-11-04,39959,Nicaragua,1
2010-11-11 02:28:10.480000+00:00,11.773,-88.106,50.0,5.2,mw,155.0,64.9,,1.33,us,usp000hpd0,2014-11-07T01:42:53.782Z,"128 km SW of Corinto, Nicaragua",earthquake,,7.4,,107.0,reviewed,us,us,2010-11-11,39839,Nicaragua,1
2010-11-18 00:23:53.240000+00:00,12.14,-86.172,86.9,4.85,mw,30.0,166.1,,0.95,us,usp000hpth,2014-11-07T01:42:56.184Z,"8 km E of Managua, Nicaragua",earthquake,,11.2,,21.0,reviewed,us,us,2010-11-18,39950,Nicaragua,1
2010-12-24 18:44:57+00:00,11.53,-86.857,66.2,5.28,mw,198.0,72.9,,1.18,us,usp000hrtm,2014-11-07T01:43:13.727Z,"46 km SW of Masachapa, Nicaragua",earthquake,,6.7,,135.0,reviewed,us,us,2010-12-24,39799,Nicaragua,1
2011-01-21 17:18:19.540000+00:00,11.584,-86.287,93.9,5.2,mwc,271.0,41.7,,1.27,us,usp000htf9,2025-12-22T15:57:57.436Z,"19 km SSW of Santa Teresa, Nicaragua",earthquake,,,,,reviewed,us,gcmt,2011-01-21,39846,Nicaragua,1
2011-02-23 03:01:36.370000+00:00,12.388,-87.815,41.0,5.7,mwb,328.0,56.9,,1.22,us,usp000huyp,2022-07-19T05:57:06.284Z,"55 km SW of Jiquilillo, Nicaragua",earthquake,,,,,reviewed,us,us,2011-02-23,39780,Nicaragua,1
2011-03-04 09:09:41.360000+00:00,11.758,-87.357,50.8,4.94,mw,59.0,105.7,,0.95,us,usp000hvaz,2014-11-07T01:43:51.393Z,"82 km SSW of Corinto, Nicaragua",earthquake,,6.3,,29.0,reviewed,us,us,2011-03-04,39917,Nicaragua,1
2011-03-30 11:21:23.450000+00:00,11.19,-85.613,110.1,4.68,mw,32.0,168.5,,0.98,us,usp000hyxk,2014-11-07T01:44:22.432Z,"11 km W of Cárdenas, Nicaragua",earthquake,,,,20.0,reviewed,us,us,2011-03-30,40097,Nicaragua,1
2011-04-04 17:56:43.280000+00:00,11.639,-87.32,39.6,5.03,mw,24.0,117.9,,1.34,us,usp000hz8y,2014-11-07T01:44:28.407Z,"89 km W of Masachapa, Nicaragua",earthquake,,15.1,,13.0,reviewed,us,us,2011-04-04,40009,Nicaragua,1
2011-04-14 20:50:15.080000+00:00,11.237,-86.337,22.0,5.7,mww,358.0,54.5,,1.2,us,usp000hzym,2022-07-19T12:19:05.831Z,"48 km WSW of Tola, Nicaragua",earthquake,,,,,reviewed,us,us,2011-04-14,39990,Nicaragua,1
2011-04-18 19:39:10.040000+00:00,13.746,-83.17,2.8,4.77,mw,43.0,47.9,,1.13,us,usp000j077,2014-11-07T01:44:35.164Z,"39 km SE of Puerto Cabezas, Nicaragua",earthquake,,25.2,,17.0,reviewed,us,us,2011-04-18,40080,Nicaragua,-1
2011-04-23 01:50:32.500000+00:00,11.566,-85.945,196.3,5.2,mw,213.0,67.9,,1.04,us,usp000j0eb,2022-07-19T13:08:28.214Z,"9 km NW of Belén, Nicaragua",earthquake,,,,137.0,reviewed,us,us,2011-04-23,40000,Nicaragua,1
2011-05-27 06:40:02.450000+00:00,11.815,-86.937,35.0,4.43,mw,18.0,100.5,,1.32,us,usp000j296,2014-11-07T01:44:55.430Z,"46 km W of Masachapa, Nicaragua",earthquake,,,,6.0,reviewed,us,us,2011-05-27,40099,Nicaragua,1
2011-07-03 06:34:36.870000+00:00,12.326,-87.62,36.0,5.7,mww,412.0,71.2,,1.1,us,usp000j430,2022-07-19T19:08:47.390Z,"49 km SSW of Jiquilillo, Nicaragua",earthquake,,,,,reviewed,us,us,2011-07-03,39985,Nicaragua,1
2011-07-20 11:01:08.530000+00:00,11.006,-87.871,19.3,4.94,mw,83.0,201.4,,0.87,us,usp000j573,2014-11-07T01:45:24.430Z,"171 km WSW of Masachapa, Nicaragua",earthquake,,,,64.0,reviewed,us,us,2011-07-20,40043,Nicaragua,1
2011-07-22 10:48:32.200000+00:00,12.355,-88.185,35.0,5.1,mwc,227.0,109.3,,1.01,us,usp000j5as,2025-12-22T16:04:39.096Z,"90 km WSW of Jiquilillo, Nicaragua",earthquake,,,,,reviewed,us,gcmt,2011-07-22,40004,Nicaragua,1
2011-09-09 00:02:07.220000+00:00,11.883,-86.969,35.0,4.6,mw,16.0,192.2,,0.85,us,usp000j7th,2014-11-07T01:45:51.607Z,"50 km WNW of Masachapa, Nicaragua",earthquake,,,,9.0,reviewed,us,us,2011-09-09,40318,Nicaragua,1
2011-09-10 00:15:13.960000+00:00,10.997,-87.11,35.0,4.94,mw,112.0,76.1,,1.07,us,usp000j7uz,2014-11-07T01:45:52.238Z,"108 km SW of Masachapa, Nicaragua",earthquake,,,,90.0,reviewed,us,us,2011-09-10,40202,Nicaragua,1
2011-09-10 00:41:59.010000+00:00,12.045,-87.607,63.9,4.77,mw,70.0,101.5,,1.06,us,usp000j7v1,2014-11-07T01:45:52.247Z,"67 km SW of Corinto, Nicaragua",earthquake,,7.9,,49.0,reviewed,us,us,2011-09-10,40277,Nicaragua,1
2011-11-02 22:22:43.380000+00:00,11.669,-87.284,46.7,4.94,mw,23.0,111.2,,1.02,us,usp000ja90,2014-11-07T01:46:16.768Z,"84 km W of Masachapa, Nicaragua",earthquake,,14.8,,4.0,reviewed,us,us,2011-11-02,40207,Nicaragua,1
2011-11-07 22:35:25.630000+00:00,11.56,-85.861,177.0,6.0,mww,623.0,29.2,,1.12,us,usp000jaj2,2022-04-08T22:10:55.023Z,"7 km NNE of Belén, Nicaragua",earthquake,,,,,reviewed,us,us,2011-11-07,40148,Nicaragua,1
2012-01-16 08:26:17.520000+00:00,12.126,-87.992,46.5,5.03,mw,114.0,117.9,,0.92,us,usp000jdjw,2014-11-07T01:46:47.559Z,"90 km SW of Jiquilillo, Nicaragua",earthquake,,6.1,,91.0,reviewed,us,us,2012-01-16,40149,Nicaragua,1
2012-02-26 10:00:37.420000+00:00,11.341,-86.567,77.6,5.03,mw,133.0,94.4,,0.96,us,usp000jfdx,2014-11-07T01:47:04.682Z,"49 km S of Masachapa, Nicaragua",earthquake,,9.1,,96.0,reviewed,us,us,2012-02-26,40149,Nicaragua,1
2012-03-15 16:21:22.950000+00:00,12.051,-87.687,65.2,4.94,mw,157.0,102.7,,1.19,us,usp000jgaa,2015-03-24T01:27:25.118Z,"73 km SW of Corinto, Nicaragua",earthquake,,5.1,,108.0,reviewed,us,us,2012-03-15,40453,Nicaragua,1
2012-03-25 18:23:48.890000+00:00,11.372,-85.261,10.0,4.6,mw,12.0,165.6,,1.3,us,usp000jgsg,2014-11-07T01:47:19.130Z,"33 km NE of Cárdenas, Nicaragua",earthquake,,0.0,,5.0,reviewed,us,us,2012-03-25,40484,Nicaragua,1
2012-04-16 18:13:33.040000+00:00,12.506,-87.069,67.8,4.77,mw,25.0,126.3,,1.16,us,usp000jj32,2014-11-07T01:47:32.983Z,"9 km SSW of Chichigalpa, Nicaragua",earthquake,,11.2,,8.0,reviewed,us,us,2012-04-16,40465,Nicaragua,1
2012-05-18 03:04:51.070000+00:00,11.059,-86.491,49.9,4.94,mw,180.0,81.5,,1.16,us,usp000jkj7,2014-11-07T01:47:48.411Z,"71 km WSW of San Juan del Sur, Nicaragua",earthquake,,7.0,,145.0,reviewed,us,us,2012-05-18,40406,Nicaragua,1
2012-05-24 10:45:15.840000+00:00,11.998,-86.788,26.0,4.77,mw,34.0,120.2,,1.15,us,usp000jkve,2014-11-07T01:47:52.012Z,"30 km W of Villa El Carmen, Nicaragua",earthquake,,6.9,,14.0,reviewed,us,us,2012-05-24,40484,Nicaragua,1
2012-06-13 00:00:09.950000+00:00,11.023,-85.912,36.7,4.6,mw,32.0,147.5,,0.98,us,usp000jmps,2014-11-07T01:48:04.056Z,"25 km S of San Juan del Sur, Nicaragua",earthquake,,10.5,,19.0,reviewed,us,us,2012-06-13,40495,Nicaragua,1
2012-07-10 02:36:02.250000+00:00,12.428,-87.665,76.0,4.94,mw,166.0,161.7,,1.06,us,usp000jntt,2014-11-07T01:48:17.852Z,"42 km SSW of Jiquilillo, Nicaragua",earthquake,,7.1,,144.0,reviewed,us,us,2012-07-10,40426,Nicaragua,1
2012-07-22 18:02:12.080000+00:00,11.639,-87.028,55.5,5.28,mw,314.0,73.2,,1.14,us,usp000jpaz,2014-11-07T01:48:22.873Z,"58 km WSW of Masachapa, Nicaragua",earthquake,,5.9,,263.0,reviewed,us,us,2012-07-22,40346,Nicaragua,1
2012-08-10 04:27:21.040000+00:00,11.311,-87.735,45.4,5.2,mw,412.0,35.3,,0.96,us,usp000jq46,2025-12-22T16:32:02.503Z,"143 km WSW of Masachapa, Nicaragua",earthquake,,3.8,,300.0,reviewed,us,us,2012-08-10,40368,Nicaragua,1
2012-08-10 09:01:20.910000+00:00,12.075,-88.17,30.5,5.28,mw,372.0,58.1,,0.94,us,usp000jq4e,2014-11-07T01:48:32.740Z,"107 km SW of Jiquilillo, Nicaragua",earthquake,,,,299.0,reviewed,us,us,2012-08-10,40336,Nicaragua,1
2012-08-21 15:17:41.560000+00:00,11.688,-86.217,142.0,5.11,mw,249.0,56.4,,0.98,us,usp000jqk9,2014-11-07T01:48:36.293Z,"5 km SSW of La Conquista, Nicaragua",earthquake,,,,195.0,reviewed,us,us,2012-08-21,40400,Nicaragua,1
2012-08-27 09:05:03.870000+00:00,12.172,-88.282,54.0,5.37,mw,412.0,46.5,,1.08,us,usp000jqwu,2014-11-07T01:48:38.169Z,"110 km SW of Jiquilillo, Nicaragua",earthquake,,4.3,,299.0,reviewed,us,us,2012-08-27,40501,Nicaragua,1
2012-09-05 14:59:15.350000+00:00,11.151,-84.729,10.4,4.94,mw,24.0,121.9,,0.48,us,usp000jrsx,2014-11-07T01:48:47.703Z,"6 km ENE of San Carlos, Nicaragua",earthquake,,7.8,,3.0,reviewed,us,us,2012-09-05,40579,Nicaragua,-1
2012-09-22 09:57:51.420000+00:00,11.084,-85.822,89.5,4.6,mw,73.0,133.4,,0.92,us,usp000jsqe,2014-11-07T01:48:53.850Z,"19 km SSE of San Juan del Sur, Nicaragua",earthquake,,4.3,,50.0,reviewed,us,us,2012-09-22,40667,Nicaragua,1
2012-11-13 07:17:02.200000+00:00,11.947,-86.419,143.9,4.68,mw,130.0,57.1,,0.92,us,usp000jvh6,2014-11-07T01:49:22.273Z,"10 km ESE of Villa El Carmen, Nicaragua",earthquake,,3.5,,103.0,reviewed,us,us,2012-11-13,40650,Nicaragua,1
2012-12-29 04:01:48.780000+00:00,11.295,-86.922,51.1,4.68,mw,59.0,128.5,,1.1,us,usp000jxhz,2014-11-07T01:49:40.636Z,"70 km SW of Masachapa, Nicaragua",earthquake,,8.0,,37.0,reviewed,us,us,2012-12-29,40647,Nicaragua,1
2012-12-29 09:53:07.650000+00:00,10.773,-86.24,44.6,4.77,mw,55.0,127.7,,1.08,us,usp000jxjf,2014-11-07T01:49:40.756Z,"66 km SW of San Juan del Sur, Nicaragua",earthquake,,6.6,,31.0,reviewed,us,us,2012-12-29,40625,Nicaragua,1
2013-01-20 19:10:11.390000+00:00,12.555,-87.794,89.4,5.37,mw,295.0,60.2,,1.12,us,usp000jymp,2025-12-22T16:36:16.249Z,"42 km WSW of Jiquilillo, Nicaragua",earthquake,,4.2,,226.0,reviewed,us,us,2013-01-20,40510,Nicaragua,1
2013-01-23 01:49:22.610000+00:00,11.58,-87.195,49.1,4.94,mw,117.0,123.1,,1.05,us,usp000jyr3,2014-11-07T01:49:52.666Z,"77 km WSW of Masachapa, Nicaragua",earthquake,,7.1,,95.0,reviewed,us,us,2013-01-23,40527,Nicaragua,1
2013-02-09 18:25:05.120000+00:00,11.85,-87.661,35.0,4.85,mw,25.0,127.6,,1.42,us,usp000jz7b,2014-11-07T01:50:05.797Z,"87 km SW of Corinto, Nicaragua",earthquake,,,,7.0,reviewed,us,us,2013-02-09,40625,Nicaragua,1
2013-03-09 18:25:18.900000+00:00,11.451,-86.077,159.7,4.94,mw,53.0,181.0,,1.16,us,usp000jzpw,2014-11-07T01:50:18.979Z,"15 km W of Tola, Nicaragua",earthquake,,7.7,,37.0,reviewed,us,us,2013-03-09,40822,Nicaragua,1
2013-04-29 05:39:00.630000+00:00,12.481,-86.858,169.3,4.68,mw,72.0,156.0,,0.49,us,usb000ghd3,2014-11-07T01:50:39.476Z,"4 km S of Telica, Nicaragua",earthquake,,10.0,,69.0,reviewed,us,us,2013-04-29,40846,Nicaragua,1
2013-06-02 00:58:44.880000+00:00,12.323,-88.229,35.0,5.28,mw,118.0,109.7,,1.37,us,usb000hbq1,2025-12-22T16:40:37.112Z,"96 km WSW of Jiquilillo, Nicaragua",earthquake,,,,102.0,reviewed,us,us,2013-06-02,40746,Nicaragua,1
2013-06-15 17:34:27.810000+00:00,11.763,-86.926,30.0,6.5,mww,698.0,27.0,,1.22,us,usc000hrnr,2022-08-06T16:18:17.069Z,"44 km W of Masachapa, Nicaragua",earthquake,,,,,reviewed,us,us,2013-06-15,40695,Nicaragua,1
2013-07-14 00:00:03.710000+00:00,11.154,-86.631,35.0,4.85,mw,83.0,128.0,,0.95,us,usb000idxu,2014-11-07T01:51:15.946Z,"71 km S of Masachapa, Nicaragua",earthquake,,3.0,,92.0,reviewed,us,us,2013-07-14,40845,Nicaragua,1
2013-08-06 06:54:40.890000+00:00,11.9367,-87.7667,57.76,5.11,mw,,82.0,1.789,1.04,us,usb000iwaj,2013-10-12T21:32:30.000Z,"88 km SW of Corinto, Nicaragua",earthquake,,5.7,0.033,,reviewed,us,us,2013-08-06,40793,Nicaragua,1
2013-08-07 21:30:59.190000+00:00,12.1301,-86.4262,167.72,4.6,mw,,155.0,0.967,0.76,us,usb000iy4b,2013-10-12T21:32:31.000Z,"9 km WSW of Ciudad Sandino, Nicaragua",earthquake,,9.9,0.113,,reviewed,us,us,2013-08-07,40856,Nicaragua,1
2013-08-17 23:45:41.270000+00:00,12.8621,-87.3822,172.85,5.2,mw,,46.0,1.015,0.82,us,usb000j5ra,2013-10-19T02:41:49.000Z,"14 km NNE of Jiquilillo, Nicaragua",earthquake,,4.4,0.027,,reviewed,us,us,2013-08-17,40780,Nicaragua,1
2013-09-04 05:37:52.820000+00:00,12.4775,-87.8955,33.14,4.77,mw,,146.0,1.613,0.97,us,usb000jgua,2013-11-15T03:20:23.000Z,"56 km WSW of Jiquilillo, Nicaragua",earthquake,,5.2,0.059,,reviewed,us,us,2013-09-04,40993,Nicaragua,1
2013-09-22 05:53:19.530000+00:00,12.5521,-86.9108,188.08,4.77,mw,,152.0,0.759,0.77,us,usb000jxg1,2013-12-09T21:11:12.000Z,"5 km N of Quezalguaque, Nicaragua",earthquake,,7.6,0.098,,reviewed,us,us,2013-09-22,41015,Nicaragua,1
2013-10-14 13:06:58.500000+00:00,11.365,-86.0618,87.81,4.94,mw,,164.0,1.056,0.97,us,usb000kctu,2013-12-24T01:43:01.000Z,"15 km WSW of Tola, Nicaragua",earthquake,,11.8,0.069,,reviewed,us,us,2013-10-14,40914,Nicaragua,1
2013-11-04 08:10:54.910000+00:00,12.344,-87.4484,64.52,4.85,mw,,84.0,1.294,0.78,us,usb000ksak,2014-01-10T10:03:46.000Z,"33 km WSW of Corinto, Nicaragua",earthquake,,7.8,0.059,,reviewed,us,us,2013-11-04,40989,Nicaragua,1
2013-11-10 21:43:23.550000+00:00,11.3701,-86.9483,58.67,5.11,mw,,85.0,1.811,0.72,us,usb000kvkr,2025-12-22T16:44:27.823Z,"66 km SW of Masachapa, Nicaragua",earthquake,,5.1,0.036,,reviewed,us,us,2013-11-10,40892,Nicaragua,1
2013-12-21 18:19:48.120000+00:00,11.9803,-86.544,95.85,4.85,mw,,48.0,1.127,1.05,us,usc000lpk9,2022-07-26T03:47:36.006Z,near the coast of Nicaragua,earthquake,,7.5,0.067,,reviewed,us,us,2013-12-21,40982,near the coast of Nicaragua,1
2013-12-24 20:08:57.320000+00:00,12.0401,-88.1855,45.46,4.94,mw,,106.0,1.928,0.89,us,usc000lr22,2014-02-28T08:44:06.000Z,"111 km SW of Jiquilillo, Nicaragua",earthquake,,6.5,0.053,,reviewed,us,us,2013-12-24,40941,Nicaragua,1
2013-12-28 07:25:10.560000+00:00,10.9229,-86.4162,47.89,4.77,mw,,120.0,1.57,0.74,us,usc000lt76,2014-02-28T08:44:10.000Z,"69 km WSW of San Juan del Sur, Nicaragua",earthquake,,5.3,0.103,,reviewed,us,us,2013-12-28,41011,Nicaragua,1
2014-01-01 13:03:18.840000+00:00,11.0273,-86.7714,47.73,4.94,mw,,196.0,1.823,0.69,us,usb000m2vy,2014-03-07T00:25:54.000Z,"88 km SSW of Masachapa, Nicaragua",earthquake,,10.0,0.064,73.0,reviewed,us,us,2014-01-01,40935,Nicaragua,1
2014-01-19 14:29:39.920000+00:00,11.4428,-87.7552,46.36,4.85,mw,,118.0,2.133,1.05,us,usc000mgzw,2014-03-22T00:05:23.000Z,"131 km SSW of Corinto, Nicaragua",earthquake,,10.6,0.22,6.0,reviewed,us,us,2014-01-19,40985,Nicaragua,1
2014-01-23 01:34:13.280000+00:00,11.6123,-86.651,70.32,4.43,mw,,175.0,1.488,0.57,us,usc000mk6t,2014-03-27T18:15:36.000Z,"24 km SW of Masachapa, Nicaragua",earthquake,,12.8,0.183,8.0,reviewed,us,us,2014-01-23,41018,Nicaragua,1
2014-01-26 05:04:30.750000+00:00,11.7091,-87.4692,35.48,5.2,mw,,83.0,1.752,0.89,us,usb000m8ac,2014-03-27T18:15:41.000Z,"91 km SSW of Corinto, Nicaragua",earthquake,,2.9,0.037,253.0,reviewed,us,us,2014-01-26,40874,Nicaragua,1
2014-03-02 09:37:54.840000+00:00,12.5559,-87.6879,60.0,6.2,mww,,38.0,0.436,1.43,us,usb000mzef,2022-08-06T22:02:19.976Z,"33 km SW of Jiquilillo, Nicaragua",earthquake,,1.8,,,reviewed,us,us,2014-03-02,41071,Nicaragua,1
2014-03-20 17:55:52.310000+00:00,11.5482,-87.1395,47.11,5.28,mw,,53.0,1.477,1.1,us,usc000niqv,2025-12-22T16:49:04.790Z,"73 km WSW of Masachapa, Nicaragua",earthquake,,4.7,0.033,312.0,reviewed,us,us,2014-03-20,41092,Nicaragua,1
2014-03-20 17:58:09.620000+00:00,11.2527,-87.513,15.09,4.94,mw,,142.0,1.713,1.3,us,usc000nus9,2014-05-24T00:54:35.000Z,"123 km WSW of Masachapa, Nicaragua",earthquake,,6.5,0.141,16.0,reviewed,us,us,2014-03-20,41093,Nicaragua,1
2014-03-28 14:36:08.080000+00:00,11.6487,-86.5532,46.0,5.6,mww,,58.0,1.387,1.48,us,usc000numx,2022-07-26T10:53:15.134Z,"15 km SSW of Masachapa, Nicaragua",earthquake,,1.9,,,reviewed,us,us,2014-03-28,41079,Nicaragua,1
2014-04-10 23:27:45.600000+00:00,12.4029,-86.3783,13.0,6.1,mww,,31.0,1.254,0.96,us,usd0003cqx,2022-08-06T23:06:52.177Z,"16 km SW of Valle San Francisco, Nicaragua",earthquake,,1.0,,,reviewed,us,us,2014-04-10,41071,Nicaragua,1
2014-04-11 20:29:12.970000+00:00,11.642,-85.8779,135.0,6.6,mww,,20.0,0.761,1.35,us,usc000pgsi,2022-07-26T12:56:30.901Z,"15 km N of Belén, Nicaragua",earthquake,,1.7,,,reviewed,us,us,2014-04-11,41053,Nicaragua,1
2014-04-15 15:57:45.600000+00:00,11.9638,-88.0867,10.0,4.94,mw,,219.0,2.044,1.46,us,usb000plc9,2014-07-01T02:38:10.000Z,"110 km SW of Jiquilillo, Nicaragua",earthquake,,1.9,0.125,20.0,reviewed,us,us,2014-04-15,41097,Nicaragua,1
2014-04-19 21:47:33.600000+00:00,10.9078,-86.3993,52.59,4.77,mw,,211.0,1.06,0.62,us,usb000prmj,2014-07-04T01:34:22.000Z,"69 km WSW of San Juan del Sur, Nicaragua",earthquake,,10.2,0.057,90.0,reviewed,us,us,2014-04-19,41147,Nicaragua,1
2014-05-26 15:55:23.490000+00:00,11.944,-87.7137,50.33,4.77,mw,,100.0,1.001,0.95,us,usb000r4dj,2014-08-23T08:36:50.000Z,"83 km SW of Corinto, Nicaragua",earthquake,,7.5,0.082,45.0,reviewed,us,us,2014-05-26,41138,Nicaragua,1
2014-06-04 13:06:52.910000+00:00,10.9992,-86.9662,38.76,4.85,mw,,146.0,1.248,0.74,us,usc000rav1,2014-08-30T17:02:57.000Z,"100 km SSW of Masachapa, Nicaragua",earthquake,,12.5,0.057,93.0,reviewed,us,us,2014-06-04,41101,Nicaragua,1
2014-08-04 20:00:43.260000+00:00,12.227,-86.9449,113.17,4.6,mw,,111.0,0.473,0.55,us,usb000s05q,2014-10-29T19:53:01.000Z,"24 km SSW of León, Nicaragua",earthquake,,6.9,0.079,49.0,reviewed,us,us,2014-08-04,41208,Nicaragua,1
2014-08-30 10:31:44.160000+00:00,11.5244,-85.2266,5.28,4.94,mw,,65.0,0.443,0.79,us,usc000s89k,2022-07-27T00:10:45.013Z,"19 km SW of Morrito, Nicaragua",earthquake,4.8,3.6,0.06,86.0,reviewed,us,us,2014-08-30,41298,Nicaragua,1
2014-08-31 13:48:46.580000+00:00,12.1372,-87.8683,42.21,5.03,mw,,84.0,0.988,0.89,us,usc000s8h5,2014-11-29T00:09:22.000Z,"81 km SW of Jiquilillo, Nicaragua",earthquake,6.2,5.8,0.034,270.0,reviewed,us,us,2014-08-31,41273,Nicaragua,1
2014-09-04 12:31:23.890000+00:00,12.3306,-86.9408,110.84,4.6,mw,,111.0,0.374,0.51,us,usc000s9ys,2014-12-05T23:36:31.040Z,"13 km SSW of León, Nicaragua",earthquake,7.1,5.3,0.124,19.0,reviewed,us,us,2014-09-04,41386,Nicaragua,1
2014-09-18 13:14:17.530000+00:00,10.7645,-86.1665,45.25,5.37,mw,,93.0,1.168,1.15,us,usb000sdy5,2022-07-27T02:23:24.803Z,"62 km SSW of San Juan del Sur, Nicaragua",earthquake,6.4,5.5,0.049,138.0,reviewed,us,us,2014-09-18,41239,Nicaragua,1
2014-09-28 21:10:18.630000+00:00,11.8796,-88.22,45.14,4.68,mw,,158.0,1.417,0.87,us,usb000sgxi,2014-12-20T00:54:02.040Z,"127 km SW of Jiquilillo, Nicaragua",earthquake,7.8,1.9,0.064,71.0,reviewed,us,us,2014-09-28,41346,Nicaragua,1
2014-10-07 04:28:55.660000+00:00,11.5028,-85.7206,190.84,5.37,mw,,44.0,0.707,0.76,us,usb000sjf4,2025-12-22T17:00:00.047Z,"4 km SSW of Moyogalpa, Nicaragua",earthquake,6.4,4.2,0.026,512.0,reviewed,us,us,2014-10-07,41235,Nicaragua,1
2014-10-08 05:40:58.850000+00:00,10.6272,-86.825,32.68,5.11,mw,,72.0,1.475,0.81,us,usb000sjtz,2015-01-06T23:49:46.040Z,"125 km WSW of San Juan del Sur, Nicaragua",earthquake,6.4,2.4,0.031,343.0,reviewed,us,us,2014-10-08,41263,Nicaragua,1
2014-10-14 12:27:22.830000+00:00,12.3079,-88.2137,35.0,4.94,mw,,84.0,0.922,1.33,us,usb000sm19,2015-01-06T23:49:56.040Z,"95 km WSW of Jiquilillo, Nicaragua",earthquake,5.4,1.9,0.049,131.0,reviewed,us,us,2014-10-14,41279,Nicaragua,1
2014-11-02 21:34:45.380000+00:00,11.5633,-86.3108,81.37,4.77,mw,,165.0,1.183,0.44,us,usc000stj6,2015-01-20T09:03:12.040Z,"22 km SSW of Santa Teresa, Nicaragua",earthquake,5.7,11.8,0.101,31.0,reviewed,us,us,2014-11-02,41322,Nicaragua,1
2014-11-10 12:46:22.960000+00:00,12.0819,-86.3873,193.74,5.03,mw,,73.0,0.892,0.73,us,usc000sw02,2022-07-27T07:12:52.620Z,"9 km SSW of Ciudad Sandino, Nicaragua",earthquake,9.3,6.9,0.06,84.0,reviewed,us,us,2014-11-10,41272,Nicaragua,1
2014-11-26 08:03:41.780000+00:00,11.7998,-87.3447,55.9,4.77,mw,,177.0,0.939,1.15,us,usb000t06g,2015-02-24T00:35:05.040Z,"77 km SSW of Corinto, Nicaragua",earthquake,2.9,8.9,0.071,59.0,reviewed,us,us,2014-11-26,41306,Nicaragua,1
2014-12-20 12:37:32.920000+00:00,11.3782,-86.9445,45.34,5.11,mw,,166.0,0.98,0.73,us,usc000t8pi,2015-03-06T02:59:05.040Z,"65 km SW of Masachapa, Nicaragua",earthquake,6.2,6.8,0.037,252.0,reviewed,us,us,2014-12-20,41253,Nicaragua,1
2015-01-18 07:13:35.420000+00:00,11.7667,-87.8784,35.0,4.6,mw,,194.0,1.231,0.82,us,usb000tiyq,2015-04-20T16:05:33.040Z,"110 km SW of Corinto, Nicaragua",earthquake,9.0,2.0,0.118,21.0,reviewed,us,us,2015-01-18,41394,Nicaragua,1
2015-01-29 20:40:50.760000+00:00,11.0668,-86.685,47.16,4.68,mw,,194.0,1.662,0.6,us,usc000tmg4,2015-05-02T14:06:09.040Z,"81 km SSW of Masachapa, Nicaragua",earthquake,9.8,12.7,0.178,9.0,reviewed,us,us,2015-01-29,41375,Nicaragua,1
2015-02-06 22:02:28.120000+00:00,12.5438,-87.7218,77.39,5.4,mww,,33.0,0.673,0.89,us,usc000tmvl,2025-12-22T16:50:11.102Z,"36 km SW of Jiquilillo, Nicaragua",earthquake,6.1,4.5,,,reviewed,us,us,2015-02-06,41234,Nicaragua,1
2015-02-13 22:58:43.880000+00:00,11.38,-86.1406,61.77,4.6,mw,,239.0,1.112,0.88,us,usb000tqcv,2015-05-11T23:20:13.040Z,"22 km WSW of Tola, Nicaragua",earthquake,10.9,16.7,0.187,8.0,reviewed,us,us,2015-02-13,41544,Nicaragua,1
2015-03-04 13:23:21.050000+00:00,12.2323,-88.3252,54.82,4.85,mw,,136.0,1.329,0.9,us,usc000tuxh,2015-05-19T00:30:01.040Z,"110 km WSW of Jiquilillo, Nicaragua",earthquake,7.8,8.3,0.072,56.0,reviewed,us,us,2015-03-04,41491,Nicaragua,1
2015-03-05 18:40:47.670000+00:00,12.1913,-87.7376,35.0,4.77,mw,,172.0,0.799,1.04,us,usc000tvb4,2015-05-28T00:48:33.040Z,"68 km SSW of Jiquilillo, Nicaragua",earthquake,2.0,2.0,0.064,70.0,reviewed,us,us,2015-03-05,41508,Nicaragua,1
2015-03-07 11:31:45.680000+00:00,11.396,-87.9447,10.0,4.85,mw,,119.0,1.563,0.73,us,usc000twd6,2015-05-28T00:48:36.040Z,"146 km SW of Corinto, Nicaragua",earthquake,6.0,1.9,0.06,81.0,reviewed,us,us,2015-03-07,41436,Nicaragua,1
2015-03-14 06:13:37.050000+00:00,12.6492,-87.9793,73.59,5.03,mw,,106.0,0.523,0.9,us,us10001mbh,2015-06-04T00:46:19.040Z,"58 km W of Jiquilillo, Nicaragua",earthquake,6.3,7.0,0.048,130.0,reviewed,us,us,2015-03-14,41421,Nicaragua,1
2015-03-17 05:07:11.130000+00:00,12.1918,-87.2008,76.13,4.68,mw,,111.0,0.526,0.79,us,us10001mz9,2015-06-04T00:46:23.040Z,"32 km S of Corinto, Nicaragua",earthquake,7.1,6.3,0.07,57.0,reviewed,us,us,2015-03-17,41542,Nicaragua,1
2015-03-20 15:20:35.700000+00:00,11.1173,-86.8963,40.45,5.28,mw,,96.0,1.115,0.93,us,us10001p68,2025-12-22T17:05:11.138Z,"84 km SSW of Masachapa, Nicaragua",earthquake,6.9,4.8,0.033,297.0,reviewed,us,us,2015-03-20,41420,Nicaragua,1
2015-05-14 14:08:17.560000+00:00,10.9473,-86.2824,45.69,5.45,mw,,116.0,0.996,1.03,us,us100028yd,2022-07-31T06:45:25.294Z,"56 km SW of San Juan del Sur, Nicaragua",earthquake,7.3,5.6,0.039,222.0,reviewed,us,us,2015-05-14,41401,Nicaragua,1
2015-05-31 23:03:43.630000+00:00,11.8256,-87.7227,46.02,4.68,mw,,166.0,2.07,0.89,us,us20002kw0,2015-08-08T00:49:35.040Z,"94 km SW of Corinto, Nicaragua",earthquake,7.6,9.4,0.051,110.0,reviewed,us,us,2015-05-31,41517,Nicaragua,1
2015-06-09 06:37:51.670000+00:00,12.5413,-86.7637,171.06,4.94,mw,,128.0,0.075,0.83,us,us20002n6c,2015-08-10T13:08:26.040Z,"10 km ENE of Telica, Nicaragua",earthquake,7.8,6.2,0.036,232.0,reviewed,us,us,2015-06-09,41430,Nicaragua,1
2015-07-04 04:00:05.090000+00:00,11.9314,-86.6268,89.84,4.85,mw,,82.0,0.431,0.86,us,us10002nd7,2022-07-31T16:38:32.774Z,"14 km WSW of Villa El Carmen, Nicaragua",earthquake,6.3,5.7,0.045,147.0,reviewed,us,us,2015-07-04,41433,Nicaragua,1
2015-07-06 14:17:14.100000+00:00,11.2858,-85.6436,160.69,5.03,mw,,78.0,0.223,0.87,us,us10002nnc,2015-09-30T00:20:59.040Z,"17 km NW of Cárdenas, Nicaragua",earthquake,5.4,4.9,0.043,167.0,reviewed,us,us,2015-07-06,41423,Nicaragua,1
2015-08-21 07:09:51.790000+00:00,11.9843,-87.9671,18.77,4.85,mw,,155.0,1.141,0.78,us,us100033w3,2015-11-24T02:09:26.040Z,"101 km SSW of Jiquilillo, Nicaragua",earthquake,3.0,5.4,0.124,19.0,reviewed,us,us,2015-08-21,41686,Nicaragua,1
2015-09-03 18:46:03.250000+00:00,12.3476,-87.6031,58.86,4.85,mw,,105.0,0.641,1.03,us,us20003g1v,2015-12-05T01:40:24.040Z,"47 km SSW of Jiquilillo, Nicaragua",earthquake,6.7,7.4,0.037,208.0,reviewed,us,us,2015-09-03,41684,Nicaragua,1
2015-09-12 11:22:02.140000+00:00,12.9557,-86.581,6.87,4.85,mw,,35.0,0.421,0.63,us,us20003j0c,2015-12-12T00:42:48.040Z,"8 km NNW of El Sauce, Nicaragua",earthquake,3.7,5.0,0.039,192.0,reviewed,us,us,2015-09-12,41701,Nicaragua,1
2015-11-03 07:51:15.080000+00:00,12.5303,-86.8619,179.82,4.51,mw,,157.0,0.162,0.55,us,us10003v5s,2016-01-30T02:11:04.040Z,"0 km NNW of Telica, Nicaragua",earthquake,10.1,7.5,0.184,8.0,reviewed,us,us,2015-11-03,41736,Nicaragua,1
2015-11-23 07:36:32.680000+00:00,12.5499,-87.9844,35.0,4.68,mw,,164.0,1.256,1.46,us,us100040ga,2016-02-18T04:48:50.040Z,"61 km WSW of Jiquilillo, Nicaragua",earthquake,6.4,2.0,0.122,19.0,reviewed,us,us,2015-11-23,41707,Nicaragua,1
2015-11-25 00:19:16.290000+00:00,12.3455,-86.4235,9.83,5.03,mw,,136.0,0.172,1.17,us,us1000412r,2022-08-01T20:03:16.635Z,"17 km ENE of Nagarote, Nicaragua",earthquake,5.9,5.5,0.05,120.0,reviewed,us,us,2015-11-25,41664,Nicaragua,1
2015-12-10 02:47:36.570000+00:00,11.2145,-86.7854,18.28,5.03,mw,,110.0,1.108,0.76,us,us20004g2b,2016-03-05T01:41:59.040Z,near the coast of Nicaragua,earthquake,5.2,4.8,0.039,200.0,reviewed,us,us,2015-12-10,41612,near the coast of Nicaragua,1
2015-12-16 20:40:26.500000+00:00,11.652,-86.8961,51.63,5.03,mw,,77.0,0.813,0.85,us,us20004hma,2022-08-01T23:42:37.272Z,"44 km WSW of Masachapa, Nicaragua",earthquake,5.7,7.4,0.036,230.0,reviewed,us,us,2015-12-16,41603,Nicaragua,1
2016-01-14 05:15:22+00:00,11.3837,-85.6335,190.17,5.11,mw,,127.0,0.666,0.44,us,us10004eds,2016-03-30T02:27:59.040Z,"18 km SSE of Moyogalpa, Nicaragua",earthquake,5.6,5.1,0.047,139.0,reviewed,us,us,2016-01-14,41590,Nicaragua,1
2016-02-09 12:12:58.710000+00:00,11.1962,-86.7168,33.36,5.37,mw,,82.0,1.098,1.09,us,us20004z02,2025-12-22T17:13:14.694Z,near the coast of Nicaragua,earthquake,5.7,4.1,0.038,219.0,reviewed,us,us,2016-02-09,41767,near the coast of Nicaragua,1
2016-02-14 17:17:24.110000+00:00,12.0825,-88.1564,10.0,4.94,mw,,187.0,1.241,1.34,us,us2000505p,2016-04-26T23:28:21.040Z,"106 km SW of Jiquilillo, Nicaragua",earthquake,7.8,2.0,0.105,27.0,reviewed,us,us,2016-02-14,41796,Nicaragua,1
2016-02-16 02:50:03.300000+00:00,11.7706,-86.4178,100.04,4.77,mw,,101.0,0.463,0.7,us,us200050h5,2016-04-26T23:28:23.040Z,"4 km W of El Rosario, Nicaragua",earthquake,5.0,6.7,0.19,8.0,reviewed,us,us,2016-02-16,41884,Nicaragua,1
2016-02-21 11:58:30.280000+00:00,12.5544,-87.7284,61.2,4.68,mw,,110.0,0.677,1.17,us,us10004ria,2016-05-03T23:44:15.040Z,"36 km SW of Jiquilillo, Nicaragua",earthquake,7.7,9.3,0.067,62.0,reviewed,us,us,2016-02-21,41896,Nicaragua,1
2016-03-07 18:31:29.730000+00:00,11.5919,-87.3447,28.17,4.94,mw,,119.0,1.101,0.93,us,us10004vv5,2016-05-16T18:01:47.040Z,"93 km WSW of Masachapa, Nicaragua",earthquake,6.5,3.9,0.062,77.0,reviewed,us,us,2016-03-07,41814,Nicaragua,1
2016-03-14 21:03:00.510000+00:00,11.9047,-87.5585,56.17,4.68,mw,,165.0,0.93,0.93,us,us10004xlb,2016-05-21T00:05:31.040Z,"76 km SSW of Corinto, Nicaragua",earthquake,7.4,7.9,0.116,21.0,reviewed,us,us,2016-03-14,41904,Nicaragua,1
2016-04-01 18:44:40.270000+00:00,11.5916,-86.8634,39.78,5.11,mw,,57.0,0.917,1.19,us,us20005dzq,2016-06-17T21:44:53.040Z,"43 km WSW of Masachapa, Nicaragua",earthquake,6.3,5.2,0.035,248.0,reviewed,us,us,2016-04-01,41774,Nicaragua,1
2016-04-27 02:28:53.540000+00:00,10.645,-86.9703,10.0,4.85,mw,,84.0,1.862,1.02,us,us10005bup,2016-07-08T02:49:25.040Z,"135 km SSW of Masachapa, Nicaragua",earthquake,7.3,1.8,0.051,113.0,reviewed,us,us,2016-04-27,41840,Nicaragua,1
2016-05-26 01:02:36.520000+00:00,11.4976,-85.7235,196.73,5.2,mww,,97.0,0.712,0.53,us,us20005xzn,2025-12-22T16:51:31.103Z,"5 km SSW of Moyogalpa, Nicaragua",earthquake,5.7,4.8,,,reviewed,us,us,2016-05-26,41769,Nicaragua,1
2016-06-10 03:25:22.920000+00:00,12.8318,-86.9633,10.0,6.1,mww,,39.0,0.159,1.04,us,us200063cy,2022-05-03T18:52:54.874Z,Nicaragua,earthquake,5.3,1.7,,,reviewed,us,us,2016-06-10,41762,Nicaragua,1
2016-06-22 05:24:24.040000+00:00,12.1139,-86.3815,193.03,4.85,mw,,134.0,0.774,0.84,us,us200065x9,2016-08-27T02:15:34.040Z,"6 km SW of Ciudad Sandino, Nicaragua",earthquake,6.8,6.4,0.063,73.0,reviewed,us,us,2016-06-22,41869,Nicaragua,1
2016-06-30 10:34:22.520000+00:00,10.8304,-86.4517,34.19,5.03,mw,,155.0,0.849,1.26,us,us10005yni,2016-08-31T03:08:24.040Z,"78 km SW of San Juan del Sur, Nicaragua",earthquake,6.3,5.5,0.037,220.0,reviewed,us,us,2016-06-30,41789,Nicaragua,1
2016-07-11 11:31:11.250000+00:00,12.3858,-87.2903,68.39,4.68,mw,,132.0,0.387,0.79,us,us100062l8,2016-09-08T01:50:27.040Z,"16 km SW of Corinto, Nicaragua",earthquake,7.7,8.9,0.073,53.0,reviewed,us,us,2016-07-11,41915,Nicaragua,1
2016-09-04 05:15:00.020000+00:00,11.6471,-87.3348,35.1,4.77,mw,,165.0,1.051,0.48,us,us10006k94,2016-12-03T02:54:40.040Z,near the coast of Nicaragua,earthquake,6.0,15.0,0.084,41.0,reviewed,us,us,2016-09-04,42118,near the coast of Nicaragua,1
2016-09-08 13:35:14.490000+00:00,11.1632,-85.7586,84.77,4.85,mw,,146.0,0.474,0.9,us,us10006n0u,2016-12-03T02:54:49.040Z,Nicaragua,earthquake,4.7,8.5,0.089,37.0,reviewed,us,us,2016-09-08,42060,Nicaragua,1
2016-09-10 00:25:16.410000+00:00,11.6901,-86.8439,36.51,5.0,mwr,,51.0,0.75,1.01,us,us10006nhr,2022-05-03T17:58:33.294Z,"37 km WSW of Masachapa, Nicaragua",earthquake,5.5,3.5,0.044,50.0,reviewed,us,us,2016-09-10,42001,Nicaragua,1
2016-09-15 05:57:24.330000+00:00,12.44,-86.6423,10.0,5.7,mww,,43.0,0.081,0.63,us,us10006ppy,2022-05-03T17:59:17.708Z,"11 km NNE of La Paz Centro, Nicaragua",earthquake,5.0,1.8,,,reviewed,us,us,2016-09-15,41970,Nicaragua,1
2016-09-27 20:39:00.990000+00:00,11.748,-85.9572,180.42,5.2,mw,,97.0,0.753,0.72,us,us10006tcy,2016-12-14T03:17:53.040Z,"10 km E of Nandaime, Nicaragua",earthquake,6.5,6.9,0.053,112.0,reviewed,us,us,2016-09-27,41974,Nicaragua,1
2016-10-05 07:25:08.060000+00:00,12.6936,-87.6216,86.73,4.94,mw,,128.0,0.557,1.18,us,us10006v3z,2017-01-03T21:10:45.040Z,"19 km WSW of Jiquilillo, Nicaragua",earthquake,7.2,8.5,0.035,238.0,reviewed,us,us,2016-10-05,42012,Nicaragua,1
2016-10-16 04:59:58.560000+00:00,11.2815,-86.4188,56.89,4.94,mw,,149.0,0.941,0.68,us,us20007ehe,2017-01-15T01:13:56.040Z,"55 km S of El Rosario, Nicaragua",earthquake,5.9,5.7,0.054,102.0,reviewed,us,us,2016-10-16,42030,Nicaragua,1
2016-11-03 04:59:12.030000+00:00,12.2743,-87.8322,40.52,5.1,mwr,,81.0,0.871,0.94,us,us100073w7,2025-12-22T17:37:14.140Z,"66 km SW of Jiquilillo, Nicaragua",earthquake,5.5,4.8,0.062,25.0,reviewed,us,us,2016-11-03,41976,Nicaragua,1
2016-12-03 11:17:59.590000+00:00,12.8145,-87.0282,12.19,5.03,mw,,101.0,0.119,1.4,us,us10007eky,2017-03-03T07:06:00.040Z,"16 km ESE of Puerto Morazán, Nicaragua",earthquake,6.3,6.6,0.078,50.0,reviewed,us,us,2016-12-03,41993,Nicaragua,1
2016-12-16 17:52:31.130000+00:00,12.0154,-87.1595,48.79,4.77,mw,,104.0,0.659,0.78,us,us10007ma6,2017-03-16T02:31:23.040Z,"51 km S of Corinto, Nicaragua",earthquake,6.1,5.2,0.117,21.0,reviewed,us,us,2016-12-16,42073,Nicaragua,1
2017-01-30 16:20:55.310000+00:00,10.7955,-86.4173,10.0,5.03,mw,,172.0,0.811,0.78,us,us10007w6q,2017-04-27T01:38:38.040Z,"78 km SW of San Juan del Sur, Nicaragua",earthquake,2.8,1.9,0.062,79.0,reviewed,us,us,2017-01-30,41981,Nicaragua,1
2017-02-15 02:47:38.200000+00:00,12.1516,-88.2756,42.05,5.11,mw,,151.0,1.314,0.86,us,us20008jvc,2017-05-13T01:03:20.040Z,"111 km SW of Jiquilillo, Nicaragua",earthquake,7.4,8.7,0.036,238.0,reviewed,us,us,2017-02-15,42172,Nicaragua,1
2017-02-24 13:41:14.840000+00:00,12.5963,-87.8264,77.75,5.2,mw,,58.0,0.764,1.08,us,us20008m19,2017-05-17T01:19:38.040Z,"43 km WSW of Jiquilillo, Nicaragua",earthquake,6.3,5.3,0.059,90.0,reviewed,us,us,2017-02-24,42152,Nicaragua,1
2017-03-05 22:50:15.840000+00:00,12.1738,-87.7599,43.68,5.03,mw,,134.0,0.866,0.83,us,us1000876g,2017-05-31T01:58:54.040Z,"71 km SSW of Jiquilillo, Nicaragua",earthquake,6.1,8.5,0.046,141.0,reviewed,us,us,2017-03-05,42202,Nicaragua,1
2017-03-25 00:34:32.130000+00:00,11.3981,-87.7198,25.67,4.1,mwr,,157.0,1.447,0.93,us,us20008uh7,2017-06-12T19:46:56.040Z,"133 km SSW of Corinto, Nicaragua",earthquake,7.3,6.7,0.071,19.0,reviewed,us,us,2017-03-25,42258,Nicaragua,1
2017-03-29 16:59:08.240000+00:00,11.8982,-86.602,79.53,5.1,mwr,,130.0,0.605,0.87,us,us10008d3j,2025-12-22T17:22:09.984Z,"13 km SW of Villa El Carmen, Nicaragua",earthquake,3.3,4.9,0.055,32.0,reviewed,us,us,2017-03-29,42176,Nicaragua,1
2017-04-24 03:24:02.530000+00:00,10.87,-86.4531,18.92,5.28,mw,,87.0,0.857,1.13,us,us10008k6d,2017-07-21T02:32:03.040Z,"76 km WSW of San Juan del Sur, Nicaragua",earthquake,3.1,3.9,0.029,374.0,reviewed,us,us,2017-04-24,42143,Nicaragua,1
2017-04-28 07:53:03.420000+00:00,11.6148,-85.9631,177.13,4.94,mw,,134.0,0.687,0.59,us,us10008lix,2017-07-21T02:32:09.040Z,"14 km NNW of Belén, Nicaragua",earthquake,4.6,7.4,0.092,35.0,reviewed,us,us,2017-04-28,42246,Nicaragua,1
2017-06-07 13:57:51.530000+00:00,10.9301,-85.9929,29.07,4.68,mw,,157.0,0.77,0.58,us,us20009m5z,2017-08-16T02:42:19.040Z,"38 km SSW of San Juan del Sur, Nicaragua",earthquake,4.8,9.3,0.216,6.0,reviewed,us,us,2017-06-07,42256,Nicaragua,1
2017-06-17 13:47:39.370000+00:00,11.3018,-86.6553,40.0,5.5,mww,,61.0,0.978,1.29,us,us20009n9r,2022-05-03T15:27:30.481Z,near the coast of Nicaragua,earthquake,5.9,1.9,0.04,60.0,reviewed,us,us,2017-06-17,42134,near the coast of Nicaragua,1
2017-06-19 03:14:17.020000+00:00,11.6661,-87.3002,35.0,4.94,mw,,150.0,1.016,1.06,us,us20009nii,2017-08-23T16:35:44.040Z,"86 km W of Masachapa, Nicaragua",earthquake,2.1,2.0,0.044,154.0,reviewed,us,us,2017-06-19,42206,Nicaragua,1
2017-08-20 15:39:20.380000+00:00,12.3813,-86.7523,162.64,5.2,mw,,126.0,0.129,0.83,us,us2000a9xx,2017-11-22T03:43:25.040Z,"9 km WNW of La Paz Centro, Nicaragua",earthquake,6.9,5.0,0.032,302.0,reviewed,us,us,2017-08-20,42354,Nicaragua,1
2017-08-28 21:40:41.900000+00:00,11.986,-86.2863,146.36,4.6,mw,,151.0,0.234,0.68,us,us2000adj3,2017-11-28T18:33:51.040Z,"2 km E of El Crucero, Nicaragua",earthquake,6.5,4.1,0.092,33.0,reviewed,us,us,2017-08-28,42474,Nicaragua,1
2017-09-02 22:10:16.570000+00:00,11.9948,-86.7398,82.14,5.03,mw,,130.0,0.486,0.91,us,us2000aejq,2022-08-07T16:19:30.929Z,"25 km W of Villa El Carmen, Nicaragua",earthquake,5.6,5.4,0.048,132.0,reviewed,us,us,2017-09-02,42378,Nicaragua,1
2017-09-23 06:44:55.090000+00:00,10.6523,-87.0247,19.49,4.6,mw,,190.0,1.566,0.74,us,us2000atgz,2017-12-19T01:54:13.040Z,"137 km SSW of Masachapa, Nicaragua",earthquake,8.0,9.6,0.113,22.0,reviewed,us,us,2017-09-23,42469,Nicaragua,1
2017-10-02 10:22:14.140000+00:00,12.2946,-88.1927,29.24,5.2,mw,,112.0,1.185,1.35,us,us2000axrm,2025-12-22T17:27:00.820Z,"94 km WSW of Jiquilillo, Nicaragua",earthquake,6.4,5.6,0.032,429.0,reviewed,us,us,2017-10-02,42363,Nicaragua,1
2017-10-08 03:38:47+00:00,12.0478,-87.7699,41.53,5.2,mw,,153.0,0.954,0.75,us,us2000b2q3,2018-01-09T02:14:50.040Z,"80 km SW of Corinto, Nicaragua",earthquake,6.3,7.5,0.031,332.0,reviewed,us,us,2017-10-08,42333,Nicaragua,1
2017-10-17 23:03:40.150000+00:00,12.7036,-87.8543,78.01,5.11,mw,,133.0,0.784,0.88,us,us1000atj1,2022-08-07T20:04:26.980Z,"43 km W of Jiquilillo, Nicaragua",earthquake,4.7,6.3,0.037,224.0,reviewed,us,us,2017-10-17,42369,Nicaragua,1
2017-11-14 19:46:29.450000+00:00,11.7042,-87.0497,42.18,4.9,mwr,,134.0,0.862,0.85,us,us2000bngv,2025-12-22T17:28:11.858Z,"59 km W of Masachapa, Nicaragua",earthquake,4.6,5.8,0.052,36.0,reviewed,us,us,2017-11-14,42406,Nicaragua,1
2017-12-14 23:25:06.070000+00:00,12.8358,-87.4196,141.34,4.85,mw,,153.0,0.386,0.5,us,us1000buca,2018-03-06T00:49:41.040Z,"10 km NNE of Jiquilillo, Nicaragua",earthquake,6.7,2.3,0.191,8.0,reviewed,us,us,2017-12-14,42436,Nicaragua,1
2018-01-16 15:03:53.300000+00:00,10.9283,-86.3469,22.0,5.8,mww,,33.0,0.768,1.01,us,us2000cjyj,2022-05-03T18:45:16.241Z,"63 km SW of San Juan del Sur, Nicaragua",earthquake,4.1,1.8,0.048,41.0,reviewed,us,us,2018-01-16,42320,Nicaragua,1
2018-01-21 19:06:02.310000+00:00,11.2926,-87.0603,23.42,5.28,mw,,97.0,1.251,1.18,us,us2000cm69,2025-12-22T17:29:54.905Z,"80 km SW of Masachapa, Nicaragua",earthquake,6.3,4.8,0.041,186.0,reviewed,us,us,2018-01-21,42328,Nicaragua,1
2018-02-02 12:40:16.380000+00:00,11.2067,-87.7396,10.0,4.94,mw,,155.0,1.627,0.88,us,us1000ceay,2018-04-25T01:39:43.040Z,"148 km WSW of Masachapa, Nicaragua",earthquake,2.7,1.9,0.045,147.0,reviewed,us,us,2018-02-02,42567,Nicaragua,1
2018-02-19 21:34:27.880000+00:00,10.9113,-86.4227,35.0,4.68,mw,,155.0,0.836,0.9,us,us2000d4yf,2018-05-22T02:00:18.040Z,"71 km WSW of San Juan del Sur, Nicaragua",earthquake,4.3,2.0,0.09,35.0,reviewed,us,us,2018-02-19,42586,Nicaragua,1
2018-02-22 11:19:04.300000+00:00,12.1211,-88.2095,10.0,5.03,mw,,166.0,1.268,0.74,us,us2000d6bt,2018-05-22T02:00:22.040Z,"107 km SW of Jiquilillo, Nicaragua",earthquake,7.2,2.0,0.041,177.0,reviewed,us,us,2018-02-22,42540,Nicaragua,1
2018-03-28 16:05:14.270000+00:00,11.5746,-87.327,10.0,4.94,mw,,150.0,1.106,0.97,us,us1000da76,2018-06-22T21:32:13.040Z,"91 km WSW of Masachapa, Nicaragua",earthquake,6.6,1.9,0.052,111.0,reviewed,us,us,2018-03-28,42545,Nicaragua,1
2018-03-28 19:18:24.230000+00:00,11.432,-86.6462,41.35,4.6,mw,,183.0,1.062,0.51,us,us2000dv2a,2018-06-22T21:32:13.040Z,"41 km SSW of Masachapa, Nicaragua",earthquake,6.8,16.7,0.141,14.0,reviewed,us,us,2018-03-28,42612,Nicaragua,1
2018-04-02 20:29:13.320000+00:00,11.8776,-87.6566,37.71,4.85,mw,,165.0,1.006,0.74,us,us1000dcmj,2018-06-30T01:11:25.040Z,"85 km SW of Corinto, Nicaragua",earthquake,7.8,4.3,0.073,55.0,reviewed,us,us,2018-04-02,42571,Nicaragua,1
2018-04-07 13:26:17.740000+00:00,11.2814,-87.0226,10.0,5.2,mw,,178.0,1.252,1.22,us,us2000dw1j,2018-06-30T01:11:33.040Z,"78 km SW of Masachapa, Nicaragua",earthquake,6.2,1.9,0.034,273.0,reviewed,us,us,2018-04-07,42503,Nicaragua,1
2018-04-24 02:29:52.640000+00:00,12.4928,-87.7466,47.28,5.6,mww,,56.0,0.709,0.92,us,us1000dr32,2022-05-03T19:56:31.935Z,"42 km SW of Jiquilillo, Nicaragua",earthquake,6.0,4.0,0.048,42.0,reviewed,us,us,2018-04-24,42486,Nicaragua,1
2018-04-28 01:48:22.050000+00:00,12.0745,-86.8876,75.35,4.94,mw,,102.0,0.461,0.84,us,us1000dtrv,2018-07-25T21:37:32.040Z,"37 km SW of La Paz Centro, Nicaragua",earthquake,5.7,5.3,0.05,117.0,reviewed,us,us,2018-04-28,42550,Nicaragua,1
2018-04-28 15:53:41.540000+00:00,10.6815,-87.0049,10.0,4.7,mww,,125.0,1.385,1.21,us,us1000du0l,2018-07-25T21:37:42.040Z,"133 km SSW of Masachapa, Nicaragua",earthquake,7.6,1.9,0.093,11.0,reviewed,us,us,2018-04-28,42579,Nicaragua,1
2018-05-06 05:19:21.350000+00:00,11.8001,-86.2109,149.51,5.11,mw,,129.0,0.843,0.63,us,us1000dz6f,2018-07-27T20:20:28.040Z,"5 km SSW of Jinotepe, Nicaragua",earthquake,3.7,6.1,0.028,387.0,reviewed,us,us,2018-05-06,42506,Nicaragua,1
2018-05-13 15:59:48.500000+00:00,12.9299,-87.2405,192.38,5.03,mw,,143.0,0.297,0.85,us,us1000e45f,2018-08-08T15:21:39.040Z,"11 km NW of Puerto Morazán, Nicaragua",earthquake,10.7,6.3,0.042,171.0,reviewed,us,us,2018-05-13,42540,Nicaragua,1
2018-06-08 22:36:54.370000+00:00,11.2865,-85.4955,187.18,4.85,mw,,147.0,1.124,0.82,us,us1000elmq,2018-08-29T16:35:56.040Z,"10 km N of Cárdenas, Nicaragua",earthquake,8.0,7.8,0.055,98.0,reviewed,us,us,2018-06-08,42571,Nicaragua,1
2018-07-06 21:09:48.450000+00:00,11.6922,-83.6462,10.0,4.6,mw,,58.0,0.335,0.85,us,us2000fyng,2018-09-27T14:03:42.040Z,"37 km SSE of Bluefields, Nicaragua",earthquake,3.9,2.0,0.373,2.0,reviewed,us,us,2018-07-06,42640,Nicaragua,3
2018-08-01 22:57:51.980000+00:00,11.2438,-86.0899,65.3,4.43,mw,,153.0,1.15,0.44,us,us1000g1ek,2018-10-16T15:34:12.040Z,"23 km W of San Juan del Sur, Nicaragua",earthquake,5.7,8.5,0.173,9.0,reviewed,us,us,2018-08-01,42836,Nicaragua,1
2018-08-15 22:43:58.410000+00:00,11.3927,-87.9289,27.81,5.45,mw,,54.0,1.554,0.83,us,us1000ga21,2018-10-27T16:22:03.040Z,"145 km SW of Corinto, Nicaragua",earthquake,3.5,3.9,0.039,219.0,reviewed,us,us,2018-08-15,42666,Nicaragua,1
2018-09-12 06:29:53.150000+00:00,12.1932,-86.7841,103.0,5.4,mww,,27.0,0.316,1.31,us,us2000hdas,2025-12-22T17:50:41.686Z,"20 km SW of La Paz Centro, Nicaragua",earthquake,6.9,1.9,0.042,54.0,reviewed,us,us,2018-09-12,42680,Nicaragua,1
2018-09-14 20:42:31.470000+00:00,10.9416,-86.9979,10.0,4.77,mw,,158.0,1.576,0.94,us,us2000hi88,2018-11-21T18:19:15.040Z,"107 km SSW of Masachapa, Nicaragua",earthquake,4.6,1.9,0.11,25.0,reviewed,us,us,2018-09-14,42801,Nicaragua,1
2018-10-31 17:46:59.550000+00:00,12.0505,-87.364,61.57,5.03,mw,,168.0,0.711,1.0,us,us2000i4sw,2019-01-21T14:29:41.040Z,"52 km SSW of Corinto, Nicaragua",earthquake,8.4,7.6,0.034,258.0,reviewed,us,us,2018-10-31,42757,Nicaragua,1
2018-11-10 05:20:57.530000+00:00,11.3805,-87.1317,10.0,4.94,mw,,150.0,1.153,0.74,us,us1000hq68,2019-01-21T16:42:55.040Z,"80 km SW of Masachapa, Nicaragua",earthquake,7.7,1.9,0.059,87.0,reviewed,us,us,2018-11-10,42767,Nicaragua,1
2018-11-21 01:09:38.570000+00:00,11.8826,-86.4674,104.41,4.43,mw,,159.0,0.34,0.5,us,us1000hxf7,2019-02-02T20:02:31.040Z,"4 km NW of San Rafael del Sur, Nicaragua",earthquake,8.1,8.5,0.299,3.0,reviewed,us,us,2018-11-21,42833,Nicaragua,1
2018-12-04 13:58:37.990000+00:00,10.7471,-86.5314,10.0,4.85,mw,,202.0,1.42,0.43,us,us1000i1x3,2019-02-16T19:52:19.040Z,"91 km SW of San Juan del Sur, Nicaragua",earthquake,7.6,2.0,0.083,43.0,reviewed,us,us,2018-12-04,42793,Nicaragua,1
2018-12-06 09:43:55.680000+00:00,12.5956,-86.9794,159.77,5.37,mw,,131.0,0.121,0.95,us,us1000i3dq,2025-12-22T17:52:44.092Z,"5 km ENE of Chichigalpa, Nicaragua",earthquake,8.1,6.4,0.027,440.0,reviewed,us,us,2018-12-06,42708,Nicaragua,1
2018-12-14 00:52:30.510000+00:00,12.4329,-88.0813,35.0,4.85,mw,,78.0,1.04,0.87,us,us2000itfs,2019-02-16T22:29:07.040Z,"76 km WSW of Jiquilillo, Nicaragua",earthquake,5.6,2.0,0.048,128.0,reviewed,us,us,2018-12-14,42778,Nicaragua,1
2019-01-15 03:10:53.400000+00:00,12.536,-87.6458,80.44,4.85,mw,,104.0,0.603,0.79,us,us2000j408,2022-08-08T11:32:40.440Z,near the coast of Nicaragua,earthquake,6.8,6.2,0.051,115.0,reviewed,us,us,2019-01-15,42791,near the coast of Nicaragua,1
2019-01-15 03:41:03.360000+00:00,11.2646,-86.6365,28.16,5.3,mww,,69.0,0.918,1.08,us,us2000j40f,2025-12-22T17:53:34.322Z,"59 km SSW of Masachapa, Nicaragua",earthquake,5.6,3.4,0.052,36.0,reviewed,us,us,2019-01-15,42710,Nicaragua,1
2019-01-18 00:07:48.870000+00:00,11.255,-85.6302,175.87,4.6,mw,,171.0,0.837,0.38,us,us2000jbxk,2019-04-05T21:41:03.040Z,"14 km WNW of Cárdenas, Nicaragua",earthquake,8.6,7.4,0.176,9.0,reviewed,us,us,2019-01-18,42833,Nicaragua,1
2019-02-23 10:05:11.250000+00:00,14.4196,-83.229,15.19,4.51,mw,,54.0,2.087,0.71,us,us2000jlze,2019-05-11T17:40:46.040Z,"45 km NNE of Puerto Cabezas, Nicaragua",earthquake,6.3,6.8,0.151,12.0,reviewed,us,us,2019-02-23,42989,Nicaragua,-1
2019-03-01 03:21:52.630000+00:00,11.0077,-86.3351,35.0,4.85,mw,,183.0,1.103,1.04,us,us1000j946,2019-05-14T18:36:14.040Z,"57 km WSW of San Juan del Sur, Nicaragua",earthquake,5.0,2.0,0.046,136.0,reviewed,us,us,2019-03-01,42926,Nicaragua,1
2019-03-24 09:30:01.419000+00:00,12.0851,-86.7566,87.82,5.3,mww,,93.0,0.416,1.23,us,us1000jkxw,2025-12-22T18:56:37.949Z,"28 km SW of Nagarote, Nicaragua",earthquake,5.8,4.1,0.039,64.0,reviewed,us,us,2019-03-24,42878,Nicaragua,1
2019-04-03 13:55:54.959000+00:00,11.3227,-85.5541,190.84,4.94,mw,,151.0,0.741,0.65,us,us700034i3,2019-06-18T15:50:12.040Z,"14 km NNW of Cárdenas, Nicaragua",earthquake,5.3,9.2,0.152,13.0,reviewed,us,us,2019-04-03,42911,Nicaragua,1
2019-04-07 06:43:26.751000+00:00,11.3518,-86.6918,35.0,5.2,mw,,103.0,0.863,0.83,us,us2000kbpj,2025-12-22T18:07:17.967Z,"51 km SSW of Masachapa, Nicaragua",earthquake,5.5,2.0,0.027,435.0,reviewed,us,us,2019-04-07,42901,Nicaragua,1
2019-04-18 23:56:11.435000+00:00,11.7584,-87.5903,10.0,4.77,mw,,164.0,1.086,0.81,us,us70003901,2019-06-26T20:54:53.040Z,"92 km SSW of Corinto, Nicaragua",earthquake,4.7,2.0,0.107,25.0,reviewed,us,us,2019-04-18,42952,Nicaragua,1
2019-05-13 03:39:59.622000+00:00,12.8878,-85.6827,10.0,4.23,mw,,170.0,0.436,0.76,us,us70003kme,2019-08-01T17:15:17.040Z,"15 km NNW of Muy Muy, Nicaragua",earthquake,3.0,2.0,0.097,16.0,reviewed,us,us,2019-05-13,43013,Nicaragua,-1
2019-05-14 16:14:29.351000+00:00,12.5013,-87.036,151.77,4.85,mw,,131.0,0.194,0.92,us,us70003l2h,2019-08-07T22:03:35.040Z,"7 km SW of Posoltega, Nicaragua",earthquake,6.8,3.2,0.054,101.0,reviewed,us,us,2019-05-14,42951,Nicaragua,1
2019-05-16 16:22:17.474000+00:00,12.6436,-87.8168,71.96,5.9,mww,,42.0,1.501,1.35,us,us70003m2q,2025-12-22T19:01:46.730Z,"41 km WSW of Jiquilillo, Nicaragua",earthquake,7.9,4.4,0.039,63.0,reviewed,us,us,2019-05-16,42872,Nicaragua,1
2019-06-14 11:37:52.285000+00:00,11.7419,-87.2144,35.0,4.85,mw,,96.0,0.906,0.72,us,us600040p5,2019-09-06T14:25:05.040Z,"76 km W of Masachapa, Nicaragua",earthquake,6.3,1.9,0.045,146.0,reviewed,us,us,2019-06-14,42915,Nicaragua,1
2019-06-20 04:11:31.156000+00:00,11.9933,-88.3122,10.0,4.6,mw,,187.0,1.442,0.9,us,us600043ik,2019-09-11T15:19:18.040Z,"125 km SW of Jiquilillo, Nicaragua",earthquake,4.6,2.0,0.11,23.0,reviewed,us,us,2019-06-20,42983,Nicaragua,1
2019-07-14 19:51:00.176000+00:00,10.8663,-86.9693,10.0,4.77,mw,,211.0,1.457,1.25,us,us70004k6d,2019-09-28T20:01:23.040Z,"113 km SSW of Masachapa, Nicaragua",earthquake,6.1,2.0,0.134,16.0,reviewed,us,us,2019-07-14,42954,Nicaragua,1
2019-08-17 12:34:34.501000+00:00,12.2066,-87.9631,35.0,5.11,mw,,108.0,1.041,1.06,us,us600056en,2019-11-02T15:26:11.040Z,"81 km SW of Jiquilillo, Nicaragua",earthquake,3.2,2.0,0.028,400.0,reviewed,us,us,2019-08-17,43116,Nicaragua,1
2019-08-19 11:37:02.606000+00:00,12.555,-87.5718,78.7,5.11,mw,,129.0,0.555,0.8,us,us600056y1,2019-11-02T15:26:17.040Z,"24 km SSW of Jiquilillo, Nicaragua",earthquake,5.9,5.5,0.027,432.0,reviewed,us,us,2019-08-19,43101,Nicaragua,1
2019-10-10 02:46:49.096000+00:00,11.3241,-86.6884,23.9,4.94,mw,,64.0,0.886,0.94,us,us70005sv9,2019-12-28T20:45:53.040Z,"54 km SSW of Masachapa, Nicaragua",earthquake,3.6,5.1,0.043,162.0,reviewed,us,us,2019-10-10,43148,Nicaragua,1
2019-10-25 18:20:21.762000+00:00,12.1076,-87.5915,39.08,4.51,mw,,188.0,0.808,0.55,us,us600062yp,2020-01-11T21:26:39.040Z,"61 km SW of Corinto, Nicaragua",earthquake,5.6,19.7,0.158,13.0,reviewed,us,us,2019-10-25,43190,Nicaragua,1
2019-11-13 22:08:23.233000+00:00,12.6078,-87.9583,66.78,4.51,mw,,163.0,0.919,0.68,us,us60006bb1,2020-02-07T20:20:43.040Z,"57 km WSW of Jiquilillo, Nicaragua",earthquake,6.0,13.9,0.157,11.0,reviewed,us,us,2019-11-13,43176,Nicaragua,1
2019-11-26 03:20:47.192000+00:00,11.7926,-87.5836,35.0,4.51,mw,,156.0,1.053,0.75,us,us60006pbl,2020-02-19T18:57:54.040Z,"88 km SSW of Corinto, Nicaragua",earthquake,5.1,2.0,0.12,19.0,reviewed,us,us,2019-11-26,43186,Nicaragua,1
2019-12-15 19:42:55.366000+00:00,12.5453,-86.8725,166.97,4.94,mw,,130.0,0.075,0.72,us,us60006rvv,2020-03-04T21:27:06.040Z,"2 km NNW of Telica, Nicaragua",earthquake,7.1,6.4,0.094,34.0,reviewed,us,us,2019-12-15,43167,Nicaragua,1
2019-12-24 00:25:09.970000+00:00,10.8563,-86.4757,35.0,5.03,mw,,129.0,1.148,0.92,us,us70006qdf,2020-03-14T22:25:22.040Z,"79 km WSW of San Juan del Sur, Nicaragua",earthquake,7.8,2.0,0.031,318.0,reviewed,us,us,2019-12-24,43135,Nicaragua,1
2020-01-03 15:28:54.137000+00:00,11.7392,-86.2862,106.87,5.5,mww,,74.0,0.408,1.1,us,us70006u7m,2025-12-22T18:25:21.737Z,"7 km W of Santa Teresa, Nicaragua",earthquake,6.5,3.0,0.044,50.0,reviewed,us,us,2020-01-03,43047,Nicaragua,1
2020-01-07 19:08:58.441000+00:00,12.2434,-86.4288,202.87,5.2,mww,,26.0,0.197,0.97,us,us70006vve,2025-12-22T18:25:47.142Z,"13 km NW of Ciudad Sandino, Nicaragua",earthquake,5.5,3.5,0.047,43.0,reviewed,us,us,2020-01-07,43049,Nicaragua,1
2020-01-23 15:16:03.184000+00:00,12.2004,-88.2414,53.06,4.94,mw,,172.0,1.29,0.74,us,us60007dvq,2020-04-11T18:20:41.040Z,"104 km SW of Jiquilillo, Nicaragua",earthquake,6.9,6.9,0.047,134.0,reviewed,us,us,2020-01-23,43351,Nicaragua,1
2020-01-26 07:24:04.115000+00:00,12.6953,-87.055,163.37,5.03,mw,,143.0,0.033,0.51,us,us60007gag,2020-04-11T18:20:51.040Z,"11 km NE of Chinandega, Nicaragua",earthquake,8.2,7.6,0.034,263.0,reviewed,us,us,2020-01-26,43229,Nicaragua,1
2020-02-05 13:54:20.532000+00:00,10.9808,-86.5492,35.28,5.03,mw,,155.0,1.16,0.61,us,us70007j19,2020-04-25T22:17:55.040Z,"80 km WSW of San Juan del Sur, Nicaragua",earthquake,7.0,10.2,0.087,40.0,reviewed,us,us,2020-02-05,43276,Nicaragua,1
2020-02-12 09:13:23.979000+00:00,12.1207,-87.6678,35.0,4.68,mw,,189.0,0.852,0.54,us,us70007nph,2020-05-02T22:09:41.040Z,"67 km SW of Corinto, Nicaragua",earthquake,7.0,2.0,0.092,33.0,reviewed,us,us,2020-02-12,43364,Nicaragua,1
2020-02-15 12:33:43.894000+00:00,12.4455,-87.4446,75.98,4.6,mw,,179.0,0.483,0.86,us,us70007u6j,2020-05-02T22:10:30.040Z,"29 km W of Corinto, Nicaragua",earthquake,8.0,8.8,0.175,9.0,reviewed,us,us,2020-02-15,43377,Nicaragua,1
2020-04-02 10:15:37.321000+00:00,11.7273,-88.4304,16.98,5.2,mww,,35.0,1.554,1.25,us,us70008lfz,2025-12-22T18:32:02.032Z,"155 km SW of Jiquilillo, Nicaragua",earthquake,5.8,2.9,0.03,104.0,reviewed,us,us,2020-04-02,43219,Nicaragua,1
2020-06-04 12:36:45.651000+00:00,12.6263,-87.8844,69.09,4.85,mw,,84.0,0.845,1.23,us,us6000a5w7,2020-08-18T17:58:50.040Z,"48 km WSW of Jiquilillo, Nicaragua",earthquake,6.7,6.4,0.033,272.0,reviewed,us,us,2020-06-04,43356,Nicaragua,1
2020-06-16 12:21:34.554000+00:00,11.6376,-87.4965,17.34,5.03,mw,,157.0,1.15,0.76,us,us6000act0,2020-08-22T19:14:56.040Z,"99 km SSW of Corinto, Nicaragua",earthquake,8.0,6.4,0.04,194.0,reviewed,us,us,2020-06-16,43339,Nicaragua,1
2020-06-21 08:58:28.005000+00:00,11.458,-86.8509,20.65,5.3,mww,,67.0,0.905,1.0,us,us6000afu9,2025-12-22T18:36:50.678Z,"51 km SW of Masachapa, Nicaragua",earthquake,6.5,3.6,0.059,28.0,reviewed,us,us,2020-06-21,43209,Nicaragua,1
2020-06-29 22:28:01.811000+00:00,11.4706,-87.8791,10.0,5.1,mww,,66.0,1.733,0.92,us,us7000aerg,2025-12-22T18:37:21.892Z,"135 km SW of Corinto, Nicaragua",earthquake,6.7,1.8,0.044,49.0,reviewed,us,us,2020-06-29,43226,Nicaragua,1
2020-07-12 22:38:43.832000+00:00,12.0163,-86.3553,159.3,5.4,mww,,34.0,0.168,0.8,us,us7000amh4,2025-12-22T18:37:56.496Z,"5 km WNW of El Crucero, Nicaragua",earthquake,6.7,3.1,0.043,53.0,reviewed,us,us,2020-07-12,43206,Nicaragua,1
2020-09-02 05:04:21.809000+00:00,11.1482,-86.8954,22.6,5.11,mw,,90.0,1.179,1.11,us,us7000bgbi,2020-11-17T19:44:21.040Z,"81 km SSW of Masachapa, Nicaragua",earthquake,6.6,4.6,0.026,445.0,reviewed,us,us,2020-09-02,43475,Nicaragua,1
2020-09-16 18:14:10.110000+00:00,12.4691,-87.7527,51.54,5.03,mw,,84.0,0.749,1.21,us,us7000bp1y,2020-11-28T21:31:46.040Z,"44 km SW of Jiquilillo, Nicaragua",earthquake,5.6,3.5,0.037,220.0,reviewed,us,us,2020-09-16,43475,Nicaragua,1
2020-10-18 04:12:11.507000+00:00,11.4335,-85.748,158.08,4.85,mw,,127.0,0.33,1.07,us,us6000c93i,2020-12-29T23:07:34.040Z,"6 km ESE of San Jorge, Nicaragua",earthquake,5.4,5.4,0.038,202.0,reviewed,us,us,2020-10-18,43511,Nicaragua,1
2020-10-18 14:00:44.630000+00:00,11.827,-87.578,24.93,4.85,mw,,173.0,1.021,0.82,us,us6000cbh1,2020-12-29T23:07:35.040Z,"84 km SSW of Corinto, Nicaragua",earthquake,6.9,7.6,0.124,19.0,reviewed,us,us,2020-10-18,43514,Nicaragua,1
2020-11-02 12:17:30.060000+00:00,10.6989,-86.4665,10.0,5.11,mw,,95.0,1.046,0.57,us,us7000c992,2025-12-22T18:44:48.226Z,"89 km SW of San Juan del Sur, Nicaragua",earthquake,5.4,1.8,0.028,388.0,reviewed,us,us,2020-11-02,43443,Nicaragua,1
2020-11-15 01:56:13.989000+00:00,11.1668,-86.51,35.0,4.94,mw,,164.0,0.969,1.15,us,us7000cf4i,2021-01-27T17:29:36.040Z,"68 km S of Masachapa, Nicaragua",earthquake,2.8,2.0,0.042,164.0,reviewed,us,us,2020-11-15,43503,Nicaragua,1
2020-11-23 11:05:19.100000+00:00,12.0673,-87.1256,80.95,4.85,mw,,96.0,0.633,0.52,us,us6000crlg,2021-02-03T17:49:58.040Z,"46 km S of Corinto, Nicaragua",earthquake,3.8,6.1,0.042,165.0,reviewed,us,us,2020-11-23,43527,Nicaragua,1
2020-11-26 11:51:45.156000+00:00,11.5996,-86.9303,53.88,5.03,mw,,88.0,0.862,0.85,us,us7000ck19,2021-02-06T18:28:20.040Z,"49 km WSW of Masachapa, Nicaragua",earthquake,6.7,6.7,0.033,284.0,reviewed,us,us,2020-11-26,43490,Nicaragua,1
2020-12-04 02:32:22.450000+00:00,11.4205,-87.2672,10.0,4.68,mw,,191.0,1.232,0.85,us,us7000cmtb,2021-02-12T22:38:45.040Z,"91 km WSW of Masachapa, Nicaragua",earthquake,6.2,2.0,0.079,45.0,reviewed,us,us,2020-12-04,43530,Nicaragua,1
2020-12-09 04:56:40.879000+00:00,12.0679,-88.107,10.0,5.2,mw,,86.0,1.231,0.84,us,us7000cpci,2021-02-20T16:10:51.040Z,"103 km SW of Jiquilillo, Nicaragua",earthquake,4.2,1.8,0.036,239.0,reviewed,us,us,2020-12-09,43429,Nicaragua,1
2020-12-12 10:34:56.050000+00:00,12.0953,-86.4753,164.37,4.85,mw,,137.0,0.228,0.62,us,us7000cqja,2021-02-20T16:11:29.040Z,"13 km NNE of Villa El Carmen, Nicaragua",earthquake,5.7,6.8,0.056,94.0,reviewed,us,us,2020-12-12,43522,Nicaragua,1
2021-02-05 12:29:34.461000+00:00,12.3875,-86.7833,149.63,5.11,mw,,131.0,0.225,0.79,us,us6000deqg,2021-04-22T21:50:22.040Z,Nicaragua,earthquake,7.7,6.6,0.03,337.0,reviewed,us,us,2021-02-05,43645,Nicaragua,1
2021-02-22 21:05:00.893000+00:00,12.0566,-87.9238,35.0,4.94,mw,,171.0,1.087,1.03,us,us6000dk7z,2021-05-04T14:16:24.040Z,"91 km SW of Jiquilillo, Nicaragua",earthquake,7.6,2.0,0.062,77.0,reviewed,us,us,2021-02-22,43690,Nicaragua,1
2021-03-12 06:48:13.911000+00:00,11.6832,-86.0776,156.68,5.11,mw,,128.0,0.492,0.71,us,us7000dibn,2021-05-26T22:06:08.040Z,"8 km SSW of Nandaime, Nicaragua",earthquake,7.2,6.6,0.052,115.0,reviewed,us,us,2021-03-12,43661,Nicaragua,1
2021-03-13 07:57:56.828000+00:00,11.4127,-85.7402,162.65,5.28,mw,,167.0,0.309,0.62,us,us7000dj1u,2021-05-26T22:06:36.040Z,"8 km SE of San Jorge, Nicaragua",earthquake,7.9,7.0,0.061,85.0,reviewed,us,us,2021-03-13,43620,Nicaragua,1
2021-04-06 21:33:23.100000+00:00,12.1587,-87.2913,70.29,4.6,mw,,177.0,0.596,0.51,us,us6000dzid,2021-06-12T21:37:54.040Z,"38 km SSW of Corinto, Nicaragua",earthquake,4.9,7.2,0.113,22.0,reviewed,us,us,2021-04-06,43706,Nicaragua,1
2021-04-22 16:32:49.197000+00:00,11.1442,-86.6011,43.98,5.11,mw,,149.0,1.056,0.83,us,us6000e3qj,2021-07-03T16:49:17.040Z,"71 km S of Masachapa, Nicaragua",earthquake,5.4,5.7,0.031,333.0,reviewed,us,us,2021-04-22,43621,Nicaragua,1
2021-05-21 22:19:51.407000+00:00,12.4514,-87.6715,57.23,5.6,mww,,38.0,0.68,1.1,us,us7000e57b,2025-12-22T19:05:47.170Z,"40 km SW of Jiquilillo, Nicaragua",earthquake,6.0,3.1,0.098,10.0,reviewed,us,us,2021-05-21,43585,Nicaragua,1
2021-05-22 04:13:44.472000+00:00,12.76,-87.3218,156.63,4.6,mw,,157.0,0.3,0.91,us,us7000e58t,2021-07-31T22:08:25.040Z,"14 km E of Jiquilillo, Nicaragua",earthquake,4.8,5.5,0.121,19.0,reviewed,us,us,2021-05-22,43692,Nicaragua,1
2021-05-23 13:48:06.540000+00:00,11.6969,-87.3391,38.22,4.68,mw,,197.0,1.034,0.59,us,us7000e5im,2021-07-31T22:08:55.040Z,"88 km SSW of Corinto, Nicaragua",earthquake,4.3,10.2,0.084,40.0,reviewed,us,us,2021-05-23,43692,Nicaragua,1
2021-05-23 22:37:52.670000+00:00,11.3928,-86.94,34.75,5.37,mw,,76.0,1.011,0.7,us,us7000e5lz,2025-12-22T19:06:36.931Z,"63 km SW of Masachapa, Nicaragua",earthquake,5.7,4.1,0.027,460.0,reviewed,us,us,2021-05-23,43602,Nicaragua,1
2021-06-06 18:20:15.576000+00:00,11.9811,-86.4009,145.89,4.85,mw,,143.0,0.223,0.7,us,us7000eaia,2021-08-24T21:34:47.040Z,"9 km W of El Crucero, Nicaragua",earthquake,5.8,5.4,0.066,68.0,reviewed,us,us,2021-06-06,43691,Nicaragua,1
2021-07-13 18:33:17.080000+00:00,11.6547,-87.3078,27.95,4.51,mw,,183.0,1.072,0.86,us,us7000elnc,2021-09-17T22:50:13.040Z,"87 km W of Masachapa, Nicaragua",earthquake,5.2,4.5,0.101,31.0,reviewed,us,us,2021-07-13,43906,Nicaragua,1
2021-07-28 04:38:02.238000+00:00,12.7559,-87.0275,10.0,4.51,mw,,117.0,0.059,0.71,us,us6000ezpv,2021-10-03T05:22:38.040Z,"17 km NE of Chinandega, Nicaragua",earthquake,3.6,2.0,0.198,7.0,reviewed,us,us,2021-07-28,43886,Nicaragua,1
2021-09-22 09:57:07.023000+00:00,12.1396,-87.8647,21.0,6.5,mww,,114.0,0.993,1.07,us,us7000fdds,2025-12-22T22:16:44.163Z,"80 km SW of Jiquilillo, Nicaragua",earthquake,5.0,1.9,0.035,80.0,reviewed,us,us,2021-09-22,43743,Nicaragua,1
2021-09-22 14:56:58.625000+00:00,12.4344,-87.3666,35.0,4.6,mw,,160.0,0.426,0.76,us,us7000fevy,2021-12-03T15:02:06.040Z,"21 km WSW of Corinto, Nicaragua",earthquake,2.2,2.0,0.167,10.0,reviewed,us,us,2021-09-22,43829,Nicaragua,1
2021-10-07 13:12:59.484000+00:00,10.6697,-86.6729,19.23,4.85,mw,,128.0,1.241,1.14,us,us6000fu0z,2021-12-10T21:14:24.040Z,"108 km SW of San Juan del Sur, Nicaragua",earthquake,5.9,6.4,0.106,26.0,reviewed,us,us,2021-10-07,43814,Nicaragua,1
2021-11-09 06:25:14.907000+00:00,11.2198,-86.5255,20.0,6.3,mww,,89.0,0.962,0.68,us,us7000fskw,2025-12-22T22:15:20.188Z,"62 km S of Masachapa, Nicaragua",earthquake,6.6,1.9,0.032,94.0,reviewed,us,us,2021-11-09,43758,Nicaragua,1
2021-12-03 07:41:34.680000+00:00,11.3535,-87.9121,10.0,4.51,mw,,202.0,1.594,0.59,us,us6000g8na,2022-02-12T23:05:42.040Z,"148 km SSW of Corinto, Nicaragua",earthquake,7.2,2.0,0.174,9.0,reviewed,us,us,2021-12-03,43862,Nicaragua,1
2021-12-23 01:17:51.352000+00:00,11.4162,-87.0289,35.0,4.85,mw,,169.0,1.055,0.68,us,us6000geq6,2022-03-01T16:39:35.040Z,"69 km SW of Masachapa, Nicaragua",earthquake,2.4,2.0,0.062,75.0,reviewed,us,us,2021-12-23,43814,Nicaragua,1
2022-02-16 09:56:07.145000+00:00,12.5563,-86.8837,172.05,4.94,mw,,129.0,0.073,0.98,us,us7000glaw,2022-04-30T14:18:18.040Z,"4 km NW of Telica, Nicaragua",earthquake,7.1,4.2,0.077,51.0,reviewed,us,us,2022-02-16,44027,Nicaragua,1
2022-02-17 04:01:35.018000+00:00,11.457,-85.7979,144.46,4.85,mw,,88.0,0.38,0.65,us,us7000gmzl,2022-04-30T14:18:21.040Z,"0 km ENE of San Jorge, Nicaragua",earthquake,5.5,3.5,0.163,11.0,reviewed,us,us,2022-02-17,44063,Nicaragua,1
2022-03-03 11:30:27.817000+00:00,12.3468,-87.7182,69.91,5.2,mw,,59.0,0.764,0.87,us,us6000h1pf,2022-05-07T21:32:45.040Z,"52 km SSW of Jiquilillo, Nicaragua",earthquake,5.0,4.4,0.035,253.0,reviewed,us,us,2022-03-03,43976,Nicaragua,1
2022-04-21 07:42:46.508000+00:00,11.5537,-86.9604,27.0,6.6,mww,,94.0,0.914,0.69,us,us6000hf75,2022-06-26T01:20:26.040Z,"55 km WSW of Masachapa, Nicaragua",earthquake,5.0,1.8,0.037,70.0,reviewed,us,us,2022-04-21,43961,Nicaragua,1
2022-04-23 01:06:05.944000+00:00,12.1586,-87.268,71.29,4.6,mw,23.0,176.0,0.586,0.86,us,us6000hfrh,2022-07-05T03:39:29.040Z,"37 km SSW of Corinto, Nicaragua",earthquake,5.4,7.4,0.159,12.0,reviewed,us,us,2022-04-23,44077,Nicaragua,1
2022-05-04 04:52:01.160000+00:00,11.9028,-86.2426,151.65,4.77,mw,27.0,136.0,0.244,0.42,us,us7000h6xp,2022-07-09T21:39:57.040Z,"4 km W of San Marcos, Nicaragua",earthquake,7.1,4.9,0.179,9.0,reviewed,us,us,2022-05-04,44066,Nicaragua,1
2022-05-29 10:51:29.095000+00:00,10.6879,-86.4872,10.0,4.85,mw,91.0,138.0,1.154,0.37,us,us7000hdfb,2022-08-06T22:13:03.040Z,"91 km SW of San Juan del Sur, Nicaragua",earthquake,4.2,1.8,0.043,160.0,reviewed,us,us,2022-05-29,44038,Nicaragua,1
2022-06-01 06:29:28.762000+00:00,11.9664,-87.918,41.36,5.2,mw,76.0,136.0,1.138,0.9,us,us7000he0l,2022-08-06T22:13:12.040Z,"99 km SW of Corinto, Nicaragua",earthquake,5.3,6.7,0.028,460.0,reviewed,us,us,2022-06-01,43962,Nicaragua,1
2022-06-08 21:37:31.505000+00:00,12.9294,-87.2827,13.91,4.68,mw,48.0,133.0,0.344,0.57,us,us7000hg16,2022-08-13T21:51:43.040Z,"14 km NW of Puerto Morazán, Nicaragua",earthquake,3.1,5.8,0.122,19.0,reviewed,us,us,2022-06-08,44073,Nicaragua,1
2022-06-12 01:57:47.583000+00:00,11.0301,-86.7218,45.45,4.94,mw,43.0,136.0,1.204,0.88,us,us7000hguc,2022-08-21T00:16:14.040Z,"86 km SSW of Masachapa, Nicaragua",earthquake,3.9,8.2,0.036,228.0,reviewed,us,us,2022-06-12,44025,Nicaragua,1
2022-07-20 04:22:42.946000+00:00,10.7665,-86.196,40.22,5.1,mwr,111.0,135.0,0.86,0.68,us,us7000hs10,2022-09-27T16:57:08.040Z,"64 km SSW of San Juan del Sur, Nicaragua",earthquake,5.3,4.476,0.049,40.0,reviewed,us,us,2022-07-20,44143,Nicaragua,1
2022-08-03 19:09:41.545000+00:00,11.9548,-86.1928,168.005,4.6,mw,27.0,139.0,0.2,0.42,us,us6000i7ti,2022-10-12T14:50:17.040Z,"1 km N of La Concepción, Nicaragua",earthquake,3.52,6.534,0.153,14.0,reviewed,us,us,2022-08-03,44245,Nicaragua,1
2022-08-03 21:55:37.535000+00:00,12.3793,-86.6744,146.272,5.3,mww,275.0,37.0,0.463,0.84,us,us6000i7v7,2022-10-12T14:50:19.040Z,"4 km N of La Paz Centro, Nicaragua",earthquake,6.02,3.157,0.036,76.0,reviewed,us,us,2022-08-03,44115,Nicaragua,1
2022-08-17 23:31:06.655000+00:00,11.3626,-87.2087,10.0,4.68,mw,37.0,174.0,1.339,0.56,us,us7000i2lm,2022-10-28T02:28:03.040Z,"89 km WSW of Masachapa, Nicaragua",earthquake,3.58,1.957,0.119,20.0,reviewed,us,us,2022-08-17,44241,Nicaragua,1
2022-09-06 07:35:35.061000+00:00,12.9415,-87.3472,17.262,5.2,mww,87.0,74.0,0.401,0.79,us,us7000i5kj,2022-11-15T19:06:10.040Z,"21 km WNW of Puerto Morazán, Nicaragua",earthquake,3.3,3.86,0.043,52.0,reviewed,us,us,2022-09-06,44129,Nicaragua,1
2022-09-13 16:28:57.949000+00:00,10.8468,-86.6767,26.803,4.77,mw,51.0,181.0,1.327,0.34,us,us7000i7pj,2022-11-19T23:02:59.040Z,"98 km WSW of San Juan del Sur, Nicaragua",earthquake,6.2,6.453,0.079,48.0,reviewed,us,us,2022-09-13,44223,Nicaragua,1
2022-09-14 08:44:35.359000+00:00,12.5455,-87.8211,66.8,5.3,mww,95.0,47.0,0.795,0.94,us,us7000i7w6,2022-11-19T23:03:09.040Z,"45 km WSW of Jiquilillo, Nicaragua",earthquake,5.82,5.554,0.042,54.0,reviewed,us,us,2022-09-14,44129,Nicaragua,1
2022-09-25 04:19:20.029000+00:00,12.1797,-87.5971,53.381,4.85,mw,50.0,83.0,0.862,1.03,us,us7000iavn,2022-12-03T22:03:22.040Z,"57 km SW of Corinto, Nicaragua",earthquake,5.98,7.163,0.033,267.0,reviewed,us,us,2022-09-25,44211,Nicaragua,1
2022-10-17 23:01:38.987000+00:00,11.3285,-85.6861,181.138,4.94,mw,78.0,77.0,0.579,0.66,us,us6000iufg,2022-12-31T23:03:37.040Z,Nicaragua,earthquake,7.71,3.962,0.059,86.0,reviewed,us,us,2022-10-17,44170,Nicaragua,1
2022-10-24 18:11:51.168000+00:00,12.1069,-88.2284,28.113,4.85,mw,28.0,121.0,1.317,0.84,us,us7000ikyc,2023-01-03T15:23:45.040Z,"110 km SW of Jiquilillo, Nicaragua",earthquake,6.09,4.464,0.106,26.0,reviewed,us,us,2022-10-24,44182,Nicaragua,1
2022-11-05 16:03:56.095000+00:00,11.0482,-87.3487,22.79,4.68,mw,26.0,156.0,1.536,0.48,us,us7000imqd,2023-01-21T19:27:08.040Z,"122 km SW of Masachapa, Nicaragua",earthquake,6.39,6.51,0.189,8.0,reviewed,us,us,2022-11-05,44231,Nicaragua,1
2022-11-13 13:55:28.282000+00:00,11.7292,-87.3894,35.072,4.85,mw,70.0,115.0,1.831,0.6,us,us7000ipgs,2024-01-18T17:22:02.736Z,"86 km SSW of Corinto, Nicaragua",earthquake,7.81,7.325,0.07,62.0,reviewed,us,us,2022-11-13,44204,Nicaragua,1
2022-11-23 08:08:25.414000+00:00,11.2113,-86.5326,57.128,4.94,mw,66.0,87.0,0.973,0.87,us,us7000irru,2023-01-30T06:01:09.040Z,near the coast of Nicaragua,earthquake,3.08,6.166,0.038,206.0,reviewed,us,us,2022-11-23,44163,near the coast of Nicaragua,1
2022-11-27 08:32:36.457000+00:00,11.617,-86.7481,51.907,4.9,mww,168.0,102.0,0.72,0.83,us,us7000isq2,2023-02-05T23:24:16.040Z,near the coast of Nicaragua,earthquake,4.21,5.241,0.069,20.0,reviewed,us,us,2022-11-27,44171,near the coast of Nicaragua,1
2023-01-26 09:51:05.676000+00:00,12.5372,-86.7833,209.803,4.77,mw,94.0,107.0,0.091,0.82,us,us6000jjcr,2023-04-11T18:51:33.040Z,"8 km ENE of Telica, Nicaragua",earthquake,7.65,5.812,0.063,77.0,reviewed,us,us,2023-01-26,44405,Nicaragua,1
2023-02-19 07:54:32.142000+00:00,12.4365,-87.5389,69.982,5.0,mwr,111.0,140.0,0.568,0.65,us,us6000jq2k,2023-04-29T21:57:12.040Z,"35 km SSW of Jiquilillo, Nicaragua",earthquake,5.23,4.8,0.061,26.0,reviewed,us,us,2023-02-19,44358,Nicaragua,1
2023-02-27 18:46:06.643000+00:00,12.7603,-87.9127,72.114,5.2,mww,74.0,72.0,0.872,1.01,us,us7000jg2l,2023-05-08T01:59:45.040Z,"50 km W of Jiquilillo, Nicaragua",earthquake,6.7,4.185,0.051,37.0,reviewed,us,us,2023-02-27,44305,Nicaragua,1
2023-03-06 09:25:38.105000+00:00,12.0446,-87.9326,41.861,5.2,mw,77.0,89.0,1.288,1.12,us,us7000jhlk,2023-05-15T02:50:29.040Z,"93 km SW of Jiquilillo, Nicaragua",earthquake,6.68,6.036,0.03,355.0,reviewed,us,us,2023-03-06,44329,Nicaragua,1
2023-03-20 07:09:18.518000+00:00,10.8522,-86.4376,39.481,4.77,mw,42.0,157.0,1.092,0.44,us,us7000jldd,2023-05-26T21:54:07.040Z,"76 km SW of San Juan del Sur, Nicaragua",earthquake,5.95,3.95,0.068,62.0,reviewed,us,us,2023-03-20,44375,Nicaragua,1
2023-04-06 06:39:05.997000+00:00,11.6432,-85.7772,10.0,5.1,mww,97.0,129.0,0.682,0.64,us,us6000k2b0,2023-06-13T03:12:42.040Z,"14 km NW of Moyogalpa, Nicaragua",earthquake,5.63,1.878,0.046,45.0,reviewed,us,us,2023-04-06,44344,Nicaragua,1
2023-05-06 11:52:41.841000+00:00,11.4682,-86.8709,51.665,4.51,mw,35.0,188.0,0.911,0.61,us,us6000ka0c,2023-07-15T22:10:07.040Z,"52 km SW of Masachapa, Nicaragua",earthquake,7.25,11.654,0.107,25.0,reviewed,us,us,2023-05-06,44444,Nicaragua,1
2023-06-14 21:40:14.273000+00:00,12.0199,-86.8188,90.04,5.11,mw,134.0,133.0,0.573,0.93,us,us7000k8iy,2023-08-21T04:18:56.040Z,"34 km W of Villa El Carmen, Nicaragua",earthquake,6.85,5.209,0.037,223.0,reviewed,us,us,2023-06-14,44337,Nicaragua,1
2023-07-09 16:19:34.654000+00:00,11.5006,-87.1537,43.324,4.77,mw,33.0,99.0,1.096,0.61,us,us6000kr58,2023-09-16T19:16:06.040Z,"76 km WSW of Masachapa, Nicaragua",earthquake,7.93,8.918,0.057,87.0,reviewed,us,us,2023-07-09,44526,Nicaragua,1
2023-07-15 12:47:46.352000+00:00,12.1375,-86.6257,145.624,4.43,mw,27.0,97.0,0.369,0.41,us,us7000kfyz,2023-09-16T19:16:17.040Z,Nicaragua,earthquake,7.43,4.977,0.143,14.0,reviewed,us,us,2023-07-15,44631,Nicaragua,1
2023-08-11 11:33:20.617000+00:00,10.9777,-86.3425,51.686,5.11,mw,60.0,146.0,1.004,0.61,us,us6000kz83,2023-10-17T22:01:30.040Z,"59 km WSW of San Juan del Sur, Nicaragua",earthquake,7.02,8.417,0.025,490.0,reviewed,us,us,2023-08-11,44469,Nicaragua,1
2023-09-04 11:44:10.634000+00:00,12.4253,-87.1327,118.158,4.51,mw,34.0,134.0,0.907,0.26,us,us7000ku8w,2023-11-17T19:47:51.040Z,"7 km SE of Corinto, Nicaragua",earthquake,6.61,7.696,0.085,38.0,reviewed,us,us,2023-09-04,44585,Nicaragua,1
2023-09-22 05:07:15.192000+00:00,11.8775,-87.2216,42.014,4.6,mwr,272.0,144.0,0.99,0.75,us,us7000kxan,2024-01-18T20:56:32.405Z,"67 km S of Corinto, Nicaragua",earthquake,7.23,7.146,0.068,21.0,reviewed,us,us,2023-09-22,44581,Nicaragua,1
2023-10-16 15:19:00.669000+00:00,11.7923,-86.8578,58.116,4.6,mw,50.0,97.0,0.694,0.68,us,us6000lfxj,2023-12-26T21:24:24.040Z,"37 km W of Masachapa, Nicaragua",earthquake,1.98,6.883,0.094,31.0,reviewed,us,us,2023-10-16,44580,Nicaragua,1
2023-10-19 05:23:17.850000+00:00,12.473,-87.9901,57.847,4.94,mw,101.0,164.0,0.972,0.56,us,us6000lgie,2023-12-26T21:24:37.040Z,"65 km WSW of Jiquilillo, Nicaragua",earthquake,6.23,4.867,0.03,332.0,reviewed,us,us,2023-10-19,44502,Nicaragua,1
2023-10-28 08:29:27.179000+00:00,12.1679,-88.238,40.504,4.68,mw,37.0,197.0,1.296,0.65,us,us7000l757,2024-01-04T04:22:36.040Z,"106 km SW of Jiquilillo, Nicaragua",earthquake,7.62,10.278,0.099,29.0,reviewed,us,us,2023-10-28,44571,Nicaragua,1
2023-10-29 22:41:05.641000+00:00,11.5514,-85.973,160.327,5.03,mw,147.0,57.0,0.652,0.66,us,us7000l7fg,2024-01-10T06:01:12.040Z,"10 km WNW of Belén, Nicaragua",earthquake,6.95,4.587,0.054,104.0,reviewed,us,us,2023-10-29,44475,Nicaragua,1
2023-11-02 09:22:19.868000+00:00,11.0892,-86.7737,47.351,4.77,mw,36.0,101.0,1.172,0.61,us,us7000l8a0,2024-01-10T06:01:39.040Z,"82 km SSW of Masachapa, Nicaragua",earthquake,3.45,7.377,0.082,43.0,reviewed,us,us,2023-11-02,44568,Nicaragua,1
2023-11-19 23:22:11.984000+00:00,11.574,-86.5711,60.355,4.51,mw,25.0,178.0,0.653,0.73,us,us6000lpik,2024-02-01T15:13:41.040Z,"24 km SSW of Masachapa, Nicaragua",earthquake,4.59,11.656,0.165,10.0,reviewed,us,us,2023-11-19,44602,Nicaragua,1
2023-12-11 10:46:09.569000+00:00,12.8781,-87.1885,178.959,4.77,mw,42.0,83.0,1.175,0.77,us,us7000ljb9,2024-02-17T22:43:11.040Z,"3 km NNW of Puerto Morazán, Nicaragua",earthquake,3.46,7.167,0.103,27.0,reviewed,us,us,2023-12-11,44544,Nicaragua,1
2023-12-18 10:51:44.071000+00:00,11.9569,-87.8592,42.962,4.51,mw,26.0,102.0,1.101,0.61,us,us6000m14w,2024-02-27T22:56:56.040Z,"94 km SW of Corinto, Nicaragua",earthquake,5.52,9.054,0.165,10.0,reviewed,us,us,2023-12-18,44624,Nicaragua,1
2024-01-28 05:55:52.608000+00:00,11.3085,-86.1664,74.783,4.94,mw,105.0,85.0,0.839,0.61,us,us7000luhf,2024-03-30T22:34:41.040Z,"28 km WSW of Tola, Nicaragua",earthquake,3.27,6.865,0.035,239.0,reviewed,us,us,2024-01-28,44755,Nicaragua,1
2024-01-30 10:36:39.284000+00:00,11.5437,-87.046,35.0,5.03,mw,108.0,147.0,0.986,0.55,us,us7000luyc,2024-04-13T19:27:57.040Z,"63 km WSW of Masachapa, Nicaragua",earthquake,4.95,1.709,0.032,305.0,reviewed,us,us,2024-01-30,44721,Nicaragua,1
2024-02-26 21:35:38.435000+00:00,12.9067,-87.2746,184.618,5.28,mw,171.0,59.0,0.324,0.78,us,us7000m1qy,2024-05-10T21:26:01.040Z,"12 km WNW of Puerto Morazán, Nicaragua",earthquake,7.13,4.554,0.05,128.0,reviewed,us,us,2024-02-26,44701,Nicaragua,1
2024-03-11 05:46:43.105000+00:00,10.7988,-86.3446,35.0,4.94,mw,115.0,138.0,1.003,0.5,us,us7000m4mh,2024-05-18T21:24:26.040Z,"72 km SW of San Juan del Sur, Nicaragua",earthquake,5.9,1.93,0.045,148.0,reviewed,us,us,2024-03-11,44773,Nicaragua,1
2024-03-17 00:44:02.920000+00:00,12.3856,-87.6546,48.0,5.6,mww,180.0,91.0,0.692,1.08,us,us6000mjct,2024-05-18T21:23:27.040Z,"45 km SSW of Jiquilillo, Nicaragua",earthquake,7.04,1.924,0.05,38.0,reviewed,us,us,2024-03-17,44672,Nicaragua,1
2024-04-11 22:27:25.573000+00:00,11.1248,-86.9378,10.0,5.2,mw,41.0,145.0,1.221,0.86,us,us7000mbjf,2024-06-17T02:15:12.040Z,"86 km SSW of Masachapa, Nicaragua",earthquake,5.22,1.863,0.034,278.0,reviewed,us,us,2024-04-11,44715,Nicaragua,1
2024-04-17 21:21:54.614000+00:00,11.1271,-85.3325,154.0,5.5,mww,256.0,113.0,0.85,0.97,us,us7000mcrs,2024-06-25T21:02:56.040Z,"20 km ESE of Cárdenas, Nicaragua",earthquake,6.34,1.818,0.033,87.0,reviewed,us,us,2024-04-17,44674,Nicaragua,1
2024-04-20 09:38:54.349000+00:00,11.2331,-87.8288,10.0,4.68,mw,49.0,197.0,1.655,1.11,us,us7000mdg0,2024-06-25T21:03:14.040Z,"155 km SSW of Corinto, Nicaragua",earthquake,7.19,1.967,0.094,32.0,reviewed,us,us,2024-04-20,44777,Nicaragua,1
2024-05-08 17:53:44.955000+00:00,12.0071,-87.0872,51.613,5.03,mw,162.0,83.0,0.688,0.78,us,us6000mxae,2024-07-20T22:20:03.040Z,"52 km SSW of León, Nicaragua",earthquake,5.2,5.804,0.029,356.0,reviewed,us,us,2024-05-08,44746,Nicaragua,1
2024-05-12 00:10:49.017000+00:00,11.8698,-86.291,157.253,5.03,mw,175.0,89.0,0.281,0.84,us,us6000mxz9,2024-07-20T22:20:07.040Z,"5 km WNW of Diriamba, Nicaragua",earthquake,6.3,5.526,0.047,135.0,reviewed,us,us,2024-05-12,44752,Nicaragua,1
2024-07-11 12:04:09.229000+00:00,11.5502,-85.9086,190.558,4.94,mw,50.0,87.0,0.682,0.8,us,us7000myjw,2024-09-20T16:00:54.040Z,"5 km NNW of Belén, Nicaragua",earthquake,6.31,4.524,0.058,90.0,reviewed,us,us,2024-07-11,44920,Nicaragua,1
2024-08-07 12:38:22.754000+00:00,11.5337,-86.8604,49.425,5.1,mww,136.0,160.0,0.856,0.85,us,us6000nim4,2024-10-24T17:57:13.040Z,"47 km SW of Masachapa, Nicaragua",earthquake,8.19,6.126,0.052,35.0,reviewed,us,us,2024-08-07,44864,Nicaragua,1
2024-08-21 14:13:12.524000+00:00,11.74,-87.4963,34.797,5.11,mw,128.0,138.0,1.058,0.55,us,us7000n8h2,2024-11-02T21:28:38.040Z,"89 km SSW of Corinto, Nicaragua",earthquake,2.83,6.232,0.038,219.0,reviewed,us,us,2024-08-21,44837,Nicaragua,1
2024-10-02 19:41:00.677000+00:00,11.988,-86.7285,105.322,4.94,mw,62.0,66.0,0.496,0.61,us,us6000nw5b,2024-12-14T14:50:21.040Z,"24 km W of Villa El Carmen, Nicaragua",earthquake,6.73,3.78,0.046,139.0,reviewed,us,us,2024-10-02,44951,Nicaragua,1
2024-10-07 04:38:15.399000+00:00,12.3811,-86.7476,181.001,4.77,mw,31.0,144.0,0.54,0.45,us,us6000nx0g,2024-12-23T15:45:44.040Z,"9 km WNW of La Paz Centro, Nicaragua",earthquake,9.93,3.467,0.179,9.0,reviewed,us,us,2024-10-07,44996,Nicaragua,1
2024-11-02 19:59:14.759000+00:00,12.5321,-87.9765,64.288,5.1,mww,86.0,139.0,0.947,1.1,us,us7000npl2,2025-01-16T18:47:23.040Z,"61 km WSW of Jiquilillo, Nicaragua",earthquake,4.8,5.063,0.049,40.0,reviewed,us,us,2024-11-02,44878,Nicaragua,1
2024-12-03 07:13:45.964000+00:00,10.8379,-86.5793,10.0,4.68,mw,25.0,168.0,1.232,1.29,us,us7000nvkf,2025-02-15T18:29:08.040Z,"90 km WSW of San Juan del Sur, Nicaragua",earthquake,6.62,1.961,0.1,28.0,reviewed,us,us,2024-12-03,44996,Nicaragua,1
2024-12-17 21:03:20.021000+00:00,11.9832,-88.1033,10.0,4.94,mw,27.0,201.0,1.492,1.02,us,us7000nzmv,2025-02-27T17:30:51.040Z,"110 km SW of Jiquilillo, Nicaragua",earthquake,5.24,1.971,0.084,42.0,reviewed,us,us,2024-12-17,44925,Nicaragua,1
2024-12-17 22:46:22.058000+00:00,11.1812,-87.0278,10.0,4.85,mw,68.0,189.0,1.228,0.57,us,us7000nzqj,2025-02-27T17:30:52.040Z,"87 km SW of Masachapa, Nicaragua",earthquake,6.49,1.948,0.072,57.0,reviewed,us,us,2024-12-17,44982,Nicaragua,1
2024-12-25 17:47:53.483000+00:00,11.1725,-85.7826,90.305,4.85,mw,66.0,90.0,0.542,1.23,us,us6000pfl4,2025-03-08T22:39:10.040Z,"13 km SE of San Juan del Sur, Nicaragua",earthquake,4.75,5.951,0.047,133.0,reviewed,us,us,2024-12-25,45075,Nicaragua,1
2025-01-11 09:51:24.706000+00:00,12.4939,-87.6391,73.864,4.6,mw,34.0,194.0,1.176,1.03,us,us6000pjep,2025-03-20T20:55:07.040Z,"34 km SW of Jiquilillo, Nicaragua",earthquake,6.92,10.388,0.1,28.0,reviewed,us,us,2025-01-11,45106,Nicaragua,1
2025-02-09 23:56:10.717000+00:00,11.6428,-85.8248,11.494,4.51,mw,16.0,134.0,0.652,0.39,us,us7000pcjt,2025-04-26T14:47:06.040Z,"16 km NNE of Potosí, Nicaragua",earthquake,2.19,6.139,0.302,3.0,reviewed,us,us,2025-02-09,45158,Nicaragua,1
2025-03-03 11:01:51.803000+00:00,11.0844,-86.9761,10.0,5.2,mw,157.0,128.0,1.276,1.33,us,us6000pwl7,2025-05-08T19:24:45.040Z,"92 km SSW of Masachapa, Nicaragua",earthquake,6.95,1.895,0.026,458.0,reviewed,us,us,2025-03-03,45004,Nicaragua,1
2025-03-06 19:56:08.244000+00:00,11.5055,-87.3594,28.947,4.94,mw,41.0,182.0,1.229,0.64,us,us6000pxb4,2025-05-16T17:30:02.040Z,"97 km WSW of Masachapa, Nicaragua",earthquake,4.98,4.375,0.059,85.0,reviewed,us,us,2025-03-06,45050,Nicaragua,1
2025-03-17 02:00:41.534000+00:00,11.8426,-88.4581,10.0,4.6,mw,31.0,208.0,1.622,0.96,us,us6000pz8x,2025-05-17T19:19:59.040Z,"148 km SW of Jiquilillo, Nicaragua",earthquake,6.09,1.984,0.121,19.0,reviewed,us,us,2025-03-17,45140,Nicaragua,1
2025-03-18 22:10:21.418000+00:00,12.2042,-88.1641,35.0,4.94,mw,72.0,142.0,1.219,0.64,us,us6000pzn9,2025-05-17T19:20:01.040Z,"97 km SW of Jiquilillo, Nicaragua",earthquake,3.2,1.938,0.071,59.0,reviewed,us,us,2025-03-18,45072,Nicaragua,1
2025-04-03 14:19:06.823000+00:00,10.9791,-87.3536,10.0,4.68,mw,17.0,155.0,1.589,0.96,us,us6000q5yx,2025-06-09T13:38:45.040Z,"127 km SW of Masachapa, Nicaragua",earthquake,2.96,1.923,0.308,4.0,reviewed,us,us,2025-04-03,45103,Nicaragua,1
2025-04-06 11:59:06.453000+00:00,11.83,-87.5828,40.878,5.2,mw,155.0,140.0,1.021,1.25,us,us6000q4dq,2025-06-09T13:38:42.040Z,"84 km SSW of Corinto, Nicaragua",earthquake,4.31,8.076,0.024,560.0,reviewed,us,us,2025-04-06,45021,Nicaragua,1
2025-05-10 18:50:27.708000+00:00,11.4894,-86.5096,69.57,4.85,mw,155.0,84.0,0.704,0.64,us,us7000pygc,2025-07-24T21:30:13.040Z,"32 km S of Masachapa, Nicaragua",earthquake,2.36,7.467,0.037,217.0,reviewed,us,us,2025-05-10,45086,Nicaragua,1
2025-05-28 04:46:07.073000+00:00,12.0036,-86.7517,100.748,4.77,mw,50.0,138.0,0.513,0.63,us,us6000qgbp,2025-08-16T21:54:08.040Z,"26 km W of Villa El Carmen, Nicaragua",earthquake,8.23,8.104,0.079,46.0,reviewed,us,us,2025-05-28,45087,Nicaragua,1
2025-06-19 13:02:40.431000+00:00,12.0909,-88.2878,10.0,5.03,mw,48.0,174.0,1.37,0.94,us,us6000ql7u,2025-09-02T21:23:38.040Z,"116 km SW of Jiquilillo, Nicaragua",earthquake,6.3,1.941,0.046,146.0,reviewed,us,us,2025-06-19,45219,Nicaragua,1
2025-06-29 11:37:42.024000+00:00,11.2303,-85.6205,184.702,4.85,mw,71.0,134.0,0.463,0.81,us,us7000q9ic,2025-09-04T20:40:02.040Z,"12 km WNW of Cárdenas, Nicaragua",earthquake,7.85,6.014,0.05,118.0,reviewed,us,us,2025-06-29,45226,Nicaragua,1
2025-07-06 02:28:09.588000+00:00,12.9267,-87.415,170.165,4.77,mw,39.0,127.0,1.036,1.06,us,us7000qaxr,2025-09-12T16:23:09.040Z,"20 km N of Jiquilillo, Nicaragua",earthquake,7.31,7.404,0.065,69.0,reviewed,us,us,2025-07-06,45258,Nicaragua,1
2025-07-28 20:55:23.299000+00:00,11.1451,-86.7945,44.034,5.2,mw,80.0,141.0,1.132,0.63,us,us6000qvrw,2025-10-11T20:57:28.040Z,"77 km SSW of Masachapa, Nicaragua",earthquake,6.3,8.063,0.025,504.0,reviewed,us,us,2025-07-28,45190,Nicaragua,1
2025-08-02 03:54:24.535000+00:00,11.6266,-86.3268,76.518,4.68,mw,28.0,132.0,0.525,0.67,us,us6000qxkq,2025-10-17T22:51:42.040Z,"17 km SSE of El Rosario, Nicaragua",earthquake,4.94,6.894,0.091,34.0,reviewed,us,us,2025-08-02,45331,Nicaragua,1
2025-08-04 23:06:49.409000+00:00,12.2091,-87.6562,35.0,4.94,mw,192.0,137.0,1.411,0.82,us,us6000qy49,2025-10-17T22:51:42.040Z,"60 km WSW of Corinto, Nicaragua",earthquake,7.17,1.936,0.042,173.0,reviewed,us,us,2025-08-04,45224,Nicaragua,1
2025-09-04 20:03:03.698000+00:00,11.7318,-87.459,39.674,5.2,mw,71.0,141.0,1.05,0.83,us,us7000qtwq,2025-11-30T23:39:57.040Z,"88 km SSW of Corinto, Nicaragua",earthquake,6.61,8.372,0.031,325.0,reviewed,us,us,2025-09-04,45180,Nicaragua,1
2025-09-05 21:48:28.363000+00:00,11.6148,-85.8245,195.012,4.85,mw,40.0,134.0,0.674,0.56,us,us7000quax,2025-11-30T23:40:11.040Z,"13 km NNE of Potosí, Nicaragua",earthquake,7.13,6.521,0.087,38.0,reviewed,us,us,2025-09-05,45257,Nicaragua,1
2025-11-17 17:23:03.435000+00:00,12.0939,-86.5275,124.311,5.2,mww,75.0,127.0,0.769,0.92,us,us6000rnrz,2026-02-10T15:55:12.040Z,"12 km N of Villa El Carmen, Nicaragua",earthquake,7.68,5.919,0.043,52.0,reviewed,us,us,2025-11-17,45197,Nicaragua,1
2025-12-16 04:55:52.171000+00:00,11.6461,-86.4167,87.746,4.85,mw,68.0,136.0,1.199,0.81,us,us6000rv7u,2026-03-10T22:18:43.040Z,"15 km SSW of El Rosario, Nicaragua",earthquake,8.14,8.288,0.071,57.0,reviewed,us,us,2025-12-16,45460,Nicaragua,1
2026-01-04 14:20:29.295000+00:00,12.6078,-87.8135,81.165,5.11,mw,54.0,142.0,0.99,0.95,us,us7000rmfn,2026-04-07T22:11:54.040Z,"42 km WSW of Jiquilillo, Nicaragua",earthquake,9.55,8.248,0.03,339.0,reviewed,us,us,2026-01-04,45441,Nicaragua,1
2026-01-29 03:15:57.979000+00:00,12.2199,-87.8424,52.024,4.51,mw,20.0,187.0,1.327,1.32,us,us6000s8yz,2026-04-23T20:43:23.040Z,"72 km SW of Jiquilillo, Nicaragua",earthquake,10.23,11.382,0.145,13.0,reviewed,us,us,2026-01-29,45525,Nicaragua,1
2026-03-07 15:00:52.902000+00:00,10.8346,-86.4017,35.0,4.68,mw,75.0,196.0,1.057,0.52,us,us6000sgyh,2026-05-22T21:58:33.040Z,"74 km SW of San Juan del Sur, Nicaragua",earthquake,9.28,1.99,0.068,63.0,reviewed,us,us,2026-03-07,45481,Nicaragua,1
2026-03-11 13:59:56.259000+00:00,11.259,-87.6451,10.0,5.11,mw,131.0,146.0,2.294,0.54,us,us7000s3mb,2026-05-22T21:58:45.040Z,"136 km WSW of Masachapa, Nicaragua",earthquake,6.84,1.905,0.035,247.0,reviewed,us,us,2026-03-11,45404,Nicaragua,1
2026-03-11 16:37:17.139000+00:00,11.5036,-85.7055,200.394,4.8,mww,78.0,120.0,0.735,0.9,us,us7000s3n2,2026-05-22T21:58:46.040Z,"4 km SSW of Moyogalpa, Nicaragua",earthquake,7.02,5.881,0.103,9.0,reviewed,us,us,2026-03-11,45461,Nicaragua,1
2026-03-26 17:15:44.551000+00:00,12.1477,-86.3658,159.972,5.5,mww,93.0,126.0,1.631,1.07,us,us7000s7w6,2026-06-10T15:14:51.040Z,"2 km WSW of Ciudad Sandino, Nicaragua",earthquake,8.42,6.69,0.04,60.0,reviewed,us,us,2026-03-26,45360,Nicaragua,1
2026-03-27 14:55:43.102000+00:00,12.6156,-87.309,117.802,4.85,mw,48.0,132.0,1.303,1.03,us,us7000s83h,2026-06-10T15:14:52.040Z,"16 km WSW of El Viejo, Nicaragua",earthquake,8.95,8.135,0.069,61.0,reviewed,us,us,2026-03-27,45445,Nicaragua,1
2026-03-30 07:30:25.551000+00:00,11.388,-86.8964,35.0,5.4,mww,197.0,138.0,1.626,0.61,us,us7000s8pl,2026-06-10T15:14:57.040Z,"60 km SW of Masachapa, Nicaragua",earthquake,7.39,1.9,0.053,34.0,reviewed,us,us,2026-03-30,45379,Nicaragua,1
2026-04-16 06:10:45.684000+00:00,12.2944,-86.8524,164.386,4.68,mw,38.0,131.0,1.849,0.87,us,us6000sqhh,2026-07-03T01:37:52.040Z,"16 km S of León, Nicaragua",earthquake,10.64,9.063,0.067,64.0,reviewed,us,us,2026-04-16,45464,Nicaragua,1
2026-05-30 11:06:11.537000+00:00,12.0373,-88.2192,10.0,5.11,mw,48.0,151.0,1.427,1.17,us,us7000spid,2026-06-05T12:08:54.040Z,"114 km SW of Jiquilillo, Nicaragua",earthquake,9.92,1.933,0.033,284.0,reviewed,us,us,2026-05-30,45445,Nicaragua,1
2026-06-22 05:56:47.669000+00:00,11.8882,-88.0646,10.0,4.77,mw,76.0,157.0,1.591,0.44,us,us7000sv3u,2026-07-14T08:01:28.040Z,"115 km SW of Jiquilillo, Nicaragua",earthquake,7.04,1.933,0.068,62.0,reviewed,us,us,2026-06-22,45552,Nicaragua,1
2026-06-26 11:57:25.458000+00:00,12.0312,-86.4565,120.479,5.2,mww,65.0,126.0,1.603,1.22,us,us6000t8ey,2026-06-27T03:53:04.377Z,"7 km NE of Villa El Carmen, Nicaragua",earthquake,9.23,6.819,0.065,23.0,reviewed,us,us,2026-06-26,45548,Nicaragua,1
2026-07-08 01:37:15.530000+00:00,12.4263,-87.9449,67.471,4.77,mw,35.0,148.0,1.1,1.08,us,us6000tauc,2026-07-08T01:51:32.040Z,"64 km WSW of Jiquilillo, Nicaragua",earthquake,7.42,10.826,0.048,123.0,reviewed,us,us,2026-07-08,45564,Nicaragua,1
